# Blender 5.0.0
# www.blender.org
mtllib CystalMug.mtl
o CystalMug_cell
v -0.148096 0.517290 -0.468784
v 0.127448 0.517290 -0.379254
v 0.297744 0.517290 -0.144862
v 0.297744 0.517290 0.144864
v -0.292778 0.517290 -0.445279
v -0.003417 0.517290 -0.445279
v 0.230682 0.517290 -0.275198
v 0.320099 0.517290 0.000001
v -0.148096 0.517290 -0.519441
v 0.012217 0.517290 -0.493396
v 0.157222 0.517290 -0.420235
v 0.271610 0.517290 -0.304935
v 0.345920 0.271144 -0.160515
v 0.345920 0.517290 -0.160515
v 0.370690 0.244746 0.000001
v 0.370690 0.517290 0.000001
v 0.345920 0.517290 0.160517
v 0.345920 0.394217 0.160517
v 0.370690 0.420615 0.000001
v 0.345920 0.394217 -0.160515
v 0.358940 0.376648 0.076155
v 0.358940 0.376648 -0.076153
v 0.358938 0.288714 -0.076153
v 0.358938 0.332682 -0.083768
v 0.345920 0.332681 -0.160515
v 0.358938 0.332682 0.083770
v 0.372876 0.269858 0.001048
v 0.362234 0.304609 0.055637
v 0.372876 0.395505 -0.001046
v 0.362234 0.360754 -0.055635
v 0.362395 0.362559 0.054382
v 0.363505 0.333882 0.063078
v 0.362395 0.302802 -0.054380
v 0.363505 0.331479 -0.063076
v 0.429217 0.300681 0.055563
v 0.435075 0.266119 0.000857
v 0.429337 0.299180 -0.054536
v 0.432706 0.327698 -0.063126
v 0.434076 0.356778 -0.055566
v 0.445824 0.390910 -0.000857
v 0.434275 0.358251 0.054539
v 0.432757 0.329674 0.063126
v 0.482788 0.278954 -0.054693
v 0.495558 0.304532 -0.063177
v 0.506832 0.330955 -0.055498
v 0.528073 0.360032 -0.000669
v 0.507265 0.332041 0.054696
v 0.547275 0.253303 -0.063228
v 0.568948 0.272157 -0.055432
v -0.260018 0.409326 -0.450601
v -0.271575 0.429573 -0.499380
v -0.276451 0.440192 -0.498588
v -0.251860 0.391560 -0.451927
v -0.286860 0.468719 -0.446241
v -0.306519 0.506723 -0.493703
v -0.148098 0.376823 -0.519441
v -0.148097 0.347232 -0.468784
v -0.003417 0.257962 -0.445279
v 0.012217 0.277907 -0.493396
v 0.157223 0.159461 -0.420235
v 0.127448 0.151068 -0.379254
v 0.160224 0.114657 -0.346217
v 0.203428 0.108131 -0.373661
v 0.173826 0.099576 -0.332506
v 0.215361 0.094901 -0.361632
v 0.263697 0.455818 0.312912
v 0.265853 0.479063 0.310739
v 0.226319 0.416948 0.279597
v 0.229230 0.448332 0.276663
v 0.269509 0.517290 0.307054
v 0.234244 0.517290 0.268276
v 0.230682 0.463517 0.275199
v -0.292778 0.481963 -0.445279
v -0.308285 0.517290 -0.437455
v -0.311191 0.517290 -0.491994
v 0.219816 0.079659 -0.286151
v 0.255707 0.077428 -0.320965
v 0.230682 0.075016 -0.275198
v 0.273043 0.049597 -0.192868
v 0.317230 0.043258 -0.216274
v 0.271610 0.070632 -0.304935
v 0.322566 0.047374 -0.205903
v 0.319484 0.042035 -0.211894
v 0.278970 0.054168 -0.181350
v 0.275546 0.048238 -0.188003
v 0.298621 0.323522 0.139180
v 0.297744 0.089904 -0.144862
v 0.359098 0.289484 0.075161
v 0.346720 0.351552 0.155335
v 0.348646 0.341888 0.142852
v 0.350964 0.332681 0.130780
v 0.355033 0.314223 0.106792
v 0.360144 0.284203 0.068341
v 0.320099 0.215772 0.000001
v 0.345920 0.091827 -0.160515
v 0.441301 0.286820 0.041216
v 0.437627 0.297470 0.055551
v 0.370690 0.231295 0.000001
v 0.453964 0.257476 0.000767
v 0.477061 0.254508 -0.011472
v 0.501924 0.319782 0.058696
v 0.513079 0.320920 0.055915
v 0.518294 0.321541 0.054723
v 0.473097 0.314601 0.063156
v 0.524074 0.234737 -0.053097
v 0.555382 0.236011 -0.063239
v 0.591048 0.294391 -0.005498
v 0.591383 0.298597 -0.000503
v 0.590675 0.285362 -0.016350
v 0.582234 0.258555 -0.045827
v 0.579711 0.249904 -0.055415
v 0.519424 0.236800 -0.048849
v 0.230682 0.414664 0.275199
v 0.271610 0.451677 0.304936
v 0.345920 0.355572 0.160517
v 0.297744 0.327931 0.144864
v -0.260018 0.409326 -0.450601
v -0.251860 0.391560 -0.451927
v -0.271575 0.429573 -0.499380
v -0.276451 0.440192 -0.498588
v -0.306519 0.506723 -0.493703
v -0.286860 0.468719 -0.446241
v 0.012217 0.277907 -0.493396
v 0.157223 0.159461 -0.420235
v 0.203428 0.108131 -0.373661
v 0.127448 0.151068 -0.379254
v 0.160224 0.114657 -0.346217
v -0.003417 0.257962 -0.445279
v 0.482788 0.278954 -0.054693
v 0.524074 0.234737 -0.053097
v 0.524074 0.234737 -0.053097
v -0.148097 0.347232 -0.468784
v -0.148098 0.376823 -0.519441
v 0.173826 0.099576 -0.332506
v 0.215361 0.094901 -0.361632
v 0.226319 0.416948 0.279597
v 0.229230 0.448332 0.276663
v 0.263697 0.455818 0.312912
v 0.265853 0.479063 0.310739
v 0.230682 0.463517 0.275199
v 0.269509 0.517290 0.307054
v 0.269509 0.517290 0.307054
v 0.234244 0.517290 0.268276
v 0.234244 0.517290 0.268276
v -0.308285 0.517290 -0.437455
v -0.308285 0.517290 -0.437455
v -0.311191 0.517290 -0.491994
v -0.311191 0.517290 -0.491994
v -0.292778 0.481963 -0.445279
v 0.219816 0.079659 -0.286151
v 0.255707 0.077428 -0.320965
v 0.230682 0.075016 -0.275198
v 0.273043 0.049597 -0.192868
v 0.271610 0.070632 -0.304935
v 0.317230 0.043258 -0.216274
v 0.322566 0.047374 -0.205903
v 0.319484 0.042035 -0.211894
v 0.278970 0.054168 -0.181350
v 0.275546 0.048238 -0.188003
v 0.346720 0.351552 0.155335
v 0.348646 0.341888 0.142852
v -0.148096 0.517290 -0.519441
v 0.298621 0.323522 0.139180
v 0.320099 0.215772 0.000001
v 0.555382 0.236011 -0.063239
v 0.555382 0.236011 -0.063239
v 0.297744 0.089904 -0.144862
v 0.345920 0.091827 -0.160515
v 0.370690 0.231295 0.000001
v 0.360144 0.284203 0.068341
v 0.350964 0.332681 0.130780
v 0.355033 0.314223 0.106792
v 0.441301 0.286820 0.041216
v 0.437627 0.297470 0.055551
v 0.437627 0.297470 0.055551
v 0.453964 0.257476 0.000767
v 0.453964 0.257476 0.000767
v 0.477061 0.254508 -0.011472
v 0.519424 0.236800 -0.048849
v 0.579711 0.249904 -0.055415
v 0.579711 0.249904 -0.055415
v 0.582234 0.258555 -0.045827
v 0.590675 0.285362 -0.016350
v 0.591048 0.294391 -0.005498
v 0.591383 0.298597 -0.000503
v 0.591383 0.298597 -0.000503
v 0.518294 0.321541 0.054723
v 0.518294 0.321541 0.054723
v 0.513079 0.320920 0.055915
v 0.501924 0.319782 0.058696
v 0.473097 0.314601 0.063156
v 0.473097 0.314601 0.063156
v 0.297744 0.327931 0.144864
v 0.345920 0.355572 0.160517
v 0.271610 0.451677 0.304936
v 0.230682 0.414664 0.275199
v 0.345920 0.517290 0.160517
v 0.012217 0.517290 -0.493396
v 0.157222 0.517290 -0.420235
v 0.271610 0.517290 -0.304935
v 0.345920 0.517290 -0.160515
v -0.292778 0.517290 -0.445279
v -0.148096 0.517290 -0.468784
v -0.003417 0.517290 -0.445279
v 0.127448 0.517290 -0.379254
v 0.230682 0.517290 -0.275198
v 0.297744 0.517290 -0.144862
v 0.359098 0.289484 0.075161
v 0.297744 0.517290 0.144864
v 0.370690 0.517290 0.000001
v 0.320099 0.517290 0.000001
v 0.429217 0.300681 0.055563
v 0.435075 0.266119 0.000857
v 0.429337 0.299180 -0.054536
v 0.432706 0.327698 -0.063126
v 0.434076 0.356778 -0.055566
v 0.445824 0.390910 -0.000857
v 0.434275 0.358251 0.054539
v 0.432757 0.329674 0.063126
v 0.495558 0.304532 -0.063177
v 0.506832 0.330955 -0.055498
v 0.528073 0.360032 -0.000669
v 0.507265 0.332041 0.054696
v 0.547275 0.253303 -0.063228
v 0.568948 0.272157 -0.055432
vn -0.9069 -0.4195 0.0407
vn -0.9091 -0.4141 0.0449
vn -0.4110 -0.7872 -0.4598
vn -0.4106 -0.7878 -0.4591
vn -0.7318 0.1304 0.6689
vn -0.7331 0.1344 0.6667
vn -0.9106 -0.4105 0.0485
vn -0.2333 -0.9558 -0.1792
vn -0.2308 -0.9568 -0.1766
vn 0.2096 -0.7811 0.5882
vn 0.2307 -0.7518 0.6177
vn 0.2302 -0.7514 0.6184
vn -0.2205 -0.9629 -0.1554
vn 0.3090 -0.0000 -0.9511
vn 0.5878 -0.0000 -0.8090
vn 0.6399 -0.0000 -0.7684
vn 0.3620 -0.0000 -0.9322
vn 0.9865 -0.0186 -0.1630
vn 0.9999 -0.0125 -0.0013
vn 0.9978 -0.0000 -0.0656
vn 0.9258 -0.0000 -0.3780
vn 0.9507 -0.0025 -0.3102
vn 0.0466 0.0017 -0.9989
vn -0.1607 0.0047 -0.9870
vn -0.0002 0.0024 -1.0000
vn -0.5878 -0.0000 0.8090
vn -0.6399 -0.0000 0.7684
vn -0.7099 -0.0000 0.7043
vn -0.8250 -0.0000 0.5651
vn -0.8090 -0.0000 0.5878
vn 0.9665 0.0091 0.2567
vn 0.9504 0.0045 0.3110
vn 0.9508 0.0020 0.3098
vn 0.8734 0.0035 0.4870
vn 0.8342 0.0026 0.5514
vn 0.9999 0.0125 0.0013
vn 0.9863 0.0192 -0.1638
vn 0.9507 0.0025 -0.3102
vn 0.9511 -0.0000 -0.3090
vn 1.0000 -0.0000 -0.0000
vn 0.7099 -0.0000 0.7043
vn 0.9810 -0.0383 0.1904
vn 0.9865 0.0186 0.1630
vn -0.0000 1.0000 -0.0000
vn 0.2033 -0.0000 0.9791
vn 0.3090 -0.0000 0.9511
vn 0.4504 -0.0000 0.8928
vn -0.0467 -0.0000 0.9989
vn -0.0000 -0.0000 1.0000
vn 0.1604 -0.0000 0.9871
vn -0.3620 -0.0000 0.9322
vn -0.3090 -0.0000 0.9511
vn -0.9978 -0.0000 0.0656
vn -1.0000 -0.0000 -0.0000
vn -0.9511 -0.0000 0.3090
vn -0.9258 -0.0000 0.3780
vn 0.8090 -0.0000 -0.5878
vn 0.9501 -0.0000 -0.3118
vn 0.8892 -0.0000 -0.4575
vn 0.8250 -0.0000 -0.5651
vn -0.8892 -0.0000 0.4575
vn -0.9883 -0.0000 -0.1525
vn -0.9677 -0.0000 -0.2523
vn -0.9511 -0.0000 -0.3090
vn -0.8832 -0.0000 -0.4691
vn -0.8892 -0.0000 -0.4575
vn -0.8325 -0.0000 -0.5540
vn -0.7099 -0.0000 -0.7043
vn 0.9867 0.0005 -0.1628
vn 0.9875 0.0060 0.1578
vn 0.9867 -0.0015 0.1622
vn 0.9873 0.0114 0.1583
vn 0.7099 -0.0000 -0.7043
vn 0.9838 -0.0386 0.1751
vn 0.9877 -0.0146 0.1558
vn 0.7791 -0.6267 0.0161
vn 0.7373 -0.3416 0.5828
vn 0.8161 0.5778 -0.0147
vn 0.7576 0.3373 -0.5589
vn 0.7575 0.3521 0.5497
vn 0.6957 0.0204 0.7181
vn 0.7364 -0.3580 -0.5741
vn 0.6949 -0.0087 -0.7190
vn -0.2283 -0.8331 0.5039
vn -0.1864 -0.8388 0.5115
vn -0.1767 -0.8491 -0.4978
vn -0.2126 -0.8430 -0.4940
vn -0.0576 -0.2804 -0.9581
vn -0.0622 -0.2795 -0.9581
vn 0.0474 0.2473 -0.9678
vn 0.0546 0.2469 -0.9675
vn 0.1768 0.8194 -0.5452
vn 0.1660 0.8218 -0.5451
vn 0.1683 0.8350 0.5238
vn 0.1789 0.8326 0.5242
vn 0.0614 0.2823 0.9574
vn 0.0536 0.2835 0.9575
vn -0.0547 -0.2446 0.9681
vn -0.0505 -0.2450 0.9682
vn -0.3607 -0.8039 0.4729
vn -0.4799 -0.7432 -0.4663
vn -0.4500 -0.7598 -0.4693
vn -0.3352 -0.8132 -0.4758
vn -0.1554 -0.2504 -0.9556
vn -0.1634 -0.2471 -0.9551
vn 0.1329 0.2221 -0.9659
vn 0.1423 0.2171 -0.9657
vn 0.4471 0.7063 -0.5489
vn 0.4393 0.7111 -0.5490
vn 0.4444 0.7190 0.5343
vn 0.4522 0.7141 0.5345
vn 0.1344 0.2568 0.9571
vn 0.1489 0.2486 0.9571
vn 0.0994 0.2763 0.9559
vn -0.0908 -0.2410 0.9663
vn -0.6485 -0.6240 -0.4360
vn -0.2564 -0.1847 -0.9488
vn -0.2384 -0.2026 -0.9498
vn 0.2141 0.1572 -0.9641
vn 0.2173 0.1528 -0.9641
vn 0.6772 0.4931 -0.5461
vn 0.5837 0.6073 -0.5390
vn 0.6149 0.5723 -0.5425
vn 0.5896 0.6108 0.5285
vn 0.2087 0.2137 0.9544
vn -0.3000 -0.1400 -0.9436
vn 0.2441 0.1163 -0.9627
vn 0.7600 0.3606 -0.5406
vt 0.711396 0.711396
vt 1.000000 0.769976
vt 1.000000 0.862519
vt 0.827507 0.827507
vt 0.862519 0.862519
vt 0.769976 0.769976
vt 0.762193 0.000000
vt 0.853801 0.000000
vt 0.654069 0.466935
vt 0.513129 0.146984
vt 0.480103 0.000000
vt 0.547254 0.000000
vt 0.570681 0.104263
vt 0.697878 0.393010
vt 0.863787 0.616431
vt 1.000000 0.711396
vt 1.000000 0.827507
vt 0.837907 0.714500
vt 0.547254 0.547254
vt 0.480103 0.480103
vt 0.487049 0.000000
vt 0.555171 0.000000
vt 0.672906 0.000000
vt 0.757728 0.000000
vt 1.000000 0.211859
vt 1.000000 0.286033
vt 0.286033 0.286033
vt 0.211859 0.211859
vt 0.179722 0.119709
vt 0.230328 0.119802
vt 0.273266 0.249426
vt 0.929348 0.120769
vt 1.000000 0.146199
vt 1.000000 0.237807
vt 0.917048 0.205931
vt 0.670848 0.120916
vt 0.485408 0.485408
vt 1.000000 0.444829
vt 1.000000 0.512951
vt 0.548550 0.548550
vt 0.574217 0.000000
vt 0.936850 0.418643
vt 1.000000 0.485408
vt 1.000000 0.548550
vt 0.907579 0.450838
vt 0.517057 0.000000
vt 1.000000 0.501011
vt 1.000000 0.556396
vt 0.411234 0.000000
vt 0.469842 0.000000
vt 1.000000 0.470134
vt 1.000000 0.531262
vt 0.793137 0.504041
vt 0.599046 0.532521
vt 0.556396 0.556396
vt 0.501011 0.501011
vt 0.554062 0.471312
vt 0.769126 0.439754
vt 0.870700 0.453121
vt 0.882753 0.454649
vt 0.927459 0.459595
vt 0.963288 0.464754
vt 0.981446 0.467693
vt 0.793852 0.350008
vt 0.730685 0.333937
vt 0.702429 0.304594
vt 0.629507 0.250782
vt 0.618113 0.243003
vt 0.592106 0.205098
vt 0.591616 0.174179
vt 0.603967 0.170968
vt 0.641613 0.160226
vt 0.656771 0.159747
vt 0.663670 0.159319
vt 0.776398 0.252166
vt 0.780556 0.258792
vt 0.789781 0.272965
vt 0.809765 0.309593
vt 0.815853 0.354668
vt 0.531262 0.531262
vt 0.470134 0.470134
vt 0.483621 0.461354
vt 0.965612 0.251331
vt 1.000000 0.242272
vt 1.000000 0.327094
vt 0.981039 0.332088
vt 0.546055 0.521630
vt 0.411234 0.411234
vt 1.000000 0.425783
vt 1.000000 0.482943
vt 0.469842 0.469842
vt 0.696352 0.001744
vt 0.738336 0.001744
vt 0.738336 0.105348
vt 0.696352 0.071054
vt 0.888459 0.235109
vt 0.866410 0.222379
vt 0.866410 0.218485
vt 0.912884 0.178104
vt 0.912884 0.230022
vt 0.649936 0.042414
vt 0.614185 0.027141
vt 0.612773 0.024066
vt 0.603520 0.003577
vt 0.603520 0.001744
vt 0.649936 0.001744
vt 0.204017 0.591594
vt 0.204017 0.485561
vt 0.213582 0.475019
vt 0.217552 0.470652
vt 0.230974 0.464886
vt 0.234145 0.463541
vt 0.234145 0.591594
vt 0.819935 0.254466
vt 0.819935 0.265655
vt 0.819935 0.301289
vt 0.778121 0.301289
vt 0.778121 0.282292
vt 0.866410 0.273299
vt 0.888459 0.260569
vt 0.912884 0.265655
vt 0.912884 0.301289
vt 0.866410 0.301289
vt 0.777508 0.301289
vt 0.776441 0.290221
vt 0.775812 0.283491
vt 0.846623 0.233803
vt 0.844361 0.260569
vt 0.110308 0.281063
vt 0.152198 0.302534
vt 0.194088 0.281063
vt 0.231977 0.261946
vt 0.261866 0.231818
vt 0.281283 0.194082
vt 0.287756 0.152139
vt 0.281283 0.110197
vt 0.262897 0.074465
vt 0.273716 0.095491
vt 0.295232 0.105665
vt 0.302404 0.152139
vt 0.295232 0.198614
vt 0.273717 0.240428
vt 0.240598 0.273811
vt 0.198614 0.294994
vt 0.152198 0.287868
vt 0.104977 0.278373
vt 0.105818 0.278798
vt 0.467655 0.580120
vt 0.467655 0.590348
vt 0.463165 0.590348
vt 0.509545 0.541111
vt 0.509545 0.590348
vt 0.467655 0.580120
vt 0.469369 0.576285
vt 0.477140 0.559089
vt 0.479502 0.553946
vt 0.551434 0.515265
vt 0.551434 0.590348
vt 0.509545 0.541111
vt 0.313823 0.504295
vt 0.313823 0.591594
vt 0.271881 0.591594
vt 0.271881 0.467852
vt 0.954698 0.301289
vt 0.912884 0.247839
vt 0.912884 0.178104
vt 0.926025 0.165233
vt 0.927760 0.163687
vt 0.929028 0.164042
vt 0.954698 0.171967
vt 0.234145 0.463541
vt 0.257982 0.456182
vt 0.259390 0.455788
vt 0.261317 0.457505
vt 0.271881 0.467852
vt 0.354120 0.535492
vt 0.355766 0.536769
vt 0.355766 0.591594
vt 0.393502 0.576025
vt 0.391498 0.591594
vt 0.393502 0.561881
vt 0.393926 0.571628
vt 0.394775 0.562542
vt 0.890664 0.247839
vt 0.696352 0.071054
vt 0.649936 0.042414
vt 0.828545 0.247839
vt 0.842156 0.247839
vt 0.819935 0.254466
vt 0.821435 0.253304
vt 0.825050 0.250514
vt 0.589324 0.484315
vt 0.589324 0.590348
vt 0.551434 0.515264
vt 0.988082 0.197686
vt 0.988082 0.301289
vt 0.954698 0.171967
vt 0.959339 0.173935
vt 0.971114 0.178994
vt 0.974597 0.182824
vt 0.844271 0.235628
vt 0.835491 0.242480
vt 0.866107 0.229649
vt 0.850301 0.239711
vt 0.845229 0.234887
vt 0.866713 0.266028
vt 0.882518 0.255967
vt 0.850665 0.256490
vt 0.848147 0.248187
vt 0.882155 0.239188
vt 0.884673 0.247491
vt 0.844649 0.235332
vt 0.815661 0.629287
vt 0.799856 0.626206
vt 0.799800 0.608197
vt 0.815640 0.609893
vt 0.783808 0.629240
vt 0.783762 0.609858
vt 0.553807 0.621180
vt 0.554129 0.612877
vt 0.574165 0.613972
vt 0.573189 0.622228
vt 0.553761 0.604401
vt 0.574561 0.605552
vt 0.556842 0.594340
vt 0.577962 0.595670
vt 0.652320 0.809290
vt 0.649286 0.799751
vt 0.670097 0.798504
vt 0.673441 0.807960
vt 0.649607 0.791448
vt 0.669658 0.790230
vt 0.649239 0.782973
vt 0.668633 0.781835
vt 0.799774 0.602728
vt 0.810817 0.606119
vt 0.815637 0.607458
vt 0.783717 0.594382
vt 0.796231 0.596040
vt 0.592362 0.620679
vt 0.588665 0.628084
vt 0.595626 0.613028
vt 0.601777 0.604610
vt 0.691230 0.790915
vt 0.697255 0.799020
vt 0.689684 0.787366
vt 0.681337 0.785866
vt 0.671068 0.780905
vt 0.681337 0.785866
vt 0.746880 0.729482
vt 0.757570 0.734714
vt 0.745056 0.741792
vt 0.745518 0.728989
vt 0.607336 0.635512
vt 0.600816 0.640670
vt 0.613611 0.630053
vt 0.620107 0.622397
vt 0.620051 0.623653
vt 0.619902 0.626229
vt 0.694423 0.787875
vt 0.715586 0.781232
vt 0.689684 0.787366
vt 0.692993 0.788069
vt 0.609683 0.640518
vt 0.616727 0.636496
vt 0.609683 0.640518
vt 0.616727 0.636496
vt 0.617500 0.634021
s 0
usemtl lambert2SG
f 118/1/1 117/2/1 120/3/1 119/4/1
f 120/5/2 117/6/2 122/7/2 121/8/2
f 123/9/3 124/10/3 125/11/3 127/12/3 126/13/3 128/14/3 132/15/3 118/16/3 119/17/3 133/18/3
f 127/19/4 125/20/4 135/21/4 134/22/4
f 136/23/5 138/24/5 139/25/5 137/26/5
f 137/27/6 139/28/6 141/29/6 143/30/6 140/31/6
f 147/32/7 121/33/7 122/34/7 149/35/7 145/36/7
f 150/37/8 134/38/8 135/39/8 151/40/8
f 153/41/9 152/42/9 150/43/9 151/44/9 154/45/9 155/46/9
f 156/47/10 158/48/10 159/49/10 157/50/10
f 160/51/11 163/52/11 164/53/11 167/54/11 158/55/11 156/56/11 168/57/11 169/58/11 170/59/11 208/60/11 172/61/11 171/62/11 161/63/11
f 173/64/11 176/65/11 178/66/11 179/67/11 105/68/11 165/69/11 180/70/11 182/71/11 183/72/11 184/73/11 185/74/11 187/75/11 189/76/11 190/77/11 191/78/11 174/79/11
f 163/80/12 160/81/12 194/82/12 195/83/12 138/84/12 136/85/12 196/86/12 193/87/12
f 159/88/13 153/89/13 155/90/13 157/91/13
s 1
f 10/92/14 199/93/15 60/94/16 59/95/17
f 23/96/18 15/97/19 98/98/20 95/99/21 13/100/22
f 56/101/23 51/102/24 52/103/24 55/104/24 148/105/24 162/106/25
f 2/107/26 61/108/27 62/109/28 64/110/28 76/111/28 78/112/29 206/113/30
f 115/114/31 18/115/32 197/116/33 142/117/34 114/118/35
f 19/119/36 22/120/37 20/121/38 201/122/39 210/123/40
f 114/118/35 142/124/34 67/125/41 66/126/41
f 98/98/20 15/97/19 93/127/42
f 18/115/32 21/128/43 19/119/36 210/123/40 197/116/33
f 5/129/44 1/130/44 204/131/44 205/132/44 7/133/44 207/134/44 8/135/44 209/136/44 144/137/44 70/138/44 17/139/44 16/140/44 14/141/44 200/142/44 11/143/44 198/144/44 9/145/44 75/146/44 146/147/44
f 73/148/45 202/149/46 74/150/47
f 57/151/48 203/152/49 202/149/46 73/153/45 54/154/50 50/155/50 53/156/50
f 58/157/51 6/158/52 203/152/49 57/159/48
f 94/160/53 211/161/54 3/162/55 87/163/56
f 12/164/57 201/122/39 20/121/38 25/165/58 13/100/22 95/166/21 82/167/59 83/168/59 80/169/59 81/170/60
f 206/113/30 78/171/29 79/172/61 85/173/61 84/174/61 87/175/56 3/162/55
f 211/161/54 94/160/53 86/176/62 116/177/63 4/178/64
f 72/179/65 71/180/66 4/178/64 116/177/63 113/181/67
f 69/182/68 72/179/65 113/181/67 68/183/68
f 22/120/37 24/184/69 25/165/58 20/121/38
f 59/185/17 56/186/23 162/106/25 10/92/14
f 91/187/70 26/188/71 21/128/43 18/115/32 115/189/31 89/190/72 90/191/72
f 61/192/27 2/193/26 6/158/52 58/194/51
f 60/195/16 199/196/15 12/164/57 81/197/60 77/198/73 65/199/73 63/200/73
f 25/165/58 24/184/69 23/96/18 13/100/22
f 88/201/74 26/188/71 91/187/70 92/202/75
f 27/203/76 28/204/77 88/205/74 93/127/42 15/97/19
f 22/120/37 19/119/36 29/206/78 30/207/79
f 19/119/36 21/128/43 31/208/80 29/206/78
f 21/128/43 26/188/71 32/209/81 31/208/80
f 15/97/19 23/96/18 33/210/82 27/203/76
f 24/184/69 22/120/37 30/207/79 34/211/83
f 23/96/18 24/184/69 34/211/83 33/210/82
f 88/212/74 28/204/77 32/209/81 26/188/71
f 28/213/77 27/214/76 213/215/84 212/216/85
f 27/214/76 33/217/82 214/218/86 36/215/87
f 33/219/82 34/220/83 215/221/88 37/222/89
f 34/220/83 30/223/79 216/224/90 38/221/91
f 30/223/79 29/225/78 217/226/92 39/224/93
f 29/227/78 31/228/80 218/229/94 40/230/95
f 31/228/80 32/231/81 219/232/96 41/229/97
f 32/231/81 28/233/77 35/234/98 42/232/99
f 212/216/85 213/215/84 177/235/100 96/236/100 175/237/100
f 36/215/87 214/218/86 129/238/101 100/239/102 99/235/103
f 37/222/89 215/221/88 220/240/104 43/241/105
f 38/221/91 216/224/90 221/242/106 44/240/107
f 39/224/93 217/226/92 222/243/108 45/242/109
f 40/230/95 218/229/94 223/244/110 46/245/111
f 101/246/112 47/244/113 41/229/97 219/232/96 192/247/114
f 42/232/99 35/234/98 97/248/115 104/249/115
f 112/250/116 100/251/102 129/252/101 131/253/116
f 43/241/105 220/240/104 224/254/117 130/255/118
f 44/240/107 221/242/106 225/256/119 48/254/120
f 49/256/121 45/242/109 222/243/108 186/257/122 107/258/122 109/259/123
f 46/245/111 223/244/110 188/260/124 108/261/124
f 47/244/113 101/262/112 102/263/125 103/260/125
f 130/255/118 224/254/117 166/264/126
f 48/254/120 225/256/119 181/265/127 106/266/127
f 111/267/128 49/256/121 109/259/123 110/268/128
o CystalMug_cell.001
v 0.345920 0.271144 0.160517
v 0.345920 0.332681 0.160517
v 0.315158 -0.008816 -0.032015
v 0.365377 -0.023352 -0.034433
v 0.297744 0.018743 0.144863
v 0.370690 -0.020451 0.000001
v 0.320099 -0.006125 0.000001
v 0.345920 0.007104 0.160517
v 0.204383 0.074336 0.372699
v 0.173568 0.077952 0.332768
v 0.271610 0.046627 0.304936
v 0.230682 0.054412 0.275199
v 0.225838 0.413987 0.280081
v 0.263301 0.453116 0.313311
v 0.320354 0.040686 -0.210203
v 0.276436 0.046912 -0.186274
v 0.312907 -0.009909 -0.046599
v 0.362908 -0.024576 -0.050432
v 0.230682 0.412624 0.275199
v 0.271610 0.449644 0.304936
v 0.297744 0.087516 -0.144862
v 0.297744 0.325933 0.144864
v 0.320099 0.213579 0.000001
v 0.345920 0.353586 0.160517
v 0.348408 0.341083 0.144396
v 0.350520 0.332681 0.133400
v 0.345920 0.089407 -0.160515
v 0.370690 0.229091 0.000001
v 0.358850 0.288596 0.076723
v 0.354812 0.313176 0.108097
v 0.297744 0.026726 -0.144862
v 0.345920 0.016466 -0.160515
v 0.225838 0.413987 0.280081
v 0.230682 0.412624 0.275199
v 0.297744 0.018743 0.144863
v 0.320099 -0.006125 0.000001
v 0.365377 -0.023352 -0.034433
v 0.370690 -0.020451 0.000001
v 0.345920 0.007104 0.160517
v 0.230682 0.054412 0.275199
v 0.271610 0.046627 0.304936
v 0.204383 0.074336 0.372699
v 0.173568 0.077952 0.332768
v 0.263301 0.453116 0.313311
v 0.315158 -0.008816 -0.032015
v 0.312907 -0.009909 -0.046599
v 0.320354 0.040686 -0.210203
v 0.345920 0.089407 -0.160515
v 0.276436 0.046912 -0.186274
v 0.297744 0.087516 -0.144862
v 0.271610 0.449644 0.304936
v 0.320099 0.213579 0.000001
v 0.297744 0.325933 0.144864
v 0.345920 0.353586 0.160517
v 0.348408 0.341083 0.144396
v 0.350520 0.332681 0.133400
v 0.354812 0.313176 0.108097
v 0.358850 0.288596 0.076723
v 0.370690 0.229091 0.000001
v 0.362908 -0.024576 -0.050432
v 0.297744 0.026726 -0.144862
v 0.345920 0.016466 -0.160515
vn -0.9294 -0.0000 -0.3690
vn -0.9977 -0.0000 -0.0681
vn -0.9999 -0.0000 0.0127
vn -0.9575 -0.0000 -0.2885
vn -0.7638 0.2143 0.6088
vn -0.2713 -0.9557 0.1143
vn -0.2897 -0.9106 -0.2948
vn -0.2704 -0.9550 0.1222
vn -0.8240 -0.0000 -0.5666
vn -0.7848 -0.0000 -0.6198
vn 0.8240 -0.0000 0.5666
vn 0.7826 -0.0000 0.6226
vn 0.7099 -0.0000 0.7043
vn 0.8892 -0.0000 -0.4575
vn 0.9713 -0.0000 -0.2380
vn 0.9627 -0.0000 -0.2706
vn 0.9977 -0.0000 0.0681
vn 0.9999 -0.0000 -0.0127
vn 0.9883 -0.0000 -0.1525
vn 0.9575 -0.0000 0.2885
vn 0.9506 -0.0023 0.3104
vn 0.9501 0.0003 0.3120
vn 0.9287 0.0036 0.3707
vn -0.2314 0.7518 -0.6175
vn -0.9713 -0.0000 0.2380
vn -0.8892 -0.0000 0.4575
vn -0.9627 -0.0000 0.2706
vn 0.9880 -0.0029 0.1543
vn 0.9873 -0.0059 0.1590
vn 0.9873 0.0117 0.1585
vn -0.7099 -0.0000 -0.7043
vn 0.9872 -0.0104 0.1591
vn -0.9883 -0.0000 0.1525
vt 0.355766 0.536190
vt 0.313823 0.503660
vt 0.313823 0.440048
vt 0.355766 0.447249
vt 0.357137 0.357137
vt 1.000000 0.248444
vt 1.000000 0.333256
vt 0.429684 0.429684
vt 1.000000 0.449744
vt 1.000000 0.513308
vt 0.457693 0.000000
vt 0.524848 0.000000
vt 0.524848 0.524848
vt 0.457693 0.457693
vt 0.437340 0.152103
vt 0.408728 0.000000
vt 0.467715 0.000000
vt 0.502046 0.182500
vt 0.769580 0.472088
vt 0.668224 0.480519
vt 1.000000 0.357137
vt 1.000000 0.429684
vt 0.718138 0.534503
vt 0.797603 0.533431
vt 0.549584 0.504973
vt 0.510542 0.510542
vt 0.447321 0.447321
vt 0.494760 0.440554
vt 0.393502 0.457576
vt 0.393502 0.561290
vt 0.778121 0.165017
vt 0.778121 0.281703
vt 0.775696 0.282708
vt 0.758501 0.173040
vt 0.927270 0.163297
vt 0.912884 0.177403
vt 0.912884 0.156284
vt 0.866410 0.217846
vt 0.866410 0.145596
vt 0.877312 0.144679
vt 0.881012 0.144401
vt 0.912884 0.156284
vt 0.819935 0.153574
vt 0.819935 0.230022
vt 0.819935 0.247839
vt 0.819935 0.253891
vt 0.909485 0.434197
vt 0.532285 0.000000
vt 0.591272 0.000000
vt 0.926982 0.503474
vt 0.682892 0.367670
vt 0.477574 0.306057
vt 0.333561 0.328529
vt 0.331461 0.331461
vt 0.247106 0.247106
vt 0.251942 0.240351
vt 0.411517 0.215448
vt 0.434365 0.222304
vt 0.449591 0.226293
vt 0.485117 0.236412
vt 0.530281 0.251088
vt 0.639021 0.283720
vt 0.271881 0.467161
vt 0.259891 0.455404
vt 0.271881 0.449560
vt 0.844197 0.235075
vt 0.819935 0.153574
vt 0.866410 0.145596
vt 0.819935 0.253891
vt 0.827786 0.247839
vt 0.824603 0.250280
vt 0.410170 0.464391
vt 0.394382 0.561746
vt 0.844197 0.235075
vt 0.835114 0.242176
vt 0.827786 0.247839
vt 0.305618 0.439357
vt 0.300331 0.438953
s 1
usemtl lambert2SG
f 278/269/129 248/270/130 261/271/131 260/272/132
s 0
f 267/273/133 269/274/133 258/275/133 268/276/133
f 262/277/134 270/278/134 271/279/134 285/280/134
f 285/281/135 271/282/135 286/283/135 274/284/135 272/285/135 287/286/135
f 264/287/136 266/288/136 267/289/136 268/290/136 265/291/136 230/292/136 232/293/136 270/294/136 262/295/136 263/296/136
s 1
f 278/269/129 260/272/132 237/297/137 244/298/138
f 236/299/139 276/300/140 239/301/141 234/302/141
f 240/303/142 273/304/143 257/305/144
f 253/306/145 231/307/146 229/308/147 243/309/147 257/310/144 273/304/143
f 276/300/140 236/299/139 233/311/148 226/312/149 227/313/150 279/314/151
s 0
f 252/315/152 272/316/152 274/317/152 275/318/152 277/319/152 247/320/152 259/321/152 258/322/152 269/323/152 245/324/152 249/325/152 280/326/152 281/327/152 282/328/152 283/329/152 284/330/152
s 1
f 246/331/153 241/332/154 256/333/155
f 254/334/156 226/312/149 233/335/148 231/336/146 253/306/145
f 279/337/151 227/313/150 251/338/157 250/339/158
f 244/298/138 237/297/137 235/340/159 238/341/159
f 227/313/150 226/312/149 254/342/156 255/343/160 251/344/157
f 228/345/161 261/271/131 248/270/130 246/331/153 256/333/155 242/346/161
o CystalMug_cell.002
v -0.420717 -0.436522 -0.375228
v -0.286634 -0.467290 -0.426371
v -0.411940 -0.467290 -0.363149
v -0.291242 -0.436522 -0.440553
v -0.292778 -0.344218 -0.445279
v -0.430694 -0.517290 -0.388960
v -0.296480 -0.517290 -0.456675
v -0.450086 -0.449444 -0.415652
v -0.306666 -0.449413 -0.488021
v -0.496349 -0.517290 -0.256469
v -0.460109 -0.467290 -0.161793
v -0.502701 -0.517290 -0.316378
v -0.474745 -0.467290 -0.299844
v -0.462172 -0.436522 -0.333442
v -0.461899 -0.421364 -0.405892
v -0.474993 -0.449437 -0.390549
v -0.437142 -0.382865 -0.362726
v -0.423352 -0.353375 -0.378855
v -0.418840 -0.344218 -0.381677
v -0.419149 -0.333620 -0.437524
v -0.425113 -0.345581 -0.434515
v -0.451687 -0.399520 -0.417855
v -0.381066 -0.268470 -0.400735
v -0.328496 -0.163483 -0.427258
v -0.358529 -0.212557 -0.468109
v -0.399350 -0.517290 0.122902
v -0.389385 -0.467290 0.114816
v -0.369012 -0.467290 0.128203
v -0.389154 -0.517290 0.129602
v 0.066893 -0.517290 0.422889
v 0.048823 -0.467290 0.396916
v 0.052445 -0.462243 0.397797
v -0.355032 -0.226483 -0.469874
v -0.323587 -0.183032 -0.429735
v -0.307370 -0.407493 -0.490190
v -0.315212 -0.380631 -0.487851
v -0.291120 -0.449416 -0.490546
v -0.244592 -0.436522 -0.448131
v -0.257371 -0.403506 -0.447835
v -0.219190 -0.467290 -0.437328
v -0.235018 -0.517290 -0.466660
v 0.030339 -0.517290 -0.248789
v -0.096089 -0.467290 -0.336255
v -0.325496 -0.345579 -0.484774
v -0.292778 -0.307266 -0.445279
v -0.280430 -0.344218 -0.447285
v 0.138426 -0.517290 -0.159950
v 0.120055 -0.467290 -0.158601
v 0.166761 -0.517290 -0.032398
v 0.148446 -0.467290 -0.031266
v 0.140616 -0.517290 -0.150518
v 0.124436 -0.467290 -0.139739
v 0.059241 -0.467290 0.375625
v 0.069105 -0.517290 0.413033
v 0.055205 -0.467290 0.393696
v 0.059241 -0.467290 0.375625
v 0.055205 -0.467290 0.393696
v -0.496349 -0.517290 -0.256469
v -0.502701 -0.517290 -0.316378
v -0.474993 -0.449437 -0.390549
v -0.460109 -0.467290 -0.161793
v -0.474745 -0.467290 -0.299844
v -0.462172 -0.436522 -0.333442
v -0.437142 -0.382865 -0.362726
v -0.461899 -0.421364 -0.405892
v -0.451687 -0.399520 -0.417855
v -0.423352 -0.353375 -0.378855
v -0.418840 -0.344218 -0.381677
v -0.381066 -0.268470 -0.400735
v -0.419149 -0.333620 -0.437524
v -0.425113 -0.345581 -0.434515
v -0.328496 -0.163483 -0.427258
v -0.358529 -0.212557 -0.468109
v -0.389385 -0.467290 0.114816
v -0.399350 -0.517290 0.122902
v -0.389154 -0.517290 0.129602
v -0.369012 -0.467290 0.128203
v 0.166761 -0.517290 -0.032398
v 0.069105 -0.517290 0.413033
v 0.048823 -0.467290 0.396916
v 0.052445 -0.462243 0.397797
v 0.066893 -0.517290 0.422889
v -0.355032 -0.226483 -0.469874
v -0.323587 -0.183032 -0.429735
v 0.030339 -0.517290 -0.248789
v -0.235018 -0.517290 -0.466660
v -0.291120 -0.449416 -0.490546
v -0.307370 -0.407493 -0.490190
v -0.315212 -0.380631 -0.487851
v -0.244592 -0.436522 -0.448131
v -0.257371 -0.403506 -0.447835
v -0.219190 -0.467290 -0.437328
v -0.096089 -0.467290 -0.336255
v 0.138426 -0.517290 -0.159950
v 0.120055 -0.467290 -0.158601
v -0.280430 -0.344218 -0.447285
v -0.325496 -0.345579 -0.484774
v -0.292778 -0.307266 -0.445279
v 0.140616 -0.517290 -0.150518
v 0.148446 -0.467290 -0.031266
v 0.124436 -0.467290 -0.139739
vn -0.8815 0.4629 0.0927
vn -0.8812 0.4641 0.0904
vn -0.9435 0.2271 0.2412
vn -0.5334 0.2376 0.8118
vn 0.6131 0.2489 -0.7498
vn 0.6153 0.2448 -0.7493
vn 0.6154 0.2463 -0.7487
vn 0.9179 0.3408 -0.2032
vn 0.9211 0.3328 0.2019
vn 0.9194 0.3352 0.2058
vn 0.9153 0.3420 -0.2126
vn -0.6706 -0.3283 -0.6653
vn -0.5697 -0.2461 -0.7841
vn -0.3334 -0.8235 -0.4589
vn -0.1909 -0.9632 -0.1894
vn -0.2995 -0.2460 -0.9218
vn -0.1748 -0.8245 -0.5381
vn -0.0492 -0.9517 -0.3030
vn -0.1528 -0.3028 -0.9407
vn -0.8818 0.4622 0.0934
vn -0.5031 -0.0542 -0.8625
vn -0.4502 -0.0357 -0.8922
vn -0.4502 -0.0317 -0.8924
vn -0.4498 -0.0537 -0.8915
vn -0.4194 -0.0540 -0.9062
vn -0.4504 -0.0000 -0.8928
vn -0.7089 -0.0538 -0.7033
vn 0.1911 0.9631 0.1896
vn 0.3336 0.8233 0.4592
vn 0.5698 0.2454 0.7843
vn 0.6707 0.3276 0.6654
vn 0.1749 0.8243 0.5384
vn 0.2996 0.2453 0.9220
vn 0.1529 0.3021 0.9409
vn 0.0493 0.9517 0.3032
vn -0.4063 0.4320 -0.8052
vn -0.1337 0.9549 -0.2650
vn -0.1619 0.9331 -0.3210
vn 0.4504 -0.0000 0.8928
vn 0.4502 0.0353 0.8922
vn 0.3089 0.0268 0.9507
vn 0.4226 -0.0000 0.9063
vn -0.0000 1.0000 -0.0000
vn -0.5258 0.2347 0.8176
vn 0.5031 0.0536 0.8626
vn 0.1603 0.0324 0.9865
vn 0.1601 0.0531 0.9857
vn 0.7089 0.0531 0.7033
vn -0.0000 -1.0000 -0.0000
vt 0.760683 0.760683
vt 0.697519 0.697519
vt 0.794157 0.672104
vt 0.817721 0.663192
vt 1.000000 0.587466
vt 1.000000 0.677428
vt 0.971218 0.689385
vt 0.832314 0.741866
vt 0.677428 0.677428
vt 0.587466 0.587466
vt 0.652583 0.000000
vt 0.752518 0.000000
vt 0.426524 0.000000
vt 1.000000 0.573552
vt 1.000000 0.786631
vt 0.213473 0.000000
vt 0.082175 0.000000
vt 0.164188 0.000000
vt 0.426524 0.426524
vt 0.213473 0.213473
vt 0.767061 0.000000
vt 1.000000 0.247482
vt 1.000000 0.347416
vt 0.672999 0.000000
vt 0.214450 0.214450
vt 0.748539 0.214121
vt 0.807059 0.505296
vt 0.806168 0.685168
vt 0.800422 0.800422
vt 0.702338 0.702338
vt 0.703078 0.560682
vt 0.676610 0.428689
vt 0.428841 0.428841
vt 0.928054 0.000000
vt 1.000000 0.214450
vt 1.000000 0.428841
vt 0.856127 0.000000
vt 1.000000 0.702338
vt 1.000000 0.800422
vt 0.947851 0.795276
vt 0.767061 0.767061
vt 0.672999 0.672999
vt 0.861588 0.702432
vt 0.915562 0.704869
vt 1.000000 0.848854
vt 1.000000 0.924340
vt 0.075518 0.000000
vt 0.151016 0.000000
vt 0.848854 0.848854
vt 0.849250 0.000000
vt 0.924772 0.000000
vt 0.924340 0.924340
vt 1.000000 0.812450
vt 1.000000 0.910912
vt 0.925610 0.925610
vt 0.850930 0.850930
vt 0.951684 0.831024
vt 0.143873 0.000000
vt 0.151016 0.151016
vt 0.075518 0.075518
vt 0.071946 0.000000
vt 0.318716 0.021390
vt 0.311448 0.021388
vt 0.319177 0.001745
vt 0.340191 0.001745
vt 0.562500 0.281645
vt 0.604026 0.281636
vt 0.606975 0.301289
vt 0.568115 0.301289
vt 0.624770 0.301289
vt 0.608527 0.281637
vt 0.426448 0.000000
vt 0.605689 0.593446
vt 0.776128 0.647822
vt 1.000000 0.697519
vt 1.000000 0.760683
vt 0.882816 0.734649
vt 0.487514 0.274297
vt 0.213369 0.000000
vt 0.562037 0.267191
vt 0.569731 0.251574
vt 0.598573 0.251573
vt 0.601551 0.261722
vt 0.603822 0.269499
vt 0.571458 0.248111
vt 0.589009 0.213058
vt 0.590021 0.217091
vt 0.598573 0.251573
vt 0.608527 0.281637
vt 0.603822 0.269499
vt 0.318716 0.021390
vt 0.314274 0.029518
vt 0.310811 0.035843
vt 0.792081 0.305280
vt 0.810410 0.305280
vt 0.813907 0.314189
vt 0.801809 0.314189
vt 0.430612 0.314189
vt 0.433153 0.305280
vt 0.469434 0.305280
vt 0.468100 0.314189
vt 0.481606 0.314189
vt 0.488961 0.305280
vt 0.176165 0.590133
vt 0.176965 0.591594
vt 0.175117 0.591594
vt 0.442093 0.362845
vt 0.431156 0.340914
vt 0.467655 0.340914
vt 0.467655 0.351613
vt 0.458735 0.387582
vt 0.457313 0.393242
vt 0.346675 0.693427
vt 0.352573 0.694310
vt 0.473550 0.610630
vt 0.475398 0.611562
vt 0.476566 0.612151
vt 0.502394 0.725550
vt 0.495443 0.759026
vt 0.494174 0.758836
vt 0.431593 0.781931
vt 0.395951 0.781588
vt 0.376425 0.782250
vt 0.340144 0.793204
vt 0.321960 0.798694
vt 0.326197 0.760735
vt 0.173209 0.059050
vt 0.164188 0.164188
vt 0.082175 0.082175
vt 0.089088 0.000000
vt 0.187550 0.000000
vt 0.429850 0.338263
vt 0.467655 0.351613
vt 0.471230 0.340914
vt 0.481606 0.314189
vt 0.477907 0.323750
vt 0.810287 0.329724
vt 0.801809 0.314189
vt 0.814957 0.338263
vt 0.040189 0.697025
vt 0.038350 0.656431
vt 0.059198 0.663578
vt 0.098058 0.602565
vt 0.115853 0.679033
vt 0.192682 0.673917
vt 0.223976 0.699999
vt 0.224611 0.699894
vt 0.232181 0.734787
vt 0.203906 0.856957
vt 0.203266 0.857280
vt 0.071225 0.767383
vt 0.068273 0.767875
s 0
usemtl lambert2SG
f 352/347/162 351/348/162 354/349/162 355/350/162 356/351/162 357/352/162 358/353/162 353/354/162
f 357/355/163 356/356/163 359/357/163 360/358/163
f 361/359/164 348/360/164 345/361/164 362/362/164
f 363/363/165 364/364/165 361/365/165 362/366/165
f 370/367/166 360/368/166 359/369/166 371/370/166
f 372/371/167 373/372/167 374/373/167 375/374/167 376/375/167 378/376/167 377/377/167 379/378/167 380/379/167
f 381/380/168 372/381/168 380/382/168 382/383/168
f 378/384/168 376/385/168 384/386/168 370/387/168 371/388/168 385/389/168 383/390/168
f 387/391/169 365/392/169 386/393/169 388/394/169
f 387/395/170 343/396/170 366/397/170 365/398/170
f 319/399/171 369/400/171 366/401/171 343/402/171 344/403/171
f 382/404/172 388/405/172 386/406/172 381/407/172
s 1
f 347/408/173 295/409/174 293/410/175 299/411/176
f 295/412/174 296/413/177 294/414/178 293/415/175
f 328/416/179 294/414/178 296/413/177 324/417/180
s 0
f 348/418/181 349/419/181 350/420/181 351/421/181 352/422/181 303/423/181 346/424/181 345/425/181
s 1
f 296/413/177 295/412/174 309/426/182 308/427/183 331/428/184 323/429/185 322/430/186
f 307/431/187 312/432/187 320/433/187 331/434/184 308/427/183
f 324/435/180 296/413/177 322/436/186
f 295/409/174 347/437/173 302/438/188 309/439/182
f 300/440/189 290/441/190 288/442/191 301/443/192
f 288/444/191 290/445/190 289/446/193 291/447/194
f 325/448/195 291/447/194 289/446/193 327/449/196
f 368/450/197 342/451/198 367/452/199
f 310/453/200 306/454/201 292/455/202 332/456/203 321/457/200 311/458/200
f 314/459/204 315/460/204 367/461/199 342/462/198 340/463/204 337/464/204 339/465/204 335/466/204 330/467/204 327/468/196 289/469/193 290/470/190 300/471/189 298/472/204
s 0
f 318/473/205 364/474/205 363/475/205 369/476/205 319/477/205
s 1
f 288/444/191 291/447/194 292/455/202 306/454/201 305/478/206
f 332/479/203 292/455/202 333/480/207
f 333/480/207 292/455/202 291/447/194 325/481/195 326/482/208
f 304/483/209 301/484/192 288/442/191 305/485/206
f 297/486/210 299/487/176 293/488/175 294/489/178 328/490/179 329/491/210 334/492/210 338/493/210 336/494/210 341/495/210 317/496/210 316/497/210 313/498/210
o CystalMug_cell.003
v 0.127448 0.517290 0.379256
v -0.148096 0.517290 0.468785
v -0.423642 0.517290 0.379256
v -0.593938 0.517290 0.144863
v 0.230682 0.517290 0.275199
v -0.003417 0.517290 0.445280
v -0.292778 0.517290 0.445280
v -0.526875 0.517290 0.275199
v -0.616293 0.517290 0.000001
v 0.157222 0.517290 0.420236
v 0.012217 0.517290 0.493397
v -0.148096 0.517290 0.519441
v -0.308411 0.517290 0.493397
v -0.453416 0.517290 0.420236
v -0.567804 0.517290 0.304936
v -0.642114 0.517290 0.160517
v -0.645799 0.517290 -0.011891
v -0.609405 0.517290 -0.044636
v -0.614106 0.495109 -0.014172
v 0.268172 0.517290 0.308402
v 0.264530 0.478861 0.312072
v 0.233308 0.517290 0.270095
v 0.230682 0.477267 0.275199
v 0.227913 0.448047 0.277990
v -0.536506 0.141228 0.336483
v -0.559855 0.178448 0.312948
v -0.521255 0.176108 0.280864
v -0.492157 0.129722 0.310194
v -0.665916 0.517290 0.006280
v -0.616293 0.484840 0.000001
v -0.642115 0.369336 0.160517
v -0.593938 0.345879 0.144863
v -0.526875 0.185150 0.275199
v -0.567804 0.191239 0.304936
v 0.262269 0.455657 0.314351
v 0.224864 0.416756 0.281063
v 0.248442 0.366706 0.328289
v 0.212587 0.337772 0.293439
v -0.509686 0.125755 0.363517
v -0.458733 0.110438 0.343885
v -0.453416 0.094071 0.420236
v -0.423642 0.090680 0.379256
v -0.292778 0.029407 0.445280
v -0.308411 0.026177 0.493397
v -0.148098 -0.038554 0.519441
v -0.148098 -0.029012 0.468785
v 0.054175 -0.105145 0.472227
v 0.012217 -0.093474 0.493397
v -0.003417 -0.078576 0.445280
v 0.034426 -0.089102 0.426188
v 0.202885 0.075064 0.374209
v 0.172134 0.078807 0.334214
v 0.171334 0.028783 0.406012
v 0.134132 0.023064 0.372519
v 0.157222 0.008433 0.420236
v 0.127448 0.013425 0.379256
v -0.645799 0.517290 -0.011891
v -0.609405 0.517290 -0.044636
v -0.609405 0.517290 -0.044636
v -0.614106 0.495109 -0.014172
v 0.268172 0.517290 0.308402
v 0.268172 0.517290 0.308402
v 0.264530 0.478861 0.312072
v 0.230682 0.477267 0.275199
v 0.227913 0.448047 0.277990
v 0.233308 0.517290 0.270095
v 0.233308 0.517290 0.270095
v -0.536506 0.141228 0.336483
v -0.559855 0.178448 0.312948
v -0.521255 0.176108 0.280864
v -0.492157 0.129722 0.310194
v -0.526875 0.185150 0.275199
v -0.567804 0.191239 0.304936
v -0.642115 0.369336 0.160517
v -0.665916 0.517290 0.006280
v -0.665916 0.517290 0.006280
v -0.616293 0.484840 0.000001
v -0.593938 0.345879 0.144863
v 0.224864 0.416756 0.281063
v 0.262269 0.455657 0.314351
v 0.212587 0.337772 0.293439
v 0.248442 0.366706 0.328289
v -0.509686 0.125755 0.363517
v -0.458733 0.110438 0.343885
v -0.308411 0.026177 0.493397
v -0.148098 -0.038554 0.519441
v -0.453416 0.094071 0.420236
v -0.423642 0.090680 0.379256
v -0.292778 0.029407 0.445280
v -0.148098 -0.029012 0.468785
v -0.003417 -0.078576 0.445280
v 0.034426 -0.089102 0.426188
v 0.054175 -0.105145 0.472227
v 0.012217 -0.093474 0.493397
v 0.172134 0.078807 0.334214
v 0.202885 0.075064 0.374209
v 0.171334 0.028783 0.406012
v 0.134132 0.023064 0.372519
v 0.127448 0.013425 0.379256
v 0.157222 0.008433 0.420236
v 0.157222 0.517290 0.420236
v 0.012217 0.517290 0.493397
v -0.148096 0.517290 0.519441
v -0.308411 0.517290 0.493397
v -0.453416 0.517290 0.420236
v -0.567804 0.517290 0.304936
v -0.642114 0.517290 0.160517
v 0.230682 0.517290 0.275199
v 0.127448 0.517290 0.379256
v -0.003417 0.517290 0.445280
v -0.148096 0.517290 0.468785
v -0.292778 0.517290 0.445280
v -0.423642 0.517290 0.379256
v -0.526875 0.517290 0.275199
v -0.593938 0.517290 0.144863
v -0.616293 0.517290 0.000001
vn -0.5023 -0.6603 -0.5583
vn 0.7330 -0.1332 -0.6671
vn -0.5010 -0.6647 -0.5542
vn -0.5028 -0.6612 -0.5567
vn 0.7342 -0.1368 -0.6650
vn 0.7642 -0.2141 -0.6084
vn -0.3469 -0.9200 -0.1825
vn -0.3443 -0.9226 -0.1738
vn 0.7644 -0.2151 -0.6078
vn 0.5373 -0.6948 -0.4781
vn 0.5338 -0.7009 -0.4732
vn 0.5878 -0.0000 0.8090
vn 0.5200 -0.0000 0.8541
vn 0.7099 -0.0000 0.7043
vn -0.2724 -0.0000 0.9622
vn -0.3090 -0.0000 0.9511
vn -0.5878 -0.0000 0.8090
vn -0.5552 -0.0000 0.8317
vn 0.3362 -0.0000 0.9418
vn 0.3090 -0.0000 0.9511
vn -0.0000 -0.0000 1.0000
vn 0.0371 -0.0000 0.9993
vn -0.7582 -0.0000 0.6520
vn -0.8090 -0.0000 0.5878
vn -0.9511 -0.0000 0.3090
vn -0.9232 -0.0000 0.3842
vn -0.0000 -0.0000 -1.0000
vn -0.0371 -0.0000 -0.9993
vn 0.2724 -0.0000 -0.9622
vn 0.3090 -0.0000 -0.9511
vn -0.3090 -0.0000 -0.9511
vn -0.3362 -0.0000 -0.9418
vn -0.8892 -0.0000 -0.4575
vn -0.7195 -0.0000 -0.6945
vn -0.8090 -0.0000 -0.5878
vn 0.5552 -0.0000 -0.8317
vn 0.5878 -0.0000 -0.8090
vn -0.7099 -0.0000 -0.7043
vn -0.5200 -0.0000 -0.8542
vn -0.5878 -0.0000 -0.8090
vn -0.4504 -0.0000 -0.8928
vn -0.7099 -0.0000 0.7043
vn 1.0000 -0.0000 -0.0000
vn 0.9511 -0.0000 -0.3090
vn 0.9232 -0.0000 -0.3842
vn 0.9979 -0.0000 -0.0648
vn 0.8090 -0.0000 -0.5878
vn 0.7582 -0.0000 -0.6520
vn -0.0000 1.0000 -0.0000
vn -0.9883 -0.0000 0.1525
vn 0.4505 -0.0000 0.8928
vn 0.9883 -0.0000 0.1525
vn 0.7099 -0.0000 -0.7043
vt 0.880031 0.093596
vt 0.826581 0.000000
vt 0.880018 0.000000
vt 0.180589 0.060263
vt 0.212902 0.000000
vt 0.287106 0.000000
vt 0.262537 0.045821
vt 0.230555 0.110256
vt 1.000000 0.264446
vt 1.000000 0.329568
vt 0.594148 0.000000
vt 0.674344 0.000000
vt 0.329568 0.329568
vt 0.264445 0.264445
vt 0.283520 0.251054
vt 0.616310 0.125960
vt 0.962840 0.086040
vt 1.000000 0.119982
vt 1.000000 0.173419
vt 0.968857 0.169713
vt 0.643391 0.207208
vt 0.343053 0.320101
vt 0.328058 0.000000
vt 0.287106 0.287106
vt 0.212902 0.212902
vt 0.243270 0.000000
vt 0.499918 0.000000
vt 1.000000 0.671942
vt 1.000000 0.756730
vt 0.436816 0.000000
vt 1.000000 0.325656
vt 1.000000 0.405852
vt 0.603760 0.000000
vt 0.682056 0.000000
vt 0.962817 0.490107
vt 0.818602 0.639938
vt 0.682056 0.682056
vt 0.603760 0.603760
vt 0.688912 0.577495
vt 0.819056 0.442275
vt 0.822165 0.264785
vt 0.691550 0.060702
vt 0.620565 0.000000
vt 0.742826 0.000000
vt 0.821533 0.067304
vt 0.966259 0.293439
vt 1.000000 0.426415
vt 0.499918 0.499918
vt 0.436816 0.436816
vt 1.000000 0.354037
vt 0.354037 0.354037
vt 0.434176 0.000000
vt 0.522936 0.000000
vt 0.426415 0.426415
vt 0.522936 0.522936
vt 0.434176 0.434176
vt 0.512747 0.396242
vt 1.000000 0.257174
vt 1.000000 0.379435
vt 0.560153 0.504969
vt 0.744738 0.301289
vt 0.744738 0.153958
vt 0.748856 0.159850
vt 0.758064 0.173250
vt 0.771360 0.257690
vt 0.775395 0.283444
vt 0.776055 0.290163
vt 0.777117 0.301289
vt 0.863192 0.462632
vt 0.863192 0.604825
vt 0.821208 0.604825
vt 0.821208 0.482290
vt 0.956024 0.427989
vt 0.956024 0.604825
vt 0.909608 0.604825
vt 0.909608 0.443890
vt 0.520082 0.206887
vt 0.520082 0.301289
vt 0.478268 0.301289
vt 0.478268 0.258451
vt 0.118102 0.306526
vt 0.118102 0.464698
vt 0.076213 0.447784
vt 0.076213 0.306526
vt 0.159992 0.306526
vt 0.159992 0.479049
vt 0.118102 0.464698
vt 0.392024 0.591594
vt 0.393502 0.580006
vt 0.393502 0.591594
vt 0.038323 0.430043
vt 0.038323 0.306526
vt 0.410589 0.464639
vt 0.421679 0.448500
vt 0.423630 0.445709
vt 0.423630 0.591594
vt 0.394310 0.571546
vt 0.395200 0.562486
vt 0.398783 0.539618
vt 0.197882 0.306526
vt 0.197882 0.452411
vt 0.170949 0.482096
vt 0.553466 0.301289
vt 0.520082 0.206887
vt 0.522402 0.203183
vt 0.529216 0.192407
vt 0.537044 0.187927
vt 0.553466 0.178754
vt 0.705266 0.590348
vt 0.663324 0.590348
vt 0.663324 0.540719
vt 0.705266 0.580953
vt 0.625587 0.590348
vt 0.625587 0.494183
vt 0.863192 0.462632
vt 0.072419 0.042333
vt 0.042529 0.072461
vt 0.023112 0.110197
vt 0.016640 0.152139
vt 0.018634 0.165063
vt 0.008097 0.152139
vt 0.002273 0.150321
vt 0.009164 0.105665
vt 0.030679 0.063851
vt 0.063798 0.030467
vt 0.105782 0.009285
vt 0.152198 0.016411
vt 0.198614 0.025500
vt 0.240597 0.051022
vt 0.272721 0.064574
vt 0.262626 0.073939
vt 0.261866 0.072461
vt 0.231977 0.042333
vt 0.194088 0.023216
vt 0.152198 0.001744
vt 0.110308 0.023216
vt 0.433612 0.301289
vt 0.998008 0.457494
vt 0.998008 0.604825
vt 0.956024 0.427989
vt 0.968172 0.424610
vt 0.705266 0.580953
vt 0.709369 0.583926
vt 0.718190 0.590348
vt 0.595459 0.590348
vt 0.595459 0.466831
vt 0.605700 0.472551
vt 0.615455 0.478134
vt 0.623947 0.491565
s 0
usemtl lambert2SG
f 446/499/211 448/500/211 445/501/211
f 449/502/212 451/503/212 453/504/212 452/505/212 454/506/212
f 457/507/213 458/508/213 459/509/213 456/510/213
f 458/511/214 457/512/214 461/513/214 462/514/214 463/515/214 445/516/214 448/517/214 465/518/214 466/519/214 460/520/214
f 467/521/215 453/522/215 451/523/215 468/524/215
f 469/525/216 467/526/216 468/527/216 470/528/216
f 456/529/217 459/530/217 472/531/217 471/532/217
f 473/533/218 475/534/218 471/535/218 472/536/218 476/537/218 477/538/218 478/539/218 479/540/218 480/541/218 481/542/218 482/543/218 474/544/218
f 483/545/219 469/546/219 470/547/219 484/548/219
f 484/549/220 485/550/220 486/551/220 483/552/220
f 486/553/221 485/554/221 488/555/221 481/556/221 480/557/221 487/558/221
s 1
f 489/559/222 443/560/223 441/561/224 439/562/224 425/563/224 423/564/224 409/565/224 450/566/224
f 432/567/225 492/568/226 493/569/227 429/570/228
f 436/571/229 399/572/230 491/573/231 433/574/232
f 422/575/233 494/576/234 495/577/235 419/578/236
f 499/579/237 434/580/238 431/581/239 500/582/240
f 498/583/241 437/584/242 434/585/238 499/579/237
f 455/586/243 411/587/244 496/588/245
f 500/582/240 431/581/239 430/589/246 501/590/247
f 440/591/248 442/592/248 444/593/249 497/594/250 496/588/245 411/587/244 412/595/248 424/596/248 426/597/248
f 437/584/242 498/583/241 497/598/250 444/599/249 438/600/251
f 493/601/227 494/576/234 422/602/233 414/603/252 413/604/252 427/605/252 429/606/228
f 504/607/253 503/608/254 420/609/255 418/610/256
f 396/611/257 421/612/258 420/609/255 503/608/254
f 433/574/232 491/573/231 492/568/226 432/613/225
f 391/614/259 502/615/259 392/616/259 397/617/259 447/618/259 405/619/259 464/620/259 404/621/259 403/622/259 402/623/259 401/624/259 400/625/259 490/626/259 398/627/259 408/628/259 410/629/259 393/630/259 389/631/259 394/632/259 390/633/259 395/634/259
f 495/577/235 417/635/260 419/578/236
f 443/636/223 489/637/222 399/572/230 436/638/229 435/639/261
f 504/607/253 418/640/256 407/641/262 406/642/262
f 421/612/258 396/611/257 501/643/247 430/644/246 428/645/263 416/646/263 415/647/263
o CystalMug_cell.004
v -0.593938 0.517290 -0.144862
v -0.423642 0.517290 -0.379254
v -0.593938 -0.344218 -0.144862
v -0.423642 -0.344218 -0.379254
v -0.526875 0.517290 -0.275198
v -0.510790 -0.467290 -0.263511
v -0.522854 -0.436522 -0.272276
v -0.526876 -0.344218 -0.275198
v -0.642115 0.517290 -0.160515
v -0.567804 0.517290 -0.304935
v -0.453416 0.517290 -0.420235
v -0.563233 -0.449413 -0.301613
v -0.642114 -0.345581 -0.160515
v -0.453416 -0.345581 -0.420235
v -0.567804 -0.345579 -0.304935
v -0.666308 0.517290 0.003737
v -0.616293 0.482424 0.000001
v -0.645152 0.517290 -0.015310
v -0.613590 0.495157 -0.017513
v -0.642115 0.366518 0.160517
v -0.593938 0.343112 0.144863
v -0.526875 0.182079 0.275199
v -0.522696 0.175346 0.279411
v -0.561285 0.177579 0.311507
v -0.567804 0.188084 0.304936
v -0.571025 -0.024050 0.298676
v -0.567804 0.000364 0.304936
v -0.493646 0.128399 0.308693
v -0.524538 -0.016389 0.277555
v -0.538016 0.139976 0.334961
v -0.261317 0.408176 -0.450390
v -0.273049 0.428360 -0.499141
v -0.277760 0.438967 -0.498376
v -0.253435 0.390430 -0.451671
v -0.288435 0.468434 -0.445985
v -0.292778 0.477955 -0.445279
v -0.310439 0.517290 -0.436368
v -0.308411 0.507068 -0.493396
v -0.313001 0.517290 -0.491080
v -0.608875 0.517290 -0.048069
v -0.343845 -0.191158 -0.419514
v -0.369499 -0.231361 -0.462574
v -0.328636 -0.160253 -0.427188
v -0.358644 -0.209304 -0.468051
v -0.666884 -0.298798 0.000001
v -0.656453 -0.345581 -0.067586
v -0.590311 -0.414976 -0.143683
v -0.638760 -0.410232 -0.159425
v -0.611734 -0.449433 -0.207341
v -0.642115 -0.202901 0.160517
v -0.616293 -0.314342 0.000001
v -0.593938 -0.227765 0.144863
v -0.609633 -0.344218 -0.043155
v -0.575464 -0.436522 -0.170031
v -0.498874 -0.517290 -0.258859
v -0.462561 -0.467290 -0.164075
v -0.542423 -0.467290 -0.202033
v -0.538828 -0.517290 -0.277848
v -0.587924 -0.151587 0.265834
v -0.547627 -0.183911 0.234868
v -0.526875 -0.027297 0.275199
v -0.292778 0.123964 -0.445279
v -0.308411 0.188853 -0.493396
v -0.475405 -0.467290 -0.288438
v -0.504615 -0.517290 -0.314449
v -0.492417 -0.488017 -0.346690
v -0.476423 -0.467290 -0.298152
v -0.463755 -0.436522 -0.331846
v -0.423441 -0.350558 -0.378977
v -0.451779 -0.396632 -0.417982
v -0.426561 -0.345581 -0.433784
v -0.476539 -0.449437 -0.388991
v -0.526875 0.182079 0.275199
v -0.522696 0.175346 0.279411
v -0.593938 0.343112 0.144863
v -0.616293 0.482424 0.000001
v -0.613590 0.495157 -0.017513
v -0.666308 0.517290 0.003737
v -0.666308 0.517290 0.003737
v -0.645152 0.517290 -0.015310
v -0.642115 0.366518 0.160517
v -0.567804 0.188084 0.304936
v -0.561285 0.177579 0.311507
v -0.493646 0.128399 0.308693
v -0.524538 -0.016389 0.277555
v -0.567804 0.000364 0.304936
v -0.538016 0.139976 0.334961
v -0.571025 -0.024050 0.298676
v -0.273049 0.428360 -0.499141
v -0.277760 0.438967 -0.498376
v -0.261317 0.408176 -0.450390
v -0.253435 0.390430 -0.451671
v -0.288435 0.468434 -0.445985
v -0.292778 0.477955 -0.445279
v -0.310439 0.517290 -0.436368
v -0.310439 0.517290 -0.436368
v -0.308411 0.507068 -0.493396
v -0.313001 0.517290 -0.491080
v -0.313001 0.517290 -0.491080
v -0.608875 0.517290 -0.048069
v -0.608875 0.517290 -0.048069
v -0.369499 -0.231361 -0.462574
v -0.426561 -0.345581 -0.433784
v -0.343845 -0.191158 -0.419514
v -0.328636 -0.160253 -0.427188
v -0.358644 -0.209304 -0.468051
v -0.642115 0.517290 -0.160515
v -0.642115 -0.202901 0.160517
v -0.666884 -0.298798 0.000001
v -0.656453 -0.345581 -0.067586
v -0.638760 -0.410232 -0.159425
v -0.611734 -0.449433 -0.207341
v -0.423642 -0.344218 -0.379254
v -0.538828 -0.517290 -0.277848
v -0.498874 -0.517290 -0.258859
v -0.462561 -0.467290 -0.164075
v -0.542423 -0.467290 -0.202033
v -0.575464 -0.436522 -0.170031
v -0.590311 -0.414976 -0.143683
v -0.587924 -0.151587 0.265834
v -0.609633 -0.344218 -0.043155
v -0.616293 -0.314342 0.000001
v -0.593938 -0.227765 0.144863
v -0.547627 -0.183911 0.234868
v -0.526875 -0.027297 0.275199
v -0.292778 0.123964 -0.445279
v -0.308411 0.188853 -0.493396
v -0.504615 -0.517290 -0.314449
v -0.492417 -0.488017 -0.346690
v -0.475405 -0.467290 -0.288438
v -0.451779 -0.396632 -0.417982
v -0.463755 -0.436522 -0.331846
v -0.423441 -0.350558 -0.378977
v -0.476423 -0.467290 -0.298152
v -0.476539 -0.449437 -0.388991
v -0.567804 0.517290 -0.304935
v -0.453416 0.517290 -0.420235
v -0.593938 0.517290 -0.144862
v -0.526875 0.517290 -0.275198
v -0.423642 0.517290 -0.379254
vn 0.5023 0.6607 0.5579
vn 0.4349 -0.2771 0.8568
vn 0.5028 0.6596 0.5587
vn 0.9114 0.4084 -0.0502
vn 0.9096 0.4128 -0.0468
vn 0.9078 0.4172 -0.0425
vn 0.5027 0.6614 0.5566
vn 0.8831 -0.4589 -0.0977
vn -0.2498 -0.8138 0.5248
vn 0.4350 -0.2782 0.8564
vn 0.8707 -0.1399 -0.4715
vn 0.8797 -0.4667 -0.0909
vn -0.9736 -0.0000 0.2281
vn -0.9645 -0.0000 0.2642
vn -0.8892 -0.0000 0.4575
vn -0.8759 -0.0000 0.4824
vn -0.8549 -0.0000 0.5189
vn -0.5878 -0.0000 -0.8090
vn -0.4505 -0.0000 -0.8928
vn -0.4128 -0.0000 -0.9108
vn -0.4377 -0.0000 -0.8991
vn -0.4504 -0.0180 -0.8927
vn -0.5876 -0.0272 -0.8087
vn -0.9516 0.0003 -0.3074
vn -0.8090 -0.0000 -0.5878
vn -0.8087 -0.0271 -0.5876
vn -0.9510 -0.0270 -0.3081
vn -0.9989 0.0004 -0.0464
vn -0.9986 0.0005 -0.0526
vn -0.8811 -0.1345 -0.4534
vn -0.7834 -0.2471 -0.5702
vn -0.5516 -0.7189 -0.4229
vn -0.7023 -0.1591 -0.6938
vn -0.6439 -0.4373 -0.6279
vn -0.5348 -0.6649 -0.5215
vn -0.7099 -0.0000 0.7043
vn -0.1604 -0.0000 -0.9871
vn -0.6686 -0.0541 -0.7416
vn -0.9285 -0.0543 -0.3674
vn 0.5279 0.6687 0.5237
vn 0.4580 0.8243 0.3328
vn 0.5783 0.7596 0.2976
vn -0.0000 1.0000 -0.0000
vn 0.9507 0.0269 0.3089
vn 0.8087 0.0268 0.5876
vn 0.8090 -0.0000 0.5878
vn 0.9511 -0.0000 0.3090
vn 0.8840 -0.4612 -0.0769
vn 0.9882 0.0102 0.1525
vn 0.9883 -0.0000 0.1525
vn 0.9975 -0.0000 0.0709
vn 0.9985 -0.0000 0.0544
vn 0.7843 0.2454 0.5698
vn 0.8812 0.1338 0.4534
vn 0.7011 0.1572 0.6955
vn 0.6766 0.0228 0.7360
vn 0.5878 -0.0000 0.8090
vn 0.9645 -0.0000 -0.2641
vn 0.9736 -0.0000 -0.2281
vn 0.8549 -0.0000 -0.5189
vn 0.8759 -0.0000 -0.4825
vn 0.8892 -0.0000 -0.4575
vn 0.7099 -0.0000 -0.7043
vn 0.9285 0.0537 0.3675
vn 0.4124 -0.0000 0.9110
vn 0.4377 -0.0000 0.8991
vn 0.1604 -0.0000 0.9871
vn 0.7089 0.0531 0.7033
vn -0.9887 -0.0098 -0.1498
vn -0.0000 -1.0000 -0.0000
vn 0.4504 -0.0000 0.8928
vt 0.672436 0.672436
vt 0.679494 0.662449
vt 0.792735 0.363077
vt 0.830450 0.038415
vt 0.825880 0.000000
vt 0.879194 0.000000
vt 0.914938 0.038959
vt 0.874120 0.390330
vt 0.748640 0.722050
vt 0.737630 0.737630
vt 1.000000 0.595445
vt 1.000000 0.675962
vt 0.372190 0.101800
vt 0.264615 0.000000
vt 0.348919 0.000000
vt 0.595445 0.595445
vt 1.000000 0.672436
vt 1.000000 0.737630
vt 0.675962 0.675962
vt 0.827186 0.000000
vt 1.000000 0.137627
vt 1.000000 0.230257
vt 0.710873 0.000000
vt 1.000000 0.238742
vt 0.230257 0.230257
vt 0.137627 0.137627
vt 1.000000 0.147133
vt 0.275739 0.215706
vt 0.238742 0.238742
vt 0.149429 0.145704
vt 0.196573 0.120956
vt 0.457145 0.120478
vt 1.000000 0.120806
vt 1.000000 0.174121
vt 0.906066 0.120665
vt 0.349524 0.000000
vt 0.290211 0.290211
vt 0.207129 0.207129
vt 0.249461 0.000000
vt 1.000000 0.634633
vt 0.746501 0.664917
vt 0.793040 0.517377
vt 0.760427 0.427317
vt 0.733431 0.302863
vt 0.806903 0.227420
vt 0.127239 0.071497
vt 0.212955 0.000000
vt 0.424588 0.000000
vt 0.253253 0.142912
vt 0.264660 0.242024
vt 0.991371 0.293791
vt 0.438225 0.423131
vt 0.503842 0.473876
vt 0.783357 0.546391
vt 1.000000 0.520512
vt 0.969181 0.644237
vt 1.000000 0.651081
vt 1.000000 0.735385
vt 0.634633 0.634633
vt 0.520512 0.520512
vt 1.000000 0.172814
vt 1.000000 0.289127
vt 0.679907 0.304989
vt 0.349524 0.349524
vt 0.249461 0.249461
vt 0.712292 0.187071
vt 0.212955 0.212955
vt 0.470164 0.212427
vt 1.000000 0.335496
vt 1.000000 0.423407
vt 0.424588 0.424588
vt 0.478268 0.257635
vt 0.478268 0.092770
vt 0.508761 0.107627
vt 0.518270 0.144553
vt 0.520082 0.151622
vt 0.520082 0.205973
vt 0.561536 0.001744
vt 0.602191 0.001744
vt 0.603520 0.004704
vt 0.603520 0.096838
vt 0.588976 0.212117
vt 0.585833 0.218503
vt 0.569311 0.251574
vt 0.561536 0.251574
vt 0.385319 0.301289
vt 0.343505 0.301289
vt 0.343505 0.051461
vt 0.385319 0.051460
vt 0.431794 0.301289
vt 0.431794 0.065005
vt 0.478268 0.092770
vt 0.478268 0.257635
vt 0.371761 0.021391
vt 0.344466 0.021397
vt 0.351347 0.001745
vt 0.319167 0.021390
vt 0.331415 0.010219
vt 0.340750 0.001745
vt 0.350075 0.001745
vt 0.521985 0.202932
vt 0.528776 0.192045
vt 0.603520 0.096838
vt 0.603598 0.004875
vt 0.612394 0.024421
vt 0.613759 0.027492
vt 0.310121 0.301289
vt 0.310122 0.051460
vt 0.562010 0.266355
vt 0.385635 0.032741
vt 0.371761 0.021391
vt 0.321475 0.798841
vt 0.311524 0.762930
vt 0.302365 0.764300
vt 0.325488 0.760841
vt 0.321769 0.798752
vt 0.310774 0.036679
vt 0.747208 0.340914
vt 0.784945 0.340914
vt 0.784945 0.590348
vt 0.747208 0.590348
vt 0.940387 0.205088
vt 1.000000 0.207129
vt 1.000000 0.290211
vt 0.946089 0.284739
vt 0.919165 0.287653
vt 0.554109 0.358172
vt 0.423422 0.408767
vt 0.423407 0.423407
vt 0.335496 0.335496
vt 0.499366 0.271977
vt 0.723608 0.228599
vt 0.717761 0.340914
vt 0.719184 0.590348
vt 0.710337 0.583940
vt 0.705266 0.580253
vt 0.705266 0.349564
vt 0.763761 0.305280
vt 0.781561 0.305280
vt 0.784099 0.314189
vt 0.754496 0.314189
vt 0.791591 0.305280
vt 0.801347 0.314189
vt 0.815073 0.340914
vt 0.815073 0.590348
vt 0.663324 0.374630
vt 0.663324 0.539918
vt 0.625587 0.493294
vt 0.625587 0.432673
vt 0.637264 0.387327
vt 0.625587 0.493294
vt 0.624367 0.491344
vt 0.615889 0.477752
vt 0.624905 0.435831
vt 0.717761 0.340914
vt 0.746867 0.320427
vt 0.467655 0.578959
vt 0.467655 0.476467
vt 0.479046 0.553619
vt 0.476764 0.558757
vt 0.468912 0.576203
vt 0.754496 0.314189
vt 0.746867 0.320427
vt 0.814993 0.339078
vt 0.412225 0.051460
vt 0.385635 0.032741
vt 0.023112 0.194082
vt 0.042529 0.231818
vt 0.072419 0.261946
vt 0.105195 0.278483
vt 0.104453 0.278109
vt 0.063798 0.253257
vt 0.030679 0.208788
vt 0.009164 0.198614
vt 0.002159 0.151057
vt 0.008284 0.152139
vt 0.018788 0.166057
vt 0.037795 0.656241
vt 0.039458 0.696903
vt 0.028544 0.653069
vt 0.663324 0.374630
vt 0.705266 0.349564
vt 0.467655 0.476467
vt 0.462542 0.590348
vt 0.429766 0.590348
vt 0.430731 0.340914
vt 0.452869 0.385229
vt 0.457273 0.394177
vt 0.412225 0.051460
s 0
usemtl lambert2SG
f 578/648/264 577/649/264 579/650/264 580/651/264 581/652/264 584/653/264 582/654/264 585/655/264 586/656/264 587/657/264
f 588/658/265 591/659/265 590/660/265 592/661/265 589/662/265
f 588/663/266 578/664/266 587/665/266 591/666/266
f 593/667/267 594/668/267 595/669/267 596/670/267
f 597/671/268 595/672/268 594/673/268 601/674/268
f 598/675/269 597/676/269 601/677/269 602/678/269 599/679/269
f 584/680/270 581/681/270 604/682/270
f 609/683/271 608/684/271 606/685/271 610/686/271
f 624/687/272 612/688/272 613/689/272 614/690/272 615/691/272 616/692/272 562/693/272 619/694/272 620/695/272 621/696/272 622/697/272 623/698/272 625/699/272 626/700/272 627/701/272 628/702/272
f 629/703/273 589/704/273 592/705/273 624/706/273 628/707/273
f 593/708/274 596/709/274 630/710/274 609/711/274 610/712/274 631/713/274
f 619/714/275 569/715/275 633/716/275 634/717/275 620/718/275
s 1
f 524/719/276 554/720/277 563/721/278 530/722/278 531/723/279 529/724/280
f 641/725/281 603/726/282 542/727/283 567/728/284 548/729/282 546/730/282 607/731/285 518/732/286
f 513/733/287 640/734/288 519/735/289 517/736/290
f 520/737/291 549/738/292 554/739/277 524/740/276
f 553/741/293 516/742/294 618/743/295
f 516/742/294 639/744/296 570/745/297 632/746/298 618/747/295
f 528/748/299 529/724/280 531/723/279 534/749/299
f 567/750/284 542/751/283 537/752/300 536/753/300
f 640/734/288 641/754/281 518/755/286 519/735/289
f 518/732/286 607/731/285 635/756/301
f 552/757/302 517/736/290 519/735/289 516/742/294 553/758/293
f 571/759/303 510/760/304 561/761/305 560/762/306 568/763/306
f 516/742/294 519/735/289 518/755/286 635/764/301 639/744/296
f 507/765/307 512/766/308 643/767/309 642/768/310
s 0
f 575/769/311 606/770/311 608/771/311 617/772/311 637/773/311 636/774/311 638/775/311 634/776/311 633/777/311 576/778/311 574/779/311
s 1
f 557/780/312 507/765/307 642/768/310 605/781/313 523/782/313 521/783/314 555/784/315
f 561/785/305 510/786/304 511/787/316 558/788/317
f 511/787/316 510/786/304 571/789/303 572/790/318
f 512/766/308 508/791/319 644/792/320 643/767/309
f 556/793/321 525/794/322 526/795/323 565/796/324 564/797/325
f 565/796/324 526/798/323 527/799/326 532/800/326 533/801/326
f 507/765/307 557/802/312 551/803/327
f 540/804/328 566/805/329 538/806/330 535/807/330 539/808/330
f 558/809/317 511/787/316 512/766/308 507/765/307 551/810/327
f 573/811/331 508/791/319 512/766/308 511/787/316 572/790/318
f 550/812/332 517/736/290 552/813/302
f 505/814/306 509/815/306 506/816/306 600/817/306 543/818/306 515/819/306 514/820/306 611/821/306 583/822/306 522/823/306 544/824/306
f 632/825/298 559/826/333 618/827/295
f 525/794/322 556/828/321 555/829/315 521/783/314
f 566/830/329 540/804/328 541/831/334 644/832/320 508/833/319 545/834/334 547/835/334
f 549/738/292 520/737/291 513/733/287 517/736/290 550/836/332
o CystalMug_cell.005
v -0.148098 -0.436522 0.463809
v -0.420717 -0.436522 0.375230
v -0.009560 -0.467290 0.426372
v -0.286634 -0.467290 0.426372
v -0.510790 -0.467290 0.263512
v -0.423642 -0.344218 0.379256
v -0.148096 -0.344218 0.468785
v -0.004953 -0.436522 0.440554
v -0.148096 -0.467290 0.448878
v -0.291242 -0.436522 0.440554
v -0.411940 -0.467290 0.363151
v -0.522853 -0.436522 0.272278
v -0.526875 -0.344218 0.275199
v -0.292776 -0.344218 0.445280
v -0.003417 -0.344218 0.445280
v 0.010471 -0.449413 0.488023
v 0.000286 -0.517290 0.456677
v -0.148098 -0.449443 0.513775
v -0.148096 -0.517290 0.480783
v -0.306665 -0.449413 0.488023
v -0.296479 -0.517290 0.456677
v -0.450086 -0.449444 0.415653
v -0.430694 -0.517290 0.388961
v -0.563233 -0.449413 0.301614
v -0.536569 -0.517290 0.282241
v -0.453416 -0.345581 0.420236
v -0.567804 -0.345579 0.304936
v -0.148096 -0.345581 0.519439
v -0.308411 -0.345579 0.493396
v 0.012216 -0.345579 0.493396
v -0.587098 -0.152346 0.267438
v -0.582157 -0.449421 0.264831
v -0.586809 -0.345580 0.268000
v -0.542473 -0.436522 0.234148
v -0.537904 -0.448326 0.230670
v -0.546565 -0.344218 0.236932
v -0.573414 -0.471964 0.258174
v -0.546804 -0.184650 0.236468
v -0.555809 -0.517290 0.244848
v -0.530552 -0.467290 0.225105
v -0.400113 -0.517290 0.124819
v -0.390121 -0.467290 0.116844
v -0.570214 -0.024390 0.300251
v -0.567804 -0.006206 0.304936
v -0.492449 0.127119 0.309900
v -0.523277 -0.016749 0.278826
v -0.536756 0.138689 0.336231
v -0.526875 -0.033618 0.275199
v 0.046646 -0.467290 0.398015
v 0.051896 -0.459980 0.399288
v 0.066331 -0.515184 0.424487
v 0.053577 -0.107288 0.472529
v 0.073826 -0.449426 0.456054
v 0.069133 -0.345580 0.464680
v 0.054561 -0.436522 0.410528
v 0.050370 -0.344218 0.418144
v 0.033852 -0.091205 0.426477
v -0.403971 0.079412 0.389181
v -0.454994 0.092897 0.418645
v -0.308411 0.023992 0.493397
v -0.292778 0.027257 0.445280
v -0.148098 -0.031239 0.468785
v -0.148098 -0.040825 0.519441
v 0.012217 -0.095786 0.493397
v -0.003417 -0.080841 0.445280
v -0.423642 0.088581 0.379256
v -0.582157 -0.449421 0.264831
v -0.573414 -0.471964 0.258174
v -0.586809 -0.345580 0.268000
v -0.587098 -0.152346 0.267438
v -0.546565 -0.344218 0.236932
v -0.546804 -0.184650 0.236468
v -0.542473 -0.436522 0.234148
v -0.537904 -0.448326 0.230670
v -0.555809 -0.517290 0.244848
v -0.400113 -0.517290 0.124819
v -0.530552 -0.467290 0.225105
v -0.390121 -0.467290 0.116844
v -0.570214 -0.024390 0.300251
v -0.567804 -0.006206 0.304936
v -0.536756 0.138689 0.336231
v -0.492449 0.127119 0.309900
v -0.523277 -0.016749 0.278826
v -0.526875 -0.033618 0.275199
v 0.046646 -0.467290 0.398015
v 0.051896 -0.459980 0.399288
v 0.050370 -0.344218 0.418144
v 0.033852 -0.091205 0.426477
v 0.053577 -0.107288 0.472529
v 0.069133 -0.345580 0.464680
v 0.073826 -0.449426 0.456054
v 0.066331 -0.515184 0.424487
v 0.054561 -0.436522 0.410528
v -0.403971 0.079412 0.389181
v -0.292778 0.027257 0.445280
v -0.308411 0.023992 0.493397
v -0.148098 -0.040825 0.519441
v 0.012217 -0.095786 0.493397
v -0.003417 -0.080841 0.445280
v -0.148098 -0.031239 0.468785
v -0.423642 0.088581 0.379256
v -0.454994 0.092897 0.418645
vn -0.6110 -0.0032 -0.7916
vn -0.6105 -0.0043 -0.7920
vn -0.4360 0.2783 -0.8559
vn -0.4360 0.2771 -0.8562
vn 0.3435 0.9232 0.1722
vn 0.9257 0.0727 -0.3711
vn 0.3446 0.9224 0.1745
vn 0.2830 -0.0000 0.9591
vn 0.3089 -0.0271 0.9507
vn 0.4503 -0.0281 0.8924
vn 0.4504 -0.0000 0.8928
vn 0.4351 -0.2590 0.8623
vn 0.2995 -0.2460 0.9218
vn 0.1748 -0.8277 0.5332
vn 0.2848 -0.7783 0.5596
vn -0.0000 -0.2461 0.9693
vn 0.0018 -0.8245 0.5658
vn -0.2995 -0.2460 0.9218
vn -0.1733 -0.8258 0.5367
vn -0.5697 -0.2461 0.7841
vn -0.3322 -0.8248 0.4575
vn -0.7842 -0.2460 0.5697
vn -0.4567 -0.8258 0.3309
vn -0.4342 -0.8730 0.2220
vn -0.8603 -0.2530 0.4426
vn -0.8017 -0.4327 0.4125
vn 0.0032 -1.0000 -0.0039
vn 0.3089 0.0268 -0.9507
vn 0.5876 0.0269 -0.8087
vn 0.6197 -0.0000 -0.7848
vn 0.4504 -0.0000 -0.8928
vn 0.3448 -0.0000 -0.9387
vn 0.1749 0.8243 -0.5384
vn -0.0000 0.8233 -0.5676
vn -0.1749 0.8243 -0.5384
vn -0.3116 0.7221 -0.6177
vn -0.0000 1.0000 -0.0000
vn 0.4359 0.8716 -0.2243
vn 0.4580 0.8243 -0.3328
vn 0.3336 0.8233 -0.4592
vn -0.6208 0.0003 0.7840
vn -0.7099 -0.0000 0.7043
vn -0.7289 -0.0000 0.6847
vn -0.8087 -0.0271 0.5876
vn -0.5878 -0.0269 0.8086
vn -0.3089 0.0268 -0.9507
vn -0.0000 0.0268 -0.9996
vn 0.0359 -0.0000 -0.9994
vn -0.2830 -0.0000 -0.9591
vn -0.0000 -0.0271 0.9996
vn -0.0359 -0.0000 0.9994
vn -0.3460 0.0005 0.9382
vn -0.3094 -0.0269 0.9506
vn -0.8892 -0.0000 0.4575
vn -0.8889 -0.0269 0.4574
vn -0.2996 0.2453 -0.9220
vn -0.4352 0.2583 -0.8625
vn -0.4062 0.4320 -0.8052
vn -0.0000 0.2454 -0.9694
vn 0.2996 0.2454 -0.9220
vn 0.5698 0.2454 -0.7843
vn 0.7843 0.2454 -0.5698
vn 0.8604 0.2523 -0.4427
vn 0.8019 0.4320 -0.4126
vn -0.4503 0.0278 -0.8925
vn -0.4504 -0.0000 -0.8928
vn 0.7288 -0.0000 -0.6848
vn 0.8087 0.0268 -0.5876
vn 0.8889 0.0266 -0.4574
vn 0.8892 -0.0000 -0.4575
vn 0.7099 -0.0000 -0.7043
vn 0.5261 -0.2355 -0.8172
vt 0.945373 0.563881
vt 0.739415 0.371289
vt 0.366886 0.000000
vt 0.480763 0.000000
vt 0.788390 0.306604
vt 0.971409 0.477863
vt 1.000000 0.493525
vt 1.000000 0.593765
vt 0.787825 0.000000
vt 0.786628 0.506950
vt 0.593765 0.593765
vt 0.493525 0.493525
vt 0.574219 0.457247
vt 0.575299 0.000000
vt 0.923971 0.653837
vt 0.326386 0.000000
vt 0.406651 0.000000
vt 1.000000 0.649203
vt 1.000000 0.734234
vt 1.000000 0.633114
vt 0.734234 0.734234
vt 0.649203 0.649203
vt 0.686307 0.638593
vt 1.000000 0.519237
vt 0.549777 0.381657
vt 1.000000 0.593349
vt 1.000000 0.673614
vt 0.598031 0.598031
vt 0.519634 0.519634
vt 0.772778 0.545899
vt 0.618712 0.000000
vt 0.741211 0.000000
vt 0.886310 0.514137
vt 0.936951 0.742073
vt 0.905856 0.905856
vt 0.806872 0.806872
vt 0.817914 0.748463
vt 1.000000 0.519634
vt 0.994665 0.596926
vt 0.660075 0.456909
vt 0.407111 0.273175
vt 0.265223 0.061958
vt 0.258789 0.000000
vt 0.381288 0.000000
vt 0.387087 0.055829
vt 0.515136 0.246449
vt 0.743433 0.412265
vt 0.956024 0.427320
vt 0.956024 0.354996
vt 0.972503 0.354996
vt 0.967999 0.423989
vt 0.973862 0.324929
vt 0.955519 0.324933
vt 0.952570 0.305280
vt 0.971692 0.305889
vt 0.909608 0.324924
vt 0.909608 0.305280
vt 0.863697 0.324933
vt 0.866647 0.305280
vt 0.822172 0.324924
vt 0.827787 0.305280
vt 0.552139 0.021388
vt 0.519121 0.021397
vt 0.513512 0.001745
vt 0.544410 0.001745
vt 0.502685 0.001745
vt 0.508471 0.021395
vt 0.506544 0.014868
vt 0.098058 0.792674
vt 0.059198 0.847404
vt 0.028544 0.816505
vt 0.022973 0.805679
vt 0.068052 0.767911
vt 0.202665 0.857583
vt 0.183981 0.867010
vt 0.141019 0.792103
vt 0.076213 0.555960
vt 0.038323 0.555960
vt 0.038323 0.430651
vt 0.044018 0.433306
vt 0.076213 0.448406
vt 0.376425 0.602101
vt 0.416535 0.668234
vt 0.456646 0.602101
vt 0.472920 0.610312
vt 0.346462 0.693396
vt 0.305803 0.687314
vt 0.311524 0.649255
vt 0.340144 0.657896
vt 0.553006 0.178414
vt 0.529143 0.191672
vt 0.520082 0.149720
vt 0.520082 0.051460
vt 0.553465 0.051460
vt 0.159992 0.555960
vt 0.118102 0.555960
vt 0.118102 0.465343
vt 0.159992 0.479704
vt 0.909608 0.354995
vt 0.909608 0.443233
vt 0.863192 0.461999
vt 0.863192 0.354996
vt 0.863192 0.461999
vt 0.821208 0.481692
vt 0.821208 0.354995
vt 0.518726 0.144455
vt 0.509225 0.107408
vt 0.509388 0.051460
vt 0.508471 0.021395
vt 0.509388 0.051460
vt 0.174487 0.591594
vt 0.158213 0.591594
vt 0.159547 0.582685
vt 0.176778 0.582685
vt 0.176007 0.589477
vt 0.118102 0.591594
vt 0.118102 0.582685
vt 0.077991 0.591594
vt 0.076657 0.582685
vt 0.041711 0.591594
vt 0.039170 0.582685
vt 0.596625 0.314189
vt 0.600122 0.305280
vt 0.628971 0.305280
vt 0.626433 0.314189
vt 0.637473 0.314189
vt 0.640091 0.305280
vt 0.638480 0.310771
vt 0.175565 0.555960
vt 0.170783 0.482705
vt 0.625587 0.430842
vt 0.625587 0.340914
vt 0.636667 0.340914
vt 0.636801 0.387114
vt 0.595459 0.340914
vt 0.624537 0.435726
vt 0.615540 0.477381
vt 0.595459 0.466223
vt 0.956024 0.427320
vt 0.909608 0.443233
vt 0.176778 0.582685
vt 0.175565 0.555960
vt 0.911919 0.005412
vt 1.000000 0.212175
vt 1.000000 0.424701
vt 0.827915 0.018772
vt 0.806872 0.000000
vt 0.076213 0.448406
vt 0.118102 0.465343
s 0
usemtl lambert2SG
f 711/837/335 713/838/335 714/839/335 716/840/335 715/841/335 717/842/335 718/843/335 712/844/335
f 720/845/336 719/846/336 712/847/336 718/848/336 721/849/336 722/850/336
f 724/851/337 725/852/337 726/853/337 727/854/337 723/855/337
f 714/856/338 723/857/338 727/858/338 728/859/338 716/860/338
f 745/861/339 726/862/339 725/863/339 703/864/339 738/865/339
f 731/866/340 732/867/340 733/868/340 734/869/340 735/870/340 736/871/340 694/872/340 737/873/340
f 738/874/341 703/875/341 740/876/341 741/877/341 742/878/341 733/879/341 732/880/341 743/881/341 744/882/341 739/883/341
s 1
f 708/884/342 674/885/343 698/886/344 696/887/345
f 697/888/346 660/889/347 661/890/348 695/891/349
f 660/889/347 662/892/350 663/893/351 661/890/348
f 662/892/350 664/894/352 665/895/353 663/893/351
f 664/894/352 666/896/354 667/897/355 665/895/353
f 666/898/354 668/899/356 669/900/357 667/901/355
f 683/902/358 669/900/357 668/899/356 676/903/359 681/904/360
f 665/905/353 667/906/355 669/907/357 683/908/358 685/909/361 695/910/349 661/911/348 663/912/351
f 658/913/362 650/914/363 710/915/364 702/916/365 705/917/366
f 648/918/367 653/919/368 647/920/369 729/921/370 686/922/371 684/923/372 649/924/373 655/925/374
f 746/926/375 691/927/376 688/928/377 671/929/378 670/930/379
f 659/931/380 651/932/381 706/933/382 709/934/383
f 672/935/384 707/936/385 704/937/386 673/938/387
f 704/939/386 746/940/375 670/941/379 673/938/387
f 666/898/354 670/930/379 671/929/378 668/899/356
f 671/929/378 688/928/377 687/942/388 675/943/388 677/944/389
f 676/945/359 668/899/356 671/929/378 677/946/389
f 662/892/350 672/935/384 673/938/387 664/894/352
f 664/894/352 673/938/387 670/941/379 666/896/354
f 698/886/344 674/885/343 660/889/347 697/888/346
f 660/889/347 674/885/343 672/935/384 662/892/350
f 729/947/370 647/948/369 652/949/390 699/950/391 730/951/392
f 652/949/390 647/948/369 653/952/368 645/953/393
f 645/953/393 653/952/368 648/954/367 654/955/394
f 654/955/394 648/954/367 655/956/374 646/957/395
f 646/958/395 655/959/374 649/960/373 656/961/396
f 678/962/397 656/961/396 649/960/373 684/963/372 679/964/398
f 700/965/399 659/931/380 709/934/383 701/966/400
f 692/967/401 657/968/402 680/969/403 682/970/404
f 650/971/363 657/968/402 692/967/401 690/972/405 689/973/405 710/974/364
f 708/975/342 707/976/385 672/935/384 674/885/343
f 646/958/395 656/961/396 657/968/402 650/971/363
f 680/969/403 657/968/402 656/961/396 678/962/397
f 645/953/393 654/955/394 658/913/362 651/932/381
f 654/955/394 646/957/395 650/914/363 658/913/362
f 699/977/391 652/949/390 659/931/380 700/978/399
f 652/949/390 645/953/393 651/932/381 659/931/380
s 0
f 736/979/406 720/980/406 722/981/406 693/982/406 694/983/406
s 1
f 651/932/381 658/913/362 705/984/366 706/985/382
o CystalMug_cell.006
v 0.293012 -0.436522 0.143326
v 0.124524 -0.436522 0.375230
v 0.300218 -0.467290 0.000001
v 0.214596 -0.467290 0.263512
v 0.127448 -0.344218 0.379256
v 0.297744 -0.344218 0.144864
v 0.315128 -0.436522 0.000001
v 0.278813 -0.467290 0.138712
v 0.226660 -0.436522 0.272278
v 0.115748 -0.467290 0.363151
v 0.230682 -0.344218 0.275199
v 0.320099 -0.344218 0.000001
v 0.365040 -0.449413 0.000001
v 0.332081 -0.517290 0.000001
v 0.340532 -0.449444 0.158766
v 0.309154 -0.517290 0.148571
v 0.267039 -0.449413 0.301614
v 0.240374 -0.517290 0.282243
v 0.153892 -0.449443 0.415653
v 0.134500 -0.517290 0.388961
v 0.345920 -0.221145 0.160517
v 0.370690 -0.195066 0.000001
v 0.157222 -0.345581 0.420236
v 0.345919 -0.345581 0.160517
v 0.271609 -0.345579 0.304936
v 0.369255 -0.371932 0.000001
v 0.358873 -0.239075 0.076585
v 0.358871 -0.327521 0.076585
v 0.352786 -0.449428 0.079384
v 0.345920 -0.283364 0.160517
v 0.358873 -0.283298 0.084243
v 0.372867 -0.220207 -0.001047
v 0.362327 -0.253179 0.054836
v 0.362821 -0.311665 0.056126
v 0.372729 -0.346901 0.001049
v 0.363440 -0.282096 0.063615
v 0.556687 -0.115390 0.055112
v 0.527358 -0.101850 -0.000298
v 0.557024 -0.115891 -0.055484
v 0.584556 -0.125458 -0.063435
v 0.611681 -0.135082 -0.055166
v 0.645265 -0.144631 0.000266
v 0.611237 -0.134871 0.055472
v 0.584032 -0.124989 0.063403
v 0.524650 -0.185586 0.055040
v 0.503275 -0.161874 -0.000488
v 0.525028 -0.186421 -0.055639
v 0.569910 -0.222655 -0.055095
v 0.599521 -0.241417 0.000458
v 0.569337 -0.222052 0.055632
v 0.547209 -0.203536 0.063452
v 0.482682 -0.229108 0.054970
v 0.475409 -0.197743 -0.000677
v 0.482824 -0.230322 -0.055792
v 0.507784 -0.282283 -0.055021
v 0.528015 -0.310895 0.000653
v 0.507367 -0.281195 0.055794
v 0.495480 -0.254844 0.063504
v 0.429263 -0.249421 0.054902
v 0.435060 -0.216329 -0.000864
v 0.445687 -0.341997 0.000851
v 0.434661 -0.307404 0.055960
v 0.432639 -0.278135 0.063559
v 0.055097 -0.107140 0.471762
v 0.075655 -0.449427 0.455131
v 0.070867 -0.345580 0.463805
v 0.056430 -0.436522 0.409585
v 0.053743 -0.460462 0.398097
v 0.052154 -0.344218 0.417243
v 0.035405 -0.090984 0.425694
v 0.070836 -0.517290 0.413669
v 0.069033 -0.517290 0.421992
v 0.059979 -0.467290 0.380657
v 0.057394 -0.467290 0.392592
v 0.167992 -0.517290 -0.029649
v 0.149278 -0.467290 -0.026810
v 0.065896 -0.095243 0.466314
v 0.051318 -0.073454 0.417665
v 0.157222 0.005167 0.420236
v 0.127448 0.010248 0.379256
v 0.173238 0.076160 0.333101
v 0.207276 0.071255 0.369783
v 0.177116 0.074570 0.329192
v 0.271610 0.044695 0.304936
v 0.230682 0.052456 0.275199
v 0.297744 0.016700 0.144863
v 0.370690 -0.022587 0.000001
v 0.320099 -0.008264 0.000001
v 0.364611 -0.025934 -0.039398
v 0.314824 -0.011168 -0.034181
v 0.345920 0.005076 0.160517
v 0.533285 -0.068645 -0.000220
v 0.546907 -0.069540 0.022802
v 0.565349 -0.070599 0.055148
v 0.563070 -0.084180 -0.055429
v 0.653429 -0.102604 0.000195
v 0.593359 -0.077470 0.063380
v 0.620879 -0.086287 0.055399
v 0.618562 -0.099858 -0.055189
v 0.590790 -0.093057 -0.063418
v 0.293800 -0.467290 -0.041585
v 0.308501 -0.436522 -0.042940
v 0.313204 -0.221118 -0.044675
v 0.362772 -0.344207 -0.047809
v 0.418746 -0.311426 -0.052436
v 0.363747 -0.320753 -0.048035
v 0.325329 -0.517290 -0.043758
v 0.357823 -0.449422 -0.046753
v 0.313323 -0.344218 -0.043905
v 0.313063 -0.012761 -0.045591
v 0.363201 -0.222956 -0.048534
v 0.363068 -0.027330 -0.049394
v 0.364065 -0.232075 -0.048560
v 0.363650 -0.250153 -0.048447
v 0.429398 -0.249407 -0.053536
v 0.486560 -0.237788 -0.058009
v 0.502112 -0.269956 -0.059069
v 0.509481 -0.223710 -0.059844
v 0.458863 -0.239514 -0.055859
v 0.450916 -0.303018 -0.054962
v 0.554487 -0.190198 -0.063474
v 0.549140 -0.205549 -0.062992
v 0.435080 -0.309615 -0.053708
v 0.075655 -0.449427 0.455131
v 0.070867 -0.345580 0.463805
v 0.563070 -0.084180 -0.055429
v 0.563070 -0.084180 -0.055429
v 0.590790 -0.093057 -0.063418
v 0.590790 -0.093057 -0.063418
v 0.618562 -0.099858 -0.055189
v 0.618562 -0.099858 -0.055189
v 0.055097 -0.107140 0.471762
v 0.052154 -0.344218 0.417243
v 0.035405 -0.090984 0.425694
v 0.056430 -0.436522 0.409585
v 0.053743 -0.460462 0.398097
v 0.070836 -0.517290 0.413669
v 0.069033 -0.517290 0.421992
v 0.057394 -0.467290 0.392592
v 0.059979 -0.467290 0.380657
v 0.167992 -0.517290 -0.029649
v 0.429398 -0.249407 -0.053536
v 0.458863 -0.239514 -0.055859
v 0.458863 -0.239514 -0.055859
v 0.149278 -0.467290 -0.026810
v 0.065896 -0.095243 0.466314
v 0.051318 -0.073454 0.417665
v 0.127448 0.010248 0.379256
v 0.157222 0.005167 0.420236
v 0.173238 0.076160 0.333101
v 0.177116 0.074570 0.329192
v 0.207276 0.071255 0.369783
v 0.271610 0.044695 0.304936
v 0.230682 0.052456 0.275199
v 0.314824 -0.011168 -0.034181
v 0.313063 -0.012761 -0.045591
v 0.370690 -0.022587 0.000001
v 0.364611 -0.025934 -0.039398
v 0.320099 -0.008264 0.000001
v 0.297744 0.016700 0.144863
v 0.345920 0.005076 0.160517
v 0.533285 -0.068645 -0.000220
v 0.533285 -0.068645 -0.000220
v 0.546907 -0.069540 0.022802
v 0.565349 -0.070599 0.055148
v 0.565349 -0.070599 0.055148
v 0.593359 -0.077470 0.063380
v 0.593359 -0.077470 0.063380
v 0.620879 -0.086287 0.055399
v 0.620879 -0.086287 0.055399
v 0.653429 -0.102604 0.000195
v 0.653429 -0.102604 0.000195
v 0.313323 -0.344218 -0.043905
v 0.313204 -0.221118 -0.044675
v 0.362772 -0.344207 -0.047809
v 0.363747 -0.320753 -0.048035
v 0.357823 -0.449422 -0.046753
v 0.325329 -0.517290 -0.043758
v 0.293800 -0.467290 -0.041585
v 0.308501 -0.436522 -0.042940
v 0.502112 -0.269956 -0.059069
v 0.549140 -0.205549 -0.062992
v 0.450916 -0.303018 -0.054962
v 0.450916 -0.303018 -0.054962
v 0.435080 -0.309615 -0.053708
v 0.418746 -0.311426 -0.052436
v 0.363201 -0.222956 -0.048534
v 0.363068 -0.027330 -0.049394
v 0.364065 -0.232075 -0.048560
v 0.363650 -0.250153 -0.048447
v 0.486560 -0.237788 -0.058009
v 0.509481 -0.223710 -0.059844
v 0.429263 -0.249421 0.054902
v 0.435060 -0.216329 -0.000864
v 0.445687 -0.341997 0.000851
v 0.434661 -0.307404 0.055960
v 0.432639 -0.278135 0.063559
v 0.527358 -0.101850 -0.000298
v 0.556687 -0.115390 0.055112
v 0.557024 -0.115891 -0.055484
v 0.584556 -0.125458 -0.063435
v 0.611681 -0.135082 -0.055166
v 0.645265 -0.144631 0.000266
v 0.611237 -0.134871 0.055472
v 0.584032 -0.124989 0.063403
v 0.524650 -0.185586 0.055040
v 0.503275 -0.161874 -0.000488
v 0.525028 -0.186421 -0.055639
v 0.569910 -0.222655 -0.055095
v 0.599521 -0.241417 0.000458
v 0.569337 -0.222052 0.055632
v 0.547209 -0.203536 0.063452
v 0.482682 -0.229108 0.054970
v 0.475409 -0.197743 -0.000677
v 0.482824 -0.230322 -0.055792
v 0.507784 -0.282283 -0.055021
v 0.528015 -0.310895 0.000653
v 0.507367 -0.281195 0.055794
v 0.495480 -0.254844 0.063504
vn -0.9259 -0.0753 0.3703
vn -0.9219 -0.3320 -0.1997
vn -0.9210 -0.3332 -0.2018
vn -0.5332 0.7009 0.4737
vn -0.5149 0.7085 0.4826
vn 0.2688 0.9555 -0.1217
vn -0.0771 -0.0044 -0.9970
vn 0.2703 0.9549 -0.1228
vn 0.2633 0.9490 -0.1731
vn -0.0844 -0.0034 -0.9964
vn 0.2703 0.9549 -0.1229
vn 0.9225 -0.2451 0.2982
vn 0.7842 -0.2460 0.5697
vn 0.4577 -0.8246 0.3326
vn 0.5395 -0.8235 0.1753
vn 0.5697 -0.2461 0.7841
vn 0.3334 -0.8235 0.4589
vn 0.4378 -0.2357 0.8677
vn 0.3084 -0.7288 0.6114
vn 0.9580 -0.2458 0.1476
vn 0.5658 -0.8245 -0.0000
vn 0.9698 -0.2440 -0.0002
vn 0.4503 -0.0256 0.8925
vn 0.5876 -0.0272 0.8087
vn 0.6501 -0.0000 0.7599
vn 0.4505 -0.0000 0.8928
vn -0.9507 0.0269 -0.3089
vn -0.8087 0.0268 -0.5876
vn -0.7939 -0.0000 -0.6081
vn -0.9445 -0.0000 -0.3286
vn 0.9507 -0.0303 0.3087
vn 0.8087 -0.0271 0.5876
vn -0.9694 0.2453 -0.0000
vn -0.9220 0.2454 -0.2996
vn -0.9996 0.0268 -0.0000
vn 0.7939 -0.0000 0.6081
vn 0.7099 -0.0000 0.7043
vn 0.9981 -0.0623 -0.0034
vn 0.9847 -0.0452 0.1681
vn -0.5399 0.8233 -0.1754
vn -0.4580 0.8243 -0.3328
vn -0.7843 0.2454 -0.5698
vn -0.3336 0.8233 -0.4592
vn -0.5698 0.2454 -0.7843
vn -0.4377 0.2360 -0.8676
vn -0.3309 0.6785 -0.6558
vn -0.4062 0.4320 -0.8052
vn -0.0000 1.0000 -0.0000
vn -0.5661 0.8243 -0.0000
vn -0.5137 0.8543 0.0793
vn -0.6509 -0.0000 -0.7591
vn -0.5876 0.0269 -0.8087
vn -0.4503 0.0253 -0.8925
vn -0.4504 -0.0000 -0.8928
vn -0.9999 -0.0000 -0.0121
vn -0.9883 -0.0000 0.1525
vn -0.9880 0.0265 0.1525
vn 0.9445 -0.0000 0.3286
vn 0.9507 0.0025 0.3102
vn 0.9865 0.0186 0.1630
vn 0.9999 0.0147 0.0009
vn 0.9999 -0.0000 0.0121
vn 0.9501 -0.0000 0.3118
vn 0.9860 0.0007 0.1670
vn -0.7099 -0.0000 -0.7043
vn 0.9883 -0.0000 -0.1525
vn 0.9830 0.0350 -0.1805
vn 0.9570 -0.2478 -0.1504
vn 0.9793 -0.0742 -0.1883
vn 0.5114 -0.8557 -0.0789
vn -0.0000 -1.0000 -0.0000
vn -0.9572 0.2488 0.1477
vn 0.7746 0.6322 -0.0172
vn 0.4943 0.6962 -0.5205
vn 0.9794 0.0529 -0.1947
vn 0.7366 0.3583 0.5736
vn 0.7966 -0.6043 0.0153
vn 0.7464 -0.3489 0.5667
vn 0.6942 0.0116 0.7197
vn 0.5570 -0.6791 -0.4781
vn -0.1788 0.8498 0.4958
vn -0.2153 0.8435 0.4922
vn -0.2128 0.8312 -0.5136
vn -0.1833 0.8361 -0.5171
vn 0.1903 -0.8334 -0.5188
vn 0.0748 -0.8596 -0.5055
vn 0.1886 -0.8339 -0.5187
vn 0.1790 -0.8181 0.5465
vn 0.1703 -0.8200 0.5465
vn 0.0499 -0.2460 0.9680
vn 0.0561 -0.2456 0.9677
vn -0.0567 0.2809 0.9581
vn -0.0615 0.2799 0.9580
vn -0.8337 0.2509 0.4919
vn -0.8316 0.2588 0.4914
vn -0.8534 0.1622 0.4953
vn -0.8277 0.2568 -0.4989
vn -0.8303 0.2475 -0.4993
vn -0.8511 0.1580 -0.5007
vn -0.2611 0.0511 -0.9640
vn -0.2514 0.0792 -0.9646
vn -0.2517 0.0783 -0.9646
vn 0.2647 -0.0875 -0.9604
vn 0.2649 -0.0865 -0.9604
vn 0.2728 -0.0530 -0.9606
vn 0.8313 -0.1626 -0.5315
vn 0.8037 -0.2637 -0.5334
vn 0.8028 -0.2663 -0.5334
vn 0.8277 -0.1618 0.5373
vn 0.7984 -0.2647 0.5408
vn 0.7994 -0.2617 0.5408
vn 0.2628 -0.0509 0.9635
vn 0.2528 -0.0818 0.9641
vn 0.2524 -0.0829 0.9641
vn -0.2712 0.0527 0.9611
vn -0.2638 0.0850 0.9608
vn -0.2635 0.0860 0.9608
vn -0.7490 0.4586 0.4782
vn -0.7372 0.4793 0.4763
vn -0.7303 0.4777 -0.4882
vn -0.7434 0.4554 -0.4898
vn -0.2100 0.1428 -0.9672
vn 0.0076 -0.0075 -0.9999
vn 0.0539 -0.0380 -0.9978
vn 0.2278 -0.1665 -0.9594
vn 0.6880 -0.4918 -0.5336
vn 0.6847 -0.4965 -0.5335
vn 0.6792 -0.4917 0.5449
vn 0.6827 -0.4869 0.5449
vn 0.2164 -0.1509 0.9646
vn 0.2138 -0.1545 0.9646
vn -0.2325 0.1596 0.9594
vn -0.2305 0.1630 0.9593
vn -0.5335 0.6986 0.4768
vn -0.4933 0.7265 0.4784
vn -0.4854 0.7201 -0.4958
vn -0.5285 0.6909 -0.4934
vn -0.1354 0.2102 -0.9682
vn -0.1748 0.1820 -0.9676
vn -0.1381 0.2084 -0.9683
vn 0.1449 -0.2420 -0.9594
vn 0.1593 -0.2334 -0.9593
vn 0.4525 -0.7148 -0.5332
vn 0.4474 -0.7180 -0.5332
vn 0.4427 -0.7087 0.5493
vn 0.4478 -0.7055 0.5492
vn 0.1430 -0.2155 0.9660
vn 0.1348 -0.2199 0.9662
vn -0.1581 0.2361 0.9588
vn -0.1507 0.2409 0.9588
vn -0.3332 0.8029 -0.4943
vn -0.0901 0.2418 -0.9661
vn 0.0974 -0.2698 -0.9580
vn 0.2958 -0.7984 -0.5246
vt 0.803826 0.741885
vt 0.626888 0.514092
vt 0.258422 0.000000
vt 0.380783 0.000000
vt 0.772108 0.545989
vt 0.929218 0.748424
vt 1.000000 0.808030
vt 1.000000 0.906969
vt 0.906969 0.906969
vt 0.808030 0.808030
vt 0.895610 0.832678
vt 1.000000 0.849888
vt 1.000000 0.924662
vt 0.924779 0.000000
vt 0.924662 0.924662
vt 0.849888 0.849888
vt 0.849995 0.000000
vt 0.812492 0.812492
vt 0.723708 0.723708
vt 1.000000 0.619216
vt 1.000000 0.741578
vt 1.000000 0.723708
vt 1.000000 0.812492
vt 0.593896 0.321907
vt 0.358362 0.000000
vt 0.431167 0.000000
vt 0.661469 0.314756
vt 1.000000 0.354172
vt 1.000000 0.426126
vt 0.568833 0.000000
vt 0.715792 0.498775
vt 0.536786 0.258741
vt 0.426832 0.082425
vt 0.401140 0.036211
vt 0.386084 0.000000
vt 0.522583 0.000000
vt 1.000000 0.477643
vt 1.000000 0.542370
vt 0.551751 0.093910
vt 0.531429 0.074689
vt 0.489722 0.032409
vt 0.537985 0.167950
vt 0.577675 0.243683
vt 0.600126 0.302005
vt 0.647693 0.379281
vt 1.000000 0.163528
vt 0.992627 0.196843
vt 0.911997 0.235107
vt 0.874150 0.217681
vt 0.821088 0.194091
vt 0.803804 0.158198
vt 0.811694 0.122910
vt 0.891868 0.081102
vt 0.983254 0.125712
vt 0.537561 0.000000
vt 0.515088 0.515088
vt 0.451262 0.451262
vt 0.470949 0.000000
vt 0.663185 0.270558
vt 0.477418 0.000000
vt 0.613916 0.000000
vt 0.627879 0.124035
vt 0.663270 0.177461
vt 0.822038 0.418217
vt 0.924390 0.628666
vt 0.924067 0.924067
vt 0.848575 0.848575
vt 0.848871 0.578024
vt 0.802470 0.482673
vt 0.938026 0.443529
vt 1.000000 0.451262
vt 1.000000 0.515089
vt 0.946232 0.508378
vt 0.725617 0.537253
vt 0.780949 0.521868
vt 0.426126 0.426126
vt 0.354172 0.354172
vt 0.780328 0.469162
vt 0.693572 0.475523
vt 0.820442 0.021388
vt 0.779083 0.021397
vt 0.784691 0.001745
vt 0.823394 0.001745
vt 0.746065 0.021388
vt 0.753793 0.001745
vt 0.991429 0.305280
vt 0.997044 0.324924
vt 0.974392 0.324929
vt 0.972474 0.305280
vt 0.843426 0.021393
vt 0.866410 0.001745
vt 0.866410 0.021397
vt 0.973005 0.354996
vt 0.998008 0.354995
vt 0.998008 0.456549
vt 0.971566 0.427477
vt 0.968439 0.424032
vt 0.355766 0.342159
vt 0.393502 0.342159
vt 0.393502 0.457009
vt 0.355766 0.446657
vt 0.819935 0.051460
vt 0.778121 0.051461
vt 0.313823 0.315434
vt 0.355321 0.315434
vt 0.313823 0.342159
vt 0.778121 0.164457
vt 0.758405 0.172530
vt 0.744738 0.153013
vt 0.744738 0.051460
vt 0.866410 0.043830
vt 0.844236 0.056689
vt 0.353985 0.306526
vt 0.390119 0.306526
vt 0.392656 0.315434
vt 0.418967 0.306526
vt 0.422464 0.315434
vt 0.177319 0.582685
vt 0.197035 0.582685
vt 0.194494 0.591594
vt 0.177598 0.591594
vt 0.176541 0.589617
vt 0.476780 0.612259
vt 0.476031 0.611882
vt 0.492927 0.620406
vt 0.521547 0.649255
vt 0.540139 0.685389
vt 0.546337 0.725550
vt 0.544479 0.725550
vt 0.502635 0.725550
vt 0.197882 0.453331
vt 0.197882 0.555960
vt 0.176082 0.555960
vt 0.171232 0.482641
vt 0.175839 0.477566
vt 0.313823 0.439429
vt 0.303926 0.438588
vt 0.300623 0.438127
vt 0.300888 0.377801
vt 0.301111 0.342159
vt 0.177319 0.582685
vt 0.423630 0.342159
vt 0.819935 0.152986
vt 0.819935 0.087488
vt 0.844236 0.082297
vt 0.866410 0.095039
vt 0.866410 0.144977
vt 0.819935 0.069474
vt 0.842019 0.069493
vt 0.313823 0.306526
vt 0.423630 0.444789
vt 0.410267 0.463873
vt 0.409135 0.463412
vt 0.880705 0.143746
vt 0.877817 0.144008
vt 0.866410 0.144977
vt 0.880462 0.086964
vt 0.879947 0.021395
vt 0.880252 0.051858
vt 0.879080 0.001745
vt 0.879947 0.021395
vt 0.280046 0.734787
vt 0.273408 0.777803
vt 0.253494 0.816506
vt 0.222840 0.847404
vt 0.203885 0.856967
vt 0.204407 0.856704
vt 0.232650 0.734787
vt 0.278091 0.722117
vt 0.301390 0.315434
vt 0.301783 0.306526
vt 0.301390 0.315434
vt 0.819935 0.152986
vt 0.778121 0.164457
vt 0.866713 0.087760
vt 0.880437 0.079089
vt 0.880462 0.084358
vt 0.850533 0.078213
vt 0.866106 0.051078
vt 0.850160 0.061280
vt 0.847992 0.069841
vt 0.880333 0.059582
vt 0.822715 0.624324
vt 0.838861 0.622645
vt 0.838915 0.640652
vt 0.822735 0.643704
vt 0.854112 0.624285
vt 0.852638 0.643321
vt 0.577923 0.807870
vt 0.556799 0.809290
vt 0.554315 0.800786
vt 0.570103 0.798833
vt 0.574852 0.798494
vt 0.673402 0.595760
vt 0.670209 0.605775
vt 0.649409 0.604542
vt 0.652278 0.594340
vt 0.669624 0.614250
vt 0.649588 0.613103
vt 0.668646 0.622563
vt 0.649266 0.621475
vt 0.760805 0.631536
vt 0.776848 0.627616
vt 0.776858 0.640584
vt 0.767473 0.640953
vt 0.760827 0.641150
vt 0.744827 0.627471
vt 0.760827 0.641150
vt 0.744843 0.636653
vt 0.619935 0.735794
vt 0.618130 0.745175
vt 0.610159 0.742405
vt 0.611910 0.733223
vt 0.625984 0.747962
vt 0.620166 0.735850
vt 0.627976 0.737764
vt 0.638071 0.738558
vt 0.635707 0.750726
vt 0.724126 0.669796
vt 0.721334 0.655729
vt 0.731186 0.652903
vt 0.733550 0.665071
vt 0.716157 0.672348
vt 0.713457 0.658590
vt 0.724126 0.669796
vt 0.708048 0.674338
vt 0.705540 0.661370
vt 0.716157 0.672348
vt 0.760750 0.614157
vt 0.776827 0.607292
vt 0.744782 0.607050
vt 0.600895 0.762826
vt 0.609424 0.763920
vt 0.606874 0.767560
vt 0.609424 0.763920
vt 0.613890 0.773317
vt 0.607876 0.768365
vt 0.622463 0.778749
vt 0.709202 0.630487
vt 0.717941 0.624880
vt 0.702795 0.635848
vt 0.696264 0.641045
vt 0.760695 0.603772
vt 0.776807 0.594691
vt 0.744738 0.594340
vt 0.588675 0.775536
vt 0.596434 0.773415
vt 0.589757 0.777698
vt 0.595902 0.790581
vt 0.594260 0.787012
vt 0.601760 0.798865
vt 0.691260 0.613363
vt 0.697238 0.604765
vt 0.687818 0.620993
vt 0.684113 0.628444
vt 0.822696 0.608857
vt 0.838807 0.610963
vt 0.854765 0.608816
vt 0.854785 0.615754
vt 0.854112 0.624285
vt 0.581738 0.778198
vt 0.579437 0.796584
vt 0.594260 0.787012
vt 0.579437 0.796584
vt 0.574852 0.798494
s 0
usemtl lambert2SG
f 870/986/407 871/987/407 878/988/407 880/989/407 879/990/407 881/991/407 882/992/407 884/993/407
f 884/994/408 882/995/408 885/996/408 886/997/408 883/998/408
f 887/999/409 883/1000/409 886/1001/409 891/1002/409
f 892/1003/410 893/1004/410 880/1005/410 878/1006/410
f 893/1007/411 892/1008/411 895/1009/411 898/1010/411 896/1011/411 894/1012/411
f 898/1013/412 897/1014/412 896/1015/412
f 868/1016/413 927/1017/413 929/1018/413 931/1019/413 932/1020/413 920/1021/413 902/1022/413 934/1023/413 933/1024/413 935/1025/413 936/1026/413 888/1027/413 889/1028/413 937/1029/413 938/1030/413
f 874/1031/414 872/1032/414 908/1033/414 910/1034/414 911/1035/414 913/1036/414 915/1037/414 917/1038/414 876/1039/414
f 902/1040/415 901/1041/415 904/1042/415 934/1043/415
f 919/1044/416 920/1045/416 932/1046/416 852/1047/416 921/1048/416 923/1049/416 924/1050/416 887/1051/416 891/1052/416 925/1053/416 926/1054/416
f 903/1055/417 904/1056/417 901/1057/417 905/1058/417 906/1059/417 900/1060/417 897/1061/417 898/1062/417 899/1063/417 907/1064/417
s 1
f 761/1065/418 763/1066/419 764/1067/420 762/1068/421
f 763/1066/419 765/1069/422 766/1070/423 764/1067/420
f 766/1071/423 765/1072/422 811/1073/424 818/1074/425
f 775/1075/426 761/1065/418 762/1068/421 760/1076/427 759/1077/428
f 812/1078/429 769/1079/430 825/1080/431 823/1081/432 810/1082/432
f 811/1073/424 765/1072/422 769/1079/430 812/1078/429
f 752/1083/433 757/1084/434 831/1085/435 832/1086/436
f 761/1065/418 770/1087/437 771/1088/438 763/1066/419
f 753/1089/439 747/1090/440 752/1083/433 758/1091/441
f 771/1088/438 830/1092/442 828/1093/443 825/1094/431 769/1095/430
f 763/1066/419 771/1088/438 769/1095/430 765/1069/422
f 759/1077/428 772/1096/444 774/1097/445 775/1075/426
f 747/1090/440 754/1098/446 750/1099/447 755/1100/448
f 755/1100/448 750/1099/447 756/1101/449 748/1102/450
f 813/1103/451 748/1104/450 756/1105/449 820/1106/452 814/1107/453
f 819/1108/454 820/1109/452 756/1110/449 750/1111/447 754/1112/446 749/1113/455 847/1114/456 822/1115/454
f 826/1116/457 751/1117/458 815/1118/459 816/1119/460 824/1120/460
f 834/1121/461 836/1122/462 856/1123/462 849/1124/462 855/1125/463 758/1091/441
f 815/1118/459 751/1117/458 748/1104/450 813/1126/451
f 747/1090/440 755/1100/448 757/1084/434 752/1083/433
f 755/1100/448 748/1102/450 751/1127/458 757/1084/434
f 837/1128/464 767/1129/465 773/1130/466 768/1131/467 833/1132/468
f 776/1133/469 777/1134/470 773/1130/466 767/1129/465
f 775/1075/426 774/1097/445 770/1087/437 761/1065/418
f 749/1135/455 754/1098/446 747/1090/440 753/1089/439
f 757/1084/434 751/1127/458 826/1136/457 827/1137/471 829/1138/471 831/1085/435
f 858/1139/472 835/1140/472 833/1141/468 768/1131/467 857/1142/473
f 772/1096/444 759/1077/428 854/1143/474 850/1144/475
f 759/1077/428 760/1076/427 853/1145/476 854/1146/474
f 760/1147/427 762/1148/421 764/1149/420 766/1150/423 818/1151/425 817/1152/477 821/1153/477 853/1154/476
f 758/1091/441 752/1083/433 832/1086/436 834/1121/461
f 749/1135/455 753/1089/439 848/1155/478 847/1156/456
f 753/1089/439 758/1091/441 855/1125/463 848/1157/478
f 770/1087/437 776/1133/469 767/1129/465 837/1158/464 830/1159/442 771/1088/438
f 774/1097/445 777/1134/470 776/1133/469 770/1087/437
f 768/1131/467 778/1160/479 860/1161/480 859/1162/481 857/1142/473
f 768/1131/467 773/1130/466 779/1163/482 778/1160/479
f 774/1097/445 772/1096/444 781/1164/483 780/1165/484
f 773/1130/466 777/1134/470 782/1166/485 779/1163/482
f 922/1167/486 781/1164/483 772/1096/444 850/1144/475
f 777/1134/470 774/1097/445 780/1165/484 782/1166/485
f 939/1168/487 940/1169/488 778/1170/479 779/1171/482
f 778/1170/479 806/1169/489 861/1172/490 860/1173/480
f 941/1174/491 781/1175/483 922/1176/486 851/1177/492 869/1178/493
f 807/1179/494 942/1180/495 780/1181/484 781/1182/483
f 808/1180/496 943/1183/497 782/1184/485 780/1181/484
f 809/1183/498 805/1185/499 779/1186/482 782/1184/485
f 944/1187/500 945/1188/501 912/1189/502 839/1190/502 909/1191/502
f 946/1192/503 784/1187/504 838/1193/505 873/1194/505
f 875/1195/506 947/1196/507 785/1197/508 841/1198/506
f 948/1199/509 786/1196/510 846/1200/511 877/1201/511
f 918/1202/512 949/1203/513 787/1199/514 845/1201/512
f 916/1204/515 950/1205/516 788/1206/517 842/1207/515
f 914/1208/518 951/1209/519 789/1205/520 844/1210/518
f 840/1211/521 783/1212/522 790/1209/523 843/1213/521
f 945/1188/501 944/1187/500 953/1214/524 952/1215/525
f 784/1187/504 946/1192/503 793/1216/526 792/1214/527
f 954/1217/528 785/1197/508 947/1196/507 867/1218/529 928/1219/530
f 867/1220/529 786/1196/510 948/1199/509 955/1221/531 928/1222/530
f 787/1199/514 949/1203/513 956/1223/532 794/1221/533
f 788/1206/517 950/1205/516 957/1224/534 795/1225/535
f 789/1205/520 951/1209/519 958/1226/536 796/1224/537
f 790/1209/523 783/1212/522 791/1227/538 797/1226/539
f 952/1215/525 953/1214/524 960/1228/540 959/1229/541
f 792/1214/527 793/1216/526 961/1230/542 799/1228/543
f 800/1231/544 954/1217/528 928/1219/530 864/1232/545 862/1233/546
f 955/1221/531 962/1234/547 863/1235/548 928/1222/530
f 794/1221/533 956/1223/532 963/1236/549 801/1234/550
f 795/1225/535 957/1224/534 964/1237/551 802/1238/552
f 796/1224/537 958/1226/536 965/1239/553 803/1237/554
f 797/1226/539 791/1227/538 798/1240/555 804/1239/556
f 959/1241/541 960/1242/540 940/1169/488 939/1168/487
f 806/1169/489 799/1242/543 961/1243/542 890/1244/557 861/1245/490
f 865/1246/558 800/1231/544 862/1233/546
f 962/1234/547 930/1247/559 863/1248/548
f 866/1249/560 801/1234/550 963/1236/549 941/1174/491 869/1250/493
f 802/1238/552 964/1237/551 942/1180/495 807/1179/494
f 803/1237/554 965/1239/553 943/1183/497 808/1180/496
f 804/1239/556 798/1240/555 805/1185/499 809/1183/498
o CystalMug_cell.007
v -0.589206 -0.436522 -0.143324
v -0.589206 -0.436522 0.143326
v -0.596411 -0.467290 0.000001
v -0.593938 -0.344218 0.144863
v -0.575006 -0.467290 -0.138710
v -0.575006 -0.467290 0.138712
v -0.611322 -0.436522 0.000001
v -0.616293 -0.344218 0.000001
v -0.605350 -0.517290 -0.148567
v -0.636726 -0.449444 -0.158764
v -0.636726 -0.449444 0.158766
v -0.605348 -0.517290 0.148571
v -0.661234 -0.449413 0.000001
v -0.628275 -0.517290 0.000000
v -0.642114 -0.345581 0.160517
v -0.666884 -0.345579 0.000001
v -0.587984 -0.153962 0.265716
v -0.582999 -0.449421 0.263194
v -0.587668 -0.345580 0.266332
v -0.543320 -0.436522 0.232502
v -0.538616 -0.448672 0.228925
v -0.547426 -0.344218 0.235258
v -0.574103 -0.472353 0.256428
v -0.547687 -0.186274 0.234751
v -0.666884 -0.300895 0.000001
v -0.656911 -0.345581 -0.064623
v -0.642115 -0.205109 0.160517
v -0.616293 -0.316421 0.000001
v -0.638657 -0.412223 -0.159392
v -0.612975 -0.449434 -0.204928
v -0.593938 -0.229977 0.144863
v -0.576713 -0.436522 -0.167604
v -0.553472 -0.458158 -0.190121
v -0.582700 -0.477596 -0.234225
v -0.610090 -0.344218 -0.040199
v -0.590209 -0.416952 -0.143650
v -0.556768 -0.517290 0.242985
v -0.531447 -0.467290 0.223366
v -0.401827 -0.517290 0.122886
v -0.391836 -0.467290 0.115149
v -0.543729 -0.467290 -0.199495
v -0.540316 -0.517290 -0.274956
v -0.498546 -0.517290 -0.254767
v -0.462344 -0.467290 -0.160158
v -0.582999 -0.449421 0.263194
v -0.574103 -0.472353 0.256428
v -0.543320 -0.436522 0.232502
v -0.538616 -0.448672 0.228925
v -0.547426 -0.344218 0.235258
v -0.547687 -0.186274 0.234751
v -0.587668 -0.345580 0.266332
v -0.587984 -0.153962 0.265716
v -0.576713 -0.436522 -0.167604
v -0.553472 -0.458158 -0.190121
v -0.612975 -0.449434 -0.204928
v -0.582700 -0.477596 -0.234225
v -0.638657 -0.412223 -0.159392
v -0.656911 -0.345581 -0.064623
v -0.666884 -0.300895 0.000001
v -0.642115 -0.205109 0.160517
v -0.593938 -0.229977 0.144863
v -0.616293 -0.316421 0.000001
v -0.610090 -0.344218 -0.040199
v -0.590209 -0.416952 -0.143650
v -0.531447 -0.467290 0.223366
v -0.391836 -0.467290 0.115149
v -0.556768 -0.517290 0.242985
v -0.401827 -0.517290 0.122886
v -0.540316 -0.517290 -0.274956
v -0.498546 -0.517290 -0.254767
v -0.543729 -0.467290 -0.199495
v -0.462344 -0.467290 -0.160158
vn 0.6111 0.0036 0.7915
vn 0.2498 0.8140 -0.5243
vn 0.6126 -0.0001 0.7904
vn 0.2543 0.8115 -0.5262
vn 0.9437 -0.2260 -0.2417
vn 0.9342 -0.0000 -0.3568
vn 0.9507 0.0269 -0.3089
vn 0.9996 0.0268 -0.0000
vn 0.9984 -0.0000 -0.0567
vn -0.2712 -0.9524 -0.1395
vn -0.5395 -0.8235 -0.1753
vn -0.9218 -0.2461 -0.2995
vn -0.8291 -0.3613 -0.4266
vn -0.8016 -0.4327 -0.4125
vn -0.8626 -0.2428 0.4438
vn -0.9218 -0.2461 0.2995
vn -0.5395 -0.8235 0.1753
vn -0.5141 -0.8160 0.2645
vn -0.8016 -0.4327 0.4125
vn -0.5658 -0.8246 -0.0000
vn -0.0000 -1.0000 -0.0000
vn -0.9693 -0.2460 -0.0000
vn -0.9996 -0.0271 -0.0000
vn -0.9874 -0.0435 -0.1524
vn -0.9674 -0.0543 -0.2473
vn 0.5661 0.8243 -0.0000
vn 0.5398 0.8233 -0.1754
vn 0.5144 0.8157 -0.2647
vn -0.0000 1.0000 -0.0000
vn 0.2713 0.9523 0.1396
vn 0.5398 0.8233 0.1754
vn 0.9220 0.2454 -0.2996
vn 0.9694 0.2454 -0.0000
vn -0.9342 -0.0000 0.3568
vn -0.9507 -0.0272 0.3089
vn -0.8889 -0.0269 0.4574
vn -0.8892 -0.0000 0.4575
vn 0.8294 0.3606 0.4267
vn 0.9220 0.2454 0.2996
vn 0.8019 0.4320 0.4126
vn 0.8019 0.4320 -0.4126
vn 0.8627 0.2422 -0.4439
vn 0.8889 0.0266 -0.4574
vn 0.8892 -0.0000 -0.4575
vn 0.9674 0.0537 0.2473
vn -0.9984 -0.0000 0.0567
vn 0.9874 0.0430 0.1524
vt 0.405662 0.000000
vt 0.506509 0.000000
vt 0.522715 0.029597
vt 0.694891 0.213585
vt 1.000000 0.519671
vt 1.000000 0.634276
vt 0.629843 0.262932
vt 0.436220 0.055884
vt 0.535613 0.000000
vt 0.618658 0.000000
vt 0.704768 0.093636
vt 0.777837 0.198895
vt 0.829846 0.351637
vt 0.858278 0.451133
vt 0.788049 0.604908
vt 0.634276 0.634276
vt 0.519672 0.519672
vt 0.651059 0.494575
vt 0.714444 0.355800
vt 0.696759 0.293909
vt 0.640115 0.127259
vt 0.601716 0.071914
vt 0.884737 0.457788
vt 1.000000 0.493491
vt 1.000000 0.594338
vt 0.721688 0.508054
vt 0.212426 0.000000
vt 0.425862 0.000000
vt 0.442049 0.213149
vt 1.000000 0.381342
vt 1.000000 0.464387
vt 0.871680 0.425692
vt 0.426805 0.426805
vt 0.213721 0.213721
vt 0.212426 0.212426
vt 1.000000 0.213721
vt 1.000000 0.426805
vt 0.425862 0.425862
vt 0.663324 0.373990
vt 0.663324 0.340914
vt 0.705266 0.340914
vt 0.705266 0.348962
vt 0.352184 0.001745
vt 0.388778 0.001745
vt 0.385826 0.021388
vt 0.372460 0.021391
vt 0.363977 0.013238
vt 0.507997 0.021395
vt 0.477761 0.021388
vt 0.474809 0.001745
vt 0.502146 0.001745
vt 0.506038 0.014756
vt 0.008630 0.777803
vt 0.001992 0.734787
vt 0.008630 0.691772
vt 0.027459 0.694906
vt 0.039553 0.696919
vt 0.067556 0.767994
vt 0.022696 0.805139
vt 0.431794 0.021397
vt 0.431793 0.001745
vt 0.431794 0.051460
vt 0.413083 0.051460
vt 0.385644 0.032165
vt 0.286734 0.725550
vt 0.292932 0.685389
vt 0.305544 0.687275
vt 0.345965 0.693321
vt 0.325550 0.760832
vt 0.301987 0.764357
vt 0.292931 0.765711
vt 0.663769 0.314189
vt 0.665105 0.305280
vt 0.705266 0.305280
vt 0.705266 0.314189
vt 0.478268 0.092131
vt 0.478268 0.051459
vt 0.508905 0.051460
vt 0.508727 0.106940
vt 0.507997 0.021395
vt 0.372460 0.021391
vt 0.385644 0.032165
vt 0.753793 0.314189
vt 0.746763 0.314189
vt 0.745427 0.305280
vt 0.763026 0.305280
vt 0.760312 0.307924
vt 0.638985 0.310671
vt 0.640595 0.305280
vt 0.637949 0.314189
vt 0.637151 0.340914
vt 0.637298 0.386643
vt 0.746857 0.319855
vt 0.753793 0.314189
vt 0.478268 0.092131
vt 0.431794 0.064397
vt 0.705266 0.348962
vt 0.716905 0.340914
vt 0.413083 0.051460
vt 0.746857 0.319855
vt 0.716905 0.340914
s 0
usemtl lambert2SG
f 1011/1251/561 1013/1252/561 1012/1253/561 1014/1254/561 1015/1255/561 1017/1256/561 1016/1257/561 1010/1258/561
f 1019/1259/562 1021/1260/562 1020/1261/562 1022/1262/562 1023/1263/562 1024/1264/562 1025/1265/562 1017/1266/562 1015/1267/562 1026/1268/562 1027/1269/562 1028/1270/562 1029/1271/562 1018/1272/562
f 1030/1273/563 1013/1274/563 1011/1275/563 1032/1276/563 1033/1277/563 1031/1278/563
f 1034/1279/564 1021/1280/564 1019/1281/564 1036/1282/564 1037/1283/564 1035/1284/564
f 1033/1285/565 1035/1286/565 1037/1287/565 1031/1288/565
s 1
f 996/1289/566 969/1290/567 973/1291/568 993/1292/569
f 1007/1293/570 974/1294/571 975/1295/572 995/1296/573 999/1297/574
f 983/1298/575 976/1299/576 977/1300/577 1002/1301/578 988/1302/579
f 977/1303/577 979/1304/580 974/1305/571 1007/1306/570 1008/1307/581 1004/1308/581 1002/1309/578
f 976/1299/576 978/1310/582 979/1311/580 977/1300/577
f 975/1295/572 978/1310/582 981/1312/583 991/1313/584 994/1314/585
f 968/1315/586 971/1316/587 1003/1317/588 1005/1318/589 1009/1319/589 1006/1320/590 970/1321/591
f 967/1322/592 971/1323/587 968/1324/586 972/1325/593
f 992/1326/594 980/1327/595 984/1328/596 982/1329/597
f 984/1328/596 980/1327/595 976/1299/576 983/1330/575
f 995/1331/573 975/1295/572 994/1332/585
f 997/1333/598 966/1334/599 970/1335/591 1006/1336/590 998/1337/600
f 986/1338/601 1003/1339/588 971/1323/587 967/1322/592 985/1340/602
f 987/1341/603 969/1290/567 996/1289/566 989/1342/604
f 976/1299/576 980/1327/595 981/1312/583 978/1310/582
f 978/1310/582 975/1295/572 974/1294/571 979/1311/580
f 967/1322/592 972/1325/593 973/1291/568 969/1290/567
f 985/1340/602 967/1322/592 969/1290/567 987/1341/603
f 1001/1343/605 966/1334/599 997/1344/598
f 981/1312/583 980/1327/595 992/1345/594 990/1346/606
f 993/1347/569 973/1291/568 1000/1348/607
f 972/1325/593 968/1324/586 970/1335/591 966/1334/599
f 991/1349/584 981/1312/583 990/1346/606
f 973/1291/568 972/1325/593 966/1334/599 1001/1350/605 1000/1351/607
o CystalMug_cell.008
v 0.293012 -0.436522 -0.143324
v 0.297744 -0.344218 -0.144862
v 0.278813 -0.467290 -0.138710
v 0.340532 -0.449443 -0.158764
v 0.309154 -0.517290 -0.148569
v 0.345920 -0.221145 -0.160515
v 0.345919 -0.345581 -0.160515
v 0.358873 -0.239075 -0.076583
v 0.358871 -0.327521 -0.076583
v 0.352786 -0.449428 -0.079382
v 0.358873 -0.283298 -0.084241
v 0.345920 -0.283364 -0.160515
v 0.362164 -0.254982 -0.056091
v 0.362964 -0.313474 -0.054867
v 0.363439 -0.284500 -0.063613
v 0.495862 -0.256374 -0.063528
v 0.432687 -0.280112 -0.063571
v 0.166671 -0.517290 -0.042734
v 0.168752 -0.517290 -0.033784
v 0.150446 -0.467290 -0.032580
v 0.146287 -0.467290 -0.050466
v 0.140744 -0.517290 -0.159717
v 0.122370 -0.467290 -0.158377
v 0.293484 -0.467290 -0.043631
v 0.308199 -0.436522 -0.044898
v 0.312973 -0.221096 -0.046176
v 0.362544 -0.343232 -0.049490
v 0.417446 -0.310635 -0.053870
v 0.363560 -0.319010 -0.049671
v 0.325005 -0.517290 -0.045855
v 0.357529 -0.449422 -0.048655
v 0.313052 -0.344218 -0.045663
v 0.273029 0.047082 -0.192897
v 0.319444 0.039163 -0.211971
v 0.317218 0.040703 -0.216298
v 0.275501 0.045372 -0.188092
v 0.220572 0.077530 -0.285389
v 0.230682 0.073114 -0.275198
v 0.256542 0.075320 -0.320123
v 0.271610 0.068738 -0.304935
v 0.174635 0.097311 -0.331692
v 0.216228 0.092680 -0.360758
v 0.362813 -0.027097 -0.051045
v 0.429230 -0.250385 -0.055094
v 0.363357 -0.251104 -0.049953
v 0.363783 -0.232455 -0.050081
v 0.362965 -0.223834 -0.050061
v 0.439516 -0.246937 -0.055913
v 0.431085 -0.309120 -0.054941
v 0.489641 -0.243944 -0.059837
v 0.500050 -0.265476 -0.060540
v 0.504927 -0.234631 -0.061076
v 0.534827 -0.217485 -0.063494
v 0.312781 -0.011910 -0.047421
v 0.205207 -0.125761 -0.300876
v 0.251496 -0.164653 -0.325209
v 0.228822 -0.467290 -0.235864
v 0.233811 -0.344218 -0.269117
v 0.230682 -0.309492 -0.275198
v 0.279626 -0.449418 -0.277147
v 0.274841 -0.345579 -0.298656
v 0.271610 -0.309721 -0.304935
v 0.259092 -0.517290 -0.245864
v 0.238107 -0.436522 -0.250029
v 0.297744 0.024350 -0.144862
v 0.345920 0.014140 -0.160515
v 0.166671 -0.517290 -0.042734
v 0.168752 -0.517290 -0.033784
v 0.150446 -0.467290 -0.032580
v 0.146287 -0.467290 -0.050466
v 0.429230 -0.250385 -0.055094
v 0.429230 -0.250385 -0.055094
v 0.122370 -0.467290 -0.158377
v 0.140744 -0.517290 -0.159717
v 0.362544 -0.343232 -0.049490
v 0.357529 -0.449422 -0.048655
v 0.363560 -0.319010 -0.049671
v 0.417446 -0.310635 -0.053870
v 0.312973 -0.221096 -0.046176
v 0.313052 -0.344218 -0.045663
v 0.308199 -0.436522 -0.044898
v 0.293484 -0.467290 -0.043631
v 0.325005 -0.517290 -0.045855
v 0.319444 0.039163 -0.211971
v 0.317218 0.040703 -0.216298
v 0.273029 0.047082 -0.192897
v 0.275501 0.045372 -0.188092
v 0.220572 0.077530 -0.285389
v 0.230682 0.073114 -0.275198
v 0.271610 0.068738 -0.304935
v 0.256542 0.075320 -0.320123
v 0.174635 0.097311 -0.331692
v 0.216228 0.092680 -0.360758
v 0.431085 -0.309120 -0.054941
v 0.431085 -0.309120 -0.054941
v 0.500050 -0.265476 -0.060540
v 0.534827 -0.217485 -0.063494
v 0.534827 -0.217485 -0.063494
v 0.504927 -0.234631 -0.061076
v 0.489641 -0.243944 -0.059837
v 0.439516 -0.246937 -0.055913
v 0.363357 -0.251104 -0.049953
v 0.363783 -0.232455 -0.050081
v 0.362965 -0.223834 -0.050061
v 0.362813 -0.027097 -0.051045
v 0.205207 -0.125761 -0.300876
v 0.251496 -0.164653 -0.325209
v 0.228822 -0.467290 -0.235864
v 0.238107 -0.436522 -0.250029
v 0.233811 -0.344218 -0.269117
v 0.230682 -0.309492 -0.275198
v 0.271610 -0.309721 -0.304935
v 0.274841 -0.345579 -0.298656
v 0.279626 -0.449418 -0.277147
v 0.259092 -0.517290 -0.245864
v 0.345920 0.014140 -0.160515
v 0.297744 0.024350 -0.144862
v 0.312781 -0.011910 -0.047421
v 0.432687 -0.280112 -0.063571
v 0.495862 -0.256374 -0.063528
vn -0.9158 -0.3404 0.2130
vn -0.9173 -0.3425 0.2033
vn 0.0770 0.0042 0.9970
vn 0.2474 0.9460 0.2094
vn 0.2341 0.9551 0.1816
vn 0.2315 0.9563 0.1789
vn 0.0766 0.0053 0.9970
vn -0.5766 -0.1888 -0.7949
vn -0.5777 -0.1910 -0.7936
vn 0.2916 0.9099 0.2950
vn 0.8673 -0.2204 -0.4463
vn 0.9225 -0.2451 -0.2982
vn 0.5395 -0.8235 -0.1753
vn 0.5298 -0.8031 -0.2726
vn -0.9581 0.2455 0.1478
vn -0.9220 0.2454 0.2996
vn -0.5399 0.8233 0.1754
vn -0.5444 0.8346 0.0840
vn 0.5441 -0.8348 -0.0840
vn 0.9582 -0.2453 -0.1474
vn 0.9584 -0.2427 -0.1500
vn -0.9384 -0.0000 0.3455
vn -0.9507 0.0269 0.3089
vn -0.9880 0.0266 0.1525
vn -0.9883 -0.0000 0.1525
vn 0.9507 -0.0303 -0.3087
vn 0.9863 -0.0378 -0.1608
vn 0.9861 0.0016 -0.1664
vn 0.9501 -0.0000 -0.3118
vn 0.9507 0.0025 -0.3102
vn 0.9867 0.0129 -0.1623
vn 0.8890 -0.0235 -0.4574
vn -0.8675 0.2197 0.4463
vn -0.5301 0.8028 0.2728
vn 0.7923 -0.0000 -0.6101
vn 0.8892 -0.0000 -0.4575
vn 0.9383 -0.0000 -0.3458
vn 0.8805 -0.0000 -0.4741
vn 0.7099 -0.0000 -0.7043
vn -0.0000 1.0000 -0.0000
vn -0.0000 -1.0000 -0.0000
vn 0.9883 -0.0000 -0.1525
vn 0.9866 0.0021 -0.1631
vn -0.8890 0.0232 0.4574
vn -0.8892 -0.0000 0.4575
vn -0.7923 -0.0000 0.6101
vn -0.8805 -0.0000 0.4741
vn -0.7099 -0.0000 0.7043
vn 0.9866 -0.0453 -0.1570
vn 0.7433 0.3319 -0.5809
vn 0.9830 0.0061 -0.1836
vn 0.7227 0.5172 -0.4585
vn 0.7167 -0.3317 -0.6134
vn 0.7986 -0.3817 -0.4654
vn 0.6962 -0.0140 -0.7177
vn -0.0503 0.8487 -0.5264
vn -0.0557 0.2514 -0.9663
vn -0.0511 0.2523 -0.9663
vn 0.0678 -0.2855 -0.9560
vn 0.0495 -0.2864 -0.9568
vn 0.0500 -0.7136 -0.6988
vn -0.1875 0.1869 -0.9643
vn -0.1395 0.2174 -0.9661
vn -0.1386 0.2180 -0.9661
vn 0.1640 -0.2467 -0.9551
vn 0.2146 -0.2142 -0.9529
vn 0.1469 -0.2575 -0.9550
vn -0.0980 0.2430 -0.9651
vt 1.000000 0.927918
vt 0.924325 0.924325
vt 0.848779 0.848779
vt 1.000000 0.855959
vt 0.855959 0.855959
vt 0.856665 0.000000
vt 0.928683 0.000000
vt 0.927918 0.927918
vt 0.513736 0.175377
vt 0.492803 0.114157
vt 0.387532 0.000000
vt 0.522903 0.000000
vt 0.607873 0.270945
vt 0.680850 0.483340
vt 0.729907 0.578855
vt 1.000000 0.848779
vt 1.000000 0.924325
vt 0.704955 0.629464
vt 0.596620 0.418654
vt 0.468757 0.000000
vt 1.000000 0.517820
vt 1.000000 0.575028
vt 0.410066 0.000000
vt 0.940763 0.519181
vt 0.575028 0.575028
vt 0.517820 0.517820
vt 0.911714 0.457674
vt 1.000000 0.452699
vt 1.000000 0.515843
vt 0.515843 0.515843
vt 0.452699 0.452699
vt 0.488361 0.000000
vt 0.556479 0.000000
vt 0.405280 0.365133
vt 0.545840 0.280788
vt 0.678800 0.235920
vt 0.619667 0.274556
vt 0.588185 0.294307
vt 0.547979 0.359142
vt 0.533244 0.372439
vt 0.487763 0.457650
vt 0.530721 0.457147
vt 0.549905 0.458226
vt 1.000000 0.458913
vt 1.000000 0.523632
vt 0.522903 0.522903
vt 0.387532 0.387532
vt 0.556479 0.556479
vt 0.488361 0.488361
vt 1.000000 0.572263
vt 1.000000 0.629211
vt 0.810542 0.140244
vt 0.773894 0.183963
vt 0.721174 0.316054
vt 0.704032 0.365793
vt 0.629211 0.629211
vt 0.572263 0.572263
vt 0.631339 0.364277
vt 0.649041 0.312917
vt 0.708434 0.164320
vt 0.789369 0.067880
vt 1.000000 0.071317
vt 1.000000 0.143335
vt 0.811896 0.495925
vt 1.000000 0.531243
vt 1.000000 0.589934
vt 0.841968 0.560263
vt 0.540250 0.540250
vt 0.473477 0.473477
vt 0.946653 0.021395
vt 0.912377 0.021388
vt 0.909426 0.001745
vt 0.937596 0.001745
vt 0.300824 0.315434
vt 0.272326 0.315434
vt 0.273662 0.306526
vt 0.301191 0.306526
vt 0.879687 0.001745
vt 0.889394 0.021393
vt 0.880497 0.021395
vt 0.271881 0.448872
vt 0.271881 0.342159
vt 0.300602 0.342159
vt 0.300453 0.377807
vt 0.300093 0.438373
vt 0.912884 0.051460
vt 0.888583 0.056689
vt 0.890801 0.069493
vt 0.912884 0.069474
vt 0.912884 0.087488
vt 0.888583 0.082297
vt 0.952880 0.051461
vt 0.241431 0.315434
vt 0.245533 0.306526
vt 0.954698 0.171419
vt 0.929035 0.163302
vt 0.927782 0.162856
vt 0.912884 0.155611
vt 0.952880 0.051461
vt 0.954698 0.061843
vt 0.954698 0.061843
vt 0.960568 0.103844
vt 0.970861 0.178351
vt 0.959096 0.173324
vt 0.501769 0.725550
vt 0.502973 0.725550
vt 0.544387 0.725550
vt 0.540140 0.765711
vt 0.525666 0.763546
vt 0.494845 0.758936
vt 0.273408 0.691771
vt 0.277997 0.721510
vt 0.232757 0.734787
vt 0.232155 0.734787
vt 0.224648 0.699888
vt 0.258913 0.663601
vt 0.912884 0.155611
vt 0.881189 0.143672
vt 0.880904 0.086710
vt 0.235906 0.342159
vt 0.271881 0.448872
vt 0.259365 0.454959
vt 0.257974 0.455454
vt 0.234145 0.462991
vt 0.234145 0.352213
vt 0.234145 0.352213
vt 0.231194 0.464269
vt 0.217788 0.469997
vt 0.226710 0.405410
vt 0.235906 0.342159
vt 0.880739 0.052140
vt 0.882650 0.077691
vt 0.880904 0.086710
vt 0.880903 0.084247
vt 0.880873 0.078814
vt 0.882296 0.060756
vt 0.880786 0.059141
vt 0.884828 0.069145
vt 0.854809 0.624360
vt 0.854851 0.643751
vt 0.853074 0.643405
vt 0.573132 0.781500
vt 0.574159 0.789952
vt 0.554110 0.791223
vt 0.553740 0.782677
vt 0.553972 0.799612
vt 0.573695 0.798351
vt 0.573695 0.798351
vt 0.569738 0.798712
vt 0.554233 0.800505
vt 0.595110 0.776604
vt 0.603731 0.771820
vt 0.592450 0.783079
vt 0.590649 0.779480
vt 0.593663 0.785714
vt 0.576136 0.780347
vt 0.590649 0.779480
vt 0.593663 0.785714
vt 0.574761 0.798002
s 0
usemtl lambert2SG
f 1104/1352/608 1105/1353/608 1106/1354/608 1107/1355/608
f 1107/1356/609 1110/1357/609 1111/1358/609 1104/1359/609
f 1112/1360/610 1066/1361/610 1115/1362/610 1116/1363/610 1117/1364/610 1118/1365/610 1119/1366/610 1106/1367/610 1105/1368/610 1120/1369/610 1113/1370/610
f 1121/1371/611 1122/1372/611 1123/1373/611 1124/1374/611
f 1126/1375/612 1123/1376/612 1122/1377/612 1127/1378/612 1128/1379/612 1125/1380/612
f 1125/1381/613 1128/1382/613 1130/1383/613 1129/1384/613
f 1132/1385/614 1133/1386/614 1134/1387/614 1136/1388/614 1137/1389/614 1138/1390/614 1109/1391/614 1139/1392/614 1140/1393/614 1141/1394/614 1142/1395/614 1155/1396/614 1116/1397/614 1115/1398/614
f 1129/1399/615 1130/1400/615 1144/1401/615 1143/1402/615
f 1145/1403/616 1146/1404/616 1147/1405/616 1148/1406/616 1143/1407/616 1144/1408/616 1149/1409/616 1150/1410/616 1151/1411/616 1152/1412/616 1111/1413/616 1110/1414/616
f 1153/1415/617 1121/1416/617 1124/1417/617 1154/1418/617 1155/1419/617 1142/1420/617
s 1
f 1097/1421/618 1041/1422/619 1042/1423/620 1100/1424/621
f 1062/1425/622 1038/1426/623 1040/1427/624 1061/1428/625
f 1067/1429/626 1042/1423/620 1041/1422/619 1047/1430/627 1068/1431/628
f 1102/1432/629 1039/1433/630 1069/1434/631 1063/1435/632 1091/1436/632
f 1041/1422/619 1044/1437/633 1046/1438/634 1047/1430/627
f 1048/1439/635 1049/1440/636 1043/1441/637 1045/1442/638
f 1044/1437/633 1041/1422/619 1097/1421/618 1098/1443/639
f 1040/1427/624 1038/1426/623 1101/1444/640 1094/1445/641
f 1077/1446/642 1072/1447/643 1071/1448/643 1103/1449/644 1043/1441/637 1049/1440/636 1044/1437/633 1098/1450/639 1099/1451/645
f 1077/1446/642 1099/1452/645 1093/1453/646 1079/1454/646 1076/1455/646
f 1058/1456/647 1057/1457/647 1061/1458/625 1040/1459/624 1094/1460/641 1060/1461/647
f 1042/1462/620 1067/1463/626 1056/1464/648 1055/1465/648 1059/1466/648 1100/1467/621
f 1103/1468/644 1080/1469/649 1084/1470/650 1045/1442/638 1043/1441/637
f 1095/1471/651 1039/1433/630 1102/1472/629 1073/1473/652 1070/1474/652 1075/1475/653 1096/1476/654
f 1096/1477/654 1075/1475/653 1074/1478/655 1078/1479/655 1092/1480/655
f 1101/1444/640 1038/1426/623 1039/1433/630 1095/1481/651
f 1068/1431/628 1047/1430/627 1046/1438/634 1064/1482/656
f 1044/1437/633 1049/1440/636 1048/1439/635 1046/1438/634
f 1069/1434/631 1039/1433/630 1038/1426/623 1062/1425/622
f 1050/1483/657 1045/1442/638 1084/1484/650 1083/1485/658 1082/1486/659
f 1046/1438/634 1051/1487/660 1114/1488/661 1064/1482/656
f 1048/1439/635 1045/1442/638 1050/1483/657 1052/1489/662
f 1046/1438/634 1048/1439/635 1052/1489/662 1051/1487/660
f 1108/1490/663 1050/1491/657 1082/1492/659
f 1081/1493/664 1054/1494/665 1052/1495/662 1050/1496/657
f 1051/1497/660 1052/1495/662 1156/1494/666 1131/1498/667
f 1051/1497/660 1086/1499/668 1065/1500/668 1114/1501/661
f 1089/1502/669 1135/1503/669 1157/1504/670 1087/1505/671
f 1053/1504/672 1090/1503/673 1088/1506/674
f 1157/1504/670 1054/1494/665 1081/1493/664 1085/1507/675 1087/1508/671
f 1156/1494/666 1053/1504/672 1088/1509/674 1131/1510/667
o CystalMug_cell.009
v -0.148096 -0.436522 -0.463807
v 0.124524 -0.436522 -0.375228
v 0.127448 -0.344218 -0.379254
v -0.148096 -0.344218 -0.468784
v -0.148096 -0.467290 -0.448878
v -0.004953 -0.436522 -0.440553
v 0.115748 -0.467290 -0.363149
v 0.226660 -0.436522 -0.272276
v -0.009560 -0.467290 -0.426371
v 0.214596 -0.467290 -0.263511
v 0.230682 -0.344218 -0.275198
v -0.003417 -0.344218 -0.445279
v -0.148098 -0.517290 -0.480782
v -0.148096 -0.449443 -0.513774
v 0.010471 -0.449413 -0.488021
v 0.000286 -0.517290 -0.456675
v 0.153892 -0.449444 -0.415652
v 0.134499 -0.517290 -0.388960
v 0.267039 -0.449413 -0.301613
v 0.240375 -0.517290 -0.282240
v 0.157222 -0.345581 -0.420235
v 0.271610 -0.345579 -0.304935
v -0.148096 -0.345581 -0.519439
v 0.012216 -0.345579 -0.493394
v -0.308411 -0.345579 -0.493394
v -0.292353 -0.438518 -0.490940
v -0.288101 -0.449417 -0.491036
v -0.216175 -0.467290 -0.437818
v -0.231855 -0.517290 -0.467174
v -0.241643 -0.436522 -0.448610
v 0.139796 -0.517290 -0.161760
v 0.121444 -0.467290 -0.160370
v -0.353433 -0.224253 -0.470681
v -0.323349 -0.345579 -0.485857
v -0.277576 -0.344218 -0.447749
v -0.307503 -0.399603 -0.490598
v -0.292778 -0.298706 -0.445279
v -0.321959 -0.181016 -0.430556
v -0.356839 -0.209901 -0.468962
v -0.326749 -0.160834 -0.428140
v -0.292778 0.109041 -0.445279
v -0.308411 0.174825 -0.493396
v -0.251535 0.388830 -0.451979
v -0.271254 0.426894 -0.499433
v -0.244767 0.385974 -0.453079
v -0.148097 0.344842 -0.468784
v -0.148098 0.374507 -0.519441
v 0.127448 0.148960 -0.379254
v -0.003417 0.255755 -0.445279
v 0.012217 0.275792 -0.493396
v 0.173268 0.098060 -0.333069
v 0.214829 0.093462 -0.362169
v 0.157223 0.157457 -0.420235
v 0.227901 -0.467290 -0.237654
v 0.232987 -0.344218 -0.270718
v 0.230682 -0.318435 -0.275198
v 0.278756 -0.449418 -0.278839
v 0.274046 -0.345579 -0.300201
v 0.271610 -0.318333 -0.304935
v 0.258155 -0.517290 -0.247685
v 0.237216 -0.436522 -0.251760
v -0.216175 -0.467290 -0.437818
v 0.121444 -0.467290 -0.160370
v -0.241643 -0.436522 -0.448610
v -0.292353 -0.438518 -0.490940
v -0.288101 -0.449417 -0.491036
v -0.231855 -0.517290 -0.467174
v 0.139796 -0.517290 -0.161760
v -0.353433 -0.224253 -0.470681
v -0.323349 -0.345579 -0.485857
v -0.307503 -0.399603 -0.490598
v -0.277576 -0.344218 -0.447749
v -0.292778 -0.298706 -0.445279
v -0.321959 -0.181016 -0.430556
v -0.356839 -0.209901 -0.468962
v -0.326749 -0.160834 -0.428140
v -0.292778 0.109041 -0.445279
v -0.251535 0.388830 -0.451979
v -0.308411 0.174825 -0.493396
v -0.271254 0.426894 -0.499433
v -0.244767 0.385974 -0.453079
v 0.127448 0.148960 -0.379254
v -0.003417 0.255755 -0.445279
v 0.173268 0.098060 -0.333069
v 0.214829 0.093462 -0.362169
v 0.157223 0.157457 -0.420235
v 0.012217 0.275792 -0.493396
v -0.148098 0.374507 -0.519441
v -0.148097 0.344842 -0.468784
v 0.271610 -0.318333 -0.304935
v 0.230682 -0.318435 -0.275198
v 0.232987 -0.344218 -0.270718
v 0.237216 -0.436522 -0.251760
v 0.227901 -0.467290 -0.237654
v 0.258155 -0.517290 -0.247685
v 0.278756 -0.449418 -0.278839
v 0.274046 -0.345579 -0.300201
vn -0.6237 -0.2372 0.7448
vn -0.8697 0.1395 0.4734
vn 0.4075 0.7875 0.4623
vn 0.4098 0.7872 0.4609
vn -0.6154 -0.2466 0.7486
vn -0.3336 0.8233 0.4592
vn -0.1749 0.8243 0.5384
vn -0.0000 0.8233 0.5676
vn 0.1185 0.6740 0.7292
vn -0.0000 1.0000 -0.0000
vn -0.4119 0.8862 0.2120
vn -0.4580 0.8243 0.3328
vn -0.1576 -0.1831 -0.9704
vn -0.0000 -0.2461 -0.9693
vn -0.0000 -0.8235 -0.5673
vn -0.1184 -0.6744 -0.7288
vn 0.2995 -0.2460 -0.9218
vn 0.1748 -0.8246 -0.5381
vn 0.5697 -0.2461 -0.7841
vn 0.3334 -0.8235 -0.4589
vn 0.7842 -0.2460 -0.5697
vn 0.4577 -0.8245 -0.3326
vn 0.8550 -0.2746 -0.4399
vn 0.4117 -0.8864 -0.2118
vn -0.0000 -1.0000 -0.0000
vn 0.3089 -0.0271 -0.9507
vn 0.2521 -0.0000 -0.9677
vn 0.5319 -0.0000 -0.8468
vn 0.5876 -0.0272 -0.8087
vn -0.3089 -0.0271 -0.9507
vn -0.1737 -0.0000 -0.9848
vn -0.1604 -0.0000 -0.9871
vn -0.0512 -0.0000 -0.9987
vn -0.0000 -0.0272 -0.9996
vn 0.8087 -0.0271 -0.5876
vn 0.8888 -0.0302 -0.4573
vn 0.7099 -0.0000 -0.7043
vn 0.7229 -0.0000 -0.6910
vn -0.4503 -0.0220 -0.8926
vn -0.1891 -0.0539 -0.9805
vn -0.1601 -0.0537 -0.9856
vn 0.1865 -0.0000 0.9825
vn 0.1737 -0.0000 0.9848
vn 0.4504 -0.0000 0.8928
vn -0.0000 0.0269 0.9996
vn -0.3089 0.0268 0.9507
vn -0.2521 -0.0000 0.9677
vn 0.0512 -0.0000 0.9987
vn -0.0000 0.2454 0.9694
vn 0.1577 0.1826 0.9705
vn -0.2996 0.2453 0.9220
vn -0.5698 0.2454 0.7843
vn -0.7843 0.2454 0.5698
vn -0.8552 0.2739 0.4400
vn -0.4504 -0.0000 -0.8928
vn -0.5876 0.0269 0.8087
vn -0.5319 -0.0000 0.8468
vn 0.1603 0.0206 0.9868
vn 0.1604 -0.0000 0.9871
vn -0.8087 0.0268 0.5876
vn -0.7229 -0.0000 0.6910
vn -0.7099 -0.0000 0.7043
vn 0.5769 0.1898 0.7945
vn -0.8888 0.0299 0.4573
vt 1.000000 0.752552
vt 0.767982 0.767982
vt 0.673708 0.673708
vt 1.000000 0.652009
vt 0.694287 0.337242
vt 0.710854 0.000000
vt 0.827750 0.000000
vt 0.812824 0.303829
vt 0.752553 0.752553
vt 0.652009 0.652009
vt 0.827750 0.827750
vt 0.710854 0.710854
vt 1.000000 0.726752
vt 0.553502 0.137824
vt 0.444987 0.000000
vt 0.513407 0.000000
vt 0.649840 0.173281
vt 0.821689 0.480902
vt 0.882790 0.724427
vt 0.837220 0.837220
vt 0.726752 0.726752
vt 0.763731 0.635220
vt 0.708589 0.415444
vt 0.673708 0.000000
vt 0.767982 0.000000
vt 0.803227 0.444487
vt 0.814174 0.651605
vt 1.000000 0.814825
vt 0.983810 0.814316
vt 0.822820 0.751000
vt 0.071614 0.000000
vt 0.143554 0.000000
vt 0.825973 0.682232
vt 0.898893 0.710874
vt 0.713533 0.612601
vt 0.707899 0.431160
vt 0.492927 0.793204
vt 0.456646 0.848998
vt 0.416535 0.782865
vt 0.396824 0.781642
vt 0.494577 0.758896
vt 0.525399 0.763506
vt 0.521547 0.801845
vt 0.609401 0.281637
vt 0.649936 0.281645
vt 0.649936 0.301289
vt 0.625686 0.301289
vt 0.695847 0.281636
vt 0.692898 0.301289
vt 0.737372 0.281645
vt 0.731757 0.301289
vt 0.986755 0.021388
vt 0.953737 0.021397
vt 0.948128 0.001745
vt 0.979027 0.001745
vt 0.947143 0.021396
vt 0.938123 0.001745
vt 0.141019 0.595585
vt 0.183981 0.676899
vt 0.222840 0.622170
vt 0.253494 0.653069
vt 0.258642 0.663074
vt 0.224373 0.699933
vt 0.116769 0.678976
vt 0.696352 0.251573
vt 0.696352 0.071666
vt 0.738336 0.105928
vt 0.738336 0.251574
vt 0.603520 0.251573
vt 0.603520 0.100899
vt 0.615446 0.028409
vt 0.649936 0.043085
vt 0.649936 0.251574
vt 0.988082 0.051460
vt 0.954698 0.051461
vt 0.947143 0.021396
vt 0.953327 0.051461
vt 0.988082 0.197106
vt 0.971269 0.178577
vt 0.954698 0.059349
vt 0.599195 0.251573
vt 0.603783 0.267214
vt 0.609401 0.281637
vt 0.608171 0.278476
vt 0.603783 0.267214
vt 0.467655 0.354091
vt 0.467655 0.472147
vt 0.457819 0.394009
vt 0.459206 0.388166
vt 0.649936 0.043085
vt 0.509545 0.340914
vt 0.551434 0.340914
vt 0.551434 0.514625
vt 0.509545 0.540419
vt 0.489834 0.305280
vt 0.509545 0.305280
vt 0.509545 0.314189
vt 0.482460 0.314189
vt 0.549656 0.305280
vt 0.550990 0.314189
vt 0.585936 0.305280
vt 0.588477 0.314189
vt 0.205182 0.315434
vt 0.208680 0.306526
vt 0.237528 0.306526
vt 0.234990 0.315434
vt 0.240930 0.315434
vt 0.245014 0.306526
vt 0.603520 0.100899
vt 0.590485 0.216445
vt 0.589498 0.212290
vt 0.589324 0.340914
vt 0.589324 0.483705
vt 0.472057 0.340914
vt 0.481556 0.552329
vt 0.479596 0.553156
vt 0.467655 0.472147
vt 0.467655 0.354091
vt 0.204017 0.484951
vt 0.204017 0.342159
vt 0.234145 0.342159
vt 0.234145 0.349624
vt 0.217389 0.470213
vt 0.642224 0.366453
vt 0.513407 0.513407
vt 0.444987 0.444987
vt 0.642352 0.293166
vt 0.679445 0.280360
vt 0.812238 0.227317
vt 0.856497 0.190449
vt 0.856446 0.000000
vt 0.928386 0.000000
vt 0.928442 0.211741
vt 0.830809 0.293163
vt 0.681422 0.352920
vt 0.235442 0.342159
vt 0.240930 0.315434
vt 0.235442 0.342159
vt 0.954698 0.059349
s 0
usemtl lambert2SG
f 1232/1511/676 1226/1512/676 1231/1513/676 1233/1514/676
f 1234/1515/677 1235/1516/677 1237/1517/677 1236/1518/677 1232/1519/677 1233/1520/677
f 1237/1521/678 1235/1522/678 1238/1523/678
f 1239/1524/679 1241/1525/679 1242/1526/679 1243/1527/679 1244/1528/679 1245/1529/679 1237/1530/679 1238/1531/679 1246/1532/679 1240/1533/679
f 1231/1534/680 1226/1535/680 1227/1536/680 1228/1537/680 1222/1538/680 1223/1539/680 1224/1540/680 1225/1541/680 1220/1542/680 1219/1543/680 1221/1544/680 1229/1545/680 1230/1546/680
s 1
f 1164/1547/681 1166/1548/682 1162/1549/683 1185/1550/684 1189/1551/685 1251/1552/686 1167/1553/687
f 1184/1554/688 1171/1555/689 1170/1556/690 1186/1557/691
f 1171/1555/689 1172/1558/692 1173/1559/693 1170/1556/690
f 1172/1558/692 1174/1560/694 1175/1561/695 1173/1559/693
f 1174/1562/694 1176/1563/696 1177/1564/697 1175/1565/695
f 1177/1564/697 1176/1563/696 1253/1566/698 1252/1567/699
f 1170/1568/690 1173/1569/693 1175/1570/695 1177/1571/697 1252/1572/699 1188/1573/700 1186/1574/691
f 1181/1575/701 1207/1576/702 1210/1577/703 1178/1578/704
f 1182/1579/705 1199/1580/706 1201/1581/707 1204/1582/708 1180/1583/709
f 1174/1562/694 1178/1584/704 1179/1585/710 1176/1563/696
f 1253/1586/698 1176/1563/696 1179/1585/710 1254/1587/711
f 1171/1555/689 1180/1583/709 1181/1575/701 1172/1558/692
f 1210/1588/703 1209/1589/712 1247/1590/713 1179/1585/710 1178/1584/704
f 1172/1558/692 1181/1575/701 1178/1578/704 1174/1560/694
f 1191/1591/714 1182/1579/705 1193/1592/715
f 1182/1579/705 1180/1583/709 1171/1555/689 1184/1593/688 1183/1594/716 1193/1595/715
f 1194/1596/717 1198/1597/718 1197/1598/719 1195/1599/719
f 1180/1583/709 1204/1600/708 1207/1576/702 1181/1575/701
f 1161/1601/720 1169/1602/721 1206/1603/722 1203/1604/723
f 1185/1605/684 1162/1606/683 1158/1607/724 1187/1608/725
f 1158/1607/724 1162/1606/683 1166/1609/682 1163/1610/726
f 1163/1610/726 1166/1609/682 1164/1611/681 1159/1612/727
f 1159/1613/727 1164/1614/681 1167/1615/687 1165/1616/728
f 1218/1617/729 1165/1616/728 1167/1615/687 1251/1618/686
f 1199/1619/706 1182/1579/705 1191/1591/714 1190/1620/730 1196/1621/730
f 1169/1602/721 1160/1622/731 1205/1623/732 1206/1603/722
f 1192/1624/733 1161/1601/720 1203/1604/723 1202/1625/734 1200/1626/734 1198/1627/718 1194/1628/717
f 1205/1629/732 1160/1630/731 1168/1631/735 1248/1632/736 1208/1633/737
s 0
f 1216/1634/738 1242/1635/738 1241/1636/738 1213/1637/738 1249/1638/738 1250/1639/738 1211/1640/738 1220/1641/738 1225/1642/738 1217/1643/738 1214/1644/738 1215/1645/738
s 1
f 1159/1613/727 1165/1616/728 1168/1631/735 1160/1630/731
f 1168/1631/735 1212/1646/739 1248/1632/736
f 1168/1631/735 1165/1616/728 1218/1647/729 1212/1648/739
f 1158/1607/724 1163/1610/726 1169/1602/721 1161/1601/720
f 1163/1610/726 1159/1612/727 1160/1622/731 1169/1602/721
f 1187/1608/725 1158/1607/724 1161/1601/720 1192/1624/733
f 1254/1587/711 1179/1585/710 1247/1649/713
o CystalMug_cell.010
v 0.482936 0.280173 0.055489
v 0.475453 0.247644 0.000665
v 0.440744 0.296280 0.055547
v 0.495946 0.306063 0.063173
v 0.525144 0.236327 0.055414
v 0.503316 0.211874 0.000473
v 0.547927 0.254259 0.063219
v 0.557105 0.165839 0.055338
v 0.527387 0.151936 0.000280
v 0.584607 0.175292 0.063264
v 0.574468 0.074557 0.055262
v 0.541981 0.070104 0.000087
v 0.603423 0.077369 0.063309
v 0.574313 -0.024243 0.055186
v 0.541973 -0.019973 -0.000106
v 0.603214 -0.027258 0.063355
v 0.565731 -0.068623 0.055150
v 0.593745 -0.075502 0.063379
v 0.548088 -0.067588 0.024197
v 0.533646 -0.066622 -0.000215
v 0.563461 -0.082130 -0.055426
v 0.583612 -0.088578 -0.061223
v 0.574434 -0.024583 -0.055327
v 0.574330 0.074216 -0.055169
v 0.603402 -0.027500 -0.063385
v 0.591413 -0.091057 -0.063349
v 0.603222 0.077128 -0.063333
v 0.632168 -0.030216 -0.055234
v 0.631937 0.080580 -0.055300
v 0.666885 -0.033337 0.000077
v 0.618961 -0.097816 -0.055190
v 0.653819 -0.100599 0.000191
v 0.621269 -0.084318 0.055396
v 0.632012 -0.030186 0.055315
v 0.632106 0.080608 0.055160
v 0.611474 0.185386 0.055005
v 0.666860 0.082863 -0.000110
v 0.645213 0.194076 -0.000296
v 0.599497 0.290723 -0.000482
v 0.611017 0.185176 -0.055366
v 0.580717 0.247823 -0.055414
v 0.584069 0.174820 -0.063280
v 0.556337 0.233973 -0.063241
v 0.556754 0.165335 -0.055010
v 0.526475 0.231713 -0.054860
v 0.523283 0.233866 -0.051055
v 0.513256 0.238321 -0.041904
v 0.476841 0.253567 -0.009808
v 0.456885 0.256140 0.000753
v 0.445837 0.281616 0.035829
v 0.566331 0.239656 -0.060058
v 0.519112 0.319804 0.054932
v 0.569538 0.272754 0.054851
v 0.593050 0.293522 -0.004310
v 0.513981 0.319194 0.056104
v 0.501098 0.317887 0.059315
v 0.476238 0.313427 0.063158
v 0.592762 0.286630 -0.012596
v 0.583484 0.257275 -0.044923
v 0.482936 0.280173 0.055489
v 0.440744 0.296280 0.055547
v 0.440744 0.296280 0.055547
v 0.525144 0.236327 0.055414
v 0.557105 0.165839 0.055338
v 0.574468 0.074557 0.055262
v 0.574313 -0.024243 0.055186
v 0.565731 -0.068623 0.055150
v 0.565731 -0.068623 0.055150
v 0.593745 -0.075502 0.063379
v 0.593745 -0.075502 0.063379
v 0.548088 -0.067588 0.024197
v 0.533646 -0.066622 -0.000215
v 0.533646 -0.066622 -0.000215
v 0.563461 -0.082130 -0.055426
v 0.563461 -0.082130 -0.055426
v 0.541973 -0.019973 -0.000106
v 0.583612 -0.088578 -0.061223
v 0.574434 -0.024583 -0.055327
v 0.574330 0.074216 -0.055169
v 0.603402 -0.027500 -0.063385
v 0.591413 -0.091057 -0.063349
v 0.591413 -0.091057 -0.063349
v 0.603222 0.077128 -0.063333
v 0.631937 0.080580 -0.055300
v 0.632168 -0.030216 -0.055234
v 0.618961 -0.097816 -0.055190
v 0.618961 -0.097816 -0.055190
v 0.653819 -0.100599 0.000191
v 0.653819 -0.100599 0.000191
v 0.621269 -0.084318 0.055396
v 0.621269 -0.084318 0.055396
v 0.666885 -0.033337 0.000077
v 0.632012 -0.030186 0.055315
v 0.632106 0.080608 0.055160
v 0.611474 0.185386 0.055005
v 0.645213 0.194076 -0.000296
v 0.666860 0.082863 -0.000110
v 0.599497 0.290723 -0.000482
v 0.611017 0.185176 -0.055366
v 0.580717 0.247823 -0.055414
v 0.580717 0.247823 -0.055414
v 0.584069 0.174820 -0.063280
v 0.556337 0.233973 -0.063241
v 0.556337 0.233973 -0.063241
v 0.556754 0.165335 -0.055010
v 0.526475 0.231713 -0.054860
v 0.526475 0.231713 -0.054860
v 0.523283 0.233866 -0.051055
v 0.513256 0.238321 -0.041904
v 0.476841 0.253567 -0.009808
v 0.456885 0.256140 0.000753
v 0.456885 0.256140 0.000753
v 0.445837 0.281616 0.035829
v 0.475453 0.247644 0.000665
v 0.566331 0.239656 -0.060058
v 0.569538 0.272754 0.054851
v 0.519112 0.319804 0.054932
v 0.519112 0.319804 0.054932
v 0.593050 0.293522 -0.004310
v 0.593050 0.293522 -0.004310
v 0.513981 0.319194 0.056104
v 0.501098 0.317887 0.059315
v 0.476238 0.313427 0.063158
v 0.476238 0.313427 0.063158
v 0.495946 0.306063 0.063173
v 0.592762 0.286630 -0.012596
v 0.583484 0.257275 -0.044923
v 0.603214 -0.027258 0.063355
v 0.603423 0.077369 0.063309
v 0.541981 0.070104 0.000087
v 0.584607 0.175292 0.063264
v 0.527387 0.151936 0.000280
v 0.547927 0.254259 0.063219
v 0.503316 0.211874 0.000473
vn -0.4763 -0.7199 0.5049
vn -0.5211 -0.6910 0.5010
vn -0.7426 -0.4551 0.4914
vn -0.7296 -0.4772 0.4899
vn -0.3166 -0.8014 0.5075
vn -0.0908 -0.2411 0.9662
vn -0.1433 -0.2123 0.9666
vn -0.1364 -0.2161 0.9668
vn -0.2163 -0.1473 0.9651
vn -0.2143 -0.1503 0.9651
vn -0.8287 -0.2471 0.5022
vn -0.8263 -0.2561 0.5017
vn -0.2518 -0.0802 0.9645
vn -0.2515 -0.0810 0.9645
vn -0.8583 -0.0777 0.5072
vn -0.8581 -0.0801 0.5072
vn -0.2659 -0.0249 0.9637
vn -0.2659 -0.0250 0.9637
vn -0.8589 0.0764 0.5064
vn -0.8587 0.0782 0.5064
vn -0.2691 0.0261 0.9628
vn -0.2691 0.0263 0.9628
vn -0.8500 0.1542 0.5037
vn -0.2681 0.0521 0.9620
vn -0.2704 -0.9550 0.1222
vn -0.8578 0.0781 -0.5079
vn -0.8576 0.0808 -0.5080
vn -0.8475 0.1580 -0.5067
vn -0.2602 0.0505 -0.9642
vn -0.2652 0.0255 -0.9639
vn -0.2651 0.0257 -0.9639
vn -0.2700 -0.0253 -0.9625
vn -0.2700 -0.0254 -0.9625
vn -0.8598 -0.0778 -0.5048
vn -0.8596 -0.0794 -0.5047
vn 0.2697 -0.0524 -0.9615
vn 0.2704 -0.0259 -0.9624
vn 0.2704 -0.0260 -0.9624
vn 0.2672 0.0259 -0.9633
vn 0.2671 0.0266 -0.9633
vn 0.8399 0.0828 -0.5363
vn 0.8401 0.0809 -0.5363
vn 0.8416 -0.0813 -0.5340
vn 0.8415 -0.0815 -0.5340
vn 0.8315 -0.1626 -0.5313
vn 0.8294 -0.1618 0.5348
vn 0.8405 -0.0807 0.5357
vn 0.8405 -0.0812 0.5357
vn 0.2634 -0.0510 0.9633
vn 0.2673 -0.0253 0.9633
vn 0.2673 -0.0252 0.9633
vn 0.2711 0.0274 0.9622
vn 0.2711 0.0268 0.9622
vn 0.8416 0.0815 0.5339
vn 0.8415 0.0831 0.5339
vn 0.2638 0.0890 0.9605
vn 0.2642 0.0872 0.9605
vn 0.8038 0.2639 0.5331
vn 0.8024 0.2683 0.5331
vn 0.7983 0.2668 -0.5400
vn 0.7999 0.2621 -0.5399
vn 0.6724 0.5423 0.5038
vn 0.6753 0.5377 0.5048
vn 0.7055 0.4570 -0.5416
vn 0.7607 0.3632 -0.5380
vn 0.7341 0.4108 -0.5406
vn 0.2521 0.0843 -0.9640
vn 0.2527 0.0825 -0.9640
vn 0.2414 0.1148 -0.9636
vn -0.2627 -0.0845 -0.9612
vn -0.2629 -0.0836 -0.9612
vn -0.2555 -0.1166 -0.9597
vn -0.7535 -0.4402 -0.4884
vn -0.7755 -0.4011 -0.4875
vn -0.8037 -0.3451 -0.4847
vn -0.8306 -0.2560 -0.4945
vn -0.8326 -0.2482 -0.4952
vn -0.2304 0.7514 -0.6183
vn -0.5530 -0.6670 -0.4993
vn -0.5814 -0.6436 -0.4976
vn -0.6815 -0.5477 -0.4853
vn -0.3635 -0.7894 -0.4946
vn -0.2277 0.7525 -0.6180
vn 0.1714 0.2296 0.9581
vn 0.1564 0.2380 0.9586
vn 0.2318 0.1646 0.9587
vn 0.2290 0.1693 0.9586
vn 0.2035 0.2111 0.9560
vn 0.5663 0.6810 0.4642
vn 0.0998 0.2691 0.9579
vn 0.5826 0.6148 -0.5316
vt 0.776957 0.742144
vt 0.761084 0.732726
vt 0.761028 0.722370
vt 0.776935 0.729450
vt 0.799770 0.601882
vt 0.799745 0.596506
vt 0.815618 0.594340
vt 0.815635 0.606556
vt 0.809144 0.604758
vt 0.671970 0.780561
vt 0.684186 0.775898
vt 0.687953 0.783394
vt 0.682247 0.785526
vt 0.696407 0.763203
vt 0.703003 0.768395
vt 0.760972 0.705015
vt 0.776913 0.709041
vt 0.705661 0.742794
vt 0.713623 0.745531
vt 0.760916 0.681323
vt 0.776891 0.682612
vt 0.710688 0.716365
vt 0.719071 0.717180
vt 0.760860 0.655242
vt 0.776869 0.654006
vt 0.710643 0.687760
vt 0.719011 0.686886
vt 0.760829 0.641736
vt 0.767877 0.641519
vt 0.776859 0.641157
vt 0.716269 0.672918
vt 0.708158 0.674911
vt 0.368600 0.192204
vt 0.339901 0.214671
vt 0.317836 0.233061
vt 0.200233 0.195099
vt 0.169441 0.169441
vt 0.155978 0.155978
vt 0.140454 0.124430
vt 0.188238 0.080044
vt 0.308795 0.121487
vt 0.350954 0.156534
vt 0.744872 0.653908
vt 0.744844 0.637246
vt 0.760829 0.641736
vt 0.612023 0.732630
vt 0.615200 0.715968
vt 0.623587 0.716813
vt 0.619894 0.735154
vt 0.617841 0.734554
vt 0.615170 0.687363
vt 0.623534 0.686520
vt 0.744918 0.682513
vt 0.620050 0.735198
vt 0.631915 0.717600
vt 0.628092 0.737172
vt 0.631849 0.685521
vt 0.641960 0.684859
vt 0.641967 0.718503
vt 0.638184 0.737977
vt 0.733662 0.665652
vt 0.737445 0.685126
vt 0.727349 0.686039
vt 0.724239 0.670366
vt 0.716269 0.672918
vt 0.727376 0.718117
vt 0.737438 0.718770
vt 0.721402 0.748454
vt 0.731171 0.750970
vt 0.625792 0.655236
vt 0.635692 0.652660
vt 0.717935 0.778952
vt 0.709260 0.773750
vt 0.622456 0.624677
vt 0.617019 0.637098
vt 0.617866 0.634394
vt 0.620506 0.625862
vt 0.617989 0.658235
vt 0.609960 0.641109
vt 0.612798 0.639243
vt 0.610081 0.660981
vt 0.601314 0.641762
vt 0.609960 0.641109
vt 0.746109 0.728737
vt 0.745008 0.728114
vt 0.744964 0.708895
vt 0.589023 0.062593
vt 0.585889 0.065298
vt 0.580390 0.075700
vt 0.562184 0.114258
vt 0.563107 0.140175
vt 0.518279 0.134608
vt 0.492111 0.129624
vt 0.449525 0.065539
vt 0.433929 0.026906
vt 0.427738 0.007716
vt 0.425105 0.000000
vt 0.562526 0.000000
vt 0.576128 0.018751
vt 0.758052 0.734441
vt 0.749012 0.729826
vt 0.799770 0.601882
vt 0.796713 0.596104
vt 0.944111 0.395670
vt 1.000000 0.437474
vt 0.997209 0.572286
vt 0.829833 0.359912
vt 0.842490 0.360734
vt 0.919846 0.387646
vt 0.689444 0.786817
vt 0.694672 0.787430
vt 0.693265 0.787619
vt 0.716143 0.780691
vt 0.694920 0.787402
vt 0.689444 0.786817
vt 0.620664 0.622938
vt 0.620506 0.625862
s 1
usemtl lambert2SG
f 1314/1650/740 1368/1651/741 1388/1652/742 1317/1653/743
f 1366/1654/744 1368/1655/741 1314/1656/740 1315/1657/744 1367/1658/744
f 1316/1659/745 1255/1660/746 1379/1661/747 1378/1662/745
f 1379/1661/747 1255/1660/746 1259/1663/748 1387/1664/749
f 1317/1653/743 1388/1652/742 1386/1665/750 1318/1666/751
f 1387/1664/749 1259/1663/748 1262/1667/752 1385/1668/753
f 1318/1666/751 1386/1665/750 1384/1669/754 1319/1670/755
f 1385/1668/753 1262/1667/752 1265/1671/756 1383/1672/757
f 1319/1670/755 1384/1669/754 1330/1673/758 1320/1674/759
f 1383/1672/757 1265/1671/756 1268/1675/760 1382/1676/761
f 1320/1674/759 1330/1673/758 1326/1677/762 1325/1678/762 1321/1679/762
f 1323/1680/763 1382/1676/761 1268/1675/760 1322/1681/763
s 0
f 1271/1682/764 1273/1683/764 1327/1684/764 1328/1685/764 1331/1686/764 1336/1687/764 1341/1688/764 1342/1689/764 1344/1690/764 1324/1691/764
s 1
f 1269/1673/765 1332/1692/766 1329/1693/767 1274/1694/767
f 1275/1695/768 1277/1696/769 1334/1697/770 1335/1698/768 1276/1699/768
f 1333/1700/771 1337/1701/772 1334/1697/770 1277/1696/769
f 1266/1669/773 1278/1702/774 1332/1692/766 1269/1673/765
f 1280/1703/775 1279/1697/776 1339/1704/777 1340/1705/775
f 1281/1701/778 1338/1706/779 1339/1704/777 1279/1697/776
f 1283/1706/780 1291/1707/781 1346/1708/782 1282/1704/783
f 1285/1705/784 1282/1704/783 1346/1708/782 1343/1709/784
f 1286/1710/785 1284/1711/786 1347/1712/787 1345/1713/785
f 1287/1713/788 1288/1712/789 1270/1676/790 1272/1714/788
f 1348/1715/791 1267/1672/792 1270/1676/790 1288/1712/789
f 1351/1716/793 1289/1715/794 1347/1712/787 1284/1711/786
f 1349/1717/795 1264/1668/796 1267/1672/792 1348/1715/791
f 1350/1718/797 1290/1717/798 1289/1715/794 1351/1716/793
f 1353/1719/799 1292/1720/800 1291/1707/781 1283/1706/780
f 1352/1721/801 1307/1722/802 1290/1717/798 1350/1718/797
f 1293/1723/803 1292/1720/800 1353/1719/799 1354/1724/804 1381/1725/804 1312/1726/805
f 1294/1719/806 1356/1727/807 1357/1728/808 1369/1729/808 1355/1724/808
f 1356/1727/807 1294/1719/806 1338/1706/779 1281/1701/778
f 1296/1727/809 1359/1730/810 1360/1731/811 1358/1732/811
f 1359/1730/810 1296/1727/809 1337/1701/772 1333/1700/771
f 1260/1652/812 1362/1733/813 1361/1734/814 1298/1735/815 1263/1665/816
f 1263/1665/816 1298/1735/815 1278/1702/774 1266/1669/773
s 0
f 1299/1736/817 1300/1737/817 1363/1738/817 1364/1739/817 1365/1740/817 1304/1741/817 1257/1742/817 1377/1743/817 1376/1744/817 1375/1745/817 1371/1746/817 1305/1747/817 1297/1748/817
s 1
f 1362/1733/813 1260/1652/812 1256/1651/818 1302/1749/819 1301/1750/820
f 1256/1655/818 1303/1751/821 1302/1752/819
s 0
f 1295/1753/822 1305/1754/822 1371/1755/822 1373/1756/822 1380/1757/822 1313/1758/822
s 1
f 1310/1759/823 1258/1661/824 1261/1664/825 1370/1722/826 1372/1760/827 1309/1761/827
f 1307/1722/802 1352/1721/801 1374/1762/828 1306/1763/828
f 1311/1662/829 1258/1661/824 1310/1764/823
f 1308/1765/830 1293/1723/803 1312/1766/805
f 1370/1722/826 1261/1664/825 1264/1668/796 1349/1717/795
