# Blender 5.0.0
# www.blender.org
mtllib JadeMug.mtl
o JadeMug_cell
v 0.124524 -0.436522 0.375230
v -0.148098 -0.436522 0.463809
v -0.420717 -0.436522 0.375230
v 0.214596 -0.467290 0.263512
v -0.009560 -0.467290 0.426372
v -0.286634 -0.467290 0.426372
v -0.510790 -0.467290 0.263512
v -0.423642 -0.344218 0.379256
v -0.148096 -0.344218 0.468785
v 0.127448 -0.344218 0.379256
v 0.278813 -0.467290 0.138712
v 0.226660 -0.436522 0.272278
v 0.115748 -0.467290 0.363151
v -0.004953 -0.436522 0.440554
v -0.148096 -0.467290 0.448878
v -0.291242 -0.436522 0.440554
v -0.411940 -0.467290 0.363151
v -0.292776 -0.344218 0.445280
v -0.003417 -0.344218 0.445280
v 0.230682 -0.344218 0.275199
v 0.309154 -0.517290 0.148571
v 0.267039 -0.449413 0.301614
v 0.240374 -0.517290 0.282243
v 0.153892 -0.449443 0.415653
v 0.134500 -0.517290 0.388961
v 0.010471 -0.449413 0.488023
v 0.000286 -0.517290 0.456677
v -0.148098 -0.449443 0.513775
v -0.148096 -0.517290 0.480783
v -0.306665 -0.449413 0.488023
v -0.296479 -0.517290 0.456677
v -0.450086 -0.449444 0.415653
v -0.430694 -0.517290 0.388961
v -0.536569 -0.517290 0.282241
v -0.453416 -0.345581 0.420236
v -0.148096 -0.345581 0.519439
v -0.308411 -0.345579 0.493396
v 0.157222 -0.345581 0.420236
v 0.012216 -0.345579 0.493396
v 0.271609 -0.345579 0.304936
v -0.302271 -0.467290 -0.135580
v -0.317839 -0.517290 -0.148660
v -0.148230 -0.517290 -0.154802
v -0.148217 -0.467290 -0.141159
v -0.121911 -0.517290 -0.143891
v -0.095625 -0.467290 -0.119355
v 0.302833 -0.517290 0.033194
v 0.276529 -0.467290 0.035804
v -0.453416 -0.254815 0.420236
v -0.317631 0.001370 0.488745
v -0.297946 0.012205 0.442673
v -0.423642 -0.224944 0.379256
v -0.496168 -0.345580 0.377143
v -0.543327 -0.449418 0.321677
v -0.479824 -0.344218 0.322625
v -0.552267 -0.477328 0.293647
v -0.528054 -0.467290 0.229961
v -0.560182 -0.517290 0.236349
v -0.529727 -0.517290 0.129359
v -0.499800 -0.467290 0.130702
v -0.521761 -0.436522 0.273379
v -0.494094 -0.467290 0.111192
v -0.526629 -0.517290 0.118794
v -0.490524 -0.467290 0.105537
v 0.127372 -0.097460 0.379295
v 0.157222 -0.113182 0.420236
v 0.197087 -0.146452 0.380053
v 0.179607 -0.141048 0.326681
v 0.271609 -0.322301 0.304936
v 0.259866 -0.344218 0.218480
v 0.302418 -0.413591 0.237060
v 0.279829 -0.345579 0.288961
v 0.230682 -0.261568 0.275199
v 0.318242 -0.517290 0.089679
v 0.288130 -0.467290 0.078328
v 0.319133 -0.509545 0.108285
v 0.290545 -0.436522 0.148120
v 0.291199 -0.440451 0.142737
v 0.314311 -0.449433 0.209731
v 0.321242 -0.491154 0.152498
v -0.308411 0.003523 0.493397
v -0.292778 0.013412 0.445280
v -0.094932 0.069081 0.460148
v -0.148098 0.052715 0.468785
v -0.083156 0.067064 0.508891
v -0.148098 0.047073 0.519441
v -0.003417 0.002878 0.445280
v 0.012217 -0.001929 0.493397
v -0.148230 -0.517290 -0.154802
v -0.317839 -0.517290 -0.148660
v -0.302271 -0.467290 -0.135580
v -0.148217 -0.467290 -0.141159
v 0.127372 -0.097460 0.379295
v 0.179607 -0.141048 0.326681
v -0.526629 -0.517290 0.118794
v -0.121911 -0.517290 -0.143891
v 0.302833 -0.517290 0.033194
v -0.095625 -0.467290 -0.119355
v 0.276529 -0.467290 0.035804
v -0.453416 -0.254815 0.420236
v -0.496168 -0.345580 0.377143
v -0.317631 0.001370 0.488745
v -0.423642 -0.224944 0.379256
v -0.297946 0.012205 0.442673
v -0.528054 -0.467290 0.229961
v -0.521761 -0.436522 0.273379
v -0.560182 -0.517290 0.236349
v -0.529727 -0.517290 0.129359
v -0.552267 -0.477328 0.293647
v -0.543327 -0.449418 0.321677
v -0.479824 -0.344218 0.322625
v -0.499800 -0.467290 0.130702
v -0.494094 -0.467290 0.111192
v -0.490524 -0.467290 0.105537
v 0.157222 -0.113182 0.420236
v 0.197087 -0.146452 0.380053
v 0.271609 -0.322301 0.304936
v 0.279829 -0.345579 0.288961
v 0.302418 -0.413591 0.237060
v 0.318242 -0.517290 0.089679
v 0.319133 -0.509545 0.108285
v 0.288130 -0.467290 0.078328
v 0.291199 -0.440451 0.142737
v 0.290545 -0.436522 0.148120
v 0.259866 -0.344218 0.218480
v 0.230682 -0.261568 0.275199
v 0.314311 -0.449433 0.209731
v 0.321242 -0.491154 0.152498
v -0.292778 0.013412 0.445280
v -0.148098 0.052715 0.468785
v -0.308411 0.003523 0.493397
v -0.148098 0.047073 0.519441
v -0.083156 0.067064 0.508891
v -0.094932 0.069081 0.460148
v -0.003417 0.002878 0.445280
v 0.012217 -0.001929 0.493397
vn -0.0349 0.2631 -0.9641
vn 0.3714 0.2443 -0.8958
vn 0.3733 0.2431 -0.8953
vn -0.8295 0.5029 -0.2428
vn -0.7656 0.4247 -0.4833
vn -0.7303 0.3763 -0.5701
vn 0.5725 0.8131 -0.1052
vn 0.8555 0.4622 -0.2334
vn 0.8560 0.4616 -0.2328
vn -0.2767 0.9550 0.1064
vn 0.5717 0.8138 -0.1044
vn -0.8309 0.5037 -0.2365
vn 0.7842 -0.2460 0.5697
vn 0.4577 -0.8246 0.3326
vn 0.5395 -0.8235 0.1753
vn 0.8383 -0.4367 0.3263
vn 0.8371 -0.3372 0.4307
vn 0.5697 -0.2461 0.7841
vn 0.3334 -0.8235 0.4589
vn 0.2995 -0.2460 0.9218
vn 0.1748 -0.8246 0.5381
vn -0.0000 -0.2461 0.9693
vn -0.0000 -0.8235 0.5673
vn -0.2995 -0.2460 0.9218
vn -0.1748 -0.8246 0.5381
vn -0.5697 -0.2461 0.7841
vn -0.3334 -0.8235 0.4589
vn -0.4577 -0.8245 0.3326
vn -0.6713 -0.3253 0.6660
vn -0.6866 -0.4358 0.5819
vn -0.1986 -0.9747 0.1022
vn -0.5876 0.0268 -0.8087
vn -0.3089 0.0268 -0.9507
vn -0.2519 -0.0000 -0.9678
vn -0.5405 -0.0000 -0.8413
vn 0.3089 -0.0271 0.9507
vn 0.2519 -0.0000 0.9678
vn 0.1604 -0.0000 0.9871
vn 0.0285 -0.0000 0.9996
vn -0.0000 -0.0271 0.9996
vn -0.0000 -1.0000 -0.0000
vn 0.1333 -0.9909 0.0206
vn -0.7094 -0.0371 0.7038
vn -0.5876 -0.0272 0.8087
vn -0.5022 -0.0000 0.8647
vn 0.5406 -0.0000 0.8413
vn 0.5876 -0.0272 0.8087
vn 0.8087 -0.0271 0.5876
vn 0.7517 -0.0000 0.6595
vn 0.7099 -0.0000 0.7043
vn -0.3089 -0.0271 0.9507
vn -0.2875 -0.0000 0.9578
vn -0.4505 -0.0000 0.8928
vn -0.0000 0.0268 -0.9996
vn -0.0285 -0.0000 -0.9996
vn -0.1604 -0.0000 -0.9871
vn 0.8886 -0.0383 0.4572
vn 0.8879 -0.0537 0.4568
vn -0.5399 0.8233 -0.1754
vn -0.4580 0.8243 -0.3328
vn -0.7843 0.2454 -0.5698
vn -0.8373 0.3365 -0.4308
vn -0.8387 0.4360 -0.3264
vn -0.3336 0.8233 -0.4592
vn -0.5698 0.2454 -0.7843
vn -0.1749 0.8243 -0.5384
vn -0.2996 0.2453 -0.9220
vn -0.0000 0.8233 -0.5676
vn -0.0000 0.2454 -0.9694
vn 0.1749 0.8243 -0.5384
vn 0.2996 0.2454 -0.9220
vn 0.3336 0.8233 -0.4592
vn 0.5698 0.2454 -0.7843
vn 0.7160 0.3260 -0.6173
vn 0.4618 0.8224 -0.3322
vn 0.2011 0.9741 -0.1035
vn -0.0000 1.0000 -0.0000
vn -0.1335 0.9908 -0.0206
vn -0.7098 -0.0000 -0.7044
vn -0.7517 -0.0000 -0.6595
vn -0.8087 0.0268 -0.5876
vn 0.2875 -0.0000 -0.9578
vn 0.3089 0.0268 -0.9507
vn 0.5876 0.0269 -0.8087
vn 0.5022 -0.0000 -0.8647
vn 0.4504 -0.0000 -0.8928
vn 0.7094 0.0367 -0.7038
vn -0.8886 0.0379 -0.4572
vn 0.8910 -0.4327 0.1375
vt 1.000000 0.915863
vt 0.083313 0.000000
vt 0.167382 0.000000
vt 1.000000 0.831869
vt 0.834514 0.834514
vt 1.000000 0.779503
vt 1.000000 0.889657
vt 0.917186 0.917186
vt 0.889517 0.000000
vt 0.889657 0.889657
vt 0.779503 0.779503
vt 0.779380 0.000000
vt 0.846274 0.846274
vt 1.000000 0.839143
vt 1.000000 0.919735
vt 0.923293 0.923293
vt 0.918708 0.918708
vt 0.837085 0.837085
vt 1.000000 0.832273
vt 0.916687 0.000000
vt 0.916307 0.916307
vt 0.832273 0.832273
vt 0.832618 0.000000
vt 0.335835 0.335835
vt 0.264392 0.256350
vt 0.368056 0.000000
vt 0.471587 0.000000
vt 0.471587 0.471587
vt 0.368056 0.368056
vt 0.495289 0.093312
vt 0.523770 0.067242
vt 0.617067 0.000000
vt 0.855887 0.000000
vt 0.891007 0.014021
vt 1.000000 0.110483
vt 1.000000 0.220620
vt 0.917946 0.148000
vt 0.796367 0.099520
vt 0.786375 0.099330
vt 0.659906 0.190724
vt 0.558787 0.283286
vt 0.810135 0.773846
vt 0.855887 0.855887
vt 0.617067 0.617067
vt 0.706297 0.667703
vt 0.977857 0.684917
vt 1.000000 0.700916
vt 1.000000 0.809568
vt 0.960495 0.781024
vt 0.356169 0.237963
vt 0.143140 0.000000
vt 0.258062 0.000000
vt 0.432462 0.194814
vt 0.258062 0.258062
vt 0.143140 0.143140
vt 0.482292 0.179805
vt 1.000000 0.262662
vt 1.000000 0.335836
vt 0.583495 0.293245
vt 0.923293 0.000000
vt 0.923112 0.242331
vt 0.861460 0.369678
vt 0.818423 0.431468
vt 0.658382 0.550780
vt 0.847147 0.495131
vt 0.190432 0.000000
vt 0.299084 0.000000
vt 0.906996 0.458339
vt 0.656376 0.427216
vt 0.801002 0.317900
vt 0.846106 0.224820
vt 0.846274 0.000000
vt 0.779083 0.021397
vt 0.784691 0.001745
vt 0.823394 0.001745
vt 0.822257 0.009312
vt 0.805686 0.021391
vt 0.746065 0.021388
vt 0.753793 0.001745
vt 0.997044 0.324924
vt 0.955519 0.324933
vt 0.952570 0.305280
vt 0.991429 0.305280
vt 0.909608 0.324924
vt 0.909608 0.305280
vt 0.863697 0.324933
vt 0.866647 0.305280
vt 0.822172 0.324924
vt 0.827787 0.305280
vt 0.513512 0.001745
vt 0.544410 0.001745
vt 0.552139 0.021388
vt 0.524930 0.021395
vt 0.516814 0.013315
vt 0.516814 0.013315
vt 0.500224 0.001745
vt 0.197882 0.555960
vt 0.159992 0.555960
vt 0.159992 0.455465
vt 0.197882 0.484533
vt 0.956024 0.354996
vt 0.956024 0.454494
vt 0.928411 0.474470
vt 0.909608 0.468682
vt 0.909608 0.354995
vt 0.141333 0.706420
vt 0.148600 0.706516
vt 0.271578 0.755877
vt 0.276039 0.760752
vt 0.273408 0.777803
vt 0.253494 0.816506
vt 0.222840 0.847404
vt 0.183981 0.867010
vt 0.141019 0.792103
vt 0.098058 0.792674
vt 0.059198 0.847404
vt 0.028544 0.816505
vt 0.021707 0.803218
vt 0.030525 0.774158
vt 0.031865 0.773935
vt 0.091874 0.705628
vt 0.540988 0.051460
vt 0.553465 0.051460
vt 0.553465 0.077740
vt 0.744738 0.118747
vt 0.744738 0.051460
vt 0.778121 0.051461
vt 0.778121 0.058200
vt 0.756372 0.109114
vt 0.863192 0.354996
vt 0.863192 0.456073
vt 0.860523 0.455450
vt 0.821208 0.381276
vt 0.821208 0.354995
vt 0.540988 0.051460
vt 0.118102 0.555960
vt 0.118102 0.441036
vt 0.133495 0.436297
vt 0.998008 0.354995
vt 0.997684 0.422532
vt 0.956024 0.454494
vt 0.863192 0.456073
vt 0.782746 0.051461
vt 0.797773 0.031769
vt 0.353985 0.306526
vt 0.390119 0.306526
vt 0.392656 0.315434
vt 0.356709 0.315434
vt 0.355150 0.314297
vt 0.418967 0.306526
vt 0.422464 0.315434
vt 0.197035 0.582685
vt 0.194494 0.591594
vt 0.158213 0.591594
vt 0.159547 0.582685
vt 0.118102 0.591594
vt 0.118102 0.582685
vt 0.077991 0.591594
vt 0.076657 0.582685
vt 0.041711 0.591594
vt 0.039170 0.582685
vt 0.626114 0.314189
vt 0.596625 0.314189
vt 0.600122 0.305280
vt 0.628971 0.305280
vt 0.638685 0.305280
vt 0.626559 0.313745
vt 0.431727 0.753721
vt 0.416500 0.753920
vt 0.371897 0.753900
vt 0.317392 0.689048
vt 0.316359 0.688893
vt 0.314707 0.688646
vt 0.306526 0.687422
vt 0.311524 0.649255
vt 0.340144 0.657896
vt 0.376425 0.602101
vt 0.416535 0.668234
vt 0.456646 0.602101
vt 0.492927 0.620406
vt 0.521547 0.649255
vt 0.540139 0.685389
vt 0.542837 0.702872
vt 0.539478 0.705743
vt 0.408408 0.400984
vt 0.393502 0.366089
vt 0.393502 0.342159
vt 0.423630 0.342159
vt 0.423630 0.413587
vt 0.076212 0.452415
vt 0.076213 0.555960
vt 0.038323 0.555960
vt 0.038323 0.521427
vt 0.074716 0.452764
vt 0.076212 0.452415
vt 0.611856 0.340914
vt 0.595459 0.340914
vt 0.595459 0.375447
vt 0.356709 0.315434
vt 0.377080 0.342159
vt 0.393502 0.366089
vt 0.822257 0.009312
vt 0.840445 0.001745
vt 0.835058 0.003987
vt 0.336502 0.306526
vt 0.778121 0.058200
vt 0.782746 0.051461
s 0
usemtl lambert2SG.001
f 89/1/1 90/2/1 91/3/1 92/4/1
f 92/5/2 98/6/2 96/7/2 89/8/2
f 97/9/3 96/10/3 98/11/3 99/12/3
f 112/13/4 113/14/4 95/15/4 108/16/4
f 95/17/5 113/18/5 114/19/5
f 90/20/6 95/21/6 114/22/6 91/23/6
f 93/24/7 115/25/7 116/26/7 94/27/7
f 94/28/8 116/29/8 117/30/8 118/31/8 119/32/8 121/33/8 120/34/8 97/35/8 99/36/8 122/37/8 123/38/8 124/39/8 125/40/8 126/41/8
f 128/42/9 121/43/9 119/44/9 127/45/9
f 129/46/10 104/47/10 102/48/10 131/49/10 132/50/10 133/51/10 134/52/10 130/53/10
f 134/54/11 133/55/11 136/56/11 115/57/11 93/58/11 135/59/11
f 108/60/12 107/61/12 109/62/12 110/63/12 101/64/12 100/65/12 102/66/12 104/67/12 103/68/12 111/69/12 106/70/12 105/71/12 112/72/12
s 1
f 22/73/13 23/74/14 21/75/15 80/76/16 79/77/17
f 22/73/13 24/78/18 25/79/19 23/74/14
f 24/80/18 26/81/20 27/82/21 25/83/19
f 26/81/20 28/84/22 29/85/23 27/82/21
f 28/84/22 30/86/24 31/87/25 29/85/23
f 30/86/24 32/88/26 33/89/27 31/87/25
f 34/90/28 33/91/27 32/92/26 54/93/29 56/94/30
f 34/90/28 56/95/30 58/96/31
f 10/97/32 19/98/33 87/99/34 65/100/35
f 39/101/36 88/102/37 85/103/38 86/104/39 36/105/40
f 43/106/41 45/107/41 47/108/41 74/109/42 21/110/15 23/111/14 25/112/19 27/113/21 29/114/23 31/115/25 33/116/27 34/117/28 58/118/31 59/119/41 63/120/41 42/121/41
f 53/122/43 35/123/44 49/124/45
f 66/125/46 38/126/47 40/127/48 69/128/49 67/129/50
f 37/130/51 81/131/52 50/132/53 49/133/45 35/134/44
f 54/93/29 32/92/26 35/123/44 53/135/43
f 28/84/22 36/105/40 37/130/51 30/86/24
f 19/98/33 9/136/54 84/137/55 83/138/56 87/99/34
f 30/86/24 37/130/51 35/134/44 32/88/26
f 24/80/18 38/139/47 39/101/36 26/81/20
f 38/139/47 66/140/46 88/141/37 39/101/36
f 36/105/40 86/104/39 81/142/52 37/130/51
f 26/81/20 39/101/36 36/105/40 28/84/22
f 72/143/57 40/127/48 22/73/13 79/77/17 71/144/58
f 22/73/13 40/127/48 38/126/47 24/78/18
f 11/145/59 4/146/60 12/147/61 77/148/62 78/149/63
f 12/147/61 4/146/60 13/150/64 1/151/65
f 1/152/65 13/153/64 5/154/66 14/155/67
f 14/155/67 5/154/66 15/156/68 2/157/69
f 2/157/69 15/156/68 6/158/70 16/159/71
f 16/159/71 6/158/70 17/160/72 3/161/73
f 61/162/74 3/163/73 17/164/72 7/165/75
f 7/165/75 57/166/76 61/167/74
f 46/168/77 44/169/77 41/170/77 64/171/77 62/172/77 60/173/77 57/174/76 7/175/75 17/176/72 6/177/70 15/178/68 5/179/66 13/180/64 4/181/60 11/182/59 75/183/78 48/184/77
f 68/185/79 73/186/80 20/187/81 10/188/32 65/189/35
f 82/190/82 18/191/83 8/192/84 52/193/85 51/194/86
f 9/136/54 18/191/83 82/195/82 84/137/55
f 55/196/87 8/197/84 3/163/73 61/162/74
f 52/198/85 8/197/84 55/196/87
f 2/157/69 16/159/71 18/191/83 9/136/54
f 16/159/71 3/161/73 8/192/84 18/191/83
f 1/152/65 14/155/67 19/98/33 10/97/32
f 14/155/67 2/157/69 9/136/54 19/98/33
f 77/199/62 12/147/61 20/187/81 70/200/88
f 73/201/80 70/200/88 20/187/81
f 12/147/61 1/151/65 10/188/32 20/187/81
f 80/202/16 21/75/15 74/203/42 76/204/89
f 75/205/78 11/145/59 78/149/63
f 69/206/49 40/127/48 72/207/57
o JadeMug_cell.001
v -0.593938 0.517290 -0.144862
v -0.526875 0.517290 -0.275198
v -0.616293 0.517290 0.000001
v -0.642115 0.517290 -0.160515
v -0.567804 0.517290 -0.304935
v -0.666885 0.517290 0.000001
v -0.461772 0.517290 -0.340820
v -0.497099 0.517290 -0.376203
v -0.490393 0.206237 -0.311972
v -0.529241 0.167970 -0.343806
v -0.657095 0.517290 0.063444
v -0.607722 0.517290 0.055547
v -0.642115 0.140765 0.160517
v -0.588187 0.124914 0.156040
v -0.593938 0.170824 0.144863
v -0.508501 0.010868 -0.293719
v -0.544345 0.004987 -0.328581
v -0.548874 0.005043 -0.324016
v -0.512532 0.010917 -0.289656
v -0.645992 0.022294 -0.135388
v -0.642115 0.019538 -0.160515
v -0.526876 0.011891 -0.275198
v -0.567804 0.006328 -0.304935
v -0.597565 0.026390 -0.121361
v -0.593938 0.023813 -0.144862
v -0.666885 0.070770 0.000001
v -0.616293 0.069844 0.000001
v -0.596332 0.115428 0.129353
v -0.644172 0.122639 0.147185
v -0.642115 0.127410 0.160517
v -0.593938 0.120980 0.144863
v -0.490393 0.206237 -0.311972
v -0.508501 0.010868 -0.293719
v -0.461772 0.517290 -0.340820
v -0.461772 0.517290 -0.340820
v -0.497099 0.517290 -0.376203
v -0.497099 0.517290 -0.376203
v -0.529241 0.167970 -0.343806
v -0.657095 0.517290 0.063444
v -0.657095 0.517290 0.063444
v -0.607722 0.517290 0.055547
v -0.607722 0.517290 0.055547
v -0.593938 0.170824 0.144863
v -0.544345 0.004987 -0.328581
v -0.642115 0.140765 0.160517
v -0.588187 0.124914 0.156040
v -0.512532 0.010917 -0.289656
v -0.548874 0.005043 -0.324016
v -0.645992 0.022294 -0.135388
v -0.642115 0.019538 -0.160515
v -0.567804 0.006328 -0.304935
v -0.526876 0.011891 -0.275198
v -0.593938 0.023813 -0.144862
v -0.597565 0.026390 -0.121361
v -0.666885 0.070770 0.000001
v -0.644172 0.122639 0.147185
v -0.616293 0.069844 0.000001
v -0.596332 0.115428 0.129353
v -0.593938 0.120980 0.144863
v -0.642115 0.127410 0.160517
v -0.642115 0.517290 -0.160515
v -0.567804 0.517290 -0.304935
v -0.666885 0.517290 0.000001
v -0.593938 0.517290 -0.144862
v -0.526875 0.517290 -0.275198
v -0.616293 0.517290 0.000001
vn 0.7022 -0.1305 -0.7000
vn 0.0769 -0.9931 0.0885
vn 0.0501 -0.9919 0.1165
vn -0.0172 -0.9422 0.3347
vn -0.0154 -0.9406 0.3390
vn 0.8052 -0.0000 0.5929
vn 0.8090 -0.0000 0.5878
vn 0.9511 -0.0000 0.3090
vn 0.9480 -0.0000 0.3184
vn 0.1518 0.2480 0.9568
vn 0.7017 -0.1295 -0.7006
vn -0.9883 -0.0000 0.1525
vn -1.0000 -0.0000 -0.0000
vn -0.9995 -0.0000 -0.0331
vn 0.7099 -0.0000 0.7043
vn -0.9511 -0.0000 -0.3090
vn -0.8090 -0.0000 -0.5878
vn -0.8052 -0.0000 -0.5930
vn -0.9480 -0.0000 -0.3184
vn 1.0000 -0.0000 -0.0000
vn 0.9883 -0.0000 -0.1525
vn 0.9838 -0.0000 -0.1791
vn 0.9607 -0.0000 -0.2776
vn 0.9995 -0.0000 0.0331
vn 0.9883 -0.0000 0.1525
vn 0.8892 -0.0000 -0.4575
vn -0.7099 -0.0000 -0.7043
vn -0.0000 1.0000 -0.0000
vn -0.9883 -0.0000 -0.1525
vt 1.000000 0.327004
vt 1.000000 0.394697
vt 0.581285 0.000000
vt 0.653098 0.000000
vt 1.000000 0.589797
vt 1.000000 0.662662
vt 0.186292 0.000000
vt 0.275765 0.000000
vt 0.858111 0.000000
vt 0.850261 0.080252
vt 0.700712 0.587567
vt 0.662662 0.662662
vt 0.589797 0.589797
vt 0.618629 0.532896
vt 0.753590 0.075056
vt 0.760932 0.000000
vt 1.000000 0.853343
vt 0.528458 0.427934
vt 0.141889 0.000000
vt 0.239068 0.000000
vt 0.585588 0.383600
vt 1.000000 0.757468
vt 1.000000 0.759050
vt 0.972005 0.857713
vt 0.853343 0.853343
vt 0.757468 0.757468
vt 0.895517 0.762552
vt 0.784945 0.444019
vt 0.784945 0.590348
vt 0.747208 0.590348
vt 0.747208 0.447470
vt 0.884568 0.779534
vt 0.138599 0.025814
vt 0.143225 0.000000
vt 0.240950 0.000000
vt 0.223687 0.096345
vt 0.884570 0.693257
vt 0.643081 0.420858
vt 0.577860 0.361937
vt 0.605303 0.000000
vt 0.672996 0.000000
vt 0.478268 0.192273
vt 0.450163 0.301289
vt 0.431794 0.301289
vt 0.431794 0.172007
vt 0.474408 0.187025
vt 0.478268 0.188406
vt 0.790408 0.444821
vt 0.795592 0.500288
vt 0.803945 0.590348
vt 0.789131 0.443737
vt 0.385319 0.301289
vt 0.343505 0.301289
vt 0.343505 0.153349
vt 0.385319 0.157174
vt 0.705266 0.590348
vt 0.689184 0.590348
vt 0.663324 0.490035
vt 0.663324 0.475603
vt 0.667815 0.473996
vt 0.705266 0.460798
vt 0.705266 0.460798
vt 0.740404 0.448217
vt 0.660088 0.476743
vt 0.343505 0.153349
vt 0.322870 0.301289
vt 0.332250 0.200150
vt 0.336659 0.152961
vt 0.337980 0.152977
vt 0.051150 0.240508
vt 0.030679 0.208788
vt 0.009164 0.198614
vt 0.001992 0.152139
vt 0.004827 0.133770
vt 0.019122 0.131048
vt 0.016640 0.152139
vt 0.023112 0.194082
vt 0.042529 0.231818
vt 0.061379 0.250818
vt 0.385319 0.157174
vt 0.392594 0.157972
s 0
usemtl lambert2SG.001
f 174/208/90 168/209/90 169/210/90 180/211/90
f 183/212/91 184/213/91 180/214/91 169/215/91
f 185/216/92 186/217/92 187/218/92 184/219/92 183/220/92 188/221/92 189/222/92 190/223/92
f 192/224/93 191/225/93 185/226/93 190/227/93 193/228/93 194/229/93
f 182/230/94 196/231/94 192/232/94 194/233/94 195/234/94
s 1
f 158/235/95 201/236/96 200/237/97 161/238/98
s 0
f 175/239/99 181/240/99 196/241/99 182/242/99 179/243/99 177/244/99
f 172/245/100 170/246/100 168/247/100 174/248/100
s 1
f 149/249/101 176/250/101 199/251/102 162/252/103 165/253/101 166/254/101
f 152/255/104 145/256/104 171/257/104 201/236/96 158/235/95 155/258/104
f 197/259/105 198/260/106 159/261/107 157/262/108
f 202/263/109 178/264/110 151/265/111 167/266/112 164/267/110 163/268/113
f 200/237/97 202/263/109 163/269/113 160/270/114 161/238/98
f 167/266/112 151/265/111 150/271/115
f 159/272/107 198/260/106 173/273/116 146/274/116 153/275/116 154/276/116
f 144/277/117 141/278/117 140/279/117 142/280/117 147/281/117 148/282/117 139/283/117 137/284/117 138/285/117 143/286/117
f 162/252/103 199/251/102 197/259/105 157/287/108 156/288/118
o JadeMug_cell.002
v -0.589206 -0.436522 0.143326
v -0.593938 -0.344218 0.144863
v -0.575006 -0.467290 0.138712
v -0.526875 -0.344218 0.275199
v -0.563233 -0.449413 0.301614
v -0.636726 -0.449444 0.158766
v -0.605348 -0.517290 0.148571
v -0.642114 -0.345581 0.160517
v -0.567804 -0.345579 0.304936
v -0.567804 0.079661 0.304936
v -0.636840 0.124698 0.170768
v -0.582310 0.119782 0.167462
v -0.485366 0.047516 0.388032
v -0.445735 0.051978 0.356987
v -0.526875 0.083618 0.275199
v -0.639949 0.126643 0.164727
v -0.587549 0.123060 0.157281
v -0.642647 0.124001 0.157069
v -0.593942 0.118804 0.144836
v -0.666885 0.068544 0.000001
v -0.646869 0.022052 -0.129707
v -0.616293 0.067665 0.000001
v -0.598852 0.027154 -0.113021
v -0.453416 0.034975 0.420236
v -0.423642 0.043306 0.379256
v -0.319556 0.001435 0.487774
v -0.299868 0.012293 0.441703
v -0.323696 -0.006514 0.485685
v -0.306334 -0.000122 0.438441
v -0.597820 0.024735 -0.119710
v -0.659282 -0.201704 -0.049268
v -0.612819 -0.344218 0.022511
v -0.616293 -0.290551 0.000001
v -0.574901 -0.517290 0.103715
v -0.533850 -0.517290 0.116947
v -0.583931 -0.467290 0.080876
v -0.506085 -0.467290 0.105968
v -0.592046 -0.453169 0.072632
v -0.605869 -0.401471 0.047571
v -0.665944 -0.345579 0.006089
v -0.666884 -0.331090 0.000001
v -0.653266 -0.449423 0.051619
v -0.614204 -0.517290 0.091186
v -0.601610 -0.436522 0.062932
v -0.453416 -0.251174 0.420236
v -0.415719 -0.180123 0.439256
v -0.481474 -0.344218 0.320963
v -0.497899 -0.345580 0.375399
v -0.461875 -0.302624 0.340718
v -0.553214 -0.474918 0.294335
v -0.522902 -0.435394 0.272314
v -0.545062 -0.449418 0.319928
v -0.542758 -0.517290 0.168043
v -0.561562 -0.517290 0.233668
v -0.523919 -0.467290 0.208263
v -0.529391 -0.467290 0.227361
v -0.423642 -0.221433 0.379256
v -0.528949 -0.517290 0.119666
v -0.495721 -0.467290 0.109406
v -0.567804 0.079661 0.304936
v -0.636840 0.124698 0.170768
v -0.485366 0.047516 0.388032
v -0.445735 0.051978 0.356987
v -0.526875 0.083618 0.275199
v -0.582310 0.119782 0.167462
v -0.639949 0.126643 0.164727
v -0.587549 0.123060 0.157281
v -0.666885 0.068544 0.000001
v -0.646869 0.022052 -0.129707
v -0.642647 0.124001 0.157069
v -0.522902 -0.435394 0.272314
v -0.529391 -0.467290 0.227361
v -0.616293 0.067665 0.000001
v -0.593942 0.118804 0.144836
v -0.523919 -0.467290 0.208263
v -0.495721 -0.467290 0.109406
v -0.598852 0.027154 -0.113021
v -0.423642 0.043306 0.379256
v -0.299868 0.012293 0.441703
v -0.453416 0.034975 0.420236
v -0.319556 0.001435 0.487774
v -0.306334 -0.000122 0.438441
v -0.323696 -0.006514 0.485685
v -0.597820 0.024735 -0.119710
v -0.574901 -0.517290 0.103715
v -0.533850 -0.517290 0.116947
v -0.583931 -0.467290 0.080876
v -0.592046 -0.453169 0.072632
v -0.506085 -0.467290 0.105968
v -0.612819 -0.344218 0.022511
v -0.605869 -0.401471 0.047571
v -0.616293 -0.290551 0.000001
v -0.614204 -0.517290 0.091186
v -0.653266 -0.449423 0.051619
v -0.665944 -0.345579 0.006089
v -0.666884 -0.331090 0.000001
v -0.659282 -0.201704 -0.049268
v -0.601610 -0.436522 0.062932
v -0.481474 -0.344218 0.320963
v -0.461875 -0.302624 0.340718
v -0.453416 -0.251174 0.420236
v -0.415719 -0.180123 0.439256
v -0.497899 -0.345580 0.375399
v -0.545062 -0.449418 0.319928
v -0.553214 -0.474918 0.294335
v -0.561562 -0.517290 0.233668
v -0.542758 -0.517290 0.168043
v -0.423642 -0.221433 0.379256
v -0.528949 -0.517290 0.119666
vn 0.1026 0.9577 0.2687
vn 0.1022 0.9610 0.2568
vn 0.0174 0.9433 -0.3315
vn 0.0164 0.9420 -0.3351
vn 0.1037 0.9573 0.2699
vn 0.8340 -0.4972 0.2392
vn 0.0174 0.9411 -0.3377
vn 0.2868 -0.3547 -0.8899
vn 0.2578 -0.3501 -0.9005
vn 0.2839 -0.3557 -0.8904
vn 0.8302 -0.5042 0.2379
vn 0.8307 -0.5037 0.2371
vn 0.8308 -0.5036 0.2370
vn 0.3442 -0.3912 -0.8535
vn -0.7669 -0.4358 0.4712
vn -0.7003 -0.1643 0.6947
vn -0.7842 -0.2460 0.5697
vn -0.9218 -0.2461 0.2995
vn -0.5395 -0.8235 0.1753
vn -0.6875 -0.6342 0.3538
vn -0.6772 -0.7283 0.1045
vn -0.0000 -1.0000 -0.0000
vn 0.9507 0.0269 -0.3089
vn 0.9881 0.0196 -0.1525
vn 0.9931 -0.0000 -0.1171
vn 0.9994 -0.0000 -0.0333
vn 0.9403 -0.0000 -0.3403
vn -0.6698 -0.0000 0.7425
vn -0.6078 -0.0000 0.7941
vn -0.7099 -0.0000 0.7043
vn -0.8247 -0.0000 0.5656
vn -0.8087 -0.0271 0.5876
vn -0.7098 -0.0165 0.7042
vn -0.9710 -0.1861 0.1498
vn -0.0000 1.0000 -0.0000
vn 0.6782 0.7274 -0.1047
vn 0.5407 0.8225 -0.1764
vn 0.6895 0.6305 -0.3565
vn -0.8892 -0.0000 0.4575
vn -0.9492 -0.0000 0.3146
vn -0.9505 -0.0271 0.3096
vn 0.9220 0.2446 -0.3001
vn 0.8476 0.1443 -0.5107
vn -0.4505 -0.0000 0.8928
vn -0.9993 -0.0000 0.0362
vn -0.9883 -0.0000 -0.1525
vn -0.9926 -0.0000 0.1212
vn 0.6699 -0.0000 -0.7425
vn 0.6078 -0.0000 -0.7941
vn 0.4504 -0.0000 -0.8928
vn 0.9712 0.1855 -0.1499
vn 0.8913 0.4320 -0.1375
vn -0.9876 -0.0197 0.1555
vn -0.9876 -0.0000 0.1573
vn 0.9869 0.0531 -0.1523
vn 0.8087 0.0268 -0.5876
vn 0.7098 0.0164 -0.7042
vn 0.9883 -0.0000 0.1525
vn 0.8247 -0.0000 -0.5655
vn 0.7099 -0.0000 -0.7043
vn 0.8892 -0.0000 -0.4575
vt 0.648405 0.375361
vt 0.424534 0.000000
vt 0.497321 0.000000
vt 0.717668 0.369452
vt 1.000000 0.753680
vt 1.000000 0.853854
vt 1.000000 0.857350
vt 0.853854 0.853854
vt 0.753680 0.753680
vt 1.000000 0.759572
vt 0.857350 0.857350
vt 0.759572 0.759572
vt 1.000000 0.777492
vt 1.000000 0.865993
vt 0.872527 0.000000
vt 0.909390 0.414813
vt 0.865993 0.865993
vt 0.777492 0.777492
vt 0.817510 0.361450
vt 0.785389 0.000000
vt 0.860730 0.415408
vt 1.000000 0.502679
vt 1.000000 0.575466
vt 0.798596 0.449259
vt 0.191919 0.000000
vt 0.299771 0.000000
vt 0.241074 0.000000
vt 0.299771 0.299771
vt 0.191919 0.191919
vt 0.154340 0.000000
vt 1.000000 0.127473
vt 1.000000 0.214611
vt 0.762526 0.000000
vt 0.920098 0.000000
vt 1.000000 0.085771
vt 1.000000 0.195987
vt 0.991553 0.162647
vt 0.840035 0.000000
vt 1.000000 0.284850
vt 1.000000 0.628224
vt 0.858947 0.858947
vt 0.762526 0.762526
vt 0.962564 0.435321
vt 0.983733 0.365798
vt 0.195987 0.195987
vt 0.085771 0.085771
vt 0.338645 0.085761
vt 0.589874 0.202410
vt 0.671297 0.380908
vt 0.677322 0.405815
vt 0.628224 0.628224
vt 0.284850 0.284850
vt 0.257501 0.224600
vt 0.913094 0.239969
vt 0.968983 0.405931
vt 1.000000 0.481640
vt 1.000000 0.704652
vt 0.913687 0.575339
vt 0.843287 0.403501
vt 0.779783 0.214490
vt 0.791286 0.168064
vt 0.851457 0.090901
vt 1.000000 0.090842
vt 1.000000 0.181867
vt 0.956769 0.181884
vt 1.000000 0.758926
vt 1.000000 0.845660
vt 0.704652 0.704652
vt 0.481640 0.481640
vt 0.623501 0.579178
vt 0.160353 0.000000
vt 0.181867 0.181867
vt 0.090842 0.090842
vt 0.080096 0.000000
vt 1.000000 0.079902
vt 1.000000 0.159965
vt 0.837141 0.000000
vt 0.918652 0.000000
vt 0.517013 0.014013
vt 0.524423 0.021396
vt 0.519121 0.021397
vt 0.477761 0.021388
vt 0.474809 0.001745
vt 0.499448 0.001745
vt 0.517013 0.014013
vt 0.008630 0.777803
vt 0.006066 0.761188
vt 0.017445 0.776336
vt 0.029331 0.774357
vt 0.030750 0.774121
vt 0.026752 0.813022
vt 0.021308 0.802441
vt 0.663324 0.340914
vt 0.698749 0.340914
vt 0.705266 0.356452
vt 0.705266 0.460167
vt 0.663324 0.474976
vt 0.553465 0.078794
vt 0.553466 0.161643
vt 0.544142 0.165274
vt 0.520082 0.174581
vt 0.520082 0.051460
vt 0.540483 0.051460
vt 0.458194 0.001745
vt 0.446738 0.021394
vt 0.315887 0.688822
vt 0.312887 0.688374
vt 0.290348 0.702134
vt 0.292932 0.685389
vt 0.306139 0.687364
vt 0.307723 0.687601
vt 0.540483 0.051460
vt 0.524423 0.021396
vt 0.481236 0.187621
vt 0.478268 0.187767
vt 0.478268 0.051459
vt 0.639438 0.305280
vt 0.665105 0.305280
vt 0.663769 0.314189
vt 0.626695 0.314189
vt 0.821208 0.465179
vt 0.821208 0.382330
vt 0.832123 0.402901
vt 0.858767 0.453167
vt 0.859965 0.455468
vt 0.431794 0.171362
vt 0.393088 0.157485
vt 0.417529 0.093117
vt 0.431794 0.055655
vt 0.038323 0.520410
vt 0.038323 0.443760
vt 0.074160 0.452739
vt 0.072288 0.456334
vt 0.687045 0.314189
vt 0.681850 0.305280
vt 0.684237 0.309369
vt 0.431794 0.055655
vt 0.433557 0.051460
vt 0.478268 0.187767
vt 0.477270 0.187419
vt 0.691493 0.324337
vt 0.626423 0.314516
vt 0.625587 0.340914
vt 0.612337 0.340914
vt 0.626695 0.314189
vt 0.739926 0.447737
vt 0.737989 0.448438
vt 0.612337 0.340914
vt 0.625587 0.464786
vt 0.601907 0.455625
vt 0.595459 0.453114
vt 0.595459 0.376464
vt 0.606617 0.352957
vt 0.659729 0.476206
vt 0.656781 0.475257
vt 0.625587 0.464786
s 0
usemtl lambert2SG.001
f 262/289/119 264/290/119 265/291/119 266/292/119 267/293/119 263/294/119
f 268/295/120 263/296/120 267/297/120 269/298/120
f 268/299/121 269/300/121 276/301/121 272/302/121
f 271/303/122 270/304/122 272/305/122 276/306/122 275/307/122 279/308/122
f 280/309/123 265/310/123 264/311/123 282/312/123 283/313/123 281/314/123
f 284/315/124 281/316/124 283/317/124 285/318/124
f 271/319/125 279/320/125 286/321/125
f 288/322/126 287/323/126 290/324/126 289/325/126 291/326/126
f 293/327/127 299/328/127 271/329/127 286/330/127 294/331/127 292/332/127
f 290/333/128 287/334/128 295/335/128 296/336/128 297/337/128 298/338/128 299/339/128 293/340/128 300/341/128
f 273/342/129 301/343/129 302/344/129 304/345/129 303/346/129 305/347/129 306/348/129 307/349/129 308/350/129 309/351/129 277/352/129 274/353/129
f 284/354/130 285/355/130 304/356/130 302/357/130 310/358/130
f 278/359/131 277/360/131 309/361/131 311/362/131
f 288/363/132 291/364/132 278/365/132 311/366/132
s 1
f 252/367/133 254/368/134 207/369/135
f 207/369/135 208/370/136 209/371/137 256/372/138 252/373/133
f 209/374/137 245/375/139 236/376/140 237/377/140 260/378/140 255/379/140 256/380/138
f 204/381/141 234/382/142 235/383/143 224/384/144 221/385/145
f 247/386/146 226/387/147 215/388/148 212/389/149 211/390/150 250/391/151
f 245/392/139 209/371/137 208/370/136 244/393/152
f 261/394/153 239/395/153 238/396/154 205/397/155 258/398/156 257/399/153
f 250/400/151 211/390/150 207/369/135 254/401/134
f 211/390/150 212/389/149 213/402/157 218/403/158 210/404/159
f 207/369/135 211/390/150 210/404/159 208/370/136
f 258/405/156 205/406/155 203/407/160 253/408/161
f 226/409/147 247/410/146 248/411/162 230/412/162 228/413/162
f 222/414/163 223/415/164 233/416/164 243/417/165
f 259/418/166 227/419/167 229/420/168 231/421/168
f 246/422/169 203/407/160 205/406/155 238/423/154 240/424/170
f 222/414/163 243/425/165 242/426/171 210/404/159 218/427/158 220/428/172
f 208/370/136 210/404/159 242/426/171 244/393/152
f 203/407/160 246/422/169 241/429/173 234/382/142 204/381/141
f 253/430/161 206/431/174 249/432/175
f 204/381/141 206/431/174 253/433/161 203/407/160
f 224/384/144 235/383/143 232/434/176 225/435/176
f 249/436/175 206/431/174 217/437/177 216/438/178 227/439/167 259/440/166 251/441/178
f 206/431/174 204/381/141 221/385/145 219/442/179 214/443/179 217/444/177
o JadeMug_cell.003
v 0.297744 0.517290 -0.144862
v 0.297744 0.517290 0.144864
v 0.127448 0.517290 0.379256
v 0.230682 0.517290 -0.275198
v 0.320099 0.517290 0.000001
v 0.230682 0.517290 0.275199
v -0.003417 0.517290 0.445280
v 0.271610 0.517290 -0.304935
v 0.345920 0.271144 -0.160515
v 0.345920 0.517290 -0.160515
v 0.370690 0.244746 0.000001
v 0.370690 0.517290 0.000001
v 0.345920 0.271144 0.160517
v 0.345920 0.517290 0.160517
v 0.271610 0.517290 0.304936
v 0.157222 0.517290 0.420236
v 0.012217 0.517290 0.493397
v 0.345920 0.394217 0.160517
v 0.370690 0.420615 0.000001
v 0.345920 0.394217 -0.160515
v 0.358940 0.376648 0.076155
v 0.358938 0.288714 0.076155
v 0.358940 0.376648 -0.076153
v 0.358938 0.288714 -0.076153
v 0.358938 0.332682 -0.083768
v 0.345920 0.332681 -0.160515
v 0.345920 0.332681 0.160517
v 0.358938 0.332682 0.083770
v 0.372876 0.269858 0.001048
v 0.362234 0.304609 0.055637
v 0.372876 0.395505 -0.001046
v 0.362234 0.360754 -0.055635
v 0.362395 0.362559 0.054382
v 0.363505 0.333882 0.063078
v 0.362395 0.302802 -0.054380
v 0.363505 0.331479 -0.063076
v 0.429217 0.300681 0.055563
v 0.435075 0.266119 0.000857
v 0.429337 0.299180 -0.054536
v 0.432706 0.327698 -0.063126
v 0.434076 0.356778 -0.055566
v 0.445824 0.390910 -0.000857
v 0.434275 0.358251 0.054539
v 0.432757 0.329674 0.063126
v 0.482936 0.280173 0.055489
v 0.475453 0.247644 0.000665
v 0.482788 0.278954 -0.054693
v 0.495558 0.304532 -0.063177
v 0.506832 0.330955 -0.055498
v 0.528073 0.360032 -0.000669
v 0.507265 0.332041 0.054696
v 0.495946 0.306063 0.063173
v 0.525144 0.236327 0.055414
v 0.503316 0.211874 0.000473
v 0.524754 0.235486 -0.054851
v 0.547275 0.253303 -0.063228
v 0.568948 0.272157 -0.055432
v 0.599497 0.290723 -0.000482
v 0.569538 0.272754 0.054851
v 0.547927 0.254259 0.063219
v 0.158163 0.157222 -0.348295
v 0.186941 0.264981 -0.390280
v 0.190427 0.165516 -0.386766
v 0.153349 0.294542 -0.353146
v 0.190797 0.156434 -0.386393
v 0.158673 0.144683 -0.347780
v -0.075131 0.062663 0.507587
v -0.082745 0.068221 0.508824
v -0.080751 0.060262 0.457844
v -0.094443 0.070258 0.460068
v 0.145791 0.517290 -0.360765
v 0.178379 0.517290 -0.398910
v -0.016951 0.517290 0.498136
v -0.028962 0.517290 0.449430
v 0.210042 0.081773 -0.296002
v 0.225410 0.086977 -0.280512
v 0.245692 0.116856 -0.331059
v 0.228004 0.110866 -0.348888
v 0.127964 -0.096288 0.378736
v 0.197554 -0.144705 0.379582
v 0.156778 -0.111186 0.420460
v 0.180079 -0.139163 0.326205
v -0.003417 0.004393 0.445280
v 0.012217 -0.000442 0.493397
v 0.532013 0.219572 -0.054887
v 0.521500 0.202274 -0.023285
v 0.554674 0.237520 -0.063238
v 0.615059 0.257824 -0.000419
v 0.592565 0.224780 0.054936
v 0.569940 0.206869 0.063246
v 0.579006 0.251361 -0.055416
v 0.547789 0.194224 0.056264
v 0.297744 -0.001933 0.144863
v 0.320099 0.059789 0.000001
v 0.345920 0.025302 0.160517
v 0.526377 0.189930 0.025102
v 0.519015 0.198202 -0.015827
v 0.512628 0.188687 0.000398
v 0.370690 0.093694 0.000001
v 0.345920 0.128886 -0.160515
v 0.230682 -0.088859 0.275199
v 0.230682 0.088788 -0.275198
v 0.297744 0.091568 -0.144862
v 0.271610 0.125756 -0.304935
v 0.271610 -0.071086 0.304936
v 0.158163 0.157222 -0.348295
v 0.153349 0.294542 -0.353146
v 0.186941 0.264981 -0.390280
v 0.190427 0.165516 -0.386766
v 0.190797 0.156434 -0.386393
v 0.158673 0.144683 -0.347780
v -0.080751 0.060262 0.457844
v -0.094443 0.070258 0.460068
v -0.075131 0.062663 0.507587
v -0.082745 0.068221 0.508824
v 0.145791 0.517290 -0.360765
v 0.145791 0.517290 -0.360765
v 0.178379 0.517290 -0.398910
v 0.178379 0.517290 -0.398910
v -0.016951 0.517290 0.498136
v -0.016951 0.517290 0.498136
v -0.028962 0.517290 0.449430
v -0.028962 0.517290 0.449430
v 0.210042 0.081773 -0.296002
v 0.225410 0.086977 -0.280512
v 0.245692 0.116856 -0.331059
v 0.228004 0.110866 -0.348888
v 0.127964 -0.096288 0.378736
v 0.180079 -0.139163 0.326205
v -0.003417 0.004393 0.445280
v 0.156778 -0.111186 0.420460
v 0.012217 -0.000442 0.493397
v 0.532013 0.219572 -0.054887
v 0.532013 0.219572 -0.054887
v 0.554674 0.237520 -0.063238
v 0.554674 0.237520 -0.063238
v 0.579006 0.251361 -0.055416
v 0.579006 0.251361 -0.055416
v 0.615059 0.257824 -0.000419
v 0.615059 0.257824 -0.000419
v 0.592565 0.224780 0.054936
v 0.592565 0.224780 0.054936
v 0.569940 0.206869 0.063246
v 0.569940 0.206869 0.063246
v 0.547789 0.194224 0.056264
v 0.547789 0.194224 0.056264
v 0.521500 0.202274 -0.023285
v 0.197554 -0.144705 0.379582
v 0.297744 -0.001933 0.144863
v 0.320099 0.059789 0.000001
v 0.526377 0.189930 0.025102
v 0.370690 0.093694 0.000001
v 0.345920 0.128886 -0.160515
v 0.345920 0.025302 0.160517
v 0.525144 0.236327 0.055414
v 0.519015 0.198202 -0.015827
v 0.512628 0.188687 0.000398
v 0.512628 0.188687 0.000398
v 0.230682 -0.088859 0.275199
v 0.271610 -0.071086 0.304936
v 0.271610 0.125756 -0.304935
v 0.297744 0.091568 -0.144862
v 0.230682 0.088788 -0.275198
v 0.271610 0.517290 -0.304935
v 0.345920 0.517290 -0.160515
v 0.345920 0.517290 0.160517
v 0.271610 0.517290 0.304936
v 0.157222 0.517290 0.420236
v 0.012217 0.517290 0.493397
v 0.230682 0.517290 -0.275198
v 0.297744 0.517290 -0.144862
v 0.297744 0.517290 0.144864
v 0.230682 0.517290 0.275199
v 0.127448 0.517290 0.379256
v -0.003417 0.517290 0.445280
v 0.370690 0.517290 0.000001
v 0.320099 0.517290 0.000001
v 0.429217 0.300681 0.055563
v 0.435075 0.266119 0.000857
v 0.429337 0.299180 -0.054536
v 0.432706 0.327698 -0.063126
v 0.434076 0.356778 -0.055566
v 0.445824 0.390910 -0.000857
v 0.434275 0.358251 0.054539
v 0.432757 0.329674 0.063126
v 0.482936 0.280173 0.055489
v 0.475453 0.247644 0.000665
v 0.482788 0.278954 -0.054693
v 0.495558 0.304532 -0.063177
v 0.506832 0.330955 -0.055498
v 0.528073 0.360032 -0.000669
v 0.507265 0.332041 0.054696
v 0.495946 0.306063 0.063173
v 0.503316 0.211874 0.000473
v 0.524754 0.235486 -0.054851
v 0.547275 0.253303 -0.063228
v 0.568948 0.272157 -0.055432
v 0.599497 0.290723 -0.000482
v 0.569538 0.272754 0.054851
v 0.547927 0.254259 0.063219
vn -0.7600 -0.0495 -0.6480
vn -0.7588 -0.0575 -0.6488
vn -0.5753 -0.8113 0.1041
vn 0.8090 -0.0000 -0.5878
vn 0.8020 -0.0000 -0.5973
vn 0.7099 -0.0000 -0.7043
vn -0.7594 -0.0480 -0.6488
vn 0.5348 -0.8038 -0.2605
vn -0.3756 -0.7522 -0.5414
vn -0.5690 -0.8160 0.1016
vn -0.5713 -0.8141 0.1038
vn 0.5391 -0.8013 -0.2593
vn 0.5374 -0.8026 -0.2590
vn 0.5377 -0.8024 -0.2589
vn -0.0000 1.0000 -0.0000
vn 0.9511 -0.0000 -0.3090
vn 0.9507 0.0025 -0.3102
vn 0.9501 -0.0000 -0.3118
vn 0.9507 -0.0025 -0.3102
vn 0.9539 -0.0000 -0.3001
vn 0.3090 -0.0000 0.9511
vn 0.1604 -0.0000 0.9871
vn 0.3657 -0.0000 0.9307
vn 0.9863 -0.0193 0.1638
vn 0.9507 -0.0025 0.3102
vn 0.9357 -0.0000 0.3527
vn 0.9996 -0.0000 0.0284
vn 0.9999 -0.0125 -0.0013
vn -0.7099 -0.0000 0.7043
vn -0.8020 -0.0000 0.5973
vn -0.8090 -0.0000 0.5878
vn -0.9511 -0.0000 -0.3090
vn -1.0000 -0.0000 -0.0000
vn -0.9996 -0.0000 -0.0284
vn -0.9358 -0.0000 -0.3527
vn 0.9501 -0.0000 0.3118
vn 0.9507 0.0025 0.3102
vn 0.9511 -0.0000 0.3090
vn 0.8089 -0.0000 0.5880
vn 0.7753 -0.0000 0.6316
vn 0.6346 -0.0000 0.7729
vn 0.5876 -0.0000 0.8091
vn -0.9539 -0.0000 0.3001
vn -0.9511 -0.0000 0.3090
vn 0.7096 -0.0000 0.7047
vn 0.9865 -0.0186 -0.1630
vn 0.9865 0.0186 0.1630
vn 0.9999 0.0125 0.0013
vn 1.0000 -0.0000 -0.0000
vn -0.1604 -0.0000 -0.9871
vn -0.3094 0.0001 -0.9509
vn -0.3661 0.0001 -0.9306
vn -0.5880 0.0001 -0.8089
vn -0.6351 0.0001 -0.7724
vn -0.8090 -0.0000 -0.5878
vn -0.7755 -0.0000 -0.6313
vn -0.7099 -0.0000 -0.7043
vn 0.9863 0.0192 -0.1638
vn 0.9867 0.0005 -0.1628
vn 0.9867 -0.0005 0.1628
vn -0.9605 0.1463 0.2367
vn 0.7791 -0.6267 0.0161
vn 0.7376 -0.3413 0.5826
vn 0.8161 0.5778 -0.0147
vn 0.7576 0.3373 -0.5589
vn 0.7575 0.3521 0.5497
vn 0.6958 0.0207 0.7179
vn 0.7364 -0.3580 -0.5741
vn 0.6949 -0.0087 -0.7190
vn -0.2107 -0.8302 0.5161
vn -0.1729 -0.8361 0.5206
vn -0.1773 -0.8487 -0.4983
vn -0.2135 -0.8425 -0.4946
vn -0.0576 -0.2804 -0.9581
vn -0.0622 -0.2795 -0.9581
vn 0.0474 0.2473 -0.9678
vn 0.0546 0.2469 -0.9675
vn 0.1768 0.8194 -0.5452
vn 0.1660 0.8218 -0.5451
vn 0.1683 0.8350 0.5238
vn 0.1789 0.8326 0.5242
vn 0.0614 0.2819 0.9575
vn 0.0536 0.2832 0.9576
vn -0.0547 -0.2446 0.9681
vn -0.0505 -0.2450 0.9682
vn -0.5268 -0.6906 0.4954
vn -0.4840 -0.7196 0.4979
vn -0.4922 -0.7259 -0.4804
vn -0.5321 -0.6983 -0.4787
vn -0.1517 -0.2402 -0.9588
vn -0.1588 -0.2355 -0.9588
vn 0.1329 0.2221 -0.9659
vn 0.1423 0.2171 -0.9657
vn 0.4470 0.7063 -0.5488
vn 0.4392 0.7112 -0.5489
vn 0.4441 0.7205 0.5326
vn 0.4519 0.7156 0.5326
vn 0.1564 0.2411 0.9578
vn 0.1467 0.2471 0.9578
vn -0.1433 -0.2123 0.9666
vn -0.1364 -0.2161 0.9668
vn -0.7362 -0.4588 0.4974
vn -0.7254 -0.4781 0.4951
vn -0.7363 -0.4843 -0.4726
vn -0.7480 -0.4651 -0.4735
vn -0.2333 -0.1629 -0.9587
vn -0.2353 -0.1596 -0.9587
vn 0.2141 0.1572 -0.9641
vn 0.2174 0.1528 -0.9641
vn 0.6816 0.4864 -0.5467
vn 0.6766 0.4934 -0.5466
vn 0.6824 0.4990 0.5341
vn 0.6873 0.4921 0.5343
vn 0.2334 0.1653 0.9582
vn 0.2303 0.1701 0.9581
vn -0.2161 -0.1482 0.9651
vn -0.2145 -0.1504 0.9651
vn -0.7880 -0.3513 0.5057
vn -0.8043 -0.3580 -0.4743
vn -0.2605 -0.1191 -0.9581
vn 0.2441 0.1164 -0.9627
vn 0.7588 0.3613 -0.5419
vn 0.7645 0.3657 0.5308
vn 0.2594 0.1236 0.9578
vn -0.2416 -0.1111 0.9640
vt 1.000000 0.265980
vt 0.707282 0.000000
vt 0.787977 0.000000
vt 1.000000 0.192657
vt 0.207147 0.000000
vt 0.285985 0.000000
vt 0.265980 0.265980
vt 0.192657 0.192657
vt 0.802723 0.000000
vt 0.890305 0.000000
vt 1.000000 0.143296
vt 1.000000 0.257706
vt 0.954698 0.301289
vt 0.954698 0.187927
vt 0.962262 0.185350
vt 0.967424 0.183616
vt 0.978283 0.196810
vt 0.978391 0.199439
vt 0.979409 0.228237
vt 0.981907 0.301289
vt 1.000000 0.212023
vt 1.000000 0.292718
vt 0.485610 0.367182
vt 0.417344 0.296370
vt 1.000000 0.646141
vt 1.000000 0.743689
vt 0.381729 0.000000
vt 0.462826 0.000000
vt 0.646141 0.646141
vt 1.000000 0.714015
vt 1.000000 0.792853
vt 0.743689 0.743689
vt 1.000000 0.336185
vt 0.527690 0.000000
vt 0.631282 0.000000
vt 1.000000 0.262682
vt 0.759811 0.219262
vt 0.336185 0.336185
vt 0.262681 0.262681
vt 0.728708 0.134526
vt 1.000000 0.109695
vt 1.000000 0.197277
vt 0.876631 0.432118
vt 0.818781 0.367356
vt 0.771224 0.271438
vt 0.879722 0.331364
vt 0.947214 0.391598
vt 1.000000 0.450554
vt 1.000000 0.520458
vt 0.944253 0.492445
vt 0.472310 0.000000
vt 0.392040 0.148191
vt 0.983333 0.373012
vt 0.957106 0.500232
vt 0.662359 0.598661
vt 0.980279 0.544951
vt 1.000000 0.537174
vt 1.000000 0.618271
vt 0.903047 0.656507
vt 0.925749 0.641198
vt 0.846508 0.500175
vt 0.875567 0.359208
vt 0.251244 0.216874
vt 0.368718 0.000000
vt 0.520458 0.520458
vt 0.456874 0.451345
vt 0.502234 0.477951
vt 0.536152 0.499665
vt 0.524726 0.513910
vt 0.287756 0.152139
vt 0.281283 0.110197
vt 0.261866 0.072461
vt 0.231977 0.042333
vt 0.194088 0.023216
vt 0.186692 0.022014
vt 0.190169 0.022579
vt 0.198614 0.025500
vt 0.240597 0.051022
vt 0.273716 0.095491
vt 0.295232 0.105665
vt 0.302404 0.152139
vt 0.295232 0.198614
vt 0.273717 0.240428
vt 0.246723 0.247082
vt 0.237288 0.269256
vt 0.261866 0.231818
vt 0.281283 0.194082
vt 0.912884 0.301289
vt 0.912884 0.265655
vt 0.912884 0.247839
vt 0.912884 0.230022
vt 0.912884 0.188834
vt 0.956024 0.604825
vt 0.947579 0.604825
vt 0.928530 0.474805
vt 0.930734 0.473196
vt 0.956024 0.454925
vt 0.844361 0.235109
vt 0.819935 0.230022
vt 0.819935 0.158842
vt 0.866410 0.178644
vt 0.866410 0.222379
vt 0.212981 0.487343
vt 0.213130 0.483712
vt 0.228121 0.465498
vt 0.232606 0.467005
vt 0.234145 0.467529
vt 0.234145 0.591594
vt 0.209370 0.591594
vt 0.211576 0.527101
vt 0.355766 0.591594
vt 0.313823 0.591594
vt 0.313823 0.459133
vt 0.355766 0.441262
vt 0.819935 0.247839
vt 0.819935 0.265655
vt 0.819935 0.301289
vt 0.778121 0.301289
vt 0.778121 0.130935
vt 0.998008 0.422763
vt 0.998008 0.604825
vt 0.271881 0.468334
vt 0.271881 0.591594
vt 0.744738 0.301289
vt 0.744738 0.119227
vt 0.756508 0.109620
vt 0.888459 0.235109
vt 0.844361 0.260569
vt 0.866410 0.273299
vt 0.866410 0.301289
vt 0.313823 0.459133
vt 0.137601 0.438850
vt 0.133637 0.435956
vt 0.152596 0.306526
vt 0.159992 0.306526
vt 0.159992 0.455026
vt 0.197882 0.306526
vt 0.197882 0.484053
vt 0.159992 0.455026
vt 0.423630 0.414067
vt 0.423630 0.591594
vt 0.393502 0.591594
vt 0.393502 0.416094
vt 0.408270 0.401530
vt 0.888459 0.260569
vt 0.890664 0.247839
vt 0.393502 0.416094
vt 0.355766 0.441262
vt 0.842156 0.247839
vt 0.143296 0.143296
vt 0.903591 0.119294
vt 0.905807 0.200881
vt 0.257706 0.257706
vt 0.866107 0.229649
vt 0.850301 0.239711
vt 0.866713 0.266028
vt 0.882518 0.255967
vt 0.850665 0.256490
vt 0.848147 0.248187
vt 0.882155 0.239188
vt 0.884673 0.247491
vt 0.815661 0.629287
vt 0.799856 0.626206
vt 0.799800 0.608197
vt 0.815640 0.609893
vt 0.783808 0.629240
vt 0.783762 0.609858
vt 0.553807 0.621180
vt 0.554129 0.612877
vt 0.574165 0.613972
vt 0.573189 0.622228
vt 0.553761 0.604401
vt 0.574561 0.605552
vt 0.556842 0.594340
vt 0.577962 0.595670
vt 0.652320 0.809290
vt 0.649286 0.799751
vt 0.670097 0.798504
vt 0.673441 0.807960
vt 0.649607 0.791448
vt 0.669658 0.790230
vt 0.649239 0.782973
vt 0.668633 0.781835
vt 0.799745 0.596506
vt 0.815618 0.594340
vt 0.783717 0.594382
vt 0.592362 0.620679
vt 0.588665 0.628084
vt 0.595626 0.613028
vt 0.601777 0.604610
vt 0.691230 0.790915
vt 0.697255 0.799020
vt 0.687953 0.783394
vt 0.684186 0.775898
vt 0.776957 0.742144
vt 0.761084 0.732726
vt 0.761028 0.722370
vt 0.776935 0.729450
vt 0.745056 0.741792
vt 0.745010 0.729206
vt 0.607336 0.635512
vt 0.600816 0.640670
vt 0.613611 0.630053
vt 0.622456 0.624677
vt 0.709260 0.773750
vt 0.717935 0.778952
vt 0.703003 0.768395
vt 0.696407 0.763203
vt 0.761006 0.715656
vt 0.768055 0.715867
vt 0.776921 0.716795
vt 0.745000 0.724598
vt 0.754218 0.719495
vt 0.756399 0.718284
vt 0.761006 0.715656
vt 0.609478 0.640082
vt 0.602918 0.645278
vt 0.616523 0.636074
vt 0.609478 0.640082
vt 0.626962 0.634203
vt 0.722441 0.769427
vt 0.715927 0.759860
vt 0.709376 0.754674
vt 0.702964 0.751011
s 0
usemtl lambert2SG.001
f 417/445/180 418/446/180 419/447/180 420/448/180
f 421/449/181 422/450/181 417/451/181 420/452/181
f 423/453/182 425/454/182 426/455/182 424/456/182
s 1
f 475/457/183 415/458/184 437/459/185 389/460/185 376/461/185 374/462/185 373/463/185 430/464/185
s 0
f 419/465/186 418/466/186 427/467/186 429/468/186
f 435/469/187 438/470/187 388/471/187 436/472/187
f 435/473/188 422/474/188 421/475/188 438/476/188
f 390/477/189 440/478/189 459/479/189 392/480/189
f 441/481/190 390/482/190 392/483/190 443/484/190 425/485/190 423/486/190
f 446/487/191 448/488/191 450/489/191 452/490/191 454/491/191 456/492/191 458/493/191 444/494/191
f 440/495/192 470/496/192 460/497/192 461/498/192 473/499/192 474/500/192 436/501/192 388/502/192 472/503/192 464/504/192 463/505/192 465/506/192 471/507/192 459/508/192
f 458/509/193 456/510/193 462/511/193 468/512/193 467/513/193
s 1
f 316/514/194 483/515/194 484/516/194 314/517/194 486/518/194 433/519/194 432/520/194 480/521/194 327/522/194 478/523/194 325/524/194 323/525/194 321/526/194 319/527/194 383/528/194 428/529/194 481/530/194 482/531/194
f 475/457/183 476/532/195 331/533/196 337/534/197 320/535/198 411/536/199 415/458/184
f 328/537/200 431/538/201 379/539/201 378/540/201 395/541/202
f 333/542/203 324/543/204 406/544/205 410/545/206 322/546/207
f 372/547/208 377/548/208 386/549/208 387/550/208 413/551/209 315/552/210 382/553/208 375/554/208
f 313/555/211 488/556/212 405/557/213 404/558/214
f 324/543/204 338/559/215 329/560/216 477/561/217 326/562/218 416/563/219 406/544/205
f 442/564/220 479/565/221 328/537/200 395/541/202
f 414/566/222 312/567/223 315/552/210 413/551/209
f 416/563/219 326/562/218 479/568/221 442/569/220 391/570/224
f 335/571/225 322/546/207 410/545/206 411/536/199 320/535/198
f 329/560/216 332/572/226 330/573/227 487/574/228 477/561/217
f 312/567/223 414/566/222 405/575/213 488/556/212
f 380/576/229 381/577/229 434/578/229 318/579/230 394/580/231
f 485/581/232 439/582/233 394/583/231 318/579/230
f 439/584/233 485/585/232 317/586/234 412/587/235 393/588/236
f 330/573/227 334/589/237 331/533/196 476/532/195 487/574/228
f 334/589/237 336/590/238 337/534/197 331/533/196
f 412/591/235 317/586/234 313/555/211 404/592/214
f 338/559/215 339/593/239 332/572/226 329/560/216
f 337/534/197 336/590/238 335/571/225 320/535/198
s 0
f 426/594/240 384/595/240 385/596/240 424/597/240
s 1
f 324/543/204 333/542/203 339/593/239 338/559/215
f 333/542/203 322/546/207 340/598/241 341/599/242
f 334/589/237 330/573/227 342/600/243 343/601/244
f 330/573/227 332/572/226 344/602/245 342/600/243
f 332/572/226 339/593/239 345/603/246 344/602/245
f 322/546/207 335/571/225 346/604/247 340/598/241
f 336/590/238 334/589/237 343/601/244 347/605/248
f 335/571/225 336/590/238 347/605/248 346/604/247
f 339/593/239 333/542/203 341/599/242 345/603/246
f 341/606/242 340/607/241 490/608/249 489/609/250
f 340/607/241 346/610/247 491/611/251 349/608/252
f 346/612/247 347/613/248 492/614/253 350/615/254
f 347/613/248 343/616/244 493/617/255 351/614/256
f 343/616/244 342/618/243 494/619/257 352/617/258
f 342/620/243 344/621/245 495/622/259 353/623/260
f 344/621/245 345/624/246 496/625/261 354/622/262
f 345/624/246 341/626/242 348/627/263 355/625/264
f 489/609/250 490/608/249 498/628/265 497/629/266
f 349/608/252 491/611/251 499/630/267 357/628/268
f 350/615/254 492/614/253 500/631/269 358/632/270
f 351/614/256 493/617/255 501/633/271 359/631/272
f 352/617/258 494/619/257 502/634/273 360/633/274
f 353/623/260 495/622/259 503/635/275 361/636/276
f 354/622/262 496/625/261 504/637/277 362/635/278
f 355/625/264 348/627/263 356/638/279 363/637/280
f 497/639/266 498/640/265 505/641/281 466/642/282
f 357/640/268 499/643/267 506/644/283 365/641/284
f 358/632/270 500/631/269 507/645/285 366/646/286
f 359/631/272 501/633/271 508/647/287 367/645/288
f 360/633/274 502/634/273 509/648/289 368/647/290
f 361/636/276 503/635/275 510/649/291 369/650/292
f 362/635/278 504/637/277 511/651/293 370/649/294
f 363/637/280 356/638/279 364/652/295 371/651/296
f 466/642/282 505/641/281 469/653/297 407/654/297 457/655/297
f 365/641/284 506/644/283 445/656/298 397/657/298 408/658/298 409/659/298
f 366/646/286 507/645/285 447/660/299 396/661/299
f 367/645/288 508/647/287 449/662/300 398/663/300
f 402/662/301 368/647/290 509/648/289 451/664/301
f 399/665/302 369/650/292 510/649/291 453/666/302
f 370/649/294 511/651/293 455/667/303 400/666/303
f 371/651/296 364/652/295 403/668/304 401/667/304
o JadeMug_cell.004
v 0.300218 -0.467290 0.000001
v 0.297744 -0.344218 0.144864
v 0.315128 -0.436522 0.000001
v 0.320099 -0.344218 0.000001
v 0.365040 -0.449413 0.000001
v 0.332081 -0.517290 0.000001
v 0.340532 -0.449444 0.158766
v 0.345920 -0.221145 0.160517
v 0.370690 -0.195066 0.000001
v 0.345920 -0.221145 -0.160515
v 0.345919 -0.345581 0.160517
v 0.345919 -0.345581 -0.160515
v 0.369255 -0.371932 0.000001
v 0.358873 -0.239075 0.076585
v 0.358871 -0.327521 0.076585
v 0.352786 -0.449428 0.079384
v 0.358873 -0.239075 -0.076583
v 0.358871 -0.327521 -0.076583
v 0.352786 -0.449428 -0.079382
v 0.358873 -0.283298 -0.084241
v 0.345920 -0.283364 -0.160515
v 0.345920 -0.283364 0.160517
v 0.358873 -0.283298 0.084243
v 0.372867 -0.220207 -0.001047
v 0.362164 -0.254982 -0.056091
v 0.362327 -0.253179 0.054836
v 0.362821 -0.311665 0.056126
v 0.372729 -0.346901 0.001049
v 0.363440 -0.282096 0.063615
v 0.362964 -0.313474 -0.054867
v 0.363439 -0.284500 -0.063613
v 0.557105 0.165839 0.055338
v 0.527387 0.151936 0.000280
v 0.556754 0.165335 -0.055010
v 0.584069 0.174820 -0.063280
v 0.611017 0.185176 -0.055366
v 0.645213 0.194076 -0.000296
v 0.611474 0.185386 0.055005
v 0.584607 0.175292 0.063264
v 0.574468 0.074557 0.055262
v 0.541981 0.070104 0.000087
v 0.574330 0.074216 -0.055169
v 0.603222 0.077128 -0.063333
v 0.631937 0.080580 -0.055300
v 0.666860 0.082863 -0.000110
v 0.632106 0.080608 0.055160
v 0.603423 0.077369 0.063309
v 0.574313 -0.024243 0.055186
v 0.541973 -0.019973 -0.000106
v 0.574434 -0.024583 -0.055327
v 0.603402 -0.027500 -0.063385
v 0.632168 -0.030216 -0.055234
v 0.666885 -0.033337 0.000077
v 0.632012 -0.030186 0.055315
v 0.603214 -0.027258 0.063355
v 0.556687 -0.115390 0.055112
v 0.527358 -0.101850 -0.000298
v 0.557024 -0.115891 -0.055484
v 0.584556 -0.125458 -0.063435
v 0.611681 -0.135082 -0.055166
v 0.645265 -0.144631 0.000266
v 0.611237 -0.134871 0.055472
v 0.584032 -0.124989 0.063403
v 0.524650 -0.185586 0.055040
v 0.503275 -0.161874 -0.000488
v 0.525028 -0.186421 -0.055639
v 0.547850 -0.204487 -0.063483
v 0.569910 -0.222655 -0.055095
v 0.599521 -0.241417 0.000458
v 0.569337 -0.222052 0.055632
v 0.547209 -0.203536 0.063452
v 0.482682 -0.229108 0.054970
v 0.475409 -0.197743 -0.000677
v 0.482824 -0.230322 -0.055792
v 0.495862 -0.256374 -0.063528
v 0.507784 -0.282283 -0.055021
v 0.528015 -0.310895 0.000653
v 0.507367 -0.281195 0.055794
v 0.495480 -0.254844 0.063504
v 0.429263 -0.249421 0.054902
v 0.435060 -0.216329 -0.000864
v 0.429139 -0.250918 -0.055942
v 0.432687 -0.280112 -0.063571
v 0.434839 -0.308880 -0.054945
v 0.445687 -0.341997 0.000851
v 0.434661 -0.307404 0.055960
v 0.432639 -0.278135 0.063559
v 0.225274 0.084704 -0.280649
v 0.230682 0.086576 -0.275198
v 0.332671 0.126377 -0.186264
v 0.271610 0.123694 -0.304935
v 0.245438 0.114631 -0.331316
v 0.297744 -0.004328 0.144863
v 0.297744 0.089517 -0.144862
v 0.345920 0.022946 0.160517
v 0.320099 0.057603 0.000001
v 0.345920 0.126931 -0.160515
v 0.513245 0.187149 0.000393
v 0.370690 0.091568 0.000001
v 0.520040 0.197309 -0.016891
v 0.545651 0.191100 0.055365
v 0.526420 0.188330 0.024057
v 0.532682 0.218106 -0.054890
v 0.615798 0.256262 -0.000416
v 0.593307 0.223233 0.054938
v 0.570653 0.205333 0.063247
v 0.579731 0.249863 -0.055415
v 0.555368 0.236041 -0.063239
v 0.211191 0.079659 -0.294844
v 0.229220 0.108822 -0.347663
v 0.181454 -0.140799 0.324819
v 0.230682 -0.091627 0.275199
v 0.271610 -0.073779 0.304936
v 0.198988 -0.146318 0.378137
v 0.236028 0.085949 -0.340801
v 0.217102 0.059797 -0.288886
v 0.304877 -0.517290 0.032397
v 0.278600 -0.467290 0.035015
v 0.309047 -0.436522 -0.039406
v 0.330186 -0.517290 -0.008882
v 0.297744 -0.282585 -0.144862
v 0.326596 -0.274944 -0.198070
v 0.303859 -0.344218 -0.105233
v 0.271610 -0.030727 -0.304935
v 0.230682 0.015268 -0.275198
v 0.281247 -0.345579 0.286205
v 0.275155 -0.328326 0.298045
v 0.241839 -0.289053 0.253515
v 0.291998 -0.436522 0.145297
v 0.315743 -0.449434 0.206949
v 0.261317 -0.344218 0.215660
v 0.322303 -0.488859 0.152843
v 0.319046 -0.517290 0.084471
v 0.288946 -0.467290 0.073040
v 0.230682 -0.257346 0.275199
v 0.271609 -0.318250 0.304936
v 0.350208 -0.449431 -0.096079
v 0.347378 -0.403932 -0.128088
v 0.345196 -0.359518 -0.160280
v 0.342515 -0.345581 -0.167132
v 0.271610 0.123694 -0.304935
v 0.245438 0.114631 -0.331316
v 0.225274 0.084704 -0.280649
v 0.230682 0.086576 -0.275198
v 0.300218 -0.467290 0.000001
v 0.309047 -0.436522 -0.039406
v 0.332671 0.126377 -0.186264
v 0.345920 0.126931 -0.160515
v 0.297744 0.089517 -0.144862
v 0.320099 0.057603 0.000001
v 0.297744 -0.004328 0.144863
v 0.288946 -0.467290 0.073040
v 0.291998 -0.436522 0.145297
v 0.278600 -0.467290 0.035015
v 0.345920 0.022946 0.160517
v 0.370690 0.091568 0.000001
v 0.579731 0.249863 -0.055415
v 0.579731 0.249863 -0.055415
v 0.555368 0.236041 -0.063239
v 0.555368 0.236041 -0.063239
v 0.532682 0.218106 -0.054890
v 0.532682 0.218106 -0.054890
v 0.520040 0.197309 -0.016891
v 0.513245 0.187149 0.000393
v 0.513245 0.187149 0.000393
v 0.526420 0.188330 0.024057
v 0.545651 0.191100 0.055365
v 0.545651 0.191100 0.055365
v 0.570653 0.205333 0.063247
v 0.570653 0.205333 0.063247
v 0.593307 0.223233 0.054938
v 0.593307 0.223233 0.054938
v 0.615798 0.256262 -0.000416
v 0.615798 0.256262 -0.000416
v 0.211191 0.079659 -0.294844
v 0.229220 0.108822 -0.347663
v 0.271610 -0.073779 0.304936
v 0.198988 -0.146318 0.378137
v 0.230682 -0.091627 0.275199
v 0.181454 -0.140799 0.324819
v 0.236028 0.085949 -0.340801
v 0.217102 0.059797 -0.288886
v 0.330186 -0.517290 -0.008882
v 0.304877 -0.517290 0.032397
v 0.350208 -0.449431 -0.096079
v 0.303859 -0.344218 -0.105233
v 0.297744 -0.282585 -0.144862
v 0.230682 0.015268 -0.275198
v 0.271610 -0.030727 -0.304935
v 0.326596 -0.274944 -0.198070
v 0.241839 -0.289053 0.253515
v 0.261317 -0.344218 0.215660
v 0.319046 -0.517290 0.084471
v 0.322303 -0.488859 0.152843
v 0.315743 -0.449434 0.206949
v 0.281247 -0.345579 0.286205
v 0.275155 -0.328326 0.298045
v 0.271609 -0.318250 0.304936
v 0.230682 -0.257346 0.275199
v 0.342515 -0.345581 -0.167132
v 0.345196 -0.359518 -0.160280
v 0.347378 -0.403932 -0.128088
v 0.429263 -0.249421 0.054902
v 0.435060 -0.216329 -0.000864
v 0.429139 -0.250918 -0.055942
v 0.432687 -0.280112 -0.063571
v 0.434839 -0.308880 -0.054945
v 0.445687 -0.341997 0.000851
v 0.434661 -0.307404 0.055960
v 0.432639 -0.278135 0.063559
v 0.527387 0.151936 0.000280
v 0.557105 0.165839 0.055338
v 0.556754 0.165335 -0.055010
v 0.584069 0.174820 -0.063280
v 0.611017 0.185176 -0.055366
v 0.645213 0.194076 -0.000296
v 0.611474 0.185386 0.055005
v 0.584607 0.175292 0.063264
v 0.574468 0.074557 0.055262
v 0.541981 0.070104 0.000087
v 0.574330 0.074216 -0.055169
v 0.603222 0.077128 -0.063333
v 0.631937 0.080580 -0.055300
v 0.666860 0.082863 -0.000110
v 0.632106 0.080608 0.055160
v 0.603423 0.077369 0.063309
v 0.574313 -0.024243 0.055186
v 0.541973 -0.019973 -0.000106
v 0.574434 -0.024583 -0.055327
v 0.603402 -0.027500 -0.063385
v 0.632168 -0.030216 -0.055234
v 0.666885 -0.033337 0.000077
v 0.632012 -0.030186 0.055315
v 0.603214 -0.027258 0.063355
v 0.556687 -0.115390 0.055112
v 0.527358 -0.101850 -0.000298
v 0.557024 -0.115891 -0.055484
v 0.584556 -0.125458 -0.063435
v 0.611681 -0.135082 -0.055166
v 0.645265 -0.144631 0.000266
v 0.611237 -0.134871 0.055472
v 0.584032 -0.124989 0.063403
v 0.524650 -0.185586 0.055040
v 0.503275 -0.161874 -0.000488
v 0.525028 -0.186421 -0.055639
v 0.547850 -0.204487 -0.063483
v 0.569910 -0.222655 -0.055095
v 0.599521 -0.241417 0.000458
v 0.569337 -0.222052 0.055632
v 0.547209 -0.203536 0.063452
v 0.482682 -0.229108 0.054970
v 0.475409 -0.197743 -0.000677
v 0.482824 -0.230322 -0.055792
v 0.495862 -0.256374 -0.063528
v 0.507784 -0.282283 -0.055021
v 0.528015 -0.310895 0.000653
v 0.507367 -0.281195 0.055794
v 0.495480 -0.254844 0.063504
vn -0.5384 0.8017 0.2597
vn -0.5383 0.8018 0.2597
vn -0.5439 0.7992 0.2556
vn -0.7913 -0.3793 -0.4796
vn -0.7859 -0.3876 -0.4818
vn -0.8558 -0.4620 0.2329
vn -0.8560 -0.4611 0.2338
vn -0.7852 -0.3882 -0.4824
vn 0.8711 -0.4366 0.2247
vn 0.9225 -0.2451 0.2982
vn 0.8797 -0.1460 0.4526
vn 0.8416 -0.0000 0.5400
vn 0.7099 -0.0000 0.7043
vn 0.8631 -0.0000 0.5050
vn -0.9641 0.1187 -0.2374
vn -0.9696 0.2447 -0.0014
vn -0.8354 0.5482 -0.0393
vn -0.8310 0.5407 -0.1309
vn 0.9655 -0.0000 0.2605
vn 0.9507 0.0025 0.3102
vn 0.9865 0.0186 0.1630
vn 0.9999 0.0125 0.0013
vn 0.9995 -0.0000 -0.0320
vn 0.9507 0.0025 -0.3102
vn 0.9501 -0.0000 -0.3118
vn 0.9507 -0.0303 -0.3087
vn 0.8890 -0.0188 -0.4574
vn 0.8892 -0.0000 -0.4575
vn 0.8702 -0.0000 -0.4928
vn 0.8170 -0.0000 -0.5767
vn 0.9476 -0.0000 -0.3194
vn 0.7099 -0.0000 -0.7043
vn 0.9507 -0.0303 0.3087
vn 0.8891 -0.0152 0.4575
vn 0.7554 -0.6441 -0.1203
vn 0.5715 -0.8206 -0.0019
vn 0.8279 -0.5461 0.1277
vn -0.0000 -1.0000 -0.0000
vn 0.9787 -0.0505 -0.1990
vn 0.9850 -0.0440 -0.1671
vn 0.9570 -0.2483 -0.1498
vn 0.9776 -0.1497 -0.1479
vn 0.9879 -0.0494 -0.1471
vn 0.9861 0.0016 -0.1664
vn 0.9863 0.0192 -0.1638
vn 0.9696 -0.2449 -0.0010
vn 0.9982 -0.0600 -0.0014
vn 0.9847 -0.0452 0.1681
vn 0.9580 -0.2458 0.1476
vn -0.9798 -0.0000 0.2000
vn -0.9476 -0.0000 0.3193
vn -0.8170 -0.0000 0.5767
vn -0.8702 -0.0000 0.4928
vn -0.0000 1.0000 -0.0000
vn -0.7099 -0.0000 0.7043
vn -0.8891 0.0150 -0.4575
vn -0.9509 0.0278 -0.3083
vn -0.8631 -0.0000 -0.5050
vn -0.7099 -0.0000 -0.7043
vn -0.8416 -0.0000 -0.5400
vn -0.9996 0.0278 -0.0006
vn -0.9882 0.0163 0.1525
vn -0.9770 0.1507 0.1508
vn 0.9501 -0.0000 0.3118
vn 0.9860 0.0007 0.1670
vn -0.9995 -0.0000 0.0320
vn -0.9655 -0.0000 -0.2605
vn -0.8892 -0.0000 -0.4575
vn 0.8892 -0.0000 0.4575
vn 0.7776 0.6286 -0.0160
vn 0.7378 0.3418 -0.5821
vn 0.7366 0.3583 0.5736
vn 0.8014 -0.5979 0.0144
vn 0.7464 -0.3489 0.5667
vn 0.6942 0.0116 0.7197
vn 0.7463 -0.3649 -0.5567
vn 0.6951 -0.0173 -0.7187
vn -0.1788 0.8498 0.4958
vn -0.2153 0.8435 0.4922
vn -0.2126 0.8313 -0.5135
vn -0.1745 0.8374 -0.5179
vn -0.0541 0.2452 -0.9680
vn -0.0498 0.2456 -0.9681
vn 0.0627 -0.2804 -0.9578
vn 0.0559 -0.2815 -0.9579
vn 0.1725 -0.8332 -0.5254
vn 0.1809 -0.8313 -0.5256
vn 0.1790 -0.8181 0.5465
vn 0.1703 -0.8200 0.5465
vn 0.0499 -0.2460 0.9680
vn 0.0561 -0.2456 0.9677
vn -0.0567 0.2809 0.9581
vn -0.0615 0.2799 0.9580
vn -0.8255 -0.2496 0.5063
vn -0.8227 -0.2588 0.5061
vn -0.7911 -0.3491 0.5022
vn -0.8302 -0.2529 -0.4968
vn -0.8322 -0.2453 -0.4972
vn -0.8034 -0.3392 -0.4893
vn -0.2625 -0.0845 -0.9612
vn -0.2627 -0.0837 -0.9613
vn -0.2550 -0.1167 -0.9599
vn 0.2521 0.0844 -0.9640
vn 0.2527 0.0826 -0.9640
vn 0.2414 0.1149 -0.9636
vn 0.7615 0.3636 -0.5366
vn 0.8002 0.2623 -0.5393
vn 0.7987 0.2670 -0.5393
vn 0.7668 0.3657 0.5275
vn 0.8029 0.2683 0.5323
vn 0.8043 0.2639 0.5324
vn 0.2529 0.1208 0.9599
vn 0.2623 0.0864 0.9611
vn 0.2618 0.0882 0.9611
vn -0.2514 -0.0800 0.9646
vn -0.2511 -0.0808 0.9646
vn -0.2404 -0.1106 0.9643
vn -0.8583 -0.0777 0.5072
vn -0.8581 -0.0801 0.5072
vn -0.8596 -0.0794 -0.5047
vn -0.8598 -0.0778 -0.5048
vn -0.2700 -0.0254 -0.9625
vn -0.2700 -0.0253 -0.9625
vn 0.2671 0.0266 -0.9633
vn 0.2672 0.0259 -0.9633
vn 0.8401 0.0809 -0.5363
vn 0.8399 0.0828 -0.5363
vn 0.8415 0.0831 0.5339
vn 0.8416 0.0815 0.5339
vn 0.2711 0.0268 0.9622
vn 0.2711 0.0274 0.9622
vn -0.2659 -0.0249 0.9637
vn -0.2659 -0.0250 0.9637
vn -0.8598 0.0782 0.5046
vn -0.8597 0.0801 0.5045
vn -0.8583 0.0808 -0.5068
vn -0.8585 0.0781 -0.5068
vn -0.2659 0.0260 -0.9636
vn -0.2660 0.0258 -0.9636
vn 0.2710 -0.0261 -0.9622
vn 0.8415 -0.0813 -0.5341
vn 0.8415 -0.0815 -0.5341
vn 0.8401 -0.0812 0.5363
vn 0.8402 -0.0807 0.5363
vn 0.2672 -0.0252 0.9633
vn 0.2672 -0.0253 0.9633
vn -0.2698 0.0263 0.9625
vn -0.2698 0.0265 0.9625
vn -0.8329 0.2486 0.4944
vn -0.8309 0.2567 0.4937
vn -0.8267 0.2568 -0.5007
vn -0.8291 0.2475 -0.5013
vn -0.2513 0.0821 -0.9644
vn -0.2517 0.0812 -0.9644
vn 0.2637 -0.0873 -0.9607
vn 0.2639 -0.0863 -0.9607
vn 0.8038 -0.2637 -0.5333
vn 0.8029 -0.2664 -0.5333
vn 0.7989 -0.2647 0.5401
vn 0.7999 -0.2617 0.5401
vn 0.2529 -0.0818 0.9640
vn 0.2526 -0.0830 0.9640
vn -0.2630 0.0849 0.9611
vn -0.2628 0.0859 0.9610
vn -0.7490 0.4586 0.4782
vn -0.7372 0.4793 0.4763
vn -0.7303 0.4777 -0.4882
vn -0.7434 0.4554 -0.4898
vn -0.2138 0.1513 -0.9651
vn -0.2160 0.1482 -0.9651
vn 0.2295 -0.1672 -0.9589
vn 0.2317 -0.1634 -0.9590
vn 0.6880 -0.4918 -0.5336
vn 0.6847 -0.4965 -0.5335
vn 0.6792 -0.4917 0.5449
vn 0.6827 -0.4869 0.5449
vn 0.2164 -0.1509 0.9646
vn 0.2138 -0.1545 0.9646
vn -0.2325 0.1596 0.9594
vn -0.2305 0.1630 0.9593
vn -0.5335 0.6986 0.4768
vn -0.4933 0.7265 0.4784
vn -0.4853 0.7203 -0.4957
vn -0.5284 0.6910 -0.4933
vn -0.1357 0.2169 -0.9667
vn -0.1427 0.2130 -0.9666
vn 0.1483 -0.2447 -0.9582
vn 0.1568 -0.2394 -0.9582
vn 0.4525 -0.7148 -0.5332
vn 0.4474 -0.7180 -0.5332
vn 0.4427 -0.7087 0.5493
vn 0.4478 -0.7055 0.5492
vn 0.1430 -0.2155 0.9660
vn 0.1348 -0.2199 0.9662
vn -0.1581 0.2361 0.9588
vn -0.1507 0.2409 0.9588
vt 0.724780 0.512464
vt 0.405928 0.089951
vt 0.445715 0.248937
vt 0.406209 0.372007
vt 1.000000 0.385025
vt 0.522296 0.097400
vt 0.382671 0.000000
vt 0.463933 0.000000
vt 0.492785 0.020127
vt 0.329083 0.323328
vt 0.364739 0.212260
vt 0.328830 0.068778
vt 0.714036 0.570113
vt 0.473737 0.473737
vt 0.370288 0.370288
vt 0.741370 0.438386
vt 0.705052 0.414604
vt 0.684782 0.372052
vt 0.673892 0.351941
vt 0.694959 0.340702
vt 0.725713 0.327137
vt 0.765725 0.338338
vt 0.801994 0.362062
vt 0.838040 0.427000
vt 0.780359 0.449174
vt 0.359474 0.000000
vt 1.000000 0.536067
vt 1.000000 0.617329
vt 0.262377 0.000000
vt 1.000000 0.367440
vt 1.000000 0.450707
vt 0.359474 0.359474
vt 0.262377 0.262377
vt 0.935494 0.000000
vt 1.000000 0.109118
vt 1.000000 0.219221
vt 0.944977 0.126144
vt 0.881184 0.085984
vt 0.770764 0.102455
vt 0.703792 0.124885
vt 0.475742 0.395001
vt 0.450707 0.450707
vt 0.367440 0.367440
vt 0.433036 0.221478
vt 0.620020 0.000000
vt 0.813612 0.490691
vt 0.481201 0.283700
vt 0.289809 0.219321
vt 0.219221 0.219221
vt 0.109118 0.109118
vt 0.205788 0.109255
vt 0.392555 0.172038
vt 0.575980 0.258992
vt 0.941706 0.487879
vt 1.000000 0.525900
vt 1.000000 0.612260
vt 0.552781 0.512517
vt 1.000000 0.370288
vt 1.000000 0.473737
vt 0.696844 0.570150
vt 0.612260 0.612260
vt 0.525900 0.525900
vt 0.064506 0.000000
vt 0.379980 0.000000
vt 0.328454 0.040379
vt 0.317039 0.047099
vt 0.263364 0.051236
vt 0.209999 0.057092
vt 0.822157 0.009976
vt 0.820442 0.021388
vt 0.806491 0.021391
vt 0.778121 0.130155
vt 0.756927 0.109153
vt 0.778121 0.059373
vt 0.355321 0.315434
vt 0.313823 0.315434
vt 0.313823 0.306526
vt 0.334970 0.306526
vt 0.819935 0.158160
vt 0.819935 0.087488
vt 0.844236 0.082297
vt 0.866410 0.095039
vt 0.866410 0.178029
vt 0.912884 0.087488
vt 0.912884 0.069474
vt 0.912884 0.051460
vt 0.914800 0.051460
vt 0.923757 0.071912
vt 0.954698 0.142620
vt 0.954698 0.187330
vt 0.920339 0.188107
vt 0.912884 0.188268
vt 0.962336 0.184706
vt 0.954698 0.187330
vt 0.965083 0.176402
vt 0.967069 0.183024
vt 0.806491 0.021391
vt 0.819935 0.051460
vt 0.783544 0.051461
vt 0.279619 0.732018
vt 0.280046 0.734787
vt 0.276272 0.759244
vt 0.272170 0.755925
vt 0.912816 0.047425
vt 0.888583 0.056689
vt 0.889394 0.021393
vt 0.894228 0.021392
vt 0.903492 0.034556
vt 0.890801 0.069493
vt 0.888583 0.082297
vt 0.866410 0.021397
vt 0.866410 0.043830
vt 0.844236 0.056689
vt 0.843426 0.021393
vt 0.912816 0.047425
vt 0.914800 0.051460
vt 0.866410 0.178029
vt 0.271881 0.360004
vt 0.271881 0.467740
vt 0.234145 0.466889
vt 0.234145 0.446242
vt 0.543073 0.704403
vt 0.546328 0.725550
vt 0.540078 0.705700
vt 0.866410 0.001745
vt 0.869179 0.001745
vt 0.234145 0.466889
vt 0.232567 0.466346
vt 0.228457 0.464886
vt 0.230182 0.459135
vt 0.376264 0.342159
vt 0.355766 0.342159
vt 0.355892 0.315434
vt 0.393502 0.367311
vt 0.407869 0.401056
vt 0.393502 0.415293
vt 0.313823 0.342159
vt 0.283355 0.342159
vt 0.302414 0.315434
vt 0.819935 0.069474
vt 0.842019 0.069493
vt 0.313823 0.458500
vt 0.355766 0.440569
vt 0.376264 0.342159
vt 0.387224 0.358131
vt 0.302414 0.315434
vt 0.783544 0.051461
vt 0.819935 0.158160
vt 0.778121 0.130155
vt 0.780116 0.056456
vt 0.822157 0.009976
vt 0.841953 0.001745
vt 0.866713 0.087760
vt 0.882650 0.077691
vt 0.850533 0.078213
vt 0.866106 0.051078
vt 0.850160 0.061280
vt 0.847992 0.069841
vt 0.882296 0.060756
vt 0.884828 0.069145
vt 0.822715 0.624324
vt 0.838861 0.622645
vt 0.838915 0.640652
vt 0.822735 0.643704
vt 0.854809 0.624360
vt 0.854851 0.643751
vt 0.573132 0.781500
vt 0.574159 0.789952
vt 0.554110 0.791223
vt 0.553740 0.782677
vt 0.574782 0.798281
vt 0.553972 0.799612
vt 0.577923 0.807870
vt 0.556799 0.809290
vt 0.673402 0.595760
vt 0.670209 0.605775
vt 0.649409 0.604542
vt 0.652278 0.594340
vt 0.669624 0.614250
vt 0.649588 0.613103
vt 0.668646 0.622563
vt 0.649266 0.621475
vt 0.760972 0.705015
vt 0.776913 0.709041
vt 0.776921 0.716355
vt 0.767754 0.715405
vt 0.761005 0.715211
vt 0.744964 0.708895
vt 0.756095 0.718020
vt 0.744999 0.724174
vt 0.617989 0.658235
vt 0.610081 0.660981
vt 0.603112 0.645702
vt 0.609679 0.640510
vt 0.625792 0.655236
vt 0.616733 0.636508
vt 0.627175 0.634655
vt 0.635692 0.652660
vt 0.616733 0.636508
vt 0.716142 0.759412
vt 0.721402 0.748454
vt 0.731171 0.750970
vt 0.722654 0.768975
vt 0.709583 0.754229
vt 0.713623 0.745531
vt 0.716142 0.759412
vt 0.705661 0.742794
vt 0.702345 0.750108
vt 0.760916 0.681323
vt 0.776891 0.682612
vt 0.744918 0.682513
vt 0.623534 0.686520
vt 0.615170 0.687363
vt 0.631849 0.685521
vt 0.641960 0.684859
vt 0.727376 0.718117
vt 0.737438 0.718770
vt 0.719071 0.717180
vt 0.710688 0.716365
vt 0.760860 0.655242
vt 0.776869 0.654006
vt 0.744872 0.653908
vt 0.623587 0.716813
vt 0.615200 0.715968
vt 0.631915 0.717600
vt 0.641967 0.718503
vt 0.727349 0.686039
vt 0.737445 0.685126
vt 0.719011 0.686886
vt 0.710643 0.687760
vt 0.760805 0.631536
vt 0.776848 0.627616
vt 0.744827 0.627471
vt 0.618130 0.745175
vt 0.610159 0.742405
vt 0.625984 0.747962
vt 0.635707 0.750726
vt 0.721334 0.655729
vt 0.731186 0.652903
vt 0.713457 0.658590
vt 0.705540 0.661370
vt 0.760750 0.614157
vt 0.776827 0.607292
vt 0.744782 0.607050
vt 0.607502 0.768057
vt 0.600895 0.762826
vt 0.613890 0.773317
vt 0.622463 0.778749
vt 0.709202 0.630487
vt 0.717941 0.624880
vt 0.702795 0.635848
vt 0.696264 0.641045
vt 0.760695 0.603772
vt 0.776807 0.594691
vt 0.744738 0.594340
vt 0.592450 0.783079
vt 0.588675 0.775536
vt 0.595902 0.790581
vt 0.601760 0.798865
vt 0.691260 0.613363
vt 0.697238 0.604765
vt 0.687818 0.620993
vt 0.684113 0.628444
vt 0.822696 0.608857
vt 0.838807 0.610963
vt 0.854765 0.608816
s 0
usemtl lambert2SG.001
f 688/669/305 666/670/305 667/671/305 659/672/305 658/673/305 652/674/305 653/675/305 654/676/305 655/677/305 660/678/305 661/679/305 662/680/305 690/681/305 691/682/305 689/683/305
f 670/684/306 672/685/306 674/686/306 675/687/306 677/688/306 678/689/306 680/690/306 682/691/306 684/692/306 668/693/306
f 686/694/307 654/695/307 653/696/307 687/697/307
f 692/698/308 693/699/308 686/700/308 687/701/308
f 694/702/309 695/703/309 665/704/309 656/705/309 657/706/309 697/707/309 698/708/309 699/709/309 693/710/309 692/711/309 700/712/309 701/713/309
f 703/714/310 664/715/310 663/716/310 665/717/310 695/718/310 704/719/310 705/720/310 706/721/310 707/722/310 708/723/310 702/724/310
f 709/725/311 689/726/311 691/727/311 710/728/311 702/729/311 708/730/311
f 694/731/312 701/732/312 711/733/312 712/734/312 713/735/312 696/736/312
s 1
f 643/737/313 518/738/314 641/739/315
f 624/740/316 625/741/317 647/742/318
f 640/743/319 514/744/320 512/745/321 645/746/322
f 606/747/323 519/748/324 525/749/325 520/750/326 610/751/327
f 521/752/328 532/753/329 523/754/330 651/755/331 633/756/332 635/757/333 602/758/334 601/759/332 608/760/335
f 603/761/336 602/762/334 635/757/333 626/763/336 621/764/336
f 641/765/315 518/738/314 522/766/337 637/767/338
f 631/768/339 517/769/340 644/770/341 628/771/342
f 650/772/343 523/754/330 529/773/344 530/774/345 648/775/346 649/776/347
f 531/777/348 532/753/329 521/752/328 528/778/349
f 516/779/350 524/780/351 526/781/352 527/782/353
f 523/754/330 650/783/343 651/784/331
f 610/785/327 520/750/326 528/778/349 521/752/328 608/760/335
f 632/786/354 605/787/355 600/788/356 636/789/357
f 645/790/322 512/791/321 629/792/358
f 530/774/345 516/779/350 517/793/340 631/794/339 648/775/346
f 600/795/356 599/796/359 620/797/359 627/798/359 636/789/357
f 642/799/360 513/800/361 640/801/319
f 646/802/362 622/803/363 623/804/364
f 514/744/320 515/805/365 634/806/366 630/807/367
f 533/808/368 534/809/369 525/749/325 519/748/324
f 527/782/353 526/781/352 522/766/337 518/738/314
f 607/810/370 605/787/355 632/786/354 634/806/366 515/805/365
f 515/805/365 513/800/361 604/811/371 607/810/370
f 530/774/345 529/773/344 524/780/351 516/779/350
f 604/811/371 513/800/361 642/812/360 639/813/372 646/802/362 623/804/364
f 512/745/321 514/744/320 630/814/367
f 523/754/330 532/753/329 531/777/348 529/773/344
f 637/815/338 522/766/337 533/808/368 519/748/324 606/816/323 624/817/316 647/742/318 638/818/373
f 527/782/353 518/738/314 643/819/313 644/820/341 517/793/340 516/779/350
f 526/781/352 534/809/369 533/808/368 522/766/337
f 528/778/349 520/750/326 535/821/374 536/822/375
f 520/750/326 525/749/325 537/823/376 535/821/374
f 526/781/352 524/780/351 539/824/377 538/825/378
f 525/749/325 534/809/369 540/826/379 537/823/376
f 524/780/351 529/773/344 541/827/380 539/824/377
f 531/777/348 528/778/349 536/822/375 542/828/381
f 529/773/344 531/777/348 542/828/381 541/827/380
f 534/809/369 526/781/352 538/825/378 540/826/379
f 714/829/382 715/830/383 535/831/374 537/832/376
f 592/830/384 716/833/385 536/834/375 535/831/374
f 593/835/386 717/836/387 542/837/381 536/838/375
f 594/836/388 718/839/389 541/840/380 542/837/381
f 595/839/390 719/841/391 539/842/377 541/840/380
f 596/843/392 720/844/393 538/845/378 539/846/377
f 597/844/394 721/847/395 540/848/379 538/845/378
f 598/847/396 591/849/397 537/850/376 540/848/379
f 722/851/398 723/852/399 679/853/400 613/854/400 676/855/400
f 724/856/401 544/851/402 609/855/403 611/857/403 673/858/403
f 725/859/404 545/860/405 614/861/406 671/862/406
f 726/863/407 546/859/408 619/862/409 669/864/409
f 685/865/410 727/866/411 547/863/412 618/867/410
f 683/868/413 728/869/414 548/870/415 615/871/413
f 681/872/416 729/873/417 549/869/418 616/874/416
f 543/875/419 550/873/420 617/872/421 612/876/421
f 723/852/399 722/851/398 731/877/422 730/878/423
f 544/851/402 724/856/401 732/879/424 552/877/425
f 545/860/405 725/859/404 733/880/426 553/881/427
f 546/859/408 726/863/407 734/882/428 554/880/429
f 547/863/412 727/866/411 735/883/430 555/882/431
f 548/870/415 728/869/414 736/884/432 556/885/433
f 549/869/418 729/873/417 737/886/434 557/884/435
f 550/873/420 543/875/419 551/887/436 558/886/437
f 730/878/423 731/877/422 739/888/438 738/889/439
f 552/877/425 732/879/424 740/890/440 560/888/441
f 553/881/427 733/880/426 741/891/442 561/892/443
f 554/880/429 734/882/428 742/893/444 562/891/444
f 555/882/431 735/883/430 743/894/445 563/893/446
f 556/885/433 736/884/432 744/895/447 564/896/448
f 557/884/435 737/886/434 745/897/449 565/895/450
f 558/886/437 551/887/436 559/898/451 566/897/452
f 738/889/439 739/888/438 747/899/453 746/900/454
f 560/888/441 740/890/440 748/901/455 568/899/456
f 561/892/443 741/891/442 749/902/457 569/903/458
f 562/891/444 742/893/444 750/904/459 570/902/460
f 563/893/446 743/894/445 751/905/461 571/904/462
f 564/896/448 744/895/447 752/906/463 572/907/464
f 565/895/450 745/897/449 753/908/465 573/906/466
f 566/897/452 559/898/451 567/909/467 574/908/468
f 746/900/454 747/899/453 755/910/469 754/911/470
f 568/899/456 748/901/455 756/912/471 576/910/472
f 569/903/458 749/902/457 757/913/473 577/914/474
f 570/902/460 750/904/459 758/915/475 578/913/476
f 571/904/462 751/905/461 759/916/477 579/915/478
f 572/907/464 752/906/463 760/917/479 580/918/480
f 573/906/466 753/908/465 761/919/481 581/917/482
f 574/908/468 567/909/467 575/920/483 582/919/484
f 754/911/470 755/910/469 763/921/485 762/922/486
f 576/910/472 756/912/471 764/923/487 584/921/488
f 577/914/474 757/913/473 765/924/489 585/925/490
f 578/913/476 758/915/475 766/926/491 586/924/492
f 579/915/478 759/916/477 767/927/493 587/926/494
f 580/918/480 760/917/479 768/928/495 588/929/496
f 581/917/482 761/919/481 769/930/497 589/928/498
f 582/919/484 575/920/483 583/931/499 590/930/500
f 762/932/486 763/933/485 715/830/383 714/829/382
f 584/933/488 764/934/487 716/833/385 592/830/384
f 585/925/490 765/924/489 717/836/387 593/835/386
f 586/924/492 766/926/491 718/839/389 594/836/388
f 587/926/494 767/927/493 719/841/391 595/839/390
f 588/929/496 768/928/495 720/844/393 596/843/392
f 589/928/498 769/930/497 721/847/395 597/844/394
f 590/930/500 583/931/499 591/849/397 598/847/396
f 514/744/320 640/743/319 513/800/361 515/805/365
o JadeMug_cell.005
v -0.420717 -0.436522 -0.375228
v -0.423642 -0.344218 -0.379254
v -0.286634 -0.467290 -0.426371
v -0.411940 -0.467290 -0.363149
v -0.291242 -0.436522 -0.440553
v -0.292778 -0.344218 -0.445279
v -0.430694 -0.517290 -0.388960
v -0.296480 -0.517290 -0.456675
v -0.450086 -0.449444 -0.415652
v -0.306666 -0.449413 -0.488021
v -0.453416 -0.345581 -0.420235
v -0.308411 -0.345579 -0.493394
v -0.538091 -0.003004 -0.334885
v -0.423642 -0.003687 -0.379254
v -0.453416 -0.007007 -0.420235
v -0.308411 -0.009001 -0.493396
v -0.292778 -0.005487 -0.445279
v -0.148809 -0.004187 -0.468669
v -0.148828 -0.007560 -0.519322
v -0.538235 -0.008301 -0.334740
v -0.499760 -0.004869 -0.302530
v -0.318248 -0.517290 -0.150732
v -0.302650 -0.467290 -0.137659
v -0.149375 -0.517290 -0.156611
v -0.149306 -0.467290 -0.142998
v -0.149124 -0.517290 -0.480615
v -0.149067 -0.488037 -0.494849
v -0.149070 -0.467290 -0.448720
v -0.149033 -0.448754 -0.457720
v -0.149029 -0.436522 -0.463655
v -0.148983 -0.344218 -0.468640
v -0.149054 -0.449443 -0.513618
v -0.149002 -0.345581 -0.519292
v -0.508715 -0.517290 -0.310317
v -0.533802 -0.449421 -0.331276
v -0.538154 -0.345580 -0.334821
v -0.484521 -0.467290 -0.289990
v -0.495872 -0.436522 -0.299473
v -0.499700 -0.344218 -0.302591
v -0.292778 -0.005487 -0.445279
v -0.148809 -0.004187 -0.468669
v -0.308411 -0.009001 -0.493396
v -0.148828 -0.007560 -0.519322
v -0.453416 -0.007007 -0.420235
v -0.538091 -0.003004 -0.334885
v -0.423642 -0.003687 -0.379254
v -0.538235 -0.008301 -0.334740
v -0.499760 -0.004869 -0.302530
v -0.499700 -0.344218 -0.302591
v -0.302650 -0.467290 -0.137659
v -0.149306 -0.467290 -0.142998
v -0.318248 -0.517290 -0.150732
v -0.149375 -0.517290 -0.156611
v -0.149070 -0.467290 -0.448720
v -0.149033 -0.448754 -0.457720
v -0.149124 -0.517290 -0.480615
v -0.149067 -0.488037 -0.494849
v -0.148983 -0.344218 -0.468640
v -0.149029 -0.436522 -0.463655
v -0.149054 -0.449443 -0.513618
v -0.149002 -0.345581 -0.519292
v -0.495872 -0.436522 -0.299473
v -0.538154 -0.345580 -0.334821
v -0.533802 -0.449421 -0.331276
v -0.508715 -0.517290 -0.310317
v -0.484521 -0.467290 -0.289990
vn -0.0148 0.9985 -0.0536
vn -0.6435 0.0383 0.7645
vn -0.6422 -0.0005 0.7665
vn 0.0336 -0.2626 0.9643
vn 1.0000 -0.0016 0.0008
vn 1.0000 -0.0005 -0.0004
vn -0.0000 -1.0000 -0.0000
vn -0.3928 -0.8330 -0.3896
vn -0.3334 -0.8235 -0.4589
vn -0.1748 -0.8246 -0.5381
vn -0.0919 -0.8197 -0.5653
vn -0.6882 -0.2454 -0.6828
vn -0.5697 -0.2461 -0.7841
vn -0.2995 -0.2460 -0.9218
vn -0.1556 -0.2430 -0.9575
vn -0.1446 -0.4327 -0.8899
vn 0.5876 0.0269 0.8087
vn 0.3089 0.0268 0.9507
vn 0.3092 -0.0000 0.9510
vn 0.5878 -0.0000 0.8090
vn -0.5897 -0.0000 -0.8076
vn -0.3092 -0.0000 -0.9510
vn -0.3089 -0.0271 -0.9507
vn -0.5876 -0.0272 -0.8087
vn -0.1603 -0.0268 -0.9867
vn -0.7096 -0.0268 -0.7040
vn -0.7099 -0.0000 -0.7043
vn 0.0919 0.8195 0.5656
vn 0.1749 0.8243 0.5384
vn 0.3336 0.8233 0.4592
vn 0.3930 0.8328 0.3899
vn -0.0000 1.0000 -0.0000
vn 0.5698 0.2454 0.7843
vn 0.6883 0.2447 0.6829
vn 0.2996 0.2453 0.9220
vn 0.1446 0.4320 0.8902
vn 0.1556 0.2423 0.9576
vn -0.1604 -0.0000 -0.9871
vn 0.1603 0.0265 0.9867
vn 0.7097 0.0265 0.7040
vn 0.7099 -0.0000 0.7043
vn 0.1604 -0.0000 0.9871
vt 0.179143 0.179143
vt 0.088773 0.088773
vt 0.373668 0.033772
vt 0.721063 0.072279
vt 1.000000 0.170806
vt 1.000000 0.252691
vt 0.749679 0.164273
vt 0.436164 0.129523
vt 0.170806 0.170806
vt 1.000000 0.314186
vt 0.252691 0.252691
vt 0.978108 0.411117
vt 0.381912 0.381912
vt 0.314186 0.314186
vt 0.875007 0.408455
vt 0.695063 0.217096
vt 0.635639 0.092115
vt 1.000000 0.084763
vt 1.000000 0.168924
vt 0.791053 0.184359
vt 0.818050 0.241019
vt 1.000000 0.084395
vt 1.000000 0.168590
vt 0.168924 0.168924
vt 0.084763 0.084763
vt 0.933636 0.167853
vt 0.168590 0.168590
vt 0.084395 0.084395
vt 0.895191 0.083614
vt 1.000000 0.132820
vt 1.000000 0.199032
vt 1.000000 0.088773
vt 1.000000 0.179143
vt 0.388372 0.179466
vt 0.221745 0.188432
vt 0.199032 0.199032
vt 0.132820 0.132820
vt 0.204488 0.099302
vt 0.391988 0.089097
vt 0.140649 0.706421
vt 0.091755 0.705608
vt 0.036608 0.655834
vt 0.059198 0.663578
vt 0.098058 0.602565
vt 0.140721 0.677490
vt 0.335878 0.021395
vt 0.311448 0.021388
vt 0.319177 0.001745
vt 0.341946 0.001745
vt 0.562500 0.281645
vt 0.604026 0.281636
vt 0.606975 0.301289
vt 0.568115 0.301289
vt 0.649639 0.301289
vt 0.649659 0.281645
vt 0.649655 0.292820
vt 0.429766 0.340914
vt 0.467655 0.340914
vt 0.467655 0.438987
vt 0.429765 0.439508
vt 0.561536 0.153545
vt 0.603520 0.154123
vt 0.603520 0.251573
vt 0.561536 0.251574
vt 0.649674 0.251574
vt 0.649659 0.281645
vt 0.310121 0.149488
vt 0.310122 0.051460
vt 0.334852 0.051461
vt 0.334875 0.149113
vt 0.334833 0.150647
vt 0.335878 0.021395
vt 0.416253 0.782847
vt 0.376425 0.782250
vt 0.340144 0.793204
vt 0.319130 0.799549
vt 0.371787 0.753916
vt 0.416185 0.753916
vt 0.789228 0.305280
vt 0.810410 0.305280
vt 0.813907 0.314189
vt 0.791974 0.314189
vt 0.430612 0.314189
vt 0.433153 0.305280
vt 0.469434 0.305280
vt 0.468100 0.314189
vt 0.509263 0.305280
vt 0.509274 0.310647
vt 0.509275 0.314189
vt 0.603520 0.154123
vt 0.649725 0.153706
vt 0.649674 0.251574
vt 0.509288 0.340914
vt 0.509275 0.314189
vt 0.815073 0.340914
vt 0.792876 0.340914
vt 0.792876 0.340914
vt 0.815073 0.439508
vt 0.792859 0.439166
vt 0.509339 0.439363
s 0
usemtl lambert2SG.001
f 810/935/501 812/936/501 811/937/501 813/938/501 814/939/501 817/940/501 815/941/501 809/942/501
f 814/943/502 816/944/502 817/945/502
f 818/946/503 817/947/503 816/948/503 832/949/503 833/950/503 834/951/503 821/952/503 819/953/503 835/954/503 831/955/503
f 822/956/504 820/957/504 819/958/504 821/959/504
f 823/960/505 820/961/505 822/962/505 825/963/505 826/964/505 824/965/505
f 812/966/506 810/967/506 827/968/506 828/969/506 824/970/506 826/971/506 829/972/506 830/973/506
s 1
f 793/974/507 791/975/507 803/976/508 776/977/509 777/978/510 795/979/511
f 804/980/512 778/981/513 776/982/509 803/983/508
f 778/984/513 779/985/514 777/986/510 776/987/509
f 795/988/511 777/986/510 779/985/514 801/989/515 796/990/516
f 771/991/517 775/992/518 786/993/519 783/994/520
f 784/995/521 785/996/522 781/997/523 780/998/524
f 778/984/513 780/998/524 781/997/523 779/985/514
f 779/985/514 781/997/523 802/999/525 801/1000/515
f 784/1001/521 780/1002/524 805/1003/526 789/1004/527 782/1005/527
f 805/1003/526 780/1002/524 778/981/513 804/1006/512
f 797/1007/528 772/1008/529 773/1009/530 806/1010/531 792/1011/532 794/1012/532
f 806/1013/531 773/1014/530 770/1015/533 807/1016/534
f 770/1017/533 773/1018/530 772/1019/529 774/1020/535
f 774/1020/535 772/1019/529 797/1021/528 798/1022/536 799/1023/537
f 785/1024/522 788/1025/538 802/1026/525 781/997/523
f 770/1017/533 774/1020/535 775/992/518 771/991/517
f 800/1027/539 775/992/518 774/1020/535 799/1028/537
f 770/1015/533 771/1029/517 808/1030/540 807/1016/534
f 808/1031/540 771/1029/517 783/1032/520 790/1033/541
f 786/993/519 775/992/518 800/1027/539 787/1034/542
o JadeMug_cell.006
v 0.124524 -0.436522 -0.375228
v 0.293012 -0.436522 -0.143324
v 0.297744 -0.344218 -0.144862
v 0.127448 -0.344218 -0.379254
v -0.004953 -0.436522 -0.440553
v 0.115748 -0.467290 -0.363149
v 0.226660 -0.436522 -0.272276
v 0.278813 -0.467290 -0.138710
v -0.009560 -0.467290 -0.426371
v 0.214596 -0.467290 -0.263511
v 0.230682 -0.344218 -0.275198
v -0.003417 -0.344218 -0.445279
v 0.010471 -0.449413 -0.488021
v 0.000286 -0.517290 -0.456675
v 0.153892 -0.449444 -0.415652
v 0.134499 -0.517290 -0.388960
v 0.267039 -0.449413 -0.301613
v 0.240375 -0.517290 -0.282240
v 0.340532 -0.449443 -0.158764
v 0.309154 -0.517290 -0.148569
v 0.157222 -0.345581 -0.420235
v 0.271610 -0.345579 -0.304935
v 0.012216 -0.345579 -0.493394
v 0.292886 -0.264152 -0.154303
v 0.329673 -0.291768 -0.192092
v 0.271610 -0.034208 -0.304935
v 0.235076 0.085454 -0.341760
v 0.216135 0.059429 -0.289861
v 0.230682 0.011782 -0.275198
v 0.302972 -0.517290 0.031601
v 0.276779 -0.467290 0.034260
v 0.299739 -0.467290 -0.003101
v 0.308623 -0.436522 -0.042148
v 0.330136 -0.517290 -0.012601
v 0.349787 -0.449432 -0.098811
v 0.347100 -0.405776 -0.129331
v 0.303497 -0.344218 -0.107579
v 0.341717 -0.345581 -0.168681
v 0.345021 -0.362891 -0.160223
v 0.297744 -0.285856 -0.144862
v 0.249368 -0.467290 0.022852
v 0.289248 -0.517290 0.025889
v -0.147115 -0.467290 -0.142781
v -0.147124 -0.517290 -0.156408
v -0.146849 -0.006582 -0.519238
v -0.146866 -0.002993 -0.468584
v -0.146938 -0.467290 -0.448690
v -0.146926 -0.436522 -0.463617
v -0.146918 -0.344218 -0.468593
v -0.146893 -0.449443 -0.513579
v -0.146884 -0.345581 -0.519242
v -0.146919 -0.517290 -0.480590
v 0.209750 0.080131 -0.296297
v 0.227725 0.109289 -0.349170
v -0.003417 0.063518 -0.445279
v 0.127448 0.127338 -0.379254
v 0.180994 0.150291 -0.396274
v 0.157223 0.137840 -0.420235
v 0.149746 0.139018 -0.356778
v 0.012217 0.067124 -0.493396
v 0.158195 0.143311 -0.348262
v 0.190377 0.155060 -0.386816
v 0.271610 -0.034208 -0.304935
v 0.235076 0.085454 -0.341760
v 0.216135 0.059429 -0.289861
v 0.230682 0.011782 -0.275198
v 0.292886 -0.264152 -0.154303
v 0.329673 -0.291768 -0.192092
v 0.302972 -0.517290 0.031601
v 0.330136 -0.517290 -0.012601
v 0.349787 -0.449432 -0.098811
v 0.347100 -0.405776 -0.129331
v 0.345021 -0.362891 -0.160223
v 0.341717 -0.345581 -0.168681
v 0.297744 -0.285856 -0.144862
v 0.303497 -0.344218 -0.107579
v 0.308623 -0.436522 -0.042148
v 0.299739 -0.467290 -0.003101
v 0.276779 -0.467290 0.034260
v 0.249368 -0.467290 0.022852
v 0.289248 -0.517290 0.025889
v -0.147115 -0.467290 -0.142781
v -0.147124 -0.517290 -0.156408
v -0.003417 0.063518 -0.445279
v -0.146866 -0.002993 -0.468584
v -0.146919 -0.517290 -0.480590
v -0.146893 -0.449443 -0.513579
v -0.146849 -0.006582 -0.519238
v 0.012217 0.067124 -0.493396
v -0.146938 -0.467290 -0.448690
v -0.146926 -0.436522 -0.463617
v -0.146918 -0.344218 -0.468593
v -0.146884 -0.345581 -0.519242
v 0.227725 0.109289 -0.349170
v 0.209750 0.080131 -0.296297
v 0.127448 0.127338 -0.379254
v 0.149746 0.139018 -0.356778
v 0.180994 0.150291 -0.396274
v 0.157223 0.137840 -0.420235
v 0.190377 0.155060 -0.386816
v 0.158195 0.143311 -0.348262
vn 0.7859 0.3881 0.4814
vn 0.7859 0.3860 0.4830
vn -0.3727 -0.2429 0.8956
vn -0.3738 -0.2438 0.8949
vn 0.5876 -0.0272 -0.8087
vn 0.6198 -0.0000 -0.7847
vn 0.7099 -0.0000 -0.7043
vn 0.7399 -0.0000 -0.6727
vn 0.8087 -0.0271 -0.5876
vn -1.0000 0.0001 -0.0006
vn 0.7835 0.3916 0.4824
vn -0.4108 0.9094 -0.0651
vn -0.4042 0.9128 -0.0592
vn 0.3750 0.7519 0.5422
vn 0.2995 -0.2460 -0.9218
vn 0.1748 -0.8246 -0.5381
vn 0.0918 -0.8202 -0.5647
vn 0.1555 -0.2431 -0.9574
vn 0.5697 -0.2461 -0.7841
vn 0.3334 -0.8235 -0.4589
vn 0.7842 -0.2460 -0.5697
vn 0.4577 -0.8246 -0.3326
vn 0.9225 -0.2451 -0.2982
vn 0.5395 -0.8235 -0.1753
vn -0.9332 0.3293 0.1440
vn -0.9220 0.2454 0.2996
vn -0.5399 0.8233 0.1754
vn -0.2330 0.9718 0.0360
vn 0.2328 -0.9719 -0.0359
vn 0.9337 -0.3285 -0.1424
vn -0.0000 -1.0000 -0.0000
vn 0.9879 -0.0497 -0.1467
vn 0.9142 -0.0534 -0.4018
vn 0.8892 -0.0000 -0.4575
vn 0.8887 -0.0348 -0.4572
vn 0.1603 -0.0268 -0.9867
vn 0.3089 -0.0271 -0.9507
vn 0.3482 -0.0000 -0.9374
vn 0.1604 -0.0000 -0.9871
vn -0.0918 0.8199 0.5651
vn -0.1749 0.8243 0.5384
vn -0.2996 0.2453 0.9220
vn -0.1556 0.2424 0.9576
vn -0.3336 0.8233 0.4592
vn -0.5698 0.2454 0.7843
vn -0.4580 0.8243 0.3328
vn -0.7843 0.2454 0.5698
vn -0.3089 0.0268 0.9507
vn -0.5876 0.0269 0.8087
vn -0.6198 -0.0000 0.7847
vn -0.3482 -0.0000 0.9374
vn -0.0000 1.0000 -0.0000
vn -0.9876 0.0365 0.1524
vn -0.9507 0.0269 0.3089
vn -0.8087 0.0268 0.5876
vn -0.7399 -0.0000 0.6727
vn -0.7099 -0.0000 0.7043
vn -0.9135 -0.0000 0.4069
vn -0.1603 0.0265 0.9867
vn -0.8892 -0.0000 0.4575
vn -0.1604 -0.0000 0.9871
vt 0.557069 0.131860
vt 0.366137 0.000000
vt 0.449445 0.000000
vt 0.525470 0.052504
vt 1.000000 0.333058
vt 1.000000 0.393733
vt 0.889786 0.000000
vt 0.889741 0.073843
vt 0.740462 0.223893
vt 0.644452 0.278756
vt 0.550134 0.334175
vt 0.512069 0.349843
vt 0.393733 0.393733
vt 0.333058 0.333058
vt 0.380784 0.315357
vt 0.509135 0.247887
vt 0.712137 0.130379
vt 0.779823 0.062414
vt 0.779861 0.000000
vt 0.779861 0.779861
vt 1.000000 0.832307
vt 1.000000 0.916044
vt 0.889786 0.889786
vt 0.916043 0.916043
vt 0.832307 0.832307
vt 0.831942 0.000000
vt 0.915642 0.000000
vt 0.988082 0.051460
vt 0.988082 0.191426
vt 0.981144 0.195031
vt 0.978406 0.196412
vt 0.967506 0.183160
vt 0.965360 0.176259
vt 0.954698 0.141613
vt 0.954698 0.051461
vt 0.910195 0.222200
vt 0.915641 0.915641
vt 0.831942 0.831942
vt 0.820375 0.302123
vt 0.765177 0.264724
vt 0.599497 0.252255
vt 0.820815 0.000000
vt 0.910958 0.000000
vt 0.602050 0.125358
vt 0.788476 0.139550
vt 1.000000 0.633863
vt 0.256793 0.000000
vt 0.354472 0.000000
vt 1.000000 0.550555
vt 0.913749 0.579514
vt 1.000000 0.626253
vt 1.000000 0.695531
vt 0.908052 0.645705
vt 0.471448 0.337874
vt 0.088214 0.000000
vt 0.177518 0.000000
vt 0.519725 0.301703
vt 0.792487 0.000000
vt 0.695531 0.695531
vt 0.626253 0.626253
vt 0.713553 0.000000
vt 0.354472 0.354472
vt 0.256793 0.256793
vt 0.207513 0.000000
vt 0.286447 0.000000
vt 0.695847 0.281636
vt 0.692898 0.301289
vt 0.650277 0.301289
vt 0.650284 0.281645
vt 0.737372 0.281645
vt 0.731757 0.301289
vt 0.986755 0.021388
vt 0.953737 0.021397
vt 0.948128 0.001745
vt 0.979027 0.001745
vt 0.912377 0.021388
vt 0.909426 0.001745
vt 0.301620 0.315434
vt 0.272326 0.315434
vt 0.273662 0.306526
vt 0.312925 0.306526
vt 0.870059 0.001745
vt 0.895019 0.021392
vt 0.183981 0.676899
vt 0.222840 0.622170
vt 0.253494 0.653069
vt 0.273408 0.691771
vt 0.279483 0.731138
vt 0.271618 0.755880
vt 0.267644 0.755558
vt 0.141301 0.706420
vt 0.141360 0.677493
vt 0.903852 0.034022
vt 0.912799 0.046448
vt 0.954698 0.141613
vt 0.922026 0.067041
vt 0.915248 0.051460
vt 0.915248 0.051460
vt 0.650287 0.251574
vt 0.696352 0.251573
vt 0.650284 0.281645
vt 0.696352 0.132082
vt 0.650287 0.251574
vt 0.650663 0.153242
vt 0.738336 0.111608
vt 0.738336 0.251574
vt 0.509880 0.305280
vt 0.549656 0.305280
vt 0.550990 0.314189
vt 0.509884 0.314189
vt 0.585936 0.305280
vt 0.588477 0.314189
vt 0.205182 0.315434
vt 0.208680 0.306526
vt 0.237528 0.306526
vt 0.234990 0.315434
vt 0.551434 0.340914
vt 0.589324 0.340914
vt 0.589324 0.477444
vt 0.551434 0.458966
vt 0.540140 0.765711
vt 0.521547 0.801845
vt 0.492927 0.793204
vt 0.456646 0.848998
vt 0.416870 0.782844
vt 0.416819 0.753917
vt 0.531614 0.706317
vt 0.539551 0.705738
vt 0.546198 0.725550
vt 0.282676 0.342159
vt 0.271881 0.342159
vt 0.204017 0.342159
vt 0.234145 0.342159
vt 0.234145 0.445233
vt 0.229900 0.459028
vt 0.228036 0.465022
vt 0.212990 0.483315
vt 0.210525 0.482072
vt 0.204017 0.478690
vt 0.282676 0.342159
vt 0.271881 0.359057
vt 0.509886 0.340914
vt 0.234145 0.445233
vt 0.269147 0.365341
vt 0.551434 0.458966
vt 0.509902 0.439709
s 0
usemtl lambert2SG.001
f 898/1035/543 899/1036/543 900/1037/543 901/1038/543 902/1039/543 903/1040/543
f 904/1041/544 905/1042/544 906/1043/544 907/1044/544 908/1045/544 909/1046/544 903/1047/544 902/1048/544 910/1049/544 911/1050/544 912/1051/544 913/1052/544 914/1053/544
f 914/1054/545 915/1055/545 916/1056/545 904/1057/545
f 916/1058/546 915/1059/546 917/1060/546 918/1061/546
s 1
f 856/1062/547 934/1063/548 892/1064/549 897/1065/549 929/1066/549 862/1067/549 861/1068/550 857/1069/551
s 0
f 921/1070/552 918/1071/552 917/1072/552 925/1073/552 926/1074/552 927/1075/552 920/1076/552 923/1077/552 928/1078/552 922/1079/552
f 899/1080/553 889/1081/553 930/1082/553 900/1083/553
f 931/1084/554 932/1085/554 933/1086/554 893/1087/554 924/1088/554 923/1089/554 920/1090/554 919/1091/554
f 935/1092/555 933/1093/555 932/1094/555 936/1095/555
f 930/1096/556 889/1097/556 935/1098/556 936/1099/556
s 1
f 848/1100/557 849/1101/558 887/1102/559 885/1103/560
f 848/1100/557 850/1104/561 851/1105/562 849/1101/558
f 850/1106/561 852/1107/563 853/1108/564 851/1109/562
f 852/1107/563 854/1110/565 855/1111/566 853/1108/564
f 868/1112/567 837/1113/568 843/1114/569 867/1115/570
f 869/1116/571 855/1111/566 854/1110/565 870/1117/572
f 849/1118/558 851/1119/562 853/1120/564 855/1121/566 869/1122/571 865/1123/573 877/1124/573 879/1125/573 887/1126/559
f 871/1127/574 870/1117/572 854/1110/565 874/1128/575
f 850/1106/561 856/1062/547 857/1069/551 852/1107/563
f 861/1129/550 860/1130/576 873/1131/577 857/1069/551
f 874/1128/575 854/1110/565 852/1107/563 857/1069/551 873/1132/577
f 886/1133/578 858/1134/579 848/1100/557 885/1135/560
f 895/1136/580 858/1134/579 886/1137/578 880/1138/581
f 858/1134/579 895/1136/580 934/1139/548 856/1140/547
f 848/1100/557 858/1134/579 856/1140/547 850/1104/561
f 882/1141/582 844/1142/583 840/1143/584 883/1144/585
f 840/1143/584 844/1142/583 841/1145/586 836/1146/587
f 836/1147/587 841/1148/586 845/1149/588 842/1150/589
f 842/1150/589 845/1149/588 843/1114/569 837/1113/568
f 847/1151/590 839/1152/591 891/1153/592 890/1154/593
f 843/1155/569 845/1156/588 841/1157/586 844/1158/583 882/1159/582 878/1160/594 876/1161/594 866/1162/594 867/1163/570
f 837/1113/568 868/1112/567 872/1164/595 838/1165/596
f 839/1166/591 846/1167/597 864/1168/598 863/1169/599 888/1170/599 896/1171/599 894/1172/599 891/1173/592
f 838/1165/596 872/1174/595 875/1175/600
f 836/1147/587 842/1150/589 846/1167/597 839/1166/591
f 842/1150/589 837/1113/568 838/1165/596 846/1167/597
f 840/1143/584 847/1151/590 884/1176/601 883/1144/585
f 840/1143/584 836/1146/587 839/1152/591 847/1151/590
f 864/1177/598 846/1167/597 838/1165/596 875/1175/600 859/1178/602
f 847/1151/590 890/1179/593 881/1180/603 884/1176/601
o JadeMug_cell.007
v -0.148096 0.517290 0.468785
v -0.423642 0.517290 0.379256
v -0.593938 0.517290 0.144863
v -0.292778 0.517290 0.445280
v -0.526875 0.517290 0.275199
v -0.148096 0.517290 0.519441
v -0.308411 0.517290 0.493397
v -0.453416 0.517290 0.420236
v -0.567804 0.517290 0.304936
v -0.642114 0.517290 0.160517
v -0.018777 0.517290 0.498432
v -0.030817 0.517290 0.449731
v -0.656821 0.517290 0.065221
v -0.607449 0.517290 0.057315
v -0.593938 0.178920 0.144863
v -0.587116 0.124797 0.158122
v -0.642115 0.149036 0.160517
v -0.639508 0.128356 0.165583
v -0.308411 0.005363 0.493397
v -0.292778 0.015305 0.445280
v -0.298389 0.014006 0.442449
v -0.095730 0.070433 0.460277
v -0.148098 0.054371 0.468785
v -0.083934 0.068330 0.509017
v -0.148098 0.048650 0.519441
v -0.526875 0.085441 0.275199
v -0.567804 0.081512 0.304936
v -0.423642 0.045100 0.379256
v -0.453416 0.036812 0.420236
v -0.304795 0.015448 0.439217
v -0.322124 0.004055 0.486478
v -0.018777 0.517290 0.498432
v -0.018777 0.517290 0.498432
v -0.030817 0.517290 0.449731
v -0.030817 0.517290 0.449731
v -0.322124 0.004055 0.486478
v -0.308411 0.005363 0.493397
v -0.083934 0.068330 0.509017
v -0.095730 0.070433 0.460277
v -0.656821 0.517290 0.065221
v -0.656821 0.517290 0.065221
v -0.607449 0.517290 0.057315
v -0.607449 0.517290 0.057315
v -0.642115 0.149036 0.160517
v -0.593938 0.178920 0.144863
v -0.587116 0.124797 0.158122
v -0.639508 0.128356 0.165583
v -0.148098 0.048650 0.519441
v -0.292778 0.015305 0.445280
v -0.298389 0.014006 0.442449
v -0.148098 0.054371 0.468785
v -0.567804 0.081512 0.304936
v -0.453416 0.036812 0.420236
v -0.526875 0.085441 0.275199
v -0.423642 0.045100 0.379256
v -0.304795 0.015448 0.439217
v -0.148096 0.517290 0.519441
v -0.308411 0.517290 0.493397
v -0.453416 0.517290 0.420236
v -0.567804 0.517290 0.304936
v -0.642114 0.517290 0.160517
v -0.148096 0.517290 0.468785
v -0.292778 0.517290 0.445280
v -0.423642 0.517290 0.379256
v -0.526875 0.517290 0.275199
v -0.593938 0.517290 0.144863
vn 0.2717 -0.9562 -0.1088
vn -0.1033 -0.9577 -0.2687
vn -0.0839 -0.9613 -0.2625
vn 0.8892 -0.0000 -0.4575
vn 0.9008 -0.0000 -0.4343
vn 0.9511 -0.0000 -0.3090
vn 0.8090 -0.0000 -0.5878
vn 0.7925 -0.0000 -0.6099
vn 0.5669 -0.0000 -0.8238
vn 0.5878 -0.0000 -0.8090
vn 0.3090 -0.0000 -0.9511
vn 0.3310 -0.0000 -0.9436
vn 0.4504 -0.0000 -0.8928
vn -0.8090 -0.0000 0.5878
vn -0.9511 -0.0000 0.3090
vn -0.9008 -0.0000 0.4343
vn -0.8892 -0.0000 0.4575
vn -0.7925 -0.0000 0.6099
vn -0.1604 -0.0000 -0.9871
vn 0.0290 -0.0000 -0.9996
vn -0.0000 -0.0000 -1.0000
vn -0.5669 -0.0000 0.8238
vn -0.5878 -0.0000 0.8090
vn 0.9604 -0.1451 -0.2380
vn -0.0290 -0.0000 0.9996
vn -0.0000 -0.0000 1.0000
vn -0.3090 -0.0000 0.9511
vn -0.3261 -0.0000 0.9454
vn -0.1531 -0.2533 -0.9552
vn -0.0000 1.0000 -0.0000
vn 0.1604 -0.0000 0.9871
vn 0.9883 -0.0000 -0.1525
vn -0.9883 -0.0000 0.1525
vn -0.4505 -0.0000 0.8928
vt 0.764720 0.646087
vt 0.221354 0.041268
vt 0.191540 0.000000
vt 0.300215 0.000000
vt 0.317595 0.024057
vt 0.807973 0.569898
vt 1.000000 0.741878
vt 1.000000 0.856806
vt 0.663933 0.049564
vt 1.000000 0.144014
vt 1.000000 0.241718
vt 0.717654 0.162364
vt 0.450807 0.173707
vt 0.278046 0.278046
vt 0.177397 0.177397
vt 0.368254 0.062135
vt 0.699785 0.000000
vt 1.000000 0.177397
vt 1.000000 0.278046
vt 0.659485 0.476709
vt 0.663324 0.492379
vt 0.663324 0.590348
vt 0.625587 0.590348
vt 0.625587 0.465314
vt 0.038323 0.443240
vt 0.038323 0.306526
vt 0.076213 0.306526
vt 0.076212 0.451867
vt 0.074588 0.452243
vt 0.072733 0.451825
vt 0.595459 0.590348
vt 0.595459 0.453634
vt 0.520082 0.301289
vt 0.478268 0.301289
vt 0.478268 0.194668
vt 0.479735 0.188680
vt 0.520082 0.175117
vt 0.152059 0.306526
vt 0.133264 0.435906
vt 0.118102 0.440556
vt 0.118102 0.306526
vt 0.553466 0.162175
vt 0.553466 0.301289
vt 0.520082 0.175117
vt 0.894035 0.858690
vt 0.129438 0.000000
vt 0.233326 0.000000
vt 0.895039 0.777487
vt 0.909608 0.469139
vt 0.909608 0.604825
vt 0.863192 0.604825
vt 0.863192 0.456605
vt 0.860847 0.047299
vt 0.894113 0.005457
vt 0.895132 0.092382
vt 0.771004 0.123791
vt 0.758282 0.000000
vt 0.855987 0.000000
vt 0.152198 0.001744
vt 0.110308 0.023216
vt 0.072419 0.042333
vt 0.042529 0.072461
vt 0.023112 0.110197
vt 0.019201 0.131061
vt 0.004906 0.133256
vt 0.009164 0.105665
vt 0.030679 0.063851
vt 0.063798 0.030467
vt 0.105782 0.009285
vt 0.152198 0.016411
vt 0.189641 0.022494
vt 0.186155 0.021927
vt 0.928271 0.475257
vt 0.947050 0.604825
vt 0.688672 0.590348
vt 0.478268 0.194668
vt 0.450677 0.301289
vt 0.076212 0.451867
vt 0.118102 0.440556
vt 0.821208 0.604825
vt 0.821208 0.465711
vt 0.860405 0.455961
vt 0.863192 0.456605
s 0
usemtl lambert2SG.001
f 984/1181/604 973/1182/604 972/1183/604 986/1184/604 985/1185/604 987/1186/604 958/1187/604 974/1188/604
f 988/1189/605 983/1190/605 952/1191/605 990/1192/605 991/1193/605 992/1194/605 972/1195/605 989/1196/605
f 986/1197/606 972/1198/606 992/1199/606
s 1
f 982/1200/607 951/1201/608 1002/1202/609 1001/1203/610 962/1204/611
f 964/1205/612 1000/1206/613 940/1207/614 956/1208/615 957/1209/616 966/1210/616
f 962/1204/611 1001/1203/610 1000/1211/613 964/1212/612
f 996/1213/617 997/1214/618 953/1215/619 954/1216/620 963/1217/621
f 971/1218/622 975/1219/622 959/1220/623 998/1221/624
f 965/1222/625 944/1223/626 996/1213/617 963/1224/621
s 0
f 968/1225/627 974/1226/627 958/1227/627 970/1228/627
s 1
f 961/1229/628 942/1230/629 994/1231/630 955/1232/631
s 0
f 980/1233/632 976/1234/632 978/1235/632 981/1236/632 952/1237/632 983/1238/632
s 1
f 937/1239/633 999/1240/633 938/1241/633 941/1242/633 939/1243/633 979/1244/633 977/1245/633 946/1246/633 945/1247/633 995/1248/633 943/1249/633 993/1250/633 969/1251/633 948/1252/633
f 942/1230/629 961/1229/628 960/1253/634 947/1254/634
f 950/1255/635 1002/1202/609 951/1201/608
f 953/1256/619 997/1214/618 949/1257/636
f 956/1258/615 940/1207/614 998/1221/624 959/1259/623
f 994/1231/630 944/1260/626 965/1261/625 967/1262/637 955/1263/631
o JadeMug_cell.008
v -0.423642 0.517290 -0.379254
v -0.148096 0.517290 -0.468784
v 0.127448 0.517290 -0.379254
v -0.292778 0.517290 -0.445279
v -0.003417 0.517290 -0.445279
v -0.453416 0.517290 -0.420235
v -0.308411 0.517290 -0.493396
v -0.148096 0.517290 -0.519441
v 0.012217 0.517290 -0.493396
v 0.157222 0.517290 -0.420235
v 0.156052 0.189594 -0.350423
v 0.188194 0.201137 -0.389017
v 0.148948 0.394848 -0.357583
v 0.180380 0.426904 -0.396893
v 0.188656 0.186324 -0.388551
v 0.156612 0.171618 -0.349858
v 0.157312 0.144639 -0.349152
v 0.189433 0.156366 -0.387767
v 0.144460 0.517290 -0.362106
v 0.177067 0.517290 -0.400231
v -0.460631 0.517290 -0.341970
v -0.495958 0.517290 -0.377353
v -0.476427 0.346156 -0.326049
v -0.508502 0.381393 -0.364710
v -0.148098 -0.000895 -0.468784
v -0.148098 -0.004498 -0.519441
v -0.003417 0.065672 -0.445279
v 0.012217 0.069324 -0.493396
v 0.127448 0.129108 -0.379254
v 0.157223 0.139615 -0.420235
v -0.500043 0.002370 -0.302244
v -0.538526 -0.000855 -0.334447
v -0.423642 -0.001257 -0.379254
v -0.453416 -0.004896 -0.420235
v -0.308411 -0.006585 -0.493396
v -0.292778 -0.002781 -0.445279
v -0.507202 0.009793 -0.295029
v -0.543046 0.003832 -0.329890
v -0.503415 0.005800 -0.298845
v 0.180380 0.426904 -0.396893
v 0.188194 0.201137 -0.389017
v 0.156052 0.189594 -0.350423
v 0.148948 0.394848 -0.357583
v -0.148098 -0.004498 -0.519441
v 0.012217 0.069324 -0.493396
v -0.308411 -0.006585 -0.493396
v 0.156612 0.171618 -0.349858
v 0.188656 0.186324 -0.388551
v 0.189433 0.156366 -0.387767
v 0.157312 0.144639 -0.349152
v 0.144460 0.517290 -0.362106
v 0.144460 0.517290 -0.362106
v 0.177067 0.517290 -0.400231
v 0.177067 0.517290 -0.400231
v -0.460631 0.517290 -0.341970
v -0.460631 0.517290 -0.341970
v -0.495958 0.517290 -0.377353
v -0.495958 0.517290 -0.377353
v -0.148098 -0.000895 -0.468784
v -0.003417 0.065672 -0.445279
v -0.476427 0.346156 -0.326049
v -0.508502 0.381393 -0.364710
v 0.157223 0.139615 -0.420235
v 0.127448 0.129108 -0.379254
v -0.538526 -0.000855 -0.334447
v -0.453416 -0.004896 -0.420235
v -0.423642 -0.001257 -0.379254
v -0.292778 -0.002781 -0.445279
v -0.500043 0.002370 -0.302244
v -0.507202 0.009793 -0.295029
v -0.543046 0.003832 -0.329890
v -0.503415 0.005800 -0.298845
v -0.453416 0.517290 -0.420235
v -0.308411 0.517290 -0.493396
v -0.148096 0.517290 -0.519441
v 0.012217 0.517290 -0.493396
v 0.157222 0.517290 -0.420235
v -0.423642 0.517290 -0.379254
v -0.292778 0.517290 -0.445279
v -0.148096 0.517290 -0.468784
v -0.003417 0.517290 -0.445279
v 0.127448 0.517290 -0.379254
vn 0.7602 0.0489 0.6478
vn 0.7611 0.0441 0.6471
vn 0.7628 0.0367 0.6456
vn 0.7589 0.0518 0.6491
vn -0.2700 -0.0000 0.9629
vn -0.3090 -0.0000 0.9511
vn -0.0000 -0.0000 1.0000
vn 0.0261 -0.0000 0.9997
vn 0.4089 -0.9103 0.0640
vn 0.0243 -0.9972 0.0709
vn -0.7023 0.1288 0.7001
vn -0.3460 -0.7987 0.4923
vn -0.3394 -0.8057 0.4854
vn -0.0000 -0.0000 -1.0000
vn 0.3090 -0.0000 -0.9511
vn 0.2700 -0.0000 -0.9629
vn -0.0262 -0.0000 -0.9997
vn -0.3091 -0.0000 -0.9510
vn -0.3090 -0.0000 -0.9511
vn 0.7099 -0.0000 0.7043
vn 0.5859 -0.0000 0.8104
vn 0.5878 -0.0000 0.8090
vn -0.5562 -0.0000 0.8311
vn -0.5878 -0.0000 0.8090
vn 0.5878 -0.0000 -0.8090
vn 0.7099 -0.0000 -0.7043
vn 0.5562 -0.0000 -0.8311
vn 0.3090 -0.0000 0.9511
vn 0.3091 -0.0000 0.9510
vn -0.7099 -0.0000 0.7043
vn -0.7017 0.1299 0.7006
vn -0.0000 1.0000 -0.0000
vn -0.5859 -0.0000 -0.8104
vn -0.5878 -0.0000 -0.8090
vn -0.7099 -0.0000 -0.7043
vt 1.000000 0.701481
vt 0.285075 0.000000
vt 0.350033 0.000000
vt 1.000000 0.637745
vt 0.637745 0.637745
vt 1.000000 0.614378
vt 1.000000 0.682225
vt 0.701481 0.701481
vt 0.788756 0.000000
vt 0.682225 0.682225
vt 0.614378 0.614378
vt 0.710314 0.000000
vt 0.725589 0.627169
vt 1.000000 0.649968
vt 1.000000 0.714925
vt 0.797431 0.698095
vt 0.551434 0.459590
vt 0.551434 0.590348
vt 0.509545 0.590348
vt 0.510258 0.440617
vt 0.177102 0.177102
vt 0.087828 0.087828
vt 0.457549 0.082118
vt 0.878819 0.164378
vt 1.000000 0.211244
vt 1.000000 0.289686
vt 0.887647 0.246235
vt 0.507462 0.171999
vt 0.948582 0.279649
vt 0.977168 0.626076
vt 0.911167 0.911167
vt 0.820953 0.820953
vt 0.880516 0.563675
vt 0.854720 0.251033
vt 0.771164 0.000000
vt 0.855500 0.000000
vt 0.157510 0.000000
vt 0.249439 0.000000
vt 1.000000 0.564998
vt 1.000000 0.634201
vt 0.249439 0.249439
vt 0.142271 0.000000
vt 0.225306 0.000000
vt 0.144500 0.000000
vt 0.228836 0.000000
vt 0.225306 0.225306
vt 0.142271 0.142271
vt 0.649936 0.001744
vt 0.696352 0.001744
vt 0.696352 0.131445
vt 0.649936 0.152819
vt 0.603520 0.153423
vt 0.603520 0.001744
vt 0.649898 0.152834
vt 0.792776 0.441262
vt 0.815073 0.440212
vt 0.815073 0.590348
vt 0.804278 0.590348
vt 0.799668 0.540799
vt 0.790687 0.443411
vt 0.791792 0.442255
vt 0.589324 0.477957
vt 0.589324 0.590348
vt 0.551434 0.459590
vt 0.988082 0.301289
vt 0.982290 0.301289
vt 0.981323 0.275119
vt 0.979043 0.209753
vt 0.978908 0.205464
vt 0.978681 0.196790
vt 0.988082 0.191940
vt 0.509545 0.440317
vt 0.467655 0.590348
vt 0.467655 0.439771
vt 0.212528 0.491511
vt 0.212365 0.496715
vt 0.210291 0.556143
vt 0.208982 0.591594
vt 0.204017 0.591594
vt 0.204017 0.479203
vt 0.212733 0.483700
vt 0.696352 0.131445
vt 0.738336 0.001744
vt 0.738336 0.111094
vt 0.757885 0.101962
vt 0.365799 0.000000
vt 0.435002 0.000000
vt 0.691987 0.101940
vt 0.072419 0.261946
vt 0.110308 0.281063
vt 0.152198 0.302534
vt 0.194088 0.281063
vt 0.231977 0.261946
vt 0.236903 0.268725
vt 0.246343 0.247465
vt 0.240598 0.273811
vt 0.198614 0.294994
vt 0.152198 0.287868
vt 0.105782 0.278779
vt 0.063798 0.253257
vt 0.051481 0.240841
vt 0.061709 0.251151
vt 0.429766 0.590348
vt 0.429765 0.440212
vt 0.561536 0.152934
vt 0.561536 0.001744
vt 0.310121 0.301289
vt 0.310121 0.150099
vt 0.334960 0.151269
vt 0.336280 0.152626
vt 0.326198 0.261942
vt 0.322537 0.301289
s 0
usemtl lambert2SG.001
f 1043/1264/638 1042/1265/638 1045/1266/638 1044/1267/638
f 1044/1268/639 1049/1269/639 1050/1270/639 1043/1271/639
f 1051/1272/640 1050/1273/640 1049/1274/640 1052/1275/640
f 1053/1276/641 1045/1277/641 1042/1278/641 1055/1279/641
s 1
f 1062/1280/642 1083/1281/643 1082/1282/644 1027/1283/645
s 0
f 1061/1284/646 1046/1285/646 1047/1286/646 1065/1287/646 1051/1288/646 1052/1289/646 1066/1290/646 1029/1291/646
f 1068/1292/647 1048/1293/647 1046/1294/647 1061/1295/647 1070/1296/647 1069/1297/647 1071/1298/647 1067/1299/647
f 1073/1300/648 1072/1301/648 1025/1302/648 1064/1303/648
f 1072/1304/649 1073/1305/649 1074/1306/649
f 1067/1307/650 1071/1308/650 1074/1309/650 1073/1310/650
s 1
f 1077/1311/651 1078/1312/652 1030/1313/653 1028/1314/654
f 1037/1315/655 1009/1316/656 1077/1311/651 1028/1317/654
f 1033/1318/657 1035/1319/658 1080/1320/659 1058/1321/657 1063/1322/657 1039/1323/657 1041/1324/657
f 1031/1325/660 1084/1326/661 1083/1281/643 1062/1327/642
f 1079/1328/662 1056/1329/663 1016/1330/663 1014/1331/663 1017/1332/663 1020/1333/663 1032/1334/664
f 1027/1335/645 1082/1282/644 1006/1336/665 1038/1337/666
f 1018/1338/667 1013/1339/667 1015/1340/667 1054/1341/667 1084/1342/661 1031/1343/660 1019/1344/667
f 1030/1345/653 1078/1312/652 1079/1346/662 1032/1347/664
s 0
f 1059/1348/668 1064/1349/668 1025/1350/668 1057/1351/668
s 1
f 1003/1352/669 1081/1353/669 1004/1354/669 1007/1355/669 1005/1356/669 1021/1357/669 1022/1358/669 1012/1359/669 1011/1360/669 1010/1361/669 1076/1362/669 1075/1363/669 1060/1364/669 1023/1365/669
f 1038/1337/666 1006/1336/665 1080/1366/659 1035/1367/658
f 1036/1368/670 1008/1369/671 1009/1316/656 1037/1315/655
f 1008/1370/671 1036/1371/670 1034/1372/672 1040/1373/672 1026/1374/672 1024/1375/672
o JadeMug_cell.009
v -0.589206 -0.436522 -0.143324
v -0.596411 -0.467290 0.000001
v -0.593938 -0.344218 -0.144862
v -0.510790 -0.467290 -0.263511
v -0.522854 -0.436522 -0.272276
v -0.575006 -0.467290 -0.138710
v -0.611322 -0.436522 0.000001
v -0.616293 -0.344218 0.000001
v -0.526876 -0.344218 -0.275198
v -0.605350 -0.517290 -0.148567
v -0.536568 -0.517290 -0.282241
v -0.636726 -0.449444 -0.158764
v -0.563233 -0.449413 -0.301613
v -0.661234 -0.449413 0.000001
v -0.628275 -0.517290 0.000000
v -0.642114 -0.345581 -0.160515
v -0.567804 -0.345579 -0.304935
v -0.320095 -0.517290 -0.148996
v -0.304515 -0.467290 -0.136027
v -0.527896 -0.517290 0.116672
v -0.494949 -0.467290 0.107380
v -0.533347 -0.517290 0.114980
v -0.505842 -0.467290 0.103999
v -0.614591 -0.517290 0.088677
v -0.601964 -0.436522 0.060642
v -0.584281 -0.467290 0.078604
v -0.666884 -0.336942 0.000001
v -0.666326 -0.345579 0.003618
v -0.653666 -0.449422 0.049030
v -0.597565 0.024559 -0.121362
v -0.613161 -0.344218 0.020296
v -0.616293 -0.295754 0.000001
v -0.645992 0.020403 -0.135394
v -0.535278 -0.449421 -0.329789
v -0.538104 -0.379017 -0.332318
v -0.510327 -0.517290 -0.308692
v -0.501018 -0.344218 -0.301262
v -0.486064 -0.467290 -0.288435
v -0.497353 -0.436522 -0.297980
v -0.539559 -0.001898 -0.333405
v -0.504186 0.004627 -0.298069
v -0.501077 0.001272 -0.301203
v -0.539495 -0.345580 -0.333470
v -0.544082 0.002896 -0.328846
v -0.508230 0.008853 -0.293992
v -0.642115 0.017645 -0.160515
v -0.526876 0.010102 -0.275198
v -0.567804 0.004484 -0.304935
v -0.593938 0.021979 -0.144862
v -0.527896 -0.517290 0.116672
v -0.533347 -0.517290 0.114980
v -0.494949 -0.467290 0.107380
v -0.505842 -0.467290 0.103999
v -0.304515 -0.467290 -0.136027
v -0.653666 -0.449422 0.049030
v -0.614591 -0.517290 0.088677
v -0.584281 -0.467290 0.078604
v -0.601964 -0.436522 0.060642
v -0.544082 0.002896 -0.328846
v -0.539559 -0.001898 -0.333405
v -0.666884 -0.336942 0.000001
v -0.645992 0.020403 -0.135394
v -0.666326 -0.345579 0.003618
v -0.320095 -0.517290 -0.148996
v -0.613161 -0.344218 0.020296
v -0.616293 -0.295754 0.000001
v -0.597565 0.024559 -0.121362
v -0.486064 -0.467290 -0.288435
v -0.497353 -0.436522 -0.297980
v -0.510327 -0.517290 -0.308692
v -0.535278 -0.449421 -0.329789
v -0.538104 -0.379017 -0.332318
v -0.501018 -0.344218 -0.301262
v -0.504186 0.004627 -0.298069
v -0.501077 0.001272 -0.301203
v -0.539495 -0.345580 -0.333470
v -0.508230 0.008853 -0.293992
v -0.526876 0.010102 -0.275198
v -0.593938 0.021979 -0.144862
v -0.567804 0.004484 -0.304935
v -0.642115 0.017645 -0.160515
vn 0.7301 -0.3753 0.5711
vn -0.2778 0.3493 0.8949
vn 0.6430 -0.0017 -0.7659
vn 0.3489 0.7951 -0.4960
vn 0.6418 0.0003 -0.7669
vn 0.3433 0.8012 -0.4901
vn -0.0513 0.9918 -0.1168
vn -0.2882 0.3540 0.8898
vn -0.9224 -0.2448 -0.2988
vn -0.7842 -0.2460 -0.5697
vn -0.4577 -0.8245 -0.3326
vn -0.5395 -0.8235 -0.1753
vn -0.3641 -0.8585 -0.3612
vn -0.6873 -0.2503 -0.6819
vn -0.9696 -0.2446 -0.0009
vn -0.9936 -0.0322 -0.1081
vn -0.9510 -0.0265 -0.3081
vn -0.9883 -0.0026 -0.1524
vn -0.9540 -0.0014 -0.2997
vn 0.9934 -0.0000 0.1146
vn 0.9996 0.0268 -0.0000
vn 0.9507 0.0269 0.3089
vn 0.9540 -0.0000 0.2998
vn 0.9883 -0.0000 0.1525
vn -0.9413 -0.3046 0.1453
vn -0.8087 -0.0271 -0.5876
vn -0.7096 -0.0269 -0.7040
vn -0.7089 -0.0537 -0.7033
vn 0.3466 0.9365 -0.0535
vn 0.5661 0.8243 -0.0000
vn 0.9694 0.2453 -0.0000
vn 0.9416 0.3039 -0.1453
vn 0.8127 -0.0000 0.5827
vn 0.8087 0.0268 0.5876
vn 0.7097 0.0266 0.7040
vn 0.7099 -0.0000 0.7043
vn 0.9220 0.2454 0.2996
vn 0.5398 0.8233 0.1754
vn 0.4580 0.8243 0.3328
vn 0.7843 0.2454 0.5698
vn 0.3643 0.8583 0.3614
vn 0.6874 0.2496 0.6820
vn -0.5658 -0.8245 -0.0000
vn -0.0000 -1.0000 -0.0000
vn -0.3464 -0.9366 0.0534
vn -0.8127 -0.0000 -0.5827
vn -0.7099 -0.0000 -0.7043
vn 0.9877 0.0335 -0.1524
vn -0.0000 1.0000 -0.0000
vt 0.167615 0.000000
vt 1.000000 0.832525
vt 1.000000 0.916191
vt 0.083962 0.000000
vt 1.000000 0.919808
vt 0.918288 0.918288
vt 0.836715 0.836715
vt 1.000000 0.839752
vt 0.523718 0.356290
vt 1.000000 0.832385
vt 1.000000 0.916038
vt 0.500939 0.417172
vt 0.380000 0.182732
vt 0.315032 0.000000
vt 0.383879 0.010600
vt 0.468949 0.250066
vt 0.226322 0.000000
vt 0.229411 0.229411
vt 0.145068 0.145068
vt 0.143115 0.000000
vt 0.380408 0.380408
vt 0.315032 0.315032
vt 0.375953 0.297152
vt 1.000000 0.145068
vt 1.000000 0.229411
vt 0.251058 0.000000
vt 0.226322 0.226322
vt 0.158757 0.000000
vt 0.342347 0.234054
vt 0.251058 0.251058
vt 0.158757 0.158757
vt 0.274897 0.137125
vt 0.900987 0.127728
vt 1.000000 0.142005
vt 1.000000 0.238933
vt 0.907378 0.225578
vt 0.761068 0.000000
vt 0.857995 0.000000
vt 0.899287 0.611197
vt 0.898156 0.626127
vt 0.872662 0.806502
vt 0.919743 0.400373
vt 0.919808 0.919808
vt 0.839752 0.839752
vt 0.839690 0.338248
vt 0.790400 0.067714
vt 0.791742 0.631630
vt 0.798082 0.547857
vt 0.385826 0.021388
vt 0.344466 0.021397
vt 0.350075 0.001745
vt 0.388778 0.001745
vt 0.342417 0.001745
vt 0.336308 0.021395
vt 0.431794 0.021397
vt 0.431794 0.051460
vt 0.385319 0.051460
vt 0.392592 0.157424
vt 0.385319 0.156626
vt 0.431794 0.053961
vt 0.705266 0.354946
vt 0.705266 0.340914
vt 0.747208 0.340914
vt 0.747208 0.446940
vt 0.740404 0.447686
vt 0.445989 0.021395
vt 0.343505 0.051461
vt 0.335243 0.051461
vt 0.335576 0.041779
vt 0.336308 0.021395
vt 0.682508 0.305280
vt 0.705266 0.305280
vt 0.705266 0.314189
vt 0.687708 0.314189
vt 0.784945 0.443501
vt 0.784945 0.340914
vt 0.792493 0.342148
vt 0.792474 0.440944
vt 0.791567 0.441915
vt 0.790387 0.443139
vt 0.746763 0.314189
vt 0.745427 0.305280
vt 0.781561 0.305280
vt 0.784099 0.314189
vt 0.788777 0.305280
vt 0.791541 0.314189
vt 0.431793 0.001745
vt 0.031055 0.774070
vt 0.029477 0.774333
vt 0.005954 0.760462
vt 0.001992 0.734787
vt 0.008630 0.691772
vt 0.028544 0.653069
vt 0.036142 0.655674
vt 0.091220 0.705519
vt 0.343505 0.152815
vt 0.335836 0.151581
vt 0.335262 0.150967
vt 0.699390 0.340914
vt 0.457468 0.001745
vt 0.792491 0.340914
vt 0.316965 0.688984
vt 0.371247 0.753997
vt 0.318683 0.799684
vt 0.311524 0.762930
vt 0.292931 0.765711
vt 0.286734 0.725550
vt 0.290246 0.702792
vt 0.312957 0.688384
vt 0.343505 0.152815
s 0
usemtl lambert2SG.001
f 1138/1376/673 1136/1377/673 1134/1378/673 1148/1379/673
f 1135/1380/674 1134/1381/674 1136/1382/674 1137/1383/674
f 1152/1384/675 1138/1385/675 1148/1386/675 1154/1387/675 1155/1388/675 1156/1389/675 1157/1390/675 1153/1391/675
f 1158/1392/676 1159/1393/676 1144/1394/676 1143/1395/676
f 1157/1396/677 1156/1397/677 1160/1398/677 1144/1399/677 1159/1400/677
f 1161/1401/678 1158/1402/678 1143/1403/678
f 1162/1404/679 1161/1405/679 1143/1406/679 1164/1407/679 1165/1408/679 1146/1409/679 1151/1410/679 1163/1411/679
f 1151/1412/680 1146/1413/680 1145/1414/680 1147/1415/680 1139/1416/680 1140/1417/680 1135/1418/680 1137/1419/680 1141/1420/680 1142/1421/680 1149/1422/680 1150/1423/680
s 1
f 1096/1424/681 1097/1425/682 1095/1426/683 1094/1427/684
f 1120/1428/685 1095/1426/683 1097/1425/682 1118/1429/686
f 1098/1430/687 1112/1431/688 1100/1432/689 1096/1424/681
f 1117/1433/690 1130/1434/691 1100/1432/689 1112/1431/688 1111/1435/690
f 1116/1436/692 1092/1437/693 1087/1438/694 1133/1439/695 1114/1440/696
f 1112/1431/688 1098/1430/687 1113/1441/697
f 1096/1424/681 1100/1432/689 1101/1442/698 1097/1425/682
f 1097/1425/682 1101/1442/698 1127/1443/699 1119/1444/700 1118/1445/686
f 1110/1446/701 1086/1447/702 1091/1448/703 1109/1449/704
f 1131/1450/705 1093/1451/706 1121/1452/707 1126/1453/708 1125/1454/708 1129/1455/708
f 1085/1456/709 1090/1457/710 1088/1458/711 1089/1459/712
f 1089/1459/712 1088/1458/711 1122/1460/713 1123/1461/714
f 1098/1430/687 1096/1424/681 1094/1427/684 1099/1462/715
f 1091/1448/703 1086/1447/702 1090/1457/710 1085/1456/709
f 1104/1463/716 1106/1464/716 1108/1465/717 1099/1466/715 1094/1467/684 1095/1468/683 1120/1469/685 1102/1470/716
f 1132/1471/718 1128/1472/719 1124/1473/719 1127/1443/699 1101/1442/698
f 1091/1448/703 1092/1437/693 1115/1474/720 1109/1449/704
f 1115/1474/720 1092/1437/693 1116/1436/692
f 1099/1462/715 1108/1475/717 1113/1441/697 1098/1430/687
f 1085/1456/709 1089/1459/712 1093/1451/706 1087/1438/694
f 1121/1476/707 1093/1451/706 1089/1459/712 1123/1461/714
f 1087/1438/694 1093/1451/706 1131/1450/705 1133/1439/695
f 1091/1448/703 1085/1456/709 1087/1438/694 1092/1437/693
f 1105/1477/721 1103/1478/721 1122/1479/713 1088/1480/711 1090/1481/710 1086/1482/702 1110/1483/701 1107/1484/721
f 1130/1434/691 1132/1485/718 1101/1442/698 1100/1432/689
