# Blender 5.0.0
# www.blender.org
mtllib OrangeMug.mtl
o OrangeMug_cell
v 0.482936 0.280173 0.055489
v 0.475453 0.247644 0.000665
v 0.482788 0.278954 -0.054693
v 0.495558 0.304532 -0.063177
v 0.506832 0.330955 -0.055498
v 0.528073 0.360032 -0.000669
v 0.507265 0.332041 0.054696
v 0.495946 0.306063 0.063173
v 0.525144 0.236327 0.055414
v 0.503316 0.211874 0.000473
v 0.524754 0.235486 -0.054851
v 0.547275 0.253303 -0.063228
v 0.568948 0.272157 -0.055432
v 0.599497 0.290723 -0.000482
v 0.569538 0.272754 0.054851
v 0.547927 0.254259 0.063219
v 0.557105 0.165839 0.055338
v 0.527387 0.151936 0.000280
v 0.556754 0.165335 -0.055010
v 0.584069 0.174820 -0.063280
v 0.611017 0.185176 -0.055366
v 0.645213 0.194076 -0.000296
v 0.611474 0.185386 0.055005
v 0.584607 0.175292 0.063264
v 0.496140 0.336036 0.054672
v 0.485117 0.315226 0.061657
v 0.488935 0.358677 -0.023527
v 0.502044 0.369804 -0.000728
v 0.482891 0.310941 0.063163
v 0.476062 0.347960 -0.046419
v 0.467375 0.286114 0.055510
v 0.463428 0.261438 0.014943
v 0.462183 0.253716 0.000728
v 0.465052 0.274183 -0.034044
v 0.470809 0.313654 -0.063157
v 0.466568 0.285092 -0.054645
v 0.475143 0.342202 -0.055528
v 0.532376 0.123961 0.000214
v 0.561062 0.145038 0.055321
v 0.568575 0.104052 -0.055117
v 0.658416 0.126246 -0.000183
v 0.619217 0.146065 0.055063
v 0.627032 0.105106 -0.055315
v 0.598429 0.101573 -0.063320
v 0.589745 0.148555 0.063276
v 0.496140 0.336036 0.054672
v 0.496140 0.336036 0.054672
v 0.485117 0.315226 0.061657
v 0.502044 0.369804 -0.000728
v 0.502044 0.369804 -0.000728
v 0.488935 0.358677 -0.023527
v 0.470809 0.313654 -0.063157
v 0.470809 0.313654 -0.063157
v 0.475143 0.342202 -0.055528
v 0.475143 0.342202 -0.055528
v 0.466568 0.285092 -0.054645
v 0.466568 0.285092 -0.054645
v 0.465052 0.274183 -0.034044
v 0.462183 0.253716 0.000728
v 0.462183 0.253716 0.000728
v 0.463428 0.261438 0.014943
v 0.467375 0.286114 0.055510
v 0.467375 0.286114 0.055510
v 0.476062 0.347960 -0.046419
v 0.561062 0.145038 0.055321
v 0.561062 0.145038 0.055321
v 0.589745 0.148555 0.063276
v 0.589745 0.148555 0.063276
v 0.532376 0.123961 0.000214
v 0.532376 0.123961 0.000214
v 0.568575 0.104052 -0.055117
v 0.568575 0.104052 -0.055117
v 0.598429 0.101573 -0.063320
v 0.598429 0.101573 -0.063320
v 0.627032 0.105106 -0.055315
v 0.627032 0.105106 -0.055315
v 0.658416 0.126246 -0.000183
v 0.658416 0.126246 -0.000183
v 0.619217 0.146065 0.055063
v 0.619217 0.146065 0.055063
v 0.475453 0.247644 0.000665
v 0.482936 0.280173 0.055489
v 0.482788 0.278954 -0.054693
v 0.495558 0.304532 -0.063177
v 0.506832 0.330955 -0.055498
v 0.528073 0.360032 -0.000669
v 0.507265 0.332041 0.054696
v 0.495946 0.306063 0.063173
v 0.482891 0.310941 0.063163
v 0.482891 0.310941 0.063163
v 0.525144 0.236327 0.055414
v 0.503316 0.211874 0.000473
v 0.524754 0.235486 -0.054851
v 0.547275 0.253303 -0.063228
v 0.568948 0.272157 -0.055432
v 0.599497 0.290723 -0.000482
v 0.569538 0.272754 0.054851
v 0.547927 0.254259 0.063219
v 0.557105 0.165839 0.055338
v 0.527387 0.151936 0.000280
v 0.556754 0.165335 -0.055010
v 0.584069 0.174820 -0.063280
v 0.611017 0.185176 -0.055366
v 0.645213 0.194076 -0.000296
v 0.611474 0.185386 0.055005
v 0.584607 0.175292 0.063264
vn -0.8280 0.5136 0.2250
vn -0.8568 0.4700 0.2122
vn -0.9889 0.1486 0.0059
vn 0.0181 -0.9370 0.3490
vn -0.3121 -0.8010 0.5109
vn -0.5193 -0.6911 0.5027
vn -0.4739 -0.7199 0.5071
vn -0.3541 -0.7975 -0.4884
vn -0.5010 -0.7161 -0.4859
vn -0.5387 -0.6904 -0.4829
vn -0.1017 -0.2687 -0.9578
vn -0.1510 -0.2388 -0.9593
vn -0.1582 -0.2343 -0.9592
vn 0.0882 0.2439 -0.9658
vn 0.1327 0.2215 -0.9661
vn 0.1421 0.2166 -0.9658
vn 0.2855 0.7945 -0.5359
vn 0.4454 0.7096 -0.5460
vn 0.4375 0.7146 -0.5459
vn 0.2960 0.8021 0.5186
vn 0.4456 0.7215 0.5299
vn 0.4533 0.7166 0.5301
vn 0.1548 0.2395 0.9585
vn 0.1448 0.2451 0.9586
vn 0.0961 0.2720 0.9575
vn -0.1433 -0.2123 0.9666
vn -0.1365 -0.2161 0.9668
vn -0.0908 -0.2411 0.9662
vn -0.7426 -0.4551 0.4914
vn -0.7296 -0.4772 0.4899
vn -0.7366 -0.4787 -0.4777
vn -0.7483 -0.4584 -0.4795
vn -0.2312 -0.1620 -0.9593
vn -0.2331 -0.1587 -0.9594
vn 0.2131 0.1567 -0.9644
vn 0.2163 0.1522 -0.9644
vn 0.6825 0.4872 -0.5448
vn 0.6774 0.4942 -0.5448
vn 0.6831 0.4991 0.5333
vn 0.6880 0.4922 0.5334
vn 0.2319 0.1647 0.9587
vn 0.2290 0.1695 0.9585
vn -0.2163 -0.1473 0.9651
vn -0.2143 -0.1503 0.9651
vn -0.8300 -0.2469 0.5001
vn -0.8275 -0.2559 0.4998
vn -0.8314 -0.2572 -0.4925
vn -0.8335 -0.2495 -0.4930
vn -0.2635 -0.0849 -0.9609
vn -0.2637 -0.0840 -0.9609
vn 0.2524 0.0846 -0.9639
vn 0.2530 0.0828 -0.9639
vn 0.7994 0.2620 -0.5406
vn 0.7979 0.2667 -0.5406
vn 0.8022 0.2682 0.5334
vn 0.8036 0.2638 0.5335
vn 0.2654 0.0875 0.9602
vn 0.2650 0.0893 0.9601
vn -0.2513 -0.0801 0.9646
vn -0.2511 -0.0809 0.9646
vn -0.8511 -0.1569 0.5010
vn -0.8533 -0.1597 -0.4964
vn -0.2707 -0.0516 -0.9613
vn 0.2630 0.0520 -0.9634
vn 0.8277 0.1629 -0.5370
vn 0.8310 0.1633 0.5318
vn 0.2734 0.0543 0.9604
vn -0.2610 -0.0500 0.9641
vt 1.000000 0.012365
vt 1.000000 0.318082
vt 0.992559 0.320559
vt 0.876385 0.360334
vt 0.776525 0.254057
vt 0.892026 0.129934
vt 0.318082 0.318082
vt 0.012696 0.000000
vt 0.407076 0.000000
vt 0.905923 0.850473
vt 0.855058 0.709109
vt 0.856858 0.633906
vt 0.855486 0.497554
vt 0.889444 0.515583
vt 1.000000 0.592924
vt 1.000000 0.987304
vt 0.976503 0.972039
vt 0.454586 0.348551
vt 0.354449 0.268895
vt 0.481038 0.164125
vt 0.585373 0.139254
vt 0.685303 0.141505
vt 0.794870 0.220174
vt 0.657798 0.325948
vt 0.554798 0.350691
vt 0.799763 0.600348
vt 0.799745 0.596506
vt 0.815618 0.594340
vt 0.815624 0.598845
vt 0.803274 0.599738
vt 0.783731 0.599078
vt 0.783717 0.594382
vt 0.790654 0.599915
vt 0.585197 0.618038
vt 0.592362 0.620679
vt 0.588665 0.628084
vt 0.583969 0.626307
vt 0.586451 0.609772
vt 0.595626 0.613028
vt 0.585197 0.618038
vt 0.587090 0.608347
vt 0.590925 0.605902
vt 0.594240 0.601781
vt 0.601777 0.604610
vt 0.688009 0.792072
vt 0.691230 0.790915
vt 0.697255 0.799020
vt 0.689719 0.801849
vt 0.687953 0.783394
vt 0.688009 0.792072
vt 0.685036 0.788143
vt 0.684173 0.784806
vt 0.684186 0.775898
vt 0.684173 0.784806
vt 0.679681 0.777618
vt 0.776957 0.742144
vt 0.761084 0.732726
vt 0.761028 0.722370
vt 0.776935 0.729450
vt 0.745056 0.741792
vt 0.745010 0.729206
vt 0.607336 0.635512
vt 0.600816 0.640670
vt 0.613611 0.630053
vt 0.622456 0.624677
vt 0.709260 0.773750
vt 0.717935 0.778952
vt 0.703003 0.768395
vt 0.696407 0.763203
vt 0.760972 0.705015
vt 0.776913 0.709041
vt 0.744964 0.708895
vt 0.617989 0.658235
vt 0.610081 0.660981
vt 0.625792 0.655236
vt 0.635692 0.652660
vt 0.721402 0.748454
vt 0.731171 0.750970
vt 0.713623 0.745531
vt 0.705661 0.742794
vt 0.760953 0.696916
vt 0.776908 0.703019
vt 0.744933 0.691152
vt 0.622146 0.679442
vt 0.613504 0.678724
vt 0.630429 0.678420
vt 0.630429 0.678420
vt 0.639515 0.672299
vt 0.734993 0.731331
vt 0.723644 0.737069
vt 0.715111 0.737790
vt 0.715110 0.737790
vt 0.706807 0.736772
s 0
usemtl lambert2SG
f 64/1/1 90/2/1 48/3/1 46/4/1 49/5/1 51/6/1
f 90/7/2 64/8/2 62/9/2
f 52/10/3 56/11/3 58/12/3 59/13/3 61/14/3 62/15/3 64/16/3 54/17/3
f 65/18/4 69/19/4 71/20/4 73/21/4 75/22/4 77/23/4 79/24/4 67/25/4
s 1
f 60/26/5 81/27/6 82/28/7 63/29/5 32/30/5
f 57/31/8 83/32/9 2/27/10 33/26/8 34/33/8
f 53/34/11 84/35/12 3/36/13 36/37/11
f 55/38/14 85/39/15 4/35/16 35/40/14
f 37/38/17 30/41/17 27/42/17 50/43/17 86/44/18 5/39/19
f 47/45/20 87/46/21 6/47/22 28/48/20
f 88/49/23 7/46/24 25/50/25 26/51/25 89/52/25
f 1/53/26 8/49/27 29/54/28 31/55/28
f 82/56/7 81/57/6 92/58/29 91/59/30
f 2/57/10 83/60/9 93/61/31 10/58/32
f 3/36/13 84/35/12 94/62/33 11/63/34
f 4/35/16 85/39/15 95/64/35 12/62/36
f 5/39/19 86/44/18 96/65/37 13/64/38
f 6/47/22 87/46/21 97/66/39 14/67/40
f 7/46/24 88/49/23 98/68/41 15/66/42
f 8/49/27 1/53/26 9/69/43 16/68/44
f 91/59/30 92/58/29 100/70/45 99/71/46
f 10/58/32 93/61/31 101/72/47 18/70/48
f 11/63/34 94/62/33 102/73/49 19/74/50
f 12/62/36 95/64/35 103/75/51 20/73/52
f 13/64/38 96/65/37 104/76/53 21/75/54
f 14/67/40 97/66/39 105/77/55 22/78/56
f 15/66/42 98/68/41 106/79/57 23/77/58
f 16/68/44 9/69/43 17/80/59 24/79/60
f 99/71/46 100/70/45 70/81/61 66/82/61
f 18/70/48 101/72/47 72/83/62 38/81/62
f 19/74/50 102/73/49 74/84/63 40/85/63
f 20/73/52 103/75/51 76/86/64 44/84/64
f 43/87/65 21/75/54 104/76/53 78/88/65
f 41/89/66 22/78/56 105/77/55 80/90/66
f 42/90/67 23/77/58 106/79/57 68/91/67
f 45/92/68 24/79/60 17/80/59 39/93/68
o OrangeMug_cell.001
v -0.148096 0.517290 0.468785
v -0.423642 0.517290 0.379256
v -0.593938 0.517290 0.144863
v -0.292778 0.517290 0.445280
v -0.526875 0.517290 0.275199
v -0.292776 -0.344218 0.445280
v -0.148096 0.517290 0.519441
v -0.308411 0.517290 0.493397
v -0.453416 0.517290 0.420236
v -0.567804 0.517290 0.304936
v -0.642114 0.517290 0.160517
v -0.306665 -0.449413 0.488023
v -0.453416 -0.345581 0.420236
v -0.308411 -0.345579 0.493396
v -0.148098 0.025054 0.519441
v -0.281113 -0.431956 0.442446
v -0.256521 -0.344218 0.451170
v -0.277901 -0.449418 0.492694
v -0.285577 -0.471385 0.480767
v -0.248787 -0.345580 0.503082
v -0.148098 0.054888 0.468785
v -0.021003 0.517290 0.498794
v -0.028743 0.517290 0.449394
v -0.567804 -0.249347 0.304936
v -0.624998 -0.125010 0.193783
v -0.577195 -0.114446 0.177403
v -0.516225 -0.310929 0.356926
v -0.481888 -0.277554 0.320545
v -0.526875 -0.223842 0.275199
v -0.487051 -0.345580 0.386333
v -0.425762 -0.344218 0.377120
v -0.452187 -0.383928 0.418544
v -0.291367 -0.429000 0.440939
v -0.347004 -0.449422 0.467668
v -0.303924 -0.467680 0.479587
v -0.595479 0.516193 0.134880
v -0.643659 0.517290 0.150503
v -0.642115 0.380364 0.160517
v -0.593938 0.379692 0.144863
v -0.148098 0.025054 0.519441
v -0.021003 0.517290 0.498794
v -0.021003 0.517290 0.498794
v -0.593938 0.517290 0.144863
v -0.595479 0.516193 0.134880
v -0.595479 0.516193 0.134880
v -0.248787 -0.345580 0.503082
v -0.277901 -0.449418 0.492694
v -0.285577 -0.471385 0.480767
v -0.281113 -0.431956 0.442446
v -0.256521 -0.344218 0.451170
v -0.148098 0.054888 0.468785
v -0.028743 0.517290 0.449394
v -0.028743 0.517290 0.449394
v -0.643659 0.517290 0.150503
v -0.643659 0.517290 0.150503
v -0.425762 -0.344218 0.377120
v -0.291367 -0.429000 0.440939
v -0.567804 -0.249347 0.304936
v -0.624998 -0.125010 0.193783
v -0.526875 -0.223842 0.275199
v -0.577195 -0.114446 0.177403
v -0.481888 -0.277554 0.320545
v -0.516225 -0.310929 0.356926
v -0.487051 -0.345580 0.386333
v -0.303924 -0.467680 0.479587
v -0.347004 -0.449422 0.467668
v -0.452187 -0.383928 0.418544
v -0.593938 0.379692 0.144863
v -0.642115 0.380364 0.160517
v -0.148096 0.517290 0.519441
v -0.308411 0.517290 0.493397
v -0.453416 0.517290 0.420236
v -0.567804 0.517290 0.304936
v -0.642114 0.517290 0.160517
v -0.148096 0.517290 0.468785
v -0.292778 0.517290 0.445280
v -0.423642 0.517290 0.379256
v -0.526875 0.517290 0.275199
vn -0.0948 -0.6874 -0.7201
vn -0.0928 -0.6885 -0.7192
vn 0.9559 -0.2531 -0.1492
vn -0.7629 -0.0000 0.6465
vn -0.7099 -0.0000 0.7043
vn -0.7099 -0.0117 0.7042
vn -0.5876 -0.0272 0.8087
vn -0.5878 -0.0000 0.8090
vn -0.8090 -0.0000 0.5878
vn 0.3105 0.0003 -0.9506
vn -0.0000 -0.0000 -1.0000
vn 0.1347 -0.0000 -0.9909
vn 0.1603 0.0219 -0.9868
vn 0.3112 0.0270 -0.9500
vn -0.9511 -0.0000 0.3090
vn -0.9883 -0.0000 0.1525
vn -0.8926 -0.0000 0.4509
vn -0.1446 -0.4327 0.8899
vn -0.1569 -0.2063 0.9658
vn -0.2995 -0.2460 0.9218
vn -0.2497 -0.4366 0.8643
vn -0.4478 -0.1084 0.8875
vn -0.5334 -0.0543 0.8441
vn -0.8892 -0.0000 0.4575
vn -0.3089 -0.0271 0.9507
vn -0.1603 -0.0221 0.9868
vn 0.5888 0.0003 -0.8083
vn 0.5354 0.0097 -0.8445
vn -0.0000 -0.0000 1.0000
vn -0.1347 -0.0000 0.9909
vn 0.1604 -0.0000 0.9871
vn 0.7629 -0.0000 -0.6465
vn 0.8090 -0.0000 -0.5878
vn 0.7099 -0.0000 -0.7043
vn -0.3090 -0.0000 0.9511
vn 0.1601 0.0531 -0.9857
vn 0.2705 0.0537 -0.9612
vn -0.3090 -0.0729 -0.9483
vn 0.8892 -0.0000 -0.4575
vn 0.8926 -0.0000 -0.4509
vn 0.9492 -0.0000 -0.3145
vn -0.1604 -0.0000 -0.9871
vn -0.0001 1.0000 -0.0007
vn 0.9883 -0.0000 -0.1525
vt 0.689954 0.379967
vt 0.190596 0.000000
vt 0.290226 0.000000
vt 0.729576 0.334308
vt 1.000000 0.510883
vt 1.000000 0.582413
vt 0.582413 0.582413
vt 0.510883 0.510883
vt 0.626242 0.356056
vt 0.747948 0.024785
vt 0.750923 0.000000
vt 0.826306 0.000000
vt 0.823964 0.043926
vt 0.800466 0.149604
vt 0.703705 0.413168
vt 0.640298 0.504940
vt 0.939778 0.865734
vt 0.572826 0.474453
vt 0.261634 0.131626
vt 0.180574 0.030294
vt 0.173694 0.000000
vt 0.249077 0.000000
vt 0.317624 0.085572
vt 0.652722 0.454735
vt 0.976963 0.777735
vt 0.520082 0.079323
vt 0.535135 0.061493
vt 0.543649 0.051460
vt 0.553465 0.051460
vt 0.553466 0.301289
vt 0.520082 0.301289
vt 0.076213 0.306526
vt 0.118102 0.306526
vt 0.118102 0.440406
vt 0.086710 0.555960
vt 0.076213 0.555960
vt 0.478268 0.301289
vt 0.475369 0.301289
vt 0.478268 0.261644
vt 0.869803 0.318569
vt 0.872025 0.324931
vt 0.863697 0.324933
vt 0.864491 0.319644
vt 0.864491 0.319644
vt 0.852018 0.324930
vt 0.543649 0.051460
vt 0.552975 0.040357
vt 0.520082 0.079323
vt 0.487900 0.115322
vt 0.863192 0.354996
vt 0.880455 0.354996
vt 0.852018 0.324930
vt 0.821208 0.354995
vt 0.821564 0.343893
vt 0.038323 0.306526
vt 0.038323 0.555960
vt 0.909608 0.604825
vt 0.909608 0.462307
vt 0.946406 0.604825
vt 0.625587 0.375766
vt 0.625587 0.590348
vt 0.595459 0.590348
vt 0.596078 0.340914
vt 0.612458 0.360215
vt 0.863192 0.604825
vt 0.880455 0.354996
vt 0.079590 0.581363
vt 0.076621 0.580507
vt 0.785569 0.785569
vt 0.782859 0.592091
vt 0.290226 0.290226
vt 0.190596 0.190596
vt 0.868221 0.650025
vt 0.870938 0.844105
vt 0.076621 0.580507
vt 0.653903 0.407440
vt 0.663324 0.550509
vt 0.663324 0.590348
vt 0.152659 0.306526
vt 0.118102 0.440406
vt 0.072419 0.042333
vt 0.042529 0.072461
vt 0.023112 0.110197
vt 0.021908 0.109806
vt 0.008717 0.129399
vt 0.009164 0.105665
vt 0.030679 0.063851
vt 0.063798 0.030467
vt 0.105782 0.009285
vt 0.152198 0.016411
vt 0.188996 0.022389
vt 0.186755 0.022025
vt 0.152198 0.001744
vt 0.110308 0.023216
vt 0.666237 0.590348
vt 0.821208 0.604825
s 0
usemtl lambert2SG
f 164/94/69 165/95/69 167/96/69 166/97/69 168/98/69 169/99/69
f 169/100/70 168/101/70 162/102/70 163/103/70 155/104/70 154/105/70 171/106/70 172/107/70 173/108/70 170/109/70
f 147/110/71 146/111/71 152/112/71 153/113/71 154/114/71 155/115/71 156/116/71 157/117/71 158/118/71
s 1
f 130/119/72 133/120/73 136/121/74 119/122/75 115/123/76 179/124/77
f 182/125/78 181/126/79 127/127/80 123/128/81 112/129/82
f 180/130/83 161/131/84 175/132/85
f 125/133/86 124/134/87 118/135/88 141/136/89
f 141/137/89 118/135/88 140/138/90
f 119/122/75 136/139/74 138/140/91
f 130/141/72 179/124/77 180/130/83 175/132/85 131/142/92
f 120/143/93 118/135/88 124/134/87 126/144/94
f 140/145/90 118/135/88 120/143/93 119/146/75 138/147/91
f 183/148/95 182/125/78 112/129/82 137/149/96
f 176/150/97 121/151/98 148/152/99
f 135/153/100 184/154/101 183/155/95 137/156/96 134/157/102
f 177/158/103 120/143/93 126/159/94 121/151/98 176/150/97
f 112/129/82 123/128/81 122/160/104 139/161/105
s 0
f 151/162/106 174/163/106 167/164/106 165/165/106 144/166/106 160/167/106
s 1
f 137/149/96 112/129/82 139/168/105
f 184/154/101 135/153/100 132/169/107 145/170/108 109/171/109
f 159/172/110 127/173/80 181/126/79
f 108/174/111 111/175/111 149/176/111 150/177/111 143/178/111 117/179/111 116/180/111 178/181/111 114/182/111 113/183/111 128/184/111 129/185/111 107/186/111 110/187/111
f 109/171/109 145/170/108 142/188/112
f 177/158/103 115/189/76 119/146/75 120/143/93
o OrangeMug_cell.002
v 0.293012 -0.436522 -0.143324
v 0.293012 -0.436522 0.143326
v 0.300218 -0.467290 0.000001
v 0.297744 -0.344218 0.144864
v 0.297744 -0.344218 -0.144862
v 0.226660 -0.436522 -0.272276
v 0.278813 -0.467290 -0.138710
v 0.315128 -0.436522 0.000001
v 0.278813 -0.467290 0.138712
v 0.214596 -0.467290 -0.263511
v 0.320099 -0.344218 0.000001
v 0.230682 -0.344218 -0.275198
v 0.267039 -0.449413 -0.301613
v 0.240375 -0.517290 -0.282240
v 0.340532 -0.449443 -0.158764
v 0.309154 -0.517290 -0.148569
v 0.365040 -0.449413 0.000001
v 0.332081 -0.517290 0.000001
v 0.340532 -0.449444 0.158766
v 0.309154 -0.517290 0.148571
v 0.240374 -0.517290 0.282243
v 0.370690 -0.195066 0.000001
v 0.345920 -0.221145 -0.160515
v 0.345919 -0.345581 0.160517
v 0.345919 -0.345581 -0.160515
v 0.369255 -0.371932 0.000001
v 0.271610 -0.345579 -0.304935
v 0.358871 -0.327521 0.076585
v 0.352786 -0.449428 0.079384
v 0.358873 -0.239075 -0.076583
v 0.358871 -0.327521 -0.076583
v 0.352786 -0.449428 -0.079382
v 0.358873 -0.283298 -0.084241
v 0.345920 -0.283364 -0.160515
v 0.358873 -0.283298 0.084243
v 0.372867 -0.220207 -0.001047
v 0.362164 -0.254982 -0.056091
v 0.362327 -0.253179 0.054836
v 0.362821 -0.311665 0.056126
v 0.372729 -0.346901 0.001049
v 0.363440 -0.282096 0.063615
v 0.362964 -0.313474 -0.054867
v 0.363439 -0.284500 -0.063613
v 0.603402 -0.027500 -0.063385
v 0.632168 -0.030216 -0.055234
v 0.557024 -0.115891 -0.055484
v 0.584556 -0.125458 -0.063435
v 0.611681 -0.135082 -0.055166
v 0.645265 -0.144631 0.000266
v 0.611237 -0.134871 0.055472
v 0.524650 -0.185586 0.055040
v 0.503275 -0.161874 -0.000488
v 0.525028 -0.186421 -0.055639
v 0.547850 -0.204487 -0.063483
v 0.569910 -0.222655 -0.055095
v 0.599521 -0.241417 0.000458
v 0.569337 -0.222052 0.055632
v 0.547209 -0.203536 0.063452
v 0.482682 -0.229108 0.054970
v 0.475409 -0.197743 -0.000677
v 0.482824 -0.230322 -0.055792
v 0.495862 -0.256374 -0.063528
v 0.507784 -0.282283 -0.055021
v 0.528015 -0.310895 0.000653
v 0.507367 -0.281195 0.055794
v 0.495480 -0.254844 0.063504
v 0.429263 -0.249421 0.054902
v 0.435060 -0.216329 -0.000864
v 0.429139 -0.250918 -0.055942
v 0.432687 -0.280112 -0.063571
v 0.434839 -0.308880 -0.054945
v 0.445687 -0.341997 0.000851
v 0.434661 -0.307404 0.055960
v 0.432639 -0.278135 0.063559
v 0.213134 -0.517290 0.309700
v 0.216136 -0.467290 0.260520
v 0.021540 -0.517290 0.244835
v 0.022445 -0.467290 0.194945
v 0.285354 -0.449421 0.266015
v 0.252835 -0.485569 0.291296
v 0.289098 -0.344218 0.161667
v 0.243787 -0.436522 0.238993
v 0.032891 -0.517290 0.208064
v 0.045216 -0.467290 0.121176
v 0.116957 -0.176270 -0.384547
v 0.119175 -0.125481 -0.439431
v 0.124371 -0.146196 -0.436810
v 0.106120 -0.133068 -0.390015
v 0.176359 -0.467290 -0.302053
v 0.198040 -0.517290 -0.324912
v 0.174455 -0.436522 -0.324898
v 0.155567 -0.344218 -0.350911
v 0.127448 -0.217822 -0.379254
v 0.157222 -0.276309 -0.420235
v 0.193863 -0.449433 -0.375366
v 0.172633 -0.345581 -0.404701
v 0.297744 -0.324569 0.144864
v 0.320099 -0.172840 0.000001
v 0.336388 -0.345581 0.179040
v 0.345919 -0.323933 0.160517
v 0.349898 -0.296928 0.134734
v 0.352470 -0.283331 0.121944
v 0.358499 -0.238558 0.079006
v 0.527343 -0.102410 -0.000665
v 0.370690 -0.155809 0.000001
v 0.535880 -0.133498 0.033453
v 0.539094 -0.153938 0.055072
v 0.571714 -0.151265 0.063419
v 0.549500 -0.067940 -0.027800
v 0.662130 -0.057815 0.000119
v 0.647189 -0.031566 -0.031303
v 0.632132 -0.012803 -0.055244
v 0.612264 -0.129695 0.055464
v 0.606367 -0.133102 0.056892
v 0.585020 -0.025649 -0.058272
v 0.603379 -0.014385 -0.063378
v 0.572896 -0.032648 -0.055341
v 0.292526 -0.027849 -0.155004
v 0.297744 -0.036183 -0.144862
v 0.342715 0.000728 -0.166744
v 0.345920 -0.004390 -0.160515
v 0.127448 -0.120975 -0.379254
v 0.157222 -0.103910 -0.420235
v 0.230682 -0.062618 -0.275198
v 0.271610 -0.039248 -0.304935
v 0.289098 -0.344218 0.161667
v 0.243787 -0.436522 0.238993
v 0.216136 -0.467290 0.260520
v 0.022445 -0.467290 0.194945
v 0.213134 -0.517290 0.309700
v 0.021540 -0.517290 0.244835
v 0.252835 -0.485569 0.291296
v 0.285354 -0.449421 0.266015
v 0.527343 -0.102410 -0.000665
v 0.527343 -0.102410 -0.000665
v 0.549500 -0.067940 -0.027800
v 0.535880 -0.133498 0.033453
v 0.045216 -0.467290 0.121176
v 0.032891 -0.517290 0.208064
v 0.116957 -0.176270 -0.384547
v 0.106120 -0.133068 -0.390015
v 0.119175 -0.125481 -0.439431
v 0.124371 -0.146196 -0.436810
v 0.176359 -0.467290 -0.302053
v 0.174455 -0.436522 -0.324898
v 0.155567 -0.344218 -0.350911
v 0.127448 -0.217822 -0.379254
v 0.157222 -0.276309 -0.420235
v 0.172633 -0.345581 -0.404701
v 0.193863 -0.449433 -0.375366
v 0.198040 -0.517290 -0.324912
v 0.320099 -0.172840 0.000001
v 0.297744 -0.036183 -0.144862
v 0.297744 -0.324569 0.144864
v 0.336388 -0.345581 0.179040
v 0.345919 -0.323933 0.160517
v 0.349898 -0.296928 0.134734
v 0.352470 -0.283331 0.121944
v 0.358499 -0.238558 0.079006
v 0.370690 -0.155809 0.000001
v 0.503275 -0.161874 -0.000488
v 0.539094 -0.153938 0.055072
v 0.539094 -0.153938 0.055072
v 0.571714 -0.151265 0.063419
v 0.571714 -0.151265 0.063419
v 0.606367 -0.133102 0.056892
v 0.612264 -0.129695 0.055464
v 0.612264 -0.129695 0.055464
v 0.662130 -0.057815 0.000119
v 0.662130 -0.057815 0.000119
v 0.647189 -0.031566 -0.031303
v 0.632132 -0.012803 -0.055244
v 0.632132 -0.012803 -0.055244
v 0.603379 -0.014385 -0.063378
v 0.603379 -0.014385 -0.063378
v 0.585020 -0.025649 -0.058272
v 0.572896 -0.032648 -0.055341
v 0.572896 -0.032648 -0.055341
v 0.292526 -0.027849 -0.155004
v 0.345920 -0.004390 -0.160515
v 0.342715 0.000728 -0.166744
v 0.157222 -0.103910 -0.420235
v 0.127448 -0.120975 -0.379254
v 0.230682 -0.062618 -0.275198
v 0.271610 -0.039248 -0.304935
v 0.429263 -0.249421 0.054902
v 0.435060 -0.216329 -0.000864
v 0.429139 -0.250918 -0.055942
v 0.432687 -0.280112 -0.063571
v 0.434839 -0.308880 -0.054945
v 0.445687 -0.341997 0.000851
v 0.434661 -0.307404 0.055960
v 0.432639 -0.278135 0.063559
v 0.603402 -0.027500 -0.063385
v 0.632168 -0.030216 -0.055234
v 0.557024 -0.115891 -0.055484
v 0.584556 -0.125458 -0.063435
v 0.611681 -0.135082 -0.055166
v 0.645265 -0.144631 0.000266
v 0.611237 -0.134871 0.055472
v 0.524650 -0.185586 0.055040
v 0.525028 -0.186421 -0.055639
v 0.547850 -0.204487 -0.063483
v 0.569910 -0.222655 -0.055095
v 0.599521 -0.241417 0.000458
v 0.569337 -0.222052 0.055632
v 0.547209 -0.203536 0.063452
v 0.482682 -0.229108 0.054970
v 0.475409 -0.197743 -0.000677
v 0.482824 -0.230322 -0.055792
v 0.495862 -0.256374 -0.063528
v 0.507784 -0.282283 -0.055021
v 0.528015 -0.310895 0.000653
v 0.507367 -0.281195 0.055794
v 0.495480 -0.254844 0.063504
vn -0.9208 -0.2670 -0.2843
vn -0.9201 -0.2686 -0.2851
vn 0.8087 -0.0271 -0.5876
vn 0.8276 -0.0000 -0.5614
vn 0.8892 -0.0000 -0.4575
vn 0.9256 -0.0000 -0.3786
vn 0.9507 0.0025 -0.3102
vn 0.9501 -0.0000 -0.3118
vn 0.9507 -0.0303 -0.3087
vn -0.2321 0.6894 0.6862
vn -0.4943 0.8693 0.0029
vn 0.6962 -0.1957 -0.6907
vn 0.7842 -0.2460 -0.5697
vn 0.4577 -0.8245 -0.3326
vn 0.4856 -0.7294 -0.4818
vn 0.9225 -0.2451 -0.2982
vn 0.5395 -0.8235 -0.1753
vn -0.5399 0.8233 0.1754
vn -0.5661 0.8243 -0.0000
vn -0.9694 0.2453 -0.0000
vn -0.9220 0.2454 0.2996
vn 0.9845 0.0353 0.1719
vn 0.9999 0.0124 0.0012
vn 0.9970 -0.0000 -0.0773
vn 0.4577 -0.8245 0.3326
vn 0.5395 -0.8235 0.1753
vn 0.9225 -0.2451 0.2982
vn 0.8361 -0.3404 0.4302
vn 0.7660 -0.4358 0.4726
vn 0.1876 -0.9644 0.1861
vn 0.9580 -0.2458 0.1476
vn 0.5658 -0.8246 -0.0000
vn 0.9699 -0.2436 -0.0000
vn -0.0000 -1.0000 -0.0000
vn 0.9863 0.0192 -0.1638
vn 0.9580 -0.2458 -0.1476
vn -0.2322 0.6892 0.6863
vn 0.9507 -0.0304 0.3087
vn 0.8885 -0.0400 0.4571
vn 0.9850 -0.0441 -0.1671
vn 0.9861 0.0016 -0.1664
vn 0.9982 -0.0600 -0.0014
vn 0.9847 -0.0453 0.1682
vn 0.7097 -0.0214 -0.7041
vn -0.4580 0.8243 0.3328
vn -0.7843 0.2454 0.5698
vn -0.6963 0.1951 0.6908
vn -0.4859 0.7291 0.4820
vn 0.6898 -0.0000 -0.7240
vn 0.6237 -0.0000 -0.7817
vn -0.8363 0.3397 -0.4303
vn -0.9220 0.2454 -0.2996
vn -0.5399 0.8233 -0.1754
vn -0.2989 0.9418 -0.1538
vn -0.8087 0.0268 0.5876
vn -0.9507 0.0269 0.3089
vn -0.9256 -0.0000 0.3786
vn -0.8892 -0.0000 0.4575
vn -0.8276 -0.0000 0.5614
vn -0.0000 1.0000 -0.0000
vn -0.4504 -0.0000 0.8928
vn -0.6898 -0.0000 0.7240
vn -0.6236 -0.0000 0.7817
vn -0.9507 0.0269 -0.3089
vn -0.8885 0.0395 -0.4572
vn -0.9734 -0.0000 -0.2291
vn 0.4505 -0.0000 -0.8928
vn -0.9996 0.0268 -0.0000
vn -0.9970 -0.0000 0.0773
vn -0.7097 0.0211 0.7041
vn 0.9855 0.0051 0.1693
vn 0.9870 -0.0017 0.1608
vn 0.9723 -0.0090 0.2337
vn 0.9873 -0.0118 0.1585
vn 0.7779 0.6282 -0.0166
vn 0.7378 0.3418 -0.5821
vn 0.7374 0.3575 0.5731
vn 0.8014 -0.5979 0.0144
vn 0.7464 -0.3489 0.5667
vn 0.6945 0.0112 0.7194
vn 0.7463 -0.3649 -0.5567
vn 0.6951 -0.0173 -0.7187
vn -0.1788 0.8498 0.4958
vn -0.2153 0.8435 0.4922
vn -0.2126 0.8313 -0.5135
vn -0.1745 0.8374 -0.5179
vn -0.0541 0.2452 -0.9680
vn -0.0498 0.2456 -0.9681
vn 0.0627 -0.2804 -0.9578
vn 0.0559 -0.2815 -0.9579
vn 0.1725 -0.8332 -0.5254
vn 0.1809 -0.8313 -0.5256
vn 0.1790 -0.8181 0.5465
vn 0.1703 -0.8200 0.5465
vn 0.0499 -0.2460 0.9680
vn 0.0561 -0.2456 0.9677
vn -0.0567 0.2809 0.9581
vn -0.0615 0.2799 0.9580
vn -0.2649 0.0257 -0.9639
vn -0.2631 0.0410 -0.9639
vn -0.2680 -0.0000 -0.9634
vn 0.2717 -0.0261 -0.9620
vn 0.2724 0.0004 -0.9622
vn 0.8421 -0.0810 -0.5333
vn 0.8470 0.0014 -0.5316
vn 0.8358 -0.1341 -0.5325
vn -0.8266 0.2565 -0.5010
vn -0.8221 0.2726 -0.4998
vn -0.8485 0.1584 -0.5049
vn -0.2513 0.0821 -0.9644
vn -0.2516 0.0811 -0.9644
vn -0.2618 0.0512 -0.9638
vn 0.2637 -0.0873 -0.9607
vn 0.2639 -0.0863 -0.9607
vn 0.8037 -0.2637 -0.5333
vn 0.8029 -0.2664 -0.5333
vn 0.8314 -0.1626 -0.5314
vn 0.8276 -0.1601 0.5381
vn 0.7984 -0.2638 0.5412
vn 0.7994 -0.2609 0.5412
vn 0.2524 -0.0829 0.9641
vn 0.2625 -0.0506 0.9636
vn 0.2479 -0.0972 0.9639
vn -0.7489 0.4613 0.4757
vn -0.7370 0.4816 0.4742
vn -0.8044 0.3509 0.4794
vn -0.7303 0.4777 -0.4882
vn -0.7433 0.4556 -0.4898
vn -0.2138 0.1513 -0.9651
vn -0.2160 0.1482 -0.9651
vn 0.2295 -0.1672 -0.9589
vn 0.2317 -0.1634 -0.9590
vn 0.6880 -0.4918 -0.5336
vn 0.6847 -0.4965 -0.5335
vn 0.6792 -0.4917 0.5449
vn 0.6827 -0.4869 0.5449
vn 0.2165 -0.1511 0.9645
vn 0.2140 -0.1546 0.9645
vn 0.2424 -0.1141 0.9634
vn -0.2580 0.1198 0.9587
vn -0.2337 0.1603 0.9590
vn -0.2316 0.1637 0.9589
vn -0.5335 0.6986 0.4768
vn -0.4933 0.7265 0.4784
vn -0.4853 0.7203 -0.4957
vn -0.5284 0.6910 -0.4933
vn -0.1357 0.2169 -0.9667
vn -0.1427 0.2130 -0.9666
vn 0.1483 -0.2447 -0.9582
vn 0.1568 -0.2394 -0.9582
vn 0.4525 -0.7148 -0.5332
vn 0.4474 -0.7180 -0.5332
vn 0.4427 -0.7087 0.5493
vn 0.4478 -0.7055 0.5492
vn 0.1430 -0.2155 0.9660
vn 0.1348 -0.2199 0.9662
vn -0.1581 0.2361 0.9588
vn -0.1507 0.2409 0.9588
vt 0.872034 0.872034
vt 0.743277 0.743277
vt 1.000000 0.777715
vt 1.000000 0.889200
vt 0.757756 0.000000
vt 0.883851 0.000000
vt 1.000000 0.061768
vt 1.000000 0.128826
vt 0.777715 0.777715
vt 0.777400 0.287498
vt 0.708819 0.254364
vt 0.503108 0.204213
vt 0.221424 0.143969
vt 0.128826 0.128826
vt 0.061768 0.061768
vt 0.351728 0.109187
vt 0.506105 0.142204
vt 0.737553 0.198708
vt 0.888804 0.271865
vt 0.889200 0.889200
vt 0.954698 0.051461
vt 0.954698 0.140153
vt 0.914687 0.151728
vt 0.912884 0.150246
vt 0.912884 0.087488
vt 0.912884 0.069474
vt 0.912884 0.051460
vt 0.449227 0.173378
vt 0.488592 0.225759
vt 0.517300 0.259154
vt 0.484824 0.273993
vt 0.426705 0.266120
vt 0.416328 0.264294
vt 0.262193 0.182408
vt 0.234726 0.133236
vt 0.218897 0.095542
vt 0.246331 0.081269
vt 0.279652 0.087972
vt 0.300979 0.091720
vt 0.375712 0.132556
vt 1.000000 0.116149
vt 1.000000 0.242245
vt 0.936003 0.221083
vt 0.589892 0.223652
vt 0.342081 0.342081
vt 0.217408 0.217408
vt 0.502329 0.081249
vt 0.885836 0.078399
vt 0.975091 0.021391
vt 0.953737 0.021397
vt 0.948128 0.001745
vt 0.960483 0.001745
vt 0.912377 0.021388
vt 0.909426 0.001745
vt 0.273662 0.306526
vt 0.313823 0.306526
vt 0.313823 0.315434
vt 0.272326 0.315434
vt 0.844236 0.082297
vt 0.866410 0.095039
vt 0.866410 0.106405
vt 0.784691 0.001745
vt 0.823394 0.001745
vt 0.820442 0.021388
vt 0.789390 0.021395
vt 0.782070 0.010929
vt 0.782070 0.010929
vt 0.776741 0.001745
vt 0.843426 0.021393
vt 0.866410 0.001745
vt 0.866410 0.021397
vt 0.280046 0.734787
vt 0.273408 0.777803
vt 0.253494 0.816506
vt 0.245607 0.813802
vt 0.190135 0.863905
vt 0.193421 0.795911
vt 0.241237 0.640714
vt 0.253494 0.653069
vt 0.273408 0.691771
vt 0.888583 0.082297
vt 0.889394 0.021393
vt 0.914849 0.389827
vt 0.736814 0.161013
vt 0.990097 0.382052
vt 0.620115 0.046141
vt 0.682811 0.346587
vt 0.721736 0.464778
vt 1.000000 0.743277
vt 1.000000 0.872034
vt 0.724748 0.596550
vt 0.668537 0.458605
vt 0.622759 0.319701
vt 0.988887 0.436924
vt 0.947236 0.409074
vt 0.902157 0.369734
vt 0.878964 0.350255
vt 0.804717 0.284700
vt 0.666584 0.164151
vt 0.947704 0.246731
vt 1.000000 0.217408
vt 1.000000 0.342081
vt 0.789390 0.021395
vt 0.819935 0.051460
vt 0.814572 0.051460
vt 0.888583 0.056689
vt 0.890801 0.069493
vt 0.866410 0.043830
vt 0.844236 0.056689
vt 0.983584 0.051460
vt 0.237528 0.306526
vt 0.234990 0.315434
vt 0.219754 0.315434
vt 0.226369 0.306526
vt 0.988082 0.071517
vt 0.988082 0.121431
vt 0.983584 0.051460
vt 0.383019 0.315434
vt 0.355321 0.315434
vt 0.353985 0.306526
vt 0.389253 0.306526
vt 0.234145 0.342159
vt 0.271881 0.342159
vt 0.271881 0.431346
vt 0.268945 0.433758
vt 0.234145 0.423692
vt 0.546337 0.725550
vt 0.540140 0.765711
vt 0.521547 0.801845
vt 0.510476 0.798503
vt 0.472506 0.664062
vt 0.465913 0.666052
vt 0.521993 0.650121
vt 0.540139 0.685389
vt 0.583149 0.402048
vt 0.586286 0.389540
vt 0.589324 0.377509
vt 0.589324 0.405549
vt 0.355766 0.342159
vt 0.360631 0.342159
vt 0.360631 0.342159
vt 0.355766 0.347848
vt 0.738336 0.231517
vt 0.728824 0.193845
vt 0.727320 0.187847
vt 0.738336 0.181602
vt 0.313823 0.342159
vt 0.355766 0.347848
vt 0.313823 0.391779
vt 0.219754 0.315434
vt 0.212223 0.342159
vt 0.842019 0.069493
vt 0.843535 0.082447
vt 0.831103 0.069484
vt 0.212223 0.342159
vt 0.234145 0.423692
vt 0.204017 0.406795
vt 0.204017 0.378755
vt 0.819935 0.057728
vt 0.819935 0.057728
vt 0.831103 0.069484
vt 0.827399 0.065560
vt 0.866713 0.087760
vt 0.882650 0.077691
vt 0.850533 0.078213
vt 0.866106 0.051078
vt 0.850160 0.061280
vt 0.847992 0.069841
vt 0.882296 0.060756
vt 0.884828 0.069145
vt 0.822715 0.624324
vt 0.838861 0.622645
vt 0.838915 0.640652
vt 0.822735 0.643704
vt 0.854809 0.624360
vt 0.854851 0.643751
vt 0.573132 0.781500
vt 0.574159 0.789952
vt 0.554110 0.791223
vt 0.553740 0.782677
vt 0.574782 0.798281
vt 0.553972 0.799612
vt 0.577923 0.807870
vt 0.556799 0.809290
vt 0.673402 0.595760
vt 0.670209 0.605775
vt 0.649409 0.604542
vt 0.652278 0.594340
vt 0.669624 0.614250
vt 0.649588 0.613103
vt 0.668646 0.622563
vt 0.649266 0.621475
vt 0.623587 0.716813
vt 0.618265 0.716277
vt 0.623580 0.713016
vt 0.631915 0.717600
vt 0.623580 0.713016
vt 0.631905 0.712558
vt 0.631905 0.712558
vt 0.636264 0.717991
vt 0.744827 0.627471
vt 0.760619 0.631489
vt 0.752858 0.641404
vt 0.744868 0.651573
vt 0.618130 0.745175
vt 0.610159 0.742405
vt 0.614755 0.718303
vt 0.618265 0.716277
vt 0.625984 0.747962
vt 0.635707 0.750726
vt 0.640590 0.725590
vt 0.721631 0.657228
vt 0.721334 0.655729
vt 0.731186 0.652903
vt 0.736068 0.678039
vt 0.721631 0.657227
vt 0.719924 0.656241
vt 0.760750 0.614157
vt 0.776827 0.607292
vt 0.776836 0.616455
vt 0.770471 0.622521
vt 0.760804 0.631229
vt 0.744782 0.607050
vt 0.607502 0.768057
vt 0.600895 0.762826
vt 0.613890 0.773317
vt 0.622463 0.778749
vt 0.709202 0.630487
vt 0.717941 0.624880
vt 0.702795 0.635848
vt 0.719924 0.656241
vt 0.709890 0.650982
vt 0.700446 0.650209
vt 0.696264 0.641045
vt 0.709890 0.650982
vt 0.760695 0.603772
vt 0.776807 0.594691
vt 0.744738 0.594340
vt 0.592450 0.783079
vt 0.588675 0.775536
vt 0.595902 0.790581
vt 0.601760 0.798865
vt 0.691260 0.613363
vt 0.697238 0.604765
vt 0.687818 0.620993
vt 0.684113 0.628444
vt 0.822696 0.608857
vt 0.838807 0.610963
vt 0.854765 0.608816
s 0
usemtl lambert2SG
f 315/190/113 313/191/113 322/192/113 323/193/113
f 325/194/113 326/195/113 327/196/113 324/197/113
f 322/198/114 328/199/114 329/200/114 330/201/114 331/202/114 324/203/114 327/204/114 332/205/114 333/206/114 334/207/114 335/208/114 323/209/114
s 1
f 211/210/115 369/211/116 365/212/117 364/213/118 207/214/119 218/215/120 209/216/121
s 0
f 318/217/122 321/218/122 346/219/122 348/220/122 350/221/122 351/222/122 353/223/122 355/224/122 356/225/122 358/226/122 360/227/122 361/228/122 320/229/122
f 326/230/123 325/231/123 367/232/123 368/233/123 363/234/123 304/235/123 309/236/123 366/237/123
s 1
f 279/238/124 197/239/125 198/240/126 274/241/127
f 197/239/125 199/242/128 200/243/129 198/240/126
f 191/244/130 187/245/131 192/246/132 185/247/133
f 287/248/134 206/249/135 344/250/136
f 205/251/137 204/252/138 203/253/139 317/254/140 316/255/141
f 205/251/137 316/256/141 314/257/142
f 213/258/143 203/253/139 204/252/138 202/259/144 201/260/145
f 202/261/144 204/262/138 205/263/137 314/264/142 261/265/146 267/266/146 274/267/127 198/268/126 200/269/129
f 344/250/136 206/249/135 214/270/147 207/214/119 364/213/118
f 216/271/148 201/260/145 202/259/144 200/243/129 199/242/128
s 0
f 337/272/149 336/273/149 338/274/149 310/275/149 311/276/149 312/277/149 313/278/149 315/279/149 259/280/149 264/281/149 263/282/149 339/283/149 340/284/149 341/285/149 342/286/149 343/287/149 289/288/149 305/289/149 304/290/149 363/291/149
s 1
f 317/292/140 203/253/139 208/293/150 283/294/151
f 199/242/128 209/216/121 215/295/152 216/271/148
f 217/296/153 218/215/120 207/214/119 214/270/147
f 201/260/145 210/297/154 212/298/155 213/258/143
f 211/210/115 197/239/125 279/238/124 280/299/156
f 197/239/125 211/210/115 209/216/121 199/242/128
f 194/300/157 190/301/158 275/302/159 273/303/160
f 190/301/158 194/300/157 191/244/130 185/247/133
f 278/304/161 307/305/162 369/211/116 211/210/115 280/306/156
f 266/307/163 186/308/164 193/309/165 260/310/166
f 196/311/167 189/312/168 303/313/169 302/314/170 308/315/171
f 187/245/131 193/309/165 186/308/164 192/246/132
f 187/316/131 191/317/130 194/318/157 273/319/160 268/320/172 262/321/172 260/322/166 193/323/165
f 272/324/173 269/325/173 277/326/174 306/327/175
f 188/328/176 186/308/164 266/307/163 265/329/177
f 188/328/176 265/330/177 281/331/178
f 278/332/161 271/333/179 270/334/179 307/335/162
f 195/336/180 188/328/176 281/337/178 282/338/181
f 275/339/159 190/301/158 196/311/167 276/340/182
f 190/301/158 185/247/133 189/312/168 196/311/167
f 219/341/183 287/342/134 286/343/184
f 213/258/143 212/298/155 208/293/150 203/253/139
f 216/271/148 215/295/152 210/297/154 201/260/145
f 185/247/133 192/246/132 195/336/180 189/312/168
f 189/312/168 195/336/180 282/338/181 303/313/169
f 209/216/121 218/215/120 217/296/153 215/295/152
f 276/344/182 196/311/167 308/345/171 306/346/175 277/347/174
f 283/294/151 208/293/150 284/348/185
f 284/349/185 208/293/150 212/298/155 219/341/183 286/350/184 285/351/186
f 214/270/147 206/249/135 220/352/187 221/353/188
f 206/249/135 287/248/134 222/354/189 220/352/187
f 212/298/155 210/297/154 224/355/190 223/356/191
f 287/248/134 219/341/183 225/357/192 222/354/189
f 210/297/154 215/295/152 226/358/193 224/355/190
f 217/296/153 214/270/147 221/353/188 227/359/194
f 215/295/152 217/296/153 227/359/194 226/358/193
f 219/341/183 212/298/155 223/356/191 225/357/192
f 370/360/195 371/361/196 220/362/187 222/363/189
f 252/361/197 372/364/198 221/365/188 220/362/187
f 253/366/199 373/367/200 227/368/194 221/369/188
f 254/367/201 374/370/202 226/371/193 227/368/194
f 255/370/203 375/372/204 224/373/190 226/371/193
f 256/374/205 376/375/206 223/376/191 224/377/190
f 257/375/207 377/378/208 225/379/192 223/376/191
f 258/378/209 251/380/210 222/381/189 225/379/192
f 378/382/211 299/383/212 359/384/213
f 379/385/214 228/382/214 300/386/215 357/387/215
f 229/385/216 296/388/217 295/389/218
f 380/390/219 288/391/220 293/392/221 362/393/221
f 378/382/211 381/394/222 230/395/223 301/396/224 299/397/212
f 228/382/214 379/385/214 382/398/225 231/394/226
f 383/399/227 232/398/228 229/385/216 295/389/218 354/400/229
f 352/401/230 384/402/231 233/403/232 294/404/230
f 234/402/233 297/405/234 298/406/235
f 345/407/236 385/408/237 347/409/238 290/410/238 319/411/238
f 380/390/219 386/412/239 236/407/240 288/391/220
f 230/395/223 381/394/222 387/413/241 237/414/242
f 231/394/226 382/398/225 388/415/243 238/413/244
f 232/398/228 383/399/227 389/416/245 239/415/246
f 233/403/232 384/402/231 390/417/247 240/418/248
f 391/419/249 241/417/250 234/402/233 298/420/235 349/421/251
f 291/422/252 235/423/253 242/419/254 292/424/252
f 385/408/237 345/407/236 393/425/255 392/426/256
f 236/407/240 386/412/239 394/427/257 244/425/258
f 237/414/242 387/413/241 395/428/259 245/429/260
f 238/413/244 388/415/243 396/430/261 246/428/262
f 239/415/246 389/416/245 397/431/263 247/430/264
f 240/418/248 390/417/247 398/432/265 248/433/266
f 241/417/250 391/419/249 399/434/267 249/432/268
f 242/419/254 235/423/253 243/435/269 250/434/270
f 392/436/256 393/437/255 371/361/196 370/360/195
f 244/437/258 394/438/257 372/364/198 252/361/197
f 245/429/260 395/428/259 373/367/200 253/366/199
f 246/428/262 396/430/261 374/370/202 254/367/201
f 247/430/264 397/431/263 375/372/204 255/370/203
f 248/433/266 398/432/265 376/375/206 256/374/205
f 249/432/268 399/434/267 377/378/208 257/375/207
f 250/434/270 243/435/269 251/380/210 258/378/209
f 192/246/132 186/308/164 188/328/176 195/336/180
o OrangeMug_cell.003
v -0.589206 -0.436522 -0.143324
v -0.420717 -0.436522 -0.375228
v -0.148096 -0.436522 -0.463807
v 0.124524 -0.436522 -0.375228
v -0.420717 -0.436522 0.375230
v -0.589206 -0.436522 0.143326
v -0.286634 -0.467290 0.426372
v -0.510790 -0.467290 0.263512
v -0.596411 -0.467290 0.000001
v -0.593938 -0.344218 0.144863
v -0.593938 -0.344218 -0.144862
v 0.127448 -0.344218 -0.379254
v -0.148096 -0.344218 -0.468784
v -0.423642 -0.344218 -0.379254
v -0.510790 -0.467290 -0.263511
v -0.286634 -0.467290 -0.426371
v -0.522854 -0.436522 -0.272276
v -0.411940 -0.467290 -0.363149
v -0.575006 -0.467290 -0.138710
v -0.291242 -0.436522 -0.440553
v -0.148096 -0.467290 -0.448878
v -0.004953 -0.436522 -0.440553
v 0.115748 -0.467290 -0.363149
v -0.411940 -0.467290 0.363151
v -0.522853 -0.436522 0.272278
v -0.575006 -0.467290 0.138712
v -0.611322 -0.436522 0.000001
v -0.009560 -0.467290 -0.426371
v -0.616293 -0.344218 0.000001
v -0.526875 -0.344218 0.275199
v -0.003417 -0.344218 -0.445279
v -0.292778 -0.344218 -0.445279
v -0.526876 -0.344218 -0.275198
v -0.605350 -0.517290 -0.148567
v -0.536568 -0.517290 -0.282241
v -0.430694 -0.517290 -0.388960
v -0.296480 -0.517290 -0.456675
v -0.148098 -0.517290 -0.480782
v -0.636726 -0.449444 -0.158764
v -0.563233 -0.449413 -0.301613
v -0.450086 -0.449444 -0.415652
v -0.306666 -0.449413 -0.488021
v -0.148096 -0.449443 -0.513774
v 0.010471 -0.449413 -0.488021
v 0.000286 -0.517290 -0.456675
v 0.153892 -0.449444 -0.415652
v 0.134499 -0.517290 -0.388960
v -0.296479 -0.517290 0.456677
v -0.450086 -0.449444 0.415653
v -0.430694 -0.517290 0.388961
v -0.563233 -0.449413 0.301614
v -0.536569 -0.517290 0.282241
v -0.636726 -0.449444 0.158766
v -0.605348 -0.517290 0.148571
v -0.661234 -0.449413 0.000001
v -0.628275 -0.517290 0.000000
v -0.642114 -0.345581 0.160517
v -0.666884 -0.345579 0.000001
v -0.642114 -0.345581 -0.160515
v -0.567804 -0.345579 0.304936
v 0.157222 -0.345581 -0.420235
v -0.148096 -0.345581 -0.519439
v 0.012216 -0.345579 -0.493394
v -0.453416 -0.345581 -0.420235
v -0.308411 -0.345579 -0.493394
v -0.567804 -0.345579 -0.304935
v -0.217226 -0.517290 0.469552
v -0.016525 -0.467290 0.279126
v -0.014430 -0.517290 0.321970
v -0.283188 -0.474569 0.479607
v -0.278731 -0.436522 0.442587
v -0.231231 -0.467290 0.435372
v -0.516472 -0.313235 0.356678
v -0.489443 -0.345580 0.383922
v -0.482144 -0.279767 0.320288
v -0.428287 -0.344218 0.374574
v -0.452089 -0.386960 0.418410
v -0.423473 -0.349555 0.379023
v -0.352673 -0.449423 0.464807
v -0.303514 -0.470413 0.478325
v -0.291306 -0.432645 0.440752
v -0.567804 -0.252149 0.304936
v -0.625469 -0.127053 0.192868
v -0.577663 -0.116357 0.176494
v -0.526875 -0.226535 0.275199
v -0.666885 -0.117221 0.000001
v -0.642115 -0.127268 0.160517
v -0.616293 -0.107500 0.000001
v -0.642115 -0.097656 -0.160515
v -0.537845 -0.061513 -0.335133
v -0.526876 -0.064934 -0.275198
v -0.507195 -0.059322 -0.295036
v -0.567804 -0.070055 -0.304935
v -0.593938 -0.116566 0.144863
v -0.593938 -0.089842 -0.144862
v -0.341794 -0.016192 -0.420549
v -0.403949 -0.025824 -0.445193
v -0.292778 -0.004645 -0.445279
v -0.308411 -0.003317 -0.493396
v -0.148098 0.025011 -0.468784
v -0.148098 0.029544 -0.519441
v -0.043498 0.043411 -0.451791
v -0.031934 0.049978 -0.500569
v -0.453416 -0.037571 -0.420235
v -0.423642 -0.035629 -0.379254
v 0.012370 -0.517290 0.260715
v 0.006377 -0.467290 0.226781
v 0.019277 -0.517290 0.244839
v 0.020209 -0.467290 0.194985
v 0.049197 -0.062590 -0.418734
v 0.091218 -0.092017 -0.453537
v -0.003417 0.000505 -0.445279
v 0.012217 0.002715 -0.493396
v 0.104583 -0.133302 -0.390790
v 0.117683 -0.125805 -0.440184
v 0.161770 -0.381381 -0.341851
v 0.154173 -0.344218 -0.352316
v 0.127448 -0.223966 -0.379254
v 0.157222 -0.282587 -0.420235
v 0.171222 -0.345581 -0.406123
v 0.185862 -0.417272 -0.385886
v 0.192403 -0.449433 -0.376837
v 0.196500 -0.517290 -0.326465
v 0.172995 -0.436522 -0.326370
v 0.174863 -0.467290 -0.303562
v -0.217226 -0.517290 0.469552
v -0.014430 -0.517290 0.321970
v -0.231231 -0.467290 0.435372
v -0.016525 -0.467290 0.279126
v -0.278731 -0.436522 0.442587
v -0.283188 -0.474569 0.479607
v -0.516472 -0.313235 0.356678
v -0.489443 -0.345580 0.383922
v -0.452089 -0.386960 0.418410
v -0.352673 -0.449423 0.464807
v -0.303514 -0.470413 0.478325
v -0.423473 -0.349555 0.379023
v -0.291306 -0.432645 0.440752
v -0.428287 -0.344218 0.374574
v -0.482144 -0.279767 0.320288
v -0.567804 -0.252149 0.304936
v -0.625469 -0.127053 0.192868
v -0.526875 -0.226535 0.275199
v -0.577663 -0.116357 0.176494
v -0.526876 -0.064934 -0.275198
v -0.593938 -0.089842 -0.144862
v -0.507195 -0.059322 -0.295036
v -0.537845 -0.061513 -0.335133
v -0.567804 -0.070055 -0.304935
v -0.642115 -0.097656 -0.160515
v -0.666885 -0.117221 0.000001
v -0.642115 -0.127268 0.160517
v -0.593938 -0.116566 0.144863
v -0.616293 -0.107500 0.000001
v -0.341794 -0.016192 -0.420549
v -0.292778 -0.004645 -0.445279
v -0.148098 0.025011 -0.468784
v -0.043498 0.043411 -0.451791
v -0.148098 0.029544 -0.519441
v -0.031934 0.049978 -0.500569
v -0.308411 -0.003317 -0.493396
v -0.403949 -0.025824 -0.445193
v -0.423642 -0.035629 -0.379254
v -0.453416 -0.037571 -0.420235
v 0.006377 -0.467290 0.226781
v 0.012370 -0.517290 0.260715
v 0.019277 -0.517290 0.244839
v 0.020209 -0.467290 0.194985
v 0.091218 -0.092017 -0.453537
v 0.012217 0.002715 -0.493396
v -0.003417 0.000505 -0.445279
v 0.049197 -0.062590 -0.418734
v 0.104583 -0.133302 -0.390790
v 0.117683 -0.125805 -0.440184
v 0.157222 -0.282587 -0.420235
v 0.127448 -0.223966 -0.379254
v 0.154173 -0.344218 -0.352316
v 0.161770 -0.381381 -0.341851
v 0.171222 -0.345581 -0.406123
v 0.185862 -0.417272 -0.385886
v 0.196500 -0.517290 -0.326465
v 0.192403 -0.449433 -0.376837
v 0.172995 -0.436522 -0.326370
v 0.174863 -0.467290 -0.303562
vn 0.6872 0.6804 0.2546
vn 0.0951 0.6865 0.7209
vn 0.0927 0.6878 0.7200
vn -0.1879 0.9780 0.0902
vn -0.1864 0.9786 0.0875
vn -0.1871 0.9782 0.0896
vn 0.8559 0.3567 0.3745
vn 0.8570 0.3557 0.3728
vn 0.6968 0.6583 0.2847
vn 0.9203 0.2683 0.2848
vn 0.9203 0.2675 0.2855
vn -0.9218 -0.2461 -0.2995
vn -0.7842 -0.2460 -0.5697
vn -0.4577 -0.8246 -0.3326
vn -0.5395 -0.8235 -0.1753
vn -0.5697 -0.2461 -0.7841
vn -0.3334 -0.8235 -0.4589
vn -0.2995 -0.2460 -0.9218
vn -0.1748 -0.8246 -0.5381
vn -0.0000 -0.2461 -0.9693
vn -0.0000 -0.8235 -0.5673
vn 0.2995 -0.2460 -0.9218
vn 0.1748 -0.8246 -0.5381
vn 0.5697 -0.2461 -0.7841
vn 0.3334 -0.8235 -0.4589
vn 0.6783 -0.2949 -0.6730
vn 0.2580 -0.9316 -0.2560
vn -0.3049 -0.4367 0.8464
vn -0.1748 -0.8245 0.5381
vn -0.0344 -0.9767 0.2120
vn -0.1446 -0.4327 0.8899
vn -0.5697 -0.2461 0.7841
vn -0.3334 -0.8235 0.4589
vn -0.4175 -0.3756 0.8274
vn -0.7842 -0.2460 0.5697
vn -0.4577 -0.8246 0.3326
vn -0.9218 -0.2461 0.2995
vn -0.5395 -0.8235 0.1753
vn 0.9220 0.2454 -0.2996
vn 0.5398 0.8233 -0.1754
vn 0.5661 0.8243 -0.0000
vn 0.9694 0.2453 -0.0000
vn 0.5398 0.8233 0.1754
vn 0.9220 0.2454 0.2996
vn -0.8485 -0.0000 0.5292
vn -0.8087 -0.0271 0.5876
vn -0.7093 -0.0418 0.7037
vn -0.7099 -0.0000 0.7043
vn 0.5876 0.0269 0.8087
vn 0.3089 0.0268 0.9507
vn 0.2899 -0.0000 0.9571
vn 0.4504 -0.0000 0.8928
vn 0.5707 -0.0000 0.8211
vn -0.0000 -1.0000 -0.0000
vn -0.5658 -0.8246 -0.0000
vn -0.0000 -0.0272 -0.9996
vn 0.0194 -0.0000 -0.9998
vn 0.1604 -0.0000 -0.9871
vn 0.2319 -0.0000 -0.9727
vn 0.3089 -0.0271 -0.9507
vn 0.4780 0.5830 0.6570
vn -0.2899 -0.0000 -0.9571
vn -0.3089 -0.0271 -0.9507
vn -0.9996 -0.0271 -0.0000
vn -1.0000 -0.0000 -0.0088
vn -0.9464 -0.0000 -0.3229
vn -0.9507 -0.0272 -0.3089
vn -0.7984 -0.0000 -0.6021
vn -0.7099 -0.0000 -0.7043
vn -0.5707 -0.0000 -0.8211
vn -0.5876 -0.0272 -0.8087
vn -0.8087 -0.0271 -0.5876
vn -0.9693 -0.2460 -0.0000
vn -0.4504 -0.0000 -0.8928
vn -0.6338 -0.0543 0.7716
vn 0.7095 -0.0323 -0.7039
vn 0.5876 -0.0272 -0.8087
vn 0.4776 -0.0000 -0.8786
vn -0.9507 -0.0272 0.3089
vn 0.7089 -0.0537 -0.7033
vn 0.4580 0.8243 0.3328
vn 0.7843 0.2454 0.5698
vn 0.3336 0.8233 0.4592
vn 0.5698 0.2454 0.7843
vn 0.1749 0.8243 0.5384
vn 0.2996 0.2453 0.9220
vn -0.0000 0.8233 0.5676
vn -0.0000 0.2454 0.9694
vn -0.1749 0.8243 0.5384
vn -0.2996 0.2453 0.9220
vn -0.3336 0.8233 0.4592
vn -0.5698 0.2454 0.7843
vn -0.6785 0.2942 0.6731
vn -0.2582 0.9315 0.2561
vn 0.0396 0.9764 -0.2121
vn 0.1820 0.8201 -0.5425
vn 0.3284 0.3643 -0.8715
vn 0.1660 0.4260 -0.8893
vn 0.3347 0.8202 -0.4640
vn 0.5691 0.2420 -0.7858
vn 0.4580 0.8243 -0.3328
vn 0.7843 0.2454 -0.5698
vn -0.2319 -0.0000 0.9728
vn -0.3089 0.0268 0.9507
vn -0.5876 0.0269 0.8087
vn -0.4776 -0.0000 0.8786
vn -0.4504 -0.0000 0.8928
vn -0.0000 1.0000 -0.0000
vn -0.0000 0.0269 0.9996
vn -0.1604 -0.0000 0.9871
vn -0.0194 -0.0000 0.9998
vn 0.8087 0.0268 0.5876
vn 0.7099 -0.0000 0.7043
vn 0.7984 -0.0000 0.6021
vn 0.8087 0.0268 -0.5876
vn 0.9507 0.0269 -0.3089
vn 0.9519 -0.0000 -0.3063
vn 0.8892 -0.0000 -0.4575
vn 0.8485 -0.0000 -0.5292
vn 0.9507 0.0269 0.3089
vn 0.9464 -0.0000 0.3229
vn 0.9996 0.0268 -0.0000
vn 1.0000 -0.0000 0.0088
vn 0.7093 0.0414 -0.7037
vn 0.6338 0.0537 -0.7716
vn 0.7099 -0.0000 -0.7043
vn -0.7089 0.0531 0.7033
vn -0.7095 0.0319 0.7039
vn -0.9519 -0.0000 0.3063
vn -0.8892 -0.0000 0.4575
vn 0.4504 -0.0000 -0.8928
vt 0.727674 0.299182
vt 1.000000 0.271050
vt 1.000000 0.462788
vt 0.752774 0.488328
vt 0.391463 0.391463
vt 0.187052 0.187052
vt 0.636604 0.124424
vt 0.704225 0.289339
vt 0.795150 0.627211
vt 0.821621 0.773302
vt 0.824118 0.824118
vt 0.751421 0.751421
vt 0.747903 0.718470
vt 0.626932 0.269190
vt 0.618209 0.247928
vt 0.511765 0.000000
vt 0.583184 0.000000
vt 0.810328 0.000000
vt 0.690123 0.382192
vt 0.583184 0.583184
vt 0.511765 0.511765
vt 0.604953 0.336616
vt 0.710821 0.000000
vt 0.604883 0.057481
vt 0.563910 0.000000
vt 0.627681 0.000000
vt 0.690050 0.087498
vt 0.844787 0.392187
vt 0.896425 0.635451
vt 0.844956 0.796994
vt 0.810328 0.810328
vt 0.710821 0.710821
vt 0.744678 0.697783
vt 0.791129 0.551995
vt 0.744526 0.332453
vt 0.414879 0.414879
vt 0.512019 0.353333
vt 0.604187 0.154931
vt 0.537212 0.000000
vt 0.728950 0.000000
vt 0.803330 0.172061
vt 0.701202 0.391900
vt 0.511861 0.511861
vt 0.831703 0.500505
vt 1.000000 0.414879
vt 1.000000 0.511862
vt 0.898285 0.563611
vt 0.627681 0.627681
vt 0.563910 0.563910
vt 1.000000 0.745996
vt 1.000000 0.872975
vt 0.126682 0.000000
vt 0.253711 0.000000
vt 0.253711 0.253711
vt 0.126682 0.126682
vt 0.128300 0.000000
vt 0.256953 0.000000
vt 1.000000 0.391463
vt 0.758956 0.000000
vt 0.884821 0.000000
vt 1.000000 0.187052
vt 0.571241 0.333638
vt 0.115179 0.000000
vt 0.241044 0.000000
vt 0.504776 0.192936
vt 0.879574 0.445004
vt 1.000000 0.522199
vt 1.000000 0.614585
vt 0.767579 0.465684
vt 0.743047 0.000000
vt 0.871699 0.000000
vt 0.871954 0.661233
vt 0.697348 0.641227
vt 0.614586 0.614586
vt 0.522199 0.522199
vt 0.664098 0.567915
vt 0.743269 0.577024
vt 0.385826 0.021388
vt 0.344466 0.021397
vt 0.350075 0.001745
vt 0.388778 0.001745
vt 0.311448 0.021388
vt 0.319177 0.001745
vt 0.562500 0.281645
vt 0.604026 0.281636
vt 0.606975 0.301289
vt 0.568115 0.301289
vt 0.649936 0.281645
vt 0.649936 0.301289
vt 0.695847 0.281636
vt 0.692898 0.301289
vt 0.737372 0.281645
vt 0.731757 0.301289
vt 0.979027 0.001745
vt 0.986755 0.021388
vt 0.975517 0.021391
vt 0.960933 0.001745
vt 0.864610 0.318852
vt 0.866647 0.305280
vt 0.889593 0.305280
vt 0.870495 0.317646
vt 0.822172 0.324924
vt 0.827787 0.305280
vt 0.864610 0.318853
vt 0.850376 0.324930
vt 0.552139 0.021388
vt 0.519121 0.021397
vt 0.513512 0.001745
vt 0.544410 0.001745
vt 0.477761 0.021388
vt 0.474809 0.001745
vt 0.663769 0.314189
vt 0.665105 0.305280
vt 0.705266 0.305280
vt 0.705266 0.314189
vt 0.745427 0.305280
vt 0.746763 0.314189
vt 0.520082 0.078511
vt 0.520082 0.051460
vt 0.542951 0.051460
vt 0.535063 0.060825
vt 0.429766 0.340914
vt 0.467655 0.340914
vt 0.467655 0.439231
vt 0.453463 0.435888
vt 0.429765 0.430260
vt 0.183981 0.676899
vt 0.222840 0.622170
vt 0.240791 0.640264
vt 0.189479 0.864236
vt 0.187480 0.865245
vt 0.179720 0.867702
vt 0.121004 0.790861
vt 0.098058 0.792674
vt 0.059198 0.847404
vt 0.028544 0.816505
vt 0.008630 0.777803
vt 0.001992 0.734787
vt 0.008630 0.691772
vt 0.028544 0.653069
vt 0.059198 0.663578
vt 0.098058 0.602565
vt 0.141019 0.595585
vt 0.649936 0.251574
vt 0.649936 0.142963
vt 0.683569 0.137046
vt 0.696352 0.150731
vt 0.696352 0.251573
vt 1.000000 0.751421
vt 1.000000 0.824117
vt 0.849028 0.721971
vt 0.127025 0.000000
vt 0.254004 0.000000
vt 0.769280 0.751869
vt 0.603520 0.152477
vt 0.649936 0.142963
vt 0.603520 0.251573
vt 0.431794 0.051460
vt 0.431794 0.117577
vt 0.385319 0.123242
vt 0.385319 0.051460
vt 0.343505 0.131233
vt 0.334762 0.133707
vt 0.310121 0.140639
vt 0.310122 0.051460
vt 0.343505 0.051461
vt 0.431794 0.021397
vt 0.561536 0.162395
vt 0.575858 0.158993
vt 0.603520 0.152477
vt 0.561536 0.251574
vt 0.552937 0.039479
vt 0.542951 0.051460
vt 0.983996 0.051460
vt 0.988082 0.051460
vt 0.988082 0.069699
vt 0.478268 0.051459
vt 0.850376 0.324930
vt 0.821592 0.343015
vt 0.983996 0.051460
vt 0.978137 0.030702
vt 0.343505 0.131233
vt 0.738336 0.251574
vt 0.781561 0.305280
vt 0.784099 0.314189
vt 0.810410 0.305280
vt 0.813907 0.314189
vt 0.430612 0.314189
vt 0.433153 0.305280
vt 0.469434 0.305280
vt 0.468100 0.314189
vt 0.509545 0.305280
vt 0.509545 0.314189
vt 0.549656 0.305280
vt 0.550990 0.314189
vt 0.585936 0.305280
vt 0.588477 0.314189
vt 0.219328 0.315434
vt 0.205182 0.315434
vt 0.208680 0.306526
vt 0.225932 0.306526
vt 0.094032 0.591594
vt 0.077991 0.591594
vt 0.076657 0.582685
vt 0.080279 0.582685
vt 0.041711 0.591594
vt 0.039170 0.582685
vt 0.596625 0.314189
vt 0.600122 0.305280
vt 0.628971 0.305280
vt 0.626433 0.314189
vt 0.431793 0.001745
vt 0.551434 0.440722
vt 0.551434 0.340914
vt 0.589324 0.340914
vt 0.589324 0.375730
vt 0.582704 0.401980
vt 0.566668 0.422454
vt 0.311524 0.649255
vt 0.340144 0.657896
vt 0.376425 0.602101
vt 0.392465 0.669728
vt 0.454630 0.628864
vt 0.461260 0.604429
vt 0.465266 0.666248
vt 0.510043 0.798372
vt 0.492927 0.793204
vt 0.456646 0.848998
vt 0.416535 0.782865
vt 0.376425 0.782250
vt 0.340144 0.793204
vt 0.311524 0.762930
vt 0.292931 0.765711
vt 0.286734 0.725550
vt 0.292932 0.685389
vt 0.509545 0.340914
vt 0.551434 0.440722
vt 0.539829 0.453145
vt 0.509545 0.447817
vt 0.784945 0.340914
vt 0.815073 0.340914
vt 0.815073 0.430260
vt 0.790689 0.423400
vt 0.784945 0.421775
vt 0.625587 0.340914
vt 0.663324 0.340914
vt 0.663324 0.406826
vt 0.654166 0.406887
vt 0.625587 0.374986
vt 0.747208 0.340914
vt 0.784945 0.421775
vt 0.747208 0.414564
vt 0.509545 0.447817
vt 0.705266 0.340914
vt 0.705266 0.409451
vt 0.747208 0.414564
vt 0.596814 0.340914
vt 0.595526 0.339369
vt 0.612532 0.359574
vt 0.625587 0.374986
vt 0.038372 0.557505
vt 0.204017 0.342159
vt 0.219328 0.315434
vt 0.214846 0.331399
vt 0.211817 0.342159
vt 0.204017 0.376976
vt 0.478268 0.114669
vt 0.431794 0.117577
vt 0.520082 0.078511
vt 0.487635 0.114731
vt 0.738336 0.233335
vt 0.719225 0.178158
vt 0.726888 0.187941
s 0
usemtl lambert2SG
f 569/439/271 559/440/271 557/441/271 570/442/271 571/443/271 568/444/271
f 532/445/272 533/446/272 534/447/272 535/448/272 469/449/272 529/450/272 480/451/272 536/452/272 538/453/272 539/454/272 531/455/272
f 541/456/273 540/457/273 531/458/273 539/459/273 542/460/273 543/461/273
f 544/462/274 546/463/274 547/464/274 548/465/274 549/466/274 550/467/274 551/468/274 541/469/274 543/470/274 552/471/274 553/472/274 545/473/274
f 554/474/275 555/475/275 556/476/275 557/477/275 559/478/275 558/479/275 560/480/275 561/481/275
f 562/482/276 554/483/276 561/484/276 563/485/276 547/486/276 546/487/276
f 528/488/277 468/489/277 565/490/277 564/491/277
f 564/492/278 565/493/278 566/494/278 567/495/278
f 571/496/279 572/497/279 573/498/279 568/499/279
f 574/500/280 573/501/280 572/502/280 575/503/280 576/504/280 577/505/280 579/506/280 578/507/280
f 567/508/281 566/509/281 580/510/281 581/511/281 579/512/281 577/513/281 582/514/281 583/515/281
s 1
f 438/516/282 439/517/283 434/518/284 433/519/285
f 439/517/283 440/520/286 435/521/287 434/518/284
f 440/522/286 441/523/288 436/524/289 435/525/287
f 441/523/288 442/526/290 437/527/291 436/524/289
f 442/526/290 443/528/292 444/529/293 437/527/291
f 443/528/292 445/530/294 446/531/295 444/529/293
f 446/532/295 445/533/294 521/534/296 522/535/297
f 479/536/298 447/537/299 525/538/300 530/539/301
f 448/540/302 449/541/303 447/537/299 479/542/298 478/543/304
f 448/544/302 450/545/305 451/546/306 449/547/303
f 450/545/305 452/548/307 453/549/308 451/546/306
f 405/550/309 425/551/310 408/552/311 426/553/312
f 426/553/312 408/552/311 418/554/313 400/555/314
f 481/556/315 459/557/316 473/558/317 472/559/318
f 413/560/319 431/561/320 497/562/321 495/563/322 504/564/323
f 444/565/293 446/566/295 522/567/297 507/568/324 505/569/324 526/570/324 525/571/300 447/572/299 449/573/303 451/574/306 453/575/308 455/576/325 433/577/285 434/578/284 435/579/287 436/580/289 437/581/291
f 461/582/326 500/583/327 502/584/328 512/585/329 462/586/330
s 0
f 529/587/331 469/588/331 466/589/331 468/590/331 528/591/331 527/592/331
s 1
f 498/593/332 500/594/327 461/582/326 464/595/333
f 457/596/334 485/597/335 488/598/336 458/599/337
f 492/600/338 489/601/339 503/602/340 463/603/341 465/604/342
f 454/605/343 457/596/334 458/599/337 438/516/282
f 503/606/340 496/607/344 498/608/332 464/595/333 463/609/341
f 459/557/316 450/545/305 448/544/302 476/610/345 473/611/317
f 519/612/346 460/613/347 518/614/348
f 450/545/305 459/557/316 456/615/349 452/548/307
f 448/540/302 478/616/304 476/617/345
f 521/534/296 445/533/294 460/613/347 519/618/346 520/619/350
f 488/598/336 492/620/338 465/604/342 458/599/337
f 442/526/290 461/582/326 462/586/330 443/528/292
f 443/528/292 462/586/330 460/621/347 445/530/294
f 440/522/286 463/609/341 464/595/333 441/523/288
f 441/523/288 464/595/333 461/582/326 442/526/290
f 438/516/282 458/599/337 465/604/342 439/517/283
f 439/517/283 465/604/342 463/603/341 440/520/286
f 400/555/314 418/554/313 414/622/351 416/623/352
f 416/623/352 414/622/351 417/624/353 401/625/354
f 401/626/354 417/627/353 415/628/355 419/629/356
f 419/629/356 415/628/355 420/630/357 402/631/358
f 402/631/358 420/630/357 427/632/359 421/633/360
f 421/633/360 427/632/359 422/634/361 403/635/362
f 523/636/363 403/637/362 422/638/361 524/639/364
f 471/640/365 406/641/366 537/642/367 470/643/368
f 537/642/367 406/641/366 423/644/369 404/645/370
f 404/646/370 423/647/369 407/648/371 424/649/372
f 424/649/372 407/648/371 425/551/310 405/550/309
f 452/548/307 454/605/343 455/650/325 453/549/308
f 454/605/343 438/516/282 433/519/285 455/650/325
f 511/651/373 430/652/374 411/653/375 517/654/376 513/655/377 509/656/377
f 407/657/371 423/658/369 406/659/366 471/660/365 467/661/378 506/662/378 508/663/378 524/664/364 422/665/361 427/666/359 420/667/357 415/668/355 417/669/353 414/670/351 418/671/313 408/672/311 425/673/310
f 412/674/379 430/652/374 511/675/373 501/676/380 499/677/381
f 432/678/382 413/679/319 504/680/323 491/681/383 490/682/384
f 429/683/385 409/684/386 493/685/387 483/686/388 484/687/389
f 410/688/390 432/678/382 490/689/384 494/690/391
f 431/561/320 412/674/379 499/691/381 497/562/321
f 493/685/387 409/684/386 428/692/392 487/693/393
f 487/693/393 428/692/392 410/688/390 494/694/391
f 404/646/370 424/649/372 429/683/385 475/695/394 477/696/395
f 474/697/396 475/695/394 429/683/385 484/698/389
f 424/649/372 405/550/309 409/684/386 429/683/385
f 537/642/367 404/645/370 477/699/395
f 411/700/375 403/637/362 523/701/363 515/702/397 516/703/398
f 411/700/375 516/703/398 517/704/376
f 402/631/358 421/633/360 430/652/374 412/674/379
f 421/633/360 403/635/362 411/653/375 430/652/374
f 401/626/354 419/629/356 431/561/320 413/560/319
f 419/629/356 402/631/358 412/674/379 431/561/320
f 400/555/314 416/623/352 432/678/382 410/688/390
f 416/623/352 401/625/354 413/679/319 432/678/382
f 456/615/349 486/705/399 485/706/335 457/596/334
f 452/548/307 456/615/349 457/596/334 454/605/343
f 426/553/312 400/555/314 410/688/390 428/692/392
f 459/557/316 481/707/315 482/708/400 486/705/399 456/615/349
f 518/709/348 460/621/347 462/586/330 512/585/329 510/710/401 514/711/401
f 405/550/309 426/553/312 428/692/392 409/684/386
o OrangeMug_cell.004
v 0.124524 -0.436522 0.375230
v 0.214596 -0.467290 0.263512
v 0.226660 -0.436522 0.272278
v 0.115748 -0.467290 0.363151
v 0.230682 -0.344218 0.275199
v 0.267039 -0.449413 0.301614
v 0.153892 -0.449443 0.415653
v 0.134500 -0.517290 0.388961
v 0.345920 -0.221145 0.160517
v 0.271609 -0.345579 0.304936
v 0.345920 -0.283364 0.160517
v 0.128115 -0.449438 0.428660
v 0.116693 -0.463406 0.426914
v 0.155557 -0.397501 0.417945
v 0.126027 -0.389081 0.377299
v 0.176966 -0.345581 0.400335
v 0.271610 -0.094425 0.304936
v 0.277066 0.061035 0.185052
v 0.230682 -0.115537 0.275199
v 0.321480 0.095416 0.208015
v 0.144507 -0.344218 0.362061
v 0.072869 -0.517290 0.420056
v 0.100988 -0.436522 0.387105
v 0.075985 -0.467290 0.383213
v -0.011540 -0.517290 0.322929
v -0.013709 -0.467290 0.280005
v 0.211654 -0.517290 0.311192
v 0.127846 -0.467290 0.232670
v 0.253526 -0.483811 0.291797
v 0.242874 -0.436522 0.240766
v 0.297744 -0.322365 0.144864
v 0.288141 -0.344218 0.163528
v 0.335427 -0.345581 0.180907
v 0.345919 -0.321706 0.160517
v 0.349675 -0.296169 0.136179
v 0.284447 -0.449420 0.267779
v 0.355919 -0.254671 0.096677
v 0.352100 -0.283332 0.124127
v 0.280931 0.075626 0.177541
v 0.325911 0.112142 0.199405
v 0.014096 -0.517290 0.262486
v 0.020845 -0.517290 0.246625
v 0.008194 -0.467290 0.228362
v 0.021628 -0.467290 0.196793
v 0.337985 0.112182 0.175939
v 0.297744 0.075682 0.144864
v 0.345920 -0.001384 -0.160515
v 0.343862 0.001914 -0.164514
v 0.293660 -0.026696 -0.152799
v 0.297744 -0.033242 -0.144862
v 0.320099 -0.170282 0.000001
v 0.358207 -0.238154 0.080898
v 0.370690 -0.153220 0.000001
v 0.297744 -0.021390 -0.144862
v 0.320099 0.041638 0.000001
v 0.370690 0.074427 0.000001
v 0.345920 0.112158 0.160517
v 0.345920 0.004588 -0.160515
v 0.128115 -0.449438 0.428660
v 0.116693 -0.463406 0.426914
v 0.155557 -0.397501 0.417945
v 0.176966 -0.345581 0.400335
v 0.271610 -0.094425 0.304936
v 0.321480 0.095416 0.208015
v 0.277066 0.061035 0.185052
v 0.230682 -0.115537 0.275199
v 0.144507 -0.344218 0.362061
v 0.126027 -0.389081 0.377299
v 0.072869 -0.517290 0.420056
v -0.011540 -0.517290 0.322929
v 0.100988 -0.436522 0.387105
v 0.075985 -0.467290 0.383213
v -0.013709 -0.467290 0.280005
v 0.253526 -0.483811 0.291797
v 0.284447 -0.449420 0.267779
v 0.211654 -0.517290 0.311192
v 0.242874 -0.436522 0.240766
v 0.288141 -0.344218 0.163528
v 0.297744 -0.322365 0.144864
v 0.127846 -0.467290 0.232670
v 0.214596 -0.467290 0.263512
v 0.355919 -0.254671 0.096677
v 0.352100 -0.283332 0.124127
v 0.349675 -0.296169 0.136179
v 0.345919 -0.321706 0.160517
v 0.335427 -0.345581 0.180907
v 0.280931 0.075626 0.177541
v 0.325911 0.112142 0.199405
v 0.014096 -0.517290 0.262486
v 0.020845 -0.517290 0.246625
v 0.008194 -0.467290 0.228362
v 0.021628 -0.467290 0.196793
v 0.297744 0.075682 0.144864
v 0.337985 0.112182 0.175939
v 0.293660 -0.026696 -0.152799
v 0.297744 -0.033242 -0.144862
v 0.345920 -0.001384 -0.160515
v 0.343862 0.001914 -0.164514
v 0.320099 0.041638 0.000001
v 0.320099 -0.170282 0.000001
v 0.358207 -0.238154 0.080898
v 0.370690 -0.153220 0.000001
v 0.345920 0.004588 -0.160515
v 0.297744 -0.021390 -0.144862
v 0.345920 0.112158 0.160517
v 0.370690 0.074427 0.000001
vn -0.6645 0.4708 0.5803
vn -0.6668 0.4686 0.5795
vn 0.2322 -0.6878 -0.6878
vn -0.6651 0.4735 0.5775
vn -0.8613 -0.3518 -0.3665
vn -0.8620 -0.3512 -0.3656
vn -0.5250 0.8076 -0.2687
vn 0.9470 -0.0000 0.3212
vn 0.9508 0.0014 0.3097
vn 0.9881 0.0020 0.1536
vn 0.9972 -0.0000 0.0749
vn 0.9995 -0.0000 0.0330
vn -0.5236 0.8078 -0.2707
vn 0.7842 -0.2460 0.5697
vn 0.6867 -0.4358 0.5818
vn 0.8785 -0.1545 0.4520
vn 0.5697 -0.2461 0.7841
vn 0.3334 -0.8235 0.4589
vn 0.5048 -0.7031 0.5008
vn 0.4280 -0.3118 0.8483
vn 0.4061 -0.4327 0.8049
vn 0.1707 -0.9254 0.3383
vn -0.0000 -1.0000 -0.0000
vn 0.8663 -0.0000 0.4996
vn 0.7095 -0.0353 0.7039
vn 0.8087 -0.0271 0.5876
vn 0.9655 -0.0000 -0.2603
vn 0.9701 -0.0000 -0.2428
vn 0.8892 -0.0000 -0.4575
vn 0.6720 -0.0541 0.7386
vn 0.8891 -0.0137 0.4575
vn -0.5518 0.7057 -0.4445
vn -0.7843 0.2454 -0.5698
vn -0.8789 0.1519 -0.4522
vn -0.3336 0.8233 -0.4592
vn -0.5698 0.2454 -0.7843
vn -0.4281 0.3110 -0.8485
vn -0.1708 0.9253 -0.3385
vn 0.9504 -0.0009 0.3110
vn 0.8892 -0.0000 0.4575
vn 0.9217 -0.0024 0.3879
vn -0.8663 -0.0000 -0.4996
vn -0.8087 0.0268 -0.5876
vn -0.7095 0.0349 -0.7039
vn -0.8891 0.0136 -0.4575
vn -0.8892 -0.0000 -0.4575
vn -0.9471 -0.0000 -0.3210
vn -0.9222 -0.0000 -0.3868
vn -0.0000 1.0000 -0.0000
vn -0.9655 -0.0000 0.2603
vn -0.8892 -0.0000 0.4575
vn -0.9701 -0.0000 0.2428
vn -0.6721 0.0535 -0.7386
vn -0.9972 -0.0000 -0.0750
vn -0.9995 -0.0000 -0.0330
vn 0.9877 0.0022 0.1563
vn 0.9878 0.0063 0.1559
vn 0.9875 -0.0097 0.1575
vt 0.974815 0.726779
vt 0.901821 0.670328
vt 0.837131 0.605318
vt 0.536450 0.278147
vt 0.338950 0.000000
vt 0.423338 0.000000
vt 0.607033 0.258707
vt 0.880807 0.556601
vt 0.936680 0.612802
vt 1.000000 0.661817
vt 1.000000 0.736208
vt 0.873848 0.000000
vt 0.873515 0.475929
vt 0.736208 0.736208
vt 0.667851 0.654231
vt 0.746254 0.505728
vt 0.746608 0.000000
vt 0.741423 0.741423
vt 0.154757 0.000000
vt 0.280146 0.125421
vt 0.319828 0.117717
vt 0.384870 0.040583
vt 0.398670 0.020722
vt 0.501640 0.364723
vt 0.694644 0.023037
vt 0.661168 0.000000
vt 0.785237 0.000000
vt 0.802106 0.011609
vt 0.629005 0.344352
vt 0.939140 0.489534
vt 0.482207 0.000000
vt 0.476698 0.038643
vt 0.473207 0.054924
vt 0.467792 0.088847
vt 0.452714 0.110544
vt 0.379462 0.197236
vt 0.335063 0.205804
vt 0.274952 0.197250
vt 0.870085 0.870085
vt 1.000000 0.576662
vt 1.000000 0.661050
vt 0.206716 0.000000
vt 0.307985 0.000000
vt 0.741423 0.000000
vt 0.870085 0.000000
vt 1.000000 0.128180
vt 1.000000 0.255125
vt 0.128181 0.128181
vt 1.000000 0.126152
vt 1.000000 0.253392
vt 0.255125 0.255125
vt 0.303695 0.020124
vt 0.307985 0.307985
vt 0.206716 0.206716
vt 0.203635 0.000000
vt 0.819935 0.183990
vt 0.819935 0.087488
vt 0.842987 0.082564
vt 0.866410 0.107155
vt 0.866410 0.173066
vt 0.790662 0.780141
vt 0.785237 0.785237
vt 0.661168 0.661168
vt 0.671933 0.651054
vt 0.738536 0.365180
vt 0.694748 0.000000
vt 0.796365 0.000000
vt 0.814950 0.050455
vt 0.864460 0.463376
vt 0.779083 0.021397
vt 0.781925 0.011438
vt 0.788879 0.021395
vt 0.781925 0.011438
vt 0.746065 0.021388
vt 0.753793 0.001745
vt 0.776309 0.001745
vt 0.991429 0.305280
vt 0.997044 0.324924
vt 0.989581 0.324926
vt 0.986273 0.320880
vt 0.973585 0.305280
vt 0.245179 0.813655
vt 0.222840 0.847404
vt 0.204996 0.856407
vt 0.180557 0.834010
vt 0.187979 0.864993
vt 0.189934 0.864007
vt 0.778121 0.124178
vt 0.750500 0.051460
vt 0.778121 0.051461
vt 0.912884 0.152845
vt 0.912884 0.151116
vt 0.914042 0.152071
vt 0.989581 0.324926
vt 0.997526 0.339963
vt 0.788879 0.021395
vt 0.814031 0.051460
vt 0.750500 0.051460
vt 0.745401 0.036427
vt 0.390119 0.306526
vt 0.392656 0.315434
vt 0.383533 0.315434
vt 0.418967 0.306526
vt 0.422464 0.315434
vt 0.190220 0.582685
vt 0.197035 0.582685
vt 0.194494 0.591594
vt 0.182981 0.591594
vt 0.819935 0.069474
vt 0.819935 0.183990
vt 0.815470 0.183997
vt 0.808676 0.183986
vt 0.806183 0.179143
vt 0.778121 0.124178
vt 0.814031 0.051460
vt 0.819935 0.058373
vt 0.393502 0.408370
vt 0.393502 0.342159
vt 0.418651 0.342159
vt 0.361170 0.342159
vt 0.393502 0.408370
vt 0.367402 0.459493
vt 0.365227 0.463718
vt 0.355766 0.463734
vt 0.355766 0.348486
vt 0.481414 0.614597
vt 0.492927 0.620406
vt 0.521733 0.649616
vt 0.496430 0.656838
vt 0.465676 0.666124
vt 0.461786 0.604695
vt 0.455445 0.618044
vt 0.271881 0.435629
vt 0.269583 0.434092
vt 0.271881 0.432197
vt 0.190580 0.581999
vt 0.197470 0.568949
vt 0.361170 0.342159
vt 0.383533 0.315434
vt 0.423063 0.329170
vt 0.313823 0.392520
vt 0.313823 0.453877
vt 0.271881 0.435629
vt 0.271881 0.432197
vt 0.830471 0.069483
vt 0.838420 0.077792
vt 0.354925 0.463539
vt 0.313823 0.453877
vt 0.313823 0.392520
vt 0.355766 0.348486
vt 0.912884 0.151116
vt 0.912884 0.152845
vt 0.819935 0.058373
vt 0.826981 0.065779
vt 0.830471 0.069483
s 0
usemtl lambert2SG
f 642/712/402 644/713/402 645/714/402 646/715/402 647/716/402 648/717/402 649/718/402 650/719/402 651/720/402 654/721/402 643/722/402
f 653/723/403 652/724/403 643/725/403 654/726/403 655/727/403 656/728/403
f 675/729/404 663/730/404 664/731/404 660/732/404 661/733/404 662/734/404 683/735/404 679/736/404 678/737/404 681/738/404 680/739/404 685/740/404 684/741/404 665/742/404 666/743/404 667/744/404 668/745/404 669/746/404 658/747/404 657/748/404 659/749/404 673/750/404
f 648/751/405 647/752/405 671/753/405 670/754/405
f 675/755/406 673/756/406 672/757/406 674/758/406
f 672/759/407 653/760/407 656/761/407 674/762/407
f 676/763/408 670/764/408 671/765/408 677/766/408
s 1
f 640/767/409 592/768/410 635/769/411 636/770/412 689/771/413
s 0
f 686/772/414 681/773/414 678/774/414 687/775/414 682/776/414 676/777/414 677/778/414 688/779/414 639/780/414
s 1
f 589/781/415 612/782/416 619/783/417
f 612/784/416 589/781/415 590/785/418 591/786/419 610/787/420
f 591/788/419 590/789/418 595/790/421 596/791/422 605/792/423
f 610/793/420 591/794/419 605/795/423 608/796/424 624/797/424 625/798/424
f 600/799/425 599/800/426 593/801/427
f 641/802/428 630/803/429 631/804/430
f 595/805/421 590/789/418 597/806/431
f 593/801/427 589/781/415 619/807/417 616/808/432
f 590/785/418 589/781/415 593/801/427 599/809/426 597/810/431
f 585/811/433 586/812/434 613/813/435
f 586/812/434 585/811/433 587/814/436 584/815/437
f 606/816/438 584/817/437 587/818/436 607/819/439
f 594/820/440 592/768/410 640/821/409 628/822/441 623/823/441 603/824/441 600/825/425 593/801/427 616/826/432 617/827/442
f 602/828/443 588/829/444 604/830/445
f 615/831/446 588/829/444 602/832/443 601/833/447 622/834/447 629/835/448 614/836/449
f 607/837/439 587/838/436 585/839/433 611/840/450 627/841/450 626/842/450 609/843/450
f 637/844/451 632/845/452 633/846/453
f 584/817/437 606/847/438 598/848/454
f 588/829/444 615/849/446 613/850/435 586/812/434
f 588/829/444 586/812/434 584/815/437 598/851/454 604/830/445
f 634/852/455 638/853/456 637/854/451 633/855/453
f 635/769/411 592/768/410 594/820/440 621/856/457 620/857/458
f 629/858/448 638/859/456 634/860/455 614/861/449
f 689/771/413 636/770/412 630/862/429 641/863/428
f 594/820/440 617/864/442 618/865/459 621/866/457
o OrangeMug_cell.005
v 0.297744 0.517290 -0.144862
v 0.297744 0.517290 0.144864
v 0.320099 0.517290 0.000001
v 0.370690 0.517290 0.000001
v 0.345920 0.271144 0.160517
v 0.345920 0.517290 0.160517
v 0.345920 0.394217 0.160517
v 0.370690 0.420615 0.000001
v 0.358940 0.376648 0.076155
v 0.345920 0.332681 0.160517
v 0.358938 0.332682 0.083770
v 0.362234 0.304609 0.055637
v 0.372876 0.395505 -0.001046
v 0.362395 0.362559 0.054382
v 0.363505 0.333882 0.063078
v 0.429217 0.300681 0.055563
v 0.445824 0.390910 -0.000857
v 0.434275 0.358251 0.054539
v 0.432757 0.329674 0.063126
v 0.496242 0.346398 0.038855
v 0.494474 0.336634 0.054668
v 0.481063 0.311624 0.063162
v 0.483645 0.316472 0.061451
v 0.466224 0.290976 0.056615
v 0.500399 0.370421 -0.000732
v 0.486151 0.358581 -0.025153
v 0.316144 0.355344 -0.025625
v 0.300942 0.487997 -0.124138
v 0.361794 0.387329 -0.057653
v 0.348586 0.502574 -0.143238
v 0.363056 0.382217 -0.053970
v 0.364566 0.368369 -0.043673
v 0.445720 0.357181 -0.048766
v 0.465558 0.351033 -0.047410
v 0.435363 0.360518 -0.049571
v 0.346903 0.517290 -0.154144
v 0.248736 0.468436 0.240112
v 0.292136 0.477605 0.265045
v 0.454048 0.292601 0.055878
v 0.474086 0.349109 -0.045752
v 0.297744 0.258828 0.144864
v 0.320099 0.340076 0.000001
v 0.345920 0.244323 0.160517
v 0.361128 0.299275 0.062523
v 0.448102 0.293471 0.055537
v 0.432174 0.297289 0.052052
v 0.357658 0.286986 0.084450
v 0.358938 0.291372 0.076615
v 0.276309 0.240227 0.186522
v 0.322888 0.223094 0.205279
v 0.242880 0.517290 0.251493
v 0.287379 0.517290 0.274290
v 0.496242 0.346398 0.038855
v 0.494474 0.336634 0.054668
v 0.494474 0.336634 0.054668
v 0.300942 0.487997 -0.124138
v 0.297744 0.517290 -0.144862
v 0.297744 0.517290 -0.144862
v 0.500399 0.370421 -0.000732
v 0.500399 0.370421 -0.000732
v 0.486151 0.358581 -0.025153
v 0.483645 0.316472 0.061451
v 0.481063 0.311624 0.063162
v 0.481063 0.311624 0.063162
v 0.466224 0.290976 0.056615
v 0.445720 0.357181 -0.048766
v 0.465558 0.351033 -0.047410
v 0.316144 0.355344 -0.025625
v 0.361794 0.387329 -0.057653
v 0.348586 0.502574 -0.143238
v 0.363056 0.382217 -0.053970
v 0.364566 0.368369 -0.043673
v 0.435363 0.360518 -0.049571
v 0.346903 0.517290 -0.154144
v 0.346903 0.517290 -0.154144
v 0.474086 0.349109 -0.045752
v 0.322888 0.223094 0.205279
v 0.292136 0.477605 0.265045
v 0.454048 0.292601 0.055878
v 0.297744 0.258828 0.144864
v 0.320099 0.340076 0.000001
v 0.448102 0.293471 0.055537
v 0.448102 0.293471 0.055537
v 0.432174 0.297289 0.052052
v 0.361128 0.299275 0.062523
v 0.358938 0.291372 0.076615
v 0.357658 0.286986 0.084450
v 0.345920 0.244323 0.160517
v 0.242880 0.517290 0.251493
v 0.242880 0.517290 0.251493
v 0.287379 0.517290 0.274290
v 0.287379 0.517290 0.274290
v 0.248736 0.468436 0.240112
v 0.276309 0.240227 0.186522
v 0.345920 0.517290 0.160517
v 0.362234 0.304609 0.055637
v 0.362234 0.304609 0.055637
v 0.297744 0.517290 0.144864
v 0.370690 0.517290 0.000001
v 0.320099 0.517290 0.000001
v 0.429217 0.300681 0.055563
v 0.445824 0.390910 -0.000857
v 0.434275 0.358251 0.054539
v 0.432757 0.329674 0.063126
vn -0.1323 -0.6007 -0.7885
vn -0.1448 -0.5880 -0.7958
vn 0.8215 -0.5213 -0.2308
vn -0.4405 -0.2553 0.8607
vn -0.0852 -0.8636 -0.4970
vn -0.1002 -0.8642 -0.4930
vn -0.4411 -0.2534 0.8609
vn -0.0000 1.0000 -0.0000
vn 1.0000 -0.0000 -0.0000
vn 0.9999 0.0149 0.0008
vn 0.9847 0.0251 -0.1723
vn 0.9883 -0.0000 -0.1525
vn -0.9511 -0.0000 -0.3090
vn -1.0000 -0.0000 -0.0000
vn -0.9987 -0.0000 -0.0514
vn -0.9353 -0.0000 -0.3539
vn 0.9507 -0.0025 0.3102
vn 0.9501 -0.0000 0.3118
vn 0.9507 0.0025 0.3102
vn 0.9511 -0.0000 0.3090
vn 0.8892 -0.0000 0.4575
vn 0.9350 -0.0000 0.3547
vn -0.8892 -0.0000 -0.4575
vn 0.9865 0.0186 0.1630
vn 0.9866 -0.0007 0.1630
vn 0.9874 -0.0103 0.1578
vn -0.9883 -0.0000 0.1525
vn 0.9864 -0.0274 0.1619
vn 0.8131 0.5819 -0.0160
vn 0.6868 0.5580 -0.4657
vn 0.9792 0.0545 -0.1954
vn 0.7575 0.3521 0.5497
vn 0.6957 0.0204 0.7181
vn 0.9845 -0.0520 0.1673
vn 0.7065 -0.1819 0.6840
vn -0.1145 -0.7609 0.6387
vn -0.0424 -0.7362 0.6755
vn -0.2272 -0.7890 0.5708
vn 0.1791 0.8168 -0.5485
vn 0.1687 0.8192 -0.5481
vn 0.1674 0.8347 0.5246
vn 0.1778 0.8323 0.5250
vn 0.0619 0.2824 0.9573
vn 0.0540 0.2836 0.9574
vn -0.0547 -0.2446 0.9681
vn -0.0505 -0.2450 0.9682
vn -0.3048 -0.8003 0.5164
vn 0.2931 0.7832 -0.5483
vn 0.2911 0.7995 0.5254
vn 0.1002 0.2766 0.9557
vn -0.0907 -0.2410 0.9663
vt 0.016034 0.000000
vt 0.278793 0.000000
vt 1.000000 0.602439
vt 1.000000 0.675122
vt 0.373436 0.151742
vt 0.344559 0.128617
vt 0.269392 0.065715
vt 0.114380 0.039250
vt 0.080207 0.025405
vt 0.675122 0.675122
vt 0.602439 0.602439
vt 0.748998 0.603180
vt 0.748749 0.675734
vt 0.536503 0.408252
vt 1.000000 0.394708
vt 0.993673 0.362869
vt 0.410669 0.245837
vt 0.427308 0.212087
vt 0.597894 0.000000
vt 0.988325 0.000000
vt 0.783299 0.184525
vt 0.172902 0.172902
vt 0.502944 0.000000
vt 0.554311 0.000000
vt 0.258377 0.258377
vt 1.000000 0.011675
vt 1.000000 0.402106
vt 0.641672 0.000000
vt 0.408232 0.156989
vt 0.907597 0.645114
vt 1.000000 0.721207
vt 1.000000 0.983966
vt 0.989766 0.989766
vt 0.641672 0.641672
vt 0.645932 0.635044
vt 0.670292 0.624527
vt 0.693974 0.527641
vt 0.666017 0.500144
vt 0.617446 0.452638
vt 0.590477 0.426149
vt 0.328260 0.169835
vt 0.183863 0.000000
vt 0.274757 0.000000
vt 0.697938 0.417346
vt 1.000000 0.445689
vt 1.000000 0.497056
vt 0.754628 0.474032
vt 0.281283 0.194082
vt 0.287756 0.152139
vt 0.281283 0.110197
vt 0.265398 0.079325
vt 0.278282 0.104365
vt 0.295232 0.105665
vt 0.302404 0.152139
vt 0.295517 0.174854
vt 0.866410 0.301289
vt 0.866410 0.273299
vt 0.883103 0.263662
vt 0.907882 0.297028
vt 0.911039 0.301289
vt 0.355766 0.591594
vt 0.313823 0.591594
vt 0.313823 0.540285
vt 0.355766 0.516761
vt 0.819935 0.230022
vt 0.819935 0.247839
vt 0.819935 0.265655
vt 0.819935 0.301289
vt 0.786994 0.301289
vt 0.789671 0.289799
vt 0.807118 0.215590
vt 0.819935 0.222256
vt 0.367827 0.511375
vt 0.383343 0.577449
vt 0.386638 0.591594
vt 0.844361 0.260569
vt 0.842156 0.247839
vt 0.841959 0.234609
vt 0.271881 0.591209
vt 0.277881 0.583113
vt 0.306404 0.544706
vt 0.844228 0.235879
vt 0.866713 0.266028
vt 0.879055 0.258172
vt 0.882030 0.262211
vt 0.883103 0.263662
vt 0.850665 0.256490
vt 0.848147 0.248187
vt 0.848308 0.238167
vt 0.850301 0.239711
vt 0.815640 0.609893
vt 0.815302 0.629217
vt 0.814410 0.609761
vt 0.556842 0.594340
vt 0.577962 0.595670
vt 0.574934 0.604469
vt 0.554436 0.602196
vt 0.652320 0.809290
vt 0.649286 0.799751
vt 0.670097 0.798504
vt 0.673441 0.807960
vt 0.649607 0.791448
vt 0.669658 0.790230
vt 0.649239 0.782973
vt 0.668633 0.781835
vt 0.814409 0.608949
vt 0.815632 0.604425
vt 0.578094 0.605738
vt 0.574934 0.604469
vt 0.593764 0.601602
vt 0.590123 0.605938
vt 0.586349 0.608154
vt 0.583861 0.607561
vt 0.687527 0.792245
vt 0.687899 0.794822
vt 0.689242 0.802028
vt 0.683644 0.785004
vt 0.684623 0.788629
vt 0.687526 0.792245
vt 0.675822 0.779499
vt 0.679346 0.779041
vt 0.674101 0.779748
s 0
usemtl lambert2SG
f 756/867/460 757/868/460 745/869/460 759/870/460 758/871/460 760/872/460 761/873/460 762/874/460 755/875/460
f 759/876/461 745/877/461 746/878/461 763/879/461
f 748/880/462 742/881/462 743/882/462 751/883/462 752/884/462 754/885/462 765/886/462 750/887/462
f 766/888/463 767/889/463 782/890/463 783/891/463
f 765/892/464 754/893/464 768/894/464
f 769/895/465 770/896/465 757/897/465 756/898/465 765/899/465 768/900/465 771/901/465 735/902/465 785/903/465 774/904/465 775/905/465 776/906/465 777/907/465 766/908/465 783/909/465
f 778/910/466 782/911/466 767/912/466 780/913/466
s 1
f 747/914/467 692/915/467 787/916/467 779/917/467 781/918/467 695/919/467 693/920/467 764/921/467
f 788/922/468 697/923/469 718/924/470 719/925/471 725/926/471
f 691/927/472 789/928/473 731/929/474 730/930/475
f 694/931/476 699/932/477 696/933/478 784/934/479 741/935/480 727/936/480 739/937/480 732/938/481
f 738/939/482 726/940/482 740/941/482 691/927/472 730/930/475
f 696/933/478 698/942/483 697/923/469 788/922/468 784/934/479
f 699/932/477 700/943/484 698/942/483 696/933/478
f 694/931/476 732/938/481 736/944/485
f 731/929/474 789/928/473 690/945/486 717/946/486 716/947/486
f 737/948/487 700/943/484 699/932/477 694/931/476 736/944/485
f 697/923/469 702/949/488 721/950/489 720/951/490 718/952/470
f 697/923/469 698/942/483 703/953/491 702/949/488
f 698/942/483 700/943/484 704/954/492 703/953/491
f 704/954/492 700/943/484 737/948/487 733/955/493 786/956/494
f 790/957/495 701/958/496 773/959/497
f 702/960/488 791/961/498 724/962/499 721/963/489
f 702/964/488 703/965/491 792/966/500 706/967/501
f 703/965/491 704/968/492 793/969/502 707/966/503
f 704/968/492 786/970/494 705/971/504 708/969/505
f 773/972/497 772/973/506 790/957/495
f 722/974/507 724/975/499 791/961/498 749/976/507 715/977/507 729/978/507 723/979/507
f 706/967/501 792/966/500 744/980/508 709/981/508 714/982/508
f 707/966/503 793/969/502 753/983/509 712/984/509 710/985/509
f 728/986/510 713/987/510 711/983/510 708/969/505 705/971/504 734/988/510
o OrangeMug_cell.006
v 0.127448 0.517290 -0.379254
v -0.003417 0.517290 -0.445279
v 0.230682 0.517290 -0.275198
v 0.012217 0.517290 -0.493396
v 0.157222 0.517290 -0.420235
v 0.271610 0.517290 -0.304935
v 0.345920 0.271144 -0.160515
v 0.345920 0.517290 -0.160515
v 0.345920 0.394217 -0.160515
v 0.358940 0.376648 -0.076153
v 0.358938 0.332682 -0.083768
v 0.345920 0.332681 -0.160515
v 0.362234 0.360754 -0.055635
v 0.363505 0.331479 -0.063076
v 0.434076 0.356778 -0.055566
v 0.127448 -0.013332 -0.379254
v 0.157222 -0.050159 -0.420235
v 0.091604 -0.035298 -0.397338
v 0.111759 -0.078021 -0.443173
v 0.230682 0.101043 -0.275198
v 0.297744 0.237042 -0.144862
v 0.271610 0.076574 -0.304935
v 0.356603 0.296599 -0.091283
v 0.354456 0.282665 -0.105198
v 0.345920 0.227269 -0.160515
v 0.363315 0.326582 -0.061591
v 0.400640 0.329450 -0.063103
v 0.362520 0.322255 -0.065897
v 0.358938 0.308398 -0.079562
v 0.467970 0.344748 -0.055534
v 0.464107 0.349986 -0.049751
v 0.433055 0.335102 -0.061201
v 0.315796 0.354190 -0.027880
v 0.049559 -0.060811 -0.418551
v 0.091602 -0.090253 -0.453343
v -0.003417 0.003110 -0.445279
v -0.042153 0.044813 -0.451572
v -0.030406 0.051420 -0.500321
v 0.012217 0.005533 -0.493396
v -0.042332 0.315540 -0.451601
v -0.030648 0.419151 -0.500360
v 0.361476 0.386136 -0.059718
v 0.362592 0.381589 -0.056473
v 0.364160 0.367044 -0.045754
v 0.441467 0.357034 -0.051250
v 0.297744 0.513164 -0.144862
v 0.307111 0.517290 -0.149558
v -0.042214 0.517290 -0.451582
v -0.030591 0.517290 -0.500351
v 0.296261 0.517290 -0.147744
v 0.400640 0.329450 -0.063103
v 0.400640 0.329450 -0.063103
v 0.433055 0.335102 -0.061201
v 0.467970 0.344748 -0.055534
v 0.467970 0.344748 -0.055534
v 0.464107 0.349986 -0.049751
v 0.361476 0.386136 -0.059718
v 0.345920 0.517290 -0.160515
v 0.345920 0.517290 -0.160515
v 0.297744 0.237042 -0.144862
v 0.315796 0.354190 -0.027880
v 0.230682 0.101043 -0.275198
v 0.127448 -0.013332 -0.379254
v 0.091604 -0.035298 -0.397338
v 0.157222 -0.050159 -0.420235
v 0.111759 -0.078021 -0.443173
v 0.271610 0.076574 -0.304935
v 0.345920 0.227269 -0.160515
v 0.354456 0.282665 -0.105198
v 0.356603 0.296599 -0.091283
v 0.358938 0.308398 -0.079562
v 0.362520 0.322255 -0.065897
v 0.363315 0.326582 -0.061591
v 0.091602 -0.090253 -0.453343
v 0.049559 -0.060811 -0.418551
v 0.012217 0.005533 -0.493396
v -0.003417 0.003110 -0.445279
v -0.042153 0.044813 -0.451572
v -0.030406 0.051420 -0.500321
v -0.042332 0.315540 -0.451601
v -0.030648 0.419151 -0.500360
v 0.297744 0.513164 -0.144862
v 0.296261 0.517290 -0.147744
v 0.296261 0.517290 -0.147744
v 0.307111 0.517290 -0.149558
v 0.441467 0.357034 -0.051250
v 0.362592 0.381589 -0.056473
v 0.364160 0.367044 -0.045754
v 0.434076 0.356778 -0.055566
v 0.434076 0.356778 -0.055566
v 0.434076 0.356778 -0.055566
v -0.042214 0.517290 -0.451582
v -0.042214 0.517290 -0.451582
v -0.030591 0.517290 -0.500351
v -0.030591 0.517290 -0.500351
v 0.012217 0.517290 -0.493396
v 0.157222 0.517290 -0.420235
v 0.271610 0.517290 -0.304935
v -0.003417 0.517290 -0.445279
v 0.127448 0.517290 -0.379254
v 0.230682 0.517290 -0.275198
vn 0.0829 -0.7105 0.6988
vn 0.0795 -0.7115 0.6982
vn -0.6882 -0.6782 -0.2578
vn -0.9721 -0.0007 -0.2344
vn -0.9728 0.0006 -0.2318
vn 0.3090 -0.0000 -0.9511
vn 0.3842 -0.0000 -0.9233
vn 0.1604 -0.0000 -0.9871
vn 0.5878 -0.0000 -0.8090
vn 0.5354 -0.0000 -0.8446
vn 0.4505 -0.0000 -0.8928
vn 0.1583 0.6138 0.7734
vn 0.9234 -0.0000 -0.3837
vn 0.9507 -0.0025 -0.3102
vn 0.9875 -0.0092 -0.1572
vn -0.9883 -0.0000 0.1525
vn -0.9173 -0.0000 0.3982
vn -0.9234 -0.0000 0.3837
vn -0.5878 -0.0000 0.8090
vn -0.5354 -0.0000 0.8446
vn -0.7652 -0.0000 0.6438
vn -0.8090 -0.0000 0.5878
vn -0.3841 -0.0000 0.9233
vn -0.3090 -0.0000 0.9511
vn -0.1604 -0.0000 0.9871
vn 0.9286 -0.0000 -0.3712
vn 0.9858 -0.0037 -0.1678
vn 0.9868 0.0105 -0.1617
vn 0.9507 0.0025 -0.3102
vn 0.8090 -0.0000 -0.5878
vn 0.9501 -0.0000 -0.3118
vn 0.7652 -0.0000 -0.6438
vn -0.8892 -0.0000 0.4575
vn -0.0000 1.0000 -0.0000
vn -0.4504 -0.0000 0.8928
vn 0.9851 0.0036 -0.1720
vn 0.9844 -0.0198 -0.1750
vn 0.9873 -0.0113 -0.1582
vn 0.7635 0.3219 -0.5599
vn 0.9835 -0.0069 -0.1808
vn 0.6727 0.5602 -0.4834
vn 0.6857 -0.0040 -0.7278
vn 0.7249 -0.1821 -0.6644
vn 0.9763 -0.0392 -0.2128
vn -0.0165 -0.2896 -0.9570
vn 0.0474 0.2480 -0.9676
vn 0.0442 0.2481 -0.9677
vn 0.0139 0.2488 -0.9685
vn 0.0469 0.8385 -0.5429
vn 0.0885 0.2467 -0.9650
vn 0.2835 0.7974 -0.5327
vt 0.085301 0.033061
vt 0.015368 0.010754
vt 0.017834 0.000000
vt 0.277129 0.000000
vt 0.407050 0.246762
vt 0.639575 0.535971
vt 0.918121 0.781981
vt 1.000000 0.830180
vt 1.000000 0.918582
vt 0.896147 0.857447
vt 0.587505 0.584855
vt 0.329851 0.264393
vt 0.268415 0.147707
vt 0.252962 0.118355
vt 0.238961 0.093471
vt 0.221030 0.064197
vt 0.216003 0.055075
vt 0.147465 0.046841
vt 0.918582 0.918582
vt 0.830180 0.830180
vt 1.000000 0.606539
vt 1.000000 0.811362
vt 0.811362 0.811362
vt 0.606539 0.606539
vt 0.591915 0.244958
vt 0.535507 0.000000
vt 0.727386 0.000000
vt 0.789453 0.269534
vt 0.727386 0.727386
vt 0.535507 0.535507
vt 0.534889 0.000000
vt 0.726545 0.000000
vt 0.898303 0.091898
vt 1.000000 0.273455
vt 1.000000 0.465111
vt 0.790935 0.091874
vt 0.696352 0.001744
vt 0.696352 0.149915
vt 0.684011 0.136629
vt 0.683941 0.030158
vt 0.683958 0.001744
vt 0.738336 0.001744
vt 0.738336 0.166039
vt 0.725173 0.174106
vt 0.719337 0.177648
vt 0.696352 0.149915
vt 0.372011 0.000000
vt 0.373231 0.031886
vt 1.000000 0.722871
vt 1.000000 0.982166
vt 0.970924 0.909104
vt 0.962115 0.887475
vt 0.935438 0.733089
vt 0.869627 0.654570
vt 0.849132 0.629020
vt 0.309988 0.109861
vt 0.357741 0.000000
vt 0.912884 0.217319
vt 0.912884 0.230022
vt 0.896868 0.233358
vt 0.305751 0.544371
vt 0.271881 0.590400
vt 0.271881 0.510453
vt 0.204017 0.591594
vt 0.204017 0.437962
vt 0.234145 0.471077
vt 0.234145 0.591594
vt 0.551434 0.441476
vt 0.551434 0.590348
vt 0.540201 0.590348
vt 0.540167 0.531935
vt 0.540219 0.453551
vt 0.911644 0.301289
vt 0.883701 0.263316
vt 0.888459 0.260569
vt 0.912884 0.265655
vt 0.954698 0.301289
vt 0.912884 0.301289
vt 0.912884 0.247839
vt 0.954698 0.173688
vt 0.234145 0.471077
vt 0.271881 0.510453
vt 0.271881 0.590400
vt 0.271046 0.591594
vt 0.231977 0.261946
vt 0.261866 0.231818
vt 0.280854 0.194917
vt 0.283995 0.194963
vt 0.295232 0.198614
vt 0.273717 0.240428
vt 0.240598 0.273811
vt 0.198614 0.294994
vt 0.186220 0.282341
vt 0.182855 0.282888
vt 0.194088 0.281063
vt 0.566772 0.422969
vt 0.578946 0.430356
vt 0.589324 0.436716
vt 0.589324 0.590348
vt 0.890664 0.247839
vt 0.988082 0.136994
vt 0.988082 0.301289
vt 0.954698 0.173688
vt 0.889446 0.240808
vt 0.892839 0.237382
vt 0.882518 0.255967
vt 0.883701 0.263316
vt 0.882755 0.262027
vt 0.879657 0.257788
vt 0.884673 0.247491
vt 0.884243 0.246073
vt 0.885496 0.244840
vt 0.564881 0.613465
vt 0.554074 0.614295
vt 0.554129 0.612877
vt 0.553761 0.604401
vt 0.574561 0.605552
vt 0.574266 0.611828
vt 0.554319 0.602580
vt 0.584374 0.609035
vt 0.574266 0.611828
vt 0.576803 0.605670
vt 0.583389 0.607768
vt 0.574798 0.604862
s 0
usemtl lambert2SG
f 846/989/511 847/990/511 849/991/511 854/992/511 853/993/511 855/994/511 856/995/511 857/996/511 859/997/511 858/998/511 860/999/511 861/1000/511 862/1001/511 863/1002/511 864/1003/511 865/1004/511 866/1005/511 844/1006/511
f 859/1007/512 857/1008/512 868/1009/512 867/1010/512
f 867/1011/513 868/1012/513 870/1013/513 871/1014/513 872/1015/513 869/1016/513
f 872/1017/514 871/1018/514 873/1019/514 874/1020/514
f 887/1021/515 874/1022/515 873/1023/515 885/1024/515
s 1
f 889/1025/516 832/1026/517 831/1027/518 834/1028/518 888/1029/518
f 889/1025/516 890/1030/519 810/1031/520 812/1032/521 828/1033/521 832/1034/517
s 0
f 876/1035/522 875/1036/522 854/1037/522 849/1038/522 879/1039/522 882/1040/522 881/1041/522 880/1042/522 850/1043/522 851/1044/522 878/1045/522
s 1
f 818/1046/523 800/1047/524 817/1048/525
f 826/1049/526 839/1050/527 814/1051/528
f 794/1052/529 809/1053/530 813/1054/531 894/1055/532
f 829/1056/533 892/1057/534 886/1058/535 833/1059/535 830/1060/535
f 852/1061/536 835/1062/537 803/1063/538 802/1064/539
f 799/1065/540 852/1066/536 802/1064/539 805/1067/541 800/1047/524 818/1046/523 815/1068/542
f 894/1055/532 813/1069/531 814/1070/528 839/1071/527 877/1072/543
f 893/1073/544 796/1074/544 843/1075/544 840/1076/544 801/1077/544 891/1078/544 798/1079/544 797/1080/544 842/1081/544 841/1082/544 795/1083/544
f 827/1084/545 811/1085/545 809/1086/530 794/1087/529 892/1057/534 829/1056/533
f 803/1063/538 804/1088/546 805/1067/541 802/1064/539
f 810/1089/520 890/1090/519 799/1065/540 815/1091/542
f 817/1048/525 800/1047/524 805/1067/541 804/1088/546 822/1092/547 816/1093/548
f 806/1094/549 803/1063/538 835/1095/537 836/1096/550 837/1097/551
f 804/1088/546 803/1063/538 806/1094/549 807/1098/552
f 822/1092/547 804/1088/546 807/1098/552 819/1099/553 821/1100/554
f 845/1101/555 819/1102/553 807/1103/552
f 807/1103/552 806/1104/549 883/1105/556 825/1106/557 820/1101/558
f 808/1105/559 806/1104/549 837/1107/551
f 848/1108/560 825/1109/557 883/1105/556
f 838/1110/561 824/1111/561 823/1108/561 884/1112/561
o OrangeMug_cell.007
v -0.593938 0.517290 -0.144862
v -0.423642 0.517290 -0.379254
v -0.148096 0.517290 -0.468784
v -0.526875 0.517290 -0.275198
v -0.292778 0.517290 -0.445279
v -0.616293 0.517290 0.000001
v -0.642115 0.517290 -0.160515
v -0.567804 0.517290 -0.304935
v -0.453416 0.517290 -0.420235
v -0.308411 0.517290 -0.493396
v -0.148096 0.517290 -0.519441
v -0.666885 0.517290 0.000001
v -0.043591 0.517290 -0.451806
v -0.031933 0.517290 -0.500569
v -0.642115 0.346972 0.160517
v -0.578317 -0.114245 0.175223
v -0.626168 -0.124941 0.191510
v -0.593938 0.348034 0.144863
v -0.644035 0.517290 0.148071
v -0.598564 0.517290 0.133346
v -0.045932 0.044668 -0.452186
v -0.033387 0.051489 -0.500805
v -0.645098 -0.124083 0.141187
v -0.642115 -0.125266 0.160517
v -0.583605 -0.114453 0.164945
v -0.593938 -0.114609 0.144863
v -0.629633 -0.125077 0.184775
v -0.602009 -0.111406 0.092562
v -0.110058 0.033322 -0.462604
v -0.070818 0.044866 -0.506886
v -0.666885 -0.115166 0.000001
v -0.616293 -0.105561 0.000001
v -0.642115 -0.095623 -0.160515
v -0.567804 -0.068163 -0.304935
v -0.526876 -0.063141 -0.275198
v -0.593938 -0.087923 -0.144862
v -0.453416 -0.035785 -0.420235
v -0.423642 -0.033921 -0.379254
v -0.292778 -0.002971 -0.445279
v -0.308411 -0.001491 -0.493396
v -0.148098 0.031354 -0.519441
v -0.148098 0.026671 -0.468784
v -0.593938 0.348034 0.144863
v -0.598564 0.517290 0.133346
v -0.598564 0.517290 0.133346
v -0.043591 0.517290 -0.451806
v -0.043591 0.517290 -0.451806
v -0.031933 0.517290 -0.500569
v -0.031933 0.517290 -0.500569
v -0.616293 0.517290 0.000001
v -0.642115 0.346972 0.160517
v -0.644035 0.517290 0.148071
v -0.644035 0.517290 0.148071
v -0.626168 -0.124941 0.191510
v -0.578317 -0.114245 0.175223
v -0.033387 0.051489 -0.500805
v -0.045932 0.044668 -0.452186
v -0.642115 -0.125266 0.160517
v -0.629633 -0.125077 0.184775
v -0.645098 -0.124083 0.141187
v -0.593938 -0.114609 0.144863
v -0.602009 -0.111406 0.092562
v -0.583605 -0.114453 0.164945
v -0.070818 0.044866 -0.506886
v -0.110058 0.033322 -0.462604
v -0.666885 -0.115166 0.000001
v -0.642115 -0.095623 -0.160515
v -0.567804 -0.068163 -0.304935
v -0.453416 -0.035785 -0.420235
v -0.308411 -0.001491 -0.493396
v -0.148098 0.031354 -0.519441
v -0.148098 0.026671 -0.468784
v -0.292778 -0.002971 -0.445279
v -0.423642 -0.033921 -0.379254
v -0.526876 -0.063141 -0.275198
v -0.593938 -0.087923 -0.144862
v -0.616293 -0.105561 0.000001
v -0.642115 0.517290 -0.160515
v -0.567804 0.517290 -0.304935
v -0.453416 0.517290 -0.420235
v -0.308411 0.517290 -0.493396
v -0.148096 0.517290 -0.519441
v -0.593938 0.517290 -0.144862
v -0.526875 0.517290 -0.275198
v -0.423642 0.517290 -0.379254
v -0.292778 0.517290 -0.445279
v -0.148096 0.517290 -0.468784
v -0.666885 0.517290 0.000001
vn 0.9705 -0.0041 0.2409
vn 0.1875 -0.9782 -0.0889
vn 0.1858 -0.9784 -0.0905
vn 0.1918 -0.9783 -0.0789
vn -0.0000 -0.0000 -1.0000
vn 0.1604 -0.0000 -0.9871
vn -0.0190 -0.0000 -0.9998
vn 0.0190 -0.0000 0.9998
vn -0.0000 -0.0000 1.0000
vn 0.3090 -0.0000 0.9511
vn 0.3279 -0.0000 0.9447
vn -0.8090 -0.0000 -0.5878
vn -0.5878 -0.0000 -0.8090
vn -0.6047 -0.0000 -0.7965
vn -0.8195 -0.0000 -0.5731
vn 0.8195 -0.0000 0.5731
vn 0.8090 -0.0000 0.5878
vn 0.9511 -0.0000 0.3090
vn 0.9556 -0.0000 0.2946
vn -0.3279 -0.0000 -0.9447
vn -0.3090 -0.0000 -0.9511
vn 0.5878 -0.0000 0.8090
vn 0.6046 -0.0000 0.7965
vn 0.3068 0.0727 0.9490
vn 0.9506 0.0011 -0.3105
vn 0.9875 0.0022 -0.1573
vn 0.8892 -0.0000 -0.4575
vn 1.0000 0.0011 0.0013
vn 1.0000 0.0012 -0.0077
vn 0.9887 0.0023 -0.1499
vn -0.0000 1.0000 -0.0000
vn -0.9511 -0.0000 -0.3090
vn -0.9556 -0.0000 -0.2946
vn -0.1604 -0.0000 0.9871
vn -0.9871 -0.0000 0.1599
vn -0.9883 -0.0000 0.1525
vn -1.0000 -0.0000 -0.0000
vn -1.0000 -0.0000 0.0091
vn -0.9502 -0.0000 0.3117
vn -0.8892 -0.0000 0.4575
vt 0.902830 0.852590
vt 0.796826 0.793216
vt 0.541186 0.000000
vt 0.732187 0.000000
vt 0.843569 0.000000
vt 0.941835 0.060567
vt 1.000000 0.102699
vt 1.000000 0.164138
vt 0.842621 0.050141
vt 0.761271 0.000000
vt 0.876163 0.876163
vt 0.787844 0.787844
vt 1.000000 0.865597
vt 1.000000 0.921548
vt 0.164138 0.164138
vt 0.102699 0.102699
vt 0.280958 0.071607
vt 0.483668 0.106904
vt 0.666097 0.212852
vt 0.811791 0.375957
vt 0.904302 0.582730
vt 0.937333 0.811341
vt 0.921548 0.921548
vt 0.865597 0.865597
vt 0.873367 0.811349
vt 0.843558 0.605031
vt 0.760070 0.418423
vt 0.628584 0.271223
vt 0.463945 0.175610
vt 0.281003 0.143753
vt 0.843569 0.843569
vt 0.761271 0.761271
vt 1.000000 0.711263
vt 1.000000 0.810800
vt 0.649936 0.001744
vt 0.683569 0.001744
vt 0.683148 0.136609
vt 0.672311 0.138527
vt 0.649936 0.142439
vt 0.509545 0.448298
vt 0.509545 0.590348
vt 0.467655 0.590348
vt 0.467655 0.439716
vt 0.343505 0.301289
vt 0.310121 0.301289
vt 0.310121 0.141156
vt 0.343505 0.131782
vt 0.784945 0.422294
vt 0.784945 0.590348
vt 0.747208 0.590348
vt 0.747208 0.415119
vt 0.603520 0.151948
vt 0.603520 0.001744
vt 0.649936 0.142439
vt 0.429766 0.590348
vt 0.429765 0.430755
vt 1.000000 0.790113
vt 0.952495 0.863576
vt 0.823382 0.667416
vt 0.189200 0.000000
vt 0.288737 0.000000
vt 0.909972 0.653790
vt 0.815073 0.430755
vt 0.815073 0.590348
vt 0.663324 0.407393
vt 0.663324 0.541343
vt 0.654534 0.407498
vt 0.657510 0.407438
vt 0.705266 0.590348
vt 0.705266 0.410013
vt 0.747208 0.415119
vt 0.666889 0.590016
vt 0.663324 0.541343
vt 0.663324 0.407393
vt 0.678467 0.408320
vt 0.705266 0.410012
vt 0.110308 0.281063
vt 0.152198 0.302534
vt 0.182456 0.282953
vt 0.185832 0.282404
vt 0.152198 0.287868
vt 0.105782 0.278779
vt 0.063798 0.253257
vt 0.030679 0.208788
vt 0.009164 0.198614
vt 0.001992 0.152139
vt 0.008608 0.129382
vt 0.022558 0.110017
vt 0.016640 0.152139
vt 0.023112 0.194082
vt 0.042529 0.231818
vt 0.072419 0.261946
vt 0.385319 0.301289
vt 0.385319 0.123831
vt 0.539765 0.453663
vt 0.539802 0.590348
vt 0.520559 0.450224
vt 0.561536 0.161878
vt 0.561536 0.001744
vt 0.603520 0.151948
vt 0.478268 0.251976
vt 0.474665 0.301289
vt 0.431794 0.301289
vt 0.431794 0.118172
vt 0.472671 0.115591
vt 0.478268 0.115248
vt 0.385319 0.123831
vt 0.431794 0.118172
vt 0.478268 0.115248
vt 0.485292 0.115303
vt 0.487241 0.115342
s 0
usemtl lambert2SG
f 942/1113/562 940/1114/562 951/1115/562 950/1116/562
f 953/1117/563 952/1118/563 954/1119/563 956/1120/563 955/1121/563 957/1122/563
f 950/1123/563 951/1124/563 959/1125/563 958/1126/563
f 956/1127/564 954/1128/564 960/1129/564 961/1130/564 962/1131/564 963/1132/564 964/1133/564 965/1134/564 958/1135/564 959/1136/564 966/1137/564 967/1138/564 968/1139/564 969/1140/564 970/1141/564 971/1142/564
f 953/1143/565 957/1144/565 949/1145/565 948/1146/565
s 1
f 976/1147/566 943/1148/567 916/1149/567 924/1150/567 935/1151/568
f 936/1152/569 981/1153/570 980/1154/571 933/1155/572
f 902/1156/573 974/1157/574 931/1158/575 928/1159/576
f 929/1160/577 978/1161/578 977/1162/579 930/1163/580
f 934/1164/581 904/1165/582 976/1147/566 935/1166/568
f 933/1155/572 980/1154/571 979/1167/583 932/1168/584
s 0
f 938/1169/585 946/1170/585 945/1171/585 948/1172/585 949/1173/585 937/1174/585
s 1
f 932/1175/584 979/1176/583 978/1161/578 929/1160/577
f 920/1177/586 912/1178/587 910/1179/588 919/1180/588
f 977/1162/579 944/1181/589 926/1182/590 930/1183/580
f 944/1181/589 939/1184/591 912/1185/587 920/1186/586 922/1187/591 926/1188/590
f 899/1189/592 897/1190/592 941/1191/592 908/1192/592 905/1193/592 975/1194/592 903/1195/592 973/1196/592 972/1197/592 982/1198/592 947/1199/592 914/1200/592 900/1201/592 895/1202/592 898/1203/592 896/1204/592
f 901/1205/593 902/1156/573 928/1159/576 927/1206/594
f 915/1207/595 907/1208/595 981/1153/570 936/1152/569 923/1209/595
f 931/1210/575 974/1211/574 904/1165/582 934/1212/581
f 909/1213/596 913/1214/597 906/1215/598 925/1216/599 917/1217/597 918/1218/600
f 906/1215/598 901/1205/593 927/1219/594 925/1220/599
f 909/1213/596 918/1221/600 921/1222/601 911/1223/601
o OrangeMug_cell.008
v 0.370690 0.244746 0.000001
v 0.358938 0.288714 0.076155
v 0.358938 0.288714 -0.076153
v 0.372876 0.269858 0.001048
v 0.362395 0.302802 -0.054380
v 0.435075 0.266119 0.000857
v 0.429337 0.299180 -0.054536
v 0.432706 0.327698 -0.063126
v 0.080326 -0.099719 -0.403028
v 0.092835 -0.091302 -0.452721
v 0.106601 -0.109004 -0.445775
v 0.050905 -0.061886 -0.417872
v 0.101629 -0.126999 -0.392280
v 0.326171 0.115227 0.198898
v 0.281205 0.078683 0.177008
v 0.323577 0.207332 0.203940
v 0.277300 0.217329 0.184598
v 0.315978 0.353317 -0.026700
v 0.354837 0.283178 -0.102732
v 0.354111 0.278473 -0.107437
v 0.362208 0.319330 -0.066791
v 0.363255 0.325022 -0.061118
v 0.412531 0.328800 -0.063111
v 0.358938 0.306697 -0.079268
v 0.356803 0.295923 -0.089986
v 0.467916 0.349194 -0.048909
v 0.127448 -0.015052 -0.379254
v 0.230682 0.099220 -0.275198
v 0.157222 -0.051904 -0.420235
v 0.345920 0.225331 -0.160515
v 0.297744 0.235148 -0.144862
v 0.271610 0.074714 -0.304935
v 0.472360 0.343190 -0.055530
v 0.127448 -0.118870 -0.379254
v 0.157222 -0.101757 -0.420235
v 0.105220 -0.131479 -0.390469
v 0.118249 -0.123864 -0.439898
v 0.294162 -0.024442 -0.261106
v 0.271610 -0.037104 -0.304935
v 0.251659 -0.048743 -0.234429
v 0.230682 -0.060521 -0.275198
v 0.294880 0.078444 0.150430
v 0.341839 0.114954 0.168449
v 0.349522 0.109434 0.137180
v 0.345920 0.114937 0.160517
v 0.297744 0.078432 0.144864
v 0.303955 0.068942 0.104616
v 0.323242 0.219425 0.204592
v 0.276795 0.235532 0.185578
v 0.290739 0.249616 0.158478
v 0.338928 0.235268 0.174106
v 0.297744 0.256667 0.144864
v 0.320099 0.337501 0.000001
v 0.345920 0.242306 0.160517
v 0.429869 0.296836 0.049478
v 0.359431 0.291090 0.073088
v 0.362855 0.302580 0.052449
v 0.456018 0.290449 0.055526
v 0.473954 0.347840 -0.047722
v 0.465199 0.286944 0.055513
v 0.461541 0.263602 0.017183
v 0.460133 0.254654 0.000738
v 0.462855 0.273592 -0.031486
v 0.468863 0.314371 -0.063155
v 0.464606 0.285834 -0.054640
v 0.292392 -0.025574 -0.155264
v 0.342599 0.003110 -0.166970
v 0.297744 -0.018616 -0.144862
v 0.320099 0.044401 0.000001
v 0.370690 0.077253 0.000001
v 0.345920 0.007428 -0.160515
v 0.092835 -0.091302 -0.452721
v 0.106601 -0.109004 -0.445775
v 0.080326 -0.099719 -0.403028
v 0.050905 -0.061886 -0.417872
v 0.101629 -0.126999 -0.392280
v 0.432706 0.327698 -0.063126
v 0.432706 0.327698 -0.063126
v 0.472360 0.343190 -0.055530
v 0.472360 0.343190 -0.055530
v 0.472360 0.343190 -0.055530
v 0.345920 0.225331 -0.160515
v 0.271610 0.074714 -0.304935
v 0.281205 0.078683 0.177008
v 0.277300 0.217329 0.184598
v 0.326171 0.115227 0.198898
v 0.323577 0.207332 0.203940
v 0.429869 0.296836 0.049478
v 0.456018 0.290449 0.055526
v 0.315978 0.353317 -0.026700
v 0.297744 0.235148 -0.144862
v 0.467916 0.349194 -0.048909
v 0.363255 0.325022 -0.061118
v 0.412531 0.328800 -0.063111
v 0.362208 0.319330 -0.066791
v 0.358938 0.306697 -0.079268
v 0.356803 0.295923 -0.089986
v 0.354837 0.283178 -0.102732
v 0.354111 0.278473 -0.107437
v 0.118249 -0.123864 -0.439898
v 0.157222 -0.051904 -0.420235
v 0.127448 -0.015052 -0.379254
v 0.230682 0.099220 -0.275198
v 0.157222 -0.101757 -0.420235
v 0.271610 -0.037104 -0.304935
v 0.294162 -0.024442 -0.261106
v 0.251659 -0.048743 -0.234429
v 0.230682 -0.060521 -0.275198
v 0.127448 -0.118870 -0.379254
v 0.105220 -0.131479 -0.390469
v 0.341839 0.114954 0.168449
v 0.294880 0.078444 0.150430
v 0.349522 0.109434 0.137180
v 0.345920 0.114937 0.160517
v 0.297744 0.078432 0.144864
v 0.303955 0.068942 0.104616
v 0.276795 0.235532 0.185578
v 0.323242 0.219425 0.204592
v 0.290739 0.249616 0.158478
v 0.338928 0.235268 0.174106
v 0.473954 0.347840 -0.047722
v 0.320099 0.337501 0.000001
v 0.345920 0.242306 0.160517
v 0.358938 0.288714 0.076155
v 0.297744 0.256667 0.144864
v 0.359431 0.291090 0.073088
v 0.362855 0.302580 0.052449
v 0.465199 0.286944 0.055513
v 0.461541 0.263602 0.017183
v 0.460133 0.254654 0.000738
v 0.460133 0.254654 0.000738
v 0.462855 0.273592 -0.031486
v 0.464606 0.285834 -0.054640
v 0.464606 0.285834 -0.054640
v 0.468863 0.314371 -0.063155
v 0.468863 0.314371 -0.063155
v 0.342599 0.003110 -0.166970
v 0.292392 -0.025574 -0.155264
v 0.297744 -0.018616 -0.144862
v 0.345920 0.007428 -0.160515
v 0.370690 0.077253 0.000001
v 0.320099 0.044401 0.000001
v 0.435075 0.266119 0.000857
v 0.429337 0.299180 -0.054536
vn -0.6984 -0.6557 -0.2869
vn -0.6969 -0.6577 -0.2860
vn -0.0819 0.7094 -0.7000
vn 0.4947 -0.8691 -0.0035
vn -0.6886 -0.6671 -0.2843
vn 0.5218 -0.8073 0.2757
vn 0.5238 -0.8075 0.2712
vn -0.3960 -0.0603 0.9163
vn 0.0955 0.8623 0.4973
vn 0.1028 0.8617 0.4968
vn 0.9890 -0.1475 -0.0064
vn 0.4959 -0.8684 -0.0010
vn 0.5243 -0.8075 0.2703
vn 0.8892 -0.0000 0.4575
vn 0.9544 -0.0000 0.2984
vn 0.9645 -0.0000 0.2640
vn -0.3962 -0.0613 0.9161
vn 0.9883 -0.0000 0.1525
vn 0.9996 -0.0000 -0.0295
vn 0.9999 -0.0128 -0.0013
vn 0.9859 -0.0147 0.1667
vn 0.7912 -0.0000 -0.6116
vn 0.8467 -0.0000 -0.5320
vn 0.9723 -0.0000 -0.2339
vn 0.9356 -0.0000 -0.3531
vn 0.8892 -0.0000 -0.4575
vn 0.5528 -0.0000 -0.8333
vn 0.6330 -0.0000 -0.7742
vn 0.4505 -0.0000 -0.8928
vn -0.8892 -0.0000 -0.4575
vn -0.9646 -0.0000 -0.2637
vn -0.9544 -0.0000 -0.2984
vn 0.9873 -0.0208 -0.1578
vn 0.9883 -0.0000 -0.1525
vn 0.9881 -0.0024 -0.1537
vn -0.9883 -0.0000 -0.1525
vn -0.9987 -0.0000 0.0503
vn -0.9996 -0.0000 0.0295
vn -0.9722 -0.0000 0.2339
vn -0.8467 -0.0000 0.5320
vn -0.7912 -0.0000 0.6116
vn -0.8892 -0.0000 0.4575
vn -0.9356 -0.0000 0.3531
vn -0.6330 -0.0000 0.7742
vn -0.5528 -0.0000 0.8333
vn -0.4504 -0.0000 0.8928
vn -0.9883 -0.0000 0.1525
vn 0.9881 -0.0475 -0.1463
vn 0.9871 -0.0133 -0.1592
vn 0.9805 -0.0414 0.1923
vn 0.7788 -0.6271 0.0162
vn 0.7702 -0.4712 0.4298
vn 0.7406 -0.3628 -0.5655
vn 0.4871 -0.2609 -0.8335
vn 0.9881 -0.0625 -0.1405
vn -0.2173 -0.8308 0.5124
vn -0.1890 -0.8352 0.5164
vn -0.1731 -0.8514 -0.4951
vn -0.2080 -0.8461 -0.4907
vn -0.0172 -0.2879 -0.9575
vn -0.0580 -0.2811 -0.9579
vn -0.0626 -0.2803 -0.9579
vn -0.3421 -0.8023 0.4892
vn -0.3273 -0.8195 -0.4705
vn -0.1037 -0.2729 -0.9564
vn 0.0894 0.2446 -0.9655
vn 0.2835 0.7974 -0.5327
vt 1.000000 0.080847
vt 1.000000 0.172786
vt 0.614719 0.000000
vt 0.819727 0.000000
vt 0.083553 0.000000
vt 0.178570 0.000000
vt 0.172786 0.172786
vt 0.080847 0.080847
vt 0.989093 0.000000
vt 0.014359 0.000000
vt 0.978457 0.052715
vt 0.954336 0.064858
vt 0.882371 0.080010
vt 0.896876 0.096956
vt 0.927474 0.134636
vt 0.954669 0.166721
vt 0.987778 0.204630
vt 0.218625 0.218625
vt 0.301821 0.118571
vt 0.590268 0.000000
vt 0.880523 0.066659
vt 1.000000 0.180273
vt 1.000000 0.385281
vt 0.857968 0.250215
vt 0.594207 0.189637
vt 0.335702 0.297064
vt 0.722133 0.000000
vt 1.000000 0.888547
vt 0.868209 0.752977
vt 0.436096 0.178147
vt 0.334308 0.000000
vt 0.440177 0.000000
vt 0.534858 0.165708
vt 0.924835 0.684484
vt 1.000000 0.761803
vt 0.888547 0.888547
vt 0.761803 0.761803
vt 1.000000 0.821431
vt 1.000000 0.201023
vt 1.000000 0.302599
vt 0.328957 0.328957
vt 0.231220 0.231220
vt 0.757270 0.000000
vt 0.932621 0.162980
vt 1.000000 0.231220
vt 1.000000 0.328957
vt 0.952716 0.281070
vt 0.650310 0.000000
vt 1.000000 0.756647
vt 1.000000 0.838335
vt 0.819828 0.819828
vt 0.728788 0.728788
vt 0.295996 0.000000
vt 1.000000 0.728788
vt 1.000000 0.819828
vt 0.208052 0.000000
vt 0.991974 0.000000
vt 1.000000 0.010907
vt 1.000000 0.277867
vt 0.894088 0.266683
vt 0.344834 0.285507
vt 0.295996 0.295996
vt 0.208052 0.208052
vt 0.256799 0.197582
vt 0.576255 0.186605
vt 0.588278 0.186188
vt 0.666396 0.183079
vt 0.633780 0.057831
vt 0.601639 0.016977
vt 0.594120 0.000000
vt 0.999048 0.978876
vt 0.991974 0.991974
vt 0.590293 0.585013
vt 0.627260 0.524913
vt 0.645724 0.504030
vt 0.770934 0.630739
vt 0.857568 0.715507
vt 0.948102 0.857149
vt 0.214407 0.000000
vt 0.339347 0.000000
vt 1.000000 0.559823
vt 1.000000 0.665692
vt 0.339347 0.339347
vt 0.214407 0.214407
vt 0.225123 0.207219
vt 0.600101 0.170352
vt 1.000000 0.242730
vt 1.000000 0.349690
vt 0.695027 0.294491
vt 0.356616 0.327764
vt 0.807174 0.215048
vt 0.807363 0.211546
vt 0.808822 0.184879
vt 0.817638 0.184800
vt 0.819935 0.184795
vt 0.819935 0.221672
vt 0.816001 0.219635
vt 0.798977 0.000000
vt 0.161665 0.000000
vt 0.243353 0.000000
vt 0.697401 0.000000
vt 0.819935 0.184795
vt 0.826692 0.183202
vt 0.866410 0.173884
vt 0.866410 0.222379
vt 0.843809 0.234994
vt 0.954698 0.140774
vt 0.954536 0.173318
vt 0.912884 0.216758
vt 0.912884 0.153667
vt 0.914753 0.152417
vt 0.942008 0.144440
vt 0.988082 0.122055
vt 0.988082 0.136489
vt 0.954698 0.173149
vt 0.726565 0.186772
vt 0.723680 0.183077
vt 0.719694 0.177951
vt 0.738336 0.166545
vt 0.738336 0.180979
vt 0.365073 0.464603
vt 0.367270 0.504746
vt 0.367554 0.510016
vt 0.359708 0.514094
vt 0.355766 0.516135
vt 0.355766 0.464531
vt 0.357378 0.464534
vt 0.888459 0.235109
vt 0.866410 0.173884
vt 0.912884 0.216758
vt 0.897517 0.232144
vt 0.896154 0.233506
vt 0.344113 0.461783
vt 0.355766 0.516135
vt 0.313823 0.539539
vt 0.313823 0.454677
vt 0.271881 0.509905
vt 0.234145 0.470549
vt 0.234145 0.424299
vt 0.245949 0.427709
vt 0.268869 0.434417
vt 0.271881 0.436432
vt 0.234145 0.470549
vt 0.204017 0.437464
vt 0.204017 0.407405
vt 0.582888 0.402508
vt 0.589324 0.406159
vt 0.589324 0.436218
vt 0.567162 0.422658
vt 0.575681 0.411704
vt 0.581849 0.403805
vt 0.306092 0.544119
vt 0.271881 0.436432
vt 0.313823 0.454677
vt 0.889361 0.240316
vt 0.896154 0.233506
vt 0.892463 0.237187
vt 0.845249 0.235797
vt 0.844361 0.235109
vt 0.866107 0.229649
vt 0.851224 0.239123
vt 0.882155 0.239188
vt 0.884106 0.245622
vt 0.885756 0.243997
vt 0.814738 0.629107
vt 0.799856 0.626206
vt 0.799800 0.608197
vt 0.813878 0.609704
vt 0.783808 0.629240
vt 0.783762 0.609858
vt 0.553807 0.621180
vt 0.554057 0.614746
vt 0.568324 0.613653
vt 0.574165 0.613972
vt 0.573189 0.622228
vt 0.815625 0.599475
vt 0.815629 0.602133
vt 0.799766 0.600942
vt 0.803860 0.600259
vt 0.783732 0.599646
vt 0.791423 0.600563
vt 0.799766 0.600942
vt 0.584633 0.617830
vt 0.583401 0.626092
vt 0.574228 0.612626
vt 0.585883 0.609570
vt 0.585315 0.609068
vt 0.584507 0.608026
vt 0.586271 0.608447
s 0
usemtl lambert2SG
f 1055/1224/602 1056/1225/602 1057/1226/602 1054/1227/602
f 1082/1228/603 1058/1229/603 1056/1230/603 1055/1231/603
f 1074/1232/604 1061/1233/604 1059/1234/604 1076/1235/604 1075/1236/604 1077/1237/604 1078/1238/604 1079/1239/604 1080/1240/604 1081/1241/604 1064/1242/604 1065/1243/604 1083/1244/604 1054/1245/604 1057/1246/604 1084/1247/604 1085/1248/604 1073/1249/604 1072/1250/604
f 1082/1251/605 1086/1252/605 1087/1253/605 1088/1254/605 1089/1255/605 1090/1256/605 1091/1257/605 1092/1258/605
f 1082/1259/606 1092/1260/606 1058/1261/606
f 1068/1262/607 1066/1263/607 1094/1264/607 1093/1265/607
f 1095/1266/608 1096/1267/608 1093/1268/608 1094/1269/608 1097/1270/608 1098/1271/608
f 1067/1272/609 998/1273/609 1100/1274/609 1099/1275/609
f 1101/1276/610 1099/1277/610 1100/1278/610 1102/1279/610
f 1103/1280/611 1074/1281/611 1072/1282/611 1104/1283/611 1107/1284/611 1101/1285/611 1102/1286/611 1105/1287/611 1106/1288/611 1108/1289/611 1109/1290/611 1070/1291/611 1071/1292/611 1110/1293/611
f 1062/1294/612 1103/1295/612 1110/1296/612 1111/1297/612 1112/1298/612 1114/1299/612 1115/1300/612 1117/1301/612
f 1119/1302/613 1120/1303/613 1089/1304/613 1088/1305/613
f 1120/1306/614 1119/1307/614 1122/1308/614 1123/1309/614 1095/1310/614 1098/1311/614 1124/1312/614 1121/1313/614
s 1
f 1030/1314/615 1069/1315/615 996/1316/615 1025/1317/615 1027/1318/616 1036/1319/617 1033/1320/615
s 0
f 1068/1321/618 998/1322/618 1067/1323/618 1066/1324/618
s 1
f 1036/1319/617 1027/1325/616 1026/1326/619 1052/1327/620 983/1328/621 984/1329/622
f 1021/1330/623 1014/1331/624 1012/1332/625 1053/1333/626 1049/1334/627 1020/1335/627
f 1017/1336/628 1011/1337/629 1014/1338/624 1021/1330/623
f 1019/1339/630 993/1340/630 992/1341/630 1011/1342/629 1017/1343/628
f 997/1344/631 999/1345/631 1031/1346/631 1032/1347/631 1034/1348/632 1028/1349/633 1024/1350/631
f 985/1351/634 983/1328/621 1052/1352/620 1053/1333/626 1012/1353/625 1002/1354/635 1001/1355/636
f 1029/1356/637 1028/1349/633 1034/1357/632 1035/1358/638 1051/1359/639
f 1013/1360/640 1010/1361/641 1023/1362/642 1022/1363/643 1048/1364/643 1050/1365/644
f 1010/1366/641 1009/1367/645 1016/1368/646 1023/1362/642
f 1018/1369/647 1016/1370/646 1009/1371/645 994/1372/647 991/1373/647 995/1374/647
f 1000/1375/648 1013/1360/640 1050/1376/644 1051/1377/639 1035/1358/638
f 1006/1378/649 985/1351/634 1001/1379/636 1007/1380/650
f 1038/1381/651 984/1382/622 983/1328/621 986/1383/652 1039/1384/653
f 983/1328/621 985/1351/634 987/1385/654 986/1383/652
f 1004/1386/655 987/1385/654 985/1351/634 1006/1378/649 1003/1387/656
f 1039/1388/653 986/1389/652 1125/1390/657 1037/1391/658
f 986/1389/652 987/1392/654 1126/1393/659 988/1390/660
f 987/1394/654 1004/1395/655 1005/1396/661 1060/1397/662 989/1398/663
f 1042/1399/664 1040/1400/664 1037/1391/658 1125/1390/657 1113/1401/664 1043/1402/664
f 988/1390/660 1126/1393/659 1116/1403/665 1045/1404/665 1044/1405/665
f 989/1398/663 1060/1397/662 1118/1406/666 1047/1407/666
f 990/1408/667 1063/1409/667 1046/1406/667
f 1015/1410/668 1008/1411/668 1041/1412/668
o OrangeMug_cell.009
v 0.127448 0.517290 0.379256
v -0.148098 -0.436522 0.463809
v -0.009560 -0.467290 0.426372
v -0.148096 -0.344218 0.468785
v 0.127448 -0.344218 0.379256
v 0.230682 0.517290 0.275199
v -0.003417 0.517290 0.445280
v -0.004953 -0.436522 0.440554
v -0.148096 -0.467290 0.448878
v -0.003417 -0.344218 0.445280
v 0.271610 0.517290 0.304936
v 0.157222 0.517290 0.420236
v 0.012217 0.517290 0.493397
v 0.010471 -0.449413 0.488023
v 0.000286 -0.517290 0.456677
v -0.148098 -0.449443 0.513775
v -0.148096 -0.517290 0.480783
v -0.148096 -0.345581 0.519439
v 0.157222 -0.345581 0.420236
v 0.012216 -0.345579 0.493396
v 0.253385 0.422423 0.231076
v 0.275902 0.236109 0.187314
v 0.297032 0.429494 0.255529
v 0.322351 0.220006 0.206323
v 0.241808 0.517290 0.253575
v 0.286318 0.517290 0.276351
v 0.126258 -0.449437 0.429597
v 0.114685 -0.463582 0.427833
v 0.155677 -0.393769 0.418110
v 0.126148 -0.385252 0.377466
v 0.175544 -0.345581 0.401768
v 0.230682 -0.111603 0.275199
v 0.271610 -0.090583 0.304936
v 0.143048 -0.344218 0.363531
v 0.280321 0.077553 0.178725
v 0.325304 0.114028 0.200583
v -0.263917 -0.376909 0.448206
v -0.254741 -0.344218 0.451459
v -0.148098 0.017688 0.519441
v -0.026870 0.517290 0.449090
v -0.246882 -0.345580 0.503391
v -0.148098 0.047953 0.468785
v -0.019052 0.517290 0.498477
v 0.070664 -0.517290 0.421169
v 0.099072 -0.436522 0.388071
v 0.073874 -0.467290 0.384277
v -0.013834 -0.517290 0.324762
v -0.015949 -0.467290 0.281793
v -0.273105 -0.479289 0.478951
v -0.248028 -0.495494 0.475147
v -0.264277 -0.444104 0.441255
v -0.228421 -0.467290 0.435829
v -0.214225 -0.517290 0.470040
v -0.283905 -0.472193 0.480646
v -0.276029 -0.449419 0.492998
v -0.279482 -0.433001 0.442654
v -0.275811 -0.436522 0.443061
v 0.253385 0.422423 0.231076
v 0.275902 0.236109 0.187314
v 0.322351 0.220006 0.206323
v 0.297032 0.429494 0.255529
v -0.276029 -0.449419 0.492998
v -0.246882 -0.345580 0.503391
v 0.241808 0.517290 0.253575
v 0.241808 0.517290 0.253575
v 0.286318 0.517290 0.276351
v 0.286318 0.517290 0.276351
v 0.175544 -0.345581 0.401768
v 0.271610 -0.090583 0.304936
v 0.155677 -0.393769 0.418110
v 0.126258 -0.449437 0.429597
v 0.114685 -0.463582 0.427833
v 0.126148 -0.385252 0.377466
v 0.143048 -0.344218 0.363531
v 0.230682 -0.111603 0.275199
v 0.099072 -0.436522 0.388071
v 0.280321 0.077553 0.178725
v 0.325304 0.114028 0.200583
v -0.263917 -0.376909 0.448206
v -0.254741 -0.344218 0.451459
v -0.148098 0.017688 0.519441
v -0.019052 0.517290 0.498477
v -0.019052 0.517290 0.498477
v -0.026870 0.517290 0.449090
v -0.026870 0.517290 0.449090
v -0.148098 0.047953 0.468785
v 0.073874 -0.467290 0.384277
v 0.070664 -0.517290 0.421169
v -0.013834 -0.517290 0.324762
v -0.015949 -0.467290 0.281793
v -0.273105 -0.479289 0.478951
v -0.248028 -0.495494 0.475147
v -0.264277 -0.444104 0.441255
v -0.228421 -0.467290 0.435829
v -0.214225 -0.517290 0.470040
v -0.283905 -0.472193 0.480646
v -0.279482 -0.433001 0.442654
v -0.275811 -0.436522 0.443061
v 0.271610 0.517290 0.304936
v 0.157222 0.517290 0.420236
v 0.012217 0.517290 0.493397
v 0.230682 0.517290 0.275199
v 0.127448 0.517290 0.379256
v -0.003417 0.517290 0.445280
vn 0.4407 0.2554 -0.8605
vn -0.8892 -0.0000 -0.4575
vn -0.7441 -0.0000 -0.6680
vn -0.8090 -0.0000 -0.5878
vn 0.3960 0.0607 -0.9162
vn 0.6632 -0.4715 -0.5813
vn -0.9567 0.2509 0.1474
vn -0.4840 -0.5803 -0.6550
vn 0.8090 -0.0000 0.5878
vn 0.7441 -0.0000 0.6681
vn 0.8892 -0.0000 0.4575
vn 0.4401 0.2577 -0.8602
vn 0.3090 -0.0000 0.9511
vn 0.1604 -0.0000 0.9871
vn 0.1336 -0.0000 0.9910
vn -0.0000 -0.0272 0.9996
vn 0.3089 -0.0271 0.9507
vn 0.4061 -0.4327 0.8049
vn 0.4430 -0.1817 0.8779
vn 0.2995 -0.2460 0.9218
vn 0.1748 -0.8245 0.5381
vn 0.2926 -0.7603 0.5800
vn -0.0000 -0.2461 0.9693
vn -0.0000 -0.8235 0.5673
vn -0.1446 -0.4327 0.8899
vn -0.1234 -0.6384 0.7598
vn -0.1536 -0.2869 0.9456
vn -0.0000 -1.0000 -0.0000
vn 0.6639 -0.4707 -0.5811
vn -0.1603 -0.0316 0.9866
vn -0.1749 0.8243 -0.5384
vn -0.2928 0.7599 -0.5803
vn -0.0000 1.0000 -0.0000
vn 0.1235 0.6380 -0.7601
vn -0.0000 0.8233 -0.5676
vn 0.4942 -0.0541 0.8676
vn 0.5876 -0.0272 0.8087
vn 0.5878 -0.0000 0.8090
vn 0.7098 -0.0185 0.7042
vn -0.4763 -0.5846 -0.6568
vn -0.3090 -0.0000 -0.9511
vn -0.5878 -0.0000 -0.8090
vn -0.5876 0.0268 -0.8087
vn -0.3089 0.0268 -0.9507
vn -0.0000 0.0268 -0.9996
vn -0.1336 -0.0000 -0.9910
vn -0.1604 -0.0000 -0.9871
vn -0.2996 0.2453 -0.9220
vn -0.4430 0.1810 -0.8781
vn -0.0000 0.2454 -0.9694
vn 0.1446 0.4320 -0.8902
vn 0.1589 0.1361 -0.9779
vn -0.7098 0.0183 -0.7042
vn 0.1601 0.0531 -0.9857
vn 0.1603 0.0312 -0.9866
vn -0.4942 0.0535 -0.8677
vn -0.9555 0.2532 0.1512
vt 0.182322 0.000000
vt 0.272776 0.000000
vt 1.000000 0.430713
vt 1.000000 0.484286
vt 0.365570 0.464276
vt 0.393502 0.409509
vt 0.393502 0.591594
vt 0.387241 0.591594
vt 0.380727 0.564127
vt 0.368057 0.510183
vt 1.000000 0.727224
vt 1.000000 0.817678
vt 0.795967 0.795967
vt 0.694741 0.694741
vt 1.000000 0.663294
vt 1.000000 0.737640
vt 0.602805 0.476551
vt 0.126411 0.000000
vt 0.253201 0.000000
vt 0.759625 0.506591
vt 1.000000 0.134634
vt 1.000000 0.214823
vt 0.751700 0.000000
vt 0.826372 0.000000
vt 0.814564 0.760605
vt 1.000000 0.781737
vt 1.000000 0.846152
vt 0.826372 0.826372
vt 0.751700 0.751700
vt 0.778121 0.301289
vt 0.778121 0.125290
vt 0.808335 0.184532
vt 0.806673 0.215216
vt 0.792426 0.275869
vt 0.786397 0.301289
vt 0.752469 0.460773
vt 0.484286 0.484286
vt 0.430713 0.430713
vt 0.752559 0.403977
vt 0.956024 0.604825
vt 0.946970 0.604825
vt 0.909608 0.460174
vt 0.909608 0.354995
vt 0.956024 0.354996
vt 0.985692 0.320829
vt 0.989043 0.324926
vt 0.955519 0.324933
vt 0.952570 0.305280
vt 0.972947 0.305280
vt 0.909608 0.324924
vt 0.909608 0.305280
vt 0.873415 0.316277
vt 0.880677 0.311576
vt 0.890462 0.305280
vt 0.872567 0.324931
vt 0.870287 0.318334
vt 0.141019 0.792103
vt 0.121873 0.790915
vt 0.179893 0.867674
vt 0.204357 0.856729
vt 0.183981 0.867010
vt 0.694741 0.000000
vt 0.795967 0.000000
vt 0.784779 0.346653
vt 0.413674 0.121085
vt 0.345676 0.076714
vt 0.275174 0.018871
vt 0.262360 0.000000
vt 0.336707 0.000000
vt 0.398816 0.050916
vt 0.456740 0.088682
vt 0.795270 0.294451
vt 0.909608 0.460174
vt 0.881006 0.354996
vt 0.456646 0.602101
vt 0.480803 0.614289
vt 0.454796 0.626653
vt 0.393279 0.669677
vt 0.416535 0.668234
vt 0.997561 0.341043
vt 0.998008 0.354995
vt 0.989043 0.324926
vt 0.998008 0.604825
vt 0.744738 0.051460
vt 0.745354 0.037508
vt 0.750085 0.051460
vt 0.998553 0.245917
vt 0.253201 0.253201
vt 0.126411 0.126411
vt 0.829385 0.119541
vt 0.173683 0.173683
vt 0.153848 0.000000
vt 0.218263 0.000000
vt 0.159992 0.306526
vt 0.197882 0.306526
vt 0.197882 0.555960
vt 0.159992 0.555960
vt 0.118102 0.555960
vt 0.118102 0.442414
vt 0.153202 0.306526
vt 0.158213 0.591594
vt 0.159547 0.582685
vt 0.189666 0.582685
vt 0.182370 0.591594
vt 0.118102 0.591594
vt 0.118102 0.582685
vt 0.084464 0.584881
vt 0.081125 0.582685
vt 0.094845 0.591594
vt 0.419077 0.342159
vt 0.423630 0.342159
vt 0.423630 0.591594
vt 0.081125 0.582685
vt 0.080062 0.581666
vt 0.084568 0.565425
vt 0.087225 0.555960
vt 0.197505 0.567841
vt 0.189666 0.582685
vt 0.419077 0.342159
vt 0.423112 0.330278
vt 0.778121 0.125290
vt 0.744738 0.301289
vt 0.750085 0.051460
vt 0.189561 0.022481
vt 0.198614 0.025500
vt 0.240597 0.051022
vt 0.273716 0.095491
vt 0.277975 0.103768
vt 0.265087 0.078722
vt 0.261866 0.072461
vt 0.231977 0.042333
vt 0.194088 0.023216
vt 0.187298 0.022113
vt 0.865366 0.000000
vt 0.192611 0.143101
vt 0.513802 0.108849
vt 0.955585 0.155373
vt 0.955643 0.262819
vt 0.540622 0.219111
vt 0.863811 0.089289
vt 0.785177 0.000000
vt 0.118102 0.442414
vt 0.087225 0.555960
s 0
usemtl lambert2SG
f 1186/1413/669 1185/1414/669 1184/1415/669 1187/1416/669
s 1
f 1203/1417/670 1158/1418/671 1228/1419/672 1191/1420/670 1147/1421/670 1148/1422/670
s 0
f 1185/1423/673 1186/1424/673 1204/1425/673 1161/1426/673
f 1202/1427/674 1154/1428/674 1214/1429/674 1215/1430/674 1216/1431/674 1213/1432/674
f 1181/1433/675 1205/1434/675 1223/1435/675 1222/1436/675
f 1224/1437/676 1219/1438/676 1175/1439/676 1222/1440/676 1223/1441/676
s 1
f 1225/1442/677 1159/1443/678 1162/1444/679 1150/1445/679 1149/1446/679 1193/1447/679
s 0
f 1192/1448/680 1187/1449/680 1184/1450/680 1190/1451/680
s 1
f 1227/1452/681 1208/1453/682 1207/1454/683 1144/1455/684 1146/1456/685
f 1198/1457/686 1153/1458/687 1140/1459/688 1141/1460/689 1170/1461/690
f 1140/1459/688 1142/1462/691 1143/1463/692 1141/1460/689
f 1217/1464/693 1218/1465/693 1221/1466/694 1143/1463/692 1142/1462/691 1188/1467/695 1180/1468/693
f 1143/1469/692 1221/1470/694 1173/1471/696 1170/1472/690 1141/1473/689
s 0
f 1161/1474/697 1204/1475/697 1195/1476/697 1194/1477/697 1196/1478/697 1197/1479/697 1154/1480/697 1202/1481/697 1199/1482/697 1200/1483/697 1201/1484/697
s 1
f 1207/1485/683 1189/1486/698 1144/1455/684
f 1129/1487/699 1172/1488/700 1174/1489/701 1178/1490/702 1135/1491/703
f 1142/1462/691 1144/1455/684 1189/1486/698 1188/1467/695
f 1155/1492/704 1145/1493/705 1146/1456/685 1140/1459/688 1153/1494/687
f 1145/1493/705 1226/1495/706 1227/1452/681 1146/1456/685
f 1140/1459/688 1146/1456/685 1144/1455/684 1142/1462/691
f 1145/1496/705 1155/1497/704 1157/1498/707
s 0
f 1220/1499/708 1216/1500/708 1215/1501/708 1179/1502/708 1176/1503/708 1175/1504/708 1219/1505/708
s 1
f 1230/1506/709 1229/1507/710 1131/1508/711 1136/1509/712
f 1230/1506/709 1136/1509/712 1130/1510/713 1212/1511/714 1211/1512/715
f 1129/1513/699 1134/1514/716 1171/1515/717 1172/1516/700
f 1134/1514/716 1129/1513/699 1135/1517/703 1128/1518/718
f 1177/1519/719 1183/1520/720 1128/1518/718 1135/1517/703 1178/1521/702
f 1160/1522/721 1131/1523/711 1229/1524/710 1228/1419/672 1158/1418/671
f 1183/1525/720 1182/1526/722 1163/1527/722 1206/1528/723 1130/1510/713 1128/1518/718
f 1134/1514/716 1136/1509/712 1131/1508/711 1156/1529/724 1171/1530/717
f 1134/1514/716 1128/1518/718 1130/1510/713 1136/1509/712
f 1131/1523/711 1160/1531/721 1156/1532/724
f 1159/1533/678 1225/1442/677 1226/1534/706 1145/1496/705 1157/1535/707
f 1209/1536/701 1139/1537/701 1138/1538/701 1137/1539/701 1152/1540/701 1151/1541/701 1132/1542/701 1127/1543/701 1133/1544/701 1210/1545/701
s 0
f 1181/1546/725 1167/1547/725 1165/1548/725 1169/1549/725 1166/1550/725 1168/1551/725 1164/1552/725 1205/1553/725
s 1
f 1212/1554/714 1130/1510/713 1206/1555/723
o OrangeMug_cell.010
v 0.574468 0.074557 0.055262
v 0.541981 0.070104 0.000087
v 0.561381 0.143361 0.055319
v 0.603423 0.077369 0.063309
v 0.574313 -0.024243 0.055186
v 0.541973 -0.019973 -0.000106
v 0.603214 -0.027258 0.063355
v 0.556687 -0.115390 0.055112
v 0.528067 -0.100678 0.000540
v 0.584032 -0.124989 0.063403
v 0.540498 -0.150861 0.055076
v 0.573176 -0.148145 0.063417
v 0.537560 -0.132036 0.035202
v 0.603673 -0.132123 0.057677
v 0.612835 -0.126819 0.055460
v 0.662718 -0.054785 0.000113
v 0.632012 -0.030186 0.055315
v 0.632106 0.080608 0.055160
v 0.666885 -0.033337 0.000077
v 0.666860 0.082863 -0.000110
v 0.649655 -0.031788 -0.027373
v 0.632126 -0.009914 -0.055246
v 0.617587 -0.010733 -0.059348
v 0.631937 0.080580 -0.055300
v 0.627379 0.103369 -0.055314
v 0.603222 0.077128 -0.063333
v 0.598767 0.099850 -0.063321
v 0.574330 0.074216 -0.055169
v 0.603375 -0.011505 -0.063377
v 0.581024 -0.025247 -0.057160
v 0.573475 -0.029613 -0.055336
v 0.574434 -0.024583 -0.055327
v 0.549233 -0.066243 -0.026820
v 0.568904 0.102347 -0.055120
v 0.532675 0.122287 0.000210
v 0.658755 0.124502 -0.000180
v 0.619553 0.144355 0.055066
v 0.590070 0.146863 0.063277
v 0.574468 0.074557 0.055262
v 0.561381 0.143361 0.055319
v 0.561381 0.143361 0.055319
v 0.574313 -0.024243 0.055186
v 0.556687 -0.115390 0.055112
v 0.540498 -0.150861 0.055076
v 0.540498 -0.150861 0.055076
v 0.573176 -0.148145 0.063417
v 0.573176 -0.148145 0.063417
v 0.537560 -0.132036 0.035202
v 0.528067 -0.100678 0.000540
v 0.528067 -0.100678 0.000540
v 0.603673 -0.132123 0.057677
v 0.584032 -0.124989 0.063403
v 0.612835 -0.126819 0.055460
v 0.612835 -0.126819 0.055460
v 0.662718 -0.054785 0.000113
v 0.662718 -0.054785 0.000113
v 0.632012 -0.030186 0.055315
v 0.632106 0.080608 0.055160
v 0.666860 0.082863 -0.000110
v 0.666885 -0.033337 0.000077
v 0.649655 -0.031788 -0.027373
v 0.632126 -0.009914 -0.055246
v 0.632126 -0.009914 -0.055246
v 0.617587 -0.010733 -0.059348
v 0.631937 0.080580 -0.055300
v 0.627379 0.103369 -0.055314
v 0.627379 0.103369 -0.055314
v 0.603222 0.077128 -0.063333
v 0.598767 0.099850 -0.063321
v 0.598767 0.099850 -0.063321
v 0.603375 -0.011505 -0.063377
v 0.603375 -0.011505 -0.063377
v 0.581024 -0.025247 -0.057160
v 0.573475 -0.029613 -0.055336
v 0.573475 -0.029613 -0.055336
v 0.574330 0.074216 -0.055169
v 0.574434 -0.024583 -0.055327
v 0.549233 -0.066243 -0.026820
v 0.568904 0.102347 -0.055120
v 0.568904 0.102347 -0.055120
v 0.532675 0.122287 0.000210
v 0.532675 0.122287 0.000210
v 0.541981 0.070104 0.000087
v 0.658755 0.124502 -0.000180
v 0.658755 0.124502 -0.000180
v 0.619553 0.144355 0.055066
v 0.619553 0.144355 0.055066
v 0.590070 0.146863 0.063277
v 0.590070 0.146863 0.063277
v 0.603423 0.077369 0.063309
v 0.603214 -0.027258 0.063355
v 0.541973 -0.019973 -0.000106
vn -0.8576 -0.0802 0.5080
vn -0.8578 -0.0778 0.5080
vn -0.8598 0.0780 0.5046
vn -0.8597 0.0801 0.5045
vn -0.8476 -0.1576 0.5068
vn -0.2661 -0.0249 0.9636
vn -0.2661 -0.0250 0.9636
vn -0.2621 -0.0503 0.9637
vn -0.2698 0.0263 0.9625
vn -0.2698 0.0265 0.9625
vn -0.8431 0.1994 0.4994
vn -0.8298 0.2525 0.4976
vn -0.2615 0.0839 0.9616
vn -0.2613 0.0848 0.9615
vn -0.8036 0.3353 0.4917
vn -0.2528 0.1163 0.9605
vn 0.2325 -0.6887 -0.6868
vn 0.2572 -0.0671 0.9640
vn 0.2521 -0.0810 0.9643
vn 0.2404 -0.1121 0.9642
vn 0.2631 -0.0510 0.9634
vn 0.2672 -0.0253 0.9633
vn 0.2672 -0.0252 0.9633
vn 0.8295 -0.1632 0.5341
vn 0.8407 -0.0813 0.5354
vn 0.8406 -0.0819 0.5354
vn 0.2705 0.0272 0.9623
vn 0.2705 0.0267 0.9623
vn 0.8418 0.0817 0.5336
vn 0.8417 0.0833 0.5336
vn 0.8460 0.0003 -0.5332
vn 0.8408 0.0826 -0.5351
vn 0.8409 0.0807 -0.5351
vn 0.8416 -0.0812 -0.5340
vn 0.8450 -0.0306 -0.5339
vn 0.8316 -0.1624 -0.5311
vn 0.2671 0.0259 -0.9633
vn 0.2670 0.0266 -0.9633
vn 0.2707 0.0004 -0.9627
vn 0.8301 0.1625 -0.5334
vn 0.2632 0.0521 -0.9633
vn -0.2676 -0.0508 -0.9622
vn -0.2689 -0.0251 -0.9628
vn -0.2689 -0.0250 -0.9628
vn -0.2687 0.0106 -0.9632
vn -0.2665 0.0261 -0.9635
vn -0.2701 0.0007 -0.9628
vn -0.2628 0.0518 -0.9635
vn -0.8586 -0.0765 -0.5068
vn -0.8585 -0.0781 -0.5068
vn -0.8602 0.0788 -0.5038
vn -0.8604 0.0763 -0.5040
vn -0.8529 0.1542 -0.4988
vn -0.8494 -0.1547 -0.5046
vn -0.0175 0.9369 -0.3491
vn 0.8317 0.1639 0.5305
vn 0.2698 0.0534 0.9615
vt 0.776891 0.682612
vt 0.760916 0.681323
vt 0.760860 0.655242
vt 0.776869 0.654006
vt 0.776908 0.702533
vt 0.760952 0.696431
vt 0.710688 0.716365
vt 0.719071 0.717180
vt 0.715205 0.737300
vt 0.706899 0.736286
vt 0.710643 0.687760
vt 0.719011 0.686886
vt 0.761697 0.631318
vt 0.776848 0.627616
vt 0.705540 0.661370
vt 0.713457 0.658590
vt 0.770982 0.622938
vt 0.776837 0.617346
vt 0.710314 0.651886
vt 0.700853 0.651099
vt 0.728822 0.008371
vt 0.965255 0.225989
vt 0.905886 0.166824
vt 0.917189 0.160623
vt 0.947208 0.140852
vt 0.857890 0.000000
vt 0.878751 0.019604
vt 0.903880 0.078437
vt 0.922599 0.132588
vt 0.850954 0.171890
vt 0.837803 0.166907
vt 0.794031 0.147805
vt 0.747142 0.105089
vt 0.742946 0.071891
vt 0.719144 0.656525
vt 0.710314 0.651886
vt 0.721797 0.658060
vt 0.727349 0.686039
vt 0.736239 0.678916
vt 0.737445 0.685126
vt 0.727376 0.718117
vt 0.737438 0.718770
vt 0.631903 0.711722
vt 0.631849 0.685521
vt 0.641960 0.684859
vt 0.641967 0.718503
vt 0.636978 0.718055
vt 0.636978 0.718055
vt 0.640761 0.724713
vt 0.623534 0.686520
vt 0.627694 0.711961
vt 0.623579 0.712182
vt 0.639613 0.672803
vt 0.630529 0.678923
vt 0.630529 0.678923
vt 0.622244 0.679941
vt 0.615170 0.687363
vt 0.613599 0.679218
vt 0.617108 0.716160
vt 0.615200 0.715968
vt 0.614922 0.717424
vt 0.617108 0.716160
vt 0.744918 0.682513
vt 0.744872 0.653908
vt 0.744869 0.652452
vt 0.753141 0.641895
vt 0.760806 0.632079
vt 0.760952 0.696431
vt 0.744932 0.690658
vt 0.548110 0.135994
vt 0.677570 0.160976
vt 0.909471 0.266158
vt 0.888918 0.346075
vt 0.790667 0.348203
vt 0.662663 0.323349
vt 0.419361 0.217168
vt 0.450238 0.138232
vt 0.723741 0.736574
vt 0.735092 0.730826
vt 0.715205 0.737300
s 1
usemtl lambert2SG
f 1269/1556/726 1313/1557/727 1322/1558/728 1272/1559/729
f 1313/1557/727 1269/1556/726 1270/1560/730 1312/1561/730
f 1231/1562/731 1320/1563/732 1319/1564/733 1271/1565/733
f 1320/1563/732 1231/1562/731 1235/1566/734 1321/1567/735
f 1272/1559/729 1322/1558/728 1279/1568/736 1273/1569/737
f 1321/1567/735 1235/1566/734 1238/1570/738 1282/1571/739
f 1273/1569/737 1279/1568/736 1278/1572/740 1274/1573/740
f 1276/1574/741 1282/1571/739 1238/1570/738 1275/1575/741
s 0
f 1280/1576/742 1308/1577/742 1304/1578/742 1303/1579/742 1302/1580/742 1294/1581/742 1292/1582/742 1251/1583/742 1285/1584/742 1283/1585/742 1281/1586/742 1277/1587/742 1241/1588/742 1243/1589/742
s 1
f 1244/1590/743 1240/1571/744 1242/1591/745
f 1284/1592/746 1287/1593/747 1237/1567/748 1240/1571/744 1244/1590/743
f 1286/1594/749 1290/1595/750 1247/1593/751 1245/1592/749
f 1288/1596/752 1234/1563/753 1237/1567/748 1287/1593/747
f 1289/1597/754 1248/1596/755 1247/1593/751 1290/1595/750
f 1293/1598/756 1295/1599/757 1250/1600/758 1249/1601/759 1291/1602/760
f 1291/1603/760 1249/1601/759 1246/1604/761
f 1298/1605/762 1254/1599/763 1252/1598/764 1253/1606/764 1301/1607/764
f 1314/1608/765 1250/1600/758 1295/1599/757 1296/1609/765
f 1297/1610/766 1254/1599/763 1298/1605/762 1299/1611/766
f 1300/1611/767 1256/1605/768 1306/1612/769 1309/1613/767
f 1260/1614/770 1307/1615/771 1306/1612/769 1256/1605/768 1259/1607/772
f 1305/1616/773 1307/1615/771 1260/1617/770
f 1232/1557/774 1258/1618/775 1262/1619/776 1236/1558/777
f 1236/1558/777 1262/1619/776 1261/1620/778 1263/1621/778 1239/1622/778
f 1258/1618/775 1232/1557/774 1311/1623/779 1310/1624/779
s 0
f 1257/1625/780 1264/1626/780 1265/1627/780 1233/1628/780 1318/1629/780 1316/1630/780 1315/1631/780 1255/1632/780
s 1
f 1317/1633/781 1248/1596/755 1289/1597/754 1266/1634/781
f 1234/1563/753 1288/1596/752 1267/1633/782 1268/1635/782
