# Blender 5.0.0
# www.blender.org
mtllib PinkMug.mtl
o PinkMug_cell
v -0.593938 0.517290 -0.144862
v -0.423642 0.517290 -0.379254
v -0.423642 0.517290 0.379256
v -0.593938 0.517290 0.144863
v -0.526875 0.517290 -0.275198
v -0.526875 0.517290 0.275199
v -0.616293 0.517290 0.000001
v -0.642115 0.517290 -0.160515
v -0.567804 0.517290 -0.304935
v -0.453416 0.517290 -0.420235
v -0.453416 0.517290 0.420236
v -0.567804 0.517290 0.304936
v -0.642114 0.517290 0.160517
v -0.666885 0.517290 0.000001
v -0.453416 0.462420 -0.420235
v -0.423642 0.431868 -0.379254
v -0.385630 0.517290 -0.454436
v -0.318112 0.517290 -0.432497
v -0.378077 0.517290 0.458248
v -0.350850 0.517290 0.415981
v -0.377910 -0.041268 0.458332
v -0.350679 -0.024410 0.416068
v -0.350701 -0.032904 0.416056
v -0.379711 -0.049100 0.457423
v -0.567804 -0.223833 0.304936
v -0.589122 -0.247695 0.263506
v -0.542809 -0.214219 0.244232
v -0.526875 -0.196384 0.275199
v -0.453416 -0.113778 0.420236
v -0.423642 -0.097061 0.379256
v -0.666885 -0.015231 0.000001
v -0.642115 -0.163998 0.160517
v -0.616293 0.000796 0.000001
v -0.593938 -0.133463 0.144863
v -0.593938 0.149218 -0.144862
v -0.642115 0.149229 -0.160515
v -0.567804 0.313678 -0.304935
v -0.526876 0.297630 -0.275198
v -0.350701 -0.032904 0.416056
v -0.423642 -0.097061 0.379256
v -0.453416 0.462420 -0.420235
v -0.385630 0.517290 -0.454436
v -0.385630 0.517290 -0.454436
v -0.318112 0.517290 -0.432497
v -0.318112 0.517290 -0.432497
v -0.423642 0.431868 -0.379254
v -0.378077 0.517290 0.458248
v -0.378077 0.517290 0.458248
v -0.350850 0.517290 0.415981
v -0.350850 0.517290 0.415981
v -0.377910 -0.041268 0.458332
v -0.379711 -0.049100 0.457423
v -0.350679 -0.024410 0.416068
v -0.453416 -0.113778 0.420236
v -0.567804 -0.223833 0.304936
v -0.589122 -0.247695 0.263506
v -0.542809 -0.214219 0.244232
v -0.526875 -0.196384 0.275199
v -0.593938 -0.133463 0.144863
v -0.616293 0.000796 0.000001
v -0.642115 -0.163998 0.160517
v -0.666885 -0.015231 0.000001
v -0.642115 0.149229 -0.160515
v -0.567804 0.313678 -0.304935
v -0.526876 0.297630 -0.275198
v -0.593938 0.149218 -0.144862
v -0.642115 0.517290 -0.160515
v -0.567804 0.517290 -0.304935
v -0.453416 0.517290 -0.420235
v -0.453416 0.517290 0.420236
v -0.567804 0.517290 0.304936
v -0.642114 0.517290 0.160517
v -0.593938 0.517290 -0.144862
v -0.526875 0.517290 -0.275198
v -0.423642 0.517290 -0.379254
v -0.423642 0.517290 0.379256
v -0.526875 0.517290 0.275199
v -0.593938 0.517290 0.144863
v -0.666885 0.517290 0.000001
v -0.616293 0.517290 0.000001
vn 0.9259 -0.0000 -0.3778
vn 0.9511 -0.0000 -0.3090
vn 0.8090 -0.0000 -0.5878
vn 0.8399 -0.0000 -0.5428
vn 0.8892 -0.0000 -0.4575
vn 0.8454 -0.1238 0.5196
vn 0.6161 -0.7768 0.1303
vn -0.6415 -0.0000 -0.7672
vn -0.5878 -0.0000 -0.8090
vn -0.4505 -0.0000 -0.8928
vn 0.9511 -0.0000 0.3090
vn 0.9731 -0.0000 0.2304
vn 0.8503 -0.0000 0.5264
vn 0.8090 -0.0000 0.5878
vn -0.5878 -0.0000 0.8090
vn -0.6403 -0.0000 0.7682
vn -0.4505 -0.0000 0.8928
vn 0.9971 -0.0000 -0.0763
vn 1.0000 -0.0000 -0.0000
vn 0.6415 -0.0000 0.7672
vn 0.5878 -0.0000 0.8090
vn 0.4504 -0.0000 0.8928
vn 0.5878 -0.0000 -0.8090
vn 0.6403 -0.0000 -0.7681
vn 0.4504 -0.0000 -0.8928
vn 0.2212 -0.6980 -0.6811
vn 0.8406 0.0003 0.5416
vn -0.0000 1.0000 -0.0000
vn -0.8399 -0.0000 0.5428
vn -0.8090 -0.0000 0.5878
vn -0.9511 -0.0000 0.3090
vn -0.9259 -0.0000 0.3778
vn -0.8892 -0.0000 0.4575
vn -0.8090 -0.0000 -0.5878
vn -0.8502 -0.0000 -0.5264
vn -0.9731 -0.0000 -0.2304
vn -0.9511 -0.0000 -0.3090
vn -0.9971 -0.0000 0.0763
vn -1.0000 -0.0000 -0.0000
vt 0.663324 0.401934
vt 0.663324 0.590348
vt 0.625587 0.590348
vt 0.625587 0.383716
vt 0.634553 0.378552
vt 0.315474 0.000000
vt 0.288100 0.288100
vt 0.208807 0.208807
vt 0.228647 0.000000
vt 0.314891 0.314891
vt 0.228225 0.228225
vt 0.414560 0.186666
vt 0.861876 0.195890
vt 1.000000 0.223140
vt 1.000000 0.303844
vt 0.896761 0.283476
vt 0.493064 0.275150
vt 0.561536 0.017631
vt 0.561536 0.001744
vt 0.581162 0.001744
vt 0.747208 0.590348
vt 0.747208 0.483779
vt 0.784945 0.526749
vt 0.784945 0.590348
vt 0.821208 0.604825
vt 0.821208 0.422110
vt 0.843065 0.441322
vt 0.843070 0.443104
vt 0.843021 0.604825
vt 0.663324 0.401934
vt 0.705266 0.440806
vt 0.705266 0.590348
vt 0.815073 0.565616
vt 0.815073 0.590348
vt 0.784945 0.526749
vt 0.429766 0.590348
vt 0.429766 0.565616
vt 0.460320 0.590348
vt 0.595459 0.590348
vt 0.595459 0.412473
vt 0.059399 0.306526
vt 0.059448 0.463366
vt 0.058728 0.466494
vt 0.038323 0.484401
vt 0.038323 0.306526
vt 0.429328 0.098401
vt 0.326054 0.180772
vt 0.303844 0.303844
vt 0.223140 0.223140
vt 0.246157 0.095583
vt 0.360592 0.004313
vt 0.542334 0.005175
vt 0.776534 0.102705
vt 0.787583 0.075648
vt 0.898813 0.319757
vt 0.898701 0.460901
vt 0.725537 0.080867
vt 0.804705 0.187195
vt 0.593347 0.099181
vt 0.192285 0.079698
vt 1.000000 0.208807
vt 1.000000 0.288099
vt 0.257958 0.145374
vt 0.023112 0.194082
vt 0.042529 0.231818
vt 0.072419 0.261946
vt 0.102973 0.277362
vt 0.083424 0.267499
vt 0.063798 0.253257
vt 0.030679 0.208788
vt 0.009164 0.198614
vt 0.001992 0.152139
vt 0.009164 0.105665
vt 0.030679 0.063851
vt 0.063798 0.030467
vt 0.085611 0.035677
vt 0.093494 0.031699
vt 0.072419 0.042333
vt 0.042529 0.072461
vt 0.023112 0.110197
vt 0.016640 0.152139
vt 0.520082 0.086710
vt 0.520082 0.301289
vt 0.478268 0.301289
vt 0.478268 0.104034
vt 0.508087 0.079801
vt 0.343505 0.301289
vt 0.343505 0.242337
vt 0.385319 0.194724
vt 0.385319 0.301289
vt 0.431794 0.147107
vt 0.431794 0.301289
vt 0.431794 0.147107
vt 0.478268 0.104034
vt 0.520082 0.086710
vt 0.553466 0.118574
vt 0.553466 0.301289
vt 0.310121 0.301289
vt 0.310121 0.285402
vt 0.705266 0.440806
s 1
usemtl lambert3SG
f 59/1/1 78/2/2 77/3/3 58/4/4 27/5/5
s 0
f 39/6/6 53/7/6 51/8/6 52/9/6
f 39/10/7 52/11/7 54/12/7 55/13/7 56/14/7 57/15/7 28/16/7 40/17/7
s 1
f 41/18/8 10/19/9 42/20/10
f 73/21/11 66/22/12 65/23/13 74/24/14
f 70/25/15 29/26/16 24/27/17 21/28/17 48/29/17
f 78/2/2 59/30/1 60/31/18 80/32/19
f 46/33/20 75/34/21 74/24/14 65/35/13
f 75/36/21 46/37/20 45/38/22
f 58/4/4 77/3/3 76/39/23 30/40/24
f 50/41/25 22/42/25 23/43/25 30/44/24 76/45/23
s 0
f 33/46/26 34/47/26 57/48/26 56/49/26 61/50/26 62/51/26 63/52/26 64/53/26 15/54/26 43/55/26 44/56/26 16/57/26 38/58/26 35/59/26
f 47/60/27 51/61/27 53/62/27 49/63/27
s 1
f 1/64/28 5/65/28 2/66/28 18/67/28 17/68/28 69/69/28 68/70/28 67/71/28 79/72/28 72/73/28 71/74/28 11/75/28 19/76/28 20/77/28 3/78/28 6/79/28 4/80/28 7/81/28
f 25/82/29 12/83/30 13/84/31 32/85/32 26/86/33
f 9/87/34 37/88/35 36/89/36 8/90/37
f 31/91/38 14/92/39 8/90/37 36/89/36
f 14/92/39 31/93/38 32/94/32 13/84/31
f 25/95/29 29/96/16 70/97/15 12/83/30
f 37/88/35 9/87/34 10/98/9 41/99/8
f 66/22/12 73/21/11 80/32/19 60/100/18
o PinkMug_cell.001
v 0.127448 0.517290 0.379256
v -0.148096 0.517290 0.468785
v -0.003417 0.517290 0.445280
v -0.292778 0.517290 0.445280
v 0.157222 0.517290 0.420236
v 0.012217 0.517290 0.493397
v -0.148096 0.517290 0.519441
v -0.308411 0.517290 0.493397
v -0.376494 0.517290 0.459046
v -0.349236 0.517290 0.416795
v -0.376494 -0.040267 0.459046
v -0.349239 -0.023174 0.416794
v -0.376450 -0.046906 0.459069
v -0.349178 -0.032357 0.416825
v -0.308411 -0.026756 0.493397
v -0.292778 -0.015655 0.445280
v -0.148098 0.027057 0.519441
v -0.148098 0.032911 0.468785
v -0.003417 0.086910 0.445280
v 0.012217 0.086891 0.493397
v 0.157222 0.146742 0.420236
v 0.125793 0.140241 0.380091
v 0.216776 0.397454 0.360207
v 0.239707 0.517290 0.337093
v 0.210330 0.517290 0.295713
v 0.181829 0.368343 0.324442
v 0.171855 0.163536 0.405487
v 0.141829 0.160055 0.364760
v 0.169788 0.152728 0.407570
v 0.139250 0.146567 0.367360
v -0.376494 0.517290 0.459046
v -0.376494 0.517290 0.459046
v -0.376494 -0.040267 0.459046
v -0.349236 0.517290 0.416795
v -0.349236 0.517290 0.416795
v 0.157222 0.146742 0.420236
v 0.169788 0.152728 0.407570
v -0.349239 -0.023174 0.416794
v -0.376450 -0.046906 0.459069
v -0.349178 -0.032357 0.416825
v -0.148098 0.032911 0.468785
v -0.003417 0.086910 0.445280
v 0.125793 0.140241 0.380091
v 0.012217 0.086891 0.493397
v -0.148098 0.027057 0.519441
v -0.308411 -0.026756 0.493397
v -0.292778 -0.015655 0.445280
v 0.239707 0.517290 0.337093
v 0.239707 0.517290 0.337093
v 0.210330 0.517290 0.295713
v 0.210330 0.517290 0.295713
v 0.216776 0.397454 0.360207
v 0.181829 0.368343 0.324442
v 0.141829 0.160055 0.364760
v 0.171855 0.163536 0.405487
v 0.139250 0.146567 0.367360
v 0.157222 0.517290 0.420236
v 0.012217 0.517290 0.493397
v -0.148096 0.517290 0.519441
v -0.308411 0.517290 0.493397
v 0.127448 0.517290 0.379256
v -0.003417 0.517290 0.445280
v -0.148096 0.517290 0.468785
v -0.292778 0.517290 0.445280
vn -0.8390 -0.0074 -0.5441
vn 0.3321 -0.9370 -0.1083
vn 0.7877 -0.2586 -0.5592
vn 0.7878 -0.2594 -0.5586
vn 0.7880 -0.2584 -0.5588
vn 0.3347 -0.9358 -0.1107
vn 0.3364 -0.0000 -0.9417
vn 0.3090 -0.0000 -0.9511
vn -0.0000 -0.0000 -1.0000
vn 0.0352 -0.0000 -0.9994
vn 0.5594 -0.0000 0.8289
vn 0.5878 -0.0000 0.8090
vn 0.3090 -0.0000 0.9511
vn 0.2759 -0.0000 0.9612
vn -0.0352 -0.0000 0.9994
vn -0.0000 -0.0000 1.0000
vn -0.3090 -0.0000 0.9511
vn -0.3364 -0.0000 0.9417
vn -0.7069 0.0002 -0.7073
vn -0.5573 0.0001 -0.8303
vn -0.5864 0.0001 -0.8100
vn -0.4505 -0.0000 0.8928
vn 0.4504 -0.0000 -0.8928
vn -0.2759 -0.0000 -0.9612
vn -0.3090 -0.0000 -0.9511
vn 0.7099 -0.0000 0.7043
vn -0.0000 1.0000 -0.0000
vn -0.8403 -0.0000 -0.5421
vt 0.794135 0.794135
vt 0.715234 0.715234
vt 1.000000 0.685461
vt 1.000000 0.772612
vt 0.743718 0.252200
vt 0.609124 0.000000
vt 0.691874 0.005343
vt 0.842928 0.288376
vt 0.896834 0.535986
vt 0.843322 0.721566
vt 0.772612 0.772612
vt 0.685461 0.685461
vt 0.744073 0.643146
vt 0.792369 0.475664
vt 0.380960 0.265913
vt 0.390183 0.000000
vt 0.456999 0.000000
vt 0.445535 0.330508
vt 1.000000 0.382443
vt 0.456999 0.456999
vt 0.390183 0.390183
vt 1.000000 0.306452
vt 0.489090 0.000000
vt 0.382443 0.382443
vt 0.306452 0.306452
vt 0.391909 0.000000
vt 0.608091 0.000000
vt 1.000000 0.312481
vt 0.952611 0.352181
vt 0.510910 0.000000
vt 0.076212 0.460831
vt 0.076213 0.306526
vt 0.118102 0.306526
vt 0.118102 0.446769
vt 0.998008 0.497540
vt 0.998008 0.604825
vt 0.956024 0.604825
vt 0.956024 0.480211
vt 0.909608 0.462887
vt 0.909608 0.604825
vt 0.863192 0.604825
vt 0.863192 0.447306
vt 0.419433 0.488163
vt 0.420186 0.484258
vt 0.423630 0.482627
vt 0.423630 0.591594
vt 0.399441 0.591594
vt 0.407759 0.548469
vt 0.909608 0.462887
vt 0.843480 0.604825
vt 0.843480 0.443394
vt 0.843492 0.441472
vt 0.059883 0.465667
vt 0.059865 0.463008
vt 0.059866 0.306526
vt 0.076212 0.460831
vt 0.159992 0.431135
vt 0.159992 0.306526
vt 0.197882 0.306526
vt 0.197402 0.415694
vt 0.744738 0.301289
vt 0.745349 0.194289
vt 0.748405 0.195737
vt 0.749008 0.198866
vt 0.762118 0.266592
vt 0.768811 0.301289
vt 0.110308 0.023216
vt 0.093962 0.031464
vt 0.086070 0.035445
vt 0.105782 0.009285
vt 0.152198 0.016411
vt 0.198614 0.025500
vt 0.240597 0.051022
vt 0.264479 0.070562
vt 0.255974 0.066522
vt 0.231977 0.042333
vt 0.194088 0.023216
vt 0.152198 0.001744
vt 0.314458 0.076895
vt 1.000000 0.715234
vt 1.000000 0.794135
vt 0.248530 0.076914
s 0
usemtl lambert3SG
f 91/101/40 92/102/40 120/103/40 119/104/40
f 122/105/41 123/106/41 116/107/41 124/108/41 125/109/41 126/110/41 119/111/41 120/112/41 127/113/41 121/114/41
f 128/115/42 132/116/42 133/117/42 130/118/42
f 134/119/43 133/120/43 132/121/43 135/122/43
f 136/123/44 134/124/44 135/125/44 117/126/44
f 117/127/45 116/128/45 123/129/45 136/130/45
s 1
f 96/131/46 144/132/47 82/133/48 98/134/49
f 101/135/50 137/136/51 138/137/52 100/138/53
f 97/139/54 139/140/55 140/141/56 95/142/57
f 108/143/58 110/144/58 102/145/59 141/146/60 131/147/58 106/148/58
f 100/138/53 138/137/52 139/140/55 97/149/54
f 95/142/57 140/141/56 111/150/61 113/151/61 93/152/61
f 94/153/62 118/154/62 115/155/62 144/132/47 96/156/46
f 99/157/63 142/158/64 141/159/60 102/160/59
f 137/161/51 101/162/50 109/163/65 107/164/65 103/165/65 129/166/65
f 84/167/66 114/168/66 112/169/66 88/170/66 87/171/66 86/172/66 85/173/66 104/174/66 105/175/66 81/176/66 83/177/66 143/178/66
s 0
f 90/179/67 92/180/67 91/181/67 89/182/67
s 1
f 98/134/49 82/133/48 142/158/64 99/157/63
o PinkMug_cell.002
v 0.293012 -0.436522 -0.143324
v 0.300218 -0.467290 0.000001
v 0.278813 -0.467290 -0.138710
v 0.315128 -0.436522 0.000001
v 0.340532 -0.449443 -0.158764
v 0.309154 -0.517290 -0.148569
v 0.365040 -0.449413 0.000001
v 0.332081 -0.517290 0.000001
v 0.352786 -0.449428 -0.079382
v 0.245558 -0.467290 -0.203338
v 0.205031 -0.467290 -0.199555
v 0.277906 -0.500850 -0.226544
v 0.270458 -0.436522 -0.187157
v 0.342095 -0.385631 -0.163236
v 0.319570 -0.449434 -0.199509
v 0.290663 -0.379185 -0.154557
v 0.296844 -0.361777 -0.144569
v 0.299396 -0.344218 -0.134154
v 0.350428 -0.333398 -0.132322
v 0.349624 -0.340414 -0.136504
v 0.344140 -0.379881 -0.159937
v 0.301615 -0.320174 -0.119774
v 0.302149 -0.314790 -0.116315
v 0.351156 -0.327383 -0.128469
v 0.310097 -0.415731 0.039860
v 0.314831 -0.367973 0.025844
v 0.367339 -0.407159 0.000001
v 0.367870 -0.374570 -0.007776
v 0.364343 -0.435986 0.008552
v 0.108012 -0.467290 0.185108
v 0.104818 -0.517290 0.198485
v 0.290248 -0.467290 0.064602
v 0.363129 -0.449415 0.012381
v 0.323798 -0.517290 0.053681
v 0.308045 -0.436522 0.045901
v -0.262887 -0.517290 0.037989
v -0.216325 -0.467290 0.003455
v -0.186295 -0.517290 -0.064068
v -0.160344 -0.467290 -0.071138
v 0.270098 -0.517290 -0.224474
v -0.259114 -0.467290 0.060788
v -0.284342 -0.517290 0.066737
v 0.313606 -0.344218 -0.042074
v 0.357881 -0.347355 -0.077038
v 0.353741 -0.334674 -0.109824
v 0.319217 -0.360594 0.000001
v 0.245558 -0.467290 -0.203338
v 0.205031 -0.467290 -0.199555
v 0.270458 -0.436522 -0.187157
v 0.290663 -0.379185 -0.154557
v 0.342095 -0.385631 -0.163236
v 0.319570 -0.449434 -0.199509
v 0.277906 -0.500850 -0.226544
v 0.344140 -0.379881 -0.159937
v 0.296844 -0.361777 -0.144569
v 0.299396 -0.344218 -0.134154
v 0.301615 -0.320174 -0.119774
v 0.350428 -0.333398 -0.132322
v 0.349624 -0.340414 -0.136504
v 0.351156 -0.327383 -0.128469
v 0.302149 -0.314790 -0.116315
v 0.367339 -0.407159 0.000001
v 0.367870 -0.374570 -0.007776
v 0.310097 -0.415731 0.039860
v 0.314831 -0.367973 0.025844
v 0.363129 -0.449415 0.012381
v 0.323798 -0.517290 0.053681
v 0.364343 -0.435986 0.008552
v 0.308045 -0.436522 0.045901
v 0.290248 -0.467290 0.064602
v 0.108012 -0.467290 0.185108
v 0.104818 -0.517290 0.198485
v -0.216325 -0.467290 0.003455
v -0.160344 -0.467290 -0.071138
v -0.262887 -0.517290 0.037989
v -0.186295 -0.517290 -0.064068
v 0.270098 -0.517290 -0.224474
v -0.284342 -0.517290 0.066737
v -0.259114 -0.467290 0.060788
v 0.357881 -0.347355 -0.077038
v 0.353741 -0.334674 -0.109824
v 0.313606 -0.344218 -0.042074
v 0.319217 -0.360594 0.000001
vn -0.0798 0.5138 -0.8542
vn -0.0790 0.5170 -0.8523
vn -0.0676 0.5440 -0.8364
vn 0.5424 0.1866 0.8191
vn 0.5421 0.1847 0.8198
vn -0.7595 0.3136 -0.5700
vn -0.3313 0.0387 -0.9427
vn -0.7603 0.3161 -0.5674
vn 0.3079 0.8998 0.3092
vn 0.8420 -0.3216 -0.4332
vn 0.9225 -0.2450 -0.2984
vn 0.5395 -0.8235 -0.1753
vn 0.4386 -0.8699 -0.2257
vn 0.8016 -0.4327 -0.4125
vn 0.5658 -0.8245 -0.0000
vn 0.9697 -0.2443 0.0011
vn 0.9440 -0.2945 0.1489
vn 0.3122 -0.9488 0.0482
vn 0.9580 -0.2458 -0.1476
vn 0.9772 -0.0506 -0.2060
vn 0.9881 -0.0432 -0.1474
vn 0.9881 -0.0450 -0.1474
vn 0.9873 -0.0493 -0.1510
vn 0.9905 -0.0495 -0.1282
vn 0.9857 -0.0511 0.1607
vn 0.8879 -0.0538 -0.4568
vn -0.2969 0.9426 0.1528
vn -0.5399 0.8233 0.1754
vn -0.9220 0.2454 0.2996
vn -0.8422 0.3209 0.4333
vn -0.9443 0.2951 -0.1457
vn -0.9694 0.2453 -0.0000
vn -0.5661 0.8243 -0.0000
vn -0.3125 0.9487 -0.0482
vn -0.3093 0.2644 0.9135
vn -0.0000 1.0000 -0.0000
vn -0.9869 0.0531 -0.1523
vn -0.9981 0.0537 0.0308
vn -0.9763 0.0536 0.2099
vn -0.8879 0.0531 0.4569
vn 0.9864 -0.0491 -0.1566
vn -0.0000 -1.0000 -0.0000
vn -0.9872 0.0468 0.1523
vn -0.9877 0.0358 0.1524
vn 0.9888 -0.0255 -0.1471
vn -0.9883 -0.0000 0.1525
vt 0.452696 0.069062
vt 0.650518 0.225348
vt 1.000000 0.471953
vt 1.000000 0.535741
vt 0.611077 0.261258
vt 0.280464 0.000000
vt 0.423043 0.000000
vt 0.535741 0.535741
vt 0.471953 0.471953
vt 0.634531 0.480471
vt 0.790023 0.484476
vt 1.000000 0.488369
vt 1.000000 0.548576
vt 0.938364 0.547246
vt 0.589459 0.538560
vt 0.548576 0.548576
vt 0.488369 0.488369
vt 0.504603 0.000000
vt 0.566975 0.000000
vt 0.562199 0.000000
vt 0.654368 0.000000
vt 1.000000 0.322932
vt 0.999092 0.412306
vt 0.791016 0.218118
vt 0.776298 0.355728
vt 0.473117 0.412578
vt 0.413156 0.413156
vt 0.322932 0.322932
vt 0.415765 0.321756
vt 0.553198 0.296039
vt 0.553895 0.000000
vt 0.777135 0.000000
vt 0.424781 0.000000
vt 1.000000 0.574963
vt 1.000000 0.786657
vt 0.212993 0.000000
vt 0.574963 0.574963
vt 0.576957 0.000000
vt 0.719536 0.000000
vt 0.789147 0.068465
vt 0.786657 0.786657
vt 0.424781 0.424781
vt 0.212993 0.212993
vt 0.143301 0.000000
vt 0.285792 0.000000
vt 0.913149 0.366125
vt 1.000000 0.433025
vt 1.000000 0.495397
vt 0.652864 0.226575
vt 0.457116 0.076069
vt 0.345632 0.000000
vt 0.437801 0.000000
vt 0.760877 0.249333
vt 0.924174 0.021391
vt 0.912377 0.021388
vt 0.909426 0.001745
vt 0.931403 0.001745
vt 0.932002 0.006505
vt 0.866410 0.001745
vt 0.866410 0.021397
vt 0.862826 0.021396
vt 0.850868 0.001745
vt 0.889394 0.021393
vt 0.912717 0.041529
vt 0.905932 0.052956
vt 0.898207 0.054618
vt 0.888715 0.050946
vt 0.866410 0.033631
vt 0.863933 0.025289
vt 0.913672 0.039864
vt 0.254950 0.306526
vt 0.273662 0.306526
vt 0.272326 0.315434
vt 0.259635 0.315434
vt 0.327113 0.315434
vt 0.313823 0.315434
vt 0.313823 0.306526
vt 0.332527 0.306526
vt 1.000000 0.222865
vt 1.000000 0.446105
vt 0.714208 0.000000
vt 0.856699 0.000000
vt 0.490687 0.658572
vt 0.543450 0.706846
vt 0.546337 0.725550
vt 0.540140 0.765711
vt 0.530512 0.764271
vt 0.518778 0.762516
vt 0.412989 0.739713
vt 0.396781 0.711491
vt 0.384392 0.697602
vt 0.327113 0.315434
vt 0.325364 0.321454
vt 0.321306 0.335281
vt 0.313823 0.337418
vt 0.271966 0.337075
vt 0.269074 0.332035
vt 0.868662 0.043068
vt 0.866410 0.033631
vt 0.888715 0.050946
vt 0.101572 0.762639
vt 0.107783 0.748759
vt 0.129959 0.720673
vt 0.262100 0.669794
vt 0.273408 0.691771
vt 0.280046 0.734787
vt 0.277648 0.750329
vt 0.214246 0.803051
vt 0.313823 0.337418
vt 0.301641 0.342159
vt 0.274981 0.342159
vt 0.271966 0.337075
vt 0.905932 0.052956
vt 0.904721 0.054993
vt 0.903606 0.056738
vt 0.274981 0.342159
vt 0.280146 0.350680
vt 0.279145 0.349121
s 0
usemtl lambert3SG
f 191/183/68 193/184/68 194/185/68 195/186/68 196/187/68 197/188/68 192/189/68
f 195/190/69 194/191/69 199/192/69 200/193/69 201/194/69 202/195/69 203/196/69 198/197/69
f 202/198/70 201/199/70 205/200/70 204/201/70
f 207/202/71 209/203/71 208/204/71 212/205/71 206/206/71
f 211/207/72 210/208/72 212/209/72 208/210/72 213/211/72 214/212/72 215/213/72 216/214/72
f 217/215/73 218/216/73 220/217/73 219/218/73
f 218/219/74 192/220/74 197/221/74 221/222/74 220/223/74
f 217/224/75 219/225/75 222/226/75 223/227/75
f 225/228/76 204/229/76 205/230/76 226/231/76 227/232/76 209/233/76 207/234/76 224/235/76
s 1
f 159/236/77 149/237/78 150/238/79 184/239/80 156/240/81
f 152/241/82 151/242/83 177/243/84 178/244/85
f 153/245/86 151/242/83 152/241/82 150/238/79 149/237/78
f 153/245/86 149/237/78 165/246/87 164/247/88 189/248/89 188/249/90
f 151/242/83 171/250/91 173/251/92 177/243/84
f 165/246/87 149/237/78 159/236/77 158/252/93
f 154/253/94 147/254/95 145/255/96 157/256/97
f 179/257/98 148/258/99 146/259/100 176/260/101
s 0
f 216/261/102 215/262/102 223/263/102 222/264/102
s 1
f 174/265/103 176/266/101 146/267/100 147/268/95 154/269/94 155/270/103 183/271/103 181/272/103 185/273/103
f 148/258/99 179/274/98 169/275/104 170/276/104 190/277/105
f 157/256/97 145/255/96 161/278/106 160/279/107
f 147/254/95 146/259/100 148/258/99 145/255/96
f 172/280/108 171/281/91 151/242/83 153/245/86 188/282/90
f 186/283/109 180/284/109 182/285/109 184/286/80 150/287/79 152/288/82 178/289/85 175/290/109
f 148/258/99 190/291/105 187/292/110 162/293/111 161/294/106 145/255/96
f 164/295/88 163/296/112 168/297/112 189/248/89
f 162/298/111 187/292/110 167/299/113 166/300/113
o PinkMug_cell.003
v 0.124524 -0.436522 0.375230
v -0.148098 -0.436522 0.463809
v -0.420717 -0.436522 0.375230
v 0.214596 -0.467290 0.263512
v -0.009560 -0.467290 0.426372
v -0.286634 -0.467290 0.426372
v -0.510790 -0.467290 0.263512
v -0.423642 -0.344218 0.379256
v -0.148096 -0.344218 0.468785
v 0.127448 -0.344218 0.379256
v 0.226660 -0.436522 0.272278
v 0.115748 -0.467290 0.363151
v -0.004953 -0.436522 0.440554
v -0.148096 -0.467290 0.448878
v -0.291242 -0.436522 0.440554
v -0.411940 -0.467290 0.363151
v -0.522853 -0.436522 0.272278
v -0.526875 -0.344218 0.275199
v -0.292776 -0.344218 0.445280
v -0.003417 -0.344218 0.445280
v 0.230682 -0.344218 0.275199
v 0.267039 -0.449413 0.301614
v 0.240374 -0.517290 0.282243
v 0.153892 -0.449443 0.415653
v 0.134500 -0.517290 0.388961
v 0.010471 -0.449413 0.488023
v 0.000286 -0.517290 0.456677
v -0.148098 -0.449443 0.513775
v -0.148096 -0.517290 0.480783
v -0.306665 -0.449413 0.488023
v -0.296479 -0.517290 0.456677
v -0.450086 -0.449444 0.415653
v -0.430694 -0.517290 0.388961
v -0.563233 -0.449413 0.301614
v -0.536569 -0.517290 0.282241
v -0.453416 -0.345581 0.420236
v -0.567804 -0.345579 0.304936
v -0.148096 -0.345581 0.519439
v -0.308411 -0.345579 0.493396
v 0.157222 -0.345581 0.420236
v 0.012216 -0.345579 0.493396
v 0.271609 -0.345579 0.304936
v -0.595195 -0.431834 0.241560
v -0.594236 -0.345580 0.253567
v -0.549836 -0.344218 0.230575
v -0.550273 -0.381754 0.225360
v -0.588614 -0.249981 0.264493
v -0.595380 -0.449427 0.239129
v -0.570448 -0.517290 0.216398
v -0.550880 -0.436522 0.217809
v -0.539602 -0.467290 0.207517
v -0.284426 -0.467290 0.074631
v -0.297535 -0.517290 0.074276
v -0.491396 -0.152577 0.381953
v -0.453416 -0.116009 0.420236
v -0.452852 -0.127417 0.349813
v -0.423642 -0.099293 0.379256
v -0.376689 -0.048636 0.458948
v -0.349405 -0.034107 0.416710
v -0.567804 -0.226462 0.304936
v -0.541098 -0.215019 0.247558
v -0.526875 -0.198996 0.275199
v -0.285494 -0.517290 0.068032
v -0.260285 -0.467290 0.062112
v -0.216174 -0.517290 0.091635
v -0.121302 -0.467290 0.109434
v 0.103705 -0.517290 0.201038
v 0.106950 -0.467290 0.187500
v 0.220209 -0.467290 0.252604
v 0.277997 -0.449418 0.280316
v 0.236764 -0.436522 0.252641
v 0.252316 -0.344218 0.233153
v 0.295542 -0.345580 0.258422
v 0.139741 0.144394 0.366865
v 0.262069 0.052842 0.314553
v 0.216773 0.062471 0.289219
v 0.170228 0.150514 0.407127
v 0.125844 0.138018 0.380065
v -0.308411 -0.028506 0.493397
v -0.292778 -0.017412 0.445280
v -0.148098 0.025109 0.519441
v -0.148098 0.030975 0.468785
v -0.003417 0.084805 0.445280
v 0.012217 0.084757 0.493397
v 0.157222 0.144451 0.420236
v 0.219870 0.058836 0.286098
v 0.265761 0.048508 0.310832
v 0.230682 -0.037279 0.275199
v 0.271610 -0.003490 0.304936
v -0.595195 -0.431834 0.241560
v -0.594236 -0.345580 0.253567
v 0.170228 0.150514 0.407127
v 0.157222 0.144451 0.420236
v -0.588614 -0.249981 0.264493
v -0.549836 -0.344218 0.230575
v -0.550273 -0.381754 0.225360
v -0.539602 -0.467290 0.207517
v -0.284426 -0.467290 0.074631
v -0.570448 -0.517290 0.216398
v -0.297535 -0.517290 0.074276
v -0.595380 -0.449427 0.239129
v -0.550880 -0.436522 0.217809
v -0.491396 -0.152577 0.381953
v -0.453416 -0.116009 0.420236
v -0.376689 -0.048636 0.458948
v -0.423642 -0.099293 0.379256
v -0.349405 -0.034107 0.416710
v -0.452852 -0.127417 0.349813
v -0.526875 -0.198996 0.275199
v -0.541098 -0.215019 0.247558
v -0.567804 -0.226462 0.304936
v -0.260285 -0.467290 0.062112
v -0.285494 -0.517290 0.068032
v -0.121302 -0.467290 0.109434
v -0.216174 -0.517290 0.091635
v 0.106950 -0.467290 0.187500
v 0.103705 -0.517290 0.201038
v 0.220209 -0.467290 0.252604
v 0.236764 -0.436522 0.252641
v 0.240374 -0.517290 0.282243
v 0.277997 -0.449418 0.280316
v 0.295542 -0.345580 0.258422
v 0.252316 -0.344218 0.233153
v 0.262069 0.052842 0.314553
v 0.139741 0.144394 0.366865
v 0.216773 0.062471 0.289219
v -0.292778 -0.017412 0.445280
v -0.148098 0.030975 0.468785
v -0.308411 -0.028506 0.493397
v -0.148098 0.025109 0.519441
v 0.012217 0.084757 0.493397
v 0.125844 0.138018 0.380065
v -0.003417 0.084805 0.445280
v 0.219870 0.058836 0.286098
v 0.265761 0.048508 0.310832
v 0.230682 -0.037279 0.275199
v 0.271610 -0.003490 0.304936
vn -0.4469 0.1344 -0.8844
vn -0.4582 0.1264 -0.8798
vn -0.6161 0.7768 -0.1308
vn -0.6170 0.7758 -0.1325
vn -0.4567 0.1260 -0.8806
vn 0.3108 -0.2648 -0.9128
vn 0.3119 -0.2671 -0.9118
vn 0.4132 0.8003 -0.4345
vn -0.3293 0.9382 0.1068
vn -0.3311 0.9373 0.1085
vn 0.4281 0.7704 -0.4725
vn 0.8680 -0.2170 0.4466
vn 0.7842 -0.2460 0.5697
vn 0.4663 -0.7788 0.4196
vn 0.5697 -0.2461 0.7841
vn 0.3334 -0.8235 0.4589
vn 0.2995 -0.2460 0.9218
vn 0.1748 -0.8246 0.5381
vn -0.0000 -0.2461 0.9693
vn -0.0000 -0.8235 0.5673
vn -0.2995 -0.2460 0.9218
vn -0.1748 -0.8246 0.5381
vn -0.5697 -0.2461 0.7841
vn -0.3334 -0.8235 0.4589
vn -0.7842 -0.2460 0.5697
vn -0.4577 -0.8245 0.3326
vn -0.4545 -0.8595 0.2339
vn -0.8579 -0.2630 0.4414
vn 0.4840 -0.2712 -0.8320
vn -0.2825 -0.0000 0.9593
vn -0.4505 -0.0000 0.8928
vn -0.5351 -0.0000 0.8448
vn -0.5876 -0.0272 0.8087
vn -0.3089 -0.0271 0.9507
vn -0.8888 -0.0291 0.4573
vn -0.8087 -0.0271 0.5876
vn -0.7781 -0.0000 0.6281
vn -0.8892 -0.0000 0.4575
vn 0.7201 -0.0000 0.6938
vn 0.7099 -0.0000 0.7043
vn 0.6157 -0.0000 0.7880
vn 0.5876 -0.0272 0.8087
vn 0.8087 -0.0271 0.5876
vn -0.0000 -0.0271 0.9996
vn 0.0343 -0.0000 0.9994
vn -0.0000 0.0268 -0.9996
vn 0.3089 0.0268 -0.9507
vn 0.2825 -0.0000 -0.9593
vn -0.0343 -0.0000 -0.9994
vn -0.8879 -0.0537 0.4569
vn 0.3089 -0.0271 0.9507
vn 0.3417 -0.0000 0.9398
vn 0.8889 -0.0258 0.4574
vn -0.4974 0.8289 -0.2560
vn -0.4580 0.8243 -0.3328
vn -0.7843 0.2454 -0.5698
vn -0.8677 0.2184 -0.4465
vn -0.3336 0.8233 -0.4592
vn -0.5698 0.2454 -0.7843
vn -0.1749 0.8243 -0.5384
vn -0.2996 0.2453 -0.9220
vn -0.0000 0.8233 -0.5676
vn -0.0000 0.2454 -0.9694
vn 0.1749 0.8243 -0.5384
vn 0.2996 0.2454 -0.9220
vn 0.3336 0.8233 -0.4592
vn 0.5698 0.2454 -0.7843
vn 0.4580 0.8243 -0.3328
vn 0.7843 0.2454 -0.5698
vn 0.8581 0.2623 -0.4415
vn 0.4548 0.8593 -0.2340
vn -0.5873 0.0268 -0.8089
vn -0.3089 0.0268 -0.9507
vn -0.3417 -0.0000 -0.9398
vn -0.6145 -0.0000 -0.7889
vn -0.0000 1.0000 -0.0000
vn 0.5876 0.0269 -0.8087
vn 0.5351 -0.0000 -0.8448
vn 0.4504 -0.0000 -0.8928
vn 0.8087 0.0268 -0.5876
vn 0.7782 -0.0000 -0.6281
vn 0.7099 -0.0000 -0.7043
vn 0.8888 0.0289 -0.4573
vn 0.8892 -0.0000 -0.4575
vn -0.0000 -1.0000 -0.0000
vn 0.8879 0.0531 -0.4569
vn -0.8084 0.0268 -0.5880
vn -0.8889 0.0256 -0.4574
vn -0.7099 -0.0000 0.7043
vn -0.7188 -0.0001 -0.6952
vn 0.4985 0.1517 -0.8535
vn -0.7084 -0.0001 -0.7058
vt 0.620941 0.407096
vt 0.223433 0.000000
vt 0.304090 0.000000
vt 0.835136 0.543856
vt 1.000000 0.709397
vt 1.000000 0.787633
vt 0.843268 0.627952
vt 0.843983 0.000000
vt 0.922184 0.000000
vt 0.921419 0.671600
vt 0.815160 0.776739
vt 0.787633 0.787633
vt 0.709396 0.709396
vt 0.795092 0.675556
vt 1.000000 0.612578
vt 0.687362 0.378978
vt 0.228397 0.000000
vt 0.315489 0.000000
vt 0.759548 0.366671
vt 1.000000 0.546335
vt 0.673532 0.132355
vt 0.697969 0.000000
vt 0.778080 0.000000
vt 0.743874 0.185260
vt 0.612578 0.612578
vt 0.546335 0.546335
vt 1.000000 0.077816
vt 1.000000 0.156017
vt 0.715898 0.000000
vt 0.858299 0.000000
vt 0.715898 0.715898
vt 1.000000 0.555282
vt 1.000000 0.778189
vt 0.858299 0.858299
vt 0.555282 0.555282
vt 0.555409 0.000000
vt 0.778367 0.000000
vt 0.778189 0.778189
vt 0.618272 0.000000
vt 0.679824 0.000000
vt 1.000000 0.507836
vt 1.000000 0.605464
vt 1.000000 0.608808
vt 1.000000 0.687114
vt 0.605464 0.605464
vt 0.507836 0.507836
vt 0.743397 0.101224
vt 0.684511 0.000000
vt 0.771603 0.000000
vt 0.842606 0.122050
vt 0.896250 0.360860
vt 0.842503 0.554313
vt 0.687114 0.687114
vt 0.608809 0.608809
vt 0.743304 0.491334
vt 0.791811 0.316747
vt 1.000000 0.675460
vt 0.679824 0.679824
vt 0.618272 0.618272
vt 1.000000 0.613068
vt 0.785249 0.021396
vt 0.779083 0.021397
vt 0.785282 0.001745
vt 0.746065 0.021388
vt 0.753793 0.001745
vt 0.784691 0.001745
vt 0.997044 0.324924
vt 0.955519 0.324933
vt 0.952570 0.305280
vt 0.991429 0.305280
vt 0.909608 0.324924
vt 0.909608 0.305280
vt 0.863697 0.324933
vt 0.866647 0.305280
vt 0.822172 0.324924
vt 0.827787 0.305280
vt 0.552139 0.021388
vt 0.519121 0.021397
vt 0.513512 0.001745
vt 0.544410 0.001745
vt 0.494448 0.001745
vt 0.501029 0.021393
vt 0.789648 0.207337
vt 0.228196 0.000000
vt 0.299986 0.005417
vt 0.800558 0.275579
vt 0.445592 0.223399
vt 0.221633 0.000000
vt 0.444591 0.000000
vt 0.628774 0.183721
vt 0.863192 0.446799
vt 0.843423 0.440971
vt 0.821208 0.421464
vt 0.821208 0.354995
vt 0.863192 0.354996
vt 0.505209 0.051460
vt 0.520082 0.051460
vt 0.520082 0.085948
vt 0.508372 0.079139
vt 0.778121 0.150506
vt 0.776414 0.165561
vt 0.775337 0.166816
vt 0.748534 0.195096
vt 0.744738 0.193340
vt 0.744738 0.051460
vt 0.778121 0.051461
vt 0.909608 0.354995
vt 0.909608 0.462323
vt 0.863192 0.446799
vt 0.553465 0.051460
vt 0.118102 0.555960
vt 0.076213 0.555960
vt 0.076212 0.461339
vt 0.118102 0.447330
vt 0.501733 0.026486
vt 0.501029 0.021393
vt 0.505209 0.051460
vt 0.998008 0.354995
vt 0.956024 0.354996
vt 0.998008 0.496876
vt 0.956024 0.479593
vt 0.791588 0.051461
vt 0.386961 0.306526
vt 0.390119 0.306526
vt 0.392656 0.315434
vt 0.386971 0.315434
vt 0.418967 0.306526
vt 0.422464 0.315434
vt 0.197035 0.582685
vt 0.194494 0.591594
vt 0.158213 0.591594
vt 0.159547 0.582685
vt 0.118102 0.591594
vt 0.118102 0.582685
vt 0.077991 0.591594
vt 0.076657 0.582685
vt 0.041711 0.591594
vt 0.039170 0.582685
vt 0.596625 0.314189
vt 0.600122 0.305280
vt 0.628971 0.305280
vt 0.626433 0.314189
vt 0.642204 0.314189
vt 0.645184 0.305280
vt 0.197882 0.555960
vt 0.159992 0.555960
vt 0.159992 0.431744
vt 0.197881 0.416148
vt 0.376425 0.602101
vt 0.416535 0.668234
vt 0.456646 0.602101
vt 0.492927 0.620406
vt 0.521547 0.649255
vt 0.523172 0.652413
vt 0.490380 0.658665
vt 0.424293 0.668715
vt 0.384053 0.697607
vt 0.377064 0.697699
vt 0.303182 0.686922
vt 0.311524 0.649255
vt 0.340144 0.657896
vt 0.118102 0.447330
vt 0.159992 0.431744
vt 0.038323 0.555960
vt 0.038323 0.485047
vt 0.059817 0.466173
vt 0.076212 0.461339
vt 0.595459 0.340914
vt 0.625587 0.340914
vt 0.625587 0.382960
vt 0.603984 0.403684
vt 0.595459 0.411827
vt 0.625587 0.382960
vt 0.638507 0.340914
vt 0.633590 0.378321
vt 0.253494 0.816506
vt 0.222840 0.847404
vt 0.183981 0.867010
vt 0.141019 0.792103
vt 0.098058 0.792675
vt 0.059198 0.847404
vt 0.028544 0.816505
vt 0.018735 0.797441
vt 0.097752 0.762968
vt 0.101238 0.762634
vt 0.121309 0.762899
vt 0.213924 0.802940
vt 0.638507 0.340914
vt 0.640017 0.330046
vt 0.393502 0.342159
vt 0.381328 0.342159
vt 0.423630 0.342159
vt 0.553466 0.117928
vt 0.542382 0.107341
vt 0.381328 0.342159
vt 0.393502 0.431028
vt 0.909608 0.462323
vt 0.699771 0.000000
vt 0.771805 0.000000
vt 0.619523 0.355111
vt 0.675460 0.675460
vt 0.613068 0.613068
vt 0.582807 0.439760
vt 0.778121 0.150506
vt 0.791670 0.051804
vt 0.423630 0.481972
vt 0.420042 0.483629
vt 0.397561 0.459909
vt 0.396658 0.458857
s 0
usemtl lambert3SG
f 318/301/114 321/302/114 337/303/114 322/304/114 323/305/114 317/306/114
f 324/307/115 325/308/115 327/309/115 326/310/115 328/311/115 317/312/115 323/313/115 329/314/115
f 330/315/116 331/316/116 332/317/116 334/318/116 333/319/116 335/320/116
f 336/321/117 337/322/117 321/323/117 338/324/117 330/325/117 335/326/117
f 327/327/118 325/328/118 339/329/118 340/330/118
f 339/331/119 341/332/119 342/333/119 340/334/119
f 341/335/120 343/336/120 344/337/120 342/338/120
f 351/339/121 353/340/121 352/341/121 319/342/121
f 359/343/122 320/344/122 319/345/122 352/346/122
f 354/347/123 334/348/123 332/349/123 356/350/123 357/351/123 358/352/123 320/353/123 359/354/123 360/355/123 355/356/123
f 361/357/124 353/358/124 351/359/124 362/360/124
s 1
f 297/361/125 249/362/126 250/363/127
f 249/362/126 251/364/128 252/365/129 250/366/127
f 251/367/128 253/368/130 254/369/131 252/370/129
f 253/368/130 255/371/132 256/372/133 254/369/131
f 255/371/132 257/373/134 258/374/135 256/372/133
f 257/373/134 259/375/136 260/376/137 258/374/135
f 259/377/136 261/378/138 262/379/139 260/380/137
f 276/381/140 262/379/139 261/378/138 275/382/141
s 0
f 346/383/142 350/384/142 349/385/142 348/386/142 347/387/142 344/388/142 343/389/142 345/390/142
s 1
f 306/391/143 285/392/144 282/393/145 263/394/146 266/395/147
f 271/396/148 264/397/149 287/398/150 274/399/151
f 364/400/152 314/401/153 302/402/153 304/403/153 312/404/154 267/405/155 269/406/156
f 265/407/157 308/408/158 306/409/143 266/395/147
f 259/377/136 263/410/146 264/397/149 261/378/138
f 236/411/159 246/412/160 307/413/161 309/414/162
f 270/415/163 275/416/141 261/378/138 264/397/149 271/417/148
f 255/371/132 265/407/157 266/395/147 257/373/134
f 257/373/134 266/395/147 263/394/146 259/375/136
f 251/367/128 267/418/155 268/419/164 253/368/130
f 267/418/155 312/420/154 311/421/165 268/419/164
f 253/368/130 268/419/164 265/407/157 255/371/132
f 269/406/156 249/362/126 297/361/125 300/422/166
f 249/362/126 269/406/156 267/405/155 251/364/128
f 296/423/167 231/424/168 238/425/169 298/426/170
f 238/425/169 231/424/168 239/427/171 228/428/172
f 228/429/172 239/430/171 232/431/173 240/432/174
f 240/432/174 232/431/173 241/433/175 229/434/176
f 229/434/176 241/433/175 233/435/177 242/436/178
f 242/436/178 233/435/177 243/437/179 230/438/180
f 230/439/180 243/440/179 234/441/181 244/442/182
f 277/443/183 244/442/182 234/441/181 278/444/184
f 237/445/185 247/446/186 310/447/187 305/448/188
f 233/449/177 241/450/175 232/451/173 239/452/171 231/453/168 296/454/167 295/455/189 293/456/189 291/457/189 279/458/189 278/459/184 234/460/181 243/461/179
f 247/446/186 236/411/159 309/462/162 310/463/187
f 246/412/160 235/464/190 284/465/191 286/466/192 307/467/161
f 235/468/190 245/469/193 289/470/194 283/471/195 284/472/191
f 289/473/194 245/469/193 272/474/196 288/475/197
f 250/476/127 252/477/129 254/478/131 256/479/133 258/480/135 260/481/137 262/482/139 276/483/140 280/484/198 290/485/198 292/486/198 294/487/198
f 230/439/180 244/442/182 245/469/193 235/468/190
f 272/488/196 245/469/193 244/442/182 277/443/183 273/489/199
f 229/434/176 242/436/178 246/412/160 236/411/159
f 242/436/178 230/438/180 235/464/190 246/412/160
f 228/429/172 240/432/174 247/446/186 237/445/185
f 240/432/174 229/434/176 236/411/159 247/446/186
f 238/425/169 248/490/200 299/491/201 298/426/170
f 238/425/169 228/428/172 237/492/185 248/490/200
f 282/493/145 281/494/202 287/398/150 264/397/149 263/410/146
f 299/495/201 248/490/200 315/496/203
f 311/421/165 308/497/158 265/407/157 268/419/164
s 0
f 349/498/204 350/499/204 363/500/204 361/501/204 362/502/204 316/503/204
s 1
f 364/504/152 269/406/156 300/505/166
f 248/490/200 237/492/185 305/506/188 301/507/205 303/508/205 313/509/205 315/496/203
o PinkMug_cell.004
v 0.124524 -0.436522 -0.375228
v 0.127448 -0.344218 -0.379254
v -0.004953 -0.436522 -0.440553
v 0.115748 -0.467290 -0.363149
v 0.226660 -0.436522 -0.272276
v -0.009560 -0.467290 -0.426371
v 0.214596 -0.467290 -0.263511
v -0.003417 -0.344218 -0.445279
v -0.148098 -0.517290 -0.480782
v 0.010471 -0.449413 -0.488021
v 0.000286 -0.517290 -0.456675
v 0.153892 -0.449444 -0.415652
v 0.134499 -0.517290 -0.388960
v 0.240375 -0.517290 -0.282240
v 0.157222 -0.345581 -0.420235
v 0.012216 -0.345579 -0.493394
v -0.182592 -0.517290 -0.114925
v -0.153248 -0.467290 -0.171442
v -0.134476 -0.467290 -0.446665
v -0.071079 -0.344218 -0.456272
v -0.010473 -0.224015 -0.446425
v -0.121097 -0.449438 -0.509389
v -0.068349 -0.345580 -0.506483
v -0.157745 -0.517290 -0.479215
v -0.148098 -0.499719 -0.489326
v -0.117955 -0.436522 -0.458910
v 0.013562 -0.183061 -0.492717
v -0.185781 -0.517290 -0.066041
v -0.159657 -0.467290 -0.073191
v -0.003417 -0.210119 -0.445279
v 0.013710 -0.175644 -0.436638
v 0.028262 -0.153472 -0.485300
v 0.127448 -0.294479 -0.379254
v 0.163470 -0.344218 -0.342946
v 0.157222 -0.288213 -0.420235
v 0.203536 -0.467290 -0.201047
v 0.276900 -0.501081 -0.228256
v 0.269170 -0.449414 -0.297471
v 0.231481 -0.467290 -0.230697
v 0.267225 -0.445183 -0.301748
v 0.198768 -0.345580 -0.378357
v 0.269204 -0.517290 -0.226210
v -0.134476 -0.467290 -0.446665
v -0.117955 -0.436522 -0.458910
v -0.071079 -0.344218 -0.456272
v -0.010473 -0.224015 -0.446425
v 0.163470 -0.344218 -0.342946
v 0.226660 -0.436522 -0.272276
v -0.068349 -0.345580 -0.506483
v 0.013562 -0.183061 -0.492717
v -0.121097 -0.449438 -0.509389
v -0.148098 -0.499719 -0.489326
v -0.157745 -0.517290 -0.479215
v -0.182592 -0.517290 -0.114925
v -0.153248 -0.467290 -0.171442
v 0.028262 -0.153472 -0.485300
v -0.003417 -0.210119 -0.445279
v 0.013710 -0.175644 -0.436638
v -0.185781 -0.517290 -0.066041
v -0.159657 -0.467290 -0.073191
v 0.231481 -0.467290 -0.230697
v 0.157222 -0.288213 -0.420235
v 0.127448 -0.294479 -0.379254
v 0.203536 -0.467290 -0.201047
v 0.276900 -0.501081 -0.228256
v 0.269170 -0.449414 -0.297471
v 0.267225 -0.445183 -0.301748
v 0.198768 -0.345580 -0.378357
v 0.269204 -0.517290 -0.226210
vn -0.8893 0.4533 -0.0607
vn -0.8882 0.4558 -0.0579
vn 0.5067 0.7168 0.4789
vn 0.3318 -0.0386 0.9426
vn -0.0000 -0.8235 -0.5673
vn -0.0621 -0.9219 -0.3825
vn 0.1035 -0.4349 -0.8945
vn 0.1529 -0.3020 -0.9410
vn 0.2995 -0.2460 -0.9218
vn 0.1748 -0.8246 -0.5381
vn 0.5706 -0.2464 -0.7834
vn 0.3356 -0.8223 -0.4595
vn 0.7199 -0.3412 -0.6045
vn 0.4580 -0.8232 -0.3354
vn 0.8017 -0.4326 -0.4125
vn 0.5083 -0.8205 -0.2616
vn -0.0000 -1.0000 -0.0000
vn 0.4096 0.0004 -0.9123
vn 0.4504 -0.0000 -0.8928
vn 0.5220 -0.0000 -0.8529
vn 0.5876 -0.0296 -0.8086
vn 0.3085 -0.0264 -0.9509
vn 0.7086 -0.0634 -0.7027
vn 0.7092 -0.0478 -0.7034
vn 0.1603 -0.0339 -0.9865
vn -0.0754 0.8825 0.4643
vn -0.0000 1.0000 -0.0000
vn -0.2485 0.9602 0.1279
vn -0.4580 0.8243 0.3328
vn -0.3336 0.8233 0.4592
vn -0.1749 0.8243 0.5384
vn -0.2996 0.2453 0.9220
vn -0.1529 0.3013 0.9412
vn -0.5698 0.2454 0.7843
vn -0.7150 0.3440 0.6087
vn -0.4086 -0.0000 0.9127
vn -0.3089 0.0268 0.9507
vn -0.5876 0.0269 0.8087
vn -0.5220 -0.0000 0.8529
vn -0.4504 -0.0000 0.8928
vn -0.7093 0.0401 0.7037
vn -0.1603 0.0345 0.9865
vn -0.1604 -0.0000 0.9871
vt 0.461695 0.221172
vt 0.505767 0.289213
vt 0.714995 0.493211
vt 1.000000 0.758848
vt 0.992637 0.843479
vt 0.613777 0.490361
vt 0.378482 0.260828
vt 0.306561 0.149635
vt 0.287491 0.110767
vt 1.000000 0.109607
vt 1.000000 0.220295
vt 0.849510 0.849510
vt 0.758848 0.758848
vt 0.824661 0.751822
vt 1.000000 0.721392
vt 1.000000 0.823393
vt 0.220295 0.220295
vt 0.109607 0.109607
vt 0.211274 0.000000
vt 0.424633 0.000000
vt 0.885231 0.557241
vt 0.823393 0.823393
vt 0.721393 0.721393
vt 0.775934 0.486660
vt 0.762439 0.369565
vt 0.726544 0.146633
vt 0.662821 0.045467
vt 0.575193 0.000000
vt 0.719340 0.000000
vt 0.826453 0.169937
vt 0.831112 0.181720
vt 0.869665 0.422186
vt 0.788508 0.720565
vt 0.719340 0.719340
vt 0.575193 0.575193
vt 0.575367 0.000000
vt 0.788726 0.000000
vt 0.649936 0.301289
vt 0.647143 0.301289
vt 0.649936 0.296201
vt 0.657753 0.281643
vt 0.695847 0.281636
vt 0.692898 0.301289
vt 0.649936 0.296201
vt 0.737372 0.281645
vt 0.731757 0.301289
vt 0.986755 0.021388
vt 0.953737 0.021397
vt 0.948128 0.001745
vt 0.979027 0.001745
vt 0.932498 0.006438
vt 0.931906 0.001745
vt 0.952538 0.021397
vt 0.131031 0.706548
vt 0.138225 0.677645
vt 0.141019 0.595585
vt 0.183981 0.676899
vt 0.222840 0.622170
vt 0.253494 0.653069
vt 0.261841 0.669291
vt 0.130108 0.720672
vt 0.696742 0.204519
vt 0.700998 0.195951
vt 0.738336 0.234964
vt 0.738336 0.251574
vt 0.696352 0.251573
vt 0.953776 0.022622
vt 0.988082 0.051460
vt 0.975957 0.051460
vt 0.673026 0.251574
vt 0.657753 0.281643
vt 0.420479 0.782620
vt 0.415044 0.753901
vt 0.413188 0.739714
vt 0.518345 0.762451
vt 0.526436 0.763661
vt 0.521547 0.801845
vt 0.492927 0.793204
vt 0.456646 0.848998
vt 0.513489 0.305280
vt 0.549656 0.305280
vt 0.550990 0.314189
vt 0.518272 0.314189
vt 0.585936 0.305280
vt 0.588477 0.314189
vt 0.205182 0.315434
vt 0.208680 0.306526
vt 0.237528 0.306526
vt 0.234990 0.315434
vt 0.247029 0.306526
vt 0.696352 0.205309
vt 0.551434 0.379739
vt 0.551434 0.340914
vt 0.589324 0.340914
vt 0.589324 0.355315
vt 0.556393 0.389721
vt 0.204017 0.342159
vt 0.234986 0.315547
vt 0.214530 0.342159
vt 0.204017 0.356560
vt 0.531844 0.340914
vt 0.518272 0.314189
vt 0.988082 0.068070
vt 0.551434 0.379739
vt 0.549391 0.375716
s 0
usemtl lambert3SG
f 407/510/206 408/511/206 409/512/206 410/513/206 414/514/206 413/515/206 415/516/206 416/517/206 417/518/206 418/519/206 419/520/206
f 414/521/207 410/522/207 421/523/207 422/524/207 420/525/207
f 419/526/207 418/527/207 423/528/207 424/529/207
f 426/530/208 420/531/208 422/532/208 427/533/208 411/534/208 412/535/208 425/536/208 428/537/208 429/538/208 430/539/208 431/540/208 432/541/208
f 433/542/209 429/543/209 428/544/209 424/545/209 423/546/209
s 1
f 373/547/210 388/548/211 389/549/212
f 386/550/213 374/551/214 375/552/215 373/547/210 389/553/212
f 374/551/214 376/554/216 377/555/217 375/552/215
f 376/556/216 402/557/218 378/558/219 377/559/217
f 401/560/220 406/561/221 378/558/219 402/562/218
f 381/563/222 388/564/211 373/565/210 375/566/215 377/567/217 378/568/219 406/569/221 392/570/222
f 391/571/223 396/572/224 399/573/225 379/574/226 380/575/227
f 404/576/228 402/557/218 376/556/216 379/577/226 405/578/229
f 387/579/230 380/575/227 374/551/214 386/580/213
f 374/551/214 380/575/227 379/574/226 376/554/216
f 383/581/231 382/582/232 393/583/232 400/584/232 403/585/233 371/586/234 368/587/235 370/588/236
f 383/589/231 370/590/236 367/591/237 390/592/238
f 367/591/237 370/590/236 368/593/235 365/594/239
f 365/595/239 368/596/235 371/597/234 369/598/240
f 369/598/240 371/597/234 403/599/233
f 391/600/223 380/575/227 387/579/230
f 394/601/241 372/602/242 366/603/243 397/604/244 395/605/245
f 366/606/243 365/595/239 369/607/240 398/608/246
f 366/606/243 398/608/246 397/609/244
f 367/591/237 372/602/242 384/610/247 390/611/238
f 367/591/237 365/594/239 366/603/243 372/602/242
f 405/578/229 379/577/226 399/612/225
f 372/602/242 394/613/241 385/614/248 384/610/247
o PinkMug_cell.005
v 0.127448 0.517290 -0.379254
v 0.297744 0.517290 -0.144862
v 0.297744 0.517290 0.144864
v -0.003417 0.517290 -0.445279
v 0.230682 0.517290 -0.275198
v 0.320099 0.517290 0.000001
v 0.230682 0.517290 0.275199
v 0.012217 0.517290 -0.493396
v 0.157222 0.517290 -0.420235
v 0.271610 0.517290 -0.304935
v 0.345920 0.271144 -0.160515
v 0.345920 0.517290 -0.160515
v 0.370690 0.244746 0.000001
v 0.370690 0.517290 0.000001
v 0.345920 0.271144 0.160517
v 0.345920 0.517290 0.160517
v 0.271610 0.517290 0.304936
v 0.345920 0.394217 0.160517
v 0.370690 0.420615 0.000001
v 0.345920 0.394217 -0.160515
v 0.358940 0.376648 0.076155
v 0.358938 0.288714 0.076155
v 0.358940 0.376648 -0.076153
v 0.358938 0.288714 -0.076153
v 0.358938 0.332682 -0.083768
v 0.345920 0.332681 -0.160515
v 0.345920 0.332681 0.160517
v 0.358938 0.332682 0.083770
v 0.372876 0.269858 0.001048
v 0.362234 0.304609 0.055637
v 0.372876 0.395505 -0.001046
v 0.362234 0.360754 -0.055635
v 0.362395 0.362559 0.054382
v 0.363505 0.333882 0.063078
v 0.362395 0.302802 -0.054380
v 0.363505 0.331479 -0.063076
v 0.429217 0.300681 0.055563
v 0.435075 0.266119 0.000857
v 0.429337 0.299180 -0.054536
v 0.432706 0.327698 -0.063126
v 0.434076 0.356778 -0.055566
v 0.445824 0.390910 -0.000857
v 0.434275 0.358251 0.054539
v 0.432757 0.329674 0.063126
v 0.482936 0.280173 0.055489
v 0.475453 0.247644 0.000665
v 0.482788 0.278954 -0.054693
v 0.495558 0.304532 -0.063177
v 0.506832 0.330955 -0.055498
v 0.528073 0.360032 -0.000669
v 0.507265 0.332041 0.054696
v 0.495946 0.306063 0.063173
v 0.525144 0.236327 0.055414
v 0.503316 0.211874 0.000473
v 0.524754 0.235486 -0.054851
v 0.547275 0.253303 -0.063228
v 0.568948 0.272157 -0.055432
v 0.599497 0.290723 -0.000482
v 0.569538 0.272754 0.054851
v 0.547927 0.254259 0.063219
v 0.557105 0.165839 0.055338
v 0.527387 0.151936 0.000280
v 0.556754 0.165335 -0.055010
v 0.584069 0.174820 -0.063280
v 0.611017 0.185176 -0.055366
v 0.645213 0.194076 -0.000296
v 0.611474 0.185386 0.055005
v 0.584607 0.175292 0.063264
v 0.574468 0.074557 0.055262
v 0.541981 0.070104 0.000087
v 0.574330 0.074216 -0.055169
v 0.603222 0.077128 -0.063333
v 0.631937 0.080580 -0.055300
v 0.666860 0.082863 -0.000110
v 0.632106 0.080608 0.055160
v 0.603423 0.077369 0.063309
v 0.666885 -0.033337 0.000077
v -0.040840 0.517290 -0.460220
v 0.006105 0.479708 -0.494389
v -0.016435 0.517290 -0.498051
v 0.055888 0.328772 -0.415358
v -0.045989 0.517290 -0.452195
v -0.003417 0.446682 -0.445279
v 0.012217 0.469571 -0.493396
v 0.072524 0.349668 -0.462969
v 0.241000 0.517290 0.335790
v 0.211671 0.517290 0.294361
v 0.076763 0.341304 -0.460830
v 0.062014 0.316685 -0.412267
v 0.157223 0.285376 -0.420235
v 0.127448 0.271202 -0.379254
v 0.230682 0.167084 -0.275198
v 0.271610 0.170008 -0.304935
v 0.345920 0.051776 -0.160515
v 0.350711 0.030621 -0.129470
v 0.297744 0.060383 -0.144862
v 0.301990 0.041632 -0.117346
v 0.364552 0.027350 -0.039775
v 0.317672 0.037926 -0.015728
v 0.266950 0.049645 0.309633
v 0.230682 0.057778 0.275199
v 0.221032 0.059960 0.284926
v 0.271610 0.048591 0.304936
v 0.297744 0.042560 0.144864
v 0.320099 0.037394 0.000001
v 0.370690 0.026005 0.000001
v 0.345920 0.031729 0.160517
v 0.541974 -0.012557 -0.000090
v 0.603216 -0.026287 0.063355
v 0.574320 -0.019789 0.055189
v 0.574429 -0.019915 -0.055320
v 0.665519 -0.040371 0.000089
v 0.611069 -0.028057 0.061162
v 0.631520 -0.032666 0.055319
v 0.631663 -0.032800 -0.055232
v 0.611489 -0.028264 -0.061093
v 0.603400 -0.026445 -0.063384
v 0.140930 0.145904 0.365667
v 0.171452 0.152108 0.405893
v -0.040840 0.517290 -0.460220
v -0.016435 0.517290 -0.498051
v -0.016435 0.517290 -0.498051
v 0.006105 0.479708 -0.494389
v 0.055888 0.328772 -0.415358
v -0.003417 0.446682 -0.445279
v -0.045989 0.517290 -0.452195
v -0.045989 0.517290 -0.452195
v 0.012217 0.469571 -0.493396
v 0.072524 0.349668 -0.462969
v 0.171452 0.152108 0.405893
v 0.241000 0.517290 0.335790
v 0.241000 0.517290 0.335790
v 0.211671 0.517290 0.294361
v 0.211671 0.517290 0.294361
v 0.271610 0.170008 -0.304935
v 0.345920 0.051776 -0.160515
v 0.350711 0.030621 -0.129470
v 0.297744 0.060383 -0.144862
v 0.301990 0.041632 -0.117346
v 0.230682 0.167084 -0.275198
v 0.632106 0.080608 0.055160
v 0.631520 -0.032666 0.055319
v 0.631520 -0.032666 0.055319
v 0.127448 0.271202 -0.379254
v 0.062014 0.316685 -0.412267
v 0.076763 0.341304 -0.460830
v 0.157223 0.285376 -0.420235
v 0.317672 0.037926 -0.015728
v 0.364552 0.027350 -0.039775
v 0.230682 0.057778 0.275199
v 0.221032 0.059960 0.284926
v 0.297744 0.042560 0.144864
v 0.320099 0.037394 0.000001
v 0.370690 0.026005 0.000001
v 0.345920 0.031729 0.160517
v 0.271610 0.048591 0.304936
v 0.266950 0.049645 0.309633
v 0.631663 -0.032800 -0.055232
v 0.631663 -0.032800 -0.055232
v 0.611489 -0.028264 -0.061093
v 0.665519 -0.040371 0.000089
v 0.665519 -0.040371 0.000089
v 0.611069 -0.028057 0.061162
v 0.603216 -0.026287 0.063355
v 0.603216 -0.026287 0.063355
v 0.574320 -0.019789 0.055189
v 0.574320 -0.019789 0.055189
v 0.541974 -0.012557 -0.000090
v 0.541974 -0.012557 -0.000090
v 0.574429 -0.019915 -0.055320
v 0.574429 -0.019915 -0.055320
v 0.603400 -0.026445 -0.063384
v 0.603400 -0.026445 -0.063384
v 0.140930 0.145904 0.365667
v 0.631937 0.080580 -0.055300
v 0.012217 0.517290 -0.493396
v 0.157222 0.517290 -0.420235
v 0.271610 0.517290 -0.304935
v 0.345920 0.517290 -0.160515
v 0.345920 0.517290 0.160517
v 0.271610 0.517290 0.304936
v -0.003417 0.517290 -0.445279
v 0.127448 0.517290 -0.379254
v 0.230682 0.517290 -0.275198
v 0.297744 0.517290 -0.144862
v 0.297744 0.517290 0.144864
v 0.230682 0.517290 0.275199
v 0.370690 0.517290 0.000001
v 0.320099 0.517290 0.000001
v 0.429217 0.300681 0.055563
v 0.435075 0.266119 0.000857
v 0.429337 0.299180 -0.054536
v 0.432706 0.327698 -0.063126
v 0.434076 0.356778 -0.055566
v 0.445824 0.390910 -0.000857
v 0.434275 0.358251 0.054539
v 0.432757 0.329674 0.063126
v 0.482936 0.280173 0.055489
v 0.475453 0.247644 0.000665
v 0.482788 0.278954 -0.054693
v 0.495558 0.304532 -0.063177
v 0.506832 0.330955 -0.055498
v 0.528073 0.360032 -0.000669
v 0.507265 0.332041 0.054696
v 0.495946 0.306063 0.063173
v 0.525144 0.236327 0.055414
v 0.503316 0.211874 0.000473
v 0.524754 0.235486 -0.054851
v 0.547275 0.253303 -0.063228
v 0.568948 0.272157 -0.055432
v 0.599497 0.290723 -0.000482
v 0.569538 0.272754 0.054851
v 0.547927 0.254259 0.063219
v 0.557105 0.165839 0.055338
v 0.527387 0.151936 0.000280
v 0.556754 0.165335 -0.055010
v 0.584069 0.174820 -0.063280
v 0.611017 0.185176 -0.055366
v 0.645213 0.194076 -0.000296
v 0.611474 0.185386 0.055005
v 0.584607 0.175292 0.063264
v 0.574468 0.074557 0.055262
v 0.541981 0.070104 0.000087
v 0.574330 0.074216 -0.055169
v 0.603222 0.077128 -0.063333
v 0.666860 0.082863 -0.000110
v 0.603423 0.077369 0.063309
v 0.666885 -0.033337 0.000077
vn -0.7342 -0.4865 -0.4736
vn -0.7342 -0.4888 -0.4711
vn -0.3077 -0.8077 -0.5029
vn -0.7321 -0.4916 -0.4716
vn -0.2208 -0.9753 -0.0015
vn -0.2196 -0.9756 0.0009
vn -0.4147 -0.7977 0.4377
vn 0.1604 -0.0000 -0.9871
vn 0.3090 -0.0000 -0.9511
vn 0.4031 -0.0000 -0.9152
vn 0.4505 -0.0000 -0.8928
vn 0.5878 -0.0000 -0.8090
vn 0.6348 -0.0000 -0.7727
vn 0.8433 -0.0000 -0.5374
vn 0.8090 -0.0000 -0.5878
vn 0.9511 -0.0000 -0.3090
vn 0.9507 0.0025 -0.3102
vn 0.9501 -0.0000 -0.3118
vn 0.9507 -0.0025 -0.3102
vn 0.9688 -0.0000 -0.2477
vn -1.0000 -0.0000 -0.0000
vn -0.9511 -0.0000 0.3090
vn -0.9688 -0.0000 0.2477
vn -0.9883 -0.0000 0.1525
vn -1.0000 -0.0000 0.0001
vn 0.9501 -0.0000 0.3118
vn 0.9507 0.0025 0.3102
vn 0.9511 -0.0000 0.3090
vn 0.8090 -0.0000 0.5878
vn 0.8166 -0.0000 0.5772
vn 0.9533 -0.0000 0.3020
vn 0.9507 -0.0025 0.3102
vn 0.9865 0.0186 0.1630
vn 0.9999 0.0125 0.0013
vn 1.0000 -0.0000 -0.0000
vn -0.0000 1.0000 -0.0000
vn 0.9863 0.0192 -0.1638
vn -0.8090 -0.0000 -0.5878
vn -0.8166 -0.0000 -0.5772
vn -0.7099 -0.0000 -0.7043
vn -0.4031 -0.0000 0.9152
vn -0.3090 -0.0000 0.9511
vn -0.1604 -0.0000 0.9871
vn -0.6348 -0.0000 0.7727
vn -0.5878 -0.0000 0.8090
vn -0.4504 -0.0000 0.8928
vn -0.9511 -0.0000 -0.3090
vn -0.9533 -0.0000 -0.3020
vn -0.7886 0.2574 0.5585
vn -0.8090 -0.0000 0.5878
vn -0.8433 -0.0000 0.5374
vn 0.9865 -0.0186 -0.1630
vn 0.9999 -0.0125 -0.0013
vn 1.0000 -0.0000 -0.0001
vn 0.9883 -0.0000 -0.1525
vn 0.9863 -0.0193 0.1638
vn 0.9867 0.0005 -0.1628
vn 0.9867 -0.0005 0.1628
vn 0.7099 -0.0000 0.7043
vn 0.7791 -0.6267 0.0161
vn 0.7376 -0.3413 0.5826
vn 0.8161 0.5778 -0.0147
vn 0.7576 0.3373 -0.5589
vn 0.7575 0.3521 0.5497
vn 0.6958 0.0207 0.7179
vn 0.7364 -0.3580 -0.5741
vn 0.6949 -0.0087 -0.7190
vn -0.2107 -0.8302 0.5161
vn -0.1729 -0.8361 0.5206
vn -0.1773 -0.8487 -0.4983
vn -0.2135 -0.8425 -0.4946
vn -0.0576 -0.2804 -0.9581
vn -0.0622 -0.2795 -0.9581
vn 0.0474 0.2473 -0.9678
vn 0.0546 0.2469 -0.9675
vn 0.1768 0.8194 -0.5452
vn 0.1660 0.8218 -0.5451
vn 0.1683 0.8350 0.5238
vn 0.1789 0.8326 0.5242
vn 0.0614 0.2819 0.9575
vn 0.0536 0.2832 0.9576
vn -0.0547 -0.2446 0.9681
vn -0.0505 -0.2450 0.9682
vn -0.5268 -0.6906 0.4954
vn -0.4840 -0.7196 0.4979
vn -0.4922 -0.7259 -0.4804
vn -0.5321 -0.6983 -0.4787
vn -0.1517 -0.2402 -0.9588
vn -0.1588 -0.2355 -0.9588
vn 0.1329 0.2221 -0.9659
vn 0.1423 0.2171 -0.9657
vn 0.4470 0.7063 -0.5488
vn 0.4392 0.7112 -0.5489
vn 0.4441 0.7205 0.5326
vn 0.4519 0.7156 0.5326
vn 0.1564 0.2411 0.9578
vn 0.1467 0.2471 0.9578
vn -0.1433 -0.2123 0.9666
vn -0.1364 -0.2161 0.9668
vn -0.7426 -0.4551 0.4914
vn -0.7296 -0.4772 0.4899
vn -0.7366 -0.4787 -0.4777
vn -0.7483 -0.4584 -0.4795
vn -0.2312 -0.1620 -0.9593
vn -0.2331 -0.1587 -0.9594
vn 0.2131 0.1567 -0.9644
vn 0.2163 0.1522 -0.9644
vn 0.6825 0.4872 -0.5448
vn 0.6774 0.4942 -0.5448
vn 0.6831 0.4991 0.5333
vn 0.6880 0.4922 0.5334
vn 0.2319 0.1647 0.9587
vn 0.2290 0.1695 0.9585
vn -0.2163 -0.1473 0.9651
vn -0.2143 -0.1503 0.9651
vn -0.8287 -0.2471 0.5022
vn -0.8263 -0.2561 0.5017
vn -0.8306 -0.2560 -0.4945
vn -0.8326 -0.2482 -0.4951
vn -0.2631 -0.0848 -0.9610
vn -0.2633 -0.0839 -0.9611
vn 0.2524 0.0846 -0.9639
vn 0.2530 0.0828 -0.9639
vn 0.7998 0.2620 -0.5400
vn 0.7982 0.2666 -0.5401
vn 0.8024 0.2683 0.5331
vn 0.8038 0.2639 0.5331
vn 0.2642 0.0872 0.9605
vn 0.2638 0.0890 0.9605
vn -0.2518 -0.0802 0.9645
vn -0.2515 -0.0810 0.9645
vn -0.8583 -0.0777 0.5072
vn -0.8581 -0.0801 0.5072
vn -0.8597 -0.0794 -0.5047
vn -0.8598 -0.0778 -0.5047
vn -0.2700 -0.0255 -0.9625
vn -0.2700 -0.0253 -0.9625
vn 0.2682 0.0264 -0.9630
vn 0.2683 0.0257 -0.9630
vn 0.8393 0.0799 -0.5377
vn 0.8391 0.0818 -0.5377
vn 0.8407 0.0822 0.5353
vn 0.8408 0.0806 0.5353
vn 0.2722 0.0266 0.9619
vn 0.2722 0.0272 0.9619
vn -0.2659 -0.0249 0.9637
vn -0.2659 -0.0250 0.9637
vn -0.8624 -0.0000 0.5062
vn -0.8626 0.0005 -0.5059
vn -0.2700 0.0006 -0.9629
vn 0.2733 -0.0000 -0.9619
vn 0.8408 -0.0800 -0.5353
vn 0.8441 -0.0120 -0.5360
vn 0.8441 -0.0116 0.5360
vn 0.8403 -0.0789 0.5364
vn 0.2732 0.0001 0.9619
vn -0.2698 0.0004 0.9629
vn 0.8316 -0.1624 -0.5311
vn 0.8304 -0.1604 0.5336
vt 0.755361 0.462286
vt 1.000000 0.487317
vt 1.000000 0.707725
vt 0.177974 0.000000
vt 0.257190 0.000000
vt 0.533342 0.439227
vt 0.732034 0.722490
vt 0.707725 0.707725
vt 0.487317 0.487317
vt 0.458790 0.446648
vt 0.494875 0.064424
vt 0.474944 0.000000
vt 0.538075 0.000000
vt 0.555740 0.057101
vt 0.705226 0.350919
vt 0.894227 0.610208
vt 1.000000 0.708723
vt 1.000000 0.798438
vt 0.869937 0.677299
vt 0.660516 0.389994
vt 0.798438 0.798438
vt 0.708723 0.708723
vt 1.000000 0.742810
vt 1.000000 0.822026
vt 1.000000 0.543552
vt 0.461925 0.000000
vt 0.525056 0.000000
vt 1.000000 0.479778
vt 0.980689 0.661604
vt 0.765288 0.570487
vt 0.562220 0.540230
vt 0.543552 0.543552
vt 0.479778 0.479778
vt 0.526986 0.471379
vt 0.751997 0.504905
vt 0.990675 0.605870
vt 1.000000 0.612207
vt 1.000000 0.674726
vt 0.273744 0.116278
vt 0.321769 0.070140
vt 0.416933 0.116346
vt 0.438739 0.144172
vt 0.447046 0.154856
vt 0.456602 0.194191
vt 0.407579 0.238275
vt 0.313491 0.194169
vt 0.282876 0.154751
vt 0.280207 0.143740
vt 1.000000 0.493662
vt 0.674726 0.674726
vt 0.612207 0.612207
vt 1.000000 0.396341
vt 0.688056 0.001744
vt 0.696352 0.001744
vt 0.696352 0.015560
vt 0.694582 0.012625
vt 0.713813 0.050277
vt 0.696352 0.015560
vt 0.738336 0.001744
vt 0.738336 0.068891
vt 0.715040 0.052698
vt 0.954698 0.200740
vt 0.954698 0.301289
vt 0.912884 0.301289
vt 0.912884 0.265655
vt 0.912884 0.247839
vt 0.912884 0.230022
vt 0.912884 0.166508
vt 0.313823 0.591594
vt 0.271881 0.591594
vt 0.271881 0.459305
vt 0.279848 0.453876
vt 0.309269 0.452803
vt 0.313823 0.452649
vt 0.819935 0.247839
vt 0.819935 0.265655
vt 0.819935 0.301289
vt 0.778121 0.301289
vt 0.778121 0.165586
vt 0.819935 0.160703
vt 0.819935 0.230022
vt 0.844361 0.260569
vt 0.866410 0.273299
vt 0.866410 0.301289
vt 0.194088 0.281063
vt 0.231977 0.261946
vt 0.261866 0.231818
vt 0.281283 0.194082
vt 0.287756 0.152139
vt 0.281283 0.110197
vt 0.261866 0.072461
vt 0.256362 0.066913
vt 0.264854 0.070290
vt 0.273716 0.095491
vt 0.295232 0.105665
vt 0.302404 0.152139
vt 0.295232 0.198614
vt 0.273717 0.240428
vt 0.240598 0.273811
vt 0.198614 0.294994
vt 0.190319 0.281675
vt 0.183253 0.282823
vt 0.181762 0.283065
vt 0.888459 0.260569
vt 0.988082 0.234143
vt 0.988082 0.301289
vt 0.954698 0.200740
vt 0.393502 0.591594
vt 0.393502 0.458550
vt 0.396318 0.459182
vt 0.419696 0.484066
vt 0.399050 0.591594
vt 0.551434 0.569905
vt 0.551434 0.590348
vt 0.539108 0.590348
vt 0.589324 0.519098
vt 0.589324 0.590348
vt 0.568605 0.535766
vt 0.570379 0.532267
vt 0.393502 0.458550
vt 0.355766 0.591594
vt 0.355766 0.454144
vt 0.493662 0.493662
vt 0.396341 0.396341
vt 0.889493 0.292204
vt 0.889551 0.356538
vt 0.234145 0.591594
vt 0.234145 0.490198
vt 0.204017 0.591594
vt 0.204017 0.520344
vt 0.888459 0.235109
vt 0.866410 0.222379
vt 0.866410 0.159046
vt 0.877926 0.159436
vt 0.903896 0.160383
vt 0.912884 0.166508
vt 0.844361 0.235109
vt 0.819935 0.160703
vt 0.890664 0.247839
vt 0.842156 0.247839
vt 0.313823 0.452649
vt 0.748891 0.195557
vt 0.776761 0.165891
vt 0.769188 0.301289
vt 0.866107 0.229649
vt 0.850301 0.239711
vt 0.866713 0.266028
vt 0.882518 0.255967
vt 0.850665 0.256490
vt 0.848147 0.248187
vt 0.882155 0.239188
vt 0.884673 0.247491
vt 0.815661 0.629287
vt 0.799856 0.626206
vt 0.799800 0.608197
vt 0.815640 0.609893
vt 0.783808 0.629240
vt 0.783762 0.609858
vt 0.553807 0.621180
vt 0.554129 0.612877
vt 0.574165 0.613972
vt 0.573189 0.622228
vt 0.553761 0.604401
vt 0.574561 0.605552
vt 0.556842 0.594340
vt 0.577962 0.595670
vt 0.652320 0.809290
vt 0.649286 0.799751
vt 0.670097 0.798504
vt 0.673441 0.807960
vt 0.649607 0.791448
vt 0.669658 0.790230
vt 0.649239 0.782973
vt 0.668633 0.781835
vt 0.799745 0.596506
vt 0.815618 0.594340
vt 0.783717 0.594382
vt 0.592362 0.620679
vt 0.588665 0.628084
vt 0.595626 0.613028
vt 0.601777 0.604610
vt 0.691230 0.790915
vt 0.697255 0.799020
vt 0.687953 0.783394
vt 0.684186 0.775898
vt 0.776957 0.742144
vt 0.761084 0.732726
vt 0.761028 0.722370
vt 0.776935 0.729450
vt 0.745056 0.741792
vt 0.745010 0.729206
vt 0.607336 0.635512
vt 0.600816 0.640670
vt 0.613611 0.630053
vt 0.622456 0.624677
vt 0.709260 0.773750
vt 0.717935 0.778952
vt 0.703003 0.768395
vt 0.696407 0.763203
vt 0.760972 0.705015
vt 0.776913 0.709041
vt 0.744964 0.708895
vt 0.617989 0.658235
vt 0.610081 0.660981
vt 0.625792 0.655236
vt 0.635692 0.652660
vt 0.721402 0.748454
vt 0.731171 0.750970
vt 0.713623 0.745531
vt 0.705661 0.742794
vt 0.760916 0.681323
vt 0.776891 0.682612
vt 0.744918 0.682513
vt 0.623534 0.686520
vt 0.615170 0.687363
vt 0.631849 0.685521
vt 0.641960 0.684859
vt 0.727376 0.718117
vt 0.737438 0.718770
vt 0.719071 0.717180
vt 0.710688 0.716365
vt 0.760865 0.657389
vt 0.776870 0.655296
vt 0.744874 0.655260
vt 0.623586 0.716507
vt 0.615199 0.714616
vt 0.631915 0.717600
vt 0.625928 0.717034
vt 0.623586 0.716507
vt 0.641967 0.718503
vt 0.727349 0.686039
vt 0.737445 0.685126
vt 0.721285 0.686655
vt 0.719012 0.687167
vt 0.719012 0.687167
vt 0.710645 0.689050
vt 0.641571 0.720540
vt 0.737049 0.683089
vt 0.727206 0.685321
s 0
usemtl lambert3SG
f 554/615/249 556/616/249 553/617/249
f 562/618/250 557/619/250 558/620/250 559/621/250 553/622/250 556/623/250 561/624/250
f 569/625/251 570/626/251 572/627/251 571/628/251 573/629/251 577/630/251 578/631/251 579/632/251 580/633/251 568/634/251
f 579/635/252 578/636/252 557/637/252 562/638/252
f 581/639/253 572/640/253 570/641/253 582/642/253
f 583/643/254 585/644/254 586/645/254 581/646/254 582/647/254 587/648/254 588/649/254 589/650/254 590/651/254 584/652/254
f 592/653/254 594/654/254 576/655/254 596/656/254 597/657/254 599/658/254 601/659/254 603/660/254 605/661/254 593/662/254
f 607/663/255 584/664/255 590/665/255 563/666/255
s 1
f 555/667/256 609/668/257 517/669/258 512/670/256
f 518/671/259 517/672/258 609/668/257 610/673/260 523/674/261 521/675/259
f 526/676/262 443/677/263 612/678/264 453/679/265 459/680/266 444/681/267 527/682/268
f 622/683/269 435/684/270 529/685/271 530/686/272 532/687/272 538/688/273
f 460/689/274 451/690/275 613/691/276 614/692/277 536/693/278 540/694/279 448/695/280
f 451/690/275 454/696/281 452/697/282 621/698/283 613/691/276
f 437/699/284 434/700/284 617/701/284 618/702/284 439/703/284 619/704/284 620/705/284 566/706/284 565/707/284 450/708/284 449/709/284 447/710/284 445/711/284 611/712/284 442/713/284 441/714/284 513/715/284 511/716/284 560/717/284
f 452/697/282 456/718/285 453/679/265 612/678/264 621/698/283
f 523/719/261 610/720/260 443/677/263 526/721/262
f 440/722/286 534/723/287 535/724/288 551/725/288 567/726/288
f 516/727/289 615/728/290 515/729/291
f 524/730/292 616/731/293 615/728/290 516/727/289 514/732/294 522/733/294
f 534/734/287 440/722/286 436/735/295 537/736/296
s 0
f 607/737/297 563/738/297 564/739/297 520/740/297
s 1
f 529/685/271 435/684/270 438/741/298 525/742/299
f 525/742/299 438/741/298 616/743/293 524/744/292
f 457/745/300 446/746/301 539/747/302 531/748/303 528/749/303 527/750/268 444/681/267
f 455/751/304 448/695/280 540/752/279 539/747/302 446/746/301
f 456/718/285 458/753/305 459/680/266 453/679/265
f 460/689/274 461/754/306 454/696/281 451/690/275
f 436/735/295 622/683/269 538/755/273 537/736/296
f 459/680/266 458/753/305 457/745/300 444/681/267
f 552/756/307 533/757/307 536/693/278 614/692/277 519/758/307
f 448/695/280 455/751/304 461/754/306 460/689/274
f 455/751/304 446/746/301 462/759/308 463/760/309
f 456/718/285 452/697/282 464/761/310 465/762/311
f 452/697/282 454/696/281 466/763/312 464/761/310
f 454/696/281 461/754/306 467/764/313 466/763/312
f 446/746/301 457/745/300 468/765/314 462/759/308
f 458/753/305 456/718/285 465/762/311 469/766/315
f 457/745/300 458/753/305 469/766/315 468/765/314
f 461/754/306 455/751/304 463/760/309 467/764/313
f 463/767/309 462/768/308 624/769/316 623/770/317
f 462/768/308 468/771/314 625/772/318 471/769/319
f 468/773/314 469/774/315 626/775/320 472/776/321
f 469/774/315 465/777/311 627/778/322 473/775/323
f 465/777/311 464/779/310 628/780/324 474/778/325
f 464/781/310 466/782/312 629/783/326 475/784/327
f 466/782/312 467/785/313 630/786/328 476/783/329
f 467/785/313 463/787/309 470/788/330 477/786/331
f 623/770/317 624/769/316 632/789/332 631/790/333
f 471/769/319 625/772/318 633/791/334 479/789/335
f 472/776/321 626/775/320 634/792/336 480/793/337
f 473/775/323 627/778/322 635/794/338 481/792/339
f 474/778/325 628/780/324 636/795/340 482/794/341
f 475/784/327 629/783/326 637/796/342 483/797/343
f 476/783/329 630/786/328 638/798/344 484/796/345
f 477/786/331 470/788/330 478/799/346 485/798/347
f 631/800/333 632/801/332 640/802/348 639/803/349
f 479/801/335 633/804/334 641/805/350 487/802/351
f 480/793/337 634/792/336 642/806/352 488/807/353
f 481/792/339 635/794/338 643/808/354 489/806/355
f 482/794/341 636/795/340 644/809/356 490/808/357
f 483/797/343 637/796/342 645/810/358 491/811/359
f 484/796/345 638/798/344 646/812/360 492/810/361
f 485/798/347 478/799/346 486/813/362 493/812/363
f 639/803/349 640/802/348 648/814/364 647/815/365
f 487/802/351 641/805/350 649/816/366 495/814/367
f 488/807/353 642/806/352 650/817/368 496/818/369
f 489/806/355 643/808/354 651/819/370 497/817/371
f 490/808/357 644/809/356 652/820/372 498/819/373
f 491/811/359 645/810/358 653/821/374 499/822/375
f 492/810/361 646/812/360 654/823/376 500/821/377
f 493/812/363 486/813/362 494/824/378 501/823/379
f 647/815/365 648/814/364 656/825/380 655/826/381
f 495/814/367 649/816/366 657/827/382 503/825/383
f 496/818/369 650/817/368 658/828/384 504/829/385
f 497/817/371 651/819/370 608/830/386 505/828/387
f 498/819/373 652/820/372 659/831/388 506/830/389
f 499/822/375 653/821/374 574/832/390 507/833/391
f 500/821/377 654/823/376 660/834/392 508/832/393
f 501/823/379 494/824/378 502/835/394 509/834/395
f 655/826/381 656/825/380 602/836/396 600/837/396
f 503/825/383 657/827/382 604/838/397 541/836/397
f 504/829/385 658/828/384 606/839/398 544/840/398
f 505/828/387 608/830/386 548/841/399 549/842/399 550/843/399
f 506/830/389 659/831/388 661/844/400 591/841/401
f 507/833/391 574/832/390 575/845/402 510/846/403
f 546/847/404 547/845/404 508/832/393 660/834/392 598/848/404
f 542/849/405 509/834/395 502/835/394 543/850/405
f 591/841/401 661/844/400 595/851/406
f 545/852/407 510/846/403 575/853/402
o PinkMug_cell.006
v 0.293012 -0.436522 0.143326
v 0.278813 -0.467290 0.138712
v 0.340532 -0.449444 0.158766
v 0.309154 -0.517290 0.148571
v 0.352786 -0.449428 0.079384
v 0.109697 -0.467290 0.186603
v 0.106601 -0.517290 0.199857
v 0.221208 -0.467290 0.250662
v 0.286006 -0.406944 0.269741
v 0.278952 -0.449418 0.278460
v 0.242573 -0.517290 0.277968
v 0.237675 -0.436522 0.250871
v 0.245103 -0.391673 0.241653
v 0.367846 -0.397831 0.000001
v 0.364211 -0.433028 0.010296
v 0.368178 -0.379385 -0.004352
v 0.323407 -0.517290 0.056211
v 0.362733 -0.449416 0.014947
v 0.307634 -0.436522 0.048564
v 0.314015 -0.371738 0.029821
v 0.289839 -0.467290 0.067248
v 0.252910 -0.345168 0.231888
v 0.296342 -0.345551 0.256868
v 0.297132 -0.356158 0.144665
v 0.368766 -0.374493 -0.002265
v 0.345290 -0.357718 0.160312
v 0.356938 -0.366245 0.077474
v 0.278952 -0.449418 0.278460
v 0.242573 -0.517290 0.277968
v 0.286006 -0.406944 0.269741
v 0.237675 -0.436522 0.250871
v 0.245103 -0.391673 0.241653
v 0.221208 -0.467290 0.250662
v 0.109697 -0.467290 0.186603
v 0.106601 -0.517290 0.199857
v 0.307634 -0.436522 0.048564
v 0.314015 -0.371738 0.029821
v 0.367846 -0.397831 0.000001
v 0.368178 -0.379385 -0.004352
v 0.364211 -0.433028 0.010296
v 0.362733 -0.449416 0.014947
v 0.323407 -0.517290 0.056211
v 0.296342 -0.345551 0.256868
v 0.345290 -0.357718 0.160312
v 0.368766 -0.374493 -0.002265
v 0.297132 -0.356158 0.144665
v 0.289839 -0.467290 0.067248
v 0.252910 -0.345168 0.231888
v 0.356938 -0.366245 0.077474
vn -0.4820 0.2523 0.8391
vn -0.5429 -0.1836 -0.8195
vn -0.4801 0.2567 0.8388
vn 0.0402 0.9937 -0.1044
vn -0.4494 0.3957 -0.8009
vn 0.4460 -0.8651 0.2295
vn 0.5395 -0.8235 0.1753
vn 0.9224 -0.2452 0.2985
vn 0.8544 -0.2768 0.4397
vn 0.9583 -0.2449 0.1472
vn 0.7294 -0.6747 0.1125
vn 0.9710 -0.1852 0.1510
vn -0.7298 0.6743 -0.1126
vn -0.5399 0.8233 -0.1754
vn -0.9220 0.2454 -0.2996
vn -0.9703 0.1901 -0.1497
vn 0.8879 -0.0537 0.4569
vn 0.9469 -0.0527 0.3172
vn 0.9874 -0.0475 0.1510
vn 0.9870 -0.0447 0.1541
vn 0.9890 -0.0452 0.1408
vn 0.9956 -0.0473 0.0805
vn -0.9456 0.0538 -0.3208
vn -0.9869 0.0531 -0.1523
vn -0.8546 0.2762 -0.4397
vn -0.4463 0.8649 -0.2296
vn -0.0000 -1.0000 -0.0000
vn -0.0000 1.0000 -0.0000
vn -0.8879 0.0531 -0.4569
vn 0.9869 -0.0537 -0.1523
vt 0.725810 0.197843
vt 0.718596 0.000000
vt 0.786836 0.000000
vt 0.794420 0.208872
vt 0.818164 0.370787
vt 1.000000 0.553390
vt 1.000000 0.777761
vt 0.778277 0.555102
vt 0.327838 0.000000
vt 0.418118 0.000000
vt 0.501726 0.082269
vt 0.658176 0.241124
vt 0.731243 0.314956
vt 0.999846 0.641595
vt 0.777761 0.777761
vt 0.553390 0.553390
vt 0.737918 0.440251
vt 0.616124 0.292202
vt 0.701365 0.000000
vt 0.773821 0.000000
vt 1.000000 0.213164
vt 1.000000 0.281404
vt 1.000000 0.580890
vt 1.000000 0.672313
vt 0.857151 0.700178
vt 0.773821 0.773821
vt 0.701578 0.701173
vt 0.793616 0.619852
vt 0.899046 0.600522
vt 0.672313 0.672313
vt 0.580890 0.580890
vt 1.000000 0.567130
vt 0.785929 0.001745
vt 0.823394 0.001745
vt 0.820442 0.021388
vt 0.785787 0.021396
vt 0.843426 0.021393
vt 0.850135 0.001745
vt 0.862083 0.021396
vt 0.333293 0.306526
vt 0.353985 0.306526
vt 0.355321 0.315434
vt 0.327884 0.315434
vt 0.792036 0.051461
vt 0.788311 0.033694
vt 0.785787 0.021396
vt 0.819994 0.047946
vt 0.843979 0.045477
vt 0.862083 0.021396
vt 0.863428 0.026146
vt 0.866410 0.036331
vt 0.866410 0.043144
vt 0.355708 0.338702
vt 0.322457 0.334191
vt 0.386458 0.315434
vt 0.386398 0.306526
vt 0.277535 0.751062
vt 0.273408 0.777803
vt 0.254131 0.774594
vt 0.214763 0.803228
vt 0.540139 0.685389
vt 0.543332 0.706080
vt 0.491175 0.658425
vt 0.523461 0.652976
vt 0.386458 0.315434
vt 0.383789 0.328419
vt 0.380962 0.341884
vt 0.843979 0.045477
vt 0.819994 0.047946
vt 0.866410 0.043144
vt 0.866410 0.036331
vt 0.867908 0.042950
s 0
usemtl lambert3SG
f 689/854/408 691/855/408 693/856/408 692/857/408 694/858/408 695/859/408 696/860/408 690/861/408
f 698/862/409 700/863/409 699/864/409 701/865/409 702/866/409 703/867/409 696/868/409 695/869/409 708/870/409 697/871/409
f 704/872/410 709/873/410 693/874/410 691/875/410
f 686/876/411 698/877/411 707/878/411 709/879/411 704/880/411 705/881/411 710/882/411
f 698/883/412 686/884/412 700/885/412
s 1
f 672/886/413 665/887/414 664/888/415 671/889/416
f 666/890/417 664/888/415 665/887/414 678/891/418 679/892/419
f 682/893/420 663/894/421 662/895/422 680/896/423
f 684/897/424 670/898/424 671/899/416 664/888/415 687/900/425
f 688/901/426 666/890/417 679/902/419 676/903/427 675/904/428 706/905/429
f 680/896/423 662/895/422 685/906/430 681/907/431
f 673/908/432 662/895/422 663/894/421 669/909/433
f 678/910/418 665/911/414 672/912/413 668/913/434
f 663/914/421 682/915/420 667/916/435 669/917/433
f 662/895/422 673/918/432 674/919/436 683/920/436 685/906/430
f 664/888/415 666/890/417 688/921/426 687/922/425
f 706/923/429 675/924/428 677/925/437
o PinkMug_cell.007
v 0.297744 -0.344218 -0.144862
v 0.230682 -0.344218 -0.275198
v 0.345920 -0.221145 -0.160515
v 0.345919 -0.345581 -0.160515
v 0.271610 -0.345579 -0.304935
v 0.345920 -0.283364 -0.160515
v 0.301863 -0.313442 -0.118167
v 0.350409 -0.330788 -0.132900
v 0.350913 -0.325970 -0.130349
v 0.269547 -0.436522 -0.188927
v 0.256792 -0.452286 -0.197215
v 0.295089 -0.478502 -0.216589
v 0.297006 -0.358607 -0.144622
v 0.299087 -0.344218 -0.136159
v 0.349255 -0.340929 -0.138894
v 0.344302 -0.376759 -0.159989
v 0.318643 -0.449434 -0.201310
v 0.207819 -0.467290 -0.201715
v 0.220020 -0.424056 -0.279911
v 0.232730 -0.467290 -0.228268
v 0.226777 -0.433840 -0.272361
v 0.267323 -0.442965 -0.301819
v 0.263321 -0.437167 -0.306296
v 0.277959 -0.499616 -0.227734
v 0.270302 -0.449414 -0.295270
v 0.244633 -0.467290 -0.205136
v 0.014403 -0.173574 -0.436288
v 0.029001 -0.151435 -0.484928
v 0.127448 -0.291947 -0.379254
v 0.200502 -0.345580 -0.376610
v 0.165229 -0.344218 -0.341173
v 0.157222 -0.285700 -0.420235
v 0.062174 0.314328 -0.412187
v 0.077019 0.339034 -0.460701
v 0.127448 0.268942 -0.379254
v 0.157223 0.283266 -0.420235
v 0.230682 0.164655 -0.275198
v 0.271610 0.167711 -0.304935
v 0.345920 0.049164 -0.160515
v 0.350439 0.029132 -0.131232
v 0.297744 0.057669 -0.144862
v 0.301711 0.040086 -0.119157
v 0.351109 -0.320630 -0.129959
v 0.351087 -0.283338 -0.130091
v 0.351064 -0.245828 -0.130224
v 0.350602 -0.227626 -0.130177
v 0.350409 -0.330788 -0.132900
v 0.350913 -0.325970 -0.130349
v 0.349255 -0.340929 -0.138894
v 0.344302 -0.376759 -0.159989
v 0.297006 -0.358607 -0.144622
v 0.299087 -0.344218 -0.136159
v 0.269547 -0.436522 -0.188927
v 0.256792 -0.452286 -0.197215
v 0.295089 -0.478502 -0.216589
v 0.318643 -0.449434 -0.201310
v 0.207819 -0.467290 -0.201715
v 0.232730 -0.467290 -0.228268
v 0.220020 -0.424056 -0.279911
v 0.226777 -0.433840 -0.272361
v 0.267323 -0.442965 -0.301819
v 0.263321 -0.437167 -0.306296
v 0.270302 -0.449414 -0.295270
v 0.277959 -0.499616 -0.227734
v 0.244633 -0.467290 -0.205136
v 0.200502 -0.345580 -0.376610
v 0.157222 -0.285700 -0.420235
v 0.165229 -0.344218 -0.341173
v 0.127448 -0.291947 -0.379254
v 0.014403 -0.173574 -0.436288
v 0.351109 -0.320630 -0.129959
v 0.029001 -0.151435 -0.484928
v 0.062174 0.314328 -0.412187
v 0.077019 0.339034 -0.460701
v 0.157223 0.283266 -0.420235
v 0.127448 0.268942 -0.379254
v 0.230682 0.164655 -0.275198
v 0.297744 0.057669 -0.144862
v 0.301711 0.040086 -0.119157
v 0.345920 0.049164 -0.160515
v 0.350439 0.029132 -0.131232
v 0.271610 0.167711 -0.304935
v 0.301863 -0.313442 -0.118167
v 0.351064 -0.245828 -0.130224
v 0.350602 -0.227626 -0.130177
v 0.351087 -0.283338 -0.130091
vn 0.0964 -0.4737 0.8754
vn 0.0801 -0.5134 0.8544
vn -0.5076 -0.7180 -0.4762
vn 0.0793 -0.5149 0.8536
vn -0.5083 -0.7160 -0.4785
vn 0.3065 0.8070 0.5048
vn 0.8016 -0.4327 -0.4125
vn 0.8801 -0.1428 -0.4528
vn 0.8762 -0.1701 -0.4509
vn 0.9503 0.0009 -0.3115
vn 0.9299 -0.0000 -0.3679
vn 0.9883 -0.0000 -0.1525
vn 0.9872 0.0022 -0.1592
vn 0.4505 -0.0000 -0.8928
vn 0.5366 -0.0000 -0.8438
vn 0.6491 -0.0000 -0.7607
vn 0.8087 -0.0271 -0.5876
vn 0.7714 -0.0000 -0.6364
vn 0.9491 0.0002 -0.3148
vn 0.9508 -0.0297 -0.3084
vn -0.7098 0.0131 0.7042
vn -0.8087 0.0268 0.5876
vn -0.7714 -0.0000 0.6364
vn -0.5366 -0.0000 0.8438
vn -0.6491 -0.0000 0.7607
vn 0.9131 -0.0541 -0.4042
vn 0.9872 -0.0164 -0.1587
vn 0.9864 0.0039 -0.1643
vn 0.9864 0.0003 -0.1646
vn 0.8491 -0.0542 -0.5255
vn 0.7089 -0.0537 -0.7033
vn 0.7098 -0.0132 -0.7042
vn -0.9647 0.1064 -0.2411
vn -0.8029 0.4205 0.4225
vn -0.8752 0.1691 0.4533
vn -0.8402 0.1377 0.5245
vn -0.6188 0.7148 0.3257
vn -0.6092 0.7253 0.3206
vn -0.0000 1.0000 -0.0000
vn -0.9507 0.0269 0.3089
vn -0.9299 -0.0000 0.3679
vn -0.9123 0.0535 0.4060
vn -0.9882 0.0174 0.1525
vn -0.7089 0.0532 0.7033
vn 0.2368 0.0028 0.9716
vn -0.4504 -0.0000 0.8928
vn 0.9863 -0.0032 -0.1649
vn -0.9883 -0.0000 0.1525
vt 1.000000 0.487266
vt 1.000000 0.547571
vt 0.436453 0.000000
vt 0.563542 0.515323
vt 0.547571 0.547571
vt 0.487266 0.487266
vt 0.529412 0.404288
vt 0.551724 0.357630
vt 0.659756 0.072274
vt 0.675929 0.000000
vt 0.749808 0.000000
vt 0.720011 0.133340
vt 0.619281 0.399598
vt 0.577557 0.484883
vt 0.435790 0.095263
vt 0.394364 0.000000
vt 0.449615 0.000000
vt 0.474164 0.056459
vt 0.501482 0.124750
vt 0.714253 0.714253
vt 0.577749 0.577749
vt 0.749808 0.749808
vt 0.675929 0.675929
vt 0.853666 0.650692
vt 1.000000 0.577749
vt 1.000000 0.714253
vt 0.596862 0.318568
vt 0.449615 0.449615
vt 0.394364 0.394364
vt 0.522652 0.280095
vt 0.602400 0.203253
vt 0.721838 0.000000
vt 0.823694 0.000000
vt 0.688218 0.230540
vt 0.806303 0.676369
vt 0.797515 0.797515
vt 0.707497 0.707497
vt 0.714650 0.608903
vt 0.643936 0.348626
vt 0.498977 0.053582
vt 0.462000 0.000000
vt 0.525199 0.000000
vt 0.567324 0.061041
vt 0.727946 0.387969
vt 0.932346 0.006862
vt 0.951901 0.021397
vt 0.924696 0.021391
vt 0.929119 0.012975
vt 0.912884 0.087488
vt 0.912884 0.165751
vt 0.904406 0.159952
vt 0.904100 0.085612
vt 0.701211 0.195362
vt 0.715114 0.053356
vt 0.738336 0.069502
vt 0.738336 0.234236
vt 0.954698 0.051461
vt 0.954698 0.200075
vt 0.912884 0.165751
vt 0.912884 0.069474
vt 0.912884 0.051460
vt 0.215043 0.342159
vt 0.234145 0.342159
vt 0.234145 0.489495
vt 0.204017 0.519689
vt 0.204017 0.357293
vt 0.912732 0.042433
vt 0.906624 0.052807
vt 0.904113 0.080357
vt 0.904076 0.069482
vt 0.953797 0.023264
vt 0.955093 0.024943
vt 0.975451 0.051460
vt 0.953797 0.023264
vt 0.951901 0.021397
vt 1.000000 0.176306
vt 1.000000 0.278162
vt 1.000000 0.707497
vt 1.000000 0.797515
vt 0.256723 0.310870
vt 0.259122 0.315434
vt 0.235754 0.315434
vt 0.247732 0.306526
vt 0.254430 0.306526
vt 0.530244 0.764231
vt 0.526798 0.763715
vt 0.519585 0.762637
vt 0.988082 0.068798
vt 0.988082 0.233532
vt 0.954698 0.200075
vt 0.271881 0.342159
vt 0.271881 0.458519
vt 0.271950 0.337993
vt 0.274401 0.342159
vt 0.232779 0.319043
vt 0.234965 0.316211
vt 0.271950 0.337993
vt 0.718177 0.534390
vt 0.525199 0.525199
vt 0.462000 0.462000
vt 1.000000 0.487931
vt 1.000000 0.548499
vt 0.989417 0.548097
vt 0.880524 0.542818
vt 0.770995 0.537508
vt 0.589324 0.518443
vt 0.570425 0.531584
vt 0.556594 0.390320
vt 0.589324 0.356048
vt 0.904038 0.058700
vt 0.904151 0.057149
vt 0.904889 0.055751
vt 0.906624 0.052807
vt 0.904076 0.069482
vt 0.274401 0.342159
vt 0.279722 0.351520
vt 0.279323 0.453428
s 0
usemtl lambert3SG
f 793/926/438 757/927/438 758/928/438
f 759/929/439 757/930/439 793/931/439 762/932/439 761/933/439 763/934/439 764/935/439 765/936/439 766/937/439 760/938/439
f 768/939/440 770/940/440 769/941/440 772/942/440 771/943/440 773/944/440 774/945/440 767/946/440
f 765/947/441 764/948/441 775/949/441 767/950/441 774/951/441
f 776/952/442 772/953/442 769/954/442 778/955/442 779/956/442 780/957/442 782/958/442 777/959/442
f 785/960/443 784/961/443 783/962/443 786/963/443 787/964/443 788/965/443 789/966/443 791/967/443 790/968/443 792/969/443
s 1
f 734/970/444 735/971/445 727/972/446 722/973/444
f 713/974/447 749/975/448 750/976/449 795/977/450
f 738/978/451 744/979/451 746/980/452 742/981/453
f 715/982/454 748/983/455 749/984/448 713/974/447 716/985/456 714/986/457
f 741/987/458 712/988/459 747/989/460 745/990/461 739/991/462
f 726/992/463 714/986/457 725/993/464
f 716/985/456 713/974/447 795/977/450 794/994/465 754/995/466
f 715/982/454 732/996/467 733/997/468 740/998/469
f 732/999/467 715/982/454 714/986/457 726/992/463 727/972/446 735/1000/445
s 0
f 782/1001/470 780/1002/470 783/1003/470 784/1004/470
s 1
f 721/1005/471 720/1006/472 731/1007/473 730/1008/474 736/1009/475
f 736/1010/475 730/1011/474 728/1012/476
f 742/1013/453 746/1014/452 748/1015/455 715/982/454 740/998/469
f 712/988/459 711/1016/477 751/1017/478 747/989/460
f 723/1018/479 724/1019/480 711/1016/477
f 712/988/459 741/987/458 729/1020/481 731/1021/473
f 720/1006/472 723/1022/479 711/1016/477 712/988/459 731/1007/473
s 0
f 756/1023/482 791/1024/482 789/1025/482 793/1026/482 758/1027/482 781/1028/482 796/1029/482 755/1030/482
s 1
f 745/1031/461 743/1032/483 737/1033/483 739/1034/462
f 753/1035/484 719/1036/484 718/1037/484 725/1038/464 714/986/457 716/985/456 754/1039/466
f 751/1017/478 711/1016/477 724/1040/480 717/1041/485 752/1042/485
o PinkMug_cell.008
v 0.297744 -0.344218 0.144864
v 0.320099 -0.344218 0.000001
v 0.345920 -0.221145 0.160517
v 0.370690 -0.195066 0.000001
v 0.345919 -0.345581 0.160517
v 0.369255 -0.371932 0.000001
v 0.358873 -0.239075 0.076585
v 0.358871 -0.327521 0.076585
v 0.358873 -0.239075 -0.076583
v 0.358871 -0.327521 -0.076583
v 0.358873 -0.283298 -0.084241
v 0.345920 -0.283364 0.160517
v 0.358873 -0.283298 0.084243
v 0.372867 -0.220207 -0.001047
v 0.362164 -0.254982 -0.056091
v 0.362327 -0.253179 0.054836
v 0.362821 -0.311665 0.056126
v 0.372729 -0.346901 0.001049
v 0.363440 -0.282096 0.063615
v 0.362964 -0.313474 -0.054867
v 0.363439 -0.284500 -0.063613
v 0.574313 -0.024243 0.055186
v 0.541973 -0.019973 -0.000106
v 0.556687 -0.115390 0.055112
v 0.527358 -0.101850 -0.000298
v 0.557024 -0.115891 -0.055484
v 0.584556 -0.125458 -0.063435
v 0.611681 -0.135082 -0.055166
v 0.645265 -0.144631 0.000266
v 0.611237 -0.134871 0.055472
v 0.584032 -0.124989 0.063403
v 0.524650 -0.185586 0.055040
v 0.503275 -0.161874 -0.000488
v 0.525028 -0.186421 -0.055639
v 0.547850 -0.204487 -0.063483
v 0.569910 -0.222655 -0.055095
v 0.599521 -0.241417 0.000458
v 0.569337 -0.222052 0.055632
v 0.547209 -0.203536 0.063452
v 0.482682 -0.229108 0.054970
v 0.475409 -0.197743 -0.000677
v 0.482824 -0.230322 -0.055792
v 0.495862 -0.256374 -0.063528
v 0.507784 -0.282283 -0.055021
v 0.528015 -0.310895 0.000653
v 0.507367 -0.281195 0.055794
v 0.495480 -0.254844 0.063504
v 0.429263 -0.249421 0.054902
v 0.435060 -0.216329 -0.000864
v 0.429139 -0.250918 -0.055942
v 0.432687 -0.280112 -0.063571
v 0.434839 -0.308880 -0.054945
v 0.445687 -0.341997 0.000851
v 0.434661 -0.307404 0.055960
v 0.432639 -0.278135 0.063559
v 0.302048 0.039327 -0.116972
v 0.302097 -0.127449 -0.116652
v 0.350832 -0.161211 -0.128685
v 0.350775 0.028345 -0.129049
v 0.354065 0.028012 -0.107732
v 0.305775 0.038951 -0.092819
v 0.243250 0.053258 0.250773
v 0.285642 0.043674 0.277665
v 0.297744 0.040875 0.144864
v 0.320099 0.035750 0.000001
v 0.345920 0.029976 0.160517
v 0.541973 -0.014477 -0.000094
v 0.594569 -0.026356 0.060912
v 0.596158 -0.026771 -0.061370
v 0.574431 -0.021849 -0.055323
v 0.665133 -0.042357 0.000092
v 0.631288 -0.034720 -0.055231
v 0.603016 -0.028267 0.063355
v 0.631129 -0.034635 0.055322
v 0.603234 -0.028373 -0.063385
v 0.370690 0.024297 0.000001
v 0.271610 0.046828 0.304936
v 0.267155 0.047832 0.309426
v 0.230682 0.056084 0.275199
v 0.221224 0.058214 0.284732
v 0.230682 -0.026137 0.275199
v 0.271610 0.008102 0.304936
v 0.253161 -0.343356 0.231511
v 0.296521 -0.343754 0.256520
v 0.256655 -0.344218 0.224720
v 0.303919 -0.345580 0.242142
v 0.297225 -0.354340 0.144695
v 0.368162 -0.373091 -0.006403
v 0.345382 -0.355926 0.160343
v 0.357026 -0.364481 0.077434
v 0.314655 -0.366494 0.027503
v 0.302277 -0.312951 -0.115487
v 0.351325 -0.323098 -0.128073
v 0.351396 -0.283336 -0.128272
v 0.351369 -0.247291 -0.128429
v 0.350877 -0.228007 -0.128393
v 0.314412 -0.344218 -0.036851
v 0.357985 -0.345270 -0.076991
v 0.354290 -0.333909 -0.106271
v 0.319324 -0.358606 0.000001
v 0.350832 -0.161211 -0.128685
v 0.350775 0.028345 -0.129049
v 0.302048 0.039327 -0.116972
v 0.302097 -0.127449 -0.116652
v 0.354065 0.028012 -0.107732
v 0.305775 0.038951 -0.092819
v 0.351325 -0.323098 -0.128073
v 0.351396 -0.283336 -0.128272
v 0.370690 0.024297 0.000001
v 0.369255 -0.371932 0.000001
v 0.357026 -0.364481 0.077434
v 0.320099 0.035750 0.000001
v 0.297744 0.040875 0.144864
v 0.243250 0.053258 0.250773
v 0.285642 0.043674 0.277665
v 0.345920 0.029976 0.160517
v 0.574431 -0.021849 -0.055323
v 0.574431 -0.021849 -0.055323
v 0.557024 -0.115891 -0.055484
v 0.631288 -0.034720 -0.055231
v 0.631288 -0.034720 -0.055231
v 0.603234 -0.028373 -0.063385
v 0.603234 -0.028373 -0.063385
v 0.596158 -0.026771 -0.061370
v 0.541973 -0.014477 -0.000094
v 0.541973 -0.014477 -0.000094
v 0.594569 -0.026356 0.060912
v 0.603016 -0.028267 0.063355
v 0.603016 -0.028267 0.063355
v 0.631129 -0.034635 0.055322
v 0.631129 -0.034635 0.055322
v 0.665133 -0.042357 0.000092
v 0.665133 -0.042357 0.000092
v 0.230682 0.056084 0.275199
v 0.221224 0.058214 0.284732
v 0.271610 0.046828 0.304936
v 0.267155 0.047832 0.309426
v 0.574313 -0.024243 0.055186
v 0.574313 -0.024243 0.055186
v 0.271610 0.008102 0.304936
v 0.230682 -0.026137 0.275199
v 0.368162 -0.373091 -0.006403
v 0.296521 -0.343754 0.256520
v 0.253161 -0.343356 0.231511
v 0.354290 -0.333909 -0.106271
v 0.256655 -0.344218 0.224720
v 0.297225 -0.354340 0.144695
v 0.302277 -0.312951 -0.115487
v 0.314655 -0.366494 0.027503
v 0.345382 -0.355926 0.160343
v 0.303919 -0.345580 0.242142
v 0.350877 -0.228007 -0.128393
v 0.351369 -0.247291 -0.128429
v 0.357985 -0.345270 -0.076991
v 0.319324 -0.358606 0.000001
v 0.314412 -0.344218 -0.036851
v 0.429263 -0.249421 0.054902
v 0.435060 -0.216329 -0.000864
v 0.429139 -0.250918 -0.055942
v 0.432687 -0.280112 -0.063571
v 0.434839 -0.308880 -0.054945
v 0.445687 -0.341997 0.000851
v 0.434661 -0.307404 0.055960
v 0.432639 -0.278135 0.063559
v 0.541973 -0.019973 -0.000106
v 0.556687 -0.115390 0.055112
v 0.527358 -0.101850 -0.000298
v 0.584556 -0.125458 -0.063435
v 0.611681 -0.135082 -0.055166
v 0.645265 -0.144631 0.000266
v 0.611237 -0.134871 0.055472
v 0.584032 -0.124989 0.063403
v 0.524650 -0.185586 0.055040
v 0.503275 -0.161874 -0.000488
v 0.525028 -0.186421 -0.055639
v 0.547850 -0.204487 -0.063483
v 0.569910 -0.222655 -0.055095
v 0.599521 -0.241417 0.000458
v 0.569337 -0.222052 0.055632
v 0.547209 -0.203536 0.063452
v 0.482682 -0.229108 0.054970
v 0.475409 -0.197743 -0.000677
v 0.482824 -0.230322 -0.055792
v 0.495862 -0.256374 -0.063528
v 0.507784 -0.282283 -0.055021
v 0.528015 -0.310895 0.000653
v 0.507367 -0.281195 0.055794
v 0.495480 -0.254844 0.063504
vn -0.2410 -0.0019 -0.9705
vn 0.2156 0.9763 -0.0180
vn 0.2208 0.9753 -0.0004
vn 0.2141 0.9768 0.0057
vn 0.2202 0.9754 0.0005
vn -0.0610 -0.9937 0.0939
vn -0.2464 -0.0054 -0.9691
vn -0.3054 -0.8977 -0.3177
vn 0.8822 -0.0000 0.4710
vn 0.8016 -0.0000 0.5979
vn 0.7099 -0.0000 0.7043
vn 0.8892 -0.0019 0.4575
vn 0.9511 -0.0298 0.3076
vn 0.9501 -0.0000 0.3118
vn 0.9507 0.0025 0.3102
vn 0.9489 -0.0000 0.3157
vn 0.8892 -0.0000 0.4575
vn -0.9507 0.0269 -0.3089
vn -0.9996 0.0268 -0.0000
vn -0.9980 0.0537 -0.0325
vn -0.9869 0.0532 -0.1523
vn -0.9530 0.0538 -0.2980
vn 0.9547 -0.0512 0.2932
vn 0.9865 0.0186 0.1630
vn 0.9999 0.0125 0.0013
vn 1.0000 -0.0000 -0.0000
vn 0.9852 -0.0441 -0.1659
vn 0.9871 -0.0458 -0.1533
vn 0.9880 -0.0221 -0.1528
vn 0.9879 0.0171 -0.1539
vn 0.9882 0.0074 -0.1531
vn 0.9865 0.0207 -0.1627
vn 0.9864 0.0018 -0.1642
vn 0.9880 0.0003 -0.1545
vn 0.9975 -0.0689 -0.0163
vn 0.9848 -0.0442 0.1678
vn 0.9873 -0.0466 0.1519
vn -0.8822 -0.0000 -0.4710
vn -0.7099 -0.0000 -0.7043
vn -0.8016 -0.0000 -0.5979
vn -0.8892 -0.0000 -0.4575
vn -0.9489 -0.0000 -0.3157
vn -0.8892 0.0019 -0.4575
vn 0.9883 -0.0000 -0.1525
vn -1.0000 -0.0000 -0.0000
vn -0.9883 -0.0000 0.1525
vn -0.9883 0.0063 0.1525
vn -0.4944 -0.1527 0.8557
vn 0.9860 0.0007 0.1670
vn 0.9860 -0.0455 -0.1601
vn 0.9878 -0.0165 -0.1551
vn 0.7776 0.6286 -0.0160
vn 0.7378 0.3418 -0.5821
vn 0.7366 0.3583 0.5736
vn 0.8014 -0.5979 0.0144
vn 0.7464 -0.3489 0.5667
vn 0.6942 0.0116 0.7197
vn 0.7463 -0.3649 -0.5567
vn 0.6951 -0.0173 -0.7187
vn -0.1788 0.8498 0.4958
vn -0.2153 0.8435 0.4922
vn -0.2126 0.8313 -0.5135
vn -0.1745 0.8374 -0.5179
vn -0.0541 0.2452 -0.9680
vn -0.0498 0.2456 -0.9681
vn 0.0627 -0.2804 -0.9578
vn 0.0559 -0.2815 -0.9579
vn 0.1725 -0.8332 -0.5254
vn 0.1809 -0.8313 -0.5256
vn 0.1790 -0.8181 0.5465
vn 0.1703 -0.8200 0.5465
vn 0.0499 -0.2460 0.9680
vn 0.0561 -0.2456 0.9677
vn -0.0567 0.2809 0.9581
vn -0.0615 0.2799 0.9580
vn -0.8602 0.0777 0.5040
vn -0.8528 0.1497 0.5004
vn -0.8632 -0.0010 0.5048
vn -0.8522 0.1477 -0.5020
vn -0.8591 0.0794 -0.5056
vn -0.8621 0.0012 -0.5068
vn -0.8329 0.2486 0.4944
vn -0.8309 0.2567 0.4937
vn -0.8278 0.2559 -0.4993
vn -0.8304 0.2465 -0.4997
vn -0.2598 0.0503 -0.9644
vn -0.2504 0.0816 -0.9647
vn -0.2507 0.0806 -0.9647
vn 0.2637 -0.0873 -0.9606
vn 0.2639 -0.0863 -0.9607
vn 0.2709 -0.0526 -0.9612
vn 0.8314 -0.1626 -0.5314
vn 0.8037 -0.2637 -0.5333
vn 0.8029 -0.2664 -0.5333
vn 0.8285 -0.1618 0.5360
vn 0.7988 -0.2647 0.5402
vn 0.7998 -0.2618 0.5401
vn 0.2631 -0.0510 0.9634
vn 0.2529 -0.0818 0.9640
vn 0.2526 -0.0830 0.9640
vn -0.2696 0.0524 0.9615
vn -0.2630 0.0849 0.9611
vn -0.2628 0.0859 0.9610
vn -0.7490 0.4586 0.4782
vn -0.7372 0.4793 0.4763
vn -0.7303 0.4777 -0.4882
vn -0.7434 0.4554 -0.4898
vn -0.2138 0.1513 -0.9651
vn -0.2160 0.1482 -0.9651
vn 0.2295 -0.1672 -0.9589
vn 0.2317 -0.1634 -0.9590
vn 0.6880 -0.4918 -0.5336
vn 0.6847 -0.4965 -0.5335
vn 0.6792 -0.4917 0.5449
vn 0.6827 -0.4869 0.5449
vn 0.2164 -0.1509 0.9646
vn 0.2138 -0.1545 0.9646
vn -0.2325 0.1596 0.9594
vn -0.2305 0.1630 0.9593
vn -0.5335 0.6986 0.4768
vn -0.4933 0.7265 0.4784
vn -0.4853 0.7203 -0.4957
vn -0.5284 0.6910 -0.4933
vn -0.1357 0.2169 -0.9667
vn -0.1427 0.2130 -0.9666
vn 0.1483 -0.2447 -0.9582
vn 0.1568 -0.2394 -0.9582
vn 0.4525 -0.7148 -0.5332
vn 0.4474 -0.7180 -0.5332
vn 0.4427 -0.7087 0.5493
vn 0.4478 -0.7055 0.5492
vn 0.1430 -0.2155 0.9660
vn 0.1348 -0.2199 0.9662
vn -0.1581 0.2361 0.9588
vn -0.1507 0.2409 0.9588
vt 0.474421 0.000000
vt 0.537581 0.000000
vt 1.000000 0.462224
vt 1.000000 0.525357
vt 0.525357 0.525357
vt 0.462224 0.462224
vt 1.000000 0.496942
vt 1.000000 0.556000
vt 0.576413 0.429984
vt 0.556000 0.556000
vt 0.496942 0.496942
vt 0.514530 0.388371
vt 0.487291 0.182149
vt 0.420712 0.000000
vt 0.472585 0.000000
vt 0.546231 0.201479
vt 0.860813 0.703452
vt 0.852159 0.695018
vt 0.825587 0.669306
vt 0.785926 0.570997
vt 0.825528 0.525920
vt 0.850305 0.535157
vt 0.860638 0.538936
vt 0.895020 0.572477
vt 0.936573 0.672059
vt 0.895134 0.715954
vt 0.815111 0.361140
vt 1.000000 0.328379
vt 1.000000 0.390644
vt 0.912917 0.406075
vt 0.472585 0.472585
vt 0.420712 0.420712
vt 0.233684 0.221065
vt 0.307060 0.146236
vt 0.343164 0.000000
vt 0.435975 0.000000
vt 0.437421 0.009748
vt 0.412413 0.105778
vt 0.388039 0.209835
vt 0.313047 0.286329
vt 0.299679 0.299679
vt 0.227370 0.227370
vt 0.549550 0.549550
vt 0.489045 0.489045
vt 1.000000 0.462419
vt 1.000000 0.525579
vt 0.813834 0.535280
vt 0.761013 0.538654
vt 0.660557 0.543891
vt 0.435975 0.435975
vt 0.343164 0.343164
vt 0.461635 0.380886
vt 0.632836 0.420600
vt 1.000000 0.503744
vt 1.000000 0.565988
vt 0.900549 0.543058
vt 0.764755 0.511302
vt 0.778121 0.153863
vt 0.778121 0.165075
vt 0.776821 0.165366
vt 0.796302 0.051461
vt 0.819935 0.051460
vt 0.819935 0.069474
vt 0.819935 0.087488
vt 0.819935 0.160196
vt 0.786017 0.164162
vt 0.792139 0.051989
vt 0.355766 0.342159
vt 0.313823 0.342159
vt 0.313823 0.337993
vt 0.321786 0.335709
vt 0.355717 0.339228
vt 0.819986 0.048465
vt 0.796302 0.051461
vt 0.819935 0.160196
vt 0.844236 0.082297
vt 0.866410 0.095039
vt 0.866410 0.158552
vt 0.888583 0.056689
vt 0.888701 0.051550
vt 0.897179 0.054839
vt 0.903593 0.079934
vt 0.903584 0.085501
vt 0.888583 0.082297
vt 0.890801 0.069493
vt 0.903549 0.069482
vt 0.866410 0.043830
vt 0.844236 0.056689
vt 0.843990 0.045988
vt 0.393502 0.434254
vt 0.396262 0.458677
vt 0.393502 0.458060
vt 0.380853 0.342409
vt 0.393502 0.458060
vt 0.386430 0.457242
vt 0.355766 0.453656
vt 0.378887 0.342159
vt 0.903668 0.104841
vt 0.903774 0.159724
vt 0.897602 0.159627
vt 0.378887 0.342159
vt 0.313823 0.452172
vt 0.286949 0.453099
vt 0.279956 0.453208
vt 0.280049 0.404921
vt 0.280386 0.351212
vt 0.303153 0.342159
vt 0.355766 0.453656
vt 1.000000 0.299679
vt 0.396716 0.264954
vt 0.390644 0.390644
vt 0.328379 0.328379
vt 0.341270 0.061520
vt 1.000000 0.227370
vt 0.842019 0.069493
vt 0.843990 0.045988
vt 0.866410 0.043650
vt 0.868264 0.043495
vt 0.313823 0.337993
vt 0.903505 0.059136
vt 0.903549 0.069482
vt 0.897179 0.054839
vt 0.866713 0.087760
vt 0.882650 0.077691
vt 0.850533 0.078213
vt 0.866106 0.051078
vt 0.850160 0.061280
vt 0.847992 0.069841
vt 0.882296 0.060756
vt 0.884828 0.069145
vt 0.822715 0.624324
vt 0.838861 0.622645
vt 0.838915 0.640652
vt 0.822735 0.643704
vt 0.854809 0.624360
vt 0.854851 0.643751
vt 0.573132 0.781500
vt 0.574159 0.789952
vt 0.554110 0.791223
vt 0.553740 0.782677
vt 0.574782 0.798281
vt 0.553972 0.799612
vt 0.577923 0.807870
vt 0.556799 0.809290
vt 0.673402 0.595760
vt 0.670209 0.605775
vt 0.649409 0.604542
vt 0.652278 0.594340
vt 0.669624 0.614250
vt 0.649588 0.613103
vt 0.668646 0.622563
vt 0.649266 0.621475
vt 0.760860 0.655242
vt 0.776870 0.654721
vt 0.760863 0.656833
vt 0.744872 0.653908
vt 0.776869 0.654006
vt 0.760805 0.631536
vt 0.776848 0.627616
vt 0.744827 0.627471
vt 0.623538 0.717066
vt 0.618130 0.745175
vt 0.610159 0.742405
vt 0.615200 0.715968
vt 0.621490 0.716602
vt 0.625984 0.747962
vt 0.623538 0.717066
vt 0.631660 0.718904
vt 0.641460 0.721115
vt 0.635707 0.750726
vt 0.727093 0.684751
vt 0.721334 0.655729
vt 0.731186 0.652903
vt 0.736938 0.682514
vt 0.718954 0.686594
vt 0.713457 0.658590
vt 0.710643 0.687760
vt 0.705540 0.661370
vt 0.718954 0.686594
vt 0.716508 0.687147
vt 0.760750 0.614157
vt 0.776827 0.607292
vt 0.744782 0.607050
vt 0.607502 0.768057
vt 0.600895 0.762826
vt 0.613890 0.773317
vt 0.622463 0.778749
vt 0.709202 0.630487
vt 0.717941 0.624880
vt 0.702795 0.635848
vt 0.696264 0.641045
vt 0.760695 0.603772
vt 0.776807 0.594691
vt 0.744738 0.594340
vt 0.592450 0.783079
vt 0.588675 0.775536
vt 0.595902 0.790581
vt 0.601760 0.798865
vt 0.691260 0.613363
vt 0.697238 0.604765
vt 0.687818 0.620993
vt 0.684113 0.628444
vt 0.822696 0.608857
vt 0.838807 0.610963
vt 0.854765 0.608816
s 0
usemtl lambert3SG
f 897/1043/486 900/1044/486 899/1045/486 898/1046/486
f 898/1047/487 899/1048/487 902/1049/487 901/1050/487
f 905/1051/488 901/1052/488 902/1053/488 908/1054/488 909/1055/488 910/1056/488 911/1057/488 912/1058/488
f 918/1059/489 920/1060/489 914/1061/489 921/1062/489 934/1063/489 923/1064/489 924/1065/489 926/1066/489 928/1067/489 916/1068/489
f 930/1069/490 931/1070/490 933/1071/490 932/1072/490 911/1073/490 910/1074/490
f 942/1075/491 943/1076/491 945/1077/491 938/1078/491 906/1079/491 907/1080/491 946/1081/491 947/1082/491 880/1083/491 879/1084/491
f 903/1085/492 944/1086/492 900/1087/492 897/1088/492 948/1089/492 949/1090/492 904/1091/492
f 938/1092/493 945/1093/493 951/1094/493 952/1095/493 944/1096/493 903/1097/493 941/1098/493 950/1099/493
s 1
f 936/1100/494 873/1101/495 874/1102/496
f 882/1103/497 801/1104/498 808/1105/499 799/1106/500 862/1107/501 859/1108/502 873/1101/495 936/1100/494 939/1109/502
f 797/1110/503 798/1111/504 896/1112/505 887/1113/506 883/1114/507
f 885/1115/508 801/1104/498 882/1116/497
f 862/1117/501 799/1106/500 803/1118/509 800/1119/510 872/1120/511
f 806/1121/512 894/1122/513 895/1123/514
f 891/1124/515 892/1125/516 805/1126/517 807/1127/518 890/1128/519
f 802/1129/520 804/1130/521 886/1131/522
f 937/1132/523 876/1133/524 875/1134/525
f 940/1135/526 937/1132/523 875/1136/525 858/1137/526 860/1138/527 797/1110/503 881/1139/528
f 872/1120/511 800/1119/510 805/1126/517 892/1125/516 854/1140/529 855/1141/529 856/1142/529
f 883/1114/507 881/1143/528 797/1110/503
f 861/1144/530 857/1145/531 852/1146/531 853/1147/531 888/1148/531 893/1149/532 798/1111/504
f 860/1150/527 861/1144/530 798/1111/504 797/1110/503
s 0
f 880/1151/533 878/1152/533 933/1153/533 931/1154/533 877/1155/533 879/1156/533
s 1
f 808/1105/499 809/1157/534 803/1118/509 799/1106/500
f 886/1158/522 804/1130/521 801/1104/498 885/1115/508
f 894/1122/513 806/1121/512 802/1159/520 884/1160/535
f 893/1149/532 896/1161/505 798/1111/504
f 889/1162/536 890/1163/519 807/1127/518 806/1121/512 895/1164/514
f 804/1130/521 809/1157/534 808/1105/499 801/1104/498
f 805/1126/517 800/1119/510 810/1165/537 811/1166/538
f 800/1119/510 803/1118/509 812/1167/539 810/1165/537
f 804/1130/521 802/1129/520 814/1168/540 813/1169/541
f 803/1118/509 809/1157/534 815/1170/542 812/1167/539
f 802/1129/520 806/1121/512 816/1171/543 814/1168/540
f 807/1127/518 805/1126/517 811/1166/538 817/1172/544
f 806/1121/512 807/1127/518 817/1172/544 816/1171/543
f 809/1157/534 804/1130/521 813/1169/541 815/1170/542
f 953/1173/545 954/1174/546 810/1175/537 812/1176/539
f 845/1174/547 955/1177/548 811/1178/538 810/1175/537
f 846/1179/549 956/1180/550 817/1181/544 811/1182/538
f 847/1180/551 957/1183/552 816/1184/543 817/1181/544
f 848/1183/553 958/1185/554 814/1186/540 816/1184/543
f 849/1187/555 959/1188/556 813/1189/541 814/1190/540
f 850/1188/557 960/1191/558 815/1192/542 813/1189/541
f 851/1191/559 844/1193/560 812/1194/539 815/1192/542
f 819/1195/561 935/1196/562 922/1197/563
f 913/1198/564 961/1195/565 863/1197/566
f 935/1199/562 819/1195/561 963/1200/567 962/1201/568
f 961/1195/565 913/1198/564 915/1202/569 821/1200/570
f 919/1203/571 964/1204/572 822/1205/573 866/1206/571 865/1207/571
f 965/1208/574 823/1204/575 871/1209/576 917/1210/576
f 929/1211/577 966/1212/578 824/1208/579 868/1210/577
f 927/1213/580 967/1214/581 825/1215/582 867/1216/580
f 925/1217/583 968/1218/584 826/1214/585 870/1213/583
f 818/1219/586 820/1220/587 827/1218/588 869/1221/586 864/1222/586
f 962/1201/568 963/1200/567 970/1223/589 969/1224/590
f 821/1200/570 915/1202/569 971/1225/591 829/1223/592
f 822/1205/573 964/1204/572 972/1226/593 830/1227/594
f 823/1204/575 965/1208/574 973/1228/595 831/1226/596
f 824/1208/579 966/1212/578 974/1229/597 832/1228/598
f 825/1215/582 967/1214/581 975/1230/599 833/1231/600
f 826/1214/585 968/1218/584 976/1232/601 834/1230/602
f 827/1218/588 820/1220/587 828/1233/603 835/1232/604
f 969/1224/590 970/1223/589 978/1234/605 977/1235/606
f 829/1223/592 971/1225/591 979/1236/607 837/1234/608
f 830/1227/594 972/1226/593 980/1237/609 838/1238/610
f 831/1226/596 973/1228/595 981/1239/611 839/1237/612
f 832/1228/598 974/1229/597 982/1240/613 840/1239/614
f 833/1231/600 975/1230/599 983/1241/615 841/1242/616
f 834/1230/602 976/1232/601 984/1243/617 842/1241/618
f 835/1232/604 828/1233/603 836/1244/619 843/1243/620
f 977/1245/606 978/1246/605 954/1174/546 953/1173/545
f 837/1246/608 979/1247/607 955/1177/548 845/1174/547
f 838/1238/610 980/1237/609 956/1180/550 846/1179/549
f 839/1237/612 981/1239/611 957/1183/552 847/1180/551
f 840/1239/614 982/1240/613 958/1185/554 848/1183/553
f 841/1242/616 983/1241/615 959/1188/556 849/1187/555
f 842/1241/618 984/1243/617 960/1191/558 850/1188/557
f 843/1243/620 836/1244/619 844/1193/560 851/1191/559
o PinkMug_cell.009
v -0.148096 0.517290 -0.468784
v -0.589206 -0.436522 -0.143324
v -0.420717 -0.436522 -0.375228
v -0.148096 -0.436522 -0.463807
v -0.589206 -0.436522 0.143326
v -0.596411 -0.467290 0.000001
v -0.593938 -0.344218 0.144863
v -0.593938 -0.344218 -0.144862
v -0.148096 -0.344218 -0.468784
v -0.423642 -0.344218 -0.379254
v -0.292778 0.517290 -0.445279
v -0.510790 -0.467290 -0.263511
v -0.286634 -0.467290 -0.426371
v -0.522854 -0.436522 -0.272276
v -0.411940 -0.467290 -0.363149
v -0.575006 -0.467290 -0.138710
v -0.291242 -0.436522 -0.440553
v -0.148096 -0.467290 -0.448878
v -0.575006 -0.467290 0.138712
v -0.611322 -0.436522 0.000001
v -0.616293 -0.344218 0.000001
v -0.292778 -0.344218 -0.445279
v -0.526876 -0.344218 -0.275198
v -0.308411 0.517290 -0.493396
v -0.148096 0.517290 -0.519441
v -0.605350 -0.517290 -0.148567
v -0.536568 -0.517290 -0.282241
v -0.430694 -0.517290 -0.388960
v -0.296480 -0.517290 -0.456675
v -0.636726 -0.449444 -0.158764
v -0.563233 -0.449413 -0.301613
v -0.450086 -0.449444 -0.415652
v -0.306666 -0.449413 -0.488021
v -0.148096 -0.449443 -0.513774
v -0.636726 -0.449444 0.158766
v -0.605348 -0.517290 0.148571
v -0.661234 -0.449413 0.000001
v -0.628275 -0.517290 0.000000
v -0.642114 -0.345581 0.160517
v -0.666884 -0.345579 0.000001
v -0.642114 -0.345581 -0.160515
v -0.148096 -0.345581 -0.519439
v -0.453416 -0.345581 -0.420235
v -0.308411 -0.345579 -0.493394
v -0.567804 -0.345579 -0.304935
v -0.596254 -0.449427 0.237431
v -0.595185 -0.345580 0.251722
v -0.593388 -0.314608 0.255215
v -0.551741 -0.436522 0.216135
v -0.542296 -0.462261 0.207545
v -0.550743 -0.344218 0.228812
v -0.548464 -0.304960 0.233240
v -0.582592 -0.486568 0.225019
v -0.589625 -0.249267 0.262529
v -0.543329 -0.215795 0.243221
v -0.592062 -0.245291 0.257792
v -0.546655 -0.210370 0.236756
v -0.666885 -0.017561 0.000001
v -0.642115 -0.166276 0.160517
v -0.642115 0.146871 -0.160515
v -0.616293 -0.001511 0.000001
v -0.593938 -0.135722 0.144863
v -0.593938 0.146886 -0.144862
v -0.526876 0.295297 -0.275198
v -0.567804 0.311319 -0.304935
v -0.423642 0.429548 -0.379254
v -0.453416 0.460077 -0.420235
v -0.382730 0.517290 -0.455899
v -0.315237 0.517290 -0.433948
v -0.571313 -0.517290 0.214717
v -0.540454 -0.467290 0.205861
v -0.286809 -0.517290 0.066603
v -0.261443 -0.467290 0.060606
v -0.202191 -0.517290 -0.045051
v -0.190864 -0.467290 -0.032523
v -0.187527 -0.517290 -0.064759
v -0.161573 -0.467290 -0.071888
v 0.075613 0.340631 -0.461410
v 0.060783 0.315964 -0.412888
v -0.003417 0.442871 -0.445279
v -0.048610 0.517290 -0.452621
v -0.042650 0.517290 -0.461836
v 0.003758 0.479871 -0.494770
v 0.012217 0.465942 -0.493396
v -0.019021 0.517290 -0.498471
v -0.184243 -0.517290 -0.114041
v -0.155012 -0.467290 -0.170328
v -0.136998 -0.467290 -0.447075
v -0.073444 -0.344218 -0.456656
v -0.011543 -0.221878 -0.446599
v -0.123785 -0.449438 -0.509826
v -0.070871 -0.345580 -0.506893
v -0.160502 -0.517290 -0.478767
v -0.148097 -0.494687 -0.491773
v -0.120468 -0.436522 -0.459319
v 0.012647 -0.180501 -0.493179
v -0.003417 -0.205759 -0.445279
v 0.012545 -0.173383 -0.437226
v 0.027117 -0.151149 -0.485878
v -0.595185 -0.345580 0.251722
v -0.593388 -0.314608 0.255215
v -0.596254 -0.449427 0.237431
v -0.582592 -0.486568 0.225019
v -0.551741 -0.436522 0.216135
v -0.542296 -0.462261 0.207545
v -0.550743 -0.344218 0.228812
v -0.548464 -0.304960 0.233240
v -0.543329 -0.215795 0.243221
v -0.589625 -0.249267 0.262529
v -0.592062 -0.245291 0.257792
v -0.546655 -0.210370 0.236756
v -0.642115 0.146871 -0.160515
v -0.567804 0.311319 -0.304935
v -0.666885 -0.017561 0.000001
v -0.642115 -0.166276 0.160517
v -0.593938 -0.135722 0.144863
v -0.616293 -0.001511 0.000001
v -0.593938 0.146886 -0.144862
v -0.526876 0.295297 -0.275198
v -0.423642 0.429548 -0.379254
v -0.315237 0.517290 -0.433948
v -0.315237 0.517290 -0.433948
v -0.382730 0.517290 -0.455899
v -0.382730 0.517290 -0.455899
v -0.453416 0.460077 -0.420235
v -0.540454 -0.467290 0.205861
v -0.571313 -0.517290 0.214717
v -0.286809 -0.517290 0.066603
v -0.261443 -0.467290 0.060606
v -0.202191 -0.517290 -0.045051
v -0.190864 -0.467290 -0.032523
v -0.187527 -0.517290 -0.064759
v -0.161573 -0.467290 -0.071888
v -0.070871 -0.345580 -0.506893
v 0.012647 -0.180501 -0.493179
v -0.048610 0.517290 -0.452621
v -0.048610 0.517290 -0.452621
v -0.042650 0.517290 -0.461836
v -0.003417 0.442871 -0.445279
v 0.060783 0.315964 -0.412888
v 0.012217 0.465942 -0.493396
v 0.075613 0.340631 -0.461410
v 0.003758 0.479871 -0.494770
v -0.019021 0.517290 -0.498471
v -0.019021 0.517290 -0.498471
v -0.073444 -0.344218 -0.456656
v -0.011543 -0.221878 -0.446599
v -0.120468 -0.436522 -0.459319
v -0.136998 -0.467290 -0.447075
v -0.155012 -0.467290 -0.170328
v -0.184243 -0.517290 -0.114041
v -0.160502 -0.517290 -0.478767
v -0.148097 -0.494687 -0.491773
v -0.123785 -0.449438 -0.509826
v -0.003417 -0.205759 -0.445279
v 0.027117 -0.151149 -0.485878
v 0.012545 -0.173383 -0.437226
v -0.308411 0.517290 -0.493396
v -0.148096 0.517290 -0.519441
v -0.292778 0.517290 -0.445279
v -0.148096 0.517290 -0.468784
vn 0.4576 -0.1258 0.8802
vn 0.4575 -0.1249 0.8804
vn -0.2125 0.6919 0.6900
vn 0.4580 -0.1269 0.8798
vn 0.7564 -0.3150 0.5733
vn 0.7616 -0.3145 0.5667
vn 0.7316 0.4920 0.4719
vn 0.8889 -0.4545 0.0579
vn 0.8894 -0.4532 0.0593
vn 0.7316 0.4909 0.4731
vn -0.9973 -0.0000 -0.0739
vn -0.9227 -0.0000 -0.3856
vn -0.9507 -0.0272 -0.3089
vn -0.9996 -0.0271 -0.0000
vn 0.9220 0.2454 -0.2996
vn 0.9694 0.2453 -0.0000
vn 0.9996 0.0268 -0.0000
vn 0.9507 0.0269 -0.3089
vn -0.2099 -0.0000 0.9777
vn -0.2078 -0.0000 0.9782
vn -0.4504 -0.0000 0.8928
vn 0.5661 0.8243 -0.0000
vn 0.5398 0.8233 0.1754
vn 0.9220 0.2454 0.2996
vn -0.9699 -0.0000 0.2436
vn -0.9507 -0.0272 0.3089
vn -0.9218 -0.2461 -0.2995
vn -0.7842 -0.2460 -0.5697
vn -0.4577 -0.8246 -0.3326
vn -0.5395 -0.8235 -0.1753
vn -0.5697 -0.2461 -0.7841
vn -0.3334 -0.8235 -0.4589
vn -0.2995 -0.2460 -0.9218
vn -0.1748 -0.8246 -0.5381
vn -0.1030 -0.7665 -0.6339
vn -0.0000 -0.2461 -0.9692
vn -0.1023 -0.4350 -0.8946
vn 0.1573 -0.1956 -0.9680
vn -0.8647 -0.2331 0.4449
vn -0.9218 -0.2461 0.2995
vn -0.5395 -0.8235 0.1753
vn -0.4911 -0.8336 0.2527
vn -0.8016 -0.4327 0.4125
vn -0.9693 -0.2460 -0.0000
vn -0.5658 -0.8246 -0.0000
vn 0.9507 0.0269 0.3089
vn -0.7618 -0.0000 -0.6478
vn -0.8087 -0.0271 -0.5876
vn -0.8889 -0.0247 0.4574
vn 0.0001 -0.0272 -0.9996
vn 0.1606 -0.0189 -0.9868
vn -0.3089 -0.0271 -0.9507
vn -0.3090 -0.0000 -0.9511
vn 0.0002 -0.0000 -1.0000
vn -0.5876 -0.0272 -0.8087
vn -0.1604 -0.0000 0.9871
vn -0.0000 -0.0000 1.0000
vn -0.0000 0.0269 0.9996
vn -0.1603 0.0186 0.9869
vn -0.8892 -0.0000 0.4575
vn 0.8087 0.0268 0.5876
vn 0.5876 0.0269 0.8087
vn 0.5270 -0.0000 0.8499
vn 0.7618 -0.0000 0.6478
vn 0.2082 -0.0000 -0.9781
vn 0.2102 -0.0000 -0.9777
vn 0.4505 -0.0000 -0.8928
vn 0.9227 -0.0000 0.3856
vn 0.9973 -0.0000 0.0739
vn 0.3090 -0.0000 0.9511
vn 0.4504 -0.0000 0.8928
vn 0.3089 0.0268 0.9507
vn -0.2215 0.6981 0.6809
vn -0.0000 -1.0000 -0.0000
vn 0.4580 0.8243 0.3328
vn 0.7843 0.2454 0.5698
vn 0.3336 0.8233 0.4592
vn 0.5698 0.2454 0.7843
vn 0.1749 0.8243 0.5384
vn 0.2996 0.2453 0.9220
vn -0.0000 0.8233 0.5676
vn -0.0000 0.2454 0.9694
vn -0.0924 0.8171 0.5690
vn -0.1573 0.1949 0.9681
vn 0.8019 0.4320 -0.4126
vn 0.4914 0.8334 -0.2529
vn 0.5398 0.8233 -0.1754
vn 0.8648 0.2325 -0.4450
vn 0.9648 -0.1071 0.2402
vn 0.9699 -0.0000 -0.2436
vn 0.8889 0.0244 -0.4574
vn -0.0000 1.0000 -0.0000
vn 0.1608 -0.0000 -0.9870
vn 0.8892 -0.0000 -0.4575
vn -0.5270 -0.0000 -0.8499
vn -0.4504 -0.0000 -0.8928
vt 1.000000 0.788544
vt 0.864919 0.656490
vt 0.407297 0.200509
vt 0.230309 0.000000
vt 0.299437 0.000000
vt 0.422072 0.138897
vt 0.828781 0.544064
vt 1.000000 0.711445
vt 0.711445 0.711445
vt 1.000000 0.697661
vt 1.000000 0.778443
vt 0.788544 0.788544
vt 1.000000 0.797267
vt 0.778443 0.778443
vt 0.697661 0.697661
vt 1.000000 0.723349
vt 0.974805 0.689703
vt 1.000000 0.700563
vt 1.000000 0.769691
vt 0.846012 0.703280
vt 0.141807 0.000000
vt 0.284195 0.000000
vt 0.141807 0.141807
vt 1.000000 0.142613
vt 1.000000 0.284867
vt 0.284195 0.284195
vt 0.142613 0.142613
vt 0.212473 0.000000
vt 0.424412 0.000000
vt 0.284867 0.284867
vt 0.707155 0.707155
vt 0.490084 0.490084
vt 0.708031 0.465571
vt 1.000000 0.148218
vt 1.000000 0.239309
vt 0.711012 0.219961
vt 0.502604 0.214983
vt 0.458814 0.238975
vt 1.000000 0.779576
vt 1.000000 0.889649
vt 0.286769 0.177189
vt 0.311094 0.151728
vt 0.375403 0.116354
vt 0.609774 0.121831
vt 1.000000 0.787527
vt 0.889649 0.889649
vt 0.779576 0.779576
vt 1.000000 0.575588
vt 0.247411 0.163488
vt 0.239309 0.239309
vt 0.148218 0.148218
vt 0.173938 0.000000
vt 0.275780 0.000000
vt 0.707155 0.000000
vt 0.735182 0.011071
vt 0.525004 0.098577
vt 0.710632 0.000000
vt 0.800499 0.000000
vt 0.450745 0.016379
vt 0.490084 0.000000
vt 0.431794 0.146432
vt 0.385319 0.194041
vt 0.385319 0.051460
vt 0.431794 0.051460
vt 0.663769 0.314189
vt 0.705266 0.314189
vt 0.705266 0.340914
vt 0.663324 0.340914
vt 0.551434 0.568801
vt 0.551434 0.381002
vt 0.556055 0.390376
vt 0.570022 0.532058
vt 0.705266 0.305280
vt 0.745427 0.305280
vt 0.746763 0.314189
vt 0.478268 0.103374
vt 0.478268 0.051459
vt 0.385826 0.021388
vt 0.344466 0.021397
vt 0.350075 0.001745
vt 0.388778 0.001745
vt 0.311448 0.021388
vt 0.319177 0.001745
vt 0.562500 0.281645
vt 0.604026 0.281636
vt 0.606975 0.301289
vt 0.568115 0.301289
vt 0.646345 0.301289
vt 0.649936 0.281645
vt 0.649936 0.294745
vt 0.649936 0.294745
vt 0.656975 0.281644
vt 0.500538 0.021393
vt 0.477761 0.021388
vt 0.474809 0.001745
vt 0.493961 0.001745
vt 0.496944 0.010640
vt 0.431794 0.021397
vt 0.431793 0.001745
vt 0.747208 0.340914
vt 0.343505 0.241654
vt 0.343505 0.051461
vt 0.504675 0.051460
vt 0.649936 0.251574
vt 0.672296 0.251574
vt 0.603520 0.251573
vt 0.603520 0.001744
vt 0.649936 0.001744
vt 0.561536 0.251574
vt 0.549081 0.376335
vt 0.551434 0.381002
vt 0.538349 0.590348
vt 0.509545 0.590348
vt 0.509545 0.340914
vt 0.531159 0.340914
vt 0.310122 0.051460
vt 0.478268 0.103374
vt 0.505686 0.060427
vt 0.507804 0.079346
vt 0.506432 0.080497
vt 0.784945 0.340914
vt 0.815073 0.340914
vt 0.815073 0.564944
vt 0.784945 0.526074
vt 0.696352 0.204028
vt 0.696352 0.016611
vt 0.714707 0.052893
vt 0.700666 0.195279
vt 0.747208 0.483104
vt 0.705266 0.440138
vt 0.467655 0.590348
vt 0.461152 0.590348
vt 0.429766 0.564944
vt 0.429766 0.340914
vt 0.467655 0.340914
vt 0.756730 0.256844
vt 0.878269 0.440958
vt 0.918751 0.629380
vt 0.878182 0.803912
vt 0.797267 0.797267
vt 0.723349 0.723349
vt 0.799365 0.772706
vt 0.835979 0.615195
vt 0.799443 0.445147
vt 0.689760 0.278989
vt 0.520889 0.132401
vt 0.343546 0.040171
vt 0.453975 0.034276
vt 0.569613 0.094416
vt 0.008630 0.777803
vt 0.001992 0.734787
vt 0.008630 0.691772
vt 0.028544 0.653069
vt 0.059198 0.663578
vt 0.098058 0.602565
vt 0.137427 0.677695
vt 0.130554 0.706554
vt 0.129603 0.720675
vt 0.125357 0.734787
vt 0.100858 0.762629
vt 0.018484 0.796955
vt 0.781561 0.305280
vt 0.784099 0.314189
vt 0.810410 0.305280
vt 0.813907 0.314189
vt 0.430612 0.314189
vt 0.433153 0.305280
vt 0.469434 0.305280
vt 0.468100 0.314189
vt 0.509545 0.305280
vt 0.509545 0.314189
vt 0.512758 0.305280
vt 0.517544 0.314189
vt 0.645175 0.306736
vt 0.645663 0.305280
vt 0.665105 0.305280
vt 0.642688 0.314189
vt 1.000000 0.289368
vt 0.275780 0.275780
vt 0.173938 0.173938
vt 1.000000 0.199501
vt 0.705266 0.440138
vt 0.663324 0.401280
vt 0.642688 0.314189
vt 0.639018 0.340914
vt 0.531159 0.340914
vt 0.189570 0.281797
vt 0.152198 0.287868
vt 0.105782 0.278779
vt 0.084264 0.267923
vt 0.103805 0.277782
vt 0.110308 0.281063
vt 0.152198 0.302534
vt 0.181003 0.283189
vt 0.182728 0.282908
vt 0.687308 0.001744
vt 0.693903 0.012578
vt 0.696352 0.016611
vt 0.696352 0.204028
vt 0.672296 0.251574
vt 0.636718 0.379667
vt 0.634846 0.378096
vt 0.637736 0.352280
vt 0.292931 0.765711
vt 0.286734 0.725550
vt 0.292932 0.685389
vt 0.302936 0.686885
vt 0.383718 0.697611
vt 0.404152 0.725550
vt 0.412633 0.739711
vt 0.414533 0.753895
vt 0.419748 0.782666
vt 0.416535 0.782865
vt 0.376425 0.782250
vt 0.340144 0.793204
vt 0.311524 0.762930
vt 0.310121 0.284724
vt 0.561536 0.018309
vt 0.582002 0.001744
vt 0.784945 0.526074
vt 0.747208 0.483104
s 0
usemtl lambert3SG
f 1085/1248/621 1084/1249/621 1086/1250/621 1087/1251/621 1089/1252/621 1088/1253/621 1090/1254/621 1091/1255/621
f 1091/1256/622 1092/1257/622 1093/1258/622 1085/1259/622
f 1094/1260/623 1093/1261/623 1092/1262/623 1095/1263/623
f 1110/1264/624 1089/1265/624 1087/1266/624 1111/1267/624 1112/1268/624 1113/1269/624
f 1112/1270/625 1114/1271/625 1115/1272/625 1113/1273/625
f 1114/1274/626 1116/1275/626 1117/1276/626 1115/1277/626
f 1122/1278/627 1127/1279/627 1128/1280/627
f 1119/1281/628 1131/1282/628 1130/1283/628 1132/1284/628 1133/1285/628 1134/1286/628 1135/1287/628 1136/1288/628 1137/1289/628 1138/1290/628 1118/1291/628
f 1116/1292/629 1135/1293/629 1134/1294/629 1117/1295/629
f 1139/1296/629 1131/1297/629 1119/1298/629 1140/1299/629 1141/1300/629
f 1122/1301/630 1120/1302/630 1123/1303/630 1124/1304/630 1126/1305/630 1068/1306/630 1127/1307/630
s 1
f 1098/1308/631 1096/1309/632 1025/1310/633 1024/1311/634
f 989/1312/635 1004/1313/636 1005/1314/637 991/1315/638
f 1064/1316/639 1081/1317/640 1082/1318/641 1063/1319/641
f 1004/1313/636 990/1320/642 1000/1321/643 986/1322/644
f 1099/1323/645 1098/1308/631 1024/1311/634 1023/1324/646
f 1014/1325/647 1015/1326/648 1011/1327/649 1010/1328/650
f 1015/1326/648 1016/1329/651 1012/1330/652 1011/1327/649
f 1016/1331/651 1017/1332/653 1013/1333/654 1012/1334/652
f 1077/1335/655 1013/1333/654 1017/1332/653 1018/1336/656 1078/1337/657
f 1078/1338/657 1018/1336/656 1075/1339/658
f 1030/1340/659 1019/1341/660 1020/1342/661 1054/1343/662 1037/1344/663
f 1021/1345/664 1014/1325/647 1010/1328/650 1022/1346/665
f 1004/1313/636 986/1322/644 992/1347/666 1005/1314/637
f 1019/1341/660 1021/1345/664 1022/1346/665 1020/1342/661
f 1097/1348/667 1029/1349/668 1025/1310/633 1096/1309/632
f 1021/1345/664 1024/1311/634 1025/1310/633 1014/1325/647
f 1031/1350/669 1023/1324/646 1019/1341/660 1030/1340/659
f 1018/1336/656 1026/1351/670 1076/1352/671 1075/1339/658
f 1028/1353/672 1008/1354/673 1143/1355/674 1026/1351/670
f 1016/1331/651 1027/1356/675 1028/1353/672 1017/1332/653
f 1074/1357/676 1081/1358/640 1064/1316/639 1121/1359/676 1145/1360/677 993/1361/678 1073/1362/679
f 1017/1332/653 1028/1353/672 1026/1351/670 1018/1336/656
f 1014/1325/647 1025/1310/633 1029/1349/668 1015/1326/648
f 1015/1326/648 1029/1349/668 1027/1363/675 1016/1329/651
f 1099/1364/645 1023/1324/646 1031/1350/669 1032/1365/680 1038/1366/680 1040/1367/680
f 1007/1368/681 994/1369/682 1104/1370/683 1048/1371/684
f 1080/1372/685 1125/1373/686 1062/1374/687 1083/1375/687
f 1005/1314/637 992/1347/666 1102/1376/688 1045/1377/689
f 1144/1378/690 1105/1379/691 1104/1380/683 994/1381/682 1006/1382/692
s 0
f 1049/1383/693 1044/1384/693 1042/1385/693 1043/1386/693 1094/1387/693 1095/1388/693 1100/1389/693 1101/1390/693 1047/1391/693 1103/1392/693 1050/1393/693 1106/1394/693 1107/1395/693 1109/1396/693
s 1
f 1020/1397/661 1022/1398/665 1010/1399/650 1011/1400/649 1012/1401/652 1013/1402/654 1077/1403/655 1070/1404/694 1060/1405/694 1058/1406/694 1056/1407/694 1054/1408/662
f 986/1322/644 1000/1321/643 996/1409/695 998/1410/696
f 998/1410/696 996/1409/695 999/1411/697 987/1412/698
f 987/1413/698 999/1414/697 997/1415/699 1001/1416/700
f 1001/1416/700 997/1415/699 1002/1417/701 988/1418/702
f 988/1418/702 1002/1417/701 1072/1419/703 1079/1420/704
f 1034/1421/705 1055/1422/706 1003/1423/707 989/1312/635 1033/1424/708
f 989/1312/635 1003/1423/707 990/1320/642 1004/1313/636
s 0
f 1124/1425/709 1141/1426/709 1140/1427/709 1126/1428/709
s 1
f 991/1315/638 1005/1314/637 1045/1429/689 1046/1430/710
f 1006/1382/692 993/1361/678 1145/1360/677 1144/1378/690
f 1019/1341/660 1023/1324/646 1024/1311/634 1021/1345/664
f 1033/1431/708 989/1312/635 991/1315/638 1035/1432/711
f 1073/1433/679 993/1361/678 988/1418/702 1079/1420/704
f 987/1413/698 1001/1416/700 1006/1382/692 994/1381/682
f 1001/1416/700 988/1418/702 993/1361/678 1006/1382/692
f 986/1322/644 998/1410/696 1007/1368/681 992/1347/666
f 998/1410/696 987/1412/698 994/1369/682 1007/1368/681
f 1129/1434/712 1009/1435/712 1142/1436/712 1108/1437/712 1053/1438/712 995/1439/712 985/1440/712 1065/1441/712 1066/1442/712
f 1026/1351/670 1143/1355/674 1069/1443/713 1067/1444/713 1125/1445/686 1080/1446/685 1076/1447/671
f 1035/1432/711 991/1315/638 1046/1430/710 1041/1448/714 1039/1449/714 1036/1450/714
f 1000/1451/643 990/1452/642 1003/1453/707 1055/1454/706 1057/1455/712 1059/1456/712 1061/1457/712 1071/1458/712 1072/1459/703 1002/1460/701 997/1461/699 999/1462/697 996/1463/695
f 1029/1349/668 1097/1348/667 1051/1464/715 1027/1363/675
f 1051/1465/715 1052/1466/716 1008/1354/673 1028/1353/672 1027/1356/675
f 992/1347/666 1007/1368/681 1048/1467/684 1102/1468/688
