# Blender 5.0.0
# www.blender.org
mtllib PurpleMug.mtl
o PurpleMug_cell
v -0.337206 -0.251278 -0.478868
v -0.308411 -0.251287 -0.493396
v -0.148098 -0.251366 -0.519440
v -0.122242 -0.251384 -0.515239
v -0.514085 -0.251013 -0.288091
v -0.557594 -0.251030 -0.315226
v -0.453416 -0.251178 -0.420235
v -0.292778 -0.251255 -0.445279
v -0.423642 -0.251142 -0.379254
v -0.148098 -0.251324 -0.468784
v 0.012217 -0.251400 -0.493395
v -0.003417 -0.251342 -0.445279
v 0.085462 -0.251319 -0.400437
v 0.113225 -0.251374 -0.442433
v -0.567124 -0.250997 -0.305620
v -0.526218 -0.250971 -0.275861
v -0.567804 -0.238072 -0.304935
v -0.526876 -0.238456 -0.275198
v -0.535721 0.021147 -0.258008
v -0.576201 0.008516 -0.288616
v -0.567804 0.014257 -0.304935
v -0.490966 0.047124 -0.311394
v -0.526876 0.027195 -0.275198
v -0.524023 0.038554 -0.349065
v -0.423642 0.084086 -0.379254
v -0.453416 0.077319 -0.420235
v -0.308411 0.147079 -0.493396
v -0.292778 0.147043 -0.445279
v -0.237926 0.170900 -0.454190
v -0.234672 0.179150 -0.505376
v -0.148098 0.128416 -0.519441
v -0.148098 0.118258 -0.468784
v -0.003417 0.024044 -0.445279
v 0.012217 0.024021 -0.493396
v 0.092955 -0.045323 -0.396656
v 0.131027 -0.061496 -0.433452
v 0.127448 -0.153488 -0.379254
v 0.149609 -0.088680 -0.356917
v 0.157222 -0.148888 -0.420235
v 0.153118 -0.158490 -0.422306
v 0.121017 -0.168532 -0.382498
v 0.175450 -0.095581 -0.401862
v 0.127448 -0.070334 -0.379254
v 0.157222 -0.080490 -0.420235
v -0.148098 -0.251366 -0.519440
v -0.122242 -0.251384 -0.515239
v -0.337206 -0.251278 -0.478868
v -0.308411 -0.251287 -0.493396
v -0.557594 -0.251030 -0.315226
v -0.453416 -0.251178 -0.420235
v 0.012217 -0.251400 -0.493395
v 0.113225 -0.251374 -0.442433
v -0.003417 -0.251342 -0.445279
v 0.085462 -0.251319 -0.400437
v -0.148098 -0.251324 -0.468784
v -0.292778 -0.251255 -0.445279
v -0.423642 -0.251142 -0.379254
v -0.514085 -0.251013 -0.288091
v -0.567124 -0.250997 -0.305620
v -0.526218 -0.250971 -0.275861
v -0.576201 0.008516 -0.288616
v -0.567804 -0.238072 -0.304935
v -0.526876 -0.238456 -0.275198
v -0.535721 0.021147 -0.258008
v -0.526876 0.027195 -0.275198
v -0.490966 0.047124 -0.311394
v -0.567804 0.014257 -0.304935
v -0.524023 0.038554 -0.349065
v -0.292778 0.147043 -0.445279
v -0.237926 0.170900 -0.454190
v -0.308411 0.147079 -0.493396
v -0.234672 0.179150 -0.505376
v -0.453416 0.077319 -0.420235
v -0.423642 0.084086 -0.379254
v -0.148098 0.118258 -0.468784
v -0.003417 0.024044 -0.445279
v 0.092955 -0.045323 -0.396656
v 0.012217 0.024021 -0.493396
v 0.131027 -0.061496 -0.433452
v -0.148098 0.128416 -0.519441
v 0.127448 -0.153488 -0.379254
v 0.149609 -0.088680 -0.356917
v 0.121017 -0.168532 -0.382498
v 0.157222 -0.148888 -0.420235
v 0.153118 -0.158490 -0.422306
v 0.175450 -0.095581 -0.401862
v 0.157222 -0.080490 -0.420235
v 0.127448 -0.070334 -0.379254
vn -0.0006 -1.0000 -0.0005
vn -0.0003 -1.0000 0.0011
vn -0.0011 -1.0000 0.0024
vn -0.3811 0.9159 0.1261
vn -0.3788 0.9172 0.1238
vn 0.5186 0.8383 0.1681
vn 0.7529 -0.4294 0.4988
vn 0.7524 -0.4311 0.4980
vn 0.5205 0.8366 0.1708
vn 0.4908 -0.0000 -0.8713
vn 0.5415 -0.0000 -0.8407
vn 0.7099 -0.0000 -0.7043
vn -0.3090 -0.0000 -0.9511
vn -0.2709 -0.0000 -0.9626
vn -0.1604 -0.0000 -0.9871
vn -0.0574 -0.0000 -0.9983
vn 0.0001 -0.0000 -1.0000
vn 0.3090 -0.0000 -0.9511
vn 0.2552 -0.0000 -0.9669
vn 0.4504 -0.0000 -0.8928
vn 0.7099 -0.0000 0.7043
vn 0.5877 -0.0000 0.8091
vn 0.5553 -0.0000 0.8316
vn 0.7895 -0.0000 0.6137
vn 0.7149 -0.0000 0.6992
vn 0.1604 -0.0000 -0.9871
vn 0.3090 -0.0000 0.9511
vn 0.2709 -0.0000 0.9626
vn 0.8892 -0.0000 0.4575
vn -0.4908 -0.0000 0.8713
vn -0.7099 -0.0000 0.7043
vn -0.5415 -0.0000 0.8407
vn -0.5553 -0.0000 -0.8316
vn -0.5877 -0.0000 -0.8091
vn -0.7099 -0.0000 -0.7043
vn -0.7149 -0.0000 -0.6992
vn -0.7895 -0.0000 -0.6137
vn -0.4504 -0.0000 0.8928
vn -0.2552 -0.0000 0.9669
vn -0.3090 -0.0000 0.9511
vn -0.5867 -0.0734 0.8064
vn -0.0000 -0.0000 1.0000
vn 0.0574 -0.0000 0.9983
vn 0.1604 -0.0000 0.9871
vn -0.4505 -0.0000 -0.8928
vn -0.8892 -0.0000 -0.4575
vt 0.349354 0.000000
vt 0.584538 0.000000
vt 0.553071 0.062339
vt 0.377675 0.055361
vt 0.765451 0.679942
vt 0.584538 0.584538
vt 0.349354 0.349354
vt 0.263782 0.165931
vt 0.247174 0.000000
vt 0.329014 0.000000
vt 0.343628 0.146004
vt 0.435706 0.343372
vt 0.592650 0.502455
vt 0.796374 0.609890
vt 1.000000 0.647060
vt 1.000000 0.722755
vt 0.722755 0.722755
vt 0.647060 0.647060
vt 1.000000 0.645798
vt 1.000000 0.721764
vt 0.556266 0.137318
vt 1.000000 0.501630
vt 1.000000 0.574526
vt 0.459003 0.130359
vt 0.310049 0.000000
vt 0.399361 0.000000
vt 0.777462 0.000000
vt 0.876448 0.000000
vt 0.853374 0.150055
vt 0.712072 0.438649
vt 0.574526 0.574526
vt 0.501630 0.501630
vt 0.632779 0.372071
vt 0.760299 0.111621
vt 0.759935 0.292100
vt 0.665782 0.000000
vt 0.736893 0.000000
vt 0.852970 0.360110
vt 0.903540 0.733025
vt 0.876448 0.876448
vt 0.777462 0.777462
vt 0.805573 0.628649
vt 0.269033 0.269033
vt 0.865646 0.571085
vt 1.000000 0.635627
vt 1.000000 0.713154
vt 0.914248 0.671960
vt 0.423510 0.423510
vt 0.713154 0.713154
vt 0.635627 0.635627
vt 0.670986 0.000000
vt 0.752826 0.000000
vt 0.878962 0.580879
vt 0.736893 0.736893
vt 0.665782 0.665782
vt 0.852848 0.460353
vt 1.000000 0.269033
vt 1.000000 0.423510
vt 0.988082 0.108409
vt 0.988082 0.128212
vt 0.982762 0.123843
vt 0.603520 0.224272
vt 0.603520 0.108933
vt 0.624870 0.099647
vt 0.649936 0.114336
vt 0.649936 0.224295
vt 0.696352 0.224305
vt 0.696352 0.144562
vt 0.730752 0.169322
vt 0.738336 0.174821
vt 0.738336 0.194624
vt 0.737148 0.197404
vt 0.725597 0.224297
vt 0.785137 0.367912
vt 0.788678 0.367899
vt 0.815073 0.367862
vt 0.815073 0.464921
vt 0.795425 0.454220
vt 0.784945 0.448450
vt 0.784945 0.371535
vt 0.696352 0.224305
vt 0.657422 0.224300
vt 0.649936 0.224295
vt 0.649936 0.114336
vt 0.467655 0.367829
vt 0.467655 0.483150
vt 0.429765 0.464921
vt 0.429765 0.367862
vt 0.784945 0.371535
vt 0.784945 0.448450
vt 0.779968 0.446699
vt 0.204017 0.397382
vt 0.210484 0.416146
vt 0.204017 0.421458
vt 0.310121 0.173903
vt 0.310121 0.078793
vt 0.340525 0.078835
vt 0.343307 0.078845
vt 0.343505 0.082587
vt 0.343505 0.155645
vt 0.330727 0.162680
vt 0.577167 0.367811
vt 0.587462 0.391780
vt 0.589324 0.396136
vt 0.589324 0.420212
vt 0.579337 0.427453
vt 0.551434 0.447537
vt 0.551434 0.367804
vt 0.600639 0.000000
vt 0.689951 0.000000
vt 0.753524 0.717308
vt 0.721764 0.721764
vt 0.645798 0.645798
vt 0.676551 0.641483
vt 0.509545 0.367809
vt 0.509545 0.474815
vt 0.483537 0.490057
vt 0.551434 0.367804
vt 0.561536 0.224241
vt 0.561536 0.129131
vt 0.603520 0.224272
vt 0.595183 0.224270
vt 0.348230 0.153982
vt 0.343505 0.155645
s 0
usemtl lambert2SG
f 46/1/1 47/2/1 48/3/1 45/4/1
f 50/5/2 47/6/2 46/7/2 51/8/2 52/9/2 54/10/2 53/11/2 55/12/2 56/13/2 57/14/2 58/15/2 49/16/2
f 49/17/3 58/18/3 60/19/3 59/20/3
f 65/21/4 66/22/4 68/23/4 67/24/4 61/25/4 19/26/4
f 70/27/5 72/28/5 71/29/5 73/30/5 68/31/5 66/32/5 74/33/5 69/34/5
f 76/35/6 77/36/6 79/37/6 78/38/6 80/39/6 72/40/6 70/41/6 75/42/6
f 82/43/7 81/44/7 83/45/7 85/46/7 84/47/7 86/48/7
f 85/49/8 83/50/8 54/51/8 52/52/8
f 87/53/9 79/54/9 77/55/9 88/56/9 82/57/9 86/58/9
s 1
f 39/59/10 44/60/11 42/61/12
f 2/62/13 27/63/14 30/64/15 31/65/16 3/66/17
f 11/67/18 34/68/19 36/69/20 44/70/11 39/71/10 40/72/20 14/73/20
f 16/74/21 5/75/21 9/76/22 25/77/23 22/78/21 23/79/24 63/80/25
f 34/68/19 11/81/18 4/82/26 3/83/17 31/84/16
f 8/85/27 28/86/28 25/87/23 9/88/22
f 63/89/25 23/90/24 64/91/29
f 37/92/30 38/93/31 43/94/32
f 26/95/33 7/96/34 6/97/35 15/98/35 17/99/36 21/100/37 24/101/35
f 13/102/38 41/103/38 37/104/30 43/105/32 35/106/38 33/107/39 12/108/40
s 0
f 19/109/41 61/110/41 62/111/41 59/112/41 60/113/41 18/114/41
s 1
f 10/115/42 32/116/43 29/117/44 28/86/28 8/85/27
f 12/118/40 33/107/39 32/116/43 10/115/42
f 7/119/34 26/120/33 27/63/14 2/121/13 1/122/45
f 17/99/36 20/123/46 21/124/37
o PurpleMug_cell.001
v -0.593938 0.517290 -0.144862
v -0.423642 0.517290 -0.379254
v -0.148096 0.517290 -0.468784
v -0.423642 0.517290 0.379256
v -0.593938 0.517290 0.144863
v -0.526875 0.517290 -0.275198
v -0.292778 0.517290 -0.445279
v -0.526875 0.517290 0.275199
v -0.616293 0.517290 0.000001
v -0.642115 0.517290 -0.160515
v -0.567804 0.517290 -0.304935
v -0.453416 0.517290 -0.420235
v -0.308411 0.517290 -0.493396
v -0.148096 0.517290 -0.519441
v -0.453416 0.517290 0.420236
v -0.567804 0.517290 0.304936
v -0.642114 0.517290 0.160517
v -0.666885 0.517290 0.000001
v -0.519202 0.410839 0.282933
v -0.559200 0.442550 0.313609
v -0.453416 0.495126 0.420236
v -0.332933 0.510929 0.481024
v -0.321041 0.471790 0.431021
v -0.423642 0.458334 0.379256
v -0.666885 0.240493 0.000001
v -0.616293 0.228531 0.000001
v -0.642115 0.351088 0.160517
v -0.642115 0.118185 -0.160515
v -0.526875 0.407042 0.275199
v -0.567804 0.438292 0.304936
v -0.548037 0.042578 -0.234071
v -0.593938 0.328341 0.144863
v -0.593938 0.118150 -0.144862
v -0.585825 0.025511 -0.269912
v -0.105597 0.502067 -0.461879
v -0.099432 0.517290 -0.511535
v -0.099453 0.517290 -0.487091
v -0.099483 0.517290 -0.460886
v -0.331745 0.517290 0.481624
v -0.312539 0.517290 0.435310
v -0.576559 0.010389 -0.287919
v -0.536093 0.023085 -0.257284
v -0.238060 0.172922 -0.454169
v -0.234726 0.181130 -0.505367
v -0.148097 0.396434 -0.468784
v -0.148098 0.396355 -0.519441
v -0.567804 0.016288 -0.304935
v -0.526876 0.029295 -0.275198
v -0.423642 0.085977 -0.379254
v -0.453416 0.079094 -0.420235
v -0.308411 0.148979 -0.493396
v -0.292778 0.149046 -0.445279
v -0.453416 0.495126 0.420236
v -0.332933 0.510929 0.481024
v -0.559200 0.442550 0.313609
v -0.519202 0.410839 0.282933
v -0.423642 0.458334 0.379256
v -0.321041 0.471790 0.431021
v -0.642115 0.351088 0.160517
v -0.567804 0.438292 0.304936
v -0.666885 0.240493 0.000001
v -0.642115 0.118185 -0.160515
v -0.585825 0.025511 -0.269912
v -0.548037 0.042578 -0.234071
v -0.593938 0.118150 -0.144862
v -0.616293 0.228531 0.000001
v -0.593938 0.328341 0.144863
v -0.526875 0.407042 0.275199
v -0.099432 0.517290 -0.511535
v -0.099432 0.517290 -0.511535
v -0.099453 0.517290 -0.487091
v -0.105597 0.502067 -0.461879
v -0.099483 0.517290 -0.460886
v -0.099483 0.517290 -0.460886
v -0.331745 0.517290 0.481624
v -0.331745 0.517290 0.481624
v -0.312539 0.517290 0.435310
v -0.312539 0.517290 0.435310
v -0.536093 0.023085 -0.257284
v -0.576559 0.010389 -0.287919
v -0.148098 0.396355 -0.519441
v -0.148097 0.396434 -0.468784
v -0.238060 0.172922 -0.454169
v -0.234726 0.181130 -0.505367
v -0.567804 0.016288 -0.304935
v -0.453416 0.079094 -0.420235
v -0.308411 0.148979 -0.493396
v -0.292778 0.149046 -0.445279
v -0.423642 0.085977 -0.379254
v -0.526876 0.029295 -0.275198
v -0.642115 0.517290 -0.160515
v -0.567804 0.517290 -0.304935
v -0.453416 0.517290 -0.420235
v -0.308411 0.517290 -0.493396
v -0.148096 0.517290 -0.519441
v -0.453416 0.517290 0.420236
v -0.567804 0.517290 0.304936
v -0.642114 0.517290 0.160517
v -0.593938 0.517290 -0.144862
v -0.526875 0.517290 -0.275198
v -0.423642 0.517290 -0.379254
v -0.292778 0.517290 -0.445279
v -0.148096 0.517290 -0.468784
v -0.423642 0.517290 0.379256
v -0.526875 0.517290 0.275199
v -0.593938 0.517290 0.144863
v -0.666885 0.517290 0.000001
v -0.616293 0.517290 0.000001
vn -0.1871 -0.7947 0.5775
vn -0.1880 -0.7950 0.5768
vn 0.3090 -0.0000 0.9511
vn 0.3467 -0.0000 0.9380
vn 0.1604 -0.0000 0.9871
vn 0.1215 -0.0000 0.9926
vn -0.0000 -0.0000 1.0000
vn 0.9279 -0.3727 0.0011
vn 0.9042 -0.2043 0.3750
vn -0.1848 -0.7974 0.5745
vn 0.3802 -0.9168 -0.1222
vn -0.1215 -0.0000 -0.9926
vn -0.0000 -0.0000 -1.0000
vn 0.1604 -0.0000 -0.9871
vn -0.4505 -0.0000 0.8928
vn -0.5878 -0.0000 0.8090
vn -0.6054 -0.0000 0.7959
vn -0.8090 -0.0000 0.5878
vn -0.8312 -0.0000 0.5560
vn -0.7099 -0.0000 0.7043
vn -0.9665 -0.0000 0.2567
vn -0.9511 -0.0000 0.3090
vn -1.0000 -0.0000 -0.0000
vn -0.9982 -0.0000 -0.0600
vn 0.9277 -0.3733 0.0006
vn -0.9284 -0.0000 -0.3717
vn -0.9511 -0.0000 -0.3090
vn -0.8090 -0.0000 -0.5878
vn -0.8283 -0.0000 -0.5603
vn -0.8892 -0.0000 -0.4575
vn 0.8283 -0.0000 0.5603
vn 0.8090 -0.0000 0.5878
vn 0.9511 -0.0000 0.3090
vn 0.9284 -0.0000 0.3717
vn 0.8892 -0.0000 0.4575
vn -0.1604 -0.0000 0.9871
vn 0.5878 -0.0000 -0.8090
vn 0.4504 -0.0000 -0.8928
vn 0.6054 -0.0000 -0.7960
vn 0.8312 -0.0000 -0.5560
vn 0.8090 -0.0000 -0.5878
vn 0.7099 -0.0000 -0.7043
vn 0.9665 -0.0000 -0.2567
vn 0.9511 -0.0000 -0.3090
vn 1.0000 -0.0000 -0.0000
vn 0.9982 -0.0000 0.0600
vn 0.5878 -0.0000 0.8090
vn 0.6201 -0.0000 0.7845
vn -0.5878 -0.0000 -0.8090
vn -0.6201 -0.0000 -0.7845
vn -0.0000 1.0000 -0.0000
vn -0.3090 -0.0000 -0.9511
vn -0.3467 -0.0000 -0.9380
vn -0.1604 -0.0000 -0.9871
vt 0.852430 0.000000
vt 0.810912 0.341486
vt 0.673364 0.673364
vt 0.590607 0.590607
vt 0.714862 0.290804
vt 0.750215 0.000000
vt 0.981560 0.672747
vt 0.738368 0.583565
vt 0.521615 0.418293
vt 0.350737 0.196347
vt 0.270772 0.000000
vt 0.349040 0.000000
vt 0.414250 0.160112
vt 0.568464 0.360416
vt 0.764079 0.509569
vt 0.983555 0.590056
vt 1.000000 0.590607
vt 1.000000 0.673364
vt 0.467655 0.590348
vt 0.467655 0.483730
vt 0.483498 0.490642
vt 0.509545 0.555357
vt 0.509545 0.590348
vt 0.170367 0.170367
vt 0.130593 0.130593
vt 0.186204 0.130561
vt 1.000000 0.147570
vt 1.000000 0.249785
vt 0.917330 0.130875
vt 0.988442 0.130946
vt 0.349040 0.349040
vt 0.270772 0.270772
vt 0.309540 0.000000
vt 0.399013 0.000000
vt 1.000000 0.690460
vt 0.956533 0.674346
vt 0.585371 0.449135
vt 0.249064 0.153625
vt 0.124505 0.000000
vt 0.223268 0.000000
vt 0.315764 0.114080
vt 0.619271 0.380772
vt 0.954239 0.584023
vt 1.000000 0.600987
vt 0.649936 0.036759
vt 0.649936 0.001744
vt 0.664026 0.001744
vt 0.856092 0.602983
vt 0.856436 0.604825
vt 0.821208 0.604825
vt 0.821208 0.598408
vt 0.553466 0.294872
vt 0.553466 0.301289
vt 0.520082 0.301289
vt 0.520082 0.278416
vt 0.522593 0.279649
vt 0.478268 0.253168
vt 0.478268 0.301289
vt 0.431794 0.301289
vt 0.431794 0.221148
vt 0.478268 0.253168
vt 1.000000 0.170367
vt 0.804968 0.588527
vt 0.776732 0.000000
vt 0.875495 0.000000
vt 0.902685 0.566705
vt 0.898854 0.009320
vt 1.000000 0.130593
vt 0.385319 0.185735
vt 0.385319 0.301289
vt 0.343505 0.301289
vt 0.343505 0.156233
vt 0.348432 0.154525
vt 0.353645 0.158903
vt 0.784945 0.449058
vt 0.784945 0.590348
vt 0.747208 0.590348
vt 0.747208 0.474784
vt 0.773037 0.452904
vt 0.779758 0.447260
vt 0.521850 0.585941
vt 0.523620 0.590348
vt 0.038323 0.306526
vt 0.070491 0.306526
vt 0.068030 0.319700
vt 0.038323 0.323596
vt 0.625587 0.558428
vt 0.625587 0.590348
vt 0.595459 0.590348
vt 0.595459 0.573278
vt 0.623348 0.559527
vt 0.663324 0.535641
vt 0.663324 0.590348
vt 0.705266 0.590348
vt 0.705266 0.506743
vt 0.429766 0.590348
vt 0.429765 0.465469
vt 0.310121 0.301289
vt 0.310121 0.174417
vt 0.166282 0.285580
vt 0.166288 0.285579
vt 0.152198 0.287868
vt 0.105782 0.278779
vt 0.063798 0.253257
vt 0.030679 0.208788
vt 0.009164 0.198614
vt 0.001992 0.152139
vt 0.009164 0.105665
vt 0.030679 0.063851
vt 0.063798 0.030467
vt 0.099026 0.028908
vt 0.104587 0.026103
vt 0.072419 0.042333
vt 0.042529 0.072461
vt 0.023112 0.110197
vt 0.016640 0.152139
vt 0.023112 0.194082
vt 0.042529 0.231818
vt 0.072419 0.261946
vt 0.110308 0.281063
vt 0.152198 0.302534
vt 0.166273 0.285581
vt 0.815073 0.465469
vt 0.815073 0.590348
vt 0.561536 0.128616
vt 0.561536 0.001744
vt 0.603520 0.001744
vt 0.603520 0.108383
vt 0.624854 0.099074
vt 0.603520 0.108383
vt 0.649936 0.036759
vt 0.431794 0.221148
s 0
usemtl lambert2SG
f 142/125/47 141/126/47 143/127/47 144/128/47 145/129/47 146/130/47
f 148/131/48 147/132/48 149/133/48 150/134/48 151/135/48 152/136/48 153/137/48 154/138/48 155/139/48 156/140/48 144/141/48 143/142/48
s 1
f 190/143/49 176/144/50 171/145/51 133/146/52 191/147/53
s 0
f 160/148/54 159/149/54 161/150/54
f 142/151/55 146/152/55 165/153/55 163/154/55
f 152/155/56 151/156/56 168/157/56 167/158/56
f 168/159/57 173/160/57 174/161/57 175/162/57 172/163/57 131/164/57 140/165/57 177/166/57 178/167/57 167/168/57
s 1
f 169/169/58 102/170/59 158/171/60
f 110/172/61 164/173/61 184/174/62 109/175/63
f 109/176/63 184/177/62 185/178/64 118/179/65 108/180/66
f 115/181/67 186/182/68 195/183/69 113/184/70
f 115/185/67 118/179/65 185/178/64 186/182/68
s 0
f 160/186/71 170/187/71 131/188/71 172/189/71 134/190/71 157/191/71 159/192/71
s 1
f 116/193/72 179/194/73 180/195/74 135/196/75 129/197/76 122/198/76
f 136/199/77 188/200/78 187/201/79 121/202/80 119/203/81 130/204/81
f 123/205/82 162/206/82 191/147/53 133/146/52
f 192/207/83 166/208/84 111/209/84 112/210/85
f 117/211/86 193/212/87 192/213/83 112/214/85 107/215/88
f 120/216/89 194/217/90 193/212/87 117/211/86
f 196/218/91 194/217/90 120/216/89 114/219/92
f 176/144/50 190/143/49 90/220/93 137/221/94
f 187/201/79 196/218/91 114/219/92 121/202/80
f 180/195/74 181/222/95 138/223/96 135/196/75
f 125/224/97 124/225/97 183/226/97 182/227/97 100/228/97 99/229/97 98/230/97 106/231/97 105/232/97 104/233/97 103/234/97 127/235/97 128/236/97 92/237/97 96/238/97 93/239/97 97/240/97 89/241/97 94/242/97 189/243/97 95/244/97 91/245/97 126/246/97
f 137/247/94 90/248/93 188/200/78 136/199/77
f 138/249/96 181/250/95 101/251/98 139/252/99
f 132/253/100 139/254/99 101/251/98 102/170/59 169/255/58
f 195/183/69 179/194/73 116/193/72 113/256/70
o PurpleMug_cell.002
v 0.124524 -0.436522 -0.375228
v 0.127448 -0.344218 -0.379254
v 0.115748 -0.467290 -0.363149
v 0.226660 -0.436522 -0.272276
v 0.278813 -0.467290 -0.138710
v 0.214596 -0.467290 -0.263511
v 0.230682 -0.344218 -0.275198
v 0.153892 -0.449444 -0.415652
v 0.134499 -0.517290 -0.388960
v 0.267039 -0.449413 -0.301613
v 0.240375 -0.517290 -0.282240
v 0.309154 -0.517290 -0.148569
v 0.157222 -0.345581 -0.420235
v 0.271610 -0.345579 -0.304935
v -0.182367 -0.517290 -0.156186
v -0.110367 -0.467290 -0.234347
v 0.055938 -0.351801 -0.414881
v 0.050924 -0.449422 -0.467609
v 0.085801 -0.345580 -0.456269
v 0.091442 -0.327145 -0.453423
v 0.012088 -0.517290 -0.450721
v 0.027511 -0.436522 -0.424174
v 0.009921 -0.467290 -0.416542
v -0.240517 -0.517290 -0.068000
v -0.226668 -0.467290 -0.057972
v 0.058490 -0.344218 -0.414045
v 0.083807 -0.261772 -0.401272
v 0.112199 -0.259552 -0.442951
v 0.114287 -0.252834 -0.441898
v 0.086582 -0.252844 -0.399872
v 0.122277 -0.170033 -0.381863
v 0.127448 -0.158006 -0.379254
v 0.151111 -0.089266 -0.355403
v 0.157222 -0.153207 -0.420235
v 0.176848 -0.096194 -0.400453
v 0.195538 -0.075513 -0.310622
v 0.247481 -0.074328 -0.329256
v -0.024387 -0.517290 0.113812
v 0.010787 -0.467290 0.062272
v 0.235159 -0.148348 -0.266498
v 0.271610 -0.123448 -0.304935
v 0.336224 -0.449441 -0.167138
v 0.333267 -0.465152 -0.156404
v 0.318818 -0.345580 -0.213185
v 0.314387 -0.517290 -0.114662
v 0.281639 -0.467290 -0.120395
v 0.291816 -0.439113 -0.142935
v 0.276785 -0.344218 -0.185595
v -0.081048 -0.517290 0.133289
v -0.039491 -0.467290 0.079554
v 0.263884 -0.102276 -0.312722
v 0.232353 -0.140214 -0.271951
v -0.131674 -0.517290 0.150531
v -0.140958 -0.467290 0.114112
v 0.230682 -0.135393 -0.275198
v 0.055938 -0.351801 -0.414881
v 0.027511 -0.436522 -0.424174
v 0.085801 -0.345580 -0.456269
v 0.091442 -0.327145 -0.453423
v 0.050924 -0.449422 -0.467609
v 0.012088 -0.517290 -0.450721
v -0.182367 -0.517290 -0.156186
v -0.110367 -0.467290 -0.234347
v 0.009921 -0.467290 -0.416542
v -0.240517 -0.517290 -0.068000
v -0.226668 -0.467290 -0.057972
v 0.058490 -0.344218 -0.414045
v 0.083807 -0.261772 -0.401272
v 0.112199 -0.259552 -0.442951
v 0.114287 -0.252834 -0.441898
v 0.086582 -0.252844 -0.399872
v 0.122277 -0.170033 -0.381863
v 0.263884 -0.102276 -0.312722
v 0.271610 -0.123448 -0.304935
v 0.157222 -0.153207 -0.420235
v 0.127448 -0.158006 -0.379254
v 0.151111 -0.089266 -0.355403
v 0.176848 -0.096194 -0.400453
v 0.247481 -0.074328 -0.329256
v 0.195538 -0.075513 -0.310622
v -0.024387 -0.517290 0.113812
v 0.314387 -0.517290 -0.114662
v 0.333267 -0.465152 -0.156404
v 0.336224 -0.449441 -0.167138
v 0.318818 -0.345580 -0.213185
v 0.235159 -0.148348 -0.266498
v 0.276785 -0.344218 -0.185595
v 0.281639 -0.467290 -0.120395
v 0.291816 -0.439113 -0.142935
v 0.010787 -0.467290 0.062272
v -0.081048 -0.517290 0.133289
v -0.039491 -0.467290 0.079554
v 0.232353 -0.140214 -0.271951
v -0.131674 -0.517290 0.150531
v -0.140958 -0.467290 0.114112
v 0.230682 -0.135393 -0.275198
vn -0.7900 0.3223 -0.5216
vn -0.7900 0.3233 -0.5209
vn -0.7891 0.3268 -0.5201
vn -0.0956 0.9742 -0.2044
vn 0.5073 0.4194 0.7528
vn 0.2605 0.5980 0.7580
vn -0.8841 0.1566 0.4403
vn 0.2581 0.5996 0.7575
vn 0.4312 -0.2894 -0.8546
vn 0.5697 -0.2461 -0.7841
vn 0.3334 -0.8235 -0.4589
vn 0.2009 -0.8950 -0.3982
vn 0.7842 -0.2460 -0.5697
vn 0.4577 -0.8246 -0.3326
vn 0.8210 -0.4352 -0.3696
vn 0.5395 -0.8235 -0.1753
vn 0.8478 -0.3016 -0.4362
vn 0.3383 -0.9396 -0.0522
vn -0.0000 -1.0000 -0.0000
vn 0.7392 -0.0000 -0.6735
vn 0.8887 -0.0343 -0.4572
vn 0.8087 -0.0271 -0.5876
vn 0.6770 -0.0000 -0.7360
vn 0.5876 -0.0272 -0.8087
vn 0.4502 -0.0326 -0.8923
vn 0.4504 -0.0000 -0.8928
vn -0.2010 0.8949 0.3984
vn -0.3336 0.8233 0.4592
vn -0.5698 0.2454 0.7843
vn -0.4313 0.2888 0.8548
vn -0.4580 0.8243 0.3328
vn -0.7850 0.2454 0.5689
vn -0.5399 0.8233 0.1754
vn -0.8678 0.3070 0.3909
vn -0.3386 0.9395 0.0522
vn -0.0000 1.0000 -0.0000
vn 0.2580 0.5997 0.7575
vn -0.7533 -0.0000 0.6577
vn -0.8093 0.0280 0.5867
vn -0.8899 0.0370 0.4547
vn -0.8892 -0.0000 0.4575
vn -0.7530 0.4320 -0.4964
vn -0.5876 0.0269 0.8087
vn -0.4502 0.0322 0.8923
vn -0.4498 0.0531 0.8915
vn 0.7099 -0.0000 -0.7043
vn -0.6771 -0.0000 0.7359
vn -0.4504 -0.0000 0.8928
vn -0.7099 -0.0000 0.7043
vt 0.685207 0.000000
vt 0.763606 0.000000
vt 0.769392 0.064427
vt 0.792438 0.417791
vt 0.758076 0.599299
vt 0.158986 0.000000
vt 0.317976 0.000000
vt 0.688565 0.370719
vt 0.704094 0.288383
vt 0.158986 0.158986
vt 0.175282 0.000000
vt 0.350567 0.000000
vt 0.317976 0.317976
vt 0.763606 0.763606
vt 0.685207 0.685207
vt 0.711663 0.686442
vt 1.000000 0.693223
vt 1.000000 0.769167
vt 1.000000 0.751160
vt 0.769167 0.769167
vt 0.693224 0.693224
vt 1.000000 0.669292
vt 0.417784 0.417784
vt 0.262777 0.262777
vt 0.488131 0.000000
vt 0.776065 0.000000
vt 0.797539 0.000000
vt 0.898779 0.000000
vt 0.899118 0.567965
vt 0.793530 0.538126
vt 0.761711 0.524554
vt 0.551322 0.372878
vt 0.101343 0.031745
vt 0.064253 0.000000
vt 0.151742 0.000000
vt 0.548521 0.300801
vt 0.740748 0.437922
vt 0.797809 0.454092
vt 0.797864 0.000000
vt 0.899146 0.000000
vt 0.898779 0.898779
vt 0.797539 0.797539
vt 0.151742 0.151742
vt 0.058480 0.000000
vt 0.135328 0.000000
vt 1.000000 0.649433
vt 1.000000 0.824718
vt 0.174674 0.000000
vt 0.350088 0.000000
vt 1.000000 0.864672
vt 1.000000 0.941520
vt 0.776065 0.776065
vt 0.488131 0.488131
vt 0.967918 0.842624
vt 0.707560 0.281639
vt 0.737372 0.281645
vt 0.731757 0.301289
vt 0.696315 0.301289
vt 0.986755 0.021388
vt 0.953737 0.021397
vt 0.948128 0.001745
vt 0.979027 0.001745
vt 0.911694 0.016840
vt 0.909426 0.001745
vt 0.914802 0.021389
vt 0.911694 0.016840
vt 0.899609 0.001745
vt 0.114260 0.720774
vt 0.131096 0.706547
vt 0.187398 0.675728
vt 0.222840 0.622170
vt 0.253494 0.653069
vt 0.273408 0.691771
vt 0.274923 0.701588
vt 0.176837 0.762686
vt 0.160432 0.790898
vt 0.145774 0.791808
vt 0.954698 0.115775
vt 0.928134 0.051460
vt 0.954698 0.051461
vt 0.738336 0.195875
vt 0.738336 0.251574
vt 0.717657 0.251574
vt 0.719290 0.246236
vt 0.725300 0.226665
vt 0.725905 0.224720
vt 0.988082 0.051460
vt 0.914802 0.021389
vt 0.555296 0.305280
vt 0.585936 0.305280
vt 0.588477 0.314189
vt 0.560389 0.314189
vt 0.205182 0.315434
vt 0.208680 0.306526
vt 0.237528 0.306526
vt 0.234990 0.315434
vt 0.273662 0.306526
vt 0.271926 0.315434
vt 0.278965 0.306526
vt 0.272439 0.314684
vt 0.427459 0.782187
vt 0.393786 0.739589
vt 0.418602 0.668362
vt 0.447980 0.697593
vt 0.462538 0.696996
vt 0.540958 0.745465
vt 0.540140 0.765711
vt 0.521547 0.801845
vt 0.492927 0.793204
vt 0.462287 0.783953
vt 0.174674 0.174674
vt 1.000000 0.100854
vt 1.000000 0.202136
vt 0.350089 0.350089
vt 0.234145 0.402621
vt 0.234145 0.342159
vt 0.260088 0.342159
vt 0.236664 0.398870
vt 0.235085 0.401225
vt 0.634177 0.634177
vt 0.689628 0.582703
vt 1.000000 0.262777
vt 1.000000 0.417784
vt 0.742577 0.683132
vt 0.751160 0.751160
vt 0.669292 0.669292
vt 0.204017 0.342159
vt 0.589324 0.340914
vt 0.569358 0.340914
vt 0.568619 0.338719
vt 0.988082 0.107158
vt 0.982354 0.123665
vt 0.961740 0.129996
vt 0.956465 0.121076
vt 0.954698 0.115775
vt 0.589324 0.394828
vt 0.587827 0.391346
vt 0.577492 0.367369
vt 0.576688 0.364784
vt 0.223888 0.419958
vt 0.210923 0.415976
vt 0.204017 0.396074
s 0
usemtl lambert2SG
f 252/257/101 255/258/101 254/259/101 256/260/101 257/261/101 258/262/101 259/263/101 260/264/101 253/265/101
f 258/266/102 261/267/102 262/268/102 259/269/102
f 255/270/102 252/271/102 263/272/102 264/273/102 265/274/102
f 266/275/103 265/276/103 264/277/103 267/278/103
f 274/279/104 273/280/104 276/281/104 275/282/104
f 286/283/105 277/284/105 278/285/105 279/286/105 280/287/105 281/288/105 270/289/105 269/290/105 282/291/105 283/292/105 243/293/105 284/294/105
f 288/295/106 287/296/106 277/297/106 286/298/106
f 282/299/106 269/300/106 289/301/106
f 262/302/107 261/303/107 290/304/107 291/305/107
f 289/306/108 269/307/108 275/308/108 276/309/108 292/310/108
s 1
f 214/311/109 204/312/110 205/313/111 217/314/112
f 204/315/110 206/316/113 207/317/114 205/318/111
f 239/319/115 208/320/116 207/317/114 206/316/113 238/321/117
f 208/320/116 239/322/115 241/323/118
f 220/324/119 211/325/119 217/326/112 205/327/111 207/328/114 208/329/116 241/330/118 234/331/119 245/332/119 249/333/119
f 237/334/120 240/335/121 210/336/122
f 271/337/123 209/338/124 215/339/125 216/340/126 224/341/126 225/342/126
f 204/315/110 209/343/124 210/336/122 206/316/113
f 238/344/117 206/316/113 210/336/122 240/335/121
f 215/339/125 209/338/124 204/312/110 214/311/109
f 219/345/127 199/346/128 197/347/129 218/348/130
f 197/349/129 199/350/128 202/351/131 200/352/132
f 200/352/132 202/351/131 201/353/133 285/354/134
f 201/353/133 242/355/135 285/356/134
f 212/357/136 221/358/136 250/359/136 246/360/136 235/361/136 242/362/135 201/363/133 202/364/131 199/365/128 219/366/127
s 0
f 290/367/137 287/368/137 288/369/137 291/370/137
s 1
f 251/371/138 203/372/139 244/373/140 236/374/141 248/375/141
s 0
f 268/376/142 272/377/142 273/378/142 274/379/142 230/380/142 266/381/142 267/382/142
s 1
f 197/349/129 200/352/132 203/372/139 198/383/143
f 203/372/139 200/352/132 285/354/134 244/373/140
f 197/347/129 198/384/143 222/385/144 213/386/145 218/348/130
f 271/387/123 231/388/146 233/389/146 247/390/146 237/391/120 210/336/122 209/343/124
f 198/384/143 228/392/147 227/393/148 226/394/148 223/395/148 222/385/144
f 198/383/143 203/372/139 251/371/138 232/396/149 229/397/149 228/398/147
o PurpleMug_cell.003
v 0.666860 0.082863 -0.000110
v 0.574313 -0.024243 0.055186
v 0.541973 -0.019973 -0.000106
v 0.574434 -0.024583 -0.055327
v 0.603402 -0.027500 -0.063385
v 0.632168 -0.030216 -0.055234
v 0.666885 -0.033337 0.000077
v 0.632012 -0.030186 0.055315
v 0.603214 -0.027258 0.063355
v 0.556687 -0.115390 0.055112
v 0.527358 -0.101850 -0.000298
v 0.557024 -0.115891 -0.055484
v 0.584556 -0.125458 -0.063435
v 0.611681 -0.135082 -0.055166
v 0.645265 -0.144631 0.000266
v 0.611237 -0.134871 0.055472
v 0.584032 -0.124989 0.063403
v 0.524650 -0.185586 0.055040
v 0.503275 -0.161874 -0.000488
v 0.525028 -0.186421 -0.055639
v 0.547850 -0.204487 -0.063483
v 0.569910 -0.222655 -0.055095
v 0.599521 -0.241417 0.000458
v 0.569337 -0.222052 0.055632
v 0.547209 -0.203536 0.063452
v 0.482682 -0.229108 0.054970
v 0.475409 -0.197743 -0.000677
v 0.482824 -0.230322 -0.055792
v 0.495862 -0.256374 -0.063528
v 0.507784 -0.282283 -0.055021
v 0.528015 -0.310895 0.000653
v 0.507367 -0.281195 0.055794
v 0.495480 -0.254844 0.063504
v 0.435060 -0.216329 -0.000864
v 0.429139 -0.250918 -0.055942
v 0.432687 -0.280112 -0.063571
v 0.445687 -0.341997 0.000851
v 0.434661 -0.307404 0.055960
v 0.541980 0.054028 0.000053
v 0.574346 0.059152 -0.055193
v 0.574452 0.064419 0.055254
v 0.603242 0.065681 -0.063339
v 0.631953 0.072934 -0.055295
v 0.662666 0.082589 -0.006737
v 0.656310 0.082179 0.016667
v 0.632104 0.078212 0.055163
v 0.603412 0.071732 0.063311
v 0.432652 -0.278322 0.063510
v 0.412385 -0.244225 -0.043577
v 0.434511 -0.219465 0.004421
v 0.418726 -0.310831 0.052118
v 0.420708 -0.308232 0.055992
v 0.441001 -0.244957 0.054917
v 0.435865 -0.342657 0.000878
v 0.426336 -0.280514 -0.063575
v 0.433732 -0.308951 -0.054944
v 0.416459 -0.251687 -0.055970
v 0.631953 0.072934 -0.055295
v 0.631953 0.072934 -0.055295
v 0.662666 0.082589 -0.006737
v 0.603242 0.065681 -0.063339
v 0.603242 0.065681 -0.063339
v 0.574346 0.059152 -0.055193
v 0.574346 0.059152 -0.055193
v 0.541980 0.054028 0.000053
v 0.541980 0.054028 0.000053
v 0.574452 0.064419 0.055254
v 0.574452 0.064419 0.055254
v 0.603412 0.071732 0.063311
v 0.603412 0.071732 0.063311
v 0.632104 0.078212 0.055163
v 0.632104 0.078212 0.055163
v 0.656310 0.082179 0.016667
v 0.418726 -0.310831 0.052118
v 0.420708 -0.308232 0.055992
v 0.420708 -0.308232 0.055992
v 0.432652 -0.278322 0.063510
v 0.432652 -0.278322 0.063510
v 0.434511 -0.219465 0.004421
v 0.441001 -0.244957 0.054917
v 0.441001 -0.244957 0.054917
v 0.426336 -0.280514 -0.063575
v 0.426336 -0.280514 -0.063575
v 0.433732 -0.308951 -0.054944
v 0.433732 -0.308951 -0.054944
v 0.435865 -0.342657 0.000878
v 0.435865 -0.342657 0.000878
v 0.412385 -0.244225 -0.043577
v 0.416459 -0.251687 -0.055970
v 0.416459 -0.251687 -0.055970
v 0.435060 -0.216329 -0.000864
v 0.435060 -0.216329 -0.000864
v 0.429139 -0.250918 -0.055942
v 0.432687 -0.280112 -0.063571
v 0.445687 -0.341997 0.000851
v 0.434661 -0.307404 0.055960
v 0.666860 0.082863 -0.000110
v 0.666860 0.082863 -0.000110
v 0.541973 -0.019973 -0.000106
v 0.574313 -0.024243 0.055186
v 0.574434 -0.024583 -0.055327
v 0.603402 -0.027500 -0.063385
v 0.632168 -0.030216 -0.055234
v 0.666885 -0.033337 0.000077
v 0.632012 -0.030186 0.055315
v 0.603214 -0.027258 0.063355
v 0.556687 -0.115390 0.055112
v 0.527358 -0.101850 -0.000298
v 0.557024 -0.115891 -0.055484
v 0.584556 -0.125458 -0.063435
v 0.611681 -0.135082 -0.055166
v 0.645265 -0.144631 0.000266
v 0.611237 -0.134871 0.055472
v 0.584032 -0.124989 0.063403
v 0.524650 -0.185586 0.055040
v 0.503275 -0.161874 -0.000488
v 0.525028 -0.186421 -0.055639
v 0.547850 -0.204487 -0.063483
v 0.569910 -0.222655 -0.055095
v 0.599521 -0.241417 0.000458
v 0.569337 -0.222052 0.055632
v 0.547209 -0.203536 0.063452
v 0.482682 -0.229108 0.054970
v 0.475409 -0.197743 -0.000677
v 0.482824 -0.230322 -0.055792
v 0.495862 -0.256374 -0.063528
v 0.507784 -0.282283 -0.055021
v 0.528015 -0.310895 0.000653
v 0.507367 -0.281195 0.055794
v 0.495480 -0.254844 0.063504
vn -0.2314 0.9718 -0.0458
vn -0.9153 0.3028 0.2657
vn -0.9476 -0.2883 -0.1379
vn -0.2925 0.8141 -0.5016
vn -0.1742 0.8373 -0.5182
vn -0.0503 0.8482 -0.5273
vn -0.0138 0.2509 -0.9679
vn -0.0540 0.2462 -0.9677
vn -0.0496 0.2468 -0.9678
vn 0.0187 -0.2859 -0.9581
vn 0.0639 -0.2803 -0.9578
vn 0.0893 -0.2769 -0.9567
vn 0.2738 -0.8047 -0.5267
vn 0.1817 -0.8308 -0.5261
vn 0.0560 -0.8538 -0.5177
vn 0.0534 -0.8406 0.5391
vn 0.1785 -0.8191 0.5452
vn 0.1698 -0.8210 0.5451
vn 0.0171 -0.2502 0.9681
vn 0.0505 -0.2472 0.9677
vn 0.0764 -0.2446 0.9666
vn -0.8599 0.0783 0.5045
vn -0.8597 0.0801 0.5044
vn -0.8626 0.0001 0.5060
vn -0.8583 0.0808 -0.5068
vn -0.8585 0.0781 -0.5069
vn -0.8625 0.0005 -0.5061
vn -0.2658 0.0260 -0.9637
vn -0.2658 0.0258 -0.9637
vn -0.2697 0.0006 -0.9629
vn 0.2711 -0.0261 -0.9622
vn 0.2712 0.0004 -0.9625
vn 0.8460 0.0003 -0.5331
vn 0.8415 -0.0813 -0.5340
vn 0.8415 -0.0815 -0.5340
vn 0.8461 0.0005 0.5331
vn 0.8401 -0.0812 0.5363
vn 0.8402 -0.0807 0.5363
vn 0.2710 0.0005 0.9626
vn 0.2672 -0.0252 0.9633
vn 0.2671 -0.0253 0.9633
vn -0.2700 0.0004 0.9628
vn -0.2699 0.0263 0.9625
vn -0.2699 0.0265 0.9625
vn -0.8329 0.2486 0.4944
vn -0.8309 0.2567 0.4937
vn -0.8267 0.2568 -0.5007
vn -0.8291 0.2475 -0.5013
vn -0.2513 0.0821 -0.9644
vn -0.2517 0.0812 -0.9644
vn 0.2637 -0.0873 -0.9607
vn 0.2639 -0.0863 -0.9607
vn 0.8038 -0.2637 -0.5333
vn 0.8029 -0.2664 -0.5333
vn 0.7989 -0.2647 0.5401
vn 0.7999 -0.2617 0.5401
vn 0.2529 -0.0818 0.9640
vn 0.2526 -0.0830 0.9640
vn -0.2630 0.0849 0.9611
vn -0.2628 0.0859 0.9610
vn -0.7490 0.4586 0.4782
vn -0.7372 0.4793 0.4763
vn -0.7303 0.4777 -0.4882
vn -0.7434 0.4554 -0.4898
vn -0.2138 0.1513 -0.9651
vn -0.2160 0.1482 -0.9651
vn 0.2295 -0.1672 -0.9589
vn 0.2317 -0.1634 -0.9590
vn 0.6880 -0.4918 -0.5336
vn 0.6847 -0.4965 -0.5335
vn 0.6792 -0.4917 0.5449
vn 0.6827 -0.4869 0.5449
vn 0.2164 -0.1509 0.9646
vn 0.2138 -0.1545 0.9646
vn -0.2325 0.1596 0.9594
vn -0.2305 0.1630 0.9593
vn -0.5345 0.6974 0.4774
vn -0.4947 0.7250 0.4793
vn -0.4853 0.7203 -0.4957
vn -0.5284 0.6910 -0.4933
vn -0.1357 0.2169 -0.9667
vn -0.1427 0.2130 -0.9666
vn 0.1483 -0.2456 -0.9580
vn 0.1567 -0.2402 -0.9580
vn 0.4516 -0.7147 -0.5341
vn 0.4464 -0.7180 -0.5341
vn 0.4427 -0.7087 0.5493
vn 0.4478 -0.7055 0.5492
vn 0.1431 -0.2155 0.9660
vn 0.1348 -0.2199 0.9662
vn -0.1580 0.2352 0.9590
vn -0.1506 0.2398 0.9591
vn -0.3411 0.8103 0.4764
vn -0.1020 0.2698 0.9575
vt 0.597853 0.421922
vt 0.638323 0.357053
vt 0.710988 0.331956
vt 0.799268 0.322152
vt 0.941165 0.355061
vt 0.901980 0.427320
vt 0.828634 0.452582
vt 0.740921 0.462260
vt 0.637428 0.440333
vt 0.592865 0.430657
vt 0.391007 0.000000
vt 0.516464 0.000000
vt 0.520239 0.006681
vt 0.521447 0.051341
vt 0.503442 0.085560
vt 0.439617 0.073381
vt 0.432835 0.072607
vt 0.841141 0.487078
vt 0.852398 0.423590
vt 1.000000 0.483537
vt 1.000000 0.608993
vt 0.964814 0.594937
vt 0.890193 0.540640
vt 0.838861 0.622645
vt 0.854809 0.624360
vt 0.854817 0.628031
vt 0.850813 0.629186
vt 0.569461 0.781723
vt 0.573132 0.781500
vt 0.574159 0.789952
vt 0.572320 0.790069
vt 0.574461 0.798302
vt 0.574782 0.798281
vt 0.577923 0.807870
vt 0.575079 0.808061
vt 0.670558 0.595569
vt 0.673402 0.595760
vt 0.670209 0.605775
vt 0.666169 0.605536
vt 0.665741 0.606233
vt 0.666169 0.605536
vt 0.669628 0.614196
vt 0.760860 0.655242
vt 0.776869 0.654006
vt 0.776889 0.679677
vt 0.760906 0.676668
vt 0.744872 0.653908
vt 0.760906 0.676668
vt 0.744911 0.678151
vt 0.623587 0.716813
vt 0.615200 0.715968
vt 0.615175 0.691724
vt 0.623540 0.689834
vt 0.631915 0.717600
vt 0.623540 0.689834
vt 0.631854 0.687735
vt 0.641960 0.684859
vt 0.641967 0.718503
vt 0.631854 0.687735
vt 0.640746 0.684938
vt 0.727375 0.717423
vt 0.727349 0.686039
vt 0.737445 0.685126
vt 0.737438 0.718770
vt 0.734384 0.718572
vt 0.719068 0.715548
vt 0.719011 0.686886
vt 0.710683 0.713430
vt 0.710643 0.687760
vt 0.760805 0.631536
vt 0.776848 0.627616
vt 0.744827 0.627471
vt 0.618130 0.745175
vt 0.610159 0.742405
vt 0.625984 0.747962
vt 0.635707 0.750726
vt 0.721334 0.655729
vt 0.731186 0.652903
vt 0.713457 0.658590
vt 0.705540 0.661370
vt 0.760750 0.614157
vt 0.776827 0.607292
vt 0.744782 0.607050
vt 0.607502 0.768057
vt 0.600895 0.762826
vt 0.613890 0.773317
vt 0.622463 0.778749
vt 0.709202 0.630487
vt 0.717941 0.624880
vt 0.702795 0.635848
vt 0.696264 0.641045
vt 0.760695 0.603772
vt 0.776807 0.594691
vt 0.744738 0.594340
vt 0.592450 0.783079
vt 0.588675 0.775536
vt 0.595902 0.790581
vt 0.601760 0.798865
vt 0.691260 0.613363
vt 0.697238 0.604765
vt 0.687818 0.620993
vt 0.684113 0.628444
vt 0.822711 0.620925
vt 0.822696 0.608857
vt 0.838807 0.610963
vt 0.837331 0.622804
vt 0.854765 0.608816
vt 0.669628 0.614196
vt 0.669653 0.614261
vt 0.672045 0.623855
s 0
usemtl lambert2SG
f 352/399/150 350/400/150 353/401/150 355/402/150 357/403/150 359/404/150 361/405/150 363/406/150 365/407/150 389/408/150
f 380/409/151 366/410/151 367/411/151 369/412/151 372/413/151 371/414/151 383/415/151
f 376/416/152 378/417/152 366/418/152 380/419/152 381/420/152 374/421/152
s 1
f 384/422/153 385/423/154 382/424/155 341/425/155
f 349/426/156 327/427/157 386/428/158 375/429/156
f 347/429/159 328/428/160 377/430/161
f 348/431/162 387/432/163 379/433/164
f 346/434/165 329/435/166 388/436/167 368/437/165 343/438/165
f 344/439/168 330/436/169 370/440/170
f 391/441/171 392/442/172 360/443/173 358/444/173
f 393/445/174 295/441/175 331/446/176 356/447/176
f 394/448/177 296/449/178 332/450/179 354/451/179
f 395/452/180 297/448/180 334/453/181 351/454/181
f 390/455/182 396/456/183 298/452/184 335/457/182 336/458/182
f 364/459/185 397/460/186 299/461/187 293/462/185 337/463/185
f 362/464/188 398/465/189 300/460/190 338/459/188
f 333/466/191 294/467/192 301/465/193 339/464/191
f 392/442/172 391/441/171 400/468/194 399/469/195
f 295/441/175 393/445/174 401/470/196 303/468/197
f 296/449/178 394/448/177 402/471/198 304/472/199
f 297/448/180 395/452/180 403/473/200 305/471/201
f 298/452/184 396/456/183 404/474/202 306/473/203
f 299/461/187 397/460/186 405/475/204 307/476/205
f 300/460/190 398/465/189 406/477/206 308/475/207
f 301/465/193 294/467/192 302/478/208 309/477/209
f 399/469/195 400/468/194 408/479/210 407/480/211
f 303/468/197 401/470/196 409/481/212 311/479/213
f 304/472/199 402/471/198 410/482/214 312/483/215
f 305/471/201 403/473/200 411/484/216 313/482/217
f 306/473/203 404/474/202 412/485/218 314/484/219
f 307/476/205 405/475/204 413/486/220 315/487/221
f 308/475/207 406/477/206 414/488/222 316/486/223
f 309/477/209 302/478/208 310/489/224 317/488/225
f 407/480/211 408/479/210 416/490/226 415/491/227
f 311/479/213 409/481/212 417/492/228 319/490/229
f 312/483/215 410/482/214 418/493/230 320/494/231
f 313/482/217 411/484/216 419/495/232 321/493/233
f 314/484/219 412/485/218 420/496/234 322/495/235
f 315/487/221 413/486/220 421/497/236 323/498/237
f 316/486/223 414/488/222 422/499/238 324/497/239
f 317/488/225 310/489/224 318/500/240 325/499/241
f 373/501/242 415/502/227 416/503/226 326/422/242 342/504/242
f 319/503/229 417/505/228 385/423/154 384/422/153
f 320/494/231 418/493/230 386/428/158 327/427/157
f 321/493/233 419/495/232 377/431/161 328/428/160
f 322/495/235 420/496/234 387/432/163 348/431/162
f 323/498/237 421/497/236 388/436/167 329/435/166
f 330/436/169 324/497/239 422/499/238 370/506/170
f 340/507/243 325/499/241 318/500/240 345/508/243
o PurpleMug_cell.004
v 0.293012 -0.436522 0.143326
v 0.300218 -0.467290 0.000001
v 0.297744 -0.344218 -0.144862
v 0.315128 -0.436522 0.000001
v 0.278813 -0.467290 0.138712
v 0.320099 -0.344218 0.000001
v 0.340532 -0.449443 -0.158764
v 0.365040 -0.449413 0.000001
v 0.332081 -0.517290 0.000001
v 0.340532 -0.449444 0.158766
v 0.309154 -0.517290 0.148571
v 0.345920 -0.221145 -0.160515
v 0.345919 -0.345581 -0.160515
v 0.369255 -0.371932 0.000001
v 0.352786 -0.449428 0.079384
v 0.358871 -0.327521 -0.076583
v 0.352786 -0.449428 -0.079382
v 0.358873 -0.283298 -0.084241
v 0.345920 -0.283364 -0.160515
v 0.372729 -0.346901 0.001049
v 0.362964 -0.313474 -0.054867
v 0.363439 -0.284500 -0.063613
v -0.014732 -0.517290 0.118833
v 0.027649 -0.467290 0.070782
v 0.254495 -0.517290 0.254799
v 0.254751 -0.467290 0.185474
v 0.293708 -0.422947 0.143552
v 0.297744 -0.213851 -0.144862
v 0.285362 -0.436522 0.158194
v 0.313296 -0.344218 0.044083
v 0.268306 -0.183366 -0.202075
v 0.320099 -0.310010 0.000001
v 0.417578 -0.311460 0.051245
v 0.411220 -0.244857 -0.044483
v 0.365752 -0.322088 0.039834
v 0.359681 -0.343517 0.066535
v 0.361235 -0.337633 0.059147
v 0.363008 -0.333307 0.054033
v 0.361260 -0.250611 -0.061721
v 0.362262 -0.254663 -0.055587
v 0.322061 -0.449436 0.194667
v 0.342233 -0.416655 0.159319
v 0.357655 -0.351891 0.077145
v 0.358288 -0.238266 -0.080371
v 0.345920 -0.185067 -0.160515
v 0.303819 -0.141469 -0.242338
v -0.021755 -0.517290 0.115166
v 0.013543 -0.467290 0.063416
v 0.271610 -0.108857 -0.304935
v 0.267568 -0.107459 -0.309009
v 0.236626 -0.151288 -0.263646
v 0.271610 -0.119677 -0.304935
v 0.337091 -0.449442 -0.165452
v 0.334741 -0.461965 -0.156882
v 0.314720 -0.517290 -0.112501
v 0.319662 -0.345580 -0.211545
v 0.281976 -0.467290 -0.118212
v 0.293081 -0.436522 -0.142875
v 0.277664 -0.344218 -0.183887
v 0.434400 -0.342756 0.000882
v 0.424859 -0.280608 -0.063576
v 0.432251 -0.309045 -0.054942
v 0.414991 -0.251776 -0.055973
v 0.345920 -0.185067 -0.160515
v 0.303819 -0.141469 -0.242338
v 0.297744 -0.213851 -0.144862
v 0.268306 -0.183366 -0.202075
v 0.320099 -0.310010 0.000001
v 0.313296 -0.344218 0.044083
v 0.293708 -0.422947 0.143552
v 0.285362 -0.436522 0.158194
v 0.254751 -0.467290 0.185474
v 0.027649 -0.467290 0.070782
v -0.014732 -0.517290 0.118833
v 0.254495 -0.517290 0.254799
v 0.322061 -0.449436 0.194667
v 0.342233 -0.416655 0.159319
v 0.357655 -0.351891 0.077145
v 0.359681 -0.343517 0.066535
v 0.361235 -0.337633 0.059147
v 0.363008 -0.333307 0.054033
v 0.365752 -0.322088 0.039834
v 0.417578 -0.311460 0.051245
v 0.411220 -0.244857 -0.044483
v 0.362262 -0.254663 -0.055587
v 0.362262 -0.254663 -0.055587
v 0.361260 -0.250611 -0.061721
v 0.358288 -0.238266 -0.080371
v -0.021755 -0.517290 0.115166
v 0.013543 -0.467290 0.063416
v 0.236626 -0.151288 -0.263646
v 0.271610 -0.108857 -0.304935
v 0.267568 -0.107459 -0.309009
v 0.277664 -0.344218 -0.183887
v 0.271610 -0.119677 -0.304935
v 0.319662 -0.345580 -0.211545
v 0.337091 -0.449442 -0.165452
v 0.334741 -0.461965 -0.156882
v 0.314720 -0.517290 -0.112501
v 0.281976 -0.467290 -0.118212
v 0.293081 -0.436522 -0.142875
v 0.424859 -0.280608 -0.063576
v 0.424859 -0.280608 -0.063576
v 0.414991 -0.251776 -0.055973
v 0.414991 -0.251776 -0.055973
v 0.434400 -0.342756 0.000882
v 0.434400 -0.342756 0.000882
v 0.432251 -0.309045 -0.054942
v 0.432251 -0.309045 -0.054942
vn -0.2830 0.7784 0.5604
vn -0.2900 0.7795 0.5553
vn -0.5088 -0.4191 -0.7520
vn 0.9477 0.2881 0.1375
vn 0.8724 -0.1936 -0.4489
vn 0.9225 -0.2451 -0.2982
vn 0.8815 -0.4352 -0.1833
vn -0.9325 -0.0000 0.3611
vn -0.9506 0.0272 0.3091
vn -0.9996 0.0268 -0.0000
vn -0.9981 -0.0000 0.0620
vn -0.9694 0.2453 -0.0000
vn -0.9220 0.2454 -0.2996
vn -0.9689 0.0537 -0.2414
vn -0.9874 0.0421 -0.1524
vn 0.5395 -0.8235 0.1753
vn 0.9224 -0.2446 0.2990
vn 0.8316 -0.3541 0.4279
vn 0.2913 -0.9448 0.1499
vn 0.9580 -0.2454 0.1484
vn 0.5658 -0.8246 -0.0000
vn 0.9699 -0.2436 -0.0000
vn 0.9580 -0.2458 -0.1476
vn 0.6781 -0.7275 -0.1046
vn 0.9868 0.0230 -0.1604
vn 0.9506 0.0024 -0.3103
vn 0.9325 -0.0000 -0.3611
vn -0.9635 0.1813 0.1969
vn 0.7878 -0.0000 -0.6159
vn 0.8690 -0.0000 -0.4948
vn 0.7099 -0.0000 -0.7043
vn 0.9695 -0.0501 0.2398
vn 0.9507 -0.0303 -0.3087
vn 0.9850 -0.0441 -0.1671
vn 0.9861 0.0017 -0.1663
vn 0.9501 -0.0001 -0.3119
vn 0.9867 -0.0485 0.1551
vn 0.9980 -0.0633 -0.0007
vn 0.9821 -0.0692 0.1754
vn 0.9864 -0.0487 0.1570
vn 0.8890 -0.0194 -0.4574
vn 0.8892 -0.0000 -0.4575
vn -0.6785 0.7271 0.1047
vn -0.5661 0.8243 -0.0000
vn -0.8318 0.3534 -0.4280
vn -0.5399 0.8233 -0.1754
vn -0.2915 0.9448 -0.1500
vn -0.8890 0.0197 0.4574
vn -0.8892 -0.0000 0.4575
vn -0.0000 -1.0000 -0.0000
vn -0.0000 1.0000 -0.0000
vn 0.7973 -0.6034 0.0164
vn 0.6838 -0.5669 0.4595
vn 0.9735 -0.1021 0.2048
vn 0.7463 -0.3649 -0.5567
vn 0.6929 0.1875 -0.6962
vn 0.6964 -0.0163 -0.7175
vn 0.9849 0.0498 -0.1658
vn -0.0503 0.8482 -0.5273
vn -0.0181 0.2542 -0.9670
vn 0.0180 -0.2877 -0.9576
vn 0.0549 -0.8533 -0.5185
vn 0.0554 -0.8383 0.5424
vt 1.000000 0.195569
vt 1.000000 0.274796
vt 0.889170 0.221604
vt 0.680930 0.195185
vt 0.636435 0.215374
vt 0.541912 0.269721
vt 0.535576 0.289055
vt 0.544662 0.356323
vt 1.000000 0.811701
vt 1.000000 0.906252
vt 0.460202 0.366407
vt 0.440047 0.217938
vt 0.455313 0.171216
vt 0.534456 0.127896
vt 0.544626 0.122231
vt 0.551507 0.117987
vt 0.555305 0.113603
vt 0.568871 0.105955
vt 0.483021 0.000000
vt 0.608957 0.000000
vt 0.690453 0.100047
vt 0.699348 0.101281
vt 0.726287 0.104876
vt 0.841494 0.119494
vt 1.000000 0.899526
vt 0.906252 0.906252
vt 0.811701 0.811701
vt 1.000000 0.798191
vt 0.274796 0.274796
vt 0.195569 0.195569
vt 0.932857 0.076576
vt 1.000000 0.068924
vt 1.000000 0.157753
vt 0.548476 0.250083
vt 0.157753 0.157753
vt 0.068924 0.068924
vt 0.093666 0.072339
vt 0.551167 0.180448
vt 0.761516 0.238013
vt 0.786886 0.252455
vt 0.898982 0.332503
vt 0.899526 0.899526
vt 0.798191 0.798191
vt 0.797758 0.345832
vt 0.733671 0.300684
vt 0.404100 0.032778
vt 0.391043 0.000000
vt 0.516979 0.000000
vt 0.576037 0.145797
vt 0.512287 0.157071
vt 0.458556 0.107771
vt 0.914313 0.021388
vt 0.912377 0.021388
vt 0.911832 0.017763
vt 0.271881 0.379905
vt 0.271881 0.342159
vt 0.313823 0.342159
vt 0.313823 0.352063
vt 0.313823 0.315434
vt 0.355321 0.315434
vt 0.355386 0.319364
vt 0.326587 0.342159
vt 0.823394 0.001745
vt 0.820442 0.021388
vt 0.810047 0.021390
vt 0.792637 0.001745
vt 0.843426 0.021393
vt 0.866410 0.001745
vt 0.866410 0.021397
vt 0.889394 0.021393
vt 0.898983 0.001745
vt 0.911832 0.017763
vt 0.889680 0.082531
vt 0.912884 0.087488
vt 0.912884 0.097934
vt 0.272456 0.315434
vt 0.954698 0.119999
vt 0.954698 0.116866
vt 0.955878 0.120404
vt 0.820282 0.030881
vt 0.912884 0.051460
vt 0.888583 0.056689
vt 0.890801 0.069493
vt 0.912884 0.069474
vt 0.888659 0.081858
vt 0.844074 0.049633
vt 0.866410 0.043830
vt 0.849285 0.053761
vt 0.847145 0.052061
vt 0.927659 0.051460
vt 0.954698 0.119999
vt 0.936574 0.110557
vt 0.914314 0.021388
vt 0.927659 0.051460
vt 0.279597 0.306526
vt 0.313823 0.306526
vt 0.359626 0.315434
vt 0.353985 0.306526
vt 0.367524 0.306526
vt 0.260582 0.342159
vt 0.255316 0.388731
vt 0.237490 0.398019
vt 0.275019 0.702214
vt 0.280046 0.734787
vt 0.273408 0.777803
vt 0.257582 0.775169
vt 0.179632 0.762650
vt 0.177599 0.762676
vt 0.355386 0.319364
vt 0.272322 0.315684
vt 0.546337 0.725550
vt 0.541055 0.745472
vt 0.463336 0.696877
vt 0.467420 0.696266
vt 0.533173 0.671850
vt 0.540139 0.685389
vt 0.866106 0.051078
vt 0.854877 0.058262
vt 0.850781 0.054977
vt 0.849285 0.053761
vt 0.882296 0.060756
vt 0.882650 0.077691
vt 0.884828 0.069145
vt 0.888659 0.081858
vt 0.884280 0.078957
vt 0.854705 0.643723
vt 0.851082 0.629523
vt 0.854818 0.628456
vt 0.571893 0.790096
vt 0.554110 0.791223
vt 0.553740 0.782677
vt 0.569036 0.781749
vt 0.574033 0.798329
vt 0.553972 0.799612
vt 0.571893 0.790096
vt 0.574655 0.808090
vt 0.556799 0.809290
vt 0.574033 0.798329
vt 0.652278 0.594340
vt 0.670134 0.595540
vt 0.665436 0.606319
vt 0.650258 0.601524
s 0
usemtl lambert2SG
f 487/509/244 489/510/244 488/511/244 490/512/244 491/513/244 492/514/244 493/515/244 494/516/244 495/517/244 496/518/244 497/519/244 498/520/244 499/521/244 500/522/244 501/523/244 502/524/244 503/525/244 504/526/244 505/527/244 506/528/244 507/529/244 509/530/244 466/531/244 486/532/244
f 511/533/245 496/534/245 495/535/245 512/536/245
f 489/537/245 487/538/245 514/539/245 515/540/245 513/541/245
f 516/542/246 513/543/246 515/544/246 517/545/246 518/546/246 519/547/246 520/548/246 521/549/246 511/550/246 512/551/246 522/552/246 480/553/246
f 526/554/247 506/555/247 505/556/247 528/557/247 530/558/247 524/559/247
s 1
f 475/560/248 429/561/249 476/562/250
f 450/563/251 425/564/252 428/565/253 454/566/254
f 426/567/255 423/568/256 449/569/257 452/570/258 428/565/253
f 433/571/259 432/572/260 463/573/261 447/574/262
f 437/575/263 432/572/260 433/571/259 431/576/264 430/577/265
f 439/578/266 430/577/265 431/576/264 477/579/267 476/580/250 429/561/249
f 510/581/268 434/582/269 467/583/270
f 523/584/271 426/567/255 428/565/253 425/564/252
f 471/585/272 474/586/273 472/587/274
f 463/573/261 432/572/260 464/588/275
f 429/561/249 435/589/276 438/590/277 439/578/266
f 440/591/278 441/592/279 434/582/269 510/593/268
f 465/594/280 437/575/263 430/577/265 436/595/281 459/596/282 458/597/283
f 441/592/279 435/589/276 478/598/284 474/586/273 471/599/272 468/600/285 467/583/270 434/582/269
f 435/589/276 429/561/249 475/601/248 478/602/284
f 479/603/286 424/604/287 426/567/255 523/584/271
f 451/605/288 423/568/256 427/606/289 448/607/290
f 481/608/291 425/564/252 450/563/251 453/609/292 473/610/292
f 477/611/267 431/612/264 433/613/259 447/614/262 445/615/293 469/616/293
f 423/568/256 451/605/288 449/617/257
f 428/565/253 452/570/258 454/566/254
f 424/604/287 427/606/289 423/568/256 426/567/255
f 523/618/271 425/564/252 481/608/291
f 432/572/260 437/575/263 465/594/280 464/588/275
f 424/619/287 479/620/286 470/621/294 446/622/294 448/623/290 427/624/289
f 439/578/266 438/590/277 436/595/281 430/577/265
f 435/589/276 441/592/279 440/591/278 438/590/277
f 436/595/281 442/625/295 457/626/296 460/627/297 459/628/282
f 436/595/281 438/590/277 443/629/298 442/625/295
f 508/630/299 444/631/300 440/591/278 510/632/268 461/633/301
f 438/590/277 440/591/278 444/631/300 443/629/298
f 462/634/302 456/635/302 527/636/302
f 525/637/303 444/638/300 508/639/299 485/640/303
f 531/641/304 443/642/298 444/638/300 483/643/304
f 529/644/305 442/645/295 443/642/298 484/646/305
f 442/647/295 482/648/306 455/649/306 457/650/296
o PurpleMug_cell.005
v 0.297744 0.517290 -0.144862
v 0.297744 0.517290 0.144864
v 0.127448 0.517290 0.379256
v -0.148096 0.517290 0.468785
v 0.320099 0.517290 0.000001
v 0.230682 0.517290 0.275199
v -0.003417 0.517290 0.445280
v -0.292778 0.517290 0.445280
v 0.345920 0.271144 -0.160515
v 0.345920 0.517290 -0.160515
v 0.370690 0.244746 0.000001
v 0.370690 0.517290 0.000001
v 0.345920 0.271144 0.160517
v 0.345920 0.517290 0.160517
v 0.271610 0.517290 0.304936
v 0.157222 0.517290 0.420236
v 0.012217 0.517290 0.493397
v -0.148096 0.517290 0.519441
v -0.308411 0.517290 0.493397
v 0.345920 0.394217 0.160517
v 0.370690 0.420615 0.000001
v 0.345920 0.394217 -0.160515
v 0.358940 0.376648 0.076155
v 0.358938 0.288714 0.076155
v 0.358940 0.376648 -0.076153
v 0.358938 0.288714 -0.076153
v 0.358938 0.332682 -0.083768
v 0.345920 0.332681 -0.160515
v 0.345920 0.332681 0.160517
v 0.358938 0.332682 0.083770
v 0.372876 0.269858 0.001048
v 0.362234 0.304609 0.055637
v 0.372876 0.395505 -0.001046
v 0.362234 0.360754 -0.055635
v 0.362395 0.362559 0.054382
v 0.363505 0.333882 0.063078
v 0.362395 0.302802 -0.054380
v 0.363505 0.331479 -0.063076
v 0.429217 0.300681 0.055563
v 0.435075 0.266119 0.000857
v 0.429337 0.299180 -0.054536
v 0.432706 0.327698 -0.063126
v 0.434076 0.356778 -0.055566
v 0.445824 0.390910 -0.000857
v 0.434275 0.358251 0.054539
v 0.432757 0.329674 0.063126
v 0.482936 0.280173 0.055489
v 0.475453 0.247644 0.000665
v 0.482788 0.278954 -0.054693
v 0.495558 0.304532 -0.063177
v 0.506832 0.330955 -0.055498
v 0.528073 0.360032 -0.000669
v 0.507265 0.332041 0.054696
v 0.495946 0.306063 0.063173
v 0.525144 0.236327 0.055414
v 0.503316 0.211874 0.000473
v 0.524754 0.235486 -0.054851
v 0.547275 0.253303 -0.063228
v 0.568948 0.272157 -0.055432
v 0.599497 0.290723 -0.000482
v 0.569538 0.272754 0.054851
v 0.547927 0.254259 0.063219
v 0.557105 0.165839 0.055338
v 0.527387 0.151936 0.000280
v 0.556754 0.165335 -0.055010
v 0.584069 0.174820 -0.063280
v 0.611017 0.185176 -0.055366
v 0.645213 0.194076 -0.000296
v 0.611474 0.185386 0.055005
v 0.584607 0.175292 0.063264
v 0.574468 0.074557 0.055262
v 0.541981 0.070104 0.000087
v 0.574330 0.074216 -0.055169
v 0.603222 0.077128 -0.063333
v 0.631937 0.080580 -0.055300
v -0.329501 0.517290 0.482756
v -0.330915 0.509763 0.482043
v -0.319053 0.470726 0.432024
v -0.310302 0.517290 0.436439
v -0.325781 0.502409 0.484633
v -0.310419 0.458360 0.436380
v -0.115371 0.172551 0.514124
v -0.148098 0.227780 0.519441
v -0.148098 0.207715 0.468785
v -0.123155 0.165623 0.464733
v -0.292778 0.433251 0.445280
v -0.308411 0.477686 0.493397
v 0.231339 0.517290 -0.273922
v 0.274304 0.517290 -0.299699
v 0.261792 0.091468 -0.214735
v 0.304866 0.089906 -0.240302
v 0.265918 0.036583 -0.206717
v 0.309387 0.029768 -0.231516
v 0.297744 0.043705 -0.144862
v -0.003417 0.154253 0.445280
v 0.012217 0.160448 0.493397
v 0.230682 0.112057 0.275199
v 0.271610 0.113692 0.304936
v 0.157222 0.139189 0.420236
v 0.127448 0.135068 0.379256
v 0.320099 0.064080 0.000001
v 0.370690 0.060531 0.000001
v 0.345920 0.086594 0.160517
v 0.345920 0.037944 -0.160515
v 0.297744 0.087601 0.144864
v 0.541980 0.055292 0.000055
v 0.574344 0.060564 -0.055191
v 0.574454 0.065757 0.055255
v 0.603239 0.067198 -0.063338
v 0.631950 0.074543 -0.055296
v 0.655969 0.082151 -0.017321
v 0.640411 0.081147 0.041953
v 0.666351 0.085476 -0.000114
v 0.632105 0.079749 0.055161
v 0.603415 0.073165 0.063311
v -0.329501 0.517290 0.482756
v -0.329501 0.517290 0.482756
v -0.310302 0.517290 0.436439
v -0.310302 0.517290 0.436439
v -0.319053 0.470726 0.432024
v -0.330915 0.509763 0.482043
v -0.325781 0.502409 0.484633
v -0.310419 0.458360 0.436380
v -0.148098 0.207715 0.468785
v -0.123155 0.165623 0.464733
v -0.115371 0.172551 0.514124
v -0.148098 0.227780 0.519441
v -0.308411 0.477686 0.493397
v -0.292778 0.433251 0.445280
v 0.584607 0.175292 0.063264
v 0.603415 0.073165 0.063311
v 0.603415 0.073165 0.063311
v 0.231339 0.517290 -0.273922
v 0.231339 0.517290 -0.273922
v 0.274304 0.517290 -0.299699
v 0.274304 0.517290 -0.299699
v 0.611474 0.185386 0.055005
v 0.632105 0.079749 0.055161
v 0.632105 0.079749 0.055161
v 0.261792 0.091468 -0.214735
v 0.304866 0.089906 -0.240302
v 0.265918 0.036583 -0.206717
v 0.309387 0.029768 -0.231516
v 0.297744 0.043705 -0.144862
v 0.230682 0.112057 0.275199
v 0.127448 0.135068 0.379256
v 0.297744 0.087601 0.144864
v 0.320099 0.064080 0.000001
v 0.345920 0.037944 -0.160515
v 0.370690 0.060531 0.000001
v 0.345920 0.086594 0.160517
v 0.271610 0.113692 0.304936
v 0.157222 0.139189 0.420236
v 0.012217 0.160448 0.493397
v -0.003417 0.154253 0.445280
v 0.631950 0.074543 -0.055296
v 0.631950 0.074543 -0.055296
v 0.655969 0.082151 -0.017321
v 0.666351 0.085476 -0.000114
v 0.666351 0.085476 -0.000114
v 0.640411 0.081147 0.041953
v 0.574454 0.065757 0.055255
v 0.574454 0.065757 0.055255
v 0.541980 0.055292 0.000055
v 0.541980 0.055292 0.000055
v 0.574344 0.060564 -0.055191
v 0.574344 0.060564 -0.055191
v 0.603239 0.067198 -0.063338
v 0.603239 0.067198 -0.063338
v 0.345920 0.517290 -0.160515
v 0.345920 0.517290 0.160517
v 0.271610 0.517290 0.304936
v 0.157222 0.517290 0.420236
v 0.012217 0.517290 0.493397
v -0.148096 0.517290 0.519441
v -0.308411 0.517290 0.493397
v 0.297744 0.517290 -0.144862
v 0.297744 0.517290 0.144864
v 0.230682 0.517290 0.275199
v 0.127448 0.517290 0.379256
v -0.003417 0.517290 0.445280
v -0.148096 0.517290 0.468785
v -0.292778 0.517290 0.445280
v 0.370690 0.517290 0.000001
v 0.320099 0.517290 0.000001
v 0.429217 0.300681 0.055563
v 0.435075 0.266119 0.000857
v 0.429337 0.299180 -0.054536
v 0.432706 0.327698 -0.063126
v 0.434076 0.356778 -0.055566
v 0.445824 0.390910 -0.000857
v 0.434275 0.358251 0.054539
v 0.432757 0.329674 0.063126
v 0.482936 0.280173 0.055489
v 0.475453 0.247644 0.000665
v 0.482788 0.278954 -0.054693
v 0.495558 0.304532 -0.063177
v 0.506832 0.330955 -0.055498
v 0.528073 0.360032 -0.000669
v 0.507265 0.332041 0.054696
v 0.495946 0.306063 0.063173
v 0.525144 0.236327 0.055414
v 0.503316 0.211874 0.000473
v 0.524754 0.235486 -0.054851
v 0.547275 0.253303 -0.063228
v 0.568948 0.272157 -0.055432
v 0.599497 0.290723 -0.000482
v 0.569538 0.272754 0.054851
v 0.547927 0.254259 0.063219
v 0.557105 0.165839 0.055338
v 0.527387 0.151936 0.000280
v 0.556754 0.165335 -0.055010
v 0.584069 0.174820 -0.063280
v 0.611017 0.185176 -0.055366
v 0.645213 0.194076 -0.000296
v 0.574468 0.074557 0.055262
v 0.541981 0.070104 0.000087
v 0.574330 0.074216 -0.055169
v 0.603222 0.077128 -0.063333
v 0.631937 0.080580 -0.055300
vn -0.9041 0.2054 -0.3747
vn -0.8350 -0.5120 0.2016
vn -0.8336 -0.5136 0.2034
vn -0.5080 -0.1618 -0.8460
vn 0.9999 0.0125 0.0013
vn 0.9863 0.0192 -0.1638
vn 0.9507 0.0025 -0.3102
vn 0.9511 -0.0000 -0.3090
vn 1.0000 -0.0000 -0.0000
vn -0.0692 -0.9863 0.1494
vn 0.2357 -0.9708 0.0454
vn -0.0000 1.0000 -0.0000
vn -0.0000 -0.0000 -1.0000
vn -0.1030 -0.0000 -0.9947
vn 0.2219 -0.0000 -0.9751
vn 0.3090 -0.0000 -0.9511
vn -0.8892 -0.0000 0.4575
vn -0.9471 -0.0000 0.3209
vn -0.9511 -0.0000 0.3090
vn -0.2219 -0.0000 0.9751
vn -0.3090 -0.0000 0.9511
vn -0.4505 -0.0000 0.8928
vn -0.1604 -0.0000 -0.9871
vn -0.3090 -0.0000 -0.9511
vn -0.3193 -0.0000 -0.9476
vn -0.8182 -0.0000 -0.5750
vn -0.8090 -0.0000 -0.5878
vn -0.9511 -0.0000 -0.3090
vn -0.9561 -0.0000 -0.2930
vn 0.8182 -0.0000 0.5750
vn 0.8090 -0.0000 0.5878
vn 0.5878 -0.0000 0.8090
vn 0.5996 -0.0000 0.8003
vn 0.9507 -0.0025 0.3102
vn 0.9501 -0.0000 0.3118
vn 0.9507 0.0025 0.3102
vn 0.9511 -0.0000 0.3090
vn 0.9561 -0.0000 0.2930
vn 0.9863 -0.0193 0.1638
vn 0.9999 -0.0000 -0.0147
vn 0.9999 -0.0125 -0.0013
vn -1.0000 -0.0000 -0.0000
vn -0.9999 -0.0000 0.0147
vn -0.5996 -0.0000 -0.8003
vn -0.5878 -0.0000 -0.8090
vn 0.1030 -0.0000 0.9947
vn -0.0000 -0.0000 1.0000
vn -0.5084 -0.1541 -0.8472
vn 0.4504 -0.0000 -0.8928
vn 0.9865 -0.0186 -0.1630
vn 0.9471 -0.0000 -0.3209
vn 0.9507 -0.0025 -0.3102
vn 0.9865 0.0186 0.1630
vn 0.9867 0.0005 -0.1628
vn 0.9501 -0.0000 -0.3118
vn 0.9867 -0.0005 0.1628
vn 0.8892 -0.0000 -0.4575
vn 0.3090 -0.0000 0.9511
vn 0.1604 -0.0000 0.9871
vn 0.3193 -0.0000 0.9476
vn 0.7791 -0.6267 0.0161
vn 0.7376 -0.3413 0.5826
vn 0.8161 0.5778 -0.0147
vn 0.7576 0.3373 -0.5589
vn 0.7575 0.3521 0.5497
vn 0.6958 0.0207 0.7179
vn 0.7364 -0.3580 -0.5741
vn 0.6949 -0.0087 -0.7190
vn -0.2107 -0.8302 0.5161
vn -0.1729 -0.8361 0.5206
vn -0.1773 -0.8487 -0.4983
vn -0.2135 -0.8425 -0.4946
vn -0.0576 -0.2804 -0.9581
vn -0.0622 -0.2795 -0.9581
vn 0.0474 0.2473 -0.9678
vn 0.0546 0.2469 -0.9675
vn 0.1768 0.8194 -0.5452
vn 0.1660 0.8218 -0.5451
vn 0.1683 0.8350 0.5238
vn 0.1789 0.8326 0.5242
vn 0.0614 0.2819 0.9575
vn 0.0536 0.2832 0.9576
vn -0.0547 -0.2446 0.9681
vn -0.0505 -0.2450 0.9682
vn -0.5268 -0.6906 0.4954
vn -0.4840 -0.7196 0.4979
vn -0.4922 -0.7259 -0.4804
vn -0.5321 -0.6983 -0.4787
vn -0.1517 -0.2402 -0.9588
vn -0.1588 -0.2355 -0.9588
vn 0.1329 0.2221 -0.9659
vn 0.1423 0.2171 -0.9657
vn 0.4470 0.7063 -0.5488
vn 0.4392 0.7112 -0.5489
vn 0.4441 0.7205 0.5326
vn 0.4519 0.7156 0.5326
vn 0.1564 0.2411 0.9578
vn 0.1467 0.2471 0.9578
vn -0.1433 -0.2123 0.9666
vn -0.1364 -0.2161 0.9668
vn -0.7426 -0.4551 0.4914
vn -0.7296 -0.4772 0.4899
vn -0.7366 -0.4787 -0.4777
vn -0.7483 -0.4584 -0.4795
vn -0.2312 -0.1620 -0.9593
vn -0.2331 -0.1587 -0.9594
vn 0.2131 0.1567 -0.9644
vn 0.2163 0.1522 -0.9644
vn 0.6825 0.4872 -0.5448
vn 0.6774 0.4942 -0.5448
vn 0.6831 0.4991 0.5333
vn 0.6880 0.4922 0.5334
vn 0.2319 0.1647 0.9587
vn 0.2290 0.1695 0.9585
vn -0.2163 -0.1473 0.9651
vn -0.2143 -0.1503 0.9651
vn -0.8287 -0.2471 0.5022
vn -0.8263 -0.2561 0.5017
vn -0.8306 -0.2560 -0.4945
vn -0.8326 -0.2482 -0.4951
vn -0.2631 -0.0848 -0.9610
vn -0.2633 -0.0839 -0.9611
vn 0.2524 0.0846 -0.9639
vn 0.2530 0.0828 -0.9639
vn 0.7998 0.2620 -0.5400
vn 0.7982 0.2666 -0.5401
vn 0.8021 0.2682 0.5335
vn 0.8035 0.2638 0.5336
vn 0.2629 0.0862 0.9610
vn 0.2626 0.0882 0.9609
vn -0.2536 -0.0800 0.9640
vn -0.2532 -0.0809 0.9640
vn -0.8580 -0.0778 0.5078
vn -0.8578 -0.0803 0.5077
vn -0.8598 -0.0794 -0.5044
vn -0.8600 -0.0778 -0.5044
vn -0.2709 -0.0254 -0.9623
vn -0.2709 -0.0253 -0.9623
vn 0.2663 0.0267 -0.9635
vn 0.2664 0.0260 -0.9635
vn 0.8296 0.1561 -0.5361
vn 0.8394 0.0833 -0.5371
vn 0.8285 0.1628 -0.5359
vn 0.8308 0.1633 0.5321
vn 0.2685 0.0519 0.9619
vn -0.2666 -0.0271 0.9634
vn -0.2659 -0.0411 0.9631
vn -0.8618 -0.0003 0.5073
vn -0.8629 0.0006 -0.5053
vn -0.2718 0.0007 -0.9624
vn 0.2695 0.0006 -0.9630
vn 0.8450 0.0014 -0.5348
vn -0.2679 -0.0003 0.9634
vt 0.915543 0.785479
vt 1.000000 0.748474
vt 1.000000 0.850422
vt 0.986347 0.856404
vt 0.850422 0.850422
vt 0.748474 0.748474
vt 1.000000 0.763367
vt 1.000000 0.859279
vt 0.796942 0.000000
vt 0.892388 0.000000
vt 0.906558 0.140169
vt 0.874359 0.792509
vt 0.859279 0.859279
vt 0.763367 0.763367
vt 0.778681 0.695555
vt 0.807742 0.106829
vt 0.502642 0.502642
vt 0.455028 0.455028
vt 1.000000 0.183794
vt 1.000000 0.255105
vt 0.866410 0.273299
vt 0.888459 0.260569
vt 0.912884 0.265655
vt 0.912884 0.301289
vt 0.866410 0.301289
vt 0.659667 0.466903
vt 0.509020 0.331526
vt 0.341528 0.244875
vt 0.221874 0.080011
vt 0.255105 0.255105
vt 0.183794 0.183794
vt 0.155938 0.147576
vt 0.341580 0.183005
vt 0.527171 0.279018
vt 0.694097 0.429025
vt 0.827308 0.616124
vt 0.911759 0.823412
vt 1.000000 0.107612
vt 1.000000 0.203058
vt 0.856102 0.822831
vt 0.779889 0.635758
vt 0.591942 0.394594
vt 0.569217 0.407487
vt 0.544995 0.295823
vt 0.537488 0.260315
vt 0.547245 0.172658
vt 0.572600 0.099386
vt 0.644995 0.060344
vt 0.677845 0.202240
vt 0.667961 0.290464
vt 0.642772 0.363052
vt 0.194088 0.023216
vt 0.152198 0.001744
vt 0.110308 0.023216
vt 0.105234 0.025776
vt 0.099676 0.028581
vt 0.105782 0.009285
vt 0.152198 0.016411
vt 0.198614 0.025500
vt 0.240597 0.051022
vt 0.273716 0.095491
vt 0.295232 0.105665
vt 0.302404 0.152139
vt 0.295232 0.198614
vt 0.274496 0.207272
vt 0.262056 0.231956
vt 0.281283 0.194082
vt 0.287756 0.152139
vt 0.281283 0.110197
vt 0.261866 0.072461
vt 0.231977 0.042333
vt 0.118102 0.306526
vt 0.118102 0.396158
vt 0.076213 0.330858
vt 0.076213 0.306526
vt 0.251651 0.468305
vt 0.253972 0.452414
vt 0.271881 0.454476
vt 0.271881 0.591594
vt 0.234515 0.591594
vt 0.863192 0.593358
vt 0.863192 0.604825
vt 0.857086 0.604825
vt 0.856676 0.602646
vt 0.858163 0.600516
vt 0.125324 0.408344
vt 0.118102 0.396158
vt 0.159992 0.306526
vt 0.159992 0.411637
vt 0.393502 0.474266
vt 0.393502 0.591594
vt 0.355766 0.591594
vt 0.355766 0.467185
vt 0.778121 0.184434
vt 0.778121 0.301289
vt 0.744738 0.301289
vt 0.744738 0.191817
vt 0.819935 0.230022
vt 0.819935 0.247839
vt 0.819935 0.265655
vt 0.819935 0.301289
vt 0.819935 0.176589
vt 0.844361 0.235109
vt 0.819935 0.176589
vt 0.866410 0.169043
vt 0.866410 0.222379
vt 0.313823 0.591594
vt 0.271881 0.454476
vt 0.313823 0.460375
vt 0.423630 0.480928
vt 0.423630 0.591594
vt 0.159992 0.411637
vt 0.197882 0.306526
vt 0.197881 0.417192
vt 0.909608 0.521003
vt 0.909608 0.604825
vt 0.863192 0.593358
vt 1.000000 0.455028
vt 1.000000 0.502642
vt 0.591730 0.482077
vt 0.537057 0.427397
vt 0.071105 0.323588
vt 0.068606 0.320008
vt 0.071139 0.306526
vt 0.888459 0.235109
vt 0.912884 0.162503
vt 0.912884 0.230022
vt 0.844361 0.260569
vt 0.890664 0.247839
vt 0.912884 0.247839
vt 0.842156 0.247839
vt 0.313823 0.460375
vt 0.912884 0.162503
vt 0.933441 0.160136
vt 0.935985 0.177548
vt 0.953182 0.301289
vt 0.956024 0.604825
vt 0.909608 0.521003
vt 0.919083 0.505013
vt 0.956024 0.501508
vt 0.998008 0.604825
vt 0.956024 0.501508
vt 0.998008 0.495353
vt 0.866107 0.229649
vt 0.850301 0.239711
vt 0.866713 0.266028
vt 0.882518 0.255967
vt 0.850665 0.256490
vt 0.848147 0.248187
vt 0.882155 0.239188
vt 0.884673 0.247491
vt 0.815661 0.629287
vt 0.799856 0.626206
vt 0.799800 0.608197
vt 0.815640 0.609893
vt 0.783808 0.629240
vt 0.783762 0.609858
vt 0.553807 0.621180
vt 0.554129 0.612877
vt 0.574165 0.613972
vt 0.573189 0.622228
vt 0.553761 0.604401
vt 0.574561 0.605552
vt 0.556842 0.594340
vt 0.577962 0.595670
vt 0.652320 0.809290
vt 0.649286 0.799751
vt 0.670097 0.798504
vt 0.673441 0.807960
vt 0.649607 0.791448
vt 0.669658 0.790230
vt 0.649239 0.782973
vt 0.668633 0.781835
vt 0.799745 0.596506
vt 0.815618 0.594340
vt 0.783717 0.594382
vt 0.592362 0.620679
vt 0.588665 0.628084
vt 0.595626 0.613028
vt 0.601777 0.604610
vt 0.691230 0.790915
vt 0.697255 0.799020
vt 0.687953 0.783394
vt 0.684186 0.775898
vt 0.776957 0.742144
vt 0.761084 0.732726
vt 0.761028 0.722370
vt 0.776935 0.729450
vt 0.745056 0.741792
vt 0.745010 0.729206
vt 0.607336 0.635512
vt 0.600816 0.640670
vt 0.613611 0.630053
vt 0.622456 0.624677
vt 0.709260 0.773750
vt 0.717935 0.778952
vt 0.703003 0.768395
vt 0.696407 0.763203
vt 0.760972 0.705015
vt 0.776913 0.709041
vt 0.744964 0.708895
vt 0.617989 0.658235
vt 0.610081 0.660981
vt 0.625792 0.655236
vt 0.635692 0.652660
vt 0.721402 0.748454
vt 0.731171 0.750970
vt 0.713623 0.745531
vt 0.705661 0.742794
vt 0.760916 0.681323
vt 0.776891 0.682612
vt 0.744918 0.682513
vt 0.623534 0.686520
vt 0.615170 0.687363
vt 0.631849 0.685521
vt 0.638807 0.685065
vt 0.641813 0.684102
vt 0.737291 0.719527
vt 0.727376 0.718117
vt 0.729780 0.718273
vt 0.719071 0.717180
vt 0.710688 0.716365
vt 0.760907 0.677034
vt 0.776889 0.680064
vt 0.744912 0.678560
vt 0.760907 0.677034
vt 0.623539 0.689395
vt 0.615174 0.691316
vt 0.631853 0.687269
vt 0.631853 0.687269
vt 0.638807 0.685065
vt 0.710684 0.713817
s 0
usemtl lambert2SG
f 649/651/307 651/652/307 652/653/307 647/654/307
f 652/655/308 651/656/308 654/657/308 653/658/308
f 656/659/309 657/660/309 658/661/309 659/662/309 653/663/309 654/664/309 660/665/309 655/666/309
f 671/667/310 672/668/310 674/669/310 673/670/310
s 1
f 552/671/311 556/672/312 553/673/313 541/674/314 715/675/315
s 0
f 676/676/316 678/677/316 679/678/316 675/679/316 673/680/316 674/681/316 680/682/316 681/683/316 682/684/316 683/685/316 684/686/316 685/687/316 657/688/316 656/689/316 686/690/316 677/691/316
f 689/692/317 690/693/317 692/694/317 670/695/317 646/696/317 693/697/317 695/698/317 697/699/317 699/700/317 687/701/317
s 1
f 712/702/318 713/703/318 714/704/318 650/705/318 648/706/318 707/707/318 706/708/318 705/709/318 704/710/318 703/711/318 545/712/318 543/713/318 701/714/318 666/715/318 664/716/318 708/717/318 536/718/318 709/719/318 710/720/318 711/721/318
f 535/722/319 615/723/320 617/724/321 539/725/322
f 621/726/323 623/727/323 625/728/324 532/729/325 665/730/323
f 618/731/326 550/732/327 607/733/328 608/734/328 611/735/328
f 616/736/329 615/737/320 535/722/319 538/738/330 626/739/331
f 628/740/332 537/741/333 533/742/334 636/743/335
f 629/744/336 546/745/337 547/746/338 630/747/339
f 544/748/340 560/749/341 551/750/342 702/751/343 546/745/337 629/744/336 634/752/344
f 555/753/345 544/748/340 634/754/344 633/755/346 542/756/347
f 716/757/348 532/729/325 625/758/324 632/759/349
f 537/741/333 628/740/332 631/760/350 534/761/351
f 626/762/331 538/738/330 534/763/351 631/764/350
f 614/765/352 549/766/353 550/732/327 618/767/326
s 0
f 672/768/354 671/769/354 619/770/354 667/771/354
s 1
f 539/725/322 617/724/321 612/772/355 609/773/355 610/774/355
f 557/775/356 542/756/347 633/755/346 635/776/357 540/777/358
f 551/750/342 554/778/359 552/671/311 715/675/315 702/751/343
f 556/672/312 558/779/360 559/780/361 553/673/313
f 560/749/341 561/781/362 554/778/359 551/750/342
f 716/757/348 632/782/349 636/743/335 533/742/334
f 559/780/361 558/779/360 557/775/356 540/777/358
f 553/673/313 559/780/361 540/777/358 635/783/357 624/784/363 622/785/363 620/786/363 541/674/314
f 548/787/364 549/766/353 614/788/352 613/789/365 627/790/366
f 547/791/338 548/787/364 627/792/366 630/793/339
f 544/748/340 555/753/345 561/781/362 560/749/341
f 555/753/345 542/756/347 562/794/367 563/795/368
f 556/672/312 552/671/311 564/796/369 565/797/370
f 552/671/311 554/778/359 566/798/371 564/796/369
f 554/778/359 561/781/362 567/799/372 566/798/371
f 542/756/347 557/775/356 568/800/373 562/794/367
f 558/779/360 556/672/312 565/797/370 569/801/374
f 557/775/356 558/779/360 569/801/374 568/800/373
f 561/781/362 555/753/345 563/795/368 567/799/372
f 563/802/368 562/803/367 718/804/375 717/805/376
f 562/803/367 568/806/373 719/807/377 571/804/378
f 568/808/373 569/809/374 720/810/379 572/811/380
f 569/809/374 565/812/370 721/813/381 573/810/382
f 565/812/370 564/814/369 722/815/383 574/813/384
f 564/816/369 566/817/371 723/818/385 575/819/386
f 566/817/371 567/820/372 724/821/387 576/818/388
f 567/820/372 563/822/368 570/823/389 577/821/390
f 717/805/376 718/804/375 726/824/391 725/825/392
f 571/804/378 719/807/377 727/826/393 579/824/394
f 572/811/380 720/810/379 728/827/395 580/828/396
f 573/810/382 721/813/381 729/829/397 581/827/398
f 574/813/384 722/815/383 730/830/399 582/829/400
f 575/819/386 723/818/385 731/831/401 583/832/402
f 576/818/388 724/821/387 732/833/403 584/831/404
f 577/821/390 570/823/389 578/834/405 585/833/406
f 725/835/392 726/836/391 734/837/407 733/838/408
f 579/836/394 727/839/393 735/840/409 587/837/410
f 580/828/396 728/827/395 736/841/411 588/842/412
f 581/827/398 729/829/397 737/843/413 589/841/414
f 582/829/400 730/830/399 738/844/415 590/843/416
f 583/832/402 731/831/401 739/845/417 591/846/418
f 584/831/404 732/833/403 740/847/419 592/845/420
f 585/833/406 578/834/405 586/848/421 593/847/422
f 733/838/408 734/837/407 742/849/423 741/850/424
f 587/837/410 735/840/409 743/851/425 595/849/426
f 588/842/412 736/841/411 744/852/427 596/853/428
f 589/841/414 737/843/413 745/854/429 597/852/430
f 590/843/416 738/844/415 746/855/431 598/854/432
f 591/846/418 739/845/417 668/856/433 599/857/434
f 592/845/420 740/847/419 661/858/435 600/856/436
f 593/847/422 586/848/421 594/859/437 601/858/438
f 741/850/424 742/849/423 748/860/439 602/861/440
f 595/849/426 743/851/425 749/862/441 603/860/442
f 596/853/428 744/852/427 750/863/443 604/864/444
f 597/852/430 745/854/429 751/865/445 605/863/446
f 642/866/447 606/865/448 598/854/432 746/855/431 691/867/449
f 644/868/450 599/857/434 668/856/433 669/869/450 643/870/450
f 600/856/436 661/858/435 662/871/451 645/869/451
f 601/858/438 594/859/437 747/872/452 663/871/453
f 602/861/440 748/860/439 696/873/454 694/874/454
f 603/860/442 749/862/441 698/875/455 637/876/455
f 604/864/444 750/863/443 700/877/456 638/878/456
f 605/863/446 751/865/445 688/879/457 640/877/457
f 641/880/458 606/865/448 642/881/447
f 663/871/453 747/872/452 639/882/459
o PurpleMug_cell.006
v -0.589206 -0.436522 -0.143324
v -0.148098 -0.436522 0.463809
v -0.420717 -0.436522 0.375230
v -0.589206 -0.436522 0.143326
v -0.286634 -0.467290 0.426372
v -0.510790 -0.467290 0.263512
v -0.596411 -0.467290 0.000001
v -0.593938 -0.344218 0.144863
v -0.593938 -0.344218 -0.144862
v -0.423642 -0.344218 0.379256
v -0.148096 -0.344218 0.468785
v -0.575006 -0.467290 -0.138710
v -0.148096 -0.467290 0.448878
v -0.291242 -0.436522 0.440554
v -0.411940 -0.467290 0.363151
v -0.522853 -0.436522 0.272278
v -0.575006 -0.467290 0.138712
v -0.611322 -0.436522 0.000001
v -0.616293 -0.344218 0.000001
v -0.526875 -0.344218 0.275199
v -0.292776 -0.344218 0.445280
v -0.605350 -0.517290 -0.148567
v -0.636726 -0.449444 -0.158764
v -0.148098 -0.449443 0.513775
v -0.148096 -0.517290 0.480783
v -0.306665 -0.449413 0.488023
v -0.296479 -0.517290 0.456677
v -0.450086 -0.449444 0.415653
v -0.430694 -0.517290 0.388961
v -0.563233 -0.449413 0.301614
v -0.536569 -0.517290 0.282241
v -0.636726 -0.449444 0.158766
v -0.605348 -0.517290 0.148571
v -0.661234 -0.449413 0.000001
v -0.628275 -0.517290 0.000000
v -0.642114 -0.345581 0.160517
v -0.666884 -0.345579 0.000001
v -0.642114 -0.345581 -0.160515
v -0.453416 -0.345581 0.420236
v -0.567804 -0.345579 0.304936
v -0.148096 -0.345581 0.519439
v -0.308411 -0.345579 0.493396
v -0.666885 0.237961 0.000001
v -0.616293 0.226214 0.000001
v -0.642115 0.348495 0.160517
v -0.642115 0.115925 -0.160515
v -0.633734 0.102179 -0.176802
v -0.593938 0.325968 0.144863
v -0.526875 0.404818 0.275199
v -0.567804 0.435864 0.304936
v -0.390255 0.501253 0.452104
v -0.453416 0.492832 0.420236
v -0.417199 0.457090 0.382507
v -0.423642 0.456232 0.379256
v -0.601756 0.154593 -0.094203
v -0.593938 0.116023 -0.144862
v -0.586379 0.024344 -0.268836
v -0.332100 0.508912 0.481445
v -0.320245 0.469858 0.431422
v -0.548512 0.041357 -0.233148
v -0.577224 0.009179 -0.286628
v -0.536704 0.021797 -0.256097
v -0.532272 -0.105844 -0.264711
v -0.572132 -0.137442 -0.296523
v -0.110266 0.069343 0.513295
v -0.079922 -0.517290 0.469707
v -0.078840 -0.449430 0.502527
v -0.084403 -0.345580 0.509092
v -0.122123 -0.517290 0.214387
v -0.121112 -0.467290 0.239863
v -0.088174 -0.467290 0.439143
v -0.087689 -0.436522 0.453995
v -0.092641 -0.344218 0.459776
v -0.112262 -0.029438 0.462963
v -0.121424 0.179269 0.515108
v -0.148098 0.224400 0.519441
v -0.308411 0.475072 0.493397
v -0.148098 0.204393 0.468785
v -0.133489 0.179675 0.466412
v -0.292778 0.430620 0.445280
v -0.116739 0.171141 0.514347
v -0.124066 0.156524 0.464881
v -0.124576 0.164214 0.464964
v -0.131925 -0.517290 0.155781
v -0.140761 -0.467290 0.122382
v -0.568225 -0.252065 -0.304117
v -0.527287 -0.252060 -0.274398
v -0.568224 -0.260015 -0.304119
v -0.527286 -0.262201 -0.274401
v -0.568172 -0.345579 -0.304220
v -0.523158 -0.436522 -0.271685
v -0.514124 -0.459524 -0.265163
v -0.563537 -0.449413 -0.301022
v -0.551720 -0.479442 -0.292491
v -0.527237 -0.344218 -0.274497
v -0.536905 -0.517290 -0.281586
v -0.511089 -0.467290 -0.262929
v -0.228254 -0.467290 -0.056896
v -0.242009 -0.517290 -0.066768
v -0.141906 -0.467290 0.116111
v -0.642115 0.348495 0.160517
v -0.666885 0.237961 0.000001
v -0.567804 0.435864 0.304936
v -0.453416 0.492832 0.420236
v -0.390255 0.501253 0.452104
v -0.417199 0.457090 0.382507
v -0.423642 0.456232 0.379256
v -0.526875 0.404818 0.275199
v -0.593938 0.325968 0.144863
v -0.616293 0.226214 0.000001
v -0.601756 0.154593 -0.094203
v -0.642115 0.115925 -0.160515
v -0.633734 0.102179 -0.176802
v -0.320245 0.469858 0.431422
v -0.332100 0.508912 0.481445
v -0.586379 0.024344 -0.268836
v -0.593938 0.116023 -0.144862
v -0.548512 0.041357 -0.233148
v -0.577224 0.009179 -0.286628
v -0.536704 0.021797 -0.256097
v -0.572132 -0.137442 -0.296523
v -0.532272 -0.105844 -0.264711
v -0.084403 -0.345580 0.509092
v -0.110266 0.069343 0.513295
v -0.078840 -0.449430 0.502527
v -0.079922 -0.517290 0.469707
v -0.122123 -0.517290 0.214387
v -0.121112 -0.467290 0.239863
v -0.088174 -0.467290 0.439143
v -0.087689 -0.436522 0.453995
v -0.092641 -0.344218 0.459776
v -0.112262 -0.029438 0.462963
v -0.292778 0.430620 0.445280
v -0.308411 0.475072 0.493397
v -0.148098 0.224400 0.519441
v -0.121424 0.179269 0.515108
v -0.148098 0.204393 0.468785
v -0.133489 0.179675 0.466412
v -0.124066 0.156524 0.464881
v -0.124576 0.164214 0.464964
v -0.116739 0.171141 0.514347
v -0.140761 -0.467290 0.122382
v -0.131925 -0.517290 0.155781
v -0.568225 -0.252065 -0.304117
v -0.527287 -0.252060 -0.274398
v -0.568224 -0.260015 -0.304119
v -0.527286 -0.262201 -0.274401
v -0.563537 -0.449413 -0.301022
v -0.551720 -0.479442 -0.292491
v -0.568172 -0.345579 -0.304220
v -0.527237 -0.344218 -0.274497
v -0.523158 -0.436522 -0.271685
v -0.514124 -0.459524 -0.265163
v -0.536905 -0.517290 -0.281586
v -0.511089 -0.467290 -0.262929
v -0.228254 -0.467290 -0.056896
v -0.242009 -0.517290 -0.066768
v -0.141906 -0.467290 0.116111
vn 0.1848 0.7959 -0.5766
vn 0.1863 0.7954 -0.5768
vn 0.1891 0.7932 -0.5788
vn 0.5851 0.0748 -0.8075
vn 0.9847 0.0630 -0.1628
vn 0.8344 0.5126 -0.2025
vn 0.9839 0.0671 -0.1656
vn 0.8398 0.5032 -0.2039
vn 0.9843 0.0640 -0.1646
vn 0.5859 0.0734 -0.8071
vn 0.5875 0.0003 -0.8092
vn 0.5875 0.0013 -0.8092
vn 0.5888 -0.0024 -0.8083
vn 0.8835 -0.1641 -0.4387
vn 0.9823 0.0538 -0.1793
vn -0.9695 -0.0000 -0.2451
vn -0.8892 -0.0000 -0.4575
vn -0.8889 -0.0268 -0.4574
vn -0.9507 -0.0272 -0.3089
vn -0.9693 -0.2460 -0.0000
vn -0.9996 -0.0271 -0.0000
vn -0.9218 -0.2461 -0.2995
vn -0.5395 -0.8235 -0.1753
vn -0.5658 -0.8246 -0.0000
vn -0.5395 -0.8235 0.1753
vn -0.5077 -0.8210 -0.2612
vn -0.0000 -1.0000 -0.0000
vn 0.0839 -0.8521 0.5166
vn -0.0000 -0.8235 0.5673
vn -0.1748 -0.8246 0.5381
vn -0.3334 -0.8235 0.4589
vn -0.4577 -0.8246 0.3326
vn -0.9218 -0.2461 0.2995
vn -0.8624 -0.2434 -0.4438
vn -0.8016 -0.4327 -0.4125
vn 0.1550 -0.2553 0.9544
vn -0.0000 -0.2461 0.9693
vn -0.2995 -0.2460 0.9218
vn -0.5697 -0.2461 0.7841
vn -0.7842 -0.2460 0.5697
vn 0.9507 0.0269 0.3089
vn 0.9695 -0.0000 0.2450
vn 0.9883 -0.0000 0.1525
vn 0.9981 -0.0000 -0.0618
vn 0.9996 0.0268 -0.0000
vn 0.8889 0.0265 0.4574
vn 0.8892 -0.0000 0.4575
vn 0.5080 0.8207 0.2614
vn 0.5398 0.8233 0.1754
vn 0.5661 0.8243 -0.0000
vn 0.5398 0.8233 -0.1754
vn 0.4580 0.8243 -0.3328
vn 0.3336 0.8233 -0.4592
vn 0.1749 0.8243 -0.5384
vn -0.0000 0.8233 -0.5676
vn -0.0840 0.8519 -0.5170
vn -0.0000 1.0000 -0.0000
vn -0.1603 0.0276 -0.9867
vn -0.0000 0.0269 -0.9996
vn 0.1054 -0.0000 -0.9944
vn -0.1604 -0.0000 -0.9871
vn 0.3089 0.0268 -0.9507
vn 0.3986 -0.0000 -0.9171
vn -0.9507 -0.0272 0.3089
vn -0.9314 -0.0000 0.3639
vn -0.9981 -0.0000 0.0618
vn 0.5876 0.0269 -0.8087
vn 0.8087 0.0268 -0.5876
vn 0.7830 -0.0000 -0.6220
vn 0.5671 -0.0000 -0.8236
vn 0.9842 0.0642 -0.1649
vn -0.5876 -0.0272 0.8087
vn -0.8087 -0.0271 0.5876
vn -0.0000 -0.0272 0.9996
vn -0.3089 -0.0271 0.9507
vn -0.3986 -0.0000 0.9171
vn -0.4505 -0.0000 0.8928
vn -0.5671 -0.0000 0.8236
vn 0.1603 -0.0280 0.9867
vn 0.9220 0.2454 -0.2996
vn 0.9694 0.2453 -0.0000
vn -0.7830 -0.0000 0.6220
vn 0.9220 0.2454 0.2996
vn 0.4504 -0.0000 -0.8928
vn 0.8019 0.4320 0.4126
vn 0.8626 0.2428 0.4438
vn -0.0000 0.2454 -0.9694
vn -0.1551 0.2546 -0.9545
vn 0.2996 0.2454 -0.9220
vn 0.5698 0.2454 -0.7843
vn 0.7843 0.2454 -0.5698
vn -0.1054 -0.0000 0.9944
vn 0.1603 -0.0000 0.9871
vn 0.9507 0.0269 -0.3089
vn 0.9314 -0.0000 -0.3639
vt 0.863304 0.315994
vt 0.795805 0.432232
vt 0.593435 0.375007
vt 0.281965 0.158072
vt 0.109993 0.000000
vt 0.183377 0.000000
vt 0.200920 0.016125
vt 0.482016 0.211904
vt 0.664648 0.263544
vt 0.725566 0.158644
vt 0.686024 0.000000
vt 0.773118 0.000000
vt 0.795929 0.045677
vt 0.183377 0.183377
vt 0.109993 0.109993
vt 0.152271 0.000000
vt 0.253865 0.000000
vt 1.000000 0.729963
vt 0.773118 0.773118
vt 0.686024 0.686024
vt 0.782358 0.693099
vt 1.000000 0.651703
vt 1.000000 0.691240
vt 0.729963 0.729963
vt 0.651703 0.651703
vt 1.000000 0.601759
vt 0.680431 0.000000
vt 0.691241 0.691241
vt 0.601759 0.601759
vt 0.592349 0.000000
vt 0.853225 0.000000
vt 0.841196 0.543748
vt 0.823707 0.665376
vt 0.737341 0.669986
vt 0.066728 0.000000
vt 0.133763 0.000000
vt 0.657182 0.522930
vt 0.696264 0.520763
vt 0.711668 0.412516
vt 0.720791 0.000000
vt 1.000000 0.746135
vt 1.000000 0.847728
vt 0.891667 0.760885
vt 0.211621 0.116253
vt 0.106861 0.000000
vt 0.203281 0.000000
vt 0.260657 0.063670
vt 0.874389 0.645440
vt 0.904753 0.904753
vt 0.818811 0.818811
vt 1.000000 0.798518
vt 0.798518 0.798518
vt 1.000000 0.796719
vt 1.000000 0.893139
vt 0.894085 0.894085
vt 0.157982 0.000000
vt 0.316691 0.000000
vt 0.133763 0.133763
vt 0.066728 0.066728
vt 1.000000 0.647804
vt 1.000000 0.723904
vt 0.680431 0.680431
vt 0.592349 0.592349
vt 0.723904 0.723904
vt 0.647804 0.647804
vt 1.000000 0.648991
vt 1.000000 0.724834
vt 0.716261 0.115280
vt 0.724788 0.452934
vt 0.724834 0.724834
vt 0.648991 0.648991
vt 0.648947 0.388364
vt 0.641444 0.088275
vt 0.624719 0.000000
vt 0.694385 0.000000
vt 0.694385 0.694385
vt 0.624719 0.624719
vt 0.651762 0.613503
vt 0.649825 0.000000
vt 0.824154 0.000000
vt 0.826173 0.639664
vt 0.651333 0.000000
vt 0.826067 0.000000
vt 0.824154 0.824154
vt 0.649825 0.649825
vt 0.651333 0.651333
vt 1.000000 0.683309
vt 0.826067 0.826067
vt 0.385319 0.185081
vt 0.380603 0.181101
vt 0.353957 0.158565
vt 0.348806 0.154175
vt 0.345940 0.111723
vt 0.343742 0.078536
vt 0.343741 0.076234
vt 0.343712 0.051461
vt 0.385319 0.051460
vt 0.431794 0.021397
vt 0.431794 0.051460
vt 0.385826 0.021388
vt 0.388778 0.001745
vt 0.431793 0.001745
vt 0.008630 0.777803
vt 0.001992 0.734787
vt 0.008630 0.691772
vt 0.028447 0.695071
vt 0.113828 0.720777
vt 0.145701 0.791812
vt 0.148539 0.872767
vt 0.160758 0.870782
vt 0.141019 0.792103
vt 0.098058 0.792674
vt 0.059198 0.847404
vt 0.028544 0.816505
vt 0.477761 0.021388
vt 0.474809 0.001745
vt 0.350265 0.001745
vt 0.344637 0.021397
vt 0.347107 0.012703
vt 0.929660 0.324928
vt 0.909608 0.324924
vt 0.909608 0.305280
vt 0.929347 0.305280
vt 0.863697 0.324933
vt 0.866647 0.305280
vt 0.822172 0.324924
vt 0.827787 0.305280
vt 0.552139 0.021388
vt 0.519121 0.021397
vt 0.513512 0.001745
vt 0.544410 0.001745
vt 0.747208 0.340914
vt 0.747208 0.474168
vt 0.732541 0.485336
vt 0.705266 0.506072
vt 0.705266 0.340914
vt 0.784742 0.340914
vt 0.784714 0.364660
vt 0.784714 0.367596
vt 0.781909 0.409931
vt 0.779414 0.446887
vt 0.772770 0.452550
vt 0.311437 0.762943
vt 0.292931 0.765711
vt 0.286734 0.725550
vt 0.292932 0.685389
vt 0.311524 0.649255
vt 0.340144 0.657896
vt 0.376425 0.602101
vt 0.416535 0.668234
vt 0.433885 0.598403
vt 0.424348 0.596854
vt 0.418659 0.668366
vt 0.418327 0.668345
vt 0.393327 0.739586
vt 0.134158 0.555960
vt 0.118102 0.555960
vt 0.118102 0.397120
vt 0.122332 0.404276
vt 0.124912 0.408753
vt 0.125060 0.410979
vt 0.128478 0.464821
vt 0.076213 0.555960
vt 0.076213 0.331620
vt 0.118102 0.397120
vt 0.478268 0.051459
vt 0.478268 0.252417
vt 0.431794 0.220414
vt 0.595459 0.340914
vt 0.625587 0.340914
vt 0.625587 0.557784
vt 0.595459 0.572670
vt 0.720790 0.720790
vt 1.000000 0.818811
vt 1.000000 0.904752
vt 0.853225 0.853225
vt 0.553465 0.051460
vt 0.520082 0.051460
vt 0.909608 0.354995
vt 0.863192 0.354996
vt 0.863192 0.592601
vt 0.856333 0.602399
vt 0.839495 0.600182
vt 0.821208 0.597744
vt 0.821208 0.354995
vt 0.928050 0.354995
vt 0.929660 0.324928
vt 0.663769 0.314189
vt 0.665105 0.305280
vt 0.705266 0.305280
vt 0.705266 0.314189
vt 0.520082 0.277713
vt 0.478268 0.252417
vt 0.745427 0.305280
vt 0.746763 0.314189
vt 0.038323 0.555960
vt 0.038323 0.324204
vt 0.040189 0.323956
vt 0.068260 0.320259
vt 0.076213 0.331620
vt 0.782039 0.307529
vt 0.783928 0.314189
vt 0.781393 0.305280
vt 0.118102 0.591594
vt 0.118102 0.582685
vt 0.135592 0.582685
vt 0.135452 0.591594
vt 0.077991 0.591594
vt 0.076657 0.582685
vt 0.041711 0.591594
vt 0.039170 0.582685
vt 0.596625 0.314189
vt 0.600122 0.305280
vt 0.628971 0.305280
vt 0.626433 0.314189
vt 0.909608 0.520024
vt 0.928050 0.354995
vt 0.920561 0.475130
vt 0.918687 0.504604
vt 0.917331 0.506957
vt 0.663324 0.340914
vt 0.663324 0.534954
vt 0.135592 0.582685
vt 0.909608 0.520024
vt 0.863192 0.592601
vt 0.663324 0.534954
vt 0.431794 0.220414
vt 0.385319 0.185081
vt 0.553466 0.294208
vt 0.520082 0.277713
s 0
usemtl lambert2SG
f 853/883/460 852/884/460 854/885/460 855/886/460 856/887/460 857/888/460 858/889/460 859/890/460 860/891/460 861/892/460 862/893/460 864/894/460 863/895/460
f 857/896/461 856/897/461 866/898/461 865/899/461
f 867/900/461 864/901/461 862/902/461 868/903/461 869/904/461
f 870/905/462 867/906/462 869/907/462 871/908/462
f 872/909/463 870/910/463 871/911/463 873/912/463
f 875/913/464 874/914/464 876/915/464 877/916/464 878/917/464 879/918/464 880/919/464 881/920/464 882/921/464 883/922/464
f 865/923/465 866/924/465 885/925/465 886/926/465 887/927/465 889/928/465 888/929/465 884/930/465
f 892/931/466 890/932/466 891/933/466
f 891/934/467 889/935/467 887/936/467 892/937/467
f 894/938/468 893/939/468 879/940/468 878/941/468
f 896/942/469 895/943/469 872/944/469 873/945/469
f 895/946/470 896/947/470 898/948/470 897/949/470
f 899/950/471 901/951/471 897/952/471 898/953/471 902/954/471 903/955/471 904/956/471 900/957/471
f 900/958/472 904/959/472 906/960/472 907/961/472 908/962/472 905/963/472
f 909/964/473 894/965/473 908/966/473 907/967/473
f 909/968/474 893/969/474 894/970/474
s 1
f 797/971/475 798/972/476 808/973/476 812/974/476 815/975/476 837/976/476 839/977/476 841/978/477 789/979/478
f 785/980/479 788/981/480 789/979/478 774/982/481
f 785/980/479 774/982/481 773/983/482 786/984/483
f 784/985/484 786/986/483 773/987/482 847/988/485 850/989/486 835/990/486 820/991/486 817/992/487 776/993/488 778/994/489 780/995/490 782/996/491
f 783/997/492 785/980/479 786/984/483 784/998/484
f 847/999/485 773/983/482 774/982/481 844/1000/493 845/1001/494
f 818/1002/495 775/1003/496 776/1004/488 817/1005/487
f 775/1003/496 777/1006/497 778/1007/489 776/1004/488
f 777/1006/497 779/1008/498 780/1009/490 778/1007/489
f 779/1010/498 781/1011/499 782/1012/491 780/1013/490
f 781/1011/499 783/997/492 784/998/484 782/1012/491
f 760/1014/500 807/1015/501 806/1016/502 795/1017/503 770/1018/504
f 807/1015/501 760/1014/500 846/1019/505 840/1020/506 838/1021/506 814/1022/506 813/1023/506 811/1024/506
f 848/1025/507 763/1026/508 758/1027/509 768/1028/510 757/1029/511 766/1030/512 756/1031/513 764/1032/514 822/1033/515 821/1034/516 836/1035/516 851/1036/516 849/1037/516
f 824/1038/517 762/1039/518 829/1040/519 830/1041/520 834/1042/520 833/1043/520 825/1044/520
f 762/1039/518 772/1045/521 831/1046/522 829/1047/519
f 787/1048/523 796/1049/524 794/1050/525 788/981/480
f 761/1051/526 771/1052/527 800/1053/528 805/1054/529
f 783/997/492 787/1048/523 788/981/480 785/980/479
s 0
f 883/1055/530 890/1056/530 892/1057/530 875/1058/530
s 1
f 779/1010/498 790/1059/531 791/1060/532 781/1011/499
f 781/1011/499 791/1060/532 787/1048/523 783/997/492
f 775/1003/496 792/1061/533 793/1062/534 777/1006/497
f 793/1062/534 828/1063/535 809/1064/536 802/1065/536 803/1066/537 790/1067/531
f 777/1006/497 793/1062/534 790/1067/531 779/1008/498
f 819/1068/538 792/1061/533 775/1003/496 818/1069/495
f 774/982/481 789/979/478 841/978/477 844/1000/493
f 755/1070/539 768/1071/510 758/1072/509 769/1073/540
f 791/1060/532 801/1074/541 796/1075/524 787/1048/523
f 769/1073/540 758/1072/509 763/1076/508 752/1077/542
f 772/1045/521 761/1078/526 805/1079/529 804/1080/543 810/1081/543 831/1082/522
f 843/1083/544 842/1084/545 752/1077/542 763/1076/508 848/1085/507
f 764/1086/514 753/1087/546 823/1088/547 822/1089/515
f 753/1087/546 764/1086/514 756/1090/513 765/1091/548
f 765/1091/548 756/1090/513 766/1092/512 754/1093/549
f 754/1094/549 766/1095/512 757/1096/511 767/1097/550
f 767/1097/550 757/1096/511 768/1071/510 755/1070/539
f 769/1073/540 752/1077/542 760/1014/500 770/1018/504
f 827/1098/551 792/1061/533 819/1099/538 816/1100/552 832/1101/552 826/1102/552
f 771/1052/527 759/1103/553 799/1104/554 800/1053/528
f 754/1094/549 767/1097/550 771/1052/527 761/1051/526
f 767/1097/550 755/1070/539 759/1103/553 771/1052/527
f 753/1087/546 765/1091/548 772/1045/521 762/1039/518
f 765/1091/548 754/1093/549 761/1078/526 772/1045/521
f 823/1105/547 753/1087/546 762/1039/518 824/1038/517
f 846/1019/505 760/1014/500 752/1077/542 842/1084/545
f 792/1061/533 827/1106/551 828/1107/535 793/1062/534
f 759/1103/553 770/1018/504 795/1017/503 799/1108/554
f 755/1070/539 769/1073/540 770/1018/504 759/1103/553
f 794/1109/525 797/1110/475 789/979/478 788/981/480
f 803/1111/537 801/1112/541 791/1060/532 790/1059/531
o PurpleMug_cell.007
v -0.420717 -0.436522 -0.375228
v -0.148096 -0.436522 -0.463807
v -0.148096 -0.344218 -0.468784
v -0.423642 -0.344218 -0.379254
v -0.286634 -0.467290 -0.426371
v -0.411940 -0.467290 -0.363149
v -0.291242 -0.436522 -0.440553
v -0.148096 -0.467290 -0.448878
v -0.004953 -0.436522 -0.440553
v -0.009560 -0.467290 -0.426371
v -0.003417 -0.344218 -0.445279
v -0.292778 -0.344218 -0.445279
v -0.430694 -0.517290 -0.388960
v -0.296480 -0.517290 -0.456675
v -0.148098 -0.517290 -0.480782
v -0.450086 -0.449444 -0.415652
v -0.306666 -0.449413 -0.488021
v -0.148096 -0.449443 -0.513774
v 0.010471 -0.449413 -0.488021
v 0.000286 -0.517290 -0.456675
v -0.148096 -0.345581 -0.519439
v 0.012216 -0.345579 -0.493394
v -0.453416 -0.345581 -0.420235
v -0.308411 -0.345579 -0.493394
v -0.336568 -0.253276 -0.479190
v -0.308411 -0.253291 -0.493396
v -0.148098 -0.253253 -0.519440
v -0.123380 -0.253229 -0.515424
v -0.526202 -0.253306 -0.275878
v -0.567097 -0.253317 -0.305648
v -0.453416 -0.253299 -0.420235
v -0.292778 -0.253263 -0.445279
v -0.423642 -0.253289 -0.379254
v -0.148097 -0.253231 -0.468784
v 0.081618 -0.253174 -0.402376
v -0.003417 -0.253196 -0.445279
v 0.012216 -0.253196 -0.493395
v 0.112596 -0.253210 -0.442751
v -0.241288 -0.517290 -0.069004
v 0.057057 -0.344218 -0.414768
v 0.049425 -0.449421 -0.468365
v 0.084325 -0.345580 -0.457013
v 0.010603 -0.517290 -0.451470
v 0.026067 -0.436522 -0.424902
v 0.008483 -0.467290 -0.417268
v -0.567147 -0.345579 -0.305597
v -0.562636 -0.449413 -0.302215
v -0.522283 -0.436522 -0.272851
v -0.516823 -0.450477 -0.268864
v -0.526251 -0.344218 -0.275828
v -0.553775 -0.472020 -0.295743
v -0.535944 -0.517290 -0.282870
v -0.510213 -0.467290 -0.264092
v -0.230700 -0.467290 -0.061058
v -0.148098 -0.253253 -0.519440
v -0.123380 -0.253229 -0.515424
v -0.308411 -0.253291 -0.493396
v -0.336568 -0.253276 -0.479190
v 0.012216 -0.253196 -0.493395
v -0.453416 -0.253299 -0.420235
v -0.567097 -0.253317 -0.305648
v -0.526202 -0.253306 -0.275878
v -0.423642 -0.253289 -0.379254
v -0.292778 -0.253263 -0.445279
v -0.148097 -0.253231 -0.468784
v -0.003417 -0.253196 -0.445279
v 0.081618 -0.253174 -0.402376
v 0.112596 -0.253210 -0.442751
v -0.535944 -0.517290 -0.282870
v -0.241288 -0.517290 -0.069004
v -0.230700 -0.467290 -0.061058
v 0.008483 -0.467290 -0.417268
v 0.057057 -0.344218 -0.414768
v 0.010603 -0.517290 -0.451470
v 0.049425 -0.449421 -0.468365
v 0.084325 -0.345580 -0.457013
v 0.026067 -0.436522 -0.424902
v -0.526251 -0.344218 -0.275828
v -0.567147 -0.345579 -0.305597
v -0.562636 -0.449413 -0.302215
v -0.553775 -0.472020 -0.295743
v -0.522283 -0.436522 -0.272851
v -0.516823 -0.450477 -0.268864
v -0.510213 -0.467290 -0.264092
vn -0.0006 1.0000 -0.0023
vn -0.0002 1.0000 -0.0001
vn 0.7927 -0.2997 0.5308
vn -0.5876 -0.0272 -0.8087
vn -0.5878 -0.0000 -0.8090
vn -0.4504 -0.0000 -0.8928
vn -0.3090 -0.0000 -0.9511
vn -0.3089 -0.0271 -0.9507
vn -0.5885 0.0008 0.8085
vn -0.5876 -0.0027 0.8092
vn -0.5697 -0.2461 -0.7841
vn -0.3334 -0.8235 -0.4589
vn -0.4051 -0.8212 -0.4019
vn -0.6400 -0.4327 -0.6349
vn -0.6886 -0.2434 -0.6831
vn -0.2995 -0.2460 -0.9218
vn -0.1748 -0.8246 -0.5381
vn -0.0000 -0.2461 -0.9693
vn -0.0000 -0.8235 -0.5673
vn 0.2995 -0.2460 -0.9218
vn 0.1748 -0.8245 -0.5381
vn 0.4408 -0.2058 -0.8737
vn 0.2716 -0.7977 -0.5384
vn -0.0000 -0.0272 -0.9996
vn 0.3089 -0.0271 -0.9507
vn 0.0001 -0.0000 -1.0000
vn 0.4503 -0.0212 -0.8926
vn 0.3090 -0.0000 -0.9511
vn 0.4504 -0.0000 -0.8928
vn -0.7096 -0.0268 -0.7040
vn -0.7099 -0.0000 -0.7043
vn -0.2725 0.7963 0.5401
vn -0.1749 0.8243 0.5384
vn -0.0000 0.8233 0.5676
vn 0.1749 0.8243 0.5384
vn 0.3336 0.8233 0.4592
vn 0.4053 0.8210 0.4021
vn -0.0000 1.0000 -0.0000
vn 0.6403 0.4320 0.6352
vn 0.5698 0.2454 0.7843
vn 0.6887 0.2428 0.6832
vn 0.2996 0.2453 0.9220
vn -0.0000 0.2454 0.9694
vn -0.2996 0.2453 0.9220
vn -0.4409 0.2052 0.8738
vn 0.1604 -0.0000 -0.9871
vn -0.0000 -1.0000 -0.0000
vn -0.3089 0.0268 0.9507
vn -0.0000 0.0269 0.9996
vn -0.3090 -0.0000 0.9510
vn -0.0000 -0.0000 1.0000
vn -0.4504 -0.0000 0.8928
vn -0.4503 0.0212 0.8926
vn 0.3089 0.0268 0.9507
vn 0.5876 0.0269 0.8087
vn 0.5878 -0.0000 0.8090
vn 0.3090 -0.0000 0.9511
vn 0.7097 0.0265 0.7040
vn 0.7099 -0.0000 0.7043
vt 0.946877 0.622828
vt 0.939095 0.447245
vt 1.000000 0.416382
vt 1.000000 0.649880
vt 0.649880 0.649880
vt 0.416382 0.416382
vt 0.321601 0.240714
vt 0.277990 0.000000
vt 0.353965 0.000000
vt 0.393310 0.217164
vt 0.499461 0.413901
vt 0.658848 0.571042
vt 0.858156 0.670840
vt 1.000000 0.694016
vt 1.000000 0.770098
vt 0.836675 0.743413
vt 0.689940 0.318412
vt 0.652882 0.000000
vt 0.826767 0.000000
vt 0.760002 0.159444
vt 0.794123 0.375389
vt 0.770409 0.705696
vt 0.754014 0.754014
vt 0.672609 0.672609
vt 0.975095 0.687139
vt 0.705359 0.416310
vt 0.561536 0.251574
vt 0.561536 0.224855
vt 0.595368 0.224848
vt 0.603520 0.224852
vt 0.603520 0.251573
vt 1.000000 0.646035
vt 1.000000 0.722010
vt 0.706143 0.427963
vt 0.375425 0.088544
vt 0.303413 0.000000
vt 0.371995 0.000000
vt 0.416448 0.054638
vt 0.710442 0.356289
vt 1.000000 0.317981
vt 0.395175 0.318416
vt 0.371995 0.371995
vt 0.303413 0.303413
vt 0.365900 0.159148
vt 1.000000 0.158692
vt 0.311448 0.021388
vt 0.319177 0.001745
vt 0.349893 0.001745
vt 0.346166 0.014852
vt 0.344292 0.021397
vt 0.562500 0.281645
vt 0.604026 0.281636
vt 0.606975 0.301289
vt 0.568115 0.301289
vt 0.649936 0.281645
vt 0.649936 0.301289
vt 0.695847 0.281636
vt 0.692898 0.301289
vt 0.707125 0.281638
vt 0.695885 0.301289
vt 0.649936 0.251574
vt 0.696352 0.251573
vt 0.603520 0.224852
vt 0.649936 0.224842
vt 0.717230 0.251574
vt 0.696352 0.224825
vt 0.725415 0.224829
vt 0.310122 0.051460
vt 0.343313 0.051461
vt 0.310122 0.078179
vt 0.343313 0.051461
vt 0.343299 0.078173
vt 0.461871 0.783827
vt 0.456646 0.848998
vt 0.416535 0.782865
vt 0.376425 0.782250
vt 0.340144 0.793204
vt 0.311691 0.801795
vt 0.393555 0.739588
vt 0.783111 0.310148
vt 0.781729 0.305280
vt 0.810410 0.305280
vt 0.813907 0.314189
vt 0.784266 0.314189
vt 0.430612 0.314189
vt 0.433153 0.305280
vt 0.469434 0.305280
vt 0.468100 0.314189
vt 0.509545 0.305280
vt 0.509545 0.314189
vt 0.549656 0.305280
vt 0.550990 0.314189
vt 0.554880 0.305280
vt 0.559971 0.314189
vt 0.657092 0.224835
vt 0.696352 0.224825
vt 0.183981 0.676899
vt 0.186968 0.675875
vt 0.113570 0.720778
vt 0.028725 0.653131
vt 0.059198 0.663578
vt 0.098058 0.602565
vt 0.141019 0.595585
vt 0.551434 0.340914
vt 0.509545 0.340914
vt 0.551434 0.367267
vt 0.509545 0.367257
vt 0.576055 0.367274
vt 0.551434 0.367267
vt 0.568943 0.340914
vt 0.467655 0.340914
vt 0.429766 0.340914
vt 0.429765 0.367240
vt 0.467655 0.367248
vt 0.785127 0.340914
vt 0.815073 0.340914
vt 0.815073 0.367240
vt 0.785142 0.367236
vt 0.785127 0.340914
vt 0.784266 0.314189
s 0
usemtl lambert2SG
f 964/1113/555 966/1114/555 967/1115/555 965/1116/555
f 965/1117/556 967/1118/556 969/1119/556 970/1120/556 971/1121/556 972/1122/556 973/1123/556 974/1124/556 975/1125/556 976/1126/556 977/1127/556 968/1128/556
f 981/1129/557 980/1130/557 979/1131/557 983/1132/557 984/1133/557 985/1134/557 977/1135/557 976/1136/557 982/1137/557 986/1138/557
s 1
f 932/1139/558 940/1140/559 934/1141/560 935/1142/561 933/1143/562
s 0
f 971/1144/563 970/1145/563 988/1146/563 989/1147/563 990/1148/563 992/1149/563 991/1150/563 987/1151/563
f 980/1152/564 993/1153/564 992/1154/564 990/1155/564 978/1156/564 979/1157/564
s 1
f 925/1158/565 922/1159/566 961/1160/567 960/1161/568 956/1162/569
f 925/1163/565 926/1164/570 923/1165/571 922/1166/566
f 926/1164/570 927/1167/572 924/1168/573 923/1165/571
f 927/1167/572 928/1169/574 929/1170/575 924/1168/573
f 928/1169/574 950/1171/576 952/1172/577 929/1170/575
f 927/1167/572 930/1173/578 931/1174/579 928/1169/574
f 933/1143/562 935/1175/561 936/1176/580 930/1173/578
f 928/1169/574 931/1174/579 951/1177/581 950/1171/576
f 925/1163/565 932/1139/558 933/1143/562 926/1164/570
f 926/1164/570 933/1143/562 930/1173/578 927/1167/572
f 931/1174/579 946/1178/582 947/1179/583 951/1177/581
f 932/1180/558 925/1158/565 956/1162/569 955/1181/584
f 940/1182/559 932/1180/558 955/1183/584 939/1184/585
f 954/1185/586 919/1186/587 917/1187/588 914/1188/589 915/1189/590 962/1190/591 963/1191/592
f 958/1192/593 962/1193/591 915/1194/590 910/1195/594 957/1196/595
f 910/1197/594 915/1198/590 914/1199/589 916/1200/596
f 916/1200/596 914/1199/589 917/1201/588 911/1202/597
f 911/1202/597 917/1201/588 919/1203/587 918/1204/598
f 918/1204/598 919/1203/587 954/1205/586 953/1206/599
f 930/1173/578 936/1176/580 937/1207/600 946/1208/582 931/1174/579
f 929/1209/575 952/1210/577 948/1211/601 961/1212/567 922/1213/566 923/1214/571 924/1215/573
f 911/1202/597 918/1204/598 920/1216/602 912/1217/603
f 912/1217/603 920/1216/602 945/1218/604 943/1219/605
f 944/1220/606 945/1221/604 920/1216/602 949/1222/607
f 949/1222/607 920/1216/602 918/1204/598 953/1206/599
f 910/1197/594 916/1200/596 921/1223/608 913/1224/609
f 942/1225/610 913/1224/609 921/1223/608 941/1226/611
f 941/1226/611 921/1223/608 912/1217/603 943/1219/605
f 916/1200/596 911/1202/597 912/1217/603 921/1223/608
f 959/1227/612 913/1228/609 942/1229/610 938/1230/613
f 910/1195/594 913/1228/609 959/1231/612 957/1232/595
o PurpleMug_cell.008
v 0.127448 0.517290 -0.379254
v -0.003417 0.517290 -0.445279
v 0.012217 0.517290 -0.493396
v 0.157222 0.517290 -0.420235
v 0.271610 0.517290 -0.304935
v -0.103796 0.091485 -0.461587
v -0.148098 0.130563 -0.519441
v -0.167207 0.141756 -0.516337
v -0.003417 0.026108 -0.445279
v 0.012217 0.026150 -0.493396
v 0.127448 -0.068159 -0.379254
v 0.176751 -0.094356 -0.400550
v 0.157222 -0.078304 -0.420235
v 0.151001 -0.087519 -0.355513
v 0.195177 -0.074097 -0.310986
v 0.247011 -0.073008 -0.329730
v -0.148098 0.120396 -0.468784
v -0.222217 0.163950 -0.456742
v -0.225292 0.175887 -0.506900
v 0.218897 -0.045879 -0.287077
v 0.257603 -0.060408 -0.319054
v -0.236545 0.172395 -0.454415
v -0.233264 0.180586 -0.505605
v -0.209644 0.239333 -0.509442
v -0.194095 0.277974 -0.461311
v -0.097446 0.517290 -0.460555
v -0.148097 0.391849 -0.468784
v -0.148098 0.391698 -0.519441
v -0.097386 0.517290 -0.511203
v 0.230682 -0.031733 -0.275198
v 0.308213 0.029756 -0.233799
v 0.271610 -0.043595 -0.304935
v 0.264745 0.036530 -0.208996
v 0.263646 0.053109 -0.211133
v 0.307421 0.041689 -0.235336
v 0.230041 0.517290 -0.275844
v 0.230682 0.511701 -0.275198
v 0.282210 0.393693 -0.284333
v 0.240480 0.376554 -0.256155
v 0.127448 -0.068159 -0.379254
v 0.151001 -0.087519 -0.355513
v -0.003417 0.026108 -0.445279
v -0.103796 0.091485 -0.461587
v -0.148098 0.130563 -0.519441
v -0.167207 0.141756 -0.516337
v 0.012217 0.026150 -0.493396
v 0.157222 -0.078304 -0.420235
v 0.176751 -0.094356 -0.400550
v 0.247011 -0.073008 -0.329730
v 0.195177 -0.074097 -0.310986
v -0.225292 0.175887 -0.506900
v -0.148098 0.120396 -0.468784
v -0.222217 0.163950 -0.456742
v 0.218897 -0.045879 -0.287077
v 0.257603 -0.060408 -0.319054
v -0.236545 0.172395 -0.454415
v -0.233264 0.180586 -0.505605
v -0.209644 0.239333 -0.509442
v -0.194095 0.277974 -0.461311
v -0.148097 0.391849 -0.468784
v -0.097446 0.517290 -0.460555
v -0.097446 0.517290 -0.460555
v -0.097386 0.517290 -0.511203
v -0.097386 0.517290 -0.511203
v -0.148098 0.391698 -0.519441
v 0.230682 -0.031733 -0.275198
v 0.264745 0.036530 -0.208996
v 0.271610 -0.043595 -0.304935
v 0.308213 0.029756 -0.233799
v 0.263646 0.053109 -0.211133
v 0.307421 0.041689 -0.235336
v 0.230041 0.517290 -0.275844
v 0.230041 0.517290 -0.275844
v 0.230682 0.511701 -0.275198
v 0.240480 0.376554 -0.256155
v 0.282210 0.393693 -0.284333
v 0.271610 0.517290 -0.304935
v 0.271610 0.517290 -0.304935
v 0.012217 0.517290 -0.493396
v 0.157222 0.517290 -0.420235
v -0.003417 0.517290 -0.445279
v 0.127448 0.517290 -0.379254
vn -0.5184 -0.8382 -0.1692
vn 0.0933 -0.9751 0.2014
vn -0.5196 -0.8378 -0.1676
vn 0.2432 -0.7379 0.6296
vn -0.5207 -0.8372 -0.1673
vn -0.9278 0.3731 0.0002
vn -0.9272 0.3745 -0.0011
vn 0.2458 -0.7352 0.6316
vn 0.5072 0.1432 0.8498
vn 0.5347 0.1688 0.8280
vn 0.7648 -0.0000 -0.6442
vn 0.7320 -0.0000 -0.6813
vn 0.8892 -0.0000 -0.4575
vn 0.1604 -0.0000 0.9871
vn -0.0559 -0.0000 0.9984
vn -0.1214 -0.0000 0.9926
vn -0.7205 -0.0000 0.6935
vn -0.7648 -0.0000 0.6442
vn -0.8892 -0.0000 0.4575
vn -0.6333 -0.0000 0.7739
vn -0.5878 -0.0000 0.8090
vn -0.3090 -0.0000 0.9511
vn -0.3618 -0.0000 0.9322
vn 0.0557 -0.0000 -0.9984
vn 0.1214 -0.0000 -0.9926
vn 0.1604 -0.0000 -0.9871
vn 0.3090 -0.0000 -0.9511
vn 0.3618 -0.0000 -0.9322
vn -0.1604 -0.0000 0.9871
vn 0.5086 0.1543 0.8471
vn -0.1604 -0.0000 -0.9871
vn -0.7099 -0.0000 0.7043
vn -0.0000 1.0000 -0.0000
vn 0.5878 -0.0000 -0.8090
vn 0.6333 -0.0000 -0.7739
vn 0.7099 -0.0000 -0.7043
vt 0.262655 0.262655
vt 0.344363 0.270505
vt 0.571513 0.162222
vt 0.627528 0.000000
vt 0.815946 0.000000
vt 0.826660 0.045196
vt 0.737199 0.304280
vt 0.485498 0.424259
vt 0.417749 0.417749
vt 0.230487 0.000000
vt 0.516175 0.000000
vt 1.000000 0.262655
vt 1.000000 0.417749
vt 0.888209 0.000000
vt 1.000000 0.184053
vt 1.000000 0.372472
vt 0.941741 0.234861
vt 0.799091 0.000000
vt 0.516175 0.516175
vt 0.230487 0.230487
vt 0.065352 0.000000
vt 0.146355 0.000000
vt 0.799091 0.799091
vt 1.000000 0.777482
vt 1.000000 0.876185
vt 0.888209 0.888209
vt 0.876185 0.876185
vt 0.777482 0.777482
vt 1.000000 0.768716
vt 1.000000 0.871308
vt 0.768716 0.768716
vt 0.784607 0.466220
vt 0.767031 0.133017
vt 0.874974 0.132963
vt 0.892571 0.466566
vt 0.871308 0.871308
vt 0.254707 0.000000
vt 0.861074 0.701300
vt 1.000000 0.853645
vt 1.000000 0.934648
vt 0.834879 0.753577
vt 0.183310 0.000000
vt 0.254707 0.254707
vt 0.183310 0.183310
vt 0.172396 0.000000
vt 0.239542 0.000000
vt 0.870041 0.450960
vt 0.855531 0.432762
vt 0.504645 0.000000
vt 0.549203 0.000000
vt 0.870103 0.395779
vt 0.954698 0.138895
vt 0.953776 0.301289
vt 0.948733 0.265503
vt 0.934547 0.163587
vt 0.934102 0.160132
vt 0.483936 0.490490
vt 0.488085 0.488045
vt 0.509545 0.475435
vt 0.509545 0.554029
vt 0.496227 0.521059
vt 0.234145 0.589976
vt 0.234145 0.432634
vt 0.253312 0.452398
vt 0.252694 0.457199
vt 0.239659 0.550847
vt 0.589324 0.420841
vt 0.589324 0.590348
vt 0.551434 0.590348
vt 0.551434 0.448135
vt 0.649936 0.113714
vt 0.649936 0.038107
vt 0.664618 0.001744
vt 0.696352 0.001744
vt 0.696352 0.143945
vt 0.551434 0.448135
vt 0.524210 0.590348
vt 0.509545 0.554029
vt 0.509545 0.475435
vt 0.522372 0.467064
vt 0.504645 0.504645
vt 0.760458 0.000000
vt 0.827604 0.000000
vt 0.549203 0.549203
vt 0.649936 0.038107
vt 0.649936 0.113714
vt 0.644403 0.110474
vt 0.627586 0.100592
vt 0.625278 0.099231
vt 0.632116 0.082222
vt 0.204017 0.591594
vt 0.204017 0.422087
vt 0.210891 0.416482
vt 0.223783 0.420368
vt 0.230706 0.428538
vt 0.234145 0.432634
vt 0.233958 0.591594
vt 0.273717 0.240428
vt 0.240598 0.273811
vt 0.198614 0.294994
vt 0.166880 0.285483
vt 0.166863 0.285486
vt 0.194088 0.281063
vt 0.231977 0.261946
vt 0.261680 0.232005
vt 0.738336 0.001744
vt 0.738336 0.174188
vt 0.696352 0.143945
vt 0.988082 0.301289
vt 0.954698 0.301289
vt 0.954698 0.138895
vt 0.958786 0.134027
vt 0.961877 0.130378
vt 0.982382 0.124198
vt 0.988082 0.128845
s 0
usemtl lambert2SG
f 1034/1233/614 1033/1234/614 1035/1235/614 1036/1236/614 1038/1237/614 1037/1238/614 1039/1239/614 1040/1240/614 1041/1241/614
f 1042/1242/615 1043/1243/615 1034/1244/615 1041/1245/615
f 1044/1246/616 1038/1247/616 1036/1248/616 1045/1249/616 1046/1250/616
f 1043/1251/617 1042/1252/617 1048/1253/617 1047/1254/617
f 1046/1255/618 1049/1256/618 1050/1257/618 1044/1258/618
f 1050/1259/619 1049/1260/619 1052/1261/619 1051/1262/619
f 1052/1263/620 1053/1264/620 1054/1265/620 1056/1266/620 1058/1267/620 1051/1268/620
f 1060/1269/621 1059/1270/621 1047/1271/621 1048/1272/621 1061/1273/621 1062/1274/621
f 1060/1275/622 1062/1276/622 1064/1277/622 1063/1278/622
f 1065/1279/623 1067/1280/623 1068/1281/623 1069/1282/623 1070/1283/623
s 1
f 1025/1284/624 998/1285/625 1031/1286/626 1028/1287/626 1024/1288/626
f 1015/1289/627 1011/1290/627 1010/1291/628 1020/1292/629 1018/1293/627
f 1030/1294/630 1023/1295/631 1026/1296/632 1027/1297/632 1032/1298/632
f 1004/1299/633 1075/1300/634 1074/1301/635 1002/1302/636
f 1000/1303/637 1021/1304/638 1057/1305/639 1072/1306/640 1003/1307/641
f 1002/1308/636 1074/1301/635 1055/1309/642 1020/1310/629 1010/1311/628 999/1312/642
s 0
f 1068/1313/643 1063/1314/643 1064/1315/643 1069/1316/643
s 1
f 1021/1317/638 1000/1318/637 1001/1319/644 1012/1320/644 1016/1321/644 1017/1322/644
f 1075/1323/634 1004/1324/633 1007/1325/645 1008/1326/645 1013/1327/645 1023/1328/631 1030/1294/630 1066/1329/645
f 1071/1330/646 1073/1331/646 996/1332/646 1022/1333/646 1019/1334/646 995/1335/646 994/1336/646 1029/1337/646
f 1072/1306/640 997/1338/647 1006/1339/648 1003/1340/641
f 997/1341/647 998/1342/625 1025/1343/624 1014/1344/649 1009/1345/649 1005/1346/649 1006/1347/648
o PurpleMug_cell.009
v 0.124524 -0.436522 0.375230
v 0.214596 -0.467290 0.263512
v -0.009560 -0.467290 0.426372
v 0.127448 -0.344218 0.379256
v 0.297744 -0.344218 0.144864
v 0.226660 -0.436522 0.272278
v 0.115748 -0.467290 0.363151
v -0.004953 -0.436522 0.440554
v -0.003417 -0.344218 0.445280
v 0.230682 -0.344218 0.275199
v 0.267039 -0.449413 0.301614
v 0.240374 -0.517290 0.282243
v 0.153892 -0.449443 0.415653
v 0.134500 -0.517290 0.388961
v 0.010471 -0.449413 0.488023
v 0.000286 -0.517290 0.456677
v 0.345920 -0.221145 0.160517
v 0.370690 -0.195066 0.000001
v 0.157222 -0.345581 0.420236
v 0.012216 -0.345579 0.493396
v 0.345919 -0.345581 0.160517
v 0.271609 -0.345579 0.304936
v 0.358873 -0.239075 0.076585
v 0.358871 -0.327521 0.076585
v 0.345920 -0.283364 0.160517
v 0.358873 -0.283298 0.084243
v 0.372867 -0.220207 -0.001047
v 0.362327 -0.253179 0.054836
v 0.362821 -0.311665 0.056126
v 0.363440 -0.282096 0.063615
v 0.429263 -0.249421 0.054902
v 0.196939 -0.074906 -0.309209
v 0.248680 -0.073562 -0.328048
v 0.214834 -0.053131 -0.291172
v 0.220074 -0.046887 -0.285891
v 0.258739 -0.061378 -0.317908
v 0.213682 -0.103776 -0.292334
v 0.255960 -0.086116 -0.320710
v 0.247457 -0.001153 -0.242596
v 0.230682 -0.034330 -0.275198
v 0.289166 -0.011421 -0.270815
v 0.271610 -0.046143 -0.304935
v 0.311687 -0.147330 -0.227047
v 0.345920 -0.182683 -0.160515
v 0.362606 -0.253545 -0.053816
v 0.358993 -0.238913 -0.075934
v 0.410955 -0.243711 -0.042614
v -0.025140 -0.517290 0.117051
v 0.010118 -0.467290 0.065384
v 0.253305 -0.517290 0.257111
v 0.253541 -0.467290 0.187827
v 0.297744 -0.211592 -0.144862
v 0.284163 -0.436522 0.160523
v 0.266406 -0.103847 -0.310181
v 0.271610 -0.105740 -0.304935
v 0.293817 -0.420823 0.143588
v 0.235777 -0.147283 -0.265296
v 0.320099 -0.307855 0.000001
v 0.361027 -0.336742 0.060685
v 0.359609 -0.342108 0.067420
v 0.362644 -0.332797 0.056022
v 0.365489 -0.321154 0.041293
v 0.320899 -0.449436 0.196926
v 0.342339 -0.414598 0.159353
v 0.357762 -0.349748 0.077095
v 0.312871 -0.344218 0.046839
v -0.073099 -0.517290 0.133336
v -0.086176 -0.467290 0.098082
v 0.230682 -0.132632 -0.275198
v -0.125048 -0.517290 0.151073
v -0.128316 -0.467290 0.112469
v -0.131068 -0.517290 0.153187
v -0.140345 -0.467290 0.116694
v -0.115181 0.170914 0.514093
v -0.108747 0.068149 0.513048
v -0.110775 -0.030778 0.462721
v -0.122968 0.163981 0.464702
v -0.120748 -0.517290 0.215220
v -0.119723 -0.467290 0.240657
v 0.012217 0.158792 0.493397
v -0.003417 0.152606 0.445280
v 0.157222 0.137481 0.420236
v 0.127448 0.133374 0.379256
v 0.230682 0.110323 0.275199
v 0.271610 0.111942 0.304936
v 0.297744 0.085792 0.144864
v 0.265624 0.034601 -0.207288
v 0.297744 0.041806 -0.144862
v 0.320099 0.062218 0.000001
v 0.370690 0.058639 0.000001
v 0.345920 0.084761 0.160517
v 0.345920 0.036022 -0.160515
v 0.309074 0.027757 -0.232125
v 0.418916 -0.308338 0.055996
v 0.430875 -0.278763 0.063424
v 0.428649 -0.221175 -0.008047
v 0.432134 -0.273841 0.062264
v 0.439133 -0.245668 0.054915
v 0.433668 -0.224276 0.012528
v 0.432268 -0.216503 -0.000872
v -0.078097 -0.517290 0.469411
v -0.076993 -0.449430 0.502227
v -0.082625 -0.345580 0.508803
v -0.086466 -0.467290 0.438866
v -0.085970 -0.436522 0.453716
v -0.090985 -0.344218 0.459507
v 0.196939 -0.074906 -0.309209
v 0.214834 -0.053131 -0.291172
v 0.220074 -0.046887 -0.285891
v 0.213682 -0.103776 -0.292334
v 0.248680 -0.073562 -0.328048
v 0.255960 -0.086116 -0.320710
v 0.289166 -0.011421 -0.270815
v 0.271610 -0.046143 -0.304935
v 0.258739 -0.061378 -0.317908
v 0.230682 -0.034330 -0.275198
v 0.247457 -0.001153 -0.242596
v 0.311687 -0.147330 -0.227047
v 0.345920 -0.182683 -0.160515
v 0.362606 -0.253545 -0.053816
v 0.358993 -0.238913 -0.075934
v 0.410955 -0.243711 -0.042614
v 0.253541 -0.467290 0.187827
v 0.284163 -0.436522 0.160523
v 0.293817 -0.420823 0.143588
v 0.312871 -0.344218 0.046839
v 0.320099 -0.307855 0.000001
v 0.297744 -0.211592 -0.144862
v 0.235777 -0.147283 -0.265296
v 0.266406 -0.103847 -0.310181
v 0.271610 -0.105740 -0.304935
v 0.362644 -0.332797 0.056022
v 0.365489 -0.321154 0.041293
v 0.361027 -0.336742 0.060685
v 0.359609 -0.342108 0.067420
v 0.357762 -0.349748 0.077095
v 0.342339 -0.414598 0.159353
v 0.320899 -0.449436 0.196926
v 0.253305 -0.517290 0.257111
v -0.025140 -0.517290 0.117051
v 0.010118 -0.467290 0.065384
v 0.230682 -0.132632 -0.275198
v -0.073099 -0.517290 0.133336
v -0.086176 -0.467290 0.098082
v -0.128316 -0.467290 0.112469
v -0.125048 -0.517290 0.151073
v -0.131068 -0.517290 0.153187
v -0.140345 -0.467290 0.116694
v -0.110775 -0.030778 0.462721
v -0.122968 0.163981 0.464702
v -0.115181 0.170914 0.514093
v -0.108747 0.068149 0.513048
v -0.119723 -0.467290 0.240657
v -0.120748 -0.517290 0.215220
v -0.003417 0.152606 0.445280
v 0.012217 0.158792 0.493397
v 0.157222 0.137481 0.420236
v 0.418916 -0.308338 0.055996
v 0.418916 -0.308338 0.055996
v 0.127448 0.133374 0.379256
v 0.265624 0.034601 -0.207288
v 0.297744 0.041806 -0.144862
v 0.430875 -0.278763 0.063424
v 0.430875 -0.278763 0.063424
v 0.432134 -0.273841 0.062264
v 0.320099 0.062218 0.000001
v 0.297744 0.085792 0.144864
v 0.230682 0.110323 0.275199
v 0.271610 0.111942 0.304936
v 0.345920 0.084761 0.160517
v 0.370690 0.058639 0.000001
v 0.345920 0.036022 -0.160515
v 0.309074 0.027757 -0.232125
v 0.428649 -0.221175 -0.008047
v 0.432268 -0.216503 -0.000872
v 0.432268 -0.216503 -0.000872
v 0.433668 -0.224276 0.012528
v 0.439133 -0.245668 0.054915
v 0.439133 -0.245668 0.054915
v -0.086466 -0.467290 0.438866
v -0.078097 -0.517290 0.469411
v -0.076993 -0.449430 0.502227
v -0.082625 -0.345580 0.508803
v -0.090985 -0.344218 0.459507
v -0.085970 -0.436522 0.453716
v 0.429263 -0.249421 0.054902
vn -0.2495 0.7317 -0.6344
vn -0.2446 0.7377 -0.6293
vn -0.2611 -0.5955 -0.7597
vn -0.2427 0.7396 -0.6278
vn 0.3021 -0.7765 -0.5530
vn 0.2821 -0.7784 -0.5608
vn -0.2570 -0.6009 -0.7569
vn -0.2583 -0.6009 -0.7564
vn -0.2651 -0.6001 -0.7548
vn -0.9844 -0.0633 0.1641
vn -0.0000 -1.0000 -0.0000
vn 0.5699 -0.7676 0.2933
vn 0.4577 -0.8245 0.3326
vn 0.3334 -0.8235 0.4589
vn 0.1748 -0.8245 0.5381
vn 0.0867 -0.8411 0.5339
vn -0.2413 0.7412 -0.6264
vn 0.9141 -0.3014 -0.2714
vn 0.9162 -0.2976 -0.2683
vn -0.9842 -0.0638 0.1651
vn 0.8802 -0.1421 0.4529
vn 0.7842 -0.2460 0.5697
vn 0.5697 -0.2461 0.7841
vn 0.2995 -0.2460 0.9218
vn 0.1556 -0.2407 0.9580
vn 0.9510 -0.0309 0.3076
vn 0.9501 -0.0000 0.3118
vn 0.9507 0.0025 0.3102
vn 0.9457 -0.0000 0.3249
vn 0.7996 -0.0000 0.6005
vn 0.8087 -0.0271 0.5876
vn 0.9999 -0.0000 0.0145
vn 0.9999 0.0127 0.0013
vn 0.9860 0.0144 -0.1663
vn 0.9655 -0.0000 -0.2605
vn 0.9548 -0.0000 -0.2973
vn -0.1749 0.8243 -0.5384
vn -0.3336 0.8233 -0.4592
vn -0.4580 0.8243 -0.3328
vn -0.5703 0.7673 -0.2934
vn -0.0000 1.0000 -0.0000
vn -0.0868 0.8409 -0.5342
vn 0.5756 -0.0000 0.8177
vn 0.5876 -0.0272 0.8087
vn -0.9882 0.0112 -0.1525
vn -0.9507 0.0269 -0.3089
vn -0.9457 -0.0000 -0.3249
vn -0.9999 -0.0000 -0.0145
vn -0.9982 -0.0000 -0.0592
vn 0.0697 0.9863 -0.1496
vn 0.8892 -0.0000 -0.4575
vn 0.8275 -0.0000 -0.5615
vn 0.8478 -0.0000 -0.5304
vn 0.7099 -0.0000 -0.7043
vn 0.3089 -0.0271 0.9507
vn 0.2984 -0.0000 0.9544
vn 0.1603 -0.0258 0.9867
vn 0.9274 -0.0538 0.3702
vn 0.9857 -0.0352 0.1648
vn 0.9878 -0.0510 0.1470
vn 0.9863 -0.0490 0.1574
vn 0.9838 -0.0348 0.1757
vn -0.7843 0.2454 -0.5698
vn -0.8802 0.1415 -0.4529
vn -0.5698 0.2454 -0.7843
vn -0.2996 0.2453 -0.9220
vn -0.1557 0.2400 -0.9582
vn 0.1604 -0.0000 0.9871
vn -0.2984 -0.0000 -0.9544
vn -0.3089 0.0268 -0.9507
vn -0.1603 0.0255 -0.9867
vn -0.1604 -0.0000 -0.9871
vn 0.9865 0.0186 0.1630
vn -0.5876 0.0269 -0.8087
vn -0.5756 -0.0000 -0.8177
vn -0.9264 0.0537 -0.3728
vn -0.8892 -0.0000 0.4575
vn -0.8478 -0.0000 0.5304
vn -0.8569 -0.0000 0.5156
vn -0.9655 -0.0000 0.2604
vn -0.9548 -0.0000 0.2973
vn -0.7099 -0.0000 0.7043
vn -0.8087 0.0268 -0.5876
vn 0.9860 0.0007 0.1670
vn -0.9845 -0.0631 0.1638
vn -0.7996 -0.0000 -0.6005
vn 0.7772 0.6290 -0.0160
vn 0.8041 0.4318 -0.4085
vn 0.7369 0.3570 0.5741
vn 0.9820 -0.0260 0.1869
vn 0.6376 -0.5939 0.4907
vn 0.7541 -0.3306 0.5675
vn 0.6942 0.0111 0.7197
vn -0.0700 0.8625 0.5011
vn -0.0520 0.8628 0.5029
vn -0.1687 0.8562 0.4884
vn -0.0510 0.8486 -0.5266
vn 0.0509 -0.8371 0.5447
vn 0.0159 -0.2477 0.9687
vn -0.0633 0.2798 0.9580
vn -0.0159 0.2839 0.9587
vn -0.0259 0.2831 0.9587
vn -0.3162 0.8299 0.4596
vn -0.1060 0.2756 0.9554
vt 0.503069 0.000000
vt 0.152628 0.152628
vt 0.066371 0.066371
vt 0.218760 0.000000
vt 1.000000 0.066371
vt 1.000000 0.152628
vt 0.856424 0.000000
vt 1.000000 0.496931
vt 1.000000 0.781240
vt 0.924495 0.924495
vt 0.826366 0.826366
vt 0.906586 0.637214
vt 0.937566 0.937566
vt 0.856425 0.856425
vt 0.830890 0.608865
vt 0.752003 0.000000
vt 0.824026 0.000000
vt 0.515548 0.000000
vt 1.000000 0.497943
vt 1.000000 0.848939
vt 0.795427 0.558090
vt 0.833786 0.485685
vt 0.841911 0.464852
vt 0.390068 0.000000
vt 0.515802 0.202276
vt 0.498046 0.264541
vt 0.500865 0.296292
vt 0.570416 0.451133
vt 0.607043 0.524628
vt 0.786535 0.719054
vt 1.000000 0.848790
vt 1.000000 0.936650
vt 0.986993 0.932841
vt 0.848938 0.848938
vt 0.498101 0.497903
vt 0.487432 0.474371
vt 0.485114 0.466395
vt 0.480407 0.455548
vt 0.473366 0.440106
vt 0.413080 0.309027
vt 0.406861 0.238568
vt 0.446137 0.101251
vt 1.000000 0.100351
vt 1.000000 0.201489
vt 1.000000 0.826366
vt 1.000000 0.924495
vt 0.936650 0.936650
vt 0.848790 0.848790
vt 0.896901 0.846147
vt 0.201489 0.201489
vt 0.100351 0.100351
vt 0.157790 0.000000
vt 0.316818 0.000000
vt 1.000000 0.317844
vt 0.316818 0.316818
vt 0.157790 0.157790
vt 1.000000 0.159055
vt 0.173960 0.000000
vt 0.347630 0.000000
vt 0.317844 0.317844
vt 0.159055 0.159055
vt 0.719267 0.000000
vt 0.851871 0.000000
vt 1.000000 0.106672
vt 1.000000 0.202165
vt 0.145949 0.791797
vt 0.147692 0.791689
vt 0.162734 0.790755
vt 0.176619 0.762689
vt 0.257238 0.775111
vt 0.253494 0.816506
vt 0.222840 0.847404
vt 0.183981 0.867010
vt 0.161286 0.870697
vt 0.148937 0.872703
vt 0.253527 0.253527
vt 0.182033 0.182033
vt 1.000000 0.175974
vt 1.000000 0.247997
vt 1.000000 0.484452
vt 1.000000 0.609932
vt 0.400504 0.000000
vt 0.500132 0.000000
vt 0.500132 0.500132
vt 0.400504 0.400504
vt 0.407848 0.394904
vt 0.425757 0.409069
vt 0.481596 0.449107
vt 0.497501 0.492563
vt 1.000000 0.865845
vt 1.000000 0.932867
vt 0.330665 0.263617
vt 0.335158 0.177147
vt 0.456957 0.159728
vt 1.000000 0.148129
vt 1.000000 0.280733
vt 0.588589 0.289518
vt 0.480189 0.304858
vt 0.478076 0.343988
vt 0.809394 0.021390
vt 0.779083 0.021397
vt 0.784691 0.001745
vt 0.791968 0.001745
vt 0.746065 0.021388
vt 0.753793 0.001745
vt 0.997044 0.324924
vt 0.955519 0.324933
vt 0.952570 0.305280
vt 0.991429 0.305280
vt 0.930195 0.324928
vt 0.929875 0.305280
vt 0.819935 0.051460
vt 0.819935 0.069474
vt 0.819935 0.087488
vt 0.819935 0.176058
vt 0.778121 0.183928
vt 0.778121 0.051461
vt 0.866410 0.168495
vt 0.866410 0.095039
vt 0.888446 0.082376
vt 0.912884 0.098624
vt 0.912884 0.161947
vt 0.456646 0.602101
vt 0.492927 0.620406
vt 0.521547 0.649255
vt 0.532822 0.671169
vt 0.462344 0.697025
vt 0.434463 0.669347
vt 0.422262 0.668589
vt 0.418779 0.668373
vt 0.424751 0.596919
vt 0.434380 0.598484
vt 0.744738 0.191322
vt 0.744738 0.051460
vt 0.327385 0.342159
vt 0.355766 0.342159
vt 0.355766 0.466661
vt 0.313823 0.459836
vt 0.313823 0.352688
vt 1.000000 0.253527
vt 0.921574 0.238004
vt 0.768538 0.274062
vt 0.640314 0.371878
vt 0.551003 0.524736
vt 0.691053 0.367436
vt 0.390114 0.239748
vt 0.202165 0.202165
vt 0.106672 0.106672
vt 0.306955 0.146721
vt 0.640418 0.288211
vt 0.499422 0.481942
vt 0.598384 0.312564
vt 0.740463 0.204180
vt 0.910035 0.164225
vt 1.000000 0.182033
vt 0.933617 0.159553
vt 0.912884 0.161946
vt 0.932147 0.108860
vt 0.954698 0.120901
vt 0.954698 0.138157
vt 0.944819 0.148210
vt 0.959266 0.126583
vt 0.961390 0.130218
vt 0.958454 0.133746
vt 0.954698 0.120902
vt 0.956217 0.121450
vt 0.998008 0.354995
vt 0.956024 0.354996
vt 0.998008 0.494858
vt 0.956024 0.501028
vt 0.930195 0.324928
vt 0.928564 0.354995
vt 0.820272 0.031477
vt 0.809393 0.021390
vt 0.844236 0.056689
vt 0.844088 0.050254
vt 0.846889 0.052469
vt 0.848840 0.054019
vt 0.390119 0.306526
vt 0.392656 0.315434
vt 0.360300 0.315434
vt 0.368205 0.306526
vt 0.418967 0.306526
vt 0.422464 0.315434
vt 0.197035 0.582685
vt 0.194494 0.591594
vt 0.158213 0.591594
vt 0.159547 0.582685
vt 0.136090 0.582685
vt 0.135946 0.591594
vt 0.928564 0.354995
vt 0.919139 0.504538
vt 0.921001 0.474784
vt 0.159992 0.412114
vt 0.159992 0.555960
vt 0.134638 0.555960
vt 0.128908 0.465209
vt 0.125378 0.408820
vt 0.819935 0.176058
vt 0.844236 0.082297
vt 0.866410 0.168495
vt 0.197882 0.555960
vt 0.197881 0.417682
vt 0.355397 0.319979
vt 0.243584 0.441488
vt 0.234145 0.431882
vt 0.234145 0.403421
vt 0.237012 0.399179
vt 0.271881 0.380559
vt 0.271881 0.453926
vt 0.253807 0.451840
vt 0.231049 0.428246
vt 0.229520 0.426439
vt 0.224297 0.420134
vt 0.229184 0.411775
vt 0.136090 0.582685
vt 0.393502 0.342159
vt 0.355397 0.319979
vt 0.360300 0.315434
vt 0.423630 0.342159
vt 0.313823 0.459836
vt 0.271881 0.453926
vt 0.842019 0.069493
vt 0.844088 0.050254
vt 0.134155 0.000000
vt 0.347630 0.347630
vt 0.173960 0.173960
vt 0.067133 0.000000
vt 0.423630 0.480438
vt 0.393502 0.473764
vt 0.866713 0.087760
vt 0.881991 0.078107
vt 0.850533 0.078213
vt 0.850204 0.055127
vt 0.854454 0.058533
vt 0.850160 0.061280
vt 0.848840 0.054019
vt 0.847992 0.069841
vt 0.834984 0.623048
vt 0.833939 0.623157
vt 0.838915 0.640652
vt 0.822735 0.643704
vt 0.822715 0.624324
vt 0.854192 0.643623
vt 0.838863 0.623453
vt 0.840500 0.624475
vt 0.850465 0.629595
vt 0.665650 0.605505
vt 0.649409 0.604542
vt 0.650210 0.601817
vt 0.649588 0.613103
vt 0.665650 0.605505
vt 0.669175 0.614224
vt 0.668646 0.622563
vt 0.649266 0.621475
vt 0.669175 0.614224
vt 0.669478 0.615493
vt 0.834984 0.623048
vt 0.822711 0.621466
vt 0.669478 0.615493
vt 0.671504 0.623650
s 0
usemtl lambert2SG
f 1182/1348/650 1183/1349/650 1190/1350/650 1186/1351/650
f 1190/1352/651 1183/1353/651 1184/1354/651
f 1182/1355/652 1186/1356/652 1187/1357/652 1185/1358/652
f 1189/1359/653 1190/1360/653 1184/1361/653 1191/1362/653 1192/1363/653 1188/1364/653
f 1233/1365/654 1208/1366/654 1193/1367/654 1194/1368/654 1196/1369/654 1195/1370/654 1197/1371/654
f 1198/1372/655 1199/1373/655 1200/1374/655 1201/1375/655 1202/1376/655 1203/1377/655 1204/1378/655 1205/1379/655 1206/1380/655 1193/1381/655 1208/1382/655 1207/1383/655 1209/1384/655 1210/1385/655 1211/1386/655 1212/1387/655 1213/1388/655 1214/1389/655 1215/1390/655 1216/1391/655
f 1185/1392/656 1187/1393/656 1205/1394/656 1204/1395/656 1217/1396/656
f 1216/1397/656 1215/1398/656 1218/1399/656 1219/1400/656
f 1220/1401/657 1219/1402/657 1218/1403/657 1221/1404/657
f 1222/1405/658 1223/1406/658 1220/1407/658 1221/1408/658
f 1224/1409/659 1227/1410/659 1226/1411/659 1225/1412/659
s 1
f 1147/1413/660 1145/1414/660 1142/1415/660 1123/1416/660 1125/1417/661 1087/1418/662 1089/1419/663 1091/1420/664 1256/1421/665 1153/1422/660
s 0
f 1236/1423/666 1248/1424/666 1188/1425/666 1192/1426/666
f 1233/1427/667 1197/1428/667 1249/1429/667 1238/1430/667
f 1238/1431/668 1249/1432/668 1250/1433/668 1252/1434/668 1253/1435/668 1240/1436/668
f 1228/1437/669 1229/1438/669 1176/1439/669 1257/1440/669 1258/1441/669 1227/1442/669 1224/1443/669 1259/1444/669 1260/1445/669 1255/1446/669
s 1
f 1138/1447/670 1086/1448/671 1087/1449/662 1125/1450/661
f 1086/1448/671 1088/1451/672 1089/1452/663 1087/1449/662
f 1088/1453/672 1090/1454/673 1091/1455/664 1089/1456/663
f 1091/1455/664 1090/1454/673 1177/1457/674 1256/1458/665
f 1096/1459/675 1100/1460/676 1092/1461/677 1245/1462/678 1244/1463/679 1097/1464/680
f 1165/1465/681 1093/1466/682 1121/1467/683 1119/1468/684 1247/1469/685
f 1078/1470/686 1082/1471/687 1077/1472/688 1126/1473/689 1124/1474/690 1143/1475/690 1146/1476/690 1148/1477/690 1154/1478/690 1179/1479/691
f 1244/1463/679 1157/1480/692 1094/1481/693 1097/1464/680
f 1141/1482/694 1080/1483/695 1242/1484/696 1164/1485/697 1133/1486/698
s 0
f 1236/1487/699 1237/1488/699 1241/1489/699 1161/1490/699 1243/1491/699 1235/1492/699 1230/1493/699 1225/1494/699 1226/1495/699 1231/1496/699 1232/1497/699 1160/1498/699 1166/1499/699 1246/1500/699 1167/1501/699 1248/1502/699
s 1
f 1168/1503/700 1247/1504/685 1119/1468/684 1118/1505/700 1130/1506/701 1117/1507/702 1116/1508/700
f 1113/1509/703 1108/1510/703 1111/1511/703 1117/1507/702 1130/1512/701 1129/1513/703
f 1088/1453/672 1094/1514/693 1095/1515/704 1090/1454/673
f 1094/1514/693 1157/1516/692 1155/1517/705 1095/1515/704
f 1177/1518/674 1090/1454/673 1095/1515/704 1178/1519/706
f 1139/1520/707 1096/1459/675 1097/1464/680 1086/1448/671 1138/1521/670
f 1086/1448/671 1097/1464/680 1094/1481/693 1088/1451/672
f 1099/1522/708 1140/1523/709 1135/1524/710 1134/1525/711
f 1077/1526/688 1081/1527/712 1128/1528/713 1126/1529/689
f 1081/1527/712 1077/1526/688 1082/1530/687 1076/1531/714
f 1076/1532/714 1082/1533/687 1078/1534/686 1083/1535/715
f 1180/1536/716 1083/1535/715 1078/1534/686 1179/1537/691
f 1178/1538/706 1095/1515/704 1155/1517/705 1149/1539/717 1150/1540/717
f 1156/1541/718 1084/1542/719 1181/1543/720 1151/1544/721 1152/1545/721
f 1245/1546/678 1092/1461/677 1098/1547/722 1093/1466/682 1165/1548/681
f 1079/1549/723 1084/1542/719 1156/1541/718 1158/1550/724
f 1080/1483/695 1141/1482/694 1131/1551/725
f 1114/1552/726 1115/1553/727 1144/1554/728 1132/1555/726 1127/1556/729 1163/1557/730 1162/1558/726
f 1110/1559/731 1109/1560/731 1107/1561/731 1112/1562/731 1144/1554/728 1115/1553/727
f 1076/1532/714 1083/1535/715 1084/1542/719 1079/1549/723
f 1181/1543/720 1084/1542/719 1083/1535/715 1180/1563/716
f 1085/1564/732 1080/1483/695 1131/1565/725 1128/1566/713 1081/1527/712
f 1081/1527/712 1076/1531/714 1079/1567/723 1085/1564/732
f 1164/1568/697 1163/1569/730 1127/1556/729 1133/1486/698
f 1100/1460/676 1101/1570/733 1098/1547/722 1092/1461/677
f 1140/1571/709 1099/1522/708 1096/1459/675 1139/1520/707
s 0
f 1228/1572/734 1223/1573/734 1222/1574/734 1229/1575/734
s 1
f 1085/1564/732 1079/1567/723 1158/1576/724 1159/1577/735
f 1099/1522/708 1101/1570/733 1100/1460/676 1096/1459/675
f 1121/1467/683 1093/1466/682 1102/1578/736 1120/1579/737
f 1093/1466/682 1098/1547/722 1103/1580/738 1102/1578/736
f 1136/1581/739 1137/1582/740 1104/1583/741 1099/1522/708 1134/1584/711
f 1098/1547/722 1101/1570/733 1105/1585/742 1103/1580/738
f 1101/1570/733 1099/1522/708 1104/1583/741 1105/1585/742
f 1174/1586/743 1251/1587/744 1102/1588/736 1103/1589/738 1261/1590/745
f 1120/1591/737 1102/1588/736 1175/1592/746 1171/1593/746 1122/1594/746
f 1234/1595/747 1104/1596/741 1137/1597/740
f 1105/1598/742 1104/1596/741 1169/1599/748 1239/1600/748
f 1106/1601/749 1103/1602/738 1105/1598/742 1170/1603/750 1172/1604/751
f 1174/1605/743 1261/1590/745 1254/1606/752
f 1106/1601/749 1172/1607/751 1173/1608/753
f 1080/1483/695 1085/1564/732 1159/1577/735 1242/1484/696
