# Blender 5.0.0
# www.blender.org
mtllib RedMug.mtl
o RedMug_cell
v 0.127448 -0.344218 0.379256
v 0.153892 -0.449443 0.415653
v 0.157222 -0.345581 0.420236
v 0.066465 -0.517290 0.360186
v 0.061516 -0.467290 0.328276
v 0.103117 -0.467290 0.369524
v 0.108644 -0.517290 0.402006
v 0.151507 -0.457787 0.412370
v 0.124042 -0.438211 0.374567
v 0.153491 -0.344218 0.353005
v 0.291775 0.071239 0.265746
v 0.271610 -0.038350 0.304936
v 0.254229 0.069543 0.229435
v 0.230682 -0.058428 0.275199
v 0.188628 -0.345580 0.388579
v 0.292410 0.076242 0.264512
v 0.251839 0.085678 0.234080
v 0.290047 0.085722 0.269105
v 0.074179 0.085754 0.406131
v 0.082294 0.085801 0.458040
v 0.157222 0.085798 0.420236
v 0.127448 0.085752 0.379256
v 0.230682 0.085704 0.275199
v 0.271610 0.085745 0.304936
v 0.082281 0.080611 0.458047
v 0.074159 0.078144 0.406141
v 0.081928 -0.345580 0.458224
v 0.073810 -0.344218 0.406318
v 0.080936 -0.449428 0.452467
v 0.075605 -0.517290 0.418676
v 0.070531 -0.467290 0.385964
v 0.072943 -0.436522 0.401254
v 0.254229 0.069543 0.229435
v 0.230682 -0.058428 0.275199
v 0.291775 0.071239 0.265746
v 0.271610 -0.038350 0.304936
v 0.188628 -0.345580 0.388579
v 0.108644 -0.517290 0.402006
v 0.151507 -0.457787 0.412370
v 0.066465 -0.517290 0.360186
v 0.061516 -0.467290 0.328276
v 0.103117 -0.467290 0.369524
v 0.124042 -0.438211 0.374567
v 0.153491 -0.344218 0.353005
v 0.292410 0.076242 0.264512
v 0.290047 0.085722 0.269105
v 0.157222 0.085798 0.420236
v 0.271610 0.085745 0.304936
v 0.251839 0.085678 0.234080
v 0.230682 0.085704 0.275199
v 0.127448 0.085752 0.379256
v 0.074179 0.085754 0.406131
v 0.082294 0.085801 0.458040
v 0.082281 0.080611 0.458047
v 0.074159 0.078144 0.406141
v 0.153892 -0.449443 0.415653
v 0.081928 -0.345580 0.458224
v 0.073810 -0.344218 0.406318
v 0.075605 -0.517290 0.418676
v 0.080936 -0.449428 0.452467
v 0.072943 -0.436522 0.401254
v 0.070531 -0.467290 0.385964
vn 0.6618 -0.3585 -0.6584
vn 0.6780 -0.2559 -0.6891
vn 0.6114 0.3664 -0.7014
vn -0.0004 1.0000 -0.0008
vn -0.9880 0.0028 0.1545
vn -0.7097 0.0233 -0.7041
vn -0.5887 0.0297 -0.8078
vn -0.5878 -0.0000 -0.8090
vn -0.8090 -0.0000 -0.5878
vn -0.7353 -0.0000 -0.6778
vn 0.2750 -0.7919 0.5452
vn 0.2944 -0.7569 0.5835
vn 0.4061 -0.4327 0.8049
vn 0.4726 -0.2222 0.8528
vn 0.4375 -0.2381 0.8671
vn -0.0000 -1.0000 -0.0000
vn -0.9880 0.0009 0.1545
vn 0.8090 -0.0000 0.5878
vn 0.7353 -0.0000 0.6778
vn 0.8892 -0.0000 0.4575
vn 0.5876 -0.0272 0.8087
vn 0.4503 -0.0267 0.8925
vn 0.5878 -0.0000 0.8090
vn 0.4505 -0.0000 0.8928
vn 0.7098 -0.0203 0.7041
vn -0.4407 0.2354 -0.8662
vn -0.4791 0.2009 -0.8545
vn -0.2946 0.7566 -0.5838
vn -0.2752 0.7916 -0.5455
vn -0.0000 1.0000 -0.0000
vn -0.8892 -0.0000 -0.4575
vn -0.4529 0.0284 -0.8911
vn -0.4504 -0.0000 -0.8928
vt 1.000000 0.410631
vt 1.000000 0.473623
vt 0.827163 0.421825
vt 0.344519 0.232432
vt 0.181642 0.161774
vt 0.168737 0.151879
vt 0.077186 0.070450
vt 0.080215 0.000000
vt 0.160088 0.000000
vt 0.157100 0.069484
vt 0.204455 0.111243
vt 0.349210 0.173969
vt 0.798172 0.350145
vt 0.473623 0.473623
vt 0.561476 0.000000
vt 0.647608 0.000000
vt 1.000000 0.639236
vt 0.647608 0.647608
vt 0.561477 0.561477
vt 1.000000 0.551058
vt 0.685560 0.574479
vt 0.639236 0.639236
vt 0.551058 0.551058
vt 0.604219 0.476746
vt 0.700839 0.154820
vt 0.705496 0.000000
vt 0.799174 0.000000
vt 0.792621 0.217769
vt 0.799174 0.799174
vt 0.705497 0.705497
vt 1.000000 0.716990
vt 1.000000 0.807012
vt 0.416029 0.342159
vt 0.423630 0.342159
vt 0.423630 0.466650
vt 0.393502 0.466636
vt 0.393502 0.424905
vt 0.974377 0.305280
vt 0.983943 0.305280
vt 0.996353 0.322508
vt 0.997044 0.324924
vt 0.975921 0.324929
vt 0.203142 0.857343
vt 0.215354 0.851181
vt 0.205788 0.856007
vt 0.669948 0.589850
vt 0.234884 0.046535
vt 0.807341 0.154842
vt 0.807012 0.807012
vt 0.716990 0.716990
vt 0.717318 0.070682
vt 0.477394 0.268342
vt 0.674474 0.514502
vt 1.000000 0.839912
vt 1.000000 0.919785
vt 0.778121 0.176343
vt 0.778121 0.140413
vt 0.789468 0.172143
vt 0.789825 0.173591
vt 0.788495 0.176336
vt 0.998008 0.354995
vt 0.976208 0.354996
vt 0.975921 0.324929
vt 0.976208 0.354996
vt 0.998008 0.479894
vt 0.976314 0.479895
vt 0.976310 0.478392
vt 0.744738 0.051460
vt 0.746857 0.021388
vt 0.753904 0.051460
vt 0.182100 0.582685
vt 0.196895 0.583174
vt 0.190837 0.591594
vt 0.181402 0.591594
vt 0.479835 0.613801
vt 0.489270 0.618561
vt 0.477225 0.612484
vt 0.744738 0.176358
vt 0.778121 0.140413
vt 0.381597 0.466628
vt 0.380252 0.461957
vt 0.393502 0.424905
vt 0.393502 0.466636
vt 0.197882 0.555960
vt 0.197035 0.582685
vt 0.182352 0.555960
vt 0.422464 0.315434
vt 0.197881 0.431470
vt 0.182352 0.555960
vt 0.182453 0.433673
vt 0.182458 0.431470
s 0
usemtl lambert2SG
f 33/1/1 35/2/1 36/3/1 37/4/1 56/5/1 39/6/1 38/7/1 40/8/1 41/9/1 42/10/1 9/11/1 44/12/1 34/13/1
f 35/14/2 33/15/2 45/16/2
f 46/17/3 45/18/3 33/19/3 49/20/3
f 48/21/4 46/22/4 49/23/4 50/24/4 51/25/4 52/26/4 53/27/4 47/28/4
f 53/29/5 52/30/5 55/31/5 54/32/5
s 1
f 10/33/6 1/34/7 22/35/8 23/36/9 14/37/10
f 59/38/11 7/39/12 8/40/13 2/41/14 60/42/15
f 4/43/16 7/44/12 59/45/11
s 0
f 30/46/17 29/47/17 57/48/17 54/49/17 55/50/17 58/51/17 32/52/17 62/53/17 41/54/17 40/55/17
s 1
f 24/56/18 12/57/19 11/58/20 16/59/20 18/60/20
f 2/41/14 3/61/21 27/62/22 60/63/15
f 27/64/22 3/61/21 21/65/23 20/66/24 25/67/24
f 3/68/21 2/69/14 15/70/25
f 61/71/26 43/72/27 6/73/28 31/74/29
f 31/75/29 6/76/28 5/77/30
f 21/78/23 3/68/21 15/70/25 12/79/19 24/56/18
f 17/80/31 13/81/31 14/82/10 23/83/9
f 1/84/7 43/85/27 61/71/26 28/86/32
f 43/87/27 1/34/7 10/33/6
f 22/88/8 1/84/7 28/89/32 26/90/33 19/91/33
o RedMug_cell.001
v 0.297744 0.517290 0.144864
v 0.127448 0.517290 0.379256
v -0.148096 0.517290 0.468785
v 0.320099 0.517290 0.000001
v 0.230682 0.517290 0.275199
v -0.003417 0.517290 0.445280
v -0.292778 0.517290 0.445280
v 0.345920 0.517290 0.160517
v 0.271610 0.517290 0.304936
v 0.157222 0.517290 0.420236
v 0.012217 0.517290 0.493397
v -0.148096 0.517290 0.519441
v -0.308411 0.517290 0.493397
v 0.345920 0.394217 0.160517
v 0.345920 0.332681 0.160517
v -0.363632 0.203547 0.465536
v -0.343795 0.196531 0.419541
v -0.322619 0.517290 0.486228
v -0.301864 0.517290 0.440696
v 0.315133 0.423937 0.032181
v 0.320099 0.471662 0.000001
v 0.313787 0.517290 -0.040898
v 0.369171 0.517290 0.009844
v 0.357072 0.400998 0.088260
v 0.355076 0.381863 0.101194
v 0.345920 0.294101 0.160517
v 0.350290 0.332681 0.134754
v 0.352134 0.353664 0.120255
v 0.253835 0.094647 0.230200
v 0.297744 0.257252 0.144864
v 0.291723 0.093365 0.265847
v 0.057255 0.091899 0.414670
v 0.080749 0.087658 0.458820
v 0.070268 0.090513 0.464108
v 0.072676 0.087699 0.406890
v -0.356280 0.201761 0.469245
v -0.333175 0.193951 0.424899
v -0.148098 0.149599 0.519441
v -0.292778 0.184260 0.445280
v -0.308411 0.190277 0.493397
v -0.003417 0.108933 0.445280
v -0.148098 0.147548 0.468785
v 0.012217 0.106811 0.493397
v 0.290121 0.087594 0.268961
v 0.251893 0.087650 0.233975
v 0.157222 0.087615 0.420236
v 0.127448 0.087668 0.379256
v 0.230682 0.087643 0.275199
v 0.271610 0.087587 0.304936
v -0.343795 0.196531 0.419541
v -0.301864 0.517290 0.440696
v -0.301864 0.517290 0.440696
v -0.363632 0.203547 0.465536
v -0.322619 0.517290 0.486228
v -0.322619 0.517290 0.486228
v 0.315133 0.423937 0.032181
v 0.320099 0.471662 0.000001
v 0.313787 0.517290 -0.040898
v 0.313787 0.517290 -0.040898
v 0.369171 0.517290 0.009844
v 0.369171 0.517290 0.009844
v 0.357072 0.400998 0.088260
v 0.297744 0.257252 0.144864
v 0.355076 0.381863 0.101194
v 0.352134 0.353664 0.120255
v 0.350290 0.332681 0.134754
v 0.345920 0.294101 0.160517
v 0.291723 0.093365 0.265847
v 0.253835 0.094647 0.230200
v 0.080749 0.087658 0.458820
v 0.070268 0.090513 0.464108
v 0.057255 0.091899 0.414670
v 0.072676 0.087699 0.406890
v -0.148098 0.149599 0.519441
v 0.012217 0.106811 0.493397
v -0.308411 0.190277 0.493397
v -0.356280 0.201761 0.469245
v -0.333175 0.193951 0.424899
v -0.292778 0.184260 0.445280
v -0.148098 0.147548 0.468785
v -0.003417 0.108933 0.445280
v 0.290121 0.087594 0.268961
v 0.251893 0.087650 0.233975
v 0.127448 0.087668 0.379256
v 0.230682 0.087643 0.275199
v 0.271610 0.087587 0.304936
v 0.157222 0.087615 0.420236
v 0.345920 0.517290 0.160517
v 0.271610 0.517290 0.304936
v 0.157222 0.517290 0.420236
v 0.012217 0.517290 0.493397
v -0.148096 0.517290 0.519441
v -0.308411 0.517290 0.493397
v 0.297744 0.517290 0.144864
v 0.230682 0.517290 0.275199
v 0.127448 0.517290 0.379256
v -0.003417 0.517290 0.445280
v -0.148096 0.517290 0.468785
v -0.292778 0.517290 0.445280
v 0.320099 0.517290 0.000001
vn -0.9511 -0.0000 -0.3090
vn -0.9149 -0.0000 -0.4037
vn -0.8892 -0.0000 -0.4575
vn -0.8090 -0.0000 -0.5878
vn 0.5875 -0.4935 -0.6413
vn 0.3325 -0.0000 0.9431
vn 0.3090 -0.0000 0.9511
vn -0.0000 -0.0000 1.0000
vn 0.0259 -0.0000 0.9997
vn -0.2450 -0.9688 0.0373
vn -0.2517 -0.9670 0.0391
vn -0.2539 -0.9665 0.0379
vn 0.5822 -0.5053 -0.6370
vn -0.0009 -1.0000 -0.0006
vn 0.9137 -0.0000 0.4065
vn 0.9498 0.0008 0.3130
vn 0.9509 0.0007 0.3094
vn 0.9511 -0.0000 0.3090
vn 0.8090 -0.0000 0.5878
vn 0.8892 -0.0000 0.4575
vn 0.5878 -0.0000 0.8090
vn 0.4505 -0.0000 0.8928
vn 0.4504 -0.0000 -0.8928
vn 0.3090 -0.0000 -0.9511
vn 0.2879 -0.0000 -0.9577
vn -0.4504 -0.0000 -0.8928
vn -0.3325 -0.0000 -0.9431
vn -0.3090 -0.0000 -0.9511
vn -0.5878 -0.0000 -0.8090
vn -0.3090 -0.0000 0.9511
vn -0.2879 -0.0000 0.9577
vn -0.9003 0.1448 -0.4104
vn -0.4505 -0.0000 0.8928
vn 0.9882 0.0012 0.1531
vn 0.9883 -0.0000 0.1525
vn -0.0000 -0.0000 -1.0000
vn -0.0259 -0.0000 -0.9997
vn -0.0000 1.0000 -0.0000
vn 0.5867 -0.4947 -0.6411
vn -1.0000 -0.0000 -0.0000
vn -0.9964 -0.0000 -0.0847
vn -0.9883 -0.0000 -0.1525
vn 0.9880 0.0032 0.1541
vn 0.9874 0.0022 0.1582
vn -0.9883 -0.0000 0.1525
vt 0.355766 0.591594
vt 0.355766 0.516305
vt 0.380474 0.469225
vt 0.381566 0.467200
vt 0.393502 0.467197
vt 0.393502 0.591594
vt 1.000000 0.541781
vt 1.000000 0.604878
vt 0.861299 0.597398
vt 0.745327 0.606888
vt 0.662026 0.523557
vt 0.956024 0.485978
vt 0.956024 0.604825
vt 0.909608 0.604825
vt 0.909608 0.498367
vt 1.000000 0.162534
vt 1.000000 0.239138
vt 0.707876 0.000000
vt 0.801454 0.000000
vt 0.537010 0.076770
vt 0.880559 0.117110
vt 1.000000 0.154530
vt 1.000000 0.223248
vt 0.899205 0.191671
vt 0.589157 0.155264
vt 0.327500 0.191700
vt 0.239138 0.239138
vt 0.162534 0.162534
vt 0.247077 0.117143
vt 0.159456 0.000000
vt 0.230365 0.000000
vt 0.223248 0.223248
vt 0.154530 0.154530
vt 0.392776 0.000000
vt 0.476120 0.000000
vt 0.399136 0.399136
vt 0.329268 0.329268
vt 0.455495 0.150144
vt 0.872608 0.453673
vt 1.000000 0.523880
vt 1.000000 0.607224
vt 0.888827 0.545955
vt 0.426647 0.209631
vt 0.198546 0.000000
vt 0.292124 0.000000
vt 0.819935 0.236669
vt 0.819935 0.247839
vt 0.819935 0.265655
vt 0.819935 0.301289
vt 0.778121 0.301289
vt 0.778121 0.176876
vt 0.788537 0.176878
vt 0.789438 0.178549
vt 0.998008 0.480420
vt 0.998008 0.604825
vt 0.956024 0.485978
vt 0.972832 0.481259
vt 0.975866 0.480433
vt 0.064517 0.400143
vt 0.061442 0.399396
vt 0.073582 0.306526
vt 0.076213 0.306526
vt 0.076213 0.402949
vt 0.177558 0.429690
vt 0.159992 0.424758
vt 0.159992 0.306526
vt 0.197882 0.306526
vt 0.197881 0.430915
vt 0.182023 0.430906
vt 0.423630 0.467205
vt 0.423630 0.591594
vt 0.393502 0.467197
vt 0.909608 0.498367
vt 0.863192 0.604825
vt 0.863192 0.510144
vt 0.840544 0.000000
vt 0.856419 0.093702
vt 0.856362 0.144945
vt 0.769635 0.000000
vt 0.859078 0.604825
vt 0.847204 0.513986
vt 0.849332 0.513469
vt 0.837111 0.262079
vt 0.840856 0.267619
vt 0.863560 0.301289
vt 0.076213 0.402949
vt 0.118102 0.306526
vt 0.118102 0.413578
vt 0.287756 0.152139
vt 0.281283 0.110197
vt 0.261866 0.072461
vt 0.231977 0.042333
vt 0.194088 0.023216
vt 0.152198 0.001744
vt 0.110308 0.023216
vt 0.107677 0.015119
vt 0.101668 0.027575
vt 0.105782 0.009285
vt 0.152198 0.016411
vt 0.198614 0.025500
vt 0.240597 0.051022
vt 0.273716 0.095491
vt 0.295232 0.105665
vt 0.301964 0.152139
vt 0.285929 0.173334
vt 0.329268 0.000000
vt 0.399136 0.000000
vt 0.398990 0.352025
vt 0.604878 0.604878
vt 0.541781 0.541781
vt 0.595284 0.514939
vt 0.674129 0.475384
vt 0.731809 0.445709
vt 0.840675 0.391830
vt 0.159992 0.424759
vt 0.313823 0.591594
vt 0.313823 0.578383
vt 0.323141 0.564565
vt 0.831594 0.253930
vt 0.827394 0.247839
vt 0.744738 0.301289
vt 0.744738 0.176884
vt 0.301982 0.591594
vt 0.819935 0.236669
s 1
usemtl lambert2SG
f 156/92/34 92/93/35 91/94/36 107/95/36 110/96/37 157/97/37
s 0
f 124/98/38 118/99/38 119/100/38 120/101/38 122/102/38
s 1
f 137/103/39 153/104/40 154/105/41 136/106/42
s 0
f 133/107/43 134/108/43 135/109/43 132/110/43
f 100/111/44 138/112/44 139/113/44 140/114/44 141/115/44 142/116/44 143/117/44 134/118/44 133/119/44 105/120/44
f 115/121/45 112/122/45 140/123/45 139/124/45
f 144/125/46 145/126/46 131/127/46 93/128/46
f 146/129/47 147/130/47 145/131/47 144/132/47 148/133/47 149/134/47 132/135/47 135/136/47
s 1
f 88/137/48 77/138/49 76/139/50 150/140/51 151/141/52 111/142/52 106/143/53 130/144/53
f 108/145/54 72/146/54 153/104/40 137/147/39 96/148/55 95/149/55
f 99/150/56 79/151/56 113/152/56 161/153/57 101/154/58
f 94/155/59 103/156/60 159/157/61 158/158/62 109/159/62 97/160/59
f 109/161/62 158/162/62 157/97/37 110/163/37
f 136/164/42 154/105/41 155/165/63 102/166/64
s 0
f 115/167/65 116/168/65 114/169/65 112/170/65
s 1
f 155/165/63 117/171/66 78/172/66 98/173/66 102/166/64
f 150/140/51 76/139/50 126/174/67 86/175/68 123/176/68
f 101/177/58 161/153/57 65/178/69 104/179/70
f 66/180/71 63/181/71 67/182/71 64/183/71 68/184/71 160/185/71 69/186/71 81/187/71 80/188/71 75/189/71 74/190/71 73/191/71 152/192/71 71/193/71 70/194/71 85/195/71 121/196/71
s 0
f 93/197/72 131/198/72 125/199/72 118/200/72 124/201/72 87/202/72 127/203/72 128/204/72 129/205/72
s 1
f 104/179/70 65/178/69 159/157/61 103/206/60
f 156/92/34 162/207/73 83/208/74 82/209/75 92/93/35
f 90/210/76 126/174/67 76/139/50 77/138/49 89/211/77
f 111/142/52 151/141/52 72/212/54 108/213/54
f 84/214/78 83/208/74 162/207/73
f 89/211/77 77/138/49 88/215/48
o RedMug_cell.002
v -0.127059 -0.504055 0.030671
v -0.431869 0.104976 -0.388452
v -0.589206 -0.436522 -0.143324
v -0.593938 -0.344218 -0.144862
v -0.510790 -0.467290 -0.263511
v -0.522854 -0.436522 -0.272276
v -0.575006 -0.467290 -0.138710
v -0.611322 -0.436522 0.000001
v -0.526876 -0.344218 -0.275198
v -0.605350 -0.517290 -0.148567
v -0.536568 -0.517290 -0.282241
v -0.636726 -0.449444 -0.158764
v -0.563233 -0.449413 -0.301613
v -0.628275 -0.517290 0.000000
v -0.642114 -0.345581 -0.160515
v -0.567804 -0.345579 -0.304935
v -0.125995 -0.517290 0.032183
v -0.218512 -0.517290 -0.095317
v -0.250654 -0.517290 0.026472
v -0.664928 -0.345579 -0.012676
v -0.659635 -0.452706 0.000001
v -0.626884 -0.517290 0.009015
v -0.614672 -0.344218 -0.010502
v -0.595692 -0.467290 0.004660
v -0.454321 0.114054 -0.419323
v -0.145460 -0.467290 0.005370
v -0.412550 -0.467290 -0.362534
v -0.421338 -0.436522 -0.374602
v -0.454069 -0.345581 -0.419577
v -0.450688 -0.449444 -0.415045
v -0.431270 -0.517290 -0.388380
v -0.424309 -0.344218 -0.378582
v -0.424529 0.090310 -0.378360
v -0.134231 -0.467290 0.020911
v -0.140804 -0.467290 0.025763
v -0.659247 -0.026098 -0.049494
v -0.608965 -0.023349 -0.047486
v -0.642115 0.013093 -0.160515
v -0.508406 0.067883 -0.293815
v -0.526876 0.060245 -0.275198
v -0.538902 0.079584 -0.334067
v -0.593938 0.011026 -0.144862
v -0.567804 0.067632 -0.304935
v -0.457950 0.088569 -0.344673
v -0.480579 0.103495 -0.392855
v -0.426185 0.101341 -0.376690
v -0.125995 -0.517290 0.032183
v -0.218512 -0.517290 -0.095317
v -0.250654 -0.517290 0.026472
v -0.664928 -0.345579 -0.012676
v -0.659247 -0.026098 -0.049494
v -0.659635 -0.452706 0.000001
v -0.626884 -0.517290 0.009015
v -0.140804 -0.467290 0.025763
v -0.595692 -0.467290 0.004660
v -0.134231 -0.467290 0.020911
v -0.611322 -0.436522 0.000001
v -0.431270 -0.517290 -0.388380
v -0.450688 -0.449444 -0.415045
v -0.454069 -0.345581 -0.419577
v -0.454321 0.114054 -0.419323
v -0.424309 -0.344218 -0.378582
v -0.424529 0.090310 -0.378360
v -0.421338 -0.436522 -0.374602
v -0.412550 -0.467290 -0.362534
v -0.145460 -0.467290 0.005370
v -0.426185 0.101341 -0.376690
v -0.614672 -0.344218 -0.010502
v -0.608965 -0.023349 -0.047486
v -0.526876 0.060245 -0.275198
v -0.593938 0.011026 -0.144862
v -0.508406 0.067883 -0.293815
v -0.538902 0.079584 -0.334067
v -0.567804 0.067632 -0.304935
v -0.642115 0.013093 -0.160515
v -0.457950 0.088569 -0.344673
v -0.480579 0.103495 -0.392855
vn 0.8094 -0.0020 -0.5873
vn -0.0455 0.1098 0.9929
vn 0.5641 0.3129 0.7641
vn 0.8092 0.0007 -0.5876
vn 0.8106 0.0026 -0.5857
vn -0.0645 0.9441 0.3233
vn -0.0627 0.9446 0.3221
vn 0.9055 0.1931 -0.3779
vn -0.9221 -0.2463 -0.2984
vn -0.7842 -0.2460 -0.5697
vn -0.4577 -0.8246 -0.3326
vn -0.5395 -0.8235 -0.1753
vn -0.4063 -0.8200 -0.4031
vn -0.6886 -0.2431 -0.6832
vn -0.5658 -0.8245 -0.0000
vn -0.4596 -0.8853 0.0709
vn -0.9551 -0.2644 -0.1339
vn -0.9881 -0.0322 -0.1501
vn -0.9510 -0.0288 -0.3078
vn -0.0000 -1.0000 -0.0000
vn -0.7909 -0.0000 -0.6120
vn -0.7099 -0.0000 -0.7043
vn -0.7096 -0.0268 -0.7040
vn -0.8087 -0.0271 -0.5876
vn -0.0455 0.1153 0.9923
vn -0.9399 -0.0000 -0.3414
vn 0.4065 0.8198 0.4033
vn 0.4580 0.8243 0.3328
vn 0.5372 0.8254 0.1734
vn 0.5244 0.8479 0.0783
vn -0.0000 1.0000 -0.0000
vn 0.9211 0.2498 0.2985
vn 0.7843 0.2454 0.5698
vn 0.6887 0.2425 0.6833
vn 0.9527 0.2673 0.1446
vn 0.9883 -0.0000 0.1525
vn 0.9879 0.0285 0.1524
vn 0.9507 0.0269 0.3089
vn 0.9399 -0.0000 0.3414
vn 0.8087 0.0268 0.5876
vn 0.7909 -0.0000 0.6120
vn 0.7097 0.0265 0.7040
vn -0.0577 0.9457 0.3200
vn -0.9883 -0.0000 -0.1525
vn 0.7099 -0.0000 0.7043
vt 0.790103 0.000000
vt 1.000000 0.000000
vt 1.000000 0.209334
vt 0.000000 0.000000
vt 0.209558 0.000000
vt 0.209334 0.209334
vt 0.927888 0.927888
vt 1.000000 0.926010
vt 1.000000 1.000000
vt 0.939633 0.000000
vt 1.000000 0.209897
vt 0.952860 0.665223
vt 0.844681 0.634111
vt 0.684911 0.530100
vt 0.829475 0.000000
vt 0.024080 0.000000
vt 0.689418 0.464949
vt 0.831400 0.557459
vt 0.880455 0.571607
vt 1.000000 0.828178
vt 0.939633 0.939633
vt 0.529196 0.083100
vt 0.483475 0.000000
vt 0.558860 0.000000
vt 0.630404 0.130034
vt 0.814460 0.598731
vt 0.857011 0.857011
vt 0.732620 0.732620
vt 0.695298 0.506083
vt 0.578867 0.000000
vt 0.669127 0.000000
vt 0.558860 0.558860
vt 0.483475 0.483475
vt 0.963355 0.963355
vt 1.000000 0.972125
vt 0.385826 0.021388
vt 0.344466 0.021397
vt 0.350075 0.001745
vt 0.388778 0.001745
vt 0.319345 0.001745
vt 0.311624 0.021388
vt 0.431793 0.001745
vt 0.434403 0.001745
vt 0.431794 0.020443
vt 0.428123 0.051460
vt 0.385319 0.051460
vt 0.431663 0.021397
vt 0.008630 0.691772
vt 0.028544 0.653069
vt 0.059032 0.663521
vt 0.120631 0.720733
vt 0.147418 0.748932
vt 0.111325 0.748782
vt 0.002395 0.737397
vt 0.001992 0.734787
vt 0.343505 0.171098
vt 0.335070 0.174559
vt 0.318049 0.181482
vt 0.310385 0.184539
vt 0.310313 0.051460
vt 0.343505 0.051461
vt 0.857011 0.000000
vt 0.911833 0.510193
vt 0.902927 0.701471
vt 0.847440 0.772553
vt 0.209558 0.209558
vt 0.926010 0.926010
vt 0.794524 0.632904
vt 0.821282 0.593626
vt 0.826626 0.432459
vt 0.732620 0.000000
vt 0.385319 0.155308
vt 0.343505 0.171098
vt 0.310313 0.051460
vt 0.311624 0.021388
vt 0.339968 0.793257
vt 0.311524 0.762930
vt 0.292931 0.765711
vt 0.286942 0.724201
vt 0.418646 0.711378
vt 0.420549 0.711390
vt 0.417298 0.711369
vt 0.746763 0.314189
vt 0.745427 0.305280
vt 0.781561 0.305280
vt 0.784099 0.314189
vt 0.810232 0.305280
vt 0.813726 0.314189
vt 0.431663 0.021397
vt 0.705266 0.314189
vt 0.705266 0.305280
vt 0.719015 0.433815
vt 0.708307 0.340914
vt 0.747208 0.340914
vt 0.747208 0.443768
vt 0.784945 0.340914
vt 0.784945 0.458019
vt 0.747208 0.443768
vt 0.814878 0.340914
vt 0.578867 0.578867
vt 1.000000 0.963355
vt 1.000000 0.170525
vt 0.669127 0.669127
vt 0.428123 0.051460
vt 0.417463 0.143960
vt 0.814812 0.467781
vt 0.814331 0.469917
vt 0.805061 0.466220
vt 0.790335 0.460230
s 0
usemtl lambert2SG
f 210/216/79 163/217/79 209/218/79
f 163/219/80 211/220/80 209/221/80
f 218/222/81 216/223/81 163/224/81
f 228/225/82 163/217/82 210/226/82 220/227/82 221/228/82 222/229/82 223/230/82 164/219/82 225/231/82 224/232/82 226/233/82 227/234/82
f 218/235/83 163/224/83 228/236/83
f 232/237/84 234/238/84 235/239/84 236/240/84 237/241/84 213/242/84 231/243/84 233/244/84
f 238/245/85 239/246/85 235/247/85 234/248/85
f 229/249/86 225/250/86 164/224/86
s 1
f 174/251/87 175/252/88 173/253/89 172/254/90
f 193/255/91 173/253/89 175/252/88 192/256/92
f 176/257/93 215/258/94 214/259/95
f 182/260/96 177/261/97 174/251/87 214/262/95
f 172/263/90 173/264/89 193/265/91 180/266/98 179/267/98 181/268/98 215/269/94 176/270/93
f 205/271/99 203/272/100 207/273/100 187/274/100 191/275/101 178/276/102
s 0
f 213/277/103 212/278/103 183/279/103 184/280/103 211/281/103 163/224/103 216/282/103 186/283/103 219/284/103 230/285/103 231/286/103
s 1
f 174/251/87 177/261/97 178/276/102 175/252/88
f 177/261/97 200/287/104 205/288/99 178/276/102
f 175/252/88 178/276/102 191/289/101 192/290/92
f 189/291/105 167/292/106 169/293/107 217/294/108 197/295/109 196/296/109 188/297/109
f 165/298/110 169/299/107 167/300/106 168/301/111
f 168/301/111 167/300/106 189/302/105 190/303/112
f 172/254/90 176/257/93 214/304/95 174/251/87
f 170/305/113 217/306/108 169/299/107 165/298/110
f 199/307/114 185/308/115 166/309/116 204/310/117
f 166/309/116 171/311/118 202/312/119 204/313/117
f 165/298/110 168/301/111 171/311/118 166/309/116
f 194/314/120 171/311/118 168/301/111 190/303/112
s 0
f 238/315/121 229/316/121 164/217/121 223/317/121 239/318/121
s 1
f 200/287/104 177/261/97 182/319/96 198/320/122
f 170/305/113 165/298/110 166/309/116 185/308/115
f 202/312/119 171/311/118 194/314/120 195/321/123 208/322/123 206/323/123 201/324/123
o RedMug_cell.003
v -0.124277 -0.507291 0.032339
v -0.148098 -0.436522 0.463809
v -0.009560 -0.467290 0.426372
v -0.148096 -0.344218 0.468785
v -0.004953 -0.436522 0.440554
v -0.148096 -0.467290 0.448878
v -0.003417 -0.344218 0.445280
v 0.010471 -0.449413 0.488023
v 0.000286 -0.517290 0.456677
v -0.148098 -0.449443 0.513775
v -0.148096 -0.517290 0.480783
v -0.148096 -0.345581 0.519439
v 0.012216 -0.345579 0.493396
v -0.465153 0.090857 0.408406
v -0.453416 0.106506 0.420236
v -0.423642 0.110197 0.379256
v -0.446881 0.079213 0.355832
v -0.416482 -0.048082 0.438871
v -0.453416 0.054515 0.420236
v -0.384565 -0.101292 0.398971
v -0.423642 0.007256 0.379256
v -0.135041 -0.517290 0.087030
v -0.123378 -0.517290 0.041733
v -0.141798 -0.467290 0.034284
v -0.165032 -0.467290 0.124523
v -0.267116 -0.449420 0.494446
v -0.308379 -0.347478 0.493298
v -0.232436 -0.517290 0.467081
v -0.259869 -0.436522 0.445651
v -0.292586 -0.355665 0.444694
v -0.296873 -0.344218 0.443213
v -0.244155 -0.467290 0.433273
v -0.339854 0.196531 0.477533
v -0.309237 0.186901 0.436976
v -0.148098 0.148138 0.519441
v -0.292778 0.182937 0.445280
v -0.308411 0.188958 0.493397
v -0.148098 0.146098 0.468785
v -0.003417 0.107364 0.445280
v 0.012217 0.105219 0.493397
v 0.080409 0.086024 0.458991
v 0.072313 0.086047 0.407073
v -0.364444 0.202383 0.465126
v -0.344630 0.195324 0.419119
v -0.132107 -0.467290 0.021674
v -0.139236 -0.467290 0.027012
v -0.121055 -0.517290 0.035138
v 0.079418 -0.449427 0.453232
v 0.079593 -0.432320 0.454175
v 0.073999 -0.517290 0.419486
v 0.071994 -0.374995 0.405400
v 0.064783 -0.517290 0.360994
v 0.060315 -0.467290 0.332161
v 0.068920 -0.467290 0.386777
v 0.071373 -0.436522 0.402046
v 0.080358 -0.345580 0.459016
v 0.072263 -0.344218 0.407098
v 0.059283 -0.467290 0.325921
v -0.113434 -0.467290 0.015598
v -0.103464 -0.517290 0.028968
v -0.100909 -0.467290 0.011576
v 0.015662 -0.517290 0.262399
v -0.037483 -0.467290 0.135860
v -0.423642 0.110197 0.379256
v -0.446881 0.079213 0.355832
v -0.465153 0.090857 0.408406
v -0.453416 0.106506 0.420236
v -0.416482 -0.048082 0.438871
v -0.308379 -0.347478 0.493298
v -0.453416 0.054515 0.420236
v -0.423642 0.007256 0.379256
v -0.384565 -0.101292 0.398971
v -0.135041 -0.517290 0.087030
v -0.123378 -0.517290 0.041733
v -0.165032 -0.467290 0.124523
v -0.141798 -0.467290 0.034284
v -0.244155 -0.467290 0.433273
v -0.232436 -0.517290 0.467081
v -0.267116 -0.449420 0.494446
v -0.296873 -0.344218 0.443213
v -0.292586 -0.355665 0.444694
v -0.259869 -0.436522 0.445651
v 0.012217 0.105219 0.493397
v 0.080409 0.086024 0.458991
v -0.003417 0.107364 0.445280
v 0.072313 0.086047 0.407073
v -0.148098 0.146098 0.468785
v -0.292778 0.182937 0.445280
v -0.309237 0.186901 0.436976
v -0.339854 0.196531 0.477533
v -0.308411 0.188958 0.493397
v -0.148098 0.148138 0.519441
v -0.344630 0.195324 0.419119
v -0.364444 0.202383 0.465126
v -0.132107 -0.467290 0.021674
v -0.139236 -0.467290 0.027012
v -0.121055 -0.517290 0.035138
v 0.060315 -0.467290 0.332161
v 0.068920 -0.467290 0.386777
v 0.071373 -0.436522 0.402046
v 0.071994 -0.374995 0.405400
v 0.079418 -0.449427 0.453232
v 0.079593 -0.432320 0.454175
v 0.073999 -0.517290 0.419486
v 0.064783 -0.517290 0.360994
v -0.103464 -0.517290 0.028968
v 0.015662 -0.517290 0.262399
v 0.080358 -0.345580 0.459016
v 0.072263 -0.344218 0.407098
v 0.059283 -0.467290 0.325921
v -0.113434 -0.467290 0.015598
v -0.100909 -0.467290 0.011576
v -0.037483 -0.467290 0.135860
vn -0.9010 -0.3665 -0.2320
vn -0.9010 -0.3673 -0.2309
vn 0.2525 0.9668 -0.0389
vn 0.2506 0.9672 -0.0405
vn -0.5690 -0.3140 -0.7600
vn -0.8766 -0.3690 -0.3089
vn 0.9878 -0.0015 -0.1556
vn 0.9881 -0.0001 -0.1541
vn 0.9866 -0.0060 -0.1632
vn -0.2952 -0.2997 -0.9072
vn -0.2936 -0.3058 -0.9057
vn 0.8728 -0.1995 -0.4454
vn 0.8742 -0.2014 -0.4418
vn 0.4353 -0.2570 0.8628
vn 0.2995 -0.2460 0.9218
vn 0.1748 -0.8245 0.5381
vn 0.2068 -0.8884 0.4098
vn -0.0000 -0.2461 0.9693
vn -0.0000 -0.8235 0.5673
vn -0.1571 -0.2011 0.9669
vn -0.0967 -0.7978 0.5951
vn -0.0000 -1.0000 -0.0000
vn -0.0000 1.0000 -0.0000
vn 0.0967 0.7975 -0.5955
vn -0.0000 0.8233 -0.5676
vn -0.1749 0.8243 -0.5384
vn -0.2069 0.8883 -0.4101
vn -0.5227 -0.0001 0.8525
vn -0.7099 -0.0000 0.7043
vn -0.4882 -0.0001 0.8727
vn 0.3089 -0.0271 0.9507
vn 0.2854 -0.0000 0.9584
vn -0.0264 -0.0001 0.9997
vn -0.0001 -0.0271 0.9996
vn 0.4503 -0.0270 0.8925
vn 0.4505 -0.0000 0.8928
vn -0.5911 0.7194 -0.3648
vn -0.1969 -0.0207 0.9802
vn -0.3306 -0.0001 0.9438
vn 0.4498 -0.0537 0.8915
vn -0.4502 -0.0001 0.8929
vn -0.2996 0.2453 -0.9220
vn -0.4354 0.2563 -0.8630
vn 0.0002 0.2433 -0.9699
vn 0.1577 0.1954 -0.9680
vn 0.3317 0.0006 -0.9434
vn 0.2001 0.0178 -0.9796
vn 0.4504 -0.0000 -0.8928
vn 0.4884 -0.0000 -0.8726
vn 0.5228 -0.0000 -0.8524
vn 0.7099 -0.0000 -0.7043
vn -0.4503 0.0267 -0.8925
vn -0.3089 0.0268 -0.9507
vn -0.2854 -0.0000 -0.9584
vn -0.4504 -0.0000 -0.8928
vn 0.0014 0.0251 -0.9997
vn 0.0290 0.0008 -0.9996
vn 0.1608 0.0449 -0.9860
vn -0.4498 0.0531 -0.8915
vt 1.000000 0.748380
vt 0.810305 0.743012
vt 0.732731 0.732731
vt 0.645708 0.645708
vt 0.799305 0.666064
vt 1.000000 0.671742
vt 0.820884 0.000000
vt 0.910090 0.000000
vt 1.000000 0.072583
vt 1.000000 0.144598
vt 0.737674 0.144239
vt 0.144598 0.144598
vt 0.072583 0.072583
vt 0.802622 0.072142
vt 0.855179 0.169921
vt 0.852492 0.319575
vt 0.748380 0.748380
vt 0.671742 0.671742
vt 0.756754 0.321594
vt 0.759600 0.305095
vt 0.761447 0.188566
vt 0.198000 0.000000
vt 0.291356 0.000000
vt 0.383913 0.161042
vt 0.634495 0.453498
vt 0.955133 0.731500
vt 1.000000 0.761396
vt 1.000000 0.834224
vt 0.914286 0.777112
vt 0.559002 0.469071
vt 0.281342 0.145013
vt 1.000000 0.767702
vt 1.000000 0.838605
vt 0.834224 0.834224
vt 0.761396 0.761396
vt 0.815036 0.000000
vt 1.000000 0.000000
vt 1.000000 0.079985
vt 1.000000 0.179116
vt 0.079985 0.079985
vt 0.000000 0.000000
vt 0.165566 0.000000
vt 1.000000 0.089910
vt 0.458193 0.304613
vt 0.689345 0.488733
vt 1.000000 0.705324
vt 1.000000 0.792990
vt 0.913567 0.732711
vt 0.403355 0.326233
vt 0.077152 0.000000
vt 0.153608 0.000000
vt 0.708644 0.000000
vt 0.802000 0.000000
vt 0.801754 0.660288
vt 0.792990 0.792990
vt 0.705324 0.705324
vt 0.708400 0.658240
vt 0.160560 0.000000
vt 0.153608 0.153608
vt 0.080643 0.000000
vt 1.000000 0.184964
vt 0.587348 0.000000
vt 1.000000 1.000000
vt 0.587348 0.587348
vt 0.378646 0.000000
vt 0.711170 0.000000
vt 1.000000 0.812851
vt 1.000000 0.361746
vt 1.000000 0.679428
vt 0.288830 0.000000
vt 0.621354 0.000000
vt 1.000000 0.839440
vt 1.000000 0.919357
vt 0.679428 0.679428
vt 0.361746 0.361746
vt 0.975482 0.324929
vt 0.955519 0.324933
vt 0.952570 0.305280
vt 0.973912 0.305280
vt 0.909608 0.324924
vt 0.909608 0.305280
vt 0.875148 0.324931
vt 0.885189 0.305280
vt 0.144799 0.763109
vt 0.148176 0.748927
vt 0.148923 0.748922
vt 0.153941 0.748890
vt 0.188433 0.864764
vt 0.202655 0.857588
vt 0.205323 0.856242
vt 0.183981 0.867010
vt 0.141019 0.792103
vt 0.116600 0.790588
vt 0.476578 0.612158
vt 0.448562 0.670222
vt 0.430197 0.711452
vt 0.426571 0.711428
vt 0.421164 0.711394
vt 0.419100 0.711380
vt 0.418358 0.711376
vt 0.411632 0.697243
vt 0.388724 0.669960
vt 0.416535 0.668234
vt 0.456646 0.602101
vt 0.479369 0.613565
vt 0.476877 0.612308
vt 0.553466 0.182354
vt 0.550041 0.177823
vt 0.553466 0.167301
vt 0.956024 0.354996
vt 0.956024 0.485517
vt 0.909608 0.497944
vt 0.909608 0.354995
vt 0.975753 0.354996
vt 0.975768 0.479960
vt 0.858137 0.610456
vt 0.838605 0.838605
vt 0.767702 0.767702
vt 0.719112 0.403604
vt 1.000000 0.645708
vt 1.000000 0.732731
vt 0.863201 0.354446
vt 0.863192 0.509762
vt 0.863192 0.354996
vt 0.975533 0.329883
vt 0.863192 0.509762
vt 0.854088 0.511955
vt 0.846968 0.513649
vt 0.821208 0.485890
vt 0.821208 0.470837
vt 0.831902 0.441131
vt 0.158213 0.591594
vt 0.159547 0.582685
vt 0.181646 0.582685
vt 0.180936 0.591594
vt 0.118102 0.591594
vt 0.118102 0.582685
vt 0.085740 0.582685
vt 0.090290 0.591594
vt 0.076213 0.403332
vt 0.075027 0.555960
vt 0.049637 0.485625
vt 0.038323 0.454197
vt 0.038323 0.424392
vt 0.061200 0.399745
vt 0.071447 0.402184
vt 0.595459 0.472482
vt 0.595459 0.442677
vt 0.602241 0.463511
vt 0.181904 0.555960
vt 0.159992 0.555960
vt 0.159992 0.425213
vt 0.181918 0.431385
vt 0.118102 0.555960
vt 0.076213 0.555960
vt 0.076213 0.403332
vt 0.118102 0.413998
vt 0.085740 0.582685
vt 0.076268 0.559274
vt 0.181646 0.582685
vt 0.181826 0.564871
s 0
usemtl lambert2SG
f 307/325/124 309/326/124 305/327/124 304/328/124 310/329/124 311/330/124
f 315/331/124 313/332/124 312/333/124 314/334/124
f 316/335/125 314/336/125 312/337/125 317/338/125 318/339/125 308/340/125 307/341/125 311/342/125 270/343/125 320/344/125 321/345/125
f 323/346/126 325/347/126 324/348/126 326/349/126 275/350/126 328/351/126 329/352/126 276/353/126 331/354/126 322/355/126
f 332/356/127 333/357/127 329/358/127 328/359/127
f 334/360/128 240/361/128 335/362/128
f 315/363/129 335/364/129 240/365/129 336/366/129 313/367/129
f 338/368/130 339/369/130 340/370/130 342/371/130 341/372/130 343/373/130 344/374/130 337/375/130
f 325/376/131 323/377/131 347/378/131 342/379/131 340/380/131 348/381/131
f 349/382/132 337/383/132 344/384/132
f 240/361/133 334/385/133 350/386/133
f 240/387/134 350/388/134 351/389/134 345/390/134 336/391/134
f 352/392/135 346/393/135 345/394/135 351/395/135
f 349/396/136 344/397/136 346/398/136 352/399/136
s 1
f 287/400/137 247/401/138 248/402/139 289/403/140
f 247/401/138 249/404/141 250/405/142 248/402/139
f 249/404/141 265/406/143 267/407/144 250/405/142
f 261/408/145 262/409/145 286/410/145 299/411/145 301/412/145 291/413/145 289/414/140 248/415/139 250/416/142 267/417/144
f 297/418/146 302/419/146 300/420/146 298/421/146 284/422/146 285/423/146 263/424/146 264/425/146 271/426/147 245/427/148 242/428/149 293/429/150 292/430/146
f 306/431/151 253/432/152 258/433/153
f 252/434/154 279/435/155 274/436/156 251/437/157
f 279/435/155 252/434/154 295/438/158 280/439/159
s 0
f 254/440/160 333/441/160 332/442/160 303/443/160 304/444/160 305/445/160
s 1
f 265/406/143 249/404/141 251/437/157 266/446/161
f 251/437/157 274/436/156 330/447/162 266/448/161
f 252/434/154 247/401/138 287/400/137 288/449/163 295/438/158
f 266/448/161 330/450/162 272/451/164 282/452/164 306/453/151 258/454/153 257/455/164
f 247/401/138 252/434/154 251/437/157 249/404/141
f 242/456/149 244/457/165 294/458/166 293/459/150
f 244/457/165 242/456/149 245/460/148 241/461/167
f 268/462/168 241/461/167 245/460/148 271/463/147
f 327/464/169 319/465/170 259/466/171 260/467/172 255/468/173 283/469/171 273/470/171
f 255/471/173 260/472/172 256/473/174
f 296/474/175 246/475/176 278/476/177 281/477/178
f 243/478/179 319/479/170 327/480/169 277/481/180
f 319/479/170 243/478/179 241/461/167 268/482/168 269/483/181
f 294/484/166 244/457/165 246/475/176 296/474/175 290/485/182
f 244/457/165 241/461/167 243/478/179 246/475/176
f 246/475/176 243/478/179 277/481/180 278/476/177
o RedMug_cell.004
v -0.433792 0.107363 -0.394284
v -0.123554 -0.512194 0.031972
v -0.148096 -0.436522 -0.463807
v -0.286634 -0.467290 -0.426371
v -0.291242 -0.436522 -0.440553
v -0.148096 -0.467290 -0.448878
v -0.292778 -0.344218 -0.445279
v -0.296480 -0.517290 -0.456675
v -0.148098 -0.517290 -0.480782
v -0.306666 -0.449413 -0.488021
v -0.148096 -0.449443 -0.513774
v -0.308411 -0.345579 -0.493394
v -0.102904 -0.517290 0.026215
v -0.100590 -0.467290 0.009432
v -0.068164 -0.467290 -0.014588
v -0.040998 -0.517290 -0.019644
v -0.112088 -0.467290 0.013543
v -0.123108 -0.517290 0.032539
v -0.163955 -0.517290 -0.023721
v -0.132303 -0.467290 0.019960
v -0.119840 -0.467290 -0.444287
v -0.376522 0.003137 -0.403027
v -0.190412 -0.344218 -0.461909
v -0.292778 -0.156573 -0.445279
v -0.405700 0.046664 -0.444309
v -0.148096 -0.431732 -0.514740
v -0.137931 -0.449441 -0.512123
v -0.195649 -0.345580 -0.511714
v -0.095392 -0.517290 -0.472219
v -0.148096 -0.420893 -0.464650
v -0.308411 -0.138878 -0.493396
v -0.139127 -0.436522 -0.462350
v -0.444329 0.119809 -0.424820
v -0.423066 0.091266 -0.379544
v -0.146040 -0.467290 0.001078
v -0.423065 0.085941 -0.379545
v -0.410748 -0.467290 -0.363751
v -0.419550 -0.436522 -0.375817
v -0.452321 -0.345581 -0.420788
v -0.448876 -0.449444 -0.416262
v -0.452720 0.006261 -0.420586
v -0.429426 -0.517290 -0.389600
v -0.422577 -0.344218 -0.379791
v -0.452772 0.115171 -0.420560
v -0.102904 -0.517290 0.026215
v -0.040998 -0.517290 -0.019644
v -0.100590 -0.467290 0.009432
v -0.068164 -0.467290 -0.014588
v -0.112088 -0.467290 0.013543
v -0.163955 -0.517290 -0.023721
v -0.123108 -0.517290 0.032539
v -0.119840 -0.467290 -0.444287
v -0.132303 -0.467290 0.019960
v -0.137931 -0.449441 -0.512123
v -0.095392 -0.517290 -0.472219
v -0.148096 -0.431732 -0.514740
v -0.195649 -0.345580 -0.511714
v -0.308411 -0.138878 -0.493396
v -0.405700 0.046664 -0.444309
v -0.376522 0.003137 -0.403027
v -0.292778 -0.156573 -0.445279
v -0.190412 -0.344218 -0.461909
v -0.148096 -0.420893 -0.464650
v -0.139127 -0.436522 -0.462350
v -0.444329 0.119809 -0.424820
v -0.423066 0.091266 -0.379544
v -0.146040 -0.467290 0.001078
v -0.423065 0.085941 -0.379545
v -0.429426 -0.517290 -0.389600
v -0.410748 -0.467290 -0.363751
v -0.419550 -0.436522 -0.375817
v -0.422577 -0.344218 -0.379791
v -0.452321 -0.345581 -0.420788
v -0.452720 0.006261 -0.420586
v -0.448876 -0.449444 -0.416262
v -0.452772 0.115171 -0.420560
vn 0.5785 0.2354 0.7810
vn 0.3211 0.2787 0.9051
vn -0.8092 -0.0055 0.5875
vn 0.8682 0.4856 -0.1016
vn 0.2887 0.2995 0.9094
vn -0.8087 -0.0002 0.5883
vn -0.8094 -0.0013 0.5873
vn -0.8107 -0.0005 0.5854
vn -0.2524 0.8625 0.4386
vn -0.4370 -0.2429 -0.8661
vn -0.2995 -0.2460 -0.9218
vn -0.1748 -0.8246 -0.5381
vn -0.2578 -0.8200 -0.5110
vn -0.0000 -0.2461 -0.9692
vn -0.0000 -0.8235 -0.5673
vn 0.0588 -0.9302 -0.3622
vn 0.1522 -0.3143 -0.9370
vn 0.4060 -0.0000 0.9139
vn 0.3089 0.0268 0.9507
vn 0.1603 0.0351 0.9865
vn -0.0000 -1.0000 -0.0000
vn -0.4060 -0.0000 -0.9139
vn -0.1602 -0.0355 -0.9864
vn -0.3089 -0.0271 -0.9507
vn -0.1077 -0.0541 -0.9927
vn -0.4503 -0.0268 -0.8925
vn -0.4505 -0.0000 -0.8928
vn 0.2580 0.8198 0.5113
vn 0.1749 0.8243 0.5384
vn 0.2996 0.2453 0.9220
vn 0.4370 0.2423 0.8662
vn -0.0000 0.8233 0.5676
vn -0.0000 0.2454 0.9694
vn -0.1523 0.3136 0.9373
vn -0.0589 0.9301 0.3624
vn 0.8692 0.4833 -0.1046
vn 0.1077 0.0535 0.9927
vn 0.4503 0.0265 0.8925
vn -0.0000 1.0000 -0.0000
vn 0.4504 -0.0000 0.8928
vt 1.000000 0.677881
vt 0.320453 0.000000
vt 0.644061 0.000000
vt 1.000000 0.355067
vt 0.550509 0.000000
vt 1.000000 0.000000
vt 1.000000 0.092675
vt 0.677881 0.677881
vt 0.355067 0.355067
vt 0.092307 0.092307
vt 0.000000 0.000000
vt 0.092549 0.000000
vt 0.040046 0.000000
vt 0.297243 0.297243
vt 0.223610 0.223610
vt 0.825896 0.000000
vt 1.000000 0.449491
vt 0.793637 0.000000
vt 0.793637 0.793637
vt 1.000000 0.927523
vt 1.000000 1.000000
vt 1.000000 0.034577
vt 0.959954 0.000000
vt 0.949163 0.284612
vt 1.000000 0.907451
vt 0.927523 0.927523
vt 0.876832 0.306472
vt 0.828435 0.272306
vt 0.687723 0.224661
vt 0.034577 0.034577
vt 0.149866 0.000000
vt 0.684096 0.155477
vt 0.842437 0.209178
vt 0.149883 0.000000
vt 0.149866 0.149866
vt 1.000000 0.174104
vt 0.850117 0.000000
vt 0.562850 0.281645
vt 0.604026 0.281636
vt 0.606975 0.301289
vt 0.568482 0.301289
vt 0.649936 0.281645
vt 0.649936 0.301289
vt 0.665196 0.301289
vt 0.652879 0.281644
vt 0.467655 0.395243
vt 0.467655 0.340914
vt 0.497293 0.340914
vt 0.059565 0.663704
vt 0.098058 0.602565
vt 0.141019 0.595585
vt 0.156279 0.678419
vt 0.172028 0.734787
vt 0.154104 0.748889
vt 0.148254 0.748927
vt 0.136427 0.734787
vt 0.603520 0.191726
vt 0.636168 0.251574
vt 0.603520 0.251573
vt 0.652879 0.281644
vt 0.649936 0.276517
vt 0.561853 0.251574
vt 0.562850 0.281645
vt 0.603520 0.191726
vt 0.561738 0.149704
vt 0.561722 0.118171
vt 0.564167 0.116828
vt 0.575351 0.138006
vt 0.649936 0.276517
vt 0.433498 0.305280
vt 0.469434 0.305280
vt 0.468100 0.314189
vt 0.430950 0.314189
vt 0.509545 0.305280
vt 0.509545 0.314189
vt 0.512142 0.314189
vt 0.517726 0.305280
vt 0.239065 0.102430
vt 0.259107 0.097769
vt 0.378880 0.103202
vt 0.681878 0.135963
vt 1.000000 0.223610
vt 1.000000 0.297243
vt 0.726170 0.221800
vt 0.451106 0.192057
vt 0.344441 0.187137
vt 0.326740 0.191234
vt 0.311024 0.223447
vt 1.000000 0.355939
vt 1.000000 0.679547
vt 0.204512 0.173595
vt 0.509545 0.318714
vt 0.512142 0.314189
vt 0.430074 0.340914
vt 0.509545 0.318714
vt 0.417130 0.711368
vt 0.421108 0.711393
vt 0.426961 0.711431
vt 0.430290 0.711452
vt 0.439678 0.725550
vt 0.424716 0.782357
vt 0.416535 0.782865
vt 0.376425 0.782250
vt 0.340490 0.793100
vt 0.443408 0.441484
vt 0.429932 0.467000
vt 0.429932 0.465459
s 0
usemtl lambert2SG
f 397/486/183 398/487/183 400/488/183 399/489/183
f 401/490/184 354/491/184 403/492/184 397/493/184 399/494/184
f 403/495/185 354/496/185 402/497/185
f 418/498/186 412/499/186 377/500/186 417/501/186 353/496/186
f 354/491/187 401/502/187 405/503/187
f 405/504/188 419/505/188 354/506/188
f 420/507/188 418/508/188 353/491/188
f 421/509/189 402/510/189 354/506/189 419/511/189 422/512/189 423/513/189 424/514/189 420/515/189 353/496/189 426/516/189 425/517/189 427/518/189
f 428/519/190 426/520/190 353/496/190
f 417/521/191 428/522/191 353/491/191
s 1
f 392/523/192 362/524/193 360/525/194 394/526/195
f 362/524/193 363/527/196 361/528/197 360/525/194
f 407/529/198 361/528/197 363/527/196 406/530/199
f 376/531/200 359/532/201 414/533/202
f 394/534/195 360/535/194 361/536/197 407/537/198 368/538/203 365/539/203 370/540/203 371/541/203
f 410/542/204 409/543/205 364/544/206
f 406/545/199 363/527/196 408/546/207
f 391/547/208 364/544/206 362/524/193 392/548/192
f 410/549/204 364/544/206 391/547/208 393/550/209 396/551/209 385/552/209 411/553/209
f 363/527/196 362/524/193 364/544/206 409/543/205 408/554/207
f 389/555/210 356/556/211 357/557/212 390/558/213
f 357/557/212 356/556/211 358/559/214 355/560/215
f 384/561/216 355/560/215 358/559/214 373/562/217
s 0
f 379/563/218 378/564/218 380/565/218 383/566/218 377/567/218 412/568/218 413/569/218 375/570/218 415/571/218 416/572/218 404/573/218 400/574/218 398/575/218 381/576/218
s 1
f 382/577/219 355/560/215 384/578/216
f 390/558/213 357/557/212 359/532/201 395/579/220
f 414/533/202 359/532/201 357/557/212 355/560/215 382/580/219
f 387/581/221 372/582/221 369/583/221 366/584/221 367/585/221 373/586/217 358/587/214 356/588/211 389/589/210
f 395/579/220 359/532/201 376/531/200 374/590/222 386/591/222 388/592/222
o RedMug_cell.005
v 0.293012 -0.436522 0.143326
v 0.300218 -0.467290 0.000001
v 0.214596 -0.467290 0.263512
v 0.297744 -0.344218 0.144864
v 0.315128 -0.436522 0.000001
v 0.278813 -0.467290 0.138712
v 0.226660 -0.436522 0.272278
v 0.115748 -0.467290 0.363151
v 0.230682 -0.344218 0.275199
v 0.320099 -0.344218 0.000001
v 0.365040 -0.449413 0.000001
v 0.332081 -0.517290 0.000001
v 0.340532 -0.449444 0.158766
v 0.309154 -0.517290 0.148571
v 0.267039 -0.449413 0.301614
v 0.240374 -0.517290 0.282243
v 0.134500 -0.517290 0.388961
v 0.345920 -0.221145 0.160517
v 0.345919 -0.345581 0.160517
v 0.271609 -0.345579 0.304936
v 0.369255 -0.371932 0.000001
v 0.358873 -0.239075 0.076585
v 0.358871 -0.327521 0.076585
v 0.352786 -0.449428 0.079384
v 0.358871 -0.327521 -0.076583
v 0.352786 -0.449428 -0.079382
v 0.358873 -0.283298 -0.084241
v 0.345920 -0.283364 0.160517
v 0.358873 -0.283298 0.084243
v 0.372867 -0.220207 -0.001047
v 0.362164 -0.254982 -0.056091
v 0.362327 -0.253179 0.054836
v 0.362821 -0.311665 0.056126
v 0.372729 -0.346901 0.001049
v 0.363440 -0.282096 0.063615
v 0.362964 -0.313474 -0.054867
v 0.363439 -0.284500 -0.063613
v 0.507367 -0.281195 0.055794
v 0.495480 -0.254844 0.063504
v 0.429263 -0.249421 0.054902
v 0.434839 -0.308880 -0.054945
v 0.445687 -0.341997 0.000851
v 0.434661 -0.307404 0.055960
v 0.432639 -0.278135 0.063559
v -0.013549 -0.517290 -0.027356
v -0.014609 -0.467290 -0.030898
v 0.346347 -0.344984 -0.157740
v 0.346199 -0.329828 -0.158870
v 0.342154 -0.449441 -0.148258
v 0.311551 -0.517290 -0.133037
v 0.294487 -0.436522 -0.133767
v 0.298165 -0.344218 -0.142137
v 0.297744 -0.307398 -0.144862
v 0.296856 -0.281468 -0.146589
v 0.280639 -0.467290 -0.126874
v 0.261408 0.058142 0.215482
v 0.298744 0.061260 0.252201
v 0.297744 -0.030612 0.144863
v 0.320099 -0.172742 0.000001
v 0.358873 -0.273682 -0.082576
v 0.345920 -0.053970 0.160517
v 0.357976 -0.278992 -0.089525
v 0.356976 -0.283308 -0.095411
v 0.370439 -0.223481 -0.014153
v 0.369464 -0.203583 0.008038
v 0.372271 -0.213324 -0.000760
v 0.432005 -0.233766 0.028521
v 0.380356 -0.219740 -0.001025
v 0.392046 -0.282687 -0.063596
v 0.515515 -0.292916 0.034034
v 0.515119 -0.277849 0.051139
v 0.515088 -0.273826 0.055774
v 0.511556 -0.310280 0.010404
v 0.510205 -0.317623 0.000696
v 0.464671 -0.235957 0.054947
v 0.475199 -0.313618 -0.025702
v 0.259170 0.063408 0.219832
v 0.296215 0.067212 0.257118
v 0.017137 -0.517290 0.261198
v -0.037027 -0.467290 0.132381
v -0.101155 -0.517290 0.027548
v -0.098749 -0.467290 0.010468
v -0.066563 -0.467290 -0.013703
v -0.039470 -0.517290 -0.018778
v 0.254749 0.068600 0.228426
v 0.292319 0.070453 0.264689
v 0.065909 -0.517290 0.357285
v 0.060928 -0.467290 0.325365
v 0.104665 -0.467290 0.368743
v 0.110205 -0.517290 0.401219
v 0.150496 -0.461323 0.410979
v 0.123033 -0.441748 0.373178
v 0.126221 -0.436522 0.373520
v 0.154615 -0.344218 0.351873
v 0.271610 -0.042197 0.304936
v 0.230682 -0.062314 0.275199
v 0.157751 -0.449442 0.411763
v 0.189747 -0.345580 0.387452
v 0.297744 -0.307398 -0.144862
v 0.296856 -0.281468 -0.146589
v 0.346347 -0.344984 -0.157740
v 0.342154 -0.449441 -0.148258
v 0.311551 -0.517290 -0.133037
v -0.013549 -0.517290 -0.027356
v 0.259170 0.063408 0.219832
v 0.254749 0.068600 0.228426
v -0.014609 -0.467290 -0.030898
v 0.280639 -0.467290 -0.126874
v 0.294487 -0.436522 -0.133767
v 0.298165 -0.344218 -0.142137
v 0.370439 -0.223481 -0.014153
v 0.372271 -0.213324 -0.000760
v 0.358873 -0.273682 -0.082576
v 0.357976 -0.278992 -0.089525
v 0.356976 -0.283308 -0.095411
v 0.346199 -0.329828 -0.158870
v 0.362164 -0.254982 -0.056091
v 0.362164 -0.254982 -0.056091
v 0.362164 -0.254982 -0.056091
v 0.320099 -0.172742 0.000001
v 0.297744 -0.030612 0.144863
v 0.261408 0.058142 0.215482
v 0.298744 0.061260 0.252201
v 0.345920 -0.053970 0.160517
v 0.369464 -0.203583 0.008038
v 0.432005 -0.233766 0.028521
v 0.464671 -0.235957 0.054947
v 0.464671 -0.235957 0.054947
v 0.515119 -0.277849 0.051139
v 0.515088 -0.273826 0.055774
v 0.515088 -0.273826 0.055774
v 0.515515 -0.292916 0.034034
v 0.511556 -0.310280 0.010404
v 0.510205 -0.317623 0.000696
v 0.510205 -0.317623 0.000696
v 0.475199 -0.313618 -0.025702
v 0.380356 -0.219740 -0.001025
v 0.380356 -0.219740 -0.001025
v 0.296215 0.067212 0.257118
v 0.017137 -0.517290 0.261198
v -0.101155 -0.517290 0.027548
v -0.037027 -0.467290 0.132381
v -0.098749 -0.467290 0.010468
v -0.066563 -0.467290 -0.013703
v -0.039470 -0.517290 -0.018778
v 0.392046 -0.282687 -0.063596
v 0.392046 -0.282687 -0.063596
v 0.271610 -0.042197 0.304936
v 0.189747 -0.345580 0.387452
v 0.292319 0.070453 0.264689
v 0.230682 -0.062314 0.275199
v 0.154615 -0.344218 0.351873
v 0.126221 -0.436522 0.373520
v 0.123033 -0.441748 0.373178
v 0.104665 -0.467290 0.368743
v 0.060928 -0.467290 0.325365
v 0.065909 -0.517290 0.357285
v 0.110205 -0.517290 0.401219
v 0.150496 -0.461323 0.410979
v 0.157751 -0.449442 0.411763
v 0.495480 -0.254844 0.063504
v 0.495480 -0.254844 0.063504
v 0.434839 -0.308880 -0.054945
v 0.434839 -0.308880 -0.054945
v 0.429263 -0.249421 0.054902
v 0.445687 -0.341997 0.000851
v 0.434661 -0.307404 0.055960
v 0.432639 -0.278135 0.063559
v 0.507367 -0.281195 0.055794
vn -0.3083 -0.0737 -0.9484
vn 0.5026 0.6543 -0.5650
vn 0.5001 0.6562 -0.5651
vn 0.4919 0.6691 -0.5570
vn -0.8753 0.1935 0.4432
vn -0.5834 -0.2373 -0.7768
vn -0.3133 -0.0737 -0.9468
vn 0.2631 0.9042 -0.3364
vn -0.6576 0.3578 0.6630
vn -0.8744 0.1962 0.4438
vn 0.9581 -0.2457 -0.1476
vn 0.9699 -0.2436 -0.0000
vn 0.5658 -0.8246 -0.0000
vn 0.5757 -0.8128 -0.0888
vn 0.9618 -0.2318 -0.1453
vn 0.9225 -0.2451 0.2982
vn 0.7842 -0.2460 0.5697
vn 0.4577 -0.8246 0.3326
vn 0.5395 -0.8235 0.1753
vn 0.6792 -0.2911 0.6738
vn 0.6131 -0.4347 0.6597
vn 0.3334 -0.8235 0.4589
vn 0.1740 -0.9224 0.3448
vn -0.1741 0.9223 -0.3450
vn -0.3336 0.8233 -0.4592
vn -0.4580 0.8243 -0.3328
vn -0.5399 0.8233 -0.1754
vn -0.5661 0.8243 -0.0000
vn -0.5760 0.8126 0.0889
vn -0.0000 1.0000 -0.0000
vn 0.9228 -0.0000 0.3852
vn 0.9506 0.0025 0.3103
vn 0.9865 0.0185 0.1629
vn 0.9848 0.0204 0.1726
vn 0.9507 -0.0303 0.3087
vn 0.8087 -0.0271 0.5876
vn 0.9501 -0.0000 0.3118
vn 0.8892 -0.0000 0.4575
vn 0.8724 -0.0000 0.4888
vn -0.9220 0.2454 -0.2996
vn -0.9694 0.2453 -0.0000
vn 0.7095 -0.0331 0.7039
vn 0.9851 -0.0457 -0.1657
vn 0.9881 -0.0349 -0.1497
vn 0.9854 0.0064 -0.1703
vn 0.9880 -0.0117 -0.1538
vn 0.9876 0.0139 -0.1564
vn 0.9811 0.0617 -0.1833
vn 0.9982 -0.0600 -0.0014
vn 0.9847 -0.0452 0.1681
vn 0.9580 -0.2458 0.1476
vn -0.9610 0.2335 0.1483
vn -0.7843 0.2454 -0.5698
vn -0.6133 0.4340 -0.6599
vn -0.6793 0.2904 -0.6739
vn -0.9997 0.0262 0.0006
vn -0.9878 0.0239 0.1537
vn -0.8724 -0.0000 -0.4888
vn -0.8087 0.0268 -0.5876
vn -0.7095 0.0328 -0.7039
vn -0.9507 0.0269 -0.3089
vn -0.9979 -0.0008 -0.0652
vn -0.9879 -0.0026 0.1549
vn -0.8892 -0.0000 -0.4575
vn -0.9228 -0.0000 -0.3852
vn 0.9860 0.0007 0.1670
vn -0.0000 -1.0000 -0.0000
vn 0.9880 -0.0181 -0.1531
vn 0.7850 0.6194 -0.0123
vn 0.5291 0.6705 -0.5201
vn 0.9830 0.0051 -0.1834
vn 0.9958 0.0267 0.0878
vn 0.7365 0.3586 0.5735
vn 0.8014 -0.5979 0.0144
vn 0.7464 -0.3489 0.5667
vn 0.6942 0.0116 0.7197
vn 0.7462 -0.3651 -0.5567
vn 0.6053 0.2127 -0.7671
vn 0.6896 -0.0096 -0.7241
vn -0.0511 0.8632 0.5022
vn -0.1682 0.8565 0.4881
vn -0.1424 0.8590 0.4918
vn -0.0514 0.8488 -0.5262
vn -0.0150 0.2463 -0.9691
vn 0.0178 -0.2883 -0.9574
vn 0.1345 -0.8409 -0.5242
vn 0.1806 -0.8312 -0.5259
vn 0.1791 -0.8180 0.5467
vn 0.1704 -0.8199 0.5466
vn 0.0499 -0.2460 0.9680
vn 0.0561 -0.2456 0.9677
vn -0.0567 0.2813 0.9579
vn -0.0614 0.2804 0.9579
vn 0.4430 -0.7075 0.5506
vn 0.3307 -0.7693 0.5466
vn 0.5855 -0.6034 0.5413
vn 0.1085 -0.2348 0.9660
vn 0.1357 -0.2221 0.9655
vn 0.1896 -0.1960 0.9621
vn -0.3162 0.8299 0.4596
vn 0.2951 -0.7982 -0.5251
vn 0.2924 -0.7870 0.5433
vn -0.1019 0.2728 0.9567
vt 1.000000 0.525106
vt 1.000000 0.605550
vt 0.974506 0.605263
vt 0.790116 0.594597
vt 0.623942 0.541254
vt 0.082795 0.000000
vt 0.165952 0.000000
vt 0.657407 0.491553
vt 0.732713 0.515692
vt 0.895604 0.525072
vt 0.957439 0.525670
vt 0.634870 0.445640
vt 0.624149 0.491559
vt 0.620838 0.521110
vt 0.619860 0.529136
vt 0.618646 0.535622
vt 0.605550 0.605550
vt 0.526422 0.523978
vt 0.552690 0.361422
vt 0.506819 0.140697
vt 0.443414 0.000000
vt 0.501171 0.000000
vt 0.583491 0.182668
vt 0.631796 0.415016
vt 0.636919 0.430307
vt 0.782235 0.476828
vt 0.833839 0.507588
vt 0.863526 0.541329
vt 0.863889 0.547500
vt 0.865686 0.570645
vt 0.860897 0.596755
vt 0.859373 0.607839
vt 0.804678 0.597217
vt 0.741461 0.583619
vt 0.673078 0.539161
vt 0.627565 0.492937
vt 0.649982 0.441176
vt 0.731318 0.469288
vt 0.636463 0.000000
vt 0.501171 0.501171
vt 0.443414 0.443414
vt 0.563116 0.000000
vt 1.000000 0.675023
vt 0.321676 0.000000
vt 0.646069 0.000000
vt 1.000000 0.352209
vt 0.675024 0.675024
vt 0.352209 0.352209
vt 0.353468 0.000000
vt 0.677438 0.000000
vt 1.000000 0.834048
vt 1.000000 0.917204
vt 0.677438 0.677438
vt 0.353468 0.353468
vt 0.603612 0.000000
vt 1.000000 0.363537
vt 1.000000 0.436884
vt 0.523637 0.000000
vt 0.890072 0.233984
vt 0.598265 0.420059
vt 0.473068 0.473068
vt 0.410389 0.410389
vt 0.555886 0.348786
vt 0.827033 0.175886
vt 0.909751 0.113484
vt 0.911687 0.107328
vt 0.916298 0.072609
vt 0.840246 0.000000
vt 0.920459 0.000000
vt 0.997485 0.073539
vt 0.987455 0.149683
vt 0.983067 0.163692
vt 1.000000 0.353931
vt 1.000000 0.678324
vt 0.920459 0.920459
vt 0.840246 0.840246
vt 0.889394 0.021393
vt 0.866410 0.021397
vt 0.866410 0.001745
vt 0.904929 0.001745
vt 0.909335 0.021389
vt 0.820442 0.021388
vt 0.779083 0.021397
vt 0.784691 0.001745
vt 0.823394 0.001745
vt 0.747191 0.021388
vt 0.747418 0.017948
vt 0.753793 0.001745
vt 0.991429 0.305280
vt 0.996061 0.321484
vt 0.984395 0.305280
vt 0.489718 0.618787
vt 0.492927 0.620406
vt 0.521547 0.649255
vt 0.540139 0.685389
vt 0.546337 0.725550
vt 0.540668 0.745443
vt 0.455185 0.725550
vt 0.440142 0.725550
vt 0.430823 0.711456
vt 0.448694 0.670230
vt 0.477055 0.612398
vt 0.819935 0.135891
vt 0.819935 0.087488
vt 0.844236 0.082297
vt 0.863359 0.093286
vt 0.819935 0.051460
vt 0.778121 0.051461
vt 0.819935 0.069474
vt 0.819935 0.135891
vt 0.793389 0.169254
vt 0.791966 0.170977
vt 0.789774 0.171915
vt 0.778121 0.139299
vt 0.313823 0.306526
vt 0.353985 0.306526
vt 0.355321 0.315434
vt 0.313823 0.315434
vt 0.747191 0.021388
vt 0.754230 0.051460
vt 0.888583 0.056689
vt 0.909335 0.021389
vt 0.912081 0.051633
vt 0.890801 0.069493
vt 0.894035 0.069490
vt 0.892330 0.070744
vt 0.890319 0.072277
vt 0.866410 0.043830
vt 0.844236 0.056689
vt 0.843426 0.021393
vt 0.277089 0.306526
vt 0.275093 0.315434
vt 0.390119 0.306526
vt 0.392656 0.315434
vt 0.421870 0.313921
vt 0.421969 0.315434
vt 0.418967 0.306526
vt 0.194494 0.591594
vt 0.191285 0.591594
vt 0.196603 0.584198
vt 0.275093 0.315434
vt 0.313823 0.342159
vt 0.272670 0.342159
vt 0.393502 0.423780
vt 0.393502 0.342159
vt 0.415702 0.342159
vt 0.355766 0.342159
vt 0.421969 0.315434
vt 0.415702 0.342159
vt 0.313823 0.391807
vt 0.271881 0.360562
vt 0.271881 0.352820
vt 0.272670 0.342159
vt 0.393502 0.423780
vt 0.379580 0.462659
vt 0.377472 0.460180
vt 0.376212 0.458656
vt 0.355766 0.432959
vt 0.842019 0.069493
vt 0.280046 0.734787
vt 0.273408 0.777803
vt 0.253494 0.816506
vt 0.222840 0.847404
vt 0.215806 0.850953
vt 0.202981 0.857424
vt 0.188860 0.864548
vt 0.154610 0.748886
vt 0.172470 0.734787
vt 0.179975 0.734787
vt 0.274102 0.696268
vt 0.912118 0.052087
vt 0.912408 0.056022
vt 0.866713 0.087760
vt 0.882963 0.077934
vt 0.870503 0.086835
vt 0.866630 0.089753
vt 0.850533 0.078213
vt 0.863359 0.093286
vt 0.866106 0.051078
vt 0.850160 0.061280
vt 0.847992 0.069841
vt 0.882296 0.060756
vt 0.882650 0.077691
vt 0.884828 0.069145
vt 0.890319 0.072277
vt 0.838908 0.638484
vt 0.838915 0.640652
vt 0.822735 0.643704
vt 0.822715 0.624324
vt 0.830353 0.623530
vt 0.854851 0.643751
vt 0.838909 0.638484
vt 0.562392 0.790698
vt 0.554110 0.791223
vt 0.554316 0.782642
vt 0.574782 0.798281
vt 0.553972 0.799612
vt 0.577923 0.807870
vt 0.556799 0.809290
vt 0.673402 0.595760
vt 0.670209 0.605775
vt 0.649409 0.604542
vt 0.652278 0.594340
vt 0.669624 0.614250
vt 0.649588 0.613103
vt 0.668646 0.622563
vt 0.649266 0.621475
vt 0.691260 0.613363
vt 0.693619 0.609970
vt 0.693534 0.614359
vt 0.693495 0.615497
vt 0.687818 0.620993
vt 0.693496 0.615497
vt 0.830353 0.623530
vt 0.822702 0.614072
vt 0.586275 0.799312
vt 0.596603 0.800813
vt 0.575015 0.798196
vt 0.692081 0.602817
vt 0.692654 0.605280
vt 0.693619 0.609970
vt 0.687390 0.621855
vt 0.678898 0.626461
s 0
usemtl lambert2SG
f 528/593/223 544/594/223 529/595/223 530/596/223 531/597/223 532/598/223 535/599/223 536/600/223 537/601/223 538/602/223 527/603/223
f 539/604/224 545/605/224 541/606/224 542/607/224 543/608/224 544/609/224 528/610/224 548/611/224 549/612/224 550/613/224 551/614/224 552/615/224 553/616/224 540/617/224
f 555/618/225 589/619/225 558/620/225 557/621/225 560/622/225 561/623/225 562/624/225 564/625/225 591/626/225 574/627/225 546/628/225 565/629/225 554/630/225
f 567/631/226 551/632/226 550/633/226 533/634/226
f 569/635/227 568/636/227 570/637/227 571/638/227
f 569/639/228 571/640/228 572/641/228 573/642/228
f 535/643/229 532/644/229 573/645/229 572/646/229
f 578/647/230 567/648/230 533/649/230 534/650/230
f 577/651/231 576/652/231 578/653/231 534/654/231 579/655/231 580/656/231 581/657/231 582/658/231 583/659/231 584/660/231 585/661/231 586/662/231 587/663/231 588/664/231
f 570/665/232 568/666/232 585/667/232 584/668/232
s 1
f 454/669/233 439/670/234 440/671/235 478/672/236 477/673/237
f 441/674/238 443/675/239 444/676/240 442/677/241
f 443/675/239 525/678/242 519/679/243 445/680/244 444/676/240
f 445/681/244 519/682/243 518/683/245
f 517/684/246 436/685/247 431/686/248 434/687/249 430/688/250 483/689/251 474/690/252 511/691/252 510/692/252 508/693/252 516/694/252
f 489/695/253 446/696/254 450/697/255 493/698/256
f 441/674/238 447/699/257 448/700/258 443/675/239
f 447/699/257 456/701/259 446/696/254 489/702/253 485/703/260 506/704/260 514/705/260 523/706/261 448/700/258
f 430/707/250 434/708/249 429/709/262 433/710/263
f 525/711/242 443/675/239 448/700/258 526/712/264
f 453/713/265 454/669/233 477/714/237 475/715/266
f 455/716/267 491/717/268 490/718/269 488/719/270
f 439/670/234 449/720/271 451/721/272 452/722/273
f 483/723/251 430/707/250 433/710/263 479/724/274
f 429/709/262 434/708/249 431/725/248 435/726/275
f 520/727/276 521/728/277 435/726/275 431/725/248 436/729/247
f 436/730/247 517/731/246 520/732/276
f 479/733/274 433/710/263 438/734/278 480/735/279
f 524/736/280 437/737/281 522/738/282
f 429/709/262 435/726/275 437/737/281 432/739/283
f 437/737/281 435/726/275 521/740/277 522/741/282
f 487/742/284 482/743/285 481/744/285 480/745/279 438/734/278
f 432/739/283 437/737/281 524/746/280 513/747/286 505/748/286 484/749/286 486/750/287
f 456/701/259 457/751/288 450/697/255 446/696/254
f 452/722/273 451/721/272 447/699/257 441/674/238
f 526/712/264 448/700/258 523/706/261
f 454/669/233 453/713/265 449/720/271 439/670/234
f 452/722/273 441/674/238 442/677/241 440/671/235 439/670/234
f 486/750/287 487/742/284 438/734/278 432/739/283
f 440/752/235 442/753/241 444/754/240 445/755/244 518/756/245 515/757/289 507/758/289 509/759/289 512/760/289 473/761/289 478/762/236
f 491/717/268 455/716/267 453/713/265 475/763/266 476/764/290
f 451/721/272 457/751/288 456/701/259 447/699/257
f 458/765/291 547/766/292 492/767/293 494/768/294
f 450/697/255 460/769/295 458/765/291 494/768/294 493/770/256
f 451/721/272 449/720/271 462/771/296 461/772/297
f 450/697/255 457/751/288 463/773/298 460/769/295
f 449/720/271 453/713/265 464/774/299 462/771/296
f 459/775/300 465/776/301 455/716/267 488/777/270
f 453/713/265 455/716/267 465/776/301 464/774/299
f 457/751/288 451/721/272 461/772/297 463/773/298
f 566/778/302 458/779/291 460/780/295 593/781/303 495/782/304
f 547/783/292 458/779/291 496/784/305
f 575/785/306 465/786/301 459/787/300
f 592/788/307 464/789/299 465/786/301 497/785/307
f 469/788/308 594/790/309 462/791/296 464/789/299
f 470/792/310 595/793/311 461/794/297 462/795/296
f 471/793/312 596/796/313 463/797/298 461/794/297
f 472/796/314 468/798/315 460/799/295 463/797/298
f 597/800/316 498/801/317 499/802/318 559/803/318
f 590/804/319 466/800/320 500/805/321
f 495/806/304 593/781/303 556/807/322
f 504/808/323 563/809/323 594/790/309 469/810/308
f 595/793/311 470/792/310 502/811/324 501/812/324 498/813/317 597/800/316
f 466/800/320 590/804/319 596/796/313 471/793/312
f 468/798/315 472/796/314 467/814/325 503/815/325
f 433/710/263 429/709/262 432/739/283 438/734/278
o RedMug_cell.006
v -0.429700 0.106597 -0.389619
v 0.124524 -0.436522 -0.375228
v 0.293012 -0.436522 -0.143324
v 0.297744 -0.344218 -0.144862
v 0.127448 -0.344218 -0.379254
v -0.148096 -0.344218 -0.468784
v -0.004953 -0.436522 -0.440553
v 0.115748 -0.467290 -0.363149
v 0.226660 -0.436522 -0.272276
v 0.278813 -0.467290 -0.138710
v -0.009560 -0.467290 -0.426371
v 0.214596 -0.467290 -0.263511
v 0.230682 -0.344218 -0.275198
v -0.003417 -0.344218 -0.445279
v 0.010471 -0.449413 -0.488021
v 0.000286 -0.517290 -0.456675
v 0.153892 -0.449444 -0.415652
v 0.134499 -0.517290 -0.388960
v 0.267039 -0.449413 -0.301613
v 0.240375 -0.517290 -0.282240
v 0.340532 -0.449443 -0.158764
v 0.309154 -0.517290 -0.148569
v 0.157222 -0.345581 -0.420235
v 0.271610 -0.345579 -0.304935
v -0.148096 -0.345581 -0.519439
v 0.012216 -0.345579 -0.493394
v 0.291978 -0.265184 -0.156068
v 0.342570 -0.316682 -0.167024
v 0.296302 -0.281005 -0.147665
v 0.346004 -0.329655 -0.160017
v -0.012892 -0.517290 -0.029455
v -0.014135 -0.467290 -0.032891
v 0.346172 -0.345228 -0.158876
v 0.341960 -0.449441 -0.149513
v 0.311341 -0.517290 -0.134394
v 0.294285 -0.436522 -0.135074
v 0.297744 -0.323603 -0.144862
v 0.280430 -0.467290 -0.128228
v -0.039040 -0.517290 -0.021113
v -0.066612 -0.467290 -0.016148
v -0.083247 -0.517290 -0.392046
v -0.090205 -0.467290 -0.214112
v -0.117130 -0.467290 -0.443847
v -0.375140 0.005001 -0.403725
v -0.136361 -0.436522 -0.461901
v -0.187757 -0.344218 -0.462341
v -0.292778 -0.151821 -0.445279
v -0.404242 0.048613 -0.445045
v -0.148096 -0.426617 -0.515019
v -0.135005 -0.449441 -0.511648
v -0.192839 -0.345580 -0.512170
v -0.092590 -0.517290 -0.471764
v -0.148096 -0.416059 -0.464910
v -0.308411 -0.133855 -0.493396
v 0.230682 -0.045914 -0.275198
v 0.271610 -0.062845 -0.304935
v 0.127448 0.208793 -0.379254
v 0.016127 0.483407 -0.491423
v 0.157223 0.219381 -0.420235
v 0.005447 0.437086 -0.440807
v 0.012305 0.490523 -0.493352
v -0.000841 0.448793 -0.443979
v -0.421557 0.093906 -0.380306
v -0.442241 0.121396 -0.425873
v -0.292778 0.240935 -0.445279
v -0.308411 0.261300 -0.493396
v -0.148098 0.392945 -0.519441
v -0.148097 0.359760 -0.468784
v -0.420945 0.106955 -0.380615
v -0.423642 0.099960 -0.379254
v -0.423642 0.099960 -0.379254
v -0.421557 0.093906 -0.380306
v 0.291978 -0.265184 -0.156068
v 0.230682 -0.045914 -0.275198
v 0.296302 -0.281005 -0.147665
v -0.012892 -0.517290 -0.029455
v 0.311341 -0.517290 -0.134394
v 0.341960 -0.449441 -0.149513
v 0.346172 -0.345228 -0.158876
v 0.297744 -0.323603 -0.144862
v 0.294285 -0.436522 -0.135074
v 0.280430 -0.467290 -0.128228
v -0.014135 -0.467290 -0.032891
v -0.039040 -0.517290 -0.021113
v -0.066612 -0.467290 -0.016148
v -0.090205 -0.467290 -0.214112
v -0.083247 -0.517290 -0.392046
v -0.117130 -0.467290 -0.443847
v -0.136361 -0.436522 -0.461901
v -0.148096 -0.416059 -0.464910
v -0.187757 -0.344218 -0.462341
v -0.292778 -0.151821 -0.445279
v -0.375140 0.005001 -0.403725
v -0.404242 0.048613 -0.445045
v -0.308411 -0.133855 -0.493396
v -0.000841 0.448793 -0.443979
v -0.148097 0.359760 -0.468784
v -0.192839 -0.345580 -0.512170
v -0.148096 -0.426617 -0.515019
v -0.135005 -0.449441 -0.511648
v -0.092590 -0.517290 -0.471764
v 0.127448 0.208793 -0.379254
v 0.005447 0.437086 -0.440807
v 0.346004 -0.329655 -0.160017
v 0.342570 -0.316682 -0.167024
v 0.271610 -0.062845 -0.304935
v 0.157223 0.219381 -0.420235
v 0.016127 0.483407 -0.491423
v 0.012305 0.490523 -0.493352
v -0.442241 0.121396 -0.425873
v -0.308411 0.261300 -0.493396
v -0.148098 0.392945 -0.519441
v -0.420945 0.106955 -0.380615
v 0.297744 -0.344218 -0.144862
v -0.292778 0.240935 -0.445279
vn 0.6304 0.4914 0.6009
vn 0.3040 0.0730 0.9499
vn 0.3031 0.0728 0.9502
vn -0.8666 -0.4882 0.1033
vn -0.8694 -0.4836 0.1019
vn 0.6328 0.5001 0.5912
vn -0.8879 -0.3564 0.2907
vn -0.8701 -0.4817 0.1043
vn -0.5132 0.7179 0.4704
vn -0.6701 0.3821 0.6363
vn 0.1578 -0.1789 -0.9711
vn 0.2995 -0.2460 -0.9218
vn 0.1748 -0.8246 -0.5381
vn 0.1053 -0.7546 -0.6477
vn 0.5697 -0.2461 -0.7841
vn 0.3334 -0.8235 -0.4589
vn 0.7845 -0.2454 -0.5695
vn 0.4577 -0.8246 -0.3326
vn 0.9219 -0.2454 -0.3000
vn 0.5395 -0.8235 -0.1753
vn 0.9540 -0.2611 -0.1472
vn 0.4764 -0.8761 -0.0735
vn -0.0000 -0.0272 -0.9996
vn 0.0661 -0.0000 -0.9978
vn 0.2632 -0.0000 -0.9647
vn 0.3089 -0.0271 -0.9507
vn 0.7460 -0.0003 -0.6660
vn 0.8893 -0.0017 -0.4573
vn 0.8934 -0.0276 -0.4484
vn 0.8090 -0.0269 -0.5872
vn 0.6350 0.4984 0.5902
vn -0.2104 -0.0000 -0.9776
vn -0.4505 -0.0000 -0.8928
vn -0.2400 -0.0000 -0.9708
vn 0.5876 -0.0272 -0.8087
vn 0.1085 -0.0541 -0.9926
vn -0.5876 0.0269 0.8087
vn -0.8087 0.0268 0.5876
vn -0.7459 -0.0000 0.6660
vn -0.4974 -0.0000 0.8675
vn -0.1603 -0.0183 -0.9869
vn -0.8929 0.0273 0.4495
vn -0.8892 -0.0000 0.4575
vn -0.1053 0.7542 0.6481
vn -0.1749 0.8243 0.5384
vn -0.2996 0.2453 0.9220
vn -0.1578 0.1783 0.9712
vn -0.3336 0.8233 0.4592
vn -0.5698 0.2454 0.7843
vn -0.4580 0.8243 0.3328
vn -0.7843 0.2454 0.5698
vn -0.5399 0.8233 0.1754
vn -0.9220 0.2454 0.2996
vn -0.9539 0.2615 0.1472
vn -0.4767 0.8760 0.0736
vn 0.1603 0.0181 0.9869
vn -0.0007 0.0267 0.9996
vn -0.0679 -0.0004 0.9977
vn 0.2400 -0.0000 0.9708
vn 0.2104 -0.0000 0.9776
vn 0.4504 -0.0000 0.8928
vn -0.3094 0.0267 0.9506
vn -0.1086 0.0535 0.9926
vn -0.0000 -1.0000 -0.0000
vn -0.2653 -0.0004 0.9642
vn 0.4504 -0.0000 -0.8928
vn 0.4974 -0.0000 -0.8675
vn -0.4504 -0.0000 0.8928
vn -0.0000 1.0000 -0.0000
vt 0.975377 0.607332
vt 0.627139 0.627139
vt 0.550464 0.550464
vt 1.000000 0.524896
vt 0.834469 0.000000
vt 0.917522 0.000000
vt 0.917374 0.540168
vt 0.804659 0.593987
vt 0.630016 0.605379
vt 0.605684 0.605684
vt 0.524896 0.524896
vt 0.595653 0.525535
vt 0.629896 0.525068
vt 0.783221 0.515096
vt 0.834335 0.490740
vt 1.000000 0.683489
vt 0.917522 0.917522
vt 0.834469 0.834469
vt 1.000000 0.364771
vt 0.364772 0.364772
vt 0.364559 0.000000
vt 0.683091 0.000000
vt 0.683489 0.683489
vt 0.775745 0.689352
vt 0.808019 0.673662
vt 0.813381 0.650508
vt 0.808694 0.550644
vt 0.777919 0.268809
vt 0.703352 0.000000
vt 0.777254 0.000000
vt 0.864018 0.312771
vt 0.897881 0.622916
vt 0.903080 0.735492
vt 0.897074 0.761297
vt 0.825772 0.795794
vt 0.683091 0.683091
vt 0.364559 0.364559
vt 0.159305 0.159305
vt 0.189084 0.000000
vt 0.311079 0.000000
vt 0.262087 0.262087
vt 0.972872 0.000000
vt 1.000000 0.000000
vt 1.000000 0.024563
vt 0.000000 0.000000
vt 0.201446 0.000000
vt 1.000000 0.222746
vt 1.000000 0.296648
vt 0.024563 0.024563
vt 0.308799 0.011171
vt 0.628701 0.544288
vt 1.000000 0.688921
vt 0.999759 0.810892
vt 0.720364 0.098125
vt 0.576161 0.276604
vt 0.201447 0.201447
vt 0.029104 0.000000
vt 0.032533 0.006983
vt 0.029104 0.029104
vt 0.653726 0.281644
vt 0.695847 0.281636
vt 0.692898 0.301289
vt 0.666007 0.301289
vt 0.737372 0.281645
vt 0.731757 0.301289
vt 0.986755 0.021388
vt 0.953737 0.021397
vt 0.948128 0.001745
vt 0.979027 0.001745
vt 0.912377 0.021388
vt 0.909426 0.001745
vt 0.909698 0.021389
vt 0.905322 0.001745
vt 0.649936 0.251574
vt 0.649936 0.037746
vt 0.696352 0.009504
vt 0.696352 0.251573
vt 0.954698 0.133321
vt 0.914769 0.059827
vt 0.912884 0.056279
vt 0.912884 0.051460
vt 0.954698 0.051461
vt 0.159305 0.000000
vt 0.262086 0.000000
vt 0.584097 0.197172
vt 0.978112 0.380030
vt 1.000000 0.550464
vt 1.000000 0.627139
vt 0.968306 0.430647
vt 0.531718 0.228032
vt 0.603520 0.190272
vt 0.575774 0.137442
vt 0.564771 0.116369
vt 0.603520 0.075862
vt 0.912409 0.051562
vt 0.988082 0.051460
vt 0.649936 0.275036
vt 0.204017 0.342159
vt 0.234145 0.342159
vt 0.234145 0.428528
vt 0.204017 0.502274
vt 0.738336 0.251574
vt 0.636982 0.251574
vt 0.649936 0.275036
vt 0.234145 0.428528
vt 0.271881 0.342159
vt 0.271881 0.348128
vt 0.271069 0.360461
vt 0.268637 0.365042
vt 0.518511 0.305280
vt 0.549656 0.305280
vt 0.550990 0.314189
vt 0.512943 0.314189
vt 0.585936 0.305280
vt 0.588477 0.314189
vt 0.205182 0.315434
vt 0.208680 0.306526
vt 0.237528 0.306526
vt 0.234990 0.315434
vt 0.273662 0.306526
vt 0.272326 0.315434
vt 0.274715 0.315434
vt 0.276697 0.306526
vt 0.498062 0.340914
vt 0.509545 0.340914
vt 0.509545 0.544738
vt 0.467655 0.510334
vt 0.467655 0.396619
vt 0.430076 0.468328
vt 0.430369 0.467765
vt 0.443808 0.442024
vt 0.467655 0.396619
vt 0.467655 0.510334
vt 0.430546 0.471543
vt 0.512943 0.314189
vt 0.551434 0.340914
vt 0.509545 0.320114
vt 0.603520 0.190272
vt 0.603520 0.075862
vt 0.649936 0.037746
vt 0.589324 0.340914
vt 0.509545 0.320114
vt 0.498062 0.340914
vt 0.180166 0.734787
vt 0.172595 0.734787
vt 0.159795 0.678637
vt 0.157090 0.678469
vt 0.183981 0.676899
vt 0.222840 0.622170
vt 0.253494 0.653069
vt 0.273408 0.691771
vt 0.274041 0.695875
vt 0.551434 0.570229
vt 0.509545 0.544738
vt 0.696377 0.009494
vt 0.697484 0.011554
vt 0.738336 0.087999
vt 0.589324 0.501028
vt 0.554000 0.567126
vt 0.988082 0.215035
vt 0.954698 0.133321
vt 0.455322 0.725550
vt 0.540608 0.745439
vt 0.540140 0.765711
vt 0.521547 0.801845
vt 0.492927 0.793204
vt 0.456646 0.848998
vt 0.425501 0.782309
vt 0.433297 0.781825
vt 0.440128 0.725550
s 0
usemtl lambert2SG
f 701/816/326 702/817/326 670/818/326 672/819/326
f 680/820/327 673/821/327 674/822/327 675/823/327 630/824/327 701/825/327 672/826/327 677/827/327 711/828/327 678/829/327 679/830/327
f 681/831/328 673/832/328 680/833/328 682/834/328
f 682/835/329 683/836/329 684/837/329 681/838/329
f 685/839/330 686/840/330 687/841/330 688/842/330 689/843/330 690/844/330 691/845/330 692/846/330 695/847/330 696/848/330 697/849/330 698/850/330 684/851/330 683/852/330
f 705/853/331 706/854/331 693/855/331 700/856/331
f 668/857/332 598/858/332 669/859/332
f 598/860/333 707/861/333 691/862/333 690/863/333 669/864/333
f 712/865/334 694/866/334 693/867/334 706/868/334 709/869/334 708/870/334 707/871/334 598/860/334 710/872/334
f 598/860/335 668/873/335 710/874/335
s 1
f 647/875/336 612/876/337 613/877/338 649/878/339
f 612/876/337 614/879/340 615/880/341 613/877/338
f 614/881/340 616/882/342 617/883/343 615/884/341
f 616/882/342 618/885/344 619/886/345 617/883/343
f 619/886/345 618/885/344 631/887/346 632/888/347
f 622/889/348 664/890/349 658/891/350 623/892/351
f 703/893/352 625/894/353 627/895/353 676/896/354 621/897/355
s 0
f 705/898/356 700/899/356 699/900/356 671/901/356 670/902/356 702/903/356 653/904/356 704/905/356
s 1
f 651/906/357 645/907/358 661/908/358 663/909/359
f 631/887/346 618/885/344 676/910/354
f 614/881/340 620/911/360 621/897/355 616/882/342
f 616/882/342 621/897/355 676/896/354 618/885/344
f 623/892/351 612/876/337 647/875/336 646/912/361 622/889/348
f 602/913/362 610/914/363 652/915/364 654/916/365
f 612/876/337 623/892/351 620/917/360 614/879/340
f 648/918/366 622/889/348 646/919/361
f 652/920/364 610/914/363 601/921/367 634/922/368 626/923/368 624/924/368
f 640/925/369 608/926/370 604/927/371 642/928/372
f 604/927/371 608/926/370 605/929/373 599/930/374
f 599/931/374 605/932/373 609/933/375 606/934/376
f 606/934/376 609/933/375 607/935/377 600/936/378
f 633/937/379 600/936/378 607/935/377 635/938/380
f 643/939/381 603/940/382 665/941/383 662/942/384 644/943/385
f 667/944/386 660/945/386 641/946/386 644/947/385 662/948/384 666/949/386
f 601/921/367 600/936/378 633/937/379
f 599/931/374 606/934/376 610/914/363 602/913/362
f 606/934/376 600/936/378 601/921/367 610/914/363
f 642/950/372 604/927/371 611/951/387 603/940/382 650/952/388
f 622/889/348 648/918/366 651/953/357 663/954/359 664/955/349
f 604/927/371 599/930/374 602/956/362 611/951/387
f 650/957/388 603/940/382 643/958/381
f 628/959/389 636/960/389 638/961/389 649/962/339 613/963/338 615/964/341 617/965/343 619/966/345 632/967/347
f 659/968/390 665/969/383 603/940/382 611/951/387
f 623/892/351 658/970/350 655/971/391 656/972/392 620/917/360
f 659/968/390 611/951/387 602/956/362 654/973/365 657/974/393
f 656/975/392 703/976/352 621/897/355 620/911/360
f 629/977/394 635/978/380 607/979/377 609/980/375 605/981/373 608/982/370 640/983/369 639/984/394 637/985/394
o RedMug_cell.007
v -0.593938 0.517290 -0.144862
v -0.423642 0.517290 -0.379254
v -0.148096 0.517290 -0.468784
v -0.423642 0.517290 0.379256
v -0.593938 0.517290 0.144863
v -0.432282 0.108618 -0.390232
v -0.526875 0.517290 -0.275198
v -0.292778 0.517290 -0.445279
v -0.003417 0.517290 -0.445279
v -0.526875 0.517290 0.275199
v -0.616293 0.517290 0.000001
v -0.642115 0.517290 -0.160515
v -0.567804 0.517290 -0.304935
v -0.453416 0.517290 -0.420235
v -0.308411 0.517290 -0.493396
v -0.148096 0.517290 -0.519441
v 0.012217 0.517290 -0.493396
v -0.453416 0.517290 0.420236
v -0.567804 0.517290 0.304936
v -0.642114 0.517290 0.160517
v -0.666885 0.517290 0.000001
v -0.666885 -0.012773 0.000001
v -0.642115 0.026197 0.160517
v -0.616293 -0.010671 0.000001
v -0.659378 -0.023960 -0.048647
v -0.567804 0.063421 0.304936
v -0.551266 0.068048 0.321606
v -0.522875 0.059211 0.279231
v -0.526875 0.058092 0.275199
v -0.593938 0.024499 0.144863
v -0.609096 -0.021397 -0.046641
v -0.448100 0.080280 0.354603
v -0.466401 0.091960 0.407147
v -0.457357 0.090837 -0.345270
v -0.479889 0.105939 -0.393551
v -0.642115 0.015516 -0.160515
v -0.526876 0.062293 -0.275198
v -0.593938 0.013264 -0.144862
v -0.567804 0.069844 -0.304935
v -0.468345 0.110870 -0.405187
v -0.442643 0.097121 -0.360101
v -0.345213 0.196453 0.418825
v -0.391126 0.175490 0.451664
v -0.365049 0.203491 0.464821
v -0.382754 0.156143 0.399885
v -0.453416 0.109100 0.420236
v -0.423642 0.112564 0.379256
v -0.357766 0.258894 0.468496
v -0.334728 0.276212 0.424115
v -0.324153 0.517290 0.485454
v -0.303368 0.517290 0.439937
v 0.025503 0.517290 -0.430688
v 0.012139 0.493381 -0.493409
v 0.021806 0.517290 -0.488558
v -0.001071 0.451580 -0.444096
v -0.008477 0.447587 -0.446101
v 0.007492 0.490546 -0.494164
v -0.433654 0.133197 -0.430206
v -0.413674 0.117332 -0.384283
v -0.308411 0.264208 -0.493396
v -0.292778 0.243796 -0.445279
v -0.148098 0.395905 -0.519441
v -0.148097 0.362650 -0.468784
v -0.453752 0.117281 -0.419897
v -0.444245 0.122667 -0.424862
v -0.425871 0.104490 -0.377007
v -0.526875 0.058092 0.275199
v -0.593938 0.024499 0.144863
v -0.522875 0.059211 0.279231
v -0.567804 0.063421 0.304936
v -0.551266 0.068048 0.321606
v -0.642115 0.026197 0.160517
v -0.666885 -0.012773 0.000001
v -0.659378 -0.023960 -0.048647
v -0.616293 -0.010671 0.000001
v -0.609096 -0.021397 -0.046641
v -0.448100 0.080280 0.354603
v -0.466401 0.091960 0.407147
v -0.444245 0.122667 -0.424862
v -0.453752 0.117281 -0.419897
v -0.413674 0.117332 -0.384283
v -0.425871 0.104490 -0.377007
v -0.642115 0.015516 -0.160515
v -0.567804 0.069844 -0.304935
v -0.479889 0.105939 -0.393551
v -0.457357 0.090837 -0.345270
v -0.526876 0.062293 -0.275198
v -0.593938 0.013264 -0.144862
v -0.442643 0.097121 -0.360101
v -0.468345 0.110870 -0.405187
v -0.345213 0.196453 0.418825
v -0.382754 0.156143 0.399885
v -0.391126 0.175490 0.451664
v -0.365049 0.203491 0.464821
v -0.423642 0.112564 0.379256
v -0.453416 0.109100 0.420236
v -0.357766 0.258894 0.468496
v -0.334728 0.276212 0.424115
v -0.324153 0.517290 0.485454
v -0.324153 0.517290 0.485454
v -0.303368 0.517290 0.439937
v -0.303368 0.517290 0.439937
v 0.025503 0.517290 -0.430688
v 0.025503 0.517290 -0.430688
v 0.021806 0.517290 -0.488558
v 0.021806 0.517290 -0.488558
v -0.001071 0.451580 -0.444096
v 0.012139 0.493381 -0.493409
v 0.007492 0.490546 -0.494164
v -0.008477 0.447587 -0.446101
v -0.433654 0.133197 -0.430206
v -0.308411 0.264208 -0.493396
v -0.148098 0.395905 -0.519441
v -0.148097 0.362650 -0.468784
v -0.292778 0.243796 -0.445279
v -0.642115 0.517290 -0.160515
v -0.567804 0.517290 -0.304935
v -0.453416 0.517290 -0.420235
v -0.308411 0.517290 -0.493396
v -0.148096 0.517290 -0.519441
v 0.012217 0.517290 -0.493396
v -0.453416 0.517290 0.420236
v -0.567804 0.517290 0.304936
v -0.642114 0.517290 0.160517
v -0.593938 0.517290 -0.144862
v -0.526875 0.517290 -0.275198
v -0.423642 0.517290 -0.379254
v -0.292778 0.517290 -0.445279
v -0.148096 0.517290 -0.468784
v -0.003417 0.517290 -0.445279
v -0.423642 0.517290 0.379256
v -0.526875 0.517290 0.275199
v -0.593938 0.517290 0.144863
v -0.666885 0.517290 0.000001
v -0.616293 0.517290 0.000001
vn 0.0404 -0.9724 0.2298
vn 0.0415 -0.9722 0.2306
vn 0.0716 -0.9419 -0.3281
vn 0.5898 -0.7206 0.3646
vn 0.5865 -0.7231 0.3650
vn 0.9002 -0.1456 0.4105
vn 0.9002 -0.1441 0.4110
vn 0.9296 -0.3638 -0.0594
vn 0.5141 -0.7173 -0.4703
vn 0.2586 -0.8607 -0.4385
vn 0.0788 -0.9401 -0.3316
vn 0.4931 -0.7334 -0.4679
vn 0.4504 -0.0000 -0.8928
vn 0.6492 -0.0000 -0.7606
vn 0.5878 -0.0000 -0.8090
vn -0.0604 -0.0000 -0.9982
vn -0.0000 -0.0000 -1.0000
vn 0.3093 -0.0005 -0.9510
vn 0.2099 -0.0002 -0.9777
vn 0.1604 -0.0000 -0.9871
vn 0.4505 -0.0010 -0.8928
vn -0.3740 -0.0000 -0.9274
vn -0.3093 -0.0000 -0.9510
vn -0.5879 -0.0000 -0.8089
vn -0.4510 -0.0000 -0.8925
vn -0.6213 -0.0000 -0.7836
vn -0.8090 -0.0000 -0.5878
vn -0.7099 -0.0000 -0.7043
vn -0.8259 -0.0000 -0.5638
vn -0.9883 -0.0000 -0.1525
vn -0.9997 -0.0000 -0.0226
vn -1.0000 -0.0000 -0.0000
vn -0.9511 -0.0000 -0.3090
vn -0.9610 -0.0000 -0.2766
vn -0.8208 -0.0000 0.5711
vn -0.8090 -0.0000 0.5878
vn -0.9511 -0.0000 0.3090
vn -0.9581 -0.0000 0.2864
vn 0.3109 0.0001 0.9504
vn 0.3763 0.0001 0.9265
vn 0.0599 -0.0000 0.9982
vn -0.0008 0.0001 1.0000
vn -0.6492 -0.0000 0.7606
vn -0.5878 -0.0000 0.8090
vn -0.7099 -0.0000 0.7043
vn 0.5130 -0.7176 -0.4711
vn -0.2177 0.0001 0.9760
vn -0.3062 0.0001 0.9520
vn -0.1620 0.0001 0.9868
vn -0.4504 -0.0000 0.8928
vn 0.8259 -0.0000 0.5638
vn 0.8090 -0.0000 0.5878
vn 0.9511 -0.0000 0.3090
vn 0.9610 -0.0000 0.2766
vn 0.6384 -0.0000 0.7697
vn 0.5888 0.0001 0.8083
vn 0.7099 -0.0000 0.7043
vn 0.0611 -0.9442 -0.3238
vn 1.0000 -0.0000 -0.0000
vn 0.9997 -0.0000 0.0226
vn 0.9883 -0.0000 0.1525
vn 0.9511 -0.0000 -0.3090
vn 0.9581 -0.0000 -0.2863
vn -0.0000 1.0000 -0.0000
vn 0.7099 -0.0000 -0.7043
vn 0.8209 -0.0000 -0.5711
vn 0.8090 -0.0000 -0.5878
vn 0.4540 0.0001 0.8910
vn -0.4505 -0.0000 0.8928
vt 0.611738 0.307814
vt 0.983846 0.513659
vt 1.000000 0.519904
vt 1.000000 0.590057
vt 0.933219 0.564242
vt 0.520899 0.336155
vt 0.201990 0.078925
vt 0.141525 0.000000
vt 0.265956 0.000000
vt 0.323928 0.075670
vt 0.519904 0.519904
vt 0.644938 0.000000
vt 0.731962 0.000000
vt 0.590057 0.590057
vt 0.419246 0.419246
vt 0.328932 0.328932
vt 0.327190 0.000000
vt 0.417025 0.000000
vt 1.000000 0.280619
vt 0.767992 0.000000
vt 0.838839 0.000000
vt 1.000000 0.194929
vt 0.280619 0.280619
vt 0.194929 0.194929
vt 0.844412 0.246480
vt 1.000000 0.268038
vt 1.000000 0.355062
vt 0.706945 0.314457
vt 1.000000 0.836739
vt 1.000000 0.886593
vt 0.838839 0.838839
vt 0.767992 0.767992
vt 0.905454 0.143242
vt 0.886593 0.886593
vt 0.836739 0.836739
vt 0.854335 0.143207
vt 0.649408 0.521412
vt 1.000000 0.688932
vt 0.999049 0.810864
vt 0.872543 0.750417
vt 1.000000 0.748034
vt 1.000000 0.846177
vt 0.811260 0.811260
vt 0.794475 0.710012
vt 1.000000 0.000000
vt 0.991416 0.158898
vt 0.806282 0.000000
vt 0.165574 0.165574
vt 0.000000 0.000000
vt 0.040981 0.000000
vt 1.000000 0.582975
vt 1.000000 0.672810
vt 0.040981 0.040981
vt 0.193718 0.000000
vt 1.000000 0.276766
vt 1.000000 0.368341
vt 0.064067 0.376326
vt 0.061031 0.399418
vt 0.050161 0.411090
vt 0.038323 0.423707
vt 0.038323 0.306526
vt 0.073147 0.306526
vt 0.649936 0.036889
vt 0.649936 0.001744
vt 0.696352 0.001744
vt 0.696329 0.008666
vt 0.694984 0.009488
vt 0.696352 0.008609
vt 0.699128 0.001744
vt 0.603520 0.075020
vt 0.603520 0.001744
vt 0.649936 0.036889
vt 0.561536 0.001744
vt 0.603520 0.075020
vt 0.567258 0.112952
vt 0.564191 0.116001
vt 0.561536 0.117481
vt 0.343505 0.301289
vt 0.310121 0.301289
vt 0.310219 0.185474
vt 0.314478 0.183617
vt 0.317847 0.182190
vt 0.343505 0.171739
vt 0.417708 0.144580
vt 0.431794 0.147819
vt 0.431794 0.301289
vt 0.385319 0.301289
vt 0.385319 0.156009
vt 0.520082 0.169879
vt 0.520082 0.301289
vt 0.478268 0.301289
vt 0.478268 0.159102
vt 0.478268 0.159102
vt 0.467655 0.590348
vt 0.467655 0.511163
vt 0.509545 0.545575
vt 0.509545 0.590348
vt 0.553466 0.183105
vt 0.553466 0.301289
vt 0.520082 0.169879
vt 0.524909 0.171219
vt 0.549676 0.178142
vt 0.343505 0.171739
vt 0.723234 0.000000
vt 0.848955 0.289944
vt 0.900569 0.615785
vt 0.846177 0.846177
vt 0.748034 0.748034
vt 0.799595 0.573947
vt 0.753014 0.279880
vt 0.631658 0.000000
vt 0.551434 0.571061
vt 0.551434 0.590348
vt 0.509545 0.545575
vt 0.549969 0.570167
vt 0.552113 0.571323
vt 0.559807 0.590348
vt 0.784945 0.458612
vt 0.784945 0.590348
vt 0.747208 0.590348
vt 0.747208 0.444416
vt 0.815073 0.471678
vt 0.815073 0.590348
vt 0.784945 0.458612
vt 0.805233 0.466876
vt 0.809528 0.468696
vt 0.734044 0.000000
vt 0.858475 0.000000
vt 0.815673 0.217193
vt 0.631672 0.501592
vt 0.328932 0.000000
vt 0.419246 0.000000
vt 0.530410 0.447362
vt 0.696462 0.190698
vt 0.705266 0.590348
vt 0.705266 0.437486
vt 0.718770 0.434381
vt 0.747208 0.444416
vt 0.663324 0.590348
vt 0.663324 0.447669
vt 0.110308 0.281063
vt 0.152198 0.302534
vt 0.194088 0.281063
vt 0.202461 0.276838
vt 0.201391 0.277378
vt 0.198614 0.294994
vt 0.152198 0.287868
vt 0.105782 0.278779
vt 0.063798 0.253257
vt 0.030679 0.208788
vt 0.009164 0.198614
vt 0.001992 0.152139
vt 0.009164 0.105665
vt 0.030679 0.063851
vt 0.063798 0.030467
vt 0.101224 0.027799
vt 0.107242 0.013779
vt 0.072419 0.042333
vt 0.042529 0.072461
vt 0.023112 0.110197
vt 0.016640 0.152139
vt 0.023112 0.194082
vt 0.042529 0.231818
vt 0.072419 0.261946
vt 0.602597 0.463820
vt 0.624419 0.457720
vt 0.625587 0.457395
vt 0.625587 0.590348
vt 0.595459 0.590348
vt 0.595459 0.473167
vt 0.429766 0.590348
vt 0.429765 0.471678
vt 0.432651 0.474547
vt 0.821208 0.604825
vt 0.821208 0.486641
vt 0.839243 0.505863
vt 0.846793 0.513970
vt 0.848902 0.530011
vt 0.858634 0.604825
s 0
usemtl lambert2SG
f 780/986/395 779/987/395 781/988/395 783/989/395 782/990/395 784/991/395 785/992/395 786/993/395 788/994/395 787/995/395
f 781/996/396 789/997/396 790/998/396 783/999/396
f 798/1000/397 797/1001/397 802/1002/397 801/1003/397
f 804/1004/398 803/1005/398 806/1006/398 805/1007/398
f 804/1008/399 805/1009/399 808/1010/399 790/1011/399 789/1012/399 807/1013/399
f 810/1014/400 809/1015/400 806/1016/400 803/1017/400
f 811/1018/401 809/1019/401 810/1020/401 813/1021/401
f 815/1022/402 767/1023/402 820/1024/402 817/1025/402
f 822/1026/403 821/1027/403 820/1028/403 767/1029/403
f 718/1030/404 792/1031/404 791/1032/404
f 792/1033/405 718/1034/405 794/1035/405 801/1036/405 802/1037/405
f 794/1038/406 718/1034/406 791/1039/406 823/1040/406 793/1041/406
s 1
f 761/1042/407 754/1043/407 757/1044/407 759/1045/408 843/1046/409 814/1047/407
f 825/1048/410 832/1049/411 833/1050/412 765/1051/413 769/1052/414
f 765/1053/413 833/1050/412 818/1054/415
f 824/1055/416 831/1056/417 832/1049/411 825/1057/410
f 830/1058/418 831/1056/417 824/1059/416 770/1060/419 777/1061/419 776/1062/420
f 829/1063/421 830/1064/418 776/1065/420 752/1066/422 747/1067/422 796/1068/423
f 737/1069/424 734/1070/425 846/1071/426 828/1072/427 795/1073/428
f 738/1074/429 835/1075/430 836/1076/431 735/1077/432
f 846/1071/426 734/1070/425 735/1078/432 836/1076/431
f 720/1079/433 827/1080/434 775/1081/435 841/1082/436
f 758/1083/437 730/1084/438 835/1075/430 738/1085/429 739/1086/439 745/1087/439
f 828/1072/427 829/1063/421 796/1088/423 795/1073/428
s 0
f 823/1089/440 772/1090/440 774/1091/440 821/1092/440 822/1093/440 826/1094/440 773/1095/440 793/1096/440
s 1
f 819/1097/441 842/1098/442 841/1082/436 775/1099/435 768/1100/443
f 842/1098/442 819/1101/441 816/1102/444
f 799/1103/445 838/1104/446 837/1105/447 800/1106/448
f 778/1107/449 839/1108/450 838/1104/446 799/1109/445 746/1110/451 753/1111/451
s 0
f 788/1112/452 786/1113/452 748/1114/452 751/1115/452 797/1116/452 798/1117/452 749/1118/452 750/1119/452
s 1
f 837/1105/447 847/1120/453 736/1121/454 743/1122/455 800/1123/448
f 736/1121/454 847/1120/453 717/1124/456 742/1125/457
f 840/1126/458 715/1127/458 721/1128/458 764/1129/458 766/1130/458 729/1131/458 728/1132/458 727/1133/458 726/1134/458 725/1135/458 724/1136/458 733/1137/458 732/1138/458 731/1139/458 834/1140/458 812/1141/458 763/1142/458 716/1143/458 844/1144/458 845/1145/458 723/1146/458 713/1147/458 719/1148/458 714/1149/458
f 744/1150/459 740/1151/459 741/1152/460 722/1153/461 843/1154/409 759/1155/408
f 742/1125/457 717/1124/456 722/1153/461 741/1152/460
f 827/1080/434 720/1079/433 839/1156/450 778/1157/449 771/1158/462
f 730/1159/438 758/1160/437 755/1161/463 756/1162/463 760/1163/463 762/1164/463
o RedMug_cell.008
v 0.127448 0.517290 -0.379254
v 0.297744 0.517290 -0.144862
v 0.230682 0.517290 -0.275198
v 0.157222 0.517290 -0.420235
v 0.271610 0.517290 -0.304935
v 0.345920 0.271144 -0.160515
v 0.345920 0.517290 -0.160515
v 0.370690 0.244746 0.000001
v 0.370690 0.517290 0.000001
v 0.345920 0.271144 0.160517
v 0.370690 -0.195066 0.000001
v 0.345920 -0.221145 -0.160515
v 0.370690 0.420615 0.000001
v 0.345920 0.394217 -0.160515
v 0.358940 0.376648 0.076155
v 0.358938 0.288714 0.076155
v 0.358940 0.376648 -0.076153
v 0.358938 0.288714 -0.076153
v 0.358873 -0.239075 -0.076583
v 0.358938 0.332682 -0.083768
v 0.345920 0.332681 -0.160515
v 0.358938 0.332682 0.083770
v 0.345920 -0.283364 -0.160515
v 0.372876 0.269858 0.001048
v 0.362234 0.304609 0.055637
v 0.372876 0.395505 -0.001046
v 0.362234 0.360754 -0.055635
v 0.362395 0.362559 0.054382
v 0.363505 0.333882 0.063078
v 0.362395 0.302802 -0.054380
v 0.363505 0.331479 -0.063076
v 0.429217 0.300681 0.055563
v 0.435075 0.266119 0.000857
v 0.429337 0.299180 -0.054536
v 0.432706 0.327698 -0.063126
v 0.434076 0.356778 -0.055566
v 0.445824 0.390910 -0.000857
v 0.434275 0.358251 0.054539
v 0.432757 0.329674 0.063126
v 0.482936 0.280173 0.055489
v 0.475453 0.247644 0.000665
v 0.482788 0.278954 -0.054693
v 0.495558 0.304532 -0.063177
v 0.506832 0.330955 -0.055498
v 0.528073 0.360032 -0.000669
v 0.507265 0.332041 0.054696
v 0.495946 0.306063 0.063173
v 0.525144 0.236327 0.055414
v 0.503316 0.211874 0.000473
v 0.524754 0.235486 -0.054851
v 0.547275 0.253303 -0.063228
v 0.568948 0.272157 -0.055432
v 0.599497 0.290723 -0.000482
v 0.569538 0.272754 0.054851
v 0.547927 0.254259 0.063219
v 0.557105 0.165839 0.055338
v 0.527387 0.151936 0.000280
v 0.556754 0.165335 -0.055010
v 0.584069 0.174820 -0.063280
v 0.611017 0.185176 -0.055366
v 0.645213 0.194076 -0.000296
v 0.611474 0.185386 0.055005
v 0.584607 0.175292 0.063264
v 0.574468 0.074557 0.055262
v 0.541981 0.070104 0.000087
v 0.574330 0.074216 -0.055169
v 0.603222 0.077128 -0.063333
v 0.631937 0.080580 -0.055300
v 0.666860 0.082863 -0.000110
v 0.632106 0.080608 0.055160
v 0.603423 0.077369 0.063309
v 0.574313 -0.024243 0.055186
v 0.541973 -0.019973 -0.000106
v 0.574434 -0.024583 -0.055327
v 0.603402 -0.027500 -0.063385
v 0.632168 -0.030216 -0.055234
v 0.666885 -0.033337 0.000077
v 0.632012 -0.030186 0.055315
v 0.603214 -0.027258 0.063355
v 0.556687 -0.115390 0.055112
v 0.527358 -0.101850 -0.000298
v 0.557024 -0.115891 -0.055484
v 0.584556 -0.125458 -0.063435
v 0.611681 -0.135082 -0.055166
v 0.645265 -0.144631 0.000266
v 0.611237 -0.134871 0.055472
v 0.584032 -0.124989 0.063403
v 0.524650 -0.185586 0.055040
v 0.503275 -0.161874 -0.000488
v 0.525028 -0.186421 -0.055639
v 0.547850 -0.204487 -0.063483
v 0.569910 -0.222655 -0.055095
v 0.599521 -0.241417 0.000458
v 0.569337 -0.222052 0.055632
v 0.547209 -0.203536 0.063452
v 0.482682 -0.229108 0.054970
v 0.475409 -0.197743 -0.000677
v 0.482824 -0.230322 -0.055792
v 0.495862 -0.256374 -0.063528
v 0.507784 -0.282283 -0.055021
v 0.528015 -0.310895 0.000653
v 0.435060 -0.216329 -0.000864
v 0.429139 -0.250918 -0.055942
v 0.432687 -0.280112 -0.063571
v 0.320099 0.467745 0.000001
v 0.313222 0.517290 -0.044559
v 0.369609 0.517290 0.007009
v 0.265129 0.133148 0.208252
v 0.300985 0.124350 0.247847
v 0.297744 0.253787 0.144864
v 0.355414 0.381405 0.098999
v 0.345920 0.290555 0.160517
v 0.350700 0.332681 0.132337
v 0.352723 0.355655 0.116436
v 0.254484 0.093650 0.228940
v 0.292367 0.092371 0.264596
v 0.290991 0.086675 0.267271
v 0.252784 0.086614 0.232243
v 0.255708 0.074482 0.226561
v 0.293357 0.076852 0.262670
v 0.268282 0.043604 0.202122
v 0.307850 0.041265 0.234504
v 0.297744 -0.028299 0.144863
v 0.302209 -0.256582 -0.115929
v 0.367194 -0.254677 -0.056080
v 0.361725 -0.252861 -0.058824
v 0.358873 -0.270717 -0.082062
v 0.345920 -0.051646 0.160517
v 0.320099 -0.170304 0.000001
v 0.357698 -0.277661 -0.091158
v 0.356388 -0.283311 -0.098872
v 0.350533 -0.308560 -0.133349
v 0.369308 -0.200214 0.008959
v 0.383349 -0.219553 -0.001016
v 0.372033 -0.210580 -0.000646
v 0.369466 -0.224793 -0.019407
v 0.437889 -0.307768 -0.054948
v 0.432173 -0.232812 0.026912
v 0.395095 -0.282494 -0.063594
v 0.498420 -0.251928 0.063501
v 0.492643 -0.249138 0.061612
v 0.516533 -0.272447 0.055770
v 0.516572 -0.277222 0.050267
v 0.517053 -0.295128 0.029927
v 0.513593 -0.310356 0.009197
v 0.466825 -0.235138 0.054950
v 0.476211 -0.312644 -0.026613
v 0.512414 -0.316789 0.000691
v 0.027302 0.517290 -0.429780
v 0.013482 0.492193 -0.492758
v 0.023643 0.517290 -0.487631
v 0.000267 0.450517 -0.443420
v 0.017957 0.417185 -0.434495
v 0.024232 0.471938 -0.487334
v 0.296592 -0.278859 -0.147101
v 0.345919 -0.325753 -0.160515
v 0.323989 -0.247789 -0.203137
v 0.277126 -0.209656 -0.184933
v 0.230682 -0.043235 -0.275198
v 0.271610 -0.060103 -0.304935
v 0.127448 0.211974 -0.379254
v 0.157223 0.222680 -0.420235
v 0.320099 0.467745 0.000001
v 0.313222 0.517290 -0.044559
v 0.313222 0.517290 -0.044559
v 0.437889 -0.307768 -0.054948
v 0.437889 -0.307768 -0.054948
v 0.395095 -0.282494 -0.063594
v 0.395095 -0.282494 -0.063594
v 0.302209 -0.256582 -0.115929
v 0.296592 -0.278859 -0.147101
v 0.369609 0.517290 0.007009
v 0.369609 0.517290 0.007009
v 0.355414 0.381405 0.098999
v 0.352723 0.355655 0.116436
v 0.369308 -0.200214 0.008959
v 0.372033 -0.210580 -0.000646
v 0.297744 0.253787 0.144864
v 0.265129 0.133148 0.208252
v 0.345920 0.290555 0.160517
v 0.300985 0.124350 0.247847
v 0.350700 0.332681 0.132337
v 0.292367 0.092371 0.264596
v 0.254484 0.093650 0.228940
v 0.252784 0.086614 0.232243
v 0.290991 0.086675 0.267271
v 0.293357 0.076852 0.262670
v 0.255708 0.074482 0.226561
v 0.307850 0.041265 0.234504
v 0.268282 0.043604 0.202122
v 0.297744 -0.028299 0.144863
v 0.320099 -0.170304 0.000001
v 0.356388 -0.283311 -0.098872
v 0.350533 -0.308560 -0.133349
v 0.357698 -0.277661 -0.091158
v 0.358873 -0.270717 -0.082062
v 0.361725 -0.252861 -0.058824
v 0.369466 -0.224793 -0.019407
v 0.345920 -0.051646 0.160517
v 0.476211 -0.312644 -0.026613
v 0.512414 -0.316789 0.000691
v 0.512414 -0.316789 0.000691
v 0.513593 -0.310356 0.009197
v 0.517053 -0.295128 0.029927
v 0.516572 -0.277222 0.050267
v 0.516533 -0.272447 0.055770
v 0.516533 -0.272447 0.055770
v 0.498420 -0.251928 0.063501
v 0.498420 -0.251928 0.063501
v 0.492643 -0.249138 0.061612
v 0.466825 -0.235138 0.054950
v 0.466825 -0.235138 0.054950
v 0.432173 -0.232812 0.026912
v 0.383349 -0.219553 -0.001016
v 0.383349 -0.219553 -0.001016
v 0.367194 -0.254677 -0.056080
v 0.367194 -0.254677 -0.056080
v 0.027302 0.517290 -0.429780
v 0.027302 0.517290 -0.429780
v 0.000267 0.450517 -0.443420
v 0.023643 0.517290 -0.487631
v 0.023643 0.517290 -0.487631
v 0.013482 0.492193 -0.492758
v 0.024232 0.471938 -0.487334
v 0.017957 0.417185 -0.434495
v 0.277126 -0.209656 -0.184933
v 0.345919 -0.325753 -0.160515
v 0.323989 -0.247789 -0.203137
v 0.230682 -0.043235 -0.275198
v 0.127448 0.211974 -0.379254
v 0.157223 0.222680 -0.420235
v 0.271610 -0.060103 -0.304935
v 0.157222 0.517290 -0.420235
v 0.271610 0.517290 -0.304935
v 0.345920 0.517290 -0.160515
v 0.370690 0.517290 0.000001
v 0.127448 0.517290 -0.379254
v 0.230682 0.517290 -0.275198
v 0.297744 0.517290 -0.144862
v 0.435060 -0.216329 -0.000864
v 0.429139 -0.250918 -0.055942
v 0.432687 -0.280112 -0.063571
v 0.429217 0.300681 0.055563
v 0.435075 0.266119 0.000857
v 0.429337 0.299180 -0.054536
v 0.432706 0.327698 -0.063126
v 0.434076 0.356778 -0.055566
v 0.445824 0.390910 -0.000857
v 0.434275 0.358251 0.054539
v 0.432757 0.329674 0.063126
v 0.482936 0.280173 0.055489
v 0.475453 0.247644 0.000665
v 0.482788 0.278954 -0.054693
v 0.495558 0.304532 -0.063177
v 0.506832 0.330955 -0.055498
v 0.528073 0.360032 -0.000669
v 0.507265 0.332041 0.054696
v 0.495946 0.306063 0.063173
v 0.525144 0.236327 0.055414
v 0.503316 0.211874 0.000473
v 0.524754 0.235486 -0.054851
v 0.547275 0.253303 -0.063228
v 0.568948 0.272157 -0.055432
v 0.599497 0.290723 -0.000482
v 0.569538 0.272754 0.054851
v 0.547927 0.254259 0.063219
v 0.557105 0.165839 0.055338
v 0.527387 0.151936 0.000280
v 0.556754 0.165335 -0.055010
v 0.584069 0.174820 -0.063280
v 0.611017 0.185176 -0.055366
v 0.645213 0.194076 -0.000296
v 0.611474 0.185386 0.055005
v 0.584607 0.175292 0.063264
v 0.574468 0.074557 0.055262
v 0.541981 0.070104 0.000087
v 0.574330 0.074216 -0.055169
v 0.603222 0.077128 -0.063333
v 0.631937 0.080580 -0.055300
v 0.666860 0.082863 -0.000110
v 0.632106 0.080608 0.055160
v 0.603423 0.077369 0.063309
v 0.574313 -0.024243 0.055186
v 0.541973 -0.019973 -0.000106
v 0.574434 -0.024583 -0.055327
v 0.603402 -0.027500 -0.063385
v 0.632168 -0.030216 -0.055234
v 0.666885 -0.033337 0.000077
v 0.632012 -0.030186 0.055315
v 0.603214 -0.027258 0.063355
v 0.556687 -0.115390 0.055112
v 0.527358 -0.101850 -0.000298
v 0.557024 -0.115891 -0.055484
v 0.584556 -0.125458 -0.063435
v 0.611681 -0.135082 -0.055166
v 0.645265 -0.144631 0.000266
v 0.611237 -0.134871 0.055472
v 0.584032 -0.124989 0.063403
v 0.524650 -0.185586 0.055040
v 0.503275 -0.161874 -0.000488
v 0.525028 -0.186421 -0.055639
v 0.547850 -0.204487 -0.063483
v 0.569910 -0.222655 -0.055095
v 0.599521 -0.241417 0.000458
v 0.569337 -0.222052 0.055632
v 0.547209 -0.203536 0.063452
v 0.482682 -0.229108 0.054970
v 0.475409 -0.197743 -0.000677
v 0.482824 -0.230322 -0.055792
v 0.495862 -0.256374 -0.063528
v 0.507784 -0.282283 -0.055021
v 0.528015 -0.310895 0.000653
vn -0.9955 0.0001 0.0945
vn -0.9973 0.0001 0.0740
vn -0.9739 -0.0000 -0.2272
vn -0.9783 -0.0000 -0.2070
vn -0.5870 0.4941 0.6413
vn -0.6026 0.4537 0.6565
vn -0.6021 -0.4530 0.6575
vn -0.5024 -0.6531 0.5667
vn -0.5012 -0.6554 0.5651
vn -0.9294 0.3643 0.0588
vn -0.6372 -0.4961 -0.5898
vn -0.5071 -0.6700 0.5422
vn -0.6355 -0.5003 -0.5881
vn -0.6347 -0.4978 -0.5911
vn 0.6706 -0.0000 -0.7419
vn 0.5878 -0.0000 -0.8090
vn 0.8090 -0.0000 -0.5878
vn 0.8648 -0.0000 -0.5021
vn 0.9870 0.0145 0.1599
vn 0.9861 0.0216 0.1645
vn 0.9999 0.0125 0.0013
vn 1.0000 -0.0000 -0.0000
vn 0.9883 -0.0000 0.1525
vn 0.9511 -0.0000 -0.3090
vn 0.9507 0.0025 -0.3102
vn 0.9501 -0.0000 -0.3118
vn 0.9507 -0.0025 -0.3102
vn 0.9506 0.0025 -0.3103
vn 0.9494 0.0029 -0.3140
vn 0.9621 -0.0000 -0.2726
vn 0.8892 -0.0000 -0.4575
vn 0.9999 -0.0125 -0.0013
vn 0.9998 0.0218 0.0027
vn 0.9870 0.0162 -0.1596
vn 0.9865 -0.0186 -0.1630
vn 0.9864 -0.0197 0.1635
vn 0.9508 -0.0029 0.3099
vn 0.9739 -0.0000 0.2272
vn 0.9849 0.0319 0.1703
vn -0.5863 0.4953 0.6411
vn 0.9870 0.0091 -0.1602
vn 0.9880 0.0144 -0.1541
vn 0.9873 0.0113 -0.1584
vn -0.9507 0.0001 0.3101
vn -0.8090 -0.0000 0.5878
vn -0.8648 -0.0000 0.5021
vn -0.8892 -0.0000 0.4575
vn -0.9630 0.0001 0.2695
vn -0.6706 -0.0000 0.7419
vn -0.5878 -0.0000 0.8090
vn -0.4504 -0.0000 0.8928
vn -0.9879 0.0001 0.1553
vn -0.8892 -0.0000 -0.4575
vn 0.9775 -0.0110 0.2105
vn 0.8892 -0.0000 0.4575
vn -0.0000 1.0000 -0.0000
vn 0.9863 0.0192 -0.1638
vn 0.9867 0.0005 -0.1628
vn 0.9864 0.0022 0.1641
vn 0.9861 0.0232 0.1643
vn 0.9872 -0.0021 0.1592
vn 0.4505 -0.0000 -0.8928
vn 0.9859 -0.0000 -0.1674
vn 0.7791 -0.6267 0.0161
vn 0.7376 -0.3413 0.5826
vn 0.9844 0.0389 -0.1718
vn 0.9932 0.0564 -0.1021
vn 0.9798 0.0490 -0.1938
vn 0.8161 0.5778 -0.0147
vn 0.7576 0.3373 -0.5589
vn 0.7575 0.3521 0.5497
vn 0.6958 0.0207 0.7179
vn 0.7364 -0.3580 -0.5741
vn 0.6949 -0.0087 -0.7190
vn -0.2468 0.8347 0.4924
vn -0.2198 0.8404 0.4954
vn -0.0552 0.8612 0.5053
vn -0.0508 0.8484 -0.5268
vn -0.2126 0.8313 -0.5135
vn -0.1745 0.8374 -0.5180
vn -0.0138 0.2496 -0.9683
vn -0.0540 0.2456 -0.9679
vn -0.0497 0.2460 -0.9680
vn 0.0192 -0.2943 -0.9555
vn 0.0607 -0.2841 -0.9569
vn 0.0707 -0.2815 -0.9569
vn -0.2107 -0.8302 0.5161
vn -0.1729 -0.8361 0.5206
vn -0.1773 -0.8487 -0.4983
vn -0.2135 -0.8425 -0.4946
vn -0.0576 -0.2804 -0.9581
vn -0.0622 -0.2795 -0.9581
vn 0.0474 0.2473 -0.9678
vn 0.0546 0.2469 -0.9675
vn 0.1768 0.8194 -0.5452
vn 0.1660 0.8218 -0.5451
vn 0.1683 0.8350 0.5238
vn 0.1789 0.8326 0.5242
vn 0.0614 0.2819 0.9575
vn 0.0536 0.2832 0.9576
vn -0.0547 -0.2446 0.9681
vn -0.0505 -0.2450 0.9682
vn -0.5268 -0.6906 0.4954
vn -0.4840 -0.7196 0.4979
vn -0.4922 -0.7259 -0.4804
vn -0.5321 -0.6983 -0.4787
vn -0.1517 -0.2402 -0.9588
vn -0.1588 -0.2355 -0.9588
vn 0.1329 0.2221 -0.9659
vn 0.1423 0.2171 -0.9657
vn 0.4470 0.7063 -0.5488
vn 0.4392 0.7112 -0.5489
vn 0.4441 0.7205 0.5326
vn 0.4519 0.7156 0.5326
vn 0.1564 0.2411 0.9578
vn 0.1467 0.2471 0.9578
vn -0.1433 -0.2123 0.9666
vn -0.1364 -0.2161 0.9668
vn -0.7426 -0.4551 0.4914
vn -0.7296 -0.4772 0.4899
vn -0.7366 -0.4787 -0.4777
vn -0.7483 -0.4584 -0.4795
vn -0.2312 -0.1620 -0.9593
vn -0.2331 -0.1587 -0.9594
vn 0.2131 0.1567 -0.9644
vn 0.2163 0.1522 -0.9644
vn 0.6825 0.4872 -0.5448
vn 0.6774 0.4942 -0.5448
vn 0.6831 0.4991 0.5333
vn 0.6880 0.4922 0.5334
vn 0.2319 0.1647 0.9587
vn 0.2290 0.1695 0.9585
vn -0.2163 -0.1473 0.9651
vn -0.2143 -0.1503 0.9651
vn -0.8287 -0.2471 0.5022
vn -0.8263 -0.2561 0.5017
vn -0.8306 -0.2560 -0.4945
vn -0.8326 -0.2482 -0.4951
vn -0.2631 -0.0848 -0.9610
vn -0.2633 -0.0839 -0.9611
vn 0.2524 0.0846 -0.9639
vn 0.2530 0.0828 -0.9639
vn 0.7998 0.2620 -0.5400
vn 0.7982 0.2666 -0.5401
vn 0.8024 0.2683 0.5331
vn 0.8038 0.2639 0.5331
vn 0.2642 0.0872 0.9605
vn 0.2638 0.0890 0.9605
vn -0.2518 -0.0802 0.9645
vn -0.2515 -0.0810 0.9645
vn -0.8583 -0.0777 0.5072
vn -0.8581 -0.0801 0.5072
vn -0.8596 -0.0794 -0.5047
vn -0.8598 -0.0778 -0.5048
vn -0.2700 -0.0254 -0.9625
vn -0.2700 -0.0253 -0.9625
vn 0.2671 0.0266 -0.9633
vn 0.2672 0.0259 -0.9633
vn 0.8401 0.0809 -0.5363
vn 0.8399 0.0828 -0.5363
vn 0.8415 0.0831 0.5339
vn 0.8416 0.0815 0.5339
vn 0.2711 0.0268 0.9622
vn 0.2711 0.0274 0.9622
vn -0.2659 -0.0249 0.9637
vn -0.2659 -0.0250 0.9637
vn -0.8598 0.0782 0.5046
vn -0.8597 0.0801 0.5045
vn -0.8583 0.0808 -0.5068
vn -0.8585 0.0781 -0.5068
vn -0.2659 0.0260 -0.9636
vn -0.2660 0.0258 -0.9636
vn 0.2710 -0.0261 -0.9622
vn 0.8415 -0.0813 -0.5341
vn 0.8415 -0.0815 -0.5341
vn 0.8401 -0.0812 0.5363
vn 0.8402 -0.0807 0.5363
vn 0.2672 -0.0252 0.9633
vn 0.2672 -0.0253 0.9633
vn -0.2698 0.0263 0.9625
vn -0.2698 0.0265 0.9625
vn -0.8329 0.2486 0.4944
vn -0.8309 0.2567 0.4937
vn -0.8267 0.2568 -0.5007
vn -0.8291 0.2475 -0.5013
vn -0.2513 0.0821 -0.9644
vn -0.2517 0.0812 -0.9644
vn 0.2637 -0.0873 -0.9607
vn 0.2639 -0.0863 -0.9607
vn 0.8038 -0.2637 -0.5333
vn 0.8029 -0.2664 -0.5333
vn 0.7989 -0.2647 0.5401
vn 0.7999 -0.2617 0.5401
vn 0.2529 -0.0818 0.9640
vn 0.2526 -0.0830 0.9640
vn -0.2630 0.0849 0.9611
vn -0.2628 0.0859 0.9610
vn -0.7490 0.4586 0.4782
vn -0.7372 0.4793 0.4763
vn -0.7303 0.4777 -0.4882
vn -0.7434 0.4554 -0.4898
vn -0.2138 0.1513 -0.9651
vn -0.2160 0.1482 -0.9651
vn 0.2295 -0.1672 -0.9589
vn 0.2317 -0.1634 -0.9590
vn 0.6880 -0.4918 -0.5336
vn 0.6847 -0.4965 -0.5335
vn 0.6792 -0.4917 0.5448
vn 0.6827 -0.4869 0.5448
vn 0.2162 -0.1507 0.9646
vn 0.2137 -0.1543 0.9646
vn -0.2325 0.1595 0.9594
vn -0.2305 0.1630 0.9593
vn -0.5355 0.6962 0.4781
vn -0.4960 0.7235 0.4801
vn -0.4853 0.7203 -0.4957
vn -0.5284 0.6910 -0.4933
vn -0.1357 0.2169 -0.9667
vn -0.1427 0.2130 -0.9666
vn 0.1483 -0.2447 -0.9582
vn 0.1568 -0.2394 -0.9582
vn 0.4528 -0.7148 -0.5329
vn 0.4477 -0.7180 -0.5329
vn 0.4469 -0.7074 0.5476
vn 0.5852 -0.6059 0.5390
vn 0.5463 -0.6376 0.5432
vn 0.1873 -0.1908 0.9636
vn -0.2066 0.2039 0.9569
vn -0.1583 0.2337 0.9593
vn -0.1869 0.2162 0.9583
vn -0.3438 0.8082 0.4782
vn 0.2963 -0.7985 -0.5241
vn 0.2901 -0.7904 0.5396
vn -0.1026 0.2667 0.9583
vt 0.313823 0.577249
vt 0.313823 0.392513
vt 0.355766 0.433628
vt 0.355766 0.515301
vt 0.710893 0.710893
vt 0.642914 0.642914
vt 1.000000 0.619823
vt 1.000000 0.692198
vt 0.619823 0.619823
vt 1.000000 0.544910
vt 1.000000 0.631546
vt 0.692198 0.692198
vt 0.631546 0.631546
vt 0.544910 0.544910
vt 1.000000 0.555186
vt 1.000000 0.639866
vt 0.639866 0.639866
vt 0.555186 0.555186
vt 0.366246 0.000000
vt 0.422108 0.000000
vt 0.366246 0.366246
vt 0.429041 0.310392
vt 0.503113 0.146559
vt 0.504246 0.000000
vt 0.587314 0.000000
vt 0.587846 0.043817
vt 0.587965 0.053620
vt 0.587504 0.065021
vt 0.586084 0.094082
vt 0.588392 0.144628
vt 0.587677 0.168205
vt 0.580745 0.178531
vt 0.503250 0.349937
vt 0.422108 0.422108
vt 0.708844 0.131605
vt 0.763736 0.182083
vt 0.815453 0.230411
vt 0.815153 0.241107
vt 0.815374 0.267426
vt 0.809293 0.291577
vt 0.807796 0.298151
vt 0.776347 0.299590
vt 0.767450 0.294833
vt 0.727232 0.275709
vt 0.678225 0.227171
vt 0.606162 0.172647
vt 0.594256 0.099729
vt 0.641554 0.102776
vt 0.312091 0.000000
vt 0.481711 0.354564
vt 0.253407 0.133263
vt 0.189655 0.000000
vt 0.163089 0.000000
vt 0.268374 0.000000
vt 0.312091 0.312091
vt 0.189655 0.189655
vt 0.522897 0.000000
vt 0.603258 0.000000
vt 1.000000 0.412686
vt 1.000000 0.495754
vt 0.477103 0.000000
vt 1.000000 0.407774
vt 1.000000 0.470888
vt 0.396742 0.000000
vt 0.470888 0.470888
vt 0.407774 0.407774
vt 0.553309 0.327062
vt 0.691239 0.163856
vt 0.731626 0.000000
vt 0.836911 0.000000
vt 0.787853 0.199024
vt 0.635018 0.379864
vt 0.988082 0.215990
vt 0.988082 0.301289
vt 0.954698 0.301289
vt 0.954698 0.134115
vt 0.837747 0.261946
vt 0.844361 0.260569
vt 0.866410 0.273299
vt 0.866410 0.301289
vt 0.864381 0.301289
vt 0.954698 0.134115
vt 0.912884 0.301289
vt 0.912884 0.265655
vt 0.912884 0.247839
vt 0.912884 0.230022
vt 0.912884 0.087488
vt 0.912884 0.069474
vt 0.912884 0.057201
vt 0.925224 0.079774
vt 0.866410 0.222379
vt 0.866410 0.095039
vt 0.888583 0.082297
vt 0.888459 0.235109
vt 0.844361 0.235109
vt 0.819935 0.230022
vt 0.819935 0.136564
vt 0.863816 0.093549
vt 0.566178 0.495655
vt 0.646930 0.503542
vt 0.561864 0.418534
vt 0.740544 0.456102
vt 0.586813 0.235796
vt 0.642914 0.000000
vt 0.710893 0.000000
vt 0.633603 0.324859
vt 0.602970 0.404225
vt 0.585289 0.447245
vt 0.895037 0.069489
vt 0.890170 0.073136
vt 0.892803 0.071131
vt 0.271881 0.591594
vt 0.234145 0.591594
vt 0.234145 0.429304
vt 0.260279 0.381119
vt 0.271881 0.361380
vt 0.589324 0.501949
vt 0.589324 0.590348
vt 0.560328 0.590348
vt 0.552501 0.571015
vt 0.557623 0.561365
vt 0.313823 0.577249
vt 0.300921 0.591594
vt 0.271881 0.361380
vt 0.280258 0.367533
vt 0.313823 0.392513
vt 0.380109 0.468937
vt 0.374119 0.480373
vt 0.355766 0.433628
vt 0.372344 0.454447
vt 0.379420 0.463387
vt 0.381065 0.466899
vt 0.819935 0.235642
vt 0.794650 0.187520
vt 0.789801 0.178261
vt 0.789026 0.176612
vt 0.790358 0.173768
vt 0.798513 0.163464
vt 0.819935 0.136564
vt 0.302404 0.152139
vt 0.295232 0.198614
vt 0.273717 0.240428
vt 0.240598 0.273811
vt 0.201923 0.277110
vt 0.202982 0.276576
vt 0.231977 0.261946
vt 0.261866 0.231818
vt 0.281283 0.194082
vt 0.285765 0.173308
vt 0.302091 0.152139
vt 0.888459 0.260569
vt 0.890664 0.247839
vt 0.842156 0.247839
vt 0.837747 0.261946
vt 0.832699 0.254507
vt 0.828094 0.247839
vt 0.234145 0.429304
vt 0.204017 0.591594
vt 0.204017 0.503195
vt 0.738336 0.001744
vt 0.738336 0.087044
vt 0.699831 0.014875
vt 0.696718 0.009010
vt 0.699660 0.001744
vt 0.819935 0.235642
vt 0.828094 0.247839
vt 0.912884 0.057201
vt 0.905019 0.062189
vt 0.866107 0.229649
vt 0.850301 0.239711
vt 0.883441 0.078305
vt 0.866597 0.090547
vt 0.872023 0.086461
vt 0.866713 0.266028
vt 0.882518 0.255967
vt 0.850665 0.256490
vt 0.866597 0.090547
vt 0.864434 0.092955
vt 0.848147 0.248187
vt 0.882155 0.239188
vt 0.884673 0.247491
vt 0.890170 0.073136
vt 0.883441 0.078305
vt 0.830819 0.623481
vt 0.838861 0.622645
vt 0.838906 0.637617
vt 0.838906 0.637617
vt 0.854809 0.624360
vt 0.854848 0.642295
vt 0.555196 0.782589
vt 0.573132 0.781500
vt 0.574159 0.789952
vt 0.563275 0.790642
vt 0.574720 0.797450
vt 0.815661 0.629287
vt 0.799856 0.626206
vt 0.799800 0.608197
vt 0.815640 0.609893
vt 0.783808 0.629240
vt 0.783762 0.609858
vt 0.553807 0.621180
vt 0.554129 0.612877
vt 0.574165 0.613972
vt 0.573189 0.622228
vt 0.553761 0.604401
vt 0.574561 0.605552
vt 0.556842 0.594340
vt 0.577962 0.595670
vt 0.652320 0.809290
vt 0.649286 0.799751
vt 0.670097 0.798504
vt 0.673441 0.807960
vt 0.649607 0.791448
vt 0.669658 0.790230
vt 0.649239 0.782973
vt 0.668633 0.781835
vt 0.799745 0.596506
vt 0.815618 0.594340
vt 0.783717 0.594382
vt 0.592362 0.620679
vt 0.588665 0.628084
vt 0.595626 0.613028
vt 0.601777 0.604610
vt 0.691230 0.790915
vt 0.697255 0.799020
vt 0.687953 0.783394
vt 0.684186 0.775898
vt 0.776957 0.742144
vt 0.761084 0.732726
vt 0.761028 0.722370
vt 0.776935 0.729450
vt 0.745056 0.741792
vt 0.745010 0.729206
vt 0.607336 0.635512
vt 0.600816 0.640670
vt 0.613611 0.630053
vt 0.622456 0.624677
vt 0.709260 0.773750
vt 0.717935 0.778952
vt 0.703003 0.768395
vt 0.696407 0.763203
vt 0.760972 0.705015
vt 0.776913 0.709041
vt 0.744964 0.708895
vt 0.617989 0.658235
vt 0.610081 0.660981
vt 0.625792 0.655236
vt 0.635692 0.652660
vt 0.721402 0.748454
vt 0.731171 0.750970
vt 0.713623 0.745531
vt 0.705661 0.742794
vt 0.760916 0.681323
vt 0.776891 0.682612
vt 0.744918 0.682513
vt 0.623534 0.686520
vt 0.615170 0.687363
vt 0.631849 0.685521
vt 0.641960 0.684859
vt 0.727376 0.718117
vt 0.737438 0.718770
vt 0.719071 0.717180
vt 0.710688 0.716365
vt 0.760860 0.655242
vt 0.776869 0.654006
vt 0.744872 0.653908
vt 0.623587 0.716813
vt 0.615200 0.715968
vt 0.631915 0.717600
vt 0.641967 0.718503
vt 0.727349 0.686039
vt 0.737445 0.685126
vt 0.719011 0.686886
vt 0.710643 0.687760
vt 0.760805 0.631536
vt 0.776848 0.627616
vt 0.744827 0.627471
vt 0.618130 0.745175
vt 0.610159 0.742405
vt 0.625984 0.747962
vt 0.635707 0.750726
vt 0.721334 0.655729
vt 0.731186 0.652903
vt 0.713457 0.658590
vt 0.705540 0.661370
vt 0.760750 0.614157
vt 0.776827 0.607292
vt 0.744782 0.607050
vt 0.607502 0.768057
vt 0.600895 0.762826
vt 0.613890 0.773317
vt 0.622463 0.778749
vt 0.709202 0.630487
vt 0.717941 0.624880
vt 0.702795 0.635848
vt 0.696264 0.641045
vt 0.760695 0.603772
vt 0.776807 0.594691
vt 0.744738 0.594340
vt 0.592450 0.783079
vt 0.588675 0.775536
vt 0.595902 0.790581
vt 0.601760 0.798865
vt 0.697238 0.604765
vt 0.693914 0.615896
vt 0.693961 0.614546
vt 0.694064 0.609330
vt 0.688669 0.621837
vt 0.688669 0.621837
vt 0.684113 0.628444
vt 0.686997 0.622645
vt 0.822702 0.613448
vt 0.822696 0.608857
vt 0.838807 0.610963
vt 0.854765 0.608816
vt 0.586568 0.799030
vt 0.575665 0.797959
vt 0.597243 0.800571
vt 0.692721 0.603059
vt 0.693221 0.605216
vt 0.686997 0.622645
vt 0.679522 0.626698
s 1
usemtl lambert2SG
f 952/1165/464 1039/1166/465 970/1167/466 1025/1168/467
s 0
f 1028/1169/468 1026/1170/468 1031/1171/468 1030/1172/468
f 1031/1173/469 1032/1174/469 1033/1175/469 1030/1176/469
f 1033/1177/470 1032/1178/470 1035/1179/470 1034/1180/470
f 1034/1181/471 1035/1182/471 1037/1183/471 1036/1184/471
f 1037/1185/472 1038/1186/472 976/1187/472 1017/1188/472 1041/1189/472 1040/1190/472 1042/1191/472 1043/1192/472 1044/1193/472 1045/1194/472 1024/1195/472 1023/1196/472 1046/1197/472 1036/1198/472
f 1013/1199/472 1047/1200/472 1048/1201/472 1050/1202/472 1051/1203/472 1052/1204/472 1053/1205/472 1055/1206/472 1057/1207/472 1058/1208/472 1060/1209/472 1061/1210/472 1063/1211/472 1015/1212/472
f 1067/1213/473 1065/1214/473 1068/1215/473 1070/1216/473
f 1071/1217/474 1072/1218/474 1067/1219/474 1070/1220/474
f 1018/1221/475 1074/1222/475 1041/1223/475 1017/1224/475
f 1018/1225/476 1073/1226/476 1075/1227/476 1074/1228/476
f 1075/1229/477 1073/1230/477 1076/1231/477 1077/1232/477 1072/1233/477 1071/1234/477 1078/1235/477 1079/1236/477
s 1
f 1009/1237/478 851/1238/479 1081/1239/480 1007/1240/481
f 1021/1241/482 862/1242/483 860/1243/484 1083/1244/485 1019/1245/486
f 1007/1246/481 1081/1239/480 1082/1247/487 861/1248/488 868/1249/489 853/1250/490 859/1251/491 870/1252/492 1003/1253/493 1004/1254/494
f 855/1255/495 858/1256/496 866/1257/497 859/1251/491 853/1250/490 865/1258/498
f 863/1259/499 857/1260/500 975/1261/501 980/1262/502 858/1256/496 855/1255/495
s 0
f 958/1263/503 1020/1264/503 1011/1265/503 1010/1266/503 957/1267/503 1026/1268/503 1028/1269/503 1027/1270/503 1029/1271/503 1022/1272/503
s 1
f 978/1273/504 870/1252/492 859/1251/491 866/1257/497 974/1274/505 977/1275/506
f 1086/1276/507 850/1277/508 1006/1278/509 1005/1279/510 1002/1280/511
f 1008/1281/512 1084/1282/513 1066/1283/514 999/1284/514 1000/1285/514
f 952/1286/464 1012/1287/515 1086/1276/507 1002/1288/511 971/1289/515 1039/1290/465
f 962/1291/516 955/1292/516 1025/1168/467 970/1293/466 968/1294/516 966/1295/516 965/1296/516
f 857/1260/500 959/1297/517 956/1298/518 963/1299/518 964/1300/518 967/1301/518 969/1302/518 975/1303/501
f 856/1304/519 854/1305/519 852/1306/519 1080/1307/519 1069/1308/519 996/1309/519 848/1310/519 1085/1311/519 849/1312/519 953/1313/519 954/1314/519
f 864/1315/520 867/1316/521 868/1249/489 861/1248/488
f 869/1317/522 862/1242/483 1021/1318/482 961/1319/523 960/1320/524
f 1006/1321/509 850/1277/508 1084/1322/513 1008/1323/512
f 860/1243/484 864/1315/520 861/1248/488 1082/1247/487 1083/1244/485
f 868/1249/489 867/1316/521 865/1258/498 853/1250/490
f 851/1324/479 1009/1325/478 1001/1326/525 997/1327/525 998/1328/525
f 959/1329/517 857/1260/500 863/1259/499 869/1317/522 960/1330/524
f 1003/1331/493 870/1252/492 978/1273/504 979/1332/526
f 863/1259/499 855/1255/495 871/1333/527 872/1334/528
f 973/1335/529 866/1257/497 858/1256/496 982/1336/530 983/1337/531
f 864/1315/520 860/1243/484 873/1338/532 874/1339/533
f 860/1243/484 862/1242/483 875/1340/534 873/1338/532
f 982/1341/530 858/1256/496 980/1342/502
f 862/1242/483 869/1317/522 876/1343/535 875/1340/534
f 855/1255/495 865/1258/498 877/1344/536 871/1333/527
f 867/1316/521 864/1315/520 874/1339/533 878/1345/537
f 974/1346/505 866/1257/497 973/1347/529
f 865/1258/498 867/1316/521 878/1345/537 877/1344/536
f 869/1317/522 863/1259/499 872/1334/528 876/1343/535
f 985/1348/538 1087/1349/539 1062/1350/540
f 981/1351/541 949/1349/542 1088/1352/543 1064/1353/541
f 972/1354/544 950/1355/545 951/1356/546 1016/1357/544
f 986/1357/547 1089/1356/548 1014/1358/549
f 872/1359/528 871/1360/527 1091/1361/550 1090/1362/551
f 871/1360/527 877/1363/536 1092/1364/552 880/1361/553
f 877/1365/536 878/1366/537 1093/1367/554 881/1368/555
f 878/1366/537 874/1369/533 1094/1370/556 882/1367/557
f 874/1369/533 873/1371/532 1095/1372/558 883/1370/559
f 873/1373/532 875/1374/534 1096/1375/560 884/1376/561
f 875/1374/534 876/1377/535 1097/1378/562 885/1375/563
f 876/1377/535 872/1379/528 879/1380/564 886/1378/565
f 1090/1362/551 1091/1361/550 1099/1381/566 1098/1382/567
f 880/1361/553 1092/1364/552 1100/1383/568 888/1381/569
f 881/1368/555 1093/1367/554 1101/1384/570 889/1385/571
f 882/1367/557 1094/1370/556 1102/1386/572 890/1384/573
f 883/1370/559 1095/1372/558 1103/1387/574 891/1386/575
f 884/1376/561 1096/1375/560 1104/1388/576 892/1389/577
f 885/1375/563 1097/1378/562 1105/1390/578 893/1388/579
f 886/1378/565 879/1380/564 887/1391/580 894/1390/581
f 1098/1392/567 1099/1393/566 1107/1394/582 1106/1395/583
f 888/1393/569 1100/1396/568 1108/1397/584 896/1394/585
f 889/1385/571 1101/1384/570 1109/1398/586 897/1399/587
f 890/1384/573 1102/1386/572 1110/1400/588 898/1398/589
f 891/1386/575 1103/1387/574 1111/1401/590 899/1400/591
f 892/1389/577 1104/1388/576 1112/1402/592 900/1403/593
f 893/1388/579 1105/1390/578 1113/1404/594 901/1402/595
f 894/1390/581 887/1391/580 895/1405/596 902/1404/597
f 1106/1395/583 1107/1394/582 1115/1406/598 1114/1407/599
f 896/1394/585 1108/1397/584 1116/1408/600 904/1406/601
f 897/1399/587 1109/1398/586 1117/1409/602 905/1410/603
f 898/1398/589 1110/1400/588 1118/1411/604 906/1409/605
f 899/1400/591 1111/1401/590 1119/1412/606 907/1411/607
f 900/1403/593 1112/1402/592 1120/1413/608 908/1414/609
f 901/1402/595 1113/1404/594 1121/1415/610 909/1413/611
f 902/1404/597 895/1405/596 903/1416/612 910/1415/613
f 1114/1407/599 1115/1406/598 1123/1417/614 1122/1418/615
f 904/1406/601 1116/1408/600 1124/1419/616 912/1417/617
f 905/1410/603 1117/1409/602 1125/1420/618 913/1421/619
f 906/1409/605 1118/1411/604 1126/1422/620 914/1420/621
f 907/1411/607 1119/1412/606 1127/1423/622 915/1422/623
f 908/1414/609 1120/1413/608 1128/1424/624 916/1425/625
f 909/1413/611 1121/1415/610 1129/1426/626 917/1424/627
f 910/1415/613 903/1416/612 911/1427/628 918/1426/629
f 1122/1418/615 1123/1417/614 1131/1428/630 1130/1429/631
f 912/1417/617 1124/1419/616 1132/1430/632 920/1428/633
f 913/1421/619 1125/1420/618 1133/1431/634 921/1432/635
f 914/1420/621 1126/1422/620 1134/1433/636 922/1431/636
f 915/1422/623 1127/1423/622 1135/1434/637 923/1433/638
f 916/1425/625 1128/1424/624 1136/1435/639 924/1436/640
f 917/1424/627 1129/1426/626 1137/1437/641 925/1435/642
f 918/1426/629 911/1427/628 919/1438/643 926/1437/644
f 1130/1429/631 1131/1428/630 1139/1439/645 1138/1440/646
f 920/1428/633 1132/1430/632 1140/1441/647 928/1439/648
f 921/1432/635 1133/1431/634 1141/1442/649 929/1443/650
f 922/1431/636 1134/1433/636 1142/1444/651 930/1442/652
f 923/1433/638 1135/1434/637 1143/1445/653 931/1444/654
f 924/1436/640 1136/1435/639 1144/1446/655 932/1447/656
f 925/1435/642 1137/1437/641 1145/1448/657 933/1446/658
f 926/1437/644 919/1438/643 927/1449/659 934/1448/660
f 1138/1440/646 1139/1439/645 1147/1450/661 1146/1451/662
f 928/1439/648 1140/1441/647 1148/1452/663 936/1450/664
f 929/1443/650 1141/1442/649 1149/1453/665 937/1454/666
f 930/1442/652 1142/1444/651 1150/1455/667 938/1453/668
f 931/1444/654 1143/1445/653 1151/1456/669 939/1455/670
f 932/1447/656 1144/1446/655 1152/1457/671 940/1458/672
f 933/1446/658 1145/1448/657 1153/1459/673 941/1457/674
f 934/1448/660 927/1449/659 935/1460/675 942/1459/676
f 1146/1451/662 1147/1450/661 1155/1461/677 1154/1462/678
f 936/1450/664 1148/1452/663 1156/1463/679 944/1461/680
f 937/1454/666 1149/1453/665 1157/1464/681 945/1465/682
f 938/1453/668 1150/1455/667 1158/1466/683 946/1464/684
f 939/1455/670 1151/1456/669 1159/1467/685 947/1466/686
f 948/1468/687 940/1458/672 1152/1457/671 1054/1469/688 990/1470/688 991/1471/689
f 989/1469/690 941/1457/674 1153/1459/673 1056/1472/690
f 987/1473/691 942/1459/676 935/1460/675 943/1474/692 988/1475/693
f 1087/1349/539 985/1348/538 1059/1476/694 1154/1477/678 1155/1478/677
f 944/1478/680 1156/1479/679 1088/1352/543 949/1349/542
f 945/1465/682 1157/1464/681 951/1356/546 950/1355/545
f 1089/1356/548 946/1464/684 1158/1466/683 1014/1358/549
f 994/1480/695 984/1481/695 947/1466/686 1159/1467/685 1049/1482/695
f 995/1483/696 948/1468/687 991/1471/689 992/1484/696
f 988/1485/693 943/1474/692 993/1486/697
o RedMug_cell.009
v -0.420717 -0.436522 0.375230
v -0.589206 -0.436522 0.143326
v -0.286634 -0.467290 0.426372
v -0.510790 -0.467290 0.263512
v -0.593938 -0.344218 0.144863
v -0.423642 -0.344218 0.379256
v -0.291242 -0.436522 0.440554
v -0.411940 -0.467290 0.363151
v -0.522853 -0.436522 0.272278
v -0.575006 -0.467290 0.138712
v -0.616293 -0.344218 0.000001
v -0.526875 -0.344218 0.275199
v -0.306665 -0.449413 0.488023
v -0.296479 -0.517290 0.456677
v -0.450086 -0.449444 0.415653
v -0.430694 -0.517290 0.388961
v -0.563233 -0.449413 0.301614
v -0.536569 -0.517290 0.282241
v -0.636726 -0.449444 0.158766
v -0.605348 -0.517290 0.148571
v -0.642114 -0.345581 0.160517
v -0.666884 -0.345579 0.000001
v -0.453416 -0.345581 0.420236
v -0.567804 -0.345579 0.304936
v -0.133952 -0.517290 0.076126
v -0.250668 -0.484207 0.480206
v -0.233806 -0.517290 0.466859
v -0.255435 -0.447781 0.440908
v -0.245496 -0.467290 0.433055
v -0.141834 -0.467290 0.027424
v -0.268470 -0.449420 0.494226
v -0.308318 -0.351090 0.493111
v -0.310385 -0.345579 0.492400
v -0.261194 -0.436522 0.445436
v -0.292527 -0.359174 0.444514
v -0.298134 -0.344218 0.442577
v -0.448068 0.078503 0.354635
v -0.423642 0.003154 0.379256
v -0.453416 0.050294 0.420236
v -0.466343 0.090170 0.407206
v -0.124453 -0.517290 0.034053
v -0.171898 -0.517290 0.031858
v -0.626576 -0.517290 0.011012
v -0.610961 -0.436522 0.002339
v -0.595388 -0.467290 0.006630
v -0.666885 -0.014731 0.000001
v -0.659562 -0.025652 -0.047451
v -0.616293 -0.012583 0.000001
v -0.642115 0.024315 0.160517
v -0.609275 -0.023049 -0.045477
v -0.567804 0.061654 0.304936
v -0.526875 0.056354 0.275199
v -0.593938 0.022655 0.144863
v -0.665239 -0.345579 -0.010656
v -0.661947 -0.436314 0.000001
v -0.660993 -0.449413 0.001561
v -0.612376 -0.416944 0.000001
v -0.614975 -0.344218 -0.008539
v -0.255435 -0.447781 0.440908
v -0.245496 -0.467290 0.433055
v -0.250668 -0.484207 0.480206
v -0.233806 -0.517290 0.466859
v -0.133952 -0.517290 0.076126
v -0.141834 -0.467290 0.027424
v -0.448068 0.078503 0.354635
v -0.423642 0.003154 0.379256
v -0.453416 0.050294 0.420236
v -0.466343 0.090170 0.407206
v -0.310385 -0.345579 0.492400
v -0.308318 -0.351090 0.493111
v -0.268470 -0.449420 0.494226
v -0.261194 -0.436522 0.445436
v -0.292527 -0.359174 0.444514
v -0.298134 -0.344218 0.442577
v -0.124453 -0.517290 0.034053
v -0.171898 -0.517290 0.031858
v -0.626576 -0.517290 0.011012
v -0.610961 -0.436522 0.002339
v -0.595388 -0.467290 0.006630
v -0.616293 -0.012583 0.000001
v -0.609275 -0.023049 -0.045477
v -0.666885 -0.014731 0.000001
v -0.659562 -0.025652 -0.047451
v -0.642115 0.024315 0.160517
v -0.567804 0.061654 0.304936
v -0.526875 0.056354 0.275199
v -0.593938 0.022655 0.144863
v -0.661947 -0.436314 0.000001
v -0.660993 -0.449413 0.001561
v -0.665239 -0.345579 -0.010656
v -0.614975 -0.344218 -0.008539
v -0.612376 -0.416944 0.000001
vn 0.9021 0.3655 0.2293
vn 0.9007 0.3676 0.2315
vn -0.0413 0.9723 -0.2301
vn -0.1532 -0.2944 0.9433
vn -0.2995 -0.2460 0.9218
vn -0.1748 -0.8245 0.5381
vn -0.0711 -0.8963 0.4377
vn -0.1446 -0.4327 0.8899
vn -0.5697 -0.2461 0.7841
vn -0.3334 -0.8235 0.4589
vn -0.7842 -0.2460 0.5697
vn -0.4577 -0.8246 0.3326
vn -0.9218 -0.2461 0.2995
vn -0.5395 -0.8235 0.1753
vn -0.9623 -0.2279 0.1485
vn -0.5901 -0.8022 0.0910
vn 0.4502 0.0330 -0.8923
vn 0.5876 0.0269 -0.8087
vn 0.6815 -0.0000 -0.7318
vn -0.6815 -0.0000 0.7318
vn -0.7099 -0.0000 0.7043
vn -0.7966 -0.0000 0.6046
vn -0.8087 -0.0271 0.5876
vn -0.5876 -0.0272 0.8087
vn -0.9434 -0.0000 0.3317
vn -0.9507 -0.0272 0.3089
vn -0.4173 -0.0540 0.9071
vn -0.4502 -0.0334 0.8923
vn 0.0711 0.8962 -0.4379
vn 0.1749 0.8243 -0.5384
vn 0.2996 0.2453 -0.9220
vn 0.1533 0.2938 -0.9435
vn 0.1446 0.4320 -0.8902
vn 0.3336 0.8233 -0.4592
vn 0.5698 0.2454 -0.7843
vn 0.4580 0.8243 -0.3328
vn 0.7843 0.2454 -0.5698
vn 0.5398 0.8233 -0.1754
vn 0.9220 0.2454 -0.2996
vn 0.8087 0.0268 -0.5876
vn 0.9507 0.0269 -0.3089
vn 0.9434 -0.0000 -0.3317
vn 0.7966 -0.0000 -0.6046
vn 0.5905 0.8019 -0.0911
vn 0.9625 0.2272 -0.1485
vn -0.9996 -0.0271 -0.0000
vn -0.9885 -0.0538 0.1411
vn 0.9886 0.0532 -0.1411
vn 0.9996 0.0268 -0.0000
vn -0.0000 1.0000 -0.0000
vn 0.9997 -0.0000 -0.0225
vn 0.9880 0.0247 0.1525
vn 0.9883 -0.0000 0.1525
vn 0.4173 0.0534 -0.9072
vn -0.0000 -1.0000 -0.0000
vn -0.9880 -0.0249 -0.1525
vn -0.9997 -0.0000 0.0225
vn -0.9883 -0.0000 -0.1525
vn 0.7099 -0.0000 -0.7043
vn 0.0452 -0.1152 -0.9923
vt 1.000000 0.786323
vt 1.000000 0.851411
vt 0.897351 0.817853
vt 0.079440 0.079440
vt 0.000000 0.000000
vt 0.090408 0.000000
vt 0.939504 0.766568
vt 0.684905 0.116505
vt 0.644219 0.000000
vt 0.731397 0.000000
vt 0.752930 0.061658
vt 0.871873 0.655459
vt 0.873042 0.663631
vt 0.874717 0.805747
vt 0.851412 0.851412
vt 0.786323 0.786323
vt 0.793850 0.771541
vt 0.792459 0.659737
vt 0.789273 0.637556
vt 0.267195 0.267195
vt 0.142806 0.142806
vt 0.165190 0.087089
vt 0.361801 0.022691
vt 0.665651 0.095048
vt 1.000000 0.268603
vt 1.000000 0.355781
vt 0.740304 0.220978
vt 0.466087 0.155681
vt 0.288649 0.213797
vt 0.874756 0.324931
vt 0.863697 0.324933
vt 0.866647 0.305280
vt 0.884792 0.305280
vt 0.879912 0.314848
vt 0.822172 0.324924
vt 0.827787 0.305280
vt 0.552139 0.021388
vt 0.519121 0.021397
vt 0.513512 0.001745
vt 0.544410 0.001745
vt 0.477761 0.021388
vt 0.474809 0.001745
vt 0.432246 0.021397
vt 0.434981 0.001745
vt 0.074662 0.555960
vt 0.038323 0.555960
vt 0.038323 0.455385
vt 0.553466 0.166078
vt 0.549693 0.177624
vt 0.520082 0.169368
vt 0.520082 0.051460
vt 0.553465 0.051460
vt 0.478268 0.158557
vt 0.478268 0.051459
vt 0.874756 0.324931
vt 0.863219 0.353401
vt 0.821208 0.469615
vt 0.821208 0.354995
vt 0.862621 0.354996
vt 0.862621 0.354996
vt 0.863219 0.353401
vt 0.089902 0.591594
vt 0.077991 0.591594
vt 0.076657 0.582685
vt 0.085357 0.582685
vt 0.087024 0.585946
vt 0.041711 0.591594
vt 0.039170 0.582685
vt 0.596625 0.314189
vt 0.600122 0.305280
vt 0.628971 0.305280
vt 0.626433 0.314189
vt 0.665105 0.305280
vt 0.663769 0.314189
vt 0.625587 0.340914
vt 0.663324 0.340914
vt 0.663324 0.447135
vt 0.625587 0.456892
vt 0.703347 0.305280
vt 0.704589 0.314189
vt 0.431794 0.051460
vt 0.431794 0.025190
vt 0.705266 0.319858
vt 0.705266 0.340914
vt 0.418348 0.711376
vt 0.287030 0.723631
vt 0.292932 0.685389
vt 0.311524 0.649255
vt 0.340144 0.657896
vt 0.376425 0.602101
vt 0.388335 0.669984
vt 0.705266 0.436933
vt 0.707739 0.340914
vt 0.718433 0.433902
vt 0.595459 0.340914
vt 0.076285 0.560290
vt 0.002484 0.737975
vt 0.134128 0.748929
vt 0.148198 0.748927
vt 0.145114 0.763105
vt 0.116204 0.790563
vt 0.098058 0.792674
vt 0.059198 0.847404
vt 0.028544 0.816505
vt 0.008630 0.777803
vt 0.705266 0.436933
vt 0.428708 0.051460
vt 0.431794 0.147252
vt 0.418055 0.144090
vt 0.428708 0.051460
vt 0.625587 0.456892
vt 0.602588 0.463305
vt 0.595459 0.441489
vt 0.431794 0.147252
vt 0.237908 0.136404
vt 0.406657 0.128372
vt 1.000000 0.142806
vt 1.000000 0.267195
vt 0.404355 0.252703
vt 0.269103 0.259042
vt 0.252737 0.021040
vt 0.259451 0.089372
vt 1.000000 0.909592
vt 1.000000 1.000000
vt 0.920504 0.920504
vt 0.178119 0.098250
vt 0.213500 0.138747
s 0
usemtl lambert2SG
f 1218/1487/698 1220/1488/698 1221/1489/698 1222/1490/698 1200/1491/698 1223/1492/698 1219/1493/698
f 1225/1494/699 1224/1495/699 1227/1496/699 1226/1497/699 1228/1498/699 1229/1499/699 1230/1500/699 1220/1501/699 1218/1502/699 1231/1503/699 1232/1504/699 1233/1505/699
f 1240/1506/700 1242/1507/700 1241/1508/700 1243/1509/700 1244/1510/700 1227/1511/700 1224/1512/700 1245/1513/700 1246/1514/700 1239/1515/700
s 1
f 1190/1516/701 1172/1517/702 1173/1518/703 1186/1519/704 1185/1520/705
f 1172/1517/702 1174/1521/706 1175/1522/707 1173/1518/703
f 1174/1523/706 1176/1524/708 1177/1525/709 1175/1526/707
f 1176/1524/708 1178/1527/710 1179/1528/711 1177/1525/709
f 1178/1527/710 1248/1529/712 1236/1530/713 1179/1528/711
f 1195/1531/714 1165/1532/715 1197/1533/716
f 1198/1534/717 1199/1535/718 1210/1536/719 1183/1537/720 1182/1538/721
f 1174/1523/706 1182/1538/721 1183/1537/720 1176/1524/708
f 1183/1537/720 1210/1536/719 1208/1539/722 1180/1540/723
f 1176/1524/708 1183/1537/720 1180/1540/723 1178/1527/710
f 1172/1517/702 1190/1541/701 1191/1542/724
f 1198/1543/717 1182/1544/721 1192/1545/725
f 1192/1546/725 1182/1544/721 1174/1521/706 1172/1517/702 1191/1547/724
f 1188/1548/726 1162/1549/727 1166/1550/728 1193/1551/729 1187/1552/730
f 1166/1550/728 1162/1549/727 1167/1553/731 1160/1554/732
f 1160/1555/732 1167/1556/731 1163/1557/733 1168/1558/734
f 1168/1558/734 1163/1557/733 1169/1559/735 1161/1560/736
f 1171/1561/737 1164/1562/738 1212/1563/739 1211/1564/740
f 1161/1560/736 1169/1559/735 1238/1565/741 1237/1566/742
f 1178/1527/710 1180/1540/723 1181/1567/743 1247/1568/744 1248/1529/712
f 1161/1560/736 1237/1566/742 1251/1569/745 1170/1570/746 1164/1562/738
f 1189/1571/747 1238/1572/741 1169/1573/735 1163/1574/733 1167/1575/731 1162/1576/727 1188/1577/726
f 1207/1578/748 1170/1570/746 1250/1579/749 1209/1580/750
f 1160/1555/732 1168/1558/734 1171/1561/737 1165/1581/715
f 1168/1558/734 1161/1560/736 1164/1562/738 1171/1561/737
f 1166/1550/728 1194/1582/751 1193/1551/729
f 1165/1532/715 1195/1531/714 1194/1582/751 1166/1550/728 1160/1554/732
f 1236/1583/713 1235/1584/752 1234/1585/752 1184/1586/752 1186/1587/704 1173/1588/703 1175/1589/707 1177/1590/709 1179/1591/711
f 1164/1562/738 1170/1570/746 1207/1592/748 1212/1563/739
f 1249/1593/753 1247/1568/744 1181/1567/743
f 1181/1567/743 1205/1594/754 1206/1595/755 1249/1596/753
f 1165/1581/715 1171/1561/737 1211/1597/740 1196/1598/756 1197/1599/716
f 1208/1539/722 1205/1600/754 1181/1567/743 1180/1540/723
f 1250/1579/749 1170/1570/746 1251/1569/745
s 0
f 1214/1601/757 1213/1602/757 1242/1603/757 1240/1604/757 1217/1605/757 1216/1606/757 1203/1607/757 1204/1608/757 1223/1609/757 1200/1610/757 1201/1611/757 1202/1612/757 1215/1613/757
