# This file uses centimeters as units for non-parametric coordinates.

mtllib bathroom3.mtl
g default
v 7.281954 -8.139106 -0.007468
v 7.172258 -8.139106 -0.734633
v 6.580510 -8.139106 -1.171248
v 5.853344 -8.139106 -1.061557
v 5.416728 -8.139106 -0.469805
v 5.526424 -8.139106 0.257360
v 6.118172 -8.139106 0.693975
v 6.845338 -8.139106 0.584283
v 7.281954 14.097100 -0.007468
v 7.172258 14.097100 -0.734633
v 6.580510 14.097100 -1.171248
v 5.853344 14.097100 -1.061557
v 5.416728 14.097100 -0.469805
v 5.526424 14.097100 0.257360
v 6.118172 14.097100 0.693975
v 6.845338 14.097100 0.584283
v 6.349341 -8.139106 -0.238635
v 7.281954 14.500634 -0.007468
v 7.172258 14.500634 -0.734633
v 6.580510 14.500634 -1.171248
v 5.853344 14.500634 -1.061557
v 5.416728 14.500634 -0.469805
v 5.526424 14.500634 0.257360
v 6.118172 14.500634 0.693975
v 6.845338 14.500634 0.584283
v 7.272596 15.050164 -0.022994
v 7.172258 14.894982 -0.734633
v 6.589869 14.739068 -1.155722
v 5.866580 14.674340 -1.039595
v 5.426086 14.739068 -0.454280
v 5.526424 14.894982 0.257360
v 6.108813 15.050164 0.678449
v 6.832102 15.115472 0.562322
v 7.152670 15.489648 -0.221968
v 7.077682 15.195641 -0.891543
v 6.520647 14.900933 -1.270568
v 5.807858 14.778405 -1.137023
v 5.356864 14.900933 -0.569125
v 5.431850 15.195641 0.100450
v 5.988889 15.489648 0.479478
v 6.701673 15.611687 0.345926
v 6.905008 16.083245 -0.632869
v 6.913348 15.574914 -1.164195
v 6.439648 15.066521 -1.404956
v 5.761378 14.855950 -1.214137
v 5.275866 15.066521 -0.703513
v 5.267515 15.574914 -0.172202
v 5.741227 16.083245 0.068578
v 6.419489 16.293847 -0.122252
v 6.556784 16.398553 -1.210612
v 6.667541 15.767419 -1.572016
v 6.296268 15.137017 -1.642840
v 5.660422 14.875725 -1.381636
v 5.132488 15.137017 -0.941394
v 5.021707 15.767419 -0.580027
v 5.393002 16.398553 -0.509169
v 6.028830 16.659844 -0.770404
v 6.171984 16.507622 -1.849044
v 6.386233 15.829552 -2.038741
v 6.118461 15.152764 -1.937842
v 5.525483 14.872185 -1.605517
v 4.954679 15.152764 -1.236399
v 4.740399 15.829552 -1.046752
v 5.008201 16.507622 -1.147601
v 5.601153 16.788293 -1.479972
v 5.877161 16.509362 -2.338191
v 6.115479 15.829552 -2.487956
v 5.871778 15.150811 -2.347121
v 5.288769 14.869408 -1.998252
v 4.707997 15.150811 -1.645674
v 4.469645 15.829552 -1.495963
v 4.713380 16.509362 -1.636744
v 5.296357 16.791070 -1.985663
v 5.623496 16.509362 -2.759051
v 5.861813 15.829552 -2.908816
v 5.618112 15.150811 -2.767981
v 5.035105 14.869408 -2.419112
v 4.454331 15.150811 -2.066539
v 4.215981 15.829552 -1.916823
v 4.459715 16.509362 -2.057605
v 5.042693 16.791070 -2.406523
v 4.192484 16.509362 -5.133269
v 4.430805 15.829552 -5.283030
v 4.187104 15.150811 -5.142195
v 3.604097 14.869408 -4.793326
v 3.023324 15.150811 -4.440749
v 2.784973 15.829552 -4.291037
v 3.028704 16.509362 -4.431823
v 3.611681 16.791070 -4.780741
v 4.082241 16.505242 -5.316176
v 4.283606 15.830163 -5.527255
v 4.002958 15.154992 -5.447718
v 3.404643 14.875512 -5.124244
v 2.839177 15.154992 -4.746272
v 2.637771 15.830163 -4.535262
v 2.918460 16.505242 -4.614730
v 3.516746 16.784875 -4.938254
v 3.998614 16.567010 -5.415168
v 4.153482 15.926812 -5.742198
v 3.820740 15.272668 -5.788493
v 3.195264 14.987725 -5.527018
v 2.643423 15.239007 -5.110858
v 2.488511 15.878960 -4.783885
v 2.821276 16.533318 -4.737517
v 3.446753 16.818352 -4.999041
v 3.907759 16.683617 -5.565909
v 3.955537 16.150902 -6.070616
v 3.513591 15.608697 -6.298091
v 2.840759 15.375237 -6.115187
v 2.331169 15.586236 -5.628924
v 2.283343 16.119439 -5.124282
v 2.725314 16.661339 -4.896727
v 3.398159 16.895165 -5.079661
v 3.830468 16.930291 -5.694144
v 3.788275 16.596612 -6.348120
v 3.255138 16.260369 -6.726897
v 2.543306 16.118554 -6.608695
v 2.069769 16.254265 -6.062617
v 2.111917 16.587975 -5.408698
v 2.645083 16.924126 -5.029841
v 3.356933 17.065636 -5.148062
v 3.785341 17.227898 -5.769015
v 3.701447 17.123925 -6.492179
v 3.126741 17.023705 -6.939921
v 2.397833 16.986474 -6.850055
v 1.941711 17.033440 -6.275080
v 2.025567 17.137505 -5.551963
v 2.600295 17.237084 -5.104151
v 3.329230 17.275017 -5.194022
v 3.788689 17.594109 -5.763461
v 3.700967 17.563622 -6.492976
v 3.122710 17.538964 -6.946612
v 2.392617 17.534661 -6.858706
v 1.938361 17.553033 -6.280638
v 2.026050 17.583733 -5.551162
v 2.604318 17.608269 -5.097476
v 3.334449 17.612694 -5.185366
v 3.788760 18.241601 -5.763343
v 3.700685 18.244805 -6.493445
v 3.122239 18.255334 -6.947390
v 2.392236 18.266320 -6.859339
v 1.938288 18.271599 -6.280761
v 2.026331 18.268151 -5.550696
v 2.604787 18.257805 -5.096698
v 3.334831 18.246941 -5.184729
v 3.788760 18.622521 -5.763343
v 3.700685 18.626031 -6.493445
v 3.122239 18.636254 -6.947390
v 2.392236 18.647240 -6.859339
v 1.938288 18.652520 -6.280761
v 2.026331 18.649071 -5.550696
v 2.604787 18.638726 -5.096698
v 3.334831 18.627862 -5.184729
v 3.788760 21.303246 -5.763343
v 3.700685 21.306725 -6.493445
v 3.122239 21.316949 -6.947390
v 2.392236 21.327965 -6.859339
v 1.938288 21.333245 -6.280761
v 2.026331 21.329766 -5.550696
v 2.604787 21.319420 -5.096698
v 3.334831 21.308556 -5.184729
v 3.788760 21.590417 -5.763343
v 3.700685 21.593682 -6.493445
v 3.122239 21.604119 -6.947390
v 2.392236 21.615136 -6.859339
v 1.938288 21.620415 -6.280761
v 2.026331 21.616936 -5.550696
v 2.604787 21.606591 -5.096698
v 3.334831 21.595727 -5.184729
v 3.827729 21.853814 -5.698687
v 3.752384 22.034051 -6.407668
v 3.187895 22.225213 -6.838462
v 2.464899 22.315362 -6.738784
v 2.006900 22.251549 -6.166922
v 2.082209 22.071282 -5.457988
v 2.646691 21.879998 -5.027175
v 3.369750 21.790032 -5.126796
v 3.897808 22.103600 -5.582419
v 3.857190 22.442559 -6.233783
v 3.329114 22.795739 -6.604159
v 2.622885 22.956261 -6.476664
v 2.152172 22.829980 -5.925902
v 2.192748 22.490990 -5.274592
v 2.720804 22.137749 -4.904212
v 3.427114 21.977318 -5.031623
v 4.073057 22.284447 -5.291659
v 4.113964 22.806756 -5.807765
v 3.670386 23.346215 -6.037951
v 3.002134 23.586907 -5.847445
v 2.500607 23.387688 -5.347804
v 2.459660 22.865410 -4.831752
v 2.903210 22.325890 -4.601577
v 3.571553 22.085229 -4.791980
v 4.259622 22.399407 -4.982127
v 4.357695 22.994164 -5.403388
v 3.973074 23.606805 -5.535754
v 3.331044 23.878533 -5.301745
v 2.807626 23.649956 -4.838424
v 2.709517 23.055108 -4.417208
v 3.094102 22.442559 -4.284865
v 3.736227 22.170861 -4.518767
v 4.365519 22.439080 -4.806430
v 4.608844 23.109246 -4.986701
v 4.373470 23.796319 -4.871447
v 3.797279 24.097985 -4.528205
v 3.217679 23.837273 -4.158095
v 2.974330 23.167168 -3.977851
v 3.209662 22.480065 -4.093135
v 3.785951 22.178399 -4.436270
v 4.556932 22.438958 -4.488852
v 4.816187 23.109765 -4.642691
v 4.597141 23.797143 -4.500350
v 4.028118 24.098626 -4.145213
v 3.442317 23.837395 -3.785395
v 3.183036 23.166680 -3.631583
v 3.402043 22.479241 -3.773955
v 3.971161 22.177727 -4.128985
v 6.492438 22.438958 -1.277613
v 6.751694 23.109765 -1.431453
v 6.532647 23.797143 -1.289115
v 5.963624 24.098626 -0.933978
v 5.377823 23.837395 -0.574157
v 5.118542 23.166680 -0.420348
v 5.337547 22.479241 -0.562720
v 5.906667 22.177727 -0.917746
v 9.432991 22.438958 3.601117
v 9.692248 23.109765 3.447278
v 9.473202 23.797143 3.589620
v 8.904177 24.098626 3.944753
v 8.318376 23.837395 4.304574
v 8.059097 23.166680 4.458387
v 8.278101 22.479241 4.316015
v 8.847221 22.177727 3.960988
v 9.464582 22.589715 3.928731
v 9.667938 23.115868 3.808065
v 9.496120 23.655053 3.919717
v 9.049788 23.891534 4.198274
v 8.590292 23.686608 4.480512
v 8.386919 23.160515 4.601163
v 8.558703 22.621300 4.489484
v 9.005113 22.384820 4.211011
v 9.446132 22.680138 4.063173
v 9.615961 23.119561 3.962396
v 9.081065 23.138146 4.293615
v 9.472470 23.569848 4.055642
v 9.099721 23.767327 4.288282
v 8.715977 23.596184 4.523988
v 8.546129 23.156823 4.624746
v 8.689594 22.706505 4.531480
v 9.062409 22.508996 4.298917
v 7.190990 23.131127 0.227758
v 6.606369 23.131127 0.183774
v 6.359569 23.131127 0.715570
v 6.595164 23.131127 1.511625
v 7.175144 23.131127 2.105623
v 7.759766 23.131127 2.149606
v 8.006565 23.131127 1.617810
v 7.770970 23.131127 0.821752
v 7.190990 24.772881 0.227758
v 6.606369 24.772881 0.183774
v 6.359569 24.772881 0.715570
v 6.595164 24.772881 1.511625
v 7.175144 24.772881 2.105623
v 7.759766 24.772881 2.149606
v 8.006565 24.772881 1.617810
v 7.770970 24.772881 0.821752
v 7.183067 23.131127 1.166688
v 7.189544 24.776574 0.399232
v 6.711687 24.776574 0.363279
v 6.509963 24.776574 0.797956
v 6.702531 24.776574 1.448632
v 7.176593 24.776574 1.934148
v 7.654448 24.776574 1.970102
v 7.856174 24.776574 1.535424
v 7.663603 24.776574 0.884748
v 7.147332 26.407128 0.424001
v 6.669475 26.407128 0.388044
v 6.467751 26.407128 0.822725
v 6.660318 26.407128 1.473397
v 7.134380 26.407128 1.958917
v 7.612235 26.407128 1.994867
v 7.813961 26.407128 1.560189
v 7.621391 26.407128 0.909513
v 7.145304 26.801110 0.425187
v 6.669475 26.844079 0.388044
v 6.469778 26.887780 0.821534
v 6.663186 26.906090 1.471715
v 7.136407 26.887780 1.957727
v 7.612235 26.844079 1.994867
v 7.811934 26.801110 1.561380
v 7.625627 26.783318 0.907029
v 7.257972 27.181084 0.359082
v 6.799456 27.350426 0.311780
v 6.627439 27.523095 0.729032
v 6.832307 27.597802 1.372487
v 7.294068 27.523095 1.865224
v 7.742215 27.350426 1.918607
v 7.924601 27.181084 1.495275
v 7.747965 27.113549 0.835252
v 7.536187 27.405114 0.195848
v 7.071111 27.731743 0.152395
v 6.985760 28.021813 0.518796
v 7.227395 28.170952 1.140680
v 7.652390 28.021813 1.654989
v 8.013922 27.731743 1.759191
v 8.202990 27.405114 1.331941
v 8.023842 27.275933 0.673387
v 7.904999 27.537194 -0.020541
v 7.474593 27.879449 -0.084338
v 7.487003 28.290551 0.224706
v 7.748713 28.472069 0.834813
v 8.153633 28.290551 1.360898
v 8.508831 27.886620 1.468816
v 8.571855 27.537194 1.115518
v 8.328003 27.382531 0.494931
v 8.225153 27.551903 -0.208384
v 8.019863 27.921349 -0.404261
v 8.119864 28.379693 -0.146609
v 8.441010 28.569054 0.428624
v 8.786493 28.379693 0.989583
v 8.962924 27.921197 1.202390
v 8.891783 27.551903 0.927808
v 8.607152 27.385338 0.331147
v 8.573133 27.551995 -0.412551
v 8.472855 27.910729 -0.670039
v 8.678311 28.343560 -0.474261
v 9.045408 28.540307 0.074010
v 9.344940 28.345177 0.661931
v 9.415067 27.911431 0.937104
v 9.239115 27.551720 0.724019
v 8.911443 27.388665 0.152612
v 8.914121 27.450829 -0.612616
v 8.877883 27.841790 -0.907679
v 9.118765 28.240075 -0.732688
v 9.500582 28.410760 -0.193049
v 9.785395 28.240075 0.403505
v 9.818900 27.841515 0.700166
v 9.580504 27.450707 0.523721
v 9.208472 27.292260 -0.021662
v 9.059935 27.356652 -0.698169
v 9.079546 27.727502 -1.026000
v 9.380774 28.103081 -0.886412
v 9.790869 28.263512 -0.363368
v 10.047403 28.103081 0.249780
v 10.022306 27.727563 0.580823
v 9.726564 27.356652 0.438024
v 9.332974 27.205254 -0.094710
v 9.174739 27.198968 -0.765528
v 9.263844 27.525963 -1.134131
v 9.637790 27.856530 -1.037207
v 10.079770 27.998040 -0.532870
v 10.304420 27.856530 0.098981
v 10.206604 27.525963 0.472692
v 9.841368 27.198968 0.370664
v 9.420179 27.066125 -0.145877
v 9.339985 26.924798 -0.862479
v 9.492850 27.167534 -1.268492
v 9.930402 27.413750 -1.208892
v 10.396912 27.519616 -0.718947
v 10.597031 27.413750 -0.072699
v 10.435610 27.167534 0.338330
v 10.006615 26.924798 0.273710
v 9.558725 26.826745 -0.227164
v 9.437708 26.677178 -0.919818
v 9.611452 26.855767 -1.338080
v 10.070142 27.037957 -1.290881
v 10.541866 27.115777 -0.803996
v 10.736772 27.037957 -0.154689
v 10.554514 26.855889 0.268567
v 10.104338 26.677178 0.216375
v 9.645008 26.604546 -0.277789
v 9.624968 26.574914 -0.857692
v 9.768169 26.690972 -1.186789
v 10.132306 26.809167 -1.155360
v 10.501524 26.859612 -0.780326
v 10.648792 26.809167 -0.275069
v 10.498833 26.691033 0.057992
v 10.141453 26.574914 0.022599
v 9.782084 26.527672 -0.358214
v 9.836338 26.555688 -0.739733
v 9.920975 26.624261 -0.934241
v 10.136189 26.694115 -0.915663
v 10.354408 26.723961 -0.694007
v 10.441448 26.694115 -0.395388
v 10.352818 26.624291 -0.198539
v 10.141598 26.555688 -0.219458
v 9.929199 26.527794 -0.444529
v 10.180351 26.442925 -0.591883
v 9.856128 26.487786 -0.751345
v 9.919527 26.441979 -0.755275
v 9.988548 26.442773 -0.894252
v 9.952522 26.495904 -0.952750
v 10.111918 26.443078 -0.868682
v 10.138490 26.497033 -0.917014
v 10.313639 26.443047 -0.670089
v 10.360695 26.497430 -0.697696
v 10.388690 26.443047 -0.397097
v 10.443748 26.497033 -0.396735
v 10.349821 26.442681 -0.278174
v 10.384085 26.497033 -0.216883
v 10.195736 26.441979 -0.284499
v 10.161386 26.487786 -0.231066
v 9.998814 26.441521 -0.485373
v 9.943474 26.484460 -0.452903
v 7.591008 22.514702 -2.717208
v 7.591996 22.475945 -2.718680
v 7.574234 22.494866 -2.682235
v 7.865586 22.494866 -2.873381
v 7.825909 22.476922 -2.873320
v 7.826832 22.514702 -2.871924
v 7.776051 22.128319 -2.374625
v 7.794003 22.106530 -2.407782
v 7.814721 22.108361 -2.376212
v 8.050545 22.108361 -2.530928
v 8.027920 22.107506 -2.562430
v 8.067402 22.128319 -2.565772
v 8.827793 23.961999 -0.832038
v 8.829544 24.000756 -0.832358
v 8.789036 23.981805 -0.830573
v 9.080387 23.981805 -1.021720
v 9.064537 23.999749 -0.985350
v 9.063618 23.961999 -0.986747
v 8.587223 24.348382 -1.138190
v 8.624794 24.370141 -1.141463
v 8.604076 24.368340 -1.173041
v 8.839901 24.368340 -1.327750
v 8.859791 24.369164 -1.294455
v 8.878574 24.348382 -1.329337
v 8.242687 23.127434 -1.663344
v 8.282814 23.104973 -1.662719
v 8.534039 23.127434 -1.854491
v 8.518639 23.104973 -1.817427
v 8.120579 23.349236 -1.849463
v 8.135983 23.371697 -1.886527
v 8.371807 23.371697 -2.041236
v 8.411930 23.349236 -2.040610
v 8.624668 22.110985 -1.181571
v 8.647076 22.110314 -1.149924
v 8.612080 22.131035 -1.149619
v 8.858196 22.131035 -1.311087
v 8.844593 22.109307 -1.280692
v 8.823879 22.110985 -1.312262
v 8.813152 22.498955 -0.843138
v 8.848549 22.481072 -0.840308
v 8.847561 22.518822 -0.841826
v 9.046772 22.518822 -0.972518
v 9.046066 22.480096 -0.971076
v 9.059269 22.498955 -1.004607
v 7.830742 24.365655 -2.391707
v 7.810643 24.366357 -2.424857
v 7.796425 24.345635 -2.392874
v 8.042542 24.345635 -2.554343
v 8.009235 24.367333 -2.553969
v 8.029953 24.365655 -2.522399
v 7.595353 23.977715 -2.699363
v 7.606858 23.995598 -2.732962
v 7.607850 23.957848 -2.731452
v 7.807061 23.957848 -2.862143
v 7.805451 23.996575 -2.862075
v 7.841469 23.977715 -2.860831
v 8.265079 23.349633 -1.678534
v 8.300850 23.372185 -1.675147
v 8.511196 23.349633 -1.840003
v 8.500061 23.372185 -1.805838
v 8.143421 23.127038 -1.863967
v 8.154556 23.104485 -1.898131
v 8.353767 23.104485 -2.028823
v 8.389538 23.127038 -2.025435
v 7.347812 23.745202 -1.994529
v 7.207212 23.257867 -2.221522
v 7.347812 22.770531 -1.994529
v 7.687221 22.568719 -1.446521
v 8.026639 22.770531 -0.898505
v 8.167230 23.257867 -0.671515
v 8.026639 23.745202 -0.898505
v 7.687221 23.947014 -1.446521
v 5.797799 23.745202 -1.034522
v 5.657211 23.257867 -1.261519
v 5.797799 22.770531 -1.034522
v 6.137210 22.568719 -0.486514
v 6.476623 22.770531 0.061494
v 6.617220 23.257867 0.288495
v 6.476623 23.745202 0.061494
v 6.137210 23.947014 -0.486514
v 6.137210 23.257867 -0.486514
v 7.430877 23.625939 -1.860419
v 7.324691 23.257867 -2.031855
v 7.430877 22.889825 -1.860419
v 7.687221 22.737359 -1.446521
v 7.943570 22.889825 -1.032614
v 8.049762 23.257867 -0.861167
v 7.943570 23.625939 -1.032614
v 7.687221 23.778405 -1.446521
v 7.729765 23.625939 -2.045535
v 7.623580 23.257867 -2.216971
v 7.729765 22.889825 -2.045535
v 7.986109 22.737359 -1.631636
v 8.242463 22.889825 -1.217730
v 8.348650 23.257867 -1.046286
v 8.242463 23.625939 -1.217730
v 7.986109 23.778405 -1.631636
v 7.777441 23.557519 -1.968547
v 7.691011 23.257867 -2.108100
v 7.777441 22.958275 -1.968547
v 7.986109 22.834160 -1.631636
v 8.194782 22.958275 -1.294722
v 8.281213 23.257867 -1.155165
v 8.194782 23.557519 -1.294722
v 7.986109 23.681634 -1.631636
v 7.855063 23.557519 -2.016619
v 7.768629 23.257867 -2.156176
v 7.855063 22.958275 -2.016619
v 8.063730 22.834160 -1.679709
v 8.272400 22.958275 -1.342791
v 8.358834 23.257867 -1.203234
v 8.272400 23.557519 -1.342791
v 8.063730 23.681634 -1.679709
v 7.955887 23.412743 -1.853827
v 7.911218 23.257867 -1.925948
v 7.955887 23.103051 -1.853827
v 8.063730 23.038903 -1.679709
v 8.171575 23.103051 -1.505584
v 8.216246 23.257867 -1.433459
v 8.171575 23.412743 -1.505584
v 8.063730 23.476922 -1.679709
v 8.469340 23.412743 -2.171839
v 8.424671 23.257867 -2.243960
v 8.577183 23.257867 -1.997718
v 8.469340 23.103051 -2.171839
v 8.577183 23.038903 -1.997718
v 8.685028 23.103051 -1.823592
v 8.729698 23.257867 -1.751467
v 8.685028 23.412743 -1.823592
v 8.577183 23.476922 -1.997718
v 9.566429 22.514702 0.604390
v 9.567417 22.475945 0.602918
v 9.549656 22.494866 0.639364
v 9.841007 22.494866 0.448217
v 9.801331 22.476922 0.448278
v 9.802254 22.514702 0.449674
v 9.751472 22.128319 0.946973
v 9.769424 22.106530 0.913816
v 9.790142 22.108361 0.945386
v 10.025967 22.108361 0.790670
v 10.003342 22.107506 0.759168
v 10.042824 22.128319 0.755826
v 10.803215 23.961999 2.489560
v 10.804966 24.000756 2.489240
v 10.764458 23.981805 2.491025
v 11.055809 23.981805 2.299878
v 11.039959 23.999749 2.336248
v 11.039040 23.961999 2.334851
v 10.562645 24.348382 2.183408
v 10.600216 24.370141 2.180135
v 10.579498 24.368340 2.148557
v 10.815323 24.368340 1.993848
v 10.835213 24.369164 2.027143
v 10.853996 24.348382 1.992261
v 10.218109 23.127434 1.658254
v 10.258236 23.104973 1.658880
v 10.509460 23.127434 1.467107
v 10.494061 23.104973 1.504171
v 10.096001 23.349236 1.472135
v 10.111404 23.371697 1.435071
v 10.347229 23.371697 1.280362
v 10.387352 23.349236 1.280988
v 10.600090 22.110985 2.140027
v 10.622498 22.110314 2.171674
v 10.587502 22.131035 2.171979
v 10.833618 22.131035 2.010511
v 10.820015 22.109307 2.040906
v 10.799301 22.110985 2.009336
v 10.788574 22.498955 2.478460
v 10.823971 22.481072 2.481290
v 10.822983 22.518822 2.479772
v 11.022194 22.518822 2.349080
v 11.021488 22.480096 2.350522
v 11.034691 22.498955 2.316991
v 9.806164 24.365655 0.929891
v 9.786064 24.366357 0.896741
v 9.771847 24.345635 0.928724
v 10.017963 24.345635 0.767255
v 9.984657 24.367333 0.767629
v 10.005375 24.365655 0.799199
v 9.570774 23.977715 0.622236
v 9.582279 23.995598 0.588636
v 9.583271 23.957848 0.590146
v 9.782482 23.957848 0.459455
v 9.780872 23.996575 0.459523
v 9.816891 23.977715 0.460767
v 10.240501 23.349633 1.643064
v 10.276272 23.372185 1.646451
v 10.486618 23.349633 1.481595
v 10.475483 23.372185 1.515760
v 10.118843 23.127038 1.457631
v 10.129978 23.104485 1.423467
v 10.329189 23.104485 1.292775
v 10.364960 23.127038 1.296163
v 9.323234 23.745202 1.327070
v 9.182633 23.257867 1.100076
v 9.323234 22.770531 1.327070
v 9.662642 22.568719 1.875077
v 10.002061 22.770531 2.423093
v 10.142652 23.257867 2.650083
v 10.002061 23.745202 2.423093
v 9.662642 23.947014 1.875077
v 7.773220 23.745202 2.287076
v 7.632632 23.257867 2.060079
v 7.773220 22.770531 2.287076
v 8.112632 22.568719 2.835084
v 8.452044 22.770531 3.383092
v 8.592642 23.257867 3.610093
v 8.452044 23.745202 3.383092
v 8.112632 23.947014 2.835084
v 8.112632 23.257867 2.835084
v 9.406299 23.625939 1.461179
v 9.300113 23.257867 1.289743
v 9.406299 22.889825 1.461179
v 9.662642 22.737359 1.875077
v 9.918991 22.889825 2.288984
v 10.025184 23.257867 2.460431
v 9.918991 23.625939 2.288984
v 9.662642 23.778405 1.875077
v 9.705187 23.625939 1.276063
v 9.599002 23.257867 1.104627
v 9.705187 22.889825 1.276063
v 9.961531 22.737359 1.689962
v 10.217885 22.889825 2.103868
v 10.324072 23.257867 2.275312
v 10.217885 23.625939 2.103868
v 9.961531 23.778405 1.689962
v 9.752862 23.557519 1.353051
v 9.666432 23.257867 1.213498
v 9.752862 22.958275 1.353051
v 9.961531 22.834160 1.689962
v 10.170204 22.958275 2.026876
v 10.256635 23.257867 2.166433
v 10.170204 23.557519 2.026876
v 9.961531 23.681634 1.689962
v 9.830484 23.557519 1.304979
v 9.744050 23.257867 1.165422
v 9.830484 22.958275 1.304979
v 10.039152 22.834160 1.641889
v 10.247822 22.958275 1.978807
v 10.334256 23.257867 2.118364
v 10.247822 23.557519 1.978807
v 10.039152 23.681634 1.641889
v 9.931309 23.412743 1.467771
v 9.886640 23.257867 1.395650
v 9.931309 23.103051 1.467771
v 10.039152 23.038903 1.641889
v 10.146996 23.103051 1.816015
v 10.191668 23.257867 1.888139
v 10.146996 23.412743 1.816015
v 10.039152 23.476922 1.641889
v 10.444762 23.412743 1.149759
v 10.400093 23.257867 1.077638
v 10.552605 23.257867 1.323880
v 10.444762 23.103051 1.149759
v 10.552605 23.038903 1.323880
v 10.660450 23.103051 1.498006
v 10.705120 23.257867 1.570131
v 10.660450 23.412743 1.498006
v 10.552605 23.476922 1.323880
vt 0.116253 0.001905
vt 0.134189 0.001905
vt 0.134189 0.550395
vt 0.116253 0.550395
vt 0.144959 0.001905
vt 0.144959 0.550395
vt 0.134189 0.560348
vt 0.116253 0.560348
vt 0.101656 0.001905
vt 0.101656 0.550395
vt 0.144959 0.560348
vt 0.134189 0.570076
vt 0.116636 0.573903
vt 0.101656 0.560348
vt 0.144576 0.566230
vt 0.138060 0.577492
vt 0.121544 0.584744
vt 0.102198 0.575514
vt 0.147409 0.570223
vt 0.144785 0.586847
vt 0.131679 0.599385
vt 0.107536 0.587754
vt 0.150724 0.574307
vt 0.154845 0.591596
vt 0.145930 0.607164
vt 0.119084 0.604580
vt 0.156592 0.576046
vt 0.166357 0.593128
vt 0.161678 0.609854
vt 0.135072 0.613609
vt 0.163868 0.576435
vt 0.177438 0.593128
vt 0.173743 0.609897
vt 0.173964 0.576387
vt 0.187819 0.593128
vt 0.184125 0.609897
vt 0.184345 0.576387
vt 0.246382 0.593128
vt 0.242688 0.609897
vt 0.242908 0.576387
vt 0.252406 0.593144
vt 0.247200 0.609795
vt 0.250445 0.576489
vt 0.257708 0.595527
vt 0.249642 0.611319
vt 0.258850 0.579392
vt 0.265809 0.601055
vt 0.253360 0.614195
vt 0.271420 0.587680
vt 0.272654 0.612049
vt 0.256523 0.620280
vt 0.239377 0.617518
vt 0.241366 0.619414
vt 0.281997 0.603755
vt 0.276208 0.625056
vt 0.258370 0.627621
vt 0.243053 0.623618
vt 0.287252 0.622584
vt 0.276227 0.635902
vt 0.258233 0.636654
vt 0.244187 0.628783
vt 0.287417 0.635294
vt 0.276239 0.652704
vt 0.258230 0.652625
vt 0.243973 0.637112
vt 0.287436 0.652964
vt 0.276239 0.662108
vt 0.258230 0.662021
vt 0.243958 0.652757
vt 0.287436 0.662360
vt 0.276239 0.728231
vt 0.258230 0.728145
vt 0.243958 0.662153
vt 0.287436 0.728483
vt 0.276239 0.735310
vt 0.258230 0.735229
vt 0.243958 0.728276
vt 0.287436 0.735567
vt 0.274123 0.746171
vt 0.256635 0.741726
vt 0.243958 0.735360
vt 0.284749 0.750888
vt 0.269834 0.756248
vt 0.253767 0.747888
vt 0.242529 0.740152
vt 0.278970 0.764959
vt 0.259326 0.765231
vt 0.246595 0.752349
vt 0.240181 0.744772
vt 0.265004 0.778538
vt 0.249351 0.769854
vt 0.238960 0.755184
vt 0.252616 0.784965
vt 0.239073 0.772693
vt 0.234626 0.756162
vt 0.236230 0.789640
vt 0.230587 0.772705
vt 0.226793 0.756159
vt 0.227076 0.789661
vt 0.151377 0.772705
vt 0.147583 0.756159
vt 0.147866 0.789661
vt 0.031036 0.772705
vt 0.027241 0.756159
vt 0.027525 0.789661
vt 0.022137 0.772856
vt 0.019160 0.759879
vt 0.019383 0.786156
vt 0.018330 0.772947
vt 0.015844 0.762108
vt 0.018365 0.749716
vt 0.012197 0.754824
vt 0.018765 0.797098
vt 0.012512 0.791989
vt 0.016030 0.784054
vt 0.010160 0.773406
vt 0.010029 0.757887
vt 0.010291 0.788925
vt 0.004293 0.762759
vt 0.004477 0.784705
vt 0.001992 0.773867
vt 0.452137 0.001905
vt 0.470074 0.001905
vt 0.470074 0.550395
vt 0.452137 0.550395
vt 0.480844 0.001905
vt 0.480844 0.550395
vt 0.470074 0.560348
vt 0.452137 0.560348
vt 0.437541 0.001905
vt 0.437541 0.550395
vt 0.480844 0.560348
vt 0.470074 0.570076
vt 0.452520 0.566230
vt 0.437541 0.560348
vt 0.480461 0.573903
vt 0.466204 0.577492
vt 0.449687 0.570223
vt 0.438083 0.564633
vt 0.475553 0.584744
vt 0.459478 0.586847
vt 0.446373 0.574307
vt 0.435679 0.567200
vt 0.465417 0.599385
vt 0.449419 0.591596
vt 0.440505 0.576046
vt 0.433777 0.569113
vt 0.451166 0.607164
vt 0.437906 0.593128
vt 0.433228 0.576435
vt 0.435418 0.609854
vt 0.426826 0.593128
vt 0.423133 0.576387
vt 0.423353 0.609897
vt 0.416444 0.593128
vt 0.412751 0.576387
vt 0.412972 0.609897
vt 0.357881 0.593128
vt 0.354188 0.576387
vt 0.354408 0.609897
vt 0.351857 0.593144
vt 0.346652 0.576489
vt 0.349896 0.609795
vt 0.345724 0.594348
vt 0.337659 0.578562
vt 0.346868 0.610488
vt 0.337328 0.600278
vt 0.324880 0.587127
vt 0.342941 0.613645
vt 0.330312 0.611836
vt 0.314182 0.603605
vt 0.327394 0.572363
vt 0.312885 0.581922
vt 0.339657 0.620127
vt 0.326778 0.625391
vt 0.308941 0.622824
vt 0.300712 0.600258
vt 0.337824 0.627847
vt 0.326798 0.636397
vt 0.308804 0.635641
vt 0.294759 0.621666
vt 0.337989 0.637004
vt 0.326809 0.653280
vt 0.308801 0.653365
vt 0.294545 0.635187
vt 0.338008 0.653025
vt 0.326809 0.662676
vt 0.308801 0.662761
vt 0.294530 0.653234
vt 0.338008 0.662420
vt 0.326809 0.728799
vt 0.308801 0.728885
vt 0.294530 0.662631
vt 0.338008 0.728544
vt 0.326809 0.735883
vt 0.308801 0.735969
vt 0.294530 0.728755
vt 0.338008 0.735628
vt 0.329096 0.747090
vt 0.311609 0.751537
vt 0.294530 0.735838
vt 0.339723 0.742372
vt 0.333620 0.757443
vt 0.317554 0.765804
vt 0.297503 0.753110
vt 0.342756 0.748730
vt 0.344543 0.766678
vt 0.331814 0.779562
vt 0.303969 0.768920
vt 0.350221 0.753370
vt 0.354769 0.771358
vt 0.344379 0.786031
vt 0.319490 0.784475
vt 0.358033 0.756248
vt 0.365606 0.774121
vt 0.361160 0.790651
vt 0.362762 0.757173
vt 0.374147 0.774109
vt 0.370353 0.790654
vt 0.370635 0.757153
vt 0.453357 0.774109
vt 0.449563 0.790654
vt 0.449845 0.757153
vt 0.573699 0.774109
vt 0.569905 0.790654
vt 0.570187 0.757153
vt 0.896756 0.455344
vt 0.896756 0.442226
vt 0.937252 0.442226
vt 0.937252 0.455344
vt 0.896756 0.422591
vt 0.937252 0.422591
vt 0.896756 0.407939
vt 0.937252 0.407939
vt 0.943531 0.475430
vt 0.943531 0.462313
vt 0.984027 0.462313
vt 0.984027 0.475430
vt 0.943531 0.442677
vt 0.984027 0.442677
vt 0.943531 0.428025
vt 0.984027 0.428025
vt 0.692706 0.280389
vt 0.703428 0.280389
vt 0.704039 0.320608
vt 0.693317 0.320608
vt 0.719478 0.280389
vt 0.720089 0.320608
vt 0.704009 0.332464
vt 0.693317 0.331387
vt 0.731454 0.280389
vt 0.732065 0.320608
vt 0.720047 0.332917
vt 0.701728 0.348135
vt 0.691436 0.343877
vt 0.732035 0.332464
vt 0.717600 0.349978
vt 0.696542 0.360437
vt 0.687504 0.353282
vt 0.729754 0.348135
vt 0.711882 0.364116
vt 0.689288 0.367066
vt 0.681665 0.356926
vt 0.724568 0.360437
vt 0.607961 0.570221
vt 0.618683 0.570221
vt 0.618072 0.610440
vt 0.607350 0.610440
vt 0.634733 0.570221
vt 0.634122 0.610440
vt 0.618043 0.620158
vt 0.607350 0.621219
vt 0.646709 0.570221
vt 0.646098 0.610440
vt 0.634183 0.619719
vt 0.619673 0.629531
vt 0.609231 0.633708
vt 0.646068 0.620158
vt 0.635954 0.627866
vt 0.623702 0.635057
vt 0.613163 0.643114
vt 0.647699 0.629531
vt 0.639946 0.631871
vt 0.629040 0.638315
vt 0.620326 0.646934
vt 0.928308 0.509109
vt 0.936373 0.518201
vt 0.927532 0.521515
vt 0.921545 0.511500
vt 0.932197 0.507448
vt 0.941345 0.515534
vt 0.919842 0.523232
vt 0.915436 0.512915
vt 0.925031 0.493825
vt 0.919126 0.495830
vt 0.934520 0.505337
vt 0.944164 0.512616
vt 0.928462 0.492562
vt 0.913645 0.497079
vt 0.928308 0.481083
vt 0.921545 0.483475
vt 0.937015 0.500402
vt 0.945864 0.506753
vt 0.930608 0.490760
vt 0.932197 0.479421
vt 0.915436 0.484889
vt 0.432184 0.880523
vt 0.429573 0.896464
vt 0.420303 0.894442
vt 0.422223 0.878425
vt 0.443985 0.885113
vt 0.440495 0.900699
vt 0.423500 0.906602
vt 0.415813 0.904881
vt 0.414660 0.891472
vt 0.415904 0.879009
vt 0.429573 0.868438
vt 0.420303 0.866415
vt 0.450533 0.889294
vt 0.446577 0.904418
vt 0.432341 0.909917
vt 0.440495 0.872672
vt 0.411746 0.899687
vt 0.411822 0.888504
vt 0.412558 0.881138
vt 0.414660 0.869758
vt 0.437314 0.912584
vt 0.410100 0.893360
vt 0.406960 0.888471
vt 0.406971 0.881048
vt 0.449956 0.908210
vt 0.440124 0.915528
vt 0.406960 0.892907
vt 0.405629 0.881728
vt 0.405629 0.888462
vt 0.411822 0.875670
vt 0.406960 0.875638
vt 0.452549 0.914585
vt 0.441849 0.921372
vt 0.405620 0.891395
vt 0.405630 0.876829
vt 0.290171 0.938796
vt 0.291863 0.943594
vt 0.288696 0.944051
vt 0.288496 0.939083
vt 0.287366 0.939179
vt 0.287385 0.942608
vt 0.289484 0.931515
vt 0.288415 0.931721
vt 0.287355 0.932522
vt 0.290171 0.925962
vt 0.288496 0.926249
vt 0.157669 0.801089
vt 0.158529 0.801581
vt 0.140984 0.826226
vt 0.140070 0.825672
vt 0.166116 0.810622
vt 0.145575 0.831696
vt 0.120442 0.847299
vt 0.119580 0.846811
vt 0.128030 0.856342
vt 0.119545 0.847743
vt 0.127170 0.856855
vt 0.115771 0.847767
vt 0.115764 0.846811
vt 0.271574 0.856388
vt 0.270714 0.856880
vt 0.253115 0.832296
vt 0.254029 0.831742
vt 0.232625 0.811157
vt 0.233488 0.810668
vt 0.258620 0.826272
vt 0.279162 0.847345
vt 0.232589 0.810202
vt 0.241076 0.801627
vt 0.228809 0.811157
vt 0.228775 0.810226
vt 0.240258 0.801089
vt 0.100160 0.860846
vt 0.100949 0.861341
vt 0.083328 0.885909
vt 0.082485 0.885353
vt 0.087902 0.891399
vt 0.108508 0.870416
vt 0.062722 0.906892
vt 0.061930 0.906402
vt 0.070282 0.915968
vt 0.061893 0.907333
vt 0.069493 0.916479
vt 0.058708 0.907357
vt 0.058707 0.906402
vt 0.045580 0.856252
vt 0.044792 0.856746
vt 0.027117 0.832240
vt 0.027960 0.831683
vt 0.045571 0.856788
vt 0.006562 0.811190
vt 0.007354 0.810701
vt 0.032534 0.826193
vt 0.053140 0.847177
vt 0.006526 0.810235
vt 0.014913 0.801625
vt 0.003338 0.811190
vt 0.003301 0.810260
vt 0.014164 0.801089
vt 0.101181 0.801089
vt 0.102041 0.801581
vt 0.084496 0.826226
vt 0.083582 0.825672
vt 0.109628 0.810622
vt 0.089087 0.831696
vt 0.063954 0.847299
vt 0.063092 0.846811
vt 0.071542 0.856342
vt 0.063057 0.847743
vt 0.070682 0.856855
vt 0.059283 0.847767
vt 0.059275 0.846811
vt 0.215051 0.856388
vt 0.214192 0.856880
vt 0.196592 0.832296
vt 0.197507 0.831742
vt 0.176102 0.811157
vt 0.176965 0.810668
vt 0.202098 0.826272
vt 0.222639 0.847345
vt 0.176066 0.810202
vt 0.184553 0.801627
vt 0.172286 0.811157
vt 0.172252 0.810226
vt 0.183735 0.801089
vt 0.156680 0.860846
vt 0.157468 0.861341
vt 0.139848 0.885909
vt 0.139005 0.885353
vt 0.144422 0.891399
vt 0.165028 0.870416
vt 0.119241 0.906892
vt 0.118450 0.906402
vt 0.126801 0.915968
vt 0.118413 0.907333
vt 0.126012 0.916479
vt 0.115228 0.907357
vt 0.115226 0.906402
vt 0.044271 0.915942
vt 0.043483 0.916436
vt 0.025808 0.891930
vt 0.026651 0.891373
vt 0.044262 0.916477
vt 0.005253 0.870880
vt 0.006045 0.870390
vt 0.031225 0.885883
vt 0.051831 0.906866
vt 0.005218 0.869925
vt 0.013604 0.861315
vt 0.002029 0.870880
vt 0.001992 0.869949
vt 0.012855 0.860779
vt 0.962769 0.482127
vt 0.980706 0.479422
vt 0.975004 0.502426
vt 0.995302 0.490191
vt 0.951999 0.496724
vt 0.998008 0.508128
vt 0.954705 0.514660
vt 0.987238 0.522724
vt 0.969301 0.525430
vt 0.965058 0.386645
vt 0.948327 0.391352
vt 0.945837 0.387220
vt 0.961521 0.380777
vt 0.967056 0.389960
vt 0.949474 0.393254
vt 0.936351 0.403947
vt 0.932815 0.398080
vt 0.942508 0.381698
vt 0.957135 0.373501
vt 0.968763 0.392793
vt 0.950922 0.395657
vt 0.928429 0.390803
vt 0.936669 0.372011
vt 0.951050 0.363405
vt 0.922344 0.380708
vt 0.930412 0.361629
vt 0.944793 0.353024
vt 0.916087 0.370326
vt 0.895114 0.303066
vt 0.909495 0.294461
vt 0.880789 0.311763
vt 0.890195 0.294903
vt 0.904953 0.286924
vt 0.876247 0.304227
vt 0.885030 0.284968
vt 0.900458 0.278519
vt 0.871418 0.295233
vt 0.876286 0.270460
vt 0.892882 0.265949
vt 0.868949 0.258287
vt 0.886507 0.255371
vt 0.830533 0.304776
vt 0.846216 0.311220
vt 0.835667 0.328722
vt 0.821041 0.320524
vt 0.839122 0.290525
vt 0.855853 0.295232
vt 0.859239 0.322078
vt 0.849748 0.337826
vt 0.828149 0.341196
vt 0.813769 0.332589
vt 0.845231 0.280389
vt 0.862813 0.283684
vt 0.842475 0.349891
vt 0.821892 0.351577
vt 0.807512 0.342970
vt 0.836218 0.360273
vt 0.786594 0.410141
vt 0.772214 0.401534
vt 0.800920 0.418836
vt 0.784252 0.414026
vt 0.769494 0.406046
vt 0.798201 0.423348
vt 0.782526 0.415525
vt 0.767097 0.409074
vt 0.796138 0.425790
vt 0.781327 0.417514
vt 0.764730 0.413002
vt 0.830373 0.015492
vt 0.841984 0.001905
vt 0.846306 0.009077
vt 0.833936 0.021403
vt 0.850908 0.016712
vt 0.837998 0.028142
vt 0.812951 0.018634
vt 0.817450 0.026099
vt 0.853520 0.021046
vt 0.839225 0.030177
vt 0.822159 0.033911
vt 0.858242 0.028880
vt 0.843793 0.037756
vt 0.825010 0.038641
vt 0.905984 0.108090
vt 0.891535 0.116967
vt 0.829755 0.046514
vt 0.978517 0.228431
vt 0.964068 0.237308
vt 0.877497 0.125724
vt 0.950030 0.246065
vt 0.967963 0.243475
vt 0.956952 0.250344
vt 0.969376 0.245643
vt 0.960180 0.251380
vt 0.646018 0.257732
vt 0.633647 0.245408
vt 0.641221 0.232843
vt 0.654131 0.244272
vt 0.651335 0.216062
vt 0.665632 0.225191
vt 0.662502 0.262432
vt 0.669968 0.250044
vt 0.656876 0.206869
vt 0.671326 0.215744
vt 0.679844 0.233658
vt 0.654084 0.276398
vt 0.636664 0.273253
vt 0.704618 0.127659
vt 0.719068 0.136534
vt 0.685362 0.224504
vt 0.777151 0.007317
vt 0.791601 0.016193
vt 0.733104 0.145294
vt 0.783859 0.002978
vt 0.795193 0.009940
vt 0.805637 0.024953
vt 0.786959 0.001905
vt 0.796425 0.007719
vt 0.809294 0.429781
vt 0.823715 0.430866
vt 0.823519 0.454026
vt 0.838021 0.445518
vt 0.803206 0.442899
vt 0.843832 0.465154
vt 0.809018 0.462535
vt 0.837744 0.478271
vt 0.823324 0.477187
vt 0.870489 0.477187
vt 0.856069 0.478271
vt 0.858667 0.473844
vt 0.870454 0.472957
vt 0.849981 0.465154
vt 0.853691 0.463122
vt 0.884795 0.462535
vt 0.882147 0.460981
vt 0.855792 0.445518
vt 0.858441 0.447072
vt 0.890607 0.442899
vt 0.886897 0.444931
vt 0.870099 0.430866
vt 0.870134 0.435096
vt 0.884519 0.429781
vt 0.881921 0.434209
vt 0.482960 0.845728
vt 0.471214 0.857815
vt 0.467188 0.850952
vt 0.478967 0.838923
vt 0.461850 0.841855
vt 0.474565 0.831421
vt 0.466116 0.862424
vt 0.460277 0.852471
vt 0.457217 0.833958
vt 0.470525 0.824535
vt 0.495211 0.834504
vt 0.489873 0.825406
vt 0.452385 0.839022
vt 0.452181 0.825374
vt 0.466122 0.817029
vt 0.485243 0.817514
vt 0.445830 0.827848
vt 0.447246 0.816963
vt 0.461823 0.809703
vt 0.480216 0.808947
vt 0.498588 0.826960
vt 0.492016 0.815759
vt 0.475275 0.800526
vt 0.485472 0.804607
vt 0.460021 0.806632
vt 0.473162 0.796923
vt 0.479628 0.794646
vt 0.562833 0.870964
vt 0.547494 0.865004
vt 0.555038 0.852145
vt 0.570088 0.858600
vt 0.534808 0.854520
vt 0.542062 0.842157
vt 0.565058 0.835068
vt 0.579247 0.842990
vt 0.532237 0.845603
vt 0.539400 0.833395
vt 0.551221 0.826546
vt 0.573805 0.820160
vt 0.587329 0.829215
vt 0.577711 0.858906
vt 0.585602 0.845456
vt 0.545971 0.822194
vt 0.559303 0.812771
vt 0.580392 0.808932
vt 0.593703 0.818350
vt 0.592158 0.834282
vt 0.552515 0.811041
vt 0.565677 0.801907
vt 0.584593 0.801772
vt 0.597495 0.811887
vt 0.598020 0.824292
vt 0.569469 0.795444
vt 0.588774 0.794645
vt 0.601215 0.805548
vt 0.838850 0.492580
vt 0.843136 0.482263
vt 0.847002 0.485995
vt 0.843470 0.494113
vt 0.850771 0.492224
vt 0.848683 0.497022
vt 0.843964 0.508417
vt 0.847345 0.506433
vt 0.855984 0.486770
vt 0.856080 0.492683
vt 0.850974 0.504304
vt 0.855294 0.520606
vt 0.856209 0.515826
vt 0.865091 0.496021
vt 0.861462 0.498150
vt 0.856213 0.509856
vt 0.866398 0.521893
vt 0.865025 0.516699
vt 0.861423 0.510372
vt 0.304811 0.942446
vt 0.303964 0.943764
vt 0.298589 0.938292
vt 0.299954 0.937491
vt 0.308612 0.942602
vt 0.309457 0.944114
vt 0.304431 0.934864
vt 0.297998 0.930834
vt 0.309570 0.939669
vt 0.299700 0.927406
vt 0.307719 0.932935
vt 0.302744 0.928036
vt 0.298812 0.925963
vt 0.303399 0.926844
vt 0.508561 0.887219
vt 0.508050 0.886440
vt 0.513820 0.882626
vt 0.514378 0.883403
vt 0.507608 0.887258
vt 0.503068 0.878771
vt 0.508838 0.874957
vt 0.514794 0.882543
vt 0.525925 0.901002
vt 0.520108 0.904818
vt 0.509816 0.874955
vt 0.539367 0.921492
vt 0.533551 0.925308
vt 0.532594 0.925344
vt 0.519118 0.904803
vt 0.485180 0.874863
vt 0.485691 0.874084
vt 0.491487 0.877858
vt 0.490997 0.878679
vt 0.484764 0.874003
vt 0.490741 0.866459
vt 0.496538 0.870233
vt 0.491950 0.878718
vt 0.479450 0.896278
vt 0.473633 0.892462
vt 0.489742 0.866415
vt 0.466008 0.916768
vt 0.460191 0.912952
vt 0.466964 0.916804
vt 0.480440 0.896263
vt 0.657333 0.693160
vt 0.656780 0.692379
vt 0.661694 0.689156
vt 0.662205 0.689934
vt 0.656469 0.693167
vt 0.645184 0.674704
vt 0.650098 0.671481
vt 0.662540 0.689185
vt 0.667174 0.697571
vt 0.662302 0.700797
vt 0.661429 0.700727
vt 0.631698 0.654149
vt 0.636612 0.650925
vt 0.637461 0.650958
vt 0.650980 0.671564
vt 0.722479 0.458512
vt 0.722975 0.457695
vt 0.727889 0.460919
vt 0.727378 0.461697
vt 0.722128 0.457724
vt 0.734571 0.440020
vt 0.739485 0.443243
vt 0.722351 0.469297
vt 0.717452 0.466112
vt 0.748056 0.419465
vt 0.752970 0.422688
vt 0.728199 0.461707
vt 0.723239 0.469267
vt 0.747208 0.419497
vt 0.733688 0.440103
vt 0.171746 0.877616
vt 0.185263 0.869244
vt 0.208943 0.907477
vt 0.195426 0.915849
vt 0.198781 0.860871
vt 0.222461 0.899105
vt 0.253894 0.866994
vt 0.267412 0.875366
vt 0.243732 0.913599
vt 0.230214 0.905227
vt 0.280929 0.883738
vt 0.257249 0.921971
vt 0.519023 0.944111
vt 0.512700 0.933902
vt 0.520073 0.929336
vt 0.526396 0.939545
vt 0.525346 0.954321
vt 0.532719 0.949755
vt 0.492869 0.939546
vt 0.499192 0.929336
vt 0.506565 0.933902
vt 0.500241 0.944112
vt 0.486546 0.949755
vt 0.493918 0.954321
vt 0.183880 0.929337
vt 0.178733 0.921026
vt 0.180647 0.919840
vt 0.185794 0.928151
vt 0.189027 0.937647
vt 0.190941 0.936461
vt 0.165535 0.928781
vt 0.170683 0.920470
vt 0.172597 0.921656
vt 0.167450 0.929967
vt 0.160388 0.937091
vt 0.162303 0.938277
vt 0.276925 0.941288
vt 0.272630 0.943948
vt 0.264785 0.931283
vt 0.269080 0.928623
vt 0.281220 0.938628
vt 0.273376 0.925963
vt 0.246511 0.941288
vt 0.242216 0.938628
vt 0.250060 0.925963
vt 0.254355 0.928623
vt 0.250806 0.943948
vt 0.258650 0.931283
vt 0.594315 0.887219
vt 0.593804 0.886440
vt 0.599574 0.882626
vt 0.600132 0.883403
vt 0.593362 0.887258
vt 0.588822 0.878771
vt 0.594591 0.874957
vt 0.600548 0.882543
vt 0.611679 0.901002
vt 0.605862 0.904818
vt 0.595570 0.874955
vt 0.625121 0.921492
vt 0.619304 0.925308
vt 0.618348 0.925344
vt 0.604872 0.904803
vt 0.570934 0.883403
vt 0.571445 0.882624
vt 0.577241 0.886398
vt 0.576750 0.887219
vt 0.570518 0.882543
vt 0.576495 0.874999
vt 0.582291 0.878773
vt 0.577704 0.887258
vt 0.565204 0.904818
vt 0.559387 0.901002
vt 0.575496 0.874955
vt 0.551762 0.925308
vt 0.545945 0.921492
vt 0.552718 0.925344
vt 0.566194 0.904803
vt 0.700210 0.413292
vt 0.699657 0.412512
vt 0.704571 0.409288
vt 0.705082 0.410067
vt 0.699346 0.413300
vt 0.688061 0.394837
vt 0.692975 0.391613
vt 0.705417 0.409317
vt 0.710051 0.417704
vt 0.705179 0.420929
vt 0.704306 0.420860
vt 0.674575 0.374281
vt 0.679489 0.371058
vt 0.680338 0.371090
vt 0.693857 0.391696
vt 0.765356 0.468829
vt 0.765852 0.468011
vt 0.770766 0.471235
vt 0.770255 0.472014
vt 0.765005 0.468040
vt 0.777448 0.450336
vt 0.782362 0.453560
vt 0.765228 0.479614
vt 0.760329 0.476429
vt 0.790933 0.429781
vt 0.795847 0.433005
vt 0.771076 0.472023
vt 0.766116 0.479583
vt 0.790084 0.429814
vt 0.776565 0.450420
vt 0.288683 0.883738
vt 0.302200 0.875366
vt 0.325880 0.913599
vt 0.312363 0.921971
vt 0.315718 0.866994
vt 0.339398 0.905227
vt 0.370831 0.860551
vt 0.384349 0.868923
vt 0.360669 0.907156
vt 0.347151 0.898784
vt 0.397866 0.877295
vt 0.374186 0.915528
vt 0.466714 0.935571
vt 0.460391 0.925362
vt 0.467764 0.920796
vt 0.474087 0.931005
vt 0.473038 0.945781
vt 0.480410 0.941215
vt 0.440560 0.935573
vt 0.446883 0.925363
vt 0.454256 0.929929
vt 0.447933 0.940139
vt 0.434237 0.945782
vt 0.441609 0.950348
vt 0.147191 0.929966
vt 0.142044 0.921656
vt 0.143959 0.920470
vt 0.149106 0.928781
vt 0.152338 0.938277
vt 0.154253 0.937091
vt 0.128847 0.928781
vt 0.133994 0.920470
vt 0.135909 0.921656
vt 0.130761 0.929967
vt 0.123700 0.937091
vt 0.125614 0.938277
vt 0.231785 0.941288
vt 0.227491 0.943948
vt 0.219646 0.931283
vt 0.223941 0.928623
vt 0.236080 0.938628
vt 0.228236 0.925963
vt 0.201372 0.935166
vt 0.197077 0.932505
vt 0.204921 0.919840
vt 0.209216 0.922501
vt 0.205667 0.937826
vt 0.213511 0.925161
vt 0.626248 0.566230
vt 0.608311 0.566230
vt 0.608311 0.017740
vt 0.626248 0.017740
vt 0.608311 0.007787
vt 0.626248 0.007787
vt 0.608638 0.003502
vt 0.626479 0.001905
vt 0.584215 0.001905
vt 0.602151 0.001905
vt 0.602151 0.550395
vt 0.584215 0.550395
vt 0.602151 0.560348
vt 0.584215 0.560348
vt 0.601825 0.575514
vt 0.583984 0.573903
vt 0.598608 0.587754
vt 0.581026 0.584744
vt 0.741284 0.280389
vt 0.757881 0.286157
vt 0.756864 0.290362
vt 0.739305 0.286871
vt 0.756180 0.295527
vt 0.738200 0.294591
vt 0.756309 0.303856
vt 0.738299 0.303747
vt 0.756319 0.319500
vt 0.738311 0.319769
vt 0.756319 0.328896
vt 0.738311 0.329164
vt 0.756319 0.395020
vt 0.738311 0.395288
vt 0.756319 0.402103
vt 0.738311 0.402371
vt 0.757180 0.406896
vt 0.739345 0.409115
vt 0.758595 0.411516
vt 0.741173 0.415473
vt 0.996183 0.420536
vt 0.978625 0.424034
vt 0.975037 0.402625
vt 0.993016 0.401707
vt 0.974908 0.389104
vt 0.992917 0.388997
vt 0.974898 0.371056
vt 0.992905 0.371327
vt 0.974898 0.361660
vt 0.992905 0.361931
vt 0.974898 0.295536
vt 0.992905 0.295808
vt 0.974898 0.288452
vt 0.992905 0.288724
vt 0.976691 0.271180
vt 0.994525 0.273404
vt 0.980588 0.255371
vt 0.998008 0.259331
vt 0.785830 0.517106
vt 0.779435 0.500561
vt 0.787521 0.500409
vt 0.792537 0.513386
vt 0.784837 0.483605
vt 0.791758 0.487109
vt 0.791448 0.500318
vt 0.795638 0.511156
vt 0.794987 0.489211
vt 0.907510 0.522759
vt 0.893089 0.522759
vt 0.893089 0.482263
vt 0.907510 0.482263
vt 0.872534 0.482263
vt 0.886954 0.482263
vt 0.886954 0.522759
vt 0.872534 0.522759
vt 0.517551 0.867539
vt 0.505764 0.867539
vt 0.504723 0.827319
vt 0.516510 0.827319
vt 0.504723 0.816541
vt 0.516460 0.817601
vt 0.507929 0.804051
vt 0.519239 0.808228
vt 0.514630 0.794645
vt 0.526102 0.802702
vt 0.654876 0.280389
vt 0.666663 0.280389
vt 0.665621 0.320608
vt 0.653834 0.320608
vt 0.665621 0.331387
vt 0.653884 0.332464
vt 0.668827 0.343877
vt 0.657773 0.348135
vt 0.675529 0.353282
vt 0.666612 0.360437
vt 0.801773 0.492087
vt 0.807715 0.482263
vt 0.814177 0.485642
vt 0.806747 0.494906
vt 0.820517 0.491723
vt 0.811293 0.499877
vt 0.827735 0.502645
vt 0.816942 0.508719
vt 0.831182 0.511915
vt 0.819867 0.516409
vt 0.832715 0.517558
vt 0.823733 0.520474
vt 0.755154 0.512325
vt 0.749274 0.502685
vt 0.752877 0.500366
vt 0.760172 0.509515
vt 0.755708 0.496476
vt 0.764718 0.504542
vt 0.759785 0.489713
vt 0.770366 0.495701
vt 0.762195 0.483605
vt 0.773299 0.488014
vt 0.056982 0.925836
vt 0.055259 0.920527
vt 0.060120 0.920470
vt 0.060148 0.925057
vt 0.069651 0.921242
vt 0.067958 0.926452
vt 0.066283 0.925964
vt 0.066511 0.920470
vt 0.669072 0.705281
vt 0.670026 0.704788
vt 0.681572 0.729371
vt 0.680582 0.729925
vt 0.661983 0.704788
vt 0.662937 0.705281
vt 0.651426 0.729926
vt 0.650436 0.729372
vt 0.034498 0.920468
vt 0.034941 0.921447
vt 0.034009 0.921424
vt 0.048167 0.920512
vt 0.049123 0.920468
vt 0.048655 0.921467
vt 0.607030 0.953904
vt 0.606184 0.954398
vt 0.594588 0.929892
vt 0.595470 0.929336
vt 0.576856 0.954399
vt 0.576010 0.953905
vt 0.587570 0.929336
vt 0.588452 0.929893
vt 0.005886 0.920910
vt 0.006759 0.920468
vt 0.006735 0.921399
vt 0.019958 0.921423
vt 0.019918 0.920468
vt 0.020807 0.920933
vt 0.410674 0.814857
vt 0.422695 0.818326
vt 0.422695 0.856559
vt 0.410674 0.853091
vt 0.413616 0.812809
vt 0.422695 0.815428
vt 0.434716 0.814857
vt 0.434716 0.853091
vt 0.405696 0.806486
vt 0.409855 0.806486
vt 0.413616 0.805436
vt 0.422695 0.808055
vt 0.431774 0.812809
vt 0.410674 0.798113
vt 0.413616 0.800162
vt 0.415304 0.804260
vt 0.422695 0.806392
vt 0.431774 0.805436
vt 0.439694 0.806486
vt 0.435534 0.806486
vt 0.422695 0.794645
vt 0.422695 0.797543
vt 0.415304 0.802345
vt 0.422695 0.804477
vt 0.430085 0.804260
vt 0.434716 0.798113
vt 0.431774 0.800162
vt 0.418875 0.799858
vt 0.422695 0.800960
vt 0.430085 0.802345
vt 0.426514 0.799858
vt 0.370541 0.798113
vt 0.382562 0.794645
vt 0.382562 0.832879
vt 0.370541 0.836347
vt 0.394583 0.798113
vt 0.394583 0.836347
vt 0.382562 0.844719
vt 0.365563 0.844719
vt 0.399561 0.844719
vt 0.370541 0.853092
vt 0.394583 0.853092
vt 0.382562 0.856560
vt 0.334452 0.935041
vt 0.331833 0.925962
vt 0.339206 0.925962
vt 0.341825 0.935041
vt 0.331833 0.944120
vt 0.339206 0.944120
vt 0.115650 0.927859
vt 0.113518 0.920470
vt 0.115432 0.920470
vt 0.117564 0.927859
vt 0.113518 0.935251
vt 0.115432 0.935251
vt 0.370303 0.939709
vt 0.366483 0.938607
vt 0.366483 0.925942
vt 0.370303 0.927044
vt 0.370303 0.923282
vt 0.374122 0.938607
vt 0.374122 0.925942
vt 0.364900 0.923282
vt 0.366483 0.920622
vt 0.375704 0.923282
vt 0.370303 0.919520
vt 0.374122 0.920622
vt 0.093380 0.933135
vt 0.089561 0.934237
vt 0.089561 0.921572
vt 0.093380 0.920470
vt 0.097201 0.934237
vt 0.097201 0.921572
vt 0.631801 0.705281
vt 0.632755 0.704788
vt 0.644301 0.729371
vt 0.643311 0.729925
vt 0.624712 0.929336
vt 0.625666 0.929828
vt 0.614155 0.954474
vt 0.613165 0.953919
vt 0.027431 0.920468
vt 0.027874 0.921447
vt 0.026942 0.921424
vt 0.041076 0.920512
vt 0.042032 0.920468
vt 0.041564 0.921467
vt 0.569875 0.953904
vt 0.569028 0.954398
vt 0.557432 0.929892
vt 0.558314 0.929336
vt 0.539701 0.954399
vt 0.538854 0.953905
vt 0.550414 0.929336
vt 0.551297 0.929893
vt 0.001992 0.925832
vt 0.002865 0.925390
vt 0.002841 0.926321
vt 0.012934 0.921423
vt 0.012894 0.920468
vt 0.013783 0.920933
vt 0.330408 0.814858
vt 0.342429 0.818326
vt 0.342429 0.856559
vt 0.330408 0.853091
vt 0.333350 0.812809
vt 0.342429 0.815428
vt 0.354450 0.814858
vt 0.354450 0.853091
vt 0.325430 0.806486
vt 0.329589 0.806486
vt 0.333350 0.805436
vt 0.342429 0.808055
vt 0.351507 0.812809
vt 0.330408 0.798113
vt 0.333350 0.800162
vt 0.335038 0.804260
vt 0.342429 0.806392
vt 0.351507 0.805436
vt 0.359428 0.806486
vt 0.355268 0.806486
vt 0.342429 0.794645
vt 0.342429 0.797543
vt 0.335038 0.802345
vt 0.342429 0.804477
vt 0.349819 0.804260
vt 0.354450 0.798113
vt 0.351507 0.800162
vt 0.338609 0.799858
vt 0.342429 0.800960
vt 0.349819 0.802345
vt 0.346248 0.799858
vt 0.290275 0.804557
vt 0.302296 0.801089
vt 0.302296 0.839322
vt 0.290275 0.842791
vt 0.314317 0.804557
vt 0.314317 0.842791
vt 0.302296 0.851163
vt 0.285297 0.851163
vt 0.319295 0.851163
vt 0.290275 0.859534
vt 0.314317 0.859534
vt 0.302296 0.863002
vt 0.318325 0.935041
vt 0.315706 0.925962
vt 0.323078 0.925962
vt 0.325698 0.935041
vt 0.315706 0.944120
vt 0.323078 0.944120
vt 0.105468 0.927859
vt 0.103336 0.920470
vt 0.105251 0.920470
vt 0.107383 0.927859
vt 0.103336 0.935251
vt 0.105251 0.935251
vt 0.353364 0.939709
vt 0.349543 0.938607
vt 0.349543 0.925942
vt 0.353364 0.927044
vt 0.353364 0.923282
vt 0.357182 0.938607
vt 0.357182 0.925942
vt 0.347960 0.923282
vt 0.349543 0.920622
vt 0.358765 0.923282
vt 0.353364 0.919520
vt 0.357182 0.920622
vt 0.079605 0.933135
vt 0.075786 0.934237
vt 0.075786 0.921572
vt 0.079605 0.920470
vt 0.083426 0.934237
vt 0.083426 0.921572
vt 0.732929 0.473288
vt 0.743138 0.477049
vt 0.741239 0.478738
vt 0.732929 0.475676
vt 0.722719 0.477049
vt 0.724619 0.478738
vt 0.718490 0.486127
vt 0.721176 0.486127
vt 0.722719 0.495207
vt 0.724619 0.493519
vt 0.732929 0.498967
vt 0.732929 0.496580
vt 0.743138 0.495207
vt 0.741239 0.493519
vt 0.419791 0.925363
vt 0.428102 0.928425
vt 0.424086 0.931996
vt 0.419791 0.930413
vt 0.411481 0.928425
vt 0.415496 0.931996
vt 0.408038 0.935814
vt 0.413717 0.935814
vt 0.411481 0.943206
vt 0.415496 0.939635
vt 0.419791 0.946267
vt 0.419791 0.941217
vt 0.428102 0.943206
vt 0.424086 0.939635
vt 0.702146 0.424921
vt 0.712355 0.428681
vt 0.710456 0.430370
vt 0.702146 0.427308
vt 0.691936 0.428681
vt 0.693835 0.430370
vt 0.687707 0.437759
vt 0.690393 0.437759
vt 0.691936 0.446839
vt 0.693835 0.445151
vt 0.702146 0.450599
vt 0.702146 0.448212
vt 0.712355 0.446839
vt 0.710456 0.445151
vt 0.393593 0.925363
vt 0.401903 0.928425
vt 0.397887 0.931996
vt 0.393593 0.930413
vt 0.385282 0.928425
vt 0.389298 0.931996
vt 0.381840 0.935814
vt 0.387518 0.935814
vt 0.385282 0.943206
vt 0.389298 0.939635
vt 0.393593 0.946267
vt 0.393593 0.941217
vt 0.401903 0.943206
vt 0.397887 0.939635
vn 0.988812 0.000000 -0.149166
vn 0.988812 0.000000 -0.149166
vn 0.988812 0.000000 -0.149166
vn 0.988812 0.000000 -0.149166
vn 0.593717 0.000000 -0.804674
vn 0.593717 0.000000 -0.804674
vn 0.593717 0.000000 -0.804674
vn 0.593717 0.000000 -0.804674
vn -0.149158 0.000000 -0.988813
vn -0.149158 0.000000 -0.988813
vn -0.149158 0.000000 -0.988813
vn -0.149158 0.000000 -0.988813
vn -0.804674 0.000000 -0.593717
vn -0.804674 0.000000 -0.593717
vn -0.804674 0.000000 -0.593717
vn -0.804674 0.000000 -0.593717
vn -0.988812 0.000000 0.149167
vn -0.988812 0.000000 0.149167
vn -0.988812 0.000000 0.149167
vn -0.988812 0.000000 0.149167
vn -0.593720 0.000000 0.804672
vn -0.593720 0.000000 0.804672
vn -0.593720 0.000000 0.804672
vn -0.593720 0.000000 0.804672
vn 0.149162 0.000000 0.988813
vn 0.149162 0.000000 0.988813
vn 0.149162 0.000000 0.988813
vn 0.149162 0.000000 0.988813
vn 0.804672 0.000000 0.593719
vn 0.804672 0.000000 0.593719
vn 0.804672 0.000000 0.593719
vn 0.804672 0.000000 0.593719
vn 0.000000 -1.000000 0.000012
vn 0.000000 -1.000000 -0.000023
vn 0.000000 -1.000000 0.000000
vn 0.000000 -1.000000 0.000012
vn 0.000000 -1.000000 0.000012
vn 0.000000 -1.000000 0.000000
vn 0.000000 -1.000000 0.000023
vn 0.000000 -1.000000 0.000012
vn 0.000000 -1.000000 0.000000
vn 0.000000 -1.000000 0.000023
vn 0.000000 -1.000000 0.000023
vn 0.000000 -1.000000 0.000000
vn 0.000000 -1.000000 -0.000012
vn 0.000000 -1.000000 0.000023
vn 0.000000 -1.000000 0.000000
vn 0.000000 -1.000000 -0.000012
vn 0.000000 -1.000000 -0.000012
vn 0.000000 -1.000000 0.000000
vn 0.000000 -1.000000 -0.000023
vn 0.000000 -1.000000 -0.000012
vn 0.000000 -1.000000 0.000000
vn 0.000000 -1.000000 -0.000023
vn 0.000000 -1.000000 -0.000023
vn 0.000000 -1.000000 0.000000
vn 0.526222 -0.008404 0.850306
vn 0.526233 -0.008382 0.850299
vn 0.526154 -0.008412 0.850348
vn 0.526233 -0.008382 0.850299
vn 0.526231 -0.008394 0.850300
vn 0.526154 -0.008412 0.850348
vn 0.526231 -0.008394 0.850300
vn 0.526184 -0.008393 0.850329
vn 0.526154 -0.008412 0.850348
vn 0.526184 -0.008393 0.850329
vn 0.526099 -0.008378 0.850382
vn 0.526154 -0.008412 0.850348
vn 0.526099 -0.008378 0.850382
vn 0.526093 -0.008440 0.850385
vn 0.526154 -0.008412 0.850348
vn 0.526093 -0.008440 0.850385
vn 0.526064 -0.008473 0.850403
vn 0.526154 -0.008412 0.850348
vn 0.526064 -0.008473 0.850403
vn 0.526104 -0.008433 0.850378
vn 0.526154 -0.008412 0.850348
vn 0.526104 -0.008433 0.850378
vn 0.526222 -0.008404 0.850306
vn 0.526154 -0.008412 0.850348
vn 0.988812 0.000000 -0.149165
vn 0.988812 0.000000 -0.149165
vn 0.988812 0.000000 -0.149165
vn 0.988812 0.000000 -0.149165
vn 0.593704 0.000000 -0.804683
vn 0.593704 0.000000 -0.804683
vn 0.593704 0.000000 -0.804683
vn 0.593704 0.000000 -0.804683
vn -0.149163 0.000000 -0.988813
vn -0.149163 0.000000 -0.988813
vn -0.149163 0.000000 -0.988813
vn -0.149163 0.000000 -0.988813
vn -0.804666 0.000000 -0.593728
vn -0.804666 0.000000 -0.593728
vn -0.804666 0.000000 -0.593728
vn -0.804666 0.000000 -0.593728
vn -0.988812 0.000000 0.149165
vn -0.988812 0.000000 0.149165
vn -0.988812 0.000000 0.149165
vn -0.988812 0.000000 0.149165
vn -0.593729 0.000000 0.804665
vn -0.593729 0.000000 0.804665
vn -0.593729 0.000000 0.804665
vn -0.593729 0.000000 0.804665
vn 0.149156 0.000000 0.988814
vn 0.149156 0.000000 0.988814
vn 0.149156 0.000000 0.988814
vn 0.149156 0.000000 0.988814
vn 0.804680 0.000000 0.593708
vn 0.804680 0.000000 0.593708
vn 0.804680 0.000000 0.593708
vn 0.804680 0.000000 0.593708
vn 0.989370 0.007419 -0.145231
vn 0.989370 0.007419 -0.145231
vn 0.989370 0.007419 -0.145231
vn 0.989370 0.007419 -0.145231
vn 0.588906 0.011120 -0.808125
vn 0.588906 0.011120 -0.808125
vn 0.588906 0.011120 -0.808125
vn 0.588906 0.011120 -0.808125
vn -0.157353 0.098003 -0.982668
vn -0.157353 0.098003 -0.982668
vn -0.157353 0.098003 -0.982668
vn -0.157353 0.098003 -0.982668
vn -0.795384 0.098005 -0.598130
vn -0.795384 0.098005 -0.598130
vn -0.795384 0.098005 -0.598130
vn -0.795384 0.098005 -0.598130
vn -0.989624 0.011120 0.143254
vn -0.989624 0.011120 0.143254
vn -0.989624 0.011120 0.143254
vn -0.989624 0.011120 0.143254
vn -0.590461 0.007420 0.807032
vn -0.590461 0.007420 0.807032
vn -0.590461 0.007420 0.807032
vn -0.590461 0.007420 0.807032
vn 0.152217 0.034754 0.987736
vn 0.152217 0.034754 0.987736
vn 0.152217 0.034754 0.987736
vn 0.152217 0.034754 0.987736
vn 0.802297 0.034755 0.595912
vn 0.802297 0.034755 0.595912
vn 0.802297 0.034755 0.595912
vn 0.802297 0.034755 0.595912
vn 0.964162 0.190750 -0.184410
vn 0.964162 0.190750 -0.184410
vn 0.964162 0.190750 -0.184410
vn 0.964162 0.190750 -0.184410
vn 0.617846 -0.224027 -0.753710
vn 0.617846 -0.224027 -0.753710
vn 0.617846 -0.224027 -0.753710
vn 0.617846 -0.224027 -0.753710
vn -0.050469 -0.637851 -0.768505
vn -0.050469 -0.637851 -0.768505
vn -0.050469 -0.637851 -0.768505
vn -0.050469 -0.637851 -0.768505
vn -0.656049 -0.637792 -0.403511
vn -0.656049 -0.637792 -0.403511
vn -0.656049 -0.637792 -0.403511
vn -0.656049 -0.637792 -0.403511
vn -0.955014 -0.224033 0.194312
vn -0.955014 -0.224033 0.194312
vn -0.955014 -0.224033 0.194312
vn -0.955014 -0.224033 0.194312
vn -0.613403 0.190757 0.766387
vn -0.613403 0.190757 0.766387
vn -0.613403 0.190757 0.766387
vn -0.613403 0.190757 0.766387
vn 0.100737 0.426080 0.899059
vn 0.100737 0.426080 0.899059
vn 0.100737 0.426080 0.899059
vn 0.100737 0.426080 0.899059
vn 0.747943 0.426064 0.508971
vn 0.747943 0.426064 0.508971
vn 0.747943 0.426064 0.508971
vn 0.747943 0.426064 0.508971
vn 0.944275 0.247081 -0.217475
vn 0.944275 0.247081 -0.217475
vn 0.944275 0.247081 -0.217476
vn 0.944275 0.247081 -0.217475
vn 0.636891 -0.256346 -0.727088
vn 0.636891 -0.256346 -0.727088
vn 0.636891 -0.256346 -0.727088
vn 0.636891 -0.256346 -0.727088
vn -0.016573 -0.661150 -0.750071
vn -0.016573 -0.661150 -0.750071
vn -0.016573 -0.661150 -0.750071
vn -0.016573 -0.661150 -0.750071
vn -0.655491 -0.661171 -0.364944
vn -0.655491 -0.661171 -0.364944
vn -0.655491 -0.661171 -0.364944
vn -0.655491 -0.661171 -0.364944
vn -0.940358 -0.256358 0.223623
vn -0.940358 -0.256358 0.223623
vn -0.940358 -0.256358 0.223622
vn -0.940358 -0.256358 0.223622
vn -0.633329 0.247080 0.733380
vn -0.633329 0.247080 0.733380
vn -0.633329 0.247080 0.733380
vn -0.633329 0.247080 0.733380
vn 0.050566 0.580823 0.812458
vn 0.050566 0.580823 0.812458
vn 0.050566 0.580823 0.812458
vn 0.050566 0.580823 0.812458
vn 0.694778 0.580832 0.424166
vn 0.694778 0.580832 0.424166
vn 0.694778 0.580832 0.424166
vn 0.694778 0.580832 0.424166
vn 0.869822 0.357389 -0.340121
vn 0.869823 0.357388 -0.340121
vn 0.869822 0.357389 -0.340121
vn 0.869822 0.357389 -0.340121
vn 0.719377 -0.373512 -0.585650
vn 0.719377 -0.373512 -0.585650
vn 0.719377 -0.373512 -0.585650
vn 0.719377 -0.373512 -0.585650
vn 0.214748 -0.917843 -0.333838
vn 0.214748 -0.917843 -0.333838
vn 0.214748 -0.917843 -0.333838
vn 0.214748 -0.917843 -0.333838
vn -0.395477 -0.917848 0.033959
vn -0.395477 -0.917848 0.033959
vn -0.395477 -0.917848 0.033959
vn -0.395477 -0.917848 0.033959
vn -0.853859 -0.373496 0.362528
vn -0.853859 -0.373496 0.362528
vn -0.853859 -0.373496 0.362528
vn -0.853859 -0.373496 0.362528
vn -0.707004 0.357392 0.610259
vn -0.707004 0.357392 0.610260
vn -0.707004 0.357392 0.610260
vn -0.707004 0.357392 0.610259
vn -0.116363 0.836692 0.535170
vn -0.116363 0.836692 0.535170
vn -0.116363 0.836692 0.535170
vn -0.116363 0.836692 0.535170
vn 0.527540 0.836706 0.147051
vn 0.527540 0.836706 0.147051
vn 0.527540 0.836706 0.147051
vn 0.527540 0.836706 0.147051
vn 0.815769 0.384418 -0.432140
vn 0.815769 0.384418 -0.432140
vn 0.815769 0.384418 -0.432140
vn 0.815769 0.384418 -0.432140
vn 0.771066 -0.388558 -0.504460
vn 0.771066 -0.388558 -0.504460
vn 0.771066 -0.388558 -0.504460
vn 0.771066 -0.388558 -0.504460
vn 0.308812 -0.928109 -0.207962
vn 0.308812 -0.928109 -0.207962
vn 0.308812 -0.928109 -0.207962
vn 0.308812 -0.928109 -0.207962
vn -0.328116 -0.928107 0.175946
vn -0.328116 -0.928107 0.175946
vn -0.328116 -0.928107 0.175946
vn -0.328116 -0.928107 0.175946
vn -0.806184 -0.388552 0.446201
vn -0.806184 -0.388552 0.446200
vn -0.806184 -0.388552 0.446201
vn -0.806184 -0.388552 0.446201
vn -0.763116 0.384420 0.519496
vn -0.763116 0.384420 0.519496
vn -0.763116 0.384420 0.519496
vn -0.763116 0.384420 0.519496
vn -0.252366 0.915478 0.313387
vn -0.252366 0.915478 0.313387
vn -0.252366 0.915478 0.313387
vn -0.252366 0.915478 0.313387
vn 0.395000 0.915467 -0.076785
vn 0.395000 0.915467 -0.076785
vn 0.395000 0.915467 -0.076785
vn 0.395000 0.915467 -0.076785
vn 0.791518 0.382894 -0.476332
vn 0.791518 0.382894 -0.476332
vn 0.791518 0.382894 -0.476332
vn 0.791518 0.382894 -0.476332
vn 0.791357 -0.383504 -0.476108
vn 0.791357 -0.383504 -0.476108
vn 0.791357 -0.383504 -0.476108
vn 0.791357 -0.383504 -0.476108
vn 0.329672 -0.924103 -0.193263
vn 0.329672 -0.924103 -0.193263
vn 0.329672 -0.924103 -0.193263
vn 0.329672 -0.924103 -0.193263
vn -0.324854 -0.924110 0.201222
vn -0.324854 -0.924110 0.201222
vn -0.324854 -0.924110 0.201222
vn -0.324854 -0.924110 0.201222
vn -0.790593 -0.383503 0.477376
vn -0.790593 -0.383503 0.477376
vn -0.790593 -0.383503 0.477376
vn -0.790593 -0.383503 0.477376
vn -0.790881 0.382890 0.477391
vn -0.790881 0.382890 0.477391
vn -0.790881 0.382890 0.477391
vn -0.790881 0.382890 0.477391
vn -0.325715 0.923965 0.200496
vn -0.325715 0.923965 0.200496
vn -0.325715 0.923965 0.200496
vn -0.325715 0.923965 0.200496
vn 0.329420 0.923965 -0.194350
vn 0.329420 0.923965 -0.194350
vn 0.329420 0.923965 -0.194350
vn 0.329420 0.923965 -0.194350
vn 0.791330 0.382491 -0.476968
vn 0.791330 0.382491 -0.476968
vn 0.791330 0.382491 -0.476968
vn 0.791330 0.382491 -0.476968
vn 0.791152 -0.383006 -0.476849
vn 0.791152 -0.383006 -0.476849
vn 0.791152 -0.383006 -0.476849
vn 0.791152 -0.383006 -0.476849
vn 0.327734 -0.923894 -0.197510
vn 0.327734 -0.923894 -0.197510
vn 0.327734 -0.923894 -0.197510
vn 0.327734 -0.923894 -0.197510
vn -0.327732 -0.923886 0.197551
vn -0.327732 -0.923886 0.197551
vn -0.327731 -0.923886 0.197551
vn -0.327732 -0.923886 0.197551
vn -0.791134 -0.383002 0.476883
vn -0.791134 -0.383002 0.476883
vn -0.791134 -0.383002 0.476883
vn -0.791134 -0.383002 0.476883
vn -0.791331 0.382490 0.476966
vn -0.791331 0.382490 0.476966
vn -0.791331 0.382490 0.476966
vn -0.791331 0.382490 0.476966
vn -0.328035 0.923744 0.197711
vn -0.328035 0.923744 0.197711
vn -0.328035 0.923744 0.197711
vn -0.328035 0.923744 0.197711
vn 0.328038 0.923743 -0.197711
vn 0.328038 0.923743 -0.197711
vn 0.328038 0.923743 -0.197711
vn 0.328038 0.923743 -0.197711
vn 0.791335 0.382491 -0.476959
vn 0.791335 0.382491 -0.476959
vn 0.791335 0.382491 -0.476959
vn 0.791335 0.382491 -0.476959
vn 0.791152 -0.383006 -0.476850
vn 0.791152 -0.383006 -0.476850
vn 0.791152 -0.383006 -0.476850
vn 0.791152 -0.383006 -0.476850
vn 0.327733 -0.923887 -0.197544
vn 0.327733 -0.923887 -0.197544
vn 0.327733 -0.923887 -0.197544
vn 0.327733 -0.923887 -0.197544
vn -0.327735 -0.923892 0.197516
vn -0.327735 -0.923893 0.197516
vn -0.327735 -0.923893 0.197516
vn -0.327735 -0.923892 0.197516
vn -0.791152 -0.383006 0.476849
vn -0.791152 -0.383006 0.476849
vn -0.791152 -0.383006 0.476849
vn -0.791152 -0.383006 0.476849
vn -0.791334 0.382493 0.476959
vn -0.791334 0.382493 0.476959
vn -0.791334 0.382493 0.476959
vn -0.791334 0.382493 0.476959
vn -0.328037 0.923744 0.197708
vn -0.328037 0.923744 0.197708
vn -0.328037 0.923744 0.197708
vn -0.328037 0.923744 0.197708
vn 0.328037 0.923744 -0.197708
vn 0.328037 0.923744 -0.197708
vn 0.328037 0.923744 -0.197708
vn 0.328037 0.923744 -0.197708
vn 0.789485 0.383759 -0.479001
vn 0.789485 0.383759 -0.479001
vn 0.789485 0.383759 -0.479001
vn 0.789485 0.383759 -0.479001
vn 0.789413 -0.383713 -0.479156
vn 0.789413 -0.383713 -0.479156
vn 0.789413 -0.383713 -0.479156
vn 0.789413 -0.383713 -0.479156
vn 0.320390 -0.924179 -0.207949
vn 0.320390 -0.924179 -0.207949
vn 0.320390 -0.924179 -0.207949
vn 0.320390 -0.924179 -0.207949
vn -0.333584 -0.924152 0.186185
vn -0.333584 -0.924152 0.186185
vn -0.333585 -0.924152 0.186185
vn -0.333585 -0.924152 0.186185
vn -0.792367 -0.383718 0.474251
vn -0.792367 -0.383718 0.474251
vn -0.792367 -0.383718 0.474251
vn -0.792367 -0.383718 0.474251
vn -0.792256 0.383760 0.474403
vn -0.792256 0.383760 0.474403
vn -0.792256 0.383760 0.474403
vn -0.792256 0.383760 0.474403
vn -0.338849 0.924155 0.176407
vn -0.338849 0.924155 0.176407
vn -0.338849 0.924155 0.176407
vn -0.338849 0.924155 0.176407
vn 0.314100 0.924204 -0.217228
vn 0.314100 0.924204 -0.217227
vn 0.314100 0.924204 -0.217228
vn 0.314100 0.924204 -0.217228
vn 0.841881 0.383389 -0.379801
vn 0.841881 0.383389 -0.379801
vn 0.841881 0.383389 -0.379801
vn 0.841881 0.383389 -0.379801
vn 0.747698 -0.358982 -0.558641
vn 0.747698 -0.358982 -0.558641
vn 0.747698 -0.358982 -0.558641
vn 0.747698 -0.358982 -0.558641
vn 0.223316 -0.891862 -0.393335
vn 0.223316 -0.891862 -0.393335
vn 0.223316 -0.891862 -0.393335
vn 0.223316 -0.891862 -0.393335
vn -0.430952 -0.902369 -0.003223
vn -0.430952 -0.902369 -0.003223
vn -0.430952 -0.902369 -0.003223
vn -0.430952 -0.902369 -0.003223
vn -0.837364 -0.385449 0.387622
vn -0.837364 -0.385449 0.387622
vn -0.837364 -0.385449 0.387622
vn -0.837364 -0.385449 0.387622
vn -0.742680 0.356813 0.566667
vn -0.742680 0.356813 0.566667
vn -0.742680 0.356813 0.566667
vn -0.742680 0.356813 0.566667
vn -0.182524 0.870052 0.457925
vn -0.182524 0.870052 0.457925
vn -0.182524 0.870052 0.457925
vn -0.182524 0.870052 0.457925
vn 0.469783 0.879789 0.072637
vn 0.469783 0.879789 0.072637
vn 0.469783 0.879788 0.072637
vn 0.469783 0.879789 0.072637
vn 0.890527 0.355320 -0.284093
vn 0.890527 0.355320 -0.284093
vn 0.890527 0.355320 -0.284093
vn 0.890527 0.355320 -0.284093
vn 0.706722 -0.312380 -0.634793
vn 0.706722 -0.312380 -0.634793
vn 0.706722 -0.312380 -0.634793
vn 0.706722 -0.312380 -0.634793
vn 0.114653 -0.796266 -0.593982
vn 0.114653 -0.796266 -0.593982
vn 0.114653 -0.796266 -0.593982
vn 0.114653 -0.796266 -0.593982
vn -0.538554 -0.814364 -0.216268
vn -0.538554 -0.814364 -0.216268
vn -0.538554 -0.814364 -0.216268
vn -0.538554 -0.814364 -0.216268
vn -0.887502 -0.358555 0.289445
vn -0.887502 -0.358555 0.289445
vn -0.887502 -0.358555 0.289445
vn -0.887502 -0.358555 0.289445
vn -0.699382 0.304919 0.646444
vn -0.699382 0.304919 0.646444
vn -0.699382 0.304919 0.646444
vn -0.699382 0.304919 0.646444
vn -0.065692 0.738881 0.670627
vn -0.065692 0.738881 0.670627
vn -0.065692 0.738881 0.670627
vn -0.065692 0.738881 0.670627
vn 0.578401 0.762782 0.289163
vn 0.578401 0.762782 0.289163
vn 0.578401 0.762782 0.289163
vn 0.578401 0.762782 0.289163
vn 0.956169 0.236704 -0.172375
vn 0.956169 0.236704 -0.172375
vn 0.956169 0.236704 -0.172375
vn 0.956169 0.236704 -0.172375
vn 0.649092 -0.217394 -0.728986
vn 0.649092 -0.217394 -0.728986
vn 0.649092 -0.217394 -0.728985
vn 0.649092 -0.217394 -0.728986
vn -0.028612 -0.559214 -0.828529
vn -0.028612 -0.559214 -0.828529
vn -0.028612 -0.559214 -0.828529
vn -0.028612 -0.559214 -0.828529
vn -0.681836 -0.570665 -0.457648
vn -0.681836 -0.570665 -0.457648
vn -0.681836 -0.570665 -0.457648
vn -0.681836 -0.570665 -0.457648
vn -0.951689 -0.248081 0.180954
vn -0.951689 -0.248081 0.180954
vn -0.951689 -0.248081 0.180954
vn -0.951689 -0.248081 0.180954
vn -0.641717 0.201633 0.739962
vn -0.641717 0.201633 0.739962
vn -0.641717 0.201633 0.739962
vn -0.641717 0.201633 0.739962
vn 0.076108 0.437985 0.895755
vn 0.076108 0.437985 0.895755
vn 0.076108 0.437985 0.895755
vn 0.076108 0.437985 0.895755
vn 0.716549 0.453434 0.530053
vn 0.716549 0.453434 0.530053
vn 0.716549 0.453434 0.530053
vn 0.716549 0.453434 0.530053
vn 0.983948 0.123103 -0.129199
vn 0.983948 0.123103 -0.129199
vn 0.983948 0.123103 -0.129199
vn 0.983948 0.123103 -0.129199
vn 0.621953 -0.110750 -0.775183
vn 0.621953 -0.110750 -0.775183
vn 0.621953 -0.110750 -0.775183
vn 0.621953 -0.110750 -0.775183
vn -0.102571 -0.282857 -0.953662
vn -0.102571 -0.282857 -0.953662
vn -0.102571 -0.282857 -0.953662
vn -0.102571 -0.282857 -0.953662
vn -0.759841 -0.286921 -0.583368
vn -0.759841 -0.286921 -0.583368
vn -0.759841 -0.286921 -0.583368
vn -0.759841 -0.286921 -0.583368
vn -0.983789 -0.124088 0.129466
vn -0.983789 -0.124088 0.129466
vn -0.983789 -0.124088 0.129466
vn -0.983789 -0.124088 0.129466
vn -0.620305 0.101856 0.777719
vn -0.620305 0.101856 0.777719
vn -0.620305 0.101856 0.777719
vn -0.620305 0.101856 0.777719
vn 0.109828 0.237476 0.965165
vn 0.109828 0.237476 0.965165
vn 0.109828 0.237476 0.965165
vn 0.109828 0.237476 0.965165
vn 0.764778 0.251263 0.593280
vn 0.764779 0.251263 0.593280
vn 0.764779 0.251263 0.593280
vn 0.764779 0.251263 0.593280
vn 0.993121 -0.002842 -0.117060
vn 0.993121 -0.002842 -0.117060
vn 0.993121 -0.002842 -0.117060
vn 0.993121 -0.002842 -0.117060
vn 0.616130 -0.003265 -0.787638
vn 0.616130 -0.003265 -0.787638
vn 0.616129 -0.003265 -0.787638
vn 0.616129 -0.003265 -0.787638
vn -0.120511 -0.015369 -0.992593
vn -0.120511 -0.015369 -0.992593
vn -0.120511 -0.015369 -0.992593
vn -0.120511 -0.015369 -0.992593
vn -0.785171 -0.014538 -0.619108
vn -0.785171 -0.014538 -0.619108
vn -0.785171 -0.014538 -0.619109
vn -0.785171 -0.014538 -0.619109
vn -0.993071 -0.002369 0.117493
vn -0.993071 -0.002369 0.117493
vn -0.993071 -0.002369 0.117493
vn -0.993071 -0.002369 0.117493
vn -0.615722 -0.003814 0.787955
vn -0.615722 -0.003814 0.787955
vn -0.615722 -0.003814 0.787955
vn -0.615722 -0.003814 0.787955
vn 0.121562 -0.023047 0.992316
vn 0.121562 -0.023047 0.992316
vn 0.121562 -0.023047 0.992316
vn 0.121562 -0.023047 0.992316
vn 0.784090 -0.022065 0.620255
vn 0.784090 -0.022065 0.620255
vn 0.784090 -0.022065 0.620255
vn 0.784090 -0.022065 0.620255
vn 0.992824 0.000126 -0.119586
vn 0.992824 0.000126 -0.119586
vn 0.992824 0.000126 -0.119586
vn 0.992824 0.000126 -0.119586
vn 0.617302 -0.000370 -0.786726
vn 0.617302 -0.000370 -0.786726
vn 0.617302 -0.000370 -0.786726
vn 0.617302 -0.000370 -0.786726
vn -0.119645 -0.001038 -0.992816
vn -0.119645 -0.001038 -0.992816
vn -0.119645 -0.001038 -0.992816
vn -0.119645 -0.001038 -0.992816
vn -0.786518 -0.000567 -0.617567
vn -0.786518 -0.000567 -0.617567
vn -0.786518 -0.000567 -0.617567
vn -0.786518 -0.000567 -0.617567
vn -0.992829 0.000118 0.119540
vn -0.992829 0.000118 0.119540
vn -0.992829 0.000118 0.119540
vn -0.992829 0.000118 0.119540
vn -0.617310 -0.000386 0.786720
vn -0.617310 -0.000386 0.786720
vn -0.617310 -0.000386 0.786720
vn -0.617310 -0.000386 0.786720
vn 0.119613 -0.001174 0.992820
vn 0.119613 -0.001174 0.992820
vn 0.119613 -0.001174 0.992820
vn 0.119613 -0.001174 0.992820
vn 0.786540 -0.000641 0.617539
vn 0.786540 -0.000641 0.617539
vn 0.786540 -0.000641 0.617539
vn 0.786540 -0.000641 0.617539
vn 0.992804 0.000000 -0.119754
vn 0.992804 0.000000 -0.119754
vn 0.992804 0.000000 -0.119754
vn 0.992804 0.000000 -0.119754
vn 0.617337 0.000000 -0.786699
vn 0.617337 0.000000 -0.786699
vn 0.617337 0.000000 -0.786699
vn 0.617337 0.000000 -0.786699
vn -0.119756 0.000000 -0.992803
vn -0.119756 0.000000 -0.992803
vn -0.119756 0.000000 -0.992803
vn -0.119756 0.000000 -0.992803
vn -0.786743 0.000000 -0.617280
vn -0.786743 0.000000 -0.617280
vn -0.786743 0.000000 -0.617280
vn -0.786743 0.000000 -0.617280
vn -0.992807 0.000000 0.119727
vn -0.992807 0.000000 0.119727
vn -0.992807 0.000000 0.119727
vn -0.992807 0.000000 0.119727
vn -0.617388 0.000000 0.786659
vn -0.617388 0.000000 0.786659
vn -0.617388 0.000000 0.786659
vn -0.617388 0.000000 0.786659
vn 0.119716 0.000000 0.992808
vn 0.119716 0.000000 0.992808
vn 0.119716 0.000000 0.992808
vn 0.119716 0.000000 0.992808
vn 0.786761 0.000000 0.617257
vn 0.786761 0.000000 0.617257
vn 0.786761 0.000000 0.617257
vn 0.786761 0.000000 0.617257
vn 0.992802 0.000000 -0.119766
vn 0.992802 0.000000 -0.119766
vn 0.992802 0.000000 -0.119766
vn 0.992802 0.000000 -0.119766
vn 0.617363 0.000000 -0.786679
vn 0.617363 0.000000 -0.786679
vn 0.617363 0.000000 -0.786679
vn 0.617363 0.000000 -0.786679
vn -0.119749 0.000000 -0.992804
vn -0.119749 0.000000 -0.992804
vn -0.119749 0.000000 -0.992804
vn -0.119749 0.000000 -0.992804
vn -0.786745 0.000000 -0.617278
vn -0.786745 0.000000 -0.617278
vn -0.786745 0.000000 -0.617278
vn -0.786745 0.000000 -0.617278
vn -0.992807 0.000000 0.119729
vn -0.992807 0.000000 0.119729
vn -0.992807 0.000000 0.119729
vn -0.992807 0.000000 0.119729
vn -0.617404 0.000000 0.786646
vn -0.617404 0.000000 0.786646
vn -0.617404 0.000000 0.786646
vn -0.617404 0.000000 0.786646
vn 0.119716 0.000000 0.992808
vn 0.119716 0.000000 0.992808
vn 0.119716 0.000000 0.992808
vn 0.119716 0.000000 0.992808
vn 0.786776 0.000000 0.617238
vn 0.786776 0.000000 0.617238
vn 0.786776 0.000000 0.617238
vn 0.786776 0.000000 0.617238
vn 0.992804 0.000000 -0.119751
vn 0.992804 0.000000 -0.119751
vn 0.992804 0.000000 -0.119751
vn 0.992804 0.000000 -0.119751
vn 0.617339 0.000000 -0.786698
vn 0.617339 0.000000 -0.786698
vn 0.617339 0.000000 -0.786698
vn 0.617339 0.000000 -0.786698
vn -0.119755 0.000000 -0.992804
vn -0.119755 0.000000 -0.992803
vn -0.119755 0.000000 -0.992804
vn -0.119755 0.000000 -0.992803
vn -0.786758 0.000000 -0.617261
vn -0.786759 0.000000 -0.617261
vn -0.786758 0.000000 -0.617261
vn -0.786759 0.000000 -0.617261
vn -0.992807 0.000000 0.119722
vn -0.992807 0.000000 0.119722
vn -0.992807 0.000000 0.119722
vn -0.992807 0.000000 0.119722
vn -0.617418 0.000000 0.786636
vn -0.617418 0.000000 0.786636
vn -0.617418 0.000000 0.786636
vn -0.617418 0.000000 0.786636
vn 0.119720 0.000000 0.992808
vn 0.119720 0.000000 0.992808
vn 0.119720 0.000000 0.992808
vn 0.119720 0.000000 0.992808
vn 0.786811 0.000000 0.617194
vn 0.786811 0.000000 0.617194
vn 0.786811 0.000000 0.617194
vn 0.786811 0.000000 0.617194
vn 0.987068 -0.100469 -0.124913
vn 0.987068 -0.100469 -0.124913
vn 0.987068 -0.100469 -0.124913
vn 0.987068 -0.100469 -0.124913
vn 0.618654 0.075063 -0.782069
vn 0.618654 0.075063 -0.782069
vn 0.618654 0.075063 -0.782069
vn 0.618654 0.075063 -0.782069
vn -0.113563 0.181532 -0.976806
vn -0.113563 0.181532 -0.976806
vn -0.113563 0.181532 -0.976806
vn -0.113563 0.181532 -0.976806
vn -0.774258 0.188524 -0.604139
vn -0.774258 0.188524 -0.604139
vn -0.774257 0.188524 -0.604139
vn -0.774257 0.188524 -0.604139
vn -0.988253 0.089811 0.123656
vn -0.988253 0.089811 0.123656
vn -0.988253 0.089811 0.123656
vn -0.988253 0.089811 0.123656
vn -0.619563 -0.090559 0.779706
vn -0.619563 -0.090559 0.779706
vn -0.619563 -0.090559 0.779705
vn -0.619563 -0.090559 0.779706
vn 0.104093 -0.277366 0.955109
vn 0.104093 -0.277366 0.955109
vn 0.104093 -0.277366 0.955109
vn 0.104093 -0.277366 0.955109
vn 0.759195 -0.279920 0.587595
vn 0.759195 -0.279920 0.587595
vn 0.759195 -0.279920 0.587595
vn 0.759195 -0.279920 0.587595
vn 0.969621 -0.189313 -0.154909
vn 0.969621 -0.189313 -0.154909
vn 0.969621 -0.189313 -0.154909
vn 0.969621 -0.189313 -0.154909
vn 0.633619 0.156657 -0.757618
vn 0.633619 0.156657 -0.757618
vn 0.633619 0.156657 -0.757618
vn 0.633619 0.156657 -0.757618
vn -0.076442 0.394180 -0.915849
vn -0.076442 0.394180 -0.915849
vn -0.076442 0.394180 -0.915849
vn -0.076442 0.394180 -0.915849
vn -0.736659 0.406294 -0.540610
vn -0.736659 0.406294 -0.540610
vn -0.736659 0.406294 -0.540610
vn -0.736659 0.406294 -0.540610
vn -0.970991 0.183839 0.152903
vn -0.970991 0.183839 0.152903
vn -0.970991 0.183839 0.152903
vn -0.970991 0.183839 0.152903
vn -0.635871 -0.167364 0.753430
vn -0.635871 -0.167364 0.753430
vn -0.635871 -0.167364 0.753430
vn -0.635871 -0.167364 0.753430
vn 0.061664 -0.453869 0.888932
vn 0.061664 -0.453869 0.888932
vn 0.061664 -0.453869 0.888932
vn 0.061664 -0.453869 0.888932
vn 0.720626 -0.460760 0.518072
vn 0.720626 -0.460760 0.518072
vn 0.720626 -0.460760 0.518072
vn 0.720626 -0.460760 0.518072
vn 0.894422 -0.359994 -0.265355
vn 0.894422 -0.359994 -0.265355
vn 0.894422 -0.359994 -0.265356
vn 0.894422 -0.359994 -0.265356
vn 0.680329 0.286796 -0.674463
vn 0.680329 0.286796 -0.674463
vn 0.680329 0.286796 -0.674463
vn 0.680329 0.286796 -0.674463
vn 0.038840 0.699012 -0.714054
vn 0.038840 0.699012 -0.714054
vn 0.038840 0.699012 -0.714054
vn 0.038840 0.699012 -0.714054
vn -0.607710 0.717653 -0.340092
vn -0.607710 0.717653 -0.340092
vn -0.607710 0.717653 -0.340093
vn -0.607710 0.717653 -0.340093
vn -0.910632 0.332659 0.245129
vn -0.910632 0.332659 0.245129
vn -0.910632 0.332659 0.245129
vn -0.910632 0.332659 0.245129
vn -0.690534 -0.312766 0.652181
vn -0.690534 -0.312766 0.652181
vn -0.690534 -0.312766 0.652181
vn -0.690534 -0.312766 0.652181
vn -0.121839 -0.838477 0.531141
vn -0.121839 -0.838477 0.531141
vn -0.121839 -0.838477 0.531141
vn -0.121839 -0.838477 0.531141
vn 0.480126 -0.858901 0.178236
vn 0.480126 -0.858901 0.178236
vn 0.480126 -0.858901 0.178236
vn 0.480126 -0.858901 0.178236
vn 0.850995 -0.395662 -0.345340
vn 0.850995 -0.395662 -0.345340
vn 0.850995 -0.395662 -0.345340
vn 0.850995 -0.395662 -0.345340
vn 0.726044 0.332506 -0.601913
vn 0.726045 0.332505 -0.601913
vn 0.726045 0.332505 -0.601913
vn 0.726045 0.332505 -0.601913
vn 0.153559 0.832989 -0.531553
vn 0.153559 0.832989 -0.531553
vn 0.153559 0.832989 -0.531553
vn 0.153559 0.832989 -0.531553
vn -0.496990 0.854834 -0.149199
vn -0.496990 0.854834 -0.149199
vn -0.496990 0.854834 -0.149199
vn -0.496990 0.854834 -0.149199
vn -0.861545 0.384935 0.331006
vn -0.861545 0.384935 0.331006
vn -0.861545 0.384935 0.331006
vn -0.861545 0.384935 0.331006
vn -0.733936 -0.343139 0.586168
vn -0.733936 -0.343139 0.586168
vn -0.733936 -0.343139 0.586168
vn -0.733936 -0.343139 0.586168
vn -0.206301 -0.880757 0.426272
vn -0.206301 -0.880757 0.426272
vn -0.206301 -0.880757 0.426272
vn -0.206301 -0.880757 0.426272
vn 0.426941 -0.902700 0.053417
vn 0.426941 -0.902700 0.053417
vn 0.426941 -0.902700 0.053417
vn 0.426941 -0.902700 0.053417
vn 0.825038 -0.408410 -0.390530
vn 0.825038 -0.408410 -0.390530
vn 0.825038 -0.408410 -0.390530
vn 0.825038 -0.408410 -0.390530
vn 0.754244 0.352500 -0.553949
vn 0.754244 0.352500 -0.553949
vn 0.754244 0.352500 -0.553949
vn 0.754244 0.352500 -0.553949
vn 0.232442 0.889615 -0.393137
vn 0.232442 0.889615 -0.393137
vn 0.232442 0.889615 -0.393137
vn 0.232442 0.889615 -0.393137
vn -0.410381 0.911881 -0.007798
vn -0.410381 0.911881 -0.007798
vn -0.410381 0.911881 -0.007798
vn -0.410381 0.911881 -0.007798
vn -0.826100 0.407886 0.388829
vn -0.826100 0.407886 0.388829
vn -0.826100 0.407886 0.388829
vn -0.826100 0.407886 0.388829
vn -0.760766 -0.355751 0.542842
vn -0.760766 -0.355751 0.542842
vn -0.760766 -0.355751 0.542842
vn -0.760766 -0.355751 0.542842
vn -0.277228 -0.907271 0.316235
vn -0.277228 -0.907271 0.316235
vn -0.277228 -0.907271 0.316235
vn -0.277228 -0.907271 0.316235
vn 0.370597 -0.927230 -0.053872
vn 0.370597 -0.927230 -0.053872
vn 0.370597 -0.927230 -0.053872
vn 0.370597 -0.927230 -0.053872
vn 0.781244 -0.410065 -0.470644
vn 0.781244 -0.410065 -0.470644
vn 0.781244 -0.410065 -0.470644
vn 0.781244 -0.410065 -0.470644
vn 0.800327 0.355135 -0.483070
vn 0.800327 0.355135 -0.483070
vn 0.800327 0.355135 -0.483070
vn 0.800327 0.355135 -0.483070
vn 0.350452 0.912039 -0.213000
vn 0.350452 0.912039 -0.213000
vn 0.350452 0.912039 -0.213000
vn 0.350452 0.912039 -0.213000
vn -0.304385 0.934885 0.182591
vn -0.304385 0.934885 0.182591
vn -0.304385 0.934885 0.182591
vn -0.304385 0.934885 0.182591
vn -0.781028 0.410122 0.470952
vn -0.781028 0.410122 0.470952
vn -0.781028 0.410122 0.470952
vn -0.781028 0.410122 0.470952
vn -0.800939 -0.355099 0.482080
vn -0.800939 -0.355099 0.482080
vn -0.800939 -0.355099 0.482080
vn -0.800939 -0.355099 0.482080
vn -0.352209 -0.912022 0.210154
vn -0.352209 -0.912022 0.210154
vn -0.352209 -0.912022 0.210154
vn -0.352209 -0.912022 0.210154
vn 0.303413 -0.934923 -0.184011
vn 0.303413 -0.934923 -0.184011
vn 0.303413 -0.934923 -0.184011
vn 0.303413 -0.934923 -0.184011
vn 0.781204 -0.409904 -0.470850
vn 0.781204 -0.409904 -0.470850
vn 0.781204 -0.409904 -0.470850
vn 0.781204 -0.409904 -0.470850
vn 0.800649 0.355072 -0.482582
vn 0.800649 0.355072 -0.482582
vn 0.800649 0.355072 -0.482582
vn 0.800649 0.355072 -0.482582
vn 0.351152 0.912086 -0.211640
vn 0.351152 0.912086 -0.211640
vn 0.351152 0.912086 -0.211640
vn 0.351152 0.912086 -0.211640
vn -0.304226 0.934785 0.183367
vn -0.304226 0.934785 0.183367
vn -0.304226 0.934785 0.183367
vn -0.304226 0.934785 0.183367
vn -0.781183 0.409959 0.470835
vn -0.781183 0.409959 0.470835
vn -0.781183 0.409959 0.470835
vn -0.781183 0.409959 0.470835
vn -0.800673 -0.355026 0.482576
vn -0.800673 -0.355026 0.482576
vn -0.800673 -0.355026 0.482576
vn -0.800673 -0.355026 0.482576
vn -0.351169 -0.912072 0.211673
vn -0.351169 -0.912072 0.211673
vn -0.351169 -0.912072 0.211673
vn -0.351169 -0.912072 0.211673
vn 0.304225 -0.934781 -0.183388
vn 0.304225 -0.934781 -0.183388
vn 0.304225 -0.934781 -0.183388
vn 0.304225 -0.934781 -0.183388
vn 0.781202 -0.409905 -0.470851
vn 0.781202 -0.409905 -0.470851
vn 0.781202 -0.409905 -0.470851
vn 0.781202 -0.409905 -0.470851
vn 0.800649 0.355073 -0.482581
vn 0.800649 0.355073 -0.482581
vn 0.800649 0.355073 -0.482581
vn 0.800649 0.355073 -0.482581
vn 0.351152 0.912083 -0.211651
vn 0.351152 0.912083 -0.211651
vn 0.351152 0.912083 -0.211651
vn 0.351152 0.912083 -0.211651
vn -0.304225 0.934784 0.183372
vn -0.304225 0.934784 0.183372
vn -0.304225 0.934784 0.183372
vn -0.304225 0.934784 0.183372
vn -0.781185 0.409959 0.470832
vn -0.781185 0.409959 0.470832
vn -0.781185 0.409959 0.470832
vn -0.781185 0.409959 0.470832
vn -0.800660 -0.355018 0.482603
vn -0.800660 -0.355018 0.482603
vn -0.800660 -0.355018 0.482603
vn -0.800660 -0.355018 0.482603
vn -0.351170 -0.912076 0.211655
vn -0.351170 -0.912076 0.211655
vn -0.351170 -0.912076 0.211655
vn -0.351170 -0.912076 0.211655
vn 0.304226 -0.934784 -0.183372
vn 0.304226 -0.934784 -0.183372
vn 0.304226 -0.934784 -0.183372
vn 0.304226 -0.934784 -0.183372
vn 0.935752 -0.345859 0.068923
vn 0.935752 -0.345859 0.068923
vn 0.935752 -0.345859 0.068923
vn 0.935752 -0.345859 0.068923
vn 0.954603 0.291906 0.059364
vn 0.954603 0.291906 0.059364
vn 0.954603 0.291906 0.059364
vn 0.954603 0.291906 0.059364
vn 0.582184 0.760722 0.286992
vn 0.582184 0.760722 0.286992
vn 0.582184 0.760722 0.286992
vn 0.582184 0.760722 0.286992
vn 0.032313 0.783054 0.621114
vn 0.032313 0.783054 0.621114
vn 0.032313 0.783054 0.621114
vn 0.032313 0.783054 0.621114
vn -0.369928 0.341175 0.864149
vn -0.369928 0.341175 0.864149
vn -0.369928 0.341175 0.864149
vn -0.369928 0.341175 0.864149
vn -0.385279 -0.303246 0.871552
vn -0.385279 -0.303246 0.871551
vn -0.385279 -0.303246 0.871551
vn -0.385279 -0.303246 0.871551
vn -0.007213 -0.767894 0.640536
vn -0.007213 -0.767894 0.640536
vn -0.007213 -0.767894 0.640536
vn -0.007213 -0.767894 0.640536
vn 0.539090 -0.783663 0.308633
vn 0.539090 -0.783663 0.308633
vn 0.539090 -0.783663 0.308633
vn 0.539090 -0.783663 0.308633
vn 0.907969 -0.279256 0.312424
vn 0.907969 -0.279256 0.312424
vn 0.907969 -0.279256 0.312424
vn 0.907969 -0.279256 0.312424
vn 0.923713 0.231082 0.305542
vn 0.923713 0.231082 0.305542
vn 0.923713 0.231082 0.305542
vn 0.923713 0.231082 0.305542
vn 0.626683 0.606505 0.489306
vn 0.626683 0.606505 0.489306
vn 0.626683 0.606505 0.489306
vn 0.626683 0.606505 0.489306
vn 0.187128 0.624714 0.758100
vn 0.187127 0.624714 0.758100
vn 0.187128 0.624714 0.758100
vn 0.187127 0.624714 0.758100
vn -0.134922 0.270751 0.953147
vn -0.134922 0.270751 0.953147
vn -0.134922 0.270751 0.953147
vn -0.134922 0.270751 0.953147
vn -0.147617 -0.245464 0.958101
vn -0.147617 -0.245464 0.958101
vn -0.147617 -0.245464 0.958101
vn -0.147617 -0.245464 0.958101
vn 0.154232 -0.617177 0.771560
vn 0.154232 -0.617177 0.771560
vn 0.154232 -0.617177 0.771560
vn 0.154232 -0.617177 0.771560
vn 0.590755 -0.629659 0.504518
vn 0.590755 -0.629659 0.504518
vn 0.590755 -0.629659 0.504518
vn 0.590755 -0.629659 0.504518
vn 0.075025 0.000000 -0.997182
vn 0.075025 0.000000 -0.997182
vn 0.075025 0.000000 -0.997182
vn 0.075025 0.000000 -0.997182
vn -0.907076 0.000000 -0.420968
vn -0.907076 0.000000 -0.420968
vn -0.907076 0.000000 -0.420968
vn -0.907076 0.000000 -0.420968
vn -0.958888 0.000000 0.283785
vn -0.958888 0.000000 0.283785
vn -0.958888 0.000000 0.283785
vn -0.958888 0.000000 0.283785
vn -0.715503 0.000000 0.698609
vn -0.715503 0.000000 0.698609
vn -0.715503 0.000000 0.698609
vn -0.715503 0.000000 0.698609
vn -0.075017 0.000000 0.997182
vn -0.075017 0.000000 0.997182
vn -0.075017 0.000000 0.997182
vn -0.075017 0.000000 0.997182
vn 0.907076 0.000000 0.420968
vn 0.907076 0.000000 0.420968
vn 0.907076 0.000000 0.420968
vn 0.907076 0.000000 0.420968
vn 0.958888 0.000000 -0.283784
vn 0.958888 0.000000 -0.283784
vn 0.958888 0.000000 -0.283784
vn 0.958888 0.000000 -0.283784
vn 0.715498 0.000000 -0.698615
vn 0.715498 0.000000 -0.698615
vn 0.715498 0.000000 -0.698615
vn 0.715498 0.000000 -0.698615
vn 0.000000 -1.000000 -0.000028
vn 0.000000 -1.000000 -0.000004
vn 0.000000 -1.000000 0.000000
vn 0.000000 -1.000000 -0.000038
vn 0.000000 -1.000000 -0.000028
vn 0.000000 -1.000000 0.000000
vn 0.000000 -1.000000 0.000005
vn 0.000000 -1.000000 -0.000038
vn 0.000000 -1.000000 0.000000
vn 0.000000 -1.000000 0.000003
vn 0.000000 -1.000000 0.000005
vn 0.000000 -1.000000 0.000000
vn 0.000000 -1.000000 0.000028
vn 0.000000 -1.000000 0.000003
vn 0.000000 -1.000000 0.000000
vn 0.000000 -1.000000 0.000038
vn 0.000000 -1.000000 0.000028
vn 0.000000 -1.000000 0.000000
vn 0.000000 -1.000000 -0.000007
vn 0.000000 -1.000000 0.000038
vn 0.000000 -1.000000 0.000000
vn 0.000000 -1.000000 -0.000004
vn 0.000000 -1.000000 -0.000007
vn 0.000000 -1.000000 0.000000
vn 0.001619 0.999765 -0.021607
vn 0.001619 0.999765 -0.021607
vn 0.001619 0.999765 -0.021607
vn 0.001619 0.999765 -0.021607
vn -0.019572 0.999767 -0.009079
vn -0.019572 0.999767 -0.009079
vn -0.019572 0.999767 -0.009079
vn -0.019572 0.999767 -0.009079
vn -0.029290 0.999534 0.008617
vn -0.029290 0.999534 0.008617
vn -0.029290 0.999534 0.008617
vn -0.029290 0.999534 0.008617
vn -0.021856 0.999531 0.021459
vn -0.021856 0.999531 0.021459
vn -0.021856 0.999531 0.021459
vn -0.021856 0.999531 0.021459
vn -0.001619 0.999765 0.021619
vn -0.001619 0.999765 0.021619
vn -0.001619 0.999765 0.021619
vn -0.001619 0.999765 0.021619
vn 0.019572 0.999768 0.009038
vn 0.019572 0.999768 0.009038
vn 0.019572 0.999768 0.009038
vn 0.019572 0.999768 0.009038
vn 0.029291 0.999534 -0.008575
vn 0.029291 0.999534 -0.008575
vn 0.029291 0.999534 -0.008575
vn 0.029291 0.999534 -0.008575
vn 0.021856 0.999531 -0.021459
vn 0.021856 0.999531 -0.021459
vn 0.021856 0.999531 -0.021459
vn 0.021856 0.999531 -0.021459
vn 0.075016 0.017086 -0.997036
vn 0.075016 0.017086 -0.997036
vn 0.075016 0.017086 -0.997036
vn 0.075016 0.017086 -0.997036
vn -0.906951 -0.017087 -0.420890
vn -0.906951 -0.017087 -0.420890
vn -0.906951 -0.017087 -0.420890
vn -0.906951 -0.017087 -0.420890
vn -0.958481 -0.029122 0.283665
vn -0.958481 -0.029122 0.283665
vn -0.958481 -0.029122 0.283665
vn -0.958481 -0.029122 0.283665
vn -0.715195 -0.029122 0.698318
vn -0.715195 -0.029122 0.698318
vn -0.715195 -0.029122 0.698318
vn -0.715195 -0.029122 0.698318
vn -0.075016 -0.017086 0.997036
vn -0.075016 -0.017086 0.997036
vn -0.075016 -0.017086 0.997036
vn -0.075016 -0.017086 0.997036
vn 0.906945 0.017087 0.420902
vn 0.906945 0.017087 0.420902
vn 0.906945 0.017087 0.420902
vn 0.906945 0.017087 0.420902
vn 0.958482 0.029122 -0.283663
vn 0.958482 0.029122 -0.283663
vn 0.958482 0.029122 -0.283663
vn 0.958482 0.029122 -0.283663
vn 0.715194 0.029122 -0.698319
vn 0.715194 0.029122 -0.698319
vn 0.715194 0.029122 -0.698319
vn 0.715194 0.029122 -0.698319
vn 0.076497 0.001610 -0.997069
vn 0.076497 0.001610 -0.997069
vn 0.076497 0.001610 -0.997069
vn 0.076497 0.001610 -0.997069
vn -0.907640 0.001461 -0.419748
vn -0.907640 0.001461 -0.419748
vn -0.907640 0.001461 -0.419748
vn -0.907640 0.001461 -0.419748
vn -0.958693 0.005625 0.284386
vn -0.958693 0.005625 0.284386
vn -0.958693 0.005625 0.284386
vn -0.958693 0.005625 0.284386
vn -0.715929 0.005624 0.698151
vn -0.715929 0.005624 0.698151
vn -0.715929 0.005624 0.698151
vn -0.715929 0.005624 0.698151
vn -0.076353 0.001462 0.997080
vn -0.076353 0.001462 0.997080
vn -0.076353 0.001462 0.997080
vn -0.076353 0.001462 0.997080
vn 0.907705 0.001614 0.419607
vn 0.907705 0.001614 0.419607
vn 0.907705 0.001614 0.419607
vn 0.907705 0.001614 0.419607
vn 0.960348 -0.003222 -0.278785
vn 0.960348 -0.003222 -0.278785
vn 0.960348 -0.003222 -0.278785
vn 0.960348 -0.003222 -0.278785
vn 0.711828 -0.003224 -0.702346
vn 0.711828 -0.003224 -0.702346
vn 0.711828 -0.003224 -0.702347
vn 0.711828 -0.003224 -0.702346
vn 0.049904 -0.171705 -0.983884
vn 0.049904 -0.171705 -0.983884
vn 0.049904 -0.171705 -0.983884
vn 0.049904 -0.171705 -0.983884
vn -0.888840 0.160501 -0.429189
vn -0.888840 0.160501 -0.429189
vn -0.888840 0.160501 -0.429189
vn -0.888840 0.160501 -0.429189
vn -0.926375 0.266558 0.266037
vn -0.926375 0.266558 0.266037
vn -0.926375 0.266558 0.266037
vn -0.926375 0.266558 0.266037
vn -0.684136 0.266556 0.678900
vn -0.684136 0.266556 0.678900
vn -0.684136 0.266556 0.678900
vn -0.684136 0.266556 0.678900
vn -0.058954 0.160497 0.985274
vn -0.058954 0.160497 0.985274
vn -0.058954 0.160497 0.985274
vn -0.058954 0.160497 0.985274
vn 0.883212 -0.171699 0.436413
vn 0.883212 -0.171699 0.436413
vn 0.883212 -0.171699 0.436413
vn 0.883212 -0.171699 0.436413
vn 0.910055 -0.345569 -0.228869
vn 0.910056 -0.345569 -0.228869
vn 0.910056 -0.345569 -0.228869
vn 0.910056 -0.345569 -0.228869
vn 0.643732 -0.345567 -0.682783
vn 0.643732 -0.345567 -0.682783
vn 0.643732 -0.345567 -0.682783
vn 0.643732 -0.345567 -0.682783
vn -0.115748 -0.383234 -0.916370
vn -0.115748 -0.383234 -0.916370
vn -0.115748 -0.383234 -0.916370
vn -0.115748 -0.383234 -0.916370
vn -0.796399 0.368788 -0.479317
vn -0.796398 0.368788 -0.479317
vn -0.796399 0.368788 -0.479317
vn -0.796399 0.368788 -0.479317
vn -0.773685 0.611775 0.164748
vn -0.773685 0.611775 0.164748
vn -0.773685 0.611775 0.164748
vn -0.773685 0.611775 0.164748
vn -0.521270 0.611771 0.594991
vn -0.521270 0.611771 0.594991
vn -0.521270 0.611771 0.594991
vn -0.521270 0.611771 0.594991
vn 0.029952 0.368797 0.929027
vn 0.029952 0.368797 0.929027
vn 0.029952 0.368797 0.929027
vn 0.029952 0.368797 0.929027
vn 0.743383 -0.383285 0.548156
vn 0.743383 -0.383285 0.548156
vn 0.743383 -0.383285 0.548156
vn 0.743383 -0.383285 0.548156
vn 0.560649 -0.827587 -0.027806
vn 0.560649 -0.827587 -0.027806
vn 0.560649 -0.827587 -0.027806
vn 0.560649 -0.827587 -0.027806
vn 0.297827 -0.827530 -0.475914
vn 0.297827 -0.827530 -0.475914
vn 0.297827 -0.827530 -0.475914
vn 0.297827 -0.827530 -0.475914
vn -0.287576 -0.514528 -0.807812
vn -0.287576 -0.514528 -0.807812
vn -0.287576 -0.514528 -0.807812
vn -0.287576 -0.514528 -0.807812
vn -0.597419 0.523272 -0.607681
vn -0.597419 0.523272 -0.607681
vn -0.597419 0.523272 -0.607681
vn -0.597419 0.523272 -0.607681
vn -0.499277 0.865976 -0.028428
vn -0.499277 0.865976 -0.028428
vn -0.499277 0.865976 -0.028428
vn -0.499277 0.865976 -0.028428
vn -0.218736 0.865965 0.449732
vn -0.218736 0.865965 0.449732
vn -0.218736 0.865965 0.449732
vn -0.218736 0.865965 0.449732
vn 0.258950 0.516828 0.815986
vn 0.258950 0.516828 0.815987
vn 0.258950 0.516828 0.815987
vn 0.258950 0.516828 0.815987
vn 0.552828 -0.533164 0.640404
vn 0.552828 -0.533164 0.640404
vn 0.552828 -0.533164 0.640404
vn 0.552828 -0.533164 0.640404
vn 0.374981 -0.923495 0.080908
vn 0.374981 -0.923495 0.080908
vn 0.374981 -0.923495 0.080908
vn 0.374981 -0.923495 0.080908
vn 0.112251 -0.923458 -0.366914
vn 0.112251 -0.923458 -0.366914
vn 0.112251 -0.923458 -0.366914
vn 0.112251 -0.923458 -0.366914
vn -0.377148 -0.595633 -0.709212
vn -0.377148 -0.595633 -0.709212
vn -0.377148 -0.595633 -0.709212
vn -0.377148 -0.595633 -0.709212
vn -0.473823 0.522997 -0.708495
vn -0.473823 0.522997 -0.708495
vn -0.473823 0.522997 -0.708495
vn -0.473823 0.522997 -0.708495
vn -0.239884 0.953873 -0.180504
vn -0.239884 0.953873 -0.180504
vn -0.239884 0.953873 -0.180504
vn -0.239884 0.953873 -0.180504
vn 0.040547 0.953880 0.297437
vn 0.040547 0.953880 0.297437
vn 0.040547 0.953880 0.297437
vn 0.040547 0.953880 0.297437
vn 0.386930 0.521379 0.760559
vn 0.386930 0.521379 0.760559
vn 0.386930 0.521379 0.760559
vn 0.386930 0.521379 0.760559
vn 0.434433 -0.595322 0.675914
vn 0.434433 -0.595322 0.675914
vn 0.434433 -0.595322 0.675914
vn 0.434433 -0.595322 0.675914
vn 0.142387 -0.970555 0.194290
vn 0.142387 -0.970555 0.194290
vn 0.142387 -0.970555 0.194290
vn 0.142387 -0.970555 0.194290
vn -0.100170 -0.970554 -0.219069
vn -0.100170 -0.970554 -0.219069
vn -0.100170 -0.970554 -0.219069
vn -0.100170 -0.970554 -0.219069
vn -0.410728 -0.599836 -0.686658
vn -0.410729 -0.599836 -0.686658
vn -0.410728 -0.599836 -0.686658
vn -0.410728 -0.599836 -0.686658
vn -0.413721 0.521496 -0.746242
vn -0.413721 0.521496 -0.746242
vn -0.413721 0.521496 -0.746242
vn -0.413721 0.521496 -0.746242
vn -0.102817 0.958385 -0.266320
vn -0.102817 0.958385 -0.266320
vn -0.102817 0.958385 -0.266320
vn -0.102817 0.958385 -0.266320
vn 0.180842 0.958736 0.219366
vn 0.180842 0.958736 0.219366
vn 0.180842 0.958736 0.219366
vn 0.180842 0.958736 0.219366
vn 0.448794 0.521083 0.725987
vn 0.448794 0.521083 0.725987
vn 0.448794 0.521083 0.725987
vn 0.448794 0.521083 0.725987
vn 0.399507 -0.599415 0.693611
vn 0.399507 -0.599415 0.693611
vn 0.399507 -0.599415 0.693611
vn 0.399507 -0.599415 0.693611
vn 0.126410 -0.970046 0.207442
vn 0.126410 -0.970045 0.207442
vn 0.126410 -0.970046 0.207442
vn 0.126410 -0.970046 0.207442
vn -0.119253 -0.969990 -0.211890
vn -0.119253 -0.969990 -0.211890
vn -0.119253 -0.969990 -0.211890
vn -0.119253 -0.969990 -0.211890
vn -0.508812 -0.568871 -0.646139
vn -0.508812 -0.568871 -0.646139
vn -0.508812 -0.568871 -0.646139
vn -0.508812 -0.568871 -0.646139
vn -0.345749 0.530873 -0.773713
vn -0.345749 0.530873 -0.773713
vn -0.345749 0.530873 -0.773713
vn -0.345749 0.530873 -0.773713
vn 0.041426 0.937618 -0.345189
vn 0.041426 0.937618 -0.345189
vn 0.041426 0.937618 -0.345189
vn 0.041426 0.937618 -0.345189
vn 0.322266 0.937602 0.130567
vn 0.322266 0.937602 0.130567
vn 0.322266 0.937602 0.130567
vn 0.322266 0.937602 0.130567
vn 0.508196 0.529763 0.679035
vn 0.508196 0.529763 0.679035
vn 0.508196 0.529763 0.679035
vn 0.508196 0.529763 0.679035
vn 0.315437 -0.568522 0.759791
vn 0.315437 -0.568522 0.759791
vn 0.315437 -0.568522 0.759791
vn 0.315437 -0.568522 0.759791
vn -0.096326 -0.938816 0.330675
vn -0.096326 -0.938816 0.330675
vn -0.096326 -0.938816 0.330675
vn -0.096326 -0.938816 0.330675
vn -0.336094 -0.938640 -0.077429
vn -0.336094 -0.938640 -0.077429
vn -0.336094 -0.938640 -0.077429
vn -0.336094 -0.938640 -0.077429
vn -0.641024 -0.494154 -0.587282
vn -0.641024 -0.494154 -0.587282
vn -0.641024 -0.494154 -0.587282
vn -0.641024 -0.494154 -0.587282
vn -0.222727 0.496963 -0.838702
vn -0.222727 0.496963 -0.838702
vn -0.222727 0.496963 -0.838702
vn -0.222727 0.496963 -0.838702
vn 0.203502 0.881368 -0.426354
vn 0.203502 0.881368 -0.426354
vn 0.203502 0.881368 -0.426354
vn 0.203502 0.881368 -0.426354
vn 0.471398 0.881399 0.030325
vn 0.471398 0.881399 0.030325
vn 0.471398 0.881399 0.030325
vn 0.471398 0.881399 0.030325
vn 0.622620 0.496967 0.604457
vn 0.622620 0.496967 0.604457
vn 0.622620 0.496967 0.604457
vn 0.622620 0.496967 0.604457
vn 0.201097 -0.495232 0.845166
vn 0.201097 -0.495232 0.845166
vn 0.201097 -0.495232 0.845166
vn 0.201097 -0.495232 0.845166
vn -0.297088 -0.840764 0.452609
vn -0.297088 -0.840764 0.452609
vn -0.297088 -0.840764 0.452609
vn -0.297088 -0.840764 0.452609
vn -0.540582 -0.840401 0.038701
vn -0.540582 -0.840401 0.038701
vn -0.540582 -0.840401 0.038701
vn -0.540582 -0.840401 0.038701
vn -0.766987 -0.389472 -0.509943
vn -0.766987 -0.389472 -0.509943
vn -0.766987 -0.389472 -0.509943
vn -0.766987 -0.389472 -0.509943
vn -0.113206 0.411212 -0.904483
vn -0.113206 0.411212 -0.904483
vn -0.113206 0.411212 -0.904483
vn -0.113206 0.411212 -0.904483
vn 0.385406 0.748482 -0.539663
vn 0.385406 0.748482 -0.539663
vn 0.385406 0.748482 -0.539663
vn 0.385406 0.748482 -0.539663
vn 0.659085 0.748508 -0.073093
vn 0.659085 0.748508 -0.073093
vn 0.659085 0.748508 -0.073093
vn 0.659085 0.748508 -0.073093
vn 0.734392 0.411175 0.540003
vn 0.734392 0.411175 0.540003
vn 0.734392 0.411175 0.540003
vn 0.734392 0.411175 0.540003
vn 0.071035 -0.389438 0.918309
vn 0.071035 -0.389438 0.918309
vn 0.071035 -0.389438 0.918309
vn 0.071035 -0.389438 0.918309
vn -0.542773 -0.602924 0.584705
vn -0.542773 -0.602924 0.584705
vn -0.542773 -0.602924 0.584705
vn -0.542773 -0.602924 0.584705
vn -0.775240 -0.602902 0.188444
vn -0.775240 -0.602902 0.188444
vn -0.775240 -0.602902 0.188444
vn -0.775240 -0.602902 0.188444
vn -0.808499 -0.324316 -0.491068
vn -0.808499 -0.324316 -0.491068
vn -0.808499 -0.324316 -0.491068
vn -0.808499 -0.324316 -0.491068
vn -0.050709 0.327391 -0.943527
vn -0.050709 0.327391 -0.943527
vn -0.050709 0.327391 -0.943527
vn -0.050709 0.327391 -0.943527
vn 0.520422 0.585745 -0.621341
vn 0.520422 0.585745 -0.621341
vn 0.520422 0.585745 -0.621341
vn 0.520422 0.585745 -0.621341
vn 0.796240 0.585772 -0.151240
vn 0.796240 0.585772 -0.151240
vn 0.796240 0.585772 -0.151240
vn 0.796240 0.585772 -0.151240
vn 0.798898 0.327389 0.504558
vn 0.798898 0.327389 0.504558
vn 0.798898 0.327389 0.504558
vn 0.798898 0.327389 0.504558
vn 0.034287 -0.324290 0.945336
vn 0.034287 -0.324290 0.945336
vn 0.034287 -0.324290 0.945336
vn 0.034287 -0.324290 0.945336
vn -0.569736 -0.549205 0.611371
vn -0.569736 -0.549205 0.611371
vn -0.569736 -0.549205 0.611371
vn -0.569736 -0.549205 0.611371
vn -0.811605 -0.549221 0.199133
vn -0.811605 -0.549221 0.199133
vn -0.811605 -0.549221 0.199133
vn -0.811605 -0.549221 0.199133
vn -0.859392 -0.228565 -0.457388
vn -0.859392 -0.228565 -0.457388
vn -0.859392 -0.228565 -0.457388
vn -0.859392 -0.228565 -0.457388
vn 0.011402 0.219364 -0.975576
vn 0.011402 0.219364 -0.975576
vn 0.011402 0.219364 -0.975576
vn 0.011402 0.219364 -0.975576
vn 0.631998 0.375985 -0.677653
vn 0.631998 0.375985 -0.677653
vn 0.631998 0.375985 -0.677653
vn 0.631998 0.375985 -0.677653
vn 0.899874 0.375970 -0.221072
vn 0.899874 0.375970 -0.221072
vn 0.899874 0.375970 -0.221072
vn 0.899874 0.375970 -0.221072
vn 0.857157 0.219663 0.465864
vn 0.857157 0.219663 0.465864
vn 0.857157 0.219663 0.465864
vn 0.857157 0.219663 0.465864
vn -0.019635 -0.228809 0.973273
vn -0.019635 -0.228809 0.973273
vn -0.019635 -0.228809 0.973273
vn -0.019635 -0.228809 0.973273
vn -0.641479 -0.401455 0.653712
vn -0.641479 -0.401455 0.653712
vn -0.641479 -0.401455 0.653712
vn -0.641479 -0.401455 0.653712
vn -0.883583 -0.401454 0.241073
vn -0.883583 -0.401454 0.241073
vn -0.883583 -0.401454 0.241073
vn -0.883583 -0.401454 0.241073
vn -0.343133 -0.815024 -0.466900
vn -0.343133 -0.815024 -0.466900
vn -0.343133 -0.815024 -0.466900
vn -0.343133 -0.815024 -0.466900
vn 0.253496 -0.473618 -0.843460
vn 0.253496 -0.473619 -0.843460
vn 0.253496 -0.473619 -0.843460
vn 0.253496 -0.473619 -0.843460
vn 0.716819 -0.188129 -0.671400
vn 0.716819 -0.188130 -0.671400
vn 0.716819 -0.188129 -0.671400
vn 0.716819 -0.188129 -0.671400
vn 0.935778 -0.188132 -0.298204
vn 0.935778 -0.188132 -0.298204
vn 0.935778 -0.188132 -0.298204
vn 0.935778 -0.188132 -0.298204
vn 0.860087 -0.473507 0.189847
vn 0.860087 -0.473507 0.189847
vn 0.860087 -0.473507 0.189847
vn 0.860087 -0.473507 0.189847
vn 0.240337 -0.814979 0.527302
vn 0.240337 -0.814979 0.527302
vn 0.240337 -0.814979 0.527302
vn 0.240337 -0.814979 0.527302
vn -0.287627 -0.875147 0.389086
vn -0.287627 -0.875147 0.389086
vn -0.287627 -0.875147 0.389086
vn -0.287627 -0.875147 0.389086
vn -0.479917 -0.875168 0.061332
vn -0.479917 -0.875168 0.061332
vn -0.479917 -0.875168 0.061332
vn -0.479916 -0.875168 0.061332
vn 0.080890 -0.950509 -0.299984
vn 0.080890 -0.950509 -0.299984
vn 0.080890 -0.950509 -0.299984
vn 0.080890 -0.950509 -0.299984
vn 0.313096 -0.854216 -0.415073
vn 0.313096 -0.854216 -0.415073
vn 0.313096 -0.854216 -0.415073
vn 0.313096 -0.854216 -0.415073
vn 0.495079 -0.780163 -0.382417
vn 0.495079 -0.780163 -0.382417
vn 0.495079 -0.780163 -0.382417
vn 0.495079 -0.780163 -0.382417
vn 0.575335 -0.780152 -0.245669
vn 0.575335 -0.780152 -0.245669
vn 0.575335 -0.780152 -0.245669
vn 0.575335 -0.780152 -0.245669
vn 0.515173 -0.854140 -0.071006
vn 0.515173 -0.854140 -0.071006
vn 0.515173 -0.854140 -0.071006
vn 0.515173 -0.854140 -0.071006
vn 0.301293 -0.950509 0.075868
vn 0.301293 -0.950509 0.075868
vn 0.301293 -0.950509 0.075868
vn 0.301293 -0.950509 0.075868
vn 0.047088 -0.995764 0.078979
vn 0.047088 -0.995764 0.078979
vn 0.047088 -0.995764 0.078979
vn 0.047088 -0.995764 0.078979
vn -0.046034 -0.995759 -0.079653
vn -0.046034 -0.995759 -0.079653
vn -0.046034 -0.995759 -0.079653
vn -0.046034 -0.995759 -0.079653
vn -0.582435 -0.812870 -0.003365
vn -0.585062 -0.810260 -0.034372
vn -0.490656 -0.822372 0.288029
vn -0.490655 -0.822372 0.288032
vn -0.585062 -0.810260 -0.034372
vn -0.582435 -0.812870 -0.003365
vn -0.583384 -0.753482 -0.303197
vn -0.583384 -0.753482 -0.303197
vn 0.143367 -0.692728 -0.706806
vn 0.143367 -0.692728 -0.706806
vn 0.388902 -0.710027 -0.587041
vn 0.386285 -0.710129 -0.588643
vn 0.386285 -0.710129 -0.588643
vn 0.388902 -0.710027 -0.587041
vn 0.606802 -0.710606 -0.356133
vn 0.606796 -0.710606 -0.356143
vn 0.606796 -0.710606 -0.356143
vn 0.606802 -0.710606 -0.356133
vn 0.702113 -0.710282 -0.050369
vn 0.702227 -0.710396 -0.047052
vn 0.702227 -0.710396 -0.047052
vn 0.702113 -0.710282 -0.050369
vn 0.685007 -0.692868 0.225164
vn 0.685007 -0.692868 0.225164
vn -0.015907 -0.752987 0.657844
vn -0.015907 -0.752987 0.657844
vn -0.278656 -0.812890 0.511430
vn -0.252536 -0.810230 0.528917
vn -0.252536 -0.810230 0.528917
vn -0.278656 -0.812890 0.511430
vn -0.490655 -0.822372 0.288032
vn -0.490656 -0.822372 0.288029
vn 0.005581 -0.999979 -0.003413
vn 0.004533 -0.999986 -0.002632
vn 0.003581 -0.999991 -0.002109
vn 0.004533 -0.999986 -0.002632
vn 0.002147 -0.999997 -0.000861
vn 0.003581 -0.999991 -0.002109
vn 0.002147 -0.999997 -0.000861
vn 0.000653 -1.000000 -0.000406
vn 0.003581 -0.999991 -0.002109
vn 0.000653 -1.000000 -0.000406
vn 0.002162 -0.999996 -0.001784
vn 0.003581 -0.999991 -0.002109
vn 0.002162 -0.999996 -0.001784
vn 0.003980 -0.999988 -0.002925
vn 0.003581 -0.999991 -0.002109
vn 0.003980 -0.999988 -0.002925
vn 0.005061 -0.999982 -0.003243
vn 0.003581 -0.999991 -0.002109
vn 0.005061 -0.999982 -0.003243
vn 0.005753 -0.999978 -0.003229
vn 0.003581 -0.999991 -0.002109
vn 0.005753 -0.999978 -0.003229
vn 0.005581 -0.999979 -0.003413
vn 0.003581 -0.999991 -0.002109
vn -0.884666 -0.164439 -0.436264
vn -0.884666 -0.164439 -0.436264
vn -0.884666 -0.164439 -0.436264
vn -0.884666 -0.164439 -0.436264
vn 0.121106 0.072998 -0.989952
vn 0.121106 0.072998 -0.989952
vn 0.121106 0.072998 -0.989952
vn 0.121106 0.072998 -0.989952
vn 0.706601 0.022738 -0.707247
vn 0.862276 0.023495 -0.505893
vn 0.862276 0.023495 -0.505893
vn 0.706601 0.022738 -0.707247
vn 0.862276 0.023495 -0.505893
vn 0.962093 0.022730 -0.271772
vn 0.962093 0.022730 -0.271772
vn 0.862276 0.023495 -0.505893
vn 0.923372 0.072680 0.376964
vn 0.923372 0.072680 0.376964
vn 0.923372 0.072680 0.376964
vn 0.923372 0.072680 0.376964
vn -0.050189 -0.164341 0.985126
vn -0.050189 -0.164341 0.985126
vn -0.050189 -0.164341 0.985126
vn -0.050189 -0.164341 0.985126
vn -0.669823 -0.325039 0.667598
vn -0.812825 -0.334579 0.476836
vn -0.812820 -0.334579 0.476845
vn -0.669823 -0.325039 0.667598
vn -0.812825 -0.334579 0.476836
vn -0.909544 -0.325073 0.258953
vn -0.909544 -0.325073 0.258953
vn -0.812820 -0.334579 0.476845
vn -0.825422 0.563238 -0.037983
vn -0.825422 0.563238 -0.037983
vn -0.848846 0.523742 -0.071798
vn -0.848848 0.523739 -0.071800
vn -0.549827 0.030823 -0.834710
vn -0.549827 0.030823 -0.834710
vn -0.549827 0.030823 -0.834710
vn -0.549827 0.030823 -0.834710
vn -0.830952 -0.545886 -0.107364
vn -0.830952 -0.545886 -0.107364
vn -0.830952 -0.545886 -0.107364
vn -0.830952 -0.545886 -0.107364
vn 0.293895 0.563226 -0.772271
vn 0.293895 0.563226 -0.772271
vn 0.272119 0.523736 -0.807249
vn 0.272124 0.523745 -0.807242
vn 0.233510 -0.547460 -0.803593
vn 0.233510 -0.547460 -0.803593
vn 0.233510 -0.547460 -0.803593
vn 0.233510 -0.547460 -0.803593
vn -0.249580 -0.482529 0.839569
vn -0.249580 -0.482529 0.839568
vn -0.272053 -0.523838 0.807206
vn -0.272057 -0.523845 0.807200
vn 0.020724 -0.999383 0.028347
vn 0.020724 -0.999383 0.028347
vn 0.020724 -0.999383 0.028347
vn 0.020724 -0.999383 0.028347
vn 0.869502 -0.482500 0.105646
vn 0.869501 -0.482500 0.105646
vn 0.848820 -0.523748 0.072065
vn 0.848820 -0.523747 0.072066
vn -0.293643 -0.563448 0.772205
vn -0.293643 -0.563448 0.772205
vn -0.272057 -0.523845 0.807200
vn -0.272053 -0.523838 0.807206
vn 0.546579 -0.030823 0.836840
vn 0.546579 -0.030824 0.836840
vn 0.546579 -0.030823 0.836840
vn 0.546579 -0.030823 0.836840
vn -0.232570 0.546047 0.804825
vn -0.232570 0.546047 0.804825
vn -0.232570 0.546047 0.804825
vn -0.232570 0.546047 0.804826
vn 0.825374 -0.563289 0.038250
vn 0.825374 -0.563289 0.038250
vn 0.848820 -0.523747 0.072066
vn 0.848820 -0.523748 0.072065
vn 0.830123 0.547371 0.106213
vn 0.830122 0.547371 0.106213
vn 0.830123 0.547371 0.106213
vn 0.830123 0.547371 0.106213
vn -0.869515 0.482532 -0.105388
vn -0.869515 0.482532 -0.105388
vn -0.848848 0.523739 -0.071800
vn -0.848846 0.523742 -0.071798
vn -0.017282 0.999408 -0.029764
vn -0.017282 0.999408 -0.029764
vn -0.017282 0.999408 -0.029764
vn -0.017282 0.999408 -0.029764
vn 0.249458 0.482545 -0.839596
vn 0.249458 0.482545 -0.839596
vn 0.272124 0.523745 -0.807242
vn 0.272119 0.523736 -0.807249
vn -0.387197 -0.708386 -0.590143
vn -0.387197 -0.708386 -0.590143
vn -0.387197 -0.708386 -0.590143
vn -0.387197 -0.708386 -0.590143
vn 0.416667 -0.650389 0.635124
vn 0.416667 -0.650389 0.635124
vn 0.388589 -0.705805 0.592316
vn 0.388589 -0.705804 0.592317
vn 0.387191 0.708415 0.590111
vn 0.387191 0.708415 0.590111
vn 0.387191 0.708415 0.590111
vn 0.387191 0.708415 0.590111
vn -0.388585 0.705804 -0.592319
vn -0.388586 0.705803 -0.592320
vn -0.358288 0.757207 -0.546138
vn -0.358288 0.757207 -0.546138
vn 0.836117 0.000010 -0.548551
vn 0.836112 0.000004 -0.548559
vn 0.836112 0.000004 -0.548559
vn 0.836117 0.000010 -0.548551
vn -0.836112 -0.000004 0.548558
vn -0.836112 -0.000004 0.548558
vn -0.836111 -0.000010 0.548560
vn -0.836111 -0.000010 0.548560
vn -0.836113 0.000002 0.548557
vn -0.836112 -0.000004 0.548558
vn -0.836112 -0.000004 0.548558
vn -0.836113 0.000002 0.548557
vn -0.416671 0.650382 -0.635129
vn -0.416671 0.650382 -0.635129
vn -0.388586 0.705803 -0.592320
vn -0.388585 0.705804 -0.592319
vn 0.836112 0.000004 -0.548559
vn 0.836112 0.000004 -0.548559
vn 0.836107 -0.000001 -0.548566
vn 0.836107 -0.000001 -0.548566
vn 0.388589 -0.705804 0.592317
vn 0.388589 -0.705805 0.592316
vn 0.358299 -0.757202 0.546139
vn 0.358299 -0.757202 0.546139
vn -0.900282 -0.006394 -0.435260
vn -0.900282 -0.006394 -0.435260
vn -0.900282 -0.006394 -0.435260
vn -0.018428 0.037433 -0.999129
vn -0.018428 0.037433 -0.999129
vn -0.018428 0.037433 -0.999129
vn -0.422915 -0.845255 0.326630
vn -0.422915 -0.845255 0.326630
vn -0.422915 -0.845255 0.326630
vn 0.428178 -0.857907 -0.284005
vn 0.428178 -0.857907 -0.284005
vn 0.428178 -0.857907 -0.284005
vn 0.041113 0.006413 0.999134
vn 0.041113 0.006413 0.999134
vn 0.041113 0.006413 0.999134
vn 0.909121 -0.037465 0.414845
vn 0.909121 -0.037465 0.414845
vn 0.909121 -0.037465 0.414845
vn -0.467238 0.845513 0.258452
vn -0.467238 0.845513 0.258452
vn -0.467238 0.845513 0.258452
vn 0.431296 0.857953 -0.279106
vn 0.431296 0.857953 -0.279106
vn 0.431296 0.857953 -0.279106
vn -0.894355 -0.446105 -0.033463
vn -0.894355 -0.446105 -0.033463
vn -0.875132 -0.483878 -0.002551
vn -0.875137 -0.483868 -0.002559
vn -0.018642 -0.999530 -0.024333
vn -0.018642 -0.999530 -0.024333
vn -0.018642 -0.999530 -0.024333
vn -0.018642 -0.999530 -0.024333
vn -0.306259 -0.505751 0.806487
vn -0.306259 -0.505751 0.806487
vn -0.306259 -0.505751 0.806487
vn -0.306259 -0.505751 0.806487
vn 0.325415 -0.446071 -0.833742
vn 0.325415 -0.446072 -0.833742
vn 0.346309 -0.483905 -0.803683
vn 0.346316 -0.483918 -0.803672
vn 0.862453 -0.504445 0.041358
vn 0.862453 -0.504445 0.041358
vn 0.862453 -0.504445 0.041358
vn 0.862453 -0.504445 0.041358
vn -0.366113 0.520318 0.771512
vn -0.366113 0.520318 0.771512
vn -0.346149 0.483947 0.803727
vn -0.346156 0.483959 0.803717
vn 0.550083 0.034325 0.834404
vn 0.550083 0.034325 0.834404
vn 0.550083 0.034325 0.834404
vn 0.550083 0.034325 0.834404
vn 0.853504 0.520314 -0.028363
vn 0.853504 0.520314 -0.028363
vn 0.875114 0.483909 0.002694
vn 0.875120 0.483899 0.002702
vn -0.325233 0.446247 0.833719
vn -0.325233 0.446247 0.833719
vn -0.346156 0.483959 0.803717
vn -0.346149 0.483947 0.803727
vn 0.015267 0.999523 0.026852
vn 0.015267 0.999523 0.026852
vn 0.015267 0.999523 0.026852
vn 0.015267 0.999523 0.026852
vn -0.861707 0.505806 -0.040266
vn -0.861707 0.505806 -0.040266
vn -0.861707 0.505806 -0.040266
vn -0.861707 0.505806 -0.040266
vn 0.894318 0.446157 0.033753
vn 0.894318 0.446157 0.033753
vn 0.875120 0.483899 0.002702
vn 0.875114 0.483909 0.002694
vn 0.305343 0.504581 -0.807567
vn 0.305343 0.504581 -0.807567
vn 0.305343 0.504581 -0.807567
vn 0.305343 0.504581 -0.807567
vn -0.853504 -0.520314 0.028363
vn -0.853504 -0.520314 0.028363
vn -0.875137 -0.483868 -0.002559
vn -0.875132 -0.483878 -0.002551
vn -0.546424 -0.034373 -0.836803
vn -0.546424 -0.034373 -0.836803
vn -0.546424 -0.034373 -0.836803
vn -0.546424 -0.034373 -0.836803
vn 0.366255 -0.520419 -0.771377
vn 0.366255 -0.520419 -0.771377
vn 0.346316 -0.483918 -0.803672
vn 0.346309 -0.483905 -0.803683
vn 0.388586 -0.705754 0.592379
vn 0.388586 -0.705754 0.592379
vn 0.388586 -0.705754 0.592379
vn 0.388586 -0.705754 0.592379
vn 0.356762 0.759602 0.543807
vn 0.356762 0.759602 0.543807
vn 0.387157 0.708415 0.590134
vn 0.387157 0.708414 0.590134
vn -0.388560 0.705799 -0.592341
vn -0.388560 0.705799 -0.592341
vn -0.388560 0.705799 -0.592341
vn -0.388560 0.705799 -0.592341
vn -0.387163 -0.708412 -0.590133
vn -0.387163 -0.708412 -0.590134
vn -0.415360 -0.653191 -0.633102
vn -0.415360 -0.653191 -0.633102
vn 0.836103 -0.000003 -0.548573
vn 0.836101 -0.000003 -0.548576
vn 0.836101 -0.000003 -0.548576
vn 0.836103 -0.000003 -0.548573
vn -0.836103 0.000002 0.548573
vn -0.836103 0.000002 0.548573
vn -0.836111 0.000003 0.548560
vn -0.836111 0.000003 0.548560
vn -0.836094 0.000001 0.548586
vn -0.836103 0.000002 0.548573
vn -0.836103 0.000002 0.548573
vn -0.836094 0.000001 0.548586
vn -0.356762 -0.759601 -0.543808
vn -0.356762 -0.759601 -0.543808
vn -0.387163 -0.708412 -0.590134
vn -0.387163 -0.708412 -0.590133
vn 0.836101 -0.000003 -0.548576
vn 0.836101 -0.000003 -0.548576
vn 0.836099 -0.000002 -0.548579
vn 0.836099 -0.000002 -0.548579
vn 0.387157 0.708414 0.590134
vn 0.387157 0.708415 0.590134
vn 0.415350 0.653193 0.633105
vn 0.415350 0.653193 0.633105
vn -0.480252 -0.815808 0.322204
vn -0.480252 -0.815808 0.322204
vn -0.480252 -0.815808 0.322204
vn 0.480226 -0.800890 -0.357713
vn 0.480226 -0.800890 -0.357713
vn 0.480226 -0.800890 -0.357713
vn -0.060178 0.038498 0.997445
vn -0.060178 0.038498 0.997445
vn -0.060178 0.038498 0.997445
vn 0.931049 -0.003404 0.364878
vn 0.931049 -0.003404 0.364878
vn 0.931049 -0.003404 0.364878
vn -0.486506 0.815756 0.312816
vn -0.486506 0.815756 0.312816
vn -0.486506 0.815756 0.312816
vn 0.518923 0.801570 -0.296991
vn 0.518923 0.801570 -0.296991
vn 0.518923 0.801570 -0.296991
vn -0.938838 -0.038359 -0.342215
vn -0.938838 -0.038359 -0.342215
vn -0.938838 -0.038359 -0.342215
vn 0.036202 0.003274 -0.999339
vn 0.036202 0.003274 -0.999339
vn 0.036202 0.003274 -0.999339
vn -0.461776 0.480502 -0.745574
vn -0.461776 0.480502 -0.745574
vn -0.461776 0.480502 -0.745574
vn -0.461776 0.480502 -0.745574
vn -0.461787 -0.480513 -0.745561
vn -0.461786 -0.480513 -0.745561
vn -0.461786 -0.480513 -0.745561
vn -0.461786 -0.480513 -0.745561
vn -0.157320 -0.954317 -0.254025
vn -0.157320 -0.954317 -0.254025
vn -0.157320 -0.954317 -0.254025
vn -0.157320 -0.954317 -0.254025
vn 0.157317 -0.954318 0.254024
vn 0.157317 -0.954318 0.254024
vn 0.157317 -0.954318 0.254024
vn 0.157317 -0.954318 0.254024
vn 0.461774 -0.480504 0.745574
vn 0.461774 -0.480503 0.745574
vn 0.461774 -0.480504 0.745574
vn 0.461774 -0.480504 0.745574
vn 0.461774 0.480504 0.745574
vn 0.461774 0.480504 0.745574
vn 0.461774 0.480504 0.745574
vn 0.461774 0.480503 0.745574
vn 0.157318 0.954324 0.254000
vn 0.157318 0.954324 0.254000
vn 0.157318 0.954324 0.254000
vn 0.157318 0.954324 0.254000
vn -0.157321 0.954323 -0.254002
vn -0.157321 0.954323 -0.254002
vn -0.157321 0.954323 -0.254002
vn -0.157321 0.954323 -0.254002
vn 0.850155 0.000000 -0.526532
vn 0.850134 -0.000006 -0.526566
vn 0.850160 0.000000 -0.526525
vn 0.850194 0.000006 -0.526470
vn 0.850155 0.000000 -0.526532
vn 0.850160 0.000000 -0.526525
vn 0.850124 0.000000 -0.526582
vn 0.850194 0.000006 -0.526470
vn 0.850160 0.000000 -0.526525
vn 0.850172 0.000000 -0.526505
vn 0.850124 0.000000 -0.526582
vn 0.850160 0.000000 -0.526525
vn 0.850120 0.000000 -0.526589
vn 0.850172 0.000000 -0.526505
vn 0.850160 0.000000 -0.526525
vn 0.850109 0.000000 -0.526607
vn 0.850120 0.000000 -0.526589
vn 0.850160 0.000000 -0.526525
vn 0.850225 0.000000 -0.526420
vn 0.850109 0.000000 -0.526607
vn 0.850160 0.000000 -0.526525
vn 0.850134 -0.000006 -0.526566
vn 0.850225 0.000000 -0.526420
vn 0.850160 0.000000 -0.526525
vn -0.850140 -0.000003 0.526557
vn -0.850170 -0.000001 0.526508
vn -0.850143 0.000000 0.526552
vn -0.850170 -0.000001 0.526508
vn -0.850166 0.000003 0.526515
vn -0.850143 0.000000 0.526552
vn -0.850166 0.000003 0.526515
vn -0.850134 0.000000 0.526566
vn -0.850143 0.000000 0.526552
vn -0.850134 0.000000 0.526566
vn -0.850137 0.000003 0.526562
vn -0.850143 0.000000 0.526552
vn -0.850137 0.000003 0.526562
vn -0.850163 0.000000 0.526520
vn -0.850143 0.000000 0.526552
vn -0.850163 0.000000 0.526520
vn -0.850159 -0.000003 0.526527
vn -0.850143 0.000000 0.526552
vn -0.850159 -0.000003 0.526527
vn -0.850118 0.000000 0.526592
vn -0.850143 0.000000 0.526552
vn -0.850118 0.000000 0.526592
vn -0.850140 -0.000003 0.526557
vn -0.850143 0.000000 0.526552
vn 0.850138 0.000000 -0.526560
vn 0.850138 0.000000 -0.526560
vn 0.850138 0.000000 -0.526560
vn 0.850138 0.000000 -0.526560
vn 0.850141 0.000001 -0.526556
vn 0.850141 0.000001 -0.526556
vn 0.850141 0.000001 -0.526556
vn 0.850141 0.000001 -0.526556
vn 0.850157 -0.000012 -0.526529
vn 0.850157 -0.000012 -0.526529
vn 0.850157 -0.000012 -0.526529
vn 0.850157 -0.000012 -0.526529
vn 0.850143 0.000019 -0.526551
vn 0.850143 0.000019 -0.526551
vn 0.850144 0.000019 -0.526551
vn 0.850144 0.000019 -0.526551
vn 0.850153 0.000007 -0.526536
vn 0.850153 0.000007 -0.526536
vn 0.850153 0.000007 -0.526536
vn 0.850153 0.000007 -0.526536
vn 0.850134 -0.000007 -0.526567
vn 0.850134 -0.000007 -0.526567
vn 0.850134 -0.000007 -0.526567
vn 0.850134 -0.000007 -0.526567
vn 0.850121 -0.000017 -0.526587
vn 0.850121 -0.000017 -0.526587
vn 0.850121 -0.000017 -0.526587
vn 0.850121 -0.000017 -0.526587
vn 0.850123 0.000012 -0.526584
vn 0.850123 0.000012 -0.526584
vn 0.850123 0.000012 -0.526584
vn 0.850123 0.000012 -0.526584
vn -0.461759 0.480481 -0.745598
vn -0.461759 0.480481 -0.745598
vn -0.461759 0.480481 -0.745598
vn -0.461759 0.480481 -0.745598
vn -0.461764 -0.480528 -0.745565
vn -0.461764 -0.480528 -0.745565
vn -0.461764 -0.480528 -0.745565
vn -0.461764 -0.480528 -0.745565
vn -0.157362 -0.954298 -0.254072
vn -0.157362 -0.954298 -0.254072
vn -0.157362 -0.954298 -0.254072
vn -0.157362 -0.954298 -0.254072
vn 0.157358 -0.954301 0.254065
vn 0.157358 -0.954300 0.254065
vn 0.157358 -0.954300 0.254065
vn 0.157358 -0.954301 0.254065
vn 0.461768 -0.480545 0.745551
vn 0.461768 -0.480545 0.745551
vn 0.461768 -0.480545 0.745551
vn 0.461768 -0.480545 0.745551
vn 0.461781 0.480519 0.745561
vn 0.461781 0.480519 0.745561
vn 0.461781 0.480519 0.745561
vn 0.461781 0.480519 0.745561
vn 0.157356 0.954290 0.254105
vn 0.157356 0.954290 0.254105
vn 0.157356 0.954290 0.254105
vn 0.157356 0.954290 0.254105
vn -0.157364 0.954308 -0.254033
vn -0.157364 0.954308 -0.254033
vn -0.157364 0.954308 -0.254033
vn -0.157364 0.954308 -0.254033
vn 0.850178 -0.000014 -0.526495
vn 0.850178 -0.000014 -0.526495
vn 0.850178 -0.000014 -0.526495
vn 0.850178 -0.000014 -0.526495
vn 0.850139 0.000014 -0.526559
vn 0.850139 0.000014 -0.526558
vn 0.850139 0.000014 -0.526559
vn 0.850139 0.000014 -0.526558
vn 0.850089 0.000033 -0.526639
vn 0.850089 0.000033 -0.526639
vn 0.850089 0.000033 -0.526639
vn 0.850089 0.000033 -0.526639
vn 0.850067 -0.000013 -0.526674
vn 0.850067 -0.000013 -0.526674
vn 0.850067 -0.000013 -0.526674
vn 0.850068 -0.000013 -0.526674
vn 0.850157 0.000003 -0.526530
vn 0.850157 0.000003 -0.526530
vn 0.850157 0.000003 -0.526530
vn 0.850157 0.000003 -0.526530
vn 0.850166 -0.000001 -0.526515
vn 0.850166 -0.000001 -0.526515
vn 0.850166 -0.000001 -0.526515
vn 0.850166 -0.000001 -0.526515
vn 0.850138 0.000011 -0.526560
vn 0.850138 0.000011 -0.526560
vn 0.850138 0.000011 -0.526560
vn 0.850138 0.000011 -0.526560
vn 0.850134 -0.000031 -0.526566
vn 0.850134 -0.000031 -0.526566
vn 0.850135 -0.000031 -0.526565
vn 0.850134 -0.000031 -0.526566
vn -0.461772 0.480433 -0.745621
vn -0.461772 0.480433 -0.745621
vn -0.461772 0.480433 -0.745621
vn -0.461772 0.480433 -0.745621
vn -0.461763 -0.480518 -0.745572
vn -0.461763 -0.480518 -0.745572
vn -0.461763 -0.480518 -0.745572
vn -0.461763 -0.480518 -0.745572
vn -0.157366 -0.954293 -0.254090
vn -0.157366 -0.954293 -0.254090
vn -0.157366 -0.954293 -0.254090
vn -0.157366 -0.954293 -0.254090
vn 0.157354 -0.954281 0.254140
vn 0.157354 -0.954281 0.254140
vn 0.157354 -0.954281 0.254140
vn 0.157354 -0.954281 0.254140
vn 0.461717 -0.480525 0.745596
vn 0.461717 -0.480525 0.745596
vn 0.461717 -0.480525 0.745596
vn 0.461717 -0.480525 0.745596
vn 0.461725 0.480441 0.745645
vn 0.461725 0.480441 0.745645
vn 0.461725 0.480441 0.745645
vn 0.461725 0.480441 0.745645
vn 0.157359 0.954318 0.253998
vn 0.157359 0.954318 0.253998
vn 0.157359 0.954318 0.253998
vn 0.157359 0.954318 0.253998
vn -0.157368 0.954305 -0.254043
vn -0.157368 0.954305 -0.254043
vn -0.157368 0.954305 -0.254043
vn -0.157368 0.954305 -0.254043
vn 0.850148 -0.000006 -0.526544
vn 0.850148 -0.000006 -0.526544
vn 0.850148 -0.000006 -0.526544
vn 0.850148 -0.000006 -0.526544
vn 0.850173 0.000004 -0.526503
vn 0.850173 0.000004 -0.526503
vn 0.850173 0.000004 -0.526503
vn 0.850173 0.000004 -0.526503
vn 0.850171 0.000006 -0.526506
vn 0.850171 0.000006 -0.526506
vn 0.850171 0.000006 -0.526506
vn 0.850171 0.000006 -0.526506
vn 0.850182 0.000002 -0.526489
vn 0.850182 0.000002 -0.526489
vn 0.850182 0.000002 -0.526489
vn 0.850182 0.000002 -0.526489
vn 0.850175 -0.000004 -0.526500
vn 0.850175 -0.000004 -0.526500
vn 0.850175 -0.000004 -0.526500
vn 0.850175 -0.000004 -0.526500
vn 0.850162 0.000006 -0.526521
vn 0.850162 0.000006 -0.526521
vn 0.850162 0.000006 -0.526521
vn 0.850162 0.000006 -0.526521
vn 0.850157 -0.000002 -0.526529
vn 0.850157 -0.000002 -0.526529
vn 0.850157 -0.000002 -0.526529
vn 0.850157 -0.000002 -0.526529
vn 0.850161 -0.000006 -0.526523
vn 0.850160 -0.000006 -0.526524
vn 0.850161 -0.000006 -0.526523
vn 0.850161 -0.000006 -0.526523
vn -0.461787 0.480377 -0.745648
vn -0.461787 0.480377 -0.745648
vn -0.461787 0.480377 -0.745648
vn -0.461787 0.480377 -0.745648
vn -0.461738 -0.480523 -0.745585
vn -0.461738 -0.480523 -0.745585
vn -0.461738 -0.480523 -0.745585
vn -0.461738 -0.480523 -0.745585
vn -0.157381 -0.954304 -0.254037
vn -0.157381 -0.954304 -0.254037
vn -0.157381 -0.954304 -0.254037
vn -0.157381 -0.954304 -0.254037
vn 0.157376 -0.954306 0.254032
vn 0.157376 -0.954306 0.254032
vn 0.157376 -0.954306 0.254032
vn 0.157376 -0.954306 0.254032
vn 0.461733 -0.480540 0.745577
vn 0.461733 -0.480540 0.745577
vn 0.461733 -0.480540 0.745577
vn 0.461733 -0.480540 0.745577
vn 0.461824 0.480449 0.745579
vn 0.461824 0.480449 0.745579
vn 0.461824 0.480449 0.745579
vn 0.461824 0.480449 0.745579
vn 0.157440 0.954238 0.254249
vn 0.157440 0.954238 0.254249
vn 0.157440 0.954238 0.254249
vn 0.157440 0.954238 0.254249
vn -0.157445 0.954236 -0.254254
vn -0.157445 0.954236 -0.254254
vn -0.157445 0.954236 -0.254254
vn -0.157445 0.954236 -0.254254
vn -0.825425 0.563232 -0.037983
vn -0.825425 0.563232 -0.037983
vn -0.848856 0.523726 -0.071795
vn -0.848858 0.523723 -0.071797
vn -0.549830 0.030823 -0.834708
vn -0.549830 0.030823 -0.834708
vn -0.549830 0.030823 -0.834708
vn -0.549830 0.030823 -0.834707
vn -0.830922 -0.545931 -0.107371
vn -0.830922 -0.545931 -0.107371
vn -0.830922 -0.545931 -0.107371
vn -0.830922 -0.545931 -0.107371
vn 0.293896 0.563220 -0.772275
vn 0.293896 0.563220 -0.772275
vn 0.272150 0.523729 -0.807244
vn 0.272155 0.523738 -0.807236
vn 0.233469 -0.547472 -0.803596
vn 0.233469 -0.547472 -0.803596
vn 0.233469 -0.547472 -0.803596
vn 0.233469 -0.547472 -0.803596
vn -0.249518 -0.482543 0.839579
vn -0.249518 -0.482543 0.839579
vn -0.272021 -0.523848 0.807210
vn -0.272025 -0.523856 0.807203
vn 0.020724 -0.999403 0.027639
vn 0.020724 -0.999403 0.027639
vn 0.020724 -0.999403 0.027639
vn 0.020724 -0.999403 0.027639
vn 0.869489 -0.482521 0.105653
vn 0.869489 -0.482521 0.105653
vn 0.848805 -0.523772 0.072069
vn 0.848805 -0.523771 0.072070
vn -0.293642 -0.563454 0.772201
vn -0.293642 -0.563454 0.772201
vn -0.272025 -0.523856 0.807203
vn -0.272021 -0.523848 0.807210
vn 0.546579 -0.030835 0.836839
vn 0.546579 -0.030835 0.836839
vn 0.546579 -0.030835 0.836839
vn 0.546579 -0.030835 0.836839
vn -0.232648 0.546037 0.804810
vn -0.232648 0.546037 0.804810
vn -0.232648 0.546037 0.804810
vn -0.232648 0.546037 0.804810
vn 0.825357 -0.563314 0.038253
vn 0.825357 -0.563314 0.038253
vn 0.848805 -0.523771 0.072070
vn 0.848805 -0.523772 0.072069
vn 0.830123 0.547371 0.106213
vn 0.830123 0.547371 0.106213
vn 0.830123 0.547371 0.106213
vn 0.830123 0.547371 0.106213
vn -0.869531 0.482504 -0.105382
vn -0.869531 0.482504 -0.105382
vn -0.848858 0.523723 -0.071797
vn -0.848856 0.523726 -0.071795
vn -0.017282 0.999408 -0.029764
vn -0.017282 0.999408 -0.029764
vn -0.017282 0.999408 -0.029764
vn -0.017282 0.999408 -0.029764
vn 0.249519 0.482537 -0.839582
vn 0.249519 0.482537 -0.839582
vn 0.272155 0.523738 -0.807236
vn 0.272150 0.523729 -0.807244
vn -0.387191 -0.708388 -0.590144
vn -0.387191 -0.708388 -0.590144
vn -0.387191 -0.708388 -0.590144
vn -0.387191 -0.708388 -0.590144
vn 0.416667 -0.650390 0.635123
vn 0.416667 -0.650390 0.635123
vn 0.388584 -0.705807 0.592317
vn 0.388584 -0.705806 0.592318
vn 0.387190 0.708416 0.590110
vn 0.387190 0.708416 0.590110
vn 0.387190 0.708416 0.590110
vn 0.387190 0.708416 0.590110
vn -0.388589 0.705814 -0.592304
vn -0.388590 0.705813 -0.592305
vn -0.358296 0.757225 -0.546108
vn -0.358296 0.757225 -0.546108
vn 0.836118 0.000009 -0.548550
vn 0.836114 0.000004 -0.548557
vn 0.836114 0.000004 -0.548557
vn 0.836118 0.000009 -0.548550
vn -0.836118 -0.000004 0.548550
vn -0.836118 -0.000004 0.548550
vn -0.836122 -0.000010 0.548543
vn -0.836122 -0.000010 0.548543
vn -0.836113 0.000002 0.548557
vn -0.836118 -0.000004 0.548550
vn -0.836118 -0.000004 0.548550
vn -0.836113 0.000002 0.548557
vn -0.416670 0.650383 -0.635129
vn -0.416670 0.650383 -0.635129
vn -0.388590 0.705813 -0.592305
vn -0.388589 0.705814 -0.592304
vn 0.836114 0.000004 -0.548557
vn 0.836114 0.000004 -0.548557
vn 0.836109 -0.000002 -0.548563
vn 0.836109 -0.000002 -0.548563
vn 0.388584 -0.705806 0.592318
vn 0.388584 -0.705807 0.592317
vn 0.358290 -0.757205 0.546140
vn 0.358290 -0.757205 0.546140
vn -0.900282 -0.006394 -0.435260
vn -0.900282 -0.006394 -0.435260
vn -0.900282 -0.006394 -0.435260
vn -0.018428 0.037433 -0.999129
vn -0.018428 0.037433 -0.999129
vn -0.018428 0.037433 -0.999129
vn -0.422860 -0.845275 0.326649
vn -0.422860 -0.845275 0.326649
vn -0.422860 -0.845275 0.326649
vn 0.428129 -0.857925 -0.284024
vn 0.428129 -0.857925 -0.284024
vn 0.428129 -0.857925 -0.284024
vn 0.041036 0.006412 0.999137
vn 0.041036 0.006412 0.999137
vn 0.041036 0.006412 0.999137
vn 0.909121 -0.037465 0.414845
vn 0.909121 -0.037465 0.414845
vn 0.909121 -0.037465 0.414845
vn -0.467175 0.845544 0.258461
vn -0.467175 0.845544 0.258461
vn -0.467175 0.845544 0.258461
vn 0.431300 0.857951 -0.279108
vn 0.431300 0.857950 -0.279108
vn 0.431300 0.857951 -0.279108
vn -0.894355 -0.446105 -0.033463
vn -0.894355 -0.446105 -0.033463
vn -0.875141 -0.483861 -0.002553
vn -0.875147 -0.483851 -0.002561
vn -0.018642 -0.999530 -0.024333
vn -0.018642 -0.999530 -0.024333
vn -0.018642 -0.999530 -0.024333
vn -0.018642 -0.999530 -0.024333
vn -0.306216 -0.505767 0.806494
vn -0.306216 -0.505767 0.806494
vn -0.306216 -0.505767 0.806494
vn -0.306216 -0.505767 0.806494
vn 0.325416 -0.446064 -0.833745
vn 0.325416 -0.446064 -0.833745
vn 0.346311 -0.483899 -0.803686
vn 0.346318 -0.483911 -0.803675
vn 0.862441 -0.504465 0.041359
vn 0.862441 -0.504465 0.041359
vn 0.862441 -0.504465 0.041359
vn 0.862441 -0.504465 0.041359
vn -0.366176 0.520298 0.771495
vn -0.366177 0.520298 0.771495
vn -0.346219 0.483981 0.803676
vn -0.346226 0.483993 0.803666
vn 0.550092 0.034325 0.834398
vn 0.550092 0.034325 0.834398
vn 0.550092 0.034325 0.834398
vn 0.550092 0.034325 0.834398
vn 0.853524 0.520282 -0.028361
vn 0.853524 0.520282 -0.028361
vn 0.875115 0.483908 0.002694
vn 0.875120 0.483898 0.002703
vn -0.325312 0.446338 0.833639
vn -0.325312 0.446338 0.833639
vn -0.346226 0.483993 0.803666
vn -0.346219 0.483981 0.803676
vn 0.015267 0.999523 0.026852
vn 0.015267 0.999523 0.026852
vn 0.015267 0.999523 0.026852
vn 0.015267 0.999523 0.026852
vn -0.861719 0.505786 -0.040264
vn -0.861719 0.505786 -0.040264
vn -0.861719 0.505786 -0.040264
vn -0.861719 0.505786 -0.040264
vn 0.894304 0.446186 0.033755
vn 0.894304 0.446186 0.033755
vn 0.875120 0.483898 0.002703
vn 0.875115 0.483908 0.002694
vn 0.305384 0.504574 -0.807555
vn 0.305384 0.504574 -0.807555
vn 0.305384 0.504574 -0.807555
vn 0.305384 0.504574 -0.807555
vn -0.853524 -0.520282 0.028361
vn -0.853523 -0.520282 0.028361
vn -0.875147 -0.483851 -0.002561
vn -0.875141 -0.483861 -0.002553
vn -0.546415 -0.034360 -0.836809
vn -0.546415 -0.034360 -0.836809
vn -0.546415 -0.034360 -0.836809
vn -0.546415 -0.034360 -0.836809
vn 0.366257 -0.520412 -0.771380
vn 0.366257 -0.520412 -0.771380
vn 0.346318 -0.483911 -0.803675
vn 0.346311 -0.483899 -0.803686
vn 0.388586 -0.705754 0.592379
vn 0.388586 -0.705754 0.592379
vn 0.388586 -0.705754 0.592379
vn 0.388586 -0.705754 0.592379
vn 0.356762 0.759602 0.543807
vn 0.356762 0.759602 0.543807
vn 0.387162 0.708413 0.590133
vn 0.387162 0.708412 0.590133
vn -0.388560 0.705799 -0.592341
vn -0.388560 0.705799 -0.592341
vn -0.388560 0.705799 -0.592341
vn -0.388560 0.705799 -0.592341
vn -0.387173 -0.708421 -0.590116
vn -0.387173 -0.708421 -0.590116
vn -0.415360 -0.653191 -0.633102
vn -0.415360 -0.653191 -0.633102
vn 0.836102 -0.000004 -0.548574
vn 0.836101 -0.000003 -0.548575
vn 0.836101 -0.000003 -0.548575
vn 0.836102 -0.000004 -0.548574
vn -0.836108 0.000001 0.548565
vn -0.836108 0.000001 0.548565
vn -0.836109 0.000003 0.548563
vn -0.836109 0.000003 0.548563
vn -0.836106 -0.000001 0.548568
vn -0.836108 0.000001 0.548565
vn -0.836108 0.000001 0.548565
vn -0.836106 -0.000001 0.548568
vn -0.356783 -0.759617 -0.543771
vn -0.356783 -0.759617 -0.543772
vn -0.387173 -0.708421 -0.590116
vn -0.387173 -0.708421 -0.590116
vn 0.836101 -0.000003 -0.548575
vn 0.836101 -0.000003 -0.548575
vn 0.836101 -0.000002 -0.548576
vn 0.836101 -0.000002 -0.548576
vn 0.387162 0.708412 0.590133
vn 0.387162 0.708413 0.590133
vn 0.415360 0.653191 0.633102
vn 0.415360 0.653191 0.633102
vn -0.480252 -0.815808 0.322204
vn -0.480252 -0.815808 0.322204
vn -0.480252 -0.815808 0.322204
vn 0.480139 -0.800941 -0.357715
vn 0.480139 -0.800941 -0.357715
vn 0.480139 -0.800941 -0.357715
vn -0.060178 0.038497 0.997445
vn -0.060178 0.038497 0.997445
vn -0.060178 0.038497 0.997445
vn 0.931026 -0.003405 0.364937
vn 0.931026 -0.003405 0.364937
vn 0.931026 -0.003405 0.364937
vn -0.486462 0.815771 0.312844
vn -0.486462 0.815771 0.312844
vn -0.486462 0.815771 0.312844
vn 0.518886 0.801603 -0.296970
vn 0.518886 0.801602 -0.296970
vn 0.518886 0.801602 -0.296970
vn -0.938838 -0.038359 -0.342215
vn -0.938838 -0.038359 -0.342215
vn -0.938838 -0.038359 -0.342215
vn 0.036202 0.003275 -0.999339
vn 0.036202 0.003275 -0.999339
vn 0.036202 0.003275 -0.999339
vn -0.461776 0.480502 -0.745574
vn -0.461776 0.480502 -0.745574
vn -0.461776 0.480502 -0.745574
vn -0.461776 0.480502 -0.745574
vn -0.461786 -0.480513 -0.745561
vn -0.461786 -0.480513 -0.745560
vn -0.461786 -0.480513 -0.745561
vn -0.461786 -0.480513 -0.745560
vn -0.157320 -0.954317 -0.254025
vn -0.157320 -0.954317 -0.254025
vn -0.157320 -0.954317 -0.254025
vn -0.157320 -0.954317 -0.254025
vn 0.157319 -0.954318 0.254023
vn 0.157319 -0.954318 0.254023
vn 0.157319 -0.954318 0.254023
vn 0.157319 -0.954318 0.254023
vn 0.461767 -0.480492 0.745586
vn 0.461767 -0.480492 0.745586
vn 0.461767 -0.480492 0.745586
vn 0.461767 -0.480492 0.745586
vn 0.461777 0.480503 0.745573
vn 0.461777 0.480503 0.745573
vn 0.461777 0.480503 0.745573
vn 0.461777 0.480503 0.745573
vn 0.157321 0.954330 0.253977
vn 0.157321 0.954330 0.253977
vn 0.157321 0.954330 0.253977
vn 0.157321 0.954330 0.253977
vn -0.157321 0.954323 -0.254002
vn -0.157321 0.954323 -0.254002
vn -0.157321 0.954323 -0.254002
vn -0.157321 0.954323 -0.254002
vn 0.850161 0.000000 -0.526523
vn 0.850129 -0.000006 -0.526575
vn 0.850159 -0.000001 -0.526526
vn 0.850193 0.000006 -0.526471
vn 0.850161 0.000000 -0.526523
vn 0.850159 -0.000001 -0.526526
vn 0.850119 0.000000 -0.526591
vn 0.850193 0.000006 -0.526471
vn 0.850159 -0.000001 -0.526526
vn 0.850179 0.000000 -0.526493
vn 0.850119 0.000000 -0.526591
vn 0.850159 -0.000001 -0.526526
vn 0.850129 -0.000003 -0.526575
vn 0.850179 0.000000 -0.526493
vn 0.850159 -0.000001 -0.526526
vn 0.850117 -0.000003 -0.526593
vn 0.850129 -0.000003 -0.526575
vn 0.850159 -0.000001 -0.526526
vn 0.850219 0.000000 -0.526430
vn 0.850117 -0.000003 -0.526593
vn 0.850159 -0.000001 -0.526526
vn 0.850129 -0.000006 -0.526575
vn 0.850219 0.000000 -0.526430
vn 0.850159 -0.000001 -0.526526
vn -0.850140 -0.000004 0.526557
vn -0.850168 -0.000001 0.526512
vn -0.850144 0.000000 0.526551
vn -0.850168 -0.000001 0.526512
vn -0.850165 0.000003 0.526516
vn -0.850144 0.000000 0.526551
vn -0.850165 0.000003 0.526516
vn -0.850137 0.000000 0.526562
vn -0.850144 0.000000 0.526551
vn -0.850137 0.000000 0.526562
vn -0.850138 0.000001 0.526560
vn -0.850144 0.000000 0.526551
vn -0.850138 0.000001 0.526560
vn -0.850163 0.000000 0.526520
vn -0.850144 0.000000 0.526551
vn -0.850163 0.000000 0.526520
vn -0.850160 -0.000001 0.526525
vn -0.850144 0.000000 0.526551
vn -0.850160 -0.000001 0.526525
vn -0.850120 0.000000 0.526588
vn -0.850144 0.000000 0.526551
vn -0.850120 0.000000 0.526588
vn -0.850140 -0.000004 0.526557
vn -0.850144 0.000000 0.526551
vn 0.850141 -0.000001 -0.526555
vn 0.850141 -0.000001 -0.526556
vn 0.850141 -0.000001 -0.526556
vn 0.850141 -0.000001 -0.526556
vn 0.850144 0.000002 -0.526551
vn 0.850144 0.000002 -0.526551
vn 0.850143 0.000002 -0.526551
vn 0.850143 0.000002 -0.526551
vn 0.850160 -0.000012 -0.526524
vn 0.850160 -0.000012 -0.526524
vn 0.850160 -0.000012 -0.526524
vn 0.850160 -0.000012 -0.526524
vn 0.850106 0.000020 -0.526611
vn 0.850106 0.000020 -0.526611
vn 0.850106 0.000020 -0.526611
vn 0.850106 0.000020 -0.526611
vn 0.850153 0.000006 -0.526536
vn 0.850153 0.000006 -0.526536
vn 0.850153 0.000006 -0.526536
vn 0.850153 0.000006 -0.526536
vn 0.850132 -0.000006 -0.526569
vn 0.850132 -0.000006 -0.526569
vn 0.850133 -0.000006 -0.526569
vn 0.850133 -0.000006 -0.526569
vn 0.850118 -0.000020 -0.526592
vn 0.850118 -0.000020 -0.526592
vn 0.850118 -0.000020 -0.526592
vn 0.850118 -0.000020 -0.526592
vn 0.850125 0.000011 -0.526582
vn 0.850125 0.000011 -0.526582
vn 0.850125 0.000011 -0.526582
vn 0.850125 0.000011 -0.526582
vn -0.461779 0.480476 -0.745589
vn -0.461779 0.480476 -0.745589
vn -0.461779 0.480476 -0.745589
vn -0.461779 0.480476 -0.745589
vn -0.461784 -0.480521 -0.745557
vn -0.461784 -0.480521 -0.745557
vn -0.461784 -0.480521 -0.745557
vn -0.461784 -0.480521 -0.745557
vn -0.157357 -0.954299 -0.254072
vn -0.157357 -0.954299 -0.254072
vn -0.157357 -0.954299 -0.254072
vn -0.157357 -0.954299 -0.254072
vn 0.157350 -0.954302 0.254066
vn 0.157350 -0.954301 0.254066
vn 0.157350 -0.954301 0.254066
vn 0.157350 -0.954301 0.254066
vn 0.461778 -0.480543 0.745546
vn 0.461778 -0.480543 0.745546
vn 0.461778 -0.480543 0.745546
vn 0.461778 -0.480543 0.745546
vn 0.461780 0.480519 0.745560
vn 0.461780 0.480519 0.745560
vn 0.461780 0.480519 0.745560
vn 0.461780 0.480519 0.745560
vn 0.157352 0.954312 0.254026
vn 0.157352 0.954312 0.254026
vn 0.157352 0.954312 0.254026
vn 0.157352 0.954312 0.254026
vn -0.157359 0.954309 -0.254033
vn -0.157359 0.954309 -0.254033
vn -0.157359 0.954309 -0.254033
vn -0.157359 0.954309 -0.254033
vn 0.850203 -0.000014 -0.526455
vn 0.850203 -0.000014 -0.526455
vn 0.850203 -0.000014 -0.526455
vn 0.850203 -0.000014 -0.526455
vn 0.850157 0.000014 -0.526529
vn 0.850157 0.000014 -0.526529
vn 0.850157 0.000014 -0.526529
vn 0.850157 0.000014 -0.526529
vn 0.850083 0.000028 -0.526649
vn 0.850083 0.000028 -0.526649
vn 0.850083 0.000028 -0.526649
vn 0.850083 0.000028 -0.526649
vn 0.850112 -0.000018 -0.526602
vn 0.850112 -0.000018 -0.526602
vn 0.850112 -0.000018 -0.526602
vn 0.850112 -0.000018 -0.526602
vn 0.850138 0.000000 -0.526560
vn 0.850138 0.000000 -0.526560
vn 0.850138 0.000000 -0.526560
vn 0.850138 0.000000 -0.526560
vn 0.850160 0.000001 -0.526525
vn 0.850160 0.000001 -0.526525
vn 0.850160 0.000001 -0.526525
vn 0.850160 0.000001 -0.526525
vn 0.850141 0.000017 -0.526556
vn 0.850141 0.000017 -0.526556
vn 0.850141 0.000017 -0.526556
vn 0.850141 0.000017 -0.526556
vn 0.850130 -0.000028 -0.526573
vn 0.850130 -0.000028 -0.526573
vn 0.850130 -0.000028 -0.526573
vn 0.850130 -0.000028 -0.526573
vn -0.461795 0.480429 -0.745609
vn -0.461795 0.480429 -0.745609
vn -0.461795 0.480429 -0.745609
vn -0.461795 0.480429 -0.745609
vn -0.461786 -0.480515 -0.745560
vn -0.461786 -0.480515 -0.745559
vn -0.461786 -0.480515 -0.745560
vn -0.461786 -0.480515 -0.745559
vn -0.157369 -0.954304 -0.254044
vn -0.157369 -0.954304 -0.254044
vn -0.157369 -0.954304 -0.254044
vn -0.157369 -0.954304 -0.254044
vn 0.157370 -0.954304 0.254046
vn 0.157370 -0.954304 0.254046
vn 0.157370 -0.954304 0.254046
vn 0.157370 -0.954304 0.254046
vn 0.461741 -0.480516 0.745587
vn 0.461741 -0.480516 0.745587
vn 0.461742 -0.480516 0.745587
vn 0.461742 -0.480516 0.745587
vn 0.461750 0.480430 0.745636
vn 0.461750 0.480430 0.745636
vn 0.461750 0.480430 0.745636
vn 0.461750 0.480430 0.745636
vn 0.157372 0.954316 0.253999
vn 0.157372 0.954316 0.253999
vn 0.157372 0.954316 0.253999
vn 0.157372 0.954316 0.253999
vn -0.157368 0.954305 -0.254043
vn -0.157368 0.954305 -0.254043
vn -0.157368 0.954305 -0.254043
vn -0.157368 0.954305 -0.254043
vn 0.850144 -0.000004 -0.526551
vn 0.850144 -0.000004 -0.526551
vn 0.850144 -0.000004 -0.526551
vn 0.850144 -0.000004 -0.526551
vn 0.850171 0.000006 -0.526506
vn 0.850171 0.000006 -0.526506
vn 0.850171 0.000006 -0.526506
vn 0.850171 0.000006 -0.526506
vn 0.850162 0.000006 -0.526522
vn 0.850162 0.000006 -0.526522
vn 0.850162 0.000006 -0.526522
vn 0.850162 0.000006 -0.526522
vn 0.850180 0.000002 -0.526492
vn 0.850180 0.000002 -0.526492
vn 0.850180 0.000002 -0.526492
vn 0.850180 0.000002 -0.526492
vn 0.850171 -0.000008 -0.526506
vn 0.850171 -0.000008 -0.526506
vn 0.850171 -0.000008 -0.526506
vn 0.850171 -0.000008 -0.526506
vn 0.850156 0.000008 -0.526532
vn 0.850156 0.000008 -0.526532
vn 0.850156 0.000008 -0.526532
vn 0.850156 0.000008 -0.526532
vn 0.850153 -0.000002 -0.526536
vn 0.850153 -0.000002 -0.526536
vn 0.850153 -0.000002 -0.526536
vn 0.850153 -0.000002 -0.526536
vn 0.850165 -0.000006 -0.526517
vn 0.850165 -0.000006 -0.526517
vn 0.850165 -0.000006 -0.526517
vn 0.850165 -0.000006 -0.526517
vn -0.461835 0.480433 -0.745582
vn -0.461835 0.480433 -0.745582
vn -0.461835 0.480433 -0.745582
vn -0.461835 0.480433 -0.745582
vn -0.461737 -0.480526 -0.745583
vn -0.461737 -0.480526 -0.745583
vn -0.461737 -0.480526 -0.745583
vn -0.461737 -0.480526 -0.745583
vn -0.157379 -0.954304 -0.254037
vn -0.157379 -0.954304 -0.254037
vn -0.157379 -0.954304 -0.254037
vn -0.157379 -0.954304 -0.254037
vn 0.157376 -0.954306 0.254032
vn 0.157376 -0.954306 0.254032
vn 0.157376 -0.954306 0.254032
vn 0.157376 -0.954306 0.254032
vn 0.461729 -0.480541 0.745578
vn 0.461729 -0.480541 0.745578
vn 0.461729 -0.480541 0.745578
vn 0.461729 -0.480541 0.745578
vn 0.461824 0.480449 0.745579
vn 0.461824 0.480449 0.745579
vn 0.461824 0.480449 0.745579
vn 0.461824 0.480449 0.745579
vn 0.157440 0.954238 0.254249
vn 0.157440 0.954238 0.254249
vn 0.157440 0.954238 0.254249
vn 0.157440 0.954238 0.254249
vn -0.157443 0.954236 -0.254254
vn -0.157443 0.954236 -0.254254
vn -0.157443 0.954236 -0.254254
vn -0.157443 0.954236 -0.254254
s off
g bathroom4:pCylinder31
usemtl initialShadingGroup
f 1/1/1 2/2/2 10/3/3 9/4/4
f 2/2/5 3/5/6 11/6/7 10/3/8
f 3/905/9 4/906/10 12/907/11 11/908/12
f 4/130/13 5/122/14 13/125/15 12/131/16
f 5/122/17 6/123/18 14/124/19 13/125/20
f 6/123/21 7/126/22 15/127/23 14/124/24
f 7/913/25 8/914/26 16/915/27 15/916/28
f 8/9/29 1/1/30 9/4/31 16/10/32
f 2/459/33 1/460/34 17/461/35
f 3/463/36 2/459/37 17/461/38
f 4/465/39 3/463/40 17/461/41
f 5/467/42 4/465/43 17/461/44
f 6/466/45 5/467/46 17/461/47
f 7/464/48 6/466/49 17/461/50
f 8/462/51 7/464/52 17/461/53
f 1/460/54 8/462/55 17/461/56
f 242/110/57 243/109/58 244/116/59
f 243/109/60 245/115/61 244/116/62
f 245/115/63 246/118/64 244/116/65
f 246/118/66 247/120/67 244/116/68
f 247/120/69 248/121/70 244/116/71
f 248/121/72 249/119/73 244/116/74
f 249/119/75 250/117/76 244/116/77
f 250/117/78 242/110/79 244/116/80
f 9/4/81 10/3/82 19/7/83 18/8/84
f 10/3/85 11/6/86 20/11/87 19/7/88
f 11/908/89 12/907/90 21/909/91 20/910/92
f 12/131/93 13/125/94 22/129/95 21/135/96
f 13/125/97 14/124/98 23/128/99 22/129/100
f 14/124/101 15/127/102 24/132/103 23/128/104
f 15/916/105 16/915/106 25/917/107 24/918/108
f 16/10/109 9/4/110 18/8/111 25/14/112
f 18/8/113 19/7/114 27/12/115 26/13/116
f 19/7/117 20/11/118 28/15/119 27/12/120
f 20/910/121 21/909/122 29/911/123 28/912/124
f 21/135/125 22/129/126 30/134/127 29/139/128
f 22/129/129 23/128/130 31/133/131 30/134/132
f 23/128/133 24/132/134 32/136/135 31/133/136
f 24/918/137 25/917/138 33/919/139 32/920/140
f 25/14/141 18/8/142 26/13/143 33/18/144
f 26/13/145 27/12/146 35/16/147 34/17/148
f 27/12/149 28/15/150 36/19/151 35/16/152
f 28/478/153 29/479/154 37/473/155 36/472/156
f 29/139/157 30/134/158 38/138/159 37/143/160
f 30/134/161 31/133/162 39/137/163 38/138/164
f 31/133/165 32/136/166 40/140/167 39/137/168
f 32/920/169 33/919/170 41/921/171 40/922/172
f 33/18/173 26/13/174 34/17/175 41/22/176
f 34/17/177 35/16/178 43/20/179 42/21/180
f 35/16/181 36/19/182 44/23/183 43/20/184
f 36/472/185 37/473/186 45/469/187 44/468/188
f 37/143/189 38/138/190 46/142/191 45/147/192
f 38/138/193 39/137/194 47/141/195 46/142/196
f 39/137/197 40/140/198 48/144/199 47/141/200
f 40/510/201 41/511/202 49/505/203 48/504/204
f 41/22/205 34/17/206 42/21/207 49/26/208
f 42/21/209 43/20/210 51/24/211 50/25/212
f 43/20/213 44/23/214 52/27/215 51/24/216
f 44/468/217 45/469/218 53/470/219 52/471/220
f 45/469/221 46/474/222 54/475/223 53/470/224
f 46/142/225 47/141/226 55/145/227 54/146/228
f 47/141/229 48/144/230 56/148/231 55/145/232
f 48/504/233 49/505/234 57/501/235 56/500/236
f 49/26/237 42/21/238 50/25/239 57/30/240
f 50/25/241 51/24/242 59/28/243 58/29/244
f 51/24/245 52/27/246 60/31/247 59/28/248
f 52/471/249 53/470/250 61/476/251 60/477/252
f 53/470/253 54/475/254 62/480/255 61/476/256
f 54/146/257 55/145/258 63/149/259 62/150/260
f 55/145/261 56/148/262 64/151/263 63/149/264
f 56/500/265 57/501/266 65/502/267 64/503/268
f 57/501/269 50/506/270 58/507/271 65/502/272
f 58/29/273 59/28/274 67/32/275 66/33/276
f 59/28/277 60/31/278 68/34/279 67/32/280
f 60/477/281 61/476/282 69/481/283 68/482/284
f 61/476/285 62/480/286 70/483/287 69/481/288
f 62/150/289 63/149/290 71/152/291 70/153/292
f 63/149/293 64/151/294 72/154/295 71/152/296
f 64/503/297 65/502/298 73/508/299 72/509/300
f 65/502/301 58/507/302 66/512/303 73/508/304
f 66/33/305 67/32/306 75/35/307 74/36/308
f 67/32/309 68/34/310 76/37/311 75/35/312
f 68/482/313 69/481/314 77/484/315 76/485/316
f 69/481/317 70/483/318 78/486/319 77/484/320
f 70/153/321 71/152/322 79/155/323 78/156/324
f 71/152/325 72/154/326 80/157/327 79/155/328
f 72/509/329 73/508/330 81/513/331 80/514/332
f 73/508/333 66/512/334 74/515/335 81/513/336
f 74/36/337 75/35/338 83/38/339 82/39/340
f 75/35/341 76/37/342 84/40/343 83/38/344
f 76/485/345 77/484/346 85/487/347 84/488/348
f 77/484/349 78/486/350 86/489/351 85/487/352
f 78/156/353 79/155/354 87/158/355 86/159/356
f 79/155/357 80/157/358 88/160/359 87/158/360
f 80/514/361 81/513/362 89/516/363 88/517/364
f 81/513/365 74/515/366 82/518/367 89/516/368
f 82/39/369 83/38/370 91/41/371 90/42/372
f 83/38/373 84/40/374 92/43/375 91/41/376
f 84/488/377 85/487/378 93/490/379 92/491/380
f 85/487/381 86/489/382 94/492/383 93/490/384
f 86/159/385 87/158/386 95/161/387 94/162/388
f 87/158/389 88/160/390 96/163/391 95/161/392
f 88/517/393 89/516/394 97/519/395 96/520/396
f 89/516/397 82/518/398 90/521/399 97/519/400
f 90/42/401 91/41/402 99/44/403 98/45/404
f 91/41/405 92/43/406 100/46/407 99/44/408
f 92/491/409 93/490/410 101/493/411 100/494/412
f 93/490/413 94/492/414 102/495/415 101/493/416
f 94/162/417 95/161/418 103/164/419 102/165/420
f 95/161/421 96/163/422 104/166/423 103/164/424
f 96/520/425 97/519/426 105/522/427 104/523/428
f 97/519/429 90/521/430 98/524/431 105/522/432
f 98/45/433 99/44/434 107/47/435 106/48/436
f 99/44/437 100/46/438 108/49/439 107/47/440
f 100/494/441 101/493/442 109/496/443 108/497/444
f 101/172/445 102/165/446 110/168/447 109/173/448
f 102/165/449 103/164/450 111/167/451 110/168/452
f 103/164/453 104/166/454 112/169/455 111/167/456
f 104/523/457 105/522/458 113/525/459 112/526/460
f 105/52/461 98/45/462 106/48/463 113/53/464
f 106/48/465 107/47/466 115/50/467 114/51/468
f 107/47/469 108/49/470 116/54/471 115/50/472
f 108/497/473 109/496/474 117/498/475 116/499/476
f 109/173/477 110/168/478 118/171/479 117/177/480
f 110/168/481 111/167/482 119/170/483 118/171/484
f 111/167/485 112/169/486 120/174/487 119/170/488
f 112/923/489 113/924/490 121/925/491 120/926/492
f 113/53/493 106/48/494 114/51/495 121/57/496
f 114/51/497 115/50/498 123/55/499 122/56/500
f 115/50/501 116/54/502 124/58/503 123/55/504
f 116/943/505 117/944/506 125/945/507 124/946/508
f 117/177/509 118/171/510 126/176/511 125/181/512
f 118/171/513 119/170/514 127/175/515 126/176/516
f 119/170/517 120/174/518 128/178/519 127/175/520
f 120/926/521 121/925/522 129/927/523 128/928/524
f 121/57/525 114/51/526 122/56/527 129/61/528
f 122/56/529 123/55/530 131/59/531 130/60/532
f 123/55/533 124/58/534 132/62/535 131/59/536
f 124/946/537 125/945/538 133/947/539 132/948/540
f 125/181/541 126/176/542 134/180/543 133/185/544
f 126/176/545 127/175/546 135/179/547 134/180/548
f 127/175/549 128/178/550 136/182/551 135/179/552
f 128/928/553 129/927/554 137/929/555 136/930/556
f 129/61/557 122/56/558 130/60/559 137/65/560
f 130/60/561 131/59/562 139/63/563 138/64/564
f 131/59/565 132/62/566 140/66/567 139/63/568
f 132/948/569 133/947/570 141/949/571 140/950/572
f 133/185/573 134/180/574 142/184/575 141/189/576
f 134/180/577 135/179/578 143/183/579 142/184/580
f 135/179/581 136/182/582 144/186/583 143/183/584
f 136/930/585 137/929/586 145/931/587 144/932/588
f 137/65/589 130/60/590 138/64/591 145/69/592
f 138/64/593 139/63/594 147/67/595 146/68/596
f 139/63/597 140/66/598 148/70/599 147/67/600
f 140/950/601 141/949/602 149/951/603 148/952/604
f 141/189/605 142/184/606 150/188/607 149/193/608
f 142/184/609 143/183/610 151/187/611 150/188/612
f 143/183/613 144/186/614 152/190/615 151/187/616
f 144/932/617 145/931/618 153/933/619 152/934/620
f 145/69/621 138/64/622 146/68/623 153/73/624
f 146/68/625 147/67/626 155/71/627 154/72/628
f 147/67/629 148/70/630 156/74/631 155/71/632
f 148/952/633 149/951/634 157/953/635 156/954/636
f 149/193/637 150/188/638 158/192/639 157/197/640
f 150/188/641 151/187/642 159/191/643 158/192/644
f 151/187/645 152/190/646 160/194/647 159/191/648
f 152/934/649 153/933/650 161/935/651 160/936/652
f 153/73/653 146/68/654 154/72/655 161/77/656
f 154/72/657 155/71/658 163/75/659 162/76/660
f 155/71/661 156/74/662 164/78/663 163/75/664
f 156/954/665 157/953/666 165/955/667 164/956/668
f 157/197/669 158/192/670 166/196/671 165/201/672
f 158/192/673 159/191/674 167/195/675 166/196/676
f 159/191/677 160/194/678 168/198/679 167/195/680
f 160/936/681 161/935/682 169/937/683 168/938/684
f 161/77/685 154/72/686 162/76/687 169/81/688
f 162/76/689 163/75/690 171/79/691 170/80/692
f 163/75/693 164/78/694 172/82/695 171/79/696
f 164/956/697 165/955/698 173/957/699 172/958/700
f 165/201/701 166/196/702 174/200/703 173/205/704
f 166/196/705 167/195/706 175/199/707 174/200/708
f 167/195/709 168/198/710 176/202/711 175/199/712
f 168/938/713 169/937/714 177/939/715 176/940/716
f 169/81/717 162/76/718 170/80/719 177/85/720
f 170/80/721 171/79/722 179/83/723 178/84/724
f 171/79/725 172/82/726 180/86/727 179/83/728
f 172/958/729 173/957/730 181/959/731 180/960/732
f 173/205/733 174/200/734 182/204/735 181/209/736
f 174/200/737 175/199/738 183/203/739 182/204/740
f 175/199/741 176/202/742 184/206/743 183/203/744
f 176/940/745 177/939/746 185/941/747 184/942/748
f 177/85/749 170/80/750 178/84/751 185/89/752
f 178/84/753 179/83/754 187/87/755 186/88/756
f 179/83/757 180/86/758 188/90/759 187/87/760
f 180/563/761 181/564/762 189/552/763 188/558/764
f 181/209/765 182/204/766 190/208/767 189/213/768
f 182/204/769 183/203/770 191/207/771 190/208/772
f 183/203/773 184/206/774 192/210/775 191/207/776
f 184/533/777 185/527/778 193/530/779 192/534/780
f 185/527/781 178/528/782 186/529/783 193/530/784
f 186/88/785 187/87/786 195/91/787 194/92/788
f 187/87/789 188/90/790 196/93/791 195/91/792
f 188/558/793 189/552/794 197/555/795 196/559/796
f 189/552/797 190/553/798 198/554/799 197/555/800
f 190/208/801 191/207/802 199/211/803 198/212/804
f 191/207/805 192/210/806 200/214/807 199/211/808
f 192/534/809 193/530/810 201/532/811 200/537/812
f 193/530/813 186/529/814 194/531/815 201/532/816
f 194/92/817 195/91/818 203/94/819 202/95/820
f 195/91/821 196/93/822 204/96/823 203/94/824
f 196/559/825 197/555/826 205/557/827 204/562/828
f 197/555/829 198/554/830 206/556/831 205/557/832
f 198/212/833 199/211/834 207/215/835 206/216/836
f 199/211/837 200/214/838 208/217/839 207/215/840
f 200/537/841 201/532/842 209/536/843 208/540/844
f 201/532/845 194/531/846 202/535/847 209/536/848
f 202/95/849 203/94/850 211/97/851 210/98/852
f 203/94/853 204/96/854 212/99/855 211/97/856
f 204/562/857 205/557/858 213/561/859 212/567/860
f 205/557/861 206/556/862 214/560/863 213/561/864
f 206/216/865 207/215/866 215/218/867 214/219/868
f 207/215/869 208/217/870 216/220/871 215/218/872
f 208/540/873 209/536/874 217/539/875 216/543/876
f 209/536/877 202/535/878 210/538/879 217/539/880
f 210/98/881 211/97/882 219/100/883 218/101/884
f 211/97/885 212/99/886 220/102/887 219/100/888
f 212/567/889 213/561/890 221/566/891 220/570/892
f 213/561/893 214/560/894 222/565/895 221/566/896
f 214/219/897 215/218/898 223/221/899 222/222/900
f 215/218/901 216/220/902 224/223/903 223/221/904
f 216/543/905 217/539/906 225/542/907 224/546/908
f 217/539/909 210/538/910 218/541/911 225/542/912
f 218/101/913 219/100/914 227/103/915 226/104/916
f 219/100/917 220/102/918 228/105/919 227/103/920
f 220/570/921 221/566/922 229/569/923 228/573/924
f 221/566/925 222/565/926 230/568/927 229/569/928
f 222/222/929 223/221/930 231/224/931 230/225/932
f 223/221/933 224/223/934 232/226/935 231/224/936
f 224/546/937 225/542/938 233/545/939 232/547/940
f 225/542/941 218/541/942 226/544/943 233/545/944
f 226/104/945 227/103/946 235/106/947 234/107/948
f 227/103/949 228/105/950 236/108/951 235/106/952
f 228/105/953 229/113/954 237/114/955 236/108/956
f 229/569/957 230/568/958 238/571/959 237/572/960
f 230/961/961 231/962/962 239/963/963 238/964/964
f 231/962/965 232/965/966 240/966/967 239/963/968
f 232/547/969 233/545/970 241/548/971 240/549/972
f 233/111/973 226/104/974 234/107/975 241/112/976
f 234/107/977 235/106/978 243/109/979 242/110/980
f 235/106/981 236/108/982 245/115/983 243/109/984
f 236/108/985 237/114/986 246/118/987 245/115/988
f 237/572/989 238/571/990 247/574/991 246/575/992
f 238/964/993 239/963/994 248/967/995 247/968/996
f 239/963/997 240/966/998 249/969/999 248/967/1000
f 240/549/1001 241/548/1002 250/550/1003 249/551/1004
f 241/112/1005 234/107/1006 242/110/1007 250/117/1008
f 251/970/1009 252/971/1010 260/972/1011 259/973/1012
f 252/227/1013 253/228/1014 261/229/1015 260/230/1016
f 253/228/1017 254/231/1018 262/232/1019 261/229/1020
f 254/231/1021 255/233/1022 263/234/1023 262/232/1024
f 255/974/1025 256/975/1026 264/976/1027 263/977/1028
f 256/235/1029 257/236/1030 265/237/1031 264/238/1032
f 257/236/1033 258/239/1034 266/240/1035 265/237/1036
f 258/239/1037 251/241/1038 259/242/1039 266/240/1040
f 252/576/1041 251/577/1042 267/578/1043
f 253/580/1044 252/576/1045 267/578/1046
f 254/582/1047 253/580/1048 267/578/1049
f 255/584/1050 254/582/1051 267/578/1052
f 256/583/1053 255/584/1054 267/578/1055
f 257/581/1056 256/583/1057 267/578/1058
f 258/579/1059 257/581/1060 267/578/1061
f 251/577/1062 258/579/1063 267/578/1064
f 259/585/1065 260/586/1066 269/587/1067 268/588/1068
f 260/586/1069 261/589/1070 270/590/1071 269/587/1072
f 261/589/1073 262/593/1074 271/594/1075 270/590/1076
f 262/593/1077 263/597/1078 272/598/1079 271/594/1080
f 263/597/1081 264/599/1082 273/600/1083 272/598/1084
f 264/599/1085 265/595/1086 274/596/1087 273/600/1088
f 265/595/1089 266/591/1090 275/592/1091 274/596/1092
f 266/591/1093 259/585/1094 268/588/1095 275/592/1096
f 268/978/1097 269/979/1098 277/980/1099 276/981/1100
f 269/243/1101 270/244/1102 278/245/1103 277/246/1104
f 270/244/1105 271/247/1106 279/248/1107 278/245/1108
f 271/247/1109 272/251/1110 280/252/1111 279/248/1112
f 272/988/1113 273/989/1114 281/990/1115 280/991/1116
f 273/265/1117 274/266/1118 282/267/1119 281/268/1120
f 274/266/1121 275/269/1122 283/270/1123 282/267/1124
f 275/269/1125 268/273/1126 276/274/1127 283/270/1128
f 276/981/1129 277/980/1130 285/982/1131 284/983/1132
f 277/246/1133 278/245/1134 286/249/1135 285/250/1136
f 278/245/1137 279/248/1138 287/253/1139 286/249/1140
f 279/248/1141 280/252/1142 288/256/1143 287/253/1144
f 280/991/1145 281/990/1146 289/992/1147 288/993/1148
f 281/268/1149 282/267/1150 290/271/1151 289/272/1152
f 282/267/1153 283/270/1154 291/275/1155 290/271/1156
f 283/270/1157 276/274/1158 284/278/1159 291/275/1160
f 284/983/1161 285/982/1162 293/984/1163 292/985/1164
f 285/250/1165 286/249/1166 294/254/1167 293/255/1168
f 286/249/1169 287/253/1170 295/257/1171 294/254/1172
f 287/253/1173 288/256/1174 296/260/1175 295/257/1176
f 288/993/1177 289/992/1178 297/994/1179 296/995/1180
f 289/272/1181 290/271/1182 298/276/1183 297/277/1184
f 290/271/1185 291/275/1186 299/279/1187 298/276/1188
f 291/275/1189 284/278/1190 292/282/1191 299/279/1192
f 292/985/1193 293/984/1194 301/986/1195 300/987/1196
f 293/255/1197 294/254/1198 302/258/1199 301/259/1200
f 294/254/1201 295/257/1202 303/261/1203 302/258/1204
f 295/257/1205 296/260/1206 304/264/1207 303/261/1208
f 296/995/1209 297/994/1210 305/996/1211 304/997/1212
f 297/277/1213 298/276/1214 306/280/1215 305/281/1216
f 298/276/1217 299/279/1218 307/283/1219 306/280/1220
f 299/601/1221 292/602/1222 300/603/1223 307/604/1224
f 300/603/1225 301/607/1226 309/608/1227 308/605/1228
f 301/259/1229 302/258/1230 310/262/1231 309/263/1232
f 302/628/1233 303/629/1234 311/630/1235 310/631/1236
f 303/629/1237 304/632/1238 312/633/1239 311/630/1240
f 304/632/1241 305/636/1242 313/637/1243 312/633/1244
f 305/281/1245 306/280/1246 314/284/1247 313/285/1248
f 306/611/1249 307/604/1250 315/606/1251 314/612/1252
f 307/604/1253 300/603/1254 308/605/1255 315/606/1256
f 308/605/1257 309/608/1258 317/613/1259 316/609/1260
f 309/641/1261 310/631/1262 318/635/1263 317/642/1264
f 310/631/1265 311/630/1266 319/634/1267 318/635/1268
f 311/630/1269 312/633/1270 320/638/1271 319/634/1272
f 312/633/1273 313/637/1274 321/643/1275 320/638/1276
f 313/621/1277 314/612/1278 322/616/1279 321/622/1280
f 314/612/1281 315/606/1282 323/610/1283 322/616/1284
f 315/606/1285 308/605/1286 316/609/1287 323/610/1288
f 316/609/1289 317/613/1290 325/617/1291 324/614/1292
f 317/642/1293 318/635/1294 326/640/1295 325/647/1296
f 318/635/1297 319/634/1298 327/639/1299 326/640/1300
f 319/634/1301 320/638/1302 328/644/1303 327/639/1304
f 320/638/1305 321/643/1306 329/648/1307 328/644/1308
f 321/622/1309 322/616/1310 330/620/1311 329/624/1312
f 322/616/1313 323/610/1314 331/615/1315 330/620/1316
f 323/610/1317 316/609/1318 324/614/1319 331/615/1320
f 324/302/1321 325/303/1322 333/297/1323 332/296/1324
f 325/647/1325 326/640/1326 334/646/1327 333/652/1328
f 326/640/1329 327/639/1330 335/645/1331 334/646/1332
f 327/639/1333 328/644/1334 336/649/1335 335/645/1336
f 328/338/1337 329/339/1338 337/332/1339 336/331/1340
f 329/624/1341 330/620/1342 338/623/1343 337/627/1344
f 330/620/1345 331/615/1346 339/619/1347 338/623/1348
f 331/615/1349 324/614/1350 332/618/1351 339/619/1352
f 332/296/1353 333/297/1354 341/291/1355 340/290/1356
f 333/998/1357 334/999/1358 342/1000/1359 341/1001/1360
f 334/646/1361 335/645/1362 343/650/1363 342/651/1364
f 335/645/1365 336/649/1366 344/653/1367 343/650/1368
f 336/331/1369 337/332/1370 345/327/1371 344/320/1372
f 337/1010/1373 338/1011/1374 346/1012/1375 345/1013/1376
f 338/623/1377 339/619/1378 347/625/1379 346/626/1380
f 339/304/1381 332/296/1382 340/290/1383 347/298/1384
f 340/290/1385 341/291/1386 349/287/1387 348/286/1388
f 341/1001/1389 342/1000/1390 350/1002/1391 349/1003/1392
f 342/651/1393 343/650/1394 351/654/1395 350/655/1396
f 343/319/1397 344/320/1398 352/312/1399 351/311/1400
f 344/320/1401 345/327/1402 353/321/1403 352/312/1404
f 345/1013/1405 346/1012/1406 354/1014/1407 353/1015/1408
f 346/305/1409 347/298/1410 355/294/1411 354/300/1412
f 347/298/1413 340/290/1414 348/286/1415 355/294/1416
f 348/286/1417 349/287/1418 357/288/1419 356/289/1420
f 349/1003/1421 350/1002/1422 358/1004/1423 357/1005/1424
f 350/322/1425 351/311/1426 359/307/1427 358/317/1428
f 351/311/1429 352/312/1430 360/308/1431 359/307/1432
f 352/312/1433 353/321/1434 361/313/1435 360/308/1436
f 353/1015/1437 354/1014/1438 362/1016/1439 361/1017/1440
f 354/300/1441 355/294/1442 363/295/1443 362/301/1444
f 355/294/1445 348/286/1446 356/289/1447 363/295/1448
f 356/289/1449 357/288/1450 365/292/1451 364/293/1452
f 357/1005/1453 358/1004/1454 366/1006/1455 365/1007/1456
f 358/317/1457 359/307/1458 367/310/1459 366/318/1460
f 359/307/1461 360/308/1462 368/309/1463 367/310/1464
f 360/308/1465 361/313/1466 369/314/1467 368/309/1468
f 361/1017/1469 362/1016/1470 370/1018/1471 369/1019/1472
f 362/301/1473 363/295/1474 371/299/1475 370/306/1476
f 363/295/1477 356/289/1478 364/293/1479 371/299/1480
f 364/656/1481 365/657/1482 373/658/1483 372/659/1484
f 365/1007/1485 366/1006/1486 374/1008/1487 373/1009/1488
f 366/318/1489 367/310/1490 375/316/1491 374/326/1492
f 367/310/1493 368/309/1494 376/315/1495 375/316/1496
f 368/309/1497 369/314/1498 377/323/1499 376/315/1500
f 369/672/1501 370/667/1502 378/668/1503 377/673/1504
f 370/667/1505 371/662/1506 379/663/1507 378/668/1508
f 371/662/1509 364/656/1510 372/659/1511 379/663/1512
f 372/659/1513 373/658/1514 381/660/1515 380/661/1516
f 373/658/1517 374/664/1518 382/665/1519 381/660/1520
f 374/664/1521 375/669/1522 383/670/1523 382/665/1524
f 375/316/1525 376/315/1526 384/324/1527 383/325/1528
f 376/315/1529 377/323/1530 385/328/1531 384/324/1532
f 377/673/1533 378/668/1534 386/671/1535 385/674/1536
f 378/668/1537 379/663/1538 387/666/1539 386/671/1540
f 379/663/1541 372/659/1542 380/661/1543 387/666/1544
f 389/345/1545 390/346/1546 403/350/1547 404/349/1548
f 390/346/1549 389/345/1550 392/344/1551 391/347/1552
f 391/684/1553 392/687/1554 394/688/1555 393/686/1556
f 393/341/1557 394/337/1558 396/330/1559 395/334/1560
f 395/334/1561 396/330/1562 398/329/1563 397/335/1564
f 397/335/1565 398/329/1566 400/333/1567 399/340/1568
f 399/679/1569 400/680/1570 402/676/1571 401/675/1572
f 401/675/1573 402/676/1574 404/677/1575 403/678/1576
f 390/682/1577 391/684/1578 388/681/1579
f 391/684/1580 393/686/1581 388/681/1582
f 393/686/1583 395/685/1584 388/681/1585
f 395/685/1586 397/683/1587 388/681/1588
f 397/683/1589 399/679/1590 388/681/1591
f 399/679/1592 401/675/1593 388/681/1594
f 401/675/1595 403/678/1596 388/681/1597
f 403/678/1598 390/682/1599 388/681/1600
f 380/342/1601 381/343/1602 392/344/1603 389/345/1604
f 381/1020/1605 382/1021/1606 394/1022/1607 392/1023/1608
f 382/336/1609 383/325/1610 396/330/1611 394/337/1612
f 383/325/1613 384/324/1614 398/329/1615 396/330/1616
f 384/324/1617 385/328/1618 400/333/1619 398/329/1620
f 385/1024/1621 386/1025/1622 402/1026/1623 400/1027/1624
f 386/351/1625 387/348/1626 404/349/1627 402/352/1628
f 387/348/1629 380/342/1630 389/345/1631 404/349/1632
f 405/370/1633 407/371/1634 433/369/1635 434/368/1636
f 406/374/1637 405/370/1638 410/376/1639 409/377/1640
f 407/371/1641 406/374/1642 412/378/1643 411/375/1644
f 408/717/1645 410/715/1646 435/712/1647 436/718/1648
f 409/695/1649 408/699/1650 416/696/1651 415/691/1652
f 411/1028/1653 413/1029/1654 430/1030/1655 429/1031/1656
f 413/689/1657 412/690/1658 415/691/1659 414/692/1660
f 414/353/1661 416/354/1662 431/355/1663 432/356/1664
f 417/701/1665 419/702/1666 429/703/1667 430/698/1668
f 418/364/1669 417/365/1670 422/360/1671 421/362/1672
f 419/714/1673 418/709/1674 424/705/1675 423/708/1676
f 420/359/1677 422/360/1678 432/356/1679 431/355/1680
f 421/362/1681 420/359/1682 428/361/1683 427/363/1684
f 423/366/1685 425/367/1686 434/368/1687 433/369/1688
f 425/704/1689 424/705/1690 427/706/1691 426/707/1692
f 426/1032/1693 428/1033/1694 436/1034/1695 435/1035/1696
f 406/694/1697 409/695/1698 415/691/1699 412/690/1700
f 413/689/1701 414/692/1702 432/697/1703 430/698/1704
f 418/709/1705 421/710/1706 427/706/1707 424/705/1708
f 434/713/1709 435/712/1710 410/715/1711 405/716/1712
f 408/357/1713 436/358/1714 431/355/1715 416/354/1716
f 429/372/1717 433/369/1718 407/371/1719 411/375/1720
f 423/366/1721 433/369/1722 429/372/1723 419/373/1724
f 425/704/1725 426/707/1726 435/712/1727 434/713/1728
f 431/355/1729 436/358/1730 428/361/1731 420/359/1732
f 430/698/1733 432/697/1734 422/700/1735 417/701/1736
f 405/370/1737 406/374/1738 407/371/1739
f 408/1036/1740 409/1037/1741 410/1038/1742
f 411/693/1743 412/690/1744 413/689/1745
f 414/692/1746 415/691/1747 416/696/1748
f 417/1039/1749 418/1040/1750 419/1041/1751
f 420/359/1752 421/362/1753 422/360/1754
f 423/708/1755 424/705/1756 425/704/1757
f 426/707/1758 427/706/1759 428/711/1760
f 437/379/1761 439/380/1762 465/381/1763 466/382/1764
f 438/719/1765 437/720/1766 442/721/1767 441/722/1768
f 439/723/1769 438/719/1770 444/728/1771 443/729/1772
f 440/1042/1773 442/1043/1774 467/1044/1775 468/1045/1776
f 441/405/1777 440/402/1778 448/398/1779 447/401/1780
f 443/747/1781 445/743/1782 462/739/1783 461/748/1784
f 445/403/1785 444/404/1786 447/401/1787 446/397/1788
f 446/397/1789 448/398/1790 463/395/1791 464/394/1792
f 449/1046/1793 451/1047/1794 461/1048/1795 462/1049/1796
f 450/734/1797 449/735/1798 454/736/1799 453/737/1800
f 451/387/1801 450/389/1802 456/388/1803 455/385/1804
f 452/392/1805 454/393/1806 464/394/1807 463/395/1808
f 453/737/1809 452/745/1810 460/746/1811 459/741/1812
f 455/385/1813 457/386/1814 466/382/1815 465/381/1816
f 457/386/1817 456/388/1818 459/390/1819 458/391/1820
f 458/731/1821 460/732/1822 468/733/1823 467/725/1824
f 438/719/1825 441/722/1826 447/727/1827 444/728/1828
f 445/743/1829 446/744/1830 464/740/1831 462/739/1832
f 450/734/1833 453/737/1834 459/741/1835 456/742/1836
f 466/724/1837 467/725/1838 442/721/1839 437/720/1840
f 440/402/1841 468/399/1842 463/395/1843 448/398/1844
f 461/383/1845 465/381/1846 439/380/1847 443/384/1848
f 455/385/1849 465/381/1850 461/383/1851 451/387/1852
f 457/730/1853 458/731/1854 467/725/1855 466/724/1856
f 463/395/1857 468/399/1858 460/400/1859 452/392/1860
f 462/739/1861 464/740/1862 454/736/1863 449/735/1864
f 437/720/1865 438/719/1866 439/723/1867
f 440/726/1868 441/722/1869 442/721/1870
f 443/1050/1871 444/1051/1872 445/1052/1873
f 446/397/1874 447/401/1875 448/398/1876
f 449/735/1877 450/734/1878 451/738/1879
f 452/392/1880 453/396/1881 454/393/1882
f 455/385/1883 456/388/1884 457/386/1885
f 458/1053/1886 459/1054/1887 460/1055/1888
f 469/1056/1889 470/1057/1890 478/1058/1891 477/1059/1892
f 470/1057/1893 471/1062/1894 479/1063/1895 478/1058/1896
f 471/749/1897 472/750/1898 480/751/1899 479/752/1900
f 472/750/1901 473/753/1902 481/754/1903 480/751/1904
f 473/1087/1905 474/1088/1906 482/1089/1907 481/1090/1908
f 474/1088/1909 475/1091/1910 483/1092/1911 482/1089/1912
f 475/755/1913 476/756/1914 484/757/1915 483/758/1916
f 476/756/1917 469/759/1918 477/760/1919 484/757/1920
f 527/1114/1921 526/1113/1922 528/1115/1923
f 529/1117/1924 527/1114/1925 528/1115/1926
f 530/1120/1927 529/1117/1928 528/1115/1929
f 531/1122/1930 530/1120/1931 528/1115/1932
f 532/1121/1933 531/1122/1934 528/1115/1935
f 533/1119/1936 532/1121/1937 528/1115/1938
f 534/1118/1939 533/1119/1940 528/1115/1941
f 526/1113/1942 534/1118/1943 528/1115/1944
f 477/1097/1945 478/1098/1946 485/1093/1947
f 478/1098/1948 479/1096/1949 485/1093/1950
f 479/1096/1951 480/1094/1952 485/1093/1953
f 480/1094/1954 481/1090/1955 485/1093/1956
f 481/1090/1957 482/1089/1958 485/1093/1959
f 482/1089/1960 483/1092/1961 485/1093/1962
f 483/1092/1963 484/1095/1964 485/1093/1965
f 484/1095/1966 477/1097/1967 485/1093/1968
f 470/1057/1969 469/1056/1970 486/1060/1971 487/1061/1972
f 471/1062/1973 470/1057/1974 487/1061/1975 488/1068/1976
f 472/1074/1977 471/1062/1978 488/1068/1979 489/1075/1980
f 473/1081/1981 472/1074/1982 489/1075/1983 490/1082/1984
f 474/1076/1985 473/1081/1986 490/1082/1987 491/1077/1988
f 475/1069/1989 474/1076/1990 491/1077/1991 492/1070/1992
f 476/1064/1993 475/1069/1994 492/1070/1995 493/1065/1996
f 469/1056/1997 476/1064/1998 493/1065/1999 486/1060/2000
f 487/1061/2001 486/1060/2002 494/1066/2003 495/1067/2004
f 488/1068/2005 487/1061/2006 495/1067/2007 496/1073/2008
f 489/761/2009 488/762/2010 496/763/2011 497/764/2012
f 490/765/2013 489/761/2014 497/764/2015 498/766/2016
f 491/1099/2017 490/1100/2018 498/1101/2019 499/1102/2020
f 492/1103/2021 491/1099/2022 499/1102/2023 500/1104/2024
f 493/767/2025 492/768/2026 500/769/2027 501/770/2028
f 486/771/2029 493/767/2030 501/770/2031 494/772/2032
f 495/1067/2033 494/1066/2034 502/1071/2035 503/1072/2036
f 496/1073/2037 495/1067/2038 503/1072/2039 504/1080/2040
f 497/1230/2041 496/1231/2042 504/1232/2043 505/1233/2044
f 498/1234/2045 497/1230/2046 505/1233/2047 506/1235/2048
f 499/1236/2049 498/1234/2050 506/1235/2051 507/1237/2052
f 500/1238/2053 499/1236/2054 507/1237/2055 508/1239/2056
f 501/1240/2057 500/1238/2058 508/1239/2059 509/1241/2060
f 494/1242/2061 501/1240/2062 509/1241/2063 502/1243/2064
f 503/1072/2065 502/1071/2066 510/1078/2067 511/1079/2068
f 504/1080/2069 503/1072/2070 511/1079/2071 512/1085/2072
f 505/773/2073 504/774/2074 512/775/2075 513/776/2076
f 506/777/2077 505/773/2078 513/776/2079 514/778/2080
f 507/1105/2081 506/1106/2082 514/1107/2083 515/1108/2084
f 508/1109/2085 507/1105/2086 515/1108/2087 516/1110/2088
f 509/779/2089 508/780/2090 516/781/2091 517/782/2092
f 502/783/2093 509/779/2094 517/782/2095 510/784/2096
f 511/1079/2097 510/1078/2098 518/1083/2099 519/1084/2100
f 512/1085/2101 511/1079/2102 519/1084/2103 520/1086/2104
f 513/1244/2105 512/1245/2106 520/1246/2107 521/1247/2108
f 514/1248/2109 513/1244/2110 521/1247/2111 522/1249/2112
f 515/1250/2113 514/1248/2114 522/1249/2115 523/1251/2116
f 516/1252/2117 515/1250/2118 523/1251/2119 524/1253/2120
f 517/1254/2121 516/1252/2122 524/1253/2123 525/1255/2124
f 510/1256/2125 517/1254/2126 525/1255/2127 518/1257/2128
f 519/1111/2129 518/1112/2130 526/1113/2131 527/1114/2132
f 520/1116/2133 519/1111/2134 527/1114/2135 529/1117/2136
f 521/785/2137 520/786/2138 529/787/2139 530/788/2140
f 522/789/2141 521/785/2142 530/788/2143 531/790/2144
f 523/1123/2145 522/1124/2146 531/1125/2147 532/1126/2148
f 524/1127/2149 523/1123/2150 532/1126/2151 533/1128/2152
f 525/791/2153 524/792/2154 533/793/2155 534/794/2156
f 518/795/2157 525/791/2158 534/794/2159 526/796/2160
f 535/423/2161 537/424/2162 563/422/2163 564/421/2164
f 536/427/2165 535/423/2166 540/429/2167 539/430/2168
f 537/424/2169 536/427/2170 542/431/2171 541/428/2172
f 538/825/2173 540/823/2174 565/820/2175 566/826/2176
f 539/803/2177 538/807/2178 546/804/2179 545/799/2180
f 541/1129/2181 543/1130/2182 560/1131/2183 559/1132/2184
f 543/797/2185 542/798/2186 545/799/2187 544/800/2188
f 544/406/2189 546/407/2190 561/408/2191 562/409/2192
f 547/809/2193 549/810/2194 559/811/2195 560/806/2196
f 548/417/2197 547/418/2198 552/413/2199 551/415/2200
f 549/822/2201 548/817/2202 554/813/2203 553/816/2204
f 550/412/2205 552/413/2206 562/409/2207 561/408/2208
f 551/415/2209 550/412/2210 558/414/2211 557/416/2212
f 553/419/2213 555/420/2214 564/421/2215 563/422/2216
f 555/812/2217 554/813/2218 557/814/2219 556/815/2220
f 556/1133/2221 558/1134/2222 566/1135/2223 565/1136/2224
f 536/802/2225 539/803/2226 545/799/2227 542/798/2228
f 543/797/2229 544/800/2230 562/805/2231 560/806/2232
f 548/817/2233 551/818/2234 557/814/2235 554/813/2236
f 564/821/2237 565/820/2238 540/823/2239 535/824/2240
f 538/410/2241 566/411/2242 561/408/2243 546/407/2244
f 559/425/2245 563/422/2246 537/424/2247 541/428/2248
f 553/419/2249 563/422/2250 559/425/2251 549/426/2252
f 555/812/2253 556/815/2254 565/820/2255 564/821/2256
f 561/408/2257 566/411/2258 558/414/2259 550/412/2260
f 560/806/2261 562/805/2262 552/808/2263 547/809/2264
f 535/423/2265 536/427/2266 537/424/2267
f 538/1137/2268 539/1138/2269 540/1139/2270
f 541/801/2271 542/798/2272 543/797/2273
f 544/800/2274 545/799/2275 546/804/2276
f 547/1140/2277 548/1141/2278 549/1142/2279
f 550/412/2280 551/415/2281 552/413/2282
f 553/816/2283 554/813/2284 555/812/2285
f 556/815/2286 557/814/2287 558/819/2288
f 567/432/2289 569/433/2290 595/434/2291 596/435/2292
f 568/827/2293 567/828/2294 572/829/2295 571/830/2296
f 569/831/2297 568/827/2298 574/836/2299 573/837/2300
f 570/1143/2301 572/1144/2302 597/1145/2303 598/1146/2304
f 571/458/2305 570/455/2306 578/451/2307 577/454/2308
f 573/855/2309 575/851/2310 592/847/2311 591/856/2312
f 575/456/2313 574/457/2314 577/454/2315 576/450/2316
f 576/450/2317 578/451/2318 593/448/2319 594/447/2320
f 579/1147/2321 581/1148/2322 591/1149/2323 592/1150/2324
f 580/842/2325 579/843/2326 584/844/2327 583/845/2328
f 581/440/2329 580/442/2330 586/441/2331 585/438/2332
f 582/445/2333 584/446/2334 594/447/2335 593/448/2336
f 583/845/2337 582/853/2338 590/854/2339 589/849/2340
f 585/438/2341 587/439/2342 596/435/2343 595/434/2344
f 587/439/2345 586/441/2346 589/443/2347 588/444/2348
f 588/839/2349 590/840/2350 598/841/2351 597/833/2352
f 568/827/2353 571/830/2354 577/835/2355 574/836/2356
f 575/851/2357 576/852/2358 594/848/2359 592/847/2360
f 580/842/2361 583/845/2362 589/849/2363 586/850/2364
f 596/832/2365 597/833/2366 572/829/2367 567/828/2368
f 570/455/2369 598/452/2370 593/448/2371 578/451/2372
f 591/436/2373 595/434/2374 569/433/2375 573/437/2376
f 585/438/2377 595/434/2378 591/436/2379 581/440/2380
f 587/838/2381 588/839/2382 597/833/2383 596/832/2384
f 593/448/2385 598/452/2386 590/453/2387 582/445/2388
f 592/847/2389 594/848/2390 584/844/2391 579/843/2392
f 567/828/2393 568/827/2394 569/831/2395
f 570/834/2396 571/830/2397 572/829/2398
f 573/1151/2399 574/1152/2400 575/1153/2401
f 576/450/2402 577/454/2403 578/451/2404
f 579/843/2405 580/842/2406 581/846/2407
f 582/445/2408 583/449/2409 584/446/2410
f 585/438/2411 586/441/2412 587/439/2413
f 588/1154/2414 589/1155/2415 590/1156/2416
f 599/1157/2417 600/1158/2418 608/1159/2419 607/1160/2420
f 600/1158/2421 601/1163/2422 609/1164/2423 608/1159/2424
f 601/857/2425 602/858/2426 610/859/2427 609/860/2428
f 602/858/2429 603/861/2430 611/862/2431 610/859/2432
f 603/1188/2433 604/1189/2434 612/1190/2435 611/1191/2436
f 604/1189/2437 605/1192/2438 613/1193/2439 612/1190/2440
f 605/863/2441 606/864/2442 614/865/2443 613/866/2444
f 606/864/2445 599/867/2446 607/868/2447 614/865/2448
f 657/1215/2449 656/1214/2450 658/1216/2451
f 659/1218/2452 657/1215/2453 658/1216/2454
f 660/1221/2455 659/1218/2456 658/1216/2457
f 661/1223/2458 660/1221/2459 658/1216/2460
f 662/1222/2461 661/1223/2462 658/1216/2463
f 663/1220/2464 662/1222/2465 658/1216/2466
f 664/1219/2467 663/1220/2468 658/1216/2469
f 656/1214/2470 664/1219/2471 658/1216/2472
f 607/1198/2473 608/1199/2474 615/1194/2475
f 608/1199/2476 609/1197/2477 615/1194/2478
f 609/1197/2479 610/1195/2480 615/1194/2481
f 610/1195/2482 611/1191/2483 615/1194/2484
f 611/1191/2485 612/1190/2486 615/1194/2487
f 612/1190/2488 613/1193/2489 615/1194/2490
f 613/1193/2491 614/1196/2492 615/1194/2493
f 614/1196/2494 607/1198/2495 615/1194/2496
f 600/1158/2497 599/1157/2498 616/1161/2499 617/1162/2500
f 601/1163/2501 600/1158/2502 617/1162/2503 618/1169/2504
f 602/1175/2505 601/1163/2506 618/1169/2507 619/1176/2508
f 603/1182/2509 602/1175/2510 619/1176/2511 620/1183/2512
f 604/1177/2513 603/1182/2514 620/1183/2515 621/1178/2516
f 605/1170/2517 604/1177/2518 621/1178/2519 622/1171/2520
f 606/1165/2521 605/1170/2522 622/1171/2523 623/1166/2524
f 599/1157/2525 606/1165/2526 623/1166/2527 616/1161/2528
f 617/1162/2529 616/1161/2530 624/1167/2531 625/1168/2532
f 618/1169/2533 617/1162/2534 625/1168/2535 626/1174/2536
f 619/869/2537 618/870/2538 626/871/2539 627/872/2540
f 620/873/2541 619/869/2542 627/872/2543 628/874/2544
f 621/1200/2545 620/1201/2546 628/1202/2547 629/1203/2548
f 622/1204/2549 621/1200/2550 629/1203/2551 630/1205/2552
f 623/875/2553 622/876/2554 630/877/2555 631/878/2556
f 616/879/2557 623/875/2558 631/878/2559 624/880/2560
f 625/1168/2561 624/1167/2562 632/1172/2563 633/1173/2564
f 626/1174/2565 625/1168/2566 633/1173/2567 634/1181/2568
f 627/1258/2569 626/1259/2570 634/1260/2571 635/1261/2572
f 628/1262/2573 627/1258/2574 635/1261/2575 636/1263/2576
f 629/1264/2577 628/1262/2578 636/1263/2579 637/1265/2580
f 630/1266/2581 629/1264/2582 637/1265/2583 638/1267/2584
f 631/1268/2585 630/1266/2586 638/1267/2587 639/1269/2588
f 624/1270/2589 631/1268/2590 639/1269/2591 632/1271/2592
f 633/1173/2593 632/1172/2594 640/1179/2595 641/1180/2596
f 634/1181/2597 633/1173/2598 641/1180/2599 642/1186/2600
f 635/881/2601 634/882/2602 642/883/2603 643/884/2604
f 636/885/2605 635/881/2606 643/884/2607 644/886/2608
f 637/1206/2609 636/1207/2610 644/1208/2611 645/1209/2612
f 638/1210/2613 637/1206/2614 645/1209/2615 646/1211/2616
f 639/887/2617 638/888/2618 646/889/2619 647/890/2620
f 632/891/2621 639/887/2622 647/890/2623 640/892/2624
f 641/1180/2625 640/1179/2626 648/1184/2627 649/1185/2628
f 642/1186/2629 641/1180/2630 649/1185/2631 650/1187/2632
f 643/1272/2633 642/1273/2634 650/1274/2635 651/1275/2636
f 644/1276/2637 643/1272/2638 651/1275/2639 652/1277/2640
f 645/1278/2641 644/1276/2642 652/1277/2643 653/1279/2644
f 646/1280/2645 645/1278/2646 653/1279/2647 654/1281/2648
f 647/1282/2649 646/1280/2650 654/1281/2651 655/1283/2652
f 640/1284/2653 647/1282/2654 655/1283/2655 648/1285/2656
f 649/1212/2657 648/1213/2658 656/1214/2659 657/1215/2660
f 650/1217/2661 649/1212/2662 657/1215/2663 659/1218/2664
f 651/893/2665 650/894/2666 659/895/2667 660/896/2668
f 652/897/2669 651/893/2670 660/896/2671 661/898/2672
f 653/1224/2673 652/1225/2674 661/1226/2675 662/1227/2676
f 654/1228/2677 653/1224/2678 662/1227/2679 663/1229/2680
f 655/899/2681 654/900/2682 663/901/2683 664/902/2684
f 648/903/2685 655/899/2686 664/902/2687 656/904/2688
