#File written by LIBUNFOLD3D. Compilation :Dec 22 2011,11:53:02
mtllib bathroom1.mtl
#begin vertices
v 59.767426 260.44967700000001 33.038398999999998
v 58.523975 260.44967700000001 29.972729000000001
v 56.587260999999998 260.44967700000001 27.539802999999999
v 54.146872999999999 260.44967700000001 25.97776
v 51.441662000000001 260.44967700000001 25.439530999999999
v 51.441662000000001 260.44967700000001 47.433886999999999
v 54.146872999999999 260.44967700000001 46.895671999999998
v 56.587260999999998 260.44967700000001 45.333618000000001
v 58.523968000000004 260.44967700000001 42.900706999999997
v 59.767409999999998 260.44967700000001 39.835037
v 60.195889000000001 260.44967700000001 36.436714000000002
v 67.713393999999994 281.76083399999999 31.815655
v 66.022544999999994 281.76083399999999 27.646929
v 63.388984999999998 281.76083399999999 24.338621
v 60.070503000000002 281.76083399999999 22.214545999999999
v 56.391945 281.76083399999999 21.482642999999999
v 56.391953000000001 281.76083399999999 51.390770000000003
v 60.070503000000002 281.76083399999999 50.658875000000002
v 63.388984999999998 281.76083399999999 48.534813
v 66.022530000000003 281.76083399999999 45.226505000000003
v 67.713379000000003 281.76083399999999 41.057780999999999
v 68.296004999999994 281.76083399999999 36.436714000000002
v 23.925373 260.44967700000001 25.439530999999999
v 21.285354999999999 260.44967700000001 26.008997000000001
v 15.296559 281.76083399999999 22.214545999999999
v 18.975113 281.76083399999999 21.482642999999999
v 18.779902 260.44967700000001 27.539802999999999
v 11.978085 281.76083399999999 24.338621
v 16.843102999999999 260.44967700000001 29.972729000000001
v 9.3445210000000003 281.76083399999999 27.646929
v 15.599627 260.44967700000001 33.038398999999998
v 7.6536819999999999 281.76083399999999 31.815655
v 15.171238000000001 260.44967700000001 36.436714000000002
v 7.0710550000000003 281.76083399999999 36.436714000000002
v 15.599627 260.44967700000001 39.835037
v 7.6536819999999999 281.76083399999999 41.057780999999999
v 16.843115000000001 260.44967700000001 42.900706999999997
v 9.3445319999999992 281.76083399999999 45.226505000000003
v 18.779902 260.44967700000001 45.333618000000001
v 11.978085 281.76083399999999 48.534813
v 21.220141999999999 260.44967700000001 46.895671999999998
v 15.296562 281.76083399999999 50.658875000000002
v 23.925373 260.44967700000001 47.433886999999999
v 18.975121999999999 281.76083399999999 51.390770000000003
v 58.821224000000001 259.58853099999999 33.184005999999997
v 57.631053999999999 259.58853099999999 30.249687000000002
v 55.777316999999996 259.58853099999999 27.921033999999999
v 53.441490000000002 259.58853099999999 26.425926
v 50.852184000000001 259.58853099999999 25.910717000000002
v 24.514852999999999 259.58853099999999 25.910717000000002
v 21.971164999999999 259.58853099999999 26.391096000000001
v 19.589843999999999 259.58853099999999 27.921033999999999
v 17.736031000000001 259.58853099999999 30.249687000000002
v 16.545835 259.58853099999999 33.184005999999997
v 16.135798999999999 259.58853099999999 36.436714000000002
v 16.545835 259.58853099999999 39.689430000000002
v 17.736042000000001 259.58853099999999 42.623753000000001
v 19.589843999999999 259.58853099999999 44.952430999999997
v 21.925530999999999 259.58853099999999 46.447535999999999
v 24.514852999999999 259.58853099999999 46.962733999999998
v 50.852184000000001 259.58853099999999 46.962733999999998
v 53.441490000000002 259.58853099999999 46.447535999999999
v 55.777316999999996 259.58853099999999 44.952430999999997
v 57.631042000000001 259.58853099999999 42.623753000000001
v 58.821213 259.58853099999999 39.689430000000002
v 59.231327 259.58853099999999 36.436714000000002
v 57.238757999999997 259.198395 33.427520999999999
v 56.137687999999997 259.198395 30.712879000000001
v 49.866321999999997 259.198395 36.436714000000002
v 54.422728999999997 259.198395 28.558529
v 52.261780000000002 259.198395 27.175348
v 49.866321999999997 259.198395 26.69875
v 25.500729 259.198395 26.69875
v 23.105250999999999 259.198395 27.175348
v 25.500729 259.198395 36.436714000000002
v 20.944427000000001 259.198395 28.558529
v 19.229396999999999 259.198395 30.712879000000001
v 18.128309000000002 259.198395 33.427520999999999
v 17.74897 259.198395 36.436714000000002
v 18.128309000000002 259.198395 39.445926999999998
v 19.229407999999999 259.198395 42.160556999999997
v 20.944427000000001 259.198395 44.314903000000001
v 23.105250999999999 259.198395 45.698081999999999
v 25.500729 259.198395 46.174686000000001
v 49.866321999999997 259.198395 46.174686000000001
v 52.261780000000002 259.198395 45.698081999999999
v 54.422728999999997 259.198395 44.314903000000001
v 56.137675999999999 259.198395 42.160556999999997
v 57.238746999999996 259.198395 39.445926999999998
v 57.618155999999999 259.198395 36.436714000000002
v 69.947128000000006 281.76083399999999 31.471927999999998
v 70.119124999999997 281.91403200000002 31.445464999999999
v 68.119834999999995 281.76083399999999 26.996445000000001
v 68.292816000000002 281.91833500000001 26.942781
v 65.273612999999997 281.76083399999999 23.451650999999998
v 65.448288000000005 281.92575099999999 23.369437999999999
v 61.686881999999997 281.76083399999999 21.187688999999999
v 61.863953000000002 281.936218 21.075196999999999
v 57.716842999999997 281.76083399999999 20.423636999999999
v 57.890704999999997 281.94470200000001 20.284659999999999
v 17.650214999999999 281.76083399999999 20.423636999999999
v 17.476357 281.94470200000001 20.284659999999999
v 13.680173 281.76083399999999 21.187688999999999
v 13.503107 281.936218 21.075196999999999
v 10.093449 281.76083399999999 23.451650999999998
v 9.9187860000000008 281.92575099999999 23.369437999999999
v 7.2472250000000003 281.76083399999999 26.996445000000001
v 7.0742450000000003 281.91833500000001 26.942781
v 5.4199450000000002 281.76083399999999 31.471927999999998
v 5.2479529999999999 281.91403200000002 31.445464999999999
v 4.7903250000000002 281.76083399999999 36.436717999999999
v 4.6186499999999997 281.912598 36.436717999999999
v 5.4199450000000002 281.76083399999999 41.401519999999998
v 5.2479529999999999 281.91403200000002 41.427985999999997
v 7.247236 281.76083399999999 45.877021999999997
v 7.0742570000000002 281.91833500000001 45.930667999999997
v 10.093449 281.76083399999999 49.421829000000002
v 9.9187860000000008 281.92575099999999 49.504009000000003
v 13.68018 281.76083399999999 51.685757000000002
v 13.503113000000001 281.936218 51.798237
v 17.650223 281.76083399999999 52.449809999999999
v 17.47636 281.94470200000001 52.588763999999998
v 57.716850000000001 281.76083399999999 52.449809999999999
v 57.890704999999997 281.94470200000001 52.588763999999998
v 61.686881999999997 281.76083399999999 51.685757000000002
v 61.863953000000002 281.936218 51.798237
v 65.273612999999997 281.76083399999999 49.421829000000002
v 65.448288000000005 281.92575099999999 49.504009000000003
v 68.119820000000004 281.76083399999999 45.877021999999997
v 68.292809000000005 281.91833500000001 45.930667999999997
v 69.947120999999996 281.76083399999999 41.401519999999998
v 70.119118 281.91403200000002 41.427985999999997
v 70.576735999999997 281.76083399999999 36.436717999999999
v 70.748420999999993 281.912598 36.436717999999999
v 70.119124999999997 282.659943 31.445464999999999
v 69.955855999999997 282.81173699999999 31.51211
v 68.153937999999997 282.81173699999999 27.069569000000001
v 68.292816000000002 282.659943 26.942781
v 65.347365999999994 282.81173699999999 23.543917
v 65.448288000000005 282.659943 23.369437999999999
v 61.810901999999999 282.81173699999999 21.280306
v 61.863953000000002 282.659943 21.075196999999999
v 57.890704999999997 282.81173699999999 20.498664999999999
v 57.890704999999997 282.65969799999999 20.284659999999999
v 17.476357 282.65969799999999 20.284659999999999
v 17.476357 282.81173699999999 20.498664999999999
v 13.556152000000001 282.81173699999999 21.280306
v 13.503107 282.659943 21.075196999999999
v 10.019691 282.81173699999999 23.543917
v 9.9187860000000008 282.659943 23.369437999999999
v 7.213133 282.81173699999999 27.069569000000001
v 7.0742450000000003 282.659943 26.942781
v 5.4112260000000001 282.81173699999999 31.51211
v 5.2479529999999999 282.659943 31.445464999999999
v 4.7903250000000002 282.81173699999999 36.436717999999999
v 4.6186499999999997 282.659943 36.436717999999999
v 5.4112260000000001 282.81173699999999 41.361342999999998
v 5.2479529999999999 282.659943 41.427985999999997
v 7.2131439999999998 282.81173699999999 45.803916999999998
v 7.0742570000000002 282.659943 45.930667999999997
v 10.019691 282.81173699999999 49.329540000000001
v 9.9187860000000008 282.659943 49.504009000000003
v 13.556164000000001 282.81173699999999 51.593131999999997
v 13.503113000000001 282.659943 51.798237
v 17.47636 282.81173699999999 52.374771000000003
v 17.47636 282.65969799999999 52.588763999999998
v 57.890704999999997 282.65969799999999 52.588763999999998
v 57.890704999999997 282.81173699999999 52.374771000000003
v 61.810901999999999 282.81173699999999 51.593131999999997
v 61.863953000000002 282.659943 51.798237
v 65.347365999999994 282.81173699999999 49.329540000000001
v 65.448288000000005 282.659943 49.504009000000003
v 68.153914999999998 282.81173699999999 45.803916999999998
v 68.292809000000005 282.659943 45.930667999999997
v 69.955841000000007 282.81173699999999 41.361342999999998
v 70.119118 282.659943 41.427985999999997
v 70.576735999999997 282.81173699999999 36.436717999999999
v 70.748420999999993 282.659943 36.436717999999999
v 65.489959999999996 282.81173699999999 27.888500000000001
v 67.134345999999994 282.81173699999999 31.942667
v 62.928787 282.81173699999999 24.671106000000002
v 59.701500000000003 282.81173699999999 22.605402000000002
v 56.124031000000002 282.81173699999999 21.89209
v 15.665556 282.81173699999999 22.605402000000002
v 19.243030999999998 282.81173699999999 21.89209
v 12.438278 282.81173699999999 24.671106000000002
v 9.8771059999999995 282.81173699999999 27.888500000000001
v 8.2327329999999996 282.81173699999999 31.942667
v 7.6661130000000002 282.81173699999999 36.436717999999999
v 8.2327329999999996 282.81173699999999 40.930793999999999
v 9.8771170000000001 282.81173699999999 44.984962000000003
v 12.438278 282.81173699999999 48.202357999999997
v 15.665561 282.81173699999999 50.268031999999998
v 19.243031999999999 282.81173699999999 50.981341999999998
v 59.701500000000003 282.81173699999999 50.268031999999998
v 56.124031000000002 282.81173699999999 50.981341999999998
v 62.928787 282.81173699999999 48.202357999999997
v 65.489943999999994 282.81173699999999 44.984962000000003
v 67.134331000000003 282.81173699999999 40.930793999999999
v 67.700951000000003 282.81173699999999 36.436717999999999
v 65.489959999999996 280.469177 27.888500000000001
v 67.134345999999994 280.469177 31.942667
v 62.928787 280.469177 24.671106000000002
v 59.701500000000003 280.469177 22.605402000000002
v 56.124031000000002 280.469177 21.89209
v 15.665556 280.469177 22.605402000000002
v 19.243030999999998 280.469177 21.89209
v 12.438278 280.469177 24.671106000000002
v 9.8771059999999995 280.469177 27.888500000000001
v 8.2327329999999996 280.469177 31.942667
v 7.6661130000000002 280.469177 36.436717999999999
v 8.2327329999999996 280.469177 40.930793999999999
v 9.8771170000000001 280.469177 44.984962000000003
v 12.438278 280.469177 48.202357999999997
v 15.665561 280.469177 50.268031999999998
v 19.243031999999999 280.469177 50.981341999999998
v 59.701500000000003 280.469177 50.268031999999998
v 56.124031000000002 280.469177 50.981341999999998
v 62.928787 280.469177 48.202357999999997
v 65.489943999999994 280.469177 44.984962000000003
v 67.134331000000003 280.469177 40.930793999999999
v 67.700951000000003 280.469177 36.436717999999999
v 64.112892000000002 276.50952100000001 28.311845999999999
v 65.675842000000003 276.50952100000001 32.165225999999997
v 61.678558000000002 276.50952100000001 25.253784
v 58.611094999999999 276.50952100000001 23.290386000000002
v 55.210793000000002 276.50952100000001 22.612393999999998
v 16.755959000000001 276.50952100000001 23.290386000000002
v 20.156269000000002 276.50952100000001 22.612393999999998
v 13.688506 276.50952100000001 25.253784
v 11.254175 276.50952100000001 28.311845999999999
v 9.6912350000000007 276.50952100000001 32.165225999999997
v 9.1526779999999999 276.50952100000001 36.436717999999999
v 9.6912350000000007 276.50952100000001 40.708236999999997
v 11.254181000000001 276.50952100000001 44.561630000000001
v 13.688506 276.50952100000001 47.619700999999999
v 16.755966000000001 276.50952100000001 49.583061000000001
v 20.156269000000002 276.50952100000001 50.261054999999999
v 58.611094999999999 276.50952100000001 49.583061000000001
v 55.210793000000002 276.50952100000001 50.261054999999999
v 61.678558000000002 276.50952100000001 47.619700999999999
v 64.112876999999997 276.50952100000001 44.561630000000001
v 65.675826999999998 276.50952100000001 40.708236999999997
v 66.214386000000005 276.50952100000001 36.436717999999999
v 62.287402999999998 271.29418900000002 28.873031999999998
v 63.742404999999998 271.29418900000002 32.460262
v 60.021210000000004 271.29418900000002 26.026202999999999
v 57.165627000000001 271.29418900000002 24.198404
v 54.000179000000003 271.29418900000002 23.567245
v 18.201429000000001 271.29418900000002 24.198404
v 21.366882 271.29418900000002 23.567245
v 15.345848999999999 271.29418900000002 26.026202999999999
v 13.079658999999999 271.29418900000002 28.873031999999998
v 11.624663 271.29418900000002 32.460262
v 11.123314000000001 271.29418900000002 36.436717999999999
v 11.624663 271.29418900000002 40.413204
v 13.079658999999999 271.29418900000002 44.000445999999997
v 15.345848999999999 271.29418900000002 46.847275000000003
v 18.201439000000001 271.29418900000002 48.675049000000001
v 21.366882 271.29418900000002 49.306206000000003
v 57.165627000000001 271.29418900000002 48.675049000000001
v 54.000179000000003 271.29418900000002 49.306206000000003
v 60.021210000000004 271.29418900000002 46.847275000000003
v 62.287399000000001 271.29418900000002 44.000445999999997
v 63.74239 271.29418900000002 40.413204
v 64.243752000000001 271.29418900000002 36.436717999999999
v 60.922939 267.54248000000001 29.292491999999999
v 62.297249000000001 267.54248000000001 32.680785999999998
v 58.782417000000002 267.54248000000001 26.603542000000001
v 56.085194000000001 267.54248000000001 24.877113000000001
v 53.095298999999997 267.54248000000001 24.28096
v 19.281863999999999 267.54248000000001 24.877113000000001
v 22.271763 267.54248000000001 24.28096
v 16.584644000000001 267.54248000000001 26.603542000000001
v 14.444129999999999 267.54248000000001 29.292491999999999
v 13.069824000000001 267.54248000000001 32.680785999999998
v 12.596278999999999 267.54248000000001 36.436717999999999
v 13.069824000000001 267.54248000000001 40.192677000000003
v 14.444129999999999 267.54248000000001 43.580986000000003
v 16.584644000000001 267.54248000000001 46.269936000000001
v 19.281867999999999 267.54248000000001 47.996341999999999
v 22.271763 267.54248000000001 48.592495
v 56.085194000000001 267.54248000000001 47.996341999999999
v 53.095298999999997 267.54248000000001 48.592495
v 58.782417000000002 267.54248000000001 46.269936000000001
v 60.922932000000003 267.54248000000001 43.580986000000003
v 62.297237000000003 267.54248000000001 40.192677000000003
v 62.770794000000002 267.54248000000001 36.436717999999999
v 58.266579 264.67804000000001 30.109110000000001
v 59.483798999999998 264.67804000000001 33.110111000000003
v 56.370728 264.67804000000001 27.727512000000001
v 53.981803999999997 264.67804000000001 26.198429000000001
v 51.333672 264.67804000000001 25.670414000000001
v 21.385249999999999 264.67804000000001 26.198429000000001
v 24.033390000000001 264.67804000000001 25.670414000000001
v 18.996334000000001 264.67804000000001 27.727512000000001
v 17.100491000000002 264.67804000000001 30.109110000000001
v 15.883276 264.67804000000001 33.110111000000003
v 15.46386 264.67804000000001 36.436717999999999
v 15.883276 264.67804000000001 39.763359000000001
v 17.100491000000002 264.67804000000001 42.76437
v 18.996334000000001 264.67804000000001 45.145961999999997
v 21.385258 264.67804000000001 46.67503
v 24.033390000000001 264.67804000000001 47.203040999999999
v 53.981803999999997 264.67804000000001 46.67503
v 51.333672 264.67804000000001 47.203040999999999
v 56.370728 264.67804000000001 45.145961999999997
v 58.266570999999999 264.67804000000001 42.76437
v 59.483790999999997 264.67804000000001 39.763359000000001
v 59.903213999999998 264.67804000000001 36.436717999999999
v 56.829182000000003 264.56170700000001 30.550992999999998
v 57.961399 264.56170700000001 33.342421999999999
v 50.380428000000002 264.56170700000001 36.436717999999999
v 55.065727000000003 264.56170700000001 28.335712000000001
v 52.843631999999999 264.56170700000001 26.913408
v 50.380428000000002 264.56170700000001 26.422267999999999
v 22.523422 264.56170700000001 26.913408
v 24.986635 264.56170700000001 26.422267999999999
v 24.986635 264.56170700000001 36.436717999999999
v 20.301335999999999 264.56170700000001 28.335712000000001
v 18.537887999999999 264.56170700000001 30.550992999999998
v 17.405676 264.56170700000001 33.342421999999999
v 17.015550999999999 264.56170700000001 36.436717999999999
v 17.405676 264.56170700000001 39.531052000000003
v 18.537887999999999 264.56170700000001 42.322482999999998
v 20.301335999999999 264.56170700000001 44.537762000000001
v 22.523432 264.56170700000001 45.960045000000001
v 24.986635 264.56170700000001 46.451183
v 52.843631999999999 264.56170700000001 45.960045000000001
v 50.380428000000002 264.56170700000001 46.451183
v 55.065727000000003 264.56170700000001 44.537762000000001
v 56.829177999999999 264.56170700000001 42.322482999999998
v 57.961395000000003 264.56170700000001 39.531052000000003
v 58.351523999999998 264.56170700000001 36.436717999999999
#end vertices

#begin 584 textures vertices 
vt 0.86070074541856945 0.31880051927359937 0
vt 0.88098389324445725 0.32119147683724175 0
vt 0.90017738031971062 0.32158884160884671 0
vt 0.91800698556091509 0.3201473479061962 0
vt 0.50438472000491308 0.31568546798030261 0
vt 0.35836798045827628 0.41866513736592215 0
vt 0.37513139038979565 0.42165549493670479 0
vt 0.39296103375595398 0.42309697137683816 0
vt 0.41215442151024972 0.4226996097521461 0
vt 0.43243754590191652 0.42030863177777156 0
vt 0.84001267631817522 0.31442503649658632 0
vt 0.83292962232449741 0.4566464746970173 0
vt 0.86051081380904604 0.45989773238145237 0
vt 0.88661025386156878 0.46043806525955228 0
vt 0.91085519823878258 0.45847787496332404 0
vt 0.93365020734648607 0.45441160453378948 0
vt 0.2429941210596103 0.49886725965137596 0
vt 0.3822832457994515 0.55998600706849788 0
vt 0.40652814592226133 0.56194620784698612 0
vt 0.43262752763924173 0.56140584359510481 0
vt 0.46020870710881878 0.55815458171973964 0
vt 0.48834057143205628 0.55220473794584646 0
vt 0.63931089794110008 0.46104482693558296 0
vt 0.65573365727719646 0.463923247055824 0
vt 0.66314638943606219 0.60237944206630722 0
vt 0.70481810117751253 0.44949922758697369 0
vt 0.67379210196197603 0.46548781021838015 0
vt 0.68739174466324937 0.60433402645929701 0
vt 0.69298582603660164 0.46508612686536055 0
vt 0.71349107438791248 0.60378765518307509 0
vt 0.71326848271063603 0.46269051178388521 0
vt 0.74107148644077336 0.60052999000916718 0
vt 0.52828161523568828 0.46104482693558296 0
vt 0.7692019280323793 0.59457365610483415 0
vt 0.5489696415181784 0.46542047281512033 0
vt 0.52119850486542829 0.60326637497710045 0
vt 0.56925288190241108 0.46781137856501592 0
vt 0.54877968601426164 0.60651764242773953 0
vt 0.58844657976046977 0.46820862228799132 0
vt 0.57487909871103959 0.60705799634540514 0
vt 0.60627546635191853 0.46676733471756282 0
vt 0.59912397180786903 0.60509778390309055 0
vt 0.042560548507421123 0.36505350567966161 0
vt 0.6219189809949458 0.60103149984121296 0
vt 0.52702126465097765 0.87076482484847828 0
vt 0.54110546357921618 0.88432135648551879 0
vt 0.55669179185739459 0.89405295551624175 0
vt 0.57288335569178794 0.89961832899127481 0
vt 0.58909815189149795 0.90126838907726226 0
vt 0.75169253209219566 0.9011307471844533 0
vt 0.7675974627691452 0.89957203705222732 0
vt 0.78419141438489293 0.89409704468667228 0
vt 0.79990441641094745 0.88457076758963749 0
vt 0.81416530666633502 0.87120014391821221 0
vt 0.82600838858629921 0.85478722058170675 0
vt 0.52701050537071392 0.84413887718886904 0
vt 0.54108360741544015 0.85770708487111325 0
vt 0.55666223735291709 0.86745170187059173 0
vt 0.57284834731141643 0.87303065318610773 0
vt 0.58906183715854576 0.87469431992154012 0
vt 0.75165627561861637 0.87469426844099396 0
vt 0.76786966699028159 0.87303059109006842 0
vt 0.78405656464272011 0.8674516912152721 0
vt 0.79963480003080545 0.85770700173650916 0
vt 0.81370773366179672 0.84413873972966202 0
vt 0.82532113493274184 0.82756237178121472 0
vt 0.23365395344245979 0.36521216834018355 0
vt 0.24040211687188717 0.38199103049575345 0
vt 0.27922240015391231 0.34676878319881743 0
vt 0.25095030486160902 0.39532207430481864 0
vt 0.26426582132579968 0.40390039956235546 0
vt 0.27904554582627017 0.40688618602297194 0
vt 0.42946673956147269 0.40732869747275435 0
vt 0.44426389883431938 0.40442992075719786 0
vt 0.42964359388911166 0.34721129464859957 0
vt 0.45762888440890748 0.39593008462306856 0
vt 0.46825576241813549 0.38266133395848517 0
vt 0.47510263996117574 0.36592246590973726 0
vt 0.47749914340631699 0.34735207686200231 0
vt 0.47521194218765594 0.32876778574648041 0
vt 0.46846359950854616 0.31198899714633344 0
vt 0.45791504103567193 0.29865797694162349 0
vt 0.44460029622371222 0.29007966630127041 0
vt 0.42982044836204131 0.28709384243637753 0
vt 0.2793992546268429 0.28665133098659595 0
vt 0.26460221871519696 0.28955014510642851 0
vt 0.2512364614883778 0.29804996662337502 0
vt 0.24061009595299393 0.31131869410131396 0
vt 0.23376332357753324 0.32805748837670318 0
vt 0.2313663876235752 0.3466279996233127 0
vt 0.063738558797318212 0.91666628741141432 0
vt 0.062524058827491194 0.91742368335784164 0
vt 0.08371306666652574 0.93883989562692982 0
vt 0.08254960395818188 0.93975748628702171 0
vt 0.10651504851376967 0.95520217039891953 0
vt 0.10538882387551064 0.95629242501771794 0
vt 0.13082928239078206 0.96492167534512363 0
vt 0.12972319848810221 0.96619689364257144 0
vt 0.15560201103977167 0.96796482353954139 0
vt 0.15452866132737675 0.96938770860988632 0
vt 0.40295474701458561 0.96796596112819844 0
vt 0.40402805894457755 0.96938885607165426 0
vt 0.42772752254278873 0.9649230452466282 0
vt 0.42883356394998423 0.9661982739430347 0
vt 0.452041821180036 0.95520380076398204 0
vt 0.45316796562281547 0.95629406494956015 0
vt 0.47484407199990053 0.93884188757178799 0
vt 0.47600751496987187 0.93975949607326703 0
vt 0.49481888022589593 0.91666859072770412 0
vt 0.4960333442957463 0.91742600096403892 0
vt 0.047914618478992033 0.90874730525283898 0
vt 0.9328753582133702 0.80745824549111045 0
vt 0.063740169661419627 0.93528230711235416 0
vt 0.062525745195912003 0.93603978484230133 0
vt 0.08371601361019998 0.95745485159880217 0
vt 0.082552568760846323 0.9583724104175757 0
vt 0.1065188370904004 0.9738160011016247 0
vt 0.10539265951556898 0.9749061362361946 0
vt 0.13083332385210089 0.98353457152806867 0
vt 0.12972728376455223 0.98480976631878381 0
vt 0.15560614332938316 0.98657718872342381 0
vt 0.15453280311319356 0.98800000000000043 0
vt 0.4029588731282473 0.98657560240290687 0
vt 0.40403218220569065 0.98799839991267202 0
vt 0.42773158736369798 0.98353267536300559 0
vt 0.42883766779838972 0.98480785632592871 0
vt 0.45204594178446045 0.97381377383237688 0
vt 0.45317220264259561 0.97490389620635676 0
vt 0.47484842902611529 0.95745219549359739 0
vt 0.47601194289570825 0.95836973864576225 0
vt 0.49482380309410601 0.93527919627929967 0
vt 0.49603826878423674 0.9360366511847884 0
vt 0.047914698484825491 0.8901303736134486 0
vt 0.046636798045828043 0.89073715648771445 0
vt 0.44875361415328557 0.79513149576134656 0
vt 0.44932339948562111 0.79644476299091771 0
vt 0.47577264687520238 0.78328552657938788 0
vt 0.47541495886462559 0.78184181639033468 0
vt 0.50182526750237599 0.77369799820753626 0
vt 0.50163888517279043 0.77215857742967342 0
vt 0.52704188426052967 0.76793902056516361 0
vt 0.52697128204805543 0.76634189314603318 0
vt 0.55159606772915204 0.76590117941476887 0
vt 0.55163629505127609 0.76428001562925441 0
vt 0.80118363351494526 0.76428089231170304 0
vt 0.80122388306035364 0.76590245783863342 0
vt 0.82577810935399654 0.76793886042694659 0
vt 0.82584867753920277 0.76634173412182982 0
vt 0.85099470668534971 0.77369787020677938 0
vt 0.85118100160602495 0.77215848052339342 0
vt 0.8770472511960079 0.78328542715574245 0
vt 0.87740498213895746 0.78184169181423102 0
vt 0.9034964822313295 0.79644464924543412 0
vt 0.90406628815262791 0.79513137282616686 0
vt 0.9295769204676595 0.81250095903547903 0
vt 0.42238328534143005 0.8321169084353669 0
vt 0.44932362271571441 0.81718745108570412 0
vt 0.44875382386029072 0.81587417558943309 0
vt 0.47577320167568521 0.8040284220859828 0
vt 0.47541534269846458 0.80258484419619258 0
vt 0.50182564470425772 0.79444116931013697 0
vt 0.50163933231277968 0.79290182448873581 0
vt 0.52704228732587866 0.78868239077583213 0
vt 0.52697168334709632 0.78708528279504297 0
vt 0.55159646397268536 0.78664461413720499 0
vt 0.5516366914729387 0.78502351080537125 0
vt 0.80118401102703651 0.78502483952425772 0
vt 0.80122425491625271 0.78664634469832651 0
vt 0.82577842296754789 0.78868277417428079 0
vt 0.82584903494767303 0.78708566146971659 0
vt 0.85099498288453501 0.79444172638519273 0
vt 0.85118139540404236 0.79290235241419049 0
vt 0.87704741037188971 0.80402908900782488 0
vt 0.87740530672532935 0.80258549497741971 0
vt 0.90349696498438969 0.81718822011183301 0
vt 0.90406678393493145 0.81587493453995952 0
vt 0.42324296497330288 0.81250105029463815 0
vt 0.42238333349871598 0.81137446519711454 0
vt 0.87340798890626814 0.27765625689940732 0
vt 0.89915103380598416 0.26496843525538882 0
vt 0.84754827567462954 0.28692029586309792 0
vt 0.82224733710149833 0.29279903509157673 0
vt 0.79762472776158366 0.29546141727711944 0
vt 0.54046119668473291 0.29275315666623541 0
vt 0.5650848020158441 0.29551187882552299 0
vt 0.51517765654946135 0.28694326965400829 0
vt 0.48926109353308211 0.27777923034555657 0
vt 0.46339872164790552 0.26520332068834107 0
vt 0.43935286022219006 0.24962972970935543 0
vt 0.48350199120393933 0.13039535719328516 0
vt 0.4577509626813609 0.14306623160199347 0
vt 0.4318900827281224 0.15232320486645715 0
vt 0.40659517959893393 0.15821615353877228 0
vt 0.38197888007702796 0.16092865605640069 0
vt 0.12482538984666423 0.15809084951477786 0
vt 0.14945984642376442 0.16079519287963887 0
vt 0.099532880713905647 0.15230072544638584 0
vt 0.073614681234381474 0.14313629691615926 0
vt 0.047756675378685505 0.13055068822142402 0
vt 0.023720423927184858 0.1149621458081907 0
vt 0.86777311059058715 0.26438827386034464 0
vt 0.89218208904841056 0.25235108569040871 0
vt 0.84346665184012826 0.27308361905678885 0
vt 0.81986839869759776 0.27845522142165863 0
vt 0.79681796763289325 0.28103177629941084 0
vt 0.54279290337362596 0.27844873894987149 0
vt 0.56582398257190003 0.28106805450593203 0
vt 0.51916199747874903 0.27307058306598669 0
vt 0.49480517514998096 0.26443811634626357 0
vt 0.47035463063925176 0.25243085877676463 0
vt 0.44666644622939822 0.23740640463664051 0
vt 0.47654397051940095 0.11776895194123067 0
vt 0.45212595841272918 0.12979058256411258 0
vt 0.4278144388774579 0.13848030010768506 0
vt 0.40421319215357765 0.14386653078074324 0
vt 0.38116560454052117 0.14650617671006391 0
vt 0.12715175846903307 0.14379183578397042 0
vt 0.15018948900350773 0.14634426590772626 0
vt 0.10351990994998525 0.13843310903004244 0
vt 0.079165046028196934 0.12980129512561486 0
vt 0.054719968016450495 0.11778535190637078 0
vt 0.031041441935044975 0.10274611427583569 0
vt 0.85619820302112715 0.24127921572354771 0
vt 0.87925734479138651 0.22994715543325978 0
vt 0.83338105394304662 0.24937035609645061 0
vt 0.8113351941813548 0.25421623104209468 0
vt 0.79001662130327444 0.25628714413556497 0
vt 0.55124353868963938 0.2541488343246468 0
vt 0.57258841345056366 0.25622294205499607 0
vt 0.52916240137746251 0.24931015621349928 0
vt 0.50631119593344254 0.24123803643943825 0
vt 0.48323979450654891 0.22990372088439953 0
vt 0.46073187870130583 0.21579856437943185 0
vt 0.46363738624788292 0.095345383312742643 0
vt 0.44056816969924101 0.1066622055887987 0
vt 0.41774347779872034 0.11474465370332274 0
vt 0.39569221911841085 0.11958682274597414 0
vt 0.37437387182371684 0.12163958406541472 0
vt 0.13560362635974677 0.11953131513574658 0
vt 0.15694863464437805 0.12162023710116199 0
vt 0.11352704578069774 0.11469351906102689 0
vt 0.090681341099515061 0.1066181200049607 0
vt 0.067616888665477354 0.095274709472066205 0
vt 0.045118395055204166 0.081155610013438864 0
vt 0.84140909678802167 0.21081203032659279 0
vt 0.86254932862942102 0.20031899332106823 0
vt 0.82062217562732509 0.21810278940211894 0
vt 0.8006243729784619 0.22221974861882948 0
vt 0.78133740425498621 0.22363760970395166 0
vt 0.56194635660898062 0.22209292649946363 0
vt 0.58125139501889578 0.22344962354845022 0
vt 0.54194028114584591 0.21799104550843562 0
vt 0.52116167993625051 0.21069532695873744 0
vt 0.50006072616337249 0.20016604873323579 0
vt 0.47934170402408954 0.18690663903510668 0
vt 0.44695241227178839 0.065685122706517246 0
vt 0.4258039959455448 0.076157589365408312 0
vt 0.40501376813095136 0.083423692620917658 0
vt 0.38501861797964132 0.08750111540543154 0
vt 0.36573868711722168 0.088835478756734171 0
vt 0.14632826294379866 0.087562635275799008 0
vt 0.16563000091765234 0.089000526557106052 0
vt 0.12632277376923218 0.083425336700361244 0
vt 0.10554727453930603 0.076109869380014281 0
vt 0.084452249139710542 0.065565483346168893 0
vt 0.063741489666886142 0.052292313933952519 0
vt 0.83054315944408452 0.18894763864956846 0
vt 0.85001640208838969 0.17915326152576633 0
vt 0.81150110134979836 0.19559293439638173 0
vt 0.79322176723972604 0.19915180961566448 0
vt 0.77552805883520892 0.19994910027646359 0
vt 0.56942449696676378 0.19903691600460741 0
vt 0.58712464918479523 0.19982483943215043 0
vt 0.55115682996021009 0.1954799909451134 0
vt 0.53214869872058124 0.18881955908090101 0
vt 0.51274033903299254 0.1789773815692719 0
vt 0.49362213598902066 0.16602272773664872 0
vt 0.43443305982394009 0.04449733340482652 0
vt 0.41495055905490402 0.054268516893245064 0
vt 0.39590200270396875 0.060885497406449537 0
vt 0.37761663203828832 0.064412002003595925 0
vt 0.35990912833980587 0.065191208624242325 0
vt 0.15380549193757959 0.064527351280375803 0
vt 0.17149350922227879 0.065330989676327306 0
vt 0.13554379108804526 0.060941483038595555 0
vt 0.1165410635309248 0.054256922914680698 0
vt 0.097139486973085346 0.04439631953103098 0
vt 0.078029217149392899 0.031428416425508018 0
vt 0.81752058032909047 0.16824897903868699 0
vt 0.83562378044889518 0.15882101876951774 0
vt 0.79954345022201123 0.17497013153502283 0
vt 0.78217675285715815 0.17892917351671678 0
vt 0.76524191646090689 0.1801661435319272 0
vt 0.58061903399513104 0.1788626637770569 0
vt 0.59750827650472993 0.18014149478717248 0
vt 0.56328427323498875 0.17490361346248068 0
vt 0.54534927101319819 0.16817552535703767 0
vt 0.52731242212274421 0.15870654910996182 0
vt 0.51022096079510226 0.14657983343531547 0
vt 0.42005216114172378 0.024148218188843058 0
vt 0.40193547162412635 0.033552891020356947 0
vt 0.38394285063435885 0.040247525907130287 0
vt 0.36655759397822657 0.044186879644929143 0
vt 0.3496066897857612 0.045424434361596266 0
vt 0.16498302470045628 0.044353983303083093 0
vt 0.18185954095225865 0.045631181033759752 0
vt 0.1476645989266927 0.040378035718905206 0
vt 0.1297433058161287 0.033627065304372872 0
vt 0.11171740565046842 0.02413903470175351 0
vt 0.094634363513812617 0.012000000000000455 0
vt 0.012948713821567436 0.27171845599484595 0
vt 0.012000000000000455 0.29029082147537788 0
vt 0.062478215583416485 0.2929805815847602 0
vt 0.018745681147609539 0.25522746904986743 0
vt 0.028823541681256285 0.24243196449184853 0
vt 0.042193603342021269 0.23457843606418291 0
vt 0.20564456696317907 0.1810173383338847 0
vt 0.19028481095756578 0.18314243664901733 0
vt 0.21056942319895725 0.24154458216959543 0
vt 0.22148422616169947 0.18481100172083789 0
vt 0.23625540808429055 0.19415812557118542 0
vt 0.24851236326890105 0.20814381238107638 0
vt 0.25705509217975553 0.22539887790390273 0
vt 0.26104764577122974 0.24423458819332983 0
vt 0.26009896515965858 0.26280695520976111 0
vt 0.25430203460506251 0.27929791631242162 0
vt 0.2442241257034084 0.29209330042843334 0
vt 0.23085406582336332 0.2999468151669879 0
vt 0.067403158739371916 0.35350790633105239 0
vt 0.082762858207827403 0.35138281458215281 0
vt 0.051563489590984474 0.34971438364144969 0
vt 0.036792294224098895 0.34036727753128149 0
vt 0.024535305829481817 0.32638158918548937 0
vt 0.015992476621171668 0.30912631015687259 0
vt 0.79836302319227948 0.9275140368037551 0
vt 0.56560497698787637 0.95832101450258211 0
vt 0.79126588571050405 0.94470308730153352 0
vt 0.78030641542867818 0.95832099799814385 0
vt 0.7665527761878842 0.96704599756636866 0
vt 0.75134043387067762 0.97004951197601619 0
vt 0.5945709604116074 0.9700495241012671 0
vt 0.5793585620861742 0.96704601205918017 0
vt 0.55464554774613162 0.94470310532535196 0
vt 0.54754843842168155 0.92751405575363977 0
vt 0.54500654795704406 0.90842860851478247 0
vt 0.48278330574309958 0.8917996613210194 0
vt 0.4756862072458678 0.90898872774186756 0
vt 0.46472678670564155 0.92260663152225397 0
vt 0.45097314626476775 0.93133150843456625 0
vt 0.4357608115217329 0.9343350174844921 0
vt 0.27899133806155663 0.93433509780376589 0
vt 0.2637789940680863 0.93133160434972573 0
vt 0.25002535082519806 0.92260674156146183 0
vt 0.23906589779029949 0.90898884912624389 0
vt 0.23196875074475146 0.8917997901983894 0
vt 0.2294268262438536 0.87271410956945861 0
vt 0.80014825381984034 0.94749699156842393 0
vt 0.5457631800643028 0.94749701095128358 0
vt 0.80777822028118051 0.92901743942122039 0
vt 0.78836597266399377 0.96213729626963096 0
vt 0.77357974680486696 0.9715173222073209 0
vt 0.75722531956657702 0.97474634177995767 0
vt 0.57233159215902152 0.97151733778416027 0
vt 0.58868606926872336 0.97474635481549721 0
vt 0.55754541417593839 0.96213731402970426 0
vt 0.53813324156287012 0.92901745981215167 0
vt 0.49493123002598283 0.87278449447393613 0
vt 0.4921985037364815 0.89330303471684436 0
vt 0.48456857652243468 0.91178265240932976 0
vt 0.47278635193197621 0.92642292595043763 0
vt 0.45800013112568499 0.93580286665902623 0
vt 0.44164570543382065 0.93903186913227388 0
vt 0.25675202613369597 0.93580296977231148 0
vt 0.27310645513577803 0.9390319554816694 0
vt 0.24196579568651899 0.92642304426080957 0
vt 0.23018355603078092 0.91178278284371628 0
vt 0.22255357893486929 0.89330317319451547 0
vt 0.81051094874353702 0.9084991103369543 0
vt 0.55316337478121658 0.83390949291865402 0
vt 0.77181468769089179 0.84644148105336925 0
vt 0.54536791056028444 0.81759083297103852 0
vt 0.56441851975069279 0.84664930102638458 0
vt 0.57807974772208537 0.85466562769424359 0
vt 0.59291865361507334 0.85734182817200189 0
vt 0.75817426581439207 0.85449188133826992 0
vt 0.74334042824057445 0.85719670884224552 0
vt 0.78303843668262507 0.83367364102490293 0
vt 0.79079326441481979 0.81733558476086732 0
vt 0.24543561758146137 0.80779388248497896 0
vt 0.24901345503956973 0.82617338859381484 0
vt 0.25679331319146625 0.8424994929343731 0
vt 0.26803650145332342 0.85525013618329748 0
vt 0.28168921614326198 0.86327965823905528 0
vt 0.29652565699963329 0.86597021016762976 0
vt 0.4617838175195898 0.86327959360430928 0
vt 0.44694750162699887 0.86597015596318905 0
vt 0.47543728953497494 0.85525007718105805 0
vt 0.48668003490093636 0.84249941249204663 0
vt 0.49445971478861045 0.82617329517651406 0
vt 0.54177196622345603 0.79921493928938758 0
vt 0.53543892835988705 0.81980841962212592 0
vt 0.792345397729873 0.83718857035873218 0
vt 0.54386521360285445 0.8374476352077681 0
vt 0.55603113496555889 0.8512181837183519 0
vt 0.5707979148650163 0.85988318993405022 0
vt 0.58683763989317872 0.86277620481566897 0
vt 0.74943200268661536 0.86261934198773371 0
vt 0.76517917479820641 0.85989482962718111 0
vt 0.78021341699975366 0.85098941930233785 0
vt 0.8007277973711554 0.81952839073074224 0
vt 0.80456477577547159 0.79965579053505209 0
vt 0.23908228103170232 0.82838130688249878 0
vt 0.24749173855951684 0.84602867169876106 0
vt 0.25964474869473109 0.85981111037446811 0
vt 0.27440229635508351 0.86849037534467455 0
vt 0.29043931882472551 0.87139880281301585 0
vt 0.45303375728479445 0.87139874422218766 0
vt 0.46907067927082424 0.86849030558386198 0
vt 0.48382907531078356 0.85981104721973167 0
vt 0.49598161170340943 0.84602858553576221 0
vt 0.5043908420905876 0.82838120501727763 0
vt 0.50825865867027786 0.80851447256455089 0
vt 0.52060837373527347 0.87546250100656697 0
vt 0.53532305462353313 0.88962586678418554 0
vt 0.55160715846936903 0.89979325616405181 0
vt 0.7892003168274786 0.89990353425117664 0
vt 0.56852353791116772 0.90560779257969226 0
vt 0.58546412013421545 0.90733156728635822 0
vt 0.80561679537675923 0.88995066404152989 0
vt 0.75533683637027638 0.90718776402470458 0
vt 0.77190642743680637 0.90533277656167943 0
vt 0.82051606698422386 0.87598152523692119 0
vt 0.83288929361744701 0.85883387528964839 0
vt 0.52059368262466632 0.84883122732243865 0
vt 0.53529675003258403 0.86300677244730073 0
vt 0.55157272790658463 0.87318755749984556 0
vt 0.56848342820208975 0.87901634146103369 0
vt 0.58542266358208761 0.88075432298771861 0
vt 0.75529544068543042 0.88075426920270916 0
vt 0.77223455317794598 0.87901627642390434 0
vt 0.78914608618704252 0.87318754687330169 0
vt 0.80542165412028177 0.86300668648736167 0
vt 0.82012450710413931 0.84883107274767367 0
vt 0.83225780581287057 0.83151268050301241 0
vt 0.078670742492283813 0.59897516764416114 0
vt 0.086852908146914778 0.57243566943031832 0
vt 0.32427040080396091 0.82572873595092489 0
vt 0.078355964660844588 0.62507830242941342 0
vt 0.34977948235110362 0.82018253975271993 0
vt 0.085939299333401761 0.64819004639495259 0
vt 0.10067846675161862 0.66604792810850044 0
vt 0.30010709628800014 0.82293725514136185 0
vt 0.27965489282595279 0.81208123158870027 0
vt 0.37413732083283852 0.80684135480204144 0
vt 0.3103344534633411 0.80454092071615824 0
vt 0.32610683786893507 0.78049857545185763 0
vt 0.33486122153322634 0.75414230370755564 0
vt 0.3357406640806459 0.72805211577646811 0
vt 0.32865906644983989 0.70478180681211766 0
vt 0.31430963782523297 0.68660927236974123 0
vt 0.11832182221223743 0.52544228059216325 0
vt 0.13853433315322511 0.53673824037385565 0
vt 0.094224577083096769 0.52212862004177463 0
vt 0.0686015704510618 0.52712174037561255 0
vt 0.04396077534699204 0.53993280517736064 0
vt 0.10210152343498832 0.54805783771886318 0
vt 0.066099988343771787 0.59390117085675298 0
vt 0.28185912445026318 0.82231770325986198 0
vt 0.012000000000000455 0.55017243472199984 0
vt 0.07482673453824118 0.56536183365078274 0
vt 0.090207894214928697 0.66594257117587663 0
vt 0.065879463626843326 0.62196548593230505 0
vt 0.30383107990966413 0.83415758996887945 0
vt 0.074199955486135949 0.64679329615607817 0
vt 0.32982346998315121 0.83732689427620177 0
vt 0.35727274674980858 0.83147949735684479 0
vt 0.38348046019222032 0.81720351008040371 0
vt 0.40586909593083442 0.79591269417404098 0
vt 0.33797722636874017 0.78783088111777244 0
vt 0.34731942510235009 0.75948693302822401 0
vt 0.34814712550474108 0.73143393169256876 0
vt 0.34036556034278187 0.70643208932873092 0
vt 0.32477562151877565 0.68694096539207827 0
vt 0.13655221029227144 0.526456323144185 0
vt 0.11484157969481007 0.51414391902758805 0
vt 0.088923939581813119 0.51041285899998512 0
vt 0.061354614272009993 0.51566518916304505 0
vt 0.034844018186486053 0.52937087260203097 0
vt 0.9347704142630725 0.31715699952429394 0
vt 0.4738239739443682 0.44949922758697369 0
vt 0.64035375671571526 0.59830000981304265 0
vt 0.49306663952538349 0.59731653227874926 0
vt 0.67425749710827576 0.31568546798030261 0
vt 0.3594882938349932 0.55591974700947744 0
vt 0.73395544937321455 0.45831009555565044 0
vt 0.62303899315157152 0.46377694272253217 0
vt 0.012000000000000455 0.49886725965137596 0
vt 0.21243332561078387 0.36505350567966161 0
vt 0.45312568056350172 0.41593316246358603 0
vt 0.80479782193783178 0.45069662140801459 0
vt 0.39495963442458959 0.78701130401024733 0
vt 0.32104879242249285 0.81367623887552409 0
vt 0.022714311613319972 0.55930779446893597 0
vt 0.09119208836578177 0.53915640538895471 0
vt 0.51539744156995893 0.82756234635525205 0
vt 0.50846077199019579 0.83151264805437441 0
vt 0.51539415622386486 0.85419813882818252 0
vt 0.50846077199019579 0.85815421326694907 0
vt 0.79434298906680434 0.79895075315864983 0
vt 0.23521492073977818 0.80851454696320924 0
vt 0.49803796143568763 0.80779381365878411 0
vt 0.53155197068741422 0.79994548187054904 0
vt 0.90964407854385887 0.27929431633753166 0
vt 0.88355099970603357 0.29156216404687957 0
vt 0.93497253936723446 0.26229645107748578 0
vt 0.85789071950280904 0.29979039797559881 0
vt 0.52979669129830353 0.30392344570055518 0
vt 0.83309649350658777 0.30394026372982608 0
vt 0.50503476326679975 0.29989377364146924 0
vt 0.80853608057200921 0.30411180475980609 0
vt 0.55421242489379896 0.3041398686316934 0
vt 0.47930879690055234 0.29179568783695459 0
vt 0.4530842406091195 0.27965886170652965 0
vt 0.51932507045103982 0.12775789181819558 0
vt 0.49398095901129829 0.14473206000691724 0
vt 0.46788059296609874 0.15698093082864117 0
vt 0.44222158459152866 0.16519745243966208 0
vt 0.41743919408449809 0.16934805480244533 0
vt 0.39290252561297706 0.16956649860633474 0
vt 0.13859923094563539 0.16943597793551074 0
vt 0.11415569231393892 0.1692717283462426 0
vt 0.08938177672536432 0.16524939077068121 0
vt 0.063652923692193719 0.15714689608920637 0
vt 0.03743210495058881 0.14499839207175313 0
vt 0.93287602944255876 0.82820162361577321 0
vt 0.51064864931660736 0.90874377852201493 0
vt 0.51064328921627189 0.89013299327273609 0
vt 0.046636798045828043 0.90935414877893472 0
vt 0.44650369146077679 0.79111869892444087 0
vt 0.55152626412037042 0.75986328934689795 0
vt 0.4735901080214302 0.77764249731359703 0
vt 0.80129367096490056 0.75986117135551723 0
vt 0.4199445103175255 0.80745829352265031 0
vt 0.50033385289619026 0.76781885767903291 0
vt 0.82653856004104209 0.76192731093626975 0
vt 0.52628142406718503 0.76192749194698961 0
vt 0.85248603325403849 0.76781875889251161 0
vt 0.87922983601988913 0.77764237590900409 0
vt 0.90631620770442434 0.79111857342619341 0
vt 0.51192113504751002 0.89073978331623604 0
vt 0.44650395724832348 0.81186134710512148 0
vt 0.41994451031752533 0.82820070570448134 0
vt 0.47359053017804803 0.7983855095351432 0
vt 0.50033432946886014 0.78856209563656965 0
vt 0.52628184612572726 0.78267087866681839 0
vt 0.5515266719812828 0.78060678430758668 0
vt 0.80129405303744849 0.78060511885010464 0
vt 0.82653891028538085 0.78267123685227191 0
vt 0.85248641896965549 0.78856262932369348 0
vt 0.87923013709871711 0.79838616779435501 0
vt 0.90631666791084353 0.81186211551629028 0
vt 0.51192652862700172 0.90935060589169336 0
vt 0.92957760139519063 0.83324439824372776 0
vt 0.93043723016462254 0.83211781061660495 0
vt 0.012000000000000455 0.12819309642422286 0
vt 0.92313194776891905 0.24921692269259718 0
vt 0.86923831630711101 0.1663116994537506 0
vt 0.91578194110692124 0.23737067722792984 0
vt 0.85281579256905238 0.14679669756495553 0
vt 0.9017947392294885 0.21591527529191223 0
vt 0.88335141419438723 0.18716400290103263 0
vt 0.42764157654993146 0.26286992834837125 0
vt 0.50749734415147052 0.11466566443844856 0
vt 0.45366664762652248 0.031674218631566387 0
vt 0.50015787869933492 0.10280993741349687 0
vt 0.43725622075318626 0.012140703385492221 0
vt 0.48618826541862725 0.081333722240266165 0
vt 0.46776648607155891 0.052549597087188399 0
vt 0.53540050380361726 0.90849913118711501 0
vt 0.48532518582781237 0.87271397789264737 0
vt 0.21982078827496596 0.87278463607121615 0
vt 0.80090491073544257 0.90842858917587355 0
vt 0.93043652770588137 0.81137441324106996 0
vt 0.4232428774968458 0.83324346577859654 0
#end 584 textures vertices 

#begin 1072 normals 
vn 0.90574399999999999 -0.35131400000000002 -0.23707900000000001
vn 0.81154400000000004 -0.33759699999999998 -0.47689100000000001
vn 0.81795899999999999 -0.33856700000000001 -0.46509800000000001
vn 0.90707800000000005 -0.35149900000000001 -0.23164100000000001
vn 0.63201399999999996 -0.30850100000000003 -0.71090500000000001
vn 0.65022599999999997 -0.31160900000000002 -0.69289599999999996
vn 0.34641699999999997 -0.25566899999999998 -0.90256800000000004
vn 0.38436799999999999 -0.263098 -0.88489600000000002
vn 0.190279 -0.22176699999999999 -0.95635400000000004
vn 0.190279 -0.22176699999999999 -0.95635400000000004
vn -0.19659699999999999 -0.224051 -0.954542
vn -0.34675699999999998 -0.25669900000000001 -0.90214499999999997
vn -0.38362299999999999 -0.26395000000000002 -0.884965
vn -0.19659699999999999 -0.224051 -0.954542
vn -0.62812100000000004 -0.30860500000000002 -0.71430099999999996
vn -0.64714499999999997 -0.311753 -0.69571099999999997
vn -0.81154099999999996 -0.33759699999999998 -0.47689500000000001
vn -0.81795600000000002 -0.33856700000000001 -0.46510200000000002
vn -0.90574399999999999 -0.35131400000000002 -0.23707800000000001
vn -0.90707800000000005 -0.35149900000000001 -0.23164000000000001
vn -0.93475600000000003 -0.35529100000000002 -0
vn -0.93475600000000003 -0.35528999999999999 0
vn -0.90574399999999999 -0.35131400000000002 0.23707900000000001
vn -0.90707800000000005 -0.35149900000000001 0.23164100000000001
vn -0.81154000000000004 -0.33759699999999998 0.47689700000000002
vn -0.81795600000000002 -0.33856700000000001 0.46510299999999999
vn -0.63201499999999999 -0.308502 0.71090299999999995
vn -0.650227 -0.31161 0.69289500000000004
vn -0.34641899999999998 -0.25567000000000001 0.90256700000000001
vn -0.38437100000000002 -0.263098 0.88489499999999999
vn -0.190276 -0.22176599999999999 0.95635499999999996
vn -0.190276 -0.22176599999999999 0.95635499999999996
vn 0.190276 -0.22176599999999999 0.95635499999999996
vn 0.346416 -0.25566899999999998 0.90256800000000004
vn 0.38436799999999999 -0.26309700000000003 0.88489600000000002
vn 0.190276 -0.22176599999999999 0.95635499999999996
vn 0.63201399999999996 -0.30850100000000003 0.71090399999999998
vn 0.650227 -0.31160900000000002 0.69289599999999996
vn 0.81154499999999996 -0.33759699999999998 0.47688900000000001
vn 0.81796000000000002 -0.33856700000000001 0.46509600000000001
vn 0.90574399999999999 -0.35131299999999999 0.23708099999999999
vn 0.90707800000000005 -0.35149900000000001 0.23164299999999999
vn 0.93475600000000003 -0.35528999999999999 3.0000000000000001e-006
vn 0.93475600000000003 -0.35528999999999999 3.0000000000000001e-006
vn 0 -1 0
vn 0 -1 0
vn 0 -1 0
vn 0 -1 3.0000000000000001e-006
vn 0 -1 1.9999999999999999e-006
vn 0 -1 0
vn 0 -1 0
vn 0 -1 0
vn 0 -1 -0
vn 0 -1 0
vn 0 -1 0
vn 0 -1 0
vn 0 -1 0
vn 0 -1 -6.0000000000000002e-006
vn 0 -1 1.9999999999999999e-006
vn 0 -1 3.9999999999999998e-006
vn 0 -1 0
vn 0 -1 0
vn 0 -1 0
vn 0 -1 0
vn 0 -1 3.9999999999999998e-006
vn 0 -1 1.9999999999999999e-006
vn 0 -1 -6.0000000000000002e-006
vn 0 -1 0
vn 0 -0.18255199999999999 -0.98319599999999996
vn 0 -0.18255199999999999 -0.98319599999999996
vn 0 -0.18255199999999999 -0.98319599999999996
vn 0 -0.18255199999999999 -0.98319599999999996
vn 0 -0.18255199999999999 0.98319599999999996
vn 0 -0.18255199999999999 0.98319599999999996
vn 0 -0.18255199999999999 0.98319599999999996
vn 0 -0.18255199999999999 0.98319599999999996
vn 0 -1 0
vn 0 -1 0
vn 0 -1 0
vn 0 -1 0
vn 0 -1 0
vn 0 -1 0
vn 0 -1 0
vn 0 -1 0
vn 0.62904000000000004 -0.73431000000000002 -0.25514199999999998
vn 0.62904000000000004 -0.73431000000000002 -0.25514199999999998
vn 0.62904000000000004 -0.73431000000000002 -0.25514199999999998
vn 0.62904000000000004 -0.73431000000000002 -0.25514199999999998
vn 0.55003500000000005 -0.71116000000000001 -0.43785099999999999
vn 0.55003500000000005 -0.71116000000000001 -0.43785099999999999
vn 0.55003500000000005 -0.71115899999999999 -0.43785099999999999
vn 0.55003500000000005 -0.71116000000000001 -0.43785099999999999
vn 0.40472799999999998 -0.66059100000000004 -0.63230900000000001
vn 0.40472799999999998 -0.66059100000000004 -0.63230900000000001
vn 0.40472799999999998 -0.66059100000000004 -0.63230900000000001
vn 0.40472799999999998 -0.66059100000000004 -0.63230900000000001
vn 0.162102 -0.55676400000000004 -0.81470100000000001
vn 0.162102 -0.55676400000000004 -0.81470100000000001
vn 0.162102 -0.55676400000000004 -0.81470100000000001
vn 0.162102 -0.55676400000000004 -0.81470100000000001
vn -0.16775200000000001 -0.534578 -0.82830300000000001
vn -0.16775200000000001 -0.534578 -0.82830300000000001
vn -0.16775200000000001 -0.534578 -0.82830300000000001
vn -0.16775200000000001 -0.534578 -0.82830300000000001
vn -0.40712700000000002 -0.64167099999999999 -0.65000500000000005
vn -0.40712700000000002 -0.64167099999999999 -0.65000500000000005
vn -0.40712700000000002 -0.64167099999999999 -0.65000500000000005
vn -0.40712700000000002 -0.64167099999999999 -0.65000500000000005
vn -0.55002200000000001 -0.71115300000000004 -0.43787799999999999
vn -0.55002200000000001 -0.71115300000000004 -0.43787799999999999
vn -0.55002200000000001 -0.71115300000000004 -0.43787799999999999
vn -0.55002200000000001 -0.71115300000000004 -0.43787799999999999
vn -0.62903600000000004 -0.73431299999999999 -0.25514399999999998
vn -0.62903600000000004 -0.73431299999999999 -0.25514399999999998
vn -0.62903600000000004 -0.73431299999999999 -0.25514399999999998
vn -0.62903600000000004 -0.73431299999999999 -0.25514399999999998
vn -0.66365099999999999 -0.74334999999999996 -0.083656999999999995
vn -0.66365099999999999 -0.74334999999999996 -0.083656999999999995
vn -0.66365099999999999 -0.74334999999999996 -0.083656999999999995
vn -0.66365099999999999 -0.74334999999999996 -0.083656999999999995
vn -0.66365200000000002 -0.74334999999999996 0.083653000000000005
vn -0.66365200000000002 -0.74334999999999996 0.083653000000000005
vn -0.66365200000000002 -0.74334999999999996 0.083653000000000005
vn -0.66365200000000002 -0.74334999999999996 0.083653000000000005
vn -0.62903600000000004 -0.73431100000000005 0.25514700000000001
vn -0.62903600000000004 -0.73431100000000005 0.25514700000000001
vn -0.62903600000000004 -0.73431100000000005 0.25514700000000001
vn -0.62903600000000004 -0.73431100000000005 0.25514700000000001
vn -0.55003199999999997 -0.71115300000000004 0.43786399999999998
vn -0.55003199999999997 -0.71115399999999995 0.43786399999999998
vn -0.55003199999999997 -0.71115399999999995 0.43786399999999998
vn -0.55003199999999997 -0.71115399999999995 0.43786399999999998
vn -0.40475299999999997 -0.66058600000000001 0.63229800000000003
vn -0.40475299999999997 -0.66058600000000001 0.63229900000000006
vn -0.40475299999999997 -0.66058600000000001 0.63229800000000003
vn -0.40475299999999997 -0.66058600000000001 0.63229900000000006
vn -0.16209599999999999 -0.556732 0.814724
vn -0.16209599999999999 -0.556732 0.81472299999999997
vn -0.16209599999999999 -0.556732 0.814724
vn -0.16209599999999999 -0.556732 0.814724
vn 0.16209799999999999 -0.55673499999999998 0.81472100000000003
vn 0.16209799999999999 -0.55673499999999998 0.81472100000000003
vn 0.16209799999999999 -0.55673499999999998 0.81472100000000003
vn 0.16209799999999999 -0.55673499999999998 0.81472100000000003
vn 0.40473500000000001 -0.66057299999999997 0.63232299999999997
vn 0.40473500000000001 -0.66057299999999997 0.63232299999999997
vn 0.40473500000000001 -0.66057299999999997 0.63232299999999997
vn 0.40473500000000001 -0.66057299999999997 0.63232299999999997
vn 0.55004200000000003 -0.71115899999999999 0.43784299999999998
vn 0.55004200000000003 -0.71115899999999999 0.43784299999999998
vn 0.55004200000000003 -0.71115899999999999 0.43784299999999998
vn 0.55004200000000003 -0.71115899999999999 0.43784299999999998
vn 0.62904000000000004 -0.73430899999999999 0.25514500000000001
vn 0.62904000000000004 -0.73430899999999999 0.25514500000000001
vn 0.62904000000000004 -0.73430899999999999 0.25514500000000001
vn 0.62904000000000004 -0.73430899999999999 0.25514500000000001
vn 0.66364900000000004 -0.74334900000000004 0.083678000000000002
vn 0.66364900000000004 -0.74334900000000004 0.083678000000000002
vn 0.66364900000000004 -0.74334900000000004 0.083678000000000002
vn 0.66364900000000004 -0.74334900000000004 0.083678000000000002
vn 0.66365099999999999 -0.74334800000000001 -0.083674999999999999
vn 0.66365099999999999 -0.74334800000000001 -0.083674999999999999
vn 0.66365099999999999 -0.74334800000000001 -0.083674999999999999
vn 0.66365099999999999 -0.74334800000000001 -0.083674999999999999
vn 0 -0.48000500000000001 -0.87726599999999999
vn 0 -0.48000500000000001 -0.87726599999999999
vn 0 -0.48000500000000001 -0.87726599999999999
vn 0 -0.48000500000000001 -0.87726599999999999
vn 0 -0.47998000000000002 0.87727999999999995
vn 0 -0.47998000000000002 0.87727999999999995
vn 0 -0.47998000000000002 0.87727999999999995
vn 0 -0.47998000000000002 0.87727999999999995
vn 0.225103 -0.97004800000000002 -0.091304999999999997
vn 0.225103 -0.97004800000000002 -0.091304999999999997
vn 0.225103 -0.97004800000000002 -0.091304999999999997
vn 0.225103 -0.97004800000000002 -0.091304999999999997
vn 0.20238600000000001 -0.96596300000000002 -0.161108
vn 0.20238600000000001 -0.96596300000000002 -0.161108
vn 0.20238600000000001 -0.96596300000000002 -0.161108
vn 0.20238600000000001 -0.96596300000000002 -0.161108
vn 0.15862899999999999 -0.95572800000000002 -0.247832
vn 0.15862899999999999 -0.95572800000000002 -0.247832
vn 0.15862899999999999 -0.95572800000000002 -0.247832
vn 0.15862899999999999 -0.95572800000000002 -0.247832
vn 0.073125999999999997 -0.92713199999999996 -0.36753200000000003
vn 0.073125999999999997 -0.92713199999999996 -0.36753200000000003
vn 0.073125999999999997 -0.92713199999999996 -0.36753200000000003
vn 0.073125999999999997 -0.92713199999999996 -0.36753200000000003
vn -0.070764999999999995 -0.92822400000000005 -0.36523099999999997
vn -0.070764999999999995 -0.92822400000000005 -0.36523099999999997
vn -0.070764999999999995 -0.92822300000000002 -0.36523099999999997
vn -0.070764999999999995 -0.92822300000000002 -0.36523099999999997
vn -0.15851399999999999 -0.95592500000000002 -0.247144
vn -0.15851399999999999 -0.95592500000000002 -0.247144
vn -0.15851399999999999 -0.95592500000000002 -0.247144
vn -0.15851399999999999 -0.95592500000000002 -0.247144
vn -0.20238400000000001 -0.96596199999999999 -0.16111400000000001
vn -0.20238400000000001 -0.96596199999999999 -0.16111400000000001
vn -0.20238400000000001 -0.96596199999999999 -0.16111400000000001
vn -0.20238400000000001 -0.96596199999999999 -0.16111400000000001
vn -0.225102 -0.97004699999999999 -0.091311000000000003
vn -0.225102 -0.97004699999999999 -0.091311000000000003
vn -0.225102 -0.97004699999999999 -0.091311000000000003
vn -0.225102 -0.97004699999999999 -0.091311000000000003
vn -0.23496500000000001 -0.971553 -0.029616
vn -0.23496500000000001 -0.971553 -0.029616
vn -0.23496500000000001 -0.971553 -0.029616
vn -0.23496500000000001 -0.971553 -0.029616
vn -0.23496500000000001 -0.971553 0.029614999999999999
vn -0.23496500000000001 -0.971553 0.029614999999999999
vn -0.23496500000000001 -0.971553 0.029614999999999999
vn -0.23496500000000001 -0.971553 0.029614999999999999
vn -0.225101 -0.97004800000000002 0.091304999999999997
vn -0.225101 -0.97004800000000002 0.091304999999999997
vn -0.225101 -0.97004800000000002 0.091304999999999997
vn -0.225101 -0.97004800000000002 0.091304999999999997
vn -0.20238300000000001 -0.96596300000000002 0.16111200000000001
vn -0.20238300000000001 -0.96596300000000002 0.16111200000000001
vn -0.20238300000000001 -0.96596300000000002 0.16111200000000001
vn -0.20238300000000001 -0.96596300000000002 0.16111200000000001
vn -0.15862999999999999 -0.95573399999999997 0.247809
vn -0.15862999999999999 -0.95573399999999997 0.247809
vn -0.15862999999999999 -0.95573399999999997 0.247809
vn -0.15862999999999999 -0.95573399999999997 0.247809
vn -0.073123999999999995 -0.92713400000000001 0.36752699999999999
vn -0.073123999999999995 -0.92713400000000001 0.36752699999999999
vn -0.073123999999999995 -0.92713400000000001 0.36752699999999999
vn -0.073123999999999995 -0.92713400000000001 0.36752699999999999
vn 0.073123999999999995 -0.92713100000000004 0.36753400000000003
vn 0.073123999999999995 -0.92713100000000004 0.36753400000000003
vn 0.073123999999999995 -0.92713100000000004 0.36753400000000003
vn 0.073123999999999995 -0.92713100000000004 0.36753400000000003
vn 0.15862499999999999 -0.95572999999999997 0.24782799999999999
vn 0.15862499999999999 -0.95572999999999997 0.24782799999999999
vn 0.15862499999999999 -0.95572999999999997 0.24782799999999999
vn 0.15862499999999999 -0.95572999999999997 0.24782799999999999
vn 0.20238500000000001 -0.96596300000000002 0.161107
vn 0.20238500000000001 -0.96596300000000002 0.161107
vn 0.20238500000000001 -0.96596300000000002 0.161107
vn 0.20238500000000001 -0.96596300000000002 0.161107
vn 0.225103 -0.97004800000000002 0.091299000000000005
vn 0.225103 -0.97004800000000002 0.091299000000000005
vn 0.225103 -0.97004800000000002 0.091299000000000005
vn 0.225103 -0.97004800000000002 0.091299000000000005
vn 0.23496500000000001 -0.97155199999999997 0.029621000000000001
vn 0.23496500000000001 -0.97155199999999997 0.029621000000000001
vn 0.23496500000000001 -0.97155199999999997 0.029621000000000001
vn 0.23496500000000001 -0.97155199999999997 0.029621000000000001
vn 0.23496500000000001 -0.97155199999999997 -0.029621999999999999
vn 0.23496500000000001 -0.97155199999999997 -0.029621999999999999
vn 0.23496500000000001 -0.97155199999999997 -0.029621999999999999
vn 0.23496500000000001 -0.97155199999999997 -0.029621999999999999
vn 0 -0.89618900000000001 -0.44367200000000001
vn 0 -0.89618900000000001 -0.44367200000000001
vn 0 -0.89618900000000001 -0.44367200000000001
vn 0 -0.89618900000000001 -0.44367200000000001
vn 0 -0.89619199999999999 0.44366699999999998
vn 0 -0.89619199999999999 0.44366699999999998
vn 0 -0.89619199999999999 0.44366699999999998
vn 0 -0.89619199999999999 0.44366699999999998
vn 0.63801099999999999 -0.75085000000000002 -0.17078199999999999
vn 0.64011700000000005 -0.75089399999999995 -0.16250800000000001
vn 0.660103 -0.75117500000000004 1.2999999999999999e-005
vn 0.660103 -0.75117500000000004 1.2999999999999999e-005
vn 0.56807399999999997 -0.74767899999999998 -0.34390100000000001
vn 0.578094 -0.74831300000000001 -0.325324
vn 0.43881799999999999 -0.73354900000000001 -0.51898500000000003
vn 0.46782499999999999 -0.73757600000000001 -0.486952
vn 0.23299 -0.68795600000000001 -0.68733699999999998
vn 0.30037399999999997 -0.70581099999999997 -0.64156599999999997
vn 0.0067520000000000002 -0.60595399999999999 -0.79547100000000004
vn 0.020225 -0.110914 -0.99362399999999995
vn -0.0067530000000000003 -0.60595699999999997 -0.79546899999999998
vn -0.020225 -0.110916 -0.99362399999999995
vn -0.23300100000000001 -0.68798700000000002 -0.68730199999999997
vn -0.30038100000000001 -0.70582 -0.64155300000000004
vn -0.43882700000000002 -0.73353999999999997 -0.51898999999999995
vn -0.46783000000000002 -0.737568 -0.48695899999999998
vn -0.56806999999999996 -0.747672 -0.34392299999999998
vn -0.57808700000000002 -0.74830600000000003 -0.32535199999999997
vn -0.63802199999999998 -0.75083299999999997 -0.17081199999999999
vn -0.64012999999999998 -0.75087599999999999 -0.16253699999999999
vn -0.66012400000000004 -0.75115600000000005 -0
vn -0.66012400000000004 -0.75115600000000005 -0
vn -0.63802400000000004 -0.75083200000000005 0.17081099999999999
vn -0.64013200000000003 -0.75087499999999996 0.16253699999999999
vn -0.56808499999999995 -0.74765400000000004 0.34393600000000002
vn -0.57810399999999995 -0.74829100000000004 0.32535599999999998
vn -0.43884299999999998 -0.73350700000000002 0.51902199999999998
vn -0.467858 -0.73753800000000003 0.48697800000000002
vn -0.23299900000000001 -0.687913 0.68737700000000002
vn -0.30038999999999999 -0.70576700000000003 0.64160700000000004
vn -0.0067520000000000002 -0.60589099999999996 0.79551899999999998
vn -0.020225 -0.11089599999999999 0.99362600000000001
vn 0.0067530000000000003 -0.60589400000000004 0.795516
vn 0.020225 -0.110899 0.99362600000000001
vn 0.23300199999999999 -0.68794299999999997 0.68734600000000001
vn 0.30038399999999998 -0.70577500000000004 0.64160099999999998
vn 0.43882900000000002 -0.73350199999999999 0.51903999999999995
vn 0.46785100000000002 -0.73753599999999997 0.486987
vn 0.56808400000000003 -0.74766699999999997 0.34391100000000002
vn 0.57810399999999995 -0.74830600000000003 0.32532299999999997
vn 0.63801699999999995 -0.75084200000000001 0.170795
vn 0.64012400000000003 -0.75088500000000002 0.162524
vn 0.63297099999999995 0.75534000000000001 -0.16972999999999999
vn 0.63652200000000003 0.75461400000000001 -0.15936900000000001
vn 0.66238600000000003 0.74916300000000002 0
vn 0.66238600000000003 0.74916300000000002 -0
vn 0.54507899999999998 0.77192300000000003 -0.32714599999999999
vn 0.55685399999999996 0.76986900000000003 -0.31179400000000002
vn 0.40183999999999997 0.79314499999999999 -0.45765099999999997
vn 0.41977100000000001 0.790883 -0.44530500000000001
vn 0.21393000000000001 0.81015400000000004 -0.54578700000000002
vn 0.228182 0.80929300000000004 -0.54127400000000003
vn 0.0092910000000000006 0.81527899999999998 -0.57899400000000001
vn 0.011193 0.81528400000000001 -0.57895300000000005
vn -0.0092910000000000006 0.81527899999999998 -0.57899400000000001
vn -0.011193 0.81528400000000001 -0.57895300000000005
vn -0.21393499999999999 0.81016100000000002 -0.54577600000000004
vn -0.22819200000000001 0.80930000000000002 -0.54125999999999996
vn -0.40184700000000001 0.79315199999999997 -0.45763500000000001
vn -0.41978100000000002 0.79088800000000004 -0.44528699999999999
vn -0.54507300000000003 0.77193400000000001 -0.32712799999999997
vn -0.55684599999999995 0.76988199999999996 -0.31177500000000002
vn -0.63296600000000003 0.75534699999999999 -0.16972100000000001
vn -0.636517 0.75461900000000004 -0.159363
vn -0.66239800000000004 0.74915200000000004 -0
vn -0.66239800000000004 0.74915200000000004 -0
vn -0.63297400000000004 0.75534000000000001 0.16972200000000001
vn -0.63652399999999998 0.75461299999999998 0.15936500000000001
vn -0.54509799999999997 0.77191500000000002 0.32713399999999998
vn -0.55686199999999997 0.76986500000000002 0.31179099999999998
vn -0.40185700000000002 0.79313900000000004 0.45764700000000003
vn -0.41979 0.79087399999999997 0.445303
vn -0.21393999999999999 0.81015400000000004 0.54578400000000005
vn -0.22819300000000001 0.80929399999999996 0.541269
vn -0.0092919999999999999 0.81526500000000002 0.57901400000000003
vn -0.011193 0.81527000000000005 0.57897299999999996
vn 0.0092919999999999999 0.81526500000000002 0.57901400000000003
vn 0.011193 0.81527000000000005 0.57897299999999996
vn 0.21393899999999999 0.81015599999999999 0.54578099999999996
vn 0.22819200000000001 0.80929700000000004 0.541265
vn 0.40185399999999999 0.79314499999999999 0.45763999999999999
vn 0.41978199999999999 0.79088000000000003 0.445301
vn 0.54509399999999997 0.77192400000000005 0.32711800000000002
vn 0.55685700000000005 0.76987499999999998 0.31177300000000002
vn 0.63296300000000005 0.75535399999999997 0.16969799999999999
vn 0.63651199999999997 0.75462700000000005 0.15934300000000001
vn 0 1 0
vn 0 1 0
vn 0 1 -0
vn 0 1 0
vn 0 1 0
vn 0 1 0
vn 0 1 0
vn 0 1 0
vn 0 1 -0
vn 0 1 0
vn 0 1 -3.9999999999999998e-006
vn 0 1 -5.0000000000000004e-006
vn 0 1 0
vn 0 1 0
vn 0 1 0
vn 0 1 0
vn 0 1 0
vn 0 1 0
vn 0 1 0
vn 0 1 0
vn 0 1 0
vn 0 1 0
vn 0 1 -3.9999999999999998e-006
vn 0 1 -5.0000000000000004e-006
vn 0 -1 -3.0000000000000001e-006
vn 0 -1 -3.0000000000000001e-006
vn 0 -1 -3.9999999999999998e-006
vn 0 -1 -3.0000000000000001e-006
vn 0 -1 5.0000000000000004e-006
vn 0 -1 3.0000000000000001e-006
vn 0 -1 -0
vn 0 -1 5.0000000000000004e-006
vn 0 -1 1.2999999999999999e-005
vn 0 -1 7.9999999999999996e-006
vn 0 -1 1.4e-005
vn 0 -1 3.9999999999999998e-006
vn 0 -1 9.9999999999999995e-007
vn 0 -1 1.2e-005
vn 0 -1 -3.0000000000000001e-006
vn 0 -1 -5.0000000000000004e-006
vn 0 -1 -3.9999999999999998e-006
vn 0 -1 -3.0000000000000001e-006
vn 0 -1 0
vn 0 -1 0
vn 0 -1 0
vn 0 -1 0
vn 0 -1 3.0000000000000001e-006
vn 0 -1 3.0000000000000001e-006
vn 0 -1 3.0000000000000001e-006
vn 0 -1 3.9999999999999998e-006
vn 0 -1 0
vn 0 -1 0
vn 0 -1 -1.1e-005
vn 0 -1 -3.9999999999999998e-006
vn 0 -1 -2.6999999999999999e-005
vn 0 -1 -2.5000000000000001e-005
vn 0 -1 -2.6999999999999999e-005
vn 0 -1 -9.0000000000000002e-006
vn 0 -1 -1.1e-005
vn 0 -1 -2.0999999999999999e-005
vn 0 -1 -3.9999999999999998e-006
vn 0 -1 9.9999999999999995e-007
vn 0 -1 6.0000000000000002e-006
vn 0 -1 6.0000000000000002e-006
vn 0 -1 3.0000000000000001e-006
vn 0 -1 3.0000000000000001e-006
vn 0 -1 0
vn 0 -1 0
vn 0.96821800000000002 0 -0.25010900000000003
vn 0.86599700000000002 0 -0.50004999999999999
vn 0.86593900000000001 0 -0.50014999999999998
vn 0.96820499999999998 0 -0.25015599999999999
vn 0.67503500000000005 0 -0.73778600000000005
vn 0.67487600000000003 0 -0.737931
vn 0.37931300000000001 0 -0.92526900000000001
vn 0.37906299999999998 0 -0.92537100000000005
vn 0.017905999999999998 0 -0.99983999999999995
vn -0.379305 0 -0.92527199999999998
vn -0.379056 0 -0.92537400000000003
vn -0.017905999999999998 0 -0.99983999999999995
vn -0.67503500000000005 0 -0.73778600000000005
vn -0.67487600000000003 0 -0.737931
vn -0.86599700000000002 0 -0.50004999999999999
vn -0.86593900000000001 0 -0.50014999999999998
vn -0.96821699999999999 0 -0.25011100000000003
vn -0.96820499999999998 0 -0.25015799999999999
vn -1 0 0
vn -1 0 0
vn -0.96821699999999999 0 0.25011100000000003
vn -0.96820499999999998 0 0.25015799999999999
vn -0.86599700000000002 0 0.50004999999999999
vn -0.86593900000000001 0 0.50014999999999998
vn -0.67503400000000002 0 0.73778699999999997
vn -0.674875 0 0.73793200000000003
vn -0.37930999999999998 0 0.92527000000000004
vn -0.37906000000000001 0 0.92537199999999997
vn -0.017905999999999998 0 0.99983999999999995
vn 0.37930999999999998 0 0.92527000000000004
vn 0.37906000000000001 0 0.92537199999999997
vn 0.017905999999999998 0 0.99983999999999995
vn 0.67503400000000002 0 0.73778699999999997
vn 0.674875 0 0.73793200000000003
vn 0.86599700000000002 0 0.50004999999999999
vn 0.86593900000000001 0 0.50014999999999998
vn 0.96821800000000002 0 0.25010900000000003
vn 0.96820600000000001 0 0.25015599999999999
vn 1 0 0
vn 1 0 0
vn 0 1 5.0000000000000004e-006
vn 0 1 5.0000000000000004e-006
vn 0 1 5.0000000000000004e-006
vn 0 1 5.0000000000000004e-006
vn 0 1 5.0000000000000004e-006
vn 0 1 5.0000000000000004e-006
vn 0 1 5.0000000000000004e-006
vn 0 1 5.0000000000000004e-006
vn 0 1 0
vn 0 1 0
vn 0 1 0
vn 0 1 0
vn 0 1 0
vn 0 1 0
vn 0 1 0
vn 0 1 0
vn 0 1 9.0000000000000002e-006
vn 0 1 9.0000000000000002e-006
vn 0 1 9.0000000000000002e-006
vn 0 1 9.0000000000000002e-006
vn 0 1 -6.9999999999999999e-006
vn 0 1 -6.9999999999999999e-006
vn 0 1 -6.9999999999999999e-006
vn 0 1 -6.9999999999999999e-006
vn 0 1 0
vn 0 1 0
vn 0 1 0
vn 0 1 0
vn 0 1 0
vn 0 1 0
vn 0 1 0
vn 0 1 0
vn 0 1 0
vn 0 1 0
vn 0 1 0
vn 0 1 0
vn 0 1 0
vn 0 1 0
vn 0 1 0
vn 0 1 0
vn 0 1 0
vn 0 1 0
vn 0 1 0
vn 0 1 0
vn 0 1 -5.0000000000000004e-006
vn 0 1 -5.0000000000000004e-006
vn 0 1 -5.0000000000000004e-006
vn 0 1 -5.0000000000000004e-006
vn 0 1 1.2999999999999999e-005
vn 0 1 1.2999999999999999e-005
vn 0 1 1.2999999999999999e-005
vn 0 1 1.2999999999999999e-005
vn 0 1 -9.0000000000000002e-006
vn 0 1 -9.0000000000000002e-006
vn 0 1 -9.0000000000000002e-006
vn 0 1 -9.0000000000000002e-006
vn 0 1 -9.0000000000000002e-006
vn 0 1 -9.0000000000000002e-006
vn 0 1 -9.0000000000000002e-006
vn 0 1 -9.0000000000000002e-006
vn 0 1 0
vn 0 1 0
vn 0 1 0
vn 0 1 0
vn 0 1 -5.0000000000000004e-006
vn 0 1 -5.0000000000000004e-006
vn 0 1 -5.0000000000000004e-006
vn 0 1 -5.0000000000000004e-006
vn 0 1 5.0000000000000004e-006
vn 0 1 5.0000000000000004e-006
vn 0 1 5.0000000000000004e-006
vn 0 1 5.0000000000000004e-006
vn 0 1 0
vn 0 1 0
vn 0 1 0
vn 0 1 0
vn 0 1 5.0000000000000004e-006
vn 0 1 5.0000000000000004e-006
vn 0 1 5.0000000000000004e-006
vn 0 1 5.0000000000000004e-006
vn 0 1 1.0000000000000001e-005
vn 0 1 1.0000000000000001e-005
vn 0 1 1.0000000000000001e-005
vn 0 1 1.0000000000000001e-005
vn 0 1 -2.0000000000000002e-005
vn 0 1 -2.0000000000000002e-005
vn 0 1 -2.0000000000000002e-005
vn 0 1 -2.0000000000000002e-005
vn -0.92667500000000003 0 0.37586399999999998
vn -0.92667500000000003 0 0.37586399999999998
vn -0.92667500000000003 0 0.37586399999999998
vn -0.92667500000000003 0 0.37586399999999998
vn -0.78237800000000002 0 0.622803
vn -0.78237800000000002 0 0.622803
vn -0.78237800000000002 0 0.622803
vn -0.78237800000000002 0 0.622803
vn -0.53909799999999997 0 0.84224299999999996
vn -0.53909799999999997 0 0.84224299999999996
vn -0.53909799999999997 0 0.84224299999999996
vn -0.53909799999999997 0 0.84224299999999996
vn -0.19554099999999999 0 0.98069600000000001
vn -0.19554099999999999 0 0.98069600000000001
vn -0.19554099999999999 0 0.98069600000000001
vn -0.19554099999999999 0 0.98069600000000001
vn 0.19553999999999999 0 0.98069600000000001
vn 0.19553999999999999 0 0.98069600000000001
vn 0.19553999999999999 0 0.98069600000000001
vn 0.19553999999999999 0 0.98069600000000001
vn 0.53909799999999997 0 0.84224299999999996
vn 0.53909799999999997 0 0.84224299999999996
vn 0.53909799999999997 0 0.84224299999999996
vn 0.53909799999999997 0 0.84224299999999996
vn 0.78237800000000002 0 0.622803
vn 0.78237800000000002 0 0.622803
vn 0.78237800000000002 0 0.622803
vn 0.78237800000000002 0 0.622803
vn 0.92667600000000006 0 0.375861
vn 0.92667600000000006 0 0.375861
vn 0.92667600000000006 0 0.375861
vn 0.92667600000000006 0 0.375861
vn 0.99214500000000005 0 0.12509200000000001
vn 0.99214500000000005 0 0.12509200000000001
vn 0.99214500000000005 0 0.12509200000000001
vn 0.99214500000000005 0 0.12509200000000001
vn 0.99214500000000005 0 -0.12509200000000001
vn 0.99214500000000005 0 -0.12509200000000001
vn 0.99214500000000005 0 -0.12509200000000001
vn 0.99214500000000005 0 -0.12509200000000001
vn 0.92667500000000003 0 -0.37586399999999998
vn 0.92667500000000003 0 -0.37586399999999998
vn 0.92667500000000003 0 -0.37586399999999998
vn 0.92667500000000003 0 -0.37586399999999998
vn 0.78237800000000002 0 -0.622803
vn 0.78237800000000002 0 -0.622803
vn 0.78237800000000002 0 -0.622803
vn 0.78237800000000002 0 -0.622803
vn 0.53909200000000002 0 -0.84224699999999997
vn 0.53909200000000002 0 -0.84224699999999997
vn 0.53909200000000002 0 -0.84224699999999997
vn 0.53909200000000002 0 -0.84224699999999997
vn 0.19553999999999999 0 -0.98069600000000001
vn 0.19553999999999999 0 -0.98069600000000001
vn 0.19553999999999999 0 -0.98069600000000001
vn 0.19553999999999999 0 -0.98069600000000001
vn -0.19553999999999999 0 -0.98069600000000001
vn -0.19553999999999999 0 -0.98069600000000001
vn -0.19553999999999999 0 -0.98069600000000001
vn -0.19553999999999999 0 -0.98069600000000001
vn -0.53909200000000002 0 -0.84224699999999997
vn -0.53909200000000002 0 -0.84224699999999997
vn -0.53909200000000002 0 -0.84224699999999997
vn -0.53909200000000002 0 -0.84224699999999997
vn -0.78238200000000002 0 -0.62279899999999999
vn -0.78238200000000002 0 -0.62279899999999999
vn -0.78238200000000002 0 -0.62279899999999999
vn -0.78238200000000002 0 -0.62279899999999999
vn -0.92667500000000003 0 -0.37586399999999998
vn -0.92667500000000003 0 -0.37586399999999998
vn -0.92667500000000003 0 -0.37586399999999998
vn -0.92667500000000003 0 -0.37586399999999998
vn -0.99214500000000005 0 -0.12509200000000001
vn -0.99214500000000005 0 -0.12509200000000001
vn -0.99214500000000005 0 -0.12509200000000001
vn -0.99214500000000005 0 -0.12509200000000001
vn -0.99214599999999997 0 0.125088
vn -0.99214599999999997 0 0.125088
vn -0.99214599999999997 0 0.125088
vn -0.99214599999999997 0 0.125088
vn 0 0 1
vn 0 0 1
vn 0 0 1
vn 0 0 1
vn 0 0 -1
vn 0 0 -1
vn 0 0 -1
vn 0 0 -1
vn -0.87121199999999999 0.34076499999999998 0.35336899999999999
vn -0.87121199999999999 0.34076499999999998 0.35336899999999999
vn -0.87121199999999999 0.34076499999999998 0.35336899999999999
vn -0.87121199999999999 0.34076499999999998 0.35336899999999999
vn -0.74103200000000002 0.32077899999999998 0.58989100000000005
vn -0.74103200000000002 0.32077899999999998 0.58989100000000005
vn -0.74103200000000002 0.32077899999999998 0.58989100000000005
vn -0.74103200000000002 0.32077899999999998 0.58989100000000005
vn -0.51718399999999998 0.28219899999999998 0.80801199999999995
vn -0.51718399999999998 0.28219899999999998 0.80801199999999995
vn -0.51718399999999998 0.28219899999999998 0.80801199999999995
vn -0.51718399999999998 0.28219899999999998 0.80801299999999998
vn -0.190833 0.21811700000000001 0.95708300000000002
vn -0.190833 0.218116 0.95708300000000002
vn -0.190833 0.21811700000000001 0.95708300000000002
vn -0.190833 0.21811700000000001 0.95708300000000002
vn 0.190834 0.21811800000000001 0.95708199999999999
vn 0.190834 0.21811800000000001 0.95708199999999999
vn 0.190834 0.21811800000000001 0.95708199999999999
vn 0.190834 0.21811800000000001 0.95708300000000002
vn 0.51718799999999998 0.28220099999999998 0.80800899999999998
vn 0.51718799999999998 0.28220099999999998 0.80800899999999998
vn 0.51718799999999998 0.28220099999999998 0.80800899999999998
vn 0.51718799999999998 0.28220099999999998 0.80800899999999998
vn 0.741031 0.32077899999999998 0.58989199999999997
vn 0.741031 0.32077899999999998 0.58989199999999997
vn 0.741031 0.32077899999999998 0.589893
vn 0.741031 0.32077899999999998 0.58989199999999997
vn 0.87121300000000002 0.34076499999999998 0.35336499999999998
vn 0.87121300000000002 0.34076499999999998 0.35336499999999998
vn 0.87121300000000002 0.34076499999999998 0.35336499999999998
vn 0.87121300000000002 0.34076499999999998 0.35336499999999998
vn 0.92974299999999999 0.349051 0.11722299999999999
vn 0.92974299999999999 0.349051 0.11722299999999999
vn 0.92974299999999999 0.349051 0.11722299999999999
vn 0.92974299999999999 0.349051 0.11722299999999999
vn 0.92974299999999999 0.349051 -0.11722299999999999
vn 0.92974299999999999 0.349051 -0.11722299999999999
vn 0.92974299999999999 0.349051 -0.11722299999999999
vn 0.92974299999999999 0.349051 -0.11722299999999999
vn 0.87121300000000002 0.34076400000000001 -0.35336699999999999
vn 0.87121300000000002 0.34076400000000001 -0.35336699999999999
vn 0.87121300000000002 0.34076400000000001 -0.35336699999999999
vn 0.87121300000000002 0.34076400000000001 -0.35336699999999999
vn 0.74103300000000005 0.32077600000000001 -0.58989199999999997
vn 0.74103300000000005 0.32077600000000001 -0.58989199999999997
vn 0.74103300000000005 0.32077600000000001 -0.58989199999999997
vn 0.74103300000000005 0.32077600000000001 -0.58989199999999997
vn 0.517181 0.28219499999999997 -0.80801599999999996
vn 0.517181 0.28219499999999997 -0.80801599999999996
vn 0.517181 0.28219499999999997 -0.80801599999999996
vn 0.517181 0.28219499999999997 -0.80801599999999996
vn 0.190835 0.218113 -0.95708300000000002
vn 0.190835 0.218113 -0.95708300000000002
vn 0.190835 0.218113 -0.95708300000000002
vn 0.190835 0.218113 -0.95708300000000002
vn -0.190835 0.218113 -0.95708300000000002
vn -0.190835 0.218113 -0.95708300000000002
vn -0.190835 0.218113 -0.95708300000000002
vn -0.190835 0.218113 -0.95708300000000002
vn -0.51717999999999997 0.28219499999999997 -0.80801699999999999
vn -0.51717999999999997 0.28219499999999997 -0.80801699999999999
vn -0.51717999999999997 0.28219499999999997 -0.80801699999999999
vn -0.51717999999999997 0.28219499999999997 -0.80801699999999999
vn -0.741035 0.32077800000000001 -0.589889
vn -0.741035 0.32077800000000001 -0.589889
vn -0.741035 0.32077800000000001 -0.589889
vn -0.741035 0.32077800000000001 -0.589889
vn -0.87121199999999999 0.34076499999999998 -0.35336699999999999
vn -0.87121199999999999 0.34076499999999998 -0.35336699999999999
vn -0.87121199999999999 0.34076499999999998 -0.35336699999999999
vn -0.87121199999999999 0.34076499999999998 -0.35336699999999999
vn -0.92974299999999999 0.349051 -0.11722299999999999
vn -0.92974299999999999 0.349051 -0.11722299999999999
vn -0.92974299999999999 0.349051 -0.11722299999999999
vn -0.92974299999999999 0.349051 -0.11722299999999999
vn -0.92974299999999999 0.34905199999999997 0.11722
vn -0.92974299999999999 0.34905199999999997 0.11722
vn -0.92974299999999999 0.34905199999999997 0.11722
vn -0.92974299999999999 0.34905199999999997 0.11722
vn 0 0.17897399999999999 0.98385400000000001
vn 0 0.17897399999999999 0.98385400000000001
vn 0 0.17897399999999999 0.98385400000000001
vn 0 0.17897399999999999 0.98385400000000001
vn 0 0.17896999999999999 -0.98385500000000004
vn 0 0.17896999999999999 -0.98385500000000004
vn 0 0.17896999999999999 -0.98385500000000004
vn 0 0.17896999999999999 -0.98385500000000004
vn -0.87055700000000003 0.34270899999999999 0.35310200000000003
vn -0.87055700000000003 0.34270899999999999 0.35310200000000003
vn -0.87055700000000003 0.34270899999999999 0.35310200000000003
vn -0.87055700000000003 0.34270899999999999 0.35310200000000003
vn -0.740537 0.32263900000000001 0.589499
vn -0.740537 0.32263900000000001 0.589499
vn -0.740537 0.32263900000000001 0.589499
vn -0.740537 0.32263900000000001 0.589499
vn -0.51692000000000005 0.28387600000000002 0.80759400000000003
vn -0.51692000000000005 0.28387600000000002 0.80759400000000003
vn -0.51692000000000005 0.28387600000000002 0.80759400000000003
vn -0.51692000000000005 0.28387600000000002 0.80759400000000003
vn -0.190775 0.21945799999999999 0.95678799999999997
vn -0.190775 0.21945799999999999 0.95678799999999997
vn -0.190775 0.21945799999999999 0.95678799999999997
vn -0.190775 0.21945799999999999 0.95678799999999997
vn 0.190774 0.21945700000000001 0.956789
vn 0.190774 0.21945700000000001 0.956789
vn 0.190774 0.21945700000000001 0.95678799999999997
vn 0.190774 0.21945700000000001 0.956789
vn 0.51692099999999996 0.28387600000000002 0.80759300000000001
vn 0.51692099999999996 0.28387600000000002 0.80759300000000001
vn 0.51692099999999996 0.28387600000000002 0.80759300000000001
vn 0.51692099999999996 0.28387600000000002 0.80759300000000001
vn 0.74053800000000003 0.32263799999999998 0.58949799999999997
vn 0.74053899999999995 0.32263799999999998 0.58949799999999997
vn 0.74053899999999995 0.32263799999999998 0.58949799999999997
vn 0.74053899999999995 0.32263799999999998 0.58949799999999997
vn 0.87055700000000003 0.34270899999999999 0.353103
vn 0.87055700000000003 0.34270899999999999 0.353103
vn 0.87055700000000003 0.34270899999999999 0.353103
vn 0.87055700000000003 0.34270899999999999 0.353103
vn 0.92901 0.35102899999999998 0.11713
vn 0.92901 0.35102899999999998 0.11713
vn 0.92901 0.35102899999999998 0.11713
vn 0.92901 0.35102899999999998 0.11713
vn 0.92901 0.35102899999999998 -0.117129
vn 0.92901 0.35102899999999998 -0.117129
vn 0.92901 0.35102899999999998 -0.117129
vn 0.92901 0.35102899999999998 -0.117129
vn 0.870556 0.34270800000000001 -0.35310399999999997
vn 0.87055700000000003 0.34270800000000001 -0.35310399999999997
vn 0.87055700000000003 0.34270800000000001 -0.35310399999999997
vn 0.870556 0.34270800000000001 -0.35310399999999997
vn 0.740541 0.32263799999999998 -0.58949499999999999
vn 0.740541 0.32263799999999998 -0.58949499999999999
vn 0.740541 0.32263799999999998 -0.58949499999999999
vn 0.740541 0.32263799999999998 -0.58949499999999999
vn 0.51691399999999998 0.28387499999999999 -0.80759800000000004
vn 0.51691399999999998 0.28387499999999999 -0.80759800000000004
vn 0.51691399999999998 0.28387499999999999 -0.80759800000000004
vn 0.51691399999999998 0.28387499999999999 -0.80759800000000004
vn 0.190775 0.21945700000000001 -0.95678799999999997
vn 0.190775 0.21945700000000001 -0.95678799999999997
vn 0.190775 0.21945700000000001 -0.95678799999999997
vn 0.190775 0.21945700000000001 -0.95678799999999997
vn -0.190775 0.21945700000000001 -0.95678799999999997
vn -0.190775 0.21945700000000001 -0.95678799999999997
vn -0.190775 0.21945700000000001 -0.95678799999999997
vn -0.190775 0.21945700000000001 -0.95678799999999997
vn -0.51691500000000001 0.28387600000000002 -0.80759700000000001
vn -0.51691500000000001 0.28387600000000002 -0.80759700000000001
vn -0.51691500000000001 0.28387600000000002 -0.80759700000000001
vn -0.51691500000000001 0.28387600000000002 -0.80759700000000001
vn -0.740541 0.32263900000000001 -0.58949399999999996
vn -0.740541 0.32263900000000001 -0.58949399999999996
vn -0.740541 0.32263900000000001 -0.58949399999999996
vn -0.740541 0.32263900000000001 -0.58949399999999996
vn -0.87055800000000005 0.34270899999999999 -0.353101
vn -0.87055800000000005 0.34270899999999999 -0.353101
vn -0.87055800000000005 0.34270899999999999 -0.353101
vn -0.87055800000000005 0.34270899999999999 -0.353101
vn -0.92900899999999997 0.35103000000000001 -0.117132
vn -0.92900899999999997 0.35103000000000001 -0.117132
vn -0.92900899999999997 0.35103000000000001 -0.117132
vn -0.92900899999999997 0.35103000000000001 -0.117132
vn -0.92901 0.35102899999999998 0.11713
vn -0.92901 0.35102899999999998 0.11713
vn -0.92901 0.35102899999999998 0.11713
vn -0.92901 0.35102899999999998 0.11713
vn 0 0.180092 0.98365000000000002
vn 0 0.180092 0.98365000000000002
vn 0 0.180092 0.98365000000000002
vn 0 0.180092 0.98365000000000002
vn 0 0.180091 -0.98365000000000002
vn 0 0.180091 -0.98365000000000002
vn 0 0.180091 -0.98365000000000002
vn 0 0.180091 -0.98365000000000002
vn -0.86651500000000004 0.35443999999999998 0.35146100000000002
vn -0.86651500000000004 0.35443999999999998 0.35146100000000002
vn -0.86651500000000004 0.35443999999999998 0.35146100000000002
vn -0.86651500000000004 0.35443999999999998 0.35146100000000002
vn -0.737487 0.33385599999999999 0.58707100000000001
vn -0.737487 0.33385599999999999 0.58707100000000001
vn -0.737487 0.33385599999999999 0.58707100000000001
vn -0.737487 0.33385599999999999 0.58707100000000001
vn -0.51527299999999998 0.29402200000000001 0.80501299999999998
vn -0.51527199999999995 0.29402200000000001 0.80501299999999998
vn -0.51527299999999998 0.29402200000000001 0.80501299999999998
vn -0.51527199999999995 0.29402200000000001 0.80501299999999998
vn -0.19040899999999999 0.22759399999999999 0.95495799999999997
vn -0.19040899999999999 0.22759399999999999 0.95495799999999997
vn -0.19040899999999999 0.22759399999999999 0.95495799999999997
vn -0.19040899999999999 0.22759399999999999 0.95495799999999997
vn 0.19040899999999999 0.22759399999999999 0.954959
vn 0.19040899999999999 0.22759399999999999 0.954959
vn 0.19040899999999999 0.22759399999999999 0.954959
vn 0.19040899999999999 0.22759399999999999 0.954959
vn 0.51527299999999998 0.29402200000000001 0.80501299999999998
vn 0.51527299999999998 0.29402200000000001 0.80501299999999998
vn 0.51527299999999998 0.29402200000000001 0.80501299999999998
vn 0.51527299999999998 0.29402200000000001 0.80501299999999998
vn 0.73748800000000003 0.33385700000000001 0.58706999999999998
vn 0.73748800000000003 0.33385700000000001 0.58706999999999998
vn 0.73748800000000003 0.33385700000000001 0.58706999999999998
vn 0.73748800000000003 0.33385700000000001 0.58706999999999998
vn 0.86651400000000001 0.35444100000000001 0.35146100000000002
vn 0.86651500000000004 0.35444100000000001 0.35146100000000002
vn 0.86651500000000004 0.35444100000000001 0.35146100000000002
vn 0.86651500000000004 0.35444100000000001 0.35146100000000002
vn 0.92448399999999997 0.36296299999999998 0.116561
vn 0.92448399999999997 0.36296299999999998 0.116561
vn 0.92448399999999997 0.36296299999999998 0.116561
vn 0.92448399999999997 0.36296299999999998 0.116561
vn 0.924485 0.36296299999999998 -0.11655799999999999
vn 0.924485 0.36296299999999998 -0.11655799999999999
vn 0.924485 0.36296299999999998 -0.11655799999999999
vn 0.924485 0.36296299999999998 -0.11655799999999999
vn 0.86651500000000004 0.35444100000000001 -0.35145999999999999
vn 0.86651500000000004 0.35444100000000001 -0.35145999999999999
vn 0.86651500000000004 0.35444100000000001 -0.35145999999999999
vn 0.86651500000000004 0.35444100000000001 -0.35145999999999999
vn 0.73748800000000003 0.33385700000000001 -0.58706999999999998
vn 0.73748800000000003 0.33385700000000001 -0.58706999999999998
vn 0.73748800000000003 0.33385700000000001 -0.58706999999999998
vn 0.73748800000000003 0.33385700000000001 -0.58706999999999998
vn 0.51526499999999997 0.29401899999999997 -0.80501900000000004
vn 0.51526499999999997 0.29401899999999997 -0.80501900000000004
vn 0.51526499999999997 0.29401899999999997 -0.80501900000000004
vn 0.51526499999999997 0.29401899999999997 -0.80501900000000004
vn 0.19040699999999999 0.22759199999999999 -0.954959
vn 0.19040699999999999 0.22759199999999999 -0.954959
vn 0.19040699999999999 0.22759199999999999 -0.954959
vn 0.19040699999999999 0.22759199999999999 -0.954959
vn -0.19040799999999999 0.22759299999999999 -0.954959
vn -0.19040799999999999 0.22759299999999999 -0.954959
vn -0.19040799999999999 0.22759299999999999 -0.954959
vn -0.19040799999999999 0.22759299999999999 -0.954959
vn -0.515266 0.29401899999999997 -0.80501800000000001
vn -0.515266 0.29401899999999997 -0.80501800000000001
vn -0.515266 0.29401899999999997 -0.80501800000000001
vn -0.515266 0.29401899999999997 -0.80501800000000001
vn -0.737487 0.33385599999999999 -0.58707200000000004
vn -0.737487 0.33385599999999999 -0.58707200000000004
vn -0.737487 0.33385599999999999 -0.58707200000000004
vn -0.737487 0.33385599999999999 -0.58707200000000004
vn -0.86651500000000004 0.35443999999999998 -0.35145999999999999
vn -0.86651500000000004 0.35443999999999998 -0.35145999999999999
vn -0.86651500000000004 0.35443999999999998 -0.35145999999999999
vn -0.86651500000000004 0.35443999999999998 -0.35145999999999999
vn -0.924485 0.36296299999999998 -0.11656
vn -0.924485 0.36296299999999998 -0.11656
vn -0.924485 0.36296299999999998 -0.11656
vn -0.924485 0.36296299999999998 -0.11656
vn -0.92448399999999997 0.36296299999999998 0.116561
vn -0.92448399999999997 0.36296299999999998 0.116561
vn -0.92448399999999997 0.36296299999999998 0.116561
vn -0.92448399999999997 0.36296299999999998 0.116561
vn 0 0.186886 0.98238199999999998
vn 0 0.186886 0.98238199999999998
vn 0 0.186886 0.98238199999999998
vn 0 0.186886 0.98238199999999998
vn 0 0.186885 -0.98238199999999998
vn 0 0.186885 -0.98238199999999998
vn 0 0.186885 -0.98238199999999998
vn 0 0.186885 -0.98238199999999998
vn -0.66631899999999999 0.69496400000000003 0.27026499999999998
vn -0.66631899999999999 0.69496400000000003 0.27026499999999998
vn -0.66631899999999999 0.69496400000000003 0.27026499999999998
vn -0.66631899999999999 0.69496400000000003 0.27026499999999998
vn -0.58064199999999999 0.670234 0.46221400000000001
vn -0.58064199999999999 0.670234 0.46221400000000001
vn -0.58064199999999999 0.670234 0.46221299999999998
vn -0.58064199999999999 0.670234 0.46221400000000001
vn -0.42418 0.61717200000000005 0.66269900000000004
vn -0.42418 0.61717200000000005 0.66269900000000004
vn -0.42418 0.61717200000000005 0.66269900000000004
vn -0.42418 0.61717200000000005 0.66269900000000004
vn -0.16797300000000001 0.51194499999999998 0.84243500000000004
vn -0.16797300000000001 0.51194499999999998 0.84243500000000004
vn -0.16797300000000001 0.51194499999999998 0.84243500000000004
vn -0.16797300000000001 0.51194499999999998 0.84243500000000004
vn 0.16797300000000001 0.51194399999999995 0.84243599999999996
vn 0.16797300000000001 0.51194399999999995 0.84243599999999996
vn 0.16797300000000001 0.51194399999999995 0.84243599999999996
vn 0.16797300000000001 0.51194399999999995 0.84243599999999996
vn 0.42417700000000003 0.61716700000000002 0.66270499999999999
vn 0.42417700000000003 0.61716700000000002 0.66270499999999999
vn 0.42417700000000003 0.61716700000000002 0.66270499999999999
vn 0.42417700000000003 0.61716700000000002 0.66270499999999999
vn 0.58064199999999999 0.670234 0.46221299999999998
vn 0.58064199999999999 0.670234 0.46221299999999998
vn 0.58064199999999999 0.670234 0.46221299999999998
vn 0.58064199999999999 0.670234 0.46221299999999998
vn 0.66632000000000002 0.69496599999999997 0.27026
vn 0.66632000000000002 0.69496599999999997 0.27026
vn 0.66632000000000002 0.69496599999999997 0.27026
vn 0.66632000000000002 0.69496599999999997 0.27026
vn 0.70393099999999997 0.70470200000000005 0.088747999999999994
vn 0.70393099999999997 0.70470200000000005 0.088747999999999994
vn 0.70393099999999997 0.70470200000000005 0.088747999999999994
vn 0.70393099999999997 0.70470200000000005 0.088747999999999994
vn 0.70393099999999997 0.70470200000000005 -0.088747000000000006
vn 0.70393099999999997 0.70470200000000005 -0.088747000000000006
vn 0.70393099999999997 0.70470200000000005 -0.088747000000000006
vn 0.70393099999999997 0.70470200000000005 -0.088747000000000006
vn 0.66632000000000002 0.69496599999999997 -0.27026
vn 0.66632000000000002 0.69496599999999997 -0.27026
vn 0.66632000000000002 0.69496599999999997 -0.27026
vn 0.66632000000000002 0.69496599999999997 -0.27026
vn 0.58064300000000002 0.67023500000000003 -0.46221000000000001
vn 0.58064300000000002 0.67023500000000003 -0.46221000000000001
vn 0.58064300000000002 0.67023500000000003 -0.46221000000000001
vn 0.58064300000000002 0.67023500000000003 -0.46221000000000001
vn 0.42417700000000003 0.61717100000000003 -0.66270200000000001
vn 0.42417700000000003 0.61717100000000003 -0.66270200000000001
vn 0.42417700000000003 0.61717100000000003 -0.66270200000000001
vn 0.42417700000000003 0.61717100000000003 -0.66270200000000001
vn 0.16797300000000001 0.51194399999999995 -0.84243599999999996
vn 0.16797300000000001 0.51194399999999995 -0.84243599999999996
vn 0.16797300000000001 0.51194399999999995 -0.84243599999999996
vn 0.16797300000000001 0.51194399999999995 -0.84243599999999996
vn -0.16797200000000001 0.51194300000000004 -0.84243699999999999
vn -0.16797200000000001 0.51194300000000004 -0.84243699999999999
vn -0.16797200000000001 0.51194300000000004 -0.84243699999999999
vn -0.16797200000000001 0.51194300000000004 -0.84243699999999999
vn -0.42417700000000003 0.61717100000000003 -0.66270200000000001
vn -0.42417700000000003 0.61717100000000003 -0.66270200000000001
vn -0.42417700000000003 0.61717100000000003 -0.66270200000000001
vn -0.42417700000000003 0.61717100000000003 -0.66270200000000001
vn -0.58064199999999999 0.670234 -0.46221400000000001
vn -0.58064199999999999 0.670234 -0.46221400000000001
vn -0.58064199999999999 0.670234 -0.46221400000000001
vn -0.58064199999999999 0.670234 -0.46221400000000001
vn -0.66632000000000002 0.69496400000000003 -0.270264
vn -0.66632000000000002 0.69496400000000003 -0.270264
vn -0.66632000000000002 0.69496500000000005 -0.270264
vn -0.66632000000000002 0.69496400000000003 -0.270264
vn -0.703932 0.70470200000000005 -0.088747000000000006
vn -0.703932 0.70470200000000005 -0.088747000000000006
vn -0.703932 0.70470200000000005 -0.088747000000000006
vn -0.703932 0.70470200000000005 -0.088747000000000006
vn -0.70393099999999997 0.70470200000000005 0.088747999999999994
vn -0.70393099999999997 0.70470200000000005 0.088747999999999994
vn -0.70393099999999997 0.70470200000000005 0.088747999999999994
vn -0.70393099999999997 0.70470200000000005 0.088747999999999994
vn 0 0.43643500000000002 0.89973599999999998
vn 0 0.43643500000000002 0.89973599999999998
vn 0 0.43643500000000002 0.89973599999999998
vn 0 0.43643500000000002 0.89973599999999998
vn 0 0.43643500000000002 -0.89973599999999998
vn 0 0.43643500000000002 -0.89973599999999998
vn 0 0.43643500000000002 -0.89973599999999998
vn 0 0.43643500000000002 -0.89973599999999998
vn -0.071744000000000002 0.99699899999999997 0.029093000000000001
vn -0.071744000000000002 0.99699899999999997 0.029093000000000001
vn -0.071744000000000002 0.99699899999999997 0.029093000000000001
vn -0.071744000000000002 0.99699899999999997 0.029093000000000001
vn -0.064797999999999994 0.99656500000000003 0.051576999999999998
vn -0.064797999999999994 0.99656500000000003 0.051576999999999998
vn -0.064797999999999994 0.99656500000000003 0.051576999999999998
vn -0.064797999999999994 0.99656500000000003 0.051576999999999998
vn -0.05135 0.995452 0.080246999999999999
vn -0.05135 0.995452 0.080246999999999999
vn -0.05135 0.995452 0.080246999999999999
vn -0.05135 0.995452 0.080246999999999999
vn -0.024433 0.99216300000000002 0.12253500000000001
vn -0.024433 0.99216300000000002 0.12253500000000001
vn -0.024433 0.99216300000000002 0.12253500000000001
vn -0.024433 0.99216300000000002 0.12253500000000001
vn 0.024433 0.99216300000000002 0.12253500000000001
vn 0.024433 0.99216300000000002 0.12253500000000001
vn 0.024433 0.99216300000000002 0.12253500000000001
vn 0.024433 0.99216300000000002 0.12253500000000001
vn 0.05135 0.99545399999999995 0.080218999999999999
vn 0.05135 0.99545399999999995 0.080218999999999999
vn 0.05135 0.99545399999999995 0.080218999999999999
vn 0.05135 0.99545399999999995 0.080218999999999999
vn 0.064797999999999994 0.99656400000000001 0.051583999999999998
vn 0.064797999999999994 0.99656400000000001 0.051583999999999998
vn 0.064797999999999994 0.99656400000000001 0.051583999999999998
vn 0.064797999999999994 0.99656400000000001 0.051583999999999998
vn 0.071744000000000002 0.99699899999999997 0.029100000000000001
vn 0.071744000000000002 0.99699800000000005 0.029100000000000001
vn 0.071744000000000002 0.99699800000000005 0.029100000000000001
vn 0.071744000000000002 0.99699899999999997 0.029100000000000001
vn 0.074759000000000006 0.99715699999999996 0.0094260000000000004
vn 0.074759000000000006 0.99715699999999996 0.0094260000000000004
vn 0.074759000000000006 0.99715699999999996 0.0094260000000000004
vn 0.074759000000000006 0.99715699999999996 0.0094260000000000004
vn 0.074759000000000006 0.99715699999999996 -0.0094190000000000003
vn 0.074759000000000006 0.99715699999999996 -0.0094190000000000003
vn 0.074759000000000006 0.99715699999999996 -0.0094190000000000003
vn 0.074759000000000006 0.99715699999999996 -0.0094190000000000003
vn 0.071744000000000002 0.99699800000000005 -0.029106
vn 0.071744000000000002 0.99699800000000005 -0.029106
vn 0.071744000000000002 0.99699800000000005 -0.029106
vn 0.071744000000000002 0.99699800000000005 -0.029106
vn 0.064797999999999994 0.99656400000000001 -0.051584999999999999
vn 0.064797999999999994 0.99656400000000001 -0.051584999999999999
vn 0.064797999999999994 0.99656400000000001 -0.051584999999999999
vn 0.064797999999999994 0.99656400000000001 -0.051584999999999999
vn 0.051348999999999999 0.995452 -0.080238000000000004
vn 0.051348999999999999 0.995452 -0.080238000000000004
vn 0.051348999999999999 0.995452 -0.080238000000000004
vn 0.051348999999999999 0.995452 -0.080238000000000004
vn 0.024433 0.99216300000000002 -0.12253500000000001
vn 0.024433 0.99216300000000002 -0.12253500000000001
vn 0.024433 0.99216300000000002 -0.12253500000000001
vn 0.024433 0.99216300000000002 -0.12253500000000001
vn -0.024433 0.99216400000000005 -0.122529
vn -0.024433 0.99216400000000005 -0.122529
vn -0.024433 0.99216400000000005 -0.122529
vn -0.024433 0.99216400000000005 -0.122529
vn -0.051348999999999999 0.995452 -0.080246999999999999
vn -0.051348999999999999 0.995452 -0.080246999999999999
vn -0.051348999999999999 0.995452 -0.080246999999999999
vn -0.051348999999999999 0.995452 -0.080246999999999999
vn -0.064797999999999994 0.99656400000000001 -0.051583999999999998
vn -0.064797999999999994 0.99656400000000001 -0.051583999999999998
vn -0.064797999999999994 0.99656400000000001 -0.051583999999999998
vn -0.064797999999999994 0.99656400000000001 -0.051583999999999998
vn -0.071745000000000003 0.99699899999999997 -0.029093000000000001
vn -0.071745000000000003 0.99699899999999997 -0.029093000000000001
vn -0.071745000000000003 0.99699899999999997 -0.029093000000000001
vn -0.071745000000000003 0.99699899999999997 -0.029093000000000001
vn -0.074759000000000006 0.99715699999999996 -0.0094260000000000004
vn -0.074759000000000006 0.99715699999999996 -0.0094260000000000004
vn -0.074759000000000006 0.99715699999999996 -0.0094260000000000004
vn -0.074759000000000006 0.99715699999999996 -0.0094260000000000004
vn -0.074759000000000006 0.99715699999999996 0.0094199999999999996
vn -0.074759000000000006 0.99715699999999996 0.0094199999999999996
vn -0.074759000000000006 0.99715699999999996 0.0094199999999999996
vn -0.074759000000000006 0.99715699999999996 0.0094199999999999996
vn 0 0.98823799999999995 0.15292600000000001
vn 0 0.98823799999999995 0.15292600000000001
vn 0 0.98823799999999995 0.15292600000000001
vn 0 0.98823799999999995 0.15292600000000001
vn 0 0.98823799999999995 -0.152924
vn 0 0.98823799999999995 -0.152924
vn 0 0.98823799999999995 -0.152924
vn 0 0.98823799999999995 -0.152924
#end 1072 normals 

#begin 352 faces
usemtl initialShadingGroup
g pCylinder24
s 1
f 1/1/1 2/2/2 13/13/3 12/12/4 
f 2/2/2 3/3/5 14/14/6 13/13/3 
f 3/3/5 4/4/7 15/15/8 14/14/6 
f 4/4/7 5/489/9 16/16/10 15/15/8 
s 2
f 23/23/11 24/24/12 25/25/13 26/491/14 
f 24/24/12 27/27/15 28/28/16 25/25/13 
f 27/27/15 29/29/17 30/30/18 28/28/16 
f 29/29/17 31/31/19 32/32/20 30/30/18 
f 31/31/19 33/495/21 34/34/22 32/32/20 
f 33/33/21 35/35/23 36/36/24 34/492/22 
f 35/35/23 37/37/25 38/38/26 36/36/24 
f 37/37/25 39/39/27 40/40/28 38/38/26 
f 39/39/27 41/41/29 42/42/30 40/40/28 
f 41/41/29 43/496/31 44/44/32 42/42/30 
s 1
f 6/6/33 7/7/34 18/18/35 17/494/36 
f 7/7/34 8/8/37 19/19/38 18/18/35 
f 8/8/37 9/9/39 20/20/40 19/19/38 
f 9/9/39 10/10/41 21/21/42 20/20/40 
f 10/10/41 11/499/43 22/22/44 21/21/42 
f 11/11/43 1/1/1 12/12/4 22/500/44 
s 4
f 68/68/45 67/67/46 69/69/47 
f 70/70/48 68/68/45 69/69/47 
f 71/71/49 70/70/48 69/69/47 
f 72/72/50 71/71/49 69/69/47 
s 5
f 74/74/51 73/73/52 75/75/53 
f 76/76/54 74/74/51 75/75/53 
f 77/77/55 76/76/54 75/75/53 
f 78/78/56 77/77/55 75/75/53 
f 79/79/57 78/78/56 75/75/53 
f 80/80/58 79/79/57 75/75/53 
f 81/81/59 80/80/58 75/75/53 
f 82/82/60 81/81/59 75/75/53 
f 83/83/61 82/82/60 75/75/53 
f 84/84/62 83/83/61 75/75/53 
s 4
f 86/86/63 85/85/64 69/69/47 
f 87/87/65 86/86/63 69/69/47 
f 88/88/66 87/87/65 69/69/47 
f 89/89/67 88/88/66 69/69/47 
f 90/90/68 89/89/67 69/69/47 
f 67/67/46 90/90/68 69/69/47 
s off
f 16/490/69 5/5/70 23/493/71 26/26/72 
f 6/498/73 17/17/74 44/497/75 43/43/76 
f 72/72/77 69/69/78 75/75/79 73/73/80 
f 69/69/81 85/85/82 84/84/83 75/75/84 
f 2/424/85 1/423/86 45/45/87 46/46/88 
f 3/425/89 2/424/90 46/46/91 47/47/92 
f 4/427/93 3/425/94 47/47/95 48/48/96 
f 5/428/97 4/427/98 48/48/99 49/49/100 
f 24/431/101 23/430/102 50/50/103 51/51/104 
f 27/426/105 24/431/106 51/51/107 52/52/108 
f 29/429/109 27/426/110 52/52/111 53/53/112 
f 31/432/113 29/429/114 53/53/115 54/54/116 
f 33/433/117 31/432/118 54/54/119 55/55/120 
f 35/434/121 33/506/122 55/505/123 56/56/124 
f 37/435/125 35/434/126 56/56/127 57/57/128 
f 39/436/129 37/435/130 57/57/131 58/58/132 
f 41/437/133 39/436/134 58/58/135 59/59/136 
f 43/438/137 41/437/138 59/59/139 60/60/140 
f 7/440/141 6/439/142 61/61/143 62/62/144 
f 8/441/145 7/440/146 62/62/147 63/63/148 
f 9/442/149 8/441/150 63/63/151 64/64/152 
f 10/443/153 9/442/154 64/64/155 65/65/156 
f 11/444/157 10/443/158 65/65/159 66/66/160 
f 1/423/161 11/508/162 66/507/163 45/45/164 
f 23/430/165 5/428/166 49/49/167 50/50/168 
f 6/439/169 43/438/170 60/60/171 61/61/172 
f 46/403/173 45/401/174 67/381/175 68/379/176 
f 47/404/177 46/403/178 68/379/179 70/382/180 
f 48/405/181 47/404/182 70/382/183 71/383/184 
f 49/406/185 48/405/186 71/383/187 72/384/188 
f 51/408/189 50/407/190 73/386/191 74/385/192 
f 52/409/193 51/408/194 74/385/195 76/380/196 
f 53/402/197 52/409/198 76/380/199 77/387/200 
f 54/410/201 53/402/202 77/387/203 78/388/204 
f 55/411/205 54/410/206 78/388/207 79/509/208 
f 56/412/209 55/510/210 79/389/211 80/390/212 
f 57/413/213 56/412/214 80/390/215 81/391/216 
f 58/414/217 57/413/218 81/391/219 82/392/220 
f 59/415/221 58/414/222 82/392/223 83/393/224 
f 60/416/225 59/415/226 83/393/227 84/394/228 
f 62/418/229 61/417/230 85/396/231 86/395/232 
f 63/419/233 62/418/234 86/395/235 87/397/236 
f 64/420/237 63/419/238 87/397/239 88/398/240 
f 65/421/241 64/420/242 88/398/243 89/399/244 
f 66/422/245 65/421/246 89/399/247 90/511/248 
f 45/401/249 66/512/250 90/400/251 67/381/252 
f 50/407/253 49/406/254 72/384/255 73/386/256 
f 61/417/257 60/416/258 84/394/259 85/396/260 
s 7
f 91/91/261 92/92/262 134/134/263 133/133/264 
f 92/92/262 91/91/261 93/93/265 94/94/266 
f 94/94/266 93/93/265 95/95/267 96/96/268 
f 96/96/268 95/95/267 97/97/269 98/98/270 
f 98/98/270 97/97/269 99/99/271 100/100/272 
f 100/100/272 99/99/271 101/101/273 102/102/274 
f 102/102/274 101/101/273 103/103/275 104/104/276 
f 104/104/276 103/103/275 105/105/277 106/106/278 
f 106/106/278 105/105/277 107/107/279 108/108/280 
f 108/108/280 107/107/279 109/109/281 110/110/282 
f 110/110/282 109/109/281 111/537/283 112/550/284 
f 112/538/284 111/111/283 113/113/285 114/114/286 
f 114/114/286 113/113/285 115/115/287 116/116/288 
f 116/116/288 115/115/287 117/117/289 118/118/290 
f 118/118/290 117/117/289 119/119/291 120/120/292 
f 120/120/292 119/119/291 121/121/293 122/122/294 
f 122/122/294 121/121/293 123/123/295 124/124/296 
f 124/124/296 123/123/295 125/125/297 126/126/298 
f 126/126/298 125/125/297 127/127/299 128/128/300 
f 128/128/300 127/127/299 129/129/301 130/130/302 
f 130/130/302 129/129/301 131/131/303 132/132/304 
f 132/132/304 131/131/303 133/536/264 134/562/263 
s 8
f 135/135/305 136/136/306 177/177/307 178/178/308 
f 136/136/306 135/135/305 138/138/309 137/137/310 
f 137/137/310 138/138/309 140/140/311 139/139/312 
f 139/139/312 140/140/311 142/142/313 141/141/314 
f 141/141/314 142/142/313 144/144/315 143/143/316 
f 143/143/316 144/144/315 145/145/317 146/146/318 
f 146/146/318 145/145/317 148/148/319 147/147/320 
f 147/147/320 148/148/319 150/150/321 149/149/322 
f 149/149/322 150/150/321 152/152/323 151/151/324 
f 151/151/324 152/152/323 154/154/325 153/153/326 
f 153/153/326 154/154/325 156/583/327 155/155/328 
f 155/584/328 156/156/327 158/158/329 157/157/330 
f 157/157/330 158/158/329 160/160/331 159/159/332 
f 159/159/332 160/160/331 162/162/333 161/161/334 
f 161/161/334 162/162/333 164/164/335 163/163/336 
f 163/163/336 164/164/335 166/166/337 165/165/338 
f 165/165/338 166/166/337 167/167/339 168/168/340 
f 168/168/340 167/167/339 170/170/341 169/169/342 
f 169/169/342 170/170/341 172/172/343 171/171/344 
f 171/171/344 172/172/343 174/174/345 173/173/346 
f 173/173/346 174/174/345 176/176/347 175/175/348 
f 175/175/348 176/176/347 178/564/308 177/563/307 
s 9
f 312/312/349 311/311/350 313/313/351 
f 311/311/350 314/314/352 313/313/351 
f 314/314/352 315/315/353 313/313/351 
f 315/315/353 316/316/354 313/313/351 
f 318/318/355 317/317/356 319/319/357 
f 317/317/356 320/320/358 319/319/357 
f 320/320/358 321/321/359 319/319/357 
f 321/321/359 322/322/360 319/319/357 
f 322/322/360 323/323/361 319/319/357 
f 323/323/361 324/324/362 319/319/357 
f 324/324/362 325/325/363 319/319/357 
f 325/325/363 326/326/364 319/319/357 
f 326/326/364 327/327/365 319/319/357 
f 327/327/365 328/328/366 319/319/357 
f 330/330/367 329/329/368 313/313/351 
f 329/329/368 331/331/369 313/313/351 
f 331/331/369 332/332/370 313/313/351 
f 332/332/370 333/333/371 313/313/351 
f 333/333/371 334/334/372 313/313/351 
f 334/334/372 312/312/349 313/313/351 
f 313/313/351 316/316/354 318/318/355 319/319/357 
f 330/330/367 313/313/351 319/319/357 328/328/366 
s 12
f 12/446/373 13/445/374 93/467/375 91/470/376 
f 13/445/374 14/448/377 95/472/378 93/467/375 
f 14/448/377 15/450/379 97/474/380 95/472/378 
f 15/450/379 16/451/381 99/471/382 97/474/380 
f 26/453/383 25/452/384 103/473/385 101/468/386 
f 25/452/384 28/447/387 105/475/388 103/473/385 
f 28/447/387 30/449/389 107/476/390 105/475/388 
f 30/449/389 32/454/391 109/477/392 107/476/390 
f 32/454/391 34/501/393 111/478/394 109/477/392 
f 34/455/393 36/456/395 113/479/396 111/502/394 
f 36/456/395 38/457/397 115/480/398 113/479/396 
f 38/457/397 40/458/399 117/481/400 115/480/398 
f 40/458/399 42/459/401 119/482/402 117/481/400 
f 42/459/401 44/460/403 121/483/404 119/482/402 
f 17/462/405 18/461/406 125/485/407 123/484/408 
f 18/461/406 19/463/409 127/486/410 125/485/407 
f 19/463/409 20/464/411 129/487/412 127/486/410 
f 20/464/411 21/465/413 131/488/414 129/487/412 
f 21/465/413 22/503/415 133/469/416 131/488/414 
f 22/466/415 12/446/373 91/470/376 133/504/416 
f 16/451/381 26/453/383 101/468/386 99/471/382 
f 44/460/403 17/462/405 123/484/408 121/483/404 
s 7
f 92/539/417 94/541/418 138/138/419 135/135/420 
f 94/541/418 96/544/421 140/140/422 138/138/419 
f 96/544/421 98/546/423 142/142/424 140/140/422 
f 98/546/423 100/540/272 144/144/425 142/142/424 
f 102/542/274 104/545/426 148/148/427 145/145/428 
f 104/545/426 106/547/429 150/150/430 148/148/427 
f 106/547/429 108/548/431 152/152/432 150/150/430 
f 108/548/431 110/549/433 154/154/434 152/152/432 
f 110/549/433 112/112/435 156/583/436 154/154/434 
f 112/552/435 114/551/437 158/158/438 156/156/436 
f 114/551/437 116/553/439 160/160/440 158/158/438 
f 116/553/439 118/554/441 162/162/442 160/160/440 
f 118/554/441 120/555/443 164/164/444 162/162/442 
f 120/555/443 122/556/294 166/166/445 164/164/444 
f 124/557/296 126/558/446 170/170/447 167/167/448 
f 126/558/446 128/559/449 172/172/450 170/170/447 
f 128/559/449 130/560/451 174/174/452 172/172/450 
f 130/560/451 132/561/453 176/176/454 174/174/452 
f 132/561/453 134/535/455 178/564/456 176/176/454 
f 134/543/455 92/539/417 135/135/420 178/178/456 
f 100/540/272 102/542/274 145/145/428 144/144/425 
f 122/556/294 124/557/296 167/167/448 166/166/445 
s off
f 136/513/457 137/514/458 179/179/459 180/180/460 
f 137/514/461 139/516/462 181/181/463 179/179/464 
f 139/516/465 141/518/466 182/182/467 181/181/468 
f 141/518/469 143/520/470 183/183/471 182/182/472 
f 146/521/473 147/517/474 184/184/475 185/185/476 
f 147/517/477 149/519/478 186/186/479 184/184/480 
f 149/519/481 151/522/482 187/187/483 186/186/484 
f 151/522/485 153/523/486 188/188/487 187/187/488 
f 153/523/489 155/572/490 189/189/491 188/188/492 
f 155/524/493 157/525/494 190/190/495 189/573/496 
f 157/525/497 159/526/498 191/191/499 190/190/500 
f 159/526/501 161/527/502 192/192/503 191/191/504 
f 161/527/505 163/528/506 193/193/507 192/192/508 
f 163/528/509 165/529/510 194/194/511 193/193/512 
f 168/530/513 169/531/514 195/195/515 196/196/516 
f 169/531/517 171/532/518 197/197/519 195/195/520 
f 171/532/521 173/533/522 198/198/523 197/197/524 
f 173/533/525 175/534/526 199/199/527 198/198/528 
f 175/534/529 177/565/530 200/200/531 199/199/532 
f 177/515/533 136/513/534 180/180/535 200/566/536 
f 143/520/537 146/521/538 185/185/539 183/183/540 
f 165/529/541 168/530/542 196/196/543 194/194/544 
f 180/180/545 179/179/546 201/201/547 202/202/548 
f 179/179/549 181/181/550 203/203/551 201/201/552 
f 181/181/553 182/182/554 204/204/555 203/203/556 
f 182/182/557 183/183/558 205/205/559 204/204/560 
f 185/185/561 184/184/562 206/206/563 207/207/564 
f 184/184/565 186/186/566 208/208/567 206/206/568 
f 186/186/569 187/187/570 209/209/571 208/208/572 
f 187/187/573 188/188/574 210/210/575 209/209/576 
f 188/188/577 189/189/578 211/211/579 210/210/580 
f 189/573/581 190/190/582 212/212/583 211/575/584 
f 190/190/585 191/191/586 213/213/587 212/212/588 
f 191/191/589 192/192/590 214/214/591 213/213/592 
f 192/192/593 193/193/594 215/215/595 214/214/596 
f 193/193/597 194/194/598 216/216/599 215/215/600 
f 196/196/601 195/195/602 217/217/603 218/218/604 
f 195/195/605 197/197/606 219/219/607 217/217/608 
f 197/197/609 198/198/610 220/220/611 219/219/612 
f 198/198/613 199/199/614 221/221/615 220/220/616 
f 199/199/617 200/200/618 222/222/619 221/221/620 
f 200/566/621 180/180/622 202/202/623 222/568/624 
f 183/183/625 185/185/626 207/207/627 205/205/628 
f 194/194/629 196/196/630 218/218/631 216/216/632 
f 202/202/633 201/201/634 223/223/635 224/224/636 
f 201/201/637 203/203/638 225/225/639 223/223/640 
f 203/203/641 204/204/642 226/226/643 225/225/644 
f 204/204/645 205/205/646 227/227/647 226/226/648 
f 207/207/649 206/206/650 228/228/651 229/229/652 
f 206/206/653 208/208/654 230/230/655 228/228/656 
f 208/208/657 209/209/658 231/231/659 230/230/660 
f 209/209/661 210/210/662 232/232/663 231/231/664 
f 210/210/665 211/211/666 233/233/667 232/232/668 
f 211/575/669 212/212/670 234/234/671 233/577/672 
f 212/212/673 213/213/674 235/235/675 234/234/676 
f 213/213/677 214/214/678 236/236/679 235/235/680 
f 214/214/681 215/215/682 237/237/683 236/236/684 
f 215/215/685 216/216/686 238/238/687 237/237/688 
f 218/218/689 217/217/690 239/239/691 240/240/692 
f 217/217/693 219/219/694 241/241/695 239/239/696 
f 219/219/697 220/220/698 242/242/699 241/241/700 
f 220/220/701 221/221/702 243/243/703 242/242/704 
f 221/221/705 222/222/706 244/244/707 243/243/708 
f 222/568/709 202/202/710 224/224/711 244/570/712 
f 205/205/713 207/207/714 229/229/715 227/227/716 
f 216/216/717 218/218/718 240/240/719 238/238/720 
f 224/224/721 223/223/722 245/245/723 246/246/724 
f 223/223/725 225/225/726 247/247/727 245/245/728 
f 225/225/729 226/226/730 248/248/731 247/247/732 
f 226/226/733 227/227/734 249/249/735 248/248/736 
f 229/229/737 228/228/738 250/250/739 251/251/740 
f 228/228/741 230/230/742 252/252/743 250/250/744 
f 230/230/745 231/231/746 253/253/747 252/252/748 
f 231/231/749 232/232/750 254/254/751 253/253/752 
f 232/232/753 233/233/754 255/255/755 254/254/756 
f 233/577/757 234/234/758 256/256/759 255/578/760 
f 234/234/761 235/235/762 257/257/763 256/256/764 
f 235/235/765 236/236/766 258/258/767 257/257/768 
f 236/236/769 237/237/770 259/259/771 258/258/772 
f 237/237/773 238/238/774 260/260/775 259/259/776 
f 240/240/777 239/239/778 261/261/779 262/262/780 
f 239/239/781 241/241/782 263/263/783 261/261/784 
f 241/241/785 242/242/786 264/264/787 263/263/788 
f 242/242/789 243/243/790 265/265/791 264/264/792 
f 243/243/793 244/244/794 266/266/795 265/265/796 
f 244/570/797 224/224/798 246/246/799 266/571/800 
f 227/227/801 229/229/802 251/251/803 249/249/804 
f 238/238/805 240/240/806 262/262/807 260/260/808 
f 246/246/809 245/245/810 267/267/811 268/268/812 
f 245/245/813 247/247/814 269/269/815 267/267/816 
f 247/247/817 248/248/818 270/270/819 269/269/820 
f 248/248/821 249/249/822 271/271/823 270/270/824 
f 251/251/825 250/250/826 272/272/827 273/273/828 
f 250/250/829 252/252/830 274/274/831 272/272/832 
f 252/252/833 253/253/834 275/275/835 274/274/836 
f 253/253/837 254/254/838 276/276/839 275/275/840 
f 254/254/841 255/255/842 277/277/843 276/276/844 
f 255/578/845 256/256/846 278/278/847 277/574/848 
f 256/256/849 257/257/850 279/279/851 278/278/852 
f 257/257/853 258/258/854 280/280/855 279/279/856 
f 258/258/857 259/259/858 281/281/859 280/280/860 
f 259/259/861 260/260/862 282/282/863 281/281/864 
f 262/262/865 261/261/866 283/283/867 284/284/868 
f 261/261/869 263/263/870 285/285/871 283/283/872 
f 263/263/873 264/264/874 286/286/875 285/285/876 
f 264/264/877 265/265/878 287/287/879 286/286/880 
f 265/265/881 266/266/882 288/288/883 287/287/884 
f 266/571/885 246/246/886 268/268/887 288/567/888 
f 249/249/889 251/251/890 273/273/891 271/271/892 
f 260/260/893 262/262/894 284/284/895 282/282/896 
f 268/268/897 267/267/898 289/289/899 290/290/900 
f 267/267/901 269/269/902 291/291/903 289/289/904 
f 269/269/905 270/270/906 292/292/907 291/291/908 
f 270/270/909 271/271/910 293/293/911 292/292/912 
f 273/273/913 272/272/914 294/294/915 295/295/916 
f 272/272/917 274/274/918 296/296/919 294/294/920 
f 274/274/921 275/275/922 297/297/923 296/296/924 
f 275/275/925 276/276/926 298/298/927 297/297/928 
f 276/276/929 277/277/930 299/299/931 298/298/932 
f 277/574/933 278/278/934 300/300/935 299/576/936 
f 278/278/937 279/279/938 301/301/939 300/300/940 
f 279/279/941 280/280/942 302/302/943 301/301/944 
f 280/280/945 281/281/946 303/303/947 302/302/948 
f 281/281/949 282/282/950 304/304/951 303/303/952 
f 284/284/953 283/283/954 305/305/955 306/306/956 
f 283/283/957 285/285/958 307/307/959 305/305/960 
f 285/285/961 286/286/962 308/308/963 307/307/964 
f 286/286/965 287/287/966 309/309/967 308/308/968 
f 287/287/969 288/288/970 310/310/971 309/309/972 
f 288/567/973 268/268/974 290/290/975 310/569/976 
f 271/271/977 273/273/978 295/295/979 293/293/980 
f 282/282/981 284/284/982 306/306/983 304/304/984 
f 290/359/985 289/357/986 311/337/987 312/335/988 
f 289/357/989 291/360/990 314/338/991 311/337/992 
f 291/360/993 292/361/994 315/339/995 314/338/996 
f 292/361/997 293/362/998 316/340/999 315/339/1000 
f 295/364/1001 294/363/1002 317/342/1003 318/341/1004 
f 294/363/1005 296/365/1006 320/336/1007 317/342/1008 
f 296/365/1009 297/358/1010 321/343/1011 320/336/1012 
f 297/358/1013 298/366/1014 322/344/1015 321/343/1016 
f 298/366/1017 299/579/1018 323/345/1019 322/344/1020 
f 299/367/1021 300/368/1022 324/346/1023 323/580/1024 
f 300/368/1025 301/369/1026 325/347/1027 324/346/1028 
f 301/369/1029 302/370/1030 326/348/1031 325/347/1032 
f 302/370/1033 303/371/1034 327/349/1035 326/348/1036 
f 303/371/1037 304/372/1038 328/350/1039 327/349/1040 
f 306/374/1041 305/373/1042 329/352/1043 330/351/1044 
f 305/373/1045 307/375/1046 331/353/1047 329/352/1048 
f 307/375/1049 308/376/1050 332/354/1051 331/353/1052 
f 308/376/1053 309/377/1054 333/355/1055 332/354/1056 
f 309/377/1057 310/581/1058 334/356/1059 333/355/1060 
f 310/378/1061 290/359/1062 312/335/1063 334/582/1064 
f 293/362/1065 295/364/1066 318/341/1067 316/340/1068 
f 304/372/1069 306/374/1070 330/351/1071 328/350/1072 
#end 352 faces
#begin 1 properties
#U3D SYM 0 0 0 1 0 0 0.0001 0
#end 1 properties
