# This file uses centimeters as units for non-parametric coordinates.

mtllib bathroom4.mtl
g default
v 18.077560 278.145203 10.003806
v 20.631792 278.145416 8.419078
v 18.215097 278.056305 5.967302
v 16.397457 278.056152 7.093226
v 22.329681 278.145355 6.047419
v 19.424038 278.056274 4.277840
v 22.921202 278.144958 3.226393
v 19.841339 278.056061 2.273856
v 22.921202 278.144958 -3.226393
v 19.841339 278.056061 -2.273855
v 22.329681 278.145355 -6.047399
v 19.424038 278.056274 -4.277820
v 20.631792 278.145416 -8.419067
v 18.215097 278.056305 -5.967291
v 18.077560 278.145203 -10.003802
v 16.397457 278.056152 -7.093221
v 15.034728 278.144806 -10.558108
v 14.240856 278.056030 -7.483306
v 1.703794 278.144714 -10.628405
v 4.783569 278.055969 -7.553630
v 1.703794 278.144714 10.628398
v 4.783569 278.055969 7.553625
v 15.034728 278.144806 10.558118
v 14.240856 278.056030 7.483315
v 18.215097 279.483307 5.967302
v 16.397457 279.483154 7.093226
v 19.424038 279.483246 4.277840
v 19.841339 279.483063 2.273856
v 19.841339 279.483063 -2.273855
v 19.424038 279.483246 -4.277820
v 18.215097 279.483307 -5.967291
v 16.397457 279.483154 -7.093221
v 14.240856 279.483002 -7.483306
v 4.783569 279.482971 -7.553630
v 4.783569 279.482971 7.553625
v 14.240856 279.483002 7.483315
v 20.232227 279.557190 7.980325
v 20.631792 279.002380 8.419078
v 18.077560 279.002075 10.003806
v 17.868725 279.556732 9.446598
v 21.790379 279.557159 5.803873
v 22.329681 279.002350 6.047419
v 22.343367 279.555969 3.164745
v 22.921202 279.001526 3.226393
v 22.343361 279.555969 -3.164744
v 22.921202 279.001526 -3.226393
v 21.790371 279.557159 -5.803849
v 22.329681 279.002319 -6.047399
v 20.232229 279.557190 -7.980318
v 20.631792 279.002411 -8.419067
v 17.868725 279.556732 -9.446592
v 18.077560 279.002075 -10.003802
v 14.981746 279.555420 -9.972016
v 15.034728 279.001190 -10.558108
v 2.281947 279.555054 -10.038877
v 1.703794 279.000977 -10.628405
v 2.281952 279.555054 10.038865
v 1.703794 279.000977 10.628398
v 14.981746 279.555420 9.972021
v 15.034728 279.001190 10.558118
v -1.853970 256.974121 9.809128
v 3.410719 256.974121 8.140754
v -1.853970 276.592407 9.809128
v 2.243306 276.592407 9.809128
v -1.853970 276.592407 -9.809128
v 2.243306 276.592407 -9.809128
v -1.853970 256.974121 -9.809128
v 3.410719 256.974121 -8.140754
v 15.193426 256.974121 -6.461641
v 16.743267 256.974121 -5.426069
v 17.778851 256.974121 -3.876227
v 18.142488 256.974121 -2.048063
v 13.365263 256.974121 -6.825285
v 22.161314 276.592407 -2.943425
v 21.592646 276.592407 -5.570815
v 19.973253 276.592407 -7.798210
v 17.549677 276.592407 -9.286507
v 14.690888 276.592407 -9.809128
v 17.778851 256.974121 3.876227
v 16.743267 256.974121 5.426069
v 15.193426 256.974121 6.461641
v 13.365263 256.974121 6.825285
v 18.142488 256.974121 2.048063
v 17.549677 276.592407 9.286507
v 19.973253 276.592407 7.798210
v 21.592646 276.592407 5.570815
v 22.161314 276.592407 2.943425
v 14.690888 276.592407 9.809128
v -1.853970 275.886414 9.809128
v -1.853970 275.886414 -9.809128
v 2.285319 275.886414 -9.749088
v 14.626616 275.886414 -9.749088
v 17.461000 275.886414 -9.229666
v 19.863878 275.886414 -7.750479
v 21.469442 275.886414 -5.536718
v 22.033239 275.886414 -2.925409
v 22.033239 275.886414 2.925409
v 21.469442 275.886414 5.536718
v 19.863878 275.886414 7.750479
v 17.461000 275.886414 9.229666
v 14.626615 275.886414 9.749088
v 2.285319 275.886414 9.749088
v -1.853970 277.217804 9.809128
v 2.243306 277.217804 9.809128
v 2.243306 277.217804 -9.809128
v -1.853970 277.217804 -9.809128
v -1.721933 277.217804 9.176905
v 2.111266 277.217804 9.176905
v 2.111266 277.217804 -9.176905
v -1.721933 277.217804 -9.176905
v -1.721933 277.458221 9.176905
v 2.111266 277.458221 9.176905
v -1.721933 277.458221 -9.176905
v -1.753751 277.688049 9.584205
v -1.821054 277.688049 9.421720
v -1.753751 277.525513 9.421720
v -1.591264 277.458221 9.421720
v -1.591264 277.525513 9.584205
v -1.591264 277.688049 9.651508
v 2.143085 277.688049 9.584205
v 1.980600 277.688049 9.651508
v 1.980614 277.525513 9.584205
v 1.980600 277.458221 9.421720
v 2.143085 277.525513 9.421720
v 2.210388 277.688049 9.421720
v 2.030536 277.458221 -9.097880
v 2.111266 277.458221 -8.907097
v 2.111266 277.295746 -9.176905
v 1.835639 277.458221 -9.176905
v 2.145668 277.678802 -9.586958
v 2.210388 277.678619 -9.431118
v 2.141311 277.523102 -8.926807
v 1.975715 277.458221 -7.716185
v 1.979326 277.458221 -8.722270
v 1.989035 277.458221 -9.413804
v 2.016834 277.516571 -9.572821
v 1.989419 277.679199 -9.651508
v -1.753751 277.688141 -9.584205
v -1.591264 277.688049 -9.651508
v -1.591264 277.525513 -9.584205
v -1.591264 277.458221 -9.421720
v -1.753751 277.525513 -9.421825
v -1.821054 277.688049 -9.421720
v -1.753751 293.636566 9.421720
v -1.821054 293.473999 9.421720
v -1.753751 293.473999 9.584205
v -1.591264 293.473999 9.651508
v -1.591264 293.636566 9.584205
v -1.591264 293.703827 9.421720
v 2.143085 293.636566 9.421720
v 1.980600 293.703827 9.421720
v 1.980600 293.636566 9.584205
v 1.980600 293.473999 9.651508
v 2.143085 293.473999 9.584205
v 2.210388 293.473999 9.421720
v 1.980328 293.636475 -9.584205
v 1.980600 293.703827 -9.421720
v 2.143085 293.636475 -9.421429
v 2.210388 293.473999 -9.421720
v 2.143085 293.473999 -9.584205
v 1.980600 293.473999 -9.651508
v -1.753751 293.636566 -9.421720
v -1.591264 293.703827 -9.421720
v -1.591264 293.636566 -9.584205
v -1.591264 293.473999 -9.651508
v -1.753751 293.473999 -9.584205
v -1.821054 293.473999 -9.421720
v -1.723888 277.555389 9.554342
v 2.113227 277.555389 9.554342
v 2.102585 277.482300 -9.345586
v -1.723886 277.555511 -9.554465
v -1.723888 293.606689 9.554342
v 2.113221 293.606689 9.554342
v 2.113116 293.606689 -9.554231
v -1.723888 293.606689 -9.554342
v -1.853970 256.974121 10.883505
v 3.410719 256.974121 9.032396
v 2.285319 275.886414 10.816890
v -1.853970 275.886414 10.883505
v -1.853970 275.886414 -10.883505
v 2.285319 275.886414 -10.816890
v 3.410719 256.974121 -9.032396
v -1.853970 256.974121 -10.883505
v 18.905127 276.592407 6.726335
v 16.814674 276.592407 8.010064
v 20.301931 276.592407 4.805099
v 20.792433 276.592407 2.538847
v 20.792433 276.592407 -2.538847
v 20.301931 276.592407 -4.805099
v 18.905127 276.592407 -6.726335
v 16.814674 276.592407 -8.010064
v 14.348831 276.592407 -8.460850
v 3.612190 276.592407 -8.460850
v 3.612190 276.592407 8.460850
v 14.348831 276.592407 8.460850
v 18.581705 274.975586 6.401780
v 16.592121 274.975586 7.623566
v 19.911118 274.975586 4.573247
v 20.377962 274.975586 2.416344
v 20.377962 274.975586 -2.416344
v 19.911118 274.975586 -4.573247
v 18.581705 274.975586 -6.401780
v 16.592121 274.975586 -7.623566
v 14.245261 274.975586 -8.052601
v 4.026674 274.975586 -8.052601
v 4.026674 274.975586 8.052601
v 14.245261 274.975586 8.052601
v 17.919468 273.201874 5.737214
v 16.136431 273.201874 6.832167
v 19.110878 273.201874 4.098500
v 19.529245 273.201874 2.165504
v 19.529245 273.201874 -2.165504
v 19.110878 273.201874 -4.098500
v 17.919468 273.201874 -5.737214
v 16.136431 273.201874 -6.832167
v 14.033185 273.201874 -7.216664
v 4.875381 273.201874 -7.216664
v 4.875381 273.201874 7.216664
v 14.033185 273.201874 7.216664
v 17.001518 271.616119 4.398607
v 15.504748 271.616119 5.238086
v 18.001606 271.616119 3.142238
v 18.352798 271.616119 1.660249
v 18.352798 271.616119 -1.660249
v 18.001606 271.616119 -3.142238
v 17.001518 271.616119 -4.398607
v 15.504748 271.616119 -5.238086
v 13.739214 271.616119 -5.532873
v 6.051832 271.616119 -5.532873
v 6.051832 271.616119 5.532873
v 13.739214 271.616119 5.532873
v 14.950184 270.562592 3.466681
v 13.872804 270.562592 4.128300
v 15.670089 270.562592 2.476497
v 15.922884 270.562592 1.308494
v 15.922884 270.562592 -1.308494
v 15.670089 270.562592 -2.476497
v 14.950184 270.562592 -3.466681
v 13.872804 270.562592 -4.128300
v 12.601915 270.562592 -4.360631
v 7.068372 270.562592 -4.360631
v 7.068372 270.562592 4.360631
v 12.601915 270.562592 4.360631
v 14.423188 269.820190 2.937820
v 13.510142 269.820190 3.498505
v 15.033254 269.820190 2.098694
v 15.247485 269.820190 1.108876
v 15.247485 269.820190 -1.108876
v 15.033254 269.820190 -2.098694
v 14.423188 269.820190 -2.937820
v 13.510142 269.820190 -3.498505
v 12.433148 269.820190 -3.695392
v 7.743766 269.820190 -3.695392
v 7.743766 269.820190 3.695392
v 12.433148 269.820190 3.695392
v 12.754520 267.306976 1.985923
v 12.137323 267.306976 2.364938
v 13.166928 267.306976 1.418686
v 13.311757 267.306976 0.749584
v 13.311757 267.306976 -0.749584
v 13.166928 267.306976 -1.418686
v 12.754520 267.306976 -1.985923
v 12.137323 267.306976 -2.364938
v 11.409293 267.306976 -2.498031
v 8.239344 267.306976 -2.498031
v 8.239344 267.306976 2.498031
v 11.409293 267.306976 2.498031
v 11.233225 264.937439 1.198502
v 10.860747 264.937439 1.427237
v 11.482108 264.937439 0.856176
v 11.569513 264.937439 0.452373
v 11.569513 264.937439 -0.452373
v 11.482108 264.937439 -0.856176
v 11.233225 264.937439 -1.198502
v 10.860747 264.937439 -1.427237
v 10.421374 264.937439 -1.507559
v 8.508314 264.724304 -1.507559
v 8.508314 264.724304 1.507559
v 10.421374 264.937439 1.507559
v 8.034549 266.664154 2.008013
v 8.034549 266.664154 -2.008013
v 8.250761 264.855103 1.211834
v 8.250761 264.855103 -1.211834
v 7.532875 266.321136 1.699934
v 7.532875 266.321136 -1.699934
v 7.715918 264.708649 1.025908
v 7.715918 264.708649 -1.025908
v 5.793934 265.628174 1.221508
v 5.793934 265.628174 -1.221508
v 5.925459 264.469482 0.737178
v 5.925459 264.469482 -0.737178
v 19.973253 277.161469 7.798210
v 17.549677 277.161469 9.286507
v 18.905127 277.161469 6.726335
v 16.814674 277.161469 8.010064
v 21.592646 277.161469 5.570815
v 20.301931 277.161469 4.805099
v 22.161314 277.161469 2.943425
v 20.792433 277.161469 2.538847
v 22.161314 277.161469 -2.943425
v 20.792433 277.161469 -2.538847
v 21.592646 277.161469 -5.570815
v 20.301931 277.161469 -4.805099
v 19.973253 277.161469 -7.798210
v 18.905127 277.161469 -6.726335
v 17.549677 277.161469 -9.286507
v 16.814674 277.161469 -8.010064
v 14.690888 277.161469 -9.809128
v 14.348831 277.161469 -8.460850
v 2.243306 277.161469 -9.809128
v 3.612190 277.161469 -8.460850
v 2.243306 277.161469 9.809128
v 3.612190 277.161469 8.460850
v 14.690888 277.161469 9.809128
v 14.348831 277.161469 8.460850
v 17.937920 277.252380 5.755727
v 16.149120 277.252380 6.854214
v 19.133158 277.252380 4.111725
v 19.552879 277.252380 2.172492
v 19.552879 277.252380 -2.172492
v 19.133158 277.252380 -4.111725
v 17.937920 277.252380 -5.755727
v 16.149120 277.252380 -6.854214
v 14.039091 277.252380 -7.239951
v 4.851740 277.252380 -7.239951
v 4.851740 277.252380 7.239951
v 14.039091 277.252380 7.239951
v 17.937920 278.050446 5.755731
v 16.149120 278.050446 6.854218
v 19.133156 278.050446 4.111723
v 19.552902 278.050446 2.172493
v 19.552902 278.050446 -2.172493
v 19.133156 278.050446 -4.111723
v 17.937920 278.050446 -5.755731
v 16.149120 278.050446 -6.854218
v 14.039091 278.050446 -7.239952
v 4.851733 278.050446 -7.239952
v 4.851733 278.050446 7.239952
v 14.039091 278.050446 7.239952
v 20.266258 277.161469 8.084450
v 20.366484 277.306274 8.192820
v 17.767590 277.161469 9.618858
v 17.820282 277.306274 9.756430
v 21.932768 277.161469 5.792250
v 22.067822 277.306274 5.852714
v 22.520473 277.161469 3.076879
v 22.665281 277.306274 3.092370
v 22.520473 277.161469 -3.076879
v 22.665281 277.306274 -3.092370
v 21.932768 277.161469 -5.792250
v 22.067822 277.306274 -5.852714
v 20.266258 277.161469 -8.084450
v 20.366484 277.306274 -8.192820
v 17.767590 277.161469 -9.618858
v 17.820282 277.306274 -9.756430
v 14.803688 277.161469 -10.160693
v 14.816816 277.306274 -10.305496
v 1.884157 277.161469 -10.160693
v 1.739355 277.306274 -10.305496
v 1.884157 277.161469 10.160693
v 1.739355 277.306274 10.305496
v 14.803688 277.161469 10.160693
v 14.816816 277.306274 10.305496
v 20.264927 278.137390 8.083009
v 20.366484 277.994537 8.192820
v 17.820282 277.994507 9.756430
v 17.766870 278.137329 9.617004
v 21.930958 278.137390 5.791446
v 22.067822 277.994537 5.852714
v 22.518463 278.137207 3.076663
v 22.665281 277.994446 3.092370
v 22.518463 278.137207 -3.076663
v 22.665281 277.994446 -3.092370
v 21.930958 278.137390 -5.791446
v 22.067822 277.994537 -5.852714
v 20.264927 278.137390 -8.083009
v 20.366484 277.994537 -8.192820
v 17.766870 278.137329 -9.617004
v 17.820282 277.994507 -9.756430
v 14.803501 278.137085 -10.158622
v 14.816816 277.994415 -10.305496
v 1.886256 278.137054 -10.158596
v 1.739355 277.994354 -10.305496
v 1.886256 278.137054 10.158595
v 1.739355 277.994354 10.305496
v 14.803501 278.137085 10.158622
v 14.816816 277.994415 10.305496
v 1.894639 293.703827 8.968229
v -1.505303 293.703827 8.968229
v 1.894639 293.703827 -8.968229
v -1.505303 293.703827 -8.968229
v 1.894639 294.003387 8.968229
v -1.505303 294.003387 8.968229
v 1.894639 294.003387 -8.968229
v -1.505303 294.003387 -8.968229
v 1.825913 294.184662 9.561737
v 1.825913 294.003387 9.380507
v 2.197208 294.184662 9.380507
v -1.807872 294.184662 9.380507
v -1.436576 294.003387 9.380507
v -1.436576 294.184662 9.561737
v 2.197208 294.184662 -9.380507
v 1.825913 294.003387 -9.380507
v 1.825913 294.184662 -9.561737
v -1.436576 294.184662 -9.561737
v -1.436576 294.003387 -9.380507
v -1.807872 294.184662 -9.380507
v 1.825913 297.699554 9.380507
v 1.825913 297.518311 9.561737
v 2.197208 297.518311 9.380507
v -1.807872 297.518311 9.380507
v -1.436576 297.518311 9.561737
v -1.436576 297.699554 9.380507
v 1.825913 297.699554 -9.380507
v 2.197208 297.518311 -9.380507
v 1.825913 297.518311 -9.561737
v -1.436576 297.699554 -9.380507
v -1.436576 297.518311 -9.561737
v -1.807872 297.518311 -9.380507
vt 0.207083 0.629023
vt 0.207079 0.598939
vt 0.216213 0.598939
vt 0.216222 0.629023
vt 0.207079 0.530124
vt 0.216213 0.530124
vt 0.222139 0.626425
vt 0.222126 0.598281
vt 0.207084 0.654315
vt 0.216222 0.654315
vt 0.207083 0.500041
vt 0.216222 0.500041
vt 0.222126 0.530782
vt 0.222139 0.649636
vt 0.207081 0.671214
vt 0.216219 0.671214
vt 0.207084 0.474749
vt 0.216223 0.474749
vt 0.222139 0.502638
vt 0.207081 0.457849
vt 0.216219 0.457849
vt 0.222139 0.479427
vt 0.906137 0.228680
vt 0.906137 0.001992
vt 0.915268 0.001992
vt 0.915268 0.228680
vt 0.921177 0.222393
vt 0.921177 0.008279
vt 0.132188 0.659534
vt 0.069794 0.659534
vt 0.079150 0.457849
vt 0.122832 0.457849
vt 0.069602 0.667063
vt 0.132380 0.667063
vt 0.059654 0.457849
vt 0.041946 0.659534
vt 0.142328 0.457849
vt 0.160036 0.659534
vt 0.041583 0.667063
vt 0.160399 0.667063
vt 0.132380 0.673131
vt 0.069602 0.673131
vt 0.043126 0.457849
vt 0.018338 0.659534
vt 0.158856 0.457849
vt 0.183644 0.659534
vt 0.041583 0.673131
vt 0.017829 0.667063
vt 0.184153 0.667063
vt 0.160399 0.673131
vt 0.032083 0.457849
vt 0.002564 0.659534
vt 0.169899 0.457849
vt 0.199418 0.659534
vt 0.017829 0.673131
vt 0.001958 0.667063
vt 0.200025 0.667063
vt 0.184153 0.673131
vt 0.001958 0.673131
vt 0.200025 0.673131
vt 0.222400 0.222663
vt 0.222400 0.013449
vt 0.424086 0.013449
vt 0.424086 0.222663
vt 0.222400 0.001992
vt 0.424086 0.001992
vt 0.431614 0.013449
vt 0.431614 0.222663
vt 0.424086 0.234120
vt 0.222400 0.234120
vt 0.438284 0.013449
vt 0.438284 0.222663
vt 0.230061 0.667062
vt 0.230061 0.457849
vt 0.236731 0.457849
vt 0.236731 0.667062
vt 0.735285 0.862207
vt 0.735285 0.666478
vt 0.736116 0.666478
vt 0.737849 0.669355
vt 0.737849 0.862207
vt 0.737849 0.667320
vt 0.726692 0.862207
vt 0.726692 0.666478
vt 0.729256 0.666478
vt 0.729256 0.862207
vt 0.505672 0.459850
vt 0.505672 0.458117
vt 0.674017 0.458117
vt 0.674017 0.459850
vt 0.503939 0.459850
vt 0.504258 0.458436
vt 0.675751 0.459850
vt 0.675433 0.458436
vt 0.505672 0.660801
vt 0.674017 0.660801
vt 0.503939 0.660802
vt 0.675751 0.660801
vt 0.505673 0.662534
vt 0.674017 0.662534
vt 0.504259 0.662217
vt 0.675433 0.662215
vt 0.326102 0.662983
vt 0.326102 0.661250
vt 0.494447 0.661250
vt 0.494447 0.662983
vt 0.324368 0.661250
vt 0.324687 0.662664
vt 0.326001 0.460199
vt 0.494447 0.460299
vt 0.496180 0.661250
vt 0.495862 0.662664
vt 0.324343 0.465577
vt 0.326003 0.458537
vt 0.494447 0.458566
vt 0.496179 0.460302
vt 0.323908 0.461111
vt 0.495862 0.458886
vt 0.324273 0.458688
vt 0.326007 0.457849
vt 0.918566 0.663746
vt 0.901415 0.865432
vt 0.890027 0.865432
vt 0.909057 0.663746
vt 0.872611 0.867684
vt 0.855459 0.665998
vt 0.864968 0.665998
vt 0.883998 0.867684
vt 0.218717 0.711232
vt 0.218717 0.735400
vt 0.201475 0.736706
vt 0.201475 0.713705
vt 0.224786 0.711232
vt 0.224786 0.735400
vt 0.218717 0.789550
vt 0.201475 0.788243
vt 0.182560 0.739381
vt 0.182560 0.718767
vt 0.218717 0.690744
vt 0.201475 0.694205
vt 0.224786 0.690744
vt 0.224786 0.789550
vt 0.218717 0.813717
vt 0.201475 0.811245
vt 0.182560 0.785568
vt 0.165649 0.744770
vt 0.165649 0.728965
vt 0.182560 0.701292
vt 0.218717 0.677054
vt 0.201475 0.681175
vt 0.224786 0.677054
vt 0.224786 0.813717
vt 0.218717 0.834206
vt 0.201475 0.830745
vt 0.182560 0.806182
vt 0.165649 0.780180
vt 0.165649 0.715567
vt 0.224786 0.834206
vt 0.218717 0.847896
vt 0.201475 0.843774
vt 0.182560 0.823658
vt 0.165649 0.795984
vt 0.224786 0.847896
vt 0.165649 0.809383
vt 0.509661 0.666905
vt 0.509661 0.847362
vt 0.492419 0.843008
vt 0.492419 0.671259
vt 0.515729 0.666905
vt 0.515729 0.847362
vt 0.473503 0.834094
vt 0.473503 0.680173
vt 0.456592 0.816137
vt 0.456592 0.698130
vt 0.445357 0.803636
vt 0.445357 0.710631
vt 0.437440 0.796542
vt 0.437440 0.717725
vt 0.410639 0.783773
vt 0.410639 0.730494
vt 0.403784 0.778547
vt 0.403784 0.735720
vt 0.383097 0.773211
vt 0.384492 0.770057
vt 0.400126 0.775262
vt 0.400126 0.739005
vt 0.383097 0.741057
vt 0.384492 0.744210
vt 0.629294 0.853593
vt 0.629294 0.879646
vt 0.616938 0.874481
vt 0.616938 0.858758
vt 0.293264 0.667062
vt 0.293264 0.457849
vt 0.299333 0.457849
vt 0.299333 0.667062
vt 0.153452 0.901745
vt 0.153452 0.881065
vt 0.161963 0.881065
vt 0.161963 0.901745
vt 0.153452 0.863533
vt 0.161963 0.863533
vt 0.153452 0.948081
vt 0.161963 0.948081
vt 0.153452 0.851818
vt 0.161963 0.851818
vt 0.153452 0.968762
vt 0.161963 0.968762
vt 0.153452 0.986294
vt 0.161963 0.986294
vt 0.153452 0.998008
vt 0.161963 0.998008
vt 0.054599 0.831470
vt 0.054599 0.677054
vt 0.063109 0.677054
vt 0.063109 0.831470
vt 0.308215 0.624308
vt 0.308215 0.594871
vt 0.315554 0.594871
vt 0.315554 0.624308
vt 0.306670 0.623663
vt 0.306670 0.594706
vt 0.308215 0.528916
vt 0.315554 0.528916
vt 0.317078 0.623655
vt 0.317076 0.594704
vt 0.308215 0.649263
vt 0.315554 0.649263
vt 0.306670 0.648108
vt 0.306670 0.529081
vt 0.308215 0.499479
vt 0.315554 0.499479
vt 0.317076 0.529083
vt 0.317078 0.648093
vt 0.308215 0.665938
vt 0.315554 0.665938
vt 0.306670 0.500124
vt 0.308215 0.474523
vt 0.315554 0.474523
vt 0.317078 0.500132
vt 0.306670 0.475679
vt 0.308215 0.457849
vt 0.315554 0.457849
vt 0.317078 0.475694
vt 0.520220 0.452402
vt 0.520220 0.232602
vt 0.527558 0.232602
vt 0.527558 0.452402
vt 0.518676 0.450858
vt 0.518676 0.234146
vt 0.529080 0.450836
vt 0.529080 0.234168
vt 0.717468 0.857735
vt 0.717468 0.666456
vt 0.720663 0.666456
vt 0.720663 0.857735
vt 0.708245 0.857735
vt 0.708245 0.666456
vt 0.711439 0.666456
vt 0.711439 0.857735
vt 0.792933 0.866070
vt 0.792933 0.665999
vt 0.828483 0.665999
vt 0.828483 0.866070
vt 0.751353 0.866549
vt 0.751353 0.666478
vt 0.786903 0.666478
vt 0.786903 0.866549
vt 0.619181 0.008653
vt 0.646420 0.025553
vt 0.620647 0.051699
vt 0.601264 0.039692
vt 0.664526 0.050845
vt 0.633540 0.069716
vt 0.637990 0.091087
vt 0.637990 0.139585
vt 0.633540 0.160955
vt 0.620647 0.178972
vt 0.601264 0.190979
vt 0.578265 0.195139
vt 0.477410 0.195889
vt 0.477410 0.034782
vt 0.578265 0.035532
vt 0.586731 0.002742
vt 0.670834 0.080929
vt 0.670834 0.149743
vt 0.664526 0.179827
vt 0.646420 0.205119
vt 0.619181 0.222019
vt 0.586731 0.227930
vt 0.444567 0.228679
vt 0.444567 0.001992
vt 0.834922 0.039692
vt 0.854305 0.051699
vt 0.867198 0.069716
vt 0.871648 0.091087
vt 0.871648 0.139585
vt 0.867198 0.160955
vt 0.854305 0.178972
vt 0.834922 0.190979
vt 0.811923 0.195139
vt 0.711068 0.195889
vt 0.711068 0.034782
vt 0.811923 0.035532
vt 0.850612 0.014595
vt 0.875816 0.030232
vt 0.892433 0.053442
vt 0.898330 0.081586
vt 0.898330 0.149085
vt 0.892433 0.177229
vt 0.875816 0.200440
vt 0.850612 0.216076
vt 0.819824 0.221680
vt 0.684390 0.222393
vt 0.684391 0.008279
vt 0.819824 0.008992
vt 0.880077 0.025553
vt 0.852839 0.008653
vt 0.880077 0.205119
vt 0.852839 0.222019
vt 0.820389 0.227930
vt 0.678225 0.228679
vt 0.678225 0.001992
vt 0.820389 0.002742
vt 0.001958 0.013449
vt 0.058101 0.031241
vt 0.058101 0.204871
vt 0.001958 0.222663
vt 0.001958 0.001992
vt 0.058101 0.021733
vt 0.211327 0.159393
vt 0.200283 0.175921
vt 0.183755 0.186965
vt 0.164259 0.190843
vt 0.164259 0.045270
vt 0.183755 0.049148
vt 0.200283 0.060191
vt 0.211327 0.076719
vt 0.215204 0.096215
vt 0.215204 0.139897
vt 0.058101 0.214380
vt 0.001958 0.234121
vt 0.065787 0.902354
vt 0.069759 0.904794
vt 0.072413 0.908444
vt 0.073345 0.912750
vt 0.073345 0.922399
vt 0.072413 0.926705
vt 0.069759 0.930356
vt 0.065787 0.932795
vt 0.061101 0.933652
vt 0.040700 0.933652
vt 0.040700 0.901498
vt 0.061101 0.901498
vt 0.079401 0.892354
vt 0.085983 0.896396
vt 0.090381 0.902446
vt 0.091925 0.909581
vt 0.091925 0.925568
vt 0.090381 0.932704
vt 0.085983 0.938753
vt 0.079401 0.942795
vt 0.037953 0.930498
vt 0.037953 0.904651
vt 0.094041 0.880266
vt 0.103778 0.886245
vt 0.110283 0.895194
vt 0.112568 0.905749
vt 0.112568 0.929400
vt 0.110283 0.939956
vt 0.103778 0.948904
vt 0.094041 0.954884
vt 0.032250 0.928515
vt 0.032250 0.906634
vt 0.097908 0.873549
vt 0.109398 0.880605
vt 0.117075 0.891165
vt 0.119771 0.903621
vt 0.119771 0.931529
vt 0.117075 0.943985
vt 0.109398 0.954544
vt 0.097908 0.961600
vt 0.013156 0.925436
vt 0.013156 0.909713
vt 0.115312 0.861715
vt 0.131274 0.870667
vt 0.084355 0.871072
vt 0.082555 0.878166
vt 0.141939 0.884065
vt 0.145684 0.899869
vt 0.145684 0.935280
vt 0.141939 0.951084
vt 0.131274 0.964482
vt 0.115312 0.973435
vt 0.084355 0.964077
vt 0.082555 0.956983
vt 0.122048 0.844715
vt 0.141063 0.856392
vt 0.096484 0.858571
vt 0.025344 0.871072
vt 0.032547 0.878166
vt 0.141063 0.978758
vt 0.122048 0.990435
vt 0.096484 0.976579
vt 0.025344 0.964077
vt 0.032547 0.956983
vt 0.099619 0.840614
vt 0.014504 0.858571
vt 0.099619 0.994535
vt 0.014504 0.976579
vt 0.001958 0.840614
vt 0.001958 0.994535
vt 0.243468 0.457849
vt 0.287162 0.457849
vt 0.285754 0.464591
vt 0.244876 0.464591
vt 0.287162 0.667062
vt 0.285754 0.660320
vt 0.243468 0.667062
vt 0.244876 0.660320
vt 0.683788 0.660801
vt 0.682055 0.660801
vt 0.682055 0.459849
vt 0.683788 0.459850
vt 0.683788 0.662534
vt 0.682374 0.662215
vt 0.683788 0.458117
vt 0.682374 0.458435
vt 0.721879 0.660801
vt 0.721880 0.662534
vt 0.722266 0.458239
vt 0.721969 0.459935
vt 0.723612 0.660801
vt 0.723294 0.662215
vt 0.721866 0.467309
vt 0.723180 0.460662
vt 0.721827 0.478038
vt 0.723593 0.465128
vt 0.745323 0.861940
vt 0.744463 0.863975
vt 0.743916 0.859969
vt 0.743878 0.849240
vt 0.745323 0.669088
vt 0.743930 0.666478
vt 0.476749 0.851284
vt 0.475906 0.853363
vt 0.473380 0.851727
vt 0.480754 0.851830
vt 0.475906 0.891301
vt 0.473295 0.889908
vt 0.729936 0.459872
vt 0.731669 0.459872
vt 0.731669 0.660823
vt 0.729936 0.660823
vt 0.731669 0.458139
vt 0.730254 0.458457
vt 0.732585 0.464708
vt 0.732585 0.655986
vt 0.731669 0.662555
vt 0.730254 0.662237
vt 0.769760 0.458139
vt 0.769760 0.459872
vt 0.768843 0.464708
vt 0.769760 0.660823
vt 0.768843 0.655986
vt 0.769757 0.662555
vt 0.771493 0.459872
vt 0.771174 0.458457
vt 0.771493 0.660819
vt 0.771173 0.662236
vt 0.463719 0.892162
vt 0.463719 0.851284
vt 0.466330 0.852678
vt 0.466330 0.890769
vt 0.848037 0.864339
vt 0.848037 0.668609
vt 0.849430 0.665999
vt 0.849430 0.866949
vt 0.334090 0.845690
vt 0.333450 0.889832
vt 0.321992 0.889832
vt 0.322703 0.845690
vt 0.341785 0.889832
vt 0.341145 0.845690
vt 0.352532 0.845690
vt 0.353242 0.889832
vt 0.549297 0.853593
vt 0.549297 0.889850
vt 0.530752 0.884748
vt 0.530752 0.858695
vt 0.683718 0.686583
vt 0.697408 0.708876
vt 0.685082 0.715974
vt 0.673367 0.696898
vt 0.702215 0.735172
vt 0.689196 0.738476
vt 0.663230 0.671687
vt 0.655835 0.684151
vt 0.702215 0.849670
vt 0.689196 0.836452
vt 0.639062 0.666456
vt 0.635155 0.679675
vt 0.521759 0.849670
vt 0.534778 0.836452
vt 0.584912 0.666456
vt 0.588819 0.679675
vt 0.521759 0.735172
vt 0.534778 0.738476
vt 0.560744 0.671687
vt 0.568139 0.684151
vt 0.526566 0.708876
vt 0.538892 0.715974
vt 0.540256 0.686583
vt 0.550607 0.696898
vt 0.542452 0.283274
vt 0.558810 0.256634
vt 0.583629 0.281450
vt 0.571914 0.300526
vt 0.557639 0.255551
vt 0.540965 0.282704
vt 0.583248 0.238867
vt 0.601161 0.268703
vt 0.536676 0.314876
vt 0.567801 0.323028
vt 0.535109 0.314734
vt 0.612199 0.232602
vt 0.621841 0.264227
vt 0.536676 0.452628
vt 0.567801 0.421004
vt 0.535109 0.454195
vt 0.677820 0.232602
vt 0.668177 0.264227
vt 0.753343 0.452628
vt 0.722218 0.421004
vt 0.706771 0.238867
vt 0.688858 0.268703
vt 0.753343 0.314876
vt 0.722218 0.323028
vt 0.731209 0.256634
vt 0.706390 0.281450
vt 0.754910 0.314734
vt 0.754910 0.454195
vt 0.747567 0.283274
vt 0.718104 0.300526
vt 0.749054 0.282704
vt 0.732380 0.255551
vt 0.969872 0.285612
vt 0.954001 0.259766
vt 0.957053 0.256641
vt 0.973417 0.283288
vt 0.930247 0.242497
vt 0.932609 0.238869
vt 0.958209 0.255573
vt 0.974884 0.282726
vt 0.975446 0.316098
vt 0.979195 0.314895
vt 0.902228 0.236432
vt 0.903652 0.232602
vt 0.980739 0.314755
vt 0.975446 0.448842
vt 0.979195 0.452672
vt 0.839450 0.236432
vt 0.838026 0.232602
vt 0.980739 0.454217
vt 0.766232 0.448842
vt 0.762483 0.452672
vt 0.811431 0.242497
vt 0.809069 0.238869
vt 0.766232 0.316098
vt 0.762483 0.314895
vt 0.787677 0.259766
vt 0.784625 0.256641
vt 0.760939 0.314755
vt 0.760939 0.454217
vt 0.771806 0.285612
vt 0.768261 0.283288
vt 0.766794 0.282726
vt 0.783469 0.255573
vt 0.820528 0.660143
vt 0.816568 0.660143
vt 0.816568 0.460072
vt 0.820528 0.460072
vt 0.816568 0.662076
vt 0.816568 0.458139
vt 0.781776 0.662076
vt 0.781776 0.660143
vt 0.781776 0.460072
vt 0.781776 0.458139
vt 0.777817 0.660143
vt 0.777817 0.460072
vt 0.866364 0.460072
vt 0.870324 0.460072
vt 0.870324 0.660143
vt 0.866364 0.660143
vt 0.866364 0.458139
vt 0.866364 0.662076
vt 0.831572 0.460072
vt 0.831572 0.660143
vt 0.831572 0.458139
vt 0.831572 0.662076
vt 0.827613 0.460072
vt 0.827613 0.660143
vt 0.507770 0.887542
vt 0.507770 0.851284
vt 0.512166 0.852017
vt 0.512166 0.886809
vt 0.842008 0.670395
vt 0.842008 0.861674
vt 0.841275 0.866070
vt 0.841275 0.665999
vt 0.523658 0.853593
vt 0.523658 0.889851
vt 0.519261 0.889118
vt 0.519261 0.854326
vt 0.834512 0.861674
vt 0.834512 0.670395
vt 0.835245 0.665999
vt 0.835245 0.866070
vt 0.377062 0.666905
vt 0.377066 0.699355
vt 0.367934 0.699355
vt 0.367924 0.666905
vt 0.377067 0.841519
vt 0.367936 0.841519
vt 0.352752 0.841519
vt 0.352753 0.699355
vt 0.361886 0.699355
vt 0.361883 0.841519
vt 0.352757 0.666905
vt 0.361895 0.666905
vt 0.877409 0.458139
vt 0.933553 0.458139
vt 0.921551 0.659824
vt 0.877409 0.659824
vt 0.924595 0.663746
vt 0.968738 0.663746
vt 0.980739 0.865432
vt 0.924595 0.865432
vt 0.361866 0.453926
vt 0.349865 0.252241
vt 0.481475 0.252241
vt 0.468024 0.453926
vt 0.349417 0.244712
vt 0.482160 0.244712
vt 0.487520 0.453926
vt 0.511702 0.252241
vt 0.305722 0.244712
vt 0.305722 0.252241
vt 0.349417 0.238644
vt 0.482160 0.238644
vt 0.512647 0.244712
vt 0.305722 0.238043
vt 0.349417 0.238043
vt 0.512647 0.238644
vt 0.268521 0.439728
vt 0.136910 0.439728
vt 0.148912 0.238043
vt 0.255070 0.238043
vt 0.136462 0.447257
vt 0.269206 0.447257
vt 0.274566 0.238043
vt 0.298747 0.439728
vt 0.092768 0.439728
vt 0.092768 0.447257
vt 0.299693 0.447257
vt 0.269206 0.453326
vt 0.136462 0.453326
vt 0.136462 0.453926
vt 0.092768 0.453926
vt 0.299693 0.453326
vt 0.444567 0.892162
vt 0.444567 0.851284
vt 0.447131 0.851284
vt 0.447131 0.892162
vt 0.456707 0.851284
vt 0.456707 0.892162
vt 0.454143 0.892162
vt 0.454143 0.854224
vt 0.455876 0.851284
vt 0.454143 0.852145
vt 0.257553 0.672718
vt 0.259285 0.672718
vt 0.259285 0.841063
vt 0.257553 0.841063
vt 0.259285 0.670985
vt 0.257871 0.671303
vt 0.297377 0.672718
vt 0.297377 0.841063
vt 0.259285 0.842797
vt 0.257871 0.842478
vt 0.297377 0.670985
vt 0.299109 0.672718
vt 0.299109 0.841063
vt 0.297377 0.842797
vt 0.298791 0.671303
vt 0.298791 0.842478
vt 0.346723 0.840038
vt 0.345056 0.840034
vt 0.344962 0.671594
vt 0.346695 0.671594
vt 0.306871 0.839939
vt 0.306871 0.671594
vt 0.344960 0.669861
vt 0.346376 0.670179
vt 0.345349 0.841768
vt 0.306871 0.841672
vt 0.305138 0.839938
vt 0.305138 0.671594
vt 0.306871 0.669860
vt 0.305457 0.841353
vt 0.305457 0.670179
vt 0.153551 0.695898
vt 0.153551 0.722194
vt 0.136309 0.723299
vt 0.136309 0.698271
vt 0.159620 0.695898
vt 0.159620 0.722194
vt 0.153551 0.836692
vt 0.136309 0.832272
vt 0.117394 0.725560
vt 0.117394 0.703131
vt 0.159620 0.836692
vt 0.117394 0.823221
vt 0.136309 0.677054
vt 0.117394 0.684116
vt 0.075207 0.836692
vt 0.075207 0.722194
vt 0.092449 0.723299
vt 0.092449 0.832272
vt 0.069138 0.836692
vt 0.069138 0.722194
vt 0.075207 0.695898
vt 0.092449 0.698271
vt 0.111364 0.725560
vt 0.111364 0.823221
vt 0.069138 0.695898
vt 0.111364 0.703131
vt 0.092449 0.677054
vt 0.111364 0.684116
vt 0.253761 0.851818
vt 0.253761 0.863303
vt 0.226960 0.874222
vt 0.226960 0.866458
vt 0.253761 0.913312
vt 0.226960 0.908027
vt 0.201691 0.884757
vt 0.201691 0.880072
vt 0.199418 0.905159
vt 0.260705 0.908213
vt 0.260705 0.858204
vt 0.287506 0.869123
vt 0.287506 0.902928
vt 0.260705 0.846719
vt 0.287506 0.861359
vt 0.312776 0.879658
vt 0.315049 0.900059
vt 0.312776 0.874973
vt 0.555650 0.855898
vt 0.574942 0.853593
vt 0.576504 0.859297
vt 0.559308 0.861248
vt 0.579055 0.878390
vt 0.566698 0.879793
vt 0.590406 0.853593
vt 0.609699 0.855898
vt 0.606040 0.861248
vt 0.588844 0.859297
vt 0.598651 0.879793
vt 0.586294 0.878390
vt 0.168774 0.874320
vt 0.168774 0.851818
vt 0.177285 0.851818
vt 0.177285 0.874320
vt 0.168774 0.972296
vt 0.177285 0.972296
vt 0.192607 0.874320
vt 0.192607 0.972296
vt 0.184096 0.972296
vt 0.184096 0.874320
vt 0.192607 0.851818
vt 0.184096 0.851818
vt 0.251523 0.670985
vt 0.251523 0.703014
vt 0.244185 0.703014
vt 0.244184 0.670985
vt 0.251523 0.842475
vt 0.244185 0.842475
vt 0.230815 0.842475
vt 0.230815 0.703014
vt 0.238154 0.703014
vt 0.238153 0.842475
vt 0.230815 0.670985
vt 0.238155 0.670985
vt 0.488617 0.887542
vt 0.488617 0.851284
vt 0.491812 0.851284
vt 0.491812 0.887542
vt 0.501388 0.851284
vt 0.501388 0.887542
vt 0.498193 0.887542
vt 0.498193 0.851284
vt 0.360297 0.855244
vt 0.360297 0.851284
vt 0.395848 0.851284
vt 0.395848 0.855244
vt 0.360297 0.890036
vt 0.395848 0.890036
vt 0.360297 0.893995
vt 0.395848 0.893995
vt 0.437983 0.851284
vt 0.437983 0.855244
vt 0.402432 0.855244
vt 0.402432 0.851284
vt 0.437983 0.890036
vt 0.402432 0.890036
vt 0.437983 0.893995
vt 0.402432 0.893995
vn -0.014030 0.999648 -0.022499
vn -0.014030 0.999648 -0.022499
vn -0.014030 0.999648 -0.022499
vn -0.014030 0.999648 -0.022499
vn -0.020576 0.999660 -0.016043
vn -0.026239 0.999630 -0.007198
vn -0.022619 0.999657 -0.013174
vn -0.015007 0.999656 -0.021531
vn -0.026239 0.999630 -0.007198
vn -0.028509 0.999593 -0.001137
vn -0.028147 0.999601 -0.002327
vn -0.022619 0.999657 -0.013174
vn -0.028509 0.999593 -0.001137
vn -0.028509 0.999593 0.001137
vn -0.028146 0.999601 0.002327
vn -0.028147 0.999601 -0.002327
vn -0.028509 0.999593 0.001137
vn -0.026239 0.999630 0.007198
vn -0.022619 0.999657 0.013175
vn -0.028146 0.999601 0.002327
vn -0.026239 0.999630 0.007198
vn -0.020576 0.999660 0.016043
vn -0.015007 0.999656 0.021531
vn -0.022619 0.999657 0.013175
vn -0.020576 0.999660 0.016043
vn -0.013033 0.999649 0.023064
vn -0.006345 0.999618 0.026885
vn -0.015007 0.999656 0.021531
vn -0.013033 0.999649 0.023064
vn -0.002568 0.999597 0.028280
vn -0.000480 0.999584 0.028848
vn -0.006345 0.999618 0.026885
vn -0.002568 0.999597 0.028280
vn 0.026569 0.999645 0.002234
vn 0.013959 0.999793 0.014821
vn -0.000480 0.999584 0.028848
vn 0.026569 0.999645 0.002234
vn 0.026569 0.999645 -0.002234
vn 0.013959 0.999793 -0.014821
vn 0.013959 0.999793 0.014821
vn 0.026569 0.999645 -0.002234
vn -0.002568 0.999597 -0.028280
vn -0.000480 0.999584 -0.028847
vn 0.013959 0.999793 -0.014821
vn -0.002568 0.999597 -0.028280
vn -0.013033 0.999649 -0.023064
vn -0.006345 0.999618 -0.026886
vn -0.000480 0.999584 -0.028847
vn -0.000220 1.000000 -0.000862
vn -0.000524 1.000000 -0.000730
vn -0.000929 0.999999 -0.000534
vn -0.001996 0.999998 -0.000165
vn -0.001996 0.999998 0.000165
vn -0.000929 0.999999 0.000534
vn -0.000524 1.000000 0.000730
vn -0.000220 1.000000 0.000862
vn -0.000060 0.999996 0.002952
vn 0.004484 0.999978 0.004811
vn 0.004484 0.999978 -0.004811
vn -0.000060 0.999996 -0.002952
vn 0.395944 0.727951 0.559747
vn 0.536752 0.726240 0.429503
vn 0.664202 0.725401 0.180635
vn 0.593111 0.727798 0.344283
vn 0.536752 0.726240 0.429503
vn 0.395944 0.727951 0.559747
vn 0.175019 0.730014 0.660642
vn 0.313011 0.729172 0.608549
vn 0.313011 0.729172 0.608549
vn 0.175019 0.730014 0.660642
vn 0.019475 0.727351 0.685990
vn 0.034692 0.727688 0.685031
vn 0.593111 0.727798 0.344283
vn 0.664202 0.725401 0.180635
vn 0.690761 0.722640 0.025312
vn 0.688242 0.723315 0.056027
vn 0.688242 0.723315 0.056027
vn 0.690761 0.722640 0.025312
vn 0.690762 0.722639 -0.025314
vn 0.688244 0.723312 -0.056031
vn 0.688244 0.723312 -0.056031
vn 0.690762 0.722639 -0.025314
vn 0.664208 0.725394 -0.180640
vn 0.593116 0.727797 -0.344275
vn 0.593116 0.727797 -0.344275
vn 0.664208 0.725394 -0.180640
vn 0.536756 0.726243 -0.429492
vn 0.395937 0.727959 -0.559740
vn 0.395937 0.727959 -0.559740
vn 0.536756 0.726243 -0.429492
vn 0.313002 0.729180 -0.608545
vn 0.175016 0.730015 -0.660641
vn 0.175016 0.730015 -0.660641
vn 0.313002 0.729180 -0.608545
vn 0.034693 0.727686 -0.685033
vn 0.019476 0.727348 -0.685992
vn 0.019476 0.727348 -0.685992
vn 0.034693 0.727686 -0.685033
vn 0.003603 0.726817 -0.686822
vn 0.003603 0.726817 -0.686822
vn -0.691919 0.721975 0.000000
vn -0.691919 0.721975 0.000000
vn -0.691919 0.721975 0.000000
vn -0.691919 0.721975 0.000000
vn 0.003602 0.726819 0.686819
vn 0.003602 0.726819 0.686819
vn 0.034692 0.727688 0.685031
vn 0.019475 0.727351 0.685990
vn -0.013178 0.999648 -0.023045
vn -0.020597 0.999659 -0.016043
vn -0.000524 1.000000 -0.000730
vn -0.000220 1.000000 -0.000862
vn -0.020597 0.999659 -0.016043
vn -0.026293 0.999627 -0.007384
vn -0.000929 0.999999 -0.000534
vn -0.000524 1.000000 -0.000730
vn -0.026293 0.999627 -0.007384
vn -0.028740 0.999586 -0.001173
vn -0.001996 0.999998 -0.000165
vn -0.000929 0.999999 -0.000534
vn -0.028740 0.999586 -0.001173
vn -0.028740 0.999586 0.001173
vn -0.001996 0.999998 0.000165
vn -0.001996 0.999998 -0.000165
vn -0.028740 0.999586 0.001173
vn -0.026293 0.999627 0.007384
vn -0.000929 0.999999 0.000534
vn -0.001996 0.999998 0.000165
vn -0.026293 0.999627 0.007384
vn -0.020598 0.999659 0.016043
vn -0.000524 1.000000 0.000730
vn -0.000929 0.999999 0.000534
vn -0.020598 0.999659 0.016043
vn -0.013178 0.999648 0.023045
vn -0.000220 1.000000 0.000862
vn -0.000524 1.000000 0.000730
vn -0.013178 0.999648 0.023045
vn -0.002857 0.999593 0.028384
vn -0.000060 0.999996 0.002952
vn -0.000220 1.000000 0.000862
vn -0.002857 0.999593 0.028384
vn 0.026577 0.999644 0.002238
vn 0.004484 0.999978 0.004811
vn -0.000060 0.999996 0.002952
vn 0.026577 0.999644 0.002238
vn 0.026577 0.999644 -0.002238
vn 0.004484 0.999978 -0.004811
vn 0.004484 0.999978 0.004811
vn 0.026577 0.999644 -0.002238
vn -0.002857 0.999593 -0.028384
vn -0.000060 0.999996 -0.002952
vn 0.004484 0.999978 -0.004811
vn -0.002857 0.999593 -0.028384
vn -0.013178 0.999648 -0.023045
vn -0.000220 1.000000 -0.000862
vn -0.000060 0.999996 -0.002952
vn 0.357019 0.000000 0.934097
vn 0.681196 0.000000 0.732101
vn 0.681197 0.000000 0.732100
vn 0.357025 0.000000 0.934095
vn 0.681196 0.000000 0.732101
vn 0.915007 0.000000 0.403438
vn 0.914999 0.000000 0.403456
vn 0.681197 0.000000 0.732100
vn 0.915007 0.000000 0.403438
vn 0.997971 0.000000 0.063663
vn 0.997971 0.000000 0.063671
vn 0.914999 0.000000 0.403456
vn 0.997971 0.000000 0.063663
vn 0.997972 0.000000 -0.063662
vn 0.997971 0.000000 -0.063670
vn 0.997971 0.000000 0.063671
vn 0.997972 0.000000 -0.063662
vn 0.915006 0.000000 -0.403441
vn 0.914998 0.000000 -0.403459
vn 0.997971 0.000000 -0.063670
vn 0.915006 0.000000 -0.403441
vn 0.681195 0.000000 -0.732102
vn 0.681197 0.000000 -0.732101
vn 0.914998 0.000000 -0.403459
vn 0.681195 0.000000 -0.732102
vn 0.357021 0.000000 -0.934096
vn 0.357028 0.000000 -0.934094
vn 0.681197 0.000000 -0.732101
vn 0.357021 0.000000 -0.934096
vn 0.038128 0.000000 -0.999273
vn 0.038129 0.000000 -0.999273
vn 0.357028 0.000000 -0.934094
vn 0.038128 0.000000 -0.999273
vn 0.005273 0.000000 -0.999986
vn 0.005273 0.000000 -0.999986
vn 0.038129 0.000000 -0.999273
vn -1.000000 0.000000 0.000000
vn -1.000000 0.000000 0.000000
vn -1.000000 0.000000 0.000000
vn -1.000000 0.000000 0.000000
vn 0.005272 0.000000 0.999986
vn 0.038127 0.000000 0.999273
vn 0.038128 0.000000 0.999273
vn 0.005272 0.000000 0.999986
vn 0.038127 0.000000 0.999273
vn 0.357019 0.000000 0.934097
vn 0.357025 0.000000 0.934095
vn 0.038128 0.000000 0.999273
vn -0.000014 1.000000 0.000000
vn -0.000014 1.000000 0.000000
vn -0.000014 1.000000 0.000000
vn -0.000014 1.000000 0.000000
vn -0.000014 1.000000 0.000000
vn -0.000014 1.000000 0.000000
vn -0.000014 1.000000 0.000000
vn -0.000014 1.000000 0.000000
vn -0.000014 1.000000 0.000000
vn -0.000014 1.000000 0.000000
vn -0.000014 1.000000 0.000000
vn -0.000014 1.000000 0.000000
vn 0.199652 -0.040249 0.979040
vn 0.199652 -0.040249 0.979040
vn 0.199652 -0.040249 0.979040
vn 0.199652 -0.040249 0.979040
vn 0.199652 -0.040249 -0.979040
vn 0.199652 -0.040249 -0.979040
vn 0.199652 -0.040249 -0.979040
vn 0.199652 -0.040249 -0.979040
vn 0.000000 -1.000000 0.000000
vn 0.000000 -1.000000 0.000000
vn 0.000000 -1.000000 0.000000
vn 0.000000 -1.000000 0.000000
vn 0.978231 -0.201903 -0.047947
vn 0.978231 -0.201903 0.047947
vn 0.976069 -0.203954 0.075445
vn 0.976069 -0.203954 -0.075445
vn -1.000000 0.000000 0.000000
vn -1.000000 0.000000 0.000000
vn -1.000000 0.000000 0.000000
vn -1.000000 0.000000 0.000000
vn 0.058480 -0.118973 -0.991174
vn 0.055119 -0.117016 -0.991599
vn 0.085883 -0.127759 -0.988080
vn 0.073870 -0.124484 -0.989468
vn 0.085883 -0.127759 0.988080
vn 0.055119 -0.117016 0.991599
vn 0.058480 -0.118973 0.991174
vn 0.073870 -0.124484 0.989468
vn 0.976069 -0.203954 -0.075445
vn 0.865271 -0.207669 -0.456267
vn 0.925790 -0.206667 -0.316546
vn 0.978231 -0.201903 -0.047947
vn 0.865271 -0.207669 -0.456267
vn 0.615028 -0.194466 -0.764149
vn 0.729251 -0.199499 -0.654518
vn 0.925790 -0.206667 -0.316546
vn 0.615028 -0.194466 -0.764149
vn 0.299983 -0.173369 -0.938058
vn 0.415975 -0.178857 -0.891614
vn 0.729251 -0.199499 -0.654518
vn 0.299983 -0.173369 -0.938058
vn 0.073870 -0.124484 -0.989468
vn 0.085883 -0.127759 -0.988080
vn 0.415975 -0.178857 -0.891614
vn 0.073870 -0.124484 0.989468
vn 0.299983 -0.173369 0.938058
vn 0.415975 -0.178857 0.891614
vn 0.085883 -0.127759 0.988080
vn 0.299983 -0.173369 0.938058
vn 0.615028 -0.194466 0.764149
vn 0.729251 -0.199499 0.654517
vn 0.415975 -0.178857 0.891614
vn 0.615028 -0.194466 0.764149
vn 0.865271 -0.207669 0.456267
vn 0.925790 -0.206667 0.316546
vn 0.729251 -0.199499 0.654517
vn 0.865271 -0.207669 0.456267
vn 0.976069 -0.203954 0.075445
vn 0.978231 -0.201903 0.047947
vn 0.925790 -0.206667 0.316546
vn 0.000000 -1.000000 0.000000
vn 0.000000 -1.000000 0.000000
vn 0.000000 -1.000000 0.000000
vn 0.000000 -1.000000 0.000000
vn 0.000000 -1.000000 0.000000
vn 0.000000 -1.000000 0.000000
vn 0.000000 -1.000000 0.000000
vn 0.000000 -1.000000 0.000000
vn 0.000000 -1.000000 0.000000
vn 0.000000 -1.000000 0.000000
vn 0.000000 -1.000000 0.000000
vn 0.000000 -1.000000 0.000000
vn -0.073992 0.997259 0.000000
vn -0.073992 0.997259 0.000000
vn -0.073992 0.997259 0.000000
vn -0.073992 0.997259 0.000000
vn -0.073992 0.997259 0.000000
vn -0.073992 0.997259 0.000000
vn -0.073992 0.997259 0.000000
vn -0.073992 0.997259 0.000000
vn -0.073992 0.997259 0.000000
vn -0.073992 0.997259 0.000000
vn -0.073992 0.997259 0.000000
vn -0.073992 0.997259 0.000000
vn -1.000000 0.000000 0.000000
vn -1.000000 0.000000 0.000000
vn -1.000000 0.000000 0.000000
vn -1.000000 0.000000 0.000000
vn 0.007283 -0.042266 -0.999080
vn 0.007283 -0.042266 -0.999080
vn 0.007283 -0.042266 -0.999080
vn 0.007283 -0.042266 -0.999080
vn 0.085883 -0.127759 -0.988080
vn 0.055119 -0.117016 -0.991599
vn 0.000000 -0.084738 -0.996403
vn 0.053114 -0.089677 -0.994554
vn 0.415975 -0.178857 -0.891614
vn 0.085883 -0.127759 -0.988080
vn 0.053114 -0.089677 -0.994554
vn 0.416511 -0.126015 -0.900355
vn 0.729251 -0.199499 -0.654518
vn 0.415975 -0.178857 -0.891614
vn 0.416511 -0.126015 -0.900355
vn 0.727246 -0.158762 -0.667763
vn 0.925790 -0.206667 -0.316546
vn 0.729251 -0.199499 -0.654518
vn 0.727246 -0.158762 -0.667763
vn 0.929015 -0.177802 -0.324526
vn 0.978231 -0.201903 -0.047947
vn 0.925790 -0.206667 -0.316546
vn 0.929015 -0.177802 -0.324526
vn 0.982590 -0.179275 -0.048759
vn 0.982590 -0.179276 0.048759
vn 0.978231 -0.201903 0.047947
vn 0.978231 -0.201903 -0.047947
vn 0.982590 -0.179275 -0.048759
vn 0.925790 -0.206667 0.316546
vn 0.978231 -0.201903 0.047947
vn 0.982590 -0.179276 0.048759
vn 0.929015 -0.177803 0.324526
vn 0.729251 -0.199499 0.654517
vn 0.925790 -0.206667 0.316546
vn 0.929015 -0.177803 0.324526
vn 0.727246 -0.158762 0.667763
vn 0.415975 -0.178857 0.891614
vn 0.729251 -0.199499 0.654517
vn 0.727246 -0.158762 0.667763
vn 0.416510 -0.126015 0.900355
vn 0.085883 -0.127759 0.988080
vn 0.415975 -0.178857 0.891614
vn 0.416510 -0.126015 0.900355
vn 0.053115 -0.089677 0.994554
vn 0.000000 -0.084738 0.996403
vn 0.055119 -0.117016 0.991599
vn 0.085883 -0.127759 0.988080
vn 0.053115 -0.089677 0.994554
vn 0.007283 -0.042266 0.999080
vn 0.007283 -0.042266 0.999080
vn 0.007283 -0.042266 0.999080
vn 0.007283 -0.042266 0.999080
vn 0.000000 0.000000 1.000000
vn 0.000000 0.000000 1.000000
vn 0.000000 0.000000 1.000000
vn 0.000000 0.000000 1.000000
vn 1.000000 0.000000 0.000000
vn 1.000000 0.000000 0.000000
vn 1.000000 0.000000 0.000000
vn 1.000000 0.000000 0.000000
vn 0.000000 0.000000 -1.000000
vn 0.000000 0.000000 -1.000000
vn 0.000000 0.000000 -1.000000
vn 0.000000 0.000000 -1.000000
vn -1.000000 0.000000 0.000000
vn -1.000000 0.000000 0.000000
vn -1.000000 0.000000 0.000000
vn -1.000000 0.000000 0.000000
vn 0.000000 1.000000 -0.000003
vn 0.000000 1.000000 -0.000003
vn 0.000000 1.000000 -0.000003
vn 0.000000 1.000000 -0.000003
vn 0.000000 1.000000 0.000000
vn 0.000000 1.000000 0.000000
vn 0.000000 1.000000 0.000000
vn 0.000000 1.000000 0.000000
vn 0.000000 1.000000 0.000003
vn 0.000000 1.000000 0.000003
vn 0.000000 1.000000 0.000003
vn 0.000000 1.000000 0.000003
vn 0.000000 1.000000 0.000000
vn 0.000000 1.000000 0.000000
vn 0.000000 1.000000 0.000000
vn 0.000000 1.000000 0.000000
vn 0.000000 0.000000 1.000000
vn 0.000000 0.000000 1.000000
vn 0.000000 0.000000 1.000000
vn 0.000000 0.000000 1.000000
vn 1.000000 0.000000 0.000000
vn 1.000000 0.000000 0.000000
vn 1.000000 0.000000 0.000000
vn 1.000000 0.000000 0.000000
vn 1.000000 0.000000 0.000000
vn 0.000000 0.000000 -1.000000
vn 0.000000 0.000000 -1.000000
vn 0.000000 0.000000 -1.000000
vn 0.000000 0.000000 -1.000000
vn 0.000000 0.000000 -1.000000
vn -1.000000 0.000000 0.000000
vn -1.000000 0.000000 0.000000
vn -1.000000 0.000000 0.000000
vn -1.000000 0.000000 0.000000
vn -0.999985 -0.004194 0.003515
vn -0.924058 -0.004030 0.382231
vn -0.924058 0.004029 0.382231
vn -0.999985 0.004194 0.003515
vn -0.382531 -0.001318 0.923942
vn -0.017968 -0.004166 0.999830
vn -0.017968 0.004166 0.999830
vn -0.382531 0.001319 0.923942
vn -0.234645 -0.971009 0.045633
vn -0.382528 -0.923943 0.001105
vn -0.382528 -0.923943 -0.001107
vn -0.238319 -0.970206 -0.043641
vn -0.924067 -0.382215 0.003382
vn -0.999985 -0.004194 0.003515
vn -0.999985 -0.004195 -0.003515
vn -0.924068 -0.382213 -0.003385
vn -0.017968 -0.004166 0.999830
vn -0.011952 -0.381234 0.924401
vn 0.011958 -0.381233 0.924402
vn 0.017968 -0.004167 0.999830
vn -0.011953 -0.924375 0.381298
vn -0.234645 -0.971009 0.045633
vn 0.224178 -0.973412 0.047056
vn 0.011959 -0.924376 0.381296
vn 0.017968 -0.004167 0.999830
vn 0.382537 -0.001318 0.923939
vn 0.382537 0.001319 0.923939
vn 0.017968 0.004166 0.999830
vn 0.924058 -0.004029 0.382231
vn 0.999985 -0.004193 0.003514
vn 0.999985 0.004192 0.003513
vn 0.924058 0.004029 0.382231
vn 0.999985 -0.004193 0.003514
vn 0.919321 -0.393493 0.003560
vn 0.918581 -0.395232 -0.001032
vn 0.999992 -0.001890 -0.003484
vn 0.373582 -0.927597 0.001159
vn 0.224178 -0.973412 0.047056
vn 0.373844 -0.927492 0.000159
vn 0.375622 -0.926771 0.001981
vn 0.000000 1.000000 0.000000
vn 0.000000 1.000000 0.000000
vn 0.000000 1.000000 0.000000
vn 0.000000 1.000000 0.000000
vn 0.000000 -1.000000 0.000003
vn 0.000000 -1.000000 0.000005
vn 0.016527 -0.955722 -0.293808
vn 0.366635 -0.930325 0.008605
vn 0.999992 -0.001890 -0.003484
vn 0.923706 0.000223 -0.383102
vn 0.923889 0.004345 -0.382636
vn 0.999985 0.004191 -0.003447
vn 0.382262 0.000219 -0.924054
vn 0.017482 -0.006275 -0.999828
vn 0.017541 0.004146 -0.999838
vn 0.382114 0.001562 -0.924114
vn 0.017482 -0.006275 -0.999828
vn 0.000431 -0.409571 -0.912278
vn -0.011304 -0.407329 -0.913212
vn -0.017930 -0.004524 -0.999829
vn 0.035912 -0.946336 -0.321183
vn 0.016527 -0.955722 -0.293808
vn -0.238319 -0.970206 -0.043641
vn -0.012284 -0.931585 -0.363317
vn -0.017930 -0.004524 -0.999829
vn -0.382529 -0.001316 -0.923943
vn -0.382529 0.001319 -0.923943
vn -0.017942 0.004160 -0.999830
vn -0.924058 -0.004027 -0.382231
vn -0.999985 -0.004195 -0.003515
vn -0.999985 0.004194 -0.003515
vn -0.924059 0.004029 -0.382229
vn -0.999985 0.004194 0.003515
vn -0.924114 0.382102 0.003382
vn -0.924114 0.382102 -0.003382
vn -0.999985 0.004194 -0.003515
vn -0.382346 0.924019 0.001105
vn -0.328071 0.942496 0.063803
vn -0.328070 0.942493 -0.063845
vn -0.382346 0.924019 -0.001105
vn -0.328071 0.942496 0.063803
vn -0.011949 0.924447 0.381123
vn 0.011949 0.924447 0.381124
vn 0.328276 0.942425 0.063797
vn -0.011952 0.381121 0.924448
vn -0.017968 0.004166 0.999830
vn 0.017968 0.004166 0.999830
vn 0.011952 0.381122 0.924448
vn 0.328276 0.942425 0.063797
vn 0.382578 0.923923 0.001102
vn 0.382579 0.923922 -0.001106
vn 0.328519 0.942354 -0.063592
vn 0.924076 0.382193 0.003382
vn 0.999985 0.004192 0.003513
vn 0.999985 0.004191 -0.003447
vn 0.924073 0.382201 -0.003385
vn 0.328519 0.942354 -0.063592
vn 0.011859 0.924346 -0.381372
vn -0.011937 0.924353 -0.381351
vn -0.328070 0.942493 -0.063845
vn 0.011848 0.381257 -0.924393
vn 0.017541 0.004146 -0.999838
vn -0.017942 0.004160 -0.999830
vn -0.011951 0.381216 -0.924409
vn 0.000000 -1.000000 0.000002
vn 0.000000 -1.000000 0.000002
vn 0.224178 -0.973412 0.047056
vn -0.234645 -0.971009 0.045633
vn 0.000000 1.000000 0.000000
vn 0.000000 1.000000 0.000000
vn 0.000000 1.000000 0.000000
vn 0.000000 1.000000 0.000000
vn 0.016527 -0.955722 -0.293808
vn 0.000000 -1.000000 0.000005
vn 0.000000 -1.000000 0.000005
vn -0.238319 -0.970206 -0.043641
vn 0.000000 1.000000 0.000000
vn 0.000000 1.000000 0.000000
vn 0.000000 1.000000 0.000000
vn 0.000000 1.000000 0.000000
vn -0.017968 -0.004166 0.999830
vn 0.017968 -0.004167 0.999830
vn 0.017968 0.004166 0.999830
vn -0.017968 0.004166 0.999830
vn 0.999985 -0.004193 0.003514
vn 0.999992 -0.001890 -0.003484
vn 0.999985 0.004191 -0.003447
vn 0.999985 0.004192 0.003513
vn 0.017482 -0.006275 -0.999828
vn -0.017930 -0.004524 -0.999829
vn -0.017942 0.004160 -0.999830
vn 0.017541 0.004146 -0.999838
vn -0.999985 -0.004195 -0.003515
vn -0.999985 -0.004194 0.003515
vn -0.999985 0.004194 0.003515
vn -0.999985 0.004194 -0.003515
vn 0.316857 0.537531 -0.781449
vn 0.316857 0.537531 -0.781449
vn 0.316857 0.537531 -0.781449
vn 0.773165 0.543303 -0.327165
vn 0.773165 0.543303 -0.327165
vn 0.773165 0.543303 -0.327165
vn -0.011952 -0.381234 0.924401
vn -0.017968 -0.004166 0.999830
vn -0.382531 -0.001318 0.923942
vn -0.325281 -0.325200 0.887940
vn -0.924058 -0.004030 0.382231
vn -0.999985 -0.004194 0.003515
vn -0.924067 -0.382215 0.003382
vn -0.887940 -0.325196 0.325284
vn -0.382528 -0.923943 0.001105
vn -0.234645 -0.971009 0.045633
vn -0.011953 -0.924375 0.381298
vn -0.325293 -0.887899 0.325300
vn 0.919321 -0.393493 0.003560
vn 0.999985 -0.004193 0.003514
vn 0.924058 -0.004029 0.382231
vn 0.887950 -0.325183 0.325270
vn 0.382537 -0.001318 0.923939
vn 0.017968 -0.004167 0.999830
vn 0.011958 -0.381233 0.924402
vn 0.325291 -0.325179 0.887944
vn 0.011959 -0.924376 0.381296
vn 0.224178 -0.973412 0.047056
vn 0.373582 -0.927597 0.001159
vn 0.325307 -0.887903 0.325274
vn 0.615722 -0.539060 -0.574718
vn 0.615722 -0.539061 -0.574718
vn 0.814085 -0.534401 -0.227335
vn 0.790883 -0.541000 -0.286047
vn 0.814085 -0.534401 -0.227335
vn 0.999992 -0.001890 -0.003484
vn 0.918581 -0.395232 -0.001032
vn 0.790883 -0.541000 -0.286047
vn 0.375622 -0.926771 0.001981
vn 0.373844 -0.927492 0.000159
vn 0.366635 -0.930325 0.008605
vn 0.349168 -0.937054 -0.003435
vn 0.366635 -0.930325 0.008605
vn 0.016527 -0.955722 -0.293808
vn 0.035912 -0.946336 -0.321183
vn 0.349168 -0.937054 -0.003435
vn -0.924068 -0.382213 -0.003385
vn -0.999985 -0.004195 -0.003515
vn -0.924058 -0.004027 -0.382231
vn -0.887942 -0.324995 -0.325479
vn -0.382529 -0.001316 -0.923943
vn -0.017930 -0.004524 -0.999829
vn -0.011304 -0.407329 -0.913212
vn -0.325158 -0.324894 -0.888097
vn -0.012284 -0.931585 -0.363317
vn -0.238319 -0.970206 -0.043641
vn -0.382528 -0.923943 -0.001107
vn -0.325367 -0.887767 -0.325586
vn -0.011949 0.924447 0.381123
vn -0.328071 0.942496 0.063803
vn -0.382346 0.924019 0.001105
vn -0.325195 0.887974 0.325192
vn -0.924114 0.382102 0.003382
vn -0.999985 0.004194 0.003515
vn -0.924058 0.004029 0.382231
vn -0.887978 0.325086 0.325291
vn -0.382531 0.001319 0.923942
vn -0.017968 0.004166 0.999830
vn -0.011952 0.381121 0.924448
vn -0.325277 0.325088 0.887982
vn 0.924058 0.004029 0.382231
vn 0.999985 0.004192 0.003513
vn 0.924076 0.382193 0.003382
vn 0.887977 0.325088 0.325290
vn 0.382578 0.923923 0.001102
vn 0.328276 0.942425 0.063797
vn 0.011949 0.924447 0.381124
vn 0.325199 0.887969 0.325202
vn 0.011952 0.381122 0.924448
vn 0.017968 0.004166 0.999830
vn 0.382537 0.001319 0.923939
vn 0.325287 0.325090 0.887978
vn 0.382114 0.001562 -0.924114
vn 0.017541 0.004146 -0.999838
vn 0.011848 0.381257 -0.924393
vn 0.325319 0.325850 -0.887688
vn 0.011859 0.924346 -0.381372
vn 0.328519 0.942354 -0.063592
vn 0.382579 0.923922 -0.001106
vn 0.325428 0.887817 -0.325389
vn 0.924073 0.382201 -0.003385
vn 0.999985 0.004191 -0.003447
vn 0.923889 0.004345 -0.382636
vn 0.887695 0.325857 -0.325291
vn -0.924059 0.004029 -0.382229
vn -0.999985 0.004194 -0.003515
vn -0.924114 0.382102 -0.003382
vn -0.887978 0.325086 -0.325291
vn -0.382346 0.924019 -0.001105
vn -0.328070 0.942493 -0.063845
vn -0.011937 0.924353 -0.381351
vn -0.325194 0.887974 -0.325194
vn -0.011951 0.381216 -0.924409
vn -0.017942 0.004160 -0.999830
vn -0.382529 0.001319 -0.923943
vn -0.325280 0.325088 -0.887981
vn 0.000000 -1.000000 0.000000
vn 0.000000 -1.000000 0.000000
vn 0.000000 -1.000000 0.000000
vn 0.000000 -1.000000 0.000000
vn 0.998234 0.059401 0.000000
vn 0.998234 0.059401 0.000000
vn 0.998234 0.059401 0.000000
vn 0.998234 0.059401 0.000000
vn 0.000000 1.000000 0.000000
vn 0.000000 1.000000 0.000000
vn 0.000000 1.000000 0.000000
vn 0.000000 1.000000 0.000000
vn -1.000000 0.000000 0.000000
vn -1.000000 0.000000 0.000000
vn -1.000000 0.000000 0.000000
vn -1.000000 0.000000 0.000000
vn 0.000000 1.000000 0.000000
vn 0.000000 1.000000 0.000000
vn 0.000000 1.000000 0.000000
vn 0.000000 1.000000 0.000000
vn 0.998234 0.059401 0.000000
vn 0.998234 0.059401 0.000000
vn 0.998234 0.059401 0.000000
vn 0.998234 0.059401 0.000000
vn 0.000000 -1.000000 0.000000
vn 0.000000 -1.000000 0.000000
vn 0.000000 -1.000000 0.000000
vn 0.000000 -1.000000 0.000000
vn -1.000000 0.000000 0.000000
vn -1.000000 0.000000 0.000000
vn -1.000000 0.000000 0.000000
vn -1.000000 0.000000 0.000000
vn -0.504471 0.265817 -0.821493
vn -0.504471 0.265817 -0.821492
vn -0.504471 0.265817 -0.821492
vn -0.504471 0.265817 -0.821493
vn -0.778904 0.269484 -0.566292
vn -0.778904 0.269484 -0.566292
vn -0.778904 0.269484 -0.566292
vn -0.778904 0.269484 -0.566292
vn -0.944388 0.257585 -0.204403
vn -0.944388 0.257585 -0.204403
vn -0.944388 0.257585 -0.204403
vn -0.944388 0.257585 -0.204403
vn -0.968678 0.248321 0.000000
vn -0.968678 0.248321 0.000000
vn -0.968678 0.248321 0.000000
vn -0.968678 0.248321 0.000000
vn -0.944388 0.257585 0.204403
vn -0.944388 0.257585 0.204403
vn -0.944388 0.257585 0.204403
vn -0.944388 0.257585 0.204403
vn -0.778904 0.269484 0.566292
vn -0.778904 0.269484 0.566292
vn -0.778904 0.269484 0.566292
vn -0.778904 0.269484 0.566292
vn -0.504471 0.265817 0.821493
vn -0.504471 0.265817 0.821493
vn -0.504471 0.265817 0.821493
vn -0.504471 0.265817 0.821493
vn -0.174050 0.251548 0.952066
vn -0.174050 0.251548 0.952066
vn -0.174050 0.251548 0.952066
vn -0.174050 0.251548 0.952066
vn 0.000000 0.244818 0.969569
vn 0.000000 0.244818 0.969569
vn 0.000000 0.244818 0.969569
vn 0.000000 0.244818 0.969569
vn 0.968676 0.248329 0.000000
vn 0.968676 0.248329 0.000000
vn 0.968676 0.248329 0.000000
vn 0.968676 0.248329 0.000000
vn 0.000000 0.244818 -0.969569
vn 0.000000 0.244818 -0.969569
vn 0.000000 0.244818 -0.969569
vn 0.000000 0.244818 -0.969569
vn -0.174050 0.251548 -0.952066
vn -0.174050 0.251548 -0.952066
vn -0.174050 0.251548 -0.952066
vn -0.174050 0.251548 -0.952066
vn -0.465292 0.457610 -0.757691
vn -0.465293 0.457610 -0.757691
vn -0.465292 0.457610 -0.757691
vn -0.465293 0.457610 -0.757691
vn -0.716925 0.462964 -0.521232
vn -0.716925 0.462964 -0.521232
vn -0.716925 0.462964 -0.521232
vn -0.716925 0.462964 -0.521232
vn -0.875031 0.445480 -0.189390
vn -0.875031 0.445480 -0.189390
vn -0.875031 0.445480 -0.189390
vn -0.875031 0.445480 -0.189390
vn -0.902051 0.431629 0.000000
vn -0.902051 0.431629 0.000000
vn -0.902051 0.431629 0.000000
vn -0.902051 0.431629 0.000000
vn -0.875031 0.445480 0.189390
vn -0.875031 0.445480 0.189390
vn -0.875031 0.445480 0.189390
vn -0.875031 0.445480 0.189390
vn -0.716925 0.462965 0.521232
vn -0.716925 0.462965 0.521232
vn -0.716925 0.462965 0.521232
vn -0.716925 0.462965 0.521232
vn -0.465293 0.457610 0.757691
vn -0.465293 0.457610 0.757691
vn -0.465293 0.457610 0.757691
vn -0.465293 0.457610 0.757691
vn -0.161798 0.436465 0.885054
vn -0.161798 0.436465 0.885054
vn -0.161798 0.436465 0.885054
vn -0.161798 0.436465 0.885054
vn 0.000000 0.426319 0.904573
vn 0.000000 0.426319 0.904573
vn 0.000000 0.426319 0.904573
vn 0.000000 0.426319 0.904573
vn 0.902053 0.431626 0.000000
vn 0.902053 0.431626 0.000000
vn 0.902053 0.431626 0.000000
vn 0.902053 0.431626 0.000000
vn 0.000000 0.426319 -0.904573
vn 0.000000 0.426319 -0.904573
vn 0.000000 0.426319 -0.904573
vn 0.000000 0.426319 -0.904573
vn -0.161798 0.436465 -0.885053
vn -0.161798 0.436465 -0.885053
vn -0.161798 0.436465 -0.885053
vn -0.161798 0.436465 -0.885053
vn -0.351287 0.722395 -0.595603
vn -0.351287 0.722395 -0.595603
vn -0.351287 0.722395 -0.595603
vn -0.351287 0.722395 -0.595603
vn -0.579107 0.687363 -0.438368
vn -0.579107 0.687363 -0.438368
vn -0.579107 0.687363 -0.438368
vn -0.579107 0.687363 -0.438368
vn -0.760140 0.626773 -0.171296
vn -0.760140 0.626773 -0.171296
vn -0.760140 0.626773 -0.171296
vn -0.760140 0.626773 -0.171296
vn -0.803117 0.595821 0.000000
vn -0.803117 0.595821 0.000000
vn -0.803117 0.595821 0.000000
vn -0.803117 0.595821 0.000000
vn -0.760140 0.626774 0.171296
vn -0.760140 0.626774 0.171296
vn -0.760140 0.626774 0.171296
vn -0.760140 0.626774 0.171296
vn -0.579107 0.687363 0.438368
vn -0.579107 0.687363 0.438368
vn -0.579107 0.687363 0.438368
vn -0.579107 0.687363 0.438368
vn -0.351287 0.722395 0.595603
vn -0.351287 0.722395 0.595603
vn -0.351287 0.722395 0.595603
vn -0.351287 0.722395 0.595603
vn -0.118173 0.730103 0.673041
vn -0.118173 0.730103 0.673041
vn -0.118173 0.730103 0.673041
vn -0.118173 0.730103 0.673041
vn 0.000000 0.727982 0.685596
vn 0.000000 0.727982 0.685596
vn 0.000000 0.727982 0.685596
vn 0.000000 0.727982 0.685596
vn 0.803117 0.595822 0.000000
vn 0.803117 0.595822 0.000000
vn 0.803117 0.595822 0.000000
vn 0.803117 0.595822 0.000000
vn 0.000000 0.727982 -0.685596
vn 0.000000 0.727982 -0.685596
vn 0.000000 0.727982 -0.685596
vn 0.000000 0.727982 -0.685596
vn -0.118173 0.730103 -0.673041
vn -0.118173 0.730103 -0.673041
vn -0.118173 0.730103 -0.673041
vn -0.118173 0.730103 -0.673041
vn -0.253453 0.864208 -0.434633
vn -0.253453 0.864208 -0.434633
vn -0.253453 0.864208 -0.434633
vn -0.253453 0.864208 -0.434633
vn -0.339716 0.903851 -0.260091
vn -0.339716 0.903851 -0.260091
vn -0.339716 0.903850 -0.260091
vn -0.339716 0.903850 -0.260091
vn -0.387260 0.917736 -0.088264
vn -0.387260 0.917736 -0.088264
vn -0.387260 0.917736 -0.088264
vn -0.387260 0.917736 -0.088264
vn -0.397787 0.917478 0.000000
vn -0.397787 0.917478 0.000000
vn -0.397787 0.917478 0.000000
vn -0.397787 0.917478 0.000000
vn -0.387260 0.917736 0.088264
vn -0.387260 0.917736 0.088264
vn -0.387260 0.917736 0.088264
vn -0.387260 0.917736 0.088264
vn -0.339716 0.903850 0.260091
vn -0.339716 0.903851 0.260091
vn -0.339716 0.903850 0.260091
vn -0.339716 0.903850 0.260091
vn -0.253453 0.864208 0.434633
vn -0.253453 0.864208 0.434633
vn -0.253453 0.864208 0.434633
vn -0.253453 0.864208 0.434633
vn -0.104696 0.790772 0.603091
vn -0.104695 0.790772 0.603091
vn -0.104695 0.790772 0.603091
vn -0.104695 0.790772 0.603091
vn 0.000000 0.743764 0.668442
vn 0.000000 0.743764 0.668442
vn 0.000000 0.743764 0.668442
vn 0.000000 0.743764 0.668442
vn 0.719626 0.694361 0.000000
vn 0.719626 0.694361 0.000000
vn 0.719626 0.694362 0.000000
vn 0.719626 0.694362 0.000000
vn 0.000000 0.743764 -0.668442
vn 0.000000 0.743764 -0.668442
vn 0.000000 0.743764 -0.668442
vn 0.000000 0.743764 -0.668442
vn -0.104696 0.790771 -0.603091
vn -0.104696 0.790771 -0.603091
vn -0.104696 0.790771 -0.603091
vn -0.104696 0.790771 -0.603091
vn -0.374025 0.699384 -0.609071
vn -0.374025 0.699384 -0.609071
vn -0.374025 0.699384 -0.609071
vn -0.374025 0.699384 -0.609071
vn -0.573919 0.704637 -0.417258
vn -0.573919 0.704637 -0.417258
vn -0.573919 0.704637 -0.417258
vn -0.573919 0.704637 -0.417258
vn -0.709999 0.687232 -0.153668
vn -0.709999 0.687232 -0.153668
vn -0.709999 0.687232 -0.153668
vn -0.709999 0.687232 -0.153668
vn -0.739702 0.672935 0.000000
vn -0.739702 0.672935 0.000000
vn -0.739702 0.672935 0.000000
vn -0.739702 0.672935 0.000000
vn -0.709999 0.687232 0.153668
vn -0.709999 0.687232 0.153668
vn -0.709999 0.687232 0.153668
vn -0.709999 0.687232 0.153668
vn -0.573919 0.704636 0.417259
vn -0.573919 0.704636 0.417259
vn -0.573919 0.704636 0.417259
vn -0.573919 0.704636 0.417259
vn -0.374025 0.699384 0.609071
vn -0.374025 0.699384 0.609071
vn -0.374025 0.699384 0.609071
vn -0.374025 0.699384 0.609071
vn -0.132190 0.677983 0.723094
vn -0.132190 0.677983 0.723094
vn -0.132190 0.677983 0.723094
vn -0.132190 0.677983 0.723094
vn 0.000000 0.667339 0.744754
vn 0.000000 0.667339 0.744754
vn 0.000000 0.667339 0.744754
vn 0.000000 0.667339 0.744754
vn 0.739703 0.672933 0.000000
vn 0.739703 0.672933 0.000000
vn 0.739703 0.672933 0.000000
vn 0.739703 0.672933 0.000000
vn 0.000000 0.667339 -0.744754
vn 0.000000 0.667339 -0.744754
vn 0.000000 0.667339 -0.744754
vn 0.000000 0.667339 -0.744754
vn -0.132190 0.677983 -0.723094
vn -0.132190 0.677983 -0.723094
vn -0.132190 0.677983 -0.723094
vn -0.132190 0.677983 -0.723094
vn -0.434697 0.556731 -0.707876
vn -0.434697 0.556731 -0.707876
vn -0.434697 0.556731 -0.707876
vn -0.434697 0.556731 -0.707876
vn -0.644036 0.604957 -0.468236
vn -0.644035 0.604957 -0.468236
vn -0.644036 0.604957 -0.468236
vn -0.644036 0.604957 -0.468236
vn -0.769524 0.616515 -0.166558
vn -0.769524 0.616515 -0.166558
vn -0.769524 0.616515 -0.166558
vn -0.769524 0.616515 -0.166558
vn -0.792246 0.610202 0.000000
vn -0.792246 0.610202 0.000000
vn -0.792246 0.610202 0.000000
vn -0.792246 0.610202 0.000000
vn -0.769524 0.616515 0.166558
vn -0.769524 0.616515 0.166558
vn -0.769524 0.616515 0.166558
vn -0.769524 0.616515 0.166558
vn -0.644036 0.604957 0.468236
vn -0.644036 0.604957 0.468236
vn -0.644036 0.604957 0.468236
vn -0.644036 0.604957 0.468236
vn -0.434697 0.556731 0.707876
vn -0.434697 0.556732 0.707876
vn -0.434697 0.556731 0.707876
vn -0.434697 0.556731 0.707876
vn -0.158108 0.476455 0.864865
vn -0.158108 0.476455 0.864865
vn -0.158108 0.476455 0.864865
vn -0.158108 0.476455 0.864865
vn 0.000000 0.430106 0.902778
vn 0.000000 0.430106 0.902778
vn 0.000000 0.430106 0.902778
vn 0.000000 0.430106 0.902778
vn 0.981108 0.193463 0.000000
vn 0.981108 0.193463 0.000000
vn 0.981108 0.193463 0.000000
vn 0.981108 0.193463 0.000000
vn 0.000000 0.430106 -0.902778
vn 0.000000 0.430106 -0.902778
vn 0.000000 0.430106 -0.902778
vn 0.000000 0.430106 -0.902778
vn -0.158108 0.476455 -0.864865
vn -0.158108 0.476455 -0.864865
vn -0.158108 0.476455 -0.864865
vn -0.158108 0.476455 -0.864865
vn -0.444922 0.526417 -0.724521
vn -0.444922 0.526417 -0.724521
vn -0.444922 0.526417 -0.724521
vn -0.444922 0.526417 -0.724521
vn -0.658038 0.581462 -0.478422
vn -0.658038 0.581462 -0.478422
vn -0.658038 0.581462 -0.478422
vn -0.658038 0.581462 -0.478422
vn -0.783709 0.597515 -0.169637
vn -0.783709 0.597515 -0.169637
vn -0.783709 0.597515 -0.169637
vn -0.783709 0.597515 -0.169637
vn -0.805660 0.592378 0.000000
vn -0.805660 0.592378 0.000000
vn -0.805660 0.592378 0.000000
vn -0.805660 0.592378 0.000000
vn -0.783709 0.597515 0.169637
vn -0.783709 0.597515 0.169637
vn -0.783709 0.597515 0.169637
vn -0.783709 0.597515 0.169637
vn -0.658038 0.581462 0.478422
vn -0.658038 0.581462 0.478422
vn -0.658038 0.581462 0.478422
vn -0.658038 0.581462 0.478422
vn -0.444922 0.526417 0.724521
vn -0.444922 0.526417 0.724521
vn -0.444922 0.526417 0.724521
vn -0.444922 0.526417 0.724521
vn -0.161731 0.437232 0.884687
vn -0.161731 0.437232 0.884687
vn -0.161731 0.437232 0.884687
vn -0.161731 0.437232 0.884687
vn -0.015654 0.373314 0.927573
vn -0.015654 0.373314 0.927573
vn -0.015654 0.373314 0.927573
vn -0.015654 0.373314 0.927573
vn 0.993619 0.112787 0.000000
vn 0.993619 0.112787 0.000000
vn 0.993619 0.112787 0.000000
vn 0.993619 0.112787 0.000000
vn -0.015654 0.373314 -0.927573
vn -0.015654 0.373314 -0.927573
vn -0.015654 0.373314 -0.927573
vn -0.015654 0.373314 -0.927573
vn -0.161731 0.437232 -0.884687
vn -0.161731 0.437232 -0.884687
vn -0.161731 0.437232 -0.884687
vn -0.161731 0.437232 -0.884687
vn 0.952813 -0.303558 0.000000
vn 0.952813 -0.303558 0.000000
vn 0.952813 -0.303558 0.000000
vn 0.952813 -0.303558 0.000000
vn 0.701137 0.333787 -0.630074
vn 0.701137 0.333787 -0.630074
vn 0.701137 0.333787 -0.630074
vn 0.701137 0.333787 -0.630074
vn 0.452802 0.891611 0.000000
vn 0.452802 0.891611 0.000000
vn 0.452802 0.891611 0.000000
vn 0.452802 0.891611 0.000000
vn 0.701137 0.333787 0.630074
vn 0.701137 0.333787 0.630074
vn 0.701137 0.333787 0.630074
vn 0.701137 0.333787 0.630074
vn 0.564425 -0.825485 0.000000
vn 0.564425 -0.825485 0.000000
vn 0.564425 -0.825485 0.000000
vn 0.564425 -0.825485 0.000000
vn 0.229377 0.406734 -0.884281
vn 0.229377 0.406734 -0.884281
vn 0.229377 0.406734 -0.884281
vn 0.229377 0.406734 -0.884281
vn -0.264109 0.964493 0.000000
vn -0.264109 0.964493 0.000000
vn -0.264109 0.964493 0.000000
vn -0.264109 0.964493 0.000000
vn 0.229377 0.406734 0.884282
vn 0.229377 0.406734 0.884281
vn 0.229377 0.406734 0.884282
vn 0.229377 0.406734 0.884281
vn 0.370185 -0.928958 0.000000
vn 0.370185 -0.928958 0.000000
vn 0.370185 -0.928958 0.000000
vn 0.370185 -0.928958 0.000000
vn 0.094983 0.393079 -0.914586
vn 0.094983 0.393079 -0.914586
vn 0.094983 0.393079 -0.914586
vn 0.094983 0.393079 -0.914586
vn -0.132400 0.991196 0.000000
vn -0.132400 0.991196 0.000000
vn -0.132400 0.991196 0.000000
vn -0.132400 0.991196 0.000000
vn 0.094983 0.393079 0.914586
vn 0.094983 0.393079 0.914586
vn 0.094983 0.393079 0.914586
vn 0.094983 0.393079 0.914586
vn 0.523298 0.000000 0.852150
vn 0.523298 0.000000 0.852150
vn 0.523298 0.000000 0.852150
vn 0.523298 0.000000 0.852150
vn -0.523298 0.000000 -0.852150
vn -0.523298 0.000000 -0.852150
vn -0.523298 0.000000 -0.852150
vn -0.523298 0.000000 -0.852150
vn 0.808828 0.000000 0.588045
vn 0.808828 0.000000 0.588045
vn 0.808828 0.000000 0.588045
vn 0.808828 0.000000 0.588045
vn -0.808828 0.000000 -0.588046
vn -0.808828 0.000000 -0.588046
vn -0.808828 0.000000 -0.588046
vn -0.808828 0.000000 -0.588046
vn 0.977369 0.000000 0.211540
vn 0.977369 0.000000 0.211540
vn 0.977369 0.000000 0.211540
vn 0.977369 0.000000 0.211540
vn -0.977370 0.000000 -0.211539
vn -0.977370 0.000000 -0.211539
vn -0.977370 0.000000 -0.211539
vn -0.977370 0.000000 -0.211539
vn 1.000000 0.000000 0.000000
vn 1.000000 0.000000 0.000000
vn 1.000000 0.000000 0.000000
vn 1.000000 0.000000 0.000000
vn -1.000000 0.000000 0.000000
vn -1.000000 0.000000 0.000000
vn -1.000000 0.000000 0.000000
vn -1.000000 0.000000 0.000000
vn 0.977369 0.000000 -0.211540
vn 0.977369 0.000000 -0.211540
vn 0.977369 0.000000 -0.211540
vn 0.977369 0.000000 -0.211540
vn -0.977370 0.000000 0.211539
vn -0.977370 0.000000 0.211539
vn -0.977370 0.000000 0.211539
vn -0.977370 0.000000 0.211539
vn 0.808828 0.000000 -0.588045
vn 0.808828 0.000000 -0.588045
vn 0.808828 0.000000 -0.588045
vn 0.808828 0.000000 -0.588045
vn -0.808828 0.000000 0.588046
vn -0.808828 0.000000 0.588046
vn -0.808828 0.000000 0.588046
vn -0.808828 0.000000 0.588046
vn 0.523298 0.000000 -0.852150
vn 0.523298 0.000000 -0.852150
vn 0.523298 0.000000 -0.852150
vn 0.523298 0.000000 -0.852150
vn -0.523298 0.000000 0.852150
vn -0.523298 0.000000 0.852150
vn -0.523298 0.000000 0.852150
vn -0.523298 0.000000 0.852150
vn 0.179832 0.000000 -0.983697
vn 0.179832 0.000000 -0.983697
vn 0.179832 0.000000 -0.983697
vn 0.179832 0.000000 -0.983697
vn -0.179832 0.000000 0.983697
vn -0.179832 0.000000 0.983697
vn -0.179832 0.000000 0.983697
vn -0.179832 0.000000 0.983697
vn 0.000000 0.000000 -1.000000
vn 0.000000 0.000000 -1.000000
vn 0.000000 0.000000 -1.000000
vn 0.000000 0.000000 -1.000000
vn 0.000000 0.000000 1.000000
vn 0.000000 0.000000 1.000000
vn 0.000000 0.000000 1.000000
vn 0.000000 0.000000 1.000000
vn -1.000000 0.000000 0.000000
vn -1.000000 0.000000 0.000000
vn -1.000000 0.000000 0.000000
vn -1.000000 0.000000 0.000000
vn 1.000000 0.000000 0.000000
vn 1.000000 0.000000 0.000000
vn 1.000000 0.000000 0.000000
vn 1.000000 0.000000 0.000000
vn 0.000000 0.000000 1.000000
vn 0.000000 0.000000 1.000000
vn 0.000000 0.000000 1.000000
vn 0.000000 0.000000 1.000000
vn 0.000000 0.000000 -1.000000
vn 0.000000 0.000000 -1.000000
vn 0.000000 0.000000 -1.000000
vn 0.000000 0.000000 -1.000000
vn 0.179832 0.000000 0.983697
vn 0.179832 0.000000 0.983697
vn 0.179832 0.000000 0.983697
vn 0.179832 0.000000 0.983697
vn -0.179832 0.000000 -0.983697
vn -0.179832 0.000000 -0.983697
vn -0.179832 0.000000 -0.983697
vn -0.179832 0.000000 -0.983697
vn -0.035599 -0.997683 -0.057970
vn -0.035599 -0.997683 -0.057970
vn -0.035599 -0.997683 -0.057970
vn -0.035599 -0.997683 -0.057970
vn -0.054221 -0.997750 -0.039421
vn -0.054221 -0.997750 -0.039421
vn -0.054221 -0.997751 -0.039421
vn -0.054221 -0.997750 -0.039421
vn -0.068760 -0.997522 -0.014882
vn -0.068760 -0.997522 -0.014882
vn -0.068760 -0.997522 -0.014882
vn -0.068760 -0.997522 -0.014882
vn -0.073144 -0.997321 0.000000
vn -0.073144 -0.997321 0.000000
vn -0.073144 -0.997321 0.000000
vn -0.073144 -0.997321 0.000000
vn -0.068760 -0.997522 0.014882
vn -0.068760 -0.997522 0.014882
vn -0.068760 -0.997522 0.014882
vn -0.068760 -0.997522 0.014882
vn -0.054221 -0.997750 0.039421
vn -0.054221 -0.997750 0.039421
vn -0.054221 -0.997750 0.039421
vn -0.054221 -0.997751 0.039421
vn -0.035599 -0.997683 0.057971
vn -0.035599 -0.997683 0.057971
vn -0.035599 -0.997683 0.057971
vn -0.035599 -0.997683 0.057971
vn -0.012975 -0.997394 0.070975
vn -0.012975 -0.997394 0.070975
vn -0.012975 -0.997394 0.070975
vn -0.012975 -0.997394 0.070975
vn 0.000000 -0.997239 0.074254
vn 0.000000 -0.997239 0.074254
vn 0.000000 -0.997239 0.074254
vn 0.000000 -0.997239 0.074254
vn 0.073144 -0.997321 0.000000
vn 0.073144 -0.997321 0.000000
vn 0.073144 -0.997321 0.000000
vn 0.073144 -0.997321 0.000000
vn 0.000000 -0.997239 -0.074254
vn 0.000000 -0.997239 -0.074254
vn 0.000000 -0.997239 -0.074254
vn 0.000000 -0.997239 -0.074254
vn -0.012975 -0.997394 -0.070975
vn -0.012975 -0.997394 -0.070975
vn -0.012975 -0.997394 -0.070975
vn -0.012975 -0.997394 -0.070975
vn -0.523298 0.000004 -0.852150
vn -0.523298 0.000004 -0.852150
vn -0.523298 0.000004 -0.852150
vn -0.523298 0.000004 -0.852150
vn -0.808830 0.000000 -0.588042
vn -0.808830 0.000000 -0.588042
vn -0.808830 0.000000 -0.588042
vn -0.808830 0.000000 -0.588042
vn -0.977368 0.000014 -0.211545
vn -0.977368 0.000014 -0.211545
vn -0.977368 0.000014 -0.211545
vn -0.977368 0.000014 -0.211545
vn -1.000000 0.000028 0.000000
vn -1.000000 0.000028 0.000000
vn -1.000000 0.000028 0.000000
vn -1.000000 0.000028 0.000000
vn -0.977368 0.000015 0.211545
vn -0.977368 0.000015 0.211545
vn -0.977368 0.000015 0.211545
vn -0.977368 0.000015 0.211545
vn -0.808830 0.000000 0.588043
vn -0.808830 0.000000 0.588043
vn -0.808830 0.000000 0.588043
vn -0.808830 0.000000 0.588043
vn -0.523298 0.000004 0.852150
vn -0.523298 0.000004 0.852150
vn -0.523298 0.000004 0.852150
vn -0.523298 0.000004 0.852150
vn -0.179830 0.000003 0.983698
vn -0.179830 0.000003 0.983698
vn -0.179830 0.000003 0.983698
vn -0.179830 0.000003 0.983698
vn 0.000000 0.000001 1.000000
vn 0.000000 0.000001 1.000000
vn 0.000000 0.000001 1.000000
vn 0.000000 0.000001 1.000000
vn 1.000000 0.000009 0.000000
vn 1.000000 0.000009 0.000000
vn 1.000000 0.000009 0.000000
vn 1.000000 0.000009 0.000000
vn 0.000000 0.000001 -1.000000
vn 0.000000 0.000001 -1.000000
vn 0.000000 0.000001 -1.000000
vn 0.000000 0.000001 -1.000000
vn -0.179830 0.000003 -0.983698
vn -0.179830 0.000003 -0.983698
vn -0.179830 0.000003 -0.983698
vn -0.179830 0.000003 -0.983698
vn 0.403485 -0.710618 0.576386
vn 0.546438 -0.710278 0.443746
vn 0.319975 -0.711134 0.626023
vn 0.180723 -0.711175 0.679389
vn 0.546438 -0.710278 0.443746
vn 0.403485 -0.710618 0.576386
vn 0.603412 -0.712385 0.358331
vn 0.677243 -0.710875 0.189732
vn 0.180723 -0.711175 0.679389
vn 0.319975 -0.711134 0.626023
vn 0.033120 -0.708199 0.705236
vn 0.017172 -0.707760 0.706244
vn 0.677243 -0.710875 0.189732
vn 0.603412 -0.712385 0.358331
vn 0.702563 -0.709024 0.060750
vn 0.705404 -0.708284 0.027182
vn 0.705404 -0.708284 0.027182
vn 0.702563 -0.709024 0.060750
vn 0.702562 -0.709024 -0.060750
vn 0.705405 -0.708284 -0.027183
vn 0.705405 -0.708284 -0.027183
vn 0.702562 -0.709024 -0.060750
vn 0.603412 -0.712385 -0.358331
vn 0.677243 -0.710876 -0.189732
vn 0.677243 -0.710876 -0.189732
vn 0.603412 -0.712385 -0.358331
vn 0.403485 -0.710618 -0.576386
vn 0.546438 -0.710278 -0.443746
vn 0.546438 -0.710278 -0.443746
vn 0.403485 -0.710618 -0.576386
vn 0.180723 -0.711175 -0.679389
vn 0.319975 -0.711134 -0.626023
vn 0.319975 -0.711134 -0.626023
vn 0.180723 -0.711175 -0.679389
vn 0.017172 -0.707761 -0.706244
vn 0.033120 -0.708199 -0.705236
vn 0.033120 -0.708199 -0.705236
vn 0.017172 -0.707761 -0.706244
vn 0.000000 -0.707087 -0.707127
vn 0.000000 -0.707087 -0.707127
vn -0.707127 -0.707086 0.000000
vn -0.707127 -0.707086 0.000000
vn -0.707127 -0.707086 0.000000
vn -0.707127 -0.707086 0.000000
vn 0.000000 -0.707087 0.707127
vn 0.000000 -0.707087 0.707127
vn 0.017172 -0.707760 0.706244
vn 0.033120 -0.708199 0.705236
vn 0.397735 0.720037 0.568642
vn 0.539218 0.719660 0.437417
vn 0.667883 0.720436 0.186825
vn 0.595031 0.721799 0.353475
vn 0.539218 0.719660 0.437417
vn 0.397735 0.720037 0.568642
vn 0.177698 0.720881 0.669891
vn 0.316020 0.720621 0.617120
vn 0.316020 0.720621 0.617120
vn 0.177698 0.720881 0.669891
vn 0.016838 0.717903 0.695939
vn 0.032770 0.718298 0.694963
vn 0.595031 0.721799 0.353475
vn 0.667883 0.720436 0.186825
vn 0.695431 0.718094 0.026767
vn 0.692654 0.718779 0.059898
vn 0.692654 0.718779 0.059898
vn 0.695431 0.718094 0.026767
vn 0.695431 0.718094 -0.026767
vn 0.692654 0.718779 -0.059899
vn 0.692654 0.718779 -0.059899
vn 0.695431 0.718094 -0.026767
vn 0.667883 0.720436 -0.186825
vn 0.595030 0.721798 -0.353478
vn 0.595030 0.721798 -0.353478
vn 0.667883 0.720436 -0.186825
vn 0.539218 0.719658 -0.437420
vn 0.397734 0.720037 -0.568642
vn 0.397734 0.720037 -0.568642
vn 0.539218 0.719658 -0.437420
vn 0.316020 0.720621 -0.617120
vn 0.177698 0.720881 -0.669891
vn 0.177698 0.720881 -0.669891
vn 0.316020 0.720621 -0.617120
vn 0.032770 0.718296 -0.694966
vn 0.016838 0.717900 -0.695942
vn 0.016838 0.717900 -0.695942
vn 0.032770 0.718296 -0.694966
vn -0.000003 0.717284 -0.696781
vn -0.000003 0.717284 -0.696781
vn -0.696767 0.717298 0.000000
vn -0.696767 0.717298 0.000000
vn -0.696767 0.717298 0.000000
vn -0.696767 0.717298 0.000000
vn -0.000003 0.717287 0.696778
vn -0.000003 0.717287 0.696778
vn 0.032770 0.718298 0.694963
vn 0.016838 0.717903 0.695939
vn -0.013227 0.999632 -0.023695
vn -0.020867 0.999646 -0.016480
vn -0.015194 0.999639 -0.022143
vn -0.006460 0.999597 -0.027624
vn -0.020867 0.999646 -0.016480
vn -0.026596 0.999619 -0.007402
vn -0.022894 0.999645 -0.013600
vn -0.015194 0.999639 -0.022143
vn -0.026596 0.999619 -0.007402
vn -0.028892 0.999582 -0.001166
vn -0.028511 0.999591 -0.002435
vn -0.022894 0.999645 -0.013600
vn -0.028892 0.999582 -0.001166
vn -0.028892 0.999582 0.001166
vn -0.028511 0.999591 0.002435
vn -0.028511 0.999591 -0.002435
vn -0.028892 0.999582 0.001166
vn -0.026596 0.999619 0.007402
vn -0.022894 0.999645 0.013600
vn -0.028511 0.999591 0.002435
vn -0.026596 0.999619 0.007402
vn -0.020867 0.999646 0.016480
vn -0.015194 0.999639 0.022143
vn -0.022894 0.999645 0.013600
vn -0.020867 0.999646 0.016480
vn -0.013227 0.999632 0.023695
vn -0.006460 0.999597 0.027624
vn -0.015194 0.999639 0.022143
vn -0.013227 0.999632 0.023695
vn -0.002554 0.999576 0.029019
vn -0.000312 0.999562 0.029589
vn -0.006460 0.999597 0.027624
vn -0.002554 0.999576 0.029019
vn 0.026958 0.999634 0.002273
vn 0.014216 0.999783 0.015226
vn -0.000312 0.999562 0.029589
vn 0.026958 0.999634 0.002273
vn 0.026958 0.999634 -0.002273
vn 0.014216 0.999783 -0.015226
vn 0.014216 0.999783 0.015226
vn 0.026958 0.999634 -0.002273
vn -0.002554 0.999576 -0.029019
vn -0.000312 0.999562 -0.029589
vn 0.014216 0.999783 -0.015226
vn -0.002554 0.999576 -0.029019
vn -0.013227 0.999632 -0.023695
vn -0.006460 0.999597 -0.027624
vn -0.000312 0.999562 -0.029589
vn 0.000000 -1.000000 -0.000001
vn 0.000000 -1.000000 0.000000
vn 0.000000 -1.000000 0.000000
vn 0.000000 -1.000000 -0.000001
vn 0.000000 -1.000000 0.000000
vn 0.000000 -1.000000 0.000000
vn 0.000000 -1.000000 0.000000
vn 0.000000 -1.000000 0.000000
vn 0.000000 -1.000000 0.000000
vn 0.000000 -1.000000 0.000000
vn 0.000000 -1.000000 0.000000
vn 0.000000 -1.000000 0.000000
vn 0.000000 -1.000000 0.000000
vn 0.000000 -1.000000 0.000000
vn 0.000000 -1.000000 0.000000
vn 0.000000 -1.000000 0.000000
vn 0.000000 -1.000000 0.000000
vn 0.000000 -1.000000 0.000000
vn 0.000000 -1.000000 0.000000
vn 0.000000 -1.000000 0.000000
vn 0.000000 -1.000000 0.000000
vn 0.000000 -1.000000 -0.000001
vn 0.000000 -1.000000 0.000000
vn 0.000000 -1.000000 0.000000
vn 0.000000 -1.000000 -0.000001
vn 0.000000 -1.000000 0.000001
vn 0.000000 -1.000000 -0.000001
vn 0.000000 -1.000000 0.000000
vn 0.000000 -1.000000 0.000001
vn 0.000000 -1.000000 -0.000001
vn 0.000000 -1.000000 0.000000
vn 0.000000 -1.000000 -0.000001
vn 0.000000 -1.000000 -0.000001
vn 0.000000 -1.000000 0.000000
vn 0.000000 -1.000000 0.000000
vn 0.000000 -1.000000 0.000000
vn 0.000000 -1.000000 0.000000
vn 0.000000 -1.000000 0.000000
vn 0.000000 -1.000000 0.000000
vn 0.000000 -1.000000 0.000000
vn 0.000000 -1.000000 0.000000
vn 0.000000 -1.000000 -0.000001
vn 0.000000 -1.000000 -0.000001
vn 0.000000 -1.000000 0.000000
vn 0.000000 -1.000000 -0.000001
vn 0.000000 -1.000000 -0.000001
vn 0.000000 -1.000000 -0.000001
vn 0.000000 -1.000000 -0.000001
vn 0.355785 0.000000 0.934568
vn 0.676681 0.000000 0.736276
vn 0.676681 0.000000 0.736276
vn 0.355786 0.000000 0.934567
vn 0.676681 0.000000 0.736276
vn 0.911678 0.000000 0.410905
vn 0.911677 0.000000 0.410907
vn 0.676681 0.000000 0.736276
vn 0.911678 0.000000 0.410905
vn 0.997777 0.000000 0.066647
vn 0.997777 0.000000 0.066647
vn 0.911677 0.000000 0.410907
vn 0.997777 0.000000 0.066647
vn 0.997777 0.000000 -0.066647
vn 0.997777 0.000000 -0.066647
vn 0.997777 0.000000 0.066647
vn 0.997777 0.000000 -0.066647
vn 0.911678 0.000000 -0.410905
vn 0.911677 0.000000 -0.410907
vn 0.997777 0.000000 -0.066647
vn 0.911678 0.000000 -0.410905
vn 0.676681 0.000000 -0.736276
vn 0.676681 0.000000 -0.736276
vn 0.911677 0.000000 -0.410907
vn 0.676681 0.000000 -0.736276
vn 0.355785 0.000000 -0.934568
vn 0.355786 0.000000 -0.934567
vn 0.676681 0.000000 -0.736276
vn 0.355785 0.000000 -0.934568
vn 0.034127 0.000000 -0.999418
vn 0.034127 0.000000 -0.999418
vn 0.355786 0.000000 -0.934567
vn 0.034127 0.000000 -0.999418
vn 0.000000 0.000000 -1.000000
vn 0.000000 0.000000 -1.000000
vn 0.034127 0.000000 -0.999418
vn -1.000000 0.000000 0.000000
vn -1.000000 0.000000 0.000000
vn -1.000000 0.000000 0.000000
vn -1.000000 0.000000 0.000000
vn 0.000000 0.000000 1.000000
vn 0.034127 0.000000 0.999418
vn 0.034127 0.000000 0.999418
vn 0.000000 0.000000 1.000000
vn 0.034127 0.000000 0.999418
vn 0.355785 0.000000 0.934568
vn 0.355786 0.000000 0.934567
vn 0.034127 0.000000 0.999418
vn 0.000000 1.000000 -0.000008
vn 0.000000 1.000000 -0.000008
vn 0.000000 1.000000 -0.000008
vn 0.000000 1.000000 -0.000008
vn 0.000000 1.000000 0.000000
vn 0.000000 1.000000 0.000000
vn 0.000000 1.000000 0.000000
vn 0.000000 1.000000 0.000000
vn 0.000000 1.000000 0.000004
vn 0.000000 1.000000 0.000004
vn 0.000000 1.000000 0.000004
vn 0.000000 1.000000 0.000004
vn 0.000000 1.000000 0.000000
vn 0.000000 1.000000 0.000000
vn 0.000000 1.000000 0.000000
vn 0.000000 1.000000 0.000000
vn 0.000000 0.000000 1.000000
vn 0.000000 0.000000 1.000000
vn 0.000000 0.000000 1.000000
vn 0.000000 0.000000 1.000000
vn 1.000000 0.000000 0.000000
vn 1.000000 0.000000 0.000000
vn 1.000000 0.000000 0.000000
vn 1.000000 0.000000 0.000000
vn 0.000000 0.000000 -1.000000
vn 0.000000 0.000000 -1.000000
vn 0.000000 0.000000 -1.000000
vn 0.000000 0.000000 -1.000000
vn -1.000000 0.000000 0.000000
vn -1.000000 0.000000 0.000000
vn -1.000000 0.000000 0.000000
vn -1.000000 0.000000 0.000000
vn 0.438638 0.000000 0.898664
vn 0.438638 0.000000 0.898664
vn 0.438638 0.000000 0.898664
vn 0.438638 0.000000 0.898664
vn 0.000000 -0.707014 0.707200
vn 0.000000 -0.707014 0.707200
vn 0.000000 -0.707014 0.707200
vn 0.000000 -0.707014 0.707200
vn 0.438729 -0.898620 0.000000
vn 0.438729 -0.898620 0.000000
vn 0.438729 -0.898620 0.000000
vn 0.438729 -0.898620 0.000000
vn -0.438638 0.000000 0.898664
vn -0.438638 0.000000 0.898664
vn -0.438638 0.000000 0.898664
vn -0.438638 0.000000 0.898664
vn -0.438729 -0.898620 0.000000
vn -0.438729 -0.898620 0.000000
vn -0.438729 -0.898620 0.000000
vn -0.438729 -0.898620 0.000000
vn 0.438638 0.000000 -0.898664
vn 0.438638 0.000000 -0.898664
vn 0.438638 0.000000 -0.898664
vn 0.438638 0.000000 -0.898664
vn 0.000000 -0.707014 -0.707200
vn 0.000000 -0.707014 -0.707200
vn 0.000000 -0.707014 -0.707200
vn 0.000000 -0.707014 -0.707200
vn -0.438638 0.000000 -0.898664
vn -0.438638 0.000000 -0.898664
vn -0.438638 0.000000 -0.898664
vn -0.438638 0.000000 -0.898664
vn 0.438655 0.898656 0.000000
vn 0.438655 0.898656 0.000000
vn 0.438655 0.898656 0.000000
vn 0.438655 0.898656 0.000000
vn 0.000000 0.707091 0.707122
vn 0.000000 0.707091 0.707122
vn 0.000000 0.707091 0.707122
vn 0.000000 0.707091 0.707122
vn -0.438655 0.898656 0.000000
vn -0.438655 0.898656 0.000000
vn -0.438655 0.898656 0.000000
vn -0.438655 0.898656 0.000000
vn 0.000000 0.707091 -0.707122
vn 0.000000 0.707091 -0.707122
vn 0.000000 0.707091 -0.707122
vn 0.000000 0.707091 -0.707122
vn 0.000000 1.000000 0.000000
vn 0.000000 1.000000 0.000000
vn 0.000000 1.000000 0.000000
vn 0.000000 1.000000 0.000000
vn 0.000000 -1.000000 -0.000008
vn 0.000000 -1.000000 -0.000008
vn 0.000000 -1.000000 -0.000008
vn 0.000000 -1.000000 -0.000008
vn 0.000000 1.000000 0.000000
vn 0.000000 1.000000 0.000000
vn 0.000000 1.000000 0.000000
vn 0.000000 1.000000 0.000000
vn 0.000000 -1.000000 0.000003
vn 0.000000 -1.000000 0.000003
vn 0.000000 -1.000000 0.000003
vn 0.000000 -1.000000 0.000003
vn 0.000000 1.000000 0.000000
vn 0.000000 1.000000 0.000000
vn 0.000000 1.000000 0.000000
vn 0.000000 1.000000 0.000000
vn 0.000000 0.000000 1.000000
vn 0.000000 0.000000 1.000000
vn 0.000000 0.000000 1.000000
vn 0.000000 0.000000 1.000000
vn 1.000000 0.000000 0.000000
vn 1.000000 0.000000 0.000000
vn 1.000000 0.000000 0.000000
vn 1.000000 0.000000 0.000000
vn 0.000000 0.000000 -1.000000
vn 0.000000 0.000000 -1.000000
vn 0.000000 0.000000 -1.000000
vn 0.000000 0.000000 -1.000000
vn -1.000000 0.000000 0.000000
vn -1.000000 0.000000 0.000000
vn -1.000000 0.000000 0.000000
vn -1.000000 0.000000 0.000000
vn 0.326289 -0.668320 0.668494
vn 0.326289 -0.668320 0.668494
vn 0.326289 -0.668320 0.668494
vn -0.326294 -0.668330 0.668482
vn -0.326294 -0.668330 0.668482
vn -0.326294 -0.668330 0.668482
vn 0.326289 -0.668320 -0.668494
vn 0.326289 -0.668320 -0.668494
vn 0.326289 -0.668320 -0.668494
vn -0.326294 -0.668330 -0.668482
vn -0.326294 -0.668330 -0.668482
vn -0.326294 -0.668330 -0.668482
vn 0.326265 0.668401 0.668425
vn 0.326265 0.668401 0.668425
vn 0.326265 0.668401 0.668425
vn -0.326265 0.668401 0.668424
vn -0.326265 0.668401 0.668424
vn -0.326265 0.668401 0.668424
vn 0.326265 0.668401 -0.668425
vn 0.326265 0.668401 -0.668425
vn 0.326265 0.668401 -0.668425
vn -0.326265 0.668401 -0.668424
vn -0.326265 0.668401 -0.668424
vn -0.326265 0.668401 -0.668424
s off
g bathroom7:pCube92polySurface16
usemtl initialShadingGroup
f 1/269/1 2/270/2 3/271/3 4/272/4
f 2/270/5 5/273/6 6/274/7 3/271/8
f 5/273/9 7/285/10 8/275/11 6/274/12
f 7/285/13 9/286/14 10/276/15 8/275/16
f 9/286/17 11/287/18 12/277/19 10/276/20
f 11/287/21 13/288/22 14/278/23 12/277/24
f 13/288/25 15/289/26 16/279/27 14/278/28
f 15/289/29 17/290/30 18/280/31 16/279/32
f 17/290/33 19/291/34 20/281/35 18/280/36
f 19/291/37 21/292/38 22/282/39 20/281/40
f 21/292/41 23/284/42 24/283/43 22/282/44
f 23/284/45 1/269/46 4/272/47 24/283/48
f 26/293/49 25/294/50 27/295/51 28/296/52 29/297/53 30/298/54 31/299/55 32/300/56 33/301/57 34/302/58 35/303/59 36/304/60
f 37/14/61 38/10/62 42/4/63 41/7/64
f 38/317/65 37/306/66 40/305/67 39/318/68
f 39/318/69 40/305/70 59/316/71 60/324/72
f 41/7/73 42/4/74 44/3/75 43/8/76
f 43/8/77 44/3/78 46/6/79 45/13/80
f 45/13/81 46/6/82 48/12/83 47/19/84
f 47/19/85 48/12/86 50/18/87 49/22/88
f 49/311/89 50/319/90 52/320/91 51/312/92
f 51/312/93 52/320/94 54/321/95 53/313/96
f 53/313/97 54/321/98 56/322/99 55/314/100
f 55/27/101 56/26/102 58/25/103 57/28/104
f 57/315/105 58/323/106 60/324/107 59/316/108
f 40/305/109 37/306/110 25/294/111 26/293/112
f 37/306/113 41/307/114 27/295/115 25/294/116
f 41/307/117 43/308/118 28/296/119 27/295/120
f 43/308/121 45/309/122 29/297/123 28/296/124
f 45/309/125 47/310/126 30/298/127 29/297/128
f 47/310/129 49/311/130 31/299/131 30/298/132
f 49/311/133 51/312/134 32/300/135 31/299/136
f 51/312/137 53/313/138 33/301/139 32/300/140
f 53/313/141 55/314/142 34/302/143 33/301/144
f 55/314/145 57/315/146 35/303/147 34/302/148
f 57/315/149 59/316/150 36/304/151 35/303/152
f 59/316/153 40/305/154 26/293/155 36/304/156
f 1/15/157 2/9/158 38/10/159 39/16/160
f 2/9/161 5/1/162 42/4/163 38/10/164
f 5/1/165 7/2/166 44/3/167 42/4/168
f 7/2/169 9/5/170 46/6/171 44/3/172
f 9/5/173 11/11/174 48/12/175 46/6/176
f 11/11/177 13/17/178 50/18/179 48/12/180
f 13/17/181 15/20/182 52/21/183 50/18/184
f 15/619/185 17/620/186 54/621/187 52/622/188
f 17/620/189 19/623/190 56/624/191 54/621/192
f 19/23/193 21/24/194 58/25/195 56/26/196
f 21/625/197 23/626/198 60/627/199 58/628/200
f 23/626/201 1/629/202 39/630/203 60/627/204
f 4/272/205 3/271/206 6/274/207 8/275/208 10/276/209 12/277/210 14/278/211 16/279/212 18/280/213 20/281/214 22/282/215 24/283/216
f 176/631/217 177/632/218 178/633/219 179/634/220
f 180/635/221 181/636/222 182/637/223 183/638/224
f 67/325/225 68/326/226 62/327/227 61/328/228
f 96/29/229 97/30/230 83/31/231 72/32/232
f 67/61/233 61/62/234 89/63/235 90/64/236
f 68/639/237 91/640/238 92/641/239 73/642/240
f 101/655/241 102/656/242 62/657/243 82/658/244
f 72/32/245 71/37/246 95/38/247 96/29/248
f 71/37/249 70/45/250 94/46/251 95/38/252
f 70/45/253 69/53/254 93/54/255 94/46/256
f 69/645/257 73/642/258 92/641/259 93/646/260
f 82/658/261 81/661/262 100/662/263 101/655/264
f 81/51/265 80/43/266 99/44/267 100/52/268
f 80/43/269 79/35/270 98/36/271 99/44/272
f 79/35/273 83/31/274 97/30/275 98/36/276
f 79/331/277 80/332/278 81/333/279 82/334/280 62/327/281 68/326/282 73/335/283 69/336/284 70/337/285 71/338/286 72/339/287 83/340/288
f 269/343/289 268/344/290 270/345/291 271/346/292 272/347/293 273/348/294 274/349/295 275/350/296 276/351/297 277/352/298 278/353/299 279/354/300
f 90/64/301 89/63/302 63/67/303 65/68/304
f 65/647/305 66/643/306 91/640/307 90/648/308
f 92/641/309 91/640/310 66/643/311 78/644/312
f 93/646/313 92/641/314 78/644/315 77/651/316
f 94/46/317 93/54/318 77/57/319 76/49/320
f 95/38/321 94/46/322 76/49/323 75/40/324
f 96/29/325 95/38/326 75/40/327 74/34/328
f 87/33/329 97/30/330 96/29/331 74/34/332
f 98/36/333 97/30/334 87/33/335 86/39/336
f 99/44/337 98/36/338 86/39/339 85/48/340
f 100/52/341 99/44/342 85/48/343 84/56/344
f 101/655/345 100/662/346 84/665/347 88/660/348
f 64/659/349 102/656/350 101/655/351 88/660/352
f 89/663/353 102/656/354 64/659/355 63/664/356
f 63/664/357 64/659/358 104/668/359 103/669/360
f 64/73/361 66/74/362 105/75/363 104/76/364
f 66/643/365 65/647/366 106/652/367 105/653/368
f 65/68/369 63/67/370 103/71/371 106/72/372
f 103/413/373 104/414/374 108/415/375 107/416/376
f 104/414/377 105/417/378 109/418/379 108/415/380
f 105/417/381 106/419/382 110/420/383 109/418/384
f 106/419/385 103/413/386 107/416/387 110/420/388
f 107/671/389 108/672/390 112/673/391 111/674/392
f 108/77/393 109/78/394 128/79/395 127/80/396 112/81/397
f 109/675/398 110/676/399 113/677/400 129/678/401 128/679/402
f 110/83/403 107/84/404 111/85/405 113/86/406
f 115/87/407 114/88/408 146/89/409 145/90/410
f 114/681/411 119/682/412 147/683/413 146/684/414
f 117/421/415 116/422/416 142/423/417 141/424/418
f 116/91/419 115/87/420 143/95/421 142/97/422
f 119/682/423 118/685/424 122/691/425 121/687/426
f 118/425/427 117/421/428 123/429/429 122/430/430
f 121/687/431 120/692/432 154/693/433 153/688/434
f 120/103/435 125/104/436 155/105/437 154/106/438
f 125/104/439 124/107/440 132/113/441 131/109/442
f 124/433/443 123/429/444 133/437/445 132/438/446
f 127/439/447 126/440/448 134/441/449 133/442/450
f 126/445/451 129/446/452 135/447/453 134/448/454
f 131/109/455 130/114/456 160/115/457 159/110/458
f 130/697/459 137/698/460 161/699/461 160/700/462
f 137/698/463 136/705/464 140/706/465 139/701/466
f 136/431/467 135/432/468 141/424/469 140/427/470
f 139/701/471 138/707/472 166/708/473 165/702/474
f 138/99/475 143/95/476 167/96/477 166/100/478
f 145/90/479 144/93/480 162/98/481 167/96/482
f 144/451/483 149/452/484 163/453/485 162/454/486
f 149/452/487 148/455/488 152/461/489 151/462/490
f 148/689/491 147/683/492 153/688/493 152/694/494
f 151/462/495 150/467/496 158/469/497 157/464/498
f 150/111/499 155/105/500 159/110/501 158/116/502
f 157/464/503 156/466/504 164/459/505 163/453/506
f 156/703/507 161/699/508 165/702/509 164/709/510
f 111/471/511 112/472/512 123/473/513 117/474/514
f 112/443/515 127/439/516 133/442/517 123/444/518
f 135/447/519 129/446/520 113/449/521 141/450/522
f 113/475/523 111/476/524 117/477/525 141/478/526
f 119/682/527 121/687/528 153/688/529 147/683/530
f 125/104/531 131/109/532 159/110/533 155/105/534
f 137/698/535 139/701/536 165/702/537 161/699/538
f 143/95/539 115/87/540 145/90/541 167/96/542
f 128/679/543 129/678/544 126/680/545
f 128/79/546 126/82/547 127/80/548
f 118/685/549 119/682/550 114/681/551 168/686/552
f 114/88/553 115/87/554 116/91/555 168/92/556
f 116/422/557 117/421/558 118/425/559 168/426/560
f 124/107/561 125/104/562 120/103/563 169/108/564
f 120/692/565 121/687/566 122/691/567 169/695/568
f 122/430/569 123/429/570 124/433/571 169/434/572
f 136/119/573 137/120/574 130/114/575 170/117/576
f 130/114/577 131/109/578 132/113/579 170/117/580
f 132/438/581 133/437/582 134/435/583 170/436/584
f 134/435/585 135/432/586 136/431/587 170/436/588
f 142/97/589 143/95/590 138/99/591 171/101/592
f 138/707/593 139/701/594 140/706/595 171/710/596
f 140/427/597 141/424/598 142/423/599 171/428/600
f 148/455/601 149/452/602 144/451/603 172/456/604
f 144/93/605 145/90/606 146/89/607 172/94/608
f 146/684/609 147/683/610 148/689/611 172/690/612
f 154/106/613 155/105/614 150/111/615 173/112/616
f 150/467/617 151/462/618 152/461/619 173/468/620
f 152/694/621 153/688/622 154/693/623 173/696/624
f 160/700/625 161/699/626 156/703/627 174/704/628
f 156/466/629 157/464/630 158/469/631 174/470/632
f 158/116/633 159/110/634 160/115/635 174/118/636
f 166/100/637 167/96/638 162/98/639 175/102/640
f 162/454/641 163/453/642 164/459/643 175/460/644
f 164/709/645 165/702/646 166/708/647 175/711/648
f 61/328/649 62/327/650 177/341/651 176/342/652
f 62/121/653 102/122/654 178/123/655 177/124/656
f 102/479/657 89/480/658 179/481/659 178/482/660
f 89/63/661 61/62/662 176/65/663 179/66/664
f 90/483/665 91/484/666 181/485/667 180/486/668
f 91/125/669 68/126/670 182/127/671 181/128/672
f 68/326/673 67/325/674 183/329/675 182/330/676
f 67/61/677 90/64/678 180/69/679 183/70/680
f 185/149/681 184/139/682 196/140/683 197/150/684
f 184/139/685 186/129/686 198/132/687 196/140/688
f 186/129/689 187/130/690 199/131/691 198/132/692
f 187/130/693 188/135/694 200/136/695 199/131/696
f 188/135/697 189/143/698 201/144/699 200/136/700
f 189/143/701 190/153/702 202/154/703 201/144/704
f 190/153/705 191/159/706 203/160/707 202/154/708
f 191/712/709 192/713/710 204/714/711 203/715/712
f 192/713/713 193/718/714 205/719/715 204/714/716
f 193/165/717 194/166/718 206/167/719 205/168/720
f 194/726/721 195/727/722 207/728/723 206/729/724
f 195/727/725 185/732/726 197/733/727 207/728/728
f 197/733/729 196/738/730 208/739/731 209/737/732
f 196/140/733 198/132/734 210/138/735 208/148/736
f 198/132/737 199/131/738 211/137/739 210/138/740
f 199/131/741 200/136/742 212/145/743 211/137/744
f 200/136/745 201/144/746 213/155/747 212/145/748
f 201/144/749 202/154/750 214/161/751 213/155/752
f 202/724/753 203/715/754 215/721/755 214/725/756
f 203/715/757 204/714/758 216/720/759 215/721/760
f 204/714/761 205/719/762 217/723/763 216/720/764
f 205/168/765 206/167/766 218/171/767 217/172/768
f 206/729/769 207/728/770 219/734/771 218/735/772
f 207/728/773 197/733/774 209/737/775 219/734/776
f 209/397/777 208/398/778 220/386/779 221/385/780
f 208/148/781 210/138/782 222/147/783 220/157/784
f 210/138/785 211/137/786 223/146/787 222/147/788
f 211/137/789 212/145/790 224/156/791 223/146/792
f 212/145/793 213/155/794 225/162/795 224/156/796
f 213/155/797 214/161/798 226/164/799 225/162/800
f 214/402/801 215/403/802 227/394/803 226/393/804
f 215/403/805 216/409/806 228/404/807 227/394/808
f 216/409/809 217/412/810 229/410/811 228/404/812
f 217/172/813 218/171/814 230/173/815 229/174/816
f 218/411/817 219/407/818 231/399/819 230/408/820
f 219/407/821 209/397/822 221/385/823 231/399/824
f 221/385/825 220/386/826 232/376/827 233/375/828
f 220/386/829 222/389/830 234/377/831 232/376/832
f 222/389/833 223/390/834 235/378/835 234/377/836
f 223/390/837 224/391/838 236/379/839 235/378/840
f 224/391/841 225/392/842 237/380/843 236/379/844
f 225/392/845 226/393/846 238/381/847 237/380/848
f 226/393/849 227/394/850 239/382/851 238/381/852
f 227/394/853 228/404/854 240/395/855 239/382/856
f 228/404/857 229/410/858 241/405/859 240/395/860
f 229/174/861 230/173/862 242/175/863 241/176/864
f 230/408/865 231/399/866 243/387/867 242/400/868
f 231/399/869 221/385/870 233/375/871 243/387/872
f 233/375/873 232/376/874 244/366/875 245/365/876
f 232/376/877 234/377/878 246/367/879 244/366/880
f 234/377/881 235/378/882 247/368/883 246/367/884
f 235/378/885 236/379/886 248/369/887 247/368/888
f 236/379/889 237/380/890 249/370/891 248/369/892
f 237/380/893 238/381/894 250/371/895 249/370/896
f 238/381/897 239/382/898 251/372/899 250/371/900
f 239/382/901 240/395/902 252/396/903 251/372/904
f 240/395/905 241/405/906 253/406/907 252/396/908
f 241/176/909 242/175/910 254/177/911 253/178/912
f 242/400/913 243/387/914 255/388/915 254/401/916
f 243/387/917 233/375/918 245/365/919 255/388/920
f 245/365/921 244/366/922 256/356/923 257/355/924
f 244/366/925 246/367/926 258/357/927 256/356/928
f 246/367/929 247/368/930 259/358/931 258/357/932
f 247/368/933 248/369/934 260/359/935 259/358/936
f 248/369/937 249/370/938 261/360/939 260/359/940
f 249/370/941 250/371/942 262/361/943 261/360/944
f 250/371/945 251/372/946 263/362/947 262/361/948
f 251/740/949 252/741/950 264/742/951 263/743/952
f 252/741/953 253/744/954 265/745/955 264/742/956
f 253/178/957 254/177/958 266/179/959 265/180/960
f 254/749/961 255/750/962 267/751/963 266/752/964
f 255/750/965 245/753/966 257/754/967 267/751/968
f 257/355/969 256/356/970 268/344/971 269/343/972
f 256/356/973 258/357/974 270/345/975 268/344/976
f 258/357/977 259/358/978 271/346/979 270/345/980
f 259/358/981 260/359/982 272/347/983 271/346/984
f 260/359/985 261/360/986 273/348/987 272/347/988
f 261/360/989 262/361/990 274/349/991 273/348/992
f 262/361/993 263/362/994 275/350/995 274/349/996
f 263/743/997 264/742/998 276/746/999 275/747/1000
f 264/742/1001 265/745/1002 277/748/1003 276/746/1004
f 289/189/1005 288/190/1006 290/191/1007 291/192/1008
f 266/752/1009 267/751/1010 279/755/1011 278/756/1012
f 267/751/1013 257/754/1014 269/757/1015 279/755/1016
f 265/180/1017 266/179/1018 280/181/1019 281/182/1020
f 266/179/1021 278/183/1022 282/184/1023 280/181/1024
f 278/353/1025 277/352/1026 283/363/1027 282/364/1028
f 277/187/1029 265/180/1030 281/182/1031 283/188/1032
f 281/182/1033 280/181/1034 284/185/1035 285/186/1036
f 280/758/1037 282/759/1038 286/760/1039 284/761/1040
f 282/364/1041 283/363/1042 287/373/1043 286/374/1044
f 283/764/1045 281/765/1046 285/766/1047 287/767/1048
f 285/487/1049 284/488/1050 288/489/1051 289/490/1052
f 284/761/1053 286/760/1054 290/762/1055 288/763/1056
f 286/374/1057 287/373/1058 291/383/1059 290/384/1060
f 287/767/1061 285/766/1062 289/768/1063 291/769/1064
f 84/56/1065 85/48/1066 292/55/1067 293/59/1068
f 184/139/1069 185/149/1070 295/151/1071 294/141/1072
f 85/48/1073 86/39/1074 296/47/1075 292/55/1076
f 186/129/1077 184/139/1078 294/141/1079 297/133/1080
f 86/39/1081 87/33/1082 298/42/1083 296/47/1084
f 187/130/1085 186/129/1086 297/133/1087 299/134/1088
f 87/33/1089 74/34/1090 300/41/1091 298/42/1092
f 188/135/1093 187/130/1094 299/134/1095 301/142/1096
f 74/34/1097 75/40/1098 302/50/1099 300/41/1100
f 189/143/1101 188/135/1102 301/142/1103 303/152/1104
f 75/40/1105 76/49/1106 304/58/1107 302/50/1108
f 190/153/1109 189/143/1110 303/152/1111 305/158/1112
f 76/49/1113 77/57/1114 306/60/1115 304/58/1116
f 191/159/1117 190/153/1118 305/158/1119 307/163/1120
f 77/651/1121 78/644/1122 308/650/1123 306/654/1124
f 192/713/1125 191/712/1126 307/716/1127 309/717/1128
f 78/644/1129 66/643/1130 310/649/1131 308/650/1132
f 193/718/1133 192/713/1134 309/717/1135 311/722/1136
f 66/193/1137 64/194/1138 312/195/1139 310/196/1140
f 194/166/1141 193/165/1142 311/169/1143 313/170/1144
f 64/659/1145 88/660/1146 314/666/1147 312/667/1148
f 195/727/1149 194/726/1150 313/730/1151 315/731/1152
f 88/660/1153 84/665/1154 293/670/1155 314/666/1156
f 185/732/1157 195/727/1158 315/731/1159 295/736/1160
f 294/491/1161 295/492/1162 317/493/1163 316/494/1164
f 297/497/1165 294/491/1166 316/494/1167 318/498/1168
f 299/501/1169 297/497/1170 318/498/1171 319/502/1172
f 301/505/1173 299/501/1174 319/502/1175 320/506/1176
f 303/509/1177 301/505/1178 320/506/1179 321/510/1180
f 305/513/1181 303/509/1182 321/510/1183 322/514/1184
f 307/511/1185 305/513/1186 322/514/1187 323/512/1188
f 309/507/1189 307/511/1190 323/512/1191 324/508/1192
f 311/503/1193 309/507/1194 324/508/1195 325/504/1196
f 313/499/1197 311/503/1198 325/504/1199 326/500/1200
f 315/495/1201 313/499/1202 326/500/1203 327/496/1204
f 295/492/1205 315/495/1206 327/496/1207 317/493/1208
f 316/201/1209 317/205/1210 329/206/1211 328/202/1212
f 318/198/1213 316/201/1214 328/202/1215 330/199/1216
f 319/197/1217 318/198/1218 330/199/1219 331/200/1220
f 320/203/1221 319/197/1222 331/200/1223 332/204/1224
f 321/207/1225 320/203/1226 332/204/1227 333/208/1228
f 322/209/1229 321/207/1230 333/208/1231 334/210/1232
f 323/211/1233 322/209/1234 334/210/1235 335/212/1236
f 324/770/1237 323/771/1238 335/772/1239 336/773/1240
f 325/774/1241 324/770/1242 336/773/1243 337/775/1244
f 326/213/1245 325/214/1246 337/215/1247 338/216/1248
f 327/776/1249 326/777/1250 338/778/1251 339/779/1252
f 317/780/1253 327/776/1254 339/779/1255 329/781/1256
f 340/549/1257 341/553/1258 343/554/1259 342/550/1260
f 341/227/1261 340/229/1262 344/221/1263 345/217/1264
f 342/550/1265 343/554/1266 363/559/1267 362/556/1268
f 345/217/1269 344/221/1270 346/222/1271 347/218/1272
f 347/218/1273 346/222/1274 348/230/1275 349/223/1276
f 349/223/1277 348/230/1278 350/237/1279 351/231/1280
f 351/231/1281 350/237/1282 352/241/1283 353/238/1284
f 353/578/1285 352/572/1286 354/576/1287 355/577/1288
f 355/577/1289 354/576/1290 356/570/1291 357/573/1292
f 357/573/1293 356/570/1294 358/566/1295 359/574/1296
f 359/245/1297 358/249/1298 360/250/1299 361/246/1300
f 361/564/1301 360/561/1302 362/556/1303 363/559/1304
f 364/234/1305 365/228/1306 369/220/1307 368/225/1308
f 365/519/1309 364/516/1310 367/515/1311 366/520/1312
f 366/520/1313 367/515/1314 386/523/1315 387/525/1316
f 368/225/1317 369/220/1318 371/219/1319 370/226/1320
f 370/226/1321 371/219/1322 373/224/1323 372/233/1324
f 372/233/1325 373/224/1326 375/232/1327 374/240/1328
f 374/240/1329 375/232/1330 377/239/1331 376/244/1332
f 376/539/1333 377/546/1334 379/545/1335 378/543/1336
f 378/543/1337 379/545/1338 381/541/1339 380/537/1340
f 380/537/1341 381/541/1342 383/542/1343 382/533/1344
f 382/251/1345 383/248/1346 385/247/1347 384/252/1348
f 384/528/1349 385/530/1350 387/525/1351 386/523/1352
f 367/515/1353 364/516/1354 328/517/1355 329/518/1356
f 364/516/1357 368/521/1358 330/522/1359 328/517/1360
f 368/521/1361 370/526/1362 331/527/1363 330/522/1364
f 370/526/1365 372/531/1366 332/532/1367 331/527/1368
f 372/531/1369 374/535/1370 333/536/1371 332/532/1372
f 374/535/1373 376/539/1374 334/540/1375 333/536/1376
f 376/539/1377 378/543/1378 335/544/1379 334/540/1380
f 378/543/1381 380/537/1382 336/538/1383 335/544/1384
f 380/537/1385 382/533/1386 337/534/1387 336/538/1388
f 382/533/1389 384/528/1390 338/529/1391 337/534/1392
f 384/528/1393 386/523/1394 339/524/1395 338/529/1396
f 386/523/1397 367/515/1398 329/518/1399 339/524/1400
f 293/547/1401 292/548/1402 340/549/1403 342/550/1404
f 292/548/1405 296/551/1406 344/552/1407 340/549/1408
f 296/551/1409 298/557/1410 346/558/1411 344/552/1412
f 298/557/1413 300/562/1414 348/563/1415 346/558/1416
f 300/562/1417 302/567/1418 350/568/1419 348/563/1420
f 302/567/1421 304/571/1422 352/572/1423 350/568/1424
f 304/571/1425 306/575/1426 354/576/1427 352/572/1428
f 306/575/1429 308/569/1430 356/570/1431 354/576/1432
f 308/569/1433 310/565/1434 358/566/1435 356/570/1436
f 310/565/1437 312/560/1438 360/561/1439 358/566/1440
f 312/560/1441 314/555/1442 362/556/1443 360/561/1444
f 314/555/1445 293/547/1446 342/550/1447 362/556/1448
f 343/235/1449 341/227/1450 365/228/1451 366/236/1452
f 341/227/1453 345/217/1454 369/220/1455 365/228/1456
f 345/217/1457 347/218/1458 371/219/1459 369/220/1460
f 347/218/1461 349/223/1462 373/224/1463 371/219/1464
f 349/223/1465 351/231/1466 375/232/1467 373/224/1468
f 351/231/1469 353/238/1470 377/239/1471 375/232/1472
f 353/238/1473 355/242/1474 379/243/1475 377/239/1476
f 355/782/1477 357/783/1478 381/784/1479 379/785/1480
f 357/783/1481 359/786/1482 383/787/1483 381/784/1484
f 359/245/1485 361/246/1486 385/247/1487 383/248/1488
f 361/788/1489 363/789/1490 387/790/1491 385/791/1492
f 363/789/1493 343/792/1494 366/793/1495 387/790/1496
f 149/452/1497 151/462/1498 388/463/1499 389/457/1500
f 151/462/1501 157/464/1502 390/465/1503 388/463/1504
f 157/464/1505 163/453/1506 391/458/1507 390/465/1508
f 163/453/1509 149/452/1510 389/457/1511 391/458/1512
f 389/794/1513 388/795/1514 392/796/1515 393/797/1516
f 388/253/1517 390/254/1518 394/255/1519 392/256/1520
f 390/798/1521 391/799/1522 395/800/1523 394/801/1524
f 391/257/1525 389/258/1526 393/259/1527 395/260/1528
f 396/802/1529 398/803/1530 410/804/1531 409/805/1532
f 397/580/1533 396/583/1534 401/585/1535 400/586/1536
f 398/579/1537 397/580/1538 403/581/1539 402/582/1540
f 399/808/1541 401/806/1542 412/807/1543 411/809/1544
f 400/586/1545 399/589/1546 407/590/1547 406/587/1548
f 402/810/1549 404/811/1550 416/812/1551 415/813/1552
f 404/584/1553 403/581/1554 406/587/1555 405/588/1556
f 405/814/1557 407/816/1558 419/817/1559 418/815/1560
f 408/591/1561 410/592/1562 415/593/1563 414/594/1564
f 409/595/1565 408/591/1566 413/597/1567 412/599/1568
f 411/601/1569 413/597/1570 417/598/1571 419/602/1572
f 414/594/1573 416/596/1574 418/600/1575 417/598/1576
f 413/597/1577 408/591/1578 414/594/1579 417/598/1580
f 393/603/1581 392/604/1582 397/605/1583 400/606/1584
f 392/607/1585 394/608/1586 403/609/1587 397/610/1588
f 394/611/1589 395/612/1590 406/613/1591 403/614/1592
f 395/615/1593 393/616/1594 400/617/1595 406/618/1596
f 401/806/1597 396/802/1598 409/805/1599 412/807/1600
f 398/261/1601 402/262/1602 415/263/1603 410/264/1604
f 404/811/1605 405/814/1606 418/815/1607 416/812/1608
f 407/265/1609 399/266/1610 411/267/1611 419/268/1612
f 396/583/1613 397/580/1614 398/579/1615
f 399/589/1616 400/586/1617 401/585/1618
f 402/582/1619 403/581/1620 404/584/1621
f 405/588/1622 406/587/1623 407/590/1624
f 408/591/1625 409/595/1626 410/592/1627
f 411/601/1628 412/599/1629 413/597/1630
f 414/594/1631 415/593/1632 416/596/1633
f 417/598/1634 418/600/1635 419/602/1636
