# This file uses centimeters as units for non-parametric coordinates.

mtllib bed.mtl
g default
v -3.049669 6.796159 1.351298
v -3.049669 6.796159 0.487721
v -3.913246 6.796159 0.487721
v -3.913246 6.796159 1.351298
v -2.815096 6.780694 1.622540
v -2.818060 6.744226 1.635164
v -2.780970 6.745363 1.620581
v -2.765623 6.746475 1.585348
v -2.778372 6.781334 1.587071
v -2.813780 6.796159 1.587186
v -2.778427 6.780694 0.253148
v -2.765801 6.744226 0.256111
v -2.780386 6.745363 0.219022
v -2.815618 6.746475 0.203675
v -2.813896 6.781334 0.216423
v -2.813780 6.796159 0.251832
v -4.184487 6.780694 1.585870
v -4.197113 6.744226 1.582907
v -4.182528 6.745363 1.619996
v -4.147296 6.746475 1.635343
v -4.149019 6.781334 1.622595
v -4.149134 6.796159 1.587186
v -4.147818 6.780694 0.216478
v -4.144855 6.744226 0.203854
v -4.181945 6.745363 0.218437
v -4.197291 6.746475 0.253670
v -4.184543 6.781334 0.251948
v -4.149134 6.796159 0.251832
v -3.031452 3.559432 1.419509
v -2.981457 3.559432 1.369514
v -2.996100 3.559432 1.404865
v -3.031452 3.559432 0.419509
v -2.996100 3.559432 0.434153
v -2.981457 3.559432 0.469505
v -3.931462 3.559432 1.419509
v -3.966814 3.559432 1.404865
v -3.981457 3.559432 1.369514
v -3.931462 3.559432 0.419509
v -3.981457 3.559432 0.469505
v -3.966814 3.559432 0.434153
v -2.785619 6.774341 1.615790
v -2.785177 6.774341 0.223670
v -4.177738 6.774341 1.615348
v -4.177296 6.774341 0.223229
v -3.180246 6.761170 1.297024
v -3.065955 6.785659 1.335012
v -3.103942 6.761170 1.220720
v -3.218246 12.394944 1.259024
v -3.141943 12.394944 1.182720
v -3.103942 6.761170 0.618298
v -3.065955 6.785659 0.504007
v -3.180246 6.761170 0.541994
v -3.218246 12.394944 0.579994
v -3.141943 12.394944 0.656298
v -3.782669 6.761170 0.541994
v -3.896960 6.785659 0.504007
v -3.858972 6.761170 0.618298
v -3.820972 12.394944 0.656298
v -3.744668 12.394944 0.579994
v -3.858972 6.761170 1.220720
v -3.896960 6.785659 1.335012
v -3.782669 6.761170 1.297024
v -3.744668 12.394944 1.259024
v -3.820972 12.394944 1.182720
v -3.027175 12.639428 1.271694
v -3.129272 12.639428 1.373791
v -3.027175 12.639428 0.567324
v -3.129272 12.639428 0.465227
v -3.833642 12.639428 0.465227
v -3.935739 12.639428 0.567324
v -3.935739 12.639428 1.271694
v -3.833643 12.639428 1.373791
v -3.141943 12.639428 1.209103
v -3.218246 12.639428 1.293055
v -3.141943 12.639428 0.629915
v -3.218246 12.639428 0.545963
v -3.744668 12.639428 0.545963
v -3.820971 12.639428 0.629915
v -3.820972 12.639428 1.209103
v -3.744668 12.639428 1.293055
v -3.141943 12.598714 1.209103
v -3.218246 12.598714 1.293055
v -3.141943 12.598714 0.629915
v -3.218246 12.598714 0.545963
v -3.744668 12.598714 0.545963
v -3.820971 12.598714 0.629915
v -3.820972 12.598714 1.209103
v -3.744668 12.598714 1.293055
v -3.259535 12.598714 1.108800
v -3.309411 12.598714 1.163675
v -3.259535 12.598714 0.730218
v -3.309411 12.598714 0.675343
v -3.653504 12.598714 0.675343
v -3.703379 12.598714 0.730218
v -3.703379 12.598714 1.108800
v -3.653504 12.598714 1.163675
v -3.259535 12.640866 1.108800
v -3.309411 12.640866 1.163675
v -3.259535 12.640866 0.730218
v -3.309411 12.640866 0.675343
v -3.653504 12.640866 0.675343
v -3.703379 12.640866 0.730218
v -3.703379 12.640866 1.108800
v -3.653504 12.640866 1.163675
v -3.069882 3.856075 1.290623
v -2.894226 6.449832 1.466279
v -3.069882 3.856075 0.558156
v -2.894372 6.448001 0.384487
v -3.843038 3.856075 1.331311
v -4.018693 6.449832 1.561095
v -3.110570 3.856075 1.331311
v -2.936901 6.448001 1.560950
v -3.843038 3.856075 1.274677
v -4.018693 6.449832 1.450333
v -3.110570 3.856075 1.298140
v -2.936901 6.448001 1.473650
v -3.128606 3.856075 1.290623
v -2.952951 6.449832 1.466279
v -3.128606 3.856075 0.558156
v -2.953096 6.448001 0.384487
v -3.029046 4.150311 1.220124
v -2.893244 6.155596 1.355927
v -3.029046 4.150311 0.653840
v -2.893355 6.154181 0.519573
v -3.747877 4.150311 1.375110
v -3.883680 6.155596 1.510912
v -3.181592 4.150311 1.375110
v -3.047325 6.154181 1.510800
vt 0.376464 0.913086
vt 0.341136 0.912972
vt 0.342152 0.911954
vt 0.347393 0.908798
vt 0.370197 0.908912
vt 0.375446 0.912069
vt 0.341150 0.877475
vt 0.342181 0.878504
vt 0.345362 0.883787
vt 0.345310 0.906708
vt 0.376639 0.877712
vt 0.375618 0.878723
vt 0.370360 0.881856
vt 0.347469 0.881678
vt 0.372292 0.906830
vt 0.372433 0.883952
vt 0.115219 0.666927
vt 0.117515 0.943701
vt 0.088468 0.943822
vt 0.088925 0.667292
vt 0.083514 0.667673
vt 0.083265 0.943829
vt 0.053761 0.943686
vt 0.058091 0.671865
vt 0.178385 0.669194
vt 0.186264 0.943313
vt 0.157054 0.943630
vt 0.152312 0.667495
vt 0.146899 0.667352
vt 0.151830 0.943656
vt 0.122714 0.943685
vt 0.120667 0.666831
vt 0.393218 0.925861
vt 0.391058 0.925628
vt 0.391303 0.865349
vt 0.393364 0.865088
vt 0.388885 0.925548
vt 0.389144 0.865453
vt 0.364441 0.807170
vt 0.362217 0.807215
vt 0.360928 0.675275
vt 0.363023 0.675216
vt 0.359915 0.807099
vt 0.358832 0.675253
vt 0.389002 0.927706
vt 0.328667 0.927595
vt 0.328736 0.925422
vt 0.389278 0.929764
vt 0.328448 0.929758
vt 0.418717 0.809335
vt 0.416515 0.809371
vt 0.399320 0.666935
vt 0.401388 0.666302
vt 0.414219 0.809268
vt 0.397240 0.667454
vt 0.326590 0.925558
vt 0.326426 0.864681
vt 0.328615 0.864852
vt 0.324536 0.925859
vt 0.324235 0.864841
vt 0.389529 0.861138
vt 0.389257 0.863289
vt 0.328665 0.862689
vt 0.328559 0.860606
vt 0.309889 0.811139
vt 0.307675 0.811144
vt 0.323697 0.667157
vt 0.325771 0.667667
vt 0.305400 0.811009
vt 0.321635 0.666530
vt 0.230963 0.800595
vt 0.228870 0.800040
vt 0.270576 0.652910
vt 0.272667 0.653431
vt 0.226744 0.799326
vt 0.268519 0.652268
vt 0.558367 0.940746
vt 0.564910 0.842725
vt 0.592365 0.842422
vt 0.599167 0.940898
vt 0.450421 0.653182
vt 0.492890 0.798162
vt 0.462387 0.940665
vt 0.468922 0.842448
vt 0.496464 0.842412
vt 0.503146 0.940645
vt 0.585451 0.754754
vt 0.541506 0.754939
vt 0.539777 0.754231
vt 0.539055 0.752508
vt 0.538870 0.708563
vt 0.539577 0.706833
vt 0.541300 0.706111
vt 0.585246 0.705926
vt 0.586975 0.706634
vt 0.587697 0.708357
vt 0.587882 0.752302
vt 0.587175 0.754032
vt 0.390617 0.927278
vt 0.391707 0.928325
vt 0.327022 0.927168
vt 0.325987 0.928270
vt 0.390898 0.863740
vt 0.391959 0.862663
vt 0.327099 0.862966
vt 0.324523 0.863319
vt 0.326255 0.861606
vt 0.268228 0.918109
vt 0.270678 0.920774
vt 0.270783 0.939259
vt 0.268363 0.941953
vt 0.251562 0.942048
vt 0.249112 0.939382
vt 0.249007 0.920897
vt 0.251427 0.918204
vt 0.191537 0.943253
vt 0.183663 0.669772
vt 0.115019 0.653422
vt 0.119808 0.653612
vt 0.086658 0.654439
vt 0.081287 0.654418
vt 0.049764 0.660841
vt 0.183513 0.656846
vt 0.189743 0.659046
vt 0.153255 0.653528
vt 0.148186 0.653426
vt 0.281925 0.880954
vt 0.276046 0.887073
vt 0.272670 0.880942
vt 0.277612 0.876435
vt 0.242242 0.887076
vt 0.245624 0.880993
vt 0.236399 0.881069
vt 0.240653 0.876488
vt 0.236292 0.847031
vt 0.240591 0.851591
vt 0.242243 0.840972
vt 0.245575 0.847113
vt 0.275923 0.841013
vt 0.272546 0.847098
vt 0.281791 0.846977
vt 0.277548 0.851579
vt 0.271861 0.878930
vt 0.275604 0.875631
vt 0.246400 0.878961
vt 0.242620 0.875627
vt 0.242584 0.852415
vt 0.246383 0.849128
vt 0.271762 0.849128
vt 0.275596 0.852458
vt 0.266442 0.872603
vt 0.268681 0.870549
vt 0.251780 0.872576
vt 0.249528 0.870528
vt 0.249559 0.857500
vt 0.251788 0.855482
vt 0.266408 0.855509
vt 0.268631 0.857521
vt 0.265201 0.870280
vt 0.266343 0.869309
vt 0.252960 0.870213
vt 0.251813 0.869265
vt 0.251878 0.858752
vt 0.253010 0.857815
vt 0.265230 0.857875
vt 0.266367 0.858802
vt 0.371033 0.688260
vt 0.372265 0.792226
vt 0.390970 0.683857
vt 0.404025 0.794152
vt 0.332209 0.684054
vt 0.318282 0.795900
vt 0.351070 0.688539
vt 0.353566 0.793685
vt 0.334776 0.686574
vt 0.324020 0.791478
vt 0.349424 0.689599
vt 0.349486 0.790256
vt 0.373965 0.690049
vt 0.375026 0.789940
vt 0.388362 0.686543
vt 0.400952 0.791769
vt 0.551634 0.955280
vt 0.560096 0.827558
vt 0.598094 0.827326
vt 0.606888 0.955326
vt 0.454676 0.955041
vt 0.463118 0.827469
vt 0.500645 0.827451
vt 0.509299 0.955113
vn -0.541845 0.840479 0.000000
vn -0.541845 0.840479 0.000000
vn -0.290407 0.911772 0.290405
vn -0.526015 0.850443 0.007397
vn -0.526015 0.850443 -0.007396
vn -0.290407 0.911772 -0.290405
vn 0.000000 0.840480 0.541842
vn 0.000000 0.840480 0.541842
vn 0.290407 0.911772 0.290405
vn 0.007397 0.850445 0.526012
vn -0.007397 0.850445 0.526012
vn -0.290407 0.911772 0.290405
vn 0.541845 0.840479 0.000000
vn 0.541845 0.840479 0.000000
vn 0.290407 0.911772 -0.290405
vn 0.526015 0.850443 -0.007397
vn 0.526015 0.850443 0.007396
vn 0.290407 0.911772 0.290405
vn 0.000000 0.840480 -0.541842
vn 0.000000 0.840480 -0.541842
vn -0.290407 0.911772 -0.290405
vn -0.007397 0.850445 -0.526012
vn 0.007397 0.850445 -0.526012
vn 0.290407 0.911772 -0.290405
vn 0.999977 0.006745 0.000000
vn 0.999977 0.006745 0.000000
vn 0.999977 0.006745 0.000000
vn 0.999977 0.006745 0.000000
vn 0.000000 0.006745 -0.999977
vn 0.000000 0.006745 -0.999977
vn 0.000000 0.006745 -0.999977
vn 0.000000 0.006745 -0.999977
vn -0.999977 0.006745 0.000000
vn -0.999977 0.006745 0.000000
vn -0.999977 0.006745 0.000000
vn -0.999977 0.006745 0.000000
vn 0.000000 0.006745 0.999977
vn 0.000000 0.006745 0.999977
vn 0.000000 0.006745 0.999977
vn 0.000000 0.006745 0.999977
vn 0.275457 0.036871 0.960606
vn 0.007777 0.333590 0.942686
vn -0.007040 0.334035 0.942534
vn -0.283445 0.039960 0.958156
vn 0.006611 0.919475 0.393093
vn 0.057878 0.996708 0.056768
vn -0.056768 0.996708 0.057878
vn -0.006917 0.919679 0.392610
vn 0.958156 0.039966 0.283444
vn 0.917599 -0.085398 0.388225
vn 0.917273 -0.088326 0.388340
vn 0.917273 -0.088326 0.388340
vn 0.373530 -0.084504 0.923761
vn 0.275457 0.036871 0.960606
vn 0.373896 -0.087670 0.923318
vn 0.373896 -0.087670 0.923318
vn 0.057878 0.996708 0.056768
vn 0.392611 0.919679 0.006917
vn 0.393094 0.919475 -0.006611
vn 0.056768 0.996708 -0.057880
vn 0.942528 0.334054 0.007040
vn 0.958156 0.039966 0.283444
vn 0.960605 0.036877 -0.275461
vn 0.942680 0.333609 -0.007777
vn 0.013504 -0.062580 -0.997949
vn 0.388229 -0.085398 -0.917598
vn 0.388344 -0.088326 -0.917272
vn 0.012167 -0.068377 -0.997585
vn 0.923759 -0.084504 -0.373536
vn 0.960605 0.036877 -0.275461
vn 0.923315 -0.087670 -0.373902
vn 0.923315 -0.087670 -0.373902
vn 0.056768 0.996708 -0.057880
vn 0.006916 0.919673 -0.392625
vn -0.006611 0.919468 -0.393108
vn -0.057878 0.996708 -0.056771
vn 0.007040 0.334039 -0.942533
vn 0.013504 -0.062580 -0.997949
vn -0.013682 -0.062521 -0.997950
vn -0.007777 0.333594 -0.942685
vn -0.997950 -0.062520 0.013682
vn -0.942678 0.333613 0.007777
vn -0.942526 0.334058 -0.007039
vn -0.997949 -0.062580 -0.013504
vn -0.393099 0.919473 0.006611
vn -0.056768 0.996708 0.057878
vn -0.057878 0.996708 -0.056771
vn -0.392615 0.919677 -0.006917
vn -0.283445 0.039960 0.958156
vn -0.388227 -0.085399 0.917599
vn -0.388342 -0.088326 0.917273
vn -0.388342 -0.088326 0.917273
vn -0.923758 -0.084503 0.373539
vn -0.997950 -0.062520 0.013682
vn -0.997590 -0.068357 0.011939
vn -0.923314 -0.087669 0.373905
vn -0.997949 -0.062580 -0.013504
vn -0.917601 -0.085399 -0.388222
vn -0.917274 -0.088327 -0.388338
vn -0.997585 -0.068376 -0.012167
vn -0.373531 -0.084503 -0.923761
vn -0.013682 -0.062521 -0.997950
vn -0.011938 -0.068357 -0.997590
vn -0.373897 -0.087669 -0.923317
vn 0.997715 -0.067564 -0.000011
vn 0.997715 -0.067564 -0.000011
vn 0.997715 -0.067564 -0.000011
vn 0.997715 -0.067564 -0.000011
vn -0.997950 -0.062520 0.013682
vn -0.997949 -0.062580 -0.013504
vn -0.997585 -0.068376 -0.012167
vn -0.997590 -0.068357 0.011939
vn 0.013504 -0.062580 -0.997949
vn 0.012167 -0.068377 -0.997585
vn -0.011938 -0.068357 -0.997590
vn -0.013682 -0.062521 -0.997950
vn 0.000012 -0.067564 0.997715
vn 0.000012 -0.067564 0.997715
vn 0.000012 -0.067564 0.997715
vn 0.000012 -0.067564 0.997715
vn 0.057878 0.996708 0.056768
vn 0.056768 0.996708 -0.057880
vn 0.000000 1.000000 0.000000
vn 0.000000 1.000000 0.000000
vn 0.056768 0.996708 -0.057880
vn -0.057878 0.996708 -0.056771
vn 0.000000 1.000000 0.000000
vn 0.000000 1.000000 0.000000
vn -0.057878 0.996708 -0.056771
vn -0.056768 0.996708 0.057878
vn 0.000000 1.000000 0.000000
vn 0.000000 1.000000 0.000000
vn -0.056768 0.996708 0.057878
vn 0.057878 0.996708 0.056768
vn 0.000000 1.000000 0.000000
vn 0.000000 1.000000 0.000000
vn 0.000000 -1.000000 0.000000
vn 0.000000 -1.000000 0.000000
vn 0.000000 -1.000000 0.000000
vn 0.000000 -1.000000 0.000000
vn 0.000000 -1.000000 0.000000
vn 0.000000 -1.000000 0.000000
vn 0.000000 -1.000000 0.000000
vn 0.000000 -1.000000 0.000000
vn 0.000000 -1.000000 0.000000
vn 0.000000 -1.000000 0.000000
vn 0.000000 -1.000000 0.000000
vn 0.000000 -1.000000 0.000000
vn 0.392611 0.919679 0.006917
vn 0.057878 0.996708 0.056768
vn 0.006611 0.919475 0.393093
vn 0.323886 0.878500 0.351191
vn 0.007777 0.333590 0.942686
vn 0.275457 0.036871 0.960606
vn 0.373530 -0.084504 0.923761
vn 0.313195 0.251745 0.915715
vn 0.917599 -0.085398 0.388225
vn 0.958156 0.039966 0.283444
vn 0.942528 0.334054 0.007040
vn 0.899074 0.261893 0.350826
vn 0.006916 0.919673 -0.392625
vn 0.056768 0.996708 -0.057880
vn 0.393094 0.919475 -0.006611
vn 0.351202 0.878497 -0.323883
vn 0.942680 0.333609 -0.007777
vn 0.960605 0.036877 -0.275461
vn 0.923759 -0.084504 -0.373536
vn 0.915713 0.251744 -0.313200
vn 0.388229 -0.085398 -0.917598
vn 0.013504 -0.062580 -0.997949
vn 0.007040 0.334039 -0.942533
vn 0.350827 0.261870 -0.899080
vn -0.006917 0.919679 0.392610
vn -0.056768 0.996708 0.057878
vn -0.393099 0.919473 0.006611
vn -0.351205 0.878495 0.323886
vn -0.942678 0.333613 0.007777
vn -0.997950 -0.062520 0.013682
vn -0.923758 -0.084503 0.373539
vn -0.915709 0.251756 0.313202
vn -0.388227 -0.085399 0.917599
vn -0.283445 0.039960 0.958156
vn -0.007040 0.334035 0.942534
vn -0.350829 0.261866 0.899080
vn -0.392615 0.919677 -0.006917
vn -0.057878 0.996708 -0.056771
vn -0.006611 0.919468 -0.393108
vn -0.323883 0.878496 -0.351206
vn -0.007777 0.333594 -0.942685
vn -0.013682 -0.062521 -0.997950
vn -0.373531 -0.084503 -0.923761
vn -0.313196 0.251746 -0.915714
vn -0.917601 -0.085399 -0.388222
vn -0.997949 -0.062580 -0.013504
vn -0.942526 0.334058 -0.007039
vn -0.899078 0.261884 -0.350821
vn 0.000000 1.000000 0.000000
vn 0.000000 1.000000 0.000000
vn 0.000000 1.000000 0.000000
vn 0.000000 1.000000 0.000000
vn 0.000000 1.000000 0.000000
vn 0.000000 1.000000 0.000000
vn 0.000000 1.000000 0.000000
vn 0.000000 1.000000 0.000000
vn 0.707076 0.009539 0.707073
vn 0.707076 0.009539 0.707073
vn 0.707076 0.009539 0.707073
vn 0.707076 0.009539 0.707073
vn 0.707076 0.009539 -0.707073
vn 0.707076 0.009539 -0.707073
vn 0.707076 0.009539 -0.707073
vn 0.707076 0.009539 -0.707073
vn -0.707076 0.009539 -0.707074
vn -0.707076 0.009539 -0.707074
vn -0.707076 0.009539 -0.707074
vn -0.707076 0.009539 -0.707074
vn -0.707076 0.009539 0.707074
vn -0.707076 0.009539 0.707074
vn -0.707076 0.009539 0.707074
vn -0.707076 0.009539 0.707074
vn -0.007397 0.850445 -0.526012
vn -0.290407 0.911772 -0.290405
vn -0.526015 0.850443 -0.007396
vn -0.526015 0.850443 0.007397
vn -0.290407 0.911772 0.290405
vn -0.007397 0.850445 0.526012
vn 0.007397 0.850445 0.526012
vn 0.290407 0.911772 0.290405
vn 0.526015 0.850443 0.007396
vn 0.526015 0.850443 -0.007397
vn 0.290407 0.911772 -0.290405
vn 0.007397 0.850445 -0.526012
vn 0.609205 -0.507682 0.609203
vn 0.609205 -0.507682 0.609203
vn 0.609205 -0.507682 0.609203
vn 0.609205 -0.507682 0.609203
vn 0.905224 -0.424935 0.000000
vn 0.905224 -0.424935 0.000000
vn 0.905224 -0.424935 0.000000
vn 0.905224 -0.424935 0.000000
vn 0.609204 -0.507683 -0.609203
vn 0.609204 -0.507683 -0.609203
vn 0.609204 -0.507683 -0.609203
vn 0.609204 -0.507683 -0.609203
vn 0.000000 -0.424934 -0.905224
vn 0.000000 -0.424934 -0.905224
vn 0.000000 -0.424934 -0.905224
vn 0.000000 -0.424934 -0.905224
vn -0.609205 -0.507682 -0.609203
vn -0.609205 -0.507682 -0.609203
vn -0.609205 -0.507682 -0.609203
vn -0.609205 -0.507682 -0.609203
vn -0.905224 -0.424935 0.000000
vn -0.905224 -0.424935 0.000000
vn -0.905224 -0.424935 0.000000
vn -0.905224 -0.424935 0.000000
vn -0.609206 -0.507683 0.609201
vn -0.609206 -0.507683 0.609201
vn -0.609206 -0.507683 0.609201
vn -0.609206 -0.507683 0.609201
vn 0.000000 -0.424934 0.905224
vn 0.000000 -0.424934 0.905224
vn 0.000000 -0.424934 0.905224
vn 0.000000 -0.424934 0.905224
vn 0.000000 1.000000 0.000000
vn 0.000000 1.000000 0.000000
vn 0.000000 1.000000 0.000000
vn 0.000000 1.000000 0.000000
vn 0.000000 1.000000 0.000000
vn 0.000000 1.000000 0.000000
vn 0.000000 1.000000 0.000000
vn 0.000000 1.000000 0.000000
vn 0.000000 1.000000 0.000008
vn 0.000000 1.000000 0.000008
vn 0.000000 1.000000 0.000008
vn 0.000000 1.000000 0.000008
vn 0.000000 1.000000 0.000000
vn 0.000000 1.000000 0.000000
vn 0.000000 1.000000 0.000000
vn 0.000000 1.000000 0.000000
vn 0.000000 1.000000 0.000000
vn 0.000000 1.000000 0.000000
vn 0.000000 1.000000 0.000000
vn 0.000000 1.000000 0.000000
vn 0.000000 1.000000 0.000002
vn 0.000000 1.000000 0.000002
vn 0.000000 1.000000 0.000002
vn 0.000000 1.000000 0.000002
vn 0.000000 1.000000 0.000000
vn 0.000000 1.000000 0.000000
vn 0.000000 1.000000 0.000000
vn 0.000000 1.000000 0.000000
vn 0.000000 1.000000 0.000000
vn 0.000000 1.000000 0.000000
vn 0.000000 1.000000 0.000000
vn 0.000000 1.000000 0.000000
vn -0.740011 0.000000 -0.672595
vn -0.740011 0.000000 -0.672595
vn -0.740011 0.000000 -0.672595
vn -0.740011 0.000000 -0.672595
vn -1.000000 0.000000 0.000000
vn -1.000000 0.000000 0.000000
vn -1.000000 0.000000 0.000000
vn -1.000000 0.000000 0.000000
vn -0.740011 0.000000 0.672595
vn -0.740011 0.000000 0.672595
vn -0.740011 0.000000 0.672595
vn -0.740011 0.000000 0.672595
vn 0.000000 0.000000 1.000000
vn 0.000000 0.000000 1.000000
vn 0.000000 0.000000 1.000000
vn 0.000000 0.000000 1.000000
vn 0.740017 0.000000 0.672588
vn 0.740017 0.000000 0.672588
vn 0.740017 0.000000 0.672588
vn 0.740017 0.000000 0.672588
vn 1.000000 0.000000 0.000000
vn 1.000000 0.000000 0.000000
vn 1.000000 0.000000 0.000000
vn 1.000000 0.000000 0.000000
vn 0.740011 0.000000 -0.672595
vn 0.740011 0.000000 -0.672595
vn 0.740011 0.000000 -0.672595
vn 0.740011 0.000000 -0.672595
vn 0.000000 0.000000 -1.000000
vn 0.000000 0.000000 -1.000000
vn 0.000000 0.000000 -1.000000
vn 0.000000 0.000000 -1.000000
vn 0.000000 1.000000 0.000008
vn 0.000000 1.000000 0.000008
vn 0.000000 1.000000 0.000008
vn 0.000000 1.000000 0.000008
vn 0.000000 1.000000 0.000000
vn 0.000000 1.000000 0.000000
vn 0.000000 1.000000 0.000000
vn 0.000000 1.000000 0.000000
vn 0.000000 1.000000 0.000008
vn 0.000000 1.000000 0.000008
vn 0.000000 1.000000 0.000008
vn 0.000000 1.000000 0.000008
vn 0.000000 1.000000 0.000006
vn 0.000000 1.000000 0.000006
vn 0.000000 1.000000 0.000006
vn 0.000000 1.000000 0.000006
vn 0.000000 1.000000 0.000000
vn 0.000000 1.000000 0.000000
vn 0.000000 1.000000 0.000000
vn 0.000000 1.000000 0.000000
vn 0.000000 1.000000 0.000000
vn 0.000000 1.000000 0.000000
vn 0.000000 1.000000 0.000000
vn 0.000000 1.000000 0.000000
vn 0.000000 1.000000 -0.000008
vn 0.000000 1.000000 -0.000008
vn 0.000000 1.000000 -0.000008
vn 0.000000 1.000000 -0.000008
vn 0.000000 1.000000 -0.000006
vn 0.000000 1.000000 -0.000006
vn 0.000000 1.000000 -0.000006
vn 0.000000 1.000000 -0.000006
vn 0.740015 0.000000 0.672591
vn 0.740015 0.000000 0.672591
vn 0.740015 0.000000 0.672591
vn 0.740015 0.000000 0.672591
vn 1.000000 0.000000 0.000000
vn 1.000000 0.000000 0.000000
vn 1.000000 0.000000 0.000000
vn 1.000000 0.000000 0.000000
vn 0.740015 0.000000 -0.672591
vn 0.740015 0.000000 -0.672591
vn 0.740015 0.000000 -0.672591
vn 0.740015 0.000000 -0.672591
vn 0.000000 0.000000 -1.000000
vn 0.000000 0.000000 -1.000000
vn 0.000000 0.000000 -1.000000
vn 0.000000 0.000000 -1.000000
vn -0.740015 0.000000 -0.672591
vn -0.740015 0.000000 -0.672591
vn -0.740015 0.000000 -0.672591
vn -0.740015 0.000000 -0.672591
vn -1.000000 0.000000 0.000000
vn -1.000000 0.000000 0.000000
vn -1.000000 0.000000 0.000000
vn -1.000000 0.000000 0.000000
vn -0.740015 0.000000 0.672591
vn -0.740015 0.000000 0.672591
vn -0.740015 0.000000 0.672591
vn -0.740015 0.000000 0.672591
vn 0.000000 0.000000 1.000000
vn 0.000000 0.000000 1.000000
vn 0.000000 0.000000 1.000000
vn 0.000000 0.000000 1.000000
vn 0.673899 0.004396 -0.738810
vn 0.673899 0.004396 -0.738810
vn 0.673899 0.004396 -0.738810
vn 0.673899 0.004396 -0.738810
vn 0.958330 0.285663 0.000000
vn 0.958330 0.285663 0.000000
vn 0.958330 0.285663 0.000000
vn 0.958330 0.285663 0.000000
vn 0.707160 -0.000510 0.707053
vn 0.707160 -0.000510 0.707053
vn 0.707160 -0.000510 0.707053
vn 0.707160 -0.000510 0.707053
vn 0.917410 -0.397944 0.000550
vn 0.917410 -0.397944 0.000550
vn 0.917410 -0.397944 0.000550
vn 0.917410 -0.397944 0.000550
vn 0.599098 -0.021127 0.800397
vn 0.599098 -0.021127 0.800397
vn 0.599098 -0.021127 0.800397
vn 0.599098 -0.021127 0.800397
vn 0.000000 0.284989 0.958531
vn 0.000000 0.284989 0.958531
vn 0.000000 0.284989 0.958531
vn 0.000000 0.284989 0.958531
vn -0.634207 -0.017090 0.772974
vn -0.634207 -0.017090 0.772974
vn -0.634207 -0.017090 0.772974
vn -0.634207 -0.017090 0.772974
vn -0.000281 -0.242917 0.970047
vn -0.000281 -0.242917 0.970047
vn -0.000281 -0.242917 0.970047
vn -0.000281 -0.242917 0.970047
vn 0.997715 0.067567 0.000000
vn 0.997715 0.067567 0.000000
vn 0.997715 0.067567 0.000000
vn 0.997715 0.067567 0.000000
vn 0.000000 1.000000 0.000000
vn 0.000000 1.000000 0.000000
vn 0.000000 1.000000 0.000000
vn 0.000000 1.000000 0.000000
vn -0.997763 0.066853 -0.000002
vn -0.997763 0.066853 -0.000002
vn -0.997763 0.066853 -0.000002
vn -0.997763 0.066853 -0.000002
vn -0.001692 -0.999999 0.000000
vn -0.001692 -0.999999 0.000000
vn -0.001692 -0.999999 0.000000
vn -0.001692 -0.999999 0.000000
vn 0.000000 0.067568 -0.997715
vn 0.000000 0.067568 -0.997715
vn 0.000000 0.067568 -0.997715
vn 0.000000 0.067568 -0.997715
vn 0.000000 1.000000 0.000000
vn 0.000000 1.000000 0.000000
vn 0.000000 1.000000 0.000000
vn 0.000000 1.000000 0.000000
vn 0.000000 0.066854 0.997763
vn 0.000000 0.066854 0.997763
vn 0.000000 0.066854 0.997763
vn 0.000000 0.066854 0.997763
vn 0.000000 -0.999999 0.001693
vn 0.000000 -0.999999 0.001693
vn 0.000000 -0.999999 0.001693
vn 0.000000 -0.999999 0.001693
vn 0.747065 -0.095148 0.657906
vn 0.747065 -0.095148 0.657906
vn 0.747065 -0.095148 0.657906
vn 0.747065 -0.095148 0.657906
vn 0.947243 -0.320516 0.000000
vn 0.947243 -0.320516 0.000000
vn 0.947243 -0.320516 0.000000
vn 0.947243 -0.320516 0.000000
vn 0.819446 -0.093379 -0.565498
vn 0.819446 -0.093379 -0.565498
vn 0.819446 -0.093379 -0.565498
vn 0.819446 -0.093379 -0.565498
vn 0.979991 0.199039 -0.000468
vn 0.979991 0.199039 -0.000468
vn 0.979991 0.199039 -0.000468
vn 0.979991 0.199039 -0.000468
vn -0.570667 -0.093894 0.815796
vn -0.570667 -0.093894 0.815796
vn -0.570667 -0.093894 0.815796
vn -0.570667 -0.093894 0.815796
vn -0.017298 -0.287937 0.957493
vn -0.017298 -0.287937 0.957493
vn -0.017298 -0.287937 0.957493
vn -0.017298 -0.287937 0.957493
vn 0.529957 -0.092589 0.842955
vn 0.529957 -0.092589 0.842955
vn 0.529957 -0.092589 0.842955
vn 0.529957 -0.092589 0.842955
vn -0.011658 0.163456 0.986482
vn -0.011658 0.163456 0.986482
vn -0.011658 0.163456 0.986482
vn -0.011658 0.163456 0.986482
s off
g Nut1:pole1OBJ_UV1 Nut1:bed Nut1:Nut
usemtl lambert39SG
f 1/1/1 2/2/2 51/3/3 50/4/4 47/5/5 46/6/6
f 2/2/7 3/7/8 56/8/9 55/9/10 52/10/11 51/3/12
f 3/7/13 4/11/14 61/12/15 60/13/16 57/14/17 56/8/18
f 4/11/19 1/1/20 46/6/21 45/15/22 62/16/23 61/12/24
f 49/17/25 47/18/26 50/19/27 54/20/28
f 53/21/29 52/22/30 55/23/31 59/24/32
f 58/25/33 57/26/34 60/27/35 64/28/36
f 63/29/37 62/30/38 45/31/39 48/32/40
f 6/33/41 5/34/42 21/35/43 20/36/44
f 5/34/45 10/37/46 22/38/47 21/35/48
f 8/39/49 7/40/50 31/41/51 30/42/52
f 7/40/53 6/43/54 29/44/55 31/41/56
f 10/37/57 9/45/58 11/46/59 16/47/60
f 9/45/61 8/48/62 12/49/63 11/46/64
f 14/50/65 13/51/66 33/52/67 32/53/68
f 13/51/69 12/54/70 34/55/71 33/52/72
f 16/47/73 15/56/74 23/57/75 28/58/76
f 15/56/77 14/59/78 24/60/79 23/57/80
f 18/61/81 17/62/82 27/63/83 26/64/84
f 17/62/85 22/38/86 28/58/87 27/63/88
f 20/65/89 19/66/90 36/67/91 35/68/92
f 19/66/93 18/69/94 37/70/95 36/67/96
f 26/71/97 25/72/98 40/73/99 39/74/100
f 25/72/101 24/75/102 38/76/103 40/73/104
f 122/77/105 121/78/106 123/79/107 124/80/108
f 18/69/109 26/71/110 39/74/111 37/70/112
f 14/50/113 32/53/114 38/81/115 24/82/116
f 126/83/117 125/84/118 127/85/119 128/86/120
f 10/37/121 16/47/122 2/2/123 1/1/124
f 16/47/125 28/58/126 3/7/127 2/2/128
f 28/58/129 22/38/130 4/11/131 3/7/132
f 22/38/133 10/37/134 1/1/135 4/11/136
f 38/87/137 32/88/138 33/89/139 34/90/140 30/91/141 31/92/142 29/93/143 35/94/144 36/95/145 37/96/146 39/97/147 40/98/148
f 9/45/149 10/37/150 5/34/151 41/99/152
f 5/34/153 6/33/154 7/100/155 41/99/156
f 7/100/157 8/48/158 9/45/159 41/99/160
f 15/56/161 16/47/162 11/46/163 42/101/164
f 11/46/165 12/49/166 13/102/167 42/101/168
f 13/102/169 14/59/170 15/56/171 42/101/172
f 21/35/173 22/38/174 17/62/175 43/103/176
f 17/62/177 18/61/178 19/104/179 43/103/180
f 19/104/181 20/36/182 21/35/183 43/103/184
f 27/63/185 28/58/186 23/57/187 44/105/188
f 23/57/189 24/106/190 25/107/191 44/105/192
f 25/107/193 26/64/194 27/63/195 44/105/196
f 98/108/197 97/109/198 99/110/199 100/111/200 101/112/201 102/113/202 103/114/203 104/115/204
f 45/31/205 47/18/206 49/17/207 48/32/208
f 50/19/209 52/22/210 53/21/211 54/20/212
f 55/116/213 57/26/214 58/25/215 59/117/216
f 60/27/217 62/30/218 63/29/219 64/28/220
f 45/15/221 46/6/222 47/5/223
f 50/4/224 51/3/225 52/10/226
f 55/9/227 56/8/228 57/14/229
f 60/13/230 61/12/231 62/16/232
f 48/32/233 49/17/234 65/118/235 66/119/236
f 49/17/237 54/20/238 67/120/239 65/118/240
f 54/20/241 53/21/242 68/121/243 67/120/244
f 53/21/245 59/24/246 69/122/247 68/121/248
f 59/117/249 58/25/250 70/123/251 69/124/252
f 58/25/253 64/28/254 71/125/255 70/123/256
f 64/28/257 63/29/258 72/126/259 71/125/260
f 63/29/261 48/32/262 66/119/263 72/126/264
f 66/127/265 65/128/266 73/129/267 74/130/268
f 65/128/269 67/131/270 75/132/271 73/129/272
f 67/131/273 68/133/274 76/134/275 75/132/276
f 68/133/277 69/135/278 77/136/279 76/134/280
f 69/135/281 70/137/282 78/138/283 77/136/284
f 70/137/285 71/139/286 79/140/287 78/138/288
f 71/139/289 72/141/290 80/142/291 79/140/292
f 72/141/293 66/127/294 74/130/295 80/142/296
f 74/130/297 73/129/298 81/143/299 82/144/300
f 73/129/301 75/132/302 83/145/303 81/143/304
f 75/132/305 76/134/306 84/146/307 83/145/308
f 76/134/309 77/136/310 85/147/311 84/146/312
f 77/136/313 78/138/314 86/148/315 85/147/316
f 78/138/317 79/140/318 87/149/319 86/148/320
f 79/140/321 80/142/322 88/150/323 87/149/324
f 80/142/325 74/130/326 82/144/327 88/150/328
f 82/144/329 81/143/330 89/151/331 90/152/332
f 81/143/333 83/145/334 91/153/335 89/151/336
f 83/145/337 84/146/338 92/154/339 91/153/340
f 84/146/341 85/147/342 93/155/343 92/154/344
f 85/147/345 86/148/346 94/156/347 93/155/348
f 86/148/349 87/149/350 95/157/351 94/156/352
f 87/149/353 88/150/354 96/158/355 95/157/356
f 88/150/357 82/144/358 90/152/359 96/158/360
f 90/152/361 89/151/362 97/159/363 98/160/364
f 89/151/365 91/153/366 99/161/367 97/159/368
f 91/153/369 92/154/370 100/162/371 99/161/372
f 92/154/373 93/155/374 101/163/375 100/162/376
f 93/155/377 94/156/378 102/164/379 101/163/380
f 94/156/381 95/157/382 103/165/383 102/164/384
f 95/157/385 96/158/386 104/166/387 103/165/388
f 96/158/389 90/152/390 98/160/391 104/166/392
f 8/39/393 30/42/394 105/167/395 106/168/396
f 30/42/397 34/55/398 107/169/399 105/167/400
f 34/55/401 12/54/402 108/170/403 107/169/404
f 12/54/405 8/39/406 106/168/407 108/170/408
f 20/65/409 35/68/410 109/171/411 110/172/412
f 35/68/413 29/44/414 111/173/415 109/171/416
f 29/44/417 6/43/418 112/174/419 111/173/420
f 6/43/421 20/65/422 110/172/423 112/174/424
f 110/172/425 109/171/426 113/175/427 114/176/428
f 109/171/429 111/173/430 115/177/431 113/175/432
f 111/173/433 112/174/434 116/178/435 115/177/436
f 112/174/437 110/172/438 114/176/439 116/178/440
f 106/168/441 105/167/442 117/179/443 118/180/444
f 105/167/445 107/169/446 119/181/447 117/179/448
f 107/169/449 108/170/450 120/182/451 119/181/452
f 108/170/453 106/168/454 118/180/455 120/182/456
f 118/183/457 117/184/458 121/78/459 122/77/460
f 117/184/461 119/185/462 123/79/463 121/78/464
f 119/185/465 120/186/466 124/80/467 123/79/468
f 120/186/469 118/183/470 122/77/471 124/80/472
f 114/187/473 113/188/474 125/84/475 126/83/476
f 113/188/477 115/189/478 127/85/479 125/84/480
f 115/189/481 116/190/482 128/86/483 127/85/484
f 116/190/485 114/187/486 126/83/487 128/86/488
g default
v -3.987008 5.834947 0.528756
v -4.739639 6.163814 0.528756
v -5.688010 6.470690 0.528756
v -6.739286 6.576432 0.528756
v -7.790563 6.470690 0.528756
v -8.738934 6.163813 0.528756
v -9.491564 5.834947 0.528756
v -3.987008 5.834947 1.371513
v -4.739639 6.163814 1.371513
v -5.688010 6.470690 1.371513
v -6.739286 6.576432 1.371513
v -7.790563 6.470690 1.371513
v -8.738934 6.163813 1.371513
v -9.491564 5.834947 1.371513
v -3.987008 3.630995 0.528756
v -4.739639 3.631001 0.528756
v -4.739639 3.631001 1.371513
v -3.987008 3.630995 1.371513
v -5.688010 3.631004 0.528756
v -5.688010 3.631004 1.371513
v -6.739286 3.631005 0.528756
v -6.739286 3.631005 1.371513
v -7.790563 3.631004 0.528756
v -7.790563 3.631004 1.371513
v -8.738934 3.631001 0.528756
v -8.738934 3.631001 1.371513
v -9.491564 3.630995 0.528756
v -9.491564 3.630995 1.371513
v -7.885296 6.072064 1.371513
v -7.885296 4.036152 1.371513
v -7.033442 4.036152 1.371513
v -7.033442 6.146971 1.371513
v -8.557111 5.854676 1.371513
v -8.557111 4.036150 1.371513
v -9.090266 5.621712 1.371513
v -9.090266 4.036146 1.371513
v -4.917357 5.861655 1.371513
v -4.917357 4.026456 1.371513
v -4.379248 4.026452 1.371513
v -4.379248 5.626525 1.371513
v -5.595414 6.081063 1.371513
v -5.595414 4.026457 1.371513
v -6.454188 6.156665 1.371513
v -6.454188 4.026459 1.371513
v -4.511171 5.597243 1.200963
v -4.511171 4.109735 1.200963
v -5.019143 5.819205 1.200963
v -5.019143 4.109739 1.200963
v -5.659225 6.026325 1.200963
v -5.659225 4.109740 1.200963
v -6.368760 6.097693 1.200963
v -6.368760 4.109742 1.200963
v -7.820858 6.017830 1.200963
v -7.820858 4.118892 1.200963
v -7.117855 4.118893 1.200963
v -7.117855 6.088542 1.200963
v -8.455047 5.812617 1.200963
v -8.455047 4.118890 1.200963
v -8.958343 5.592701 1.200963
v -8.958343 4.118887 1.200963
v -4.563062 5.544304 1.368419
v -4.563062 4.132931 1.368419
v -5.059179 5.761086 1.368419
v -5.059179 4.132935 1.368419
v -5.684324 5.963372 1.368419
v -5.684324 4.132936 1.368419
v -6.290133 6.033074 1.368419
v -6.290133 4.132938 1.368419
v -7.795513 5.955074 1.368419
v -7.795513 4.141875 1.368419
v -7.196082 4.141875 1.368419
v -7.196082 6.024137 1.368419
v -8.414901 5.754652 1.368419
v -8.414901 4.141873 1.368419
v -8.906451 5.539867 1.368419
v -8.906451 4.141869 1.368419
v -3.987008 6.605082 -8.852216
v -4.739639 7.265530 -8.852216
v -5.688010 7.653204 -8.852216
v -6.739286 7.793825 -8.852216
v -7.790563 7.653204 -8.852216
v -8.738934 7.265529 -8.852216
v -9.491564 6.605082 -8.852216
v -3.987008 6.605082 -8.069088
v -4.739639 7.265530 -8.069088
v -5.688010 7.653204 -8.069089
v -6.739286 7.793825 -8.069088
v -7.790563 7.653204 -8.069089
v -8.738934 7.265529 -8.069088
v -9.491564 6.605082 -8.069088
v -3.987008 3.714853 -8.852216
v -4.739639 3.714862 -8.852216
v -4.739639 3.714862 -8.069088
v -3.987008 3.714853 -8.069088
v -5.688010 3.714867 -8.852216
v -5.688010 3.714867 -8.069089
v -6.739286 3.714870 -8.852216
v -6.739286 3.714870 -8.069088
v -7.790563 3.714867 -8.852216
v -7.790563 3.714867 -8.069089
v -8.738934 3.714862 -8.852216
v -8.738934 3.714862 -8.069088
v -9.491564 3.714853 -8.852216
v -9.491564 3.714853 -8.069088
v -5.044208 7.035359 -8.069088
v -5.044208 4.025497 -8.069088
v -4.406210 4.025490 -8.069088
v -4.406210 6.475505 -8.069089
v -5.848130 7.363986 -8.069088
v -5.848130 4.025502 -8.069088
v -6.739286 7.483190 -8.069088
v -6.739286 4.025503 -8.069088
v -7.630442 7.363986 -8.069088
v -7.630442 4.025502 -8.069088
v -8.434365 7.035358 -8.069089
v -8.434365 4.025497 -8.069088
v -9.072363 6.475505 -8.069089
v -9.072363 4.025490 -8.069088
v -5.130406 6.970216 -8.204248
v -5.130406 4.113412 -8.204248
v -4.524851 4.113405 -8.204248
v -4.524851 6.438831 -8.204248
v -5.893448 7.282132 -8.204248
v -5.893448 4.113417 -8.204248
v -6.739286 7.395273 -8.204248
v -6.739286 4.113418 -8.204248
v -7.585124 7.282132 -8.204248
v -7.585124 4.113417 -8.204248
v -8.348166 6.970215 -8.204248
v -8.348166 4.113412 -8.204248
v -8.953720 6.438831 -8.204248
v -8.953720 4.113405 -8.204248
v -5.189425 6.925614 -8.069143
v -5.189425 4.173606 -8.069143
v -4.606083 4.173599 -8.069144
v -4.606083 6.413722 -8.069143
v -5.924476 7.226089 -8.069142
v -5.924476 4.173611 -8.069143
v -6.739286 7.335079 -8.069143
v -6.739286 4.173612 -8.069143
v -7.554097 7.226089 -8.069142
v -7.554097 4.173611 -8.069143
v -8.289147 6.925614 -8.069143
v -8.289147 4.173607 -8.069143
v -8.872488 6.413722 -8.069143
v -8.872488 4.173599 -8.069144
vt 0.780523 0.604842
vt 0.821674 0.604842
vt 0.821674 0.641592
vt 0.780523 0.641592
vt 0.821674 0.687899
vt 0.780523 0.687899
vt 0.821674 0.739231
vt 0.780523 0.739231
vt 0.821674 0.790563
vt 0.780523 0.790563
vt 0.821674 0.836870
vt 0.780523 0.836870
vt 0.821674 0.873619
vt 0.780523 0.873619
vt 0.780523 0.497227
vt 0.780523 0.457123
vt 0.821674 0.457123
vt 0.821674 0.497227
vt 0.780523 0.408451
vt 0.821674 0.408451
vt 0.780523 0.356861
vt 0.821674 0.356861
vt 0.780523 0.305270
vt 0.821674 0.305270
vt 0.780523 0.256598
vt 0.821674 0.256598
vt 0.780523 0.216494
vt 0.821674 0.216494
vt 0.091789 0.355130
vt 0.091789 0.247515
vt 0.128539 0.247515
vt 0.128539 0.371188
vt 0.345367 0.491164
vt 0.342117 0.560172
vt 0.317433 0.569223
vt 0.321145 0.489949
vt 0.174846 0.247515
vt 0.174846 0.386172
vt 0.286662 0.577468
vt 0.290513 0.488496
vt 0.226178 0.247515
vt 0.226178 0.391335
vt 0.257161 0.580361
vt 0.260786 0.487284
vt 0.277510 0.247515
vt 0.277510 0.386172
vt 0.158156 0.576006
vt 0.154334 0.487874
vt 0.183748 0.486672
vt 0.187347 0.578873
vt 0.323817 0.247515
vt 0.323817 0.371188
vt 0.127668 0.567841
vt 0.123984 0.489316
vt 0.360567 0.247515
vt 0.360567 0.355130
vt 0.780523 0.108879
vt 0.821674 0.108879
vt 0.103211 0.558876
vt 0.099985 0.490522
vt 0.176350 0.647037
vt 0.223095 0.655406
vt 0.205230 0.673524
vt 0.171409 0.671870
vt 0.222963 0.774562
vt 0.205183 0.755134
vt 0.173559 0.777352
vt 0.170460 0.753293
vt 0.138783 0.645667
vt 0.147540 0.670432
vt 0.135917 0.764098
vt 0.146671 0.744752
vt 0.100098 0.745700
vt 0.099404 0.649353
vt 0.123918 0.670003
vt 0.124580 0.734773
vt 0.306600 0.646027
vt 0.345730 0.649935
vt 0.321753 0.669899
vt 0.297971 0.670175
vt 0.344954 0.745357
vt 0.321053 0.734765
vt 0.309509 0.763775
vt 0.298938 0.744940
vt 0.269364 0.647208
vt 0.274093 0.671460
vt 0.272228 0.776953
vt 0.275061 0.753449
vt 0.240368 0.673187
vt 0.240164 0.755459
vt 0.306801 0.729287
vt 0.308657 0.678946
vt 0.291436 0.734553
vt 0.293358 0.683043
vt 0.271885 0.741464
vt 0.272998 0.683848
vt 0.251323 0.747196
vt 0.251719 0.681448
vt 0.193880 0.681649
vt 0.172517 0.684302
vt 0.194050 0.746866
vt 0.173552 0.741340
vt 0.152236 0.683264
vt 0.154193 0.734267
vt 0.137022 0.679145
vt 0.138875 0.729310
vt 0.353974 0.490458
vt 0.350542 0.563184
vt 0.346287 0.568101
vt 0.320804 0.577404
vt 0.323490 0.481800
vt 0.348299 0.483041
vt 0.288813 0.586020
vt 0.292106 0.480305
vt 0.253982 0.589368
vt 0.248012 0.583191
vt 0.251800 0.485819
vt 0.257289 0.478876
vt 0.152729 0.479685
vt 0.187225 0.478266
vt 0.192726 0.485217
vt 0.196487 0.581692
vt 0.190504 0.587876
vt 0.155992 0.584554
vt 0.121633 0.481168
vt 0.124291 0.576017
vt 0.094786 0.561883
vt 0.091379 0.489827
vt 0.097053 0.482400
vt 0.099041 0.566803
vt 0.889774 0.646943
vt 0.928012 0.646943
vt 0.928012 0.683692
vt 0.889773 0.683692
vt 0.928012 0.730000
vt 0.889773 0.730000
vt 0.928012 0.781331
vt 0.889773 0.781331
vt 0.928012 0.832663
vt 0.889773 0.832663
vt 0.928012 0.878970
vt 0.889773 0.878970
vt 0.928012 0.915720
vt 0.889773 0.915720
vt 0.889774 0.505819
vt 0.889774 0.456926
vt 0.928012 0.456926
vt 0.928012 0.505819
vt 0.889774 0.406899
vt 0.928012 0.406899
vt 0.889774 0.355110
vt 0.928013 0.355110
vt 0.889774 0.303321
vt 0.928013 0.303321
vt 0.889774 0.253295
vt 0.928013 0.253295
vt 0.889774 0.204402
vt 0.928013 0.204402
vt 0.430890 0.338024
vt 0.430890 0.196899
vt 0.467640 0.196900
vt 0.467640 0.370272
vt 0.638385 0.618977
vt 0.638385 0.484601
vt 0.666868 0.484601
vt 0.666868 0.593982
vt 0.513947 0.196900
vt 0.513947 0.389202
vt 0.602494 0.633648
vt 0.602494 0.484602
vt 0.565279 0.196900
vt 0.565279 0.396068
vt 0.562708 0.638970
vt 0.562708 0.484602
vt 0.616611 0.196900
vt 0.616611 0.389202
vt 0.522922 0.633648
vt 0.522922 0.484602
vt 0.662918 0.196900
vt 0.662918 0.370272
vt 0.487031 0.618977
vt 0.487031 0.484601
vt 0.699667 0.196899
vt 0.699667 0.338024
vt 0.889774 0.063278
vt 0.928013 0.063278
vt 0.458548 0.593982
vt 0.458548 0.484601
vt 0.622591 0.711134
vt 0.664958 0.718259
vt 0.635790 0.732438
vt 0.609300 0.733290
vt 0.661483 0.823069
vt 0.632769 0.815316
vt 0.627064 0.853625
vt 0.609551 0.834760
vt 0.589861 0.714503
vt 0.584137 0.736792
vt 0.592159 0.864531
vt 0.583923 0.843272
vt 0.557135 0.716481
vt 0.557136 0.738263
vt 0.556957 0.867907
vt 0.556997 0.846095
vt 0.524299 0.714544
vt 0.530060 0.736883
vt 0.521861 0.864347
vt 0.530155 0.843096
vt 0.491258 0.710525
vt 0.504696 0.733038
vt 0.487209 0.853746
vt 0.504730 0.834805
vt 0.453034 0.824083
vt 0.448749 0.717273
vt 0.478016 0.731430
vt 0.481708 0.816184
vt 0.623223 0.740306
vt 0.605399 0.745257
vt 0.619598 0.810929
vt 0.601797 0.824586
vt 0.582428 0.748499
vt 0.580227 0.831725
vt 0.557146 0.749767
vt 0.557013 0.834102
vt 0.531800 0.748624
vt 0.533875 0.831534
vt 0.508647 0.745210
vt 0.512499 0.824563
vt 0.490599 0.739254
vt 0.494874 0.811829
vt 0.641267 0.477379
vt 0.670835 0.477379
vt 0.674566 0.481662
vt 0.674566 0.595208
vt 0.673439 0.598175
vt 0.643870 0.624122
vt 0.604009 0.477380
vt 0.642850 0.625029
vt 0.605592 0.640259
vt 0.562708 0.477380
vt 0.604578 0.640645
vt 0.563278 0.646170
vt 0.521407 0.477380
vt 0.562138 0.646170
vt 0.520837 0.640645
vt 0.484149 0.477379
vt 0.519824 0.640259
vt 0.482566 0.625029
vt 0.450850 0.595208
vt 0.450850 0.481662
vt 0.454581 0.477379
vt 0.481545 0.624122
vt 0.451977 0.598175
vn -0.000008 -1.000000 0.000000
vn -0.000008 -1.000000 0.000000
vn -0.000008 -1.000000 0.000000
vn -0.000008 -1.000000 0.000000
vn -0.000003 -1.000000 0.000000
vn -0.000003 -1.000000 0.000000
vn -0.000003 -1.000000 0.000000
vn -0.000003 -1.000000 0.000000
vn -0.000001 -1.000000 0.000000
vn -0.000001 -1.000000 0.000000
vn -0.000001 -1.000000 0.000000
vn -0.000001 -1.000000 0.000000
vn 0.000001 -1.000000 0.000000
vn 0.000001 -1.000000 0.000000
vn 0.000001 -1.000000 0.000000
vn 0.000001 -1.000000 0.000000
vn 0.000003 -1.000000 0.000000
vn 0.000003 -1.000000 0.000000
vn 0.000003 -1.000000 0.000000
vn 0.000003 -1.000000 0.000000
vn 0.000008 -1.000000 0.000000
vn 0.000008 -1.000000 0.000000
vn 0.000008 -1.000000 0.000000
vn 0.000008 -1.000000 0.000000
vn 0.400401 0.916340 0.000000
vn 0.400401 0.916340 0.000000
vn 0.400401 0.916340 0.000000
vn 0.400401 0.916340 0.000000
vn 0.307866 0.951430 0.000000
vn 0.307866 0.951430 0.000000
vn 0.307866 0.951430 0.000000
vn 0.307866 0.951430 0.000000
vn 0.100080 0.994979 0.000000
vn 0.100080 0.994979 0.000000
vn 0.100080 0.994979 0.000000
vn 0.100080 0.994979 0.000000
vn -0.100080 0.994979 0.000000
vn -0.100080 0.994979 0.000000
vn -0.100080 0.994979 0.000000
vn -0.100080 0.994979 0.000000
vn -0.307867 0.951430 0.000000
vn -0.307867 0.951430 0.000000
vn -0.307867 0.951430 0.000000
vn -0.307867 0.951430 0.000000
vn -0.400400 0.916340 0.000000
vn -0.400400 0.916340 0.000000
vn -0.400400 0.916340 0.000000
vn -0.400400 0.916340 0.000000
vn 0.000000 0.000000 -1.000000
vn 0.000000 0.000000 -1.000000
vn 0.000000 0.000000 -1.000000
vn 0.000000 0.000000 -1.000000
vn 0.000000 0.000000 1.000000
vn 0.000000 0.000000 1.000000
vn 0.000000 0.000000 1.000000
vn 0.000000 0.000000 1.000000
vn 1.000000 0.000000 0.000000
vn 1.000000 0.000000 0.000000
vn 1.000000 0.000000 0.000000
vn 1.000000 0.000000 0.000000
vn 0.000000 0.000000 -1.000000
vn 0.000000 0.000000 -1.000000
vn 0.000000 0.000000 -1.000000
vn 0.000000 0.000000 -1.000000
vn 0.000000 0.000000 1.000000
vn 0.000000 0.000000 1.000000
vn 0.000000 0.000000 1.000000
vn 0.000000 0.000000 1.000000
vn 0.000000 0.000000 -1.000000
vn 0.000000 0.000000 -1.000000
vn 0.000000 0.000000 -1.000000
vn 0.000000 0.000000 -1.000000
vn 0.000000 0.000000 1.000000
vn 0.000000 0.000000 1.000000
vn 0.000000 0.000000 1.000000
vn 0.000000 0.000000 1.000000
vn 0.000000 0.000000 -1.000000
vn 0.000000 0.000000 -1.000000
vn 0.000000 0.000000 -1.000000
vn 0.000000 0.000000 -1.000000
vn 0.000000 0.000000 1.000000
vn 0.000000 0.000000 1.000000
vn 0.000000 0.000000 1.000000
vn 0.000000 0.000000 1.000000
vn 0.000000 0.000000 -1.000000
vn 0.000000 0.000000 -1.000000
vn 0.000000 0.000000 -1.000000
vn 0.000000 0.000000 -1.000000
vn 0.000000 0.000000 1.000000
vn 0.000000 0.000000 1.000000
vn 0.000000 0.000000 1.000000
vn 0.000000 0.000000 1.000000
vn 0.000000 0.000000 -1.000000
vn 0.000000 0.000000 -1.000000
vn 0.000000 0.000000 -1.000000
vn 0.000000 0.000000 -1.000000
vn -1.000000 0.000000 0.000000
vn -1.000000 0.000000 0.000000
vn -1.000000 0.000000 0.000000
vn -1.000000 0.000000 0.000000
vn 0.000000 0.000000 1.000000
vn 0.000000 0.000000 1.000000
vn 0.000000 0.000000 1.000000
vn 0.000000 0.000000 1.000000
vn 0.000000 0.000000 1.000000
vn 0.000000 0.000000 1.000000
vn 0.000000 0.000000 1.000000
vn 0.000000 0.000000 1.000000
vn 0.000000 0.000000 1.000000
vn 0.000000 0.000000 1.000000
vn 0.000000 0.000000 1.000000
vn 0.000000 0.000000 1.000000
vn 0.000000 0.000000 1.000000
vn 0.000000 0.000000 1.000000
vn 0.000000 0.000000 1.000000
vn 0.000000 0.000000 1.000000
vn 0.000000 0.000000 1.000000
vn 0.000000 0.000000 1.000000
vn 0.000000 0.000000 1.000000
vn 0.000000 0.000000 1.000000
vn 0.000000 0.000000 1.000000
vn 0.000000 0.000000 1.000000
vn 0.000000 0.000000 1.000000
vn 0.000000 0.000000 1.000000
vn 0.000000 0.000000 1.000000
vn 0.000000 0.000000 1.000000
vn 0.000000 0.000000 1.000000
vn 0.000000 0.000000 1.000000
vn 0.000000 0.000000 1.000000
vn 0.000000 0.000000 1.000000
vn 0.000000 0.000000 1.000000
vn 0.000000 0.000000 1.000000
vn 0.000000 0.000000 1.000000
vn 0.000000 0.000000 1.000000
vn 0.000000 0.000000 1.000000
vn 0.000000 0.000000 1.000000
vn 0.000000 0.000000 1.000000
vn 0.000000 0.000000 1.000000
vn 0.000000 0.000000 1.000000
vn 0.000000 0.000000 1.000000
vn 0.000000 0.000000 1.000000
vn 0.000000 0.000000 1.000000
vn 0.000000 0.000000 1.000000
vn 0.000000 0.000000 1.000000
vn 0.000000 0.000000 1.000000
vn 0.000000 0.000000 1.000000
vn 0.000000 0.000000 1.000000
vn 0.000000 0.000000 1.000000
vn 0.000000 0.000000 1.000000
vn 0.000000 0.000000 1.000000
vn 0.000000 0.000000 1.000000
vn 0.000000 0.000000 1.000000
vn 0.000000 0.000000 1.000000
vn 0.000000 0.000000 1.000000
vn 0.000000 0.000000 1.000000
vn 0.000000 0.000000 1.000000
vn 0.000000 0.000000 1.000000
vn 0.000000 0.000000 1.000000
vn 0.000000 0.000000 1.000000
vn 0.000000 0.000000 1.000000
vn 0.000000 0.000000 1.000000
vn 0.000000 0.000000 1.000000
vn 0.000000 0.000000 1.000000
vn 0.000000 0.000000 1.000000
vn 0.000000 0.000000 1.000000
vn 0.000000 0.000000 1.000000
vn 0.000000 0.000000 1.000000
vn 0.000000 0.000000 1.000000
vn -0.790983 0.000000 0.611838
vn -0.790983 0.000000 0.611838
vn -0.790983 0.000000 0.611838
vn -0.790983 0.000000 0.611838
vn -0.362784 -0.830253 0.423164
vn -0.362785 -0.830253 0.423164
vn -0.362784 -0.830253 0.423164
vn -0.362784 -0.830253 0.423164
vn 0.000007 0.898589 0.438792
vn 0.000007 0.898589 0.438792
vn 0.000007 0.898589 0.438792
vn 0.000007 0.898589 0.438792
vn -0.283792 -0.877029 0.387662
vn -0.283792 -0.877029 0.387662
vn -0.283792 -0.877029 0.387662
vn -0.283792 -0.877029 0.387662
vn 0.000002 0.898588 0.438794
vn 0.000002 0.898588 0.438793
vn 0.000002 0.898588 0.438793
vn 0.000002 0.898588 0.438794
vn -0.088709 -0.946608 0.309941
vn -0.088709 -0.946608 0.309941
vn -0.088709 -0.946608 0.309941
vn -0.088709 -0.946608 0.309941
vn 0.894107 0.000000 0.447853
vn 0.894107 0.000000 0.447853
vn 0.894107 0.000000 0.447853
vn 0.894107 0.000000 0.447853
vn 0.000002 0.898586 0.438797
vn 0.000002 0.898586 0.438797
vn 0.000002 0.898586 0.438797
vn 0.000002 0.898586 0.438797
vn -0.000001 0.899712 0.436484
vn -0.000001 0.899712 0.436484
vn -0.000001 0.899712 0.436484
vn -0.000001 0.899712 0.436484
vn -0.896233 0.000000 0.443583
vn -0.896233 0.000000 0.443583
vn -0.896233 0.000000 0.443583
vn -0.896233 0.000000 0.443583
vn 0.088722 -0.947337 0.307702
vn 0.088722 -0.947337 0.307702
vn 0.088722 -0.947337 0.307702
vn 0.088722 -0.947337 0.307702
vn -0.000003 0.899713 0.436482
vn -0.000003 0.899713 0.436482
vn -0.000003 0.899713 0.436482
vn -0.000003 0.899713 0.436482
vn 0.283962 -0.877556 0.386343
vn 0.283962 -0.877556 0.386343
vn 0.283962 -0.877556 0.386343
vn 0.283962 -0.877556 0.386343
vn 0.790983 0.000000 0.611838
vn 0.790983 0.000000 0.611838
vn 0.790983 0.000000 0.611838
vn 0.790983 0.000000 0.611838
vn -0.000007 0.899714 0.436479
vn -0.000007 0.899714 0.436479
vn -0.000007 0.899714 0.436479
vn -0.000007 0.899714 0.436479
vn 0.362984 -0.830717 0.422080
vn 0.362984 -0.830717 0.422080
vn 0.362984 -0.830717 0.422080
vn 0.362984 -0.830717 0.422080
vn 0.955191 0.000000 0.295991
vn 0.955191 0.000000 0.295991
vn 0.955191 0.000000 0.295992
vn 0.955191 0.000000 0.295991
vn 0.369982 0.846722 0.382330
vn 0.369982 0.846722 0.382330
vn 0.369982 0.846722 0.382330
vn 0.369982 0.846722 0.382330
vn -0.000008 -0.990542 0.137211
vn -0.000008 -0.990542 0.137211
vn -0.000008 -0.990542 0.137211
vn -0.000008 -0.990542 0.137211
vn 0.285470 0.882214 0.374441
vn 0.285470 0.882214 0.374441
vn 0.285470 0.882214 0.374441
vn 0.285470 0.882214 0.374441
vn -0.000002 -0.990542 0.137211
vn -0.000002 -0.990542 0.137211
vn -0.000002 -0.990542 0.137211
vn -0.000002 -0.990542 0.137211
vn 0.100280 0.935016 0.340130
vn 0.100280 0.935016 0.340130
vn 0.100280 0.935016 0.340130
vn 0.100280 0.935016 0.340130
vn -0.905186 0.000000 0.425017
vn -0.905186 0.000000 0.425017
vn -0.905186 0.000000 0.425017
vn -0.905186 0.000000 0.425017
vn -0.000003 -0.990542 0.137208
vn -0.000003 -0.990542 0.137208
vn -0.000003 -0.990542 0.137208
vn -0.000003 -0.990542 0.137208
vn 0.000000 -0.990713 0.135969
vn 0.000000 -0.990713 0.135969
vn 0.000000 -0.990713 0.135969
vn 0.000000 -0.990713 0.135969
vn 0.906016 0.000000 0.423244
vn 0.906016 0.000000 0.423244
vn 0.906016 0.000000 0.423244
vn 0.906016 0.000000 0.423244
vn -0.100376 0.935317 0.339275
vn -0.100376 0.935317 0.339275
vn -0.100376 0.935317 0.339275
vn -0.100376 0.935317 0.339275
vn 0.000003 -0.990713 0.135969
vn 0.000003 -0.990713 0.135969
vn 0.000003 -0.990713 0.135969
vn 0.000003 -0.990713 0.135969
vn -0.285535 0.882419 0.373906
vn -0.285535 0.882419 0.373906
vn -0.285535 0.882419 0.373906
vn -0.285535 0.882419 0.373906
vn -0.955190 0.000000 0.295994
vn -0.955190 0.000000 0.295994
vn -0.955190 0.000000 0.295994
vn -0.955190 0.000000 0.295994
vn 0.000008 -0.990713 0.135971
vn 0.000008 -0.990713 0.135971
vn 0.000008 -0.990713 0.135971
vn 0.000008 -0.990713 0.135971
vn -0.370054 0.846896 0.381873
vn -0.370054 0.846896 0.381873
vn -0.370054 0.846896 0.381873
vn -0.370054 0.846896 0.381873
vn -0.000012 -1.000000 0.000000
vn -0.000012 -1.000000 0.000000
vn -0.000012 -1.000000 0.000000
vn -0.000012 -1.000000 0.000000
vn -0.000005 -1.000000 0.000000
vn -0.000005 -1.000000 0.000000
vn -0.000005 -1.000000 0.000000
vn -0.000005 -1.000000 0.000000
vn -0.000003 -1.000000 0.000000
vn -0.000003 -1.000000 0.000000
vn -0.000003 -1.000000 0.000000
vn -0.000003 -1.000000 0.000000
vn 0.000003 -1.000000 0.000000
vn 0.000003 -1.000000 0.000000
vn 0.000003 -1.000000 0.000000
vn 0.000003 -1.000000 0.000000
vn 0.000005 -1.000000 0.000000
vn 0.000005 -1.000000 0.000000
vn 0.000005 -1.000000 0.000000
vn 0.000005 -1.000000 0.000000
vn 0.000012 -1.000000 0.000000
vn 0.000012 -1.000000 0.000000
vn 0.000012 -1.000000 0.000000
vn 0.000012 -1.000000 0.000000
vn 0.659576 0.751638 0.000000
vn 0.659576 0.751638 0.000000
vn 0.659576 0.751638 0.000000
vn 0.659576 0.751638 0.000000
vn 0.378386 0.925648 0.000000
vn 0.378386 0.925648 0.000000
vn 0.378386 0.925648 0.000000
vn 0.378386 0.925648 0.000000
vn 0.132582 0.991172 0.000000
vn 0.132582 0.991172 0.000000
vn 0.132582 0.991172 0.000000
vn 0.132582 0.991172 0.000000
vn -0.132582 0.991172 0.000000
vn -0.132582 0.991172 0.000000
vn -0.132582 0.991172 0.000000
vn -0.132582 0.991172 0.000000
vn -0.378387 0.925648 0.000000
vn -0.378387 0.925648 0.000000
vn -0.378387 0.925648 0.000000
vn -0.378387 0.925648 0.000000
vn -0.659576 0.751638 0.000000
vn -0.659576 0.751638 0.000000
vn -0.659576 0.751638 0.000000
vn -0.659576 0.751638 0.000000
vn 0.000001 0.000000 -1.000000
vn 0.000001 0.000000 -1.000000
vn 0.000001 0.000000 -1.000000
vn 0.000001 0.000000 -1.000000
vn 0.000000 0.000000 1.000000
vn 0.000000 0.000000 1.000000
vn 0.000000 0.000000 1.000000
vn 0.000000 0.000000 1.000000
vn 1.000000 0.000000 0.000000
vn 1.000000 0.000000 0.000000
vn 1.000000 0.000000 0.000000
vn 1.000000 0.000000 0.000000
vn -0.000001 0.000000 -1.000000
vn -0.000001 0.000000 -1.000000
vn -0.000001 0.000000 -1.000000
vn -0.000001 0.000000 -1.000000
vn 0.000000 0.000000 1.000000
vn 0.000000 0.000000 1.000000
vn 0.000000 0.000000 1.000000
vn 0.000000 0.000000 1.000000
vn -0.000001 0.000000 -1.000000
vn -0.000001 0.000000 -1.000000
vn -0.000001 0.000000 -1.000000
vn -0.000001 0.000000 -1.000000
vn 0.000000 0.000000 1.000000
vn 0.000000 0.000000 1.000000
vn 0.000000 0.000000 1.000000
vn 0.000000 0.000000 1.000000
vn 0.000001 0.000000 -1.000000
vn 0.000001 0.000000 -1.000000
vn 0.000001 0.000000 -1.000000
vn 0.000001 0.000000 -1.000000
vn 0.000000 0.000000 1.000000
vn 0.000000 0.000000 1.000000
vn 0.000000 0.000000 1.000000
vn 0.000000 0.000000 1.000000
vn 0.000000 0.000000 -1.000000
vn 0.000000 0.000000 -1.000000
vn 0.000000 0.000000 -1.000000
vn 0.000000 0.000000 -1.000000
vn 0.000000 0.000000 1.000000
vn 0.000000 0.000000 1.000000
vn 0.000000 0.000000 1.000000
vn 0.000000 0.000000 1.000000
vn 0.000000 0.000000 -1.000000
vn 0.000000 0.000000 -1.000000
vn 0.000000 0.000000 -1.000000
vn 0.000000 0.000000 -1.000000
vn -1.000000 0.000000 0.000000
vn -1.000000 0.000000 0.000000
vn -1.000000 0.000000 0.000000
vn -1.000000 0.000000 0.000000
vn 0.000000 0.000000 1.000000
vn 0.000000 0.000000 1.000000
vn 0.000000 0.000000 1.000000
vn 0.000000 0.000000 1.000000
vn 0.000001 0.000000 1.000000
vn 0.000001 0.000000 1.000000
vn 0.000001 0.000000 1.000000
vn 0.000001 0.000000 1.000000
vn 0.000001 0.000000 1.000000
vn 0.000001 0.000000 1.000000
vn 0.000001 0.000000 1.000000
vn 0.000001 0.000000 1.000000
vn 0.000000 -0.000001 1.000000
vn 0.000000 -0.000001 1.000000
vn 0.000000 -0.000001 1.000000
vn 0.000000 -0.000001 1.000000
vn 0.000000 -0.000002 1.000000
vn 0.000000 -0.000002 1.000000
vn 0.000000 -0.000002 1.000000
vn 0.000000 -0.000002 1.000000
vn 0.000001 0.000002 1.000000
vn 0.000001 0.000002 1.000000
vn 0.000001 0.000002 1.000000
vn 0.000001 0.000002 1.000000
vn 0.000000 -0.000001 1.000000
vn 0.000000 -0.000001 1.000000
vn 0.000000 -0.000001 1.000000
vn 0.000000 -0.000001 1.000000
vn 0.000000 0.000001 1.000000
vn 0.000000 0.000001 1.000000
vn 0.000000 0.000001 1.000000
vn 0.000000 0.000001 1.000000
vn 0.000000 -0.000001 1.000000
vn 0.000000 -0.000001 1.000000
vn 0.000000 -0.000001 1.000000
vn 0.000000 -0.000001 1.000000
vn -0.000001 0.000001 1.000000
vn -0.000001 0.000001 1.000000
vn -0.000001 0.000001 1.000000
vn -0.000001 0.000001 1.000000
vn 0.000000 -0.000002 1.000000
vn 0.000000 -0.000002 1.000000
vn 0.000000 -0.000002 1.000000
vn 0.000000 -0.000002 1.000000
vn -0.000002 0.000000 1.000000
vn -0.000002 0.000000 1.000000
vn -0.000002 0.000000 1.000000
vn -0.000002 0.000000 1.000000
vn 0.000000 0.000000 1.000000
vn 0.000000 0.000000 1.000000
vn 0.000000 0.000000 1.000000
vn 0.000000 0.000000 1.000000
vn -0.000001 0.000000 1.000000
vn -0.000001 0.000000 1.000000
vn -0.000001 0.000000 1.000000
vn -0.000001 0.000000 1.000000
vn 0.000002 -0.000002 1.000000
vn 0.000002 -0.000002 1.000000
vn 0.000002 -0.000002 1.000000
vn 0.000002 -0.000002 1.000000
vn 0.000009 0.838270 0.545255
vn 0.000009 0.838270 0.545255
vn 0.000009 0.838270 0.545255
vn 0.000009 0.838270 0.545255
vn -0.751536 0.000000 0.659692
vn -0.751536 0.000000 0.659692
vn -0.751536 0.000000 0.659692
vn -0.751536 0.000000 0.659692
vn -0.519339 -0.591830 0.616461
vn -0.519339 -0.591830 0.616461
vn -0.519339 -0.591830 0.616461
vn -0.519339 -0.591830 0.616461
vn 0.000006 0.838269 0.545257
vn 0.000006 0.838269 0.545257
vn 0.000006 0.838269 0.545257
vn 0.000006 0.838269 0.545257
vn -0.311812 -0.762789 0.566503
vn -0.311812 -0.762789 0.566503
vn -0.311812 -0.762789 0.566503
vn -0.311812 -0.762789 0.566503
vn 0.000001 0.838267 0.545260
vn 0.000001 0.838267 0.545260
vn 0.000001 0.838267 0.545260
vn 0.000001 0.838267 0.545260
vn -0.111430 -0.833044 0.541868
vn -0.111430 -0.833044 0.541868
vn -0.111430 -0.833044 0.541868
vn -0.111430 -0.833044 0.541868
vn -0.000001 0.838267 0.545260
vn -0.000001 0.838267 0.545260
vn -0.000001 0.838267 0.545260
vn -0.000001 0.838267 0.545260
vn 0.111430 -0.833044 0.541868
vn 0.111430 -0.833044 0.541868
vn 0.111430 -0.833044 0.541868
vn 0.111430 -0.833044 0.541868
vn -0.000006 0.838269 0.545257
vn -0.000006 0.838269 0.545257
vn -0.000006 0.838269 0.545257
vn -0.000006 0.838269 0.545257
vn 0.311815 -0.762788 0.566504
vn 0.311815 -0.762788 0.566504
vn 0.311815 -0.762788 0.566504
vn 0.311815 -0.762788 0.566504
vn 0.751532 0.000000 0.659697
vn 0.751532 0.000000 0.659697
vn 0.751532 0.000000 0.659697
vn 0.751532 0.000000 0.659697
vn -0.000009 0.838270 0.545255
vn -0.000009 0.838270 0.545255
vn -0.000009 0.838270 0.545255
vn -0.000009 0.838270 0.545255
vn 0.519338 -0.591827 0.616465
vn 0.519338 -0.591827 0.616465
vn 0.519338 -0.591827 0.616465
vn 0.519338 -0.591827 0.616465
vn -0.000009 -0.913442 0.406970
vn -0.000009 -0.913442 0.406970
vn -0.000009 -0.913442 0.406970
vn -0.000009 -0.913442 0.406970
vn 0.857018 0.000000 0.515287
vn 0.857018 0.000000 0.515287
vn 0.857018 0.000000 0.515287
vn 0.857018 0.000000 0.515287
vn 0.581268 0.662402 0.472601
vn 0.581268 0.662402 0.472601
vn 0.581268 0.662402 0.472601
vn 0.581268 0.662402 0.472601
vn -0.000006 -0.913441 0.406972
vn -0.000006 -0.913441 0.406972
vn -0.000006 -0.913441 0.406972
vn -0.000006 -0.913441 0.406972
vn 0.342332 0.837450 0.426011
vn 0.342332 0.837450 0.426011
vn 0.342332 0.837450 0.426011
vn 0.342332 0.837450 0.426011
vn -0.000001 -0.913441 0.406972
vn -0.000001 -0.913441 0.406972
vn -0.000001 -0.913441 0.406972
vn -0.000001 -0.913441 0.406972
vn 0.121281 0.906699 0.403966
vn 0.121281 0.906699 0.403966
vn 0.121281 0.906699 0.403966
vn 0.121281 0.906698 0.403967
vn 0.000001 -0.913441 0.406972
vn 0.000001 -0.913441 0.406972
vn 0.000001 -0.913441 0.406972
vn 0.000001 -0.913441 0.406972
vn -0.121282 0.906697 0.403970
vn -0.121282 0.906697 0.403970
vn -0.121282 0.906697 0.403970
vn -0.121282 0.906697 0.403970
vn 0.000005 -0.913439 0.406976
vn 0.000005 -0.913439 0.406976
vn 0.000005 -0.913439 0.406976
vn 0.000005 -0.913439 0.406976
vn -0.342334 0.837450 0.426010
vn -0.342334 0.837450 0.426010
vn -0.342334 0.837450 0.426010
vn -0.342334 0.837450 0.426010
vn -0.857017 0.000000 0.515289
vn -0.857017 0.000000 0.515289
vn -0.857017 0.000000 0.515289
vn -0.857017 0.000000 0.515289
vn 0.000010 -0.913440 0.406974
vn 0.000010 -0.913440 0.406974
vn 0.000010 -0.913440 0.406974
vn 0.000010 -0.913440 0.406974
vn -0.581269 0.662400 0.472602
vn -0.581269 0.662400 0.472602
vn -0.581269 0.662400 0.472602
vn -0.581269 0.662400 0.472602
s off
g Nut1:bed Nut1:Nut Nut1:HeadNBottomOBJ_UV1
usemtl lambert38SG
f 143/191/489 146/192/490 145/193/491 144/194/492
f 144/194/493 145/193/494 148/195/495 147/196/496
f 147/196/497 148/195/498 150/197/499 149/198/500
f 149/198/501 150/197/502 152/199/503 151/200/504
f 151/200/505 152/199/506 154/201/507 153/202/508
f 153/202/509 154/201/510 156/203/511 155/204/512
f 129/205/513 130/206/514 137/207/515 136/208/516
f 130/206/517 131/209/518 138/210/519 137/207/520
f 131/209/521 132/211/522 139/212/523 138/210/524
f 132/211/525 133/213/526 140/214/527 139/212/528
f 133/213/529 134/215/530 141/216/531 140/214/532
f 134/215/533 135/217/534 142/218/535 141/216/536
f 129/219/537 143/220/538 144/221/539 130/222/540
f 190/223/541 189/224/542 191/225/543 192/226/544
f 136/208/545 146/192/546 143/191/547 129/205/548
f 130/222/549 144/221/550 147/227/551 131/228/552
f 191/225/553 193/229/554 194/230/555 192/226/556
f 131/228/557 147/227/558 149/231/559 132/232/560
f 193/229/561 195/233/562 196/234/563 194/230/564
f 132/232/565 149/231/566 151/235/567 133/236/568
f 197/237/569 198/238/570 199/239/571 200/240/572
f 133/236/573 151/235/574 153/241/575 134/242/576
f 201/243/577 202/244/578 198/238/579 197/237/580
f 134/242/581 153/241/582 155/245/583 135/246/584
f 135/217/585 155/247/586 156/248/587 142/218/588
f 203/249/589 204/250/590 202/244/591 201/243/592
f 152/251/593 150/252/594 159/253/595 158/254/596
f 150/252/597 139/255/598 160/256/599 159/253/600
f 139/255/601 140/257/602 157/258/603 160/256/604
f 154/259/605 152/251/606 158/254/607 162/260/608
f 140/257/609 141/261/610 161/262/611 157/258/612
f 142/263/613 156/264/614 164/265/615 163/266/616
f 156/264/617 154/259/618 162/260/619 164/265/620
f 141/261/621 142/263/622 163/266/623 161/262/624
f 145/267/625 146/268/626 167/269/627 166/270/628
f 146/268/629 136/271/630 168/272/631 167/269/632
f 136/271/633 137/273/634 165/274/635 168/272/636
f 148/275/637 145/267/638 166/270/639 170/276/640
f 137/273/641 138/277/642 169/278/643 165/274/644
f 139/255/645 150/252/646 172/279/647 171/280/648
f 150/252/649 148/275/650 170/276/651 172/279/652
f 138/277/653 139/255/654 171/280/655 169/278/656
f 167/269/657 168/272/658 173/281/659 174/282/660
f 168/272/661 165/274/662 175/283/663 173/281/664
f 166/270/665 167/269/666 174/282/667 176/284/668
f 165/274/669 169/278/670 177/285/671 175/283/672
f 170/276/673 166/270/674 176/284/675 178/286/676
f 169/278/677 171/280/678 179/287/679 177/285/680
f 171/280/681 172/279/682 180/288/683 179/287/684
f 172/279/685 170/276/686 178/286/687 180/288/688
f 158/254/689 159/253/690 183/289/691 182/290/692
f 159/253/693 160/256/694 184/291/695 183/289/696
f 160/256/697 157/258/698 181/292/699 184/291/700
f 162/260/701 158/254/702 182/290/703 186/293/704
f 157/258/705 161/262/706 185/294/707 181/292/708
f 163/266/709 164/265/710 188/295/711 187/296/712
f 164/265/713 162/260/714 186/293/715 188/295/716
f 161/262/717 163/266/718 187/296/719 185/294/720
f 174/297/721 173/298/722 189/224/723 190/223/724
f 173/299/725 175/300/726 191/225/727 189/224/728
f 176/301/729 174/302/730 190/223/731 192/226/732
f 175/300/733 177/303/734 193/229/735 191/225/736
f 178/304/737 176/301/738 192/226/739 194/230/740
f 177/303/741 179/305/742 195/233/743 193/229/744
f 179/306/745 180/307/746 196/234/747 195/233/748
f 180/308/749 178/304/750 194/230/751 196/234/752
f 182/309/753 183/310/754 199/239/755 198/238/756
f 183/311/757 184/312/758 200/240/759 199/239/760
f 184/313/761 181/314/762 197/237/763 200/240/764
f 186/315/765 182/309/766 198/238/767 202/244/768
f 181/314/769 185/316/770 201/243/771 197/237/772
f 187/317/773 188/318/774 204/250/775 203/249/776
f 188/319/777 186/315/778 202/244/779 204/250/780
f 185/316/781 187/320/782 203/249/783 201/243/784
f 219/321/785 222/322/786 221/323/787 220/324/788
f 220/324/789 221/323/790 224/325/791 223/326/792
f 223/326/793 224/325/794 226/327/795 225/328/796
f 225/328/797 226/327/798 228/329/799 227/330/800
f 227/330/801 228/329/802 230/331/803 229/332/804
f 229/332/805 230/331/806 232/333/807 231/334/808
f 205/335/809 206/336/810 213/337/811 212/338/812
f 206/336/813 207/339/814 214/340/815 213/337/816
f 207/339/817 208/341/818 215/342/819 214/340/820
f 208/341/821 209/343/822 216/344/823 215/342/824
f 209/343/825 210/345/826 217/346/827 216/344/828
f 210/345/829 211/347/830 218/348/831 217/346/832
f 205/349/833 219/350/834 220/351/835 206/352/836
f 261/353/837 262/354/838 263/355/839 264/356/840
f 212/338/841 222/322/842 219/321/843 205/335/844
f 206/352/845 220/351/846 223/357/847 207/358/848
f 265/359/849 266/360/850 262/354/851 261/353/852
f 207/358/853 223/357/854 225/361/855 208/362/856
f 267/363/857 268/364/858 266/360/859 265/359/860
f 208/362/861 225/361/862 227/365/863 209/366/864
f 269/367/865 270/368/866 268/364/867 267/363/868
f 209/366/869 227/365/870 229/369/871 210/370/872
f 271/371/873 272/372/874 270/368/875 269/367/876
f 210/370/877 229/369/878 231/373/879 211/374/880
f 211/347/881 231/375/882 232/376/883 218/348/884
f 273/377/885 274/378/886 272/372/887 271/371/888
f 221/379/889 222/380/890 235/381/891 234/382/892
f 222/380/893 212/383/894 236/384/895 235/381/896
f 212/383/897 213/385/898 233/386/899 236/384/900
f 224/387/901 221/379/902 234/382/903 238/388/904
f 213/385/905 214/389/906 237/390/907 233/386/908
f 226/391/909 224/387/910 238/388/911 240/392/912
f 214/389/913 215/393/914 239/394/915 237/390/916
f 228/395/917 226/391/918 240/392/919 242/396/920
f 215/393/921 216/397/922 241/398/923 239/394/924
f 230/399/925 228/395/926 242/396/927 244/400/928
f 216/397/929 217/401/930 243/402/931 241/398/932
f 218/403/933 232/404/934 246/405/935 245/406/936
f 232/404/937 230/399/938 244/400/939 246/405/940
f 217/401/941 218/403/942 245/406/943 243/402/944
f 234/382/945 235/381/946 249/407/947 248/408/948
f 235/381/949 236/384/950 250/409/951 249/407/952
f 236/384/953 233/386/954 247/410/955 250/409/956
f 238/388/957 234/382/958 248/408/959 252/411/960
f 233/386/961 237/390/962 251/412/963 247/410/964
f 240/392/965 238/388/966 252/411/967 254/413/968
f 237/390/969 239/394/970 253/414/971 251/412/972
f 242/396/973 240/392/974 254/413/975 256/415/976
f 239/394/977 241/398/978 255/416/979 253/414/980
f 244/400/981 242/396/982 256/415/983 258/417/984
f 241/398/985 243/402/986 257/418/987 255/416/988
f 245/406/989 246/405/990 260/419/991 259/420/992
f 246/405/993 244/400/994 258/417/995 260/419/996
f 243/402/997 245/406/998 259/420/999 257/418/1000
f 248/421/1001 249/422/1002 263/355/1003 262/354/1004
f 249/423/1005 250/424/1006 264/356/1007 263/355/1008
f 250/425/1009 247/426/1010 261/353/1011 264/356/1012
f 252/427/1013 248/421/1014 262/354/1015 266/360/1016
f 247/428/1017 251/429/1018 265/359/1019 261/353/1020
f 254/430/1021 252/427/1022 266/360/1023 268/364/1024
f 251/431/1025 253/432/1026 267/363/1027 265/359/1028
f 256/433/1029 254/430/1030 268/364/1031 270/368/1032
f 253/434/1033 255/435/1034 269/367/1035 267/363/1036
f 258/436/1037 256/433/1038 270/368/1039 272/372/1040
f 255/437/1041 257/438/1042 271/371/1043 269/367/1044
f 259/439/1045 260/440/1046 274/378/1047 273/377/1048
f 260/441/1049 258/436/1050 272/372/1051 274/378/1052
f 257/442/1053 259/443/1054 273/377/1055 271/371/1056
g default
v -9.525675 6.796159 1.351298
v -9.525675 6.796159 0.487721
v -10.389252 6.796159 0.487721
v -10.389252 6.796159 1.351298
v -9.291101 6.780694 1.622540
v -9.294065 6.744226 1.635164
v -9.256976 6.745363 1.620581
v -9.241629 6.746475 1.585348
v -9.254378 6.781334 1.587071
v -9.289786 6.796159 1.587186
v -9.254433 6.780694 0.253148
v -9.241807 6.744226 0.256111
v -9.256392 6.745363 0.219022
v -9.291624 6.746475 0.203675
v -9.289902 6.781334 0.216423
v -9.289786 6.796159 0.251832
v -10.660493 6.780694 1.585870
v -10.673119 6.744226 1.582907
v -10.658534 6.745363 1.619996
v -10.623302 6.746475 1.635343
v -10.625025 6.781334 1.622595
v -10.625140 6.796159 1.587186
v -10.623824 6.780694 0.216478
v -10.620861 6.744226 0.203854
v -10.657951 6.745363 0.218437
v -10.673297 6.746475 0.253670
v -10.660549 6.781334 0.251948
v -10.625140 6.796159 0.251832
v -9.507458 3.559432 1.419509
v -9.457463 3.559432 1.369514
v -9.472106 3.559432 1.404865
v -9.507458 3.559432 0.419509
v -9.472106 3.559432 0.434153
v -9.457463 3.559432 0.469505
v -10.407468 3.559432 1.419509
v -10.442820 3.559432 1.404865
v -10.457463 3.559432 1.369514
v -10.407468 3.559432 0.419509
v -10.457463 3.559432 0.469505
v -10.442820 3.559432 0.434153
v -9.261625 6.774341 1.615790
v -9.261183 6.774341 0.223670
v -10.653744 6.774341 1.615348
v -10.653302 6.774341 0.223229
v -9.656252 6.761170 1.297024
v -9.541961 6.785659 1.335012
v -9.579948 6.761170 1.220720
v -9.694252 12.394944 1.259024
v -9.617949 12.394944 1.182720
v -9.579948 6.761170 0.618298
v -9.541961 6.785659 0.504007
v -9.656252 6.761170 0.541994
v -9.694252 12.394944 0.579994
v -9.617949 12.394944 0.656298
v -10.258675 6.761170 0.541994
v -10.372966 6.785659 0.504007
v -10.334978 6.761170 0.618298
v -10.296978 12.394944 0.656298
v -10.220675 12.394944 0.579994
v -10.334978 6.761170 1.220720
v -10.372966 6.785659 1.335012
v -10.258675 6.761170 1.297024
v -10.220675 12.394944 1.259024
v -10.296978 12.394944 1.182720
v -9.503181 12.639428 1.271694
v -9.605278 12.639428 1.373791
v -9.503181 12.639428 0.567324
v -9.605278 12.639428 0.465227
v -10.309649 12.639428 0.465227
v -10.411745 12.639428 0.567324
v -10.411745 12.639428 1.271694
v -10.309649 12.639428 1.373791
v -9.617949 12.639428 1.209103
v -9.694252 12.639428 1.293055
v -9.617949 12.639428 0.629915
v -9.694252 12.639428 0.545963
v -10.220675 12.639428 0.545963
v -10.296977 12.639428 0.629915
v -10.296978 12.639428 1.209103
v -10.220675 12.639428 1.293055
v -9.617949 12.598714 1.209103
v -9.694252 12.598714 1.293055
v -9.617949 12.598714 0.629915
v -9.694252 12.598714 0.545963
v -10.220675 12.598714 0.545963
v -10.296977 12.598714 0.629915
v -10.296978 12.598714 1.209103
v -10.220675 12.598714 1.293055
v -9.735541 12.598714 1.108800
v -9.785418 12.598714 1.163675
v -9.735541 12.598714 0.730218
v -9.785418 12.598714 0.675343
v -10.129510 12.598714 0.675343
v -10.179385 12.598714 0.730218
v -10.179385 12.598714 1.108800
v -10.129510 12.598714 1.163675
v -9.735541 12.640866 1.108800
v -9.785418 12.640866 1.163675
v -9.735541 12.640866 0.730218
v -9.785418 12.640866 0.675343
v -10.129510 12.640866 0.675343
v -10.179385 12.640866 0.730218
v -10.179385 12.640866 1.108800
v -10.129510 12.640866 1.163675
v -9.545888 3.856075 1.290623
v -9.370232 6.449832 1.466279
v -9.545888 3.856075 0.558156
v -9.370378 6.448001 0.384487
v -10.319044 3.856075 1.331311
v -10.494699 6.449832 1.561095
v -9.586576 3.856075 1.331311
v -9.412907 6.448001 1.560950
v -10.319044 3.856075 1.274677
v -10.494699 6.449832 1.450333
v -9.586576 3.856075 1.298140
v -9.412907 6.448001 1.473650
v -9.604612 3.856075 1.290623
v -9.428957 6.449832 1.466279
v -9.604612 3.856075 0.558156
v -9.429102 6.448001 0.384487
v -9.505053 4.150311 1.220124
v -9.369250 6.155596 1.355927
v -9.505053 4.150311 0.653840
v -9.369361 6.154181 0.519573
v -10.223883 4.150311 1.375110
v -10.359686 6.155596 1.510912
v -9.657598 4.150311 1.375110
v -9.523331 6.154181 1.510800
vt 0.376464 0.913086
vt 0.341136 0.912972
vt 0.342152 0.911954
vt 0.347393 0.908798
vt 0.370197 0.908912
vt 0.375446 0.912069
vt 0.341150 0.877475
vt 0.342181 0.878504
vt 0.345362 0.883787
vt 0.345310 0.906708
vt 0.376639 0.877712
vt 0.375618 0.878723
vt 0.370360 0.881856
vt 0.347469 0.881678
vt 0.372292 0.906830
vt 0.372433 0.883952
vt 0.115219 0.666927
vt 0.117515 0.943701
vt 0.088468 0.943822
vt 0.088925 0.667292
vt 0.083514 0.667673
vt 0.083265 0.943829
vt 0.053761 0.943686
vt 0.058091 0.671865
vt 0.178385 0.669194
vt 0.186264 0.943313
vt 0.157054 0.943630
vt 0.152312 0.667495
vt 0.146899 0.667352
vt 0.151830 0.943656
vt 0.122714 0.943685
vt 0.120667 0.666831
vt 0.393218 0.925861
vt 0.391058 0.925628
vt 0.391303 0.865349
vt 0.393364 0.865088
vt 0.388885 0.925548
vt 0.389144 0.865453
vt 0.364441 0.807170
vt 0.362217 0.807215
vt 0.360928 0.675275
vt 0.363023 0.675216
vt 0.359915 0.807099
vt 0.358832 0.675253
vt 0.389002 0.927706
vt 0.328667 0.927595
vt 0.328736 0.925422
vt 0.389278 0.929764
vt 0.328448 0.929758
vt 0.418717 0.809335
vt 0.416515 0.809371
vt 0.399320 0.666935
vt 0.401388 0.666302
vt 0.414219 0.809268
vt 0.397240 0.667454
vt 0.326590 0.925558
vt 0.326426 0.864681
vt 0.328615 0.864852
vt 0.324536 0.925859
vt 0.324235 0.864841
vt 0.389529 0.861138
vt 0.389257 0.863289
vt 0.328665 0.862689
vt 0.328559 0.860606
vt 0.309889 0.811139
vt 0.307675 0.811144
vt 0.323697 0.667157
vt 0.325771 0.667667
vt 0.305400 0.811009
vt 0.321635 0.666530
vt 0.230963 0.800595
vt 0.228870 0.800040
vt 0.270576 0.652910
vt 0.272667 0.653431
vt 0.226744 0.799326
vt 0.268519 0.652268
vt 0.558367 0.940746
vt 0.564910 0.842725
vt 0.592365 0.842422
vt 0.599167 0.940898
vt 0.450421 0.653182
vt 0.492890 0.798162
vt 0.462387 0.940665
vt 0.468922 0.842448
vt 0.496464 0.842412
vt 0.503146 0.940645
vt 0.585451 0.754754
vt 0.541506 0.754939
vt 0.539777 0.754231
vt 0.539055 0.752508
vt 0.538870 0.708563
vt 0.539577 0.706833
vt 0.541300 0.706111
vt 0.585246 0.705926
vt 0.586975 0.706634
vt 0.587697 0.708357
vt 0.587882 0.752302
vt 0.587175 0.754032
vt 0.390617 0.927278
vt 0.391707 0.928325
vt 0.327022 0.927168
vt 0.325987 0.928270
vt 0.390898 0.863740
vt 0.391959 0.862663
vt 0.327099 0.862966
vt 0.324523 0.863319
vt 0.326255 0.861606
vt 0.268228 0.918109
vt 0.270678 0.920774
vt 0.270783 0.939259
vt 0.268363 0.941953
vt 0.251562 0.942048
vt 0.249112 0.939382
vt 0.249007 0.920897
vt 0.251427 0.918204
vt 0.191537 0.943253
vt 0.183663 0.669772
vt 0.115019 0.653422
vt 0.119808 0.653612
vt 0.086658 0.654439
vt 0.081287 0.654418
vt 0.049764 0.660841
vt 0.183513 0.656846
vt 0.189743 0.659046
vt 0.153255 0.653528
vt 0.148186 0.653426
vt 0.281925 0.880954
vt 0.276046 0.887073
vt 0.272670 0.880942
vt 0.277612 0.876435
vt 0.242242 0.887076
vt 0.245624 0.880993
vt 0.236399 0.881069
vt 0.240653 0.876488
vt 0.236292 0.847031
vt 0.240591 0.851591
vt 0.242243 0.840972
vt 0.245575 0.847113
vt 0.275923 0.841013
vt 0.272546 0.847098
vt 0.281791 0.846977
vt 0.277548 0.851579
vt 0.271861 0.878930
vt 0.275604 0.875631
vt 0.246400 0.878961
vt 0.242620 0.875627
vt 0.242584 0.852415
vt 0.246383 0.849128
vt 0.271762 0.849128
vt 0.275596 0.852458
vt 0.266442 0.872603
vt 0.268681 0.870549
vt 0.251780 0.872576
vt 0.249528 0.870528
vt 0.249559 0.857500
vt 0.251788 0.855482
vt 0.266408 0.855509
vt 0.268631 0.857521
vt 0.265201 0.870280
vt 0.266343 0.869309
vt 0.252960 0.870213
vt 0.251813 0.869265
vt 0.251878 0.858752
vt 0.253010 0.857815
vt 0.265230 0.857875
vt 0.266367 0.858802
vt 0.371033 0.688260
vt 0.372265 0.792226
vt 0.390970 0.683857
vt 0.404025 0.794152
vt 0.332209 0.684054
vt 0.318282 0.795900
vt 0.351070 0.688539
vt 0.353566 0.793685
vt 0.334776 0.686574
vt 0.324020 0.791478
vt 0.349424 0.689599
vt 0.349486 0.790256
vt 0.373965 0.690049
vt 0.375026 0.789940
vt 0.388362 0.686543
vt 0.400952 0.791769
vt 0.551634 0.955280
vt 0.560096 0.827558
vt 0.598094 0.827326
vt 0.606888 0.955326
vt 0.454676 0.955041
vt 0.463118 0.827469
vt 0.500645 0.827451
vt 0.509299 0.955113
vn -0.541845 0.840479 0.000000
vn -0.541845 0.840479 0.000000
vn -0.290407 0.911772 0.290405
vn -0.526015 0.850443 0.007397
vn -0.526015 0.850443 -0.007396
vn -0.290407 0.911772 -0.290405
vn 0.000000 0.840480 0.541842
vn 0.000000 0.840480 0.541842
vn 0.290407 0.911772 0.290405
vn 0.007397 0.850445 0.526012
vn -0.007397 0.850445 0.526012
vn -0.290407 0.911772 0.290405
vn 0.541845 0.840479 0.000000
vn 0.541845 0.840479 0.000000
vn 0.290407 0.911772 -0.290405
vn 0.526015 0.850443 -0.007397
vn 0.526015 0.850443 0.007396
vn 0.290407 0.911772 0.290405
vn 0.000000 0.840480 -0.541842
vn 0.000000 0.840480 -0.541842
vn -0.290407 0.911772 -0.290405
vn -0.007397 0.850445 -0.526012
vn 0.007397 0.850445 -0.526012
vn 0.290407 0.911772 -0.290405
vn 0.999977 0.006745 0.000000
vn 0.999977 0.006745 0.000000
vn 0.999977 0.006745 0.000000
vn 0.999977 0.006745 0.000000
vn 0.000000 0.006745 -0.999977
vn 0.000000 0.006745 -0.999977
vn 0.000000 0.006745 -0.999977
vn 0.000000 0.006745 -0.999977
vn -0.999977 0.006745 0.000000
vn -0.999977 0.006745 0.000000
vn -0.999977 0.006745 0.000000
vn -0.999977 0.006745 0.000000
vn 0.000000 0.006745 0.999977
vn 0.000000 0.006745 0.999977
vn 0.000000 0.006745 0.999977
vn 0.000000 0.006745 0.999977
vn 0.275457 0.036871 0.960606
vn 0.007777 0.333590 0.942686
vn -0.007040 0.334035 0.942534
vn -0.283445 0.039960 0.958156
vn 0.006611 0.919475 0.393093
vn 0.057878 0.996708 0.056768
vn -0.056768 0.996708 0.057878
vn -0.006917 0.919679 0.392610
vn 0.958156 0.039966 0.283444
vn 0.917599 -0.085398 0.388225
vn 0.917273 -0.088326 0.388340
vn 0.917273 -0.088326 0.388340
vn 0.373530 -0.084504 0.923761
vn 0.275457 0.036871 0.960606
vn 0.373896 -0.087670 0.923318
vn 0.373896 -0.087670 0.923318
vn 0.057878 0.996708 0.056768
vn 0.392611 0.919679 0.006917
vn 0.393094 0.919475 -0.006611
vn 0.056768 0.996708 -0.057880
vn 0.942528 0.334054 0.007040
vn 0.958156 0.039966 0.283444
vn 0.960605 0.036877 -0.275461
vn 0.942680 0.333609 -0.007777
vn 0.013504 -0.062580 -0.997949
vn 0.388229 -0.085398 -0.917598
vn 0.388344 -0.088326 -0.917272
vn 0.012167 -0.068377 -0.997585
vn 0.923759 -0.084504 -0.373536
vn 0.960605 0.036877 -0.275461
vn 0.923315 -0.087670 -0.373902
vn 0.923315 -0.087670 -0.373902
vn 0.056768 0.996708 -0.057880
vn 0.006916 0.919673 -0.392625
vn -0.006611 0.919468 -0.393108
vn -0.057878 0.996708 -0.056771
vn 0.007040 0.334039 -0.942533
vn 0.013504 -0.062580 -0.997949
vn -0.013682 -0.062521 -0.997950
vn -0.007777 0.333594 -0.942685
vn -0.997950 -0.062520 0.013682
vn -0.942678 0.333613 0.007777
vn -0.942526 0.334058 -0.007039
vn -0.997949 -0.062580 -0.013504
vn -0.393099 0.919473 0.006611
vn -0.056768 0.996708 0.057878
vn -0.057878 0.996708 -0.056771
vn -0.392615 0.919677 -0.006917
vn -0.283445 0.039960 0.958156
vn -0.388227 -0.085399 0.917599
vn -0.388342 -0.088326 0.917273
vn -0.388342 -0.088326 0.917273
vn -0.923758 -0.084503 0.373539
vn -0.997950 -0.062520 0.013682
vn -0.997590 -0.068357 0.011939
vn -0.923314 -0.087669 0.373905
vn -0.997949 -0.062580 -0.013504
vn -0.917601 -0.085399 -0.388222
vn -0.917274 -0.088327 -0.388338
vn -0.997585 -0.068376 -0.012167
vn -0.373531 -0.084503 -0.923761
vn -0.013682 -0.062521 -0.997950
vn -0.011938 -0.068357 -0.997590
vn -0.373897 -0.087669 -0.923317
vn 0.997715 -0.067564 -0.000011
vn 0.997715 -0.067564 -0.000011
vn 0.997715 -0.067564 -0.000011
vn 0.997715 -0.067564 -0.000011
vn -0.997950 -0.062520 0.013682
vn -0.997949 -0.062580 -0.013504
vn -0.997585 -0.068376 -0.012167
vn -0.997590 -0.068357 0.011939
vn 0.013504 -0.062580 -0.997949
vn 0.012167 -0.068377 -0.997585
vn -0.011938 -0.068357 -0.997590
vn -0.013682 -0.062521 -0.997950
vn 0.000012 -0.067564 0.997715
vn 0.000012 -0.067564 0.997715
vn 0.000012 -0.067564 0.997715
vn 0.000012 -0.067564 0.997715
vn 0.057878 0.996708 0.056768
vn 0.056768 0.996708 -0.057880
vn 0.000000 1.000000 0.000000
vn 0.000000 1.000000 0.000000
vn 0.056768 0.996708 -0.057880
vn -0.057878 0.996708 -0.056771
vn 0.000000 1.000000 0.000000
vn 0.000000 1.000000 0.000000
vn -0.057878 0.996708 -0.056771
vn -0.056768 0.996708 0.057878
vn 0.000000 1.000000 0.000000
vn 0.000000 1.000000 0.000000
vn -0.056768 0.996708 0.057878
vn 0.057878 0.996708 0.056768
vn 0.000000 1.000000 0.000000
vn 0.000000 1.000000 0.000000
vn 0.000000 -1.000000 0.000000
vn 0.000000 -1.000000 0.000000
vn 0.000000 -1.000000 0.000000
vn 0.000000 -1.000000 0.000000
vn 0.000000 -1.000000 0.000000
vn 0.000000 -1.000000 0.000000
vn 0.000000 -1.000000 0.000000
vn 0.000000 -1.000000 0.000000
vn 0.000000 -1.000000 0.000000
vn 0.000000 -1.000000 0.000000
vn 0.000000 -1.000000 0.000000
vn 0.000000 -1.000000 0.000000
vn 0.392611 0.919679 0.006917
vn 0.057878 0.996708 0.056768
vn 0.006611 0.919475 0.393093
vn 0.323886 0.878500 0.351191
vn 0.007777 0.333590 0.942686
vn 0.275457 0.036871 0.960606
vn 0.373530 -0.084504 0.923761
vn 0.313195 0.251745 0.915715
vn 0.917599 -0.085398 0.388225
vn 0.958156 0.039966 0.283444
vn 0.942528 0.334054 0.007040
vn 0.899074 0.261893 0.350826
vn 0.006916 0.919673 -0.392625
vn 0.056768 0.996708 -0.057880
vn 0.393094 0.919475 -0.006611
vn 0.351202 0.878497 -0.323883
vn 0.942680 0.333609 -0.007777
vn 0.960605 0.036877 -0.275461
vn 0.923759 -0.084504 -0.373536
vn 0.915713 0.251744 -0.313200
vn 0.388229 -0.085398 -0.917598
vn 0.013504 -0.062580 -0.997949
vn 0.007040 0.334039 -0.942533
vn 0.350827 0.261870 -0.899080
vn -0.006917 0.919679 0.392610
vn -0.056768 0.996708 0.057878
vn -0.393099 0.919473 0.006611
vn -0.351205 0.878495 0.323886
vn -0.942678 0.333613 0.007777
vn -0.997950 -0.062520 0.013682
vn -0.923758 -0.084503 0.373539
vn -0.915709 0.251756 0.313202
vn -0.388227 -0.085399 0.917599
vn -0.283445 0.039960 0.958156
vn -0.007040 0.334035 0.942534
vn -0.350829 0.261866 0.899080
vn -0.392615 0.919677 -0.006917
vn -0.057878 0.996708 -0.056771
vn -0.006611 0.919468 -0.393108
vn -0.323883 0.878496 -0.351206
vn -0.007777 0.333594 -0.942685
vn -0.013682 -0.062521 -0.997950
vn -0.373531 -0.084503 -0.923761
vn -0.313196 0.251746 -0.915714
vn -0.917601 -0.085399 -0.388222
vn -0.997949 -0.062580 -0.013504
vn -0.942526 0.334058 -0.007039
vn -0.899078 0.261884 -0.350821
vn 0.000000 1.000000 0.000000
vn 0.000000 1.000000 0.000000
vn 0.000000 1.000000 0.000000
vn 0.000000 1.000000 0.000000
vn 0.000000 1.000000 0.000000
vn 0.000000 1.000000 0.000000
vn 0.000000 1.000000 0.000000
vn 0.000000 1.000000 0.000000
vn 0.707076 0.009539 0.707073
vn 0.707076 0.009539 0.707073
vn 0.707076 0.009539 0.707073
vn 0.707076 0.009539 0.707073
vn 0.707076 0.009539 -0.707073
vn 0.707076 0.009539 -0.707073
vn 0.707076 0.009539 -0.707073
vn 0.707076 0.009539 -0.707073
vn -0.707076 0.009539 -0.707074
vn -0.707076 0.009539 -0.707074
vn -0.707076 0.009539 -0.707074
vn -0.707076 0.009539 -0.707074
vn -0.707076 0.009539 0.707074
vn -0.707076 0.009539 0.707074
vn -0.707076 0.009539 0.707074
vn -0.707076 0.009539 0.707074
vn -0.007397 0.850445 -0.526012
vn -0.290407 0.911772 -0.290405
vn -0.526015 0.850443 -0.007396
vn -0.526015 0.850443 0.007397
vn -0.290407 0.911772 0.290405
vn -0.007397 0.850445 0.526012
vn 0.007397 0.850445 0.526012
vn 0.290407 0.911772 0.290405
vn 0.526015 0.850443 0.007396
vn 0.526015 0.850443 -0.007397
vn 0.290407 0.911772 -0.290405
vn 0.007397 0.850445 -0.526012
vn 0.609205 -0.507682 0.609203
vn 0.609205 -0.507682 0.609203
vn 0.609205 -0.507682 0.609203
vn 0.609205 -0.507682 0.609203
vn 0.905224 -0.424935 0.000000
vn 0.905224 -0.424935 0.000000
vn 0.905224 -0.424935 0.000000
vn 0.905224 -0.424935 0.000000
vn 0.609204 -0.507683 -0.609203
vn 0.609204 -0.507683 -0.609203
vn 0.609204 -0.507683 -0.609203
vn 0.609204 -0.507683 -0.609203
vn 0.000000 -0.424934 -0.905224
vn 0.000000 -0.424934 -0.905224
vn 0.000000 -0.424934 -0.905224
vn 0.000000 -0.424934 -0.905224
vn -0.609205 -0.507682 -0.609203
vn -0.609205 -0.507682 -0.609203
vn -0.609205 -0.507682 -0.609203
vn -0.609205 -0.507682 -0.609203
vn -0.905224 -0.424935 0.000000
vn -0.905224 -0.424935 0.000000
vn -0.905224 -0.424935 0.000000
vn -0.905224 -0.424935 0.000000
vn -0.609206 -0.507683 0.609201
vn -0.609206 -0.507683 0.609201
vn -0.609206 -0.507683 0.609201
vn -0.609206 -0.507683 0.609201
vn 0.000000 -0.424934 0.905224
vn 0.000000 -0.424934 0.905224
vn 0.000000 -0.424934 0.905224
vn 0.000000 -0.424934 0.905224
vn 0.000000 1.000000 0.000000
vn 0.000000 1.000000 0.000000
vn 0.000000 1.000000 0.000000
vn 0.000000 1.000000 0.000000
vn 0.000000 1.000000 0.000000
vn 0.000000 1.000000 0.000000
vn 0.000000 1.000000 0.000000
vn 0.000000 1.000000 0.000000
vn 0.000000 1.000000 0.000008
vn 0.000000 1.000000 0.000008
vn 0.000000 1.000000 0.000008
vn 0.000000 1.000000 0.000008
vn 0.000000 1.000000 0.000000
vn 0.000000 1.000000 0.000000
vn 0.000000 1.000000 0.000000
vn 0.000000 1.000000 0.000000
vn 0.000000 1.000000 0.000000
vn 0.000000 1.000000 0.000000
vn 0.000000 1.000000 0.000000
vn 0.000000 1.000000 0.000000
vn 0.000000 1.000000 0.000002
vn 0.000000 1.000000 0.000002
vn 0.000000 1.000000 0.000002
vn 0.000000 1.000000 0.000002
vn 0.000000 1.000000 0.000000
vn 0.000000 1.000000 0.000000
vn 0.000000 1.000000 0.000000
vn 0.000000 1.000000 0.000000
vn 0.000000 1.000000 0.000000
vn 0.000000 1.000000 0.000000
vn 0.000000 1.000000 0.000000
vn 0.000000 1.000000 0.000000
vn -0.740011 0.000000 -0.672595
vn -0.740011 0.000000 -0.672595
vn -0.740011 0.000000 -0.672595
vn -0.740011 0.000000 -0.672595
vn -1.000000 0.000000 0.000000
vn -1.000000 0.000000 0.000000
vn -1.000000 0.000000 0.000000
vn -1.000000 0.000000 0.000000
vn -0.740011 0.000000 0.672595
vn -0.740011 0.000000 0.672595
vn -0.740011 0.000000 0.672595
vn -0.740011 0.000000 0.672595
vn 0.000000 0.000000 1.000000
vn 0.000000 0.000000 1.000000
vn 0.000000 0.000000 1.000000
vn 0.000000 0.000000 1.000000
vn 0.740017 0.000000 0.672588
vn 0.740017 0.000000 0.672588
vn 0.740017 0.000000 0.672588
vn 0.740017 0.000000 0.672588
vn 1.000000 0.000000 0.000000
vn 1.000000 0.000000 0.000000
vn 1.000000 0.000000 0.000000
vn 1.000000 0.000000 0.000000
vn 0.740011 0.000000 -0.672595
vn 0.740011 0.000000 -0.672595
vn 0.740011 0.000000 -0.672595
vn 0.740011 0.000000 -0.672595
vn 0.000000 0.000000 -1.000000
vn 0.000000 0.000000 -1.000000
vn 0.000000 0.000000 -1.000000
vn 0.000000 0.000000 -1.000000
vn 0.000000 1.000000 0.000008
vn 0.000000 1.000000 0.000008
vn 0.000000 1.000000 0.000008
vn 0.000000 1.000000 0.000008
vn 0.000000 1.000000 0.000000
vn 0.000000 1.000000 0.000000
vn 0.000000 1.000000 0.000000
vn 0.000000 1.000000 0.000000
vn 0.000000 1.000000 0.000008
vn 0.000000 1.000000 0.000008
vn 0.000000 1.000000 0.000008
vn 0.000000 1.000000 0.000008
vn 0.000000 1.000000 0.000006
vn 0.000000 1.000000 0.000006
vn 0.000000 1.000000 0.000006
vn 0.000000 1.000000 0.000006
vn 0.000000 1.000000 0.000000
vn 0.000000 1.000000 0.000000
vn 0.000000 1.000000 0.000000
vn 0.000000 1.000000 0.000000
vn 0.000000 1.000000 0.000000
vn 0.000000 1.000000 0.000000
vn 0.000000 1.000000 0.000000
vn 0.000000 1.000000 0.000000
vn 0.000000 1.000000 -0.000008
vn 0.000000 1.000000 -0.000008
vn 0.000000 1.000000 -0.000008
vn 0.000000 1.000000 -0.000008
vn 0.000000 1.000000 -0.000006
vn 0.000000 1.000000 -0.000006
vn 0.000000 1.000000 -0.000006
vn 0.000000 1.000000 -0.000006
vn 0.740015 0.000000 0.672591
vn 0.740015 0.000000 0.672591
vn 0.740015 0.000000 0.672591
vn 0.740015 0.000000 0.672591
vn 1.000000 0.000000 0.000000
vn 1.000000 0.000000 0.000000
vn 1.000000 0.000000 0.000000
vn 1.000000 0.000000 0.000000
vn 0.740015 0.000000 -0.672591
vn 0.740015 0.000000 -0.672591
vn 0.740015 0.000000 -0.672591
vn 0.740015 0.000000 -0.672591
vn 0.000000 0.000000 -1.000000
vn 0.000000 0.000000 -1.000000
vn 0.000000 0.000000 -1.000000
vn 0.000000 0.000000 -1.000000
vn -0.740015 0.000000 -0.672591
vn -0.740015 0.000000 -0.672591
vn -0.740015 0.000000 -0.672591
vn -0.740015 0.000000 -0.672591
vn -1.000000 0.000000 0.000000
vn -1.000000 0.000000 0.000000
vn -1.000000 0.000000 0.000000
vn -1.000000 0.000000 0.000000
vn -0.740015 0.000000 0.672591
vn -0.740015 0.000000 0.672591
vn -0.740015 0.000000 0.672591
vn -0.740015 0.000000 0.672591
vn 0.000000 0.000000 1.000000
vn 0.000000 0.000000 1.000000
vn 0.000000 0.000000 1.000000
vn 0.000000 0.000000 1.000000
vn 0.673899 0.004396 -0.738810
vn 0.673899 0.004396 -0.738810
vn 0.673899 0.004396 -0.738810
vn 0.673899 0.004396 -0.738810
vn 0.958330 0.285663 0.000000
vn 0.958330 0.285663 0.000000
vn 0.958330 0.285663 0.000000
vn 0.958330 0.285663 0.000000
vn 0.707160 -0.000510 0.707053
vn 0.707160 -0.000510 0.707053
vn 0.707160 -0.000510 0.707053
vn 0.707160 -0.000510 0.707053
vn 0.917410 -0.397944 0.000550
vn 0.917410 -0.397944 0.000550
vn 0.917410 -0.397944 0.000550
vn 0.917410 -0.397944 0.000550
vn 0.599098 -0.021127 0.800397
vn 0.599098 -0.021127 0.800397
vn 0.599098 -0.021127 0.800397
vn 0.599098 -0.021127 0.800397
vn 0.000000 0.284989 0.958531
vn 0.000000 0.284989 0.958531
vn 0.000000 0.284989 0.958531
vn 0.000000 0.284989 0.958531
vn -0.634207 -0.017090 0.772974
vn -0.634207 -0.017090 0.772974
vn -0.634207 -0.017090 0.772974
vn -0.634207 -0.017090 0.772974
vn -0.000281 -0.242917 0.970047
vn -0.000281 -0.242917 0.970047
vn -0.000281 -0.242917 0.970047
vn -0.000281 -0.242917 0.970047
vn 0.997715 0.067567 0.000000
vn 0.997715 0.067567 0.000000
vn 0.997715 0.067567 0.000000
vn 0.997715 0.067567 0.000000
vn 0.000000 1.000000 0.000000
vn 0.000000 1.000000 0.000000
vn 0.000000 1.000000 0.000000
vn 0.000000 1.000000 0.000000
vn -0.997763 0.066853 -0.000002
vn -0.997763 0.066853 -0.000002
vn -0.997763 0.066853 -0.000002
vn -0.997763 0.066853 -0.000002
vn -0.001692 -0.999999 0.000000
vn -0.001692 -0.999999 0.000000
vn -0.001692 -0.999999 0.000000
vn -0.001692 -0.999999 0.000000
vn 0.000000 0.067568 -0.997715
vn 0.000000 0.067568 -0.997715
vn 0.000000 0.067568 -0.997715
vn 0.000000 0.067568 -0.997715
vn 0.000000 1.000000 0.000000
vn 0.000000 1.000000 0.000000
vn 0.000000 1.000000 0.000000
vn 0.000000 1.000000 0.000000
vn 0.000000 0.066854 0.997763
vn 0.000000 0.066854 0.997763
vn 0.000000 0.066854 0.997763
vn 0.000000 0.066854 0.997763
vn 0.000000 -0.999999 0.001693
vn 0.000000 -0.999999 0.001693
vn 0.000000 -0.999999 0.001693
vn 0.000000 -0.999999 0.001693
vn 0.747065 -0.095148 0.657906
vn 0.747065 -0.095148 0.657906
vn 0.747065 -0.095148 0.657906
vn 0.747065 -0.095148 0.657906
vn 0.947243 -0.320516 0.000000
vn 0.947243 -0.320516 0.000000
vn 0.947243 -0.320516 0.000000
vn 0.947243 -0.320516 0.000000
vn 0.819446 -0.093379 -0.565498
vn 0.819446 -0.093379 -0.565498
vn 0.819446 -0.093379 -0.565498
vn 0.819446 -0.093379 -0.565498
vn 0.979991 0.199039 -0.000468
vn 0.979991 0.199039 -0.000468
vn 0.979991 0.199039 -0.000468
vn 0.979991 0.199039 -0.000468
vn -0.570667 -0.093894 0.815796
vn -0.570667 -0.093894 0.815796
vn -0.570667 -0.093894 0.815796
vn -0.570667 -0.093894 0.815796
vn -0.017298 -0.287937 0.957493
vn -0.017298 -0.287937 0.957493
vn -0.017298 -0.287937 0.957493
vn -0.017298 -0.287937 0.957493
vn 0.529957 -0.092589 0.842955
vn 0.529957 -0.092589 0.842955
vn 0.529957 -0.092589 0.842955
vn 0.529957 -0.092589 0.842955
vn -0.011658 0.163456 0.986482
vn -0.011658 0.163456 0.986482
vn -0.011658 0.163456 0.986482
vn -0.011658 0.163456 0.986482
s off
g Nut1:bed Nut1:Nut Nut1:pole1OBJ_UV2
usemtl lambert41SG
f 275/444/1057 276/445/1058 325/446/1059 324/447/1060 321/448/1061 320/449/1062
f 276/445/1063 277/450/1064 330/451/1065 329/452/1066 326/453/1067 325/446/1068
f 277/450/1069 278/454/1070 335/455/1071 334/456/1072 331/457/1073 330/451/1074
f 278/454/1075 275/444/1076 320/449/1077 319/458/1078 336/459/1079 335/455/1080
f 323/460/1081 321/461/1082 324/462/1083 328/463/1084
f 327/464/1085 326/465/1086 329/466/1087 333/467/1088
f 332/468/1089 331/469/1090 334/470/1091 338/471/1092
f 337/472/1093 336/473/1094 319/474/1095 322/475/1096
f 280/476/1097 279/477/1098 295/478/1099 294/479/1100
f 279/477/1101 284/480/1102 296/481/1103 295/478/1104
f 282/482/1105 281/483/1106 305/484/1107 304/485/1108
f 281/483/1109 280/486/1110 303/487/1111 305/484/1112
f 284/480/1113 283/488/1114 285/489/1115 290/490/1116
f 283/488/1117 282/491/1118 286/492/1119 285/489/1120
f 288/493/1121 287/494/1122 307/495/1123 306/496/1124
f 287/494/1125 286/497/1126 308/498/1127 307/495/1128
f 290/490/1129 289/499/1130 297/500/1131 302/501/1132
f 289/499/1133 288/502/1134 298/503/1135 297/500/1136
f 292/504/1137 291/505/1138 301/506/1139 300/507/1140
f 291/505/1141 296/481/1142 302/501/1143 301/506/1144
f 294/508/1145 293/509/1146 310/510/1147 309/511/1148
f 293/509/1149 292/512/1150 311/513/1151 310/510/1152
f 300/514/1153 299/515/1154 314/516/1155 313/517/1156
f 299/515/1157 298/518/1158 312/519/1159 314/516/1160
f 396/520/1161 395/521/1162 397/522/1163 398/523/1164
f 292/512/1165 300/514/1166 313/517/1167 311/513/1168
f 288/493/1169 306/496/1170 312/524/1171 298/525/1172
f 400/526/1173 399/527/1174 401/528/1175 402/529/1176
f 284/480/1177 290/490/1178 276/445/1179 275/444/1180
f 290/490/1181 302/501/1182 277/450/1183 276/445/1184
f 302/501/1185 296/481/1186 278/454/1187 277/450/1188
f 296/481/1189 284/480/1190 275/444/1191 278/454/1192
f 312/530/1193 306/531/1194 307/532/1195 308/533/1196 304/534/1197 305/535/1198 303/536/1199 309/537/1200 310/538/1201 311/539/1202 313/540/1203 314/541/1204
f 283/488/1205 284/480/1206 279/477/1207 315/542/1208
f 279/477/1209 280/476/1210 281/543/1211 315/542/1212
f 281/543/1213 282/491/1214 283/488/1215 315/542/1216
f 289/499/1217 290/490/1218 285/489/1219 316/544/1220
f 285/489/1221 286/492/1222 287/545/1223 316/544/1224
f 287/545/1225 288/502/1226 289/499/1227 316/544/1228
f 295/478/1229 296/481/1230 291/505/1231 317/546/1232
f 291/505/1233 292/504/1234 293/547/1235 317/546/1236
f 293/547/1237 294/479/1238 295/478/1239 317/546/1240
f 301/506/1241 302/501/1242 297/500/1243 318/548/1244
f 297/500/1245 298/549/1246 299/550/1247 318/548/1248
f 299/550/1249 300/507/1250 301/506/1251 318/548/1252
f 372/551/1253 371/552/1254 373/553/1255 374/554/1256 375/555/1257 376/556/1258 377/557/1259 378/558/1260
f 319/474/1261 321/461/1262 323/460/1263 322/475/1264
f 324/462/1265 326/465/1266 327/464/1267 328/463/1268
f 329/559/1269 331/469/1270 332/468/1271 333/560/1272
f 334/470/1273 336/473/1274 337/472/1275 338/471/1276
f 319/458/1277 320/449/1278 321/448/1279
f 324/447/1280 325/446/1281 326/453/1282
f 329/452/1283 330/451/1284 331/457/1285
f 334/456/1286 335/455/1287 336/459/1288
f 322/475/1289 323/460/1290 339/561/1291 340/562/1292
f 323/460/1293 328/463/1294 341/563/1295 339/561/1296
f 328/463/1297 327/464/1298 342/564/1299 341/563/1300
f 327/464/1301 333/467/1302 343/565/1303 342/564/1304
f 333/560/1305 332/468/1306 344/566/1307 343/567/1308
f 332/468/1309 338/471/1310 345/568/1311 344/566/1312
f 338/471/1313 337/472/1314 346/569/1315 345/568/1316
f 337/472/1317 322/475/1318 340/562/1319 346/569/1320
f 340/570/1321 339/571/1322 347/572/1323 348/573/1324
f 339/571/1325 341/574/1326 349/575/1327 347/572/1328
f 341/574/1329 342/576/1330 350/577/1331 349/575/1332
f 342/576/1333 343/578/1334 351/579/1335 350/577/1336
f 343/578/1337 344/580/1338 352/581/1339 351/579/1340
f 344/580/1341 345/582/1342 353/583/1343 352/581/1344
f 345/582/1345 346/584/1346 354/585/1347 353/583/1348
f 346/584/1349 340/570/1350 348/573/1351 354/585/1352
f 348/573/1353 347/572/1354 355/586/1355 356/587/1356
f 347/572/1357 349/575/1358 357/588/1359 355/586/1360
f 349/575/1361 350/577/1362 358/589/1363 357/588/1364
f 350/577/1365 351/579/1366 359/590/1367 358/589/1368
f 351/579/1369 352/581/1370 360/591/1371 359/590/1372
f 352/581/1373 353/583/1374 361/592/1375 360/591/1376
f 353/583/1377 354/585/1378 362/593/1379 361/592/1380
f 354/585/1381 348/573/1382 356/587/1383 362/593/1384
f 356/587/1385 355/586/1386 363/594/1387 364/595/1388
f 355/586/1389 357/588/1390 365/596/1391 363/594/1392
f 357/588/1393 358/589/1394 366/597/1395 365/596/1396
f 358/589/1397 359/590/1398 367/598/1399 366/597/1400
f 359/590/1401 360/591/1402 368/599/1403 367/598/1404
f 360/591/1405 361/592/1406 369/600/1407 368/599/1408
f 361/592/1409 362/593/1410 370/601/1411 369/600/1412
f 362/593/1413 356/587/1414 364/595/1415 370/601/1416
f 364/595/1417 363/594/1418 371/602/1419 372/603/1420
f 363/594/1421 365/596/1422 373/604/1423 371/602/1424
f 365/596/1425 366/597/1426 374/605/1427 373/604/1428
f 366/597/1429 367/598/1430 375/606/1431 374/605/1432
f 367/598/1433 368/599/1434 376/607/1435 375/606/1436
f 368/599/1437 369/600/1438 377/608/1439 376/607/1440
f 369/600/1441 370/601/1442 378/609/1443 377/608/1444
f 370/601/1445 364/595/1446 372/603/1447 378/609/1448
f 282/482/1449 304/485/1450 379/610/1451 380/611/1452
f 304/485/1453 308/498/1454 381/612/1455 379/610/1456
f 308/498/1457 286/497/1458 382/613/1459 381/612/1460
f 286/497/1461 282/482/1462 380/611/1463 382/613/1464
f 294/508/1465 309/511/1466 383/614/1467 384/615/1468
f 309/511/1469 303/487/1470 385/616/1471 383/614/1472
f 303/487/1473 280/486/1474 386/617/1475 385/616/1476
f 280/486/1477 294/508/1478 384/615/1479 386/617/1480
f 384/615/1481 383/614/1482 387/618/1483 388/619/1484
f 383/614/1485 385/616/1486 389/620/1487 387/618/1488
f 385/616/1489 386/617/1490 390/621/1491 389/620/1492
f 386/617/1493 384/615/1494 388/619/1495 390/621/1496
f 380/611/1497 379/610/1498 391/622/1499 392/623/1500
f 379/610/1501 381/612/1502 393/624/1503 391/622/1504
f 381/612/1505 382/613/1506 394/625/1507 393/624/1508
f 382/613/1509 380/611/1510 392/623/1511 394/625/1512
f 392/626/1513 391/627/1514 395/521/1515 396/520/1516
f 391/627/1517 393/628/1518 397/522/1519 395/521/1520
f 393/628/1521 394/629/1522 398/523/1523 397/522/1524
f 394/629/1525 392/626/1526 396/520/1527 398/523/1528
f 388/630/1529 387/631/1530 399/527/1531 400/526/1532
f 387/631/1533 389/632/1534 401/528/1535 399/527/1536
f 389/632/1537 390/633/1538 402/529/1539 401/528/1540
f 390/633/1541 388/630/1542 400/526/1543 402/529/1544
g default
v -9.296214 5.698699 -7.948087
v -9.367320 5.659400 -8.027350
v -9.419233 5.414368 -8.082146
v -9.438192 5.301014 -8.097950
v -3.889981 5.668960 -7.953986
v -3.838016 5.587713 -7.964598
v -3.818997 5.476730 -7.958846
v -3.838016 5.466988 -8.032070
v -3.889981 5.459861 -8.091118
v -3.960965 5.457263 -8.112729
v -3.962609 5.571012 -8.097015
v -3.962609 5.659214 -8.027462
v -3.960965 5.698697 -7.955532
v -9.438192 5.185482 -8.091969
v -9.419416 5.048953 -8.079681
v -9.367621 4.942100 -8.016508
v -9.296041 4.913177 -7.933372
v -3.838016 5.024337 -7.946492
v -3.889981 4.942898 -7.942426
v -3.960965 4.913081 -7.926184
v -3.957779 4.941425 -8.016966
v -3.956040 5.019262 -8.079793
v -3.956181 5.338760 -8.106595
v -3.887575 5.341266 -8.084920
v -3.837359 5.344208 -8.025654
v -3.818997 5.346799 -7.952120
v -3.900532 5.643878 -8.015594
v -3.849003 5.564281 -8.026161
v -3.900432 5.557391 -8.084072
v -3.847870 5.037815 -8.010028
v -3.897846 4.958493 -8.006507
v -3.896932 5.035403 -8.068203
v -9.466674 5.446154 -6.950604
v -9.438192 5.372478 -7.512905
v -9.466674 5.164897 -6.937808
v -9.438192 5.186128 -7.503239
v -9.447695 5.546230 -6.953002
v -9.419222 5.483606 -7.515871
v -9.395763 5.619473 -6.953123
v -9.367301 5.623183 -7.515560
v -9.324703 5.646274 -6.953118
v -9.296215 5.652960 -7.515285
v -3.989450 5.646278 -6.953085
v -3.960965 5.652970 -7.515220
v -3.847482 5.445582 -6.950883
v -3.818997 5.429822 -7.513476
v -3.847482 5.198792 -6.938397
v -3.818997 5.247842 -7.504352
v -3.866501 5.545837 -6.952901
v -3.838016 5.541235 -7.515677
v -3.918465 5.619379 -6.952901
v -3.889981 5.623058 -7.515122
v -9.447824 5.065502 -6.933578
v -9.419380 5.075794 -7.498592
v -9.395975 4.939633 -6.930465
v -9.367559 4.942223 -7.495129
v -9.324566 4.913384 -6.928944
v -9.296062 4.913178 -7.493490
v -3.989463 4.913384 -6.928996
v -3.960971 4.913178 -7.493590
v -3.918472 4.940201 -6.930347
v -3.889984 4.942992 -7.495371
v -3.866503 5.013454 -6.933813
v -3.838017 5.033020 -7.499508
v -9.361576 5.188127 0.747070
v -9.362214 4.992356 0.718599
v -3.957953 4.941425 0.718079
v -3.956011 5.179170 0.747501
v -9.372285 4.785731 0.576684
v -3.950460 4.783263 0.574544
v -9.380928 4.705828 0.364513
v -3.943565 4.705802 0.363432
v -9.746999 5.171103 0.333876
v -9.702776 5.177537 0.520617
v -9.703535 5.331434 0.512266
v -9.746173 5.334235 0.329725
v -9.546094 5.184117 0.693798
v -9.550228 5.333066 0.685538
v -9.367613 5.333209 0.739463
v -3.771449 5.176500 0.691783
v -3.764261 5.333412 0.682388
v -3.946601 5.341819 0.739084
v -3.619323 5.173617 0.516223
v -3.616842 5.327680 0.505526
v -3.577632 5.170783 0.332244
v -3.578110 5.328286 0.326052
v -9.395016 5.830009 0.370067
v -9.403804 5.736349 0.569923
v -3.940919 5.757234 0.550450
v -3.944565 5.831262 0.354200
v -9.380939 5.509377 0.698707
v -3.944341 5.562129 0.698642
v -9.714555 4.984156 0.343645
v -9.677270 5.011393 0.516127
v -9.581501 4.784453 0.358609
v -9.551304 4.840089 0.545323
v -9.531473 5.014714 0.674905
v -3.743183 4.784387 0.356308
v -3.771128 4.791982 0.540395
v -3.610157 4.974553 0.341712
v -3.645286 4.963322 0.511393
v -3.787706 4.963047 0.671839
v -9.599727 5.732197 0.368531
v -9.567275 5.626116 0.525898
v -9.714015 5.506081 0.340447
v -9.675085 5.487695 0.500393
v -9.543870 5.490304 0.647305
v -3.609305 5.555528 0.328340
v -3.638696 5.533465 0.487615
v -3.746217 5.755686 0.343404
v -3.765947 5.708639 0.506745
v -3.774306 5.542050 0.649686
v -9.728413 5.557205 -3.252344
v -9.802203 5.552738 -4.347480
v -9.802356 5.140189 -4.330615
v -9.724202 5.090800 -3.233157
v -9.692524 5.758515 -3.257869
v -9.766337 5.735591 -4.350622
v -9.555244 5.964759 -3.261506
v -9.629320 5.923109 -4.356339
v -9.360187 6.043112 -3.266772
v -9.434428 5.994452 -4.364666
v -3.927417 6.043007 -3.270495
v -4.001712 5.994406 -4.370669
v -3.633927 5.551357 -4.380271
v -3.559223 5.556244 -3.272139
v -3.559255 5.090511 -3.252817
v -3.634083 5.139731 -4.363040
v -3.669725 5.734925 -4.382184
v -3.595142 5.757985 -3.276463
v -3.806844 5.922813 -4.377796
v -3.732468 5.964393 -3.275315
v -9.766548 4.970692 -4.329825
v -9.692411 4.953411 -3.229983
v -9.628695 4.769174 -4.334590
v -9.554596 4.718741 -3.230450
v -9.433879 4.698645 -4.341588
v -9.359776 4.640875 -3.234024
v -4.001947 4.698707 -4.347374
v -3.927593 4.685137 -3.237497
v -3.807431 4.769921 -4.354329
v -3.732724 4.763281 -3.242968
v -3.670223 4.956937 -4.359364
v -3.622740 4.965170 -3.248676
v -9.711695 5.640510 -0.304326
v -9.746331 5.467740 -0.301696
v -9.585416 5.837805 -0.303790
v -9.381757 5.919169 -0.311160
v -3.942287 5.920333 -0.320134
v -3.942460 4.705496 -0.329131
v -9.382289 4.705468 -0.319879
v -3.577813 5.167564 -0.344524
v -3.577328 5.453061 -0.351681
v -9.746977 5.168895 -0.295464
v -3.742729 5.842480 -0.335253
v -3.608868 5.643052 -0.351606
v -9.580977 4.784217 -0.306398
v -9.713140 4.980665 -0.297117
v -3.611729 4.973979 -0.344206
v -3.744142 4.762938 -0.339126
v -9.842863 5.532685 -5.072619
v -9.842889 5.139487 -5.055406
v -9.807135 4.977756 -5.051813
v -9.802548 5.506393 -0.638639
v -9.766654 5.690259 -0.642825
v -9.802804 5.529864 -1.542445
v -9.767917 5.715456 -1.546741
v -9.728446 5.558490 -2.408602
v -9.692924 5.741575 -2.414258
v -9.802709 5.173845 -0.627631
v -9.802725 5.134018 -1.528088
v -9.728418 5.139806 -2.391821
v -9.632885 5.879727 -0.646141
v -9.632175 5.906818 -1.541659
v -9.556060 5.929835 -2.411314
v -9.807226 5.715343 -5.077540
v -9.436498 5.955125 -0.655622
v -9.435576 5.980740 -1.535190
v -9.360574 6.001949 -2.405701
v -9.670355 5.903065 -5.083457
v -3.999552 5.955376 -0.665718
v -4.001135 5.968832 -1.530675
v -3.927313 6.002033 -2.400358
v -9.474935 5.974703 -5.088240
v -3.802161 5.880421 -0.678912
v -3.806068 5.896798 -1.525693
v -3.732404 5.990813 -2.394539
v -4.041490 5.974621 -5.090693
v -3.633385 5.502813 -0.687809
v -3.633562 5.172410 -0.676780
v -3.633612 5.526555 -1.517214
v -3.633525 5.141021 -1.502869
v -3.559261 5.583384 -2.383262
v -3.559233 5.122597 -2.366416
v -3.668293 4.967392 -0.674496
v -3.669352 4.958242 -1.500204
v -3.595312 4.965482 -2.363072
v -3.673672 5.531973 -5.085948
v -3.709406 5.714802 -5.090434
v -3.673700 5.140326 -5.068612
v -3.846165 5.902627 -5.092245
v -3.667422 5.687943 -0.689919
v -3.669568 5.709330 -1.523001
v -3.595306 5.784792 -2.389904
v -9.669342 4.769312 -5.050560
v -9.767850 4.990054 -0.626799
v -9.767505 4.974164 -1.523436
v -9.692673 4.957188 -2.387156
v -9.474151 4.698688 -5.051910
v -9.633742 4.798888 -0.633190
v -9.631548 4.758814 -1.515951
v -9.555504 4.769782 -2.380190
v -4.041636 4.698653 -5.224145
v -9.436562 4.723432 -0.645904
v -9.435237 4.664176 -1.509312
v -9.360172 4.698503 -2.373101
v -3.846395 4.770300 -5.228201
v -3.999947 4.701956 -0.656165
v -4.001306 4.698766 -1.504814
v -3.927494 4.681060 -2.367573
v -3.709513 4.957769 -5.063543
v -3.803241 4.776452 -0.667381
v -3.806216 4.770557 -1.500504
v -3.732742 4.795114 -2.360009
v -9.904281 5.475132 -6.592432
v -9.999294 5.509636 -6.108140
v -9.904428 5.142491 -6.588159
v -9.986070 5.117672 -6.091714
v -9.977863 5.545578 -5.073168
v -9.977888 5.126554 -5.055271
v -9.639197 4.929495 -6.586685
v -9.661960 4.888773 -6.086102
v -9.685928 4.922543 -5.051086
v -9.955379 5.738537 -6.113130
v -9.861107 5.685814 -6.593914
v -9.934139 5.770121 -5.079707
v -9.776487 5.988189 -6.111369
v -9.690998 5.867716 -6.591300
v -9.755826 6.015267 -5.087675
v -9.517885 6.084863 -6.101925
v -9.450866 5.955565 -6.583695
v -9.499178 6.109619 -5.093175
v -3.999987 6.085179 -6.092457
v -4.016459 6.025525 -6.576973
v -4.017167 6.109536 -5.095632
v -3.578458 5.494051 -6.557731
v -3.520351 5.510368 -6.056387
v -3.617347 5.716847 -6.561321
v -3.563323 5.737291 -6.064023
v -3.538673 5.544858 -5.086488
v -3.582463 5.769463 -5.092597
v -3.520213 5.124796 -6.040345
v -3.577756 5.170765 -6.553304
v -3.538699 5.127608 -5.068457
v -3.753258 5.914032 -6.569063
v -3.740262 5.987091 -6.077987
v -3.760541 6.014722 -5.096465
v -9.481156 4.699283 -6.581868
v -9.539056 4.640016 -6.074598
v -9.519997 4.656572 -5.048877
v -9.495793 4.527235 -6.571562
v -9.516413 4.545822 -6.061033
v -9.498001 4.563704 -5.087137
v -3.806628 4.532792 -6.565540
v -4.000072 4.545959 -6.051666
v -4.017372 4.563669 -5.162973
v -3.786133 4.646132 -6.558806
v -3.969227 4.644392 -6.040974
v -3.886797 4.658060 -5.167501
v -3.835074 4.908831 -6.553796
v -3.804173 4.896660 -6.036840
v -3.716005 4.903128 -5.062817
v -9.334012 5.719522 -6.657257
v -3.970289 5.722251 -6.656585
v -3.782461 5.575388 -6.653563
v -3.756285 5.449966 -6.651796
v -3.756533 5.189737 -6.647501
v -3.860375 5.680118 -6.655406
v -3.970531 4.888899 -6.647939
v -9.333434 4.891471 -6.648574
v -3.860932 4.930698 -6.647410
v -3.782563 5.035967 -6.647085
v -9.531974 5.449116 -6.658108
v -9.531568 5.154349 -6.653720
v -9.506557 5.034367 -6.652482
v -9.507126 5.572801 -6.659280
v -9.432287 5.676486 -6.659125
v -9.431757 4.933301 -6.651064
vt 0.148150 0.904756
vt 0.147948 0.895150
vt 0.410947 0.892403
vt 0.410813 0.904033
vt 0.146334 0.882963
vt 0.412372 0.882090
vt 0.143924 0.872121
vt 0.414678 0.871184
vt 0.119519 0.902839
vt 0.128855 0.903874
vt 0.128518 0.911937
vt 0.119601 0.912945
vt 0.139538 0.904554
vt 0.139178 0.911680
vt 0.147784 0.911816
vt 0.419650 0.903988
vt 0.420071 0.911507
vt 0.411301 0.911924
vt 0.430510 0.903564
vt 0.430840 0.911770
vt 0.439478 0.902967
vt 0.439580 0.912863
vt 0.143655 0.943914
vt 0.144779 0.933192
vt 0.412899 0.934711
vt 0.414353 0.944800
vt 0.146817 0.920588
vt 0.411649 0.922794
vt 0.870901 0.899607
vt 0.870002 0.905209
vt 0.604107 0.913445
vt 0.604018 0.907884
vt 0.867519 0.917504
vt 0.603740 0.918878
vt 0.864069 0.921845
vt 0.603249 0.922850
vt 0.600487 0.908078
vt 0.600116 0.902258
vt 0.603691 0.902143
vt 0.596787 0.908757
vt 0.596281 0.902281
vt 0.593252 0.909808
vt 0.592487 0.902203
vt 0.863823 0.876879
vt 0.867351 0.881175
vt 0.603691 0.881760
vt 0.603227 0.877179
vt 0.869921 0.887247
vt 0.603997 0.886594
vt 0.870872 0.893949
vt 0.123002 0.891483
vt 0.130250 0.895179
vt 0.131750 0.879329
vt 0.137546 0.886505
vt 0.140150 0.896400
vt 0.427526 0.878476
vt 0.421135 0.884171
vt 0.436541 0.890777
vt 0.428523 0.892561
vt 0.418718 0.893715
vt 0.131433 0.936301
vt 0.135828 0.927853
vt 0.122647 0.923323
vt 0.129936 0.920257
vt 0.138925 0.919461
vt 0.435891 0.926616
vt 0.429145 0.922727
vt 0.426390 0.938266
vt 0.421921 0.931855
vt 0.419670 0.921687
vt 0.599081 0.920829
vt 0.600540 0.918025
vt 0.595638 0.916146
vt 0.597850 0.913789
vt 0.601202 0.912760
vt 0.595167 0.884753
vt 0.597804 0.886585
vt 0.599092 0.879982
vt 0.600675 0.882689
vt 0.601255 0.887255
vt 0.207218 0.270954
vt 0.205850 0.324941
vt 0.185714 0.323564
vt 0.184306 0.269338
vt 0.217270 0.271505
vt 0.214958 0.325260
vt 0.229443 0.271893
vt 0.226327 0.325535
vt 0.239753 0.272209
vt 0.236510 0.325886
vt 0.503802 0.270293
vt 0.503129 0.323823
vt 0.534360 0.323392
vt 0.534869 0.269699
vt 0.556735 0.268479
vt 0.554813 0.322451
vt 0.525053 0.323535
vt 0.525257 0.269976
vt 0.513472 0.323612
vt 0.513623 0.270120
vt 0.177261 0.323224
vt 0.177392 0.268955
vt 0.165341 0.322817
vt 0.164079 0.268462
vt 0.155217 0.322518
vt 0.153828 0.268086
vt 0.847617 0.266416
vt 0.851213 0.320808
vt 0.585805 0.321954
vt 0.583905 0.267699
vt 0.575538 0.322054
vt 0.574090 0.267932
vt 0.564053 0.322205
vt 0.563324 0.268238
vt 0.204653 0.094823
vt 0.213458 0.094935
vt 0.217033 0.126805
vt 0.208288 0.126021
vt 0.226334 0.094314
vt 0.228681 0.127356
vt 0.237888 0.094253
vt 0.239562 0.127678
vt 0.488203 0.730167
vt 0.493323 0.729963
vt 0.491459 0.751973
vt 0.485978 0.751917
vt 0.497665 0.730564
vt 0.496158 0.752167
vt 0.501082 0.730700
vt 0.499902 0.752394
vt 0.459305 0.730492
vt 0.462876 0.729914
vt 0.461702 0.751671
vt 0.457976 0.751562
vt 0.467338 0.729967
vt 0.466726 0.751750
vt 0.482251 0.730352
vt 0.477168 0.752066
vt 0.505701 0.093753
vt 0.505064 0.127005
vt 0.847383 0.123192
vt 0.581018 0.125514
vt 0.580330 0.091651
vt 0.846970 0.089758
vt 0.548113 0.093751
vt 0.549794 0.126776
vt 0.536112 0.127644
vt 0.540254 0.094310
vt 0.193487 0.124692
vt 0.196560 0.094012
vt 0.785048 0.723234
vt 0.786393 0.751895
vt 0.777211 0.752121
vt 0.779544 0.723337
vt 0.200372 0.707986
vt 0.198489 0.729404
vt 0.760341 0.752864
vt 0.759139 0.731691
vt 0.797539 0.725998
vt 0.801502 0.729728
vt 0.802680 0.750839
vt 0.798911 0.751169
vt 0.791667 0.723353
vt 0.791899 0.751646
vt 0.762643 0.727627
vt 0.764227 0.752685
vt 0.774161 0.724432
vt 0.771630 0.752341
vt 0.516479 0.094347
vt 0.515363 0.127674
vt 0.528752 0.094686
vt 0.526893 0.127978
vt 0.165086 0.089838
vt 0.175546 0.091077
vt 0.172235 0.123622
vt 0.161725 0.123251
vt 0.187239 0.092806
vt 0.183973 0.124127
vt 0.558032 0.093036
vt 0.559212 0.126463
vt 0.569613 0.092185
vt 0.571119 0.125984
vt 0.775645 0.779876
vt 0.789692 0.779154
vt 0.797609 0.583869
vt 0.791112 0.562190
vt 0.805288 0.557609
vt 0.815026 0.578715
vt 0.204204 0.360421
vt 0.184997 0.359093
vt 0.804973 0.632704
vt 0.824789 0.626134
vt 0.794707 0.778861
vt 0.815982 0.548207
vt 0.831463 0.570939
vt 0.176918 0.358627
vt 0.842580 0.625061
vt 0.208273 0.142728
vt 0.217009 0.143528
vt 0.207315 0.186687
vt 0.216286 0.187244
vt 0.208247 0.229232
vt 0.217543 0.229768
vt 0.192633 0.141135
vt 0.188488 0.185083
vt 0.187450 0.227795
vt 0.227805 0.144173
vt 0.227437 0.187454
vt 0.229166 0.229981
vt 0.770518 0.780212
vt 0.787357 0.586381
vt 0.782367 0.564940
vt 0.793582 0.634783
vt 0.213313 0.360807
vt 0.237588 0.144588
vt 0.237408 0.187470
vt 0.239583 0.229956
vt 0.765960 0.780364
vt 0.773907 0.588862
vt 0.771632 0.566058
vt 0.778366 0.637204
vt 0.224702 0.361081
vt 0.502392 0.143922
vt 0.502254 0.185971
vt 0.503530 0.228178
vt 0.762080 0.780301
vt 0.761749 0.589894
vt 0.760621 0.565125
vt 0.764770 0.639672
vt 0.234918 0.361230
vt 0.512918 0.144426
vt 0.512791 0.185852
vt 0.512557 0.228132
vt 0.500233 0.779952
vt 0.494754 0.590033
vt 0.495079 0.565980
vt 0.492439 0.638849
vt 0.502646 0.358959
vt 0.534118 0.144329
vt 0.550711 0.143323
vt 0.533964 0.184902
vt 0.553369 0.183770
vt 0.533458 0.227114
vt 0.554917 0.225792
vt 0.561220 0.142811
vt 0.562727 0.183442
vt 0.562454 0.225497
vt 0.486083 0.779688
vt 0.491418 0.779883
vt 0.457960 0.587131
vt 0.461828 0.562156
vt 0.472313 0.564346
vt 0.468329 0.588472
vt 0.534899 0.357842
vt 0.525348 0.358123
vt 0.452860 0.634999
vt 0.464203 0.635886
vt 0.473271 0.779509
vt 0.440354 0.585303
vt 0.446164 0.560278
vt 0.432064 0.631699
vt 0.554936 0.356920
vt 0.496175 0.780013
vt 0.482929 0.565903
vt 0.482190 0.589733
vt 0.513407 0.358512
vt 0.479155 0.637127
vt 0.524666 0.144659
vt 0.524556 0.185505
vt 0.523981 0.227698
vt 0.801401 0.778180
vt 0.828487 0.540764
vt 0.843809 0.566766
vt 0.164740 0.357938
vt 0.857675 0.621426
vt 0.183734 0.140537
vt 0.180681 0.184484
vt 0.178233 0.227247
vt 0.805083 0.777604
vt 0.837452 0.539784
vt 0.848510 0.565950
vt 0.154633 0.357288
vt 0.861450 0.617515
vt 0.172510 0.139987
vt 0.168473 0.183657
vt 0.166780 0.226589
vt 0.194651 0.756673
vt 0.454961 0.779004
vt 0.151586 0.493842
vt 0.161371 0.470323
vt 0.416113 0.557591
vt 0.405282 0.579680
vt 0.853146 0.355513
vt 0.586756 0.364799
vt 0.136767 0.539617
vt 0.394266 0.621654
vt 0.162231 0.139669
vt 0.157938 0.182999
vt 0.156605 0.226013
vt 0.458924 0.779264
vt 0.419336 0.557083
vt 0.409963 0.580979
vt 0.576202 0.364765
vt 0.402292 0.624424
vt 0.850202 0.139139
vt 0.583755 0.141498
vt 0.850592 0.181476
vt 0.584790 0.183002
vt 0.847386 0.223879
vt 0.583326 0.225235
vt 0.463612 0.779392
vt 0.429005 0.555254
vt 0.423810 0.582181
vt 0.564476 0.356610
vt 0.417518 0.630451
vt 0.573077 0.142138
vt 0.574377 0.183120
vt 0.572717 0.225140
vt 0.761564 0.795110
vt 0.500650 0.794911
vt 0.489907 0.795347
vt 0.484175 0.794895
vt 0.472224 0.794491
vt 0.495649 0.795385
vt 0.453957 0.792753
vt 0.192985 0.770288
vt 0.459162 0.793494
vt 0.465075 0.794075
vt 0.782155 0.545742
vt 0.800948 0.542199
vt 0.808668 0.541330
vt 0.774301 0.549092
vt 0.765525 0.551761
vt 0.757269 0.552796
vt 0.489310 0.551069
vt 0.462319 0.551861
vt 0.471105 0.552854
vt 0.446318 0.551136
vt 0.480589 0.552788
vt 0.814672 0.538321
vt 0.816475 0.533925
vt 0.175273 0.455722
vt 0.421906 0.542471
vt 0.428457 0.549275
vt 0.436911 0.551692
vt 0.828070 0.631004
vt 0.806179 0.638875
vt 0.837130 0.630530
vt 0.794169 0.641252
vt 0.779223 0.644018
vt 0.764721 0.646189
vt 0.492460 0.645430
vt 0.463855 0.642476
vt 0.452005 0.641665
vt 0.429825 0.637395
vt 0.478451 0.644001
vt 0.849609 0.626658
vt 0.859129 0.624012
vt 0.391959 0.628489
vt 0.135693 0.546505
vt 0.404923 0.630913
vt 0.419805 0.632301
vt 0.791511 0.793333
vt 0.777757 0.794316
vt 0.797275 0.792808
vt 0.772023 0.794872
vt 0.766299 0.795212
vt 0.803170 0.791733
vt 0.808240 0.790741
vn -0.008276 -0.055157 0.998443
vn -0.007745 -0.132532 0.991149
vn 0.008332 -0.131990 0.991216
vn 0.009179 -0.054518 0.998471
vn -0.011693 -0.614708 0.788668
vn -0.011913 -0.614669 0.788695
vn 0.004668 -0.616715 0.787173
vn 0.003315 -0.616633 0.787244
vn -0.010698 -0.937216 0.348586
vn -0.013078 -0.996253 0.085494
vn 0.010905 -0.996309 0.085142
vn 0.006398 -0.938410 0.345464
vn -0.995911 -0.079104 0.043628
vn -0.969832 -0.076474 0.231467
vn -0.968047 0.089545 0.234236
vn -0.995558 0.077502 0.053453
vn -0.740135 -0.056191 0.670106
vn -0.740018 -0.057426 0.670131
vn -0.743326 0.099029 0.661559
vn -0.743081 0.103385 0.661167
vn -0.275060 -0.052744 0.959979
vn -0.008276 -0.055157 0.998443
vn -0.008852 0.139242 0.990219
vn -0.289717 0.134755 0.947579
vn 0.009179 -0.054518 0.998471
vn 0.286858 -0.048856 0.956727
vn 0.295347 0.110044 0.949031
vn 0.009975 0.137704 0.990423
vn 0.754870 -0.057148 0.653379
vn 0.877871 -0.065764 0.474360
vn 0.885005 0.080946 0.458492
vn 0.764049 0.082354 0.639880
vn 0.877871 -0.065764 0.474360
vn 0.995977 -0.080515 0.039346
vn 0.996756 0.065794 0.046360
vn 0.885005 0.080946 0.458492
vn -0.016213 0.980431 0.196196
vn -0.016145 0.754063 0.656603
vn 0.008508 0.753933 0.656896
vn 0.012739 0.981053 0.193322
vn -0.016145 0.754063 0.656603
vn -0.011510 0.408438 0.912714
vn 0.007894 0.403655 0.914877
vn 0.008508 0.753933 0.656896
vn -0.011510 0.408438 0.912714
vn -0.008852 0.139242 0.990219
vn 0.009975 0.137704 0.990423
vn 0.007894 0.403655 0.914877
vn -0.124885 0.042226 -0.991272
vn -0.107971 0.273376 -0.955828
vn -0.004071 0.270597 -0.962684
vn -0.000472 0.041979 -0.999118
vn -0.107971 0.273376 -0.955828
vn -0.097678 0.499392 -0.860852
vn -0.001932 0.558677 -0.829383
vn -0.004071 0.270597 -0.962684
vn -0.097678 0.499392 -0.860852
vn -0.008840 0.999794 -0.018258
vn 0.005125 0.999903 0.012976
vn -0.001932 0.558677 -0.829383
vn -0.000472 0.041979 -0.999118
vn 0.546148 0.037083 -0.836868
vn 0.559475 -0.057327 -0.826863
vn 0.003589 -0.073789 -0.997267
vn 0.546148 0.037083 -0.836868
vn 0.881462 0.048239 -0.469784
vn 0.892620 -0.045718 -0.448486
vn 0.559475 -0.057327 -0.826863
vn 0.881462 0.048239 -0.469784
vn 0.996733 0.077277 -0.023467
vn 0.998595 -0.039689 -0.035104
vn 0.892620 -0.045718 -0.448486
vn -0.006923 -0.997369 -0.072156
vn -0.091866 -0.719676 -0.688206
vn 0.002392 -0.774305 -0.632808
vn 0.005705 -0.998448 -0.055396
vn -0.091866 -0.719676 -0.688206
vn -0.069068 -0.226198 -0.971630
vn 0.002817 -0.248085 -0.968734
vn 0.002392 -0.774305 -0.632808
vn -0.069068 -0.226198 -0.971630
vn -0.089297 -0.079036 -0.992864
vn 0.003589 -0.073789 -0.997267
vn 0.002817 -0.248085 -0.968734
vn -0.008276 -0.055157 0.998443
vn 0.009179 -0.054518 0.998471
vn 0.009975 0.137704 0.990423
vn -0.008852 0.139242 0.990219
vn -0.124885 0.042226 -0.991272
vn -0.000472 0.041979 -0.999118
vn 0.003589 -0.073789 -0.997267
vn -0.089297 -0.079036 -0.992864
vn -0.969832 -0.076474 0.231467
vn -0.995911 -0.079104 0.043628
vn -0.984112 -0.170556 0.049345
vn -0.960341 -0.154141 0.232348
vn -0.786005 -0.365777 0.498402
vn -0.830550 -0.554097 0.056250
vn -0.830481 -0.553977 0.058402
vn -0.784497 -0.502747 0.363057
vn -0.364578 -0.928281 0.073324
vn -0.013078 -0.996253 0.085494
vn -0.010698 -0.937216 0.348586
vn -0.340737 -0.879569 0.332050
vn -0.289284 -0.540113 0.790312
vn -0.011913 -0.614669 0.788695
vn -0.011693 -0.614708 0.788668
vn -0.289284 -0.540113 0.790312
vn -0.007745 -0.132532 0.991149
vn -0.008276 -0.055157 0.998443
vn -0.275060 -0.052744 0.959979
vn -0.268413 -0.134003 0.953938
vn -0.721035 -0.200333 0.663307
vn -0.740018 -0.057426 0.670131
vn -0.740135 -0.056191 0.670106
vn -0.786005 -0.365777 0.498402
vn -0.786005 -0.365777 0.498402
vn -0.784497 -0.502747 0.363057
vn -0.721035 -0.200333 0.663307
vn 0.006398 -0.938410 0.345464
vn 0.010905 -0.996309 0.085142
vn 0.308846 -0.949491 0.055510
vn 0.241464 -0.944089 0.224479
vn 0.597646 -0.611913 0.518055
vn 0.831007 -0.555192 0.034496
vn 0.831725 -0.554445 0.028715
vn 0.813655 -0.361608 0.455199
vn 0.985702 -0.161347 0.048568
vn 0.995977 -0.080515 0.039346
vn 0.877871 -0.065764 0.474360
vn 0.968668 -0.136999 0.207157
vn 0.813655 -0.361608 0.455199
vn 0.877871 -0.065764 0.474360
vn 0.754870 -0.057148 0.653379
vn 0.564023 -0.375716 0.735334
vn 0.286858 -0.048856 0.956727
vn 0.009179 -0.054518 0.998471
vn 0.008332 -0.131990 0.991216
vn 0.280032 -0.115568 0.953009
vn 0.564023 -0.375716 0.735334
vn 0.003315 -0.616633 0.787244
vn 0.004668 -0.616715 0.787173
vn 0.597646 -0.611913 0.518055
vn 0.597646 -0.611913 0.518055
vn 0.813655 -0.361608 0.455199
vn 0.564023 -0.375716 0.735334
vn -0.016145 0.754063 0.656603
vn -0.016213 0.980431 0.196196
vn -0.422733 0.882879 0.204505
vn -0.458545 0.629224 0.627546
vn -0.796062 0.443736 0.411563
vn -0.866229 0.484750 0.121095
vn -0.865404 0.483824 0.130345
vn -0.785012 0.343337 0.515632
vn -0.979238 0.187557 0.076910
vn -0.995558 0.077502 0.053453
vn -0.968047 0.089545 0.234236
vn -0.954866 0.177218 0.238378
vn -0.785012 0.343337 0.515632
vn -0.743081 0.103385 0.661167
vn -0.743326 0.099029 0.661559
vn -0.728328 0.233119 0.644356
vn -0.289717 0.134755 0.947579
vn -0.008852 0.139242 0.990219
vn -0.011510 0.408438 0.912714
vn -0.371406 0.375540 0.849133
vn -0.371406 0.375540 0.849133
vn -0.011510 0.408438 0.912714
vn -0.016145 0.754063 0.656603
vn -0.458545 0.629224 0.627546
vn -0.796062 0.443736 0.411563
vn -0.785012 0.343337 0.515632
vn -0.728328 0.233119 0.644356
vn 0.885005 0.080946 0.458492
vn 0.996756 0.065794 0.046360
vn 0.987786 0.144730 0.057729
vn 0.866726 0.289593 0.406106
vn 0.866726 0.289593 0.406106
vn 0.825516 0.554546 0.104894
vn 0.635390 0.760152 0.135826
vn 0.533064 0.699659 0.475732
vn 0.635390 0.760152 0.135826
vn 0.012739 0.981053 0.193322
vn 0.008508 0.753933 0.656896
vn 0.533064 0.699659 0.475732
vn 0.533064 0.699659 0.475732
vn 0.008508 0.753933 0.656896
vn 0.007894 0.403655 0.914877
vn 0.515408 0.328485 0.791487
vn 0.007894 0.403655 0.914877
vn 0.009975 0.137704 0.990423
vn 0.295347 0.110044 0.949031
vn 0.515408 0.328485 0.791487
vn 0.515408 0.328485 0.791487
vn 0.764049 0.082354 0.639880
vn 0.885005 0.080946 0.458492
vn 0.866726 0.289593 0.406106
vn 0.866726 0.289593 0.406106
vn 0.533064 0.699659 0.475732
vn 0.515408 0.328485 0.791487
vn -0.001932 0.558677 -0.829383
vn 0.005125 0.999903 0.012976
vn 0.665282 0.746257 0.022395
vn 0.505096 0.664044 -0.551293
vn 0.505096 0.664044 -0.551293
vn 0.665282 0.746257 0.022395
vn 0.934009 0.357141 -0.008823
vn 0.846348 0.270322 -0.458935
vn 0.934009 0.357141 -0.008823
vn 0.996733 0.077277 -0.023467
vn 0.881462 0.048239 -0.469784
vn 0.846348 0.270322 -0.458935
vn 0.846348 0.270322 -0.458935
vn 0.881462 0.048239 -0.469784
vn 0.546148 0.037083 -0.836868
vn 0.473213 0.298412 -0.828866
vn 0.546148 0.037083 -0.836868
vn -0.000472 0.041979 -0.999118
vn -0.004071 0.270597 -0.962684
vn 0.473213 0.298412 -0.828866
vn 0.473213 0.298412 -0.828866
vn -0.004071 0.270597 -0.962684
vn -0.001932 0.558677 -0.829383
vn 0.505096 0.664044 -0.551293
vn 0.505096 0.664044 -0.551293
vn 0.846348 0.270322 -0.458935
vn 0.473213 0.298412 -0.828866
vn 0.892620 -0.045718 -0.448486
vn 0.998595 -0.039689 -0.035104
vn 0.980459 -0.193938 -0.032986
vn 0.897450 -0.125982 -0.422743
vn 0.897450 -0.125982 -0.422743
vn 0.980459 -0.193938 -0.032986
vn 0.692561 -0.720609 -0.032887
vn 0.539503 -0.706476 -0.458069
vn 0.692561 -0.720609 -0.032887
vn 0.005705 -0.998448 -0.055396
vn 0.002392 -0.774305 -0.632808
vn 0.539503 -0.706476 -0.458069
vn 0.539503 -0.706476 -0.458069
vn 0.002392 -0.774305 -0.632808
vn 0.002817 -0.248085 -0.968734
vn 0.525101 -0.145837 -0.838451
vn 0.002817 -0.248085 -0.968734
vn 0.003589 -0.073789 -0.997267
vn 0.559475 -0.057327 -0.826863
vn 0.525101 -0.145837 -0.838451
vn 0.525101 -0.145837 -0.838451
vn 0.559475 -0.057327 -0.826863
vn 0.892620 -0.045718 -0.448486
vn 0.897450 -0.125982 -0.422743
vn 0.897450 -0.125982 -0.422743
vn 0.539503 -0.706476 -0.458069
vn 0.525101 -0.145837 -0.838451
vn -0.997781 0.054538 0.038203
vn -0.996289 0.059228 0.062459
vn -0.996379 -0.057183 0.062924
vn -0.997401 -0.061817 0.037016
vn -0.996289 0.059228 0.062459
vn -0.997781 0.054538 0.038203
vn -0.911362 0.410251 0.033371
vn -0.980476 0.187750 0.058449
vn -0.814523 0.579089 0.034753
vn -0.911362 0.410251 0.033371
vn -0.820230 0.571295 0.029068
vn -0.814787 0.578705 0.034952
vn -0.352856 0.935613 -0.011022
vn -0.359115 0.933240 0.010018
vn -0.012593 0.999912 -0.004257
vn -0.013390 0.999250 -0.036323
vn -0.013390 0.999250 -0.036323
vn -0.012593 0.999912 -0.004257
vn 0.011373 0.999927 -0.003988
vn 0.012841 0.999173 -0.038570
vn 0.996332 0.056710 -0.064077
vn 0.997865 0.053208 -0.037883
vn 0.995545 -0.086999 -0.036348
vn 0.995250 -0.075078 -0.061976
vn 0.997865 0.053208 -0.037883
vn 0.996332 0.056710 -0.064077
vn 0.908782 0.411640 -0.068323
vn 0.917051 0.396259 -0.044682
vn 0.917051 0.396259 -0.044682
vn 0.908782 0.411640 -0.068323
vn 0.813718 0.577279 -0.067914
vn 0.825056 0.563116 -0.046715
vn 0.301040 0.953071 -0.032111
vn 0.352126 0.934300 -0.055588
vn 0.012841 0.999173 -0.038570
vn 0.011373 0.999927 -0.003988
vn -0.997401 -0.061817 0.037016
vn -0.996379 -0.057183 0.062924
vn -0.975446 -0.212430 0.058127
vn -0.976940 -0.210613 0.035067
vn -0.841728 -0.539036 0.030551
vn -0.838407 -0.543439 0.041819
vn -0.838685 -0.543014 0.041753
vn -0.841670 -0.539139 0.030341
vn -0.356880 -0.934057 0.013177
vn -0.349844 -0.936792 -0.005409
vn -0.010480 -0.999785 -0.017886
vn -0.009177 -0.999947 -0.004638
vn -0.009177 -0.999947 -0.004638
vn -0.010480 -0.999785 -0.017886
vn 0.015647 -0.999684 -0.019696
vn 0.018884 -0.999812 -0.004299
vn 0.018884 -0.999812 -0.004299
vn 0.015647 -0.999684 -0.019696
vn 0.626684 -0.778420 -0.036451
vn 0.655121 -0.755246 -0.020499
vn 0.655121 -0.755246 -0.020499
vn 0.626684 -0.778420 -0.036451
vn 0.831230 -0.554196 -0.043856
vn 0.838508 -0.544208 -0.027239
vn 0.947070 -0.318902 -0.036868
vn 0.963680 -0.260941 -0.056834
vn 0.995250 -0.075078 -0.061976
vn 0.995545 -0.086999 -0.036348
vn -0.995558 0.077502 0.053453
vn -0.979238 0.187557 0.076910
vn -0.976531 0.191750 0.098082
vn -0.992827 0.086672 0.082355
vn -0.865404 0.483824 0.130345
vn -0.866229 0.484750 0.121095
vn -0.851089 0.511002 0.120520
vn -0.853852 0.507801 0.114342
vn -0.422733 0.882879 0.204505
vn -0.016213 0.980431 0.196196
vn -0.013483 0.992532 0.121241
vn -0.383639 0.913718 0.133940
vn 0.996733 0.077277 -0.023467
vn 0.934009 0.357141 -0.008823
vn 0.937150 0.346584 0.040361
vn 0.997526 0.062566 0.032068
vn 0.934009 0.357141 -0.008823
vn 0.665282 0.746257 0.022395
vn 0.668605 0.741614 0.054559
vn 0.937150 0.346584 0.040361
vn 0.665282 0.746257 0.022395
vn 0.005125 0.999903 0.012976
vn 0.005640 0.998563 0.053286
vn 0.668605 0.741614 0.054559
vn 0.005705 -0.998448 -0.055396
vn 0.692561 -0.720609 -0.032887
vn 0.679630 -0.733375 0.016283
vn 0.005569 -0.999985 0.000391
vn 0.692561 -0.720609 -0.032887
vn 0.980459 -0.193938 -0.032986
vn 0.976247 -0.215816 0.019128
vn 0.679630 -0.733375 0.016283
vn 0.980459 -0.193938 -0.032986
vn 0.998595 -0.039689 -0.035104
vn 0.998713 -0.044726 0.023902
vn 0.976247 -0.215816 0.019128
vn -0.016213 0.980431 0.196196
vn 0.012739 0.981053 0.193322
vn 0.014806 0.992576 0.120725
vn -0.013483 0.992532 0.121241
vn -0.013325 -0.999888 -0.006767
vn 0.012446 -0.999902 -0.006425
vn 0.010905 -0.996309 0.085142
vn -0.013078 -0.996253 0.085494
vn 0.995977 -0.080515 0.039346
vn 0.995155 -0.076560 -0.061692
vn 0.996147 0.071453 -0.050858
vn 0.996756 0.065794 0.046360
vn -0.992827 0.086672 0.082355
vn -0.995313 -0.073066 0.063360
vn -0.995911 -0.079104 0.043628
vn -0.995558 0.077502 0.053453
vn -0.089297 -0.079036 -0.992864
vn -0.997732 -0.061327 -0.027733
vn -0.997510 0.060821 -0.035717
vn -0.124885 0.042226 -0.991272
vn -0.006923 -0.997369 -0.072156
vn 0.005705 -0.998448 -0.055396
vn 0.005569 -0.999985 0.000391
vn -0.005285 -0.999986 0.000099
vn 0.997526 0.062566 0.032068
vn 0.998713 -0.044726 0.023902
vn 0.998595 -0.039689 -0.035104
vn 0.996733 0.077277 -0.023467
vn -0.006108 0.998656 0.051474
vn 0.005640 0.998563 0.053286
vn 0.005125 0.999903 0.012976
vn -0.008840 0.999794 -0.018258
vn -0.091866 -0.719676 -0.688206
vn -0.006923 -0.997369 -0.072156
vn -0.005285 -0.999986 0.000099
vn -0.785180 -0.618957 -0.019628
vn -0.089297 -0.079036 -0.992864
vn -0.069068 -0.226198 -0.971630
vn -0.959709 -0.280085 -0.022584
vn -0.997732 -0.061327 -0.027733
vn -0.069068 -0.226198 -0.971630
vn -0.091866 -0.719676 -0.688206
vn -0.785180 -0.618957 -0.019628
vn -0.959709 -0.280085 -0.022584
vn -0.008840 0.999794 -0.018258
vn -0.097678 0.499392 -0.860852
vn -0.834902 0.550260 -0.012342
vn -0.006108 0.998656 0.051474
vn -0.097678 0.499392 -0.860852
vn -0.107971 0.273376 -0.955828
vn -0.964221 0.262578 -0.036490
vn -0.834902 0.550260 -0.012342
vn -0.107971 0.273376 -0.955828
vn -0.124885 0.042226 -0.991272
vn -0.997510 0.060821 -0.035717
vn -0.964221 0.262578 -0.036490
vn 0.012739 0.981053 0.193322
vn 0.635390 0.760152 0.135826
vn 0.643762 0.763040 0.057798
vn 0.014806 0.992576 0.120725
vn 0.635390 0.760152 0.135826
vn 0.825516 0.554546 0.104894
vn 0.827729 0.560393 0.028715
vn 0.643762 0.763040 0.057798
vn 0.987786 0.144730 0.057729
vn 0.996756 0.065794 0.046360
vn 0.996147 0.071453 -0.050858
vn 0.987093 0.156448 -0.034222
vn -0.013078 -0.996253 0.085494
vn -0.364578 -0.928281 0.073324
vn -0.365214 -0.930912 0.004666
vn -0.013325 -0.999888 -0.006767
vn -0.830481 -0.553977 0.058402
vn -0.830550 -0.554097 0.056250
vn -0.827395 -0.560299 0.038494
vn -0.827533 -0.560181 0.037234
vn -0.984112 -0.170556 0.049345
vn -0.995911 -0.079104 0.043628
vn -0.995313 -0.073066 0.063360
vn -0.982862 -0.176403 0.053526
vn 0.995977 -0.080515 0.039346
vn 0.985702 -0.161347 0.048568
vn 0.984028 -0.168691 -0.056852
vn 0.995155 -0.076560 -0.061692
vn 0.831725 -0.554445 0.028715
vn 0.831007 -0.555192 0.034496
vn 0.633037 -0.773479 -0.031543
vn 0.832261 -0.552741 -0.042661
vn 0.308846 -0.949491 0.055510
vn 0.010905 -0.996309 0.085142
vn 0.012446 -0.999902 -0.006425
vn 0.633037 -0.773479 -0.031543
vn -0.991232 0.055097 -0.120096
vn -0.997510 0.060821 -0.035717
vn -0.997732 -0.061327 -0.027733
vn -0.991096 -0.059969 -0.118881
vn -0.997102 0.059153 -0.047840
vn -0.980559 0.054769 -0.188428
vn -0.871666 -0.462871 -0.161086
vn -0.892406 -0.449647 -0.037812
vn -0.996289 0.059228 0.062459
vn -0.996536 0.063144 0.054126
vn -0.996744 -0.058444 0.055544
vn -0.996379 -0.057183 0.062924
vn -0.998137 0.059260 0.014490
vn -0.997102 0.059153 -0.047840
vn -0.892406 -0.449647 -0.037812
vn -0.888956 -0.457739 0.015229
vn -0.991096 -0.059969 -0.118881
vn -0.997732 -0.061327 -0.027733
vn -0.959709 -0.280085 -0.022584
vn -0.944793 -0.310988 -0.103213
vn -0.892406 -0.449647 -0.037812
vn -0.871666 -0.462871 -0.161086
vn -0.595067 -0.795463 -0.114603
vn -0.582559 -0.812290 -0.028450
vn -0.996379 -0.057183 0.062924
vn -0.996744 -0.058444 0.055544
vn -0.976179 -0.210190 0.053809
vn -0.975446 -0.212430 0.058127
vn -0.888956 -0.457739 0.015229
vn -0.892406 -0.449647 -0.037812
vn -0.582559 -0.812290 -0.028450
vn -0.575031 -0.818037 0.012461
vn -0.996783 0.066957 0.044054
vn -0.992827 0.086672 0.082355
vn -0.976531 0.191750 0.098082
vn -0.910109 0.409756 0.061655
vn -0.997306 0.059924 -0.042315
vn -0.996783 0.066957 0.044054
vn -0.910109 0.409756 0.061655
vn -0.910621 0.412370 -0.026857
vn -0.997781 0.054538 0.038203
vn -0.997611 0.055574 -0.041043
vn -0.909928 0.413848 -0.027600
vn -0.911362 0.410251 0.033371
vn -0.997611 0.055574 -0.041043
vn -0.997306 0.059924 -0.042315
vn -0.910621 0.412370 -0.026857
vn -0.909928 0.413848 -0.027600
vn -0.992827 0.086672 0.082355
vn -0.996783 0.066957 0.044054
vn -0.997029 -0.062996 0.044331
vn -0.995313 -0.073066 0.063360
vn -0.996783 0.066957 0.044054
vn -0.997306 0.059924 -0.042315
vn -0.996952 -0.065691 -0.042081
vn -0.997029 -0.062996 0.044331
vn -0.997306 0.059924 -0.042315
vn -0.997611 0.055574 -0.041043
vn -0.997248 -0.060338 -0.043076
vn -0.996952 -0.065691 -0.042081
vn -0.997611 0.055574 -0.041043
vn -0.997781 0.054538 0.038203
vn -0.997401 -0.061817 0.037016
vn -0.997248 -0.060338 -0.043076
vn -0.910109 0.409756 0.061655
vn -0.853852 0.507801 0.114342
vn -0.851089 0.511002 0.120520
vn -0.818011 0.571472 0.065400
vn -0.910621 0.412370 -0.026857
vn -0.910109 0.409756 0.061655
vn -0.818011 0.571472 0.065400
vn -0.813881 0.580736 -0.018550
vn -0.911362 0.410251 0.033371
vn -0.909928 0.413848 -0.027600
vn -0.816477 0.577108 -0.017655
vn -0.820230 0.571295 0.029068
vn -0.909928 0.413848 -0.027600
vn -0.910621 0.412370 -0.026857
vn -0.813881 0.580736 -0.018550
vn -0.816477 0.577108 -0.017655
vn -0.997510 0.060821 -0.035717
vn -0.991232 0.055097 -0.120096
vn -0.931318 0.343363 -0.121441
vn -0.964221 0.262578 -0.036490
vn -0.980559 0.054769 -0.188428
vn -0.997102 0.059153 -0.047840
vn -0.980269 0.190213 -0.053769
vn -0.960604 0.187287 -0.205336
vn -0.997102 0.059153 -0.047840
vn -0.998137 0.059260 0.014490
vn -0.981667 0.190088 0.014046
vn -0.980269 0.190213 -0.053769
vn -0.996536 0.063144 0.054126
vn -0.996289 0.059228 0.062459
vn -0.980476 0.187750 0.058449
vn -0.979979 0.192804 0.049685
vn -0.355402 0.932447 0.065053
vn -0.383639 0.913718 0.133940
vn -0.013483 0.992532 0.121241
vn -0.013625 0.998915 0.044526
vn -0.351987 0.935942 0.010889
vn -0.355402 0.932447 0.065053
vn -0.013625 0.998915 0.044526
vn -0.012870 0.999575 0.026159
vn -0.359115 0.933240 0.010018
vn -0.354021 0.935087 0.016763
vn -0.011954 0.999188 0.038466
vn -0.012593 0.999912 -0.004257
vn -0.354021 0.935087 0.016763
vn -0.351987 0.935942 0.010889
vn -0.012870 0.999575 0.026159
vn -0.011954 0.999188 0.038466
vn -0.964221 0.262578 -0.036490
vn -0.931318 0.343363 -0.121441
vn -0.704234 0.700453 -0.115849
vn -0.834902 0.550260 -0.012342
vn -0.751491 0.610282 -0.250633
vn -0.798234 0.597289 -0.077900
vn -0.799319 0.596546 -0.072261
vn -0.751491 0.610282 -0.250633
vn -0.798234 0.597289 -0.077900
vn -0.810797 0.585328 -0.000177
vn -0.810797 0.585328 -0.000177
vn -0.799319 0.596546 -0.072261
vn -0.806954 0.589896 0.029119
vn -0.814523 0.579089 0.034753
vn -0.814787 0.578705 0.034952
vn -0.806954 0.589896 0.029119
vn -0.013625 0.998915 0.044526
vn -0.013483 0.992532 0.121241
vn 0.014806 0.992576 0.120725
vn 0.012872 0.998857 0.046036
vn -0.012870 0.999575 0.026159
vn -0.013625 0.998915 0.044526
vn 0.012872 0.998857 0.046036
vn 0.010634 0.999556 0.027848
vn -0.012593 0.999912 -0.004257
vn -0.011954 0.999188 0.038466
vn 0.008590 0.999165 0.039940
vn 0.011373 0.999927 -0.003988
vn -0.011954 0.999188 0.038466
vn -0.012870 0.999575 0.026159
vn 0.010634 0.999556 0.027848
vn 0.008590 0.999165 0.039940
vn -0.834902 0.550260 -0.012342
vn -0.704234 0.700453 -0.115849
vn -0.005961 0.996577 -0.082452
vn -0.006108 0.998656 0.051474
vn -0.323936 0.901935 -0.285619
vn -0.342569 0.933527 -0.105709
vn -0.019181 0.996723 -0.078583
vn -0.019917 0.980250 -0.196759
vn -0.342569 0.933527 -0.105709
vn -0.347455 0.937539 -0.017180
vn -0.016550 0.999570 -0.024202
vn -0.019181 0.996723 -0.078583
vn -0.344154 0.938891 -0.006409
vn -0.352856 0.935613 -0.011022
vn -0.013390 0.999250 -0.036323
vn -0.013563 0.999554 -0.026612
vn 0.012872 0.998857 0.046036
vn 0.014806 0.992576 0.120725
vn 0.643762 0.763040 0.057798
vn 0.612602 0.790378 0.004564
vn 0.010634 0.999556 0.027848
vn 0.012872 0.998857 0.046036
vn 0.612602 0.790378 0.004564
vn 0.598242 0.798641 0.065412
vn 0.011373 0.999927 -0.003988
vn 0.008590 0.999165 0.039940
vn 0.215331 0.975356 0.048102
vn 0.301040 0.953071 -0.032111
vn 0.008590 0.999165 0.039940
vn 0.010634 0.999556 0.027848
vn 0.598242 0.798641 0.065412
vn 0.215331 0.975356 0.048102
vn -0.006108 0.998656 0.051474
vn -0.005961 0.996577 -0.082452
vn 0.005312 0.996803 -0.079726
vn 0.005640 0.998563 0.053286
vn -0.019917 0.980250 -0.196759
vn -0.019181 0.996723 -0.078583
vn 0.015519 0.996787 -0.078581
vn 0.012093 0.981672 -0.190194
vn -0.019181 0.996723 -0.078583
vn -0.016550 0.999570 -0.024202
vn 0.016099 0.999576 -0.024249
vn 0.015519 0.996787 -0.078581
vn -0.013563 0.999554 -0.026612
vn -0.013390 0.999250 -0.036323
vn 0.012841 0.999173 -0.038570
vn 0.011967 0.999535 -0.028048
vn 0.997099 0.064550 -0.040331
vn 0.996147 0.071453 -0.050858
vn 0.995155 -0.076560 -0.061692
vn 0.996873 -0.064886 -0.045104
vn 0.996814 0.061947 0.050241
vn 0.997099 0.064550 -0.040331
vn 0.996873 -0.064886 -0.045104
vn 0.997070 -0.061173 0.045935
vn 0.997865 0.053208 -0.037883
vn 0.997361 0.059657 0.041369
vn 0.996750 -0.069282 0.041099
vn 0.995545 -0.086999 -0.036348
vn 0.997361 0.059657 0.041369
vn 0.996814 0.061947 0.050241
vn 0.997070 -0.061173 0.045935
vn 0.996750 -0.069282 0.041099
vn 0.996873 -0.064886 -0.045104
vn 0.995155 -0.076560 -0.061692
vn 0.984028 -0.168691 -0.056852
vn 0.983283 -0.176435 -0.045010
vn 0.997070 -0.061173 0.045935
vn 0.996873 -0.064886 -0.045104
vn 0.983283 -0.176435 -0.045010
vn 0.980606 -0.191361 0.042330
vn 0.995545 -0.086999 -0.036348
vn 0.996750 -0.069282 0.041099
vn 0.963503 -0.264341 0.042255
vn 0.947070 -0.318902 -0.036868
vn 0.996750 -0.069282 0.041099
vn 0.997070 -0.061173 0.045935
vn 0.980606 -0.191361 0.042330
vn 0.963503 -0.264341 0.042255
vn 0.994824 0.058994 -0.082734
vn 0.997526 0.062566 0.032068
vn 0.937150 0.346584 0.040361
vn 0.923332 0.374790 -0.083612
vn 0.997291 0.068715 -0.026241
vn 0.991142 0.066627 -0.114888
vn 0.909624 0.399253 -0.114810
vn 0.909721 0.413856 -0.033636
vn 0.996332 0.056710 -0.064077
vn 0.996556 0.059540 -0.057712
vn 0.903950 0.423056 -0.062433
vn 0.908782 0.411640 -0.068323
vn 0.997419 0.069847 0.016640
vn 0.997291 0.068715 -0.026241
vn 0.909721 0.413856 -0.033636
vn 0.904820 0.425771 0.004544
vn 0.997526 0.062566 0.032068
vn 0.994824 0.058994 -0.082734
vn 0.995694 -0.051667 -0.076970
vn 0.998713 -0.044726 0.023902
vn 0.991142 0.066627 -0.114888
vn 0.997291 0.068715 -0.026241
vn 0.929065 -0.368029 -0.037320
vn 0.908085 -0.402397 -0.116007
vn 0.997291 0.068715 -0.026241
vn 0.997419 0.069847 0.016640
vn 0.935438 -0.353490 0.000395
vn 0.929065 -0.368029 -0.037320
vn 0.996556 0.059540 -0.057712
vn 0.996332 0.056710 -0.064077
vn 0.995250 -0.075078 -0.061976
vn 0.996511 -0.061886 -0.055996
vn 0.923332 0.374790 -0.083612
vn 0.937150 0.346584 0.040361
vn 0.668605 0.741614 0.054559
vn 0.634723 0.767209 -0.092288
vn 0.909721 0.413856 -0.033636
vn 0.909624 0.399253 -0.114810
vn 0.816866 0.566440 -0.108977
vn 0.814980 0.578465 -0.034437
vn 0.908782 0.411640 -0.068323
vn 0.903950 0.423056 -0.062433
vn 0.806362 0.588223 -0.061443
vn 0.813718 0.577279 -0.067914
vn 0.904820 0.425771 0.004544
vn 0.909721 0.413856 -0.033636
vn 0.814980 0.578465 -0.034437
vn 0.812667 0.582727 -0.001441
vn 0.996147 0.071453 -0.050858
vn 0.997099 0.064550 -0.040331
vn 0.908223 0.417759 -0.024678
vn 0.987093 0.156448 -0.034222
vn 0.997099 0.064550 -0.040331
vn 0.996814 0.061947 0.050241
vn 0.909843 0.410007 0.063874
vn 0.908223 0.417759 -0.024678
vn 0.996814 0.061947 0.050241
vn 0.997361 0.059657 0.041369
vn 0.913783 0.403126 0.049895
vn 0.909843 0.410007 0.063874
vn 0.997361 0.059657 0.041369
vn 0.997865 0.053208 -0.037883
vn 0.917051 0.396259 -0.044682
vn 0.913783 0.403126 0.049895
vn 0.005640 0.998563 0.053286
vn 0.005312 0.996803 -0.079726
vn 0.634723 0.767209 -0.092288
vn 0.668605 0.741614 0.054559
vn 0.012093 0.981672 -0.190194
vn 0.015519 0.996787 -0.078581
vn 0.358597 0.931743 -0.057120
vn 0.373569 0.917563 -0.136103
vn 0.015519 0.996787 -0.078581
vn 0.016099 0.999576 -0.024249
vn 0.350323 0.936457 -0.017975
vn 0.358597 0.931743 -0.057120
vn 0.011967 0.999535 -0.028048
vn 0.012841 0.999173 -0.038570
vn 0.352126 0.934300 -0.055588
vn 0.344115 0.937844 -0.045106
vn 0.827729 0.560393 0.028715
vn 0.908223 0.417759 -0.024678
vn 0.612602 0.790378 0.004564
vn 0.643762 0.763040 0.057798
vn 0.908223 0.417759 -0.024678
vn 0.909843 0.410007 0.063874
vn 0.598242 0.798641 0.065412
vn 0.612602 0.790378 0.004564
vn 0.909843 0.410007 0.063874
vn 0.913783 0.403126 0.049895
vn 0.825509 0.562044 0.051387
vn 0.598242 0.798641 0.065412
vn 0.913783 0.403126 0.049895
vn 0.917051 0.396259 -0.044682
vn 0.825056 0.563116 -0.046715
vn 0.825509 0.562044 0.051387
vn -0.944793 -0.310988 -0.103213
vn -0.959709 -0.280085 -0.022584
vn -0.785180 -0.618957 -0.019628
vn -0.755328 -0.650660 -0.078239
vn -0.868047 -0.495420 -0.032467
vn -0.854715 -0.505381 -0.118544
vn -0.854715 -0.505381 -0.118544
vn -0.868500 -0.494869 -0.028492
vn -0.838407 -0.543439 0.041819
vn -0.828880 -0.557691 0.044032
vn -0.828880 -0.557690 0.044032
vn -0.838685 -0.543014 0.041753
vn -0.872150 -0.489140 0.009868
vn -0.868047 -0.495420 -0.032467
vn -0.868500 -0.494869 -0.028492
vn -0.872150 -0.489139 0.009868
vn -0.995313 -0.073066 0.063360
vn -0.997029 -0.062996 0.044331
vn -0.979628 -0.194310 0.050730
vn -0.982862 -0.176403 0.053526
vn -0.997029 -0.062996 0.044331
vn -0.996952 -0.065691 -0.042081
vn -0.978623 -0.202200 -0.037590
vn -0.979628 -0.194310 0.050730
vn -0.996952 -0.065691 -0.042081
vn -0.997248 -0.060338 -0.043076
vn -0.977759 -0.205533 -0.041760
vn -0.978623 -0.202200 -0.037590
vn -0.997248 -0.060338 -0.043076
vn -0.997401 -0.061817 0.037016
vn -0.976940 -0.210613 0.035067
vn -0.977759 -0.205533 -0.041760
vn -0.755328 -0.650660 -0.078239
vn -0.785180 -0.618957 -0.019628
vn -0.005285 -0.999986 0.000099
vn -0.005726 -0.999579 -0.028440
vn -0.989373 -0.143249 -0.024916
vn -0.996241 -0.036982 -0.078334
vn -0.022832 -0.999312 0.029214
vn -0.020584 -0.999525 0.022951
vn -0.349844 -0.936792 -0.005409
vn -0.339896 -0.940268 0.019164
vn -0.011805 -0.999930 0.000673
vn -0.010480 -0.999785 -0.017886
vn -0.971781 -0.234833 0.022255
vn -0.989373 -0.143249 -0.024916
vn -0.020584 -0.999525 0.022951
vn -0.022467 -0.999557 0.019514
vn -0.827395 -0.560299 0.038494
vn -0.829497 -0.556987 0.041231
vn -0.829352 -0.557129 0.042228
vn -0.827533 -0.560181 0.037234
vn -0.829497 -0.556987 0.041231
vn -0.829519 -0.557871 -0.026055
vn -0.829470 -0.557920 -0.026558
vn -0.829352 -0.557129 0.042228
vn -0.829519 -0.557871 -0.026055
vn -0.832002 -0.554144 -0.026412
vn -0.832090 -0.554039 -0.025841
vn -0.829470 -0.557920 -0.026558
vn -0.832002 -0.554144 -0.026412
vn -0.841728 -0.539036 0.030551
vn -0.841670 -0.539139 0.030341
vn -0.832090 -0.554039 -0.025841
vn -0.005726 -0.999579 -0.028440
vn -0.005285 -0.999986 0.000099
vn 0.005569 -0.999985 0.000391
vn 0.005178 -0.999608 -0.027506
vn -0.020584 -0.999525 0.022951
vn -0.022832 -0.999312 0.029214
vn 0.024669 -0.998905 0.039762
vn 0.015676 -0.999541 0.025931
vn -0.010480 -0.999785 -0.017886
vn -0.011805 -0.999930 0.000673
vn 0.013632 -0.999907 -0.000612
vn 0.015647 -0.999684 -0.019696
vn -0.022467 -0.999557 0.019514
vn -0.020584 -0.999525 0.022951
vn 0.015676 -0.999541 0.025931
vn 0.015812 -0.999704 0.018507
vn -0.365214 -0.930912 0.004666
vn -0.386731 -0.921280 0.041013
vn -0.015858 -0.999622 0.022475
vn -0.013325 -0.999888 -0.006767
vn -0.386731 -0.921280 0.041013
vn -0.392313 -0.919829 -0.002298
vn -0.014229 -0.999809 0.013395
vn -0.015858 -0.999622 0.022475
vn -0.392313 -0.919829 -0.002298
vn -0.373381 -0.927678 -0.000997
vn -0.011423 -0.999886 0.009874
vn -0.014229 -0.999809 0.013395
vn -0.373381 -0.927678 -0.000997
vn -0.356880 -0.934057 0.013177
vn -0.009177 -0.999947 -0.004638
vn -0.011423 -0.999886 0.009874
vn 0.005178 -0.999608 -0.027506
vn 0.005569 -0.999985 0.000391
vn 0.679630 -0.733375 0.016283
vn 0.637382 -0.769365 -0.042672
vn 0.015676 -0.999541 0.025931
vn 0.024669 -0.998905 0.039762
vn 0.952217 -0.229893 0.201080
vn 0.878529 -0.476734 0.030185
vn 0.015647 -0.999684 -0.019696
vn 0.013632 -0.999907 -0.000612
vn 0.539324 -0.841698 -0.025972
vn 0.626684 -0.778420 -0.036451
vn 0.015812 -0.999704 0.018507
vn 0.015676 -0.999541 0.025931
vn 0.878529 -0.476734 0.030185
vn 0.819209 -0.570520 -0.058343
vn -0.013325 -0.999888 -0.006767
vn -0.015858 -0.999622 0.022475
vn 0.011874 -0.999768 0.017983
vn 0.012446 -0.999902 -0.006425
vn -0.015858 -0.999622 0.022475
vn -0.014229 -0.999809 0.013395
vn 0.015260 -0.999798 0.013068
vn 0.011874 -0.999768 0.017983
vn -0.014229 -0.999809 0.013395
vn -0.011423 -0.999886 0.009874
vn 0.019616 -0.999738 0.011837
vn 0.015260 -0.999798 0.013068
vn -0.011423 -0.999886 0.009874
vn -0.009177 -0.999947 -0.004638
vn 0.018884 -0.999812 -0.004299
vn 0.019616 -0.999738 0.011837
vn 0.637382 -0.769365 -0.042672
vn 0.679630 -0.733375 0.016283
vn 0.976247 -0.215816 0.019128
vn 0.957578 -0.282480 -0.057002
vn 0.878529 -0.476734 0.030185
vn 0.952217 -0.229893 0.201080
vn 0.965502 -0.220165 0.139043
vn 0.892638 -0.450759 -0.003639
vn 0.626684 -0.778420 -0.036451
vn 0.539324 -0.841698 -0.025972
vn 0.814494 -0.578733 -0.040834
vn 0.831230 -0.554196 -0.043856
vn 0.819209 -0.570520 -0.058343
vn 0.878529 -0.476734 0.030185
vn 0.892638 -0.450759 -0.003639
vn 0.833783 -0.547505 -0.071024
vn 0.012446 -0.999902 -0.006425
vn 0.011874 -0.999768 0.017983
vn 0.613041 -0.789437 -0.031163
vn 0.633037 -0.773479 -0.031543
vn 0.011874 -0.999768 0.017983
vn 0.015260 -0.999798 0.013068
vn 0.620307 -0.783950 0.025327
vn 0.613041 -0.789437 -0.031163
vn 0.015260 -0.999798 0.013068
vn 0.019616 -0.999738 0.011837
vn 0.654756 -0.755379 0.026387
vn 0.620307 -0.783950 0.025327
vn 0.019616 -0.999738 0.011837
vn 0.018884 -0.999812 -0.004299
vn 0.655121 -0.755246 -0.020499
vn 0.654756 -0.755379 0.026387
vn 0.998713 -0.044726 0.023902
vn 0.995694 -0.051667 -0.076970
vn 0.957578 -0.282480 -0.057002
vn 0.976247 -0.215816 0.019128
vn 0.908085 -0.402397 -0.116007
vn 0.929065 -0.368029 -0.037320
vn 0.688023 -0.723841 -0.051750
vn 0.667571 -0.737937 -0.098984
vn 0.929065 -0.368029 -0.037320
vn 0.935438 -0.353490 0.000395
vn 0.699999 -0.713815 -0.021663
vn 0.688023 -0.723841 -0.051750
vn 0.996511 -0.061886 -0.055996
vn 0.995250 -0.075078 -0.061976
vn 0.963680 -0.260941 -0.056834
vn 0.979417 -0.194205 -0.055017
vn 0.633037 -0.773479 -0.031543
vn 0.613041 -0.789437 -0.031163
vn 0.817142 -0.574820 -0.043147
vn 0.832261 -0.552741 -0.042661
vn 0.613041 -0.789437 -0.031163
vn 0.620307 -0.783950 0.025327
vn 0.802785 -0.595489 0.030469
vn 0.817142 -0.574820 -0.043147
vn 0.620307 -0.783950 0.025327
vn 0.654756 -0.755379 0.026387
vn 0.814210 -0.579986 0.026036
vn 0.802785 -0.595489 0.030469
vn 0.654756 -0.755379 0.026387
vn 0.655121 -0.755246 -0.020499
vn 0.838508 -0.544208 -0.027239
vn 0.814210 -0.579986 0.026036
vn 0.005312 0.996803 -0.079726
vn -0.005961 0.996577 -0.082452
vn -0.006179 0.969685 -0.244280
vn 0.006139 0.969577 -0.244709
vn 0.994824 0.058994 -0.082734
vn 0.923332 0.374790 -0.083612
vn 0.883019 0.372919 -0.284973
vn 0.954714 0.049320 -0.293408
vn 0.995694 -0.051667 -0.076970
vn 0.994824 0.058994 -0.082734
vn 0.954714 0.049320 -0.293408
vn 0.954826 -0.058573 -0.291335
vn 0.923332 0.374790 -0.083612
vn 0.634723 0.767209 -0.092288
vn 0.607222 0.746044 -0.273312
vn 0.883019 0.372919 -0.284973
vn 0.634723 0.767209 -0.092288
vn 0.005312 0.996803 -0.079726
vn 0.006139 0.969577 -0.244709
vn 0.607222 0.746044 -0.273312
vn -0.005726 -0.999579 -0.028440
vn 0.005178 -0.999608 -0.027506
vn 0.006504 -0.996539 -0.082867
vn -0.006464 -0.996583 -0.082349
vn 0.005178 -0.999608 -0.027506
vn 0.637382 -0.769365 -0.042672
vn 0.634712 -0.756715 -0.156598
vn 0.006504 -0.996539 -0.082867
vn 0.637382 -0.769365 -0.042672
vn 0.957578 -0.282480 -0.057002
vn 0.922470 -0.287143 -0.258066
vn 0.634712 -0.756715 -0.156598
vn 0.957578 -0.282480 -0.057002
vn 0.995694 -0.051667 -0.076970
vn 0.954826 -0.058573 -0.291335
vn 0.922470 -0.287143 -0.258066
vn -0.173270 0.001023 -0.984874
vn -0.184908 -0.070422 -0.980229
vn -0.179739 -0.043924 -0.982733
vn -0.173292 0.000270 -0.984870
vn -0.184908 -0.070422 -0.980229
vn -0.234388 -0.198582 -0.951645
vn -0.237821 -0.199914 -0.950513
vn -0.179739 -0.043924 -0.982733
vn -0.158804 0.084070 -0.983724
vn -0.173270 0.001023 -0.984874
vn -0.173292 0.000270 -0.984870
vn -0.161224 0.074174 -0.984127
vn -0.108649 0.196862 -0.974393
vn -0.158804 0.084070 -0.983724
vn -0.161224 0.074174 -0.984127
vn -0.122539 0.174084 -0.977077
vn -0.002918 0.272478 -0.962158
vn -0.108649 0.196862 -0.974393
vn -0.122539 0.174084 -0.977077
vn -0.004445 0.272123 -0.962252
vn 0.005783 0.273267 -0.961921
vn -0.002918 0.272478 -0.962158
vn -0.004445 0.272123 -0.962252
vn 0.001857 0.273051 -0.961998
vn 0.460616 0.016247 -0.887451
vn 0.391848 0.132743 -0.910404
vn 0.370873 0.155707 -0.915537
vn 0.459077 0.022491 -0.888112
vn 0.521197 -0.153274 -0.839560
vn 0.460616 0.016247 -0.887451
vn 0.459077 0.022491 -0.888112
vn 0.510079 -0.121558 -0.851495
vn 0.391848 0.132743 -0.910404
vn 0.233252 0.241496 -0.941952
vn 0.206486 0.252090 -0.945417
vn 0.370873 0.155707 -0.915537
vn 0.233252 0.241496 -0.941952
vn 0.005783 0.273267 -0.961921
vn 0.001857 0.273051 -0.961998
vn 0.206486 0.252090 -0.945417
vn -0.234388 -0.198582 -0.951645
vn -0.271997 -0.198884 -0.941522
vn -0.252436 -0.171182 -0.952351
vn -0.237821 -0.199914 -0.950513
vn -0.271997 -0.198884 -0.941522
vn -0.001616 -0.215508 -0.976501
vn -0.000244 -0.215848 -0.976427
vn -0.252436 -0.171182 -0.952351
vn -0.001616 -0.215508 -0.976501
vn 0.003494 -0.215533 -0.976490
vn 0.002824 -0.215659 -0.976465
vn -0.000244 -0.215848 -0.976427
vn 0.003494 -0.215533 -0.976490
vn 0.660652 -0.138741 -0.737760
vn 0.303506 -0.161681 -0.939012
vn 0.002824 -0.215659 -0.976465
vn 0.660652 -0.138741 -0.737760
vn 0.645755 -0.367744 -0.669152
vn 0.868014 -0.198707 -0.455047
vn 0.303506 -0.161681 -0.939012
vn 0.645755 -0.367744 -0.669152
vn 0.521197 -0.153274 -0.839560
vn 0.510079 -0.121558 -0.851495
vn 0.868014 -0.198707 -0.455047
vn -0.002250 0.039932 0.999200
vn -0.002014 0.038290 0.999265
vn -0.002013 0.038298 0.999264
vn -0.001895 0.041558 0.999134
vn -0.009372 0.042962 0.999033
vn -0.002250 0.039932 0.999200
vn -0.001895 0.041558 0.999134
vn 0.007237 -0.002353 -0.999971
vn -0.002014 0.038290 0.999265
vn -0.003018 0.031862 0.999488
vn -0.003017 0.031851 0.999488
vn -0.002013 0.038298 0.999264
vn -0.003018 0.031862 0.999488
vn 0.002113 0.037240 0.999304
vn 0.002087 0.037226 0.999305
vn -0.003017 0.031851 0.999488
vn 0.002113 0.037240 0.999304
vn 0.000763 0.036736 0.999325
vn 0.000764 0.036737 0.999325
vn 0.002087 0.037226 0.999305
vn 0.000763 0.036736 0.999325
vn 0.001118 0.036286 0.999341
vn 0.001120 0.036284 0.999341
vn 0.000764 0.036737 0.999325
vn 0.008596 0.024172 0.999671
vn 0.002096 0.037909 0.999279
vn 0.002095 0.037919 0.999279
vn 0.008574 0.024183 0.999671
vn 0.002096 0.037909 0.999279
vn 0.002348 0.038942 0.999239
vn 0.002091 0.040231 0.999188
vn 0.002095 0.037919 0.999279
vn 0.014331 0.025840 0.999563
vn 0.008596 0.024172 0.999671
vn 0.008574 0.024183 0.999671
vn 0.014321 0.025818 0.999564
vn 0.001118 0.036286 0.999341
vn 0.014331 0.025840 0.999563
vn 0.014321 0.025818 0.999564
vn 0.001120 0.036284 0.999341
vn 0.013882 -0.006138 -0.999885
vn -0.009372 0.042962 0.999033
vn 0.007237 -0.002353 -0.999971
vn 0.201907 -0.107271 0.973513
vn 0.023823 0.093838 0.995302
vn 0.013882 -0.006138 -0.999885
vn 0.201907 -0.107271 0.973513
vn 0.022972 0.095139 0.995199
vn 0.015998 0.106235 0.994212
vn 0.023823 0.093838 0.995302
vn 0.022972 0.095139 0.995199
vn 0.017255 0.104234 0.994403
vn -0.688771 0.431530 0.582560
vn 0.015998 0.106235 0.994212
vn 0.017255 0.104234 0.994403
vn -0.389296 0.456343 0.800125
vn -0.233621 0.125255 0.964226
vn -0.688771 0.431530 0.582560
vn -0.389296 0.456343 0.800125
vn -0.789573 0.352220 0.502510
vn 0.002348 0.038942 0.999239
vn -0.233621 0.125255 0.964226
vn -0.789573 0.352220 0.502510
vn 0.002091 0.040231 0.999188
vn -0.991232 0.055097 -0.120096
vn -0.991096 -0.059969 -0.118881
vn -0.973143 -0.060902 -0.222001
vn -0.974555 0.046729 -0.219223
vn -0.991096 -0.059969 -0.118881
vn -0.944793 -0.310988 -0.103213
vn -0.912958 -0.355381 -0.200530
vn -0.973143 -0.060902 -0.222001
vn -0.931318 0.343363 -0.121441
vn -0.991232 0.055097 -0.120096
vn -0.974555 0.046729 -0.219223
vn -0.898853 0.380810 -0.216903
vn -0.704234 0.700453 -0.115849
vn -0.931318 0.343363 -0.121441
vn -0.898853 0.380810 -0.216903
vn -0.617646 0.752964 -0.227067
vn -0.005961 0.996577 -0.082452
vn -0.704234 0.700453 -0.115849
vn -0.617646 0.752964 -0.227067
vn -0.006179 0.969685 -0.244280
vn -0.944793 -0.310988 -0.103213
vn -0.755328 -0.650660 -0.078239
vn -0.706216 -0.692858 -0.145623
vn -0.912958 -0.355381 -0.200530
vn -0.755328 -0.650660 -0.078239
vn -0.005726 -0.999579 -0.028440
vn -0.006464 -0.996583 -0.082349
vn -0.706216 -0.692858 -0.145623
s off
g Nut1:bed Nut1:Nut Nut1:blanketOBJ_UV1
usemtl lambert34SG
f 467/634/1545 468/635/1546 469/636/1547 470/637/1548
f 468/635/1549 471/638/1550 472/639/1551 469/636/1552
f 471/638/1553 473/640/1554 474/641/1555 472/639/1556
f 475/642/1557 476/643/1558 477/644/1559 478/645/1560
f 476/643/1561 479/646/1562 480/647/1563 477/644/1564
f 479/646/1565 467/634/1566 481/648/1567 480/647/1568
f 470/637/1569 482/649/1570 483/650/1571 484/651/1572
f 482/649/1573 485/652/1574 486/653/1575 483/650/1576
f 485/652/1577 487/654/1578 488/655/1579 486/653/1580
f 489/656/1581 490/657/1582 491/658/1583 492/659/1584
f 490/657/1585 493/660/1586 494/661/1587 491/658/1588
f 493/660/1589 481/648/1590 484/651/1591 494/661/1592
f 406/662/1593 405/663/1594 413/664/1595 412/665/1596
f 405/663/1597 404/666/1598 414/667/1599 413/664/1600
f 404/666/1601 403/668/1602 415/669/1603 414/667/1604
f 412/665/1605 411/670/1606 426/671/1607 425/672/1608
f 411/670/1609 410/673/1610 427/674/1611 426/671/1612
f 410/673/1613 409/675/1614 428/676/1615 427/674/1616
f 419/677/1617 418/678/1618 423/679/1619 422/680/1620
f 418/678/1621 417/681/1622 424/682/1623 423/679/1624
f 417/681/1625 416/683/1626 425/672/1627 424/682/1628
f 467/634/1629 470/637/1630 484/651/1631 481/648/1632
f 406/662/1633 412/665/1634 425/672/1635 416/683/1636
f 476/643/1637 475/642/1638 495/684/1639 496/685/1640
f 496/685/1641 495/684/1642 497/686/1643 498/687/1644
f 497/686/1645 473/640/1646 471/638/1647 498/687/1648
f 498/687/1649 471/638/1650 468/635/1651 499/688/1652
f 468/635/1653 467/634/1654 479/646/1655 499/688/1656
f 499/688/1657 479/646/1658 476/643/1659 496/685/1660
f 496/685/1661 498/687/1662 499/688/1663
f 472/639/1664 474/641/1665 500/689/1666 501/690/1667
f 501/690/1668 500/689/1669 502/691/1670 503/692/1671
f 502/691/1672 487/654/1673 485/652/1674 503/692/1675
f 503/692/1676 485/652/1677 482/649/1678 504/693/1679
f 482/649/1680 470/637/1681 469/636/1682 504/693/1683
f 504/693/1684 469/636/1685 472/639/1686 501/690/1687
f 501/690/1688 503/692/1689 504/693/1690
f 490/657/1691 489/656/1692 505/694/1693 506/695/1694
f 506/695/1695 505/694/1696 507/696/1697 508/697/1698
f 507/696/1699 478/645/1700 477/644/1701 508/697/1702
f 508/697/1703 477/644/1704 480/647/1705 509/698/1706
f 480/647/1707 481/648/1708 493/660/1709 509/698/1710
f 509/698/1711 493/660/1712 490/657/1713 506/695/1714
f 506/695/1715 508/697/1716 509/698/1717
f 486/653/1718 488/655/1719 510/699/1720 511/700/1721
f 511/700/1722 510/699/1723 512/701/1724 513/702/1725
f 512/701/1726 492/659/1727 491/658/1728 513/702/1729
f 513/702/1730 491/658/1731 494/661/1732 514/703/1733
f 494/661/1734 484/651/1735 483/650/1736 514/703/1737
f 514/703/1738 483/650/1739 486/653/1740 511/700/1741
f 511/700/1742 513/702/1743 514/703/1744
f 414/667/1745 415/669/1746 407/704/1747 429/705/1748
f 429/705/1749 407/704/1750 408/706/1751 430/707/1752
f 408/706/1753 409/675/1754 410/673/1755 430/707/1756
f 430/707/1757 410/673/1758 411/670/1759 431/708/1760
f 411/670/1761 412/665/1762 413/664/1763 431/708/1764
f 431/708/1765 413/664/1766 414/667/1767 429/705/1768
f 429/705/1769 430/707/1770 431/708/1771
f 427/674/1772 428/676/1773 420/709/1774 432/710/1775
f 432/710/1776 420/709/1777 421/711/1778 433/712/1779
f 421/711/1780 422/680/1781 423/679/1782 433/712/1783
f 433/712/1784 423/679/1785 424/682/1786 434/713/1787
f 424/682/1788 425/672/1789 426/671/1790 434/713/1791
f 434/713/1792 426/671/1793 427/674/1794 432/710/1795
f 432/710/1796 433/712/1797 434/713/1798
f 515/714/1799 516/715/1800 517/716/1801 518/717/1802
f 516/715/1803 515/714/1804 519/718/1805 520/719/1806
f 520/719/1807 519/718/1808 521/720/1809 522/721/1810
f 522/721/1811 521/720/1812 523/722/1813 524/723/1814
f 524/723/1815 523/722/1816 525/724/1817 526/725/1818
f 527/726/1819 528/727/1820 529/728/1821 530/729/1822
f 528/727/1823 527/726/1824 531/730/1825 532/731/1826
f 532/731/1827 531/730/1828 533/732/1829 534/733/1830
f 534/733/1831 533/732/1832 526/725/1833 525/724/1834
f 518/717/1835 517/716/1836 535/734/1837 536/735/1838
f 536/735/1839 535/734/1840 537/736/1841 538/737/1842
f 538/737/1843 537/736/1844 539/738/1845 540/739/1846
f 540/740/1847 539/741/1848 541/742/1849 542/743/1850
f 542/743/1851 541/742/1852 543/744/1853 544/745/1854
f 544/745/1855 543/744/1856 545/746/1857 546/747/1858
f 546/747/1859 545/746/1860 530/729/1861 529/728/1862
f 478/748/1863 507/749/1864 547/750/1865 548/751/1866
f 507/749/1867 505/752/1868 549/753/1869 547/750/1870
f 505/752/1871 489/754/1872 550/755/1873 549/753/1874
f 409/756/1875 408/757/1876 452/758/1877 448/759/1878
f 408/757/1879 407/760/1880 454/761/1881 452/758/1882
f 407/760/1883 415/762/1884 446/763/1885 454/761/1886
f 422/764/1887 421/765/1888 464/766/1889 462/767/1890
f 421/765/1891 420/768/1892 466/769/1893 464/766/1894
f 420/768/1895 428/770/1896 450/771/1897 466/769/1898
f 489/754/1899 492/772/1900 551/773/1901 550/755/1902
f 553/774/1903 552/775/1904 474/776/1905 473/777/1906
f 487/778/1907 554/779/1908 555/780/1909 488/781/1910
f 548/751/1911 556/782/1912 475/783/1913 478/748/1914
f 416/784/1915 438/785/1916 436/786/1917 406/787/1918
f 419/788/1919 422/764/1920 462/767/1921 460/789/1922
f 448/759/1923 450/771/1924 428/770/1925 409/756/1926
f 444/790/1927 446/763/1928 415/762/1929 403/791/1930
f 418/792/1931 419/793/1932 460/794/1933 458/795/1934
f 416/784/1935 417/796/1936 456/797/1937 438/785/1938
f 417/796/1939 418/792/1940 458/795/1941 456/797/1942
f 403/791/1943 404/798/1944 442/799/1945 444/790/1946
f 404/798/1947 405/800/1948 440/801/1949 442/799/1950
f 405/800/1951 406/787/1952 436/786/1953 440/801/1954
f 492/772/1955 512/802/1956 557/803/1957 551/773/1958
f 512/802/1959 510/804/1960 558/805/1961 557/803/1962
f 510/804/1963 488/781/1964 555/780/1965 558/805/1966
f 473/806/1967 497/807/1968 559/808/1969 553/809/1970
f 497/807/1971 495/810/1972 560/811/1973 559/808/1974
f 495/810/1975 475/783/1976 556/782/1977 560/811/1978
f 487/778/1979 502/812/1980 561/813/1981 554/779/1982
f 502/812/1983 500/814/1984 562/815/1985 561/813/1986
f 500/814/1987 474/776/1988 552/775/1989 562/815/1990
f 435/816/1991 436/786/1992 438/785/1993 437/817/1994
f 628/818/1995 627/819/1996 629/820/1997 630/821/1998
f 516/715/1999 563/822/2000 564/823/2001 517/716/2002
f 631/824/2003 628/818/2004 630/821/2005 632/825/2006
f 437/817/2007 438/785/2008 456/797/2009 455/826/2010
f 630/821/2011 629/820/2012 633/827/2013 634/828/2014
f 517/716/2015 564/823/2016 565/829/2017 535/734/2018
f 632/825/2019 630/821/2020 634/828/2021 635/830/2022
f 566/831/2023 548/751/2024 547/750/2025 567/832/2026
f 568/833/2027 566/831/2028 567/832/2029 569/834/2030
f 515/714/2031 570/835/2032 571/836/2033 519/718/2034
f 570/835/2035 568/833/2036 569/834/2037 571/836/2038
f 548/751/2039 566/831/2040 572/837/2041 556/782/2042
f 566/831/2043 568/833/2044 573/838/2045 572/837/2046
f 568/833/2047 570/835/2048 574/839/2049 573/838/2050
f 570/835/2051 515/714/2052 518/717/2053 574/839/2054
f 567/832/2055 547/750/2056 549/753/2057 575/840/2058
f 569/834/2059 567/832/2060 575/840/2061 576/841/2062
f 519/718/2063 571/836/2064 577/842/2065 521/720/2066
f 571/836/2067 569/834/2068 576/841/2069 577/842/2070
f 436/786/2071 435/816/2072 439/843/2073 440/801/2074
f 627/819/2075 628/818/2076 636/844/2077 637/845/2078
f 628/818/2079 631/824/2080 638/846/2081 636/844/2082
f 563/822/2083 516/715/2084 520/719/2085 578/847/2086
f 575/840/2087 549/753/2088 550/755/2089 579/848/2090
f 576/841/2091 575/840/2092 579/848/2093 580/849/2094
f 521/720/2095 577/842/2096 581/850/2097 523/722/2098
f 577/842/2099 576/841/2100 580/849/2101 581/850/2102
f 440/801/2103 439/843/2104 441/851/2105 442/799/2106
f 637/845/2107 636/844/2108 639/852/2109 640/853/2110
f 636/844/2111 638/846/2112 641/854/2113 639/852/2114
f 578/847/2115 520/719/2116 522/721/2117 582/855/2118
f 579/848/2119 550/755/2120 551/773/2121 583/856/2122
f 580/849/2123 579/848/2124 583/856/2125 584/857/2126
f 523/722/2127 581/850/2128 585/858/2129 525/724/2130
f 581/850/2131 580/849/2132 584/857/2133 585/858/2134
f 442/799/2135 441/851/2136 443/859/2137 444/790/2138
f 640/853/2139 639/852/2140 642/860/2141 643/861/2142
f 639/852/2143 641/854/2144 644/862/2145 642/860/2146
f 582/855/2147 522/721/2148 524/723/2149 586/863/2150
f 583/856/2151 551/773/2152 557/803/2153 587/864/2154
f 584/857/2155 583/856/2156 587/864/2157 588/865/2158
f 525/724/2159 585/858/2160 589/866/2161 534/733/2162
f 585/858/2163 584/857/2164 588/865/2165 589/866/2166
f 444/790/2167 443/859/2168 445/867/2169 446/763/2170
f 643/861/2171 642/860/2172 645/868/2173 646/869/2174
f 642/860/2175 644/862/2176 647/870/2177 645/868/2178
f 586/863/2179 524/723/2180 526/725/2181 590/871/2182
f 591/872/2183 555/780/2184 554/779/2185 592/873/2186
f 593/874/2187 591/872/2188 592/873/2189 594/875/2190
f 528/727/2191 595/876/2192 596/877/2193 529/728/2194
f 595/876/2195 593/874/2196 594/875/2197 596/877/2198
f 592/873/2199 554/779/2200 561/813/2201 597/878/2202
f 594/875/2203 592/873/2204 597/878/2205 598/879/2206
f 529/728/2207 596/877/2208 599/880/2209 546/747/2210
f 596/877/2211 594/875/2212 598/879/2213 599/880/2214
f 447/881/2215 448/759/2216 452/758/2217 451/882/2218
f 649/883/2219 648/884/2220 650/885/2221 651/886/2222
f 527/726/2223 600/887/2224 601/888/2225 531/730/2226
f 652/889/2227 649/883/2228 651/886/2229 653/890/2230
f 448/759/2231 447/881/2232 449/891/2233 450/771/2234
f 648/884/2235 649/883/2236 654/892/2237 655/893/2238
f 649/883/2239 652/889/2240 656/894/2241 654/892/2242
f 600/887/2243 527/726/2244 530/729/2245 602/895/2246
f 451/882/2247 452/758/2248 454/761/2249 453/896/2250
f 651/886/2251 650/885/2252 657/897/2253 658/898/2254
f 531/730/2255 601/888/2256 603/899/2257 533/732/2258
f 653/890/2259 651/886/2260 658/898/2261 659/900/2262
f 555/780/2263 591/872/2264 604/901/2265 558/805/2266
f 591/872/2267 593/874/2268 605/902/2269 604/901/2270
f 593/874/2271 595/876/2272 606/903/2273 605/902/2274
f 595/876/2275 528/727/2276 532/731/2277 606/903/2278
f 446/763/2279 445/867/2280 453/896/2281 454/761/2282
f 646/869/2283 645/868/2284 658/898/2285 657/897/2286
f 645/868/2287 647/870/2288 659/900/2289 658/898/2290
f 590/871/2291 526/725/2292 533/732/2293 603/899/2294
f 558/805/2295 604/901/2296 587/864/2297 557/803/2298
f 604/901/2299 605/902/2300 588/865/2301 587/864/2302
f 605/902/2303 606/903/2304 589/866/2305 588/865/2306
f 606/903/2307 532/731/2308 534/733/2309 589/866/2310
f 455/826/2311 456/797/2312 458/795/2313 457/904/2314
f 634/828/2315 633/827/2316 660/905/2317 661/906/2318
f 535/734/2319 565/829/2320 607/907/2321 537/736/2322
f 635/830/2323 634/828/2324 661/906/2325 662/908/2326
f 556/782/2327 572/837/2328 608/909/2329 560/811/2330
f 572/837/2331 573/838/2332 609/910/2333 608/909/2334
f 573/838/2335 574/839/2336 610/911/2337 609/910/2338
f 574/839/2339 518/717/2340 536/735/2341 610/911/2342
f 457/904/2343 458/795/2344 460/794/2345 459/912/2346
f 661/906/2347 660/905/2348 663/913/2349 664/914/2350
f 537/736/2351 607/907/2352 611/915/2353 539/738/2354
f 662/908/2355 661/906/2356 664/914/2357 665/916/2358
f 560/811/2359 608/909/2360 612/917/2361 559/808/2362
f 608/909/2363 609/910/2364 613/918/2365 612/917/2366
f 609/910/2367 610/911/2368 614/919/2369 613/918/2370
f 610/911/2371 536/735/2372 538/737/2373 614/919/2374
f 459/920/2375 460/789/2376 462/767/2377 461/921/2378
f 664/922/2379 663/923/2380 666/924/2381 667/925/2382
f 539/741/2383 611/926/2384 615/927/2385 541/742/2386
f 665/928/2387 664/922/2388 667/925/2389 668/929/2390
f 559/808/2391 612/917/2392 616/930/2393 553/809/2394
f 612/917/2395 613/918/2396 617/931/2397 616/930/2398
f 613/918/2399 614/919/2400 618/932/2401 617/931/2402
f 614/919/2403 538/737/2404 540/739/2405 618/932/2406
f 461/921/2407 462/767/2408 464/766/2409 463/933/2410
f 667/925/2411 666/924/2412 669/934/2413 670/935/2414
f 541/742/2415 615/927/2416 619/936/2417 543/744/2418
f 668/929/2419 667/925/2420 670/935/2421 671/937/2422
f 553/774/2423 616/938/2424 620/939/2425 552/775/2426
f 616/938/2427 617/940/2428 621/941/2429 620/939/2430
f 617/940/2431 618/942/2432 622/943/2433 621/941/2434
f 618/942/2435 540/740/2436 542/743/2437 622/943/2438
f 463/933/2439 464/766/2440 466/769/2441 465/944/2442
f 670/935/2443 669/934/2444 672/945/2445 673/946/2446
f 543/744/2447 619/936/2448 623/947/2449 545/746/2450
f 671/937/2451 670/935/2452 673/946/2453 674/948/2454
f 552/775/2455 620/939/2456 624/949/2457 562/815/2458
f 620/939/2459 621/941/2460 625/950/2461 624/949/2462
f 621/941/2463 622/943/2464 626/951/2465 625/950/2466
f 622/943/2467 542/743/2468 544/745/2469 626/951/2470
f 450/771/2471 449/891/2472 465/944/2473 466/769/2474
f 655/893/2475 654/892/2476 673/946/2477 672/945/2478
f 654/892/2479 656/894/2480 674/948/2481 673/946/2482
f 602/895/2483 530/729/2484 545/746/2485 623/947/2486
f 562/815/2487 624/949/2488 597/878/2489 561/813/2490
f 624/949/2491 625/950/2492 598/879/2493 597/878/2494
f 625/950/2495 626/951/2496 599/880/2497 598/879/2498
f 626/951/2499 544/745/2500 546/747/2501 599/880/2502
f 445/867/2503 443/859/2504 675/952/2505 676/953/2506
f 447/881/2507 451/882/2508 677/954/2509 678/955/2510
f 449/891/2511 447/881/2512 678/955/2513 679/956/2514
f 451/882/2515 453/896/2516 680/957/2517 677/954/2518
f 453/896/2519 445/867/2520 676/953/2521 680/957/2522
f 459/920/2523 461/921/2524 681/958/2525 682/959/2526
f 461/921/2527 463/933/2528 683/960/2529 681/958/2530
f 463/933/2531 465/944/2532 684/961/2533 683/960/2534
f 465/944/2535 449/891/2536 679/956/2537 684/961/2538
f 685/962/2539 686/963/2540 629/820/2541 627/819/2542
f 686/963/2543 687/964/2544 633/827/2545 629/820/2546
f 688/965/2547 685/962/2548 627/819/2549 637/845/2550
f 689/966/2551 688/965/2552 637/845/2553 640/853/2554
f 675/967/2555 689/966/2556 640/853/2557 643/861/2558
f 676/968/2559 675/967/2560 643/861/2561 646/869/2562
f 678/969/2563 677/970/2564 650/885/2565 648/884/2566
f 679/971/2567 678/969/2568 648/884/2569 655/893/2570
f 677/970/2571 680/972/2572 657/897/2573 650/885/2574
f 680/972/2575 676/968/2576 646/869/2577 657/897/2578
f 687/964/2579 690/973/2580 660/905/2581 633/827/2582
f 690/973/2583 682/974/2584 663/913/2585 660/905/2586
f 682/975/2587 681/976/2588 666/924/2589 663/923/2590
f 681/976/2591 683/977/2592 669/934/2593 666/924/2594
f 683/977/2595 684/978/2596 672/945/2597 669/934/2598
f 684/978/2599 679/971/2600 655/893/2601 672/945/2602
f 564/979/2603 563/980/2604 631/824/2605 632/825/2606
f 565/981/2607 564/979/2608 632/825/2609 635/830/2610
f 563/980/2611 578/982/2612 638/846/2613 631/824/2614
f 578/982/2615 582/983/2616 641/854/2617 638/846/2618
f 582/983/2619 586/984/2620 644/862/2621 641/854/2622
f 586/984/2623 590/985/2624 647/870/2625 644/862/2626
f 601/986/2627 600/987/2628 652/889/2629 653/890/2630
f 600/987/2631 602/988/2632 656/894/2633 652/889/2634
f 603/989/2635 601/986/2636 653/890/2637 659/900/2638
f 590/985/2639 603/989/2640 659/900/2641 647/870/2642
f 607/990/2643 565/981/2644 635/830/2645 662/908/2646
f 611/991/2647 607/990/2648 662/908/2649 665/916/2650
f 615/992/2651 611/993/2652 665/928/2653 668/929/2654
f 619/994/2655 615/992/2656 668/929/2657 671/937/2658
f 623/995/2659 619/994/2660 671/937/2661 674/948/2662
f 602/988/2663 623/995/2664 674/948/2665 656/894/2666
f 435/816/2667 437/817/2668 686/996/2669 685/997/2670
f 437/817/2671 455/826/2672 687/998/2673 686/996/2674
f 439/843/2675 435/816/2676 685/997/2677 688/999/2678
f 441/851/2679 439/843/2680 688/999/2681 689/1000/2682
f 443/859/2683 441/851/2684 689/1000/2685 675/952/2686
f 455/826/2687 457/904/2688 690/1001/2689 687/998/2690
f 457/904/2691 459/912/2692 682/1002/2693 690/1001/2694
g default
v -3.566647 4.904726 0.871799
v -3.566647 4.940283 0.907357
v -3.602204 4.940283 0.871799
v -3.427886 4.940283 0.871799
v -3.463443 4.940283 0.907357
v -3.463443 4.904726 0.871799
v -3.602204 5.086861 0.871799
v -3.566647 5.086861 0.907357
v -3.566647 5.122419 0.871799
v -3.463443 5.122419 0.871799
v -3.463443 5.086861 0.907357
v -3.427886 5.086861 0.871799
v -3.602204 5.086861 -8.042695
v -3.566647 5.122419 -8.042695
v -3.566647 5.086861 -8.078254
v -3.463443 5.086861 -8.078254
v -3.463443 5.122419 -8.042695
v -3.427886 5.086861 -8.042695
v -3.602204 4.940283 -8.042695
v -3.566647 4.940283 -8.078254
v -3.566647 4.904726 -8.042695
v -3.463443 4.904726 -8.042695
v -3.463443 4.940283 -8.078254
v -3.427886 4.940283 -8.042695
vt 0.092866 0.938130
vt 0.092866 0.935675
vt 0.528144 0.935675
vt 0.528144 0.938130
vt 0.072555 0.908527
vt 0.072279 0.906088
vt 0.077818 0.906175
vt 0.077512 0.908497
vt 0.070215 0.908198
vt 0.072608 0.915568
vt 0.070155 0.915887
vt 0.092866 0.911411
vt 0.092866 0.908955
vt 0.528144 0.908955
vt 0.528144 0.911411
vt 0.079964 0.908175
vt 0.079903 0.915868
vt 0.077564 0.915538
vt 0.092866 0.928518
vt 0.092866 0.926062
vt 0.528144 0.926062
vt 0.528144 0.928518
vt 0.072299 0.917890
vt 0.077839 0.917978
vt 0.092866 0.921023
vt 0.092866 0.918568
vt 0.528144 0.918568
vt 0.528144 0.921023
vt 0.079864 0.932416
vt 0.077524 0.932086
vt 0.077472 0.925046
vt 0.079924 0.924726
vt 0.077799 0.934525
vt 0.072261 0.934439
vt 0.072567 0.932116
vt 0.070115 0.932438
vt 0.070175 0.924746
vt 0.072515 0.925075
vt 0.077780 0.922724
vt 0.072240 0.922635
vt 0.528144 0.903916
vt 0.092866 0.903916
vn -0.707105 -0.707108 0.000000
vn -0.707105 -0.707108 0.000000
vn -0.707105 -0.707108 0.000000
vn -0.707105 -0.707108 0.000000
vn 0.000000 -0.707110 0.707104
vn 0.000000 -0.707110 0.707104
vn 0.000000 -0.707110 0.707104
vn 0.000000 -0.707110 0.707104
vn -0.707108 0.000000 0.707105
vn -0.707108 0.000000 0.707105
vn -0.707108 0.000000 0.707105
vn -0.707108 0.000000 0.707105
vn 0.707112 -0.707102 0.000000
vn 0.707112 -0.707102 0.000000
vn 0.707112 -0.707102 0.000000
vn 0.707112 -0.707102 0.000000
vn 0.707112 0.000000 0.707101
vn 0.707112 0.000000 0.707101
vn 0.707112 0.000000 0.707101
vn 0.707112 0.000000 0.707101
vn -0.707110 0.707104 0.000000
vn -0.707110 0.707104 0.000000
vn -0.707110 0.707104 0.000000
vn -0.707110 0.707104 0.000000
vn 0.000000 0.707104 0.707110
vn 0.000000 0.707104 0.707110
vn 0.000000 0.707104 0.707110
vn 0.000000 0.707104 0.707110
vn 0.707116 0.707097 0.000000
vn 0.707116 0.707097 0.000000
vn 0.707116 0.707097 0.000000
vn 0.707116 0.707097 0.000000
vn -0.707118 0.000000 -0.707096
vn -0.707118 0.000000 -0.707096
vn -0.707118 0.000000 -0.707096
vn -0.707118 0.000000 -0.707096
vn 0.000000 0.707118 -0.707096
vn 0.000000 0.707118 -0.707096
vn 0.000000 0.707118 -0.707096
vn 0.000000 0.707118 -0.707096
vn 0.707122 0.000000 -0.707092
vn 0.707122 0.000000 -0.707092
vn 0.707122 0.000000 -0.707092
vn 0.707122 0.000000 -0.707092
vn 0.000000 -0.707123 -0.707090
vn 0.000000 -0.707123 -0.707090
vn 0.000000 -0.707123 -0.707090
vn 0.000000 -0.707123 -0.707090
vn 0.000000 0.000000 1.000000
vn 0.000000 0.000000 1.000000
vn 0.000000 0.000000 1.000000
vn 0.000000 0.000000 1.000000
vn 0.000000 1.000000 0.000000
vn 0.000000 1.000000 0.000000
vn 0.000000 1.000000 0.000000
vn 0.000000 1.000000 0.000000
vn 0.000000 0.000000 -1.000000
vn 0.000000 0.000000 -1.000000
vn 0.000000 0.000000 -1.000000
vn 0.000000 0.000000 -1.000000
vn 0.000000 -1.000000 0.000000
vn 0.000000 -1.000000 0.000000
vn 0.000000 -1.000000 0.000000
vn 0.000000 -1.000000 0.000000
vn 1.000000 0.000000 0.000000
vn 1.000000 0.000000 0.000000
vn 1.000000 0.000000 0.000000
vn 1.000000 0.000000 0.000000
vn -1.000000 0.000000 0.000000
vn -1.000000 0.000000 0.000000
vn -1.000000 0.000000 0.000000
vn -1.000000 0.000000 0.000000
vn -0.577347 -0.577352 0.577352
vn -0.577347 -0.577352 0.577352
vn -0.577347 -0.577352 0.577352
vn 0.577354 -0.577352 0.577345
vn 0.577354 -0.577352 0.577345
vn 0.577354 -0.577352 0.577345
vn -0.577352 0.577349 0.577349
vn -0.577352 0.577349 0.577349
vn -0.577352 0.577349 0.577349
vn 0.577355 0.577345 0.577352
vn 0.577355 0.577345 0.577352
vn 0.577355 0.577345 0.577352
vn -0.577364 0.577350 -0.577337
vn -0.577364 0.577350 -0.577337
vn -0.577364 0.577350 -0.577337
vn 0.577366 0.577346 -0.577339
vn 0.577366 0.577346 -0.577339
vn 0.577366 0.577346 -0.577339
vn -0.577346 -0.577359 -0.577346
vn -0.577346 -0.577359 -0.577346
vn -0.577346 -0.577359 -0.577346
vn 0.577353 -0.577359 -0.577339
vn 0.577353 -0.577359 -0.577339
vn 0.577353 -0.577359 -0.577339
s off
g Nut1:bed Nut1:Nut Nut1:detail1OBJ_UV1
usemtl lambert46SG
f 691/1003/2695 693/1004/2696 709/1005/2697 711/1006/2698
f 692/1007/2699 691/1008/2700 696/1009/2701 695/1010/2702
f 693/1011/2703 692/1007/2704 698/1012/2705 697/1013/2706
f 694/1014/2707 696/1015/2708 712/1016/2709 714/1017/2710
f 695/1010/2711 694/1018/2712 702/1019/2713 701/1020/2714
f 697/1021/2715 699/1022/2716 704/1023/2717 703/1024/2718
f 699/1025/2719 698/1012/2720 701/1020/2721 700/1026/2722
f 700/1027/2723 702/1028/2724 708/1029/2725 707/1030/2726
f 703/1031/2727 705/1032/2728 710/1033/2729 709/1034/2730
f 705/1032/2731 704/1035/2732 707/1036/2733 706/1037/2734
f 706/1037/2735 708/1038/2736 714/1039/2737 713/1040/2738
f 711/1041/2739 710/1033/2740 713/1040/2741 712/1042/2742
f 692/1007/2743 695/1010/2744 701/1020/2745 698/1012/2746
f 699/1022/2747 700/1027/2748 707/1030/2749 704/1023/2750
f 705/1032/2751 706/1037/2752 713/1040/2753 710/1033/2754
f 711/1043/2755 712/1016/2756 696/1015/2757 691/1044/2758
f 694/1014/2759 714/1017/2760 708/1029/2761 702/1028/2762
f 709/1005/2763 693/1004/2764 697/1021/2765 703/1024/2766
f 691/1008/2767 692/1007/2768 693/1011/2769
f 694/1018/2770 695/1010/2771 696/1009/2772
f 697/1013/2773 698/1012/2774 699/1025/2775
f 700/1026/2776 701/1020/2777 702/1019/2778
f 703/1031/2779 704/1035/2780 705/1032/2781
f 706/1037/2782 707/1036/2783 708/1038/2784
f 709/1034/2785 710/1033/2786 711/1041/2787
f 712/1042/2788 713/1040/2789 714/1039/2790
g default
v -9.844056 3.751903 0.783244
v -3.593834 3.751903 0.783244
v -9.844056 4.946730 0.755539
v -3.593834 4.946730 0.755539
v -9.844056 4.946719 -8.301261
v -3.593834 4.946719 -8.301261
v -9.844056 3.751892 -8.273557
v -3.593834 3.751892 -8.273557
vt 0.866876 0.276636
vt 0.866877 0.718868
vt 0.808535 0.720221
vt 0.808534 0.277989
vt 0.445002 0.718870
vt 0.445001 0.276637
vt 0.503343 0.277990
vt 0.503344 0.720222
vt 0.139812 0.718870
vt 0.139811 0.276638
vt 0.503343 0.219648
vt 0.808534 0.219647
vt 0.808535 0.778563
vt 0.503345 0.778564
vn 0.000000 0.023181 0.999731
vn 0.000000 0.023181 0.999731
vn 0.000000 0.023181 0.999731
vn 0.000000 0.023181 0.999731
vn 0.000000 1.000000 -0.000001
vn 0.000000 1.000000 -0.000001
vn 0.000000 1.000000 -0.000001
vn 0.000000 1.000000 -0.000001
vn 0.000000 -0.023181 -0.999731
vn 0.000000 -0.023181 -0.999731
vn 0.000000 -0.023181 -0.999731
vn 0.000000 -0.023181 -0.999731
vn 0.000000 -1.000000 0.000001
vn 0.000000 -1.000000 0.000001
vn 0.000000 -1.000000 0.000001
vn 0.000000 -1.000000 0.000001
vn 1.000000 0.000000 0.000000
vn 1.000000 0.000000 0.000000
vn 1.000000 0.000000 0.000000
vn 1.000000 0.000000 0.000000
vn -1.000000 0.000000 0.000000
vn -1.000000 0.000000 0.000000
vn -1.000000 0.000000 0.000000
vn -1.000000 0.000000 0.000000
s off
g Nut1:bed Nut1:Nut Nut1:body
usemtl lambert49SG
f 715/1055/2791 716/1056/2792 718/1048/2793 717/1051/2794
f 717/1051/2795 718/1048/2796 720/1047/2797 719/1052/2798
f 719/1052/2799 720/1047/2800 722/1057/2801 721/1058/2802
f 721/1049/2803 722/1053/2804 716/1054/2805 715/1050/2806
f 716/1045/2807 722/1046/2808 720/1047/2809 718/1048/2810
f 721/1049/2811 715/1050/2812 717/1051/2813 719/1052/2814
g default
v -3.566647 3.718833 0.871799
v -3.566647 3.754389 0.907357
v -3.602204 3.754389 0.871799
v -3.427886 3.754389 0.871799
v -3.463443 3.754389 0.907357
v -3.463443 3.718833 0.871799
v -3.602204 3.900968 0.871799
v -3.566647 3.900968 0.907357
v -3.566647 3.936525 0.871799
v -3.463443 3.936525 0.871799
v -3.463443 3.900968 0.907357
v -3.427886 3.900968 0.871799
v -3.602204 3.900968 -8.042695
v -3.566647 3.936525 -8.042695
v -3.566647 3.900968 -8.078254
v -3.463443 3.900968 -8.078254
v -3.463443 3.936525 -8.042695
v -3.427886 3.900968 -8.042695
v -3.602204 3.754389 -8.042695
v -3.566647 3.754389 -8.078254
v -3.566647 3.718833 -8.042695
v -3.463443 3.718833 -8.042695
v -3.463443 3.754389 -8.078254
v -3.427886 3.754389 -8.042695
vt 0.092866 0.938130
vt 0.092866 0.935675
vt 0.528144 0.935675
vt 0.528144 0.938130
vt 0.072555 0.908527
vt 0.072279 0.906088
vt 0.077818 0.906175
vt 0.077512 0.908497
vt 0.070215 0.908198
vt 0.072608 0.915568
vt 0.070155 0.915887
vt 0.092866 0.911411
vt 0.092866 0.908955
vt 0.528144 0.908955
vt 0.528144 0.911411
vt 0.079964 0.908175
vt 0.079903 0.915868
vt 0.077564 0.915538
vt 0.092866 0.928518
vt 0.092866 0.926062
vt 0.528144 0.926062
vt 0.528144 0.928518
vt 0.072299 0.917890
vt 0.077839 0.917978
vt 0.092866 0.921023
vt 0.092866 0.918568
vt 0.528144 0.918568
vt 0.528144 0.921023
vt 0.079864 0.932416
vt 0.077524 0.932086
vt 0.077472 0.925046
vt 0.079924 0.924726
vt 0.077799 0.934525
vt 0.072261 0.934439
vt 0.072567 0.932116
vt 0.070115 0.932438
vt 0.070175 0.924746
vt 0.072515 0.925075
vt 0.077780 0.922724
vt 0.072240 0.922635
vt 0.528144 0.903916
vt 0.092866 0.903916
vn -0.707105 -0.707108 0.000000
vn -0.707105 -0.707108 0.000000
vn -0.707105 -0.707108 0.000000
vn -0.707105 -0.707108 0.000000
vn 0.000000 -0.707110 0.707104
vn 0.000000 -0.707110 0.707104
vn 0.000000 -0.707110 0.707104
vn 0.000000 -0.707110 0.707104
vn -0.707108 0.000000 0.707105
vn -0.707108 0.000000 0.707105
vn -0.707108 0.000000 0.707105
vn -0.707108 0.000000 0.707105
vn 0.707112 -0.707102 0.000000
vn 0.707112 -0.707102 0.000000
vn 0.707112 -0.707102 0.000000
vn 0.707112 -0.707102 0.000000
vn 0.707112 0.000000 0.707101
vn 0.707112 0.000000 0.707101
vn 0.707112 0.000000 0.707101
vn 0.707112 0.000000 0.707101
vn -0.707110 0.707104 0.000000
vn -0.707110 0.707104 0.000000
vn -0.707110 0.707104 0.000000
vn -0.707110 0.707104 0.000000
vn 0.000000 0.707104 0.707110
vn 0.000000 0.707104 0.707110
vn 0.000000 0.707104 0.707110
vn 0.000000 0.707104 0.707110
vn 0.707116 0.707097 0.000000
vn 0.707116 0.707097 0.000000
vn 0.707116 0.707097 0.000000
vn 0.707116 0.707097 0.000000
vn -0.707118 0.000000 -0.707096
vn -0.707118 0.000000 -0.707096
vn -0.707118 0.000000 -0.707096
vn -0.707118 0.000000 -0.707096
vn 0.000000 0.707118 -0.707096
vn 0.000000 0.707118 -0.707096
vn 0.000000 0.707118 -0.707096
vn 0.000000 0.707118 -0.707096
vn 0.707122 0.000000 -0.707092
vn 0.707122 0.000000 -0.707092
vn 0.707122 0.000000 -0.707092
vn 0.707122 0.000000 -0.707092
vn 0.000000 -0.707123 -0.707090
vn 0.000000 -0.707123 -0.707090
vn 0.000000 -0.707123 -0.707090
vn 0.000000 -0.707123 -0.707090
vn 0.000000 0.000000 1.000000
vn 0.000000 0.000000 1.000000
vn 0.000000 0.000000 1.000000
vn 0.000000 0.000000 1.000000
vn 0.000000 1.000000 0.000000
vn 0.000000 1.000000 0.000000
vn 0.000000 1.000000 0.000000
vn 0.000000 1.000000 0.000000
vn 0.000000 0.000000 -1.000000
vn 0.000000 0.000000 -1.000000
vn 0.000000 0.000000 -1.000000
vn 0.000000 0.000000 -1.000000
vn 0.000000 -1.000000 0.000000
vn 0.000000 -1.000000 0.000000
vn 0.000000 -1.000000 0.000000
vn 0.000000 -1.000000 0.000000
vn 1.000000 0.000000 0.000000
vn 1.000000 0.000000 0.000000
vn 1.000000 0.000000 0.000000
vn 1.000000 0.000000 0.000000
vn -1.000000 0.000000 0.000000
vn -1.000000 0.000000 0.000000
vn -1.000000 0.000000 0.000000
vn -1.000000 0.000000 0.000000
vn -0.577347 -0.577352 0.577352
vn -0.577347 -0.577352 0.577352
vn -0.577347 -0.577352 0.577352
vn 0.577354 -0.577352 0.577345
vn 0.577354 -0.577352 0.577345
vn 0.577354 -0.577352 0.577345
vn -0.577352 0.577349 0.577349
vn -0.577352 0.577349 0.577349
vn -0.577352 0.577349 0.577349
vn 0.577355 0.577345 0.577352
vn 0.577355 0.577345 0.577352
vn 0.577355 0.577345 0.577352
vn -0.577364 0.577350 -0.577337
vn -0.577364 0.577350 -0.577337
vn -0.577364 0.577350 -0.577337
vn 0.577366 0.577346 -0.577339
vn 0.577366 0.577346 -0.577339
vn 0.577366 0.577346 -0.577339
vn -0.577346 -0.577359 -0.577346
vn -0.577346 -0.577359 -0.577346
vn -0.577346 -0.577359 -0.577346
vn 0.577353 -0.577359 -0.577339
vn 0.577353 -0.577359 -0.577339
vn 0.577353 -0.577359 -0.577339
s off
g Nut1:bed Nut1:Nut Nut1:detail1OBJ_UV2
usemtl lambert47SG
f 723/1059/2815 725/1060/2816 741/1061/2817 743/1062/2818
f 724/1063/2819 723/1064/2820 728/1065/2821 727/1066/2822
f 725/1067/2823 724/1063/2824 730/1068/2825 729/1069/2826
f 726/1070/2827 728/1071/2828 744/1072/2829 746/1073/2830
f 727/1066/2831 726/1074/2832 734/1075/2833 733/1076/2834
f 729/1077/2835 731/1078/2836 736/1079/2837 735/1080/2838
f 731/1081/2839 730/1068/2840 733/1076/2841 732/1082/2842
f 732/1083/2843 734/1084/2844 740/1085/2845 739/1086/2846
f 735/1087/2847 737/1088/2848 742/1089/2849 741/1090/2850
f 737/1088/2851 736/1091/2852 739/1092/2853 738/1093/2854
f 738/1093/2855 740/1094/2856 746/1095/2857 745/1096/2858
f 743/1097/2859 742/1089/2860 745/1096/2861 744/1098/2862
f 724/1063/2863 727/1066/2864 733/1076/2865 730/1068/2866
f 731/1078/2867 732/1083/2868 739/1086/2869 736/1079/2870
f 737/1088/2871 738/1093/2872 745/1096/2873 742/1089/2874
f 743/1099/2875 744/1072/2876 728/1071/2877 723/1100/2878
f 726/1070/2879 746/1073/2880 740/1085/2881 734/1084/2882
f 741/1061/2883 725/1060/2884 729/1077/2885 735/1080/2886
f 723/1064/2887 724/1063/2888 725/1067/2889
f 726/1074/2890 727/1066/2891 728/1065/2892
f 729/1069/2893 730/1068/2894 731/1081/2895
f 732/1082/2896 733/1076/2897 734/1075/2898
f 735/1087/2899 736/1091/2900 737/1088/2901
f 738/1093/2902 739/1092/2903 740/1094/2904
f 741/1090/2905 742/1089/2906 743/1097/2907
f 744/1098/2908 745/1096/2909 746/1095/2910
g default
v -3.049669 6.796159 -8.057747
v -3.049669 6.796159 -8.921324
v -3.913246 6.796159 -8.921324
v -3.913246 6.796159 -8.057747
v -2.815096 6.780694 -7.786505
v -2.818060 6.744226 -7.773881
v -2.780970 6.745363 -7.788465
v -2.765623 6.746475 -7.823697
v -2.778372 6.781334 -7.821974
v -2.813780 6.796159 -7.821860
v -2.778427 6.780694 -9.155897
v -2.765801 6.744226 -9.152934
v -2.780386 6.745363 -9.190024
v -2.815618 6.746475 -9.205370
v -2.813896 6.781334 -9.192622
v -2.813780 6.796159 -9.157213
v -4.184487 6.780694 -7.823176
v -4.197113 6.744226 -7.826139
v -4.182528 6.745363 -7.789049
v -4.147296 6.746475 -7.773703
v -4.149019 6.781334 -7.786451
v -4.149134 6.796159 -7.821860
v -4.147818 6.780694 -9.192567
v -4.144855 6.744226 -9.205192
v -4.181945 6.745363 -9.190608
v -4.197291 6.746475 -9.155376
v -4.184543 6.781334 -9.157097
v -4.149134 6.796159 -9.157213
v -3.031452 3.559432 -7.989536
v -2.981457 3.559432 -8.039532
v -2.996100 3.559432 -8.004180
v -3.031452 3.559432 -8.989536
v -2.996100 3.559432 -8.974893
v -2.981457 3.559432 -8.939540
v -3.931462 3.559432 -7.989536
v -3.966814 3.559432 -8.004180
v -3.981457 3.559432 -8.039532
v -3.931462 3.559432 -8.989536
v -3.981457 3.559432 -8.939540
v -3.966814 3.559432 -8.974893
v -2.785619 6.774341 -7.793255
v -2.785177 6.774341 -9.185375
v -4.177738 6.774341 -7.793698
v -4.177296 6.774341 -9.185816
v -3.180246 6.761170 -8.112022
v -3.065955 6.785659 -8.074034
v -3.103942 6.761170 -8.188325
v -3.218246 12.394944 -8.150022
v -3.141943 12.394944 -8.226325
v -3.103942 6.761170 -8.790748
v -3.065955 6.785659 -8.905038
v -3.180246 6.761170 -8.867051
v -3.218246 12.394944 -8.829051
v -3.141943 12.394944 -8.752748
v -3.782669 6.761170 -8.867051
v -3.896960 6.785659 -8.905038
v -3.858972 6.761170 -8.790748
v -3.820972 12.394944 -8.752748
v -3.744668 12.394944 -8.829051
v -3.858972 6.761170 -8.188325
v -3.896960 6.785659 -8.074034
v -3.782669 6.761170 -8.112022
v -3.744668 12.394944 -8.150022
v -3.820972 12.394944 -8.226325
v -3.027175 12.639428 -8.137351
v -3.129272 12.639428 -8.035255
v -3.027175 12.639428 -8.841722
v -3.129272 12.639428 -8.943818
v -3.833642 12.639428 -8.943818
v -3.935739 12.639428 -8.841722
v -3.935739 12.639428 -8.137351
v -3.833643 12.639428 -8.035255
v -3.141943 12.639428 -8.199943
v -3.218246 12.639428 -8.115990
v -3.141943 12.639428 -8.779130
v -3.218246 12.639428 -8.863082
v -3.744668 12.639428 -8.863082
v -3.820971 12.639428 -8.779130
v -3.820972 12.639428 -8.199943
v -3.744668 12.639428 -8.115990
v -3.141943 12.598714 -8.199943
v -3.218246 12.598714 -8.115990
v -3.141943 12.598714 -8.779130
v -3.218246 12.598714 -8.863082
v -3.744668 12.598714 -8.863082
v -3.820971 12.598714 -8.779130
v -3.820972 12.598714 -8.199943
v -3.744668 12.598714 -8.115990
v -3.259535 12.598714 -8.300245
v -3.309411 12.598714 -8.245370
v -3.259535 12.598714 -8.678827
v -3.309411 12.598714 -8.733703
v -3.653504 12.598714 -8.733703
v -3.703379 12.598714 -8.678827
v -3.703379 12.598714 -8.300245
v -3.653504 12.598714 -8.245370
v -3.259535 12.640866 -8.300245
v -3.309411 12.640866 -8.245370
v -3.259535 12.640866 -8.678827
v -3.309411 12.640866 -8.733703
v -3.653504 12.640866 -8.733703
v -3.703379 12.640866 -8.678827
v -3.703379 12.640866 -8.300245
v -3.653504 12.640866 -8.245370
v -3.069882 3.856075 -8.118423
v -2.894226 6.449832 -7.942766
v -3.069882 3.856075 -8.850889
v -2.894372 6.448001 -9.024558
v -3.843038 3.856075 -8.077734
v -4.018693 6.449832 -7.847950
v -3.110570 3.856075 -8.077734
v -2.936901 6.448001 -7.848095
v -3.843038 3.856075 -8.134368
v -4.018693 6.449832 -7.958713
v -3.110570 3.856075 -8.110905
v -2.936901 6.448001 -7.935395
v -3.128606 3.856075 -8.118423
v -2.952951 6.449832 -7.942766
v -3.128606 3.856075 -8.850889
v -2.953096 6.448001 -9.024558
v -3.029046 4.150311 -8.188921
v -2.893244 6.155596 -8.053118
v -3.029046 4.150311 -8.755205
v -2.893355 6.154181 -8.889472
v -3.747877 4.150311 -8.033936
v -3.883680 6.155596 -7.898133
v -3.181592 4.150311 -8.033936
v -3.047325 6.154181 -7.898245
vt 0.376464 0.913086
vt 0.341136 0.912972
vt 0.342152 0.911954
vt 0.347393 0.908798
vt 0.370197 0.908912
vt 0.375446 0.912069
vt 0.341150 0.877475
vt 0.342181 0.878504
vt 0.345362 0.883787
vt 0.345310 0.906708
vt 0.376639 0.877712
vt 0.375618 0.878723
vt 0.370360 0.881856
vt 0.347469 0.881678
vt 0.372292 0.906830
vt 0.372433 0.883952
vt 0.115219 0.666927
vt 0.117515 0.943701
vt 0.088468 0.943822
vt 0.088925 0.667292
vt 0.083514 0.667673
vt 0.083265 0.943829
vt 0.053761 0.943686
vt 0.058091 0.671865
vt 0.178385 0.669194
vt 0.186264 0.943313
vt 0.157054 0.943630
vt 0.152312 0.667495
vt 0.146899 0.667352
vt 0.151830 0.943656
vt 0.122714 0.943685
vt 0.120667 0.666831
vt 0.393218 0.925861
vt 0.391058 0.925628
vt 0.391303 0.865349
vt 0.393364 0.865088
vt 0.388885 0.925548
vt 0.389144 0.865453
vt 0.364441 0.807170
vt 0.362217 0.807215
vt 0.360928 0.675275
vt 0.363023 0.675216
vt 0.359915 0.807099
vt 0.358832 0.675253
vt 0.389002 0.927706
vt 0.328667 0.927595
vt 0.328736 0.925422
vt 0.389278 0.929764
vt 0.328448 0.929758
vt 0.418717 0.809335
vt 0.416515 0.809371
vt 0.399320 0.666935
vt 0.401388 0.666302
vt 0.414219 0.809268
vt 0.397240 0.667454
vt 0.326590 0.925558
vt 0.326426 0.864681
vt 0.328615 0.864852
vt 0.324536 0.925859
vt 0.324235 0.864841
vt 0.389529 0.861138
vt 0.389257 0.863289
vt 0.328665 0.862689
vt 0.328559 0.860606
vt 0.309889 0.811139
vt 0.307675 0.811144
vt 0.323697 0.667157
vt 0.325771 0.667667
vt 0.305400 0.811009
vt 0.321635 0.666530
vt 0.230963 0.800595
vt 0.228870 0.800040
vt 0.270576 0.652910
vt 0.272667 0.653431
vt 0.226744 0.799326
vt 0.268519 0.652268
vt 0.558367 0.940746
vt 0.564910 0.842725
vt 0.592365 0.842422
vt 0.599167 0.940898
vt 0.450421 0.653182
vt 0.492890 0.798162
vt 0.462387 0.940665
vt 0.468922 0.842448
vt 0.496464 0.842412
vt 0.503146 0.940645
vt 0.585451 0.754754
vt 0.541506 0.754939
vt 0.539777 0.754231
vt 0.539055 0.752508
vt 0.538870 0.708563
vt 0.539577 0.706833
vt 0.541300 0.706111
vt 0.585246 0.705926
vt 0.586975 0.706634
vt 0.587697 0.708357
vt 0.587882 0.752302
vt 0.587175 0.754032
vt 0.390617 0.927278
vt 0.391707 0.928325
vt 0.327022 0.927168
vt 0.325987 0.928270
vt 0.390898 0.863740
vt 0.391959 0.862663
vt 0.327099 0.862966
vt 0.324523 0.863319
vt 0.326255 0.861606
vt 0.268228 0.918109
vt 0.270678 0.920774
vt 0.270783 0.939259
vt 0.268363 0.941953
vt 0.251562 0.942048
vt 0.249112 0.939382
vt 0.249007 0.920897
vt 0.251427 0.918204
vt 0.191537 0.943253
vt 0.183663 0.669772
vt 0.115019 0.653422
vt 0.119808 0.653612
vt 0.086658 0.654439
vt 0.081287 0.654418
vt 0.049764 0.660841
vt 0.183513 0.656846
vt 0.189743 0.659046
vt 0.153255 0.653528
vt 0.148186 0.653426
vt 0.281925 0.880954
vt 0.276046 0.887073
vt 0.272670 0.880942
vt 0.277612 0.876435
vt 0.242242 0.887076
vt 0.245624 0.880993
vt 0.236399 0.881069
vt 0.240653 0.876488
vt 0.236292 0.847031
vt 0.240591 0.851591
vt 0.242243 0.840972
vt 0.245575 0.847113
vt 0.275923 0.841013
vt 0.272546 0.847098
vt 0.281791 0.846977
vt 0.277548 0.851579
vt 0.271861 0.878930
vt 0.275604 0.875631
vt 0.246400 0.878961
vt 0.242620 0.875627
vt 0.242584 0.852415
vt 0.246383 0.849128
vt 0.271762 0.849128
vt 0.275596 0.852458
vt 0.266442 0.872603
vt 0.268681 0.870549
vt 0.251780 0.872576
vt 0.249528 0.870528
vt 0.249559 0.857500
vt 0.251788 0.855482
vt 0.266408 0.855509
vt 0.268631 0.857521
vt 0.265201 0.870280
vt 0.266343 0.869309
vt 0.252960 0.870213
vt 0.251813 0.869265
vt 0.251878 0.858752
vt 0.253010 0.857815
vt 0.265230 0.857875
vt 0.266367 0.858802
vt 0.371033 0.688260
vt 0.372265 0.792226
vt 0.390970 0.683857
vt 0.404025 0.794152
vt 0.332209 0.684054
vt 0.318282 0.795900
vt 0.351070 0.688539
vt 0.353566 0.793685
vt 0.334776 0.686574
vt 0.324020 0.791478
vt 0.349424 0.689599
vt 0.349486 0.790256
vt 0.373965 0.690049
vt 0.375026 0.789940
vt 0.388362 0.686543
vt 0.400952 0.791769
vt 0.551634 0.955280
vt 0.560096 0.827558
vt 0.598094 0.827326
vt 0.606888 0.955326
vt 0.454676 0.955041
vt 0.463118 0.827469
vt 0.500645 0.827451
vt 0.509299 0.955113
vn -0.541845 0.840479 0.000000
vn -0.541845 0.840479 0.000000
vn -0.290407 0.911772 0.290405
vn -0.526015 0.850443 0.007397
vn -0.526015 0.850443 -0.007396
vn -0.290407 0.911772 -0.290405
vn 0.000000 0.840480 0.541842
vn 0.000000 0.840480 0.541842
vn 0.290407 0.911772 0.290405
vn 0.007397 0.850445 0.526012
vn -0.007397 0.850445 0.526012
vn -0.290407 0.911772 0.290405
vn 0.541845 0.840479 0.000000
vn 0.541845 0.840479 0.000000
vn 0.290407 0.911772 -0.290405
vn 0.526015 0.850443 -0.007397
vn 0.526015 0.850443 0.007396
vn 0.290407 0.911772 0.290405
vn 0.000000 0.840480 -0.541842
vn 0.000000 0.840480 -0.541842
vn -0.290407 0.911772 -0.290405
vn -0.007397 0.850445 -0.526012
vn 0.007397 0.850445 -0.526012
vn 0.290407 0.911772 -0.290405
vn 0.999977 0.006745 0.000000
vn 0.999977 0.006745 0.000000
vn 0.999977 0.006745 0.000000
vn 0.999977 0.006745 0.000000
vn 0.000000 0.006745 -0.999977
vn 0.000000 0.006745 -0.999977
vn 0.000000 0.006745 -0.999977
vn 0.000000 0.006745 -0.999977
vn -0.999977 0.006745 0.000000
vn -0.999977 0.006745 0.000000
vn -0.999977 0.006745 0.000000
vn -0.999977 0.006745 0.000000
vn 0.000000 0.006745 0.999977
vn 0.000000 0.006745 0.999977
vn 0.000000 0.006745 0.999977
vn 0.000000 0.006745 0.999977
vn 0.275457 0.036871 0.960606
vn 0.007777 0.333590 0.942686
vn -0.007040 0.334035 0.942534
vn -0.283445 0.039960 0.958156
vn 0.006611 0.919475 0.393093
vn 0.057878 0.996708 0.056768
vn -0.056768 0.996708 0.057878
vn -0.006917 0.919679 0.392610
vn 0.958156 0.039966 0.283444
vn 0.917599 -0.085398 0.388225
vn 0.917273 -0.088326 0.388340
vn 0.917273 -0.088326 0.388340
vn 0.373530 -0.084504 0.923761
vn 0.275457 0.036871 0.960606
vn 0.373896 -0.087670 0.923318
vn 0.373896 -0.087670 0.923318
vn 0.057878 0.996708 0.056768
vn 0.392611 0.919679 0.006917
vn 0.393094 0.919475 -0.006611
vn 0.056768 0.996708 -0.057880
vn 0.942528 0.334054 0.007040
vn 0.958156 0.039966 0.283444
vn 0.960605 0.036877 -0.275461
vn 0.942680 0.333609 -0.007777
vn 0.013504 -0.062580 -0.997949
vn 0.388229 -0.085398 -0.917598
vn 0.388344 -0.088326 -0.917272
vn 0.012167 -0.068377 -0.997585
vn 0.923759 -0.084504 -0.373536
vn 0.960605 0.036877 -0.275461
vn 0.923315 -0.087670 -0.373902
vn 0.923315 -0.087670 -0.373902
vn 0.056768 0.996708 -0.057880
vn 0.006916 0.919673 -0.392625
vn -0.006611 0.919468 -0.393108
vn -0.057878 0.996708 -0.056771
vn 0.007040 0.334039 -0.942533
vn 0.013504 -0.062580 -0.997949
vn -0.013682 -0.062521 -0.997950
vn -0.007777 0.333594 -0.942685
vn -0.997950 -0.062520 0.013682
vn -0.942678 0.333613 0.007777
vn -0.942526 0.334058 -0.007039
vn -0.997949 -0.062580 -0.013504
vn -0.393099 0.919473 0.006611
vn -0.056768 0.996708 0.057878
vn -0.057878 0.996708 -0.056771
vn -0.392615 0.919677 -0.006917
vn -0.283445 0.039960 0.958156
vn -0.388227 -0.085399 0.917599
vn -0.388342 -0.088326 0.917273
vn -0.388342 -0.088326 0.917273
vn -0.923758 -0.084503 0.373539
vn -0.997950 -0.062520 0.013682
vn -0.997590 -0.068357 0.011939
vn -0.923314 -0.087669 0.373905
vn -0.997949 -0.062580 -0.013504
vn -0.917601 -0.085399 -0.388222
vn -0.917274 -0.088327 -0.388338
vn -0.997585 -0.068376 -0.012167
vn -0.373531 -0.084503 -0.923761
vn -0.013682 -0.062521 -0.997950
vn -0.011938 -0.068357 -0.997590
vn -0.373897 -0.087669 -0.923317
vn 0.997715 -0.067564 -0.000011
vn 0.997715 -0.067564 -0.000011
vn 0.997715 -0.067564 -0.000011
vn 0.997715 -0.067564 -0.000011
vn -0.997950 -0.062520 0.013682
vn -0.997949 -0.062580 -0.013504
vn -0.997585 -0.068376 -0.012167
vn -0.997590 -0.068357 0.011939
vn 0.013504 -0.062580 -0.997949
vn 0.012167 -0.068377 -0.997585
vn -0.011938 -0.068357 -0.997590
vn -0.013682 -0.062521 -0.997950
vn 0.000012 -0.067564 0.997715
vn 0.000012 -0.067564 0.997715
vn 0.000012 -0.067564 0.997715
vn 0.000012 -0.067564 0.997715
vn 0.057878 0.996708 0.056768
vn 0.056768 0.996708 -0.057880
vn 0.000000 1.000000 0.000000
vn 0.000000 1.000000 0.000000
vn 0.056768 0.996708 -0.057880
vn -0.057878 0.996708 -0.056771
vn 0.000000 1.000000 0.000000
vn 0.000000 1.000000 0.000000
vn -0.057878 0.996708 -0.056771
vn -0.056768 0.996708 0.057878
vn 0.000000 1.000000 0.000000
vn 0.000000 1.000000 0.000000
vn -0.056768 0.996708 0.057878
vn 0.057878 0.996708 0.056768
vn 0.000000 1.000000 0.000000
vn 0.000000 1.000000 0.000000
vn 0.000000 -1.000000 0.000000
vn 0.000000 -1.000000 0.000000
vn 0.000000 -1.000000 0.000000
vn 0.000000 -1.000000 0.000000
vn 0.000000 -1.000000 0.000000
vn 0.000000 -1.000000 0.000000
vn 0.000000 -1.000000 0.000000
vn 0.000000 -1.000000 0.000000
vn 0.000000 -1.000000 0.000000
vn 0.000000 -1.000000 0.000000
vn 0.000000 -1.000000 0.000000
vn 0.000000 -1.000000 0.000000
vn 0.392611 0.919679 0.006917
vn 0.057878 0.996708 0.056768
vn 0.006611 0.919475 0.393093
vn 0.323886 0.878500 0.351191
vn 0.007777 0.333590 0.942686
vn 0.275457 0.036871 0.960606
vn 0.373530 -0.084504 0.923761
vn 0.313195 0.251745 0.915715
vn 0.917599 -0.085398 0.388225
vn 0.958156 0.039966 0.283444
vn 0.942528 0.334054 0.007040
vn 0.899074 0.261893 0.350826
vn 0.006916 0.919673 -0.392625
vn 0.056768 0.996708 -0.057880
vn 0.393094 0.919475 -0.006611
vn 0.351202 0.878497 -0.323883
vn 0.942680 0.333609 -0.007777
vn 0.960605 0.036877 -0.275461
vn 0.923759 -0.084504 -0.373536
vn 0.915713 0.251744 -0.313200
vn 0.388229 -0.085398 -0.917598
vn 0.013504 -0.062580 -0.997949
vn 0.007040 0.334039 -0.942533
vn 0.350827 0.261870 -0.899080
vn -0.006917 0.919679 0.392610
vn -0.056768 0.996708 0.057878
vn -0.393099 0.919473 0.006611
vn -0.351205 0.878495 0.323886
vn -0.942678 0.333613 0.007777
vn -0.997950 -0.062520 0.013682
vn -0.923758 -0.084503 0.373539
vn -0.915709 0.251756 0.313202
vn -0.388227 -0.085399 0.917599
vn -0.283445 0.039960 0.958156
vn -0.007040 0.334035 0.942534
vn -0.350829 0.261866 0.899080
vn -0.392615 0.919677 -0.006917
vn -0.057878 0.996708 -0.056771
vn -0.006611 0.919468 -0.393108
vn -0.323883 0.878496 -0.351206
vn -0.007777 0.333594 -0.942685
vn -0.013682 -0.062521 -0.997950
vn -0.373531 -0.084503 -0.923761
vn -0.313196 0.251746 -0.915714
vn -0.917601 -0.085399 -0.388222
vn -0.997949 -0.062580 -0.013504
vn -0.942526 0.334058 -0.007039
vn -0.899078 0.261884 -0.350821
vn 0.000000 1.000000 0.000000
vn 0.000000 1.000000 0.000000
vn 0.000000 1.000000 0.000000
vn 0.000000 1.000000 0.000000
vn 0.000000 1.000000 0.000000
vn 0.000000 1.000000 0.000000
vn 0.000000 1.000000 0.000000
vn 0.000000 1.000000 0.000000
vn 0.707076 0.009539 0.707073
vn 0.707076 0.009539 0.707073
vn 0.707076 0.009539 0.707073
vn 0.707076 0.009539 0.707073
vn 0.707076 0.009539 -0.707073
vn 0.707076 0.009539 -0.707073
vn 0.707076 0.009539 -0.707073
vn 0.707076 0.009539 -0.707073
vn -0.707076 0.009539 -0.707074
vn -0.707076 0.009539 -0.707074
vn -0.707076 0.009539 -0.707074
vn -0.707076 0.009539 -0.707074
vn -0.707076 0.009539 0.707074
vn -0.707076 0.009539 0.707074
vn -0.707076 0.009539 0.707074
vn -0.707076 0.009539 0.707074
vn -0.007397 0.850445 -0.526012
vn -0.290407 0.911772 -0.290405
vn -0.526015 0.850443 -0.007396
vn -0.526015 0.850443 0.007397
vn -0.290407 0.911772 0.290405
vn -0.007397 0.850445 0.526012
vn 0.007397 0.850445 0.526012
vn 0.290407 0.911772 0.290405
vn 0.526015 0.850443 0.007396
vn 0.526015 0.850443 -0.007397
vn 0.290407 0.911772 -0.290405
vn 0.007397 0.850445 -0.526012
vn 0.609205 -0.507682 0.609203
vn 0.609205 -0.507682 0.609203
vn 0.609205 -0.507682 0.609203
vn 0.609205 -0.507682 0.609203
vn 0.905224 -0.424935 0.000000
vn 0.905224 -0.424935 0.000000
vn 0.905224 -0.424935 0.000000
vn 0.905224 -0.424935 0.000000
vn 0.609204 -0.507683 -0.609203
vn 0.609204 -0.507683 -0.609203
vn 0.609204 -0.507683 -0.609203
vn 0.609204 -0.507683 -0.609203
vn 0.000000 -0.424934 -0.905224
vn 0.000000 -0.424934 -0.905224
vn 0.000000 -0.424934 -0.905224
vn 0.000000 -0.424934 -0.905224
vn -0.609205 -0.507682 -0.609203
vn -0.609205 -0.507682 -0.609203
vn -0.609205 -0.507682 -0.609203
vn -0.609205 -0.507682 -0.609203
vn -0.905224 -0.424935 0.000000
vn -0.905224 -0.424935 0.000000
vn -0.905224 -0.424935 0.000000
vn -0.905224 -0.424935 0.000000
vn -0.609206 -0.507683 0.609201
vn -0.609206 -0.507683 0.609201
vn -0.609206 -0.507683 0.609201
vn -0.609206 -0.507683 0.609201
vn 0.000000 -0.424934 0.905224
vn 0.000000 -0.424934 0.905224
vn 0.000000 -0.424934 0.905224
vn 0.000000 -0.424934 0.905224
vn 0.000000 1.000000 0.000000
vn 0.000000 1.000000 0.000000
vn 0.000000 1.000000 0.000000
vn 0.000000 1.000000 0.000000
vn 0.000000 1.000000 0.000000
vn 0.000000 1.000000 0.000000
vn 0.000000 1.000000 0.000000
vn 0.000000 1.000000 0.000000
vn 0.000000 1.000000 0.000008
vn 0.000000 1.000000 0.000008
vn 0.000000 1.000000 0.000008
vn 0.000000 1.000000 0.000008
vn 0.000000 1.000000 0.000000
vn 0.000000 1.000000 0.000000
vn 0.000000 1.000000 0.000000
vn 0.000000 1.000000 0.000000
vn 0.000000 1.000000 0.000000
vn 0.000000 1.000000 0.000000
vn 0.000000 1.000000 0.000000
vn 0.000000 1.000000 0.000000
vn 0.000000 1.000000 0.000002
vn 0.000000 1.000000 0.000002
vn 0.000000 1.000000 0.000002
vn 0.000000 1.000000 0.000002
vn 0.000000 1.000000 0.000000
vn 0.000000 1.000000 0.000000
vn 0.000000 1.000000 0.000000
vn 0.000000 1.000000 0.000000
vn 0.000000 1.000000 0.000000
vn 0.000000 1.000000 0.000000
vn 0.000000 1.000000 0.000000
vn 0.000000 1.000000 0.000000
vn -0.740011 0.000000 -0.672595
vn -0.740011 0.000000 -0.672595
vn -0.740011 0.000000 -0.672595
vn -0.740011 0.000000 -0.672595
vn -1.000000 0.000000 0.000000
vn -1.000000 0.000000 0.000000
vn -1.000000 0.000000 0.000000
vn -1.000000 0.000000 0.000000
vn -0.740011 0.000000 0.672595
vn -0.740011 0.000000 0.672595
vn -0.740011 0.000000 0.672595
vn -0.740011 0.000000 0.672595
vn 0.000000 0.000000 1.000000
vn 0.000000 0.000000 1.000000
vn 0.000000 0.000000 1.000000
vn 0.000000 0.000000 1.000000
vn 0.740017 0.000000 0.672588
vn 0.740017 0.000000 0.672588
vn 0.740017 0.000000 0.672588
vn 0.740017 0.000000 0.672588
vn 1.000000 0.000000 0.000000
vn 1.000000 0.000000 0.000000
vn 1.000000 0.000000 0.000000
vn 1.000000 0.000000 0.000000
vn 0.740011 0.000000 -0.672595
vn 0.740011 0.000000 -0.672595
vn 0.740011 0.000000 -0.672595
vn 0.740011 0.000000 -0.672595
vn 0.000000 0.000000 -1.000000
vn 0.000000 0.000000 -1.000000
vn 0.000000 0.000000 -1.000000
vn 0.000000 0.000000 -1.000000
vn 0.000000 1.000000 0.000008
vn 0.000000 1.000000 0.000008
vn 0.000000 1.000000 0.000008
vn 0.000000 1.000000 0.000008
vn 0.000000 1.000000 0.000000
vn 0.000000 1.000000 0.000000
vn 0.000000 1.000000 0.000000
vn 0.000000 1.000000 0.000000
vn 0.000000 1.000000 0.000008
vn 0.000000 1.000000 0.000008
vn 0.000000 1.000000 0.000008
vn 0.000000 1.000000 0.000008
vn 0.000000 1.000000 0.000006
vn 0.000000 1.000000 0.000006
vn 0.000000 1.000000 0.000006
vn 0.000000 1.000000 0.000006
vn 0.000000 1.000000 0.000000
vn 0.000000 1.000000 0.000000
vn 0.000000 1.000000 0.000000
vn 0.000000 1.000000 0.000000
vn 0.000000 1.000000 0.000000
vn 0.000000 1.000000 0.000000
vn 0.000000 1.000000 0.000000
vn 0.000000 1.000000 0.000000
vn 0.000000 1.000000 -0.000008
vn 0.000000 1.000000 -0.000008
vn 0.000000 1.000000 -0.000008
vn 0.000000 1.000000 -0.000008
vn 0.000000 1.000000 -0.000006
vn 0.000000 1.000000 -0.000006
vn 0.000000 1.000000 -0.000006
vn 0.000000 1.000000 -0.000006
vn 0.740015 0.000000 0.672591
vn 0.740015 0.000000 0.672591
vn 0.740015 0.000000 0.672591
vn 0.740015 0.000000 0.672591
vn 1.000000 0.000000 0.000000
vn 1.000000 0.000000 0.000000
vn 1.000000 0.000000 0.000000
vn 1.000000 0.000000 0.000000
vn 0.740015 0.000000 -0.672591
vn 0.740015 0.000000 -0.672591
vn 0.740015 0.000000 -0.672591
vn 0.740015 0.000000 -0.672591
vn 0.000000 0.000000 -1.000000
vn 0.000000 0.000000 -1.000000
vn 0.000000 0.000000 -1.000000
vn 0.000000 0.000000 -1.000000
vn -0.740015 0.000000 -0.672591
vn -0.740015 0.000000 -0.672591
vn -0.740015 0.000000 -0.672591
vn -0.740015 0.000000 -0.672591
vn -1.000000 0.000000 0.000000
vn -1.000000 0.000000 0.000000
vn -1.000000 0.000000 0.000000
vn -1.000000 0.000000 0.000000
vn -0.740015 0.000000 0.672591
vn -0.740015 0.000000 0.672591
vn -0.740015 0.000000 0.672591
vn -0.740015 0.000000 0.672591
vn 0.000000 0.000000 1.000000
vn 0.000000 0.000000 1.000000
vn 0.000000 0.000000 1.000000
vn 0.000000 0.000000 1.000000
vn 0.673899 0.004396 -0.738810
vn 0.673899 0.004396 -0.738810
vn 0.673899 0.004396 -0.738810
vn 0.673899 0.004396 -0.738810
vn 0.958330 0.285663 0.000000
vn 0.958330 0.285663 0.000000
vn 0.958330 0.285663 0.000000
vn 0.958330 0.285663 0.000000
vn 0.707160 -0.000510 0.707053
vn 0.707160 -0.000510 0.707053
vn 0.707160 -0.000510 0.707053
vn 0.707160 -0.000510 0.707053
vn 0.917410 -0.397944 0.000550
vn 0.917410 -0.397944 0.000550
vn 0.917410 -0.397944 0.000550
vn 0.917410 -0.397944 0.000550
vn 0.599098 -0.021127 0.800397
vn 0.599098 -0.021127 0.800397
vn 0.599098 -0.021127 0.800397
vn 0.599098 -0.021127 0.800397
vn 0.000000 0.284989 0.958531
vn 0.000000 0.284989 0.958531
vn 0.000000 0.284989 0.958531
vn 0.000000 0.284989 0.958531
vn -0.634207 -0.017090 0.772974
vn -0.634207 -0.017090 0.772974
vn -0.634207 -0.017090 0.772974
vn -0.634207 -0.017090 0.772974
vn -0.000281 -0.242917 0.970047
vn -0.000281 -0.242917 0.970047
vn -0.000281 -0.242917 0.970047
vn -0.000281 -0.242917 0.970047
vn 0.997715 0.067567 0.000000
vn 0.997715 0.067567 0.000000
vn 0.997715 0.067567 0.000000
vn 0.997715 0.067567 0.000000
vn 0.000000 1.000000 0.000000
vn 0.000000 1.000000 0.000000
vn 0.000000 1.000000 0.000000
vn 0.000000 1.000000 0.000000
vn -0.997763 0.066853 -0.000002
vn -0.997763 0.066853 -0.000002
vn -0.997763 0.066853 -0.000002
vn -0.997763 0.066853 -0.000002
vn -0.001692 -0.999999 0.000000
vn -0.001692 -0.999999 0.000000
vn -0.001692 -0.999999 0.000000
vn -0.001692 -0.999999 0.000000
vn 0.000000 0.067568 -0.997715
vn 0.000000 0.067568 -0.997715
vn 0.000000 0.067568 -0.997715
vn 0.000000 0.067568 -0.997715
vn 0.000000 1.000000 0.000000
vn 0.000000 1.000000 0.000000
vn 0.000000 1.000000 0.000000
vn 0.000000 1.000000 0.000000
vn 0.000000 0.066854 0.997763
vn 0.000000 0.066854 0.997763
vn 0.000000 0.066854 0.997763
vn 0.000000 0.066854 0.997763
vn 0.000000 -0.999999 0.001693
vn 0.000000 -0.999999 0.001693
vn 0.000000 -0.999999 0.001693
vn 0.000000 -0.999999 0.001693
vn 0.747065 -0.095148 0.657906
vn 0.747065 -0.095148 0.657906
vn 0.747065 -0.095148 0.657906
vn 0.747065 -0.095148 0.657906
vn 0.947243 -0.320516 0.000000
vn 0.947243 -0.320516 0.000000
vn 0.947243 -0.320516 0.000000
vn 0.947243 -0.320516 0.000000
vn 0.819446 -0.093379 -0.565498
vn 0.819446 -0.093379 -0.565498
vn 0.819446 -0.093379 -0.565498
vn 0.819446 -0.093379 -0.565498
vn 0.979991 0.199039 -0.000468
vn 0.979991 0.199039 -0.000468
vn 0.979991 0.199039 -0.000468
vn 0.979991 0.199039 -0.000468
vn -0.570667 -0.093894 0.815796
vn -0.570667 -0.093894 0.815796
vn -0.570667 -0.093894 0.815796
vn -0.570667 -0.093894 0.815796
vn -0.017298 -0.287937 0.957493
vn -0.017298 -0.287937 0.957493
vn -0.017298 -0.287937 0.957493
vn -0.017298 -0.287937 0.957493
vn 0.529957 -0.092589 0.842955
vn 0.529957 -0.092589 0.842955
vn 0.529957 -0.092589 0.842955
vn 0.529957 -0.092589 0.842955
vn -0.011658 0.163456 0.986482
vn -0.011658 0.163456 0.986482
vn -0.011658 0.163456 0.986482
vn -0.011658 0.163456 0.986482
s off
g Nut1:bed Nut1:Nut Nut1:pole1OBJ_UV4
usemtl lambert40SG
f 747/1101/2911 748/1102/2912 797/1103/2913 796/1104/2914 793/1105/2915 792/1106/2916
f 748/1102/2917 749/1107/2918 802/1108/2919 801/1109/2920 798/1110/2921 797/1103/2922
f 749/1107/2923 750/1111/2924 807/1112/2925 806/1113/2926 803/1114/2927 802/1108/2928
f 750/1111/2929 747/1101/2930 792/1106/2931 791/1115/2932 808/1116/2933 807/1112/2934
f 795/1117/2935 793/1118/2936 796/1119/2937 800/1120/2938
f 799/1121/2939 798/1122/2940 801/1123/2941 805/1124/2942
f 804/1125/2943 803/1126/2944 806/1127/2945 810/1128/2946
f 809/1129/2947 808/1130/2948 791/1131/2949 794/1132/2950
f 752/1133/2951 751/1134/2952 767/1135/2953 766/1136/2954
f 751/1134/2955 756/1137/2956 768/1138/2957 767/1135/2958
f 754/1139/2959 753/1140/2960 777/1141/2961 776/1142/2962
f 753/1140/2963 752/1143/2964 775/1144/2965 777/1141/2966
f 756/1137/2967 755/1145/2968 757/1146/2969 762/1147/2970
f 755/1145/2971 754/1148/2972 758/1149/2973 757/1146/2974
f 760/1150/2975 759/1151/2976 779/1152/2977 778/1153/2978
f 759/1151/2979 758/1154/2980 780/1155/2981 779/1152/2982
f 762/1147/2983 761/1156/2984 769/1157/2985 774/1158/2986
f 761/1156/2987 760/1159/2988 770/1160/2989 769/1157/2990
f 764/1161/2991 763/1162/2992 773/1163/2993 772/1164/2994
f 763/1162/2995 768/1138/2996 774/1158/2997 773/1163/2998
f 766/1165/2999 765/1166/3000 782/1167/3001 781/1168/3002
f 765/1166/3003 764/1169/3004 783/1170/3005 782/1167/3006
f 772/1171/3007 771/1172/3008 786/1173/3009 785/1174/3010
f 771/1172/3011 770/1175/3012 784/1176/3013 786/1173/3014
f 868/1177/3015 867/1178/3016 869/1179/3017 870/1180/3018
f 764/1169/3019 772/1171/3020 785/1174/3021 783/1170/3022
f 760/1150/3023 778/1153/3024 784/1181/3025 770/1182/3026
f 872/1183/3027 871/1184/3028 873/1185/3029 874/1186/3030
f 756/1137/3031 762/1147/3032 748/1102/3033 747/1101/3034
f 762/1147/3035 774/1158/3036 749/1107/3037 748/1102/3038
f 774/1158/3039 768/1138/3040 750/1111/3041 749/1107/3042
f 768/1138/3043 756/1137/3044 747/1101/3045 750/1111/3046
f 784/1187/3047 778/1188/3048 779/1189/3049 780/1190/3050 776/1191/3051 777/1192/3052 775/1193/3053 781/1194/3054 782/1195/3055 783/1196/3056 785/1197/3057 786/1198/3058
f 755/1145/3059 756/1137/3060 751/1134/3061 787/1199/3062
f 751/1134/3063 752/1133/3064 753/1200/3065 787/1199/3066
f 753/1200/3067 754/1148/3068 755/1145/3069 787/1199/3070
f 761/1156/3071 762/1147/3072 757/1146/3073 788/1201/3074
f 757/1146/3075 758/1149/3076 759/1202/3077 788/1201/3078
f 759/1202/3079 760/1159/3080 761/1156/3081 788/1201/3082
f 767/1135/3083 768/1138/3084 763/1162/3085 789/1203/3086
f 763/1162/3087 764/1161/3088 765/1204/3089 789/1203/3090
f 765/1204/3091 766/1136/3092 767/1135/3093 789/1203/3094
f 773/1163/3095 774/1158/3096 769/1157/3097 790/1205/3098
f 769/1157/3099 770/1206/3100 771/1207/3101 790/1205/3102
f 771/1207/3103 772/1164/3104 773/1163/3105 790/1205/3106
f 844/1208/3107 843/1209/3108 845/1210/3109 846/1211/3110 847/1212/3111 848/1213/3112 849/1214/3113 850/1215/3114
f 791/1131/3115 793/1118/3116 795/1117/3117 794/1132/3118
f 796/1119/3119 798/1122/3120 799/1121/3121 800/1120/3122
f 801/1216/3123 803/1126/3124 804/1125/3125 805/1217/3126
f 806/1127/3127 808/1130/3128 809/1129/3129 810/1128/3130
f 791/1115/3131 792/1106/3132 793/1105/3133
f 796/1104/3134 797/1103/3135 798/1110/3136
f 801/1109/3137 802/1108/3138 803/1114/3139
f 806/1113/3140 807/1112/3141 808/1116/3142
f 794/1132/3143 795/1117/3144 811/1218/3145 812/1219/3146
f 795/1117/3147 800/1120/3148 813/1220/3149 811/1218/3150
f 800/1120/3151 799/1121/3152 814/1221/3153 813/1220/3154
f 799/1121/3155 805/1124/3156 815/1222/3157 814/1221/3158
f 805/1217/3159 804/1125/3160 816/1223/3161 815/1224/3162
f 804/1125/3163 810/1128/3164 817/1225/3165 816/1223/3166
f 810/1128/3167 809/1129/3168 818/1226/3169 817/1225/3170
f 809/1129/3171 794/1132/3172 812/1219/3173 818/1226/3174
f 812/1227/3175 811/1228/3176 819/1229/3177 820/1230/3178
f 811/1228/3179 813/1231/3180 821/1232/3181 819/1229/3182
f 813/1231/3183 814/1233/3184 822/1234/3185 821/1232/3186
f 814/1233/3187 815/1235/3188 823/1236/3189 822/1234/3190
f 815/1235/3191 816/1237/3192 824/1238/3193 823/1236/3194
f 816/1237/3195 817/1239/3196 825/1240/3197 824/1238/3198
f 817/1239/3199 818/1241/3200 826/1242/3201 825/1240/3202
f 818/1241/3203 812/1227/3204 820/1230/3205 826/1242/3206
f 820/1230/3207 819/1229/3208 827/1243/3209 828/1244/3210
f 819/1229/3211 821/1232/3212 829/1245/3213 827/1243/3214
f 821/1232/3215 822/1234/3216 830/1246/3217 829/1245/3218
f 822/1234/3219 823/1236/3220 831/1247/3221 830/1246/3222
f 823/1236/3223 824/1238/3224 832/1248/3225 831/1247/3226
f 824/1238/3227 825/1240/3228 833/1249/3229 832/1248/3230
f 825/1240/3231 826/1242/3232 834/1250/3233 833/1249/3234
f 826/1242/3235 820/1230/3236 828/1244/3237 834/1250/3238
f 828/1244/3239 827/1243/3240 835/1251/3241 836/1252/3242
f 827/1243/3243 829/1245/3244 837/1253/3245 835/1251/3246
f 829/1245/3247 830/1246/3248 838/1254/3249 837/1253/3250
f 830/1246/3251 831/1247/3252 839/1255/3253 838/1254/3254
f 831/1247/3255 832/1248/3256 840/1256/3257 839/1255/3258
f 832/1248/3259 833/1249/3260 841/1257/3261 840/1256/3262
f 833/1249/3263 834/1250/3264 842/1258/3265 841/1257/3266
f 834/1250/3267 828/1244/3268 836/1252/3269 842/1258/3270
f 836/1252/3271 835/1251/3272 843/1259/3273 844/1260/3274
f 835/1251/3275 837/1253/3276 845/1261/3277 843/1259/3278
f 837/1253/3279 838/1254/3280 846/1262/3281 845/1261/3282
f 838/1254/3283 839/1255/3284 847/1263/3285 846/1262/3286
f 839/1255/3287 840/1256/3288 848/1264/3289 847/1263/3290
f 840/1256/3291 841/1257/3292 849/1265/3293 848/1264/3294
f 841/1257/3295 842/1258/3296 850/1266/3297 849/1265/3298
f 842/1258/3299 836/1252/3300 844/1260/3301 850/1266/3302
f 754/1139/3303 776/1142/3304 851/1267/3305 852/1268/3306
f 776/1142/3307 780/1155/3308 853/1269/3309 851/1267/3310
f 780/1155/3311 758/1154/3312 854/1270/3313 853/1269/3314
f 758/1154/3315 754/1139/3316 852/1268/3317 854/1270/3318
f 766/1165/3319 781/1168/3320 855/1271/3321 856/1272/3322
f 781/1168/3323 775/1144/3324 857/1273/3325 855/1271/3326
f 775/1144/3327 752/1143/3328 858/1274/3329 857/1273/3330
f 752/1143/3331 766/1165/3332 856/1272/3333 858/1274/3334
f 856/1272/3335 855/1271/3336 859/1275/3337 860/1276/3338
f 855/1271/3339 857/1273/3340 861/1277/3341 859/1275/3342
f 857/1273/3343 858/1274/3344 862/1278/3345 861/1277/3346
f 858/1274/3347 856/1272/3348 860/1276/3349 862/1278/3350
f 852/1268/3351 851/1267/3352 863/1279/3353 864/1280/3354
f 851/1267/3355 853/1269/3356 865/1281/3357 863/1279/3358
f 853/1269/3359 854/1270/3360 866/1282/3361 865/1281/3362
f 854/1270/3363 852/1268/3364 864/1280/3365 866/1282/3366
f 864/1283/3367 863/1284/3368 867/1178/3369 868/1177/3370
f 863/1284/3371 865/1285/3372 869/1179/3373 867/1178/3374
f 865/1285/3375 866/1286/3376 870/1180/3377 869/1179/3378
f 866/1286/3379 864/1283/3380 868/1177/3381 870/1180/3382
f 860/1287/3383 859/1288/3384 871/1184/3385 872/1183/3386
f 859/1288/3387 861/1289/3388 873/1185/3389 871/1184/3390
f 861/1289/3391 862/1290/3392 874/1186/3393 873/1185/3394
f 862/1290/3395 860/1287/3396 872/1183/3397 874/1186/3398
g default
v -9.525675 6.796159 -8.057747
v -9.525675 6.796159 -8.921324
v -10.389252 6.796159 -8.921324
v -10.389252 6.796159 -8.057747
v -9.291101 6.780694 -7.786505
v -9.294065 6.744226 -7.773881
v -9.256976 6.745363 -7.788465
v -9.241629 6.746475 -7.823697
v -9.254378 6.781334 -7.821974
v -9.289786 6.796159 -7.821860
v -9.254433 6.780694 -9.155897
v -9.241807 6.744226 -9.152934
v -9.256392 6.745363 -9.190024
v -9.291624 6.746475 -9.205370
v -9.289902 6.781334 -9.192622
v -9.289786 6.796159 -9.157213
v -10.660493 6.780694 -7.823176
v -10.673119 6.744226 -7.826139
v -10.658534 6.745363 -7.789049
v -10.623302 6.746475 -7.773703
v -10.625025 6.781334 -7.786451
v -10.625140 6.796159 -7.821860
v -10.623824 6.780694 -9.192567
v -10.620861 6.744226 -9.205192
v -10.657951 6.745363 -9.190608
v -10.673297 6.746475 -9.155376
v -10.660549 6.781334 -9.157097
v -10.625140 6.796159 -9.157213
v -9.507458 3.559432 -7.989536
v -9.457463 3.559432 -8.039532
v -9.472106 3.559432 -8.004180
v -9.507458 3.559432 -8.989536
v -9.472106 3.559432 -8.974893
v -9.457463 3.559432 -8.939540
v -10.407468 3.559432 -7.989536
v -10.442820 3.559432 -8.004180
v -10.457463 3.559432 -8.039532
v -10.407468 3.559432 -8.989536
v -10.457463 3.559432 -8.939540
v -10.442820 3.559432 -8.974893
v -9.261625 6.774341 -7.793255
v -9.261183 6.774341 -9.185375
v -10.653744 6.774341 -7.793698
v -10.653302 6.774341 -9.185816
v -9.656252 6.761170 -8.112022
v -9.541961 6.785659 -8.074034
v -9.579948 6.761170 -8.188325
v -9.694252 12.394944 -8.150022
v -9.617949 12.394944 -8.226325
v -9.579948 6.761170 -8.790748
v -9.541961 6.785659 -8.905038
v -9.656252 6.761170 -8.867051
v -9.694252 12.394944 -8.829051
v -9.617949 12.394944 -8.752748
v -10.258675 6.761170 -8.867051
v -10.372966 6.785659 -8.905038
v -10.334978 6.761170 -8.790748
v -10.296978 12.394944 -8.752748
v -10.220675 12.394944 -8.829051
v -10.334978 6.761170 -8.188325
v -10.372966 6.785659 -8.074034
v -10.258675 6.761170 -8.112022
v -10.220675 12.394944 -8.150022
v -10.296978 12.394944 -8.226325
v -9.503181 12.639428 -8.137351
v -9.605278 12.639428 -8.035255
v -9.503181 12.639428 -8.841722
v -9.605278 12.639428 -8.943818
v -10.309649 12.639428 -8.943818
v -10.411745 12.639428 -8.841722
v -10.411745 12.639428 -8.137351
v -10.309649 12.639428 -8.035255
v -9.617949 12.639428 -8.199943
v -9.694252 12.639428 -8.115990
v -9.617949 12.639428 -8.779130
v -9.694252 12.639428 -8.863082
v -10.220675 12.639428 -8.863082
v -10.296977 12.639428 -8.779130
v -10.296978 12.639428 -8.199943
v -10.220675 12.639428 -8.115990
v -9.617949 12.598714 -8.199943
v -9.694252 12.598714 -8.115990
v -9.617949 12.598714 -8.779130
v -9.694252 12.598714 -8.863082
v -10.220675 12.598714 -8.863082
v -10.296977 12.598714 -8.779130
v -10.296978 12.598714 -8.199943
v -10.220675 12.598714 -8.115990
v -9.735541 12.598714 -8.300245
v -9.785418 12.598714 -8.245370
v -9.735541 12.598714 -8.678827
v -9.785418 12.598714 -8.733703
v -10.129510 12.598714 -8.733703
v -10.179385 12.598714 -8.678827
v -10.179385 12.598714 -8.300245
v -10.129510 12.598714 -8.245370
v -9.735541 12.640866 -8.300245
v -9.785418 12.640866 -8.245370
v -9.735541 12.640866 -8.678827
v -9.785418 12.640866 -8.733703
v -10.129510 12.640866 -8.733703
v -10.179385 12.640866 -8.678827
v -10.179385 12.640866 -8.300245
v -10.129510 12.640866 -8.245370
v -9.545888 3.856075 -8.118423
v -9.370232 6.449832 -7.942766
v -9.545888 3.856075 -8.850889
v -9.370378 6.448001 -9.024558
v -10.319044 3.856075 -8.077734
v -10.494699 6.449832 -7.847950
v -9.586576 3.856075 -8.077734
v -9.412907 6.448001 -7.848095
v -10.319044 3.856075 -8.134368
v -10.494699 6.449832 -7.958713
v -9.586576 3.856075 -8.110905
v -9.412907 6.448001 -7.935395
v -9.604612 3.856075 -8.118423
v -9.428957 6.449832 -7.942766
v -9.604612 3.856075 -8.850889
v -9.429102 6.448001 -9.024558
v -9.505053 4.150311 -8.188921
v -9.369250 6.155596 -8.053118
v -9.505053 4.150311 -8.755205
v -9.369361 6.154181 -8.889472
v -10.223883 4.150311 -8.033936
v -10.359686 6.155596 -7.898133
v -9.657598 4.150311 -8.033936
v -9.523331 6.154181 -7.898245
vt 0.376464 0.913086
vt 0.341136 0.912972
vt 0.342152 0.911954
vt 0.347393 0.908798
vt 0.370197 0.908912
vt 0.375446 0.912069
vt 0.341150 0.877475
vt 0.342181 0.878504
vt 0.345362 0.883787
vt 0.345310 0.906708
vt 0.376639 0.877712
vt 0.375618 0.878723
vt 0.370360 0.881856
vt 0.347469 0.881678
vt 0.372292 0.906830
vt 0.372433 0.883952
vt 0.115219 0.666927
vt 0.117515 0.943701
vt 0.088468 0.943822
vt 0.088925 0.667292
vt 0.083514 0.667673
vt 0.083265 0.943829
vt 0.053761 0.943686
vt 0.058091 0.671865
vt 0.178385 0.669194
vt 0.186264 0.943313
vt 0.157054 0.943630
vt 0.152312 0.667495
vt 0.146899 0.667352
vt 0.151830 0.943656
vt 0.122714 0.943685
vt 0.120667 0.666831
vt 0.393218 0.925861
vt 0.391058 0.925628
vt 0.391303 0.865349
vt 0.393364 0.865088
vt 0.388885 0.925548
vt 0.389144 0.865453
vt 0.364441 0.807170
vt 0.362217 0.807215
vt 0.360928 0.675275
vt 0.363023 0.675216
vt 0.359915 0.807099
vt 0.358832 0.675253
vt 0.389002 0.927706
vt 0.328667 0.927595
vt 0.328736 0.925422
vt 0.389278 0.929764
vt 0.328448 0.929758
vt 0.418717 0.809335
vt 0.416515 0.809371
vt 0.399320 0.666935
vt 0.401388 0.666302
vt 0.414219 0.809268
vt 0.397240 0.667454
vt 0.326590 0.925558
vt 0.326426 0.864681
vt 0.328615 0.864852
vt 0.324536 0.925859
vt 0.324235 0.864841
vt 0.389529 0.861138
vt 0.389257 0.863289
vt 0.328665 0.862689
vt 0.328559 0.860606
vt 0.309889 0.811139
vt 0.307675 0.811144
vt 0.323697 0.667157
vt 0.325771 0.667667
vt 0.305400 0.811009
vt 0.321635 0.666530
vt 0.230963 0.800595
vt 0.228870 0.800040
vt 0.270576 0.652910
vt 0.272667 0.653431
vt 0.226744 0.799326
vt 0.268519 0.652268
vt 0.558367 0.940746
vt 0.564910 0.842725
vt 0.592365 0.842422
vt 0.599167 0.940898
vt 0.450421 0.653182
vt 0.492890 0.798162
vt 0.462387 0.940665
vt 0.468922 0.842448
vt 0.496464 0.842412
vt 0.503146 0.940645
vt 0.585451 0.754754
vt 0.541506 0.754939
vt 0.539777 0.754231
vt 0.539055 0.752508
vt 0.538870 0.708563
vt 0.539577 0.706833
vt 0.541300 0.706111
vt 0.585246 0.705926
vt 0.586975 0.706634
vt 0.587697 0.708357
vt 0.587882 0.752302
vt 0.587175 0.754032
vt 0.390617 0.927278
vt 0.391707 0.928325
vt 0.327022 0.927168
vt 0.325987 0.928270
vt 0.390898 0.863740
vt 0.391959 0.862663
vt 0.327099 0.862966
vt 0.324523 0.863319
vt 0.326255 0.861606
vt 0.268228 0.918109
vt 0.270678 0.920774
vt 0.270783 0.939259
vt 0.268363 0.941953
vt 0.251562 0.942048
vt 0.249112 0.939382
vt 0.249007 0.920897
vt 0.251427 0.918204
vt 0.191537 0.943253
vt 0.183663 0.669772
vt 0.115019 0.653422
vt 0.119808 0.653612
vt 0.086658 0.654439
vt 0.081287 0.654418
vt 0.049764 0.660841
vt 0.183513 0.656846
vt 0.189743 0.659046
vt 0.153255 0.653528
vt 0.148186 0.653426
vt 0.281925 0.880954
vt 0.276046 0.887073
vt 0.272670 0.880942
vt 0.277612 0.876435
vt 0.242242 0.887076
vt 0.245624 0.880993
vt 0.236399 0.881069
vt 0.240653 0.876488
vt 0.236292 0.847031
vt 0.240591 0.851591
vt 0.242243 0.840972
vt 0.245575 0.847113
vt 0.275923 0.841013
vt 0.272546 0.847098
vt 0.281791 0.846977
vt 0.277548 0.851579
vt 0.271861 0.878930
vt 0.275604 0.875631
vt 0.246400 0.878961
vt 0.242620 0.875627
vt 0.242584 0.852415
vt 0.246383 0.849128
vt 0.271762 0.849128
vt 0.275596 0.852458
vt 0.266442 0.872603
vt 0.268681 0.870549
vt 0.251780 0.872576
vt 0.249528 0.870528
vt 0.249559 0.857500
vt 0.251788 0.855482
vt 0.266408 0.855509
vt 0.268631 0.857521
vt 0.265201 0.870280
vt 0.266343 0.869309
vt 0.252960 0.870213
vt 0.251813 0.869265
vt 0.251878 0.858752
vt 0.253010 0.857815
vt 0.265230 0.857875
vt 0.266367 0.858802
vt 0.371033 0.688260
vt 0.372265 0.792226
vt 0.390970 0.683857
vt 0.404025 0.794152
vt 0.332209 0.684054
vt 0.318282 0.795900
vt 0.351070 0.688539
vt 0.353566 0.793685
vt 0.334776 0.686574
vt 0.324020 0.791478
vt 0.349424 0.689599
vt 0.349486 0.790256
vt 0.373965 0.690049
vt 0.375026 0.789940
vt 0.388362 0.686543
vt 0.400952 0.791769
vt 0.551634 0.955280
vt 0.560096 0.827558
vt 0.598094 0.827326
vt 0.606888 0.955326
vt 0.454676 0.955041
vt 0.463118 0.827469
vt 0.500645 0.827451
vt 0.509299 0.955113
vn -0.541845 0.840479 0.000000
vn -0.541845 0.840479 0.000000
vn -0.290407 0.911772 0.290405
vn -0.526015 0.850443 0.007397
vn -0.526015 0.850443 -0.007396
vn -0.290407 0.911772 -0.290405
vn 0.000000 0.840480 0.541842
vn 0.000000 0.840480 0.541842
vn 0.290407 0.911772 0.290405
vn 0.007397 0.850445 0.526012
vn -0.007397 0.850445 0.526012
vn -0.290407 0.911772 0.290405
vn 0.541845 0.840479 0.000000
vn 0.541845 0.840479 0.000000
vn 0.290407 0.911772 -0.290405
vn 0.526015 0.850443 -0.007397
vn 0.526015 0.850443 0.007396
vn 0.290407 0.911772 0.290405
vn 0.000000 0.840480 -0.541842
vn 0.000000 0.840480 -0.541842
vn -0.290407 0.911772 -0.290405
vn -0.007397 0.850445 -0.526012
vn 0.007397 0.850445 -0.526012
vn 0.290407 0.911772 -0.290405
vn 0.999977 0.006745 0.000000
vn 0.999977 0.006745 0.000000
vn 0.999977 0.006745 0.000000
vn 0.999977 0.006745 0.000000
vn 0.000000 0.006745 -0.999977
vn 0.000000 0.006745 -0.999977
vn 0.000000 0.006745 -0.999977
vn 0.000000 0.006745 -0.999977
vn -0.999977 0.006745 0.000000
vn -0.999977 0.006745 0.000000
vn -0.999977 0.006745 0.000000
vn -0.999977 0.006745 0.000000
vn 0.000000 0.006745 0.999977
vn 0.000000 0.006745 0.999977
vn 0.000000 0.006745 0.999977
vn 0.000000 0.006745 0.999977
vn 0.275457 0.036871 0.960606
vn 0.007777 0.333590 0.942686
vn -0.007040 0.334035 0.942534
vn -0.283445 0.039960 0.958156
vn 0.006611 0.919475 0.393093
vn 0.057878 0.996708 0.056768
vn -0.056768 0.996708 0.057878
vn -0.006917 0.919679 0.392610
vn 0.958156 0.039966 0.283444
vn 0.917599 -0.085398 0.388225
vn 0.917273 -0.088326 0.388340
vn 0.917273 -0.088326 0.388340
vn 0.373530 -0.084504 0.923761
vn 0.275457 0.036871 0.960606
vn 0.373896 -0.087670 0.923318
vn 0.373896 -0.087670 0.923318
vn 0.057878 0.996708 0.056768
vn 0.392611 0.919679 0.006917
vn 0.393094 0.919475 -0.006611
vn 0.056768 0.996708 -0.057880
vn 0.942528 0.334054 0.007040
vn 0.958156 0.039966 0.283444
vn 0.960605 0.036877 -0.275461
vn 0.942680 0.333609 -0.007777
vn 0.013504 -0.062580 -0.997949
vn 0.388229 -0.085398 -0.917598
vn 0.388344 -0.088326 -0.917272
vn 0.012167 -0.068377 -0.997585
vn 0.923759 -0.084504 -0.373536
vn 0.960605 0.036877 -0.275461
vn 0.923315 -0.087670 -0.373902
vn 0.923315 -0.087670 -0.373902
vn 0.056768 0.996708 -0.057880
vn 0.006916 0.919673 -0.392625
vn -0.006611 0.919468 -0.393108
vn -0.057878 0.996708 -0.056771
vn 0.007040 0.334039 -0.942533
vn 0.013504 -0.062580 -0.997949
vn -0.013682 -0.062521 -0.997950
vn -0.007777 0.333594 -0.942685
vn -0.997950 -0.062520 0.013682
vn -0.942678 0.333613 0.007777
vn -0.942526 0.334058 -0.007039
vn -0.997949 -0.062580 -0.013504
vn -0.393099 0.919473 0.006611
vn -0.056768 0.996708 0.057878
vn -0.057878 0.996708 -0.056771
vn -0.392615 0.919677 -0.006917
vn -0.283445 0.039960 0.958156
vn -0.388227 -0.085399 0.917599
vn -0.388342 -0.088326 0.917273
vn -0.388342 -0.088326 0.917273
vn -0.923758 -0.084503 0.373539
vn -0.997950 -0.062520 0.013682
vn -0.997590 -0.068357 0.011939
vn -0.923314 -0.087669 0.373905
vn -0.997949 -0.062580 -0.013504
vn -0.917601 -0.085399 -0.388222
vn -0.917274 -0.088327 -0.388338
vn -0.997585 -0.068376 -0.012167
vn -0.373531 -0.084503 -0.923761
vn -0.013682 -0.062521 -0.997950
vn -0.011938 -0.068357 -0.997590
vn -0.373897 -0.087669 -0.923317
vn 0.997715 -0.067564 -0.000011
vn 0.997715 -0.067564 -0.000011
vn 0.997715 -0.067564 -0.000011
vn 0.997715 -0.067564 -0.000011
vn -0.997950 -0.062520 0.013682
vn -0.997949 -0.062580 -0.013504
vn -0.997585 -0.068376 -0.012167
vn -0.997590 -0.068357 0.011939
vn 0.013504 -0.062580 -0.997949
vn 0.012167 -0.068377 -0.997585
vn -0.011938 -0.068357 -0.997590
vn -0.013682 -0.062521 -0.997950
vn 0.000012 -0.067564 0.997715
vn 0.000012 -0.067564 0.997715
vn 0.000012 -0.067564 0.997715
vn 0.000012 -0.067564 0.997715
vn 0.057878 0.996708 0.056768
vn 0.056768 0.996708 -0.057880
vn 0.000000 1.000000 0.000000
vn 0.000000 1.000000 0.000000
vn 0.056768 0.996708 -0.057880
vn -0.057878 0.996708 -0.056771
vn 0.000000 1.000000 0.000000
vn 0.000000 1.000000 0.000000
vn -0.057878 0.996708 -0.056771
vn -0.056768 0.996708 0.057878
vn 0.000000 1.000000 0.000000
vn 0.000000 1.000000 0.000000
vn -0.056768 0.996708 0.057878
vn 0.057878 0.996708 0.056768
vn 0.000000 1.000000 0.000000
vn 0.000000 1.000000 0.000000
vn 0.000000 -1.000000 0.000000
vn 0.000000 -1.000000 0.000000
vn 0.000000 -1.000000 0.000000
vn 0.000000 -1.000000 0.000000
vn 0.000000 -1.000000 0.000000
vn 0.000000 -1.000000 0.000000
vn 0.000000 -1.000000 0.000000
vn 0.000000 -1.000000 0.000000
vn 0.000000 -1.000000 0.000000
vn 0.000000 -1.000000 0.000000
vn 0.000000 -1.000000 0.000000
vn 0.000000 -1.000000 0.000000
vn 0.392611 0.919679 0.006917
vn 0.057878 0.996708 0.056768
vn 0.006611 0.919475 0.393093
vn 0.323886 0.878500 0.351191
vn 0.007777 0.333590 0.942686
vn 0.275457 0.036871 0.960606
vn 0.373530 -0.084504 0.923761
vn 0.313195 0.251745 0.915715
vn 0.917599 -0.085398 0.388225
vn 0.958156 0.039966 0.283444
vn 0.942528 0.334054 0.007040
vn 0.899074 0.261893 0.350826
vn 0.006916 0.919673 -0.392625
vn 0.056768 0.996708 -0.057880
vn 0.393094 0.919475 -0.006611
vn 0.351202 0.878497 -0.323883
vn 0.942680 0.333609 -0.007777
vn 0.960605 0.036877 -0.275461
vn 0.923759 -0.084504 -0.373536
vn 0.915713 0.251744 -0.313200
vn 0.388229 -0.085398 -0.917598
vn 0.013504 -0.062580 -0.997949
vn 0.007040 0.334039 -0.942533
vn 0.350827 0.261870 -0.899080
vn -0.006917 0.919679 0.392610
vn -0.056768 0.996708 0.057878
vn -0.393099 0.919473 0.006611
vn -0.351205 0.878495 0.323886
vn -0.942678 0.333613 0.007777
vn -0.997950 -0.062520 0.013682
vn -0.923758 -0.084503 0.373539
vn -0.915709 0.251756 0.313202
vn -0.388227 -0.085399 0.917599
vn -0.283445 0.039960 0.958156
vn -0.007040 0.334035 0.942534
vn -0.350829 0.261866 0.899080
vn -0.392615 0.919677 -0.006917
vn -0.057878 0.996708 -0.056771
vn -0.006611 0.919468 -0.393108
vn -0.323883 0.878496 -0.351206
vn -0.007777 0.333594 -0.942685
vn -0.013682 -0.062521 -0.997950
vn -0.373531 -0.084503 -0.923761
vn -0.313196 0.251746 -0.915714
vn -0.917601 -0.085399 -0.388222
vn -0.997949 -0.062580 -0.013504
vn -0.942526 0.334058 -0.007039
vn -0.899078 0.261884 -0.350821
vn 0.000000 1.000000 0.000000
vn 0.000000 1.000000 0.000000
vn 0.000000 1.000000 0.000000
vn 0.000000 1.000000 0.000000
vn 0.000000 1.000000 0.000000
vn 0.000000 1.000000 0.000000
vn 0.000000 1.000000 0.000000
vn 0.000000 1.000000 0.000000
vn 0.707076 0.009539 0.707073
vn 0.707076 0.009539 0.707073
vn 0.707076 0.009539 0.707073
vn 0.707076 0.009539 0.707073
vn 0.707076 0.009539 -0.707073
vn 0.707076 0.009539 -0.707073
vn 0.707076 0.009539 -0.707073
vn 0.707076 0.009539 -0.707073
vn -0.707076 0.009539 -0.707074
vn -0.707076 0.009539 -0.707074
vn -0.707076 0.009539 -0.707074
vn -0.707076 0.009539 -0.707074
vn -0.707076 0.009539 0.707074
vn -0.707076 0.009539 0.707074
vn -0.707076 0.009539 0.707074
vn -0.707076 0.009539 0.707074
vn -0.007397 0.850445 -0.526012
vn -0.290407 0.911772 -0.290405
vn -0.526015 0.850443 -0.007396
vn -0.526015 0.850443 0.007397
vn -0.290407 0.911772 0.290405
vn -0.007397 0.850445 0.526012
vn 0.007397 0.850445 0.526012
vn 0.290407 0.911772 0.290405
vn 0.526015 0.850443 0.007396
vn 0.526015 0.850443 -0.007397
vn 0.290407 0.911772 -0.290405
vn 0.007397 0.850445 -0.526012
vn 0.609205 -0.507682 0.609203
vn 0.609205 -0.507682 0.609203
vn 0.609205 -0.507682 0.609203
vn 0.609205 -0.507682 0.609203
vn 0.905224 -0.424935 0.000000
vn 0.905224 -0.424935 0.000000
vn 0.905224 -0.424935 0.000000
vn 0.905224 -0.424935 0.000000
vn 0.609204 -0.507683 -0.609203
vn 0.609204 -0.507683 -0.609203
vn 0.609204 -0.507683 -0.609203
vn 0.609204 -0.507683 -0.609203
vn 0.000000 -0.424934 -0.905224
vn 0.000000 -0.424934 -0.905224
vn 0.000000 -0.424934 -0.905224
vn 0.000000 -0.424934 -0.905224
vn -0.609205 -0.507682 -0.609203
vn -0.609205 -0.507682 -0.609203
vn -0.609205 -0.507682 -0.609203
vn -0.609205 -0.507682 -0.609203
vn -0.905224 -0.424935 0.000000
vn -0.905224 -0.424935 0.000000
vn -0.905224 -0.424935 0.000000
vn -0.905224 -0.424935 0.000000
vn -0.609206 -0.507683 0.609201
vn -0.609206 -0.507683 0.609201
vn -0.609206 -0.507683 0.609201
vn -0.609206 -0.507683 0.609201
vn 0.000000 -0.424934 0.905224
vn 0.000000 -0.424934 0.905224
vn 0.000000 -0.424934 0.905224
vn 0.000000 -0.424934 0.905224
vn 0.000000 1.000000 0.000000
vn 0.000000 1.000000 0.000000
vn 0.000000 1.000000 0.000000
vn 0.000000 1.000000 0.000000
vn 0.000000 1.000000 0.000000
vn 0.000000 1.000000 0.000000
vn 0.000000 1.000000 0.000000
vn 0.000000 1.000000 0.000000
vn 0.000000 1.000000 0.000008
vn 0.000000 1.000000 0.000008
vn 0.000000 1.000000 0.000008
vn 0.000000 1.000000 0.000008
vn 0.000000 1.000000 0.000000
vn 0.000000 1.000000 0.000000
vn 0.000000 1.000000 0.000000
vn 0.000000 1.000000 0.000000
vn 0.000000 1.000000 0.000000
vn 0.000000 1.000000 0.000000
vn 0.000000 1.000000 0.000000
vn 0.000000 1.000000 0.000000
vn 0.000000 1.000000 0.000002
vn 0.000000 1.000000 0.000002
vn 0.000000 1.000000 0.000002
vn 0.000000 1.000000 0.000002
vn 0.000000 1.000000 0.000000
vn 0.000000 1.000000 0.000000
vn 0.000000 1.000000 0.000000
vn 0.000000 1.000000 0.000000
vn 0.000000 1.000000 0.000000
vn 0.000000 1.000000 0.000000
vn 0.000000 1.000000 0.000000
vn 0.000000 1.000000 0.000000
vn -0.740011 0.000000 -0.672595
vn -0.740011 0.000000 -0.672595
vn -0.740011 0.000000 -0.672595
vn -0.740011 0.000000 -0.672595
vn -1.000000 0.000000 0.000000
vn -1.000000 0.000000 0.000000
vn -1.000000 0.000000 0.000000
vn -1.000000 0.000000 0.000000
vn -0.740011 0.000000 0.672595
vn -0.740011 0.000000 0.672595
vn -0.740011 0.000000 0.672595
vn -0.740011 0.000000 0.672595
vn 0.000000 0.000000 1.000000
vn 0.000000 0.000000 1.000000
vn 0.000000 0.000000 1.000000
vn 0.000000 0.000000 1.000000
vn 0.740017 0.000000 0.672588
vn 0.740017 0.000000 0.672588
vn 0.740017 0.000000 0.672588
vn 0.740017 0.000000 0.672588
vn 1.000000 0.000000 0.000000
vn 1.000000 0.000000 0.000000
vn 1.000000 0.000000 0.000000
vn 1.000000 0.000000 0.000000
vn 0.740011 0.000000 -0.672595
vn 0.740011 0.000000 -0.672595
vn 0.740011 0.000000 -0.672595
vn 0.740011 0.000000 -0.672595
vn 0.000000 0.000000 -1.000000
vn 0.000000 0.000000 -1.000000
vn 0.000000 0.000000 -1.000000
vn 0.000000 0.000000 -1.000000
vn 0.000000 1.000000 0.000008
vn 0.000000 1.000000 0.000008
vn 0.000000 1.000000 0.000008
vn 0.000000 1.000000 0.000008
vn 0.000000 1.000000 0.000000
vn 0.000000 1.000000 0.000000
vn 0.000000 1.000000 0.000000
vn 0.000000 1.000000 0.000000
vn 0.000000 1.000000 0.000008
vn 0.000000 1.000000 0.000008
vn 0.000000 1.000000 0.000008
vn 0.000000 1.000000 0.000008
vn 0.000000 1.000000 0.000006
vn 0.000000 1.000000 0.000006
vn 0.000000 1.000000 0.000006
vn 0.000000 1.000000 0.000006
vn 0.000000 1.000000 0.000000
vn 0.000000 1.000000 0.000000
vn 0.000000 1.000000 0.000000
vn 0.000000 1.000000 0.000000
vn 0.000000 1.000000 0.000000
vn 0.000000 1.000000 0.000000
vn 0.000000 1.000000 0.000000
vn 0.000000 1.000000 0.000000
vn 0.000000 1.000000 -0.000008
vn 0.000000 1.000000 -0.000008
vn 0.000000 1.000000 -0.000008
vn 0.000000 1.000000 -0.000008
vn 0.000000 1.000000 -0.000006
vn 0.000000 1.000000 -0.000006
vn 0.000000 1.000000 -0.000006
vn 0.000000 1.000000 -0.000006
vn 0.740015 0.000000 0.672591
vn 0.740015 0.000000 0.672591
vn 0.740015 0.000000 0.672591
vn 0.740015 0.000000 0.672591
vn 1.000000 0.000000 0.000000
vn 1.000000 0.000000 0.000000
vn 1.000000 0.000000 0.000000
vn 1.000000 0.000000 0.000000
vn 0.740015 0.000000 -0.672591
vn 0.740015 0.000000 -0.672591
vn 0.740015 0.000000 -0.672591
vn 0.740015 0.000000 -0.672591
vn 0.000000 0.000000 -1.000000
vn 0.000000 0.000000 -1.000000
vn 0.000000 0.000000 -1.000000
vn 0.000000 0.000000 -1.000000
vn -0.740015 0.000000 -0.672591
vn -0.740015 0.000000 -0.672591
vn -0.740015 0.000000 -0.672591
vn -0.740015 0.000000 -0.672591
vn -1.000000 0.000000 0.000000
vn -1.000000 0.000000 0.000000
vn -1.000000 0.000000 0.000000
vn -1.000000 0.000000 0.000000
vn -0.740015 0.000000 0.672591
vn -0.740015 0.000000 0.672591
vn -0.740015 0.000000 0.672591
vn -0.740015 0.000000 0.672591
vn 0.000000 0.000000 1.000000
vn 0.000000 0.000000 1.000000
vn 0.000000 0.000000 1.000000
vn 0.000000 0.000000 1.000000
vn 0.673899 0.004396 -0.738810
vn 0.673899 0.004396 -0.738810
vn 0.673899 0.004396 -0.738810
vn 0.673899 0.004396 -0.738810
vn 0.958330 0.285663 0.000000
vn 0.958330 0.285663 0.000000
vn 0.958330 0.285663 0.000000
vn 0.958330 0.285663 0.000000
vn 0.707160 -0.000510 0.707053
vn 0.707160 -0.000510 0.707053
vn 0.707160 -0.000510 0.707053
vn 0.707160 -0.000510 0.707053
vn 0.917410 -0.397944 0.000550
vn 0.917410 -0.397944 0.000550
vn 0.917410 -0.397944 0.000550
vn 0.917410 -0.397944 0.000550
vn 0.599098 -0.021127 0.800397
vn 0.599098 -0.021127 0.800397
vn 0.599098 -0.021127 0.800397
vn 0.599098 -0.021127 0.800397
vn 0.000000 0.284989 0.958531
vn 0.000000 0.284989 0.958531
vn 0.000000 0.284989 0.958531
vn 0.000000 0.284989 0.958531
vn -0.634207 -0.017090 0.772974
vn -0.634207 -0.017090 0.772974
vn -0.634207 -0.017090 0.772974
vn -0.634207 -0.017090 0.772974
vn -0.000281 -0.242917 0.970047
vn -0.000281 -0.242917 0.970047
vn -0.000281 -0.242917 0.970047
vn -0.000281 -0.242917 0.970047
vn 0.997715 0.067567 0.000000
vn 0.997715 0.067567 0.000000
vn 0.997715 0.067567 0.000000
vn 0.997715 0.067567 0.000000
vn 0.000000 1.000000 0.000000
vn 0.000000 1.000000 0.000000
vn 0.000000 1.000000 0.000000
vn 0.000000 1.000000 0.000000
vn -0.997763 0.066853 -0.000002
vn -0.997763 0.066853 -0.000002
vn -0.997763 0.066853 -0.000002
vn -0.997763 0.066853 -0.000002
vn -0.001692 -0.999999 0.000000
vn -0.001692 -0.999999 0.000000
vn -0.001692 -0.999999 0.000000
vn -0.001692 -0.999999 0.000000
vn 0.000000 0.067568 -0.997715
vn 0.000000 0.067568 -0.997715
vn 0.000000 0.067568 -0.997715
vn 0.000000 0.067568 -0.997715
vn 0.000000 1.000000 0.000000
vn 0.000000 1.000000 0.000000
vn 0.000000 1.000000 0.000000
vn 0.000000 1.000000 0.000000
vn 0.000000 0.066854 0.997763
vn 0.000000 0.066854 0.997763
vn 0.000000 0.066854 0.997763
vn 0.000000 0.066854 0.997763
vn 0.000000 -0.999999 0.001693
vn 0.000000 -0.999999 0.001693
vn 0.000000 -0.999999 0.001693
vn 0.000000 -0.999999 0.001693
vn 0.747065 -0.095148 0.657906
vn 0.747065 -0.095148 0.657906
vn 0.747065 -0.095148 0.657906
vn 0.747065 -0.095148 0.657906
vn 0.947243 -0.320516 0.000000
vn 0.947243 -0.320516 0.000000
vn 0.947243 -0.320516 0.000000
vn 0.947243 -0.320516 0.000000
vn 0.819446 -0.093379 -0.565498
vn 0.819446 -0.093379 -0.565498
vn 0.819446 -0.093379 -0.565498
vn 0.819446 -0.093379 -0.565498
vn 0.979991 0.199039 -0.000468
vn 0.979991 0.199039 -0.000468
vn 0.979991 0.199039 -0.000468
vn 0.979991 0.199039 -0.000468
vn -0.570667 -0.093894 0.815796
vn -0.570667 -0.093894 0.815796
vn -0.570667 -0.093894 0.815796
vn -0.570667 -0.093894 0.815796
vn -0.017298 -0.287937 0.957493
vn -0.017298 -0.287937 0.957493
vn -0.017298 -0.287937 0.957493
vn -0.017298 -0.287937 0.957493
vn 0.529957 -0.092589 0.842955
vn 0.529957 -0.092589 0.842955
vn 0.529957 -0.092589 0.842955
vn 0.529957 -0.092589 0.842955
vn -0.011658 0.163456 0.986482
vn -0.011658 0.163456 0.986482
vn -0.011658 0.163456 0.986482
vn -0.011658 0.163456 0.986482
s off
g Nut1:bed Nut1:Nut Nut1:pole1OBJ_UV3
usemtl lambert42SG
f 875/1291/3399 876/1292/3400 925/1293/3401 924/1294/3402 921/1295/3403 920/1296/3404
f 876/1292/3405 877/1297/3406 930/1298/3407 929/1299/3408 926/1300/3409 925/1293/3410
f 877/1297/3411 878/1301/3412 935/1302/3413 934/1303/3414 931/1304/3415 930/1298/3416
f 878/1301/3417 875/1291/3418 920/1296/3419 919/1305/3420 936/1306/3421 935/1302/3422
f 923/1307/3423 921/1308/3424 924/1309/3425 928/1310/3426
f 927/1311/3427 926/1312/3428 929/1313/3429 933/1314/3430
f 932/1315/3431 931/1316/3432 934/1317/3433 938/1318/3434
f 937/1319/3435 936/1320/3436 919/1321/3437 922/1322/3438
f 880/1323/3439 879/1324/3440 895/1325/3441 894/1326/3442
f 879/1324/3443 884/1327/3444 896/1328/3445 895/1325/3446
f 882/1329/3447 881/1330/3448 905/1331/3449 904/1332/3450
f 881/1330/3451 880/1333/3452 903/1334/3453 905/1331/3454
f 884/1327/3455 883/1335/3456 885/1336/3457 890/1337/3458
f 883/1335/3459 882/1338/3460 886/1339/3461 885/1336/3462
f 888/1340/3463 887/1341/3464 907/1342/3465 906/1343/3466
f 887/1341/3467 886/1344/3468 908/1345/3469 907/1342/3470
f 890/1337/3471 889/1346/3472 897/1347/3473 902/1348/3474
f 889/1346/3475 888/1349/3476 898/1350/3477 897/1347/3478
f 892/1351/3479 891/1352/3480 901/1353/3481 900/1354/3482
f 891/1352/3483 896/1328/3484 902/1348/3485 901/1353/3486
f 894/1355/3487 893/1356/3488 910/1357/3489 909/1358/3490
f 893/1356/3491 892/1359/3492 911/1360/3493 910/1357/3494
f 900/1361/3495 899/1362/3496 914/1363/3497 913/1364/3498
f 899/1362/3499 898/1365/3500 912/1366/3501 914/1363/3502
f 996/1367/3503 995/1368/3504 997/1369/3505 998/1370/3506
f 892/1359/3507 900/1361/3508 913/1364/3509 911/1360/3510
f 888/1340/3511 906/1343/3512 912/1371/3513 898/1372/3514
f 1000/1373/3515 999/1374/3516 1001/1375/3517 1002/1376/3518
f 884/1327/3519 890/1337/3520 876/1292/3521 875/1291/3522
f 890/1337/3523 902/1348/3524 877/1297/3525 876/1292/3526
f 902/1348/3527 896/1328/3528 878/1301/3529 877/1297/3530
f 896/1328/3531 884/1327/3532 875/1291/3533 878/1301/3534
f 912/1377/3535 906/1378/3536 907/1379/3537 908/1380/3538 904/1381/3539 905/1382/3540 903/1383/3541 909/1384/3542 910/1385/3543 911/1386/3544 913/1387/3545 914/1388/3546
f 883/1335/3547 884/1327/3548 879/1324/3549 915/1389/3550
f 879/1324/3551 880/1323/3552 881/1390/3553 915/1389/3554
f 881/1390/3555 882/1338/3556 883/1335/3557 915/1389/3558
f 889/1346/3559 890/1337/3560 885/1336/3561 916/1391/3562
f 885/1336/3563 886/1339/3564 887/1392/3565 916/1391/3566
f 887/1392/3567 888/1349/3568 889/1346/3569 916/1391/3570
f 895/1325/3571 896/1328/3572 891/1352/3573 917/1393/3574
f 891/1352/3575 892/1351/3576 893/1394/3577 917/1393/3578
f 893/1394/3579 894/1326/3580 895/1325/3581 917/1393/3582
f 901/1353/3583 902/1348/3584 897/1347/3585 918/1395/3586
f 897/1347/3587 898/1396/3588 899/1397/3589 918/1395/3590
f 899/1397/3591 900/1354/3592 901/1353/3593 918/1395/3594
f 972/1398/3595 971/1399/3596 973/1400/3597 974/1401/3598 975/1402/3599 976/1403/3600 977/1404/3601 978/1405/3602
f 919/1321/3603 921/1308/3604 923/1307/3605 922/1322/3606
f 924/1309/3607 926/1312/3608 927/1311/3609 928/1310/3610
f 929/1406/3611 931/1316/3612 932/1315/3613 933/1407/3614
f 934/1317/3615 936/1320/3616 937/1319/3617 938/1318/3618
f 919/1305/3619 920/1296/3620 921/1295/3621
f 924/1294/3622 925/1293/3623 926/1300/3624
f 929/1299/3625 930/1298/3626 931/1304/3627
f 934/1303/3628 935/1302/3629 936/1306/3630
f 922/1322/3631 923/1307/3632 939/1408/3633 940/1409/3634
f 923/1307/3635 928/1310/3636 941/1410/3637 939/1408/3638
f 928/1310/3639 927/1311/3640 942/1411/3641 941/1410/3642
f 927/1311/3643 933/1314/3644 943/1412/3645 942/1411/3646
f 933/1407/3647 932/1315/3648 944/1413/3649 943/1414/3650
f 932/1315/3651 938/1318/3652 945/1415/3653 944/1413/3654
f 938/1318/3655 937/1319/3656 946/1416/3657 945/1415/3658
f 937/1319/3659 922/1322/3660 940/1409/3661 946/1416/3662
f 940/1417/3663 939/1418/3664 947/1419/3665 948/1420/3666
f 939/1418/3667 941/1421/3668 949/1422/3669 947/1419/3670
f 941/1421/3671 942/1423/3672 950/1424/3673 949/1422/3674
f 942/1423/3675 943/1425/3676 951/1426/3677 950/1424/3678
f 943/1425/3679 944/1427/3680 952/1428/3681 951/1426/3682
f 944/1427/3683 945/1429/3684 953/1430/3685 952/1428/3686
f 945/1429/3687 946/1431/3688 954/1432/3689 953/1430/3690
f 946/1431/3691 940/1417/3692 948/1420/3693 954/1432/3694
f 948/1420/3695 947/1419/3696 955/1433/3697 956/1434/3698
f 947/1419/3699 949/1422/3700 957/1435/3701 955/1433/3702
f 949/1422/3703 950/1424/3704 958/1436/3705 957/1435/3706
f 950/1424/3707 951/1426/3708 959/1437/3709 958/1436/3710
f 951/1426/3711 952/1428/3712 960/1438/3713 959/1437/3714
f 952/1428/3715 953/1430/3716 961/1439/3717 960/1438/3718
f 953/1430/3719 954/1432/3720 962/1440/3721 961/1439/3722
f 954/1432/3723 948/1420/3724 956/1434/3725 962/1440/3726
f 956/1434/3727 955/1433/3728 963/1441/3729 964/1442/3730
f 955/1433/3731 957/1435/3732 965/1443/3733 963/1441/3734
f 957/1435/3735 958/1436/3736 966/1444/3737 965/1443/3738
f 958/1436/3739 959/1437/3740 967/1445/3741 966/1444/3742
f 959/1437/3743 960/1438/3744 968/1446/3745 967/1445/3746
f 960/1438/3747 961/1439/3748 969/1447/3749 968/1446/3750
f 961/1439/3751 962/1440/3752 970/1448/3753 969/1447/3754
f 962/1440/3755 956/1434/3756 964/1442/3757 970/1448/3758
f 964/1442/3759 963/1441/3760 971/1449/3761 972/1450/3762
f 963/1441/3763 965/1443/3764 973/1451/3765 971/1449/3766
f 965/1443/3767 966/1444/3768 974/1452/3769 973/1451/3770
f 966/1444/3771 967/1445/3772 975/1453/3773 974/1452/3774
f 967/1445/3775 968/1446/3776 976/1454/3777 975/1453/3778
f 968/1446/3779 969/1447/3780 977/1455/3781 976/1454/3782
f 969/1447/3783 970/1448/3784 978/1456/3785 977/1455/3786
f 970/1448/3787 964/1442/3788 972/1450/3789 978/1456/3790
f 882/1329/3791 904/1332/3792 979/1457/3793 980/1458/3794
f 904/1332/3795 908/1345/3796 981/1459/3797 979/1457/3798
f 908/1345/3799 886/1344/3800 982/1460/3801 981/1459/3802
f 886/1344/3803 882/1329/3804 980/1458/3805 982/1460/3806
f 894/1355/3807 909/1358/3808 983/1461/3809 984/1462/3810
f 909/1358/3811 903/1334/3812 985/1463/3813 983/1461/3814
f 903/1334/3815 880/1333/3816 986/1464/3817 985/1463/3818
f 880/1333/3819 894/1355/3820 984/1462/3821 986/1464/3822
f 984/1462/3823 983/1461/3824 987/1465/3825 988/1466/3826
f 983/1461/3827 985/1463/3828 989/1467/3829 987/1465/3830
f 985/1463/3831 986/1464/3832 990/1468/3833 989/1467/3834
f 986/1464/3835 984/1462/3836 988/1466/3837 990/1468/3838
f 980/1458/3839 979/1457/3840 991/1469/3841 992/1470/3842
f 979/1457/3843 981/1459/3844 993/1471/3845 991/1469/3846
f 981/1459/3847 982/1460/3848 994/1472/3849 993/1471/3850
f 982/1460/3851 980/1458/3852 992/1470/3853 994/1472/3854
f 992/1473/3855 991/1474/3856 995/1368/3857 996/1367/3858
f 991/1474/3859 993/1475/3860 997/1369/3861 995/1368/3862
f 993/1475/3863 994/1476/3864 998/1370/3865 997/1369/3866
f 994/1476/3867 992/1473/3868 996/1367/3869 998/1370/3870
f 988/1477/3871 987/1478/3872 999/1374/3873 1000/1373/3874
f 987/1478/3875 989/1479/3876 1001/1375/3877 999/1374/3878
f 989/1479/3879 990/1480/3880 1002/1376/3881 1001/1375/3882
f 990/1480/3883 988/1477/3884 1000/1373/3885 1002/1376/3886
g default
v -10.387366 11.756185 1.524884
v -3.050524 11.756185 1.524884
v -10.387366 12.052953 1.524884
v -3.050524 12.052953 1.524884
v -10.387366 12.094113 -9.177429
v -3.050524 12.094113 -9.177429
v -10.387366 11.797346 -9.177429
v -3.050524 11.797346 -9.177429
v -10.387366 11.654484 1.524884
v -3.050524 11.654484 1.524884
v -10.387366 12.129880 1.524884
v -3.050524 12.129880 1.524884
v -10.387366 12.195814 -9.177429
v -3.050524 12.195814 -9.177429
v -10.387366 11.720417 -9.177429
v -3.050524 11.720417 -9.177429
v -10.564160 11.766005 1.782776
v -10.536430 11.679978 1.748269
v -10.470278 11.647349 1.665948
v -2.873729 11.763538 1.782776
v -2.900938 11.679525 1.748920
v -2.965726 11.648106 1.668300
v -2.873729 12.015541 1.782776
v -2.901435 12.101827 1.748514
v -2.967727 12.135302 1.666536
v -10.564160 12.018093 1.782776
v -10.536996 12.102289 1.749182
v -10.472125 12.134484 1.668955
v -10.564160 12.084293 -9.435323
v -10.536430 12.170322 -9.400816
v -10.470279 12.202949 -9.318495
v -2.873729 12.086759 -9.435323
v -2.900938 12.170776 -9.401467
v -2.965726 12.202192 -9.320847
v -2.873729 11.834756 -9.435323
v -2.901435 11.748469 -9.401060
v -2.967726 11.714996 -9.319083
v -10.564160 11.832205 -9.435323
v -10.536996 11.748009 -9.401729
v -10.472125 11.715812 -9.321501
vt 0.524958 0.160995
vt 0.883202 0.160995
vt 0.883202 0.683573
vt 0.524958 0.683573
vt 0.469462 0.683573
vt 0.111218 0.683573
vt 0.111218 0.160995
vt 0.469462 0.160995
vt 0.067929 0.798268
vt 0.419979 0.798449
vt 0.419993 0.803753
vt 0.067996 0.803572
vt 0.419576 0.846705
vt 0.068902 0.854668
vt 0.068825 0.850657
vt 0.419573 0.842693
vt 0.419506 0.775820
vt 0.068698 0.781794
vt 0.068626 0.776490
vt 0.419462 0.770515
vt 0.068111 0.725385
vt 0.420027 0.727561
vt 0.420060 0.731574
vt 0.068128 0.729397
vt 0.927690 0.803162
vt 0.927685 0.807175
vt 0.928020 0.851564
vt 0.928068 0.846260
vt 0.927641 0.727610
vt 0.927698 0.732914
vt 0.928059 0.776006
vt 0.928031 0.771994
vt 0.059845 0.820508
vt 0.414567 0.816708
vt 0.414678 0.829709
vt 0.060021 0.833841
vt 0.414594 0.757570
vt 0.059920 0.759653
vt 0.059844 0.746322
vt 0.414583 0.744565
vt 0.940102 0.820228
vt 0.940155 0.833488
vt 0.940113 0.745919
vt 0.940124 0.759181
vt 0.415841 0.808566
vt 0.064322 0.810925
vt 0.064646 0.843142
vt 0.416061 0.838105
vt 0.064490 0.768981
vt 0.415972 0.765946
vt 0.415875 0.736412
vt 0.064405 0.736756
vt 0.934453 0.811562
vt 0.934544 0.841891
vt 0.934453 0.737278
vt 0.934522 0.767600
vt 0.061205 0.815602
vt 0.414787 0.812181
vt 0.938379 0.815462
vt 0.414966 0.834365
vt 0.061409 0.838620
vt 0.938465 0.763821
vt 0.414873 0.762221
vt 0.061283 0.764436
vt 0.938494 0.838127
vt 0.061233 0.741416
vt 0.414827 0.740037
vt 0.938394 0.741159
vn 0.000000 0.999993 0.003846
vn 0.000000 0.999993 0.003846
vn 0.000000 0.999993 0.003846
vn 0.000000 0.999993 0.003846
vn 0.000000 -0.999993 -0.003846
vn 0.000000 -0.999993 -0.003846
vn 0.000000 -0.999993 -0.003846
vn 0.000000 -0.999993 -0.003846
vn 0.000000 0.000000 -1.000000
vn 0.000000 0.000000 -1.000000
vn 0.000000 0.000000 -1.000000
vn 0.000000 0.000000 -1.000000
vn 0.000000 0.000000 -1.000000
vn 0.000000 0.000000 -1.000000
vn 0.000000 0.000000 -1.000000
vn 0.000000 0.000000 -1.000000
vn 0.000000 0.000000 1.000000
vn 0.000000 0.000000 1.000000
vn 0.000000 0.000000 1.000000
vn 0.000000 0.000000 1.000000
vn 0.000000 0.000000 1.000000
vn 0.000000 0.000000 1.000000
vn 0.000000 0.000000 1.000000
vn 0.000000 0.000000 1.000000
vn -1.000000 0.000000 0.000000
vn -1.000000 0.000000 0.000000
vn -1.000000 0.000000 0.000000
vn -1.000000 0.000000 0.000000
vn -1.000000 0.000000 0.000000
vn -1.000000 0.000000 0.000000
vn -1.000000 0.000000 0.000000
vn -1.000000 0.000000 0.000000
vn 1.000000 0.000000 0.000000
vn 1.000000 0.000000 0.000000
vn 1.000000 0.000000 0.000000
vn 1.000000 0.000000 0.000000
vn 1.000000 0.000000 0.000000
vn 1.000000 0.000000 0.000000
vn 1.000000 0.000000 0.000000
vn 1.000000 0.000000 0.000000
vn -0.000026 -0.086097 0.996287
vn -0.000026 -0.086097 0.996287
vn 0.000026 0.085450 0.996343
vn 0.000026 0.085451 0.996342
vn -0.000025 0.086095 -0.996287
vn -0.000025 0.086096 -0.996287
vn 0.000026 -0.085450 -0.996342
vn 0.000026 -0.085452 -0.996342
vn 0.997784 -0.066534 -0.000422
vn 0.997834 -0.065788 -0.000417
vn 0.997784 0.066534 0.000422
vn 0.997834 0.065787 0.000417
vn -0.997838 -0.065724 -0.000389
vn -0.997785 -0.066526 -0.000394
vn -0.997838 0.065726 0.000389
vn -0.997784 0.066528 0.000394
vn 0.036231 -0.999002 -0.026136
vn -0.036236 -0.999002 -0.026119
vn -0.011453 -0.986828 0.161368
vn 0.011369 -0.986870 0.161117
vn -0.036300 0.999245 -0.013815
vn 0.036095 0.999253 -0.013790
vn 0.011360 0.984999 0.172185
vn -0.011335 0.985040 0.171950
vn 0.036228 0.999002 0.026133
vn -0.036239 0.999002 0.026116
vn -0.011454 0.986827 -0.161375
vn 0.011368 0.986869 -0.161123
vn -0.036297 -0.999246 0.013818
vn 0.036098 -0.999253 0.013794
vn 0.011361 -0.985000 -0.172182
vn -0.011334 -0.985041 -0.171947
vn -0.036236 -0.999002 -0.026119
vn -0.036297 -0.999246 0.013818
vn -0.011334 -0.985041 -0.171947
vn -0.011453 -0.986828 0.161368
vn -0.036239 0.999002 0.026116
vn -0.036300 0.999245 -0.013815
vn -0.011335 0.985040 0.171950
vn -0.011454 0.986827 -0.161375
vn 0.036098 -0.999253 0.013794
vn 0.036231 -0.999002 -0.026136
vn 0.011369 -0.986870 0.161117
vn 0.011361 -0.985000 -0.172182
vn 0.036095 0.999253 -0.013790
vn 0.036228 0.999002 0.026133
vn 0.011368 0.986869 -0.161123
vn 0.011360 0.984999 0.172185
vn -0.000026 -0.086097 0.996287
vn -0.000111 -0.373021 0.927823
vn -0.000111 -0.373021 0.927823
vn -0.000026 -0.086097 0.996287
vn -0.000054 -0.930689 0.365812
vn 0.011369 -0.986870 0.161117
vn -0.011453 -0.986828 0.161368
vn -0.000054 -0.930689 0.365812
vn 0.997784 -0.066534 -0.000422
vn 0.951741 -0.306898 -0.001944
vn 0.951741 -0.306898 -0.001944
vn 0.997834 -0.065788 -0.000417
vn 0.443607 -0.896204 -0.005549
vn 0.443607 -0.896204 -0.005549
vn 0.443607 -0.896204 -0.005549
vn 0.443607 -0.896204 -0.005549
vn 0.000026 0.085450 0.996343
vn 0.000113 0.369811 0.929107
vn 0.000113 0.369811 0.929107
vn 0.000026 0.085451 0.996342
vn 0.000055 0.926917 0.375266
vn -0.011335 0.985040 0.171950
vn 0.011360 0.984999 0.172185
vn 0.000055 0.926917 0.375266
vn -0.997838 0.065726 0.000389
vn -0.951734 0.306919 0.001818
vn -0.951734 0.306919 0.001818
vn -0.997784 0.066528 0.000394
vn -0.443511 0.896252 0.005478
vn -0.443511 0.896252 0.005478
vn -0.443511 0.896252 0.005478
vn -0.443511 0.896252 0.005478
vn -0.000025 0.086095 -0.996287
vn -0.000110 0.373016 -0.927825
vn -0.000110 0.373016 -0.927825
vn -0.000025 0.086096 -0.996287
vn -0.000054 0.930686 -0.365819
vn 0.011368 0.986869 -0.161123
vn -0.011454 0.986827 -0.161375
vn -0.000054 0.930686 -0.365819
vn 0.443612 0.896202 0.005549
vn 0.443612 0.896202 0.005549
vn 0.443612 0.896202 0.005549
vn 0.443612 0.896202 0.005549
vn 0.951742 0.306893 0.001944
vn 0.997834 0.065787 0.000417
vn 0.997784 0.066534 0.000422
vn 0.951742 0.306893 0.001944
vn 0.000026 -0.085450 -0.996342
vn 0.000113 -0.369813 -0.929106
vn 0.000113 -0.369813 -0.929106
vn 0.000026 -0.085452 -0.996342
vn 0.000055 -0.926917 -0.375266
vn -0.011334 -0.985041 -0.171947
vn 0.011361 -0.985000 -0.172182
vn 0.000055 -0.926917 -0.375266
vn -0.443523 -0.896246 -0.005478
vn -0.443523 -0.896246 -0.005478
vn -0.443523 -0.896246 -0.005478
vn -0.443523 -0.896246 -0.005478
vn -0.951734 -0.306917 -0.001818
vn -0.997785 -0.066526 -0.000394
vn -0.997838 -0.065724 -0.000389
vn -0.951734 -0.306917 -0.001818
s off
g Nut1:bed Nut1:Nut Nut1:roofBedOBJ_UV1
usemtl lambert43SG
f 1005/1481/3887 1006/1482/3888 1008/1483/3889 1007/1484/3890
f 1009/1485/3891 1010/1486/3892 1004/1487/3893 1003/1488/3894
f 1003/1489/3895 1004/1490/3896 1012/1491/3897 1011/1492/3898
f 1006/1493/3899 1005/1494/3900 1013/1495/3901 1014/1496/3902
f 1007/1497/3903 1008/1498/3904 1016/1499/3905 1015/1500/3906
f 1010/1501/3907 1009/1502/3908 1017/1503/3909 1018/1504/3910
f 1004/1490/3911 1010/1505/3912 1018/1506/3913 1012/1491/3914
f 1008/1507/3915 1006/1493/3916 1014/1496/3917 1016/1508/3918
f 1009/1502/3919 1003/1509/3920 1011/1510/3921 1017/1503/3922
f 1005/1511/3923 1007/1497/3924 1015/1500/3925 1013/1512/3926
f 1019/1513/3927 1022/1514/3928 1025/1515/3929 1028/1516/3930
f 1031/1517/3931 1034/1518/3932 1037/1519/3933 1040/1520/3934
f 1022/1514/3935 1037/1521/3936 1034/1522/3937 1025/1515/3938
f 1040/1520/3939 1019/1523/3940 1028/1524/3941 1031/1517/3942
f 1011/1492/3943 1012/1491/3944 1024/1525/3945 1021/1526/3946
f 1014/1496/3947 1013/1495/3948 1030/1527/3949 1027/1528/3950
f 1015/1500/3951 1016/1499/3952 1036/1529/3953 1033/1530/3954
f 1018/1504/3955 1017/1503/3956 1042/1531/3957 1039/1532/3958
f 1012/1491/3959 1018/1506/3960 1039/1533/3961 1024/1525/3962
f 1016/1508/3963 1014/1496/3964 1027/1528/3965 1036/1534/3966
f 1017/1503/3967 1011/1510/3968 1021/1535/3969 1042/1531/3970
f 1013/1512/3971 1015/1500/3972 1033/1530/3973 1030/1536/3974
f 1019/1513/3975 1020/1537/3976 1023/1538/3977 1022/1514/3978
f 1020/1537/3979 1021/1526/3980 1024/1525/3981 1023/1538/3982
f 1022/1514/3983 1023/1538/3984 1038/1539/3985 1037/1521/3986
f 1023/1538/3987 1024/1525/3988 1039/1533/3989 1038/1539/3990
f 1025/1515/3991 1026/1540/3992 1029/1541/3993 1028/1516/3994
f 1026/1540/3995 1027/1528/3996 1030/1527/3997 1029/1541/3998
f 1028/1524/3999 1029/1542/4000 1032/1543/4001 1031/1517/4002
f 1029/1542/4003 1030/1536/4004 1033/1530/4005 1032/1543/4006
f 1031/1517/4007 1032/1543/4008 1035/1544/4009 1034/1518/4010
f 1032/1543/4011 1033/1530/4012 1036/1529/4013 1035/1544/4014
f 1027/1528/4015 1026/1540/4016 1035/1545/4017 1036/1534/4018
f 1026/1540/4019 1025/1515/4020 1034/1522/4021 1035/1545/4022
f 1037/1519/4023 1038/1546/4024 1041/1547/4025 1040/1520/4026
f 1038/1546/4027 1039/1532/4028 1042/1531/4029 1041/1547/4030
f 1021/1535/4031 1020/1548/4032 1041/1547/4033 1042/1531/4034
f 1020/1548/4035 1019/1523/4036 1040/1520/4037 1041/1547/4038
