#File written by LIBUNFOLD3D. Compilation :Dec 22 2011,11:53:02
mtllib Charcoal.mtl
#begin vertices
v 0.57384800000000002 -1.1186640000000001 -0.769347
v 0.56349700000000003 -1.1040460000000001 -0.78948200000000002
v 0.54685300000000003 -1.094992 -0.81028999999999995
v 0.52558400000000005 -1.092571 -0.82967999999999997
v 0.501772 -1.097019 -0.84575299999999998
v 0.47770800000000002 -1.1077189999999999 -0.85699199999999998
v 0.45559500000000003 -1.122924 -0.86251199999999995
v 0.43744100000000002 -1.140439 -0.86199000000000003
v 0.424925 -1.1581030000000001 -0.85561500000000001
v 0.41928799999999999 -1.1742490000000001 -0.84399000000000002
v 0.42121999999999998 -1.1879360000000001 -0.82805899999999999
v 0.43075200000000002 -1.1988270000000001 -0.80907099999999998
v 0.447154 -1.206774 -0.78860200000000003
v 0.46842299999999998 -1.209195 -0.76921200000000001
v 0.49247800000000003 -1.2058530000000001 -0.752799
v 0.51735900000000001 -1.1988799999999999 -0.74041400000000002
v 0.54043099999999999 -1.18804 -0.73355199999999998
v 0.55921299999999996 -1.1733899999999999 -0.73319199999999995
v 0.57172900000000004 -1.155726 -0.739568
v 0.57673799999999997 -1.1367149999999999 -0.75207299999999999
v 0.64754699999999998 -1.072114 -0.74365499999999995
v 0.62973800000000002 -1.044616 -0.79798800000000003
v 0.606294 -1.0403180000000001 -0.87311700000000003
v 0.56437499999999996 -1.0358609999999999 -0.91273700000000002
v 0.51660200000000001 -1.0465120000000001 -0.943384
v 0.45915 -1.0564260000000001 -0.931701
v 0.41269299999999998 -1.0881639999999999 -0.92766999999999999
v 0.37820599999999999 -1.1314900000000001 -0.92407499999999998
v 0.354632 -1.1734519999999999 -0.90928299999999995
v 0.34414600000000001 -1.2093430000000001 -0.88492800000000005
v 0.34812900000000002 -1.2372620000000001 -0.85289700000000002
v 0.36696899999999999 -1.2580150000000001 -0.81523699999999999
v 0.39963100000000001 -1.2732680000000001 -0.77449800000000002
v 0.44216899999999998 -1.2781100000000001 -0.73571799999999998
v 0.49042000000000002 -1.2720689999999999 -0.70269400000000004
v 0.54040900000000003 -1.2591509999999999 -0.67760699999999996
v 0.58643199999999995 -1.2369250000000001 -0.66405000000000003
v 0.62320799999999998 -1.204027 -0.664439
v 0.64678199999999997 -1.162066 -0.67923
v 0.65497899999999998 -1.1157459999999999 -0.70679199999999998
v 0.54636499999999999 -0.97290200000000004 -0.63179600000000002
v 0.56317799999999996 -0.96317299999999995 -0.72564799999999996
v 0.56284900000000004 -0.96606800000000004 -0.81717200000000001
v 0.53548600000000002 -0.97387699999999999 -0.88200299999999998
v 0.47304499999999999 -0.97217299999999995 -0.88724800000000004
v 0.39230700000000002 -0.97479000000000005 -0.85894400000000004
v 0.311278 -0.98895100000000002 -0.81539300000000003
v 0.24417800000000001 -1.014856 -0.76554
v 0.201457 -1.0523830000000001 -0.71953100000000003
v 0.18585199999999999 -1.0969599999999999 -0.67990799999999996
v 0.192884 -1.1404879999999999 -0.642401
v 0.21452199999999999 -1.1739919999999999 -0.60082000000000002
v 0.24821799999999999 -1.1939580000000001 -0.55863200000000002
v 0.29075600000000001 -1.1988000000000001 -0.51985199999999998
v 0.33797300000000002 -1.1880459999999999 -0.48827700000000002
v 0.38516299999999998 -1.162377 -0.467111
v 0.427701 -1.124271 -0.45843800000000001
v 0.461897 -1.0778970000000001 -0.463646
v 0.49181000000000002 -1.032402 -0.49227900000000002
v 0.52042200000000005 -0.99591600000000002 -0.54954899999999995
v 0.33491300000000002 -0.83935000000000004 -0.34631000000000001
v 0.324291 -0.83348599999999995 -0.38826500000000003
v 0.30649799999999999 -0.84029900000000002 -0.44019599999999998
v 0.27440599999999998 -0.84869700000000003 -0.48842200000000002
v 0.22104299999999999 -0.849105 -0.51622999999999997
v 0.156116 -0.84670800000000002 -0.52527000000000001
v 0.100061 -0.85547300000000004 -0.53027800000000003
v 0.057735000000000002 -0.87866200000000005 -0.52674399999999999
v 0.030658999999999999 -0.91449199999999997 -0.50997199999999998
v 0.021111000000000001 -0.95843699999999998 -0.48165200000000002
v 0.028471 -1.0019400000000001 -0.44475100000000001
v 0.050145000000000002 -1.035612 -0.40311900000000001
v 0.083904000000000006 -1.05586 -0.36084300000000002
v 0.126442 -1.060702 -0.32206400000000002
v 0.173596 -1.049666 -0.290576
v 0.22075 -1.02383 -0.26946199999999998
v 0.26328800000000002 -0.98572300000000002 -0.26078800000000002
v 0.297155 -0.93937300000000001 -0.26539000000000001
v 0.320909 -0.89444699999999999 -0.282582
v 0.33380500000000002 -0.85966699999999996 -0.310479
v 0.163212 -0.67959700000000001 -0.15045800000000001
v 0.14710599999999999 -0.66040500000000002 -0.19192400000000001
v 0.118981 -0.65495700000000001 -0.23392499999999999
v 0.079173999999999994 -0.65735200000000005 -0.27252900000000002
v 0.029676000000000001 -0.66221200000000002 -0.30414400000000003
v -0.023317999999999998 -0.67268399999999995 -0.32555800000000001
v -0.071606000000000003 -0.69581400000000004 -0.33442100000000002
v -0.11009099999999999 -0.730182 -0.32993600000000001
v -0.134743 -0.77306900000000001 -0.31256600000000001
v -0.143341 -0.819774 -0.28401399999999999
v -0.13594200000000001 -0.86339299999999997 -0.24710099999999999
v -0.11426799999999999 -0.89706399999999997 -0.20546900000000001
v -0.080508999999999997 -0.91731200000000002 -0.16319400000000001
v -0.037970999999999998 -0.92215499999999995 -0.124414
v 0.0091830000000000002 -0.91111799999999998 -0.092925999999999995
v 0.056336999999999998 -0.88528200000000001 -0.071812000000000001
v 0.098875000000000005 -0.84717600000000004 -0.063138
v 0.13270299999999999 -0.80071000000000003 -0.067752000000000007
v 0.15550700000000001 -0.75302400000000003 -0.085175000000000001
v 0.16595299999999999 -0.71111800000000003 -0.113675
v -0.010388 -0.51885000000000003 0.045931
v -0.035775000000000001 -0.49773000000000001 -0.009221
v -0.074172000000000002 -0.49918699999999999 -0.072026000000000007
v -0.119084 -0.50451999999999997 -0.120749
v -0.16442999999999999 -0.50390999999999997 -0.14230899999999999
v -0.206456 -0.50931499999999996 -0.14288000000000001
v -0.24520600000000001 -0.53506600000000004 -0.13803199999999999
v -0.27868100000000001 -0.58078700000000005 -0.13240299999999999
v -0.30035499999999998 -0.63140700000000005 -0.114949
v -0.30782300000000001 -0.68104600000000004 -0.086365999999999998
v -0.30035499999999998 -0.72484499999999996 -0.049451000000000002
v -0.27868100000000001 -0.758517 -0.0078189999999999996
v -0.244922 -0.77876500000000004 0.034456000000000001
v -0.20238400000000001 -0.78360700000000005 0.073235999999999996
v -0.15523000000000001 -0.77256999999999998 0.104724
v -0.10807600000000001 -0.74673400000000001 0.12583800000000001
v -0.065537999999999999 -0.70862800000000004 0.13451199999999999
v -0.031779000000000002 -0.66198199999999996 0.12989500000000001
v -0.010104999999999999 -0.61136199999999996 0.112442
v -0.0026359999999999999 -0.56172299999999997 0.083858000000000002
v -0.064655000000000004 -0.58856600000000003 -0.0029009999999999999
v -0.077016000000000001 -0.57926999999999995 -0.030707999999999999
v -0.095384999999999998 -0.57715099999999997 -0.059064999999999999
v -0.117343 -0.57798099999999997 -0.081519999999999995
v -0.140378 -0.57986700000000002 -0.094202999999999995
v -0.16242599999999999 -0.58488200000000001 -0.097540000000000002
v -0.18207100000000001 -0.59665800000000002 -0.094881999999999994
v -0.19814200000000001 -0.61693900000000002 -0.089444999999999997
v -0.208979 -0.64224899999999996 -0.080717999999999998
v -0.21271300000000001 -0.66706900000000002 -0.066427
v -0.208979 -0.68896800000000002 -0.047968999999999998
v -0.19814200000000001 -0.70580399999999999 -0.027153
v -0.18126300000000001 -0.71592800000000001 -0.0060150000000000004
v -0.159993 -0.71835000000000004 0.013374
v -0.13641600000000001 -0.71283099999999999 0.029118000000000002
v -0.11283899999999999 -0.69991300000000001 0.039675000000000002
v -0.091569999999999999 -0.68086000000000002 0.044012000000000003
v -0.074690999999999994 -0.65753700000000004 0.041703999999999998
v -0.063853999999999994 -0.63222699999999998 0.032976999999999999
v -0.06012 -0.60740700000000003 0.018686000000000001
v 0.49784200000000001 -1.1547050000000001 -0.79827099999999995
v -0.11769499999999999 -0.65328600000000003 -0.046186999999999999
v 0.030148999999999999 -1.090509 -1.0156970000000001
v 0.017677999999999999 -1.1159209999999999 -1.0214319999999999
v 0.011495 -1.144134 -1.0213129999999999
v 0.012206 -1.1723859999999999 -1.015352
v 0.019741999999999999 -1.1979109999999999 -1.0041329999999999
v 0.033364999999999999 -1.2182109999999999 -0.98875299999999999
v 0.051741000000000002 -1.2312989999999999 -0.970719
v 0.073071999999999998 -1.235894 -0.95179599999999998
v 0.095269000000000006 -1.231546 -0.93383499999999997
v 0.11616 -1.21868 -0.91859599999999997
v 0.13370000000000001 -1.198556 -0.90756899999999996
v 0.146171 -1.173144 -0.90183500000000005
v 0.15235399999999999 -1.1449309999999999 -0.90195400000000003
v 0.151643 -1.116679 -0.90791500000000003
v 0.14410700000000001 -1.091154 -0.91913400000000001
v 0.13048399999999999 -1.0708530000000001 -0.93451300000000004
v 0.112108 -1.0577650000000001 -0.95254700000000003
v 0.090776999999999997 -1.0531710000000001 -0.97147099999999997
v 0.068580000000000002 -1.0575190000000001 -0.98943099999999995
v 0.047689000000000002 -1.0703849999999999 -1.0046710000000001
v -0.042186000000000001 -1.0150319999999999 -1.0912299999999999
v -0.072081999999999993 -1.0759479999999999 -1.104976
v -0.086902999999999994 -1.1435770000000001 -1.1046910000000001
v -0.085197999999999996 -1.2113 -1.0904020000000001
v -0.067132999999999998 -1.2724869999999999 -1.063509
v -0.034478000000000002 -1.3211489999999999 -1.026643
v 0.0095709999999999996 -1.352522 -0.98341299999999998
v 0.060703 -1.3635360000000001 -0.938052
v 0.113912 -1.353113 -0.89499899999999999
v 0.16399 -1.3222719999999999 -0.85846800000000001
v 0.206035 -1.2740320000000001 -0.832036
v 0.235931 -1.213117 -0.81828999999999996
v 0.25075199999999997 -1.1454880000000001 -0.81857599999999997
v 0.24904599999999999 -1.0777650000000001 -0.83286400000000005
v 0.23098199999999999 -1.016578 -0.85975800000000002
v 0.198327 -0.967916 -0.89662399999999998
v 0.154277 -0.93654300000000001 -0.93985300000000005
v 0.103146 -0.92552900000000005 -0.98521499999999995
v 0.049936000000000001 -0.93595200000000001 -1.028268
v -0.00014100000000000001 -0.96679300000000001 -1.0647979999999999
v -0.12700800000000001 -1.001792 -0.97532399999999997
v -0.15520700000000001 -1.05925 -0.98829
v -0.169187 -1.123041 -0.98802100000000004
v -0.167578 -1.1869209999999999 -0.97454300000000005
v -0.15053900000000001 -1.2446349999999999 -0.94917600000000002
v -0.119737 -1.290535 -0.91440200000000005
v -0.078187999999999994 -1.320128 -0.87362600000000001
v -0.029957999999999999 -1.3305169999999999 -0.83083899999999999
v 0.020232 -1.3206850000000001 -0.79022999999999999
v 0.067466999999999999 -1.291595 -0.755772
v 0.107126 -1.2460929999999999 -0.73084000000000005
v 0.135325 -1.1886350000000001 -0.71787400000000001
v 0.14930499999999999 -1.124844 -0.718144
v 0.14769599999999999 -1.060964 -0.73162099999999997
v 0.130657 -1.00325 -0.75698900000000002
v 0.099854999999999999 -0.95735000000000003 -0.79176199999999997
v 0.058305999999999997 -0.92775700000000005 -0.832538
v 0.010076 -0.91736799999999996 -0.87532500000000002
v -0.040113999999999997 -0.92720000000000002 -0.91593500000000005
v -0.087348999999999996 -0.95628999999999997 -0.95039200000000001
v -0.34800700000000001 -0.96554099999999998 -0.67888099999999996
v -0.37279600000000002 -1.0147390000000001 -0.69052800000000003
v -0.38492300000000002 -1.070079 -0.69029399999999996
v -0.38352799999999998 -1.1254949999999999 -0.67860200000000004
v -0.36874600000000002 -1.1755640000000001 -0.65659599999999996
v -0.34202500000000002 -1.2153830000000001 -0.62642900000000001
v -0.30597999999999997 -1.241055 -0.591055
v -0.26413900000000001 -1.250068 -0.55393599999999998
v -0.22059899999999999 -1.2415389999999999 -0.51870700000000003
v -0.179621 -1.216302 -0.48881400000000003
v -0.14521700000000001 -1.1768289999999999 -0.46718500000000002
v -0.120753 -1.1269819999999999 -0.45593699999999998
v -0.108626 -1.071642 -0.45617099999999999
v -0.11002099999999999 -1.0162260000000001 -0.46786299999999997
v -0.124803 -0.96615799999999996 -0.48987000000000003
v -0.15152399999999999 -0.92633799999999999 -0.52003600000000005
v -0.18724299999999999 -0.90131499999999998 -0.55501100000000003
v -0.22209799999999999 -0.90621700000000005 -0.58357899999999996
v -0.26014599999999999 -0.92568499999999998 -0.61208600000000002
v -0.306616 -0.93998300000000001 -0.64870099999999997
v -0.44935000000000003 -0.970607 -0.53584600000000004
v -0.475491 -0.99545600000000001 -0.55325500000000005
v -0.48724899999999999 -1.045458 -0.55372100000000002
v -0.485931 -1.0977779999999999 -0.542682
v -0.47197600000000001 -1.145049 -0.52190499999999995
v -0.44674700000000001 -1.1826430000000001 -0.49342399999999997
v -0.41271600000000003 -1.2068810000000001 -0.46002700000000002
v -0.37321399999999999 -1.21539 -0.42498200000000003
v -0.33210699999999999 -1.2073370000000001 -0.39172099999999999
v -0.29341800000000001 -1.183511 -0.36349900000000002
v -0.260936 -1.1462429999999999 -0.34307900000000002
v -0.23784 -1.0991820000000001 -0.332459
v -0.22639000000000001 -1.046934 -0.332679
v -0.22931499999999999 -0.99599400000000005 -0.34481699999999998
v -0.25908599999999998 -0.96386000000000005 -0.37610700000000002
v -0.29469499999999998 -0.95013599999999998 -0.40884599999999999
v -0.31741999999999998 -0.92593099999999995 -0.43266900000000003
v -0.34020699999999998 -0.92476999999999998 -0.45217400000000002
v -0.37561499999999998 -0.93269599999999997 -0.48063600000000001
v -0.41472700000000001 -0.94895700000000005 -0.51065099999999997
v -0.76781699999999997 -0.86924100000000004 -0.18803800000000001
v -0.79343799999999998 -0.91991299999999998 -0.19870699999999999
v -0.80580300000000005 -0.97633899999999996 -0.19846900000000001
v -0.80437999999999998 -1.032842 -0.18654799999999999
v -0.78930900000000004 -1.083893 -0.164109
v -0.76206300000000005 -1.1244940000000001 -0.133351
v -0.72531100000000004 -1.1506700000000001 -0.097282999999999994
v -0.68264999999999998 -1.159859 -0.059436000000000003
v -0.63825500000000002 -1.151162 -0.023515000000000001
v -0.59647300000000003 -1.1254310000000001 0.0069639999999999997
v -0.56139399999999995 -1.085183 0.029017000000000001
v -0.53644999999999998 -1.034359 0.040486000000000001
v -0.52399099999999998 -0.97795399999999999 0.040136999999999999
v -0.52246999999999999 -0.92210999999999999 0.024738
v -0.53075899999999998 -0.87258000000000002 -0.0057159999999999997
v -0.54233100000000001 -0.83549200000000001 -0.054994000000000001
v -0.56209500000000001 -0.81312300000000004 -0.111136
v -0.60034500000000002 -0.80492300000000006 -0.154196
v -0.65806900000000002 -0.81063200000000002 -0.17436599999999999
v -0.720584 -0.83171700000000004 -0.18034600000000001
v -0.69454700000000003 -0.92808199999999996 -0.15937299999999999
v -0.71561200000000003 -0.95156799999999997 -0.15495400000000001
v -0.72585 -0.97887199999999996 -0.15004300000000001
v -0.72726800000000003 -1.0066459999999999 -0.141566
v -0.72059799999999996 -1.0319780000000001 -0.12932399999999999
v -0.70722300000000005 -1.052222 -0.113652
v -0.68884699999999999 -1.06531 -0.095617999999999995
v -0.667516 -1.0699050000000001 -0.076693999999999998
v -0.64507199999999998 -1.065612 -0.059026000000000002
v -0.62331400000000003 -1.05294 -0.044810000000000003
v -0.60364600000000002 -1.0332939999999999 -0.036299999999999999
v -0.58720799999999995 -1.0087699999999999 -0.035250999999999998
v -0.57504299999999997 -0.98189800000000005 -0.042438999999999998
v -0.56824600000000003 -0.95533000000000001 -0.057272999999999998
v -0.56605099999999997 -0.93198499999999995 -0.079990000000000006
v -0.56954899999999997 -0.91395400000000004 -0.107333
v -0.58119299999999996 -0.90237500000000004 -0.133322
v -0.60221100000000005 -0.89785000000000004 -0.152614
v -0.63141800000000003 -0.90062699999999996 -0.16229099999999999
v -0.66444599999999998 -0.91077300000000005 -0.16319
v 0.081923999999999997 -1.1445320000000001 -0.96163299999999996
v -0.63456199999999996 -0.98394499999999996 -0.11501
v 0.65437199999999995 -0.96174700000000002 0.48621599999999998
v 0.668099 -0.96540400000000004 0.46106900000000001
v 0.68032499999999996 -0.97772999999999999 0.43798599999999999
v 0.68985300000000005 -0.99751800000000002 0.41922799999999999
v 0.69574899999999995 -1.0228299999999999 0.40662999999999999
v 0.697438 -1.0511900000000001 0.40142499999999998
v 0.69475299999999995 -1.0798209999999999 0.40412399999999998
v 0.68795700000000004 -1.10592 0.41446100000000002
v 0.67771599999999999 -1.126932 0.43142599999999998
v 0.66503199999999996 -1.1408020000000001 0.45335599999999998
v 0.65114700000000003 -1.1461710000000001 0.478107
v 0.63741999999999999 -1.1425129999999999 0.50325399999999998
v 0.62519400000000003 -1.1301870000000001 0.52633700000000005
v 0.61566699999999996 -1.1103989999999999 0.545095
v 0.60977000000000003 -1.0850869999999999 0.55769299999999999
v 0.60808200000000001 -1.056727 0.56289800000000001
v 0.61076699999999995 -1.028097 0.560199
v 0.61756200000000006 -1.0019979999999999 0.54986199999999996
v 0.627803 -0.980985 0.53289699999999995
v 0.64048700000000003 -0.96711499999999995 0.51096600000000003
v 0.65662500000000001 -0.83291599999999999 0.49188100000000001
v 0.68953100000000001 -0.84168399999999999 0.43159999999999998
v 0.71883699999999995 -0.87122999999999995 0.37626799999999999
v 0.74167499999999997 -0.91866400000000004 0.33130300000000001
v 0.75580999999999998 -0.97934100000000002 0.30110399999999998
v 0.759857 -1.0473220000000001 0.288628
v 0.75342100000000001 -1.1159520000000001 0.295097
v 0.73713200000000001 -1.178515 0.31987700000000002
v 0.71258299999999997 -1.2288840000000001 0.36054199999999997
v 0.68217899999999998 -1.2621309999999999 0.41311300000000001
v 0.648895 -1.2750010000000001 0.47244199999999997
v 0.61598900000000001 -1.2662329999999999 0.53272299999999995
v 0.58668200000000004 -1.2366870000000001 0.58805399999999997
v 0.56384400000000001 -1.1892529999999999 0.63302000000000003
v 0.549709 -1.1285769999999999 0.663219
v 0.54566199999999998 -1.0605960000000001 0.67569500000000005
v 0.55209799999999998 -0.99196499999999999 0.66922599999999999
v 0.568388 -0.92940299999999998 0.64444599999999996
v 0.59293600000000002 -0.87903299999999995 0.60378100000000001
v 0.62334100000000003 -0.84578600000000004 0.55120999999999998
v 0.53069100000000002 -0.84021199999999996 0.42194100000000001
v 0.56172900000000003 -0.84848199999999996 0.36508099999999999
v 0.58937200000000001 -0.87635200000000002 0.31289
v 0.61091399999999996 -0.92109300000000005 0.27047599999999999
v 0.624247 -0.97832600000000003 0.24199100000000001
v 0.62806399999999996 -1.042449 0.23022400000000001
v 0.62199300000000002 -1.1071850000000001 0.23632500000000001
v 0.60662799999999995 -1.166196 0.25969900000000001
v 0.58347300000000002 -1.213708 0.29805599999999999
v 0.55479400000000001 -1.2450680000000001 0.34764299999999998
v 0.52339899999999995 -1.257207 0.40360600000000002
v 0.49236099999999999 -1.248937 0.46046500000000001
v 0.46471800000000002 -1.2210669999999999 0.512656
v 0.44317499999999999 -1.176326 0.55506999999999995
v 0.42984299999999998 -1.1190929999999999 0.58355500000000005
v 0.42602499999999999 -1.05497 0.59532300000000005
v 0.43209599999999998 -0.99023399999999995 0.58922099999999999
v 0.447461 -0.93122199999999999 0.56584800000000002
v 0.47061700000000001 -0.88371100000000002 0.52749000000000001
v 0.49929499999999999 -0.85235099999999997 0.47790300000000002
v 0.206205 -0.85508899999999999 0.24160499999999999
v 0.23303499999999999 -0.86147600000000002 0.19251299999999999
v 0.25701600000000002 -0.88565300000000002 0.14723700000000001
v 0.275704 -0.92446700000000004 0.110442
v 0.28727000000000003 -0.97411800000000004 0.085730000000000001
v 0.29058200000000001 -1.0297460000000001 0.075522000000000006
v 0.28531499999999999 -1.0859049999999999 0.080814999999999998
v 0.27198600000000001 -1.1370990000000001 0.101092
v 0.25189800000000001 -1.1783159999999999 0.13436799999999999
v 0.227019 -1.2055210000000001 0.17738599999999999
v 0.19978299999999999 -1.2160519999999999 0.225934
v 0.17285700000000001 -1.2088779999999999 0.27526099999999998
v 0.14887600000000001 -1.1847000000000001 0.32053799999999999
v 0.130187 -1.145886 0.35733300000000001
v 0.118621 -1.0962350000000001 0.38204399999999999
v 0.11530899999999999 -1.040608 0.39225199999999999
v 0.120673 -0.985236 0.38672299999999998
v 0.13608500000000001 -0.95094500000000004 0.36139500000000002
v 0.157809 -0.92301599999999995 0.32414799999999999
v 0.18105199999999999 -0.88252299999999995 0.28510200000000002
v 0.062509999999999996 -0.87820100000000001 0.143765
v 0.081419000000000005 -0.86673699999999998 0.110373
v 0.10340199999999999 -0.88771999999999995 0.068959000000000006
v 0.121046 -0.92436499999999999 0.03422
v 0.131966 -0.97124200000000005 0.010888999999999999
v 0.13509199999999999 -1.0237609999999999 0.0012509999999999999
v 0.13012000000000001 -1.076783 0.0062490000000000002
v 0.117535 -1.125116 0.025392999999999999
v 0.098570000000000005 -1.1640299999999999 0.056808999999999998
v 0.075080999999999995 -1.1897150000000001 0.097422999999999996
v 0.049367000000000001 -1.199657 0.143259
v 0.023945000000000001 -1.1928840000000001 0.189829
v 0.001304 -1.1700569999999999 0.232576
v -0.015228999999999999 -1.1326069999999999 0.26536300000000002
v -0.014673 -1.078864 0.26842100000000002
v -0.0054299999999999999 -1.0312190000000001 0.25528000000000001
v -0.0048929999999999998 -0.99041299999999999 0.25739499999999998
v 0.0036670000000000001 -0.965055 0.24380399999999999
v 0.020346 -0.93220199999999998 0.21607100000000001
v 0.041375000000000002 -0.90096799999999999 0.18033299999999999
v -0.36515500000000001 -0.82689699999999999 -0.073345999999999995
v -0.33862700000000001 -0.83417300000000005 -0.124152
v -0.31417499999999998 -0.85882499999999995 -0.170317
v -0.29511999999999999 -0.89839999999999998 -0.20783399999999999
v -0.283327 -0.94902600000000004 -0.23302999999999999
v -0.27994999999999998 -1.0057449999999999 -0.24343899999999999
v -0.28532000000000002 -1.0630059999999999 -0.238042
v -0.29891099999999998 -1.1152040000000001 -0.217367
v -0.31939299999999998 -1.15723 -0.18343799999999999
v -0.34476099999999998 -1.1849689999999999 -0.13957700000000001
v -0.372531 -1.1957059999999999 -0.090076000000000003
v -0.39998499999999998 -1.188391 -0.039780999999999997
v -0.42430800000000002 -1.163745 0.0064549999999999998
v -0.439336 -1.1243369999999999 0.046195
v -0.44184600000000002 -1.0741000000000001 0.076513999999999999
v -0.42377500000000001 -1.018276 0.098762000000000003
v -0.39515699999999998 -0.96198600000000001 0.106196
v -0.375529 -0.91003999999999996 0.088853000000000001
v -0.37328899999999998 -0.86725300000000005 0.044856
v -0.37629299999999999 -0.83832899999999999 -0.014664999999999999
v -0.33735199999999999 -0.92033699999999996 -0.061164999999999997
v -0.33538499999999999 -0.92350399999999999 -0.092802999999999997
v -0.328708 -0.93559800000000004 -0.118949
v -0.32209500000000002 -0.955264 -0.13931499999999999
v -0.31738300000000003 -0.98052700000000004 -0.15256800000000001
v -0.31603399999999998 -1.008872 -0.15795899999999999
v -0.31871899999999997 -1.0375030000000001 -0.15526000000000001
v -0.32551400000000003 -1.0636019999999999 -0.144923
v -0.33541599999999999 -1.0846290000000001 -0.127772
v -0.34691499999999997 -1.0985480000000001 -0.105187
v -0.35788599999999998 -1.1040380000000001 -0.078827999999999995
v -0.36618699999999998 -1.100608 -0.050685000000000001
v -0.37022500000000003 -1.0886229999999999 -0.023084
v -0.36947799999999997 -1.0692649999999999 0.001346
v -0.36205799999999999 -1.044508 0.021294
v -0.34989100000000001 -1.0167269999999999 0.034146000000000003
v -0.33799400000000002 -0.98848100000000005 0.036532000000000002
v -0.33077099999999998 -0.96240000000000003 0.026429999999999999
v -0.330123 -0.94098700000000002 0.0041710000000000002
v -0.33404699999999998 -0.92642400000000003 -0.026925999999999999
v 0.65276000000000001 -1.0539590000000001 0.48216100000000001
v -0.32773000000000002 -1.013018 -0.059019000000000002
v -0.90270099999999998 -1.23115 0.88244
v -0.61524900000000005 -1.2258739999999999 0.88244
v -0.32779700000000001 -1.284808 0.88244
v -0.040343999999999998 -1.251868 0.88244
v 0.24710799999999999 -1.2671490000000001 0.88244
v 0.53523799999999999 -1.335008 0.88244
v -0.90270099999999998 -1.2211339999999999 0.52946400000000005
v -0.61524900000000005 -1.0818449999999999 0.52946400000000005
v -0.32779700000000001 -1.160161 0.52946400000000005
v -0.037712000000000002 -1.158644 0.52946400000000005
v 0.29837399999999997 -1.175773 0.52946400000000005
v 0.62025699999999995 -1.2562549999999999 0.52847900000000003
v -0.90270099999999998 -1.2220249999999999 0.17648800000000001
v -0.61524900000000005 -1.1346069999999999 0.17648800000000001
v -0.32779700000000001 -1.074174 0.17648800000000001
v -0.030290000000000001 -1.0521799999999999 0.17648800000000001
v 0.35134900000000002 -1.179009 0.094093999999999997
v 0.69550500000000004 -1.2963039999999999 0.049589000000000001
v -0.90270099999999998 -1.2279340000000001 -0.17648800000000001
v -0.61524900000000005 -1.193829 -0.17648800000000001
v -0.32779700000000001 -1.196385 -0.17735500000000001
v -0.037712000000000002 -1.1954210000000001 -0.182615
v 0.29773699999999997 -1.223174 -0.32310299999999997
v 0.61992199999999997 -1.294772 -0.42638500000000001
v -0.86558199999999996 -1.2306600000000001 -0.52682600000000002
v -0.58768900000000002 -1.1475820000000001 -0.59039600000000003
v -0.32425100000000001 -1.1898850000000001 -0.64296500000000001
v -0.040343999999999998 -1.155249 -0.60484499999999997
v 0.24710799999999999 -1.085399 -0.61912500000000004
v 0.53456000000000004 -1.25512 -0.71370299999999998
v -0.82664499999999996 -1.235914 -0.89429000000000003
v -0.56821999999999995 -1.231425 -1.0194589999999999
v -0.32202599999999998 -1.262127 -1.0984830000000001
v -0.040343999999999998 -1.249239 -1.0474479999999999
v 0.24710799999999999 -1.2372570000000001 -1.054522
v 0.53456000000000004 -1.2925960000000001 -1.104684
#end vertices

#begin 597 textures vertices 
vt 0.4222584068775177 0.61443179845809937 0
vt 0.42759564518928528 0.61887574195861816 0
vt 0.43431523442268372 0.6216585636138916 0
vt 0.4417438805103302 0.62231153249740601 0
vt 0.44913783669471741 0.62102967500686646 0
vt 0.45575663447380066 0.61773020029067993 0
vt 0.4610307514667511 0.61303991079330444 0
vt 0.46451219916343689 0.6075630784034729 0
vt 0.46591892838478088 0.60194194316864014 0
vt 0.46510705351829529 0.59670436382293701 0
vt 0.46210595965385437 0.59221446514129639 0
vt 0.45711961388587952 0.58868616819381714 0
vt 0.45054635405540466 0.58625108003616333 0
vt 0.44319251179695129 0.58554363250732422 0
vt 0.43577387928962708 0.5866318941116333 0
vt 0.42883595824241638 0.58900207281112671 0
vt 0.42313918471336365 0.59263747930526733 0
vt 0.41933980584144592 0.59741312265396118 0
vt 0.4178750216960907 0.6030120849609375 0
vt 0.41889509558677673 0.60890656709671021 0
vt 0.40321382880210876 0.62795346975326538 0
vt 0.41551151871681213 0.63837903738021851 0
vt 0.43304356932640076 0.6479608416557312 0
vt 0.44768217206001282 0.64935249090194702 0
vt 0.46207413077354431 0.64649569988250732 0
vt 0.4719826877117157 0.63508719205856323 0
vt 0.4803600013256073 0.62344592809677124 0
vt 0.48645713925361633 0.61069011688232422 0
vt 0.48863431811332703 0.59802091121673584 0
vt 0.48667314648628235 0.58678340911865234 0
vt 0.48059931397438049 0.57771700620651245 0
vt 0.47070363163948059 0.57091271877288818 0
vt 0.45761397480964661 0.56618618965148926 0
vt 0.44290712475776672 0.56477147340774536 0
vt 0.42801174521446228 0.56679606437683105 0
vt 0.41403535008430481 0.57127678394317627 0
vt 0.40269145369529724 0.57862734794616699 0
vt 0.39543810486793518 0.58894288539886475 0
vt 0.393125981092453 0.60159403085708618 0
vt 0.395906001329422 0.61522853374481201 0
vt 0.37676626443862915 0.92154157161712646 0
vt 0.36034411191940308 0.9396393895149231 0
vt 0.34343308210372925 0.95617902278900146 0
vt 0.62047630548477173 0.97119313478469849 0
vt 0.60708266496658325 0.96296918392181396 0
vt 0.59389644861221313 0.94639253616333008 0
vt 0.58019047975540161 0.92769277095794678 0
vt 0.56605619192123413 0.9109528660774231 0
vt 0.55162197351455688 0.89982634782791138 0
vt 0.53725141286849976 0.89467138051986694 0
vt 0.52302628755569458 0.89309406280517578 0
vt 0.50887447595596313 0.89180970191955566 0
vt 0.49474060535430908 0.89075464010238647 0
vt 0.48053878545761108 0.89006292819976807 0
vt 0.46629318594932556 0.88984847068786621 0
vt 0.45203673839569092 0.89008361101150513 0
vt 0.43769994378089905 0.89047437906265259 0
vt 0.42331689596176147 0.89119189977645874 0
vt 0.40852636098861694 0.89547920227050781 0
vt 0.39298528432846069 0.90569072961807251 0
vt 0.38757497072219849 0.82388573884963989 0
vt 0.37743252515792847 0.82896655797958374 0
vt 0.36493295431137085 0.8359714150428772 0
vt 0.62521404027938843 0.8470420241355896 0
vt 0.60983699560165405 0.84408670663833618 0
vt 0.59482854604721069 0.83564227819442749 0
vt 0.58140140771865845 0.82890176773071289 0
vt 0.56949013471603394 0.82428938150405884 0
vt 0.5572628378868103 0.82110100984573364 0
vt 0.54339593648910522 0.81941717863082886 0
vt 0.52835088968276978 0.81862902641296387 0
vt 0.51325315237045288 0.81795358657836914 0
vt 0.49818015098571777 0.81738948822021484 0
vt 0.48313704133033752 0.81695497035980225 0
vt 0.46811041235923767 0.81660449504852295 0
vt 0.45309484004974365 0.81638973951339722 0
vt 0.43811681866645813 0.81632673740386963 0
vt 0.42317372560501099 0.81634461879730225 0
vt 0.40927892923355103 0.8173103928565979 0
vt 0.39749139547348022 0.81985342502593994 0
vt 0.38492494821548462 0.74528419971466064 0
vt 0.37274819612503052 0.74773985147476196 0
vt 0.36000531911849976 0.75042521953582764 0
vt 0.62766140699386597 0.75799918174743652 0
vt 0.61273664236068726 0.75581330060958862 0
vt 0.59830611944198608 0.75221467018127441 0
vt 0.58476680517196655 0.74904137849807739 0
vt 0.57169944047927856 0.74659091234207153 0
vt 0.5583149790763855 0.74498987197875977 0
vt 0.54407042264938354 0.74418377876281738 0
vt 0.529216468334198 0.74381536245346069 0
vt 0.51431536674499512 0.74346357583999634 0
vt 0.49939462542533875 0.7431151270866394 0
vt 0.48445728421211243 0.74279499053955078 0
vt 0.46952542662620544 0.74249660968780518 0
vt 0.45459651947021484 0.74222981929779053 0
vt 0.43968465924263 0.74200117588043213 0
vt 0.42481464147567749 0.74182158708572388 0
vt 0.41048496961593628 0.74214339256286621 0
vt 0.39722853899002075 0.74331027269363403 0
vt 0.38142699003219604 0.66654360294342041 0
vt 0.36525017023086548 0.66980826854705811 0
vt 0.34723669290542603 0.67551827430725098 0
vt 0.62130552530288696 0.68332219123840332 0
vt 0.60914593935012817 0.67927992343902588 0
vt 0.60002440214157104 0.67345535755157471 0
vt 0.58862358331680298 0.66992288827896118 0
vt 0.5741087794303894 0.66948080062866211 0
vt 0.55936866998672485 0.66930478811264038 0
vt 0.54461032152175903 0.66909456253051758 0
vt 0.52982932329177856 0.66884845495223999 0
vt 0.51503252983093262 0.66859191656112671 0
vt 0.50021457672119141 0.6683199405670166 0
vt 0.48537388443946838 0.66803789138793945 0
vt 0.47052127122879028 0.66776233911514282 0
vt 0.45566451549530029 0.66749900579452515 0
vt 0.4408053457736969 0.66724598407745361 0
vt 0.42595010995864868 0.66700488328933716 0
vt 0.41110140085220337 0.66677069664001465 0
vt 0.39626067876815796 0.66653072834014893 0
vt 0.57803577184677124 0.63075155019760132 0
vt 0.57076549530029297 0.63455694913864136 0
vt 0.56219685077667236 0.63620114326477051 0
vt 0.5540928840637207 0.63640135526657104 0
vt 0.54736554622650146 0.63541567325592041 0
vt 0.54202765226364136 0.63288819789886475 0
vt 0.53810238838195801 0.62839341163635254 0
vt 0.53576421737670898 0.62196683883666992 0
vt 0.53529107570648193 0.61452150344848633 0
vt 0.53709840774536133 0.607291579246521 0
vt 0.54098117351531982 0.60093426704406738 0
vt 0.54661393165588379 0.59605568647384644 0
vt 0.5534629225730896 0.59311008453369141 0
vt 0.56088590621948242 0.59240734577178955 0
vt 0.56817102432250977 0.59398406744003296 0
vt 0.57463091611862183 0.59769785404205322 0
vt 0.57968974113464355 0.60317063331604004 0
vt 0.58280956745147705 0.60994088649749756 0
vt 0.58376955986022949 0.61733800172805786 0
vt 0.58244097232818604 0.62468463182449341 0
vt 0.44210973381996155 0.60310965776443481 0
vt 0.55951815843582153 0.61659795045852661 0
vt 0.90563595294952393 0.60428404808044434 0
vt 0.90902626514434814 0.59770095348358154 0
vt 0.91021645069122314 0.59039223194122314 0
vt 0.90909004211425781 0.58307343721389771 0
vt 0.90575730800628662 0.57646119594573975 0
vt 0.90054416656494141 0.57120251655578613 0
vt 0.89396119117736816 0.56781208515167236 0
vt 0.88665282726287842 0.56662184000015259 0
vt 0.87933433055877686 0.56774806976318359 0
vt 0.87272226810455322 0.57108098268508911 0
vt 0.86746358871459961 0.57629400491714478 0
vt 0.86407315731048584 0.58287703990936279 0
vt 0.86288285255432129 0.59018576145172119 0
vt 0.86400926113128662 0.59750461578369141 0
vt 0.86734223365783691 0.60411697626113892 0
vt 0.87255525588989258 0.60937583446502686 0
vt 0.87913799285888672 0.61276626586914063 0
vt 0.88644647598266602 0.6139562726020813 0
vt 0.89376485347747803 0.61282998323440552 0
vt 0.90037727355957031 0.60949712991714478 0
vt 0.93230116367340088 0.62383610010147095 0
vt 0.94042849540710449 0.60805600881576538 0
vt 0.94328176975250244 0.59053647518157959 0
vt 0.9405815601348877 0.57299274206161499 0
vt 0.93259215354919434 0.55714249610900879 0
vt 0.92009615898132324 0.54453670978546143 0
vt 0.90431618690490723 0.53640961647033691 0
vt 0.88679718971252441 0.53355646133422852 0
vt 0.86925411224365234 0.53625655174255371 0
vt 0.85340356826782227 0.54424577951431274 0
vt 0.8407977819442749 0.55674225091934204 0
vt 0.83267033100128174 0.57252210378646851 0
vt 0.82981729507446289 0.59004145860671997 0
vt 0.83251750469207764 0.60758531093597412 0
vt 0.840506911277771 0.6234356164932251 0
vt 0.85300314426422119 0.63604140281677246 0
vt 0.86878335475921631 0.64416849613189697 0
vt 0.88630211353302002 0.64702165126800537 0
vt 0.90384554862976074 0.64432156085968018 0
vt 0.91969549655914307 0.63633227348327637 0
vt 0.65727323293685913 0.74609661102294922 0
vt 0.67349332571029663 0.74219948053359985 0
vt 0.68976956605911255 0.73874026536941528 0
vt 0.70597940683364868 0.73564291000366211 0
vt 0.72216528654098511 0.73287725448608398 0
vt 0.73835760354995728 0.73041808605194092 0
vt 0.75452440977096558 0.72821682691574097 0
vt 0.77064508199691772 0.72622221708297729 0
vt 0.78674799203872681 0.72442620992660522 0
vt 0.8028523325920105 0.72283923625946045 0
vt 0.81895595788955688 0.72147518396377563 0
vt 0.8350713849067688 0.72021478414535522 0
vt 0.85121327638626099 0.71914589405059814 0
vt 0.86737126111984253 0.7183118462562561 0
vt 0.88363546133041382 0.71769797801971436 0
vt 0.89992386102676392 0.71738922595977783 0
vt 0.91635757684707642 0.71740180253982544 0
vt 0.93281680345535278 0.71779537200927734 0
vt 0.9493069052696228 0.71867167949676514 0
vt 0.96583515405654907 0.72017842531204224 0
vt 0.68231326341629028 0.83595597743988037 0
vt 0.69657975435256958 0.83328253030776978 0
vt 0.71093195676803589 0.83089733123779297 0
vt 0.72534078359603882 0.82877731323242188 0
vt 0.73980122804641724 0.82686895132064819 0
vt 0.7542685866355896 0.82508283853530884 0
vt 0.76877313852310181 0.82342731952667236 0
vt 0.78334897756576538 0.82199949026107788 0
vt 0.79791349172592163 0.82063674926757813 0
vt 0.81245905160903931 0.81929230690002441 0
vt 0.82700127363204956 0.81808203458786011 0
vt 0.84148818254470825 0.81693452596664429 0
vt 0.85591667890548706 0.81590300798416138 0
vt 0.8702654242515564 0.81470316648483276 0
vt 0.88447529077529907 0.81365799903869629 0
vt 0.89866155385971069 0.81264454126358032 0
vt 0.91258543729782104 0.81193727254867554 0
vt 0.9238545298576355 0.81235688924789429 0
vt 0.93664842844009399 0.81328988075256348 0
vt 0.95198911428451538 0.81380140781402588 0
vt 0.69445842504501343 0.8754538893699646 0
vt 0.70469564199447632 0.87456613779067993 0
vt 0.7179524302482605 0.87335413694381714 0
vt 0.73190015554428101 0.87206435203552246 0
vt 0.74596792459487915 0.87072145938873291 0
vt 0.76009005308151245 0.86941772699356079 0
vt 0.77428823709487915 0.86814957857131958 0
vt 0.78855949640274048 0.86684232950210571 0
vt 0.80289000272750854 0.86568224430084229 0
vt 0.817280113697052 0.86458373069763184 0
vt 0.83172470331192017 0.86343467235565186 0
vt 0.84622806310653687 0.86239999532699585 0
vt 0.86076563596725464 0.86141318082809448 0
vt 0.87509018182754517 0.86057108640670776 0
vt 0.88984161615371704 0.85975861549377441 0
vt 0.9035915732383728 0.85913199186325073 0
vt 0.91473788022994995 0.85843747854232788 0
vt 0.92291790246963501 0.85799276828765869 0
vt 0.93528121709823608 0.85725247859954834 0
vt 0.94893795251846313 0.85625863075256348 0
vt 0.69307845830917358 0.996376633644104 0
vt 0.7079043984413147 0.99611848592758179 0
vt 0.7226596474647522 0.99549788236618042 0
vt 0.73735541105270386 0.9947350025177002 0
vt 0.75196081399917603 0.99392586946487427 0
vt 0.76656204462051392 0.99299603700637817 0
vt 0.7811240553855896 0.99202048778533936 0
vt 0.79562669992446899 0.99110156297683716 0
vt 0.81013017892837524 0.99010241031646729 0
vt 0.82461220026016235 0.98911339044570923 0
vt 0.83906060457229614 0.98824244737625122 0
vt 0.85349971055984497 0.98741179704666138 0
vt 0.86793917417526245 0.98649567365646362 0
vt 0.88229423761367798 0.98450589179992676 0
vt 0.89654356241226196 0.98105072975158691 0
vt 0.91057568788528442 0.97410506010055542 0
vt 0.92449456453323364 0.96641921997070313 0
vt 0.9386712908744812 0.9632260799407959 0
vt 0.95392495393753052 0.96634763479232788 0
vt 0.96996736526489258 0.97161400318145752 0
vt 0.73896527290344238 0.61411702632904053 0
vt 0.73510098457336426 0.6069176197052002 0
vt 0.73409318923950195 0.59933173656463623 0
vt 0.73554503917694092 0.59191447496414185 0
vt 0.73920762538909912 0.58532536029815674 0
vt 0.74467980861663818 0.58013367652893066 0
vt 0.75144290924072266 0.57678532600402832 0
vt 0.75888431072235107 0.57552909851074219 0
vt 0.76636219024658203 0.57652449607849121 0
vt 0.77319622039794922 0.57971650362014771 0
vt 0.77872872352600098 0.58488202095031738 0
vt 0.78237879276275635 0.59162795543670654 0
vt 0.78369581699371338 0.59936201572418213 0
vt 0.78254759311676025 0.60726410150527954 0
vt 0.77893936634063721 0.61466383934020996 0
vt 0.77347016334533691 0.62069040536880493 0
vt 0.76703786849975586 0.62447834014892578 0
vt 0.76018178462982178 0.62563151121139526 0
vt 0.75281941890716553 0.62427759170532227 0
vt 0.74531471729278564 0.62022477388381958 0
vt 0.88654971122741699 0.59028905630111694 0
vt 0.75933051109313965 0.60085558891296387 0
vt 0.07703176885843277 0.6276547908782959 0
vt 0.084376782178878784 0.62671661376953125 0
vt 0.091072589159011841 0.62355446815490723 0
vt 0.096463322639465332 0.61847794055938721 0
vt 0.10002141445875168 0.6119842529296875 0
vt 0.10139894485473633 0.60470861196517944 0
vt 0.10046052187681198 0.59736347198486328 0
vt 0.097298391163349152 0.59066790342330933 0
vt 0.09222179651260376 0.58527737855911255 0
vt 0.085728071630001068 0.58171910047531128 0
vt 0.078452348709106445 0.58034169673919678 0
vt 0.071107253432273865 0.58128011226654053 0
vt 0.064411439001560211 0.58444231748580933 0
vt 0.059020716696977615 0.58951884508132935 0
vt 0.055462520569562912 0.59601247310638428 0
vt 0.054085113108158112 0.60328811407089233 0
vt 0.05502353236079216 0.61063301563262939 0
vt 0.058185536414384842 0.61732858419418335 0
vt 0.063262224197387695 0.622719407081604 0
vt 0.069756157696247101 0.62627768516540527 0
vt 0.076039321720600128 0.6607058048248291 0
vt 0.09364645928144455 0.65845644474029541 0
vt 0.10969666391611099 0.65087652206420898 0
vt 0.12261863052845001 0.63870757818222046 0
vt 0.1311480849981308 0.62314116954803467 0
vt 0.13444970548152924 0.60570091009140015 0
vt 0.13220040500164032 0.58809423446655273 0
vt 0.12462040036916733 0.5720440149307251 0
vt 0.11245166510343552 0.55912202596664429 0
vt 0.096885152161121368 0.55059266090393066 0
vt 0.079444915056228638 0.54729092121124268 0
vt 0.061837639659643173 0.54954034090042114 0
vt 0.045787505805492401 0.55712020397186279 0
vt 0.032865442335605621 0.56928920745849609 0
vt 0.024335961788892746 0.58485531806945801 0
vt 0.021034333854913712 0.60229557752609253 0
vt 0.023283641785383224 0.61990255117416382 0
vt 0.030863743275403976 0.63595253229141235 0
vt 0.043032344430685043 0.64887470006942749 0
vt 0.058598894625902176 0.65740406513214111 0
vt 0.027706049382686615 0.71342927217483521 0
vt 0.044285975396633148 0.71264111995697021 0
vt 0.06078752875328064 0.71221619844436646 0
vt 0.07725127786397934 0.71214395761489868 0
vt 0.093635022640228271 0.71239238977432251 0
vt 0.10994865000247955 0.71286165714263916 0
vt 0.12620413303375244 0.7135542631149292 0
vt 0.14239752292633057 0.71442222595214844 0
vt 0.15855832397937775 0.71549659967422485 0
vt 0.17469087243080139 0.71672207117080688 0
vt 0.19080656766891479 0.71812629699707031 0
vt 0.20692205429077148 0.71968001127243042 0
vt 0.22301274538040161 0.7214958667755127 0
vt 0.23912087082862854 0.72352391481399536 0
vt 0.2553095817565918 0.72580486536026001 0
vt 0.2714669406414032 0.72842592000961304 0
vt 0.28772377967834473 0.73140650987625122 0
vt 0.30394235253334045 0.7347988486289978 0
vt 0.32010462880134583 0.73870664834976196 0
vt 0.33618316054344177 0.74327331781387329 0
vt 0.035699687898159027 0.80693560838699341 0
vt 0.0501549132168293 0.80705463886260986 0
vt 0.06470973789691925 0.80736243724822998 0
vt 0.079248093068599701 0.80781853199005127 0
vt 0.093816637992858887 0.80842220783233643 0
vt 0.10840828716754913 0.80915653705596924 0
vt 0.12301443517208099 0.81001001596450806 0
vt 0.13762986660003662 0.81104540824890137 0
vt 0.15223373472690582 0.81211233139038086 0
vt 0.16680857539176941 0.81329375505447388 0
vt 0.18134111166000366 0.81455177068710327 0
vt 0.19581162929534912 0.81594008207321167 0
vt 0.21024531126022339 0.81722444295883179 0
vt 0.22459745407104492 0.818500816822052 0
vt 0.23878052830696106 0.81991386413574219 0
vt 0.2529442310333252 0.82139039039611816 0
vt 0.26680877804756165 0.82316571474075317 0
vt 0.27785235643386841 0.82560813426971436 0
vt 0.29031458497047424 0.8288910984992981 0
vt 0.3053843080997467 0.832375168800354 0
vt 0.040002904832363129 0.84980177879333496 0
vt 0.050399530678987503 0.85047793388366699 0
vt 0.063845351338386536 0.85135668516159058 0
vt 0.077963553369045258 0.85224252939224243 0
vt 0.092152118682861328 0.85315132141113281 0
vt 0.10639782249927521 0.85410040616989136 0
vt 0.12066953629255295 0.85515236854553223 0
vt 0.13500536978244781 0.85621786117553711 0
vt 0.14937485754489899 0.8573419451713562 0
vt 0.16377149522304535 0.8585737943649292 0
vt 0.17818042635917664 0.85992598533630371 0
vt 0.1926196813583374 0.86127340793609619 0
vt 0.20708131790161133 0.86273670196533203 0
vt 0.22128617763519287 0.86422872543334961 0
vt 0.23588082194328308 0.86581289768218994 0
vt 0.2494293600320816 0.86740034818649292 0
vt 0.26042509078979492 0.86848258972167969 0
vt 0.26846602559089661 0.86932295560836792 0
vt 0.28059208393096924 0.87051063776016235 0
vt 0.29398289322853088 0.87160003185272217 0
vt 0.021316129714250565 0.9702984094619751 0
vt 0.03594120591878891 0.97207450866699219 0
vt 0.050547823309898376 0.97353768348693848 0
vt 0.065079525113105774 0.97496473789215088 0
vt 0.079583249986171722 0.97634202241897583 0
vt 0.09406203031539917 0.97769206762313843 0
vt 0.10855163633823395 0.9789542555809021 0
vt 0.12299035489559174 0.98029488325119019 0
vt 0.13741415739059448 0.98165160417556763 0
vt 0.15182735025882721 0.98303467035293579 0
vt 0.16625115275382996 0.98436093330383301 0
vt 0.18066495656967163 0.98572099208831787 0
vt 0.19506961107254028 0.98708140850067139 0
vt 0.20956999063491821 0.98735988140106201 0
vt 0.22419947385787964 0.98615777492523193 0
vt 0.23915448784828186 0.98145431280136108 0
vt 0.25411534309387207 0.97596883773803711 0
vt 0.26867464184761047 0.97490417957305908 0
vt 0.28341156244277954 0.98014944791793823 0
vt 0.29866370558738708 0.98754167556762695 0
vt 0.20104247331619263 0.6241534948348999 0
vt 0.19291730225086212 0.62329131364822388 0
vt 0.18608146905899048 0.61985117197036743 0
vt 0.18077097833156586 0.61447334289550781 0
vt 0.17739036679267883 0.6077350378036499 0
vt 0.17618560791015625 0.60028815269470215 0
vt 0.17719981074333191 0.59280973672866821 0
vt 0.18037931621074677 0.58596527576446533 0
vt 0.1854117214679718 0.58034431934356689 0
vt 0.19189766049385071 0.57649391889572144 0
vt 0.19928215444087982 0.57483118772506714 0
vt 0.20691196620464325 0.57561415433883667 0
vt 0.21404412388801575 0.57888209819793701 0
vt 0.21992716193199158 0.58428120613098145 0
vt 0.22400903701782227 0.59143060445785522 0
vt 0.22590819001197815 0.59934425354003906 0
vt 0.22541531920433044 0.6067926287651062 0
vt 0.2225063294172287 0.61310750246047974 0
vt 0.21724091470241547 0.61842828989028931 0
vt 0.20966561138629913 0.62234675884246826 0
vt 0.077742218971252441 0.60399824380874634 0
vt 0.20155370235443115 0.59985607862472534 0
vt 0.016170470044016838 0.41582754254341125 0
vt 0.019484121352434158 0.34121331572532654 0
vt 0.017561817541718483 0.26404643058776855 0
vt 0.02470979280769825 0.1884276270866394 0
vt 0.030505962669849396 0.11327598243951797 0
vt 0.033834856003522873 0.036665767431259155 0
vt 0.10810883343219757 0.4224829375743866 0
vt 0.11571791768074036 0.34208723902702332 0
vt 0.11309409886598587 0.26772114634513855 0
vt 0.11791136860847473 0.19414012134075165 0
vt 0.12539778649806976 0.10806883126497269 0
vt 0.12998412549495697 0.02323785237967968 0
vt 0.20082707703113556 0.42667087912559509 0
vt 0.2049686461687088 0.34990337491035461 0
vt 0.2064146101474762 0.27465388178825378 0
vt 0.21039795875549316 0.19983065128326416 0
vt 0.23934267461299896 0.10096527636051178 0
vt 0.25659665465354919 0.0088392812758684158 0
vt 0.29185628890991211 0.43090927600860596 0
vt 0.29653957486152649 0.35619920492172241 0
vt 0.30185580253601074 0.28136700391769409 0
vt 0.30771085619926453 0.20572738349437714 0
vt 0.3469502329826355 0.11912745982408524 0
vt 0.37915456295013428 0.035193402320146561 0
vt 0.38257205486297607 0.42762184143066406 0
vt 0.40325659513473511 0.3547721803188324 0
vt 0.42188745737075806 0.28794240951538086 0
vt 0.41603642702102661 0.21464674174785614 0
vt 0.42568588256835938 0.14178448915481567 0
vt 0.45466193556785583 0.061437133699655533 0
vt 0.47842413187026978 0.42227786779403687 0
vt 0.51499688625335693 0.35730057954788208 0
vt 0.54062163829803467 0.29504236578941345 0
vt 0.53243881464004517 0.22135862708091736 0
vt 0.5392451286315918 0.14615488052368164 0
vt 0.55764269828796387 0.07127758115530014 0
vt 0.36627620458602905 0.97172582149505615 0
vt 0.38266509771347046 0.96769917011260986 0
vt 0.54576820135116577 0.97019976377487183 0
vt 0.63406985998153687 0.99085599184036255 0
vt 0.34875303506851196 0.9821629524230957 0
vt 0.61854082345962524 0.98959153890609741 0
vt 0.60225158929824829 0.98846685886383057 0
vt 0.5882909893989563 0.97900098562240601 0
vt 0.57341176271438599 0.97422319650650024 0
vt 0.55874866247177124 0.97244656085968018 0
vt 0.53447335958480835 0.96751999855041504 0
vt 0.5237542986869812 0.96465438604354858 0
vt 0.51176071166992188 0.96215260028839111 0
vt 0.49756455421447754 0.96057313680648804 0
vt 0.4823395311832428 0.95983034372329712 0
vt 0.46679374575614929 0.95995181798934937 0
vt 0.64745789766311646 0.71063745021820068 0
vt 0.98765730857849121 0.68565690517425537 0
vt 0.45168936252593994 0.96099871397018433 0
vt 0.66462141275405884 0.70639878511428833 0
vt 0.43792441487312317 0.96280741691589355 0
vt 0.59872007369995117 0.64603966474533081 0
vt 0.68169635534286499 0.70264959335327148 0
vt 0.42515987157821655 0.96472543478012085 0
vt 0.58411335945129395 0.65440750122070313 0
vt 0.69869273900985718 0.69932013750076294 0
vt 0.41208595037460327 0.96623075008392334 0
vt 0.63829904794692993 0.68241739273071289 0
vt 0.56490474939346313 0.65690898895263672 0
vt 0.71561700105667114 0.69634956121444702 0
vt 0.3978380560874939 0.96717643737792969 0
vt 0.54739511013031006 0.65653598308563232 0
vt 0.73248952627182007 0.69378566741943359 0
vt 0.63591355085372925 0.96307742595672607 0
vt 0.51659530401229858 0.64117777347564697 0
vt 0.78272539377212524 0.68746960163116455 0
vt 0.63941150903701782 0.84240645170211792 0
vt 0.6419188380241394 0.75797027349472046 0
vt 0.53432643413543701 0.65522140264511108 0
vt 0.74928992986679077 0.69151586294174194 0
vt 0.52427399158477783 0.65064442157745361 0
vt 0.76602119207382202 0.68937939405441284 0
vt 0.51131159067153931 0.62729710340499878 0
vt 0.79941838979721069 0.68590050935745239 0
vt 0.51035130023956299 0.61223602294921875 0
vt 0.81610590219497681 0.68440401554107666 0
vt 0.51398229598999023 0.59756708145141602 0
vt 0.8328285813331604 0.68309462070465088 0
vt 0.52192091941833496 0.58469885587692261 0
vt 0.84961217641830444 0.68198639154434204 0
vt 0.53337693214416504 0.57483762502670288 0
vt 0.86646372079849243 0.68121111392974854 0
vt 0.54727661609649658 0.56891500949859619 0
vt 0.88343089818954468 0.68058550357818604 0
vt 0.56231546401977539 0.56744372844696045 0
vt 0.90050476789474487 0.68034732341766357 0
vt 0.57710146903991699 0.57060372829437256 0
vt 0.91770941019058228 0.68045389652252197 0
vt 0.59024441242218018 0.57809776067733765 0
vt 0.93506616353988647 0.68093746900558472 0
vt 0.60046571493148804 0.58925652503967285 0
vt 0.95252054929733276 0.68194729089736938 0
vt 0.6068732738494873 0.60296487808227539 0
vt 0.97006171941757202 0.68352395296096802 0
vt 0.60877972841262817 0.61796778440475464 0
vt 0.98241931200027466 0.72222703695297241 0
vt 0.60606050491333008 0.63283336162567139 0
vt 0.96651953458786011 0.81477129459381104 0
vt 0.96129661798477173 0.85514718294143677 0
vt 0.71157360076904297 0.61313438415527344 0
vt 0.71732771396636963 0.62687617540359497 0
vt 0.98549801111221313 0.97306513786315918 0
vt 0.7100902795791626 0.59836697578430176 0
vt 0.7130434513092041 0.58385151624679565 0
vt 0.72018194198608398 0.5708966851234436 0
vt 0.73083758354187012 0.56065952777862549 0
vt 0.74403882026672363 0.5540350079536438 0
vt 0.75861072540283203 0.55163758993148804 0
vt 0.77324032783508301 0.55365645885467529 0
vt 0.78661799430847168 0.55993199348449707 0
vt 0.79752898216247559 0.56991428136825562 0
vt 0.80501270294189453 0.58268415927886963 0
vt 0.80851268768310547 0.59709298610687256 0
vt 0.8075486421585083 0.61200189590454102 0
vt 0.80188477039337158 0.62617093324661255 0
vt 0.79065179824829102 0.63827294111251831 0
vt 0.77562534809112549 0.6463015079498291 0
vt 0.7600862979888916 0.64902621507644653 0
vt 0.74380087852478027 0.64625042676925659 0
vt 0.72821235656738281 0.63832926750183105 0
vt 0.042233906686306 0.67569833993911743 0
vt 0.024755444377660751 0.67660695314407349 0
vt 0.05956665426492691 0.67521977424621582 0
vt 0.076769553124904633 0.67512065172195435 0
vt 0.093846440315246582 0.67525160312652588 0
vt 0.11081285774707794 0.67574858665466309 0
vt 0.12767618894577026 0.67648833990097046 0
vt 0.14447230100631714 0.67731350660324097 0
vt 0.16120366752147675 0.67847323417663574 0
vt 0.17791971564292908 0.67968535423278809 0
vt 0.19463670253753662 0.68109029531478882 0
vt 0.21134674549102783 0.68280607461929321 0
vt 0.2280808687210083 0.68474531173706055 0
vt 0.24485734105110168 0.6869388222694397 0
vt 0.26173284649848938 0.68933600187301636 0
vt 0.27867984771728516 0.69210302829742432 0
vt 0.29568436741828918 0.69532757997512817 0
vt 0.31277117133140564 0.69897794723510742 0
vt 0.32985702157020569 0.70317989587783813 0
vt 0.0071507231332361698 0.67803013324737549 0
vt 0.34692546725273132 0.70796144008636475 0
vt 0.011040935292840004 0.71464025974273682 0
vt 0.021040637046098709 0.80798017978668213 0
vt 0.027637027204036713 0.84896492958068848 0
vt 0.18480250239372253 0.64623379707336426 0
vt 0.19939862191677094 0.64921903610229492 0
vt 0.17176398634910583 0.63914197683334351 0
vt 0.16143184900283813 0.62852621078491211 0
vt 0.15474545955657959 0.61533105373382568 0
vt 0.15228202939033508 0.60076266527175903 0
vt 0.15427637100219727 0.58612662553787231 0
vt 0.16047316789627075 0.57272201776504517 0
vt 0.17038504779338837 0.56177574396133423 0
vt 0.18310736119747162 0.55425828695297241 0
vt 0.19750256836414337 0.55086535215377808 0
vt 0.21226996183395386 0.55187439918518066 0
vt 0.22614738345146179 0.55709797143936157 0
vt 0.23792365193367004 0.56629198789596558 0
vt 0.24644109606742859 0.57895231246948242 0
vt 0.25011414289474487 0.59505045413970947 0
vt 0.24828432500362396 0.6119886040687561 0
vt 0.24178381264209747 0.62636333703994751 0
vt 0.23031789064407349 0.63825643062591553 0
vt 0.0073230364359915257 0.96370065212249756 0
vt 0.21499302983283997 0.64667558670043945 0
#end 597 textures vertices 

#begin 582 normals 
vn 0.53727199999999997 -0.56736600000000004 -0.62404700000000002
vn 0.53733200000000003 -0.69409399999999999 -0.47907
vn 0.53857100000000002 -0.72143000000000002 -0.43529299999999999
vn 0.54292700000000005 -0.56522700000000003 -0.62108699999999994
vn 0.45457199999999998 -0.78155200000000002 -0.42724699999999999
vn 0.40652899999999997 -0.82519200000000004 -0.39216400000000001
vn 0.39352999999999999 -0.80205700000000002 -0.44926500000000003
vn 0.372562 -0.83832600000000002 -0.39800400000000002
vn 0.37145899999999998 -0.80195300000000003 -0.46785700000000002
vn 0.32549400000000001 -0.84116000000000002 -0.43186000000000002
vn 0.36387900000000001 -0.73621199999999998 -0.57059899999999997
vn 0.31932199999999999 -0.77085800000000004 -0.55119099999999999
vn 0.51081900000000002 -0.59484199999999998 -0.62066699999999997
vn 0.51218699999999995 -0.59395699999999996 -0.62038599999999999
vn 0.55654199999999998 -0.54972500000000002 -0.62294799999999995
vn 0.56579900000000005 -0.54541200000000001 -0.61838300000000002
vn 0.55962900000000004 -0.57416999999999996 -0.59761500000000001
vn 0.57258699999999996 -0.56918999999999997 -0.59005700000000005
vn 0.56500399999999995 -0.58594900000000005 -0.58089100000000005
vn 0.57956399999999997 -0.57750500000000005 -0.57497299999999996
vn 0.56457000000000002 -0.57694299999999998 -0.590252
vn 0.57972699999999999 -0.56704900000000003 -0.58512600000000003
vn 0.55054999999999998 -0.55524200000000001 -0.62337900000000002
vn 0.56549099999999997 -0.54401299999999997 -0.61989499999999997
vn 0.53641000000000005 -0.54205800000000004 -0.64686699999999997
vn 0.546539 -0.52775000000000005 -0.65021200000000001
vn 0.52723100000000001 -0.54020100000000004 -0.65590400000000004
vn 0.53284900000000002 -0.52490599999999998 -0.66373599999999999
vn 0.50576299999999996 -0.54495899999999997 -0.66874800000000001
vn 0.50477099999999997 -0.53043899999999999 -0.68105899999999997
vn 0.47921799999999998 -0.55425199999999997 -0.68055500000000002
vn 0.47555799999999998 -0.54197099999999998 -0.69290099999999999
vn 0.47105799999999998 -0.55970399999999998 -0.68178899999999998
vn 0.46884999999999999 -0.54854899999999995 -0.69229600000000002
vn 0.48261300000000001 -0.55420400000000003 -0.67819099999999999
vn 0.481157 -0.54469199999999995 -0.68687600000000004
vn 0.50476200000000004 -0.53831399999999996 -0.67485799999999996
vn 0.503884 -0.53083100000000005 -0.68140999999999996
vn 0.52561500000000005 -0.520092 -0.67322599999999999
vn 0.52777799999999997 -0.51239000000000001 -0.67742599999999997
vn 0.81771300000000002 0.50804800000000006 0.27061600000000002
vn 0.78783800000000004 0.61561999999999995 0.01797
vn 0.53144400000000003 0.846804 -0.022133
vn 0.73785800000000001 0.63358300000000001 0.23267599999999999
vn 0.72332300000000005 0.63790100000000005 -0.26435999999999998
vn 0.33983000000000002 0.91844400000000004 -0.202427
vn 0.44780700000000001 0.63725200000000004 -0.62719899999999995
vn 0.206177 0.91330199999999995 -0.351242
vn -0.049045999999999999 0.55837999999999999 -0.82813400000000004
vn 0.0093830000000000007 0.90705599999999997 -0.420904
vn -0.36376500000000001 0.44676700000000003 -0.81735800000000003
vn -0.18835099999999999 0.821913 -0.53757200000000005
vn -0.528362 0.34508 -0.77572799999999997
vn -0.434979 0.60977899999999996 -0.66254299999999999
vn -0.67196800000000001 0.19305 -0.71497599999999994
vn -0.65379200000000004 0.30144199999999999 -0.69403800000000004
vn -0.78244400000000003 -0.024292999999999999 -0.62224699999999999
vn -0.786663 -0.024753000000000001 -0.61688600000000005
vn -0.82463699999999995 -0.30372100000000002 -0.47720899999999999
vn -0.82501599999999997 -0.32728400000000002 -0.46068799999999999
vn -0.75187700000000002 -0.59511499999999995 -0.28376000000000001
vn -0.76314499999999996 -0.59159799999999996 -0.26004100000000002
vn -0.58064499999999997 -0.80907700000000005 -0.090801999999999994
vn -0.61845000000000006 -0.78411200000000003 -0.051840999999999998
vn -0.37620199999999998 -0.92308999999999997 0.079850000000000004
vn -0.42626999999999998 -0.89266699999999999 0.146422
vn -0.16042699999999999 -0.95632399999999995 0.24435200000000001
vn -0.206817 -0.92081599999999997 0.33064399999999999
vn 0.038810999999999998 -0.91694600000000004 0.39711999999999997
vn 0.017439 -0.87157399999999996 0.48995300000000003
vn 0.23857900000000001 -0.80122800000000005 0.54873899999999998
vn 0.24340000000000001 -0.74494899999999997 0.62113399999999996
vn 0.46182600000000001 -0.57980600000000004 0.67122400000000004
vn 0.46910499999999999 -0.53268300000000002 0.70440700000000001
vn 0.66297600000000001 -0.27163500000000002 0.69762299999999999
vn 0.66212199999999999 -0.25484499999999999 0.70473200000000003
vn 0.78658899999999998 0.045509000000000001 0.61579799999999996
vn 0.78704200000000002 0.040422 0.61557300000000004
vn 0.82795200000000002 0.30769299999999999 0.46884999999999999
vn 0.82245100000000004 0.34026800000000001 0.45584200000000002
vn 0.55391100000000004 0.83054799999999995 -0.058069000000000003
vn 0.75517599999999996 0.62011000000000005 0.21253900000000001
vn 0.32709100000000002 0.91515899999999994 -0.23557700000000001
vn 0.184972 0.930508 -0.316133
vn 0.082066 0.90887600000000002 -0.40891300000000003
vn -0.09425 0.82539399999999996 -0.55663399999999996
vn -0.35474800000000001 0.63703799999999999 -0.68435100000000004
vn -0.61866699999999997 0.32140400000000002 -0.71690399999999999
vn -0.78018699999999996 -0.026468999999999999 -0.62498600000000004
vn -0.82665299999999997 -0.32234800000000002 -0.46123500000000001
vn -0.78589299999999995 -0.56067800000000001 -0.260791
vn -0.66822700000000002 -0.74312100000000003 -0.035276000000000002
vn -0.48513400000000001 -0.85277700000000001 0.19343199999999999
vn -0.25549100000000002 -0.87895299999999998 0.402698
vn -0.00061300000000000005 -0.81932799999999995 0.57332499999999997
vn 0.25516800000000001 -0.67914799999999997 0.68822000000000005
vn 0.48523699999999997 -0.47323900000000002 0.73524800000000001
vn 0.66267699999999996 -0.231715 0.71215700000000004
vn 0.77999300000000005 0.028965000000000001 0.62511700000000003
vn 0.82670299999999997 0.32087399999999999 0.462171
vn 0.58971300000000004 0.79555500000000001 -0.13903799999999999
vn 0.76567300000000005 0.62035099999999999 0.17002800000000001
vn 0.42574299999999998 0.83938199999999996 -0.33790700000000001
vn 0.306427 0.83588300000000004 -0.45541300000000001
vn 0.16903499999999999 0.80747199999999997 -0.56516900000000003
vn -0.060558000000000001 0.72192800000000001 -0.68931299999999995
vn -0.34944199999999997 0.54762500000000003 -0.76026199999999999
vn -0.60889199999999999 0.28440399999999999 -0.74051699999999998
vn -0.77632000000000001 -0.034160999999999997 -0.629413
vn -0.82628400000000002 -0.32309199999999999 -0.46137400000000001
vn -0.78594900000000001 -0.56059999999999999 -0.260791
vn -0.66863700000000004 -0.74273800000000001 -0.035557999999999999
vn -0.48579299999999997 -0.852406 0.193413
vn -0.25539699999999999 -0.87863500000000005 0.40345199999999998
vn 0 -0.81885699999999995 0.57399800000000001
vn 0.25539699999999999 -0.67892300000000005 0.68835800000000003
vn 0.48510999999999999 -0.47320600000000002 0.73535300000000003
vn 0.66165099999999999 -0.23035900000000001 0.71354899999999999
vn 0.77818100000000001 0.034680999999999997 0.62708200000000003
vn 0.82766600000000001 0.32595099999999999 0.45686399999999999
vn 0.59136999999999995 0.79756199999999999 -0.11906899999999999
vn 0.76836000000000004 0.61257700000000004 0.18540200000000001
vn 0.41125499999999998 0.848244 -0.33369300000000002
vn 0.29338399999999998 0.83749399999999996 -0.461011
vn 0.11355899999999999 0.78353799999999996 -0.61087899999999995
vn -0.18350900000000001 0.64436700000000002 -0.742371
vn -0.42896400000000001 0.47156300000000001 -0.77046700000000001
vn -0.63361299999999998 0.24627099999999999 -0.73340700000000003
vn -0.77948300000000004 -0.044248999999999997 -0.62485900000000005
vn -0.82628400000000002 -0.32302700000000001 -0.46142100000000003
vn -0.785995 -0.56048100000000001 -0.26090799999999997
vn -0.66863700000000004 -0.74273800000000001 -0.035557999999999999
vn -0.48579299999999997 -0.852406 0.193413
vn -0.25539699999999999 -0.87863500000000005 0.40345199999999998
vn 0 -0.81885699999999995 0.57399800000000001
vn 0.25539699999999999 -0.67892300000000005 0.68835800000000003
vn 0.48540100000000003 -0.47286699999999998 0.735379
vn 0.66488899999999995 -0.22472600000000001 0.71233500000000005
vn 0.78180700000000003 0.046429999999999999 0.62178999999999995
vn 0.82745400000000002 0.32966200000000001 0.45457900000000001
vn -0.81992200000000004 0.302512 0.48601899999999998
vn -0.818967 0.29359600000000002 0.49304599999999998
vn -0.81332599999999999 0.301346 0.49768600000000002
vn -0.81881099999999996 0.309697 0.48335899999999998
vn -0.76751499999999995 0.30026900000000001 0.566357
vn -0.75892800000000005 0.304535 0.57557499999999995
vn -0.56074900000000005 0.36595699999999998 0.74272199999999999
vn -0.60066600000000003 0.35000500000000001 0.71881700000000004
vn -0.246444 0.45321299999999998 0.85665800000000003
vn -0.31088399999999999 0.43909900000000002 0.84293700000000005
vn -0.152447 0.454818 0.87744
vn -0.161777 0.46616200000000002 0.86978200000000006
vn -0.23152500000000001 0.39861600000000003 0.88741300000000001
vn -0.231965 0.41320200000000001 0.88060000000000005
vn -0.28010600000000002 0.39032899999999998 0.87703100000000001
vn -0.27805200000000002 0.39859899999999998 0.87395999999999996
vn -0.26179200000000002 0.46454800000000002 0.84596700000000002
vn -0.262185 0.46457100000000001 0.84583299999999995
vn -0.24802299999999999 0.55606299999999997 0.79327099999999995
vn -0.24835099999999999 0.55599299999999996 0.79321799999999998
vn -0.26179200000000002 0.63681100000000002 0.72521500000000005
vn -0.26202799999999998 0.63669799999999999 0.72522900000000001
vn -0.30175099999999999 0.69888899999999998 0.64846000000000004
vn -0.301898 0.69877500000000003 0.64851499999999995
vn -0.36398900000000001 0.73621899999999996 0.57052099999999994
vn -0.36406699999999997 0.73612699999999998 0.57058900000000001
vn -0.442413 0.74514599999999998 0.499027
vn -0.44245000000000001 0.74507900000000005 0.49909399999999998
vn -0.52934700000000001 0.72479899999999997 0.44097500000000001
vn -0.52936399999999995 0.72474400000000005 0.44104399999999999
vn -0.61628099999999997 0.67716699999999996 0.40204800000000002
vn -0.61628300000000003 0.67711399999999999 0.40213500000000002
vn -0.69470500000000002 0.60691399999999995 0.38605800000000001
vn -0.69467900000000005 0.60686300000000004 0.386183
vn -0.756942 0.52091600000000005 0.394569
vn -0.75686900000000001 0.52088900000000005 0.39474500000000001
vn -0.79690099999999997 0.427593 0.42674699999999999
vn -0.79676499999999995 0.42762499999999998 0.42696800000000001
vn -0.81365200000000004 0.34433599999999998 0.46840599999999999
vn -0.81296400000000002 0.34705799999999998 0.46759000000000001
vn 0.51091399999999998 -0.58176000000000005 -0.63286900000000001
vn -0.55485300000000004 0.54142000000000001 0.63166699999999998
vn 0.63933499999999999 -0.143294 -0.75545799999999996
vn 0.63933499999999999 -0.14329500000000001 -0.75545799999999996
vn 0.63933499999999999 -0.14329500000000001 -0.75545799999999996
vn 0.63933499999999999 -0.143294 -0.75545799999999996
vn 0.63933499999999999 -0.14329500000000001 -0.75545899999999999
vn 0.63933499999999999 -0.14329500000000001 -0.75545899999999999
vn 0.63933499999999999 -0.14329500000000001 -0.75545899999999999
vn 0.63933499999999999 -0.14329500000000001 -0.75545899999999999
vn 0.63933399999999996 -0.14329500000000001 -0.75545899999999999
vn 0.63933499999999999 -0.14329500000000001 -0.75545799999999996
vn 0.63933499999999999 -0.14329500000000001 -0.75545799999999996
vn 0.63933499999999999 -0.14329500000000001 -0.75545799999999996
vn 0.63933600000000002 -0.14329500000000001 -0.75545799999999996
vn 0.63933499999999999 -0.14329500000000001 -0.75545799999999996
vn 0.63933499999999999 -0.14329500000000001 -0.75545799999999996
vn 0.63933499999999999 -0.14329500000000001 -0.75545799999999996
vn 0.63933499999999999 -0.14329500000000001 -0.75545799999999996
vn 0.63933499999999999 -0.14329500000000001 -0.75545799999999996
vn 0.63933499999999999 -0.14329500000000001 -0.75545799999999996
vn 0.63933499999999999 -0.14329500000000001 -0.75545799999999996
vn 0.63933499999999999 -0.14329500000000001 -0.75545799999999996
vn 0.63933499999999999 -0.14329500000000001 -0.75545799999999996
vn 0.63933600000000002 -0.14329500000000001 -0.75545799999999996
vn 0.63933600000000002 -0.14329500000000001 -0.75545799999999996
vn 0.63933499999999999 -0.14329500000000001 -0.75545799999999996
vn 0.63933499999999999 -0.14329500000000001 -0.75545799999999996
vn 0.63933499999999999 -0.14329500000000001 -0.75545799999999996
vn 0.63933499999999999 -0.14329500000000001 -0.75545799999999996
vn 0.63933499999999999 -0.14329500000000001 -0.75545799999999996
vn 0.63933499999999999 -0.14329500000000001 -0.75545799999999996
vn 0.63933600000000002 -0.14329500000000001 -0.75545799999999996
vn 0.63933600000000002 -0.14329500000000001 -0.75545799999999996
vn 0.63933600000000002 -0.14329500000000001 -0.75545799999999996
vn 0.63933600000000002 -0.14329500000000001 -0.75545799999999996
vn 0.63933499999999999 -0.14329500000000001 -0.75545799999999996
vn 0.63933600000000002 -0.14329500000000001 -0.75545799999999996
vn 0.63933600000000002 -0.14329500000000001 -0.75545799999999996
vn 0.63933600000000002 -0.14329500000000001 -0.75545799999999996
vn 0.63933499999999999 -0.14329500000000001 -0.75545799999999996
vn 0.63933600000000002 -0.14329500000000001 -0.75545799999999996
vn -0.61438899999999996 0.59546100000000002 -0.51763999999999999
vn -0.74897499999999995 0.32123099999999999 -0.57952300000000001
vn -0.74343400000000004 0.32210299999999997 -0.58613599999999999
vn -0.58690200000000003 0.63647500000000001 -0.50044500000000003
vn -0.81569499999999995 0.016777 -0.57823899999999995
vn -0.81062699999999999 0.015520000000000001 -0.58535700000000002
vn -0.80801800000000001 -0.28809699999999999 -0.51391399999999998
vn -0.80294500000000002 -0.28957699999999997 -0.520984
vn -0.72669600000000001 -0.56354800000000005 -0.392845
vn -0.72156299999999995 -0.56523100000000004 -0.39982600000000001
vn -0.57968799999999998 -0.78261499999999995 -0.226881
vn -0.57444799999999996 -0.78445799999999999 -0.23374200000000001
vn -0.38138699999999998 -0.92385200000000001 -0.03227
vn -0.37600099999999997 -0.92579900000000004 -0.038989000000000003
vn -0.151201 -0.97343500000000005 0.17193800000000001
vn -0.145647 -0.97541800000000001 0.16536899999999999
vn 0.088334999999999997 -0.92650999999999994 0.36575299999999999
vn 0.094065999999999997 -0.92845900000000003 0.35932700000000001
vn 0.313776 -0.78767100000000001 0.53020699999999998
vn 0.31967200000000001 -0.78951800000000005 0.52390099999999995
vn 0.503054 -0.57050699999999999 0.64919800000000005
vn 0.50908799999999998 -0.57219500000000001 0.64298
vn 0.63763999999999998 -0.29627700000000001 0.71108000000000005
vn 0.64377200000000001 -0.29776399999999997 0.70490699999999995
vn 0.70435999999999999 0.0081759999999999992 0.70979599999999998
vn 0.71054099999999998 0.0069119999999999997 0.70362199999999997
vn 0.69668200000000002 0.31304999999999999 0.64547200000000005
vn 0.70285799999999998 0.31201000000000001 0.63924999999999998
vn 0.61536000000000002 0.58850199999999997 0.52440200000000003
vn 0.62147699999999995 0.58766399999999996 0.51809099999999997
vn 0.46835300000000002 0.80756899999999998 0.35843900000000001
vn 0.47386299999999998 0.80729300000000004 0.35175499999999998
vn 0.27005099999999999 0.94880600000000004 0.163829
vn 0.24893000000000001 0.95802699999999996 0.14218800000000001
vn 0.039865999999999999 0.99838899999999997 -0.040378999999999998
vn -0.033125000000000002 0.996637 -0.074945999999999999
vn -0.19967099999999999 0.95146399999999998 -0.23419599999999999
vn -0.221891 0.95281000000000005 -0.20716300000000001
vn -0.42511199999999999 0.81262500000000004 -0.39864899999999998
vn -0.37669900000000001 0.86299800000000004 -0.33665
vn -0.73660599999999998 0.342725 -0.58305300000000004
vn -0.55625800000000003 0.69363300000000006 -0.45765800000000001
vn -0.80590600000000001 0.015299999999999999 -0.59184499999999995
vn -0.79802099999999998 -0.29097600000000001 -0.52772600000000003
vn -0.716588 -0.56680299999999995 -0.40649200000000002
vn -0.56938 -0.78616799999999998 -0.24030299999999999
vn -0.370809 -0.92759800000000003 -0.045428000000000003
vn -0.14030999999999999 -0.97724800000000001 0.159058
vn 0.099554000000000004 -0.93025899999999995 0.35313800000000001
vn 0.32530199999999998 -0.79123100000000002 0.51781600000000005
vn 0.51483599999999996 -0.57377100000000003 0.63697000000000004
vn 0.64960499999999999 -0.29916799999999999 0.698936
vn 0.71599900000000005 0.0084080000000000005 0.69805099999999998
vn 0.69390700000000005 0.34447499999999998 0.63231999999999999
vn 0.57214299999999996 0.64055600000000001 0.51219099999999995
vn 0.420821 0.82391999999999999 0.37956000000000001
vn 0.205396 0.96260999999999997 0.176622
vn -0.097166000000000002 0.99223399999999995 -0.077654000000000001
vn -0.23446 0.95583600000000002 -0.17722099999999999
vn -0.33986 0.90004399999999996 -0.27279199999999998
vn -0.66556400000000004 0.37908599999999998 -0.642899
vn -0.45112000000000002 0.71526500000000004 -0.533748
vn -0.75904899999999997 0.0066990000000000001 -0.65099899999999999
vn -0.75165899999999997 -0.30251 -0.58608700000000002
vn -0.67002700000000004 -0.57900799999999997 -0.46455800000000003
vn -0.52246199999999998 -0.79890600000000001 -0.29796400000000001
vn -0.323407 -0.94067999999999996 -0.102615
vn -0.092348 -0.99045099999999997 0.102368
vn 0.14809900000000001 -0.94334700000000005 0.29692200000000002
vn 0.37439600000000001 -0.80398099999999995 0.46199899999999999
vn 0.564392 -0.58599299999999999 0.58144200000000001
vn 0.69948100000000002 -0.31074299999999999 0.64355700000000005
vn 0.76722999999999997 0.00296 0.64136499999999996
vn 0.73708700000000005 0.40742600000000001 0.53917199999999998
vn 0.58093700000000004 0.73695999999999995 0.34554800000000002
vn 0.49635099999999999 0.83116000000000001 0.25061600000000001
vn 0.35896899999999998 0.92749700000000002 0.10435700000000001
vn 0.055531999999999998 0.97893300000000005 -0.19648699999999999
vn -0.115476 0.93457000000000001 -0.33651799999999998
vn -0.26575500000000002 0.86360099999999995 -0.428448
vn -0.64382399999999995 0.37152800000000002 -0.66892300000000005
vn -0.43565199999999998 0.67702799999999996 -0.59316199999999997
vn -0.743807 0.0033019999999999998 -0.66838699999999995
vn -0.73678699999999997 -0.30565999999999999 -0.60308899999999999
vn -0.65518799999999999 -0.58205200000000001 -0.48160700000000001
vn -0.50767899999999999 -0.80186500000000005 -0.31507800000000002
vn -0.30870199999999998 -0.94358399999999998 -0.11980399999999999
vn -0.077731999999999996 -0.993336 0.085100999999999996
vn 0.16262199999999999 -0.94625000000000004 0.27957900000000002
vn 0.38883200000000001 -0.80693800000000004 0.44459100000000001
vn 0.57875399999999999 -0.58903499999999998 0.56398800000000004
vn 0.71374800000000005 -0.31401899999999999 0.62606399999999995
vn 0.78180000000000005 -0.005306 0.623506
vn 0.76689499999999999 0.37850400000000001 0.51827299999999998
vn 0.64796699999999996 0.69566600000000001 0.31014199999999997
vn 0.57038599999999995 0.80389999999999995 0.16854
vn 0.47802299999999998 0.87703200000000003 0.048056000000000001
vn 0.14172199999999999 0.95637799999999995 -0.25545299999999999
vn -0.087415000000000007 0.89983500000000005 -0.42738300000000001
vn -0.26767299999999999 0.80829200000000001 -0.52441899999999997
vn -0.261716 0.156948 0.95229799999999998
vn -0.41111399999999998 0.16265199999999999 0.89695599999999998
vn -0.38656699999999999 0.20289299999999999 0.89966699999999999
vn -0.24493599999999999 0.225381 0.94297900000000001
vn -0.49512099999999998 0.189968 0.84780199999999994
vn -0.45940700000000001 0.212482 0.86243599999999998
vn -0.53804399999999997 0.20467199999999999 0.81769099999999995
vn -0.49416100000000002 0.23061300000000001 0.83822600000000003
vn -0.56221299999999996 0.21523700000000001 0.79849199999999998
vn -0.51758599999999999 0.25249100000000002 0.81752899999999995
vn -0.58040499999999995 0.22920599999999999 0.78140500000000002
vn -0.54228500000000002 0.27869100000000002 0.79262699999999997
vn -0.60114900000000004 0.24194499999999999 0.76163099999999995
vn -0.57484299999999999 0.30015999999999998 0.76122199999999995
vn -0.62382400000000005 0.24854100000000001 0.74099300000000001
vn -0.61140099999999997 0.309471 0.72829699999999997
vn -0.64468599999999998 0.25196600000000002 0.72172999999999998
vn -0.64438200000000001 0.30895699999999998 0.69951200000000002
vn -0.66579600000000005 0.26156499999999999 0.69878399999999996
vn -0.67174699999999998 0.309699 0.67293599999999998
vn -0.69813199999999997 0.27945500000000001 0.65917899999999996
vn -0.70076000000000005 0.31875300000000001 0.63822599999999996
vn -0.75511499999999998 0.28643800000000003 0.58970800000000001
vn -0.74530300000000005 0.32419999999999999 0.58259499999999997
vn -0.825291 0.26717999999999997 0.49750299999999997
vn -0.80176599999999998 0.31255699999999997 0.50939100000000004
vn -0.88673100000000005 0.22025800000000001 0.40644200000000003
vn -0.855236 0.28462999999999999 0.43307899999999999
vn -0.92744800000000005 0.17253299999999999 0.33177200000000001
vn -0.89314800000000005 0.26016600000000001 0.36687900000000001
vn -0.93365399999999998 0.123198 0.33632299999999998
vn -0.89533399999999996 0.218082 0.388351
vn -0.84467700000000001 0.048167000000000001 0.53310500000000005
vn -0.80452100000000004 0.154311 0.57352800000000004
vn -0.532219 0.016711 0.84644200000000003
vn -0.52428600000000003 0.124805 0.84234699999999996
vn -0.20652300000000001 0.077690999999999996 0.97535300000000003
vn -0.23106299999999999 0.16653399999999999 0.95857999999999999
vn -0.14038500000000001 0.14382300000000001 0.97959499999999999
vn -0.145036 0.22065499999999999 0.96450800000000003
vn 0.63933499999999999 -0.14329500000000001 -0.75545799999999996
vn -0.49760799999999999 0.47738599999999998 0.72421599999999997
vn 0.87490999999999997 -0.036532000000000002 0.482906
vn 0.87490999999999997 -0.036532000000000002 0.482906
vn 0.87490999999999997 -0.036532000000000002 0.482906
vn 0.87490999999999997 -0.036531000000000001 0.482906
vn 0.87490999999999997 -0.036532000000000002 0.48290499999999997
vn 0.87490999999999997 -0.036531000000000001 0.48290499999999997
vn 0.87490999999999997 -0.036533000000000003 0.48290499999999997
vn 0.87490999999999997 -0.036532000000000002 0.48290499999999997
vn 0.87490999999999997 -0.036532000000000002 0.48290499999999997
vn 0.87490999999999997 -0.036532000000000002 0.482906
vn 0.87490999999999997 -0.036532000000000002 0.48290499999999997
vn 0.87490999999999997 -0.036532000000000002 0.48290499999999997
vn 0.87490999999999997 -0.036533000000000003 0.48290499999999997
vn 0.87490999999999997 -0.036533000000000003 0.48290499999999997
vn 0.87490999999999997 -0.036531000000000001 0.482906
vn 0.87490999999999997 -0.036532000000000002 0.482906
vn 0.87490999999999997 -0.036531000000000001 0.482906
vn 0.87490999999999997 -0.036531000000000001 0.482906
vn 0.87490999999999997 -0.036532000000000002 0.482906
vn 0.87490999999999997 -0.036531000000000001 0.482906
vn 0.87490999999999997 -0.036532000000000002 0.482906
vn 0.87490999999999997 -0.036532000000000002 0.482906
vn 0.87490999999999997 -0.036532000000000002 0.482906
vn 0.87490999999999997 -0.036532000000000002 0.482906
vn 0.87490999999999997 -0.036532000000000002 0.48290499999999997
vn 0.87490999999999997 -0.036532000000000002 0.48290499999999997
vn 0.87490999999999997 -0.036532000000000002 0.48290499999999997
vn 0.87490999999999997 -0.036532000000000002 0.48290499999999997
vn 0.87490999999999997 -0.036532000000000002 0.48290499999999997
vn 0.87490999999999997 -0.036532000000000002 0.482906
vn 0.87490999999999997 -0.036532000000000002 0.48290499999999997
vn 0.87491099999999999 -0.036532000000000002 0.48290499999999997
vn 0.87490999999999997 -0.036532000000000002 0.48290499999999997
vn 0.87490999999999997 -0.036532000000000002 0.48290499999999997
vn 0.87490999999999997 -0.036532000000000002 0.482906
vn 0.87490999999999997 -0.036532000000000002 0.482906
vn 0.87490999999999997 -0.036531000000000001 0.482906
vn 0.87490999999999997 -0.036531000000000001 0.48290499999999997
vn 0.87490999999999997 -0.036531000000000001 0.48290499999999997
vn 0.87490999999999997 -0.036531000000000001 0.48290499999999997
vn -0.058781 0.99826999999999999 0.001707
vn 0.089355000000000004 0.95879899999999996 -0.26966600000000002
vn 0.095931000000000002 0.95971600000000001 -0.26408700000000002
vn -0.085222999999999993 0.99526700000000001 0.046708
vn 0.22128700000000001 0.82578700000000005 -0.51875599999999999
vn 0.22920299999999999 0.82606800000000002 -0.51485700000000001
vn 0.32410099999999997 0.61225200000000002 -0.72118400000000005
vn 0.332092 0.61237600000000003 -0.71743299999999999
vn 0.38773200000000002 0.33909600000000001 -0.85713300000000003
vn 0.39576899999999998 0.33902100000000002 -0.85348199999999996
vn 0.40595199999999998 0.033058999999999998 -0.913296
vn 0.41400300000000001 0.032759999999999997 -0.90968599999999999
vn 0.37697799999999998 -0.27590300000000001 -0.88417500000000004
vn 0.38500800000000002 -0.27642899999999998 -0.88054299999999996
vn 0.30364600000000003 -0.55754499999999996 -0.772621
vn 0.31162200000000001 -0.55827800000000005 -0.76890700000000001
vn 0.193133 -0.7843 -0.58955299999999999
vn 0.20102800000000001 -0.78519899999999998 -0.58570500000000003
vn 0.056259000000000003 -0.93397200000000002 -0.35289100000000001
vn 0.064052999999999999 -0.934979 -0.34887000000000001
vn -0.093579999999999997 -0.99190800000000001 -0.085802000000000003
vn -0.085894999999999999 -0.99295800000000001 -0.081585000000000005
vn -0.24171500000000001 -0.95243699999999998 0.18557100000000001
vn -0.23413900000000001 -0.95345899999999995 0.18998699999999999
vn -0.37364700000000001 -0.81942400000000004 0.43466300000000002
vn -0.36616799999999999 -0.82034899999999999 0.43925900000000001
vn -0.47645999999999999 -0.60589000000000004 0.63709000000000005
vn -0.46905599999999997 -0.60665800000000003 0.64183599999999996
vn -0.54009200000000002 -0.332735 0.77303900000000003
vn -0.53273400000000004 -0.33330199999999999 0.77788500000000005
vn -0.55831200000000003 -0.026698 0.82920099999999997
vn -0.55111299999999996 -0.026370999999999999 0.83401400000000003
vn -0.52933799999999998 0.28226400000000001 0.80008000000000001
vn -0.52259 0.31239499999999998 0.79329000000000005
vn -0.45600499999999999 0.56390700000000005 0.68852599999999997
vn -0.448544 0.62623499999999999 0.63768199999999997
vn -0.34549299999999999 0.79066199999999998 0.50545799999999996
vn -0.37471100000000002 0.78943600000000003 0.48619299999999999
vn -0.208619 0.94033299999999997 0.26879700000000001
vn -0.27002300000000001 0.90471599999999996 0.32951000000000003
vn 0.085097999999999993 0.96554700000000004 -0.245921
vn -0.13964499999999999 0.985016 0.101206
vn 0.235983 0.82678799999999997 -0.51061999999999996
vn 0.339729 0.61245099999999997 -0.71378399999999997
vn 0.403447 0.338924 -0.84991899999999998
vn 0.42169200000000001 0.032469999999999999 -0.90615800000000002
vn 0.392679 -0.27691300000000002 -0.87699700000000003
vn 0.319247 -0.55893999999999999 -0.765289
vn 0.20858399999999999 -0.78600300000000001 -0.58197299999999996
vn 0.071523000000000003 -0.93587799999999999 -0.34499000000000002
vn -0.078520000000000006 -0.99389300000000003 -0.077535999999999994
vn -0.226858 -0.95436900000000002 0.19420599999999999
vn -0.36077599999999999 -0.81962000000000002 0.44504300000000002
vn -0.48233900000000002 -0.57899900000000004 0.65734999999999999
vn -0.56900899999999999 -0.27046399999999998 0.77658099999999997
vn -0.59771200000000002 -0.00091500000000000001 0.80171000000000003
vn -0.56573799999999996 0.32158300000000001 0.75929199999999997
vn -0.46302399999999999 0.66366099999999995 0.58750599999999997
vn -0.40428900000000001 0.78172699999999995 0.47482000000000002
vn -0.32967200000000002 0.86744299999999996 0.37263800000000002
vn 0.13649900000000001 0.97742700000000005 -0.16125999999999999
vn -0.057588 0.97732399999999997 0.20376900000000001
vn 0.30223100000000003 0.82733000000000001 -0.47347899999999998
vn 0.40665699999999999 0.61118099999999997 -0.67903500000000006
vn 0.47052899999999998 0.33698800000000001 -0.81550100000000003
vn 0.48881799999999997 0.029789 -0.87187700000000001
vn 0.459735 -0.28034599999999998 -0.84264499999999998
vn 0.38612400000000002 -0.56305899999999998 -0.73066600000000004
vn 0.27519199999999999 -0.79067500000000002 -0.54690300000000003
vn 0.137798 -0.94091400000000003 -0.30934299999999998
vn -0.01261 -0.99907000000000001 -0.041239999999999999
vn -0.161297 -0.95945599999999998 0.23114199999999999
vn -0.29682599999999998 -0.82131299999999996 0.487176
vn -0.42540299999999998 -0.516517 0.74312999999999996
vn -0.47921200000000003 -0.126831 0.86848700000000001
vn -0.47418300000000002 0.03092 0.87988299999999997
vn -0.44405099999999997 0.25058599999999998 0.86024699999999998
vn -0.31465599999999999 0.63189700000000004 0.70830700000000002
vn -0.22896 0.78857500000000003 0.57072500000000004
vn -0.162934 0.89053899999999997 0.42472799999999999
vn 0.16786899999999999 0.97485500000000003 -0.14655199999999999
vn 0.014472 0.98005600000000004 0.19819200000000001
vn 0.32257400000000003 0.82611699999999999 -0.462036
vn 0.42645300000000003 0.61011099999999996 -0.66775899999999999
vn 0.49030099999999999 0.33602500000000002 -0.804172
vn 0.50858199999999998 0.028944000000000001 -0.86052700000000004
vn 0.47950999999999999 -0.28106999999999999 -0.83130599999999999
vn 0.40592800000000001 -0.56367400000000001 -0.71937099999999998
vn 0.295039 -0.79120199999999996 -0.53567900000000002
vn 0.157697 -0.94138299999999997 -0.29820999999999998
vn 0.0073480000000000004 -0.99951699999999999 -0.030210999999999998
vn -0.14121800000000001 -0.95995699999999995 0.241951
vn -0.27385700000000002 -0.82461099999999998 0.49499399999999999
vn -0.38510899999999998 -0.53891500000000003 0.74917400000000001
vn -0.40993499999999999 -0.170325 0.89607099999999995
vn -0.371917 0.017593000000000001 0.92809900000000001
vn -0.33783400000000002 0.18255199999999999 0.92333200000000004
vn -0.229961 0.60086200000000001 0.76556100000000005
vn -0.12936 0.80354899999999996 0.58101199999999997
vn -0.057709000000000003 0.91473099999999996 0.399922
vn -0.93046600000000002 -0.29352299999999998 -0.21926499999999999
vn -0.93238299999999996 -0.16941700000000001 -0.31931199999999998
vn -0.94752400000000003 -0.16289500000000001 -0.27506900000000001
vn -0.95225000000000004 -0.25957999999999998 -0.160743
vn -0.93088000000000004 -0.075778999999999999 -0.357379
vn -0.94353799999999999 -0.092730999999999994 -0.31802200000000003
vn -0.92642400000000003 -0.024684000000000001 -0.37567200000000001
vn -0.94318900000000006 -0.047933999999999997 -0.32878099999999999
vn -0.92323500000000003 0.0066509999999999998 -0.38417699999999999
vn -0.94423400000000002 -0.0097949999999999999 -0.329129
vn -0.92170799999999997 0.035133999999999999 -0.38628899999999999
vn -0.94440400000000002 0.033932999999999998 -0.32703300000000002
vn -0.91813199999999995 0.065970000000000001 -0.39074500000000001
vn -0.93922899999999998 0.083376000000000006 -0.333013
vn -0.91134199999999999 0.094978000000000007 -0.40054400000000001
vn -0.92790099999999998 0.12919800000000001 -0.34972399999999998
vn -0.90354400000000001 0.120327 -0.41125400000000001
vn -0.91395999999999999 0.16497300000000001 -0.370757
vn -0.89592099999999997 0.15140300000000001 -0.41761500000000001
vn -0.90078800000000003 0.19684199999999999 -0.38708500000000001
vn -0.88221700000000003 0.20333100000000001 -0.424676
vn -0.88565400000000005 0.239006 -0.39811099999999999
vn -0.84602200000000005 0.28077000000000002 -0.45322800000000002
vn -0.85627699999999995 0.300284 -0.42026000000000002
vn -0.78207099999999996 0.36414099999999999 -0.50573400000000002
vn -0.80755299999999997 0.36898700000000001 -0.46011600000000002
vn -0.70260199999999995 0.42597299999999999 -0.569998
vn -0.74725399999999997 0.42843900000000001 -0.50798699999999997
vn -0.62994899999999998 0.46565099999999998 -0.62155800000000005
vn -0.692326 0.47480299999999998 -0.54336600000000002
vn -0.61074300000000004 0.43887799999999999 -0.65907400000000005
vn -0.68933299999999997 0.44014300000000001 -0.57540800000000003
vn -0.70692900000000003 0.23167399999999999 -0.668265
vn -0.78118500000000002 0.244781 -0.57431100000000002
vn -0.85384400000000005 -0.150811 -0.49820399999999998
vn -0.90237299999999998 -0.092081999999999997 -0.42100300000000002
vn -0.89319499999999996 -0.38450400000000001 -0.233149
vn -0.93133999999999995 -0.31002800000000003 -0.19101899999999999
vn -0.91029599999999999 -0.389125 -0.14121500000000001
vn -0.93792200000000003 -0.33432000000000001 -0.092371999999999996
vn 0.87490999999999997 -0.036532000000000002 0.48290499999999997
vn -0.97521000000000002 0.15832099999999999 -0.15459700000000001
vn -0.23858399999999999 0.94879599999999997 0.207038
vn -0.0010679999999999999 0.95752499999999996 0.28834700000000002
vn -0.091453000000000007 0.98627900000000002 0.13743900000000001
vn -0.30634699999999998 0.94948699999999997 0.068012000000000003
vn 0.082711000000000007 0.94235500000000005 0.32423299999999999
vn 0.043343 0.96784199999999998 0.24779499999999999
vn -0.0021410000000000001 0.96137099999999998 0.27524900000000002
vn 0.055023000000000002 0.97081799999999996 0.23342199999999999
vn 0.13436799999999999 0.95528599999999997 0.26338800000000001
vn 0.204849 0.966445 0.15498899999999999
vn 0.22798099999999999 0.93572900000000003 0.26913999999999999
vn 0.26595000000000002 0.95910300000000004 0.096907999999999994
vn -0.16753199999999999 0.98135700000000003 -0.094187999999999994
vn -0.28878100000000001 0.95402399999999998 -0.080276
vn -0.037900999999999997 0.99632799999999999 -0.076770000000000005
vn 0.085755999999999999 0.99563500000000005 -0.036844000000000002
vn 0.22555900000000001 0.97241500000000003 -0.059423999999999998
vn 0.26825399999999999 0.96214500000000003 -0.048140000000000002
vn -0.10263 0.99320699999999995 -0.054836000000000003
vn -0.20274900000000001 0.97888200000000003 -0.026141999999999999
vn -0.026757 0.99336899999999995 -0.111814
vn 0.021894 0.99358500000000005 -0.110947
vn 0.19969799999999999 0.97980599999999995 0.010019999999999999
vn 0.32502900000000001 0.94530499999999995 0.027470999999999999
vn -0.046908999999999999 0.99795900000000004 -0.043325000000000002
vn -0.20061999999999999 0.97934100000000002 -0.025368000000000002
vn 0.013337999999999999 0.99734299999999998 -0.071613999999999997
vn -0.070636000000000004 0.99670199999999998 -0.039959000000000001
vn 0.12145400000000001 0.99240499999999998 -0.019505000000000002
vn 0.35877700000000001 0.93196199999999996 -0.052204
vn -0.0064770000000000001 0.98773 -0.15603400000000001
vn -0.20208799999999999 0.97155000000000002 -0.12349300000000001
vn 0.012404999999999999 0.98405600000000004 -0.177424
vn -0.098090999999999998 0.96984300000000001 -0.22312000000000001
vn 0.096492999999999995 0.96479999999999999 -0.244643
vn 0.309396 0.92691599999999996 -0.212369
#end 582 normals 

#begin 505 faces
usemtl initialShadingGroup
g Charcoal
s 1
f 1/1/1 2/2/2 22/22/3 21/21/4 
f 2/2/2 3/3/5 23/23/6 22/22/3 
f 3/3/5 4/4/7 24/24/8 23/23/6 
f 4/4/7 5/5/9 25/25/10 24/24/8 
f 5/5/9 6/6/11 26/26/12 25/25/10 
f 6/6/11 7/7/13 27/27/14 26/26/12 
f 7/7/13 8/8/15 28/28/16 27/27/14 
f 8/8/15 9/9/17 29/29/18 28/28/16 
f 9/9/17 10/10/19 30/30/20 29/29/18 
f 10/10/19 11/11/21 31/31/22 30/30/20 
f 11/11/21 12/12/23 32/32/24 31/31/22 
f 12/12/23 13/13/25 33/33/26 32/32/24 
f 13/13/25 14/14/27 34/34/28 33/33/26 
f 14/14/27 15/15/29 35/35/30 34/34/28 
f 15/15/29 16/16/31 36/36/32 35/35/30 
f 16/16/31 17/17/33 37/37/34 36/36/32 
f 17/17/33 18/18/35 38/38/36 37/37/34 
f 18/18/35 19/19/37 39/39/38 38/38/36 
f 19/19/37 20/20/39 40/40/40 39/39/38 
f 20/20/39 1/1/1 21/21/4 40/40/40 
s 2
f 21/464/41 22/463/42 42/42/43 41/41/44 
f 22/463/42 23/467/45 43/43/46 42/42/43 
f 23/466/45 24/468/47 44/44/48 43/496/46 
f 24/468/47 25/469/49 45/45/50 44/44/48 
f 25/469/49 26/470/51 46/46/52 45/45/50 
f 26/470/51 27/471/53 47/47/54 46/46/52 
f 27/471/53 28/472/55 48/48/56 47/47/54 
f 28/472/55 29/465/57 49/49/58 48/48/56 
f 29/465/57 30/473/59 50/50/60 49/49/58 
f 30/473/59 31/474/61 51/51/62 50/50/60 
f 31/474/61 32/475/63 52/52/64 51/51/62 
f 32/475/63 33/476/65 53/53/66 52/52/64 
f 33/476/65 34/477/67 54/54/68 53/53/66 
f 34/477/67 35/478/69 55/55/70 54/54/68 
f 35/478/69 36/481/71 56/56/72 55/55/70 
f 36/481/71 37/483/73 57/57/74 56/56/72 
f 37/483/73 38/486/75 58/58/76 57/57/74 
f 38/486/75 39/489/77 59/59/78 58/58/76 
f 39/489/77 40/493/79 60/60/80 59/59/78 
f 40/493/79 21/464/41 41/41/44 60/60/80 
f 41/41/44 42/42/43 62/62/81 61/61/82 
f 42/42/43 43/43/46 63/63/83 62/62/81 
f 43/496/46 44/44/48 64/64/84 63/499/83 
f 44/44/48 45/45/50 65/65/85 64/64/84 
f 45/45/50 46/46/52 66/66/86 65/65/85 
f 46/46/52 47/47/54 67/67/87 66/66/86 
f 47/47/54 48/48/56 68/68/88 67/67/87 
f 48/48/56 49/49/58 69/69/89 68/68/88 
f 49/49/58 50/50/60 70/70/90 69/69/89 
f 50/50/60 51/51/62 71/71/91 70/70/90 
f 51/51/62 52/52/64 72/72/92 71/71/91 
f 52/52/64 53/53/66 73/73/93 72/72/92 
f 53/53/66 54/54/68 74/74/94 73/73/93 
f 54/54/68 55/55/70 75/75/95 74/74/94 
f 55/55/70 56/56/72 76/76/96 75/75/95 
f 56/56/72 57/57/74 77/77/97 76/76/96 
f 57/57/74 58/58/76 78/78/98 77/77/97 
f 58/58/76 59/59/78 79/79/99 78/78/98 
f 59/59/78 60/60/80 80/80/100 79/79/99 
f 60/60/80 41/41/44 61/61/82 80/80/100 
f 61/61/82 62/62/81 82/82/101 81/81/102 
f 62/62/81 63/63/83 83/83/103 82/82/101 
f 63/499/83 64/64/84 84/84/104 83/500/103 
f 64/64/84 65/65/85 85/85/105 84/84/104 
f 65/65/85 66/66/86 86/86/106 85/85/105 
f 66/66/86 67/67/87 87/87/107 86/86/106 
f 67/67/87 68/68/88 88/88/108 87/87/107 
f 68/68/88 69/69/89 89/89/109 88/88/108 
f 69/69/89 70/70/90 90/90/110 89/89/109 
f 70/70/90 71/71/91 91/91/111 90/90/110 
f 71/71/91 72/72/92 92/92/112 91/91/111 
f 72/72/92 73/73/93 93/93/113 92/92/112 
f 73/73/93 74/74/94 94/94/114 93/93/113 
f 74/74/94 75/75/95 95/95/115 94/94/114 
f 75/75/95 76/76/96 96/96/116 95/95/115 
f 76/76/96 77/77/97 97/97/117 96/96/116 
f 77/77/97 78/78/98 98/98/118 97/97/117 
f 78/78/98 79/79/99 99/99/119 98/98/118 
f 79/79/99 80/80/100 100/100/120 99/99/119 
f 80/80/100 61/61/82 81/81/102 100/100/120 
f 81/81/102 82/82/101 102/102/121 101/101/122 
f 82/82/101 83/83/103 103/103/123 102/102/121 
f 83/500/103 84/84/104 104/104/124 103/490/123 
f 84/84/104 85/85/105 105/105/125 104/104/124 
f 85/85/105 86/86/106 106/106/126 105/105/125 
f 86/86/106 87/87/107 107/107/127 106/106/126 
f 87/87/107 88/88/108 108/108/128 107/107/127 
f 88/88/108 89/89/109 109/109/129 108/108/128 
f 89/89/109 90/90/110 110/110/130 109/109/129 
f 90/90/110 91/91/111 111/111/131 110/110/130 
f 91/91/111 92/92/112 112/112/132 111/111/131 
f 92/92/112 93/93/113 113/113/133 112/112/132 
f 93/93/113 94/94/114 114/114/134 113/113/133 
f 94/94/114 95/95/115 115/115/135 114/114/134 
f 95/95/115 96/96/116 116/116/136 115/115/135 
f 96/96/116 97/97/117 117/117/137 116/116/136 
f 97/97/117 98/98/118 118/118/138 117/117/137 
f 98/98/118 99/99/119 119/119/139 118/118/138 
f 99/99/119 100/100/120 120/120/140 119/119/139 
f 100/100/120 81/81/102 101/101/122 120/120/140 
s 3
f 101/484/141 102/487/142 122/122/143 121/121/144 
f 102/487/142 103/491/145 123/123/146 122/122/143 
f 103/491/145 104/494/147 124/124/148 123/123/146 
f 104/494/147 105/501/149 125/125/150 124/124/148 
f 105/501/149 106/503/151 126/126/152 125/125/150 
f 106/503/151 107/497/153 127/127/154 126/126/152 
f 107/497/153 108/505/155 128/128/156 127/127/154 
f 108/505/155 109/507/157 129/129/158 128/128/156 
f 109/507/157 110/509/159 130/130/160 129/129/158 
f 110/509/159 111/511/161 131/131/162 130/130/160 
f 111/511/161 112/513/163 132/132/164 131/131/162 
f 112/513/163 113/515/165 133/133/166 132/132/164 
f 113/515/165 114/517/167 134/134/168 133/133/166 
f 114/517/167 115/519/169 135/135/170 134/134/168 
f 115/519/169 116/521/171 136/136/172 135/135/170 
f 116/521/171 117/523/173 137/137/174 136/136/172 
f 117/523/173 118/525/175 138/138/176 137/137/174 
f 118/525/175 119/527/177 139/139/178 138/138/176 
f 119/527/177 120/529/179 140/140/180 139/139/178 
f 120/529/179 101/484/141 121/121/144 140/140/180 
s 1
f 2/2/2 1/1/1 141/141/181 
f 3/3/5 2/2/2 141/141/181 
f 4/4/7 3/3/5 141/141/181 
f 5/5/9 4/4/7 141/141/181 
f 6/6/11 5/5/9 141/141/181 
f 7/7/13 6/6/11 141/141/181 
f 8/8/15 7/7/13 141/141/181 
f 9/9/17 8/8/15 141/141/181 
f 10/10/19 9/9/17 141/141/181 
f 11/11/21 10/10/19 141/141/181 
f 12/12/23 11/11/21 141/141/181 
f 13/13/25 12/12/23 141/141/181 
f 14/14/27 13/13/25 141/141/181 
f 15/15/29 14/14/27 141/141/181 
f 16/16/31 15/15/29 141/141/181 
f 17/17/33 16/16/31 141/141/181 
f 18/18/35 17/17/33 141/141/181 
f 19/19/37 18/18/35 141/141/181 
f 20/20/39 19/19/37 141/141/181 
f 1/1/1 20/20/39 141/141/181 
s 3
f 121/121/144 122/122/143 142/142/182 
f 122/122/143 123/123/146 142/142/182 
f 123/123/146 124/124/148 142/142/182 
f 124/124/148 125/125/150 142/142/182 
f 125/125/150 126/126/152 142/142/182 
f 126/126/152 127/127/154 142/142/182 
f 127/127/154 128/128/156 142/142/182 
f 128/128/156 129/129/158 142/142/182 
f 129/129/158 130/130/160 142/142/182 
f 130/130/160 131/131/162 142/142/182 
f 131/131/162 132/132/164 142/142/182 
f 132/132/164 133/133/166 142/142/182 
f 133/133/166 134/134/168 142/142/182 
f 134/134/168 135/135/170 142/142/182 
f 135/135/170 136/136/172 142/142/182 
f 136/136/172 137/137/174 142/142/182 
f 137/137/174 138/138/176 142/142/182 
f 138/138/176 139/139/178 142/142/182 
f 139/139/178 140/140/180 142/142/182 
f 140/140/180 121/121/144 142/142/182 
s 4
f 143/143/183 144/144/184 164/164/185 163/163/186 
f 144/144/184 145/145/187 165/165/188 164/164/185 
f 145/145/187 146/146/189 166/166/190 165/165/188 
f 146/146/189 147/147/191 167/167/192 166/166/190 
f 147/147/191 148/148/193 168/168/194 167/167/192 
f 148/148/193 149/149/195 169/169/196 168/168/194 
f 149/149/195 150/150/197 170/170/198 169/169/196 
f 150/150/197 151/151/199 171/171/200 170/170/198 
f 151/151/199 152/152/201 172/172/202 171/171/200 
f 152/152/201 153/153/203 173/173/204 172/172/202 
f 153/153/203 154/154/205 174/174/206 173/173/204 
f 154/154/205 155/155/207 175/175/208 174/174/206 
f 155/155/207 156/156/209 176/176/210 175/175/208 
f 156/156/209 157/157/211 177/177/212 176/176/210 
f 157/157/211 158/158/213 178/178/214 177/177/212 
f 158/158/213 159/159/215 179/179/216 178/178/214 
f 159/159/215 160/160/217 180/180/218 179/179/216 
f 160/160/217 161/161/219 181/181/220 180/180/218 
f 161/161/219 162/162/221 182/182/222 181/181/220 
f 162/162/221 143/143/183 163/163/186 182/182/222 
s 5
f 163/479/223 164/482/224 184/184/225 183/183/226 
f 164/482/224 165/485/227 185/185/228 184/184/225 
f 165/485/227 166/488/229 186/186/230 185/185/228 
f 166/488/229 167/492/231 187/187/232 186/186/230 
f 167/492/231 168/495/233 188/188/234 187/187/232 
f 168/495/233 169/502/235 189/189/236 188/188/234 
f 169/502/235 170/504/237 190/190/238 189/189/236 
f 170/504/237 171/498/239 191/191/240 190/190/238 
f 171/498/239 172/506/241 192/192/242 191/191/240 
f 172/506/241 173/508/243 193/193/244 192/192/242 
f 173/508/243 174/510/245 194/194/246 193/193/244 
f 174/510/245 175/512/247 195/195/248 194/194/246 
f 175/512/247 176/514/249 196/196/250 195/195/248 
f 176/514/249 177/516/251 197/197/252 196/196/250 
f 177/516/251 178/518/253 198/198/254 197/197/252 
f 178/518/253 179/520/255 199/199/256 198/198/254 
f 179/520/255 180/522/257 200/200/258 199/199/256 
f 180/522/257 181/524/259 201/201/260 200/200/258 
f 181/524/259 182/526/261 202/202/262 201/201/260 
f 182/526/261 163/480/223 183/528/226 202/202/262 
f 183/183/226 184/184/225 204/204/263 203/203/264 
f 184/184/225 185/185/228 205/205/265 204/204/263 
f 185/185/228 186/186/230 206/206/266 205/205/265 
f 186/186/230 187/187/232 207/207/267 206/206/266 
f 187/187/232 188/188/234 208/208/268 207/207/267 
f 188/188/234 189/189/236 209/209/269 208/208/268 
f 189/189/236 190/190/238 210/210/270 209/209/269 
f 190/190/238 191/191/240 211/211/271 210/210/270 
f 191/191/240 192/192/242 212/212/272 211/211/271 
f 192/192/242 193/193/244 213/213/273 212/212/272 
f 193/193/244 194/194/246 214/214/274 213/213/273 
f 194/194/246 195/195/248 215/215/275 214/214/274 
f 195/195/248 196/196/250 216/216/276 215/215/275 
f 196/196/250 197/197/252 217/217/277 216/216/276 
f 197/197/252 198/198/254 218/218/278 217/217/277 
f 198/198/254 199/199/256 219/219/279 218/218/278 
f 199/199/256 200/200/258 220/220/280 219/219/279 
f 200/200/258 201/201/260 221/221/281 220/220/280 
f 201/201/260 202/202/262 222/222/282 221/221/281 
f 202/202/262 183/528/226 203/530/264 222/222/282 
f 203/203/264 204/204/263 224/224/283 223/223/284 
f 204/204/263 205/205/265 225/225/285 224/224/283 
f 205/205/265 206/206/266 226/226/286 225/225/285 
f 206/206/266 207/207/267 227/227/287 226/226/286 
f 207/207/267 208/208/268 228/228/288 227/227/287 
f 208/208/268 209/209/269 229/229/289 228/228/288 
f 209/209/269 210/210/270 230/230/290 229/229/289 
f 210/210/270 211/211/271 231/231/291 230/230/290 
f 211/211/271 212/212/272 232/232/292 231/231/291 
f 212/212/272 213/213/273 233/233/293 232/232/292 
f 213/213/273 214/214/274 234/234/294 233/233/293 
f 214/214/274 215/215/275 235/235/295 234/234/294 
f 215/215/275 216/216/276 236/236/296 235/235/295 
f 216/216/276 217/217/277 237/237/297 236/236/296 
f 217/217/277 218/218/278 238/238/298 237/237/297 
f 218/218/278 219/219/279 239/239/299 238/238/298 
f 219/219/279 220/220/280 240/240/300 239/239/299 
f 220/220/280 221/221/281 241/241/301 240/240/300 
f 221/221/281 222/222/282 242/242/302 241/241/301 
f 222/222/282 203/530/264 223/531/284 242/242/302 
f 223/223/284 224/224/283 244/244/303 243/243/304 
f 224/224/283 225/225/285 245/245/305 244/244/303 
f 225/225/285 226/226/286 246/246/306 245/245/305 
f 226/226/286 227/227/287 247/247/307 246/246/306 
f 227/227/287 228/228/288 248/248/308 247/247/307 
f 228/228/288 229/229/289 249/249/309 248/248/308 
f 229/229/289 230/230/290 250/250/310 249/249/309 
f 230/230/290 231/231/291 251/251/311 250/250/310 
f 231/231/291 232/232/292 252/252/312 251/251/311 
f 232/232/292 233/233/293 253/253/313 252/252/312 
f 233/233/293 234/234/294 254/254/314 253/253/313 
f 234/234/294 235/235/295 255/255/315 254/254/314 
f 235/235/295 236/236/296 256/256/316 255/255/315 
f 236/236/296 237/237/297 257/257/317 256/256/316 
f 237/237/297 238/238/298 258/258/318 257/257/317 
f 238/238/298 239/239/299 259/259/319 258/258/318 
f 239/239/299 240/240/300 260/260/320 259/259/319 
f 240/240/300 241/241/301 261/261/321 260/260/320 
f 241/241/301 242/242/302 262/262/322 261/261/321 
f 242/242/302 223/531/284 243/534/304 262/262/322 
s 6
f 243/533/323 244/532/324 264/264/325 263/263/326 
f 244/532/324 245/535/327 265/265/328 264/264/325 
f 245/535/327 246/536/329 266/266/330 265/265/328 
f 246/536/329 247/537/331 267/267/332 266/266/330 
f 247/537/331 248/538/333 268/268/334 267/267/332 
f 248/538/333 249/539/335 269/269/336 268/268/334 
f 249/539/335 250/540/337 270/270/338 269/269/336 
f 250/540/337 251/541/339 271/271/340 270/270/338 
f 251/541/339 252/542/341 272/272/342 271/271/340 
f 252/542/341 253/543/343 273/273/344 272/272/342 
f 253/543/343 254/544/345 274/274/346 273/273/344 
f 254/544/345 255/545/347 275/275/348 274/274/346 
f 255/545/347 256/546/349 276/276/350 275/275/348 
f 256/546/349 257/547/351 277/277/352 276/276/350 
f 257/547/351 258/548/353 278/278/354 277/277/352 
f 258/548/353 259/549/355 279/279/356 278/278/354 
f 259/549/355 260/550/357 280/280/358 279/279/356 
f 260/550/357 261/551/359 281/281/360 280/280/358 
f 261/551/359 262/552/361 282/282/362 281/281/360 
f 262/552/361 243/533/323 263/263/326 282/282/362 
s 4
f 144/144/184 143/143/183 283/283/363 
f 145/145/187 144/144/184 283/283/363 
f 146/146/189 145/145/187 283/283/363 
f 147/147/191 146/146/189 283/283/363 
f 148/148/193 147/147/191 283/283/363 
f 149/149/195 148/148/193 283/283/363 
f 150/150/197 149/149/195 283/283/363 
f 151/151/199 150/150/197 283/283/363 
f 152/152/201 151/151/199 283/283/363 
f 153/153/203 152/152/201 283/283/363 
f 154/154/205 153/153/203 283/283/363 
f 155/155/207 154/154/205 283/283/363 
f 156/156/209 155/155/207 283/283/363 
f 157/157/211 156/156/209 283/283/363 
f 158/158/213 157/157/211 283/283/363 
f 159/159/215 158/158/213 283/283/363 
f 160/160/217 159/159/215 283/283/363 
f 161/161/219 160/160/217 283/283/363 
f 162/162/221 161/161/219 283/283/363 
f 143/143/183 162/162/221 283/283/363 
s 6
f 263/263/326 264/264/325 284/284/364 
f 264/264/325 265/265/328 284/284/364 
f 265/265/328 266/266/330 284/284/364 
f 266/266/330 267/267/332 284/284/364 
f 267/267/332 268/268/334 284/284/364 
f 268/268/334 269/269/336 284/284/364 
f 269/269/336 270/270/338 284/284/364 
f 270/270/338 271/271/340 284/284/364 
f 271/271/340 272/272/342 284/284/364 
f 272/272/342 273/273/344 284/284/364 
f 273/273/344 274/274/346 284/284/364 
f 274/274/346 275/275/348 284/284/364 
f 275/275/348 276/276/350 284/284/364 
f 276/276/350 277/277/352 284/284/364 
f 277/277/352 278/278/354 284/284/364 
f 278/278/354 279/279/356 284/284/364 
f 279/279/356 280/280/358 284/284/364 
f 280/280/358 281/281/360 284/284/364 
f 281/281/360 282/282/362 284/284/364 
f 282/282/362 263/263/326 284/284/364 
s 7
f 285/285/365 286/286/366 306/306/367 305/305/368 
f 286/286/366 287/287/369 307/307/370 306/306/367 
f 287/287/369 288/288/371 308/308/372 307/307/370 
f 288/288/371 289/289/373 309/309/374 308/308/372 
f 289/289/373 290/290/375 310/310/376 309/309/374 
f 290/290/375 291/291/377 311/311/378 310/310/376 
f 291/291/377 292/292/379 312/312/380 311/311/378 
f 292/292/379 293/293/381 313/313/382 312/312/380 
f 293/293/381 294/294/383 314/314/384 313/313/382 
f 294/294/383 295/295/385 315/315/386 314/314/384 
f 295/295/385 296/296/387 316/316/388 315/315/386 
f 296/296/387 297/297/389 317/317/390 316/316/388 
f 297/297/389 298/298/391 318/318/392 317/317/390 
f 298/298/391 299/299/393 319/319/394 318/318/392 
f 299/299/393 300/300/395 320/320/396 319/319/394 
f 300/300/395 301/301/397 321/321/398 320/320/396 
f 301/301/397 302/302/399 322/322/400 321/321/398 
f 302/302/399 303/303/401 323/323/402 322/322/400 
f 303/303/401 304/304/403 324/324/404 323/323/402 
f 304/304/403 285/285/365 305/305/368 324/324/404 
s 8
f 305/554/405 306/553/406 326/326/407 325/325/408 
f 306/553/406 307/555/409 327/327/410 326/326/407 
f 307/555/409 308/556/411 328/328/412 327/327/410 
f 308/556/411 309/557/413 329/329/414 328/328/412 
f 309/557/413 310/558/415 330/330/416 329/329/414 
f 310/558/415 311/559/417 331/331/418 330/330/416 
f 311/559/417 312/560/419 332/332/420 331/331/418 
f 312/560/419 313/561/421 333/333/422 332/332/420 
f 313/561/421 314/562/423 334/334/424 333/333/422 
f 314/562/423 315/563/425 335/335/426 334/334/424 
f 315/563/425 316/564/427 336/336/428 335/335/426 
f 316/564/427 317/565/429 337/337/430 336/336/428 
f 317/565/429 318/566/431 338/338/432 337/337/430 
f 318/566/431 319/567/433 339/339/434 338/338/432 
f 319/567/433 320/568/435 340/340/436 339/339/434 
f 320/568/435 321/569/437 341/341/438 340/340/436 
f 321/569/437 322/570/439 342/342/440 341/341/438 
f 322/570/439 323/571/441 343/343/442 342/342/440 
f 323/571/441 324/573/443 344/344/444 343/343/442 
f 324/572/443 305/554/405 325/325/408 344/574/444 
f 325/325/408 326/326/407 346/346/445 345/345/446 
f 326/326/407 327/327/410 347/347/447 346/346/445 
f 327/327/410 328/328/412 348/348/448 347/347/447 
f 328/328/412 329/329/414 349/349/449 348/348/448 
f 329/329/414 330/330/416 350/350/450 349/349/449 
f 330/330/416 331/331/418 351/351/451 350/350/450 
f 331/331/418 332/332/420 352/352/452 351/351/451 
f 332/332/420 333/333/422 353/353/453 352/352/452 
f 333/333/422 334/334/424 354/354/454 353/353/453 
f 334/334/424 335/335/426 355/355/455 354/354/454 
f 335/335/426 336/336/428 356/356/456 355/355/455 
f 336/336/428 337/337/430 357/357/457 356/356/456 
f 337/337/430 338/338/432 358/358/458 357/357/457 
f 338/338/432 339/339/434 359/359/459 358/358/458 
f 339/339/434 340/340/436 360/360/460 359/359/459 
f 340/340/436 341/341/438 361/361/461 360/360/460 
f 341/341/438 342/342/440 362/362/462 361/361/461 
f 342/342/440 343/343/442 363/363/463 362/362/462 
f 343/343/442 344/344/444 364/364/464 363/363/463 
f 344/574/444 325/325/408 345/345/446 364/575/464 
f 345/345/446 346/346/445 366/366/465 365/365/466 
f 346/346/445 347/347/447 367/367/467 366/366/465 
f 347/347/447 348/348/448 368/368/468 367/367/467 
f 348/348/448 349/349/449 369/369/469 368/368/468 
f 349/349/449 350/350/450 370/370/470 369/369/469 
f 350/350/450 351/351/451 371/371/471 370/370/470 
f 351/351/451 352/352/452 372/372/472 371/371/471 
f 352/352/452 353/353/453 373/373/473 372/372/472 
f 353/353/453 354/354/454 374/374/474 373/373/473 
f 354/354/454 355/355/455 375/375/475 374/374/474 
f 355/355/455 356/356/456 376/376/476 375/375/475 
f 356/356/456 357/357/457 377/377/477 376/376/476 
f 357/357/457 358/358/458 378/378/478 377/377/477 
f 358/358/458 359/359/459 379/379/479 378/378/478 
f 359/359/459 360/360/460 380/380/480 379/379/479 
f 360/360/460 361/361/461 381/381/481 380/380/480 
f 361/361/461 362/362/462 382/382/482 381/381/481 
f 362/362/462 363/363/463 383/383/483 382/382/482 
f 363/363/463 364/364/464 384/384/484 383/383/483 
f 364/575/464 345/345/446 365/365/466 384/576/484 
f 365/365/466 366/366/465 386/386/485 385/385/486 
f 366/366/465 367/367/467 387/387/487 386/386/485 
f 367/367/467 368/368/468 388/388/488 387/387/487 
f 368/368/468 369/369/469 389/389/489 388/388/488 
f 369/369/469 370/370/470 390/390/490 389/389/489 
f 370/370/470 371/371/471 391/391/491 390/390/490 
f 371/371/471 372/372/472 392/392/492 391/391/491 
f 372/372/472 373/373/473 393/393/493 392/392/492 
f 373/373/473 374/374/474 394/394/494 393/393/493 
f 374/374/474 375/375/475 395/395/495 394/394/494 
f 375/375/475 376/376/476 396/396/496 395/395/495 
f 376/376/476 377/377/477 397/397/497 396/396/496 
f 377/377/477 378/378/478 398/398/498 397/397/497 
f 378/378/478 379/379/479 399/399/499 398/398/498 
f 379/379/479 380/380/480 400/400/500 399/399/499 
f 380/380/480 381/381/481 401/401/501 400/400/500 
f 381/381/481 382/382/482 402/402/502 401/401/501 
f 382/382/482 383/383/483 403/403/503 402/402/502 
f 383/383/483 384/384/484 404/404/504 403/403/503 
f 384/576/484 365/365/466 385/385/486 404/596/504 
s 9
f 385/578/505 386/577/506 406/406/507 405/405/508 
f 386/577/506 387/579/509 407/407/510 406/406/507 
f 387/579/509 388/580/511 408/408/512 407/407/510 
f 388/580/511 389/581/513 409/409/514 408/408/512 
f 389/581/513 390/582/515 410/410/516 409/409/514 
f 390/582/515 391/583/517 411/411/518 410/410/516 
f 391/583/517 392/584/519 412/412/520 411/411/518 
f 392/584/519 393/585/521 413/413/522 412/412/520 
f 393/585/521 394/586/523 414/414/524 413/413/522 
f 394/586/523 395/587/525 415/415/526 414/414/524 
f 395/587/525 396/588/527 416/416/528 415/415/526 
f 396/588/527 397/589/529 417/417/530 416/416/528 
f 397/589/529 398/590/531 418/418/532 417/417/530 
f 398/590/531 399/591/533 419/419/534 418/418/532 
f 399/591/533 400/592/535 420/420/536 419/419/534 
f 400/592/535 401/593/537 421/421/538 420/420/536 
f 401/593/537 402/594/539 422/422/540 421/421/538 
f 402/594/539 403/595/541 423/423/542 422/422/540 
f 403/595/541 404/597/543 424/424/544 423/423/542 
f 404/597/543 385/578/505 405/405/508 424/424/544 
s 7
f 286/286/366 285/285/365 425/425/545 
f 287/287/369 286/286/366 425/425/545 
f 288/288/371 287/287/369 425/425/545 
f 289/289/373 288/288/371 425/425/545 
f 290/290/375 289/289/373 425/425/545 
f 291/291/377 290/290/375 425/425/545 
f 292/292/379 291/291/377 425/425/545 
f 293/293/381 292/292/379 425/425/545 
f 294/294/383 293/293/381 425/425/545 
f 295/295/385 294/294/383 425/425/545 
f 296/296/387 295/295/385 425/425/545 
f 297/297/389 296/296/387 425/425/545 
f 298/298/391 297/297/389 425/425/545 
f 299/299/393 298/298/391 425/425/545 
f 300/300/395 299/299/393 425/425/545 
f 301/301/397 300/300/395 425/425/545 
f 302/302/399 301/301/397 425/425/545 
f 303/303/401 302/302/399 425/425/545 
f 304/304/403 303/303/401 425/425/545 
f 285/285/365 304/304/403 425/425/545 
s 9
f 405/405/508 406/406/507 426/426/546 
f 406/406/507 407/407/510 426/426/546 
f 407/407/510 408/408/512 426/426/546 
f 408/408/512 409/409/514 426/426/546 
f 409/409/514 410/410/516 426/426/546 
f 410/410/516 411/411/518 426/426/546 
f 411/411/518 412/412/520 426/426/546 
f 412/412/520 413/413/522 426/426/546 
f 413/413/522 414/414/524 426/426/546 
f 414/414/524 415/415/526 426/426/546 
f 415/415/526 416/416/528 426/426/546 
f 416/416/528 417/417/530 426/426/546 
f 417/417/530 418/418/532 426/426/546 
f 418/418/532 419/419/534 426/426/546 
f 419/419/534 420/420/536 426/426/546 
f 420/420/536 421/421/538 426/426/546 
f 421/421/538 422/422/540 426/426/546 
f 422/422/540 423/423/542 426/426/546 
f 423/423/542 424/424/544 426/426/546 
f 424/424/544 405/405/508 426/426/546 
s 10
f 427/427/547 428/428/548 434/434/549 433/433/550 
f 428/428/548 429/429/551 435/435/552 434/434/549 
f 429/429/551 430/430/553 436/436/554 435/435/552 
f 430/430/553 431/431/555 437/437/556 436/436/554 
f 431/431/555 432/432/557 438/438/558 437/437/556 
f 433/433/550 434/434/549 440/440/559 439/439/560 
f 434/434/549 435/435/552 441/441/561 440/440/559 
f 435/435/552 436/436/554 442/442/562 441/441/561 
f 436/436/554 437/437/556 443/443/563 442/442/562 
f 437/437/556 438/438/558 444/444/564 443/443/563 
f 439/439/560 440/440/559 446/446/565 445/445/566 
f 440/440/559 441/441/561 447/447/567 446/446/565 
f 441/441/561 442/442/562 448/448/568 447/447/567 
f 442/442/562 443/443/563 449/449/569 448/448/568 
f 443/443/563 444/444/564 450/450/570 449/449/569 
f 445/445/566 446/446/565 452/452/571 451/451/572 
f 446/446/565 447/447/567 453/453/573 452/452/571 
f 447/447/567 448/448/568 454/454/574 453/453/573 
f 448/448/568 449/449/569 455/455/575 454/454/574 
f 449/449/569 450/450/570 456/456/576 455/455/575 
f 451/451/572 452/452/571 458/458/577 457/457/578 
f 452/452/571 453/453/573 459/459/579 458/458/577 
f 453/453/573 454/454/574 460/460/580 459/459/579 
f 454/454/574 455/455/575 461/461/581 460/460/580 
f 455/455/575 456/456/576 462/462/582 461/461/581 
#end 505 faces
#begin 2 properties
#U3D SUB SEL 8
#U3D SYM 0 0 0 1 0 0 0.0001 0
#end 2 properties
