# This file uses centimeters as units for non-parametric coordinates.

mtllib Chen.mtl
g default
v 7.088613 2.373514 -4.852300
v 4.795439 2.373514 -2.330572
v 7.088613 2.500788 -4.852300
v 4.795439 2.500788 -2.330572
v 8.982635 2.500788 -3.129941
v 6.689462 2.500788 -0.608213
v 8.982635 2.373514 -3.129941
v 6.689462 2.373514 -0.608213
v 6.038485 2.574177 -3.697509
v 7.932508 2.574177 -1.975150
v 7.932508 2.446903 -1.975150
v 6.038485 2.446903 -3.697509
v 5.845566 2.446903 -3.485363
v 7.739589 2.446903 -1.763004
v 7.739589 2.574177 -1.763004
v 5.845566 2.574177 -3.485363
v 5.909068 2.489422 -3.555194
v 5.909068 2.362148 -3.555194
v 7.803091 2.362148 -1.832835
v 7.803091 2.489422 -1.832835
v 7.869005 2.489422 -1.905319
v 7.869005 2.362148 -1.905319
v 5.974983 2.362148 -3.627678
v 5.974983 2.489422 -3.627678
v 6.690930 2.500788 -0.774113
v 4.960454 2.500788 -2.347749
v 5.934342 2.574177 -3.418702
v 7.664818 2.574177 -1.845066
v 5.993235 2.489422 -3.483464
v 7.723710 2.489422 -1.909828
v 5.447398 2.633569 -2.883225
v 7.177874 2.633569 -1.309590
v 5.203926 2.615418 -2.615487
v 6.934402 2.615418 -1.041851
v 5.690870 2.620728 -3.150964
v 7.421346 2.620728 -1.577328
v 5.569134 2.634249 -3.017094
v 7.299611 2.634249 -1.443459
v 5.812606 2.605908 -3.284833
v 7.543082 2.605908 -1.711197
v 5.082190 2.577419 -2.481618
v 6.812666 2.577419 -0.907982
v 5.325663 2.626450 -2.749356
v 7.056138 2.626450 -1.175720
v 4.988603 2.605329 -2.378704
v 6.719079 2.605329 -0.805068
v 5.109642 2.682652 -2.511805
v 6.840117 2.682652 -0.938169
v 6.066638 2.518508 -3.564184
v 7.797115 2.518508 -1.990548
v 7.729585 2.640461 -1.916287
v 5.999108 2.640461 -3.489923
v 5.481264 2.734689 -2.920466
v 7.211740 2.734689 -1.346831
v 5.606518 2.732389 -3.058204
v 7.336994 2.732389 -1.484568
v 5.233040 2.720004 -2.647503
v 6.963516 2.720004 -1.073867
v 5.357677 2.728947 -2.784561
v 7.088152 2.728947 -1.210926
v 5.730703 2.716359 -3.194767
v 7.461180 2.716359 -1.621131
v 5.857726 2.698237 -3.334450
v 7.588202 2.698237 -1.760814
v 8.817619 2.500788 -3.112764
v 7.087144 2.500788 -4.686400
v 6.113255 2.574177 -3.615447
v 7.843731 2.574177 -2.041811
v 6.054363 2.489421 -3.550685
v 7.784840 2.489421 -1.977049
v 6.600199 2.633569 -4.150924
v 8.330676 2.633569 -2.577288
v 6.843671 2.615418 -4.418662
v 8.574147 2.615418 -2.845026
v 6.356727 2.620728 -3.883185
v 8.087203 2.620728 -2.309549
v 6.478463 2.634249 -4.017055
v 8.208940 2.634249 -2.443419
v 6.234992 2.605909 -3.749316
v 7.965468 2.605909 -2.175680
v 6.965407 2.571031 -4.552531
v 8.695884 2.571031 -2.978895
v 6.721935 2.626449 -4.284793
v 8.452412 2.626449 -2.711157
v 7.058994 2.605329 -4.655445
v 8.789471 2.605329 -3.081809
v 6.937956 2.676264 -4.522344
v 8.668432 2.676264 -2.948708
v 5.980958 2.518507 -3.469965
v 7.711435 2.518507 -1.896329
v 7.778965 2.640461 -1.970590
v 6.048489 2.640461 -3.544226
v 6.566334 2.734689 -4.113683
v 8.296810 2.734689 -2.540047
v 6.441080 2.732389 -3.975945
v 8.171556 2.732389 -2.402309
v 6.814557 2.720004 -4.386646
v 8.545033 2.720004 -2.813010
v 6.689920 2.728947 -4.249588
v 8.420397 2.728947 -2.675951
v 6.316894 2.716359 -3.839382
v 8.047371 2.716359 -2.265746
v 6.189871 2.698237 -3.699699
v 7.920347 2.698237 -2.126063
v 6.777785 2.946436 -0.869624
v 5.047308 2.946436 -2.443260
v 5.156759 2.927171 -2.563618
v 6.887235 2.927171 -0.989983
v 6.023652 2.596444 -3.516912
v 7.754128 2.596444 -1.943276
v 7.697585 2.713148 -1.881098
v 5.967109 2.713148 -3.454734
v 7.226468 2.895826 -1.363026
v 5.495992 2.895826 -2.936662
v 5.609715 2.880830 -3.061720
v 7.340191 2.880830 -1.488084
v 7.000634 2.915885 -1.114685
v 5.270158 2.915885 -2.688320
v 5.384004 2.904188 -2.813512
v 7.114480 2.904188 -1.239876
v 7.450956 2.849747 -1.609889
v 5.720480 2.849747 -3.183525
v 5.835249 2.804987 -3.309733
v 7.565725 2.804987 -1.736097
v 6.890255 3.454190 -0.993305
v 5.159779 3.416121 -2.566941
v 5.258548 3.298361 -2.675553
v 6.988767 3.356804 -1.101635
v 6.022570 2.591620 -3.515723
v 7.753046 2.596720 -1.942087
v 7.744004 2.704739 -1.932144
v 6.013528 2.693951 -3.505780
v 7.323887 3.158605 -1.470155
v 5.593987 3.079735 -3.044425
v 5.702630 3.014736 -3.163896
v 7.432837 3.087763 -1.589964
v 7.099246 3.282573 -1.223124
v 5.369419 3.208782 -2.797474
v 5.482457 3.138238 -2.921779
v 7.212186 3.217452 -1.347322
v 7.530097 2.993859 -1.696917
v 5.799620 2.935648 -3.270553
v 5.896608 2.849745 -3.377208
v 7.627085 2.887191 -1.803572
v 6.739908 2.746386 -0.827972
v 5.009431 2.746386 -2.401608
v 5.119236 2.762476 -2.522357
v 6.849713 2.762476 -0.948721
v 6.023810 2.597231 -3.517087
v 7.754286 2.597231 -1.943450
v 7.706077 2.688174 -1.890437
v 5.975601 2.688174 -3.464073
v 7.191516 2.794490 -1.324591
v 5.461040 2.794490 -2.898227
v 5.576995 2.790291 -3.025739
v 7.307471 2.790291 -1.452103
v 6.963101 2.782062 -1.073410
v 5.232625 2.782062 -2.647046
v 5.347771 2.790456 -2.773669
v 7.078248 2.790456 -1.200033
v 7.421989 2.774091 -1.578035
v 5.691513 2.774091 -3.151671
v 5.810697 2.754490 -3.282733
v 7.541173 2.754490 -1.709098
v 7.043593 3.654154 -1.161924
v 5.313116 3.654154 -2.735560
v 5.404639 3.544543 -2.836204
v 7.135115 3.544543 -1.262568
v 6.025946 2.597966 -3.519436
v 7.756423 2.597966 -1.945800
v 7.745884 2.705883 -1.934212
v 6.015409 2.705883 -3.507848
v 7.443452 3.295204 -1.601637
v 5.712976 3.295204 -3.175273
v 5.804575 3.195961 -3.276001
v 7.535051 3.195961 -1.702366
v 7.239357 3.457062 -1.377200
v 5.508881 3.457062 -2.950836
v 5.613166 3.375741 -3.065515
v 7.343642 3.375741 -1.491879
v 7.609588 3.068874 -1.784331
v 5.879112 3.068874 -3.357967
v 5.949659 2.925843 -3.435546
v 7.680135 2.925843 -1.861910
v 8.144046 3.974374 -2.372057
v 6.413569 3.974374 -3.945693
v 6.371819 3.812400 -3.899781
v 8.102295 3.812400 -2.326145
v 6.023987 2.595470 -3.517281
v 7.754463 2.595470 -1.943645
v 7.747247 2.698150 -1.935710
v 6.016770 2.698150 -3.509346
v 7.907825 3.402046 -2.112293
v 6.177349 3.402046 -3.685929
v 6.115135 3.263668 -3.617514
v 7.845611 3.263668 -2.043878
v 8.042085 3.666529 -2.259934
v 6.311609 3.666529 -3.833570
v 6.245554 3.530687 -3.760931
v 7.976030 3.530687 -2.187295
v 7.801096 3.110229 -1.994927
v 6.070621 3.110229 -3.568563
v 6.030774 2.943336 -3.524745
v 7.761250 2.943336 -1.951109
v 8.441819 3.732115 -2.699508
v 6.711342 3.675673 -4.273144
v 6.620770 3.506876 -4.173544
v 8.350230 3.589070 -2.598791
v 6.025234 2.599929 -3.518652
v 7.755710 2.599929 -1.945017
v 7.754763 2.705839 -1.943976
v 6.024287 2.701088 -3.517612
v 8.022533 3.279638 -2.238435
v 6.292665 3.193810 -3.812738
v 6.197738 3.115439 -3.708350
v 7.928214 3.183612 -2.134714
v 8.240281 3.464152 -2.477884
v 6.511901 3.371077 -4.053825
v 6.400327 3.269027 -3.931130
v 8.129110 3.362423 -2.355633
v 7.862950 3.064912 -2.062945
v 6.132473 3.015735 -3.636581
v 6.076911 2.900294 -3.575480
v 7.807386 2.929273 -2.001844
v 8.592318 3.399613 -2.865007
v 6.861842 3.361876 -4.438643
v 6.765190 3.244682 -4.332357
v 8.495666 3.302413 -2.758721
v 6.024720 2.590187 -3.518088
v 7.755196 2.595850 -1.944452
v 7.764237 2.702876 -1.954394
v 6.033762 2.691484 -3.528030
v 8.178103 3.131689 -2.409509
v 6.447628 3.053983 -3.983145
v 6.343297 2.998739 -3.868417
v 8.073773 3.071253 -2.294781
v 8.390090 3.234129 -2.642624
v 6.659613 3.161687 -4.216259
v 6.553113 3.101337 -4.099144
v 8.283590 3.179043 -2.525509
v 7.978145 2.983401 -2.189621
v 6.247669 2.924997 -3.763258
v 6.150681 2.842649 -3.656602
v 7.881157 2.880547 -2.082966
v 8.688921 3.047910 -2.971238
v 6.958444 3.047910 -4.544874
v 6.849366 2.989542 -4.424924
v 8.579842 2.989542 -2.851288
v 6.023498 2.594995 -3.516743
v 7.753973 2.594995 -1.943107
v 7.775383 2.697453 -1.966650
v 6.044907 2.697453 -3.540287
v 8.244398 2.962660 -2.482412
v 6.513923 2.962660 -4.056048
v 6.403047 2.947569 -3.934122
v 8.133524 2.947569 -2.360486
v 8.466543 2.967738 -2.726697
v 6.736067 2.967738 -4.300333
v 6.623905 2.961808 -4.176991
v 8.354380 2.961808 -2.603355
v 8.026885 2.897550 -2.243219
v 6.296409 2.897550 -3.816855
v 6.186132 2.830514 -3.695587
v 7.916608 2.830514 -2.121951
v 8.763754 2.803720 -3.053529
v 7.033277 2.803720 -4.627165
v 6.923139 2.813579 -4.506050
v 8.653615 2.813579 -2.932414
v 6.023645 2.597231 -3.516905
v 7.754121 2.597231 -1.943269
v 7.799501 2.690813 -1.993172
v 6.069025 2.690813 -3.566809
v 8.310750 2.826183 -2.555377
v 6.580275 2.826183 -4.129013
v 6.464150 2.815399 -4.001316
v 8.194627 2.815399 -2.427680
v 8.539808 2.826728 -2.807263
v 6.809331 2.826728 -4.380899
v 6.693989 2.828591 -4.254061
v 8.424465 2.828591 -2.680425
v 8.080441 2.792716 -2.302112
v 6.349964 2.792716 -3.875748
v 6.231464 2.766384 -3.745438
v 7.961941 2.766384 -2.171802
vt 0.375612 0.719053
vt 0.375585 0.971135
vt 0.221862 0.971009
vt 0.221893 0.718324
vt 0.212570 0.971125
vt 0.212570 0.718997
vt 0.202920 0.718997
vt 0.202920 0.971125
vt 0.193632 0.719670
vt 0.193622 0.971241
vt 0.039911 0.971115
vt 0.039843 0.718940
vt 0.375561 0.983678
vt 0.221838 0.983426
vt 0.212549 0.988295
vt 0.212570 0.975761
vt 0.202921 0.975745
vt 0.202901 0.988279
vt 0.193599 0.983892
vt 0.039900 0.983639
vt 0.027367 0.718997
vt 0.222039 0.705112
vt 0.375755 0.706570
vt 0.388123 0.971125
vt 0.212565 0.714913
vt 0.212684 0.702373
vt 0.203031 0.702281
vt 0.202912 0.714821
vt 0.193759 0.707803
vt 0.039903 0.706344
vt 0.027367 0.971125
vt 0.388123 0.718997
vt 0.141061 0.402592
vt 0.159069 0.402592
vt 0.159069 0.636727
vt 0.141061 0.636727
vt 0.301457 0.636727
vt 0.291410 0.636727
vt 0.291410 0.402592
vt 0.301457 0.402592
vt 0.214362 0.402592
vt 0.232998 0.402592
vt 0.232998 0.636727
vt 0.214362 0.636727
vt 0.177429 0.402592
vt 0.195974 0.402592
vt 0.195974 0.636727
vt 0.177429 0.636727
vt 0.251475 0.402592
vt 0.270374 0.402592
vt 0.270374 0.636727
vt 0.251475 0.636727
vt 0.129789 0.402592
vt 0.129789 0.636727
vt 0.147163 0.653953
vt 0.150678 0.665822
vt 0.165790 0.674601
vt 0.162362 0.662653
vt 0.159313 0.365860
vt 0.162741 0.377808
vt 0.147629 0.369029
vt 0.144115 0.357160
vt 0.273058 0.355869
vt 0.282223 0.359172
vt 0.273792 0.373018
vt 0.265706 0.365492
vt 0.268755 0.662285
vt 0.276841 0.669811
vt 0.285273 0.655965
vt 0.276108 0.652663
vt 0.207959 0.669028
vt 0.212187 0.680509
vt 0.227825 0.680248
vt 0.223158 0.669106
vt 0.220109 0.372312
vt 0.224776 0.383455
vt 0.209138 0.383716
vt 0.204910 0.372235
vt 0.177561 0.666968
vt 0.181196 0.678842
vt 0.196757 0.679857
vt 0.192760 0.668220
vt 0.189711 0.371427
vt 0.193708 0.383064
vt 0.178147 0.382049
vt 0.174512 0.370174
vt 0.238357 0.667571
vt 0.243331 0.678428
vt 0.259189 0.676371
vt 0.253556 0.665888
vt 0.250507 0.369095
vt 0.256140 0.379577
vt 0.240281 0.381635
vt 0.235308 0.370777
vt 0.297145 0.061603
vt 0.297145 0.290020
vt 0.278259 0.290020
vt 0.278259 0.061603
vt 0.132279 0.290020
vt 0.132279 0.061603
vt 0.147704 0.061603
vt 0.147704 0.290020
vt 0.223785 0.061603
vt 0.223785 0.290020
vt 0.205603 0.290020
vt 0.205603 0.061603
vt 0.259845 0.061603
vt 0.259845 0.290020
vt 0.241733 0.290020
vt 0.241733 0.061603
vt 0.187509 0.061603
vt 0.187509 0.290020
vt 0.168987 0.290020
vt 0.168987 0.061603
vt 0.308141 0.061603
vt 0.308141 0.290020
vt 0.285230 0.299796
vt 0.270031 0.307771
vt 0.266604 0.319719
vt 0.281716 0.311665
vt 0.271363 0.027321
vt 0.286562 0.019346
vt 0.283047 0.031215
vt 0.267936 0.039269
vt 0.157618 0.018056
vt 0.164971 0.027678
vt 0.156885 0.035204
vt 0.148453 0.021358
vt 0.163639 0.308128
vt 0.156286 0.298505
vt 0.147122 0.301808
vt 0.155553 0.315654
vt 0.224435 0.314871
vt 0.209236 0.314949
vt 0.204568 0.326091
vt 0.220206 0.326352
vt 0.210567 0.034499
vt 0.225766 0.034421
vt 0.221538 0.045902
vt 0.205900 0.045641
vt 0.254832 0.312811
vt 0.239633 0.314063
vt 0.235636 0.325700
vt 0.251197 0.324685
vt 0.240965 0.033613
vt 0.256164 0.032361
vt 0.252529 0.044235
vt 0.236968 0.045250
vt 0.194037 0.313414
vt 0.178838 0.311731
vt 0.173205 0.322213
vt 0.189064 0.324271
vt 0.180170 0.031281
vt 0.195369 0.032964
vt 0.190395 0.043821
vt 0.174536 0.041764
vt 0.607917 0.682827
vt 0.623915 0.682827
vt 0.623915 0.911244
vt 0.607917 0.911244
vt 0.758591 0.911244
vt 0.744546 0.911244
vt 0.744546 0.682827
vt 0.758591 0.682827
vt 0.673253 0.682827
vt 0.689825 0.682827
vt 0.689825 0.911244
vt 0.673253 0.911244
vt 0.640412 0.682827
vt 0.656977 0.682827
vt 0.656977 0.911244
vt 0.640412 0.911244
vt 0.706187 0.682827
vt 0.723409 0.682827
vt 0.723409 0.911244
vt 0.706187 0.911244
vt 0.789585 0.681705
vt 0.807357 0.681705
vt 0.807357 0.910100
vt 0.789585 0.910100
vt 0.944745 0.910100
vt 0.934394 0.910100
vt 0.934394 0.681705
vt 0.944745 0.681705
vt 0.860182 0.681705
vt 0.877310 0.681705
vt 0.877310 0.910100
vt 0.860182 0.910100
vt 0.825312 0.681705
vt 0.842999 0.681705
vt 0.842999 0.910100
vt 0.825312 0.910100
vt 0.893753 0.681705
vt 0.910700 0.681705
vt 0.910700 0.910100
vt 0.893753 0.910100
vt 0.428556 0.684553
vt 0.444572 0.684532
vt 0.444868 0.912949
vt 0.428853 0.912970
vt 0.581660 0.912772
vt 0.570354 0.912786
vt 0.570057 0.684369
vt 0.581364 0.684355
vt 0.494321 0.684468
vt 0.511157 0.684446
vt 0.511454 0.912863
vt 0.494617 0.912885
vt 0.461141 0.684511
vt 0.477875 0.684489
vt 0.478171 0.912906
vt 0.461438 0.912928
vt 0.527855 0.684424
vt 0.545260 0.684402
vt 0.545557 0.912818
vt 0.528151 0.912841
vt 0.431056 0.374682
vt 0.448117 0.374682
vt 0.448117 0.603099
vt 0.431056 0.603099
vt 0.583463 0.603099
vt 0.572814 0.603099
vt 0.572814 0.374682
vt 0.583463 0.374682
vt 0.499072 0.374682
vt 0.515525 0.374682
vt 0.515525 0.603099
vt 0.499072 0.603099
vt 0.465493 0.374682
vt 0.482587 0.374682
vt 0.482587 0.603099
vt 0.465493 0.603099
vt 0.531990 0.374682
vt 0.549309 0.374682
vt 0.549309 0.603099
vt 0.531990 0.603099
vt 0.760157 0.373360
vt 0.760157 0.601777
vt 0.743218 0.601777
vt 0.743218 0.373360
vt 0.610166 0.601777
vt 0.610166 0.373360
vt 0.620248 0.373360
vt 0.620248 0.601777
vt 0.694143 0.373360
vt 0.694143 0.601777
vt 0.677890 0.601777
vt 0.677890 0.373360
vt 0.726505 0.373360
vt 0.726505 0.601777
vt 0.710137 0.601777
vt 0.710137 0.373360
vt 0.661572 0.373360
vt 0.661572 0.601777
vt 0.644278 0.601777
vt 0.644278 0.373360
vt 0.944372 0.369493
vt 0.944372 0.597907
vt 0.924192 0.597907
vt 0.924192 0.369493
vt 0.790251 0.597907
vt 0.790251 0.369493
vt 0.800360 0.369493
vt 0.800360 0.597907
vt 0.867496 0.369493
vt 0.867496 0.597907
vt 0.851320 0.597907
vt 0.851320 0.369493
vt 0.903836 0.369493
vt 0.903836 0.597907
vt 0.884856 0.597907
vt 0.884856 0.369493
vt 0.837045 0.369493
vt 0.837045 0.597907
vt 0.822364 0.597907
vt 0.822364 0.369493
vt 0.584400 0.064057
vt 0.584400 0.292447
vt 0.566881 0.292447
vt 0.566881 0.064057
vt 0.434897 0.292447
vt 0.434897 0.064057
vt 0.445151 0.064057
vt 0.445151 0.292447
vt 0.517415 0.064057
vt 0.517415 0.292447
vt 0.501253 0.292447
vt 0.501253 0.064057
vt 0.549860 0.064057
vt 0.549860 0.292447
vt 0.533407 0.292447
vt 0.533407 0.064057
vt 0.485278 0.064057
vt 0.485278 0.292447
vt 0.468528 0.292447
vt 0.468528 0.064057
vt 0.760225 0.064247
vt 0.760225 0.298201
vt 0.744008 0.298201
vt 0.744008 0.064247
vt 0.613677 0.298201
vt 0.613677 0.064247
vt 0.624408 0.064247
vt 0.624408 0.298201
vt 0.694137 0.064247
vt 0.694137 0.298201
vt 0.677653 0.298201
vt 0.677653 0.064247
vt 0.727164 0.064247
vt 0.727164 0.298201
vt 0.710488 0.298201
vt 0.710488 0.064247
vt 0.661799 0.064247
vt 0.661799 0.298201
vt 0.645404 0.298201
vt 0.645404 0.064247
vt 0.950736 0.062065
vt 0.950736 0.290482
vt 0.934720 0.290482
vt 0.934720 0.062065
vt 0.797926 0.290482
vt 0.797926 0.062065
vt 0.809191 0.062065
vt 0.809191 0.290482
vt 0.884900 0.062065
vt 0.884900 0.290482
vt 0.868011 0.290482
vt 0.868011 0.062065
vt 0.918151 0.062065
vt 0.918151 0.290482
vt 0.901407 0.290482
vt 0.901407 0.062065
vt 0.851289 0.062065
vt 0.851289 0.290482
vt 0.833898 0.290482
vt 0.833898 0.062065
vn -0.739838 0.000000 -0.672785
vn -0.739838 0.000000 -0.672785
vn -0.739838 0.000000 -0.672785
vn -0.739838 0.000000 -0.672785
vn 0.031598 0.998897 -0.034747
vn 0.031598 0.998897 -0.034747
vn -0.004620 0.999976 0.005080
vn -0.004620 0.999976 0.005080
vn 0.739838 0.000000 0.672785
vn 0.739838 0.000000 0.672785
vn 0.739838 0.000000 0.672785
vn 0.739838 0.000000 0.672785
vn -0.672784 0.000000 0.739839
vn -0.672784 0.000000 0.739839
vn -0.672784 0.000000 0.739839
vn -0.672784 0.000000 0.739839
vn 0.672784 0.000000 -0.739839
vn 0.672784 0.000000 -0.739839
vn 0.672784 0.000000 -0.739839
vn 0.672784 0.000000 -0.739839
vn -0.739838 0.000000 -0.672785
vn -0.739838 0.000000 -0.672785
vn -0.739838 0.000000 -0.672785
vn -0.739838 0.000000 -0.672785
vn -0.031598 0.998897 0.034747
vn -0.031598 0.998897 0.034747
vn 0.004620 0.999977 -0.005080
vn 0.004620 0.999976 -0.005080
vn 0.739839 0.000000 0.672785
vn 0.739839 0.000000 0.672785
vn 0.739839 0.000000 0.672784
vn 0.739839 0.000000 0.672784
vn -0.271269 0.915110 0.298306
vn -0.271269 0.915110 0.298307
vn 0.739838 0.000000 0.672786
vn 0.739838 0.000000 0.672785
vn -0.739837 0.000000 -0.672786
vn -0.739838 0.000000 -0.672785
vn 0.271270 0.915110 -0.298307
vn 0.271271 0.915109 -0.298307
vn 0.739839 0.000000 0.672784
vn 0.739840 0.000000 0.672783
vn -0.739836 0.000000 -0.672787
vn -0.739836 0.000000 -0.672787
vn -0.265663 0.918736 0.292142
vn -0.202504 0.953626 0.222687
vn -0.202504 0.953626 0.222687
vn -0.265663 0.918736 0.292141
vn 0.519464 0.635489 -0.571237
vn 0.337026 0.865481 -0.370616
vn 0.337026 0.865481 -0.370616
vn 0.519464 0.635489 -0.571237
vn -0.006262 0.999957 0.006886
vn 0.033222 0.998780 -0.036533
vn 0.033222 0.998780 -0.036533
vn -0.006262 0.999957 0.006886
vn -0.083825 0.992208 0.092179
vn -0.026757 0.999209 0.029424
vn -0.026757 0.999209 0.029424
vn -0.083825 0.992208 0.092179
vn 0.061281 0.995843 -0.067389
vn 0.125740 0.982380 -0.138272
vn 0.125740 0.982380 -0.138272
vn 0.061281 0.995843 -0.067389
vn -0.624613 0.371580 0.686868
vn -0.624613 0.371579 0.686868
vn -0.624613 0.371580 0.686868
vn -0.624613 0.371579 0.686868
vn -0.739838 -0.000004 -0.672785
vn -0.739838 -0.000004 -0.672785
vn -0.739840 0.000002 -0.672783
vn -0.739839 -0.000001 -0.672784
vn 0.739840 0.000003 0.672783
vn 0.739839 0.000001 0.672783
vn 0.739840 0.000004 0.672783
vn 0.739840 0.000004 0.672783
vn 0.739837 -0.000004 0.672786
vn 0.739837 -0.000004 0.672786
vn 0.739838 -0.000002 0.672785
vn 0.739838 -0.000001 0.672785
vn -0.739839 -0.000003 -0.672784
vn -0.739840 -0.000004 -0.672783
vn -0.739842 -0.000004 -0.672781
vn -0.739842 -0.000004 -0.672781
vn -0.739839 -0.000002 -0.672784
vn -0.739839 -0.000001 -0.672784
vn -0.739839 0.000000 -0.672783
vn -0.739839 0.000000 -0.672784
vn 0.739838 -0.000006 0.672785
vn 0.739839 -0.000006 0.672784
vn 0.739838 -0.000005 0.672785
vn 0.739838 -0.000004 0.672785
vn -0.739840 0.000001 -0.672783
vn -0.739839 -0.000001 -0.672784
vn -0.739839 -0.000003 -0.672784
vn -0.739838 -0.000003 -0.672785
vn 0.739839 0.000001 0.672784
vn 0.739839 -0.000001 0.672784
vn 0.739839 0.000002 0.672784
vn 0.739839 0.000001 0.672784
vn -0.739840 -0.000003 -0.672783
vn -0.739840 -0.000006 -0.672783
vn -0.739838 -0.000005 -0.672785
vn -0.739839 -0.000007 -0.672783
vn 0.739839 0.000000 0.672785
vn 0.739839 0.000000 0.672785
vn 0.739839 -0.000002 0.672784
vn 0.739839 -0.000004 0.672784
vn 0.246783 0.930297 -0.271379
vn 0.246783 0.930297 -0.271379
vn 0.202504 0.953626 -0.222687
vn 0.202504 0.953626 -0.222687
vn -0.519462 0.635492 0.571235
vn -0.519462 0.635492 0.571235
vn -0.337026 0.865481 0.370617
vn -0.337026 0.865481 0.370617
vn 0.006262 0.999957 -0.006886
vn 0.006262 0.999957 -0.006886
vn -0.033222 0.998780 0.036533
vn -0.033222 0.998780 0.036533
vn 0.095173 0.989944 -0.104659
vn 0.095173 0.989944 -0.104659
vn 0.026757 0.999209 -0.029424
vn 0.026757 0.999209 -0.029424
vn -0.061281 0.995843 0.067389
vn -0.061281 0.995843 0.067389
vn -0.125740 0.982380 0.138272
vn -0.125740 0.982380 0.138272
vn 0.624615 0.371573 -0.686870
vn 0.624615 0.371573 -0.686870
vn 0.624615 0.371573 -0.686870
vn 0.624615 0.371573 -0.686870
vn -0.739838 0.000004 -0.672785
vn -0.739838 0.000007 -0.672785
vn -0.739837 0.000011 -0.672786
vn -0.739838 0.000004 -0.672785
vn 0.739838 -0.000000 0.672785
vn 0.739838 0.000002 0.672785
vn 0.739838 0.000002 0.672785
vn 0.739838 -0.000003 0.672785
vn 0.739838 0.000000 0.672785
vn 0.739839 0.000004 0.672784
vn 0.739838 0.000002 0.672785
vn 0.739838 0.000000 0.672785
vn -0.739838 -0.000002 -0.672786
vn -0.739837 -0.000002 -0.672786
vn -0.739837 -0.000002 -0.672786
vn -0.739837 -0.000002 -0.672786
vn -0.739839 -0.000002 -0.672784
vn -0.739839 -0.000001 -0.672784
vn -0.739838 0.000002 -0.672785
vn -0.739839 -0.000003 -0.672784
vn 0.739838 0.000007 0.672785
vn 0.739839 0.000004 0.672784
vn 0.739838 0.000004 0.672785
vn 0.739838 0.000009 0.672785
vn -0.739837 0.000010 -0.672786
vn -0.739839 0.000003 -0.672785
vn -0.739839 0.000001 -0.672785
vn -0.739838 0.000007 -0.672785
vn 0.739839 -0.000004 0.672784
vn 0.739839 -0.000006 0.672784
vn 0.739839 -0.000007 0.672784
vn 0.739840 -0.000001 0.672783
vn -0.739839 0.000003 -0.672784
vn -0.739839 -0.000001 -0.672784
vn -0.739838 -0.000001 -0.672785
vn -0.739839 0.000002 -0.672784
vn 0.739839 -0.000002 0.672785
vn 0.739839 0.000005 0.672784
vn 0.739839 -0.000000 0.672784
vn 0.739839 0.000002 0.672784
vn 0.079118 0.993061 -0.087003
vn 0.061791 0.995774 -0.067949
vn 0.061791 0.995773 -0.067949
vn 0.079118 0.993061 -0.087003
vn 0.545952 0.584378 -0.600365
vn 0.401841 0.802032 -0.441892
vn 0.401841 0.802032 -0.441892
vn 0.545952 0.584378 -0.600365
vn 0.046728 0.997585 -0.051385
vn 0.092036 0.990599 -0.101209
vn 0.092036 0.990599 -0.101209
vn 0.046728 0.997585 -0.051385
vn 0.045673 0.997693 -0.050225
vn 0.040133 0.998219 -0.044133
vn 0.040133 0.998219 -0.044133
vn 0.045673 0.997693 -0.050225
vn 0.148461 0.975349 -0.163259
vn 0.234922 0.937056 -0.258336
vn 0.234922 0.937056 -0.258336
vn 0.148461 0.975349 -0.163259
vn 0.385670 0.806149 -0.448757
vn 0.334761 0.853541 -0.399253
vn 0.333889 0.854281 -0.398400
vn 0.385670 0.806149 -0.448757
vn 0.667041 0.126745 -0.734161
vn 0.551853 0.563161 -0.615067
vn 0.551298 0.564348 -0.614477
vn 0.667041 0.126745 -0.734161
vn 0.219465 0.932423 -0.287095
vn 0.282495 0.892789 -0.350891
vn 0.283307 0.892211 -0.351706
vn 0.219764 0.932258 -0.287401
vn 0.255934 0.911304 -0.322527
vn 0.215525 0.934603 -0.282958
vn 0.215298 0.934726 -0.282726
vn 0.255497 0.911574 -0.322109
vn 0.344683 0.844692 -0.409498
vn 0.422314 0.768015 -0.481461
vn 0.422945 0.767288 -0.482065
vn 0.344963 0.844472 -0.409718
vn -0.066008 0.995175 0.072587
vn -0.071936 0.994267 0.079106
vn -0.071936 0.994267 0.079106
vn -0.066008 0.995175 0.072587
vn 0.528458 0.618890 -0.581126
vn 0.299170 0.895692 -0.328987
vn 0.299170 0.895692 -0.328988
vn 0.528458 0.618890 -0.581126
vn 0.000326 1.000000 -0.000358
vn 0.039991 0.998232 -0.043977
vn 0.039991 0.998232 -0.043977
vn 0.000326 1.000000 -0.000358
vn -0.055229 0.996625 0.060734
vn -0.024612 0.999331 0.027065
vn -0.024612 0.999331 0.027065
vn -0.055229 0.996625 0.060734
vn 0.068973 0.994731 -0.075848
vn 0.134144 0.979921 -0.147514
vn 0.134144 0.979921 -0.147514
vn 0.068973 0.994731 -0.075848
vn 0.422119 0.778680 -0.464191
vn 0.377301 0.827947 -0.414906
vn 0.377301 0.827947 -0.414906
vn 0.422119 0.778680 -0.464191
vn 0.665808 0.143630 -0.732168
vn 0.635836 0.326837 -0.699207
vn 0.635836 0.326837 -0.699207
vn 0.665808 0.143630 -0.732168
vn 0.359395 0.845364 -0.395216
vn 0.454584 0.737199 -0.499891
vn 0.454584 0.737199 -0.499891
vn 0.359395 0.845364 -0.395216
vn 0.321782 0.878205 -0.353853
vn 0.316706 0.882273 -0.348271
vn 0.316706 0.882272 -0.348271
vn 0.321782 0.878205 -0.353853
vn 0.525781 0.623905 -0.578184
vn 0.587483 0.487340 -0.646036
vn 0.587483 0.487340 -0.646036
vn 0.525781 0.623905 -0.578184
vn -0.628253 0.357769 0.690869
vn -0.628253 0.357769 0.690869
vn -0.603605 0.441677 0.663764
vn -0.603605 0.441677 0.663764
vn -0.669144 -0.103898 0.735834
vn -0.669144 -0.103898 0.735834
vn -0.672502 0.028987 0.739528
vn -0.672502 0.028987 0.739528
vn -0.544440 0.587486 0.598703
vn -0.544440 0.587486 0.598703
vn -0.591090 0.477610 0.650002
vn -0.591090 0.477610 0.650002
vn -0.559913 0.554426 0.615718
vn -0.559913 0.554426 0.615718
vn -0.537060 0.602306 0.590588
vn -0.537060 0.602306 0.590588
vn -0.626496 0.364512 0.688937
vn -0.626496 0.364512 0.688937
vn -0.660441 0.190674 0.726265
vn -0.660441 0.190674 0.726265
vn -0.522472 0.655486 0.545309
vn -0.522472 0.655485 0.545309
vn -0.483728 0.721900 0.494841
vn -0.484940 0.720012 0.496403
vn -0.672712 -0.013585 0.739779
vn -0.672712 -0.013585 0.739779
vn -0.654868 0.237201 0.717554
vn -0.654930 0.236812 0.717626
vn -0.348990 0.874475 0.336897
vn -0.349554 0.873969 0.337624
vn -0.446252 0.769602 0.456698
vn -0.444576 0.771778 0.454655
vn -0.412703 0.815349 0.406056
vn -0.411807 0.816340 0.404974
vn -0.352496 0.873351 0.336163
vn -0.353121 0.872833 0.336851
vn -0.543546 0.608205 0.578484
vn -0.544113 0.606992 0.579225
vn -0.611200 0.430110 0.664409
vn -0.610790 0.431491 0.663891
vn -0.414400 0.801357 0.431393
vn -0.414400 0.801357 0.431393
vn -0.364454 0.854606 0.369894
vn -0.365296 0.853799 0.370926
vn -0.667599 0.127951 0.733444
vn -0.667599 0.127951 0.733444
vn -0.555865 0.572490 0.602719
vn -0.556447 0.571224 0.603382
vn -0.237685 0.947164 0.215376
vn -0.237951 0.947027 0.215685
vn -0.304868 0.905651 0.294705
vn -0.304091 0.906213 0.293780
vn -0.282657 0.920483 0.269844
vn -0.282213 0.920779 0.269299
vn -0.235519 0.948251 0.212959
vn -0.235751 0.948132 0.213231
vn -0.363694 0.855290 0.369061
vn -0.363907 0.855061 0.369381
vn -0.431868 0.777288 0.457507
vn -0.431311 0.778010 0.456805
vn -0.227887 0.940886 0.250600
vn -0.227887 0.940886 0.250600
vn -0.158587 0.971822 0.174393
vn -0.158587 0.971822 0.174393
vn -0.642509 0.296608 0.706546
vn -0.642509 0.296608 0.706546
vn -0.469496 0.716253 0.516290
vn -0.469496 0.716253 0.516290
vn -0.029155 0.999061 0.032060
vn -0.029155 0.999061 0.032060
vn -0.132824 0.980318 0.146062
vn -0.132824 0.980318 0.146062
vn -0.055490 0.996593 0.061021
vn -0.055490 0.996593 0.061021
vn -0.010347 0.999882 0.011378
vn -0.010347 0.999882 0.011378
vn -0.229596 0.939968 0.252479
vn -0.229596 0.939968 0.252479
vn -0.317499 0.881642 0.349144
vn -0.317499 0.881642 0.349144
vn 0.040447 0.998191 -0.044477
vn 0.040447 0.998191 -0.044477
vn 0.046395 0.997620 -0.051018
vn 0.046395 0.997620 -0.051018
vn -0.545786 0.584721 0.600183
vn -0.545786 0.584721 0.600183
vn -0.323142 0.877101 0.355348
vn -0.323142 0.877102 0.355348
vn -0.025961 0.999255 0.028549
vn -0.025961 0.999255 0.028549
vn -0.065463 0.995255 0.071987
vn -0.065463 0.995255 0.071987
vn 0.029624 0.999030 -0.032577
vn 0.029624 0.999030 -0.032577
vn -0.001077 0.999999 0.001185
vn -0.001077 0.999999 0.001185
vn -0.094404 0.990106 0.103813
vn -0.094404 0.990106 0.103813
vn -0.159501 0.971491 0.175398
vn -0.159501 0.971491 0.175398
s 1
g Win1:bookOpen Win1:Win
usemtl lambert2SG
f 9/3/1 3/2/2 1/13/3 12/14/4
s 2
f 5/1/5 3/2/6 9/3/7 10/4/8
s 3
f 11/22/9 7/23/10 5/1/11 10/4/12
s off
f 2/31/13 8/21/14 6/12/15 4/11/16
f 7/32/17 1/24/18 3/2/19 5/1/20
s 1
f 2/20/21 4/11/22 16/10/23 13/19/24
s 2
f 4/11/25 6/12/26 15/9/27 16/10/28
s 3
f 6/12/29 8/30/30 14/29/31 15/9/32
s 2
f 24/5/33 21/6/34 10/4/8 9/3/7
s 3
f 21/25/35 22/26/36 11/22/9 10/4/12
s 1
f 23/15/37 24/16/38 9/3/1 12/14/4
s 2
f 15/9/27 20/7/39 17/8/40 16/10/28
s 3
f 14/29/31 19/27/41 20/28/42 15/9/32
s 1
f 16/10/23 17/17/43 18/18/44 13/19/24
s 3
f 19/27/41 22/26/36 21/25/35 20/28/42
s 1
f 17/17/43 24/16/38 23/15/37 18/18/44
s 2
f 20/7/39 21/6/34 24/5/33 17/8/40
s 7
f 46/33/45 48/34/46 47/35/47 45/36/48
f 49/37/49 52/38/50 51/39/51 50/40/52
f 54/41/53 56/42/54 55/43/55 53/44/56
f 58/45/57 60/46/58 59/47/59 57/48/60
f 62/49/61 64/50/62 63/51/63 61/52/64
f 56/42/54 62/49/61 61/52/64 55/43/55
f 64/50/62 51/39/51 52/38/50 63/51/63
f 48/34/46 58/45/57 57/48/60 47/35/47
f 60/46/58 54/41/53 53/44/56 59/47/59
s off
f 25/53/65 46/33/66 45/36/67 26/54/68
s 10
f 26/55/69 45/56/70 47/57/71 41/58/72
s 11
f 42/59/73 48/60/74 46/61/75 25/62/76
f 30/63/77 50/64/78 51/65/79 28/66/80
s 10
f 27/67/81 52/68/82 49/69/83 29/70/84
f 31/71/85 53/72/86 55/73/87 37/74/88
s 11
f 38/75/89 56/76/90 54/77/91 32/78/92
s 10
f 33/79/93 57/80/94 59/81/95 43/82/96
s 11
f 44/83/97 60/84/98 58/85/99 34/86/100
s 10
f 35/87/101 61/88/102 63/89/103 39/90/104
s 11
f 40/91/105 64/92/106 62/93/107 36/94/108
s 10
f 37/74/88 55/73/87 61/88/102 35/87/101
s 11
f 36/94/108 62/93/107 56/76/90 38/75/89
s 10
f 39/90/104 63/89/103 52/68/82 27/67/81
s 11
f 28/66/80 51/65/79 64/92/106 40/91/105
s 10
f 41/58/72 47/57/71 57/80/94 33/79/93
s 11
f 34/86/100 58/85/99 48/60/74 42/59/73
s 10
f 43/82/96 59/81/95 53/72/86 31/71/85
s 11
f 32/78/92 54/77/91 60/84/98 44/83/97
s 16
f 86/95/109 85/96/110 87/97/111 88/98/112
f 89/99/113 90/100/114 91/101/115 92/102/116
f 94/103/117 93/104/118 95/105/119 96/106/120
f 98/107/121 97/108/122 99/109/123 100/110/124
f 102/111/125 101/112/126 103/113/127 104/114/128
f 96/106/120 95/105/119 101/112/126 102/111/125
f 104/114/128 103/113/127 92/102/116 91/101/115
f 88/98/112 87/97/111 97/108/122 98/107/121
f 100/110/124 99/109/123 93/104/118 94/103/117
s off
f 65/115/129 66/116/130 85/96/131 86/95/132
s 19
f 66/117/133 81/118/134 87/119/135 85/120/136
s 20
f 82/121/137 65/122/138 86/123/139 88/124/140
f 70/125/141 68/126/142 91/127/143 90/128/144
s 19
f 67/129/145 69/130/146 89/131/147 92/132/148
f 71/133/149 77/134/150 95/135/151 93/136/152
s 20
f 78/137/153 72/138/154 94/139/155 96/140/156
s 19
f 73/141/157 83/142/158 99/143/159 97/144/160
s 20
f 84/145/161 74/146/162 98/147/163 100/148/164
s 19
f 75/149/165 79/150/166 103/151/167 101/152/168
s 20
f 80/153/169 76/154/170 102/155/171 104/156/172
s 19
f 77/134/150 75/149/165 101/152/168 95/135/151
s 20
f 76/154/170 78/137/153 96/140/156 102/155/171
s 19
f 79/150/166 67/129/145 92/132/148 103/151/167
s 20
f 68/126/142 80/153/169 104/156/172 91/127/143
s 19
f 81/118/134 73/141/157 97/144/160 87/119/135
s 20
f 74/146/162 82/121/137 88/124/140 98/147/163
s 19
f 83/142/158 71/133/149 93/136/152 99/143/159
s 20
f 72/138/154 84/145/161 100/148/164 94/139/155
s 25
f 105/157/173 108/158/174 107/159/175 106/160/176
f 109/161/177 112/162/178 111/163/179 110/164/180
f 113/165/181 116/166/182 115/167/183 114/168/184
f 117/169/185 120/170/186 119/171/187 118/172/188
f 121/173/189 124/174/190 123/175/191 122/176/192
f 116/166/182 121/173/189 122/176/192 115/167/183
f 124/174/190 111/163/179 112/162/178 123/175/191
f 108/158/174 117/169/185 118/172/188 107/159/175
f 120/170/186 113/165/181 114/168/184 119/171/187
s 28
f 125/177/193 128/178/194 127/179/195 126/180/196
f 129/181/197 132/182/198 131/183/199 130/184/200
f 133/185/201 136/186/202 135/187/203 134/188/204
f 137/189/205 140/190/206 139/191/207 138/192/208
f 141/193/209 144/194/210 143/195/211 142/196/212
f 136/186/202 141/193/209 142/196/212 135/187/203
f 144/194/210 131/183/199 132/182/198 143/195/211
f 128/178/194 137/189/205 138/192/208 127/179/195
f 140/190/206 133/185/201 134/188/204 139/191/207
s 31
f 145/197/213 148/198/214 147/199/215 146/200/216
f 149/201/217 152/202/218 151/203/219 150/204/220
f 153/205/221 156/206/222 155/207/223 154/208/224
f 157/209/225 160/210/226 159/211/227 158/212/228
f 161/213/229 164/214/230 163/215/231 162/216/232
f 156/206/222 161/213/229 162/216/232 155/207/223
f 164/214/230 151/203/219 152/202/218 163/215/231
f 148/198/214 157/209/225 158/212/228 147/199/215
f 160/210/226 153/205/221 154/208/224 159/211/227
s 34
f 165/217/233 168/218/234 167/219/235 166/220/236
f 169/221/237 172/222/238 171/223/239 170/224/240
f 173/225/241 176/226/242 175/227/243 174/228/244
f 177/229/245 180/230/246 179/231/247 178/232/248
f 181/233/249 184/234/250 183/235/251 182/236/252
f 176/226/242 181/233/249 182/236/252 175/227/243
f 184/234/250 171/223/239 172/222/238 183/235/251
f 168/218/234 177/229/245 178/232/248 167/219/235
f 180/230/246 173/225/241 174/228/244 179/231/247
s 37
f 185/237/253 186/238/254 187/239/255 188/240/256
f 189/241/257 190/242/258 191/243/259 192/244/260
f 193/245/261 194/246/262 195/247/263 196/248/264
f 197/249/265 198/250/266 199/251/267 200/252/268
f 201/253/269 202/254/270 203/255/271 204/256/272
f 196/248/264 195/247/263 202/254/270 201/253/269
f 204/256/272 203/255/271 192/244/260 191/243/259
f 188/240/256 187/239/255 198/250/266 197/249/265
f 200/252/268 199/251/267 194/246/262 193/245/261
s 40
f 205/257/273 206/258/274 207/259/275 208/260/276
f 209/261/277 210/262/278 211/263/279 212/264/280
f 213/265/281 214/266/282 215/267/283 216/268/284
f 217/269/285 218/270/286 219/271/287 220/272/288
f 221/273/289 222/274/290 223/275/291 224/276/292
f 216/268/284 215/267/283 222/274/290 221/273/289
f 224/276/292 223/275/291 212/264/280 211/263/279
f 208/260/276 207/259/275 218/270/286 217/269/285
f 220/272/288 219/271/287 214/266/282 213/265/281
s 43
f 225/277/293 226/278/294 227/279/295 228/280/296
f 229/281/297 230/282/298 231/283/299 232/284/300
f 233/285/301 234/286/302 235/287/303 236/288/304
f 237/289/305 238/290/306 239/291/307 240/292/308
f 241/293/309 242/294/310 243/295/311 244/296/312
f 236/288/304 235/287/303 242/294/310 241/293/309
f 244/296/312 243/295/311 232/284/300 231/283/299
f 228/280/296 227/279/295 238/290/306 237/289/305
f 240/292/308 239/291/307 234/286/302 233/285/301
s 46
f 245/297/313 246/298/314 247/299/315 248/300/316
f 249/301/317 250/302/318 251/303/319 252/304/320
f 253/305/321 254/306/322 255/307/323 256/308/324
f 257/309/325 258/310/326 259/311/327 260/312/328
f 261/313/329 262/314/330 263/315/331 264/316/332
f 256/308/324 255/307/323 262/314/330 261/313/329
f 264/316/332 263/315/331 252/304/320 251/303/319
f 248/300/316 247/299/315 258/310/326 257/309/325
f 260/312/328 259/311/327 254/306/322 253/305/321
s 49
f 265/317/333 266/318/334 267/319/335 268/320/336
f 269/321/337 270/322/338 271/323/339 272/324/340
f 273/325/341 274/326/342 275/327/343 276/328/344
f 277/329/345 278/330/346 279/331/347 280/332/348
f 281/333/349 282/334/350 283/335/351 284/336/352
f 276/328/344 275/327/343 282/334/350 281/333/349
f 284/336/352 283/335/351 272/324/340 271/323/339
f 268/320/336 267/319/335 278/330/346 277/329/345
f 280/332/348 279/331/347 274/326/342 273/325/341
g default
v -3.049669 6.796159 1.351298
v -3.049669 6.796159 0.487721
v -3.913246 6.796159 0.487721
v -3.913246 6.796159 1.351298
v -2.815096 6.780694 1.622540
v -2.818060 6.744226 1.635164
v -2.780970 6.745363 1.620581
v -2.765623 6.746475 1.585348
v -2.778372 6.781334 1.587071
v -2.813780 6.796159 1.587186
v -2.778427 6.780694 0.253148
v -2.765801 6.744226 0.256111
v -2.780386 6.745363 0.219022
v -2.815618 6.746475 0.203675
v -2.813896 6.781334 0.216423
v -2.813780 6.796159 0.251832
v -4.184487 6.780694 1.585870
v -4.197113 6.744226 1.582907
v -4.182528 6.745363 1.619996
v -4.147296 6.746475 1.635343
v -4.149019 6.781334 1.622595
v -4.149134 6.796159 1.587186
v -4.147818 6.780694 0.216478
v -4.144855 6.744226 0.203854
v -4.181945 6.745363 0.218437
v -4.197291 6.746475 0.253670
v -4.184543 6.781334 0.251948
v -4.149134 6.796159 0.251832
v -3.031452 3.559432 1.419509
v -2.981457 3.559432 1.369514
v -2.996100 3.559432 1.404865
v -3.031452 3.559432 0.419509
v -2.996100 3.559432 0.434153
v -2.981457 3.559432 0.469505
v -3.931462 3.559432 1.419509
v -3.966814 3.559432 1.404865
v -3.981457 3.559432 1.369514
v -3.931462 3.559432 0.419509
v -3.981457 3.559432 0.469505
v -3.966814 3.559432 0.434153
v -2.785619 6.774341 1.615790
v -2.785177 6.774341 0.223670
v -4.177738 6.774341 1.615348
v -4.177296 6.774341 0.223229
v -3.180246 6.761170 1.297024
v -3.065955 6.785659 1.335012
v -3.103942 6.761170 1.220720
v -3.218246 12.394944 1.259024
v -3.141943 12.394944 1.182720
v -3.103942 6.761170 0.618298
v -3.065955 6.785659 0.504007
v -3.180246 6.761170 0.541994
v -3.218246 12.394944 0.579994
v -3.141943 12.394944 0.656298
v -3.782669 6.761170 0.541994
v -3.896960 6.785659 0.504007
v -3.858972 6.761170 0.618298
v -3.820972 12.394944 0.656298
v -3.744668 12.394944 0.579994
v -3.858972 6.761170 1.220720
v -3.896960 6.785659 1.335012
v -3.782669 6.761170 1.297024
v -3.744668 12.394944 1.259024
v -3.820972 12.394944 1.182720
v -3.027175 12.639428 1.271694
v -3.129272 12.639428 1.373791
v -3.027175 12.639428 0.567324
v -3.129272 12.639428 0.465227
v -3.833642 12.639428 0.465227
v -3.935739 12.639428 0.567324
v -3.935739 12.639428 1.271694
v -3.833643 12.639428 1.373791
v -3.141943 12.639428 1.209103
v -3.218246 12.639428 1.293055
v -3.141943 12.639428 0.629915
v -3.218246 12.639428 0.545963
v -3.744668 12.639428 0.545963
v -3.820971 12.639428 0.629915
v -3.820972 12.639428 1.209103
v -3.744668 12.639428 1.293055
v -3.141943 12.598714 1.209103
v -3.218246 12.598714 1.293055
v -3.141943 12.598714 0.629915
v -3.218246 12.598714 0.545963
v -3.744668 12.598714 0.545963
v -3.820971 12.598714 0.629915
v -3.820972 12.598714 1.209103
v -3.744668 12.598714 1.293055
v -3.259535 12.598714 1.108800
v -3.309411 12.598714 1.163675
v -3.259535 12.598714 0.730218
v -3.309411 12.598714 0.675343
v -3.653504 12.598714 0.675343
v -3.703379 12.598714 0.730218
v -3.703379 12.598714 1.108800
v -3.653504 12.598714 1.163675
v -3.259535 12.640866 1.108800
v -3.309411 12.640866 1.163675
v -3.259535 12.640866 0.730218
v -3.309411 12.640866 0.675343
v -3.653504 12.640866 0.675343
v -3.703379 12.640866 0.730218
v -3.703379 12.640866 1.108800
v -3.653504 12.640866 1.163675
v -3.069882 3.856075 1.290623
v -2.894226 6.449832 1.466279
v -3.069882 3.856075 0.558156
v -2.894372 6.448001 0.384487
v -3.843038 3.856075 1.331311
v -4.018693 6.449832 1.561095
v -3.110570 3.856075 1.331311
v -2.936901 6.448001 1.560950
v -3.843038 3.856075 1.274677
v -4.018693 6.449832 1.450333
v -3.110570 3.856075 1.298140
v -2.936901 6.448001 1.473650
v -3.128606 3.856075 1.290623
v -2.952951 6.449832 1.466279
v -3.128606 3.856075 0.558156
v -2.953096 6.448001 0.384487
v -3.029046 4.150311 1.220124
v -2.893244 6.155596 1.355927
v -3.029046 4.150311 0.653840
v -2.893355 6.154181 0.519573
v -3.747877 4.150311 1.375110
v -3.883680 6.155596 1.510912
v -3.181592 4.150311 1.375110
v -3.047325 6.154181 1.510800
vt 0.376464 0.913086
vt 0.341136 0.912972
vt 0.342152 0.911954
vt 0.347393 0.908798
vt 0.370197 0.908912
vt 0.375446 0.912069
vt 0.341150 0.877475
vt 0.342181 0.878504
vt 0.345362 0.883787
vt 0.345310 0.906708
vt 0.376639 0.877712
vt 0.375618 0.878723
vt 0.370360 0.881856
vt 0.347469 0.881678
vt 0.372292 0.906830
vt 0.372433 0.883952
vt 0.115219 0.666927
vt 0.117515 0.943701
vt 0.088468 0.943822
vt 0.088925 0.667292
vt 0.083514 0.667673
vt 0.083265 0.943829
vt 0.053761 0.943686
vt 0.058091 0.671865
vt 0.178385 0.669194
vt 0.186264 0.943313
vt 0.157054 0.943630
vt 0.152312 0.667495
vt 0.146899 0.667352
vt 0.151830 0.943656
vt 0.122714 0.943685
vt 0.120667 0.666831
vt 0.393218 0.925861
vt 0.391058 0.925628
vt 0.391303 0.865349
vt 0.393364 0.865088
vt 0.388885 0.925548
vt 0.389144 0.865453
vt 0.364441 0.807170
vt 0.362217 0.807215
vt 0.360928 0.675275
vt 0.363023 0.675216
vt 0.359915 0.807099
vt 0.358832 0.675253
vt 0.389002 0.927706
vt 0.328667 0.927595
vt 0.328736 0.925422
vt 0.389278 0.929764
vt 0.328448 0.929758
vt 0.418717 0.809335
vt 0.416515 0.809371
vt 0.399320 0.666935
vt 0.401388 0.666302
vt 0.414219 0.809268
vt 0.397240 0.667454
vt 0.326590 0.925558
vt 0.326426 0.864681
vt 0.328615 0.864852
vt 0.324536 0.925859
vt 0.324235 0.864841
vt 0.389529 0.861138
vt 0.389257 0.863289
vt 0.328665 0.862689
vt 0.328559 0.860606
vt 0.309889 0.811139
vt 0.307675 0.811144
vt 0.323697 0.667157
vt 0.325771 0.667667
vt 0.305400 0.811009
vt 0.321635 0.666530
vt 0.230963 0.800595
vt 0.228870 0.800040
vt 0.270576 0.652910
vt 0.272667 0.653431
vt 0.226744 0.799326
vt 0.268519 0.652268
vt 0.558367 0.940746
vt 0.564910 0.842725
vt 0.592365 0.842422
vt 0.599167 0.940898
vt 0.450421 0.653182
vt 0.492890 0.798162
vt 0.462387 0.940665
vt 0.468922 0.842448
vt 0.496464 0.842412
vt 0.503146 0.940645
vt 0.585451 0.754754
vt 0.541506 0.754939
vt 0.539777 0.754231
vt 0.539055 0.752508
vt 0.538870 0.708563
vt 0.539577 0.706833
vt 0.541300 0.706111
vt 0.585246 0.705926
vt 0.586975 0.706634
vt 0.587697 0.708357
vt 0.587882 0.752302
vt 0.587175 0.754032
vt 0.390617 0.927278
vt 0.391707 0.928325
vt 0.327022 0.927168
vt 0.325987 0.928270
vt 0.390898 0.863740
vt 0.391959 0.862663
vt 0.327099 0.862966
vt 0.324523 0.863319
vt 0.326255 0.861606
vt 0.268228 0.918109
vt 0.270678 0.920774
vt 0.270783 0.939259
vt 0.268363 0.941953
vt 0.251562 0.942048
vt 0.249112 0.939382
vt 0.249007 0.920897
vt 0.251427 0.918204
vt 0.191537 0.943253
vt 0.183663 0.669772
vt 0.115019 0.653422
vt 0.119808 0.653612
vt 0.086658 0.654439
vt 0.081287 0.654418
vt 0.049764 0.660841
vt 0.183513 0.656846
vt 0.189743 0.659046
vt 0.153255 0.653528
vt 0.148186 0.653426
vt 0.281925 0.880954
vt 0.276046 0.887073
vt 0.272670 0.880942
vt 0.277612 0.876435
vt 0.242242 0.887076
vt 0.245624 0.880993
vt 0.236399 0.881069
vt 0.240653 0.876488
vt 0.236292 0.847031
vt 0.240591 0.851591
vt 0.242243 0.840972
vt 0.245575 0.847113
vt 0.275923 0.841013
vt 0.272546 0.847098
vt 0.281791 0.846977
vt 0.277548 0.851579
vt 0.271861 0.878930
vt 0.275604 0.875631
vt 0.246400 0.878961
vt 0.242620 0.875627
vt 0.242584 0.852415
vt 0.246383 0.849128
vt 0.271762 0.849128
vt 0.275596 0.852458
vt 0.266442 0.872603
vt 0.268681 0.870549
vt 0.251780 0.872576
vt 0.249528 0.870528
vt 0.249559 0.857500
vt 0.251788 0.855482
vt 0.266408 0.855509
vt 0.268631 0.857521
vt 0.265201 0.870280
vt 0.266343 0.869309
vt 0.252960 0.870213
vt 0.251813 0.869265
vt 0.251878 0.858752
vt 0.253010 0.857815
vt 0.265230 0.857875
vt 0.266367 0.858802
vt 0.371033 0.688260
vt 0.372265 0.792226
vt 0.390970 0.683857
vt 0.404025 0.794152
vt 0.332209 0.684054
vt 0.318282 0.795900
vt 0.351070 0.688539
vt 0.353566 0.793685
vt 0.334776 0.686574
vt 0.324020 0.791478
vt 0.349424 0.689599
vt 0.349486 0.790256
vt 0.373965 0.690049
vt 0.375026 0.789940
vt 0.388362 0.686543
vt 0.400952 0.791769
vt 0.551634 0.955280
vt 0.560096 0.827558
vt 0.598094 0.827326
vt 0.606888 0.955326
vt 0.454676 0.955041
vt 0.463118 0.827469
vt 0.500645 0.827451
vt 0.509299 0.955113
vn -0.541845 0.840479 0.000000
vn -0.541845 0.840479 0.000000
vn -0.290407 0.911772 0.290405
vn -0.526015 0.850443 0.007397
vn -0.526015 0.850443 -0.007396
vn -0.290407 0.911772 -0.290405
vn 0.000000 0.840480 0.541842
vn 0.000000 0.840480 0.541842
vn 0.290407 0.911772 0.290405
vn 0.007397 0.850445 0.526012
vn -0.007397 0.850445 0.526012
vn -0.290407 0.911772 0.290405
vn 0.541845 0.840479 0.000000
vn 0.541845 0.840479 0.000000
vn 0.290407 0.911772 -0.290405
vn 0.526015 0.850443 -0.007397
vn 0.526015 0.850443 0.007396
vn 0.290407 0.911772 0.290405
vn 0.000000 0.840480 -0.541842
vn 0.000000 0.840480 -0.541842
vn -0.290407 0.911772 -0.290405
vn -0.007397 0.850445 -0.526012
vn 0.007397 0.850445 -0.526012
vn 0.290407 0.911772 -0.290405
vn 0.999977 0.006745 0.000000
vn 0.999977 0.006745 0.000000
vn 0.999977 0.006745 0.000000
vn 0.999977 0.006745 0.000000
vn 0.000000 0.006745 -0.999977
vn 0.000000 0.006745 -0.999977
vn 0.000000 0.006745 -0.999977
vn 0.000000 0.006745 -0.999977
vn -0.999977 0.006745 0.000000
vn -0.999977 0.006745 0.000000
vn -0.999977 0.006745 0.000000
vn -0.999977 0.006745 0.000000
vn 0.000000 0.006745 0.999977
vn 0.000000 0.006745 0.999977
vn 0.000000 0.006745 0.999977
vn 0.000000 0.006745 0.999977
vn 0.275457 0.036871 0.960606
vn 0.007777 0.333590 0.942686
vn -0.007040 0.334035 0.942534
vn -0.283445 0.039960 0.958156
vn 0.006611 0.919475 0.393093
vn 0.057878 0.996708 0.056768
vn -0.056768 0.996708 0.057878
vn -0.006917 0.919679 0.392610
vn 0.958156 0.039966 0.283444
vn 0.917599 -0.085398 0.388225
vn 0.917273 -0.088326 0.388340
vn 0.917273 -0.088326 0.388340
vn 0.373530 -0.084504 0.923761
vn 0.275457 0.036871 0.960606
vn 0.373896 -0.087670 0.923318
vn 0.373896 -0.087670 0.923318
vn 0.057878 0.996708 0.056768
vn 0.392611 0.919679 0.006917
vn 0.393094 0.919475 -0.006611
vn 0.056768 0.996708 -0.057880
vn 0.942528 0.334054 0.007040
vn 0.958156 0.039966 0.283444
vn 0.960605 0.036877 -0.275461
vn 0.942680 0.333609 -0.007777
vn 0.013504 -0.062580 -0.997949
vn 0.388229 -0.085398 -0.917598
vn 0.388344 -0.088326 -0.917272
vn 0.012167 -0.068377 -0.997585
vn 0.923759 -0.084504 -0.373536
vn 0.960605 0.036877 -0.275461
vn 0.923315 -0.087670 -0.373902
vn 0.923315 -0.087670 -0.373902
vn 0.056768 0.996708 -0.057880
vn 0.006916 0.919673 -0.392625
vn -0.006611 0.919468 -0.393108
vn -0.057878 0.996708 -0.056771
vn 0.007040 0.334039 -0.942533
vn 0.013504 -0.062580 -0.997949
vn -0.013682 -0.062521 -0.997950
vn -0.007777 0.333594 -0.942685
vn -0.997950 -0.062520 0.013682
vn -0.942678 0.333613 0.007777
vn -0.942526 0.334058 -0.007039
vn -0.997949 -0.062580 -0.013504
vn -0.393099 0.919473 0.006611
vn -0.056768 0.996708 0.057878
vn -0.057878 0.996708 -0.056771
vn -0.392615 0.919677 -0.006917
vn -0.283445 0.039960 0.958156
vn -0.388227 -0.085399 0.917599
vn -0.388342 -0.088326 0.917273
vn -0.388342 -0.088326 0.917273
vn -0.923758 -0.084503 0.373539
vn -0.997950 -0.062520 0.013682
vn -0.997590 -0.068357 0.011939
vn -0.923314 -0.087669 0.373905
vn -0.997949 -0.062580 -0.013504
vn -0.917601 -0.085399 -0.388222
vn -0.917274 -0.088327 -0.388338
vn -0.997585 -0.068376 -0.012167
vn -0.373531 -0.084503 -0.923761
vn -0.013682 -0.062521 -0.997950
vn -0.011938 -0.068357 -0.997590
vn -0.373897 -0.087669 -0.923317
vn 0.997715 -0.067564 -0.000011
vn 0.997715 -0.067564 -0.000011
vn 0.997715 -0.067564 -0.000011
vn 0.997715 -0.067564 -0.000011
vn -0.997950 -0.062520 0.013682
vn -0.997949 -0.062580 -0.013504
vn -0.997585 -0.068376 -0.012167
vn -0.997590 -0.068357 0.011939
vn 0.013504 -0.062580 -0.997949
vn 0.012167 -0.068377 -0.997585
vn -0.011938 -0.068357 -0.997590
vn -0.013682 -0.062521 -0.997950
vn 0.000012 -0.067564 0.997715
vn 0.000012 -0.067564 0.997715
vn 0.000012 -0.067564 0.997715
vn 0.000012 -0.067564 0.997715
vn 0.057878 0.996708 0.056768
vn 0.056768 0.996708 -0.057880
vn 0.000000 1.000000 0.000000
vn 0.000000 1.000000 0.000000
vn 0.056768 0.996708 -0.057880
vn -0.057878 0.996708 -0.056771
vn 0.000000 1.000000 0.000000
vn 0.000000 1.000000 0.000000
vn -0.057878 0.996708 -0.056771
vn -0.056768 0.996708 0.057878
vn 0.000000 1.000000 0.000000
vn 0.000000 1.000000 0.000000
vn -0.056768 0.996708 0.057878
vn 0.057878 0.996708 0.056768
vn 0.000000 1.000000 0.000000
vn 0.000000 1.000000 0.000000
vn 0.000000 -1.000000 0.000000
vn 0.000000 -1.000000 0.000000
vn 0.000000 -1.000000 0.000000
vn 0.000000 -1.000000 0.000000
vn 0.000000 -1.000000 0.000000
vn 0.000000 -1.000000 0.000000
vn 0.000000 -1.000000 0.000000
vn 0.000000 -1.000000 0.000000
vn 0.000000 -1.000000 0.000000
vn 0.000000 -1.000000 0.000000
vn 0.000000 -1.000000 0.000000
vn 0.000000 -1.000000 0.000000
vn 0.392611 0.919679 0.006917
vn 0.057878 0.996708 0.056768
vn 0.006611 0.919475 0.393093
vn 0.323886 0.878500 0.351191
vn 0.007777 0.333590 0.942686
vn 0.275457 0.036871 0.960606
vn 0.373530 -0.084504 0.923761
vn 0.313195 0.251745 0.915715
vn 0.917599 -0.085398 0.388225
vn 0.958156 0.039966 0.283444
vn 0.942528 0.334054 0.007040
vn 0.899074 0.261893 0.350826
vn 0.006916 0.919673 -0.392625
vn 0.056768 0.996708 -0.057880
vn 0.393094 0.919475 -0.006611
vn 0.351202 0.878497 -0.323883
vn 0.942680 0.333609 -0.007777
vn 0.960605 0.036877 -0.275461
vn 0.923759 -0.084504 -0.373536
vn 0.915713 0.251744 -0.313200
vn 0.388229 -0.085398 -0.917598
vn 0.013504 -0.062580 -0.997949
vn 0.007040 0.334039 -0.942533
vn 0.350827 0.261870 -0.899080
vn -0.006917 0.919679 0.392610
vn -0.056768 0.996708 0.057878
vn -0.393099 0.919473 0.006611
vn -0.351205 0.878495 0.323886
vn -0.942678 0.333613 0.007777
vn -0.997950 -0.062520 0.013682
vn -0.923758 -0.084503 0.373539
vn -0.915709 0.251756 0.313202
vn -0.388227 -0.085399 0.917599
vn -0.283445 0.039960 0.958156
vn -0.007040 0.334035 0.942534
vn -0.350829 0.261866 0.899080
vn -0.392615 0.919677 -0.006917
vn -0.057878 0.996708 -0.056771
vn -0.006611 0.919468 -0.393108
vn -0.323883 0.878496 -0.351206
vn -0.007777 0.333594 -0.942685
vn -0.013682 -0.062521 -0.997950
vn -0.373531 -0.084503 -0.923761
vn -0.313196 0.251746 -0.915714
vn -0.917601 -0.085399 -0.388222
vn -0.997949 -0.062580 -0.013504
vn -0.942526 0.334058 -0.007039
vn -0.899078 0.261884 -0.350821
vn 0.000000 1.000000 0.000000
vn 0.000000 1.000000 0.000000
vn 0.000000 1.000000 0.000000
vn 0.000000 1.000000 0.000000
vn 0.000000 1.000000 0.000000
vn 0.000000 1.000000 0.000000
vn 0.000000 1.000000 0.000000
vn 0.000000 1.000000 0.000000
vn 0.707076 0.009539 0.707073
vn 0.707076 0.009539 0.707073
vn 0.707076 0.009539 0.707073
vn 0.707076 0.009539 0.707073
vn 0.707076 0.009539 -0.707073
vn 0.707076 0.009539 -0.707073
vn 0.707076 0.009539 -0.707073
vn 0.707076 0.009539 -0.707073
vn -0.707076 0.009539 -0.707074
vn -0.707076 0.009539 -0.707074
vn -0.707076 0.009539 -0.707074
vn -0.707076 0.009539 -0.707074
vn -0.707076 0.009539 0.707074
vn -0.707076 0.009539 0.707074
vn -0.707076 0.009539 0.707074
vn -0.707076 0.009539 0.707074
vn -0.007397 0.850445 -0.526012
vn -0.290407 0.911772 -0.290405
vn -0.526015 0.850443 -0.007396
vn -0.526015 0.850443 0.007397
vn -0.290407 0.911772 0.290405
vn -0.007397 0.850445 0.526012
vn 0.007397 0.850445 0.526012
vn 0.290407 0.911772 0.290405
vn 0.526015 0.850443 0.007396
vn 0.526015 0.850443 -0.007397
vn 0.290407 0.911772 -0.290405
vn 0.007397 0.850445 -0.526012
vn 0.609205 -0.507682 0.609203
vn 0.609205 -0.507682 0.609203
vn 0.609205 -0.507682 0.609203
vn 0.609205 -0.507682 0.609203
vn 0.905224 -0.424935 0.000000
vn 0.905224 -0.424935 0.000000
vn 0.905224 -0.424935 0.000000
vn 0.905224 -0.424935 0.000000
vn 0.609204 -0.507683 -0.609203
vn 0.609204 -0.507683 -0.609203
vn 0.609204 -0.507683 -0.609203
vn 0.609204 -0.507683 -0.609203
vn 0.000000 -0.424934 -0.905224
vn 0.000000 -0.424934 -0.905224
vn 0.000000 -0.424934 -0.905224
vn 0.000000 -0.424934 -0.905224
vn -0.609205 -0.507682 -0.609203
vn -0.609205 -0.507682 -0.609203
vn -0.609205 -0.507682 -0.609203
vn -0.609205 -0.507682 -0.609203
vn -0.905224 -0.424935 0.000000
vn -0.905224 -0.424935 0.000000
vn -0.905224 -0.424935 0.000000
vn -0.905224 -0.424935 0.000000
vn -0.609206 -0.507683 0.609201
vn -0.609206 -0.507683 0.609201
vn -0.609206 -0.507683 0.609201
vn -0.609206 -0.507683 0.609201
vn 0.000000 -0.424934 0.905224
vn 0.000000 -0.424934 0.905224
vn 0.000000 -0.424934 0.905224
vn 0.000000 -0.424934 0.905224
vn 0.000000 1.000000 0.000000
vn 0.000000 1.000000 0.000000
vn 0.000000 1.000000 0.000000
vn 0.000000 1.000000 0.000000
vn 0.000000 1.000000 0.000000
vn 0.000000 1.000000 0.000000
vn 0.000000 1.000000 0.000000
vn 0.000000 1.000000 0.000000
vn 0.000000 1.000000 0.000008
vn 0.000000 1.000000 0.000008
vn 0.000000 1.000000 0.000008
vn 0.000000 1.000000 0.000008
vn 0.000000 1.000000 0.000000
vn 0.000000 1.000000 0.000000
vn 0.000000 1.000000 0.000000
vn 0.000000 1.000000 0.000000
vn 0.000000 1.000000 0.000000
vn 0.000000 1.000000 0.000000
vn 0.000000 1.000000 0.000000
vn 0.000000 1.000000 0.000000
vn 0.000000 1.000000 0.000002
vn 0.000000 1.000000 0.000002
vn 0.000000 1.000000 0.000002
vn 0.000000 1.000000 0.000002
vn 0.000000 1.000000 0.000000
vn 0.000000 1.000000 0.000000
vn 0.000000 1.000000 0.000000
vn 0.000000 1.000000 0.000000
vn 0.000000 1.000000 0.000000
vn 0.000000 1.000000 0.000000
vn 0.000000 1.000000 0.000000
vn 0.000000 1.000000 0.000000
vn -0.740011 0.000000 -0.672595
vn -0.740011 0.000000 -0.672595
vn -0.740011 0.000000 -0.672595
vn -0.740011 0.000000 -0.672595
vn -1.000000 0.000000 0.000000
vn -1.000000 0.000000 0.000000
vn -1.000000 0.000000 0.000000
vn -1.000000 0.000000 0.000000
vn -0.740011 0.000000 0.672595
vn -0.740011 0.000000 0.672595
vn -0.740011 0.000000 0.672595
vn -0.740011 0.000000 0.672595
vn 0.000000 0.000000 1.000000
vn 0.000000 0.000000 1.000000
vn 0.000000 0.000000 1.000000
vn 0.000000 0.000000 1.000000
vn 0.740017 0.000000 0.672588
vn 0.740017 0.000000 0.672588
vn 0.740017 0.000000 0.672588
vn 0.740017 0.000000 0.672588
vn 1.000000 0.000000 0.000000
vn 1.000000 0.000000 0.000000
vn 1.000000 0.000000 0.000000
vn 1.000000 0.000000 0.000000
vn 0.740011 0.000000 -0.672595
vn 0.740011 0.000000 -0.672595
vn 0.740011 0.000000 -0.672595
vn 0.740011 0.000000 -0.672595
vn 0.000000 0.000000 -1.000000
vn 0.000000 0.000000 -1.000000
vn 0.000000 0.000000 -1.000000
vn 0.000000 0.000000 -1.000000
vn 0.000000 1.000000 0.000008
vn 0.000000 1.000000 0.000008
vn 0.000000 1.000000 0.000008
vn 0.000000 1.000000 0.000008
vn 0.000000 1.000000 0.000000
vn 0.000000 1.000000 0.000000
vn 0.000000 1.000000 0.000000
vn 0.000000 1.000000 0.000000
vn 0.000000 1.000000 0.000008
vn 0.000000 1.000000 0.000008
vn 0.000000 1.000000 0.000008
vn 0.000000 1.000000 0.000008
vn 0.000000 1.000000 0.000006
vn 0.000000 1.000000 0.000006
vn 0.000000 1.000000 0.000006
vn 0.000000 1.000000 0.000006
vn 0.000000 1.000000 0.000000
vn 0.000000 1.000000 0.000000
vn 0.000000 1.000000 0.000000
vn 0.000000 1.000000 0.000000
vn 0.000000 1.000000 0.000000
vn 0.000000 1.000000 0.000000
vn 0.000000 1.000000 0.000000
vn 0.000000 1.000000 0.000000
vn 0.000000 1.000000 -0.000008
vn 0.000000 1.000000 -0.000008
vn 0.000000 1.000000 -0.000008
vn 0.000000 1.000000 -0.000008
vn 0.000000 1.000000 -0.000006
vn 0.000000 1.000000 -0.000006
vn 0.000000 1.000000 -0.000006
vn 0.000000 1.000000 -0.000006
vn 0.740015 0.000000 0.672591
vn 0.740015 0.000000 0.672591
vn 0.740015 0.000000 0.672591
vn 0.740015 0.000000 0.672591
vn 1.000000 0.000000 0.000000
vn 1.000000 0.000000 0.000000
vn 1.000000 0.000000 0.000000
vn 1.000000 0.000000 0.000000
vn 0.740015 0.000000 -0.672591
vn 0.740015 0.000000 -0.672591
vn 0.740015 0.000000 -0.672591
vn 0.740015 0.000000 -0.672591
vn 0.000000 0.000000 -1.000000
vn 0.000000 0.000000 -1.000000
vn 0.000000 0.000000 -1.000000
vn 0.000000 0.000000 -1.000000
vn -0.740015 0.000000 -0.672591
vn -0.740015 0.000000 -0.672591
vn -0.740015 0.000000 -0.672591
vn -0.740015 0.000000 -0.672591
vn -1.000000 0.000000 0.000000
vn -1.000000 0.000000 0.000000
vn -1.000000 0.000000 0.000000
vn -1.000000 0.000000 0.000000
vn -0.740015 0.000000 0.672591
vn -0.740015 0.000000 0.672591
vn -0.740015 0.000000 0.672591
vn -0.740015 0.000000 0.672591
vn 0.000000 0.000000 1.000000
vn 0.000000 0.000000 1.000000
vn 0.000000 0.000000 1.000000
vn 0.000000 0.000000 1.000000
vn 0.673899 0.004396 -0.738810
vn 0.673899 0.004396 -0.738810
vn 0.673899 0.004396 -0.738810
vn 0.673899 0.004396 -0.738810
vn 0.958330 0.285663 0.000000
vn 0.958330 0.285663 0.000000
vn 0.958330 0.285663 0.000000
vn 0.958330 0.285663 0.000000
vn 0.707160 -0.000510 0.707053
vn 0.707160 -0.000510 0.707053
vn 0.707160 -0.000510 0.707053
vn 0.707160 -0.000510 0.707053
vn 0.917410 -0.397944 0.000550
vn 0.917410 -0.397944 0.000550
vn 0.917410 -0.397944 0.000550
vn 0.917410 -0.397944 0.000550
vn 0.599098 -0.021127 0.800397
vn 0.599098 -0.021127 0.800397
vn 0.599098 -0.021127 0.800397
vn 0.599098 -0.021127 0.800397
vn 0.000000 0.284989 0.958531
vn 0.000000 0.284989 0.958531
vn 0.000000 0.284989 0.958531
vn 0.000000 0.284989 0.958531
vn -0.634207 -0.017090 0.772974
vn -0.634207 -0.017090 0.772974
vn -0.634207 -0.017090 0.772974
vn -0.634207 -0.017090 0.772974
vn -0.000281 -0.242917 0.970047
vn -0.000281 -0.242917 0.970047
vn -0.000281 -0.242917 0.970047
vn -0.000281 -0.242917 0.970047
vn 0.997715 0.067567 0.000000
vn 0.997715 0.067567 0.000000
vn 0.997715 0.067567 0.000000
vn 0.997715 0.067567 0.000000
vn 0.000000 1.000000 0.000000
vn 0.000000 1.000000 0.000000
vn 0.000000 1.000000 0.000000
vn 0.000000 1.000000 0.000000
vn -0.997763 0.066853 -0.000002
vn -0.997763 0.066853 -0.000002
vn -0.997763 0.066853 -0.000002
vn -0.997763 0.066853 -0.000002
vn -0.001692 -0.999999 0.000000
vn -0.001692 -0.999999 0.000000
vn -0.001692 -0.999999 0.000000
vn -0.001692 -0.999999 0.000000
vn 0.000000 0.067568 -0.997715
vn 0.000000 0.067568 -0.997715
vn 0.000000 0.067568 -0.997715
vn 0.000000 0.067568 -0.997715
vn 0.000000 1.000000 0.000000
vn 0.000000 1.000000 0.000000
vn 0.000000 1.000000 0.000000
vn 0.000000 1.000000 0.000000
vn 0.000000 0.066854 0.997763
vn 0.000000 0.066854 0.997763
vn 0.000000 0.066854 0.997763
vn 0.000000 0.066854 0.997763
vn 0.000000 -0.999999 0.001693
vn 0.000000 -0.999999 0.001693
vn 0.000000 -0.999999 0.001693
vn 0.000000 -0.999999 0.001693
vn 0.747065 -0.095148 0.657906
vn 0.747065 -0.095148 0.657906
vn 0.747065 -0.095148 0.657906
vn 0.747065 -0.095148 0.657906
vn 0.947243 -0.320516 0.000000
vn 0.947243 -0.320516 0.000000
vn 0.947243 -0.320516 0.000000
vn 0.947243 -0.320516 0.000000
vn 0.819446 -0.093379 -0.565498
vn 0.819446 -0.093379 -0.565498
vn 0.819446 -0.093379 -0.565498
vn 0.819446 -0.093379 -0.565498
vn 0.979991 0.199039 -0.000468
vn 0.979991 0.199039 -0.000468
vn 0.979991 0.199039 -0.000468
vn 0.979991 0.199039 -0.000468
vn -0.570667 -0.093894 0.815796
vn -0.570667 -0.093894 0.815796
vn -0.570667 -0.093894 0.815796
vn -0.570667 -0.093894 0.815796
vn -0.017298 -0.287937 0.957493
vn -0.017298 -0.287937 0.957493
vn -0.017298 -0.287937 0.957493
vn -0.017298 -0.287937 0.957493
vn 0.529957 -0.092589 0.842955
vn 0.529957 -0.092589 0.842955
vn 0.529957 -0.092589 0.842955
vn 0.529957 -0.092589 0.842955
vn -0.011658 0.163456 0.986482
vn -0.011658 0.163456 0.986482
vn -0.011658 0.163456 0.986482
vn -0.011658 0.163456 0.986482
s off
g Nut1:pole1OBJ_UV1 Nut1:bed Nut1:Nut
usemtl lambert39SG
f 285/337/353 286/338/354 335/339/355 334/340/356 331/341/357 330/342/358
f 286/338/359 287/343/360 340/344/361 339/345/362 336/346/363 335/339/364
f 287/343/365 288/347/366 345/348/367 344/349/368 341/350/369 340/344/370
f 288/347/371 285/337/372 330/342/373 329/351/374 346/352/375 345/348/376
f 333/353/377 331/354/378 334/355/379 338/356/380
f 337/357/381 336/358/382 339/359/383 343/360/384
f 342/361/385 341/362/386 344/363/387 348/364/388
f 347/365/389 346/366/390 329/367/391 332/368/392
f 290/369/393 289/370/394 305/371/395 304/372/396
f 289/370/397 294/373/398 306/374/399 305/371/400
f 292/375/401 291/376/402 315/377/403 314/378/404
f 291/376/405 290/379/406 313/380/407 315/377/408
f 294/373/409 293/381/410 295/382/411 300/383/412
f 293/381/413 292/384/414 296/385/415 295/382/416
f 298/386/417 297/387/418 317/388/419 316/389/420
f 297/387/421 296/390/422 318/391/423 317/388/424
f 300/383/425 299/392/426 307/393/427 312/394/428
f 299/392/429 298/395/430 308/396/431 307/393/432
f 302/397/433 301/398/434 311/399/435 310/400/436
f 301/398/437 306/374/438 312/394/439 311/399/440
f 304/401/441 303/402/442 320/403/443 319/404/444
f 303/402/445 302/405/446 321/406/447 320/403/448
f 310/407/449 309/408/450 324/409/451 323/410/452
f 309/408/453 308/411/454 322/412/455 324/409/456
f 406/413/457 405/414/458 407/415/459 408/416/460
f 302/405/461 310/407/462 323/410/463 321/406/464
f 298/386/465 316/389/466 322/417/467 308/418/468
f 410/419/469 409/420/470 411/421/471 412/422/472
f 294/373/473 300/383/474 286/338/475 285/337/476
f 300/383/477 312/394/478 287/343/479 286/338/480
f 312/394/481 306/374/482 288/347/483 287/343/484
f 306/374/485 294/373/486 285/337/487 288/347/488
f 322/423/489 316/424/490 317/425/491 318/426/492 314/427/493 315/428/494 313/429/495 319/430/496 320/431/497 321/432/498 323/433/499 324/434/500
f 293/381/501 294/373/502 289/370/503 325/435/504
f 289/370/505 290/369/506 291/436/507 325/435/508
f 291/436/509 292/384/510 293/381/511 325/435/512
f 299/392/513 300/383/514 295/382/515 326/437/516
f 295/382/517 296/385/518 297/438/519 326/437/520
f 297/438/521 298/395/522 299/392/523 326/437/524
f 305/371/525 306/374/526 301/398/527 327/439/528
f 301/398/529 302/397/530 303/440/531 327/439/532
f 303/440/533 304/372/534 305/371/535 327/439/536
f 311/399/537 312/394/538 307/393/539 328/441/540
f 307/393/541 308/442/542 309/443/543 328/441/544
f 309/443/545 310/400/546 311/399/547 328/441/548
f 382/444/549 381/445/550 383/446/551 384/447/552 385/448/553 386/449/554 387/450/555 388/451/556
f 329/367/557 331/354/558 333/353/559 332/368/560
f 334/355/561 336/358/562 337/357/563 338/356/564
f 339/452/565 341/362/566 342/361/567 343/453/568
f 344/363/569 346/366/570 347/365/571 348/364/572
f 329/351/573 330/342/574 331/341/575
f 334/340/576 335/339/577 336/346/578
f 339/345/579 340/344/580 341/350/581
f 344/349/582 345/348/583 346/352/584
f 332/368/585 333/353/586 349/454/587 350/455/588
f 333/353/589 338/356/590 351/456/591 349/454/592
f 338/356/593 337/357/594 352/457/595 351/456/596
f 337/357/597 343/360/598 353/458/599 352/457/600
f 343/453/601 342/361/602 354/459/603 353/460/604
f 342/361/605 348/364/606 355/461/607 354/459/608
f 348/364/609 347/365/610 356/462/611 355/461/612
f 347/365/613 332/368/614 350/455/615 356/462/616
f 350/463/617 349/464/618 357/465/619 358/466/620
f 349/464/621 351/467/622 359/468/623 357/465/624
f 351/467/625 352/469/626 360/470/627 359/468/628
f 352/469/629 353/471/630 361/472/631 360/470/632
f 353/471/633 354/473/634 362/474/635 361/472/636
f 354/473/637 355/475/638 363/476/639 362/474/640
f 355/475/641 356/477/642 364/478/643 363/476/644
f 356/477/645 350/463/646 358/466/647 364/478/648
f 358/466/649 357/465/650 365/479/651 366/480/652
f 357/465/653 359/468/654 367/481/655 365/479/656
f 359/468/657 360/470/658 368/482/659 367/481/660
f 360/470/661 361/472/662 369/483/663 368/482/664
f 361/472/665 362/474/666 370/484/667 369/483/668
f 362/474/669 363/476/670 371/485/671 370/484/672
f 363/476/673 364/478/674 372/486/675 371/485/676
f 364/478/677 358/466/678 366/480/679 372/486/680
f 366/480/681 365/479/682 373/487/683 374/488/684
f 365/479/685 367/481/686 375/489/687 373/487/688
f 367/481/689 368/482/690 376/490/691 375/489/692
f 368/482/693 369/483/694 377/491/695 376/490/696
f 369/483/697 370/484/698 378/492/699 377/491/700
f 370/484/701 371/485/702 379/493/703 378/492/704
f 371/485/705 372/486/706 380/494/707 379/493/708
f 372/486/709 366/480/710 374/488/711 380/494/712
f 374/488/713 373/487/714 381/495/715 382/496/716
f 373/487/717 375/489/718 383/497/719 381/495/720
f 375/489/721 376/490/722 384/498/723 383/497/724
f 376/490/725 377/491/726 385/499/727 384/498/728
f 377/491/729 378/492/730 386/500/731 385/499/732
f 378/492/733 379/493/734 387/501/735 386/500/736
f 379/493/737 380/494/738 388/502/739 387/501/740
f 380/494/741 374/488/742 382/496/743 388/502/744
f 292/375/745 314/378/746 389/503/747 390/504/748
f 314/378/749 318/391/750 391/505/751 389/503/752
f 318/391/753 296/390/754 392/506/755 391/505/756
f 296/390/757 292/375/758 390/504/759 392/506/760
f 304/401/761 319/404/762 393/507/763 394/508/764
f 319/404/765 313/380/766 395/509/767 393/507/768
f 313/380/769 290/379/770 396/510/771 395/509/772
f 290/379/773 304/401/774 394/508/775 396/510/776
f 394/508/777 393/507/778 397/511/779 398/512/780
f 393/507/781 395/509/782 399/513/783 397/511/784
f 395/509/785 396/510/786 400/514/787 399/513/788
f 396/510/789 394/508/790 398/512/791 400/514/792
f 390/504/793 389/503/794 401/515/795 402/516/796
f 389/503/797 391/505/798 403/517/799 401/515/800
f 391/505/801 392/506/802 404/518/803 403/517/804
f 392/506/805 390/504/806 402/516/807 404/518/808
f 402/519/809 401/520/810 405/414/811 406/413/812
f 401/520/813 403/521/814 407/415/815 405/414/816
f 403/521/817 404/522/818 408/416/819 407/415/820
f 404/522/821 402/519/822 406/413/823 408/416/824
f 398/523/825 397/524/826 409/420/827 410/419/828
f 397/524/829 399/525/830 411/421/831 409/420/832
f 399/525/833 400/526/834 412/422/835 411/421/836
f 400/526/837 398/523/838 410/419/839 412/422/840
g default
v -9.844056 3.751903 0.783244
v -3.593834 3.751903 0.783244
v -9.844056 4.946730 0.755539
v -3.593834 4.946730 0.755539
v -9.844056 4.946719 -8.301261
v -3.593834 4.946719 -8.301261
v -9.844056 3.751892 -8.273557
v -3.593834 3.751892 -8.273557
vt 0.866876 0.276636
vt 0.866877 0.718868
vt 0.808535 0.720221
vt 0.808534 0.277989
vt 0.445002 0.718870
vt 0.445001 0.276637
vt 0.503343 0.277990
vt 0.503344 0.720222
vt 0.139812 0.718870
vt 0.139811 0.276638
vt 0.503343 0.219648
vt 0.808534 0.219647
vt 0.808535 0.778563
vt 0.503345 0.778564
vn 0.000000 0.023181 0.999731
vn 0.000000 0.023181 0.999731
vn 0.000000 0.023181 0.999731
vn 0.000000 0.023181 0.999731
vn 0.000000 1.000000 -0.000001
vn 0.000000 1.000000 -0.000001
vn 0.000000 1.000000 -0.000001
vn 0.000000 1.000000 -0.000001
vn 0.000000 -0.023181 -0.999731
vn 0.000000 -0.023181 -0.999731
vn 0.000000 -0.023181 -0.999731
vn 0.000000 -0.023181 -0.999731
vn 0.000000 -1.000000 0.000001
vn 0.000000 -1.000000 0.000001
vn 0.000000 -1.000000 0.000001
vn 0.000000 -1.000000 0.000001
vn 1.000000 0.000000 0.000000
vn 1.000000 0.000000 0.000000
vn 1.000000 0.000000 0.000000
vn 1.000000 0.000000 0.000000
vn -1.000000 0.000000 0.000000
vn -1.000000 0.000000 0.000000
vn -1.000000 0.000000 0.000000
vn -1.000000 0.000000 0.000000
s off
g Nut1:bed Nut1:Nut Nut1:body
usemtl lambert49SG
f 413/537/841 414/538/842 416/530/843 415/533/844
f 415/533/845 416/530/846 418/529/847 417/534/848
f 417/534/849 418/529/850 420/539/851 419/540/852
f 419/531/853 420/535/854 414/536/855 413/532/856
f 414/527/857 420/528/858 418/529/859 416/530/860
f 419/531/861 413/532/862 415/533/863 417/534/864
g default
v -9.296214 5.698699 -7.948087
v -9.367320 5.659400 -8.027350
v -9.419233 5.414368 -8.082146
v -9.438192 5.301014 -8.097950
v -3.889981 5.668960 -7.953986
v -3.838016 5.587713 -7.964598
v -3.818997 5.476730 -7.958846
v -3.838016 5.466988 -8.032070
v -3.889981 5.459861 -8.091118
v -3.960965 5.457263 -8.112729
v -3.962609 5.571012 -8.097015
v -3.962609 5.659214 -8.027462
v -3.960965 5.698697 -7.955532
v -9.438192 5.185482 -8.091969
v -9.419416 5.048953 -8.079681
v -9.367621 4.942100 -8.016508
v -9.296041 4.913177 -7.933372
v -3.838016 5.024337 -7.946492
v -3.889981 4.942898 -7.942426
v -3.960965 4.913081 -7.926184
v -3.957779 4.941425 -8.016966
v -3.956040 5.019262 -8.079793
v -3.956181 5.338760 -8.106595
v -3.887575 5.341266 -8.084920
v -3.837359 5.344208 -8.025654
v -3.818997 5.346799 -7.952120
v -3.900532 5.643878 -8.015594
v -3.849003 5.564281 -8.026161
v -3.900432 5.557391 -8.084072
v -3.847870 5.037815 -8.010028
v -3.897846 4.958493 -8.006507
v -3.896932 5.035403 -8.068203
v -9.466674 5.446154 -6.950604
v -9.438192 5.372478 -7.512905
v -9.466674 5.164897 -6.937808
v -9.438192 5.186128 -7.503239
v -9.447695 5.546230 -6.953002
v -9.419222 5.483606 -7.515871
v -9.395763 5.619473 -6.953123
v -9.367301 5.623183 -7.515560
v -9.324703 5.646274 -6.953118
v -9.296215 5.652960 -7.515285
v -3.989450 5.646278 -6.953085
v -3.960965 5.652970 -7.515220
v -3.847482 5.445582 -6.950883
v -3.818997 5.429822 -7.513476
v -3.847482 5.198792 -6.938397
v -3.818997 5.247842 -7.504352
v -3.866501 5.545837 -6.952901
v -3.838016 5.541235 -7.515677
v -3.918465 5.619379 -6.952901
v -3.889981 5.623058 -7.515122
v -9.447824 5.065502 -6.933578
v -9.419380 5.075794 -7.498592
v -9.395975 4.939633 -6.930465
v -9.367559 4.942223 -7.495129
v -9.324566 4.913384 -6.928944
v -9.296062 4.913178 -7.493490
v -3.989463 4.913384 -6.928996
v -3.960971 4.913178 -7.493590
v -3.918472 4.940201 -6.930347
v -3.889984 4.942992 -7.495371
v -3.866503 5.013454 -6.933813
v -3.838017 5.033020 -7.499508
v -9.361576 5.188127 0.747070
v -9.362214 4.992356 0.718599
v -3.957953 4.941425 0.718079
v -3.956011 5.179170 0.747501
v -9.372285 4.785731 0.576684
v -3.950460 4.783263 0.574544
v -9.380928 4.705828 0.364513
v -3.943565 4.705802 0.363432
v -9.746999 5.171103 0.333876
v -9.702776 5.177537 0.520617
v -9.703535 5.331434 0.512266
v -9.746173 5.334235 0.329725
v -9.546094 5.184117 0.693798
v -9.550228 5.333066 0.685538
v -9.367613 5.333209 0.739463
v -3.771449 5.176500 0.691783
v -3.764261 5.333412 0.682388
v -3.946601 5.341819 0.739084
v -3.619323 5.173617 0.516223
v -3.616842 5.327680 0.505526
v -3.577632 5.170783 0.332244
v -3.578110 5.328286 0.326052
v -9.395016 5.830009 0.370067
v -9.403804 5.736349 0.569923
v -3.940919 5.757234 0.550450
v -3.944565 5.831262 0.354200
v -9.380939 5.509377 0.698707
v -3.944341 5.562129 0.698642
v -9.714555 4.984156 0.343645
v -9.677270 5.011393 0.516127
v -9.581501 4.784453 0.358609
v -9.551304 4.840089 0.545323
v -9.531473 5.014714 0.674905
v -3.743183 4.784387 0.356308
v -3.771128 4.791982 0.540395
v -3.610157 4.974553 0.341712
v -3.645286 4.963322 0.511393
v -3.787706 4.963047 0.671839
v -9.599727 5.732197 0.368531
v -9.567275 5.626116 0.525898
v -9.714015 5.506081 0.340447
v -9.675085 5.487695 0.500393
v -9.543870 5.490304 0.647305
v -3.609305 5.555528 0.328340
v -3.638696 5.533465 0.487615
v -3.746217 5.755686 0.343404
v -3.765947 5.708639 0.506745
v -3.774306 5.542050 0.649686
v -9.728413 5.557205 -3.252344
v -9.802203 5.552738 -4.347480
v -9.802356 5.140189 -4.330615
v -9.724202 5.090800 -3.233157
v -9.692524 5.758515 -3.257869
v -9.766337 5.735591 -4.350622
v -9.555244 5.964759 -3.261506
v -9.629320 5.923109 -4.356339
v -9.360187 6.043112 -3.266772
v -9.434428 5.994452 -4.364666
v -3.927417 6.043007 -3.270495
v -4.001712 5.994406 -4.370669
v -3.633927 5.551357 -4.380271
v -3.559223 5.556244 -3.272139
v -3.559255 5.090511 -3.252817
v -3.634083 5.139731 -4.363040
v -3.669725 5.734925 -4.382184
v -3.595142 5.757985 -3.276463
v -3.806844 5.922813 -4.377796
v -3.732468 5.964393 -3.275315
v -9.766548 4.970692 -4.329825
v -9.692411 4.953411 -3.229983
v -9.628695 4.769174 -4.334590
v -9.554596 4.718741 -3.230450
v -9.433879 4.698645 -4.341588
v -9.359776 4.640875 -3.234024
v -4.001947 4.698707 -4.347374
v -3.927593 4.685137 -3.237497
v -3.807431 4.769921 -4.354329
v -3.732724 4.763281 -3.242968
v -3.670223 4.956937 -4.359364
v -3.622740 4.965170 -3.248676
v -9.711695 5.640510 -0.304326
v -9.746331 5.467740 -0.301696
v -9.585416 5.837805 -0.303790
v -9.381757 5.919169 -0.311160
v -3.942287 5.920333 -0.320134
v -3.942460 4.705496 -0.329131
v -9.382289 4.705468 -0.319879
v -3.577813 5.167564 -0.344524
v -3.577328 5.453061 -0.351681
v -9.746977 5.168895 -0.295464
v -3.742729 5.842480 -0.335253
v -3.608868 5.643052 -0.351606
v -9.580977 4.784217 -0.306398
v -9.713140 4.980665 -0.297117
v -3.611729 4.973979 -0.344206
v -3.744142 4.762938 -0.339126
v -9.842863 5.532685 -5.072619
v -9.842889 5.139487 -5.055406
v -9.807135 4.977756 -5.051813
v -9.802548 5.506393 -0.638639
v -9.766654 5.690259 -0.642825
v -9.802804 5.529864 -1.542445
v -9.767917 5.715456 -1.546741
v -9.728446 5.558490 -2.408602
v -9.692924 5.741575 -2.414258
v -9.802709 5.173845 -0.627631
v -9.802725 5.134018 -1.528088
v -9.728418 5.139806 -2.391821
v -9.632885 5.879727 -0.646141
v -9.632175 5.906818 -1.541659
v -9.556060 5.929835 -2.411314
v -9.807226 5.715343 -5.077540
v -9.436498 5.955125 -0.655622
v -9.435576 5.980740 -1.535190
v -9.360574 6.001949 -2.405701
v -9.670355 5.903065 -5.083457
v -3.999552 5.955376 -0.665718
v -4.001135 5.968832 -1.530675
v -3.927313 6.002033 -2.400358
v -9.474935 5.974703 -5.088240
v -3.802161 5.880421 -0.678912
v -3.806068 5.896798 -1.525693
v -3.732404 5.990813 -2.394539
v -4.041490 5.974621 -5.090693
v -3.633385 5.502813 -0.687809
v -3.633562 5.172410 -0.676780
v -3.633612 5.526555 -1.517214
v -3.633525 5.141021 -1.502869
v -3.559261 5.583384 -2.383262
v -3.559233 5.122597 -2.366416
v -3.668293 4.967392 -0.674496
v -3.669352 4.958242 -1.500204
v -3.595312 4.965482 -2.363072
v -3.673672 5.531973 -5.085948
v -3.709406 5.714802 -5.090434
v -3.673700 5.140326 -5.068612
v -3.846165 5.902627 -5.092245
v -3.667422 5.687943 -0.689919
v -3.669568 5.709330 -1.523001
v -3.595306 5.784792 -2.389904
v -9.669342 4.769312 -5.050560
v -9.767850 4.990054 -0.626799
v -9.767505 4.974164 -1.523436
v -9.692673 4.957188 -2.387156
v -9.474151 4.698688 -5.051910
v -9.633742 4.798888 -0.633190
v -9.631548 4.758814 -1.515951
v -9.555504 4.769782 -2.380190
v -4.041636 4.698653 -5.224145
v -9.436562 4.723432 -0.645904
v -9.435237 4.664176 -1.509312
v -9.360172 4.698503 -2.373101
v -3.846395 4.770300 -5.228201
v -3.999947 4.701956 -0.656165
v -4.001306 4.698766 -1.504814
v -3.927494 4.681060 -2.367573
v -3.709513 4.957769 -5.063543
v -3.803241 4.776452 -0.667381
v -3.806216 4.770557 -1.500504
v -3.732742 4.795114 -2.360009
v -9.904281 5.475132 -6.592432
v -9.999294 5.509636 -6.108140
v -9.904428 5.142491 -6.588159
v -9.986070 5.117672 -6.091714
v -9.977863 5.545578 -5.073168
v -9.977888 5.126554 -5.055271
v -9.639197 4.929495 -6.586685
v -9.661960 4.888773 -6.086102
v -9.685928 4.922543 -5.051086
v -9.955379 5.738537 -6.113130
v -9.861107 5.685814 -6.593914
v -9.934139 5.770121 -5.079707
v -9.776487 5.988189 -6.111369
v -9.690998 5.867716 -6.591300
v -9.755826 6.015267 -5.087675
v -9.517885 6.084863 -6.101925
v -9.450866 5.955565 -6.583695
v -9.499178 6.109619 -5.093175
v -3.999987 6.085179 -6.092457
v -4.016459 6.025525 -6.576973
v -4.017167 6.109536 -5.095632
v -3.578458 5.494051 -6.557731
v -3.520351 5.510368 -6.056387
v -3.617347 5.716847 -6.561321
v -3.563323 5.737291 -6.064023
v -3.538673 5.544858 -5.086488
v -3.582463 5.769463 -5.092597
v -3.520213 5.124796 -6.040345
v -3.577756 5.170765 -6.553304
v -3.538699 5.127608 -5.068457
v -3.753258 5.914032 -6.569063
v -3.740262 5.987091 -6.077987
v -3.760541 6.014722 -5.096465
v -9.481156 4.699283 -6.581868
v -9.539056 4.640016 -6.074598
v -9.519997 4.656572 -5.048877
v -9.495793 4.527235 -6.571562
v -9.516413 4.545822 -6.061033
v -9.498001 4.563704 -5.087137
v -3.806628 4.532792 -6.565540
v -4.000072 4.545959 -6.051666
v -4.017372 4.563669 -5.162973
v -3.786133 4.646132 -6.558806
v -3.969227 4.644392 -6.040974
v -3.886797 4.658060 -5.167501
v -3.835074 4.908831 -6.553796
v -3.804173 4.896660 -6.036840
v -3.716005 4.903128 -5.062817
v -9.334012 5.719522 -6.657257
v -3.970289 5.722251 -6.656585
v -3.782461 5.575388 -6.653563
v -3.756285 5.449966 -6.651796
v -3.756533 5.189737 -6.647501
v -3.860375 5.680118 -6.655406
v -3.970531 4.888899 -6.647939
v -9.333434 4.891471 -6.648574
v -3.860932 4.930698 -6.647410
v -3.782563 5.035967 -6.647085
v -9.531974 5.449116 -6.658108
v -9.531568 5.154349 -6.653720
v -9.506557 5.034367 -6.652482
v -9.507126 5.572801 -6.659280
v -9.432287 5.676486 -6.659125
v -9.431757 4.933301 -6.651064
vt 0.148150 0.904756
vt 0.147948 0.895150
vt 0.410947 0.892403
vt 0.410813 0.904033
vt 0.146334 0.882963
vt 0.412372 0.882090
vt 0.143924 0.872121
vt 0.414678 0.871184
vt 0.119519 0.902839
vt 0.128855 0.903874
vt 0.128518 0.911937
vt 0.119601 0.912945
vt 0.139538 0.904554
vt 0.139178 0.911680
vt 0.147784 0.911816
vt 0.419650 0.903988
vt 0.420071 0.911507
vt 0.411301 0.911924
vt 0.430510 0.903564
vt 0.430840 0.911770
vt 0.439478 0.902967
vt 0.439580 0.912863
vt 0.143655 0.943914
vt 0.144779 0.933192
vt 0.412899 0.934711
vt 0.414353 0.944800
vt 0.146817 0.920588
vt 0.411649 0.922794
vt 0.870901 0.899607
vt 0.870002 0.905209
vt 0.604107 0.913445
vt 0.604018 0.907884
vt 0.867519 0.917504
vt 0.603740 0.918878
vt 0.864069 0.921845
vt 0.603249 0.922850
vt 0.600487 0.908078
vt 0.600116 0.902258
vt 0.603691 0.902143
vt 0.596787 0.908757
vt 0.596281 0.902281
vt 0.593252 0.909808
vt 0.592487 0.902203
vt 0.863823 0.876879
vt 0.867351 0.881175
vt 0.603691 0.881760
vt 0.603227 0.877179
vt 0.869921 0.887247
vt 0.603997 0.886594
vt 0.870872 0.893949
vt 0.123002 0.891483
vt 0.130250 0.895179
vt 0.131750 0.879329
vt 0.137546 0.886505
vt 0.140150 0.896400
vt 0.427526 0.878476
vt 0.421135 0.884171
vt 0.436541 0.890777
vt 0.428523 0.892561
vt 0.418718 0.893715
vt 0.131433 0.936301
vt 0.135828 0.927853
vt 0.122647 0.923323
vt 0.129936 0.920257
vt 0.138925 0.919461
vt 0.435891 0.926616
vt 0.429145 0.922727
vt 0.426390 0.938266
vt 0.421921 0.931855
vt 0.419670 0.921687
vt 0.599081 0.920829
vt 0.600540 0.918025
vt 0.595638 0.916146
vt 0.597850 0.913789
vt 0.601202 0.912760
vt 0.595167 0.884753
vt 0.597804 0.886585
vt 0.599092 0.879982
vt 0.600675 0.882689
vt 0.601255 0.887255
vt 0.207218 0.270954
vt 0.205850 0.324941
vt 0.185714 0.323564
vt 0.184306 0.269338
vt 0.217270 0.271505
vt 0.214958 0.325260
vt 0.229443 0.271893
vt 0.226327 0.325535
vt 0.239753 0.272209
vt 0.236510 0.325886
vt 0.503802 0.270293
vt 0.503129 0.323823
vt 0.534360 0.323392
vt 0.534869 0.269699
vt 0.556735 0.268479
vt 0.554813 0.322451
vt 0.525053 0.323535
vt 0.525257 0.269976
vt 0.513472 0.323612
vt 0.513623 0.270120
vt 0.177261 0.323224
vt 0.177392 0.268955
vt 0.165341 0.322817
vt 0.164079 0.268462
vt 0.155217 0.322518
vt 0.153828 0.268086
vt 0.847617 0.266416
vt 0.851213 0.320808
vt 0.585805 0.321954
vt 0.583905 0.267699
vt 0.575538 0.322054
vt 0.574090 0.267932
vt 0.564053 0.322205
vt 0.563324 0.268238
vt 0.204653 0.094823
vt 0.213458 0.094935
vt 0.217033 0.126805
vt 0.208288 0.126021
vt 0.226334 0.094314
vt 0.228681 0.127356
vt 0.237888 0.094253
vt 0.239562 0.127678
vt 0.488203 0.730167
vt 0.493323 0.729963
vt 0.491459 0.751973
vt 0.485978 0.751917
vt 0.497665 0.730564
vt 0.496158 0.752167
vt 0.501082 0.730700
vt 0.499902 0.752394
vt 0.459305 0.730492
vt 0.462876 0.729914
vt 0.461702 0.751671
vt 0.457976 0.751562
vt 0.467338 0.729967
vt 0.466726 0.751750
vt 0.482251 0.730352
vt 0.477168 0.752066
vt 0.505701 0.093753
vt 0.505064 0.127005
vt 0.847383 0.123192
vt 0.581018 0.125514
vt 0.580330 0.091651
vt 0.846970 0.089758
vt 0.548113 0.093751
vt 0.549794 0.126776
vt 0.536112 0.127644
vt 0.540254 0.094310
vt 0.193487 0.124692
vt 0.196560 0.094012
vt 0.785048 0.723234
vt 0.786393 0.751895
vt 0.777211 0.752121
vt 0.779544 0.723337
vt 0.200372 0.707986
vt 0.198489 0.729404
vt 0.760341 0.752864
vt 0.759139 0.731691
vt 0.797539 0.725998
vt 0.801502 0.729728
vt 0.802680 0.750839
vt 0.798911 0.751169
vt 0.791667 0.723353
vt 0.791899 0.751646
vt 0.762643 0.727627
vt 0.764227 0.752685
vt 0.774161 0.724432
vt 0.771630 0.752341
vt 0.516479 0.094347
vt 0.515363 0.127674
vt 0.528752 0.094686
vt 0.526893 0.127978
vt 0.165086 0.089838
vt 0.175546 0.091077
vt 0.172235 0.123622
vt 0.161725 0.123251
vt 0.187239 0.092806
vt 0.183973 0.124127
vt 0.558032 0.093036
vt 0.559212 0.126463
vt 0.569613 0.092185
vt 0.571119 0.125984
vt 0.775645 0.779876
vt 0.789692 0.779154
vt 0.797609 0.583869
vt 0.791112 0.562190
vt 0.805288 0.557609
vt 0.815026 0.578715
vt 0.204204 0.360421
vt 0.184997 0.359093
vt 0.804973 0.632704
vt 0.824789 0.626134
vt 0.794707 0.778861
vt 0.815982 0.548207
vt 0.831463 0.570939
vt 0.176918 0.358627
vt 0.842580 0.625061
vt 0.208273 0.142728
vt 0.217009 0.143528
vt 0.207315 0.186687
vt 0.216286 0.187244
vt 0.208247 0.229232
vt 0.217543 0.229768
vt 0.192633 0.141135
vt 0.188488 0.185083
vt 0.187450 0.227795
vt 0.227805 0.144173
vt 0.227437 0.187454
vt 0.229166 0.229981
vt 0.770518 0.780212
vt 0.787357 0.586381
vt 0.782367 0.564940
vt 0.793582 0.634783
vt 0.213313 0.360807
vt 0.237588 0.144588
vt 0.237408 0.187470
vt 0.239583 0.229956
vt 0.765960 0.780364
vt 0.773907 0.588862
vt 0.771632 0.566058
vt 0.778366 0.637204
vt 0.224702 0.361081
vt 0.502392 0.143922
vt 0.502254 0.185971
vt 0.503530 0.228178
vt 0.762080 0.780301
vt 0.761749 0.589894
vt 0.760621 0.565125
vt 0.764770 0.639672
vt 0.234918 0.361230
vt 0.512918 0.144426
vt 0.512791 0.185852
vt 0.512557 0.228132
vt 0.500233 0.779952
vt 0.494754 0.590033
vt 0.495079 0.565980
vt 0.492439 0.638849
vt 0.502646 0.358959
vt 0.534118 0.144329
vt 0.550711 0.143323
vt 0.533964 0.184902
vt 0.553369 0.183770
vt 0.533458 0.227114
vt 0.554917 0.225792
vt 0.561220 0.142811
vt 0.562727 0.183442
vt 0.562454 0.225497
vt 0.486083 0.779688
vt 0.491418 0.779883
vt 0.457960 0.587131
vt 0.461828 0.562156
vt 0.472313 0.564346
vt 0.468329 0.588472
vt 0.534899 0.357842
vt 0.525348 0.358123
vt 0.452860 0.634999
vt 0.464203 0.635886
vt 0.473271 0.779509
vt 0.440354 0.585303
vt 0.446164 0.560278
vt 0.432064 0.631699
vt 0.554936 0.356920
vt 0.496175 0.780013
vt 0.482929 0.565903
vt 0.482190 0.589733
vt 0.513407 0.358512
vt 0.479155 0.637127
vt 0.524666 0.144659
vt 0.524556 0.185505
vt 0.523981 0.227698
vt 0.801401 0.778180
vt 0.828487 0.540764
vt 0.843809 0.566766
vt 0.164740 0.357938
vt 0.857675 0.621426
vt 0.183734 0.140537
vt 0.180681 0.184484
vt 0.178233 0.227247
vt 0.805083 0.777604
vt 0.837452 0.539784
vt 0.848510 0.565950
vt 0.154633 0.357288
vt 0.861450 0.617515
vt 0.172510 0.139987
vt 0.168473 0.183657
vt 0.166780 0.226589
vt 0.194651 0.756673
vt 0.454961 0.779004
vt 0.151586 0.493842
vt 0.161371 0.470323
vt 0.416113 0.557591
vt 0.405282 0.579680
vt 0.853146 0.355513
vt 0.586756 0.364799
vt 0.136767 0.539617
vt 0.394266 0.621654
vt 0.162231 0.139669
vt 0.157938 0.182999
vt 0.156605 0.226013
vt 0.458924 0.779264
vt 0.419336 0.557083
vt 0.409963 0.580979
vt 0.576202 0.364765
vt 0.402292 0.624424
vt 0.850202 0.139139
vt 0.583755 0.141498
vt 0.850592 0.181476
vt 0.584790 0.183002
vt 0.847386 0.223879
vt 0.583326 0.225235
vt 0.463612 0.779392
vt 0.429005 0.555254
vt 0.423810 0.582181
vt 0.564476 0.356610
vt 0.417518 0.630451
vt 0.573077 0.142138
vt 0.574377 0.183120
vt 0.572717 0.225140
vt 0.761564 0.795110
vt 0.500650 0.794911
vt 0.489907 0.795347
vt 0.484175 0.794895
vt 0.472224 0.794491
vt 0.495649 0.795385
vt 0.453957 0.792753
vt 0.192985 0.770288
vt 0.459162 0.793494
vt 0.465075 0.794075
vt 0.782155 0.545742
vt 0.800948 0.542199
vt 0.808668 0.541330
vt 0.774301 0.549092
vt 0.765525 0.551761
vt 0.757269 0.552796
vt 0.489310 0.551069
vt 0.462319 0.551861
vt 0.471105 0.552854
vt 0.446318 0.551136
vt 0.480589 0.552788
vt 0.814672 0.538321
vt 0.816475 0.533925
vt 0.175273 0.455722
vt 0.421906 0.542471
vt 0.428457 0.549275
vt 0.436911 0.551692
vt 0.828070 0.631004
vt 0.806179 0.638875
vt 0.837130 0.630530
vt 0.794169 0.641252
vt 0.779223 0.644018
vt 0.764721 0.646189
vt 0.492460 0.645430
vt 0.463855 0.642476
vt 0.452005 0.641665
vt 0.429825 0.637395
vt 0.478451 0.644001
vt 0.849609 0.626658
vt 0.859129 0.624012
vt 0.391959 0.628489
vt 0.135693 0.546505
vt 0.404923 0.630913
vt 0.419805 0.632301
vt 0.791511 0.793333
vt 0.777757 0.794316
vt 0.797275 0.792808
vt 0.772023 0.794872
vt 0.766299 0.795212
vt 0.803170 0.791733
vt 0.808240 0.790741
vn -0.008276 -0.055157 0.998443
vn -0.007745 -0.132532 0.991149
vn 0.008332 -0.131990 0.991216
vn 0.009179 -0.054518 0.998471
vn -0.011693 -0.614708 0.788668
vn -0.011913 -0.614669 0.788695
vn 0.004668 -0.616715 0.787173
vn 0.003315 -0.616633 0.787244
vn -0.010698 -0.937216 0.348586
vn -0.013078 -0.996253 0.085494
vn 0.010905 -0.996309 0.085142
vn 0.006398 -0.938410 0.345464
vn -0.995911 -0.079104 0.043628
vn -0.969832 -0.076474 0.231467
vn -0.968047 0.089545 0.234236
vn -0.995558 0.077502 0.053453
vn -0.740135 -0.056191 0.670106
vn -0.740018 -0.057426 0.670131
vn -0.743326 0.099029 0.661559
vn -0.743081 0.103385 0.661167
vn -0.275060 -0.052744 0.959979
vn -0.008276 -0.055157 0.998443
vn -0.008852 0.139242 0.990219
vn -0.289717 0.134755 0.947579
vn 0.009179 -0.054518 0.998471
vn 0.286858 -0.048856 0.956727
vn 0.295347 0.110044 0.949031
vn 0.009975 0.137704 0.990423
vn 0.754870 -0.057148 0.653379
vn 0.877871 -0.065764 0.474360
vn 0.885005 0.080946 0.458492
vn 0.764049 0.082354 0.639880
vn 0.877871 -0.065764 0.474360
vn 0.995977 -0.080515 0.039346
vn 0.996756 0.065794 0.046360
vn 0.885005 0.080946 0.458492
vn -0.016213 0.980431 0.196196
vn -0.016145 0.754063 0.656603
vn 0.008508 0.753933 0.656896
vn 0.012739 0.981053 0.193322
vn -0.016145 0.754063 0.656603
vn -0.011510 0.408438 0.912714
vn 0.007894 0.403655 0.914877
vn 0.008508 0.753933 0.656896
vn -0.011510 0.408438 0.912714
vn -0.008852 0.139242 0.990219
vn 0.009975 0.137704 0.990423
vn 0.007894 0.403655 0.914877
vn -0.124885 0.042226 -0.991272
vn -0.107971 0.273376 -0.955828
vn -0.004071 0.270597 -0.962684
vn -0.000472 0.041979 -0.999118
vn -0.107971 0.273376 -0.955828
vn -0.097678 0.499392 -0.860852
vn -0.001932 0.558677 -0.829383
vn -0.004071 0.270597 -0.962684
vn -0.097678 0.499392 -0.860852
vn -0.008840 0.999794 -0.018258
vn 0.005125 0.999903 0.012976
vn -0.001932 0.558677 -0.829383
vn -0.000472 0.041979 -0.999118
vn 0.546148 0.037083 -0.836868
vn 0.559475 -0.057327 -0.826863
vn 0.003589 -0.073789 -0.997267
vn 0.546148 0.037083 -0.836868
vn 0.881462 0.048239 -0.469784
vn 0.892620 -0.045718 -0.448486
vn 0.559475 -0.057327 -0.826863
vn 0.881462 0.048239 -0.469784
vn 0.996733 0.077277 -0.023467
vn 0.998595 -0.039689 -0.035104
vn 0.892620 -0.045718 -0.448486
vn -0.006923 -0.997369 -0.072156
vn -0.091866 -0.719676 -0.688206
vn 0.002392 -0.774305 -0.632808
vn 0.005705 -0.998448 -0.055396
vn -0.091866 -0.719676 -0.688206
vn -0.069068 -0.226198 -0.971630
vn 0.002817 -0.248085 -0.968734
vn 0.002392 -0.774305 -0.632808
vn -0.069068 -0.226198 -0.971630
vn -0.089297 -0.079036 -0.992864
vn 0.003589 -0.073789 -0.997267
vn 0.002817 -0.248085 -0.968734
vn -0.008276 -0.055157 0.998443
vn 0.009179 -0.054518 0.998471
vn 0.009975 0.137704 0.990423
vn -0.008852 0.139242 0.990219
vn -0.124885 0.042226 -0.991272
vn -0.000472 0.041979 -0.999118
vn 0.003589 -0.073789 -0.997267
vn -0.089297 -0.079036 -0.992864
vn -0.969832 -0.076474 0.231467
vn -0.995911 -0.079104 0.043628
vn -0.984112 -0.170556 0.049345
vn -0.960341 -0.154141 0.232348
vn -0.786005 -0.365777 0.498402
vn -0.830550 -0.554097 0.056250
vn -0.830481 -0.553977 0.058402
vn -0.784497 -0.502747 0.363057
vn -0.364578 -0.928281 0.073324
vn -0.013078 -0.996253 0.085494
vn -0.010698 -0.937216 0.348586
vn -0.340737 -0.879569 0.332050
vn -0.289284 -0.540113 0.790312
vn -0.011913 -0.614669 0.788695
vn -0.011693 -0.614708 0.788668
vn -0.289284 -0.540113 0.790312
vn -0.007745 -0.132532 0.991149
vn -0.008276 -0.055157 0.998443
vn -0.275060 -0.052744 0.959979
vn -0.268413 -0.134003 0.953938
vn -0.721035 -0.200333 0.663307
vn -0.740018 -0.057426 0.670131
vn -0.740135 -0.056191 0.670106
vn -0.786005 -0.365777 0.498402
vn -0.786005 -0.365777 0.498402
vn -0.784497 -0.502747 0.363057
vn -0.721035 -0.200333 0.663307
vn 0.006398 -0.938410 0.345464
vn 0.010905 -0.996309 0.085142
vn 0.308846 -0.949491 0.055510
vn 0.241464 -0.944089 0.224479
vn 0.597646 -0.611913 0.518055
vn 0.831007 -0.555192 0.034496
vn 0.831725 -0.554445 0.028715
vn 0.813655 -0.361608 0.455199
vn 0.985702 -0.161347 0.048568
vn 0.995977 -0.080515 0.039346
vn 0.877871 -0.065764 0.474360
vn 0.968668 -0.136999 0.207157
vn 0.813655 -0.361608 0.455199
vn 0.877871 -0.065764 0.474360
vn 0.754870 -0.057148 0.653379
vn 0.564023 -0.375716 0.735334
vn 0.286858 -0.048856 0.956727
vn 0.009179 -0.054518 0.998471
vn 0.008332 -0.131990 0.991216
vn 0.280032 -0.115568 0.953009
vn 0.564023 -0.375716 0.735334
vn 0.003315 -0.616633 0.787244
vn 0.004668 -0.616715 0.787173
vn 0.597646 -0.611913 0.518055
vn 0.597646 -0.611913 0.518055
vn 0.813655 -0.361608 0.455199
vn 0.564023 -0.375716 0.735334
vn -0.016145 0.754063 0.656603
vn -0.016213 0.980431 0.196196
vn -0.422733 0.882879 0.204505
vn -0.458545 0.629224 0.627546
vn -0.796062 0.443736 0.411563
vn -0.866229 0.484750 0.121095
vn -0.865404 0.483824 0.130345
vn -0.785012 0.343337 0.515632
vn -0.979238 0.187557 0.076910
vn -0.995558 0.077502 0.053453
vn -0.968047 0.089545 0.234236
vn -0.954866 0.177218 0.238378
vn -0.785012 0.343337 0.515632
vn -0.743081 0.103385 0.661167
vn -0.743326 0.099029 0.661559
vn -0.728328 0.233119 0.644356
vn -0.289717 0.134755 0.947579
vn -0.008852 0.139242 0.990219
vn -0.011510 0.408438 0.912714
vn -0.371406 0.375540 0.849133
vn -0.371406 0.375540 0.849133
vn -0.011510 0.408438 0.912714
vn -0.016145 0.754063 0.656603
vn -0.458545 0.629224 0.627546
vn -0.796062 0.443736 0.411563
vn -0.785012 0.343337 0.515632
vn -0.728328 0.233119 0.644356
vn 0.885005 0.080946 0.458492
vn 0.996756 0.065794 0.046360
vn 0.987786 0.144730 0.057729
vn 0.866726 0.289593 0.406106
vn 0.866726 0.289593 0.406106
vn 0.825516 0.554546 0.104894
vn 0.635390 0.760152 0.135826
vn 0.533064 0.699659 0.475732
vn 0.635390 0.760152 0.135826
vn 0.012739 0.981053 0.193322
vn 0.008508 0.753933 0.656896
vn 0.533064 0.699659 0.475732
vn 0.533064 0.699659 0.475732
vn 0.008508 0.753933 0.656896
vn 0.007894 0.403655 0.914877
vn 0.515408 0.328485 0.791487
vn 0.007894 0.403655 0.914877
vn 0.009975 0.137704 0.990423
vn 0.295347 0.110044 0.949031
vn 0.515408 0.328485 0.791487
vn 0.515408 0.328485 0.791487
vn 0.764049 0.082354 0.639880
vn 0.885005 0.080946 0.458492
vn 0.866726 0.289593 0.406106
vn 0.866726 0.289593 0.406106
vn 0.533064 0.699659 0.475732
vn 0.515408 0.328485 0.791487
vn -0.001932 0.558677 -0.829383
vn 0.005125 0.999903 0.012976
vn 0.665282 0.746257 0.022395
vn 0.505096 0.664044 -0.551293
vn 0.505096 0.664044 -0.551293
vn 0.665282 0.746257 0.022395
vn 0.934009 0.357141 -0.008823
vn 0.846348 0.270322 -0.458935
vn 0.934009 0.357141 -0.008823
vn 0.996733 0.077277 -0.023467
vn 0.881462 0.048239 -0.469784
vn 0.846348 0.270322 -0.458935
vn 0.846348 0.270322 -0.458935
vn 0.881462 0.048239 -0.469784
vn 0.546148 0.037083 -0.836868
vn 0.473213 0.298412 -0.828866
vn 0.546148 0.037083 -0.836868
vn -0.000472 0.041979 -0.999118
vn -0.004071 0.270597 -0.962684
vn 0.473213 0.298412 -0.828866
vn 0.473213 0.298412 -0.828866
vn -0.004071 0.270597 -0.962684
vn -0.001932 0.558677 -0.829383
vn 0.505096 0.664044 -0.551293
vn 0.505096 0.664044 -0.551293
vn 0.846348 0.270322 -0.458935
vn 0.473213 0.298412 -0.828866
vn 0.892620 -0.045718 -0.448486
vn 0.998595 -0.039689 -0.035104
vn 0.980459 -0.193938 -0.032986
vn 0.897450 -0.125982 -0.422743
vn 0.897450 -0.125982 -0.422743
vn 0.980459 -0.193938 -0.032986
vn 0.692561 -0.720609 -0.032887
vn 0.539503 -0.706476 -0.458069
vn 0.692561 -0.720609 -0.032887
vn 0.005705 -0.998448 -0.055396
vn 0.002392 -0.774305 -0.632808
vn 0.539503 -0.706476 -0.458069
vn 0.539503 -0.706476 -0.458069
vn 0.002392 -0.774305 -0.632808
vn 0.002817 -0.248085 -0.968734
vn 0.525101 -0.145837 -0.838451
vn 0.002817 -0.248085 -0.968734
vn 0.003589 -0.073789 -0.997267
vn 0.559475 -0.057327 -0.826863
vn 0.525101 -0.145837 -0.838451
vn 0.525101 -0.145837 -0.838451
vn 0.559475 -0.057327 -0.826863
vn 0.892620 -0.045718 -0.448486
vn 0.897450 -0.125982 -0.422743
vn 0.897450 -0.125982 -0.422743
vn 0.539503 -0.706476 -0.458069
vn 0.525101 -0.145837 -0.838451
vn -0.997781 0.054538 0.038203
vn -0.996289 0.059228 0.062459
vn -0.996379 -0.057183 0.062924
vn -0.997401 -0.061817 0.037016
vn -0.996289 0.059228 0.062459
vn -0.997781 0.054538 0.038203
vn -0.911362 0.410251 0.033371
vn -0.980476 0.187750 0.058449
vn -0.814523 0.579089 0.034753
vn -0.911362 0.410251 0.033371
vn -0.820230 0.571295 0.029068
vn -0.814787 0.578705 0.034952
vn -0.352856 0.935613 -0.011022
vn -0.359115 0.933240 0.010018
vn -0.012593 0.999912 -0.004257
vn -0.013390 0.999250 -0.036323
vn -0.013390 0.999250 -0.036323
vn -0.012593 0.999912 -0.004257
vn 0.011373 0.999927 -0.003988
vn 0.012841 0.999173 -0.038570
vn 0.996332 0.056710 -0.064077
vn 0.997865 0.053208 -0.037883
vn 0.995545 -0.086999 -0.036348
vn 0.995250 -0.075078 -0.061976
vn 0.997865 0.053208 -0.037883
vn 0.996332 0.056710 -0.064077
vn 0.908782 0.411640 -0.068323
vn 0.917051 0.396259 -0.044682
vn 0.917051 0.396259 -0.044682
vn 0.908782 0.411640 -0.068323
vn 0.813718 0.577279 -0.067914
vn 0.825056 0.563116 -0.046715
vn 0.301040 0.953071 -0.032111
vn 0.352126 0.934300 -0.055588
vn 0.012841 0.999173 -0.038570
vn 0.011373 0.999927 -0.003988
vn -0.997401 -0.061817 0.037016
vn -0.996379 -0.057183 0.062924
vn -0.975446 -0.212430 0.058127
vn -0.976940 -0.210613 0.035067
vn -0.841728 -0.539036 0.030551
vn -0.838407 -0.543439 0.041819
vn -0.838685 -0.543014 0.041753
vn -0.841670 -0.539139 0.030341
vn -0.356880 -0.934057 0.013177
vn -0.349844 -0.936792 -0.005409
vn -0.010480 -0.999785 -0.017886
vn -0.009177 -0.999947 -0.004638
vn -0.009177 -0.999947 -0.004638
vn -0.010480 -0.999785 -0.017886
vn 0.015647 -0.999684 -0.019696
vn 0.018884 -0.999812 -0.004299
vn 0.018884 -0.999812 -0.004299
vn 0.015647 -0.999684 -0.019696
vn 0.626684 -0.778420 -0.036451
vn 0.655121 -0.755246 -0.020499
vn 0.655121 -0.755246 -0.020499
vn 0.626684 -0.778420 -0.036451
vn 0.831230 -0.554196 -0.043856
vn 0.838508 -0.544208 -0.027239
vn 0.947070 -0.318902 -0.036868
vn 0.963680 -0.260941 -0.056834
vn 0.995250 -0.075078 -0.061976
vn 0.995545 -0.086999 -0.036348
vn -0.995558 0.077502 0.053453
vn -0.979238 0.187557 0.076910
vn -0.976531 0.191750 0.098082
vn -0.992827 0.086672 0.082355
vn -0.865404 0.483824 0.130345
vn -0.866229 0.484750 0.121095
vn -0.851089 0.511002 0.120520
vn -0.853852 0.507801 0.114342
vn -0.422733 0.882879 0.204505
vn -0.016213 0.980431 0.196196
vn -0.013483 0.992532 0.121241
vn -0.383639 0.913718 0.133940
vn 0.996733 0.077277 -0.023467
vn 0.934009 0.357141 -0.008823
vn 0.937150 0.346584 0.040361
vn 0.997526 0.062566 0.032068
vn 0.934009 0.357141 -0.008823
vn 0.665282 0.746257 0.022395
vn 0.668605 0.741614 0.054559
vn 0.937150 0.346584 0.040361
vn 0.665282 0.746257 0.022395
vn 0.005125 0.999903 0.012976
vn 0.005640 0.998563 0.053286
vn 0.668605 0.741614 0.054559
vn 0.005705 -0.998448 -0.055396
vn 0.692561 -0.720609 -0.032887
vn 0.679630 -0.733375 0.016283
vn 0.005569 -0.999985 0.000391
vn 0.692561 -0.720609 -0.032887
vn 0.980459 -0.193938 -0.032986
vn 0.976247 -0.215816 0.019128
vn 0.679630 -0.733375 0.016283
vn 0.980459 -0.193938 -0.032986
vn 0.998595 -0.039689 -0.035104
vn 0.998713 -0.044726 0.023902
vn 0.976247 -0.215816 0.019128
vn -0.016213 0.980431 0.196196
vn 0.012739 0.981053 0.193322
vn 0.014806 0.992576 0.120725
vn -0.013483 0.992532 0.121241
vn -0.013325 -0.999888 -0.006767
vn 0.012446 -0.999902 -0.006425
vn 0.010905 -0.996309 0.085142
vn -0.013078 -0.996253 0.085494
vn 0.995977 -0.080515 0.039346
vn 0.995155 -0.076560 -0.061692
vn 0.996147 0.071453 -0.050858
vn 0.996756 0.065794 0.046360
vn -0.992827 0.086672 0.082355
vn -0.995313 -0.073066 0.063360
vn -0.995911 -0.079104 0.043628
vn -0.995558 0.077502 0.053453
vn -0.089297 -0.079036 -0.992864
vn -0.997732 -0.061327 -0.027733
vn -0.997510 0.060821 -0.035717
vn -0.124885 0.042226 -0.991272
vn -0.006923 -0.997369 -0.072156
vn 0.005705 -0.998448 -0.055396
vn 0.005569 -0.999985 0.000391
vn -0.005285 -0.999986 0.000099
vn 0.997526 0.062566 0.032068
vn 0.998713 -0.044726 0.023902
vn 0.998595 -0.039689 -0.035104
vn 0.996733 0.077277 -0.023467
vn -0.006108 0.998656 0.051474
vn 0.005640 0.998563 0.053286
vn 0.005125 0.999903 0.012976
vn -0.008840 0.999794 -0.018258
vn -0.091866 -0.719676 -0.688206
vn -0.006923 -0.997369 -0.072156
vn -0.005285 -0.999986 0.000099
vn -0.785180 -0.618957 -0.019628
vn -0.089297 -0.079036 -0.992864
vn -0.069068 -0.226198 -0.971630
vn -0.959709 -0.280085 -0.022584
vn -0.997732 -0.061327 -0.027733
vn -0.069068 -0.226198 -0.971630
vn -0.091866 -0.719676 -0.688206
vn -0.785180 -0.618957 -0.019628
vn -0.959709 -0.280085 -0.022584
vn -0.008840 0.999794 -0.018258
vn -0.097678 0.499392 -0.860852
vn -0.834902 0.550260 -0.012342
vn -0.006108 0.998656 0.051474
vn -0.097678 0.499392 -0.860852
vn -0.107971 0.273376 -0.955828
vn -0.964221 0.262578 -0.036490
vn -0.834902 0.550260 -0.012342
vn -0.107971 0.273376 -0.955828
vn -0.124885 0.042226 -0.991272
vn -0.997510 0.060821 -0.035717
vn -0.964221 0.262578 -0.036490
vn 0.012739 0.981053 0.193322
vn 0.635390 0.760152 0.135826
vn 0.643762 0.763040 0.057798
vn 0.014806 0.992576 0.120725
vn 0.635390 0.760152 0.135826
vn 0.825516 0.554546 0.104894
vn 0.827729 0.560393 0.028715
vn 0.643762 0.763040 0.057798
vn 0.987786 0.144730 0.057729
vn 0.996756 0.065794 0.046360
vn 0.996147 0.071453 -0.050858
vn 0.987093 0.156448 -0.034222
vn -0.013078 -0.996253 0.085494
vn -0.364578 -0.928281 0.073324
vn -0.365214 -0.930912 0.004666
vn -0.013325 -0.999888 -0.006767
vn -0.830481 -0.553977 0.058402
vn -0.830550 -0.554097 0.056250
vn -0.827395 -0.560299 0.038494
vn -0.827533 -0.560181 0.037234
vn -0.984112 -0.170556 0.049345
vn -0.995911 -0.079104 0.043628
vn -0.995313 -0.073066 0.063360
vn -0.982862 -0.176403 0.053526
vn 0.995977 -0.080515 0.039346
vn 0.985702 -0.161347 0.048568
vn 0.984028 -0.168691 -0.056852
vn 0.995155 -0.076560 -0.061692
vn 0.831725 -0.554445 0.028715
vn 0.831007 -0.555192 0.034496
vn 0.633037 -0.773479 -0.031543
vn 0.832261 -0.552741 -0.042661
vn 0.308846 -0.949491 0.055510
vn 0.010905 -0.996309 0.085142
vn 0.012446 -0.999902 -0.006425
vn 0.633037 -0.773479 -0.031543
vn -0.991232 0.055097 -0.120096
vn -0.997510 0.060821 -0.035717
vn -0.997732 -0.061327 -0.027733
vn -0.991096 -0.059969 -0.118881
vn -0.997102 0.059153 -0.047840
vn -0.980559 0.054769 -0.188428
vn -0.871666 -0.462871 -0.161086
vn -0.892406 -0.449647 -0.037812
vn -0.996289 0.059228 0.062459
vn -0.996536 0.063144 0.054126
vn -0.996744 -0.058444 0.055544
vn -0.996379 -0.057183 0.062924
vn -0.998137 0.059260 0.014490
vn -0.997102 0.059153 -0.047840
vn -0.892406 -0.449647 -0.037812
vn -0.888956 -0.457739 0.015229
vn -0.991096 -0.059969 -0.118881
vn -0.997732 -0.061327 -0.027733
vn -0.959709 -0.280085 -0.022584
vn -0.944793 -0.310988 -0.103213
vn -0.892406 -0.449647 -0.037812
vn -0.871666 -0.462871 -0.161086
vn -0.595067 -0.795463 -0.114603
vn -0.582559 -0.812290 -0.028450
vn -0.996379 -0.057183 0.062924
vn -0.996744 -0.058444 0.055544
vn -0.976179 -0.210190 0.053809
vn -0.975446 -0.212430 0.058127
vn -0.888956 -0.457739 0.015229
vn -0.892406 -0.449647 -0.037812
vn -0.582559 -0.812290 -0.028450
vn -0.575031 -0.818037 0.012461
vn -0.996783 0.066957 0.044054
vn -0.992827 0.086672 0.082355
vn -0.976531 0.191750 0.098082
vn -0.910109 0.409756 0.061655
vn -0.997306 0.059924 -0.042315
vn -0.996783 0.066957 0.044054
vn -0.910109 0.409756 0.061655
vn -0.910621 0.412370 -0.026857
vn -0.997781 0.054538 0.038203
vn -0.997611 0.055574 -0.041043
vn -0.909928 0.413848 -0.027600
vn -0.911362 0.410251 0.033371
vn -0.997611 0.055574 -0.041043
vn -0.997306 0.059924 -0.042315
vn -0.910621 0.412370 -0.026857
vn -0.909928 0.413848 -0.027600
vn -0.992827 0.086672 0.082355
vn -0.996783 0.066957 0.044054
vn -0.997029 -0.062996 0.044331
vn -0.995313 -0.073066 0.063360
vn -0.996783 0.066957 0.044054
vn -0.997306 0.059924 -0.042315
vn -0.996952 -0.065691 -0.042081
vn -0.997029 -0.062996 0.044331
vn -0.997306 0.059924 -0.042315
vn -0.997611 0.055574 -0.041043
vn -0.997248 -0.060338 -0.043076
vn -0.996952 -0.065691 -0.042081
vn -0.997611 0.055574 -0.041043
vn -0.997781 0.054538 0.038203
vn -0.997401 -0.061817 0.037016
vn -0.997248 -0.060338 -0.043076
vn -0.910109 0.409756 0.061655
vn -0.853852 0.507801 0.114342
vn -0.851089 0.511002 0.120520
vn -0.818011 0.571472 0.065400
vn -0.910621 0.412370 -0.026857
vn -0.910109 0.409756 0.061655
vn -0.818011 0.571472 0.065400
vn -0.813881 0.580736 -0.018550
vn -0.911362 0.410251 0.033371
vn -0.909928 0.413848 -0.027600
vn -0.816477 0.577108 -0.017655
vn -0.820230 0.571295 0.029068
vn -0.909928 0.413848 -0.027600
vn -0.910621 0.412370 -0.026857
vn -0.813881 0.580736 -0.018550
vn -0.816477 0.577108 -0.017655
vn -0.997510 0.060821 -0.035717
vn -0.991232 0.055097 -0.120096
vn -0.931318 0.343363 -0.121441
vn -0.964221 0.262578 -0.036490
vn -0.980559 0.054769 -0.188428
vn -0.997102 0.059153 -0.047840
vn -0.980269 0.190213 -0.053769
vn -0.960604 0.187287 -0.205336
vn -0.997102 0.059153 -0.047840
vn -0.998137 0.059260 0.014490
vn -0.981667 0.190088 0.014046
vn -0.980269 0.190213 -0.053769
vn -0.996536 0.063144 0.054126
vn -0.996289 0.059228 0.062459
vn -0.980476 0.187750 0.058449
vn -0.979979 0.192804 0.049685
vn -0.355402 0.932447 0.065053
vn -0.383639 0.913718 0.133940
vn -0.013483 0.992532 0.121241
vn -0.013625 0.998915 0.044526
vn -0.351987 0.935942 0.010889
vn -0.355402 0.932447 0.065053
vn -0.013625 0.998915 0.044526
vn -0.012870 0.999575 0.026159
vn -0.359115 0.933240 0.010018
vn -0.354021 0.935087 0.016763
vn -0.011954 0.999188 0.038466
vn -0.012593 0.999912 -0.004257
vn -0.354021 0.935087 0.016763
vn -0.351987 0.935942 0.010889
vn -0.012870 0.999575 0.026159
vn -0.011954 0.999188 0.038466
vn -0.964221 0.262578 -0.036490
vn -0.931318 0.343363 -0.121441
vn -0.704234 0.700453 -0.115849
vn -0.834902 0.550260 -0.012342
vn -0.751491 0.610282 -0.250633
vn -0.798234 0.597289 -0.077900
vn -0.799319 0.596546 -0.072261
vn -0.751491 0.610282 -0.250633
vn -0.798234 0.597289 -0.077900
vn -0.810797 0.585328 -0.000177
vn -0.810797 0.585328 -0.000177
vn -0.799319 0.596546 -0.072261
vn -0.806954 0.589896 0.029119
vn -0.814523 0.579089 0.034753
vn -0.814787 0.578705 0.034952
vn -0.806954 0.589896 0.029119
vn -0.013625 0.998915 0.044526
vn -0.013483 0.992532 0.121241
vn 0.014806 0.992576 0.120725
vn 0.012872 0.998857 0.046036
vn -0.012870 0.999575 0.026159
vn -0.013625 0.998915 0.044526
vn 0.012872 0.998857 0.046036
vn 0.010634 0.999556 0.027848
vn -0.012593 0.999912 -0.004257
vn -0.011954 0.999188 0.038466
vn 0.008590 0.999165 0.039940
vn 0.011373 0.999927 -0.003988
vn -0.011954 0.999188 0.038466
vn -0.012870 0.999575 0.026159
vn 0.010634 0.999556 0.027848
vn 0.008590 0.999165 0.039940
vn -0.834902 0.550260 -0.012342
vn -0.704234 0.700453 -0.115849
vn -0.005961 0.996577 -0.082452
vn -0.006108 0.998656 0.051474
vn -0.323936 0.901935 -0.285619
vn -0.342569 0.933527 -0.105709
vn -0.019181 0.996723 -0.078583
vn -0.019917 0.980250 -0.196759
vn -0.342569 0.933527 -0.105709
vn -0.347455 0.937539 -0.017180
vn -0.016550 0.999570 -0.024202
vn -0.019181 0.996723 -0.078583
vn -0.344154 0.938891 -0.006409
vn -0.352856 0.935613 -0.011022
vn -0.013390 0.999250 -0.036323
vn -0.013563 0.999554 -0.026612
vn 0.012872 0.998857 0.046036
vn 0.014806 0.992576 0.120725
vn 0.643762 0.763040 0.057798
vn 0.612602 0.790378 0.004564
vn 0.010634 0.999556 0.027848
vn 0.012872 0.998857 0.046036
vn 0.612602 0.790378 0.004564
vn 0.598242 0.798641 0.065412
vn 0.011373 0.999927 -0.003988
vn 0.008590 0.999165 0.039940
vn 0.215331 0.975356 0.048102
vn 0.301040 0.953071 -0.032111
vn 0.008590 0.999165 0.039940
vn 0.010634 0.999556 0.027848
vn 0.598242 0.798641 0.065412
vn 0.215331 0.975356 0.048102
vn -0.006108 0.998656 0.051474
vn -0.005961 0.996577 -0.082452
vn 0.005312 0.996803 -0.079726
vn 0.005640 0.998563 0.053286
vn -0.019917 0.980250 -0.196759
vn -0.019181 0.996723 -0.078583
vn 0.015519 0.996787 -0.078581
vn 0.012093 0.981672 -0.190194
vn -0.019181 0.996723 -0.078583
vn -0.016550 0.999570 -0.024202
vn 0.016099 0.999576 -0.024249
vn 0.015519 0.996787 -0.078581
vn -0.013563 0.999554 -0.026612
vn -0.013390 0.999250 -0.036323
vn 0.012841 0.999173 -0.038570
vn 0.011967 0.999535 -0.028048
vn 0.997099 0.064550 -0.040331
vn 0.996147 0.071453 -0.050858
vn 0.995155 -0.076560 -0.061692
vn 0.996873 -0.064886 -0.045104
vn 0.996814 0.061947 0.050241
vn 0.997099 0.064550 -0.040331
vn 0.996873 -0.064886 -0.045104
vn 0.997070 -0.061173 0.045935
vn 0.997865 0.053208 -0.037883
vn 0.997361 0.059657 0.041369
vn 0.996750 -0.069282 0.041099
vn 0.995545 -0.086999 -0.036348
vn 0.997361 0.059657 0.041369
vn 0.996814 0.061947 0.050241
vn 0.997070 -0.061173 0.045935
vn 0.996750 -0.069282 0.041099
vn 0.996873 -0.064886 -0.045104
vn 0.995155 -0.076560 -0.061692
vn 0.984028 -0.168691 -0.056852
vn 0.983283 -0.176435 -0.045010
vn 0.997070 -0.061173 0.045935
vn 0.996873 -0.064886 -0.045104
vn 0.983283 -0.176435 -0.045010
vn 0.980606 -0.191361 0.042330
vn 0.995545 -0.086999 -0.036348
vn 0.996750 -0.069282 0.041099
vn 0.963503 -0.264341 0.042255
vn 0.947070 -0.318902 -0.036868
vn 0.996750 -0.069282 0.041099
vn 0.997070 -0.061173 0.045935
vn 0.980606 -0.191361 0.042330
vn 0.963503 -0.264341 0.042255
vn 0.994824 0.058994 -0.082734
vn 0.997526 0.062566 0.032068
vn 0.937150 0.346584 0.040361
vn 0.923332 0.374790 -0.083612
vn 0.997291 0.068715 -0.026241
vn 0.991142 0.066627 -0.114888
vn 0.909624 0.399253 -0.114810
vn 0.909721 0.413856 -0.033636
vn 0.996332 0.056710 -0.064077
vn 0.996556 0.059540 -0.057712
vn 0.903950 0.423056 -0.062433
vn 0.908782 0.411640 -0.068323
vn 0.997419 0.069847 0.016640
vn 0.997291 0.068715 -0.026241
vn 0.909721 0.413856 -0.033636
vn 0.904820 0.425771 0.004544
vn 0.997526 0.062566 0.032068
vn 0.994824 0.058994 -0.082734
vn 0.995694 -0.051667 -0.076970
vn 0.998713 -0.044726 0.023902
vn 0.991142 0.066627 -0.114888
vn 0.997291 0.068715 -0.026241
vn 0.929065 -0.368029 -0.037320
vn 0.908085 -0.402397 -0.116007
vn 0.997291 0.068715 -0.026241
vn 0.997419 0.069847 0.016640
vn 0.935438 -0.353490 0.000395
vn 0.929065 -0.368029 -0.037320
vn 0.996556 0.059540 -0.057712
vn 0.996332 0.056710 -0.064077
vn 0.995250 -0.075078 -0.061976
vn 0.996511 -0.061886 -0.055996
vn 0.923332 0.374790 -0.083612
vn 0.937150 0.346584 0.040361
vn 0.668605 0.741614 0.054559
vn 0.634723 0.767209 -0.092288
vn 0.909721 0.413856 -0.033636
vn 0.909624 0.399253 -0.114810
vn 0.816866 0.566440 -0.108977
vn 0.814980 0.578465 -0.034437
vn 0.908782 0.411640 -0.068323
vn 0.903950 0.423056 -0.062433
vn 0.806362 0.588223 -0.061443
vn 0.813718 0.577279 -0.067914
vn 0.904820 0.425771 0.004544
vn 0.909721 0.413856 -0.033636
vn 0.814980 0.578465 -0.034437
vn 0.812667 0.582727 -0.001441
vn 0.996147 0.071453 -0.050858
vn 0.997099 0.064550 -0.040331
vn 0.908223 0.417759 -0.024678
vn 0.987093 0.156448 -0.034222
vn 0.997099 0.064550 -0.040331
vn 0.996814 0.061947 0.050241
vn 0.909843 0.410007 0.063874
vn 0.908223 0.417759 -0.024678
vn 0.996814 0.061947 0.050241
vn 0.997361 0.059657 0.041369
vn 0.913783 0.403126 0.049895
vn 0.909843 0.410007 0.063874
vn 0.997361 0.059657 0.041369
vn 0.997865 0.053208 -0.037883
vn 0.917051 0.396259 -0.044682
vn 0.913783 0.403126 0.049895
vn 0.005640 0.998563 0.053286
vn 0.005312 0.996803 -0.079726
vn 0.634723 0.767209 -0.092288
vn 0.668605 0.741614 0.054559
vn 0.012093 0.981672 -0.190194
vn 0.015519 0.996787 -0.078581
vn 0.358597 0.931743 -0.057120
vn 0.373569 0.917563 -0.136103
vn 0.015519 0.996787 -0.078581
vn 0.016099 0.999576 -0.024249
vn 0.350323 0.936457 -0.017975
vn 0.358597 0.931743 -0.057120
vn 0.011967 0.999535 -0.028048
vn 0.012841 0.999173 -0.038570
vn 0.352126 0.934300 -0.055588
vn 0.344115 0.937844 -0.045106
vn 0.827729 0.560393 0.028715
vn 0.908223 0.417759 -0.024678
vn 0.612602 0.790378 0.004564
vn 0.643762 0.763040 0.057798
vn 0.908223 0.417759 -0.024678
vn 0.909843 0.410007 0.063874
vn 0.598242 0.798641 0.065412
vn 0.612602 0.790378 0.004564
vn 0.909843 0.410007 0.063874
vn 0.913783 0.403126 0.049895
vn 0.825509 0.562044 0.051387
vn 0.598242 0.798641 0.065412
vn 0.913783 0.403126 0.049895
vn 0.917051 0.396259 -0.044682
vn 0.825056 0.563116 -0.046715
vn 0.825509 0.562044 0.051387
vn -0.944793 -0.310988 -0.103213
vn -0.959709 -0.280085 -0.022584
vn -0.785180 -0.618957 -0.019628
vn -0.755328 -0.650660 -0.078239
vn -0.868047 -0.495420 -0.032467
vn -0.854715 -0.505381 -0.118544
vn -0.854715 -0.505381 -0.118544
vn -0.868500 -0.494869 -0.028492
vn -0.838407 -0.543439 0.041819
vn -0.828880 -0.557691 0.044032
vn -0.828880 -0.557690 0.044032
vn -0.838685 -0.543014 0.041753
vn -0.872150 -0.489140 0.009868
vn -0.868047 -0.495420 -0.032467
vn -0.868500 -0.494869 -0.028492
vn -0.872150 -0.489139 0.009868
vn -0.995313 -0.073066 0.063360
vn -0.997029 -0.062996 0.044331
vn -0.979628 -0.194310 0.050730
vn -0.982862 -0.176403 0.053526
vn -0.997029 -0.062996 0.044331
vn -0.996952 -0.065691 -0.042081
vn -0.978623 -0.202200 -0.037590
vn -0.979628 -0.194310 0.050730
vn -0.996952 -0.065691 -0.042081
vn -0.997248 -0.060338 -0.043076
vn -0.977759 -0.205533 -0.041760
vn -0.978623 -0.202200 -0.037590
vn -0.997248 -0.060338 -0.043076
vn -0.997401 -0.061817 0.037016
vn -0.976940 -0.210613 0.035067
vn -0.977759 -0.205533 -0.041760
vn -0.755328 -0.650660 -0.078239
vn -0.785180 -0.618957 -0.019628
vn -0.005285 -0.999986 0.000099
vn -0.005726 -0.999579 -0.028440
vn -0.989373 -0.143249 -0.024916
vn -0.996241 -0.036982 -0.078334
vn -0.022832 -0.999312 0.029214
vn -0.020584 -0.999525 0.022951
vn -0.349844 -0.936792 -0.005409
vn -0.339896 -0.940268 0.019164
vn -0.011805 -0.999930 0.000673
vn -0.010480 -0.999785 -0.017886
vn -0.971781 -0.234833 0.022255
vn -0.989373 -0.143249 -0.024916
vn -0.020584 -0.999525 0.022951
vn -0.022467 -0.999557 0.019514
vn -0.827395 -0.560299 0.038494
vn -0.829497 -0.556987 0.041231
vn -0.829352 -0.557129 0.042228
vn -0.827533 -0.560181 0.037234
vn -0.829497 -0.556987 0.041231
vn -0.829519 -0.557871 -0.026055
vn -0.829470 -0.557920 -0.026558
vn -0.829352 -0.557129 0.042228
vn -0.829519 -0.557871 -0.026055
vn -0.832002 -0.554144 -0.026412
vn -0.832090 -0.554039 -0.025841
vn -0.829470 -0.557920 -0.026558
vn -0.832002 -0.554144 -0.026412
vn -0.841728 -0.539036 0.030551
vn -0.841670 -0.539139 0.030341
vn -0.832090 -0.554039 -0.025841
vn -0.005726 -0.999579 -0.028440
vn -0.005285 -0.999986 0.000099
vn 0.005569 -0.999985 0.000391
vn 0.005178 -0.999608 -0.027506
vn -0.020584 -0.999525 0.022951
vn -0.022832 -0.999312 0.029214
vn 0.024669 -0.998905 0.039762
vn 0.015676 -0.999541 0.025931
vn -0.010480 -0.999785 -0.017886
vn -0.011805 -0.999930 0.000673
vn 0.013632 -0.999907 -0.000612
vn 0.015647 -0.999684 -0.019696
vn -0.022467 -0.999557 0.019514
vn -0.020584 -0.999525 0.022951
vn 0.015676 -0.999541 0.025931
vn 0.015812 -0.999704 0.018507
vn -0.365214 -0.930912 0.004666
vn -0.386731 -0.921280 0.041013
vn -0.015858 -0.999622 0.022475
vn -0.013325 -0.999888 -0.006767
vn -0.386731 -0.921280 0.041013
vn -0.392313 -0.919829 -0.002298
vn -0.014229 -0.999809 0.013395
vn -0.015858 -0.999622 0.022475
vn -0.392313 -0.919829 -0.002298
vn -0.373381 -0.927678 -0.000997
vn -0.011423 -0.999886 0.009874
vn -0.014229 -0.999809 0.013395
vn -0.373381 -0.927678 -0.000997
vn -0.356880 -0.934057 0.013177
vn -0.009177 -0.999947 -0.004638
vn -0.011423 -0.999886 0.009874
vn 0.005178 -0.999608 -0.027506
vn 0.005569 -0.999985 0.000391
vn 0.679630 -0.733375 0.016283
vn 0.637382 -0.769365 -0.042672
vn 0.015676 -0.999541 0.025931
vn 0.024669 -0.998905 0.039762
vn 0.952217 -0.229893 0.201080
vn 0.878529 -0.476734 0.030185
vn 0.015647 -0.999684 -0.019696
vn 0.013632 -0.999907 -0.000612
vn 0.539324 -0.841698 -0.025972
vn 0.626684 -0.778420 -0.036451
vn 0.015812 -0.999704 0.018507
vn 0.015676 -0.999541 0.025931
vn 0.878529 -0.476734 0.030185
vn 0.819209 -0.570520 -0.058343
vn -0.013325 -0.999888 -0.006767
vn -0.015858 -0.999622 0.022475
vn 0.011874 -0.999768 0.017983
vn 0.012446 -0.999902 -0.006425
vn -0.015858 -0.999622 0.022475
vn -0.014229 -0.999809 0.013395
vn 0.015260 -0.999798 0.013068
vn 0.011874 -0.999768 0.017983
vn -0.014229 -0.999809 0.013395
vn -0.011423 -0.999886 0.009874
vn 0.019616 -0.999738 0.011837
vn 0.015260 -0.999798 0.013068
vn -0.011423 -0.999886 0.009874
vn -0.009177 -0.999947 -0.004638
vn 0.018884 -0.999812 -0.004299
vn 0.019616 -0.999738 0.011837
vn 0.637382 -0.769365 -0.042672
vn 0.679630 -0.733375 0.016283
vn 0.976247 -0.215816 0.019128
vn 0.957578 -0.282480 -0.057002
vn 0.878529 -0.476734 0.030185
vn 0.952217 -0.229893 0.201080
vn 0.965502 -0.220165 0.139043
vn 0.892638 -0.450759 -0.003639
vn 0.626684 -0.778420 -0.036451
vn 0.539324 -0.841698 -0.025972
vn 0.814494 -0.578733 -0.040834
vn 0.831230 -0.554196 -0.043856
vn 0.819209 -0.570520 -0.058343
vn 0.878529 -0.476734 0.030185
vn 0.892638 -0.450759 -0.003639
vn 0.833783 -0.547505 -0.071024
vn 0.012446 -0.999902 -0.006425
vn 0.011874 -0.999768 0.017983
vn 0.613041 -0.789437 -0.031163
vn 0.633037 -0.773479 -0.031543
vn 0.011874 -0.999768 0.017983
vn 0.015260 -0.999798 0.013068
vn 0.620307 -0.783950 0.025327
vn 0.613041 -0.789437 -0.031163
vn 0.015260 -0.999798 0.013068
vn 0.019616 -0.999738 0.011837
vn 0.654756 -0.755379 0.026387
vn 0.620307 -0.783950 0.025327
vn 0.019616 -0.999738 0.011837
vn 0.018884 -0.999812 -0.004299
vn 0.655121 -0.755246 -0.020499
vn 0.654756 -0.755379 0.026387
vn 0.998713 -0.044726 0.023902
vn 0.995694 -0.051667 -0.076970
vn 0.957578 -0.282480 -0.057002
vn 0.976247 -0.215816 0.019128
vn 0.908085 -0.402397 -0.116007
vn 0.929065 -0.368029 -0.037320
vn 0.688023 -0.723841 -0.051750
vn 0.667571 -0.737937 -0.098984
vn 0.929065 -0.368029 -0.037320
vn 0.935438 -0.353490 0.000395
vn 0.699999 -0.713815 -0.021663
vn 0.688023 -0.723841 -0.051750
vn 0.996511 -0.061886 -0.055996
vn 0.995250 -0.075078 -0.061976
vn 0.963680 -0.260941 -0.056834
vn 0.979417 -0.194205 -0.055017
vn 0.633037 -0.773479 -0.031543
vn 0.613041 -0.789437 -0.031163
vn 0.817142 -0.574820 -0.043147
vn 0.832261 -0.552741 -0.042661
vn 0.613041 -0.789437 -0.031163
vn 0.620307 -0.783950 0.025327
vn 0.802785 -0.595489 0.030469
vn 0.817142 -0.574820 -0.043147
vn 0.620307 -0.783950 0.025327
vn 0.654756 -0.755379 0.026387
vn 0.814210 -0.579986 0.026036
vn 0.802785 -0.595489 0.030469
vn 0.654756 -0.755379 0.026387
vn 0.655121 -0.755246 -0.020499
vn 0.838508 -0.544208 -0.027239
vn 0.814210 -0.579986 0.026036
vn 0.005312 0.996803 -0.079726
vn -0.005961 0.996577 -0.082452
vn -0.006179 0.969685 -0.244280
vn 0.006139 0.969577 -0.244709
vn 0.994824 0.058994 -0.082734
vn 0.923332 0.374790 -0.083612
vn 0.883019 0.372919 -0.284973
vn 0.954714 0.049320 -0.293408
vn 0.995694 -0.051667 -0.076970
vn 0.994824 0.058994 -0.082734
vn 0.954714 0.049320 -0.293408
vn 0.954826 -0.058573 -0.291335
vn 0.923332 0.374790 -0.083612
vn 0.634723 0.767209 -0.092288
vn 0.607222 0.746044 -0.273312
vn 0.883019 0.372919 -0.284973
vn 0.634723 0.767209 -0.092288
vn 0.005312 0.996803 -0.079726
vn 0.006139 0.969577 -0.244709
vn 0.607222 0.746044 -0.273312
vn -0.005726 -0.999579 -0.028440
vn 0.005178 -0.999608 -0.027506
vn 0.006504 -0.996539 -0.082867
vn -0.006464 -0.996583 -0.082349
vn 0.005178 -0.999608 -0.027506
vn 0.637382 -0.769365 -0.042672
vn 0.634712 -0.756715 -0.156598
vn 0.006504 -0.996539 -0.082867
vn 0.637382 -0.769365 -0.042672
vn 0.957578 -0.282480 -0.057002
vn 0.922470 -0.287143 -0.258066
vn 0.634712 -0.756715 -0.156598
vn 0.957578 -0.282480 -0.057002
vn 0.995694 -0.051667 -0.076970
vn 0.954826 -0.058573 -0.291335
vn 0.922470 -0.287143 -0.258066
vn -0.173270 0.001023 -0.984874
vn -0.184908 -0.070422 -0.980229
vn -0.179739 -0.043924 -0.982733
vn -0.173292 0.000270 -0.984870
vn -0.184908 -0.070422 -0.980229
vn -0.234388 -0.198582 -0.951645
vn -0.237821 -0.199914 -0.950513
vn -0.179739 -0.043924 -0.982733
vn -0.158804 0.084070 -0.983724
vn -0.173270 0.001023 -0.984874
vn -0.173292 0.000270 -0.984870
vn -0.161224 0.074174 -0.984127
vn -0.108649 0.196862 -0.974393
vn -0.158804 0.084070 -0.983724
vn -0.161224 0.074174 -0.984127
vn -0.122539 0.174084 -0.977077
vn -0.002918 0.272478 -0.962158
vn -0.108649 0.196862 -0.974393
vn -0.122539 0.174084 -0.977077
vn -0.004445 0.272123 -0.962252
vn 0.005783 0.273267 -0.961921
vn -0.002918 0.272478 -0.962158
vn -0.004445 0.272123 -0.962252
vn 0.001857 0.273051 -0.961998
vn 0.460616 0.016247 -0.887451
vn 0.391848 0.132743 -0.910404
vn 0.370873 0.155707 -0.915537
vn 0.459077 0.022491 -0.888112
vn 0.521197 -0.153274 -0.839560
vn 0.460616 0.016247 -0.887451
vn 0.459077 0.022491 -0.888112
vn 0.510079 -0.121558 -0.851495
vn 0.391848 0.132743 -0.910404
vn 0.233252 0.241496 -0.941952
vn 0.206486 0.252090 -0.945417
vn 0.370873 0.155707 -0.915537
vn 0.233252 0.241496 -0.941952
vn 0.005783 0.273267 -0.961921
vn 0.001857 0.273051 -0.961998
vn 0.206486 0.252090 -0.945417
vn -0.234388 -0.198582 -0.951645
vn -0.271997 -0.198884 -0.941522
vn -0.252436 -0.171182 -0.952351
vn -0.237821 -0.199914 -0.950513
vn -0.271997 -0.198884 -0.941522
vn -0.001616 -0.215508 -0.976501
vn -0.000244 -0.215848 -0.976427
vn -0.252436 -0.171182 -0.952351
vn -0.001616 -0.215508 -0.976501
vn 0.003494 -0.215533 -0.976490
vn 0.002824 -0.215659 -0.976465
vn -0.000244 -0.215848 -0.976427
vn 0.003494 -0.215533 -0.976490
vn 0.660652 -0.138741 -0.737760
vn 0.303506 -0.161681 -0.939012
vn 0.002824 -0.215659 -0.976465
vn 0.660652 -0.138741 -0.737760
vn 0.645755 -0.367744 -0.669152
vn 0.868014 -0.198707 -0.455047
vn 0.303506 -0.161681 -0.939012
vn 0.645755 -0.367744 -0.669152
vn 0.521197 -0.153274 -0.839560
vn 0.510079 -0.121558 -0.851495
vn 0.868014 -0.198707 -0.455047
vn -0.002250 0.039932 0.999200
vn -0.002014 0.038290 0.999265
vn -0.002013 0.038298 0.999264
vn -0.001895 0.041558 0.999134
vn -0.009372 0.042962 0.999033
vn -0.002250 0.039932 0.999200
vn -0.001895 0.041558 0.999134
vn 0.007237 -0.002353 -0.999971
vn -0.002014 0.038290 0.999265
vn -0.003018 0.031862 0.999488
vn -0.003017 0.031851 0.999488
vn -0.002013 0.038298 0.999264
vn -0.003018 0.031862 0.999488
vn 0.002113 0.037240 0.999304
vn 0.002087 0.037226 0.999305
vn -0.003017 0.031851 0.999488
vn 0.002113 0.037240 0.999304
vn 0.000763 0.036736 0.999325
vn 0.000764 0.036737 0.999325
vn 0.002087 0.037226 0.999305
vn 0.000763 0.036736 0.999325
vn 0.001118 0.036286 0.999341
vn 0.001120 0.036284 0.999341
vn 0.000764 0.036737 0.999325
vn 0.008596 0.024172 0.999671
vn 0.002096 0.037909 0.999279
vn 0.002095 0.037919 0.999279
vn 0.008574 0.024183 0.999671
vn 0.002096 0.037909 0.999279
vn 0.002348 0.038942 0.999239
vn 0.002091 0.040231 0.999188
vn 0.002095 0.037919 0.999279
vn 0.014331 0.025840 0.999563
vn 0.008596 0.024172 0.999671
vn 0.008574 0.024183 0.999671
vn 0.014321 0.025818 0.999564
vn 0.001118 0.036286 0.999341
vn 0.014331 0.025840 0.999563
vn 0.014321 0.025818 0.999564
vn 0.001120 0.036284 0.999341
vn 0.013882 -0.006138 -0.999885
vn -0.009372 0.042962 0.999033
vn 0.007237 -0.002353 -0.999971
vn 0.201907 -0.107271 0.973513
vn 0.023823 0.093838 0.995302
vn 0.013882 -0.006138 -0.999885
vn 0.201907 -0.107271 0.973513
vn 0.022972 0.095139 0.995199
vn 0.015998 0.106235 0.994212
vn 0.023823 0.093838 0.995302
vn 0.022972 0.095139 0.995199
vn 0.017255 0.104234 0.994403
vn -0.688771 0.431530 0.582560
vn 0.015998 0.106235 0.994212
vn 0.017255 0.104234 0.994403
vn -0.389296 0.456343 0.800125
vn -0.233621 0.125255 0.964226
vn -0.688771 0.431530 0.582560
vn -0.389296 0.456343 0.800125
vn -0.789573 0.352220 0.502510
vn 0.002348 0.038942 0.999239
vn -0.233621 0.125255 0.964226
vn -0.789573 0.352220 0.502510
vn 0.002091 0.040231 0.999188
vn -0.991232 0.055097 -0.120096
vn -0.991096 -0.059969 -0.118881
vn -0.973143 -0.060902 -0.222001
vn -0.974555 0.046729 -0.219223
vn -0.991096 -0.059969 -0.118881
vn -0.944793 -0.310988 -0.103213
vn -0.912958 -0.355381 -0.200530
vn -0.973143 -0.060902 -0.222001
vn -0.931318 0.343363 -0.121441
vn -0.991232 0.055097 -0.120096
vn -0.974555 0.046729 -0.219223
vn -0.898853 0.380810 -0.216903
vn -0.704234 0.700453 -0.115849
vn -0.931318 0.343363 -0.121441
vn -0.898853 0.380810 -0.216903
vn -0.617646 0.752964 -0.227067
vn -0.005961 0.996577 -0.082452
vn -0.704234 0.700453 -0.115849
vn -0.617646 0.752964 -0.227067
vn -0.006179 0.969685 -0.244280
vn -0.944793 -0.310988 -0.103213
vn -0.755328 -0.650660 -0.078239
vn -0.706216 -0.692858 -0.145623
vn -0.912958 -0.355381 -0.200530
vn -0.755328 -0.650660 -0.078239
vn -0.005726 -0.999579 -0.028440
vn -0.006464 -0.996583 -0.082349
vn -0.706216 -0.692858 -0.145623
s off
g Nut1:bed Nut1:Nut Nut1:blanketOBJ_UV1
usemtl lambert34SG
f 485/541/865 486/542/866 487/543/867 488/544/868
f 486/542/869 489/545/870 490/546/871 487/543/872
f 489/545/873 491/547/874 492/548/875 490/546/876
f 493/549/877 494/550/878 495/551/879 496/552/880
f 494/550/881 497/553/882 498/554/883 495/551/884
f 497/553/885 485/541/886 499/555/887 498/554/888
f 488/544/889 500/556/890 501/557/891 502/558/892
f 500/556/893 503/559/894 504/560/895 501/557/896
f 503/559/897 505/561/898 506/562/899 504/560/900
f 507/563/901 508/564/902 509/565/903 510/566/904
f 508/564/905 511/567/906 512/568/907 509/565/908
f 511/567/909 499/555/910 502/558/911 512/568/912
f 424/569/913 423/570/914 431/571/915 430/572/916
f 423/570/917 422/573/918 432/574/919 431/571/920
f 422/573/921 421/575/922 433/576/923 432/574/924
f 430/572/925 429/577/926 444/578/927 443/579/928
f 429/577/929 428/580/930 445/581/931 444/578/932
f 428/580/933 427/582/934 446/583/935 445/581/936
f 437/584/937 436/585/938 441/586/939 440/587/940
f 436/585/941 435/588/942 442/589/943 441/586/944
f 435/588/945 434/590/946 443/579/947 442/589/948
f 485/541/949 488/544/950 502/558/951 499/555/952
f 424/569/953 430/572/954 443/579/955 434/590/956
f 494/550/957 493/549/958 513/591/959 514/592/960
f 514/592/961 513/591/962 515/593/963 516/594/964
f 515/593/965 491/547/966 489/545/967 516/594/968
f 516/594/969 489/545/970 486/542/971 517/595/972
f 486/542/973 485/541/974 497/553/975 517/595/976
f 517/595/977 497/553/978 494/550/979 514/592/980
f 514/592/981 516/594/982 517/595/983
f 490/546/984 492/548/985 518/596/986 519/597/987
f 519/597/988 518/596/989 520/598/990 521/599/991
f 520/598/992 505/561/993 503/559/994 521/599/995
f 521/599/996 503/559/997 500/556/998 522/600/999
f 500/556/1000 488/544/1001 487/543/1002 522/600/1003
f 522/600/1004 487/543/1005 490/546/1006 519/597/1007
f 519/597/1008 521/599/1009 522/600/1010
f 508/564/1011 507/563/1012 523/601/1013 524/602/1014
f 524/602/1015 523/601/1016 525/603/1017 526/604/1018
f 525/603/1019 496/552/1020 495/551/1021 526/604/1022
f 526/604/1023 495/551/1024 498/554/1025 527/605/1026
f 498/554/1027 499/555/1028 511/567/1029 527/605/1030
f 527/605/1031 511/567/1032 508/564/1033 524/602/1034
f 524/602/1035 526/604/1036 527/605/1037
f 504/560/1038 506/562/1039 528/606/1040 529/607/1041
f 529/607/1042 528/606/1043 530/608/1044 531/609/1045
f 530/608/1046 510/566/1047 509/565/1048 531/609/1049
f 531/609/1050 509/565/1051 512/568/1052 532/610/1053
f 512/568/1054 502/558/1055 501/557/1056 532/610/1057
f 532/610/1058 501/557/1059 504/560/1060 529/607/1061
f 529/607/1062 531/609/1063 532/610/1064
f 432/574/1065 433/576/1066 425/611/1067 447/612/1068
f 447/612/1069 425/611/1070 426/613/1071 448/614/1072
f 426/613/1073 427/582/1074 428/580/1075 448/614/1076
f 448/614/1077 428/580/1078 429/577/1079 449/615/1080
f 429/577/1081 430/572/1082 431/571/1083 449/615/1084
f 449/615/1085 431/571/1086 432/574/1087 447/612/1088
f 447/612/1089 448/614/1090 449/615/1091
f 445/581/1092 446/583/1093 438/616/1094 450/617/1095
f 450/617/1096 438/616/1097 439/618/1098 451/619/1099
f 439/618/1100 440/587/1101 441/586/1102 451/619/1103
f 451/619/1104 441/586/1105 442/589/1106 452/620/1107
f 442/589/1108 443/579/1109 444/578/1110 452/620/1111
f 452/620/1112 444/578/1113 445/581/1114 450/617/1115
f 450/617/1116 451/619/1117 452/620/1118
f 533/621/1119 534/622/1120 535/623/1121 536/624/1122
f 534/622/1123 533/621/1124 537/625/1125 538/626/1126
f 538/626/1127 537/625/1128 539/627/1129 540/628/1130
f 540/628/1131 539/627/1132 541/629/1133 542/630/1134
f 542/630/1135 541/629/1136 543/631/1137 544/632/1138
f 545/633/1139 546/634/1140 547/635/1141 548/636/1142
f 546/634/1143 545/633/1144 549/637/1145 550/638/1146
f 550/638/1147 549/637/1148 551/639/1149 552/640/1150
f 552/640/1151 551/639/1152 544/632/1153 543/631/1154
f 536/624/1155 535/623/1156 553/641/1157 554/642/1158
f 554/642/1159 553/641/1160 555/643/1161 556/644/1162
f 556/644/1163 555/643/1164 557/645/1165 558/646/1166
f 558/647/1167 557/648/1168 559/649/1169 560/650/1170
f 560/650/1171 559/649/1172 561/651/1173 562/652/1174
f 562/652/1175 561/651/1176 563/653/1177 564/654/1178
f 564/654/1179 563/653/1180 548/636/1181 547/635/1182
f 496/655/1183 525/656/1184 565/657/1185 566/658/1186
f 525/656/1187 523/659/1188 567/660/1189 565/657/1190
f 523/659/1191 507/661/1192 568/662/1193 567/660/1194
f 427/663/1195 426/664/1196 470/665/1197 466/666/1198
f 426/664/1199 425/667/1200 472/668/1201 470/665/1202
f 425/667/1203 433/669/1204 464/670/1205 472/668/1206
f 440/671/1207 439/672/1208 482/673/1209 480/674/1210
f 439/672/1211 438/675/1212 484/676/1213 482/673/1214
f 438/675/1215 446/677/1216 468/678/1217 484/676/1218
f 507/661/1219 510/679/1220 569/680/1221 568/662/1222
f 571/681/1223 570/682/1224 492/683/1225 491/684/1226
f 505/685/1227 572/686/1228 573/687/1229 506/688/1230
f 566/658/1231 574/689/1232 493/690/1233 496/655/1234
f 434/691/1235 456/692/1236 454/693/1237 424/694/1238
f 437/695/1239 440/671/1240 480/674/1241 478/696/1242
f 466/666/1243 468/678/1244 446/677/1245 427/663/1246
f 462/697/1247 464/670/1248 433/669/1249 421/698/1250
f 436/699/1251 437/700/1252 478/701/1253 476/702/1254
f 434/691/1255 435/703/1256 474/704/1257 456/692/1258
f 435/703/1259 436/699/1260 476/702/1261 474/704/1262
f 421/698/1263 422/705/1264 460/706/1265 462/697/1266
f 422/705/1267 423/707/1268 458/708/1269 460/706/1270
f 423/707/1271 424/694/1272 454/693/1273 458/708/1274
f 510/679/1275 530/709/1276 575/710/1277 569/680/1278
f 530/709/1279 528/711/1280 576/712/1281 575/710/1282
f 528/711/1283 506/688/1284 573/687/1285 576/712/1286
f 491/713/1287 515/714/1288 577/715/1289 571/716/1290
f 515/714/1291 513/717/1292 578/718/1293 577/715/1294
f 513/717/1295 493/690/1296 574/689/1297 578/718/1298
f 505/685/1299 520/719/1300 579/720/1301 572/686/1302
f 520/719/1303 518/721/1304 580/722/1305 579/720/1306
f 518/721/1307 492/683/1308 570/682/1309 580/722/1310
f 453/723/1311 454/693/1312 456/692/1313 455/724/1314
f 646/725/1315 645/726/1316 647/727/1317 648/728/1318
f 534/622/1319 581/729/1320 582/730/1321 535/623/1322
f 649/731/1323 646/725/1324 648/728/1325 650/732/1326
f 455/724/1327 456/692/1328 474/704/1329 473/733/1330
f 648/728/1331 647/727/1332 651/734/1333 652/735/1334
f 535/623/1335 582/730/1336 583/736/1337 553/641/1338
f 650/732/1339 648/728/1340 652/735/1341 653/737/1342
f 584/738/1343 566/658/1344 565/657/1345 585/739/1346
f 586/740/1347 584/738/1348 585/739/1349 587/741/1350
f 533/621/1351 588/742/1352 589/743/1353 537/625/1354
f 588/742/1355 586/740/1356 587/741/1357 589/743/1358
f 566/658/1359 584/738/1360 590/744/1361 574/689/1362
f 584/738/1363 586/740/1364 591/745/1365 590/744/1366
f 586/740/1367 588/742/1368 592/746/1369 591/745/1370
f 588/742/1371 533/621/1372 536/624/1373 592/746/1374
f 585/739/1375 565/657/1376 567/660/1377 593/747/1378
f 587/741/1379 585/739/1380 593/747/1381 594/748/1382
f 537/625/1383 589/743/1384 595/749/1385 539/627/1386
f 589/743/1387 587/741/1388 594/748/1389 595/749/1390
f 454/693/1391 453/723/1392 457/750/1393 458/708/1394
f 645/726/1395 646/725/1396 654/751/1397 655/752/1398
f 646/725/1399 649/731/1400 656/753/1401 654/751/1402
f 581/729/1403 534/622/1404 538/626/1405 596/754/1406
f 593/747/1407 567/660/1408 568/662/1409 597/755/1410
f 594/748/1411 593/747/1412 597/755/1413 598/756/1414
f 539/627/1415 595/749/1416 599/757/1417 541/629/1418
f 595/749/1419 594/748/1420 598/756/1421 599/757/1422
f 458/708/1423 457/750/1424 459/758/1425 460/706/1426
f 655/752/1427 654/751/1428 657/759/1429 658/760/1430
f 654/751/1431 656/753/1432 659/761/1433 657/759/1434
f 596/754/1435 538/626/1436 540/628/1437 600/762/1438
f 597/755/1439 568/662/1440 569/680/1441 601/763/1442
f 598/756/1443 597/755/1444 601/763/1445 602/764/1446
f 541/629/1447 599/757/1448 603/765/1449 543/631/1450
f 599/757/1451 598/756/1452 602/764/1453 603/765/1454
f 460/706/1455 459/758/1456 461/766/1457 462/697/1458
f 658/760/1459 657/759/1460 660/767/1461 661/768/1462
f 657/759/1463 659/761/1464 662/769/1465 660/767/1466
f 600/762/1467 540/628/1468 542/630/1469 604/770/1470
f 601/763/1471 569/680/1472 575/710/1473 605/771/1474
f 602/764/1475 601/763/1476 605/771/1477 606/772/1478
f 543/631/1479 603/765/1480 607/773/1481 552/640/1482
f 603/765/1483 602/764/1484 606/772/1485 607/773/1486
f 462/697/1487 461/766/1488 463/774/1489 464/670/1490
f 661/768/1491 660/767/1492 663/775/1493 664/776/1494
f 660/767/1495 662/769/1496 665/777/1497 663/775/1498
f 604/770/1499 542/630/1500 544/632/1501 608/778/1502
f 609/779/1503 573/687/1504 572/686/1505 610/780/1506
f 611/781/1507 609/779/1508 610/780/1509 612/782/1510
f 546/634/1511 613/783/1512 614/784/1513 547/635/1514
f 613/783/1515 611/781/1516 612/782/1517 614/784/1518
f 610/780/1519 572/686/1520 579/720/1521 615/785/1522
f 612/782/1523 610/780/1524 615/785/1525 616/786/1526
f 547/635/1527 614/784/1528 617/787/1529 564/654/1530
f 614/784/1531 612/782/1532 616/786/1533 617/787/1534
f 465/788/1535 466/666/1536 470/665/1537 469/789/1538
f 667/790/1539 666/791/1540 668/792/1541 669/793/1542
f 545/633/1543 618/794/1544 619/795/1545 549/637/1546
f 670/796/1547 667/790/1548 669/793/1549 671/797/1550
f 466/666/1551 465/788/1552 467/798/1553 468/678/1554
f 666/791/1555 667/790/1556 672/799/1557 673/800/1558
f 667/790/1559 670/796/1560 674/801/1561 672/799/1562
f 618/794/1563 545/633/1564 548/636/1565 620/802/1566
f 469/789/1567 470/665/1568 472/668/1569 471/803/1570
f 669/793/1571 668/792/1572 675/804/1573 676/805/1574
f 549/637/1575 619/795/1576 621/806/1577 551/639/1578
f 671/797/1579 669/793/1580 676/805/1581 677/807/1582
f 573/687/1583 609/779/1584 622/808/1585 576/712/1586
f 609/779/1587 611/781/1588 623/809/1589 622/808/1590
f 611/781/1591 613/783/1592 624/810/1593 623/809/1594
f 613/783/1595 546/634/1596 550/638/1597 624/810/1598
f 464/670/1599 463/774/1600 471/803/1601 472/668/1602
f 664/776/1603 663/775/1604 676/805/1605 675/804/1606
f 663/775/1607 665/777/1608 677/807/1609 676/805/1610
f 608/778/1611 544/632/1612 551/639/1613 621/806/1614
f 576/712/1615 622/808/1616 605/771/1617 575/710/1618
f 622/808/1619 623/809/1620 606/772/1621 605/771/1622
f 623/809/1623 624/810/1624 607/773/1625 606/772/1626
f 624/810/1627 550/638/1628 552/640/1629 607/773/1630
f 473/733/1631 474/704/1632 476/702/1633 475/811/1634
f 652/735/1635 651/734/1636 678/812/1637 679/813/1638
f 553/641/1639 583/736/1640 625/814/1641 555/643/1642
f 653/737/1643 652/735/1644 679/813/1645 680/815/1646
f 574/689/1647 590/744/1648 626/816/1649 578/718/1650
f 590/744/1651 591/745/1652 627/817/1653 626/816/1654
f 591/745/1655 592/746/1656 628/818/1657 627/817/1658
f 592/746/1659 536/624/1660 554/642/1661 628/818/1662
f 475/811/1663 476/702/1664 478/701/1665 477/819/1666
f 679/813/1667 678/812/1668 681/820/1669 682/821/1670
f 555/643/1671 625/814/1672 629/822/1673 557/645/1674
f 680/815/1675 679/813/1676 682/821/1677 683/823/1678
f 578/718/1679 626/816/1680 630/824/1681 577/715/1682
f 626/816/1683 627/817/1684 631/825/1685 630/824/1686
f 627/817/1687 628/818/1688 632/826/1689 631/825/1690
f 628/818/1691 554/642/1692 556/644/1693 632/826/1694
f 477/827/1695 478/696/1696 480/674/1697 479/828/1698
f 682/829/1699 681/830/1700 684/831/1701 685/832/1702
f 557/648/1703 629/833/1704 633/834/1705 559/649/1706
f 683/835/1707 682/829/1708 685/832/1709 686/836/1710
f 577/715/1711 630/824/1712 634/837/1713 571/716/1714
f 630/824/1715 631/825/1716 635/838/1717 634/837/1718
f 631/825/1719 632/826/1720 636/839/1721 635/838/1722
f 632/826/1723 556/644/1724 558/646/1725 636/839/1726
f 479/828/1727 480/674/1728 482/673/1729 481/840/1730
f 685/832/1731 684/831/1732 687/841/1733 688/842/1734
f 559/649/1735 633/834/1736 637/843/1737 561/651/1738
f 686/836/1739 685/832/1740 688/842/1741 689/844/1742
f 571/681/1743 634/845/1744 638/846/1745 570/682/1746
f 634/845/1747 635/847/1748 639/848/1749 638/846/1750
f 635/847/1751 636/849/1752 640/850/1753 639/848/1754
f 636/849/1755 558/647/1756 560/650/1757 640/850/1758
f 481/840/1759 482/673/1760 484/676/1761 483/851/1762
f 688/842/1763 687/841/1764 690/852/1765 691/853/1766
f 561/651/1767 637/843/1768 641/854/1769 563/653/1770
f 689/844/1771 688/842/1772 691/853/1773 692/855/1774
f 570/682/1775 638/846/1776 642/856/1777 580/722/1778
f 638/846/1779 639/848/1780 643/857/1781 642/856/1782
f 639/848/1783 640/850/1784 644/858/1785 643/857/1786
f 640/850/1787 560/650/1788 562/652/1789 644/858/1790
f 468/678/1791 467/798/1792 483/851/1793 484/676/1794
f 673/800/1795 672/799/1796 691/853/1797 690/852/1798
f 672/799/1799 674/801/1800 692/855/1801 691/853/1802
f 620/802/1803 548/636/1804 563/653/1805 641/854/1806
f 580/722/1807 642/856/1808 615/785/1809 579/720/1810
f 642/856/1811 643/857/1812 616/786/1813 615/785/1814
f 643/857/1815 644/858/1816 617/787/1817 616/786/1818
f 644/858/1819 562/652/1820 564/654/1821 617/787/1822
f 463/774/1823 461/766/1824 693/859/1825 694/860/1826
f 465/788/1827 469/789/1828 695/861/1829 696/862/1830
f 467/798/1831 465/788/1832 696/862/1833 697/863/1834
f 469/789/1835 471/803/1836 698/864/1837 695/861/1838
f 471/803/1839 463/774/1840 694/860/1841 698/864/1842
f 477/827/1843 479/828/1844 699/865/1845 700/866/1846
f 479/828/1847 481/840/1848 701/867/1849 699/865/1850
f 481/840/1851 483/851/1852 702/868/1853 701/867/1854
f 483/851/1855 467/798/1856 697/863/1857 702/868/1858
f 703/869/1859 704/870/1860 647/727/1861 645/726/1862
f 704/870/1863 705/871/1864 651/734/1865 647/727/1866
f 706/872/1867 703/869/1868 645/726/1869 655/752/1870
f 707/873/1871 706/872/1872 655/752/1873 658/760/1874
f 693/874/1875 707/873/1876 658/760/1877 661/768/1878
f 694/875/1879 693/874/1880 661/768/1881 664/776/1882
f 696/876/1883 695/877/1884 668/792/1885 666/791/1886
f 697/878/1887 696/876/1888 666/791/1889 673/800/1890
f 695/877/1891 698/879/1892 675/804/1893 668/792/1894
f 698/879/1895 694/875/1896 664/776/1897 675/804/1898
f 705/871/1899 708/880/1900 678/812/1901 651/734/1902
f 708/880/1903 700/881/1904 681/820/1905 678/812/1906
f 700/882/1907 699/883/1908 684/831/1909 681/830/1910
f 699/883/1911 701/884/1912 687/841/1913 684/831/1914
f 701/884/1915 702/885/1916 690/852/1917 687/841/1918
f 702/885/1919 697/878/1920 673/800/1921 690/852/1922
f 582/886/1923 581/887/1924 649/731/1925 650/732/1926
f 583/888/1927 582/886/1928 650/732/1929 653/737/1930
f 581/887/1931 596/889/1932 656/753/1933 649/731/1934
f 596/889/1935 600/890/1936 659/761/1937 656/753/1938
f 600/890/1939 604/891/1940 662/769/1941 659/761/1942
f 604/891/1943 608/892/1944 665/777/1945 662/769/1946
f 619/893/1947 618/894/1948 670/796/1949 671/797/1950
f 618/894/1951 620/895/1952 674/801/1953 670/796/1954
f 621/896/1955 619/893/1956 671/797/1957 677/807/1958
f 608/892/1959 621/896/1960 677/807/1961 665/777/1962
f 625/897/1963 583/888/1964 653/737/1965 680/815/1966
f 629/898/1967 625/897/1968 680/815/1969 683/823/1970
f 633/899/1971 629/900/1972 683/835/1973 686/836/1974
f 637/901/1975 633/899/1976 686/836/1977 689/844/1978
f 641/902/1979 637/901/1980 689/844/1981 692/855/1982
f 620/895/1983 641/902/1984 692/855/1985 674/801/1986
f 453/723/1987 455/724/1988 704/903/1989 703/904/1990
f 455/724/1991 473/733/1992 705/905/1993 704/903/1994
f 457/750/1995 453/723/1996 703/904/1997 706/906/1998
f 459/758/1999 457/750/2000 706/906/2001 707/907/2002
f 461/766/2003 459/758/2004 707/907/2005 693/859/2006
f 473/733/2007 475/811/2008 708/908/2009 705/905/2010
f 475/811/2011 477/819/2012 700/909/2013 708/908/2014
g default
v -3.566647 3.718833 0.871799
v -3.566647 3.754389 0.907357
v -3.602204 3.754389 0.871799
v -3.427886 3.754389 0.871799
v -3.463443 3.754389 0.907357
v -3.463443 3.718833 0.871799
v -3.602204 3.900968 0.871799
v -3.566647 3.900968 0.907357
v -3.566647 3.936525 0.871799
v -3.463443 3.936525 0.871799
v -3.463443 3.900968 0.907357
v -3.427886 3.900968 0.871799
v -3.602204 3.900968 -8.042695
v -3.566647 3.936525 -8.042695
v -3.566647 3.900968 -8.078254
v -3.463443 3.900968 -8.078254
v -3.463443 3.936525 -8.042695
v -3.427886 3.900968 -8.042695
v -3.602204 3.754389 -8.042695
v -3.566647 3.754389 -8.078254
v -3.566647 3.718833 -8.042695
v -3.463443 3.718833 -8.042695
v -3.463443 3.754389 -8.078254
v -3.427886 3.754389 -8.042695
vt 0.092866 0.938130
vt 0.092866 0.935675
vt 0.528144 0.935675
vt 0.528144 0.938130
vt 0.072555 0.908527
vt 0.072279 0.906088
vt 0.077818 0.906175
vt 0.077512 0.908497
vt 0.070215 0.908198
vt 0.072608 0.915568
vt 0.070155 0.915887
vt 0.092866 0.911411
vt 0.092866 0.908955
vt 0.528144 0.908955
vt 0.528144 0.911411
vt 0.079964 0.908175
vt 0.079903 0.915868
vt 0.077564 0.915538
vt 0.092866 0.928518
vt 0.092866 0.926062
vt 0.528144 0.926062
vt 0.528144 0.928518
vt 0.072299 0.917890
vt 0.077839 0.917978
vt 0.092866 0.921023
vt 0.092866 0.918568
vt 0.528144 0.918568
vt 0.528144 0.921023
vt 0.079864 0.932416
vt 0.077524 0.932086
vt 0.077472 0.925046
vt 0.079924 0.924726
vt 0.077799 0.934525
vt 0.072261 0.934439
vt 0.072567 0.932116
vt 0.070115 0.932438
vt 0.070175 0.924746
vt 0.072515 0.925075
vt 0.077780 0.922724
vt 0.072240 0.922635
vt 0.528144 0.903916
vt 0.092866 0.903916
vn -0.707105 -0.707108 0.000000
vn -0.707105 -0.707108 0.000000
vn -0.707105 -0.707108 0.000000
vn -0.707105 -0.707108 0.000000
vn 0.000000 -0.707110 0.707104
vn 0.000000 -0.707110 0.707104
vn 0.000000 -0.707110 0.707104
vn 0.000000 -0.707110 0.707104
vn -0.707108 0.000000 0.707105
vn -0.707108 0.000000 0.707105
vn -0.707108 0.000000 0.707105
vn -0.707108 0.000000 0.707105
vn 0.707112 -0.707102 0.000000
vn 0.707112 -0.707102 0.000000
vn 0.707112 -0.707102 0.000000
vn 0.707112 -0.707102 0.000000
vn 0.707112 0.000000 0.707101
vn 0.707112 0.000000 0.707101
vn 0.707112 0.000000 0.707101
vn 0.707112 0.000000 0.707101
vn -0.707110 0.707104 0.000000
vn -0.707110 0.707104 0.000000
vn -0.707110 0.707104 0.000000
vn -0.707110 0.707104 0.000000
vn 0.000000 0.707104 0.707110
vn 0.000000 0.707104 0.707110
vn 0.000000 0.707104 0.707110
vn 0.000000 0.707104 0.707110
vn 0.707116 0.707097 0.000000
vn 0.707116 0.707097 0.000000
vn 0.707116 0.707097 0.000000
vn 0.707116 0.707097 0.000000
vn -0.707118 0.000000 -0.707096
vn -0.707118 0.000000 -0.707096
vn -0.707118 0.000000 -0.707096
vn -0.707118 0.000000 -0.707096
vn 0.000000 0.707118 -0.707096
vn 0.000000 0.707118 -0.707096
vn 0.000000 0.707118 -0.707096
vn 0.000000 0.707118 -0.707096
vn 0.707122 0.000000 -0.707092
vn 0.707122 0.000000 -0.707092
vn 0.707122 0.000000 -0.707092
vn 0.707122 0.000000 -0.707092
vn 0.000000 -0.707123 -0.707090
vn 0.000000 -0.707123 -0.707090
vn 0.000000 -0.707123 -0.707090
vn 0.000000 -0.707123 -0.707090
vn 0.000000 0.000000 1.000000
vn 0.000000 0.000000 1.000000
vn 0.000000 0.000000 1.000000
vn 0.000000 0.000000 1.000000
vn 0.000000 1.000000 0.000000
vn 0.000000 1.000000 0.000000
vn 0.000000 1.000000 0.000000
vn 0.000000 1.000000 0.000000
vn 0.000000 0.000000 -1.000000
vn 0.000000 0.000000 -1.000000
vn 0.000000 0.000000 -1.000000
vn 0.000000 0.000000 -1.000000
vn 0.000000 -1.000000 0.000000
vn 0.000000 -1.000000 0.000000
vn 0.000000 -1.000000 0.000000
vn 0.000000 -1.000000 0.000000
vn 1.000000 0.000000 0.000000
vn 1.000000 0.000000 0.000000
vn 1.000000 0.000000 0.000000
vn 1.000000 0.000000 0.000000
vn -1.000000 0.000000 0.000000
vn -1.000000 0.000000 0.000000
vn -1.000000 0.000000 0.000000
vn -1.000000 0.000000 0.000000
vn -0.577347 -0.577352 0.577352
vn -0.577347 -0.577352 0.577352
vn -0.577347 -0.577352 0.577352
vn 0.577354 -0.577352 0.577345
vn 0.577354 -0.577352 0.577345
vn 0.577354 -0.577352 0.577345
vn -0.577352 0.577349 0.577349
vn -0.577352 0.577349 0.577349
vn -0.577352 0.577349 0.577349
vn 0.577355 0.577345 0.577352
vn 0.577355 0.577345 0.577352
vn 0.577355 0.577345 0.577352
vn -0.577364 0.577350 -0.577337
vn -0.577364 0.577350 -0.577337
vn -0.577364 0.577350 -0.577337
vn 0.577366 0.577346 -0.577339
vn 0.577366 0.577346 -0.577339
vn 0.577366 0.577346 -0.577339
vn -0.577346 -0.577359 -0.577346
vn -0.577346 -0.577359 -0.577346
vn -0.577346 -0.577359 -0.577346
vn 0.577353 -0.577359 -0.577339
vn 0.577353 -0.577359 -0.577339
vn 0.577353 -0.577359 -0.577339
s off
g Nut1:bed Nut1:Nut Nut1:detail1OBJ_UV2
usemtl lambert47SG
f 709/910/2015 711/911/2016 727/912/2017 729/913/2018
f 710/914/2019 709/915/2020 714/916/2021 713/917/2022
f 711/918/2023 710/914/2024 716/919/2025 715/920/2026
f 712/921/2027 714/922/2028 730/923/2029 732/924/2030
f 713/917/2031 712/925/2032 720/926/2033 719/927/2034
f 715/928/2035 717/929/2036 722/930/2037 721/931/2038
f 717/932/2039 716/919/2040 719/927/2041 718/933/2042
f 718/934/2043 720/935/2044 726/936/2045 725/937/2046
f 721/938/2047 723/939/2048 728/940/2049 727/941/2050
f 723/939/2051 722/942/2052 725/943/2053 724/944/2054
f 724/944/2055 726/945/2056 732/946/2057 731/947/2058
f 729/948/2059 728/940/2060 731/947/2061 730/949/2062
f 710/914/2063 713/917/2064 719/927/2065 716/919/2066
f 717/929/2067 718/934/2068 725/937/2069 722/930/2070
f 723/939/2071 724/944/2072 731/947/2073 728/940/2074
f 729/950/2075 730/923/2076 714/922/2077 709/951/2078
f 712/921/2079 732/924/2080 726/936/2081 720/935/2082
f 727/912/2083 711/911/2084 715/928/2085 721/931/2086
f 709/915/2087 710/914/2088 711/918/2089
f 712/925/2090 713/917/2091 714/916/2092
f 715/920/2093 716/919/2094 717/932/2095
f 718/933/2096 719/927/2097 720/926/2098
f 721/938/2099 722/942/2100 723/939/2101
f 724/944/2102 725/943/2103 726/945/2104
f 727/941/2105 728/940/2106 729/948/2107
f 730/949/2108 731/947/2109 732/946/2110
g default
v -3.049669 6.796159 -8.057747
v -3.049669 6.796159 -8.921324
v -3.913246 6.796159 -8.921324
v -3.913246 6.796159 -8.057747
v -2.815096 6.780694 -7.786505
v -2.818060 6.744226 -7.773881
v -2.780970 6.745363 -7.788465
v -2.765623 6.746475 -7.823697
v -2.778372 6.781334 -7.821974
v -2.813780 6.796159 -7.821860
v -2.778427 6.780694 -9.155897
v -2.765801 6.744226 -9.152934
v -2.780386 6.745363 -9.190024
v -2.815618 6.746475 -9.205370
v -2.813896 6.781334 -9.192622
v -2.813780 6.796159 -9.157213
v -4.184487 6.780694 -7.823176
v -4.197113 6.744226 -7.826139
v -4.182528 6.745363 -7.789049
v -4.147296 6.746475 -7.773703
v -4.149019 6.781334 -7.786451
v -4.149134 6.796159 -7.821860
v -4.147818 6.780694 -9.192567
v -4.144855 6.744226 -9.205192
v -4.181945 6.745363 -9.190608
v -4.197291 6.746475 -9.155376
v -4.184543 6.781334 -9.157097
v -4.149134 6.796159 -9.157213
v -3.031452 3.559432 -7.989536
v -2.981457 3.559432 -8.039532
v -2.996100 3.559432 -8.004180
v -3.031452 3.559432 -8.989536
v -2.996100 3.559432 -8.974893
v -2.981457 3.559432 -8.939540
v -3.931462 3.559432 -7.989536
v -3.966814 3.559432 -8.004180
v -3.981457 3.559432 -8.039532
v -3.931462 3.559432 -8.989536
v -3.981457 3.559432 -8.939540
v -3.966814 3.559432 -8.974893
v -2.785619 6.774341 -7.793255
v -2.785177 6.774341 -9.185375
v -4.177738 6.774341 -7.793698
v -4.177296 6.774341 -9.185816
v -3.180246 6.761170 -8.112022
v -3.065955 6.785659 -8.074034
v -3.103942 6.761170 -8.188325
v -3.218246 12.394944 -8.150022
v -3.141943 12.394944 -8.226325
v -3.103942 6.761170 -8.790748
v -3.065955 6.785659 -8.905038
v -3.180246 6.761170 -8.867051
v -3.218246 12.394944 -8.829051
v -3.141943 12.394944 -8.752748
v -3.782669 6.761170 -8.867051
v -3.896960 6.785659 -8.905038
v -3.858972 6.761170 -8.790748
v -3.820972 12.394944 -8.752748
v -3.744668 12.394944 -8.829051
v -3.858972 6.761170 -8.188325
v -3.896960 6.785659 -8.074034
v -3.782669 6.761170 -8.112022
v -3.744668 12.394944 -8.150022
v -3.820972 12.394944 -8.226325
v -3.027175 12.639428 -8.137351
v -3.129272 12.639428 -8.035255
v -3.027175 12.639428 -8.841722
v -3.129272 12.639428 -8.943818
v -3.833642 12.639428 -8.943818
v -3.935739 12.639428 -8.841722
v -3.935739 12.639428 -8.137351
v -3.833643 12.639428 -8.035255
v -3.141943 12.639428 -8.199943
v -3.218246 12.639428 -8.115990
v -3.141943 12.639428 -8.779130
v -3.218246 12.639428 -8.863082
v -3.744668 12.639428 -8.863082
v -3.820971 12.639428 -8.779130
v -3.820972 12.639428 -8.199943
v -3.744668 12.639428 -8.115990
v -3.141943 12.598714 -8.199943
v -3.218246 12.598714 -8.115990
v -3.141943 12.598714 -8.779130
v -3.218246 12.598714 -8.863082
v -3.744668 12.598714 -8.863082
v -3.820971 12.598714 -8.779130
v -3.820972 12.598714 -8.199943
v -3.744668 12.598714 -8.115990
v -3.259535 12.598714 -8.300245
v -3.309411 12.598714 -8.245370
v -3.259535 12.598714 -8.678827
v -3.309411 12.598714 -8.733703
v -3.653504 12.598714 -8.733703
v -3.703379 12.598714 -8.678827
v -3.703379 12.598714 -8.300245
v -3.653504 12.598714 -8.245370
v -3.259535 12.640866 -8.300245
v -3.309411 12.640866 -8.245370
v -3.259535 12.640866 -8.678827
v -3.309411 12.640866 -8.733703
v -3.653504 12.640866 -8.733703
v -3.703379 12.640866 -8.678827
v -3.703379 12.640866 -8.300245
v -3.653504 12.640866 -8.245370
v -3.069882 3.856075 -8.118423
v -2.894226 6.449832 -7.942766
v -3.069882 3.856075 -8.850889
v -2.894372 6.448001 -9.024558
v -3.843038 3.856075 -8.077734
v -4.018693 6.449832 -7.847950
v -3.110570 3.856075 -8.077734
v -2.936901 6.448001 -7.848095
v -3.843038 3.856075 -8.134368
v -4.018693 6.449832 -7.958713
v -3.110570 3.856075 -8.110905
v -2.936901 6.448001 -7.935395
v -3.128606 3.856075 -8.118423
v -2.952951 6.449832 -7.942766
v -3.128606 3.856075 -8.850889
v -2.953096 6.448001 -9.024558
v -3.029046 4.150311 -8.188921
v -2.893244 6.155596 -8.053118
v -3.029046 4.150311 -8.755205
v -2.893355 6.154181 -8.889472
v -3.747877 4.150311 -8.033936
v -3.883680 6.155596 -7.898133
v -3.181592 4.150311 -8.033936
v -3.047325 6.154181 -7.898245
vt 0.376464 0.913086
vt 0.341136 0.912972
vt 0.342152 0.911954
vt 0.347393 0.908798
vt 0.370197 0.908912
vt 0.375446 0.912069
vt 0.341150 0.877475
vt 0.342181 0.878504
vt 0.345362 0.883787
vt 0.345310 0.906708
vt 0.376639 0.877712
vt 0.375618 0.878723
vt 0.370360 0.881856
vt 0.347469 0.881678
vt 0.372292 0.906830
vt 0.372433 0.883952
vt 0.115219 0.666927
vt 0.117515 0.943701
vt 0.088468 0.943822
vt 0.088925 0.667292
vt 0.083514 0.667673
vt 0.083265 0.943829
vt 0.053761 0.943686
vt 0.058091 0.671865
vt 0.178385 0.669194
vt 0.186264 0.943313
vt 0.157054 0.943630
vt 0.152312 0.667495
vt 0.146899 0.667352
vt 0.151830 0.943656
vt 0.122714 0.943685
vt 0.120667 0.666831
vt 0.393218 0.925861
vt 0.391058 0.925628
vt 0.391303 0.865349
vt 0.393364 0.865088
vt 0.388885 0.925548
vt 0.389144 0.865453
vt 0.364441 0.807170
vt 0.362217 0.807215
vt 0.360928 0.675275
vt 0.363023 0.675216
vt 0.359915 0.807099
vt 0.358832 0.675253
vt 0.389002 0.927706
vt 0.328667 0.927595
vt 0.328736 0.925422
vt 0.389278 0.929764
vt 0.328448 0.929758
vt 0.418717 0.809335
vt 0.416515 0.809371
vt 0.399320 0.666935
vt 0.401388 0.666302
vt 0.414219 0.809268
vt 0.397240 0.667454
vt 0.326590 0.925558
vt 0.326426 0.864681
vt 0.328615 0.864852
vt 0.324536 0.925859
vt 0.324235 0.864841
vt 0.389529 0.861138
vt 0.389257 0.863289
vt 0.328665 0.862689
vt 0.328559 0.860606
vt 0.309889 0.811139
vt 0.307675 0.811144
vt 0.323697 0.667157
vt 0.325771 0.667667
vt 0.305400 0.811009
vt 0.321635 0.666530
vt 0.230963 0.800595
vt 0.228870 0.800040
vt 0.270576 0.652910
vt 0.272667 0.653431
vt 0.226744 0.799326
vt 0.268519 0.652268
vt 0.558367 0.940746
vt 0.564910 0.842725
vt 0.592365 0.842422
vt 0.599167 0.940898
vt 0.450421 0.653182
vt 0.492890 0.798162
vt 0.462387 0.940665
vt 0.468922 0.842448
vt 0.496464 0.842412
vt 0.503146 0.940645
vt 0.585451 0.754754
vt 0.541506 0.754939
vt 0.539777 0.754231
vt 0.539055 0.752508
vt 0.538870 0.708563
vt 0.539577 0.706833
vt 0.541300 0.706111
vt 0.585246 0.705926
vt 0.586975 0.706634
vt 0.587697 0.708357
vt 0.587882 0.752302
vt 0.587175 0.754032
vt 0.390617 0.927278
vt 0.391707 0.928325
vt 0.327022 0.927168
vt 0.325987 0.928270
vt 0.390898 0.863740
vt 0.391959 0.862663
vt 0.327099 0.862966
vt 0.324523 0.863319
vt 0.326255 0.861606
vt 0.268228 0.918109
vt 0.270678 0.920774
vt 0.270783 0.939259
vt 0.268363 0.941953
vt 0.251562 0.942048
vt 0.249112 0.939382
vt 0.249007 0.920897
vt 0.251427 0.918204
vt 0.191537 0.943253
vt 0.183663 0.669772
vt 0.115019 0.653422
vt 0.119808 0.653612
vt 0.086658 0.654439
vt 0.081287 0.654418
vt 0.049764 0.660841
vt 0.183513 0.656846
vt 0.189743 0.659046
vt 0.153255 0.653528
vt 0.148186 0.653426
vt 0.281925 0.880954
vt 0.276046 0.887073
vt 0.272670 0.880942
vt 0.277612 0.876435
vt 0.242242 0.887076
vt 0.245624 0.880993
vt 0.236399 0.881069
vt 0.240653 0.876488
vt 0.236292 0.847031
vt 0.240591 0.851591
vt 0.242243 0.840972
vt 0.245575 0.847113
vt 0.275923 0.841013
vt 0.272546 0.847098
vt 0.281791 0.846977
vt 0.277548 0.851579
vt 0.271861 0.878930
vt 0.275604 0.875631
vt 0.246400 0.878961
vt 0.242620 0.875627
vt 0.242584 0.852415
vt 0.246383 0.849128
vt 0.271762 0.849128
vt 0.275596 0.852458
vt 0.266442 0.872603
vt 0.268681 0.870549
vt 0.251780 0.872576
vt 0.249528 0.870528
vt 0.249559 0.857500
vt 0.251788 0.855482
vt 0.266408 0.855509
vt 0.268631 0.857521
vt 0.265201 0.870280
vt 0.266343 0.869309
vt 0.252960 0.870213
vt 0.251813 0.869265
vt 0.251878 0.858752
vt 0.253010 0.857815
vt 0.265230 0.857875
vt 0.266367 0.858802
vt 0.371033 0.688260
vt 0.372265 0.792226
vt 0.390970 0.683857
vt 0.404025 0.794152
vt 0.332209 0.684054
vt 0.318282 0.795900
vt 0.351070 0.688539
vt 0.353566 0.793685
vt 0.334776 0.686574
vt 0.324020 0.791478
vt 0.349424 0.689599
vt 0.349486 0.790256
vt 0.373965 0.690049
vt 0.375026 0.789940
vt 0.388362 0.686543
vt 0.400952 0.791769
vt 0.551634 0.955280
vt 0.560096 0.827558
vt 0.598094 0.827326
vt 0.606888 0.955326
vt 0.454676 0.955041
vt 0.463118 0.827469
vt 0.500645 0.827451
vt 0.509299 0.955113
vn -0.541845 0.840479 0.000000
vn -0.541845 0.840479 0.000000
vn -0.290407 0.911772 0.290405
vn -0.526015 0.850443 0.007397
vn -0.526015 0.850443 -0.007396
vn -0.290407 0.911772 -0.290405
vn 0.000000 0.840480 0.541842
vn 0.000000 0.840480 0.541842
vn 0.290407 0.911772 0.290405
vn 0.007397 0.850445 0.526012
vn -0.007397 0.850445 0.526012
vn -0.290407 0.911772 0.290405
vn 0.541845 0.840479 0.000000
vn 0.541845 0.840479 0.000000
vn 0.290407 0.911772 -0.290405
vn 0.526015 0.850443 -0.007397
vn 0.526015 0.850443 0.007396
vn 0.290407 0.911772 0.290405
vn 0.000000 0.840480 -0.541842
vn 0.000000 0.840480 -0.541842
vn -0.290407 0.911772 -0.290405
vn -0.007397 0.850445 -0.526012
vn 0.007397 0.850445 -0.526012
vn 0.290407 0.911772 -0.290405
vn 0.999977 0.006745 0.000000
vn 0.999977 0.006745 0.000000
vn 0.999977 0.006745 0.000000
vn 0.999977 0.006745 0.000000
vn 0.000000 0.006745 -0.999977
vn 0.000000 0.006745 -0.999977
vn 0.000000 0.006745 -0.999977
vn 0.000000 0.006745 -0.999977
vn -0.999977 0.006745 0.000000
vn -0.999977 0.006745 0.000000
vn -0.999977 0.006745 0.000000
vn -0.999977 0.006745 0.000000
vn 0.000000 0.006745 0.999977
vn 0.000000 0.006745 0.999977
vn 0.000000 0.006745 0.999977
vn 0.000000 0.006745 0.999977
vn 0.275457 0.036871 0.960606
vn 0.007777 0.333590 0.942686
vn -0.007040 0.334035 0.942534
vn -0.283445 0.039960 0.958156
vn 0.006611 0.919475 0.393093
vn 0.057878 0.996708 0.056768
vn -0.056768 0.996708 0.057878
vn -0.006917 0.919679 0.392610
vn 0.958156 0.039966 0.283444
vn 0.917599 -0.085398 0.388225
vn 0.917273 -0.088326 0.388340
vn 0.917273 -0.088326 0.388340
vn 0.373530 -0.084504 0.923761
vn 0.275457 0.036871 0.960606
vn 0.373896 -0.087670 0.923318
vn 0.373896 -0.087670 0.923318
vn 0.057878 0.996708 0.056768
vn 0.392611 0.919679 0.006917
vn 0.393094 0.919475 -0.006611
vn 0.056768 0.996708 -0.057880
vn 0.942528 0.334054 0.007040
vn 0.958156 0.039966 0.283444
vn 0.960605 0.036877 -0.275461
vn 0.942680 0.333609 -0.007777
vn 0.013504 -0.062580 -0.997949
vn 0.388229 -0.085398 -0.917598
vn 0.388344 -0.088326 -0.917272
vn 0.012167 -0.068377 -0.997585
vn 0.923759 -0.084504 -0.373536
vn 0.960605 0.036877 -0.275461
vn 0.923315 -0.087670 -0.373902
vn 0.923315 -0.087670 -0.373902
vn 0.056768 0.996708 -0.057880
vn 0.006916 0.919673 -0.392625
vn -0.006611 0.919468 -0.393108
vn -0.057878 0.996708 -0.056771
vn 0.007040 0.334039 -0.942533
vn 0.013504 -0.062580 -0.997949
vn -0.013682 -0.062521 -0.997950
vn -0.007777 0.333594 -0.942685
vn -0.997950 -0.062520 0.013682
vn -0.942678 0.333613 0.007777
vn -0.942526 0.334058 -0.007039
vn -0.997949 -0.062580 -0.013504
vn -0.393099 0.919473 0.006611
vn -0.056768 0.996708 0.057878
vn -0.057878 0.996708 -0.056771
vn -0.392615 0.919677 -0.006917
vn -0.283445 0.039960 0.958156
vn -0.388227 -0.085399 0.917599
vn -0.388342 -0.088326 0.917273
vn -0.388342 -0.088326 0.917273
vn -0.923758 -0.084503 0.373539
vn -0.997950 -0.062520 0.013682
vn -0.997590 -0.068357 0.011939
vn -0.923314 -0.087669 0.373905
vn -0.997949 -0.062580 -0.013504
vn -0.917601 -0.085399 -0.388222
vn -0.917274 -0.088327 -0.388338
vn -0.997585 -0.068376 -0.012167
vn -0.373531 -0.084503 -0.923761
vn -0.013682 -0.062521 -0.997950
vn -0.011938 -0.068357 -0.997590
vn -0.373897 -0.087669 -0.923317
vn 0.997715 -0.067564 -0.000011
vn 0.997715 -0.067564 -0.000011
vn 0.997715 -0.067564 -0.000011
vn 0.997715 -0.067564 -0.000011
vn -0.997950 -0.062520 0.013682
vn -0.997949 -0.062580 -0.013504
vn -0.997585 -0.068376 -0.012167
vn -0.997590 -0.068357 0.011939
vn 0.013504 -0.062580 -0.997949
vn 0.012167 -0.068377 -0.997585
vn -0.011938 -0.068357 -0.997590
vn -0.013682 -0.062521 -0.997950
vn 0.000012 -0.067564 0.997715
vn 0.000012 -0.067564 0.997715
vn 0.000012 -0.067564 0.997715
vn 0.000012 -0.067564 0.997715
vn 0.057878 0.996708 0.056768
vn 0.056768 0.996708 -0.057880
vn 0.000000 1.000000 0.000000
vn 0.000000 1.000000 0.000000
vn 0.056768 0.996708 -0.057880
vn -0.057878 0.996708 -0.056771
vn 0.000000 1.000000 0.000000
vn 0.000000 1.000000 0.000000
vn -0.057878 0.996708 -0.056771
vn -0.056768 0.996708 0.057878
vn 0.000000 1.000000 0.000000
vn 0.000000 1.000000 0.000000
vn -0.056768 0.996708 0.057878
vn 0.057878 0.996708 0.056768
vn 0.000000 1.000000 0.000000
vn 0.000000 1.000000 0.000000
vn 0.000000 -1.000000 0.000000
vn 0.000000 -1.000000 0.000000
vn 0.000000 -1.000000 0.000000
vn 0.000000 -1.000000 0.000000
vn 0.000000 -1.000000 0.000000
vn 0.000000 -1.000000 0.000000
vn 0.000000 -1.000000 0.000000
vn 0.000000 -1.000000 0.000000
vn 0.000000 -1.000000 0.000000
vn 0.000000 -1.000000 0.000000
vn 0.000000 -1.000000 0.000000
vn 0.000000 -1.000000 0.000000
vn 0.392611 0.919679 0.006917
vn 0.057878 0.996708 0.056768
vn 0.006611 0.919475 0.393093
vn 0.323886 0.878500 0.351191
vn 0.007777 0.333590 0.942686
vn 0.275457 0.036871 0.960606
vn 0.373530 -0.084504 0.923761
vn 0.313195 0.251745 0.915715
vn 0.917599 -0.085398 0.388225
vn 0.958156 0.039966 0.283444
vn 0.942528 0.334054 0.007040
vn 0.899074 0.261893 0.350826
vn 0.006916 0.919673 -0.392625
vn 0.056768 0.996708 -0.057880
vn 0.393094 0.919475 -0.006611
vn 0.351202 0.878497 -0.323883
vn 0.942680 0.333609 -0.007777
vn 0.960605 0.036877 -0.275461
vn 0.923759 -0.084504 -0.373536
vn 0.915713 0.251744 -0.313200
vn 0.388229 -0.085398 -0.917598
vn 0.013504 -0.062580 -0.997949
vn 0.007040 0.334039 -0.942533
vn 0.350827 0.261870 -0.899080
vn -0.006917 0.919679 0.392610
vn -0.056768 0.996708 0.057878
vn -0.393099 0.919473 0.006611
vn -0.351205 0.878495 0.323886
vn -0.942678 0.333613 0.007777
vn -0.997950 -0.062520 0.013682
vn -0.923758 -0.084503 0.373539
vn -0.915709 0.251756 0.313202
vn -0.388227 -0.085399 0.917599
vn -0.283445 0.039960 0.958156
vn -0.007040 0.334035 0.942534
vn -0.350829 0.261866 0.899080
vn -0.392615 0.919677 -0.006917
vn -0.057878 0.996708 -0.056771
vn -0.006611 0.919468 -0.393108
vn -0.323883 0.878496 -0.351206
vn -0.007777 0.333594 -0.942685
vn -0.013682 -0.062521 -0.997950
vn -0.373531 -0.084503 -0.923761
vn -0.313196 0.251746 -0.915714
vn -0.917601 -0.085399 -0.388222
vn -0.997949 -0.062580 -0.013504
vn -0.942526 0.334058 -0.007039
vn -0.899078 0.261884 -0.350821
vn 0.000000 1.000000 0.000000
vn 0.000000 1.000000 0.000000
vn 0.000000 1.000000 0.000000
vn 0.000000 1.000000 0.000000
vn 0.000000 1.000000 0.000000
vn 0.000000 1.000000 0.000000
vn 0.000000 1.000000 0.000000
vn 0.000000 1.000000 0.000000
vn 0.707076 0.009539 0.707073
vn 0.707076 0.009539 0.707073
vn 0.707076 0.009539 0.707073
vn 0.707076 0.009539 0.707073
vn 0.707076 0.009539 -0.707073
vn 0.707076 0.009539 -0.707073
vn 0.707076 0.009539 -0.707073
vn 0.707076 0.009539 -0.707073
vn -0.707076 0.009539 -0.707074
vn -0.707076 0.009539 -0.707074
vn -0.707076 0.009539 -0.707074
vn -0.707076 0.009539 -0.707074
vn -0.707076 0.009539 0.707074
vn -0.707076 0.009539 0.707074
vn -0.707076 0.009539 0.707074
vn -0.707076 0.009539 0.707074
vn -0.007397 0.850445 -0.526012
vn -0.290407 0.911772 -0.290405
vn -0.526015 0.850443 -0.007396
vn -0.526015 0.850443 0.007397
vn -0.290407 0.911772 0.290405
vn -0.007397 0.850445 0.526012
vn 0.007397 0.850445 0.526012
vn 0.290407 0.911772 0.290405
vn 0.526015 0.850443 0.007396
vn 0.526015 0.850443 -0.007397
vn 0.290407 0.911772 -0.290405
vn 0.007397 0.850445 -0.526012
vn 0.609205 -0.507682 0.609203
vn 0.609205 -0.507682 0.609203
vn 0.609205 -0.507682 0.609203
vn 0.609205 -0.507682 0.609203
vn 0.905224 -0.424935 0.000000
vn 0.905224 -0.424935 0.000000
vn 0.905224 -0.424935 0.000000
vn 0.905224 -0.424935 0.000000
vn 0.609204 -0.507683 -0.609203
vn 0.609204 -0.507683 -0.609203
vn 0.609204 -0.507683 -0.609203
vn 0.609204 -0.507683 -0.609203
vn 0.000000 -0.424934 -0.905224
vn 0.000000 -0.424934 -0.905224
vn 0.000000 -0.424934 -0.905224
vn 0.000000 -0.424934 -0.905224
vn -0.609205 -0.507682 -0.609203
vn -0.609205 -0.507682 -0.609203
vn -0.609205 -0.507682 -0.609203
vn -0.609205 -0.507682 -0.609203
vn -0.905224 -0.424935 0.000000
vn -0.905224 -0.424935 0.000000
vn -0.905224 -0.424935 0.000000
vn -0.905224 -0.424935 0.000000
vn -0.609206 -0.507683 0.609201
vn -0.609206 -0.507683 0.609201
vn -0.609206 -0.507683 0.609201
vn -0.609206 -0.507683 0.609201
vn 0.000000 -0.424934 0.905224
vn 0.000000 -0.424934 0.905224
vn 0.000000 -0.424934 0.905224
vn 0.000000 -0.424934 0.905224
vn 0.000000 1.000000 0.000000
vn 0.000000 1.000000 0.000000
vn 0.000000 1.000000 0.000000
vn 0.000000 1.000000 0.000000
vn 0.000000 1.000000 0.000000
vn 0.000000 1.000000 0.000000
vn 0.000000 1.000000 0.000000
vn 0.000000 1.000000 0.000000
vn 0.000000 1.000000 0.000008
vn 0.000000 1.000000 0.000008
vn 0.000000 1.000000 0.000008
vn 0.000000 1.000000 0.000008
vn 0.000000 1.000000 0.000000
vn 0.000000 1.000000 0.000000
vn 0.000000 1.000000 0.000000
vn 0.000000 1.000000 0.000000
vn 0.000000 1.000000 0.000000
vn 0.000000 1.000000 0.000000
vn 0.000000 1.000000 0.000000
vn 0.000000 1.000000 0.000000
vn 0.000000 1.000000 0.000002
vn 0.000000 1.000000 0.000002
vn 0.000000 1.000000 0.000002
vn 0.000000 1.000000 0.000002
vn 0.000000 1.000000 0.000000
vn 0.000000 1.000000 0.000000
vn 0.000000 1.000000 0.000000
vn 0.000000 1.000000 0.000000
vn 0.000000 1.000000 0.000000
vn 0.000000 1.000000 0.000000
vn 0.000000 1.000000 0.000000
vn 0.000000 1.000000 0.000000
vn -0.740011 0.000000 -0.672595
vn -0.740011 0.000000 -0.672595
vn -0.740011 0.000000 -0.672595
vn -0.740011 0.000000 -0.672595
vn -1.000000 0.000000 0.000000
vn -1.000000 0.000000 0.000000
vn -1.000000 0.000000 0.000000
vn -1.000000 0.000000 0.000000
vn -0.740011 0.000000 0.672595
vn -0.740011 0.000000 0.672595
vn -0.740011 0.000000 0.672595
vn -0.740011 0.000000 0.672595
vn 0.000000 0.000000 1.000000
vn 0.000000 0.000000 1.000000
vn 0.000000 0.000000 1.000000
vn 0.000000 0.000000 1.000000
vn 0.740017 0.000000 0.672588
vn 0.740017 0.000000 0.672588
vn 0.740017 0.000000 0.672588
vn 0.740017 0.000000 0.672588
vn 1.000000 0.000000 0.000000
vn 1.000000 0.000000 0.000000
vn 1.000000 0.000000 0.000000
vn 1.000000 0.000000 0.000000
vn 0.740011 0.000000 -0.672595
vn 0.740011 0.000000 -0.672595
vn 0.740011 0.000000 -0.672595
vn 0.740011 0.000000 -0.672595
vn 0.000000 0.000000 -1.000000
vn 0.000000 0.000000 -1.000000
vn 0.000000 0.000000 -1.000000
vn 0.000000 0.000000 -1.000000
vn 0.000000 1.000000 0.000008
vn 0.000000 1.000000 0.000008
vn 0.000000 1.000000 0.000008
vn 0.000000 1.000000 0.000008
vn 0.000000 1.000000 0.000000
vn 0.000000 1.000000 0.000000
vn 0.000000 1.000000 0.000000
vn 0.000000 1.000000 0.000000
vn 0.000000 1.000000 0.000008
vn 0.000000 1.000000 0.000008
vn 0.000000 1.000000 0.000008
vn 0.000000 1.000000 0.000008
vn 0.000000 1.000000 0.000006
vn 0.000000 1.000000 0.000006
vn 0.000000 1.000000 0.000006
vn 0.000000 1.000000 0.000006
vn 0.000000 1.000000 0.000000
vn 0.000000 1.000000 0.000000
vn 0.000000 1.000000 0.000000
vn 0.000000 1.000000 0.000000
vn 0.000000 1.000000 0.000000
vn 0.000000 1.000000 0.000000
vn 0.000000 1.000000 0.000000
vn 0.000000 1.000000 0.000000
vn 0.000000 1.000000 -0.000008
vn 0.000000 1.000000 -0.000008
vn 0.000000 1.000000 -0.000008
vn 0.000000 1.000000 -0.000008
vn 0.000000 1.000000 -0.000006
vn 0.000000 1.000000 -0.000006
vn 0.000000 1.000000 -0.000006
vn 0.000000 1.000000 -0.000006
vn 0.740015 0.000000 0.672591
vn 0.740015 0.000000 0.672591
vn 0.740015 0.000000 0.672591
vn 0.740015 0.000000 0.672591
vn 1.000000 0.000000 0.000000
vn 1.000000 0.000000 0.000000
vn 1.000000 0.000000 0.000000
vn 1.000000 0.000000 0.000000
vn 0.740015 0.000000 -0.672591
vn 0.740015 0.000000 -0.672591
vn 0.740015 0.000000 -0.672591
vn 0.740015 0.000000 -0.672591
vn 0.000000 0.000000 -1.000000
vn 0.000000 0.000000 -1.000000
vn 0.000000 0.000000 -1.000000
vn 0.000000 0.000000 -1.000000
vn -0.740015 0.000000 -0.672591
vn -0.740015 0.000000 -0.672591
vn -0.740015 0.000000 -0.672591
vn -0.740015 0.000000 -0.672591
vn -1.000000 0.000000 0.000000
vn -1.000000 0.000000 0.000000
vn -1.000000 0.000000 0.000000
vn -1.000000 0.000000 0.000000
vn -0.740015 0.000000 0.672591
vn -0.740015 0.000000 0.672591
vn -0.740015 0.000000 0.672591
vn -0.740015 0.000000 0.672591
vn 0.000000 0.000000 1.000000
vn 0.000000 0.000000 1.000000
vn 0.000000 0.000000 1.000000
vn 0.000000 0.000000 1.000000
vn 0.673899 0.004396 -0.738810
vn 0.673899 0.004396 -0.738810
vn 0.673899 0.004396 -0.738810
vn 0.673899 0.004396 -0.738810
vn 0.958330 0.285663 0.000000
vn 0.958330 0.285663 0.000000
vn 0.958330 0.285663 0.000000
vn 0.958330 0.285663 0.000000
vn 0.707160 -0.000510 0.707053
vn 0.707160 -0.000510 0.707053
vn 0.707160 -0.000510 0.707053
vn 0.707160 -0.000510 0.707053
vn 0.917410 -0.397944 0.000550
vn 0.917410 -0.397944 0.000550
vn 0.917410 -0.397944 0.000550
vn 0.917410 -0.397944 0.000550
vn 0.599098 -0.021127 0.800397
vn 0.599098 -0.021127 0.800397
vn 0.599098 -0.021127 0.800397
vn 0.599098 -0.021127 0.800397
vn 0.000000 0.284989 0.958531
vn 0.000000 0.284989 0.958531
vn 0.000000 0.284989 0.958531
vn 0.000000 0.284989 0.958531
vn -0.634207 -0.017090 0.772974
vn -0.634207 -0.017090 0.772974
vn -0.634207 -0.017090 0.772974
vn -0.634207 -0.017090 0.772974
vn -0.000281 -0.242917 0.970047
vn -0.000281 -0.242917 0.970047
vn -0.000281 -0.242917 0.970047
vn -0.000281 -0.242917 0.970047
vn 0.997715 0.067567 0.000000
vn 0.997715 0.067567 0.000000
vn 0.997715 0.067567 0.000000
vn 0.997715 0.067567 0.000000
vn 0.000000 1.000000 0.000000
vn 0.000000 1.000000 0.000000
vn 0.000000 1.000000 0.000000
vn 0.000000 1.000000 0.000000
vn -0.997763 0.066853 -0.000002
vn -0.997763 0.066853 -0.000002
vn -0.997763 0.066853 -0.000002
vn -0.997763 0.066853 -0.000002
vn -0.001692 -0.999999 0.000000
vn -0.001692 -0.999999 0.000000
vn -0.001692 -0.999999 0.000000
vn -0.001692 -0.999999 0.000000
vn 0.000000 0.067568 -0.997715
vn 0.000000 0.067568 -0.997715
vn 0.000000 0.067568 -0.997715
vn 0.000000 0.067568 -0.997715
vn 0.000000 1.000000 0.000000
vn 0.000000 1.000000 0.000000
vn 0.000000 1.000000 0.000000
vn 0.000000 1.000000 0.000000
vn 0.000000 0.066854 0.997763
vn 0.000000 0.066854 0.997763
vn 0.000000 0.066854 0.997763
vn 0.000000 0.066854 0.997763
vn 0.000000 -0.999999 0.001693
vn 0.000000 -0.999999 0.001693
vn 0.000000 -0.999999 0.001693
vn 0.000000 -0.999999 0.001693
vn 0.747065 -0.095148 0.657906
vn 0.747065 -0.095148 0.657906
vn 0.747065 -0.095148 0.657906
vn 0.747065 -0.095148 0.657906
vn 0.947243 -0.320516 0.000000
vn 0.947243 -0.320516 0.000000
vn 0.947243 -0.320516 0.000000
vn 0.947243 -0.320516 0.000000
vn 0.819446 -0.093379 -0.565498
vn 0.819446 -0.093379 -0.565498
vn 0.819446 -0.093379 -0.565498
vn 0.819446 -0.093379 -0.565498
vn 0.979991 0.199039 -0.000468
vn 0.979991 0.199039 -0.000468
vn 0.979991 0.199039 -0.000468
vn 0.979991 0.199039 -0.000468
vn -0.570667 -0.093894 0.815796
vn -0.570667 -0.093894 0.815796
vn -0.570667 -0.093894 0.815796
vn -0.570667 -0.093894 0.815796
vn -0.017298 -0.287937 0.957493
vn -0.017298 -0.287937 0.957493
vn -0.017298 -0.287937 0.957493
vn -0.017298 -0.287937 0.957493
vn 0.529957 -0.092589 0.842955
vn 0.529957 -0.092589 0.842955
vn 0.529957 -0.092589 0.842955
vn 0.529957 -0.092589 0.842955
vn -0.011658 0.163456 0.986482
vn -0.011658 0.163456 0.986482
vn -0.011658 0.163456 0.986482
vn -0.011658 0.163456 0.986482
s off
g Nut1:bed Nut1:Nut Nut1:pole1OBJ_UV4
usemtl lambert40SG
f 733/952/2111 734/953/2112 783/954/2113 782/955/2114 779/956/2115 778/957/2116
f 734/953/2117 735/958/2118 788/959/2119 787/960/2120 784/961/2121 783/954/2122
f 735/958/2123 736/962/2124 793/963/2125 792/964/2126 789/965/2127 788/959/2128
f 736/962/2129 733/952/2130 778/957/2131 777/966/2132 794/967/2133 793/963/2134
f 781/968/2135 779/969/2136 782/970/2137 786/971/2138
f 785/972/2139 784/973/2140 787/974/2141 791/975/2142
f 790/976/2143 789/977/2144 792/978/2145 796/979/2146
f 795/980/2147 794/981/2148 777/982/2149 780/983/2150
f 738/984/2151 737/985/2152 753/986/2153 752/987/2154
f 737/985/2155 742/988/2156 754/989/2157 753/986/2158
f 740/990/2159 739/991/2160 763/992/2161 762/993/2162
f 739/991/2163 738/994/2164 761/995/2165 763/992/2166
f 742/988/2167 741/996/2168 743/997/2169 748/998/2170
f 741/996/2171 740/999/2172 744/1000/2173 743/997/2174
f 746/1001/2175 745/1002/2176 765/1003/2177 764/1004/2178
f 745/1002/2179 744/1005/2180 766/1006/2181 765/1003/2182
f 748/998/2183 747/1007/2184 755/1008/2185 760/1009/2186
f 747/1007/2187 746/1010/2188 756/1011/2189 755/1008/2190
f 750/1012/2191 749/1013/2192 759/1014/2193 758/1015/2194
f 749/1013/2195 754/989/2196 760/1009/2197 759/1014/2198
f 752/1016/2199 751/1017/2200 768/1018/2201 767/1019/2202
f 751/1017/2203 750/1020/2204 769/1021/2205 768/1018/2206
f 758/1022/2207 757/1023/2208 772/1024/2209 771/1025/2210
f 757/1023/2211 756/1026/2212 770/1027/2213 772/1024/2214
f 854/1028/2215 853/1029/2216 855/1030/2217 856/1031/2218
f 750/1020/2219 758/1022/2220 771/1025/2221 769/1021/2222
f 746/1001/2223 764/1004/2224 770/1032/2225 756/1033/2226
f 858/1034/2227 857/1035/2228 859/1036/2229 860/1037/2230
f 742/988/2231 748/998/2232 734/953/2233 733/952/2234
f 748/998/2235 760/1009/2236 735/958/2237 734/953/2238
f 760/1009/2239 754/989/2240 736/962/2241 735/958/2242
f 754/989/2243 742/988/2244 733/952/2245 736/962/2246
f 770/1038/2247 764/1039/2248 765/1040/2249 766/1041/2250 762/1042/2251 763/1043/2252 761/1044/2253 767/1045/2254 768/1046/2255 769/1047/2256 771/1048/2257 772/1049/2258
f 741/996/2259 742/988/2260 737/985/2261 773/1050/2262
f 737/985/2263 738/984/2264 739/1051/2265 773/1050/2266
f 739/1051/2267 740/999/2268 741/996/2269 773/1050/2270
f 747/1007/2271 748/998/2272 743/997/2273 774/1052/2274
f 743/997/2275 744/1000/2276 745/1053/2277 774/1052/2278
f 745/1053/2279 746/1010/2280 747/1007/2281 774/1052/2282
f 753/986/2283 754/989/2284 749/1013/2285 775/1054/2286
f 749/1013/2287 750/1012/2288 751/1055/2289 775/1054/2290
f 751/1055/2291 752/987/2292 753/986/2293 775/1054/2294
f 759/1014/2295 760/1009/2296 755/1008/2297 776/1056/2298
f 755/1008/2299 756/1057/2300 757/1058/2301 776/1056/2302
f 757/1058/2303 758/1015/2304 759/1014/2305 776/1056/2306
f 830/1059/2307 829/1060/2308 831/1061/2309 832/1062/2310 833/1063/2311 834/1064/2312 835/1065/2313 836/1066/2314
f 777/982/2315 779/969/2316 781/968/2317 780/983/2318
f 782/970/2319 784/973/2320 785/972/2321 786/971/2322
f 787/1067/2323 789/977/2324 790/976/2325 791/1068/2326
f 792/978/2327 794/981/2328 795/980/2329 796/979/2330
f 777/966/2331 778/957/2332 779/956/2333
f 782/955/2334 783/954/2335 784/961/2336
f 787/960/2337 788/959/2338 789/965/2339
f 792/964/2340 793/963/2341 794/967/2342
f 780/983/2343 781/968/2344 797/1069/2345 798/1070/2346
f 781/968/2347 786/971/2348 799/1071/2349 797/1069/2350
f 786/971/2351 785/972/2352 800/1072/2353 799/1071/2354
f 785/972/2355 791/975/2356 801/1073/2357 800/1072/2358
f 791/1068/2359 790/976/2360 802/1074/2361 801/1075/2362
f 790/976/2363 796/979/2364 803/1076/2365 802/1074/2366
f 796/979/2367 795/980/2368 804/1077/2369 803/1076/2370
f 795/980/2371 780/983/2372 798/1070/2373 804/1077/2374
f 798/1078/2375 797/1079/2376 805/1080/2377 806/1081/2378
f 797/1079/2379 799/1082/2380 807/1083/2381 805/1080/2382
f 799/1082/2383 800/1084/2384 808/1085/2385 807/1083/2386
f 800/1084/2387 801/1086/2388 809/1087/2389 808/1085/2390
f 801/1086/2391 802/1088/2392 810/1089/2393 809/1087/2394
f 802/1088/2395 803/1090/2396 811/1091/2397 810/1089/2398
f 803/1090/2399 804/1092/2400 812/1093/2401 811/1091/2402
f 804/1092/2403 798/1078/2404 806/1081/2405 812/1093/2406
f 806/1081/2407 805/1080/2408 813/1094/2409 814/1095/2410
f 805/1080/2411 807/1083/2412 815/1096/2413 813/1094/2414
f 807/1083/2415 808/1085/2416 816/1097/2417 815/1096/2418
f 808/1085/2419 809/1087/2420 817/1098/2421 816/1097/2422
f 809/1087/2423 810/1089/2424 818/1099/2425 817/1098/2426
f 810/1089/2427 811/1091/2428 819/1100/2429 818/1099/2430
f 811/1091/2431 812/1093/2432 820/1101/2433 819/1100/2434
f 812/1093/2435 806/1081/2436 814/1095/2437 820/1101/2438
f 814/1095/2439 813/1094/2440 821/1102/2441 822/1103/2442
f 813/1094/2443 815/1096/2444 823/1104/2445 821/1102/2446
f 815/1096/2447 816/1097/2448 824/1105/2449 823/1104/2450
f 816/1097/2451 817/1098/2452 825/1106/2453 824/1105/2454
f 817/1098/2455 818/1099/2456 826/1107/2457 825/1106/2458
f 818/1099/2459 819/1100/2460 827/1108/2461 826/1107/2462
f 819/1100/2463 820/1101/2464 828/1109/2465 827/1108/2466
f 820/1101/2467 814/1095/2468 822/1103/2469 828/1109/2470
f 822/1103/2471 821/1102/2472 829/1110/2473 830/1111/2474
f 821/1102/2475 823/1104/2476 831/1112/2477 829/1110/2478
f 823/1104/2479 824/1105/2480 832/1113/2481 831/1112/2482
f 824/1105/2483 825/1106/2484 833/1114/2485 832/1113/2486
f 825/1106/2487 826/1107/2488 834/1115/2489 833/1114/2490
f 826/1107/2491 827/1108/2492 835/1116/2493 834/1115/2494
f 827/1108/2495 828/1109/2496 836/1117/2497 835/1116/2498
f 828/1109/2499 822/1103/2500 830/1111/2501 836/1117/2502
f 740/990/2503 762/993/2504 837/1118/2505 838/1119/2506
f 762/993/2507 766/1006/2508 839/1120/2509 837/1118/2510
f 766/1006/2511 744/1005/2512 840/1121/2513 839/1120/2514
f 744/1005/2515 740/990/2516 838/1119/2517 840/1121/2518
f 752/1016/2519 767/1019/2520 841/1122/2521 842/1123/2522
f 767/1019/2523 761/995/2524 843/1124/2525 841/1122/2526
f 761/995/2527 738/994/2528 844/1125/2529 843/1124/2530
f 738/994/2531 752/1016/2532 842/1123/2533 844/1125/2534
f 842/1123/2535 841/1122/2536 845/1126/2537 846/1127/2538
f 841/1122/2539 843/1124/2540 847/1128/2541 845/1126/2542
f 843/1124/2543 844/1125/2544 848/1129/2545 847/1128/2546
f 844/1125/2547 842/1123/2548 846/1127/2549 848/1129/2550
f 838/1119/2551 837/1118/2552 849/1130/2553 850/1131/2554
f 837/1118/2555 839/1120/2556 851/1132/2557 849/1130/2558
f 839/1120/2559 840/1121/2560 852/1133/2561 851/1132/2562
f 840/1121/2563 838/1119/2564 850/1131/2565 852/1133/2566
f 850/1134/2567 849/1135/2568 853/1029/2569 854/1028/2570
f 849/1135/2571 851/1136/2572 855/1030/2573 853/1029/2574
f 851/1136/2575 852/1137/2576 856/1031/2577 855/1030/2578
f 852/1137/2579 850/1134/2580 854/1028/2581 856/1031/2582
f 846/1138/2583 845/1139/2584 857/1035/2585 858/1034/2586
f 845/1139/2587 847/1140/2588 859/1036/2589 857/1035/2590
f 847/1140/2591 848/1141/2592 860/1037/2593 859/1036/2594
f 848/1141/2595 846/1138/2596 858/1034/2597 860/1037/2598
g default
v -3.987008 5.834947 0.528756
v -4.739639 6.163814 0.528756
v -5.688010 6.470690 0.528756
v -6.739286 6.576432 0.528756
v -7.790563 6.470690 0.528756
v -8.738934 6.163813 0.528756
v -9.491564 5.834947 0.528756
v -3.987008 5.834947 1.371513
v -4.739639 6.163814 1.371513
v -5.688010 6.470690 1.371513
v -6.739286 6.576432 1.371513
v -7.790563 6.470690 1.371513
v -8.738934 6.163813 1.371513
v -9.491564 5.834947 1.371513
v -3.987008 3.630995 0.528756
v -4.739639 3.631001 0.528756
v -4.739639 3.631001 1.371513
v -3.987008 3.630995 1.371513
v -5.688010 3.631004 0.528756
v -5.688010 3.631004 1.371513
v -6.739286 3.631005 0.528756
v -6.739286 3.631005 1.371513
v -7.790563 3.631004 0.528756
v -7.790563 3.631004 1.371513
v -8.738934 3.631001 0.528756
v -8.738934 3.631001 1.371513
v -9.491564 3.630995 0.528756
v -9.491564 3.630995 1.371513
v -7.885296 6.072064 1.371513
v -7.885296 4.036152 1.371513
v -7.033442 4.036152 1.371513
v -7.033442 6.146971 1.371513
v -8.557111 5.854676 1.371513
v -8.557111 4.036150 1.371513
v -9.090266 5.621712 1.371513
v -9.090266 4.036146 1.371513
v -4.917357 5.861655 1.371513
v -4.917357 4.026456 1.371513
v -4.379248 4.026452 1.371513
v -4.379248 5.626525 1.371513
v -5.595414 6.081063 1.371513
v -5.595414 4.026457 1.371513
v -6.454188 6.156665 1.371513
v -6.454188 4.026459 1.371513
v -4.511171 5.597243 1.200963
v -4.511171 4.109735 1.200963
v -5.019143 5.819205 1.200963
v -5.019143 4.109739 1.200963
v -5.659225 6.026325 1.200963
v -5.659225 4.109740 1.200963
v -6.368760 6.097693 1.200963
v -6.368760 4.109742 1.200963
v -7.820858 6.017830 1.200963
v -7.820858 4.118892 1.200963
v -7.117855 4.118893 1.200963
v -7.117855 6.088542 1.200963
v -8.455047 5.812617 1.200963
v -8.455047 4.118890 1.200963
v -8.958343 5.592701 1.200963
v -8.958343 4.118887 1.200963
v -4.563062 5.544304 1.368419
v -4.563062 4.132931 1.368419
v -5.059179 5.761086 1.368419
v -5.059179 4.132935 1.368419
v -5.684324 5.963372 1.368419
v -5.684324 4.132936 1.368419
v -6.290133 6.033074 1.368419
v -6.290133 4.132938 1.368419
v -7.795513 5.955074 1.368419
v -7.795513 4.141875 1.368419
v -7.196082 4.141875 1.368419
v -7.196082 6.024137 1.368419
v -8.414901 5.754652 1.368419
v -8.414901 4.141873 1.368419
v -8.906451 5.539867 1.368419
v -8.906451 4.141869 1.368419
v -3.987008 6.605082 -8.852216
v -4.739639 7.265530 -8.852216
v -5.688010 7.653204 -8.852216
v -6.739286 7.793825 -8.852216
v -7.790563 7.653204 -8.852216
v -8.738934 7.265529 -8.852216
v -9.491564 6.605082 -8.852216
v -3.987008 6.605082 -8.069088
v -4.739639 7.265530 -8.069088
v -5.688010 7.653204 -8.069089
v -6.739286 7.793825 -8.069088
v -7.790563 7.653204 -8.069089
v -8.738934 7.265529 -8.069088
v -9.491564 6.605082 -8.069088
v -3.987008 3.714853 -8.852216
v -4.739639 3.714862 -8.852216
v -4.739639 3.714862 -8.069088
v -3.987008 3.714853 -8.069088
v -5.688010 3.714867 -8.852216
v -5.688010 3.714867 -8.069089
v -6.739286 3.714870 -8.852216
v -6.739286 3.714870 -8.069088
v -7.790563 3.714867 -8.852216
v -7.790563 3.714867 -8.069089
v -8.738934 3.714862 -8.852216
v -8.738934 3.714862 -8.069088
v -9.491564 3.714853 -8.852216
v -9.491564 3.714853 -8.069088
v -5.044208 7.035359 -8.069088
v -5.044208 4.025497 -8.069088
v -4.406210 4.025490 -8.069088
v -4.406210 6.475505 -8.069089
v -5.848130 7.363986 -8.069088
v -5.848130 4.025502 -8.069088
v -6.739286 7.483190 -8.069088
v -6.739286 4.025503 -8.069088
v -7.630442 7.363986 -8.069088
v -7.630442 4.025502 -8.069088
v -8.434365 7.035358 -8.069089
v -8.434365 4.025497 -8.069088
v -9.072363 6.475505 -8.069089
v -9.072363 4.025490 -8.069088
v -5.130406 6.970216 -8.204248
v -5.130406 4.113412 -8.204248
v -4.524851 4.113405 -8.204248
v -4.524851 6.438831 -8.204248
v -5.893448 7.282132 -8.204248
v -5.893448 4.113417 -8.204248
v -6.739286 7.395273 -8.204248
v -6.739286 4.113418 -8.204248
v -7.585124 7.282132 -8.204248
v -7.585124 4.113417 -8.204248
v -8.348166 6.970215 -8.204248
v -8.348166 4.113412 -8.204248
v -8.953720 6.438831 -8.204248
v -8.953720 4.113405 -8.204248
v -5.189425 6.925614 -8.069143
v -5.189425 4.173606 -8.069143
v -4.606083 4.173599 -8.069144
v -4.606083 6.413722 -8.069143
v -5.924476 7.226089 -8.069142
v -5.924476 4.173611 -8.069143
v -6.739286 7.335079 -8.069143
v -6.739286 4.173612 -8.069143
v -7.554097 7.226089 -8.069142
v -7.554097 4.173611 -8.069143
v -8.289147 6.925614 -8.069143
v -8.289147 4.173607 -8.069143
v -8.872488 6.413722 -8.069143
v -8.872488 4.173599 -8.069144
vt 0.780523 0.604842
vt 0.821674 0.604842
vt 0.821674 0.641592
vt 0.780523 0.641592
vt 0.821674 0.687899
vt 0.780523 0.687899
vt 0.821674 0.739231
vt 0.780523 0.739231
vt 0.821674 0.790563
vt 0.780523 0.790563
vt 0.821674 0.836870
vt 0.780523 0.836870
vt 0.821674 0.873619
vt 0.780523 0.873619
vt 0.780523 0.497227
vt 0.780523 0.457123
vt 0.821674 0.457123
vt 0.821674 0.497227
vt 0.780523 0.408451
vt 0.821674 0.408451
vt 0.780523 0.356861
vt 0.821674 0.356861
vt 0.780523 0.305270
vt 0.821674 0.305270
vt 0.780523 0.256598
vt 0.821674 0.256598
vt 0.780523 0.216494
vt 0.821674 0.216494
vt 0.091789 0.355130
vt 0.091789 0.247515
vt 0.128539 0.247515
vt 0.128539 0.371188
vt 0.345367 0.491164
vt 0.342117 0.560172
vt 0.317433 0.569223
vt 0.321145 0.489949
vt 0.174846 0.247515
vt 0.174846 0.386172
vt 0.286662 0.577468
vt 0.290513 0.488496
vt 0.226178 0.247515
vt 0.226178 0.391335
vt 0.257161 0.580361
vt 0.260786 0.487284
vt 0.277510 0.247515
vt 0.277510 0.386172
vt 0.158156 0.576006
vt 0.154334 0.487874
vt 0.183748 0.486672
vt 0.187347 0.578873
vt 0.323817 0.247515
vt 0.323817 0.371188
vt 0.127668 0.567841
vt 0.123984 0.489316
vt 0.360567 0.247515
vt 0.360567 0.355130
vt 0.780523 0.108879
vt 0.821674 0.108879
vt 0.103211 0.558876
vt 0.099985 0.490522
vt 0.176350 0.647037
vt 0.223095 0.655406
vt 0.205230 0.673524
vt 0.171409 0.671870
vt 0.222963 0.774562
vt 0.205183 0.755134
vt 0.173559 0.777352
vt 0.170460 0.753293
vt 0.138783 0.645667
vt 0.147540 0.670432
vt 0.135917 0.764098
vt 0.146671 0.744752
vt 0.100098 0.745700
vt 0.099404 0.649353
vt 0.123918 0.670003
vt 0.124580 0.734773
vt 0.306600 0.646027
vt 0.345730 0.649935
vt 0.321753 0.669899
vt 0.297971 0.670175
vt 0.344954 0.745357
vt 0.321053 0.734765
vt 0.309509 0.763775
vt 0.298938 0.744940
vt 0.269364 0.647208
vt 0.274093 0.671460
vt 0.272228 0.776953
vt 0.275061 0.753449
vt 0.240368 0.673187
vt 0.240164 0.755459
vt 0.306801 0.729287
vt 0.308657 0.678946
vt 0.291436 0.734553
vt 0.293358 0.683043
vt 0.271885 0.741464
vt 0.272998 0.683848
vt 0.251323 0.747196
vt 0.251719 0.681448
vt 0.193880 0.681649
vt 0.172517 0.684302
vt 0.194050 0.746866
vt 0.173552 0.741340
vt 0.152236 0.683264
vt 0.154193 0.734267
vt 0.137022 0.679145
vt 0.138875 0.729310
vt 0.353974 0.490458
vt 0.350542 0.563184
vt 0.346287 0.568101
vt 0.320804 0.577404
vt 0.323490 0.481800
vt 0.348299 0.483041
vt 0.288813 0.586020
vt 0.292106 0.480305
vt 0.253982 0.589368
vt 0.248012 0.583191
vt 0.251800 0.485819
vt 0.257289 0.478876
vt 0.152729 0.479685
vt 0.187225 0.478266
vt 0.192726 0.485217
vt 0.196487 0.581692
vt 0.190504 0.587876
vt 0.155992 0.584554
vt 0.121633 0.481168
vt 0.124291 0.576017
vt 0.094786 0.561883
vt 0.091379 0.489827
vt 0.097053 0.482400
vt 0.099041 0.566803
vt 0.889774 0.646943
vt 0.928012 0.646943
vt 0.928012 0.683692
vt 0.889773 0.683692
vt 0.928012 0.730000
vt 0.889773 0.730000
vt 0.928012 0.781331
vt 0.889773 0.781331
vt 0.928012 0.832663
vt 0.889773 0.832663
vt 0.928012 0.878970
vt 0.889773 0.878970
vt 0.928012 0.915720
vt 0.889773 0.915720
vt 0.889774 0.505819
vt 0.889774 0.456926
vt 0.928012 0.456926
vt 0.928012 0.505819
vt 0.889774 0.406899
vt 0.928012 0.406899
vt 0.889774 0.355110
vt 0.928013 0.355110
vt 0.889774 0.303321
vt 0.928013 0.303321
vt 0.889774 0.253295
vt 0.928013 0.253295
vt 0.889774 0.204402
vt 0.928013 0.204402
vt 0.430890 0.338024
vt 0.430890 0.196899
vt 0.467640 0.196900
vt 0.467640 0.370272
vt 0.638385 0.618977
vt 0.638385 0.484601
vt 0.666868 0.484601
vt 0.666868 0.593982
vt 0.513947 0.196900
vt 0.513947 0.389202
vt 0.602494 0.633648
vt 0.602494 0.484602
vt 0.565279 0.196900
vt 0.565279 0.396068
vt 0.562708 0.638970
vt 0.562708 0.484602
vt 0.616611 0.196900
vt 0.616611 0.389202
vt 0.522922 0.633648
vt 0.522922 0.484602
vt 0.662918 0.196900
vt 0.662918 0.370272
vt 0.487031 0.618977
vt 0.487031 0.484601
vt 0.699667 0.196899
vt 0.699667 0.338024
vt 0.889774 0.063278
vt 0.928013 0.063278
vt 0.458548 0.593982
vt 0.458548 0.484601
vt 0.622591 0.711134
vt 0.664958 0.718259
vt 0.635790 0.732438
vt 0.609300 0.733290
vt 0.661483 0.823069
vt 0.632769 0.815316
vt 0.627064 0.853625
vt 0.609551 0.834760
vt 0.589861 0.714503
vt 0.584137 0.736792
vt 0.592159 0.864531
vt 0.583923 0.843272
vt 0.557135 0.716481
vt 0.557136 0.738263
vt 0.556957 0.867907
vt 0.556997 0.846095
vt 0.524299 0.714544
vt 0.530060 0.736883
vt 0.521861 0.864347
vt 0.530155 0.843096
vt 0.491258 0.710525
vt 0.504696 0.733038
vt 0.487209 0.853746
vt 0.504730 0.834805
vt 0.453034 0.824083
vt 0.448749 0.717273
vt 0.478016 0.731430
vt 0.481708 0.816184
vt 0.623223 0.740306
vt 0.605399 0.745257
vt 0.619598 0.810929
vt 0.601797 0.824586
vt 0.582428 0.748499
vt 0.580227 0.831725
vt 0.557146 0.749767
vt 0.557013 0.834102
vt 0.531800 0.748624
vt 0.533875 0.831534
vt 0.508647 0.745210
vt 0.512499 0.824563
vt 0.490599 0.739254
vt 0.494874 0.811829
vt 0.641267 0.477379
vt 0.670835 0.477379
vt 0.674566 0.481662
vt 0.674566 0.595208
vt 0.673439 0.598175
vt 0.643870 0.624122
vt 0.604009 0.477380
vt 0.642850 0.625029
vt 0.605592 0.640259
vt 0.562708 0.477380
vt 0.604578 0.640645
vt 0.563278 0.646170
vt 0.521407 0.477380
vt 0.562138 0.646170
vt 0.520837 0.640645
vt 0.484149 0.477379
vt 0.519824 0.640259
vt 0.482566 0.625029
vt 0.450850 0.595208
vt 0.450850 0.481662
vt 0.454581 0.477379
vt 0.481545 0.624122
vt 0.451977 0.598175
vn -0.000008 -1.000000 0.000000
vn -0.000008 -1.000000 0.000000
vn -0.000008 -1.000000 0.000000
vn -0.000008 -1.000000 0.000000
vn -0.000003 -1.000000 0.000000
vn -0.000003 -1.000000 0.000000
vn -0.000003 -1.000000 0.000000
vn -0.000003 -1.000000 0.000000
vn -0.000001 -1.000000 0.000000
vn -0.000001 -1.000000 0.000000
vn -0.000001 -1.000000 0.000000
vn -0.000001 -1.000000 0.000000
vn 0.000001 -1.000000 0.000000
vn 0.000001 -1.000000 0.000000
vn 0.000001 -1.000000 0.000000
vn 0.000001 -1.000000 0.000000
vn 0.000003 -1.000000 0.000000
vn 0.000003 -1.000000 0.000000
vn 0.000003 -1.000000 0.000000
vn 0.000003 -1.000000 0.000000
vn 0.000008 -1.000000 0.000000
vn 0.000008 -1.000000 0.000000
vn 0.000008 -1.000000 0.000000
vn 0.000008 -1.000000 0.000000
vn 0.400401 0.916340 0.000000
vn 0.400401 0.916340 0.000000
vn 0.400401 0.916340 0.000000
vn 0.400401 0.916340 0.000000
vn 0.307866 0.951430 0.000000
vn 0.307866 0.951430 0.000000
vn 0.307866 0.951430 0.000000
vn 0.307866 0.951430 0.000000
vn 0.100080 0.994979 0.000000
vn 0.100080 0.994979 0.000000
vn 0.100080 0.994979 0.000000
vn 0.100080 0.994979 0.000000
vn -0.100080 0.994979 0.000000
vn -0.100080 0.994979 0.000000
vn -0.100080 0.994979 0.000000
vn -0.100080 0.994979 0.000000
vn -0.307867 0.951430 0.000000
vn -0.307867 0.951430 0.000000
vn -0.307867 0.951430 0.000000
vn -0.307867 0.951430 0.000000
vn -0.400400 0.916340 0.000000
vn -0.400400 0.916340 0.000000
vn -0.400400 0.916340 0.000000
vn -0.400400 0.916340 0.000000
vn 0.000000 0.000000 -1.000000
vn 0.000000 0.000000 -1.000000
vn 0.000000 0.000000 -1.000000
vn 0.000000 0.000000 -1.000000
vn 0.000000 0.000000 1.000000
vn 0.000000 0.000000 1.000000
vn 0.000000 0.000000 1.000000
vn 0.000000 0.000000 1.000000
vn 1.000000 0.000000 0.000000
vn 1.000000 0.000000 0.000000
vn 1.000000 0.000000 0.000000
vn 1.000000 0.000000 0.000000
vn 0.000000 0.000000 -1.000000
vn 0.000000 0.000000 -1.000000
vn 0.000000 0.000000 -1.000000
vn 0.000000 0.000000 -1.000000
vn 0.000000 0.000000 1.000000
vn 0.000000 0.000000 1.000000
vn 0.000000 0.000000 1.000000
vn 0.000000 0.000000 1.000000
vn 0.000000 0.000000 -1.000000
vn 0.000000 0.000000 -1.000000
vn 0.000000 0.000000 -1.000000
vn 0.000000 0.000000 -1.000000
vn 0.000000 0.000000 1.000000
vn 0.000000 0.000000 1.000000
vn 0.000000 0.000000 1.000000
vn 0.000000 0.000000 1.000000
vn 0.000000 0.000000 -1.000000
vn 0.000000 0.000000 -1.000000
vn 0.000000 0.000000 -1.000000
vn 0.000000 0.000000 -1.000000
vn 0.000000 0.000000 1.000000
vn 0.000000 0.000000 1.000000
vn 0.000000 0.000000 1.000000
vn 0.000000 0.000000 1.000000
vn 0.000000 0.000000 -1.000000
vn 0.000000 0.000000 -1.000000
vn 0.000000 0.000000 -1.000000
vn 0.000000 0.000000 -1.000000
vn 0.000000 0.000000 1.000000
vn 0.000000 0.000000 1.000000
vn 0.000000 0.000000 1.000000
vn 0.000000 0.000000 1.000000
vn 0.000000 0.000000 -1.000000
vn 0.000000 0.000000 -1.000000
vn 0.000000 0.000000 -1.000000
vn 0.000000 0.000000 -1.000000
vn -1.000000 0.000000 0.000000
vn -1.000000 0.000000 0.000000
vn -1.000000 0.000000 0.000000
vn -1.000000 0.000000 0.000000
vn 0.000000 0.000000 1.000000
vn 0.000000 0.000000 1.000000
vn 0.000000 0.000000 1.000000
vn 0.000000 0.000000 1.000000
vn 0.000000 0.000000 1.000000
vn 0.000000 0.000000 1.000000
vn 0.000000 0.000000 1.000000
vn 0.000000 0.000000 1.000000
vn 0.000000 0.000000 1.000000
vn 0.000000 0.000000 1.000000
vn 0.000000 0.000000 1.000000
vn 0.000000 0.000000 1.000000
vn 0.000000 0.000000 1.000000
vn 0.000000 0.000000 1.000000
vn 0.000000 0.000000 1.000000
vn 0.000000 0.000000 1.000000
vn 0.000000 0.000000 1.000000
vn 0.000000 0.000000 1.000000
vn 0.000000 0.000000 1.000000
vn 0.000000 0.000000 1.000000
vn 0.000000 0.000000 1.000000
vn 0.000000 0.000000 1.000000
vn 0.000000 0.000000 1.000000
vn 0.000000 0.000000 1.000000
vn 0.000000 0.000000 1.000000
vn 0.000000 0.000000 1.000000
vn 0.000000 0.000000 1.000000
vn 0.000000 0.000000 1.000000
vn 0.000000 0.000000 1.000000
vn 0.000000 0.000000 1.000000
vn 0.000000 0.000000 1.000000
vn 0.000000 0.000000 1.000000
vn 0.000000 0.000000 1.000000
vn 0.000000 0.000000 1.000000
vn 0.000000 0.000000 1.000000
vn 0.000000 0.000000 1.000000
vn 0.000000 0.000000 1.000000
vn 0.000000 0.000000 1.000000
vn 0.000000 0.000000 1.000000
vn 0.000000 0.000000 1.000000
vn 0.000000 0.000000 1.000000
vn 0.000000 0.000000 1.000000
vn 0.000000 0.000000 1.000000
vn 0.000000 0.000000 1.000000
vn 0.000000 0.000000 1.000000
vn 0.000000 0.000000 1.000000
vn 0.000000 0.000000 1.000000
vn 0.000000 0.000000 1.000000
vn 0.000000 0.000000 1.000000
vn 0.000000 0.000000 1.000000
vn 0.000000 0.000000 1.000000
vn 0.000000 0.000000 1.000000
vn 0.000000 0.000000 1.000000
vn 0.000000 0.000000 1.000000
vn 0.000000 0.000000 1.000000
vn 0.000000 0.000000 1.000000
vn 0.000000 0.000000 1.000000
vn 0.000000 0.000000 1.000000
vn 0.000000 0.000000 1.000000
vn 0.000000 0.000000 1.000000
vn 0.000000 0.000000 1.000000
vn 0.000000 0.000000 1.000000
vn 0.000000 0.000000 1.000000
vn 0.000000 0.000000 1.000000
vn 0.000000 0.000000 1.000000
vn 0.000000 0.000000 1.000000
vn 0.000000 0.000000 1.000000
vn 0.000000 0.000000 1.000000
vn -0.790983 0.000000 0.611838
vn -0.790983 0.000000 0.611838
vn -0.790983 0.000000 0.611838
vn -0.790983 0.000000 0.611838
vn -0.362784 -0.830253 0.423164
vn -0.362785 -0.830253 0.423164
vn -0.362784 -0.830253 0.423164
vn -0.362784 -0.830253 0.423164
vn 0.000007 0.898589 0.438792
vn 0.000007 0.898589 0.438792
vn 0.000007 0.898589 0.438792
vn 0.000007 0.898589 0.438792
vn -0.283792 -0.877029 0.387662
vn -0.283792 -0.877029 0.387662
vn -0.283792 -0.877029 0.387662
vn -0.283792 -0.877029 0.387662
vn 0.000002 0.898588 0.438794
vn 0.000002 0.898588 0.438793
vn 0.000002 0.898588 0.438793
vn 0.000002 0.898588 0.438794
vn -0.088709 -0.946608 0.309941
vn -0.088709 -0.946608 0.309941
vn -0.088709 -0.946608 0.309941
vn -0.088709 -0.946608 0.309941
vn 0.894107 0.000000 0.447853
vn 0.894107 0.000000 0.447853
vn 0.894107 0.000000 0.447853
vn 0.894107 0.000000 0.447853
vn 0.000002 0.898586 0.438797
vn 0.000002 0.898586 0.438797
vn 0.000002 0.898586 0.438797
vn 0.000002 0.898586 0.438797
vn -0.000001 0.899712 0.436484
vn -0.000001 0.899712 0.436484
vn -0.000001 0.899712 0.436484
vn -0.000001 0.899712 0.436484
vn -0.896233 0.000000 0.443583
vn -0.896233 0.000000 0.443583
vn -0.896233 0.000000 0.443583
vn -0.896233 0.000000 0.443583
vn 0.088722 -0.947337 0.307702
vn 0.088722 -0.947337 0.307702
vn 0.088722 -0.947337 0.307702
vn 0.088722 -0.947337 0.307702
vn -0.000003 0.899713 0.436482
vn -0.000003 0.899713 0.436482
vn -0.000003 0.899713 0.436482
vn -0.000003 0.899713 0.436482
vn 0.283962 -0.877556 0.386343
vn 0.283962 -0.877556 0.386343
vn 0.283962 -0.877556 0.386343
vn 0.283962 -0.877556 0.386343
vn 0.790983 0.000000 0.611838
vn 0.790983 0.000000 0.611838
vn 0.790983 0.000000 0.611838
vn 0.790983 0.000000 0.611838
vn -0.000007 0.899714 0.436479
vn -0.000007 0.899714 0.436479
vn -0.000007 0.899714 0.436479
vn -0.000007 0.899714 0.436479
vn 0.362984 -0.830717 0.422080
vn 0.362984 -0.830717 0.422080
vn 0.362984 -0.830717 0.422080
vn 0.362984 -0.830717 0.422080
vn 0.955191 0.000000 0.295991
vn 0.955191 0.000000 0.295991
vn 0.955191 0.000000 0.295992
vn 0.955191 0.000000 0.295991
vn 0.369982 0.846722 0.382330
vn 0.369982 0.846722 0.382330
vn 0.369982 0.846722 0.382330
vn 0.369982 0.846722 0.382330
vn -0.000008 -0.990542 0.137211
vn -0.000008 -0.990542 0.137211
vn -0.000008 -0.990542 0.137211
vn -0.000008 -0.990542 0.137211
vn 0.285470 0.882214 0.374441
vn 0.285470 0.882214 0.374441
vn 0.285470 0.882214 0.374441
vn 0.285470 0.882214 0.374441
vn -0.000002 -0.990542 0.137211
vn -0.000002 -0.990542 0.137211
vn -0.000002 -0.990542 0.137211
vn -0.000002 -0.990542 0.137211
vn 0.100280 0.935016 0.340130
vn 0.100280 0.935016 0.340130
vn 0.100280 0.935016 0.340130
vn 0.100280 0.935016 0.340130
vn -0.905186 0.000000 0.425017
vn -0.905186 0.000000 0.425017
vn -0.905186 0.000000 0.425017
vn -0.905186 0.000000 0.425017
vn -0.000003 -0.990542 0.137208
vn -0.000003 -0.990542 0.137208
vn -0.000003 -0.990542 0.137208
vn -0.000003 -0.990542 0.137208
vn 0.000000 -0.990713 0.135969
vn 0.000000 -0.990713 0.135969
vn 0.000000 -0.990713 0.135969
vn 0.000000 -0.990713 0.135969
vn 0.906016 0.000000 0.423244
vn 0.906016 0.000000 0.423244
vn 0.906016 0.000000 0.423244
vn 0.906016 0.000000 0.423244
vn -0.100376 0.935317 0.339275
vn -0.100376 0.935317 0.339275
vn -0.100376 0.935317 0.339275
vn -0.100376 0.935317 0.339275
vn 0.000003 -0.990713 0.135969
vn 0.000003 -0.990713 0.135969
vn 0.000003 -0.990713 0.135969
vn 0.000003 -0.990713 0.135969
vn -0.285535 0.882419 0.373906
vn -0.285535 0.882419 0.373906
vn -0.285535 0.882419 0.373906
vn -0.285535 0.882419 0.373906
vn -0.955190 0.000000 0.295994
vn -0.955190 0.000000 0.295994
vn -0.955190 0.000000 0.295994
vn -0.955190 0.000000 0.295994
vn 0.000008 -0.990713 0.135971
vn 0.000008 -0.990713 0.135971
vn 0.000008 -0.990713 0.135971
vn 0.000008 -0.990713 0.135971
vn -0.370054 0.846896 0.381873
vn -0.370054 0.846896 0.381873
vn -0.370054 0.846896 0.381873
vn -0.370054 0.846896 0.381873
vn -0.000012 -1.000000 0.000000
vn -0.000012 -1.000000 0.000000
vn -0.000012 -1.000000 0.000000
vn -0.000012 -1.000000 0.000000
vn -0.000005 -1.000000 0.000000
vn -0.000005 -1.000000 0.000000
vn -0.000005 -1.000000 0.000000
vn -0.000005 -1.000000 0.000000
vn -0.000003 -1.000000 0.000000
vn -0.000003 -1.000000 0.000000
vn -0.000003 -1.000000 0.000000
vn -0.000003 -1.000000 0.000000
vn 0.000003 -1.000000 0.000000
vn 0.000003 -1.000000 0.000000
vn 0.000003 -1.000000 0.000000
vn 0.000003 -1.000000 0.000000
vn 0.000005 -1.000000 0.000000
vn 0.000005 -1.000000 0.000000
vn 0.000005 -1.000000 0.000000
vn 0.000005 -1.000000 0.000000
vn 0.000012 -1.000000 0.000000
vn 0.000012 -1.000000 0.000000
vn 0.000012 -1.000000 0.000000
vn 0.000012 -1.000000 0.000000
vn 0.659576 0.751638 0.000000
vn 0.659576 0.751638 0.000000
vn 0.659576 0.751638 0.000000
vn 0.659576 0.751638 0.000000
vn 0.378386 0.925648 0.000000
vn 0.378386 0.925648 0.000000
vn 0.378386 0.925648 0.000000
vn 0.378386 0.925648 0.000000
vn 0.132582 0.991172 0.000000
vn 0.132582 0.991172 0.000000
vn 0.132582 0.991172 0.000000
vn 0.132582 0.991172 0.000000
vn -0.132582 0.991172 0.000000
vn -0.132582 0.991172 0.000000
vn -0.132582 0.991172 0.000000
vn -0.132582 0.991172 0.000000
vn -0.378387 0.925648 0.000000
vn -0.378387 0.925648 0.000000
vn -0.378387 0.925648 0.000000
vn -0.378387 0.925648 0.000000
vn -0.659576 0.751638 0.000000
vn -0.659576 0.751638 0.000000
vn -0.659576 0.751638 0.000000
vn -0.659576 0.751638 0.000000
vn 0.000001 0.000000 -1.000000
vn 0.000001 0.000000 -1.000000
vn 0.000001 0.000000 -1.000000
vn 0.000001 0.000000 -1.000000
vn 0.000000 0.000000 1.000000
vn 0.000000 0.000000 1.000000
vn 0.000000 0.000000 1.000000
vn 0.000000 0.000000 1.000000
vn 1.000000 0.000000 0.000000
vn 1.000000 0.000000 0.000000
vn 1.000000 0.000000 0.000000
vn 1.000000 0.000000 0.000000
vn -0.000001 0.000000 -1.000000
vn -0.000001 0.000000 -1.000000
vn -0.000001 0.000000 -1.000000
vn -0.000001 0.000000 -1.000000
vn 0.000000 0.000000 1.000000
vn 0.000000 0.000000 1.000000
vn 0.000000 0.000000 1.000000
vn 0.000000 0.000000 1.000000
vn -0.000001 0.000000 -1.000000
vn -0.000001 0.000000 -1.000000
vn -0.000001 0.000000 -1.000000
vn -0.000001 0.000000 -1.000000
vn 0.000000 0.000000 1.000000
vn 0.000000 0.000000 1.000000
vn 0.000000 0.000000 1.000000
vn 0.000000 0.000000 1.000000
vn 0.000001 0.000000 -1.000000
vn 0.000001 0.000000 -1.000000
vn 0.000001 0.000000 -1.000000
vn 0.000001 0.000000 -1.000000
vn 0.000000 0.000000 1.000000
vn 0.000000 0.000000 1.000000
vn 0.000000 0.000000 1.000000
vn 0.000000 0.000000 1.000000
vn 0.000000 0.000000 -1.000000
vn 0.000000 0.000000 -1.000000
vn 0.000000 0.000000 -1.000000
vn 0.000000 0.000000 -1.000000
vn 0.000000 0.000000 1.000000
vn 0.000000 0.000000 1.000000
vn 0.000000 0.000000 1.000000
vn 0.000000 0.000000 1.000000
vn 0.000000 0.000000 -1.000000
vn 0.000000 0.000000 -1.000000
vn 0.000000 0.000000 -1.000000
vn 0.000000 0.000000 -1.000000
vn -1.000000 0.000000 0.000000
vn -1.000000 0.000000 0.000000
vn -1.000000 0.000000 0.000000
vn -1.000000 0.000000 0.000000
vn 0.000000 0.000000 1.000000
vn 0.000000 0.000000 1.000000
vn 0.000000 0.000000 1.000000
vn 0.000000 0.000000 1.000000
vn 0.000001 0.000000 1.000000
vn 0.000001 0.000000 1.000000
vn 0.000001 0.000000 1.000000
vn 0.000001 0.000000 1.000000
vn 0.000001 0.000000 1.000000
vn 0.000001 0.000000 1.000000
vn 0.000001 0.000000 1.000000
vn 0.000001 0.000000 1.000000
vn 0.000000 -0.000001 1.000000
vn 0.000000 -0.000001 1.000000
vn 0.000000 -0.000001 1.000000
vn 0.000000 -0.000001 1.000000
vn 0.000000 -0.000002 1.000000
vn 0.000000 -0.000002 1.000000
vn 0.000000 -0.000002 1.000000
vn 0.000000 -0.000002 1.000000
vn 0.000001 0.000002 1.000000
vn 0.000001 0.000002 1.000000
vn 0.000001 0.000002 1.000000
vn 0.000001 0.000002 1.000000
vn 0.000000 -0.000001 1.000000
vn 0.000000 -0.000001 1.000000
vn 0.000000 -0.000001 1.000000
vn 0.000000 -0.000001 1.000000
vn 0.000000 0.000001 1.000000
vn 0.000000 0.000001 1.000000
vn 0.000000 0.000001 1.000000
vn 0.000000 0.000001 1.000000
vn 0.000000 -0.000001 1.000000
vn 0.000000 -0.000001 1.000000
vn 0.000000 -0.000001 1.000000
vn 0.000000 -0.000001 1.000000
vn -0.000001 0.000001 1.000000
vn -0.000001 0.000001 1.000000
vn -0.000001 0.000001 1.000000
vn -0.000001 0.000001 1.000000
vn 0.000000 -0.000002 1.000000
vn 0.000000 -0.000002 1.000000
vn 0.000000 -0.000002 1.000000
vn 0.000000 -0.000002 1.000000
vn -0.000002 0.000000 1.000000
vn -0.000002 0.000000 1.000000
vn -0.000002 0.000000 1.000000
vn -0.000002 0.000000 1.000000
vn 0.000000 0.000000 1.000000
vn 0.000000 0.000000 1.000000
vn 0.000000 0.000000 1.000000
vn 0.000000 0.000000 1.000000
vn -0.000001 0.000000 1.000000
vn -0.000001 0.000000 1.000000
vn -0.000001 0.000000 1.000000
vn -0.000001 0.000000 1.000000
vn 0.000002 -0.000002 1.000000
vn 0.000002 -0.000002 1.000000
vn 0.000002 -0.000002 1.000000
vn 0.000002 -0.000002 1.000000
vn 0.000009 0.838270 0.545255
vn 0.000009 0.838270 0.545255
vn 0.000009 0.838270 0.545255
vn 0.000009 0.838270 0.545255
vn -0.751536 0.000000 0.659692
vn -0.751536 0.000000 0.659692
vn -0.751536 0.000000 0.659692
vn -0.751536 0.000000 0.659692
vn -0.519339 -0.591830 0.616461
vn -0.519339 -0.591830 0.616461
vn -0.519339 -0.591830 0.616461
vn -0.519339 -0.591830 0.616461
vn 0.000006 0.838269 0.545257
vn 0.000006 0.838269 0.545257
vn 0.000006 0.838269 0.545257
vn 0.000006 0.838269 0.545257
vn -0.311812 -0.762789 0.566503
vn -0.311812 -0.762789 0.566503
vn -0.311812 -0.762789 0.566503
vn -0.311812 -0.762789 0.566503
vn 0.000001 0.838267 0.545260
vn 0.000001 0.838267 0.545260
vn 0.000001 0.838267 0.545260
vn 0.000001 0.838267 0.545260
vn -0.111430 -0.833044 0.541868
vn -0.111430 -0.833044 0.541868
vn -0.111430 -0.833044 0.541868
vn -0.111430 -0.833044 0.541868
vn -0.000001 0.838267 0.545260
vn -0.000001 0.838267 0.545260
vn -0.000001 0.838267 0.545260
vn -0.000001 0.838267 0.545260
vn 0.111430 -0.833044 0.541868
vn 0.111430 -0.833044 0.541868
vn 0.111430 -0.833044 0.541868
vn 0.111430 -0.833044 0.541868
vn -0.000006 0.838269 0.545257
vn -0.000006 0.838269 0.545257
vn -0.000006 0.838269 0.545257
vn -0.000006 0.838269 0.545257
vn 0.311815 -0.762788 0.566504
vn 0.311815 -0.762788 0.566504
vn 0.311815 -0.762788 0.566504
vn 0.311815 -0.762788 0.566504
vn 0.751532 0.000000 0.659697
vn 0.751532 0.000000 0.659697
vn 0.751532 0.000000 0.659697
vn 0.751532 0.000000 0.659697
vn -0.000009 0.838270 0.545255
vn -0.000009 0.838270 0.545255
vn -0.000009 0.838270 0.545255
vn -0.000009 0.838270 0.545255
vn 0.519338 -0.591827 0.616465
vn 0.519338 -0.591827 0.616465
vn 0.519338 -0.591827 0.616465
vn 0.519338 -0.591827 0.616465
vn -0.000009 -0.913442 0.406970
vn -0.000009 -0.913442 0.406970
vn -0.000009 -0.913442 0.406970
vn -0.000009 -0.913442 0.406970
vn 0.857018 0.000000 0.515287
vn 0.857018 0.000000 0.515287
vn 0.857018 0.000000 0.515287
vn 0.857018 0.000000 0.515287
vn 0.581268 0.662402 0.472601
vn 0.581268 0.662402 0.472601
vn 0.581268 0.662402 0.472601
vn 0.581268 0.662402 0.472601
vn -0.000006 -0.913441 0.406972
vn -0.000006 -0.913441 0.406972
vn -0.000006 -0.913441 0.406972
vn -0.000006 -0.913441 0.406972
vn 0.342332 0.837450 0.426011
vn 0.342332 0.837450 0.426011
vn 0.342332 0.837450 0.426011
vn 0.342332 0.837450 0.426011
vn -0.000001 -0.913441 0.406972
vn -0.000001 -0.913441 0.406972
vn -0.000001 -0.913441 0.406972
vn -0.000001 -0.913441 0.406972
vn 0.121281 0.906699 0.403966
vn 0.121281 0.906699 0.403966
vn 0.121281 0.906699 0.403966
vn 0.121281 0.906698 0.403967
vn 0.000001 -0.913441 0.406972
vn 0.000001 -0.913441 0.406972
vn 0.000001 -0.913441 0.406972
vn 0.000001 -0.913441 0.406972
vn -0.121282 0.906697 0.403970
vn -0.121282 0.906697 0.403970
vn -0.121282 0.906697 0.403970
vn -0.121282 0.906697 0.403970
vn 0.000005 -0.913439 0.406976
vn 0.000005 -0.913439 0.406976
vn 0.000005 -0.913439 0.406976
vn 0.000005 -0.913439 0.406976
vn -0.342334 0.837450 0.426010
vn -0.342334 0.837450 0.426010
vn -0.342334 0.837450 0.426010
vn -0.342334 0.837450 0.426010
vn -0.857017 0.000000 0.515289
vn -0.857017 0.000000 0.515289
vn -0.857017 0.000000 0.515289
vn -0.857017 0.000000 0.515289
vn 0.000010 -0.913440 0.406974
vn 0.000010 -0.913440 0.406974
vn 0.000010 -0.913440 0.406974
vn 0.000010 -0.913440 0.406974
vn -0.581269 0.662400 0.472602
vn -0.581269 0.662400 0.472602
vn -0.581269 0.662400 0.472602
vn -0.581269 0.662400 0.472602
s off
g Nut1:bed Nut1:Nut Nut1:HeadNBottomOBJ_UV1
usemtl lambert38SG
f 875/1142/2599 878/1143/2600 877/1144/2601 876/1145/2602
f 876/1145/2603 877/1144/2604 880/1146/2605 879/1147/2606
f 879/1147/2607 880/1146/2608 882/1148/2609 881/1149/2610
f 881/1149/2611 882/1148/2612 884/1150/2613 883/1151/2614
f 883/1151/2615 884/1150/2616 886/1152/2617 885/1153/2618
f 885/1153/2619 886/1152/2620 888/1154/2621 887/1155/2622
f 861/1156/2623 862/1157/2624 869/1158/2625 868/1159/2626
f 862/1157/2627 863/1160/2628 870/1161/2629 869/1158/2630
f 863/1160/2631 864/1162/2632 871/1163/2633 870/1161/2634
f 864/1162/2635 865/1164/2636 872/1165/2637 871/1163/2638
f 865/1164/2639 866/1166/2640 873/1167/2641 872/1165/2642
f 866/1166/2643 867/1168/2644 874/1169/2645 873/1167/2646
f 861/1170/2647 875/1171/2648 876/1172/2649 862/1173/2650
f 922/1174/2651 921/1175/2652 923/1176/2653 924/1177/2654
f 868/1159/2655 878/1143/2656 875/1142/2657 861/1156/2658
f 862/1173/2659 876/1172/2660 879/1178/2661 863/1179/2662
f 923/1176/2663 925/1180/2664 926/1181/2665 924/1177/2666
f 863/1179/2667 879/1178/2668 881/1182/2669 864/1183/2670
f 925/1180/2671 927/1184/2672 928/1185/2673 926/1181/2674
f 864/1183/2675 881/1182/2676 883/1186/2677 865/1187/2678
f 929/1188/2679 930/1189/2680 931/1190/2681 932/1191/2682
f 865/1187/2683 883/1186/2684 885/1192/2685 866/1193/2686
f 933/1194/2687 934/1195/2688 930/1189/2689 929/1188/2690
f 866/1193/2691 885/1192/2692 887/1196/2693 867/1197/2694
f 867/1168/2695 887/1198/2696 888/1199/2697 874/1169/2698
f 935/1200/2699 936/1201/2700 934/1195/2701 933/1194/2702
f 884/1202/2703 882/1203/2704 891/1204/2705 890/1205/2706
f 882/1203/2707 871/1206/2708 892/1207/2709 891/1204/2710
f 871/1206/2711 872/1208/2712 889/1209/2713 892/1207/2714
f 886/1210/2715 884/1202/2716 890/1205/2717 894/1211/2718
f 872/1208/2719 873/1212/2720 893/1213/2721 889/1209/2722
f 874/1214/2723 888/1215/2724 896/1216/2725 895/1217/2726
f 888/1215/2727 886/1210/2728 894/1211/2729 896/1216/2730
f 873/1212/2731 874/1214/2732 895/1217/2733 893/1213/2734
f 877/1218/2735 878/1219/2736 899/1220/2737 898/1221/2738
f 878/1219/2739 868/1222/2740 900/1223/2741 899/1220/2742
f 868/1222/2743 869/1224/2744 897/1225/2745 900/1223/2746
f 880/1226/2747 877/1218/2748 898/1221/2749 902/1227/2750
f 869/1224/2751 870/1228/2752 901/1229/2753 897/1225/2754
f 871/1206/2755 882/1203/2756 904/1230/2757 903/1231/2758
f 882/1203/2759 880/1226/2760 902/1227/2761 904/1230/2762
f 870/1228/2763 871/1206/2764 903/1231/2765 901/1229/2766
f 899/1220/2767 900/1223/2768 905/1232/2769 906/1233/2770
f 900/1223/2771 897/1225/2772 907/1234/2773 905/1232/2774
f 898/1221/2775 899/1220/2776 906/1233/2777 908/1235/2778
f 897/1225/2779 901/1229/2780 909/1236/2781 907/1234/2782
f 902/1227/2783 898/1221/2784 908/1235/2785 910/1237/2786
f 901/1229/2787 903/1231/2788 911/1238/2789 909/1236/2790
f 903/1231/2791 904/1230/2792 912/1239/2793 911/1238/2794
f 904/1230/2795 902/1227/2796 910/1237/2797 912/1239/2798
f 890/1205/2799 891/1204/2800 915/1240/2801 914/1241/2802
f 891/1204/2803 892/1207/2804 916/1242/2805 915/1240/2806
f 892/1207/2807 889/1209/2808 913/1243/2809 916/1242/2810
f 894/1211/2811 890/1205/2812 914/1241/2813 918/1244/2814
f 889/1209/2815 893/1213/2816 917/1245/2817 913/1243/2818
f 895/1217/2819 896/1216/2820 920/1246/2821 919/1247/2822
f 896/1216/2823 894/1211/2824 918/1244/2825 920/1246/2826
f 893/1213/2827 895/1217/2828 919/1247/2829 917/1245/2830
f 906/1248/2831 905/1249/2832 921/1175/2833 922/1174/2834
f 905/1250/2835 907/1251/2836 923/1176/2837 921/1175/2838
f 908/1252/2839 906/1253/2840 922/1174/2841 924/1177/2842
f 907/1251/2843 909/1254/2844 925/1180/2845 923/1176/2846
f 910/1255/2847 908/1252/2848 924/1177/2849 926/1181/2850
f 909/1254/2851 911/1256/2852 927/1184/2853 925/1180/2854
f 911/1257/2855 912/1258/2856 928/1185/2857 927/1184/2858
f 912/1259/2859 910/1255/2860 926/1181/2861 928/1185/2862
f 914/1260/2863 915/1261/2864 931/1190/2865 930/1189/2866
f 915/1262/2867 916/1263/2868 932/1191/2869 931/1190/2870
f 916/1264/2871 913/1265/2872 929/1188/2873 932/1191/2874
f 918/1266/2875 914/1260/2876 930/1189/2877 934/1195/2878
f 913/1265/2879 917/1267/2880 933/1194/2881 929/1188/2882
f 919/1268/2883 920/1269/2884 936/1201/2885 935/1200/2886
f 920/1270/2887 918/1266/2888 934/1195/2889 936/1201/2890
f 917/1267/2891 919/1271/2892 935/1200/2893 933/1194/2894
f 951/1272/2895 954/1273/2896 953/1274/2897 952/1275/2898
f 952/1275/2899 953/1274/2900 956/1276/2901 955/1277/2902
f 955/1277/2903 956/1276/2904 958/1278/2905 957/1279/2906
f 957/1279/2907 958/1278/2908 960/1280/2909 959/1281/2910
f 959/1281/2911 960/1280/2912 962/1282/2913 961/1283/2914
f 961/1283/2915 962/1282/2916 964/1284/2917 963/1285/2918
f 937/1286/2919 938/1287/2920 945/1288/2921 944/1289/2922
f 938/1287/2923 939/1290/2924 946/1291/2925 945/1288/2926
f 939/1290/2927 940/1292/2928 947/1293/2929 946/1291/2930
f 940/1292/2931 941/1294/2932 948/1295/2933 947/1293/2934
f 941/1294/2935 942/1296/2936 949/1297/2937 948/1295/2938
f 942/1296/2939 943/1298/2940 950/1299/2941 949/1297/2942
f 937/1300/2943 951/1301/2944 952/1302/2945 938/1303/2946
f 993/1304/2947 994/1305/2948 995/1306/2949 996/1307/2950
f 944/1289/2951 954/1273/2952 951/1272/2953 937/1286/2954
f 938/1303/2955 952/1302/2956 955/1308/2957 939/1309/2958
f 997/1310/2959 998/1311/2960 994/1305/2961 993/1304/2962
f 939/1309/2963 955/1308/2964 957/1312/2965 940/1313/2966
f 999/1314/2967 1000/1315/2968 998/1311/2969 997/1310/2970
f 940/1313/2971 957/1312/2972 959/1316/2973 941/1317/2974
f 1001/1318/2975 1002/1319/2976 1000/1315/2977 999/1314/2978
f 941/1317/2979 959/1316/2980 961/1320/2981 942/1321/2982
f 1003/1322/2983 1004/1323/2984 1002/1319/2985 1001/1318/2986
f 942/1321/2987 961/1320/2988 963/1324/2989 943/1325/2990
f 943/1298/2991 963/1326/2992 964/1327/2993 950/1299/2994
f 1005/1328/2995 1006/1329/2996 1004/1323/2997 1003/1322/2998
f 953/1330/2999 954/1331/3000 967/1332/3001 966/1333/3002
f 954/1331/3003 944/1334/3004 968/1335/3005 967/1332/3006
f 944/1334/3007 945/1336/3008 965/1337/3009 968/1335/3010
f 956/1338/3011 953/1330/3012 966/1333/3013 970/1339/3014
f 945/1336/3015 946/1340/3016 969/1341/3017 965/1337/3018
f 958/1342/3019 956/1338/3020 970/1339/3021 972/1343/3022
f 946/1340/3023 947/1344/3024 971/1345/3025 969/1341/3026
f 960/1346/3027 958/1342/3028 972/1343/3029 974/1347/3030
f 947/1344/3031 948/1348/3032 973/1349/3033 971/1345/3034
f 962/1350/3035 960/1346/3036 974/1347/3037 976/1351/3038
f 948/1348/3039 949/1352/3040 975/1353/3041 973/1349/3042
f 950/1354/3043 964/1355/3044 978/1356/3045 977/1357/3046
f 964/1355/3047 962/1350/3048 976/1351/3049 978/1356/3050
f 949/1352/3051 950/1354/3052 977/1357/3053 975/1353/3054
f 966/1333/3055 967/1332/3056 981/1358/3057 980/1359/3058
f 967/1332/3059 968/1335/3060 982/1360/3061 981/1358/3062
f 968/1335/3063 965/1337/3064 979/1361/3065 982/1360/3066
f 970/1339/3067 966/1333/3068 980/1359/3069 984/1362/3070
f 965/1337/3071 969/1341/3072 983/1363/3073 979/1361/3074
f 972/1343/3075 970/1339/3076 984/1362/3077 986/1364/3078
f 969/1341/3079 971/1345/3080 985/1365/3081 983/1363/3082
f 974/1347/3083 972/1343/3084 986/1364/3085 988/1366/3086
f 971/1345/3087 973/1349/3088 987/1367/3089 985/1365/3090
f 976/1351/3091 974/1347/3092 988/1366/3093 990/1368/3094
f 973/1349/3095 975/1353/3096 989/1369/3097 987/1367/3098
f 977/1357/3099 978/1356/3100 992/1370/3101 991/1371/3102
f 978/1356/3103 976/1351/3104 990/1368/3105 992/1370/3106
f 975/1353/3107 977/1357/3108 991/1371/3109 989/1369/3110
f 980/1372/3111 981/1373/3112 995/1306/3113 994/1305/3114
f 981/1374/3115 982/1375/3116 996/1307/3117 995/1306/3118
f 982/1376/3119 979/1377/3120 993/1304/3121 996/1307/3122
f 984/1378/3123 980/1372/3124 994/1305/3125 998/1311/3126
f 979/1379/3127 983/1380/3128 997/1310/3129 993/1304/3130
f 986/1381/3131 984/1378/3132 998/1311/3133 1000/1315/3134
f 983/1382/3135 985/1383/3136 999/1314/3137 997/1310/3138
f 988/1384/3139 986/1381/3140 1000/1315/3141 1002/1319/3142
f 985/1385/3143 987/1386/3144 1001/1318/3145 999/1314/3146
f 990/1387/3147 988/1384/3148 1002/1319/3149 1004/1323/3150
f 987/1388/3151 989/1389/3152 1003/1322/3153 1001/1318/3154
f 991/1390/3155 992/1391/3156 1006/1329/3157 1005/1328/3158
f 992/1392/3159 990/1387/3160 1004/1323/3161 1006/1329/3162
f 989/1393/3163 991/1394/3164 1005/1328/3165 1003/1322/3166
g default
v -9.525675 6.796159 -8.057747
v -9.525675 6.796159 -8.921324
v -10.389252 6.796159 -8.921324
v -10.389252 6.796159 -8.057747
v -9.291101 6.780694 -7.786505
v -9.294065 6.744226 -7.773881
v -9.256976 6.745363 -7.788465
v -9.241629 6.746475 -7.823697
v -9.254378 6.781334 -7.821974
v -9.289786 6.796159 -7.821860
v -9.254433 6.780694 -9.155897
v -9.241807 6.744226 -9.152934
v -9.256392 6.745363 -9.190024
v -9.291624 6.746475 -9.205370
v -9.289902 6.781334 -9.192622
v -9.289786 6.796159 -9.157213
v -10.660493 6.780694 -7.823176
v -10.673119 6.744226 -7.826139
v -10.658534 6.745363 -7.789049
v -10.623302 6.746475 -7.773703
v -10.625025 6.781334 -7.786451
v -10.625140 6.796159 -7.821860
v -10.623824 6.780694 -9.192567
v -10.620861 6.744226 -9.205192
v -10.657951 6.745363 -9.190608
v -10.673297 6.746475 -9.155376
v -10.660549 6.781334 -9.157097
v -10.625140 6.796159 -9.157213
v -9.507458 3.559432 -7.989536
v -9.457463 3.559432 -8.039532
v -9.472106 3.559432 -8.004180
v -9.507458 3.559432 -8.989536
v -9.472106 3.559432 -8.974893
v -9.457463 3.559432 -8.939540
v -10.407468 3.559432 -7.989536
v -10.442820 3.559432 -8.004180
v -10.457463 3.559432 -8.039532
v -10.407468 3.559432 -8.989536
v -10.457463 3.559432 -8.939540
v -10.442820 3.559432 -8.974893
v -9.261625 6.774341 -7.793255
v -9.261183 6.774341 -9.185375
v -10.653744 6.774341 -7.793698
v -10.653302 6.774341 -9.185816
v -9.656252 6.761170 -8.112022
v -9.541961 6.785659 -8.074034
v -9.579948 6.761170 -8.188325
v -9.694252 12.394944 -8.150022
v -9.617949 12.394944 -8.226325
v -9.579948 6.761170 -8.790748
v -9.541961 6.785659 -8.905038
v -9.656252 6.761170 -8.867051
v -9.694252 12.394944 -8.829051
v -9.617949 12.394944 -8.752748
v -10.258675 6.761170 -8.867051
v -10.372966 6.785659 -8.905038
v -10.334978 6.761170 -8.790748
v -10.296978 12.394944 -8.752748
v -10.220675 12.394944 -8.829051
v -10.334978 6.761170 -8.188325
v -10.372966 6.785659 -8.074034
v -10.258675 6.761170 -8.112022
v -10.220675 12.394944 -8.150022
v -10.296978 12.394944 -8.226325
v -9.503181 12.639428 -8.137351
v -9.605278 12.639428 -8.035255
v -9.503181 12.639428 -8.841722
v -9.605278 12.639428 -8.943818
v -10.309649 12.639428 -8.943818
v -10.411745 12.639428 -8.841722
v -10.411745 12.639428 -8.137351
v -10.309649 12.639428 -8.035255
v -9.617949 12.639428 -8.199943
v -9.694252 12.639428 -8.115990
v -9.617949 12.639428 -8.779130
v -9.694252 12.639428 -8.863082
v -10.220675 12.639428 -8.863082
v -10.296977 12.639428 -8.779130
v -10.296978 12.639428 -8.199943
v -10.220675 12.639428 -8.115990
v -9.617949 12.598714 -8.199943
v -9.694252 12.598714 -8.115990
v -9.617949 12.598714 -8.779130
v -9.694252 12.598714 -8.863082
v -10.220675 12.598714 -8.863082
v -10.296977 12.598714 -8.779130
v -10.296978 12.598714 -8.199943
v -10.220675 12.598714 -8.115990
v -9.735541 12.598714 -8.300245
v -9.785418 12.598714 -8.245370
v -9.735541 12.598714 -8.678827
v -9.785418 12.598714 -8.733703
v -10.129510 12.598714 -8.733703
v -10.179385 12.598714 -8.678827
v -10.179385 12.598714 -8.300245
v -10.129510 12.598714 -8.245370
v -9.735541 12.640866 -8.300245
v -9.785418 12.640866 -8.245370
v -9.735541 12.640866 -8.678827
v -9.785418 12.640866 -8.733703
v -10.129510 12.640866 -8.733703
v -10.179385 12.640866 -8.678827
v -10.179385 12.640866 -8.300245
v -10.129510 12.640866 -8.245370
v -9.545888 3.856075 -8.118423
v -9.370232 6.449832 -7.942766
v -9.545888 3.856075 -8.850889
v -9.370378 6.448001 -9.024558
v -10.319044 3.856075 -8.077734
v -10.494699 6.449832 -7.847950
v -9.586576 3.856075 -8.077734
v -9.412907 6.448001 -7.848095
v -10.319044 3.856075 -8.134368
v -10.494699 6.449832 -7.958713
v -9.586576 3.856075 -8.110905
v -9.412907 6.448001 -7.935395
v -9.604612 3.856075 -8.118423
v -9.428957 6.449832 -7.942766
v -9.604612 3.856075 -8.850889
v -9.429102 6.448001 -9.024558
v -9.505053 4.150311 -8.188921
v -9.369250 6.155596 -8.053118
v -9.505053 4.150311 -8.755205
v -9.369361 6.154181 -8.889472
v -10.223883 4.150311 -8.033936
v -10.359686 6.155596 -7.898133
v -9.657598 4.150311 -8.033936
v -9.523331 6.154181 -7.898245
vt 0.376464 0.913086
vt 0.341136 0.912972
vt 0.342152 0.911954
vt 0.347393 0.908798
vt 0.370197 0.908912
vt 0.375446 0.912069
vt 0.341150 0.877475
vt 0.342181 0.878504
vt 0.345362 0.883787
vt 0.345310 0.906708
vt 0.376639 0.877712
vt 0.375618 0.878723
vt 0.370360 0.881856
vt 0.347469 0.881678
vt 0.372292 0.906830
vt 0.372433 0.883952
vt 0.115219 0.666927
vt 0.117515 0.943701
vt 0.088468 0.943822
vt 0.088925 0.667292
vt 0.083514 0.667673
vt 0.083265 0.943829
vt 0.053761 0.943686
vt 0.058091 0.671865
vt 0.178385 0.669194
vt 0.186264 0.943313
vt 0.157054 0.943630
vt 0.152312 0.667495
vt 0.146899 0.667352
vt 0.151830 0.943656
vt 0.122714 0.943685
vt 0.120667 0.666831
vt 0.393218 0.925861
vt 0.391058 0.925628
vt 0.391303 0.865349
vt 0.393364 0.865088
vt 0.388885 0.925548
vt 0.389144 0.865453
vt 0.364441 0.807170
vt 0.362217 0.807215
vt 0.360928 0.675275
vt 0.363023 0.675216
vt 0.359915 0.807099
vt 0.358832 0.675253
vt 0.389002 0.927706
vt 0.328667 0.927595
vt 0.328736 0.925422
vt 0.389278 0.929764
vt 0.328448 0.929758
vt 0.418717 0.809335
vt 0.416515 0.809371
vt 0.399320 0.666935
vt 0.401388 0.666302
vt 0.414219 0.809268
vt 0.397240 0.667454
vt 0.326590 0.925558
vt 0.326426 0.864681
vt 0.328615 0.864852
vt 0.324536 0.925859
vt 0.324235 0.864841
vt 0.389529 0.861138
vt 0.389257 0.863289
vt 0.328665 0.862689
vt 0.328559 0.860606
vt 0.309889 0.811139
vt 0.307675 0.811144
vt 0.323697 0.667157
vt 0.325771 0.667667
vt 0.305400 0.811009
vt 0.321635 0.666530
vt 0.230963 0.800595
vt 0.228870 0.800040
vt 0.270576 0.652910
vt 0.272667 0.653431
vt 0.226744 0.799326
vt 0.268519 0.652268
vt 0.558367 0.940746
vt 0.564910 0.842725
vt 0.592365 0.842422
vt 0.599167 0.940898
vt 0.450421 0.653182
vt 0.492890 0.798162
vt 0.462387 0.940665
vt 0.468922 0.842448
vt 0.496464 0.842412
vt 0.503146 0.940645
vt 0.585451 0.754754
vt 0.541506 0.754939
vt 0.539777 0.754231
vt 0.539055 0.752508
vt 0.538870 0.708563
vt 0.539577 0.706833
vt 0.541300 0.706111
vt 0.585246 0.705926
vt 0.586975 0.706634
vt 0.587697 0.708357
vt 0.587882 0.752302
vt 0.587175 0.754032
vt 0.390617 0.927278
vt 0.391707 0.928325
vt 0.327022 0.927168
vt 0.325987 0.928270
vt 0.390898 0.863740
vt 0.391959 0.862663
vt 0.327099 0.862966
vt 0.324523 0.863319
vt 0.326255 0.861606
vt 0.268228 0.918109
vt 0.270678 0.920774
vt 0.270783 0.939259
vt 0.268363 0.941953
vt 0.251562 0.942048
vt 0.249112 0.939382
vt 0.249007 0.920897
vt 0.251427 0.918204
vt 0.191537 0.943253
vt 0.183663 0.669772
vt 0.115019 0.653422
vt 0.119808 0.653612
vt 0.086658 0.654439
vt 0.081287 0.654418
vt 0.049764 0.660841
vt 0.183513 0.656846
vt 0.189743 0.659046
vt 0.153255 0.653528
vt 0.148186 0.653426
vt 0.281925 0.880954
vt 0.276046 0.887073
vt 0.272670 0.880942
vt 0.277612 0.876435
vt 0.242242 0.887076
vt 0.245624 0.880993
vt 0.236399 0.881069
vt 0.240653 0.876488
vt 0.236292 0.847031
vt 0.240591 0.851591
vt 0.242243 0.840972
vt 0.245575 0.847113
vt 0.275923 0.841013
vt 0.272546 0.847098
vt 0.281791 0.846977
vt 0.277548 0.851579
vt 0.271861 0.878930
vt 0.275604 0.875631
vt 0.246400 0.878961
vt 0.242620 0.875627
vt 0.242584 0.852415
vt 0.246383 0.849128
vt 0.271762 0.849128
vt 0.275596 0.852458
vt 0.266442 0.872603
vt 0.268681 0.870549
vt 0.251780 0.872576
vt 0.249528 0.870528
vt 0.249559 0.857500
vt 0.251788 0.855482
vt 0.266408 0.855509
vt 0.268631 0.857521
vt 0.265201 0.870280
vt 0.266343 0.869309
vt 0.252960 0.870213
vt 0.251813 0.869265
vt 0.251878 0.858752
vt 0.253010 0.857815
vt 0.265230 0.857875
vt 0.266367 0.858802
vt 0.371033 0.688260
vt 0.372265 0.792226
vt 0.390970 0.683857
vt 0.404025 0.794152
vt 0.332209 0.684054
vt 0.318282 0.795900
vt 0.351070 0.688539
vt 0.353566 0.793685
vt 0.334776 0.686574
vt 0.324020 0.791478
vt 0.349424 0.689599
vt 0.349486 0.790256
vt 0.373965 0.690049
vt 0.375026 0.789940
vt 0.388362 0.686543
vt 0.400952 0.791769
vt 0.551634 0.955280
vt 0.560096 0.827558
vt 0.598094 0.827326
vt 0.606888 0.955326
vt 0.454676 0.955041
vt 0.463118 0.827469
vt 0.500645 0.827451
vt 0.509299 0.955113
vn -0.541845 0.840479 0.000000
vn -0.541845 0.840479 0.000000
vn -0.290407 0.911772 0.290405
vn -0.526015 0.850443 0.007397
vn -0.526015 0.850443 -0.007396
vn -0.290407 0.911772 -0.290405
vn 0.000000 0.840480 0.541842
vn 0.000000 0.840480 0.541842
vn 0.290407 0.911772 0.290405
vn 0.007397 0.850445 0.526012
vn -0.007397 0.850445 0.526012
vn -0.290407 0.911772 0.290405
vn 0.541845 0.840479 0.000000
vn 0.541845 0.840479 0.000000
vn 0.290407 0.911772 -0.290405
vn 0.526015 0.850443 -0.007397
vn 0.526015 0.850443 0.007396
vn 0.290407 0.911772 0.290405
vn 0.000000 0.840480 -0.541842
vn 0.000000 0.840480 -0.541842
vn -0.290407 0.911772 -0.290405
vn -0.007397 0.850445 -0.526012
vn 0.007397 0.850445 -0.526012
vn 0.290407 0.911772 -0.290405
vn 0.999977 0.006745 0.000000
vn 0.999977 0.006745 0.000000
vn 0.999977 0.006745 0.000000
vn 0.999977 0.006745 0.000000
vn 0.000000 0.006745 -0.999977
vn 0.000000 0.006745 -0.999977
vn 0.000000 0.006745 -0.999977
vn 0.000000 0.006745 -0.999977
vn -0.999977 0.006745 0.000000
vn -0.999977 0.006745 0.000000
vn -0.999977 0.006745 0.000000
vn -0.999977 0.006745 0.000000
vn 0.000000 0.006745 0.999977
vn 0.000000 0.006745 0.999977
vn 0.000000 0.006745 0.999977
vn 0.000000 0.006745 0.999977
vn 0.275457 0.036871 0.960606
vn 0.007777 0.333590 0.942686
vn -0.007040 0.334035 0.942534
vn -0.283445 0.039960 0.958156
vn 0.006611 0.919475 0.393093
vn 0.057878 0.996708 0.056768
vn -0.056768 0.996708 0.057878
vn -0.006917 0.919679 0.392610
vn 0.958156 0.039966 0.283444
vn 0.917599 -0.085398 0.388225
vn 0.917273 -0.088326 0.388340
vn 0.917273 -0.088326 0.388340
vn 0.373530 -0.084504 0.923761
vn 0.275457 0.036871 0.960606
vn 0.373896 -0.087670 0.923318
vn 0.373896 -0.087670 0.923318
vn 0.057878 0.996708 0.056768
vn 0.392611 0.919679 0.006917
vn 0.393094 0.919475 -0.006611
vn 0.056768 0.996708 -0.057880
vn 0.942528 0.334054 0.007040
vn 0.958156 0.039966 0.283444
vn 0.960605 0.036877 -0.275461
vn 0.942680 0.333609 -0.007777
vn 0.013504 -0.062580 -0.997949
vn 0.388229 -0.085398 -0.917598
vn 0.388344 -0.088326 -0.917272
vn 0.012167 -0.068377 -0.997585
vn 0.923759 -0.084504 -0.373536
vn 0.960605 0.036877 -0.275461
vn 0.923315 -0.087670 -0.373902
vn 0.923315 -0.087670 -0.373902
vn 0.056768 0.996708 -0.057880
vn 0.006916 0.919673 -0.392625
vn -0.006611 0.919468 -0.393108
vn -0.057878 0.996708 -0.056771
vn 0.007040 0.334039 -0.942533
vn 0.013504 -0.062580 -0.997949
vn -0.013682 -0.062521 -0.997950
vn -0.007777 0.333594 -0.942685
vn -0.997950 -0.062520 0.013682
vn -0.942678 0.333613 0.007777
vn -0.942526 0.334058 -0.007039
vn -0.997949 -0.062580 -0.013504
vn -0.393099 0.919473 0.006611
vn -0.056768 0.996708 0.057878
vn -0.057878 0.996708 -0.056771
vn -0.392615 0.919677 -0.006917
vn -0.283445 0.039960 0.958156
vn -0.388227 -0.085399 0.917599
vn -0.388342 -0.088326 0.917273
vn -0.388342 -0.088326 0.917273
vn -0.923758 -0.084503 0.373539
vn -0.997950 -0.062520 0.013682
vn -0.997590 -0.068357 0.011939
vn -0.923314 -0.087669 0.373905
vn -0.997949 -0.062580 -0.013504
vn -0.917601 -0.085399 -0.388222
vn -0.917274 -0.088327 -0.388338
vn -0.997585 -0.068376 -0.012167
vn -0.373531 -0.084503 -0.923761
vn -0.013682 -0.062521 -0.997950
vn -0.011938 -0.068357 -0.997590
vn -0.373897 -0.087669 -0.923317
vn 0.997715 -0.067564 -0.000011
vn 0.997715 -0.067564 -0.000011
vn 0.997715 -0.067564 -0.000011
vn 0.997715 -0.067564 -0.000011
vn -0.997950 -0.062520 0.013682
vn -0.997949 -0.062580 -0.013504
vn -0.997585 -0.068376 -0.012167
vn -0.997590 -0.068357 0.011939
vn 0.013504 -0.062580 -0.997949
vn 0.012167 -0.068377 -0.997585
vn -0.011938 -0.068357 -0.997590
vn -0.013682 -0.062521 -0.997950
vn 0.000012 -0.067564 0.997715
vn 0.000012 -0.067564 0.997715
vn 0.000012 -0.067564 0.997715
vn 0.000012 -0.067564 0.997715
vn 0.057878 0.996708 0.056768
vn 0.056768 0.996708 -0.057880
vn 0.000000 1.000000 0.000000
vn 0.000000 1.000000 0.000000
vn 0.056768 0.996708 -0.057880
vn -0.057878 0.996708 -0.056771
vn 0.000000 1.000000 0.000000
vn 0.000000 1.000000 0.000000
vn -0.057878 0.996708 -0.056771
vn -0.056768 0.996708 0.057878
vn 0.000000 1.000000 0.000000
vn 0.000000 1.000000 0.000000
vn -0.056768 0.996708 0.057878
vn 0.057878 0.996708 0.056768
vn 0.000000 1.000000 0.000000
vn 0.000000 1.000000 0.000000
vn 0.000000 -1.000000 0.000000
vn 0.000000 -1.000000 0.000000
vn 0.000000 -1.000000 0.000000
vn 0.000000 -1.000000 0.000000
vn 0.000000 -1.000000 0.000000
vn 0.000000 -1.000000 0.000000
vn 0.000000 -1.000000 0.000000
vn 0.000000 -1.000000 0.000000
vn 0.000000 -1.000000 0.000000
vn 0.000000 -1.000000 0.000000
vn 0.000000 -1.000000 0.000000
vn 0.000000 -1.000000 0.000000
vn 0.392611 0.919679 0.006917
vn 0.057878 0.996708 0.056768
vn 0.006611 0.919475 0.393093
vn 0.323886 0.878500 0.351191
vn 0.007777 0.333590 0.942686
vn 0.275457 0.036871 0.960606
vn 0.373530 -0.084504 0.923761
vn 0.313195 0.251745 0.915715
vn 0.917599 -0.085398 0.388225
vn 0.958156 0.039966 0.283444
vn 0.942528 0.334054 0.007040
vn 0.899074 0.261893 0.350826
vn 0.006916 0.919673 -0.392625
vn 0.056768 0.996708 -0.057880
vn 0.393094 0.919475 -0.006611
vn 0.351202 0.878497 -0.323883
vn 0.942680 0.333609 -0.007777
vn 0.960605 0.036877 -0.275461
vn 0.923759 -0.084504 -0.373536
vn 0.915713 0.251744 -0.313200
vn 0.388229 -0.085398 -0.917598
vn 0.013504 -0.062580 -0.997949
vn 0.007040 0.334039 -0.942533
vn 0.350827 0.261870 -0.899080
vn -0.006917 0.919679 0.392610
vn -0.056768 0.996708 0.057878
vn -0.393099 0.919473 0.006611
vn -0.351205 0.878495 0.323886
vn -0.942678 0.333613 0.007777
vn -0.997950 -0.062520 0.013682
vn -0.923758 -0.084503 0.373539
vn -0.915709 0.251756 0.313202
vn -0.388227 -0.085399 0.917599
vn -0.283445 0.039960 0.958156
vn -0.007040 0.334035 0.942534
vn -0.350829 0.261866 0.899080
vn -0.392615 0.919677 -0.006917
vn -0.057878 0.996708 -0.056771
vn -0.006611 0.919468 -0.393108
vn -0.323883 0.878496 -0.351206
vn -0.007777 0.333594 -0.942685
vn -0.013682 -0.062521 -0.997950
vn -0.373531 -0.084503 -0.923761
vn -0.313196 0.251746 -0.915714
vn -0.917601 -0.085399 -0.388222
vn -0.997949 -0.062580 -0.013504
vn -0.942526 0.334058 -0.007039
vn -0.899078 0.261884 -0.350821
vn 0.000000 1.000000 0.000000
vn 0.000000 1.000000 0.000000
vn 0.000000 1.000000 0.000000
vn 0.000000 1.000000 0.000000
vn 0.000000 1.000000 0.000000
vn 0.000000 1.000000 0.000000
vn 0.000000 1.000000 0.000000
vn 0.000000 1.000000 0.000000
vn 0.707076 0.009539 0.707073
vn 0.707076 0.009539 0.707073
vn 0.707076 0.009539 0.707073
vn 0.707076 0.009539 0.707073
vn 0.707076 0.009539 -0.707073
vn 0.707076 0.009539 -0.707073
vn 0.707076 0.009539 -0.707073
vn 0.707076 0.009539 -0.707073
vn -0.707076 0.009539 -0.707074
vn -0.707076 0.009539 -0.707074
vn -0.707076 0.009539 -0.707074
vn -0.707076 0.009539 -0.707074
vn -0.707076 0.009539 0.707074
vn -0.707076 0.009539 0.707074
vn -0.707076 0.009539 0.707074
vn -0.707076 0.009539 0.707074
vn -0.007397 0.850445 -0.526012
vn -0.290407 0.911772 -0.290405
vn -0.526015 0.850443 -0.007396
vn -0.526015 0.850443 0.007397
vn -0.290407 0.911772 0.290405
vn -0.007397 0.850445 0.526012
vn 0.007397 0.850445 0.526012
vn 0.290407 0.911772 0.290405
vn 0.526015 0.850443 0.007396
vn 0.526015 0.850443 -0.007397
vn 0.290407 0.911772 -0.290405
vn 0.007397 0.850445 -0.526012
vn 0.609205 -0.507682 0.609203
vn 0.609205 -0.507682 0.609203
vn 0.609205 -0.507682 0.609203
vn 0.609205 -0.507682 0.609203
vn 0.905224 -0.424935 0.000000
vn 0.905224 -0.424935 0.000000
vn 0.905224 -0.424935 0.000000
vn 0.905224 -0.424935 0.000000
vn 0.609204 -0.507683 -0.609203
vn 0.609204 -0.507683 -0.609203
vn 0.609204 -0.507683 -0.609203
vn 0.609204 -0.507683 -0.609203
vn 0.000000 -0.424934 -0.905224
vn 0.000000 -0.424934 -0.905224
vn 0.000000 -0.424934 -0.905224
vn 0.000000 -0.424934 -0.905224
vn -0.609205 -0.507682 -0.609203
vn -0.609205 -0.507682 -0.609203
vn -0.609205 -0.507682 -0.609203
vn -0.609205 -0.507682 -0.609203
vn -0.905224 -0.424935 0.000000
vn -0.905224 -0.424935 0.000000
vn -0.905224 -0.424935 0.000000
vn -0.905224 -0.424935 0.000000
vn -0.609206 -0.507683 0.609201
vn -0.609206 -0.507683 0.609201
vn -0.609206 -0.507683 0.609201
vn -0.609206 -0.507683 0.609201
vn 0.000000 -0.424934 0.905224
vn 0.000000 -0.424934 0.905224
vn 0.000000 -0.424934 0.905224
vn 0.000000 -0.424934 0.905224
vn 0.000000 1.000000 0.000000
vn 0.000000 1.000000 0.000000
vn 0.000000 1.000000 0.000000
vn 0.000000 1.000000 0.000000
vn 0.000000 1.000000 0.000000
vn 0.000000 1.000000 0.000000
vn 0.000000 1.000000 0.000000
vn 0.000000 1.000000 0.000000
vn 0.000000 1.000000 0.000008
vn 0.000000 1.000000 0.000008
vn 0.000000 1.000000 0.000008
vn 0.000000 1.000000 0.000008
vn 0.000000 1.000000 0.000000
vn 0.000000 1.000000 0.000000
vn 0.000000 1.000000 0.000000
vn 0.000000 1.000000 0.000000
vn 0.000000 1.000000 0.000000
vn 0.000000 1.000000 0.000000
vn 0.000000 1.000000 0.000000
vn 0.000000 1.000000 0.000000
vn 0.000000 1.000000 0.000002
vn 0.000000 1.000000 0.000002
vn 0.000000 1.000000 0.000002
vn 0.000000 1.000000 0.000002
vn 0.000000 1.000000 0.000000
vn 0.000000 1.000000 0.000000
vn 0.000000 1.000000 0.000000
vn 0.000000 1.000000 0.000000
vn 0.000000 1.000000 0.000000
vn 0.000000 1.000000 0.000000
vn 0.000000 1.000000 0.000000
vn 0.000000 1.000000 0.000000
vn -0.740011 0.000000 -0.672595
vn -0.740011 0.000000 -0.672595
vn -0.740011 0.000000 -0.672595
vn -0.740011 0.000000 -0.672595
vn -1.000000 0.000000 0.000000
vn -1.000000 0.000000 0.000000
vn -1.000000 0.000000 0.000000
vn -1.000000 0.000000 0.000000
vn -0.740011 0.000000 0.672595
vn -0.740011 0.000000 0.672595
vn -0.740011 0.000000 0.672595
vn -0.740011 0.000000 0.672595
vn 0.000000 0.000000 1.000000
vn 0.000000 0.000000 1.000000
vn 0.000000 0.000000 1.000000
vn 0.000000 0.000000 1.000000
vn 0.740017 0.000000 0.672588
vn 0.740017 0.000000 0.672588
vn 0.740017 0.000000 0.672588
vn 0.740017 0.000000 0.672588
vn 1.000000 0.000000 0.000000
vn 1.000000 0.000000 0.000000
vn 1.000000 0.000000 0.000000
vn 1.000000 0.000000 0.000000
vn 0.740011 0.000000 -0.672595
vn 0.740011 0.000000 -0.672595
vn 0.740011 0.000000 -0.672595
vn 0.740011 0.000000 -0.672595
vn 0.000000 0.000000 -1.000000
vn 0.000000 0.000000 -1.000000
vn 0.000000 0.000000 -1.000000
vn 0.000000 0.000000 -1.000000
vn 0.000000 1.000000 0.000008
vn 0.000000 1.000000 0.000008
vn 0.000000 1.000000 0.000008
vn 0.000000 1.000000 0.000008
vn 0.000000 1.000000 0.000000
vn 0.000000 1.000000 0.000000
vn 0.000000 1.000000 0.000000
vn 0.000000 1.000000 0.000000
vn 0.000000 1.000000 0.000008
vn 0.000000 1.000000 0.000008
vn 0.000000 1.000000 0.000008
vn 0.000000 1.000000 0.000008
vn 0.000000 1.000000 0.000006
vn 0.000000 1.000000 0.000006
vn 0.000000 1.000000 0.000006
vn 0.000000 1.000000 0.000006
vn 0.000000 1.000000 0.000000
vn 0.000000 1.000000 0.000000
vn 0.000000 1.000000 0.000000
vn 0.000000 1.000000 0.000000
vn 0.000000 1.000000 0.000000
vn 0.000000 1.000000 0.000000
vn 0.000000 1.000000 0.000000
vn 0.000000 1.000000 0.000000
vn 0.000000 1.000000 -0.000008
vn 0.000000 1.000000 -0.000008
vn 0.000000 1.000000 -0.000008
vn 0.000000 1.000000 -0.000008
vn 0.000000 1.000000 -0.000006
vn 0.000000 1.000000 -0.000006
vn 0.000000 1.000000 -0.000006
vn 0.000000 1.000000 -0.000006
vn 0.740015 0.000000 0.672591
vn 0.740015 0.000000 0.672591
vn 0.740015 0.000000 0.672591
vn 0.740015 0.000000 0.672591
vn 1.000000 0.000000 0.000000
vn 1.000000 0.000000 0.000000
vn 1.000000 0.000000 0.000000
vn 1.000000 0.000000 0.000000
vn 0.740015 0.000000 -0.672591
vn 0.740015 0.000000 -0.672591
vn 0.740015 0.000000 -0.672591
vn 0.740015 0.000000 -0.672591
vn 0.000000 0.000000 -1.000000
vn 0.000000 0.000000 -1.000000
vn 0.000000 0.000000 -1.000000
vn 0.000000 0.000000 -1.000000
vn -0.740015 0.000000 -0.672591
vn -0.740015 0.000000 -0.672591
vn -0.740015 0.000000 -0.672591
vn -0.740015 0.000000 -0.672591
vn -1.000000 0.000000 0.000000
vn -1.000000 0.000000 0.000000
vn -1.000000 0.000000 0.000000
vn -1.000000 0.000000 0.000000
vn -0.740015 0.000000 0.672591
vn -0.740015 0.000000 0.672591
vn -0.740015 0.000000 0.672591
vn -0.740015 0.000000 0.672591
vn 0.000000 0.000000 1.000000
vn 0.000000 0.000000 1.000000
vn 0.000000 0.000000 1.000000
vn 0.000000 0.000000 1.000000
vn 0.673899 0.004396 -0.738810
vn 0.673899 0.004396 -0.738810
vn 0.673899 0.004396 -0.738810
vn 0.673899 0.004396 -0.738810
vn 0.958330 0.285663 0.000000
vn 0.958330 0.285663 0.000000
vn 0.958330 0.285663 0.000000
vn 0.958330 0.285663 0.000000
vn 0.707160 -0.000510 0.707053
vn 0.707160 -0.000510 0.707053
vn 0.707160 -0.000510 0.707053
vn 0.707160 -0.000510 0.707053
vn 0.917410 -0.397944 0.000550
vn 0.917410 -0.397944 0.000550
vn 0.917410 -0.397944 0.000550
vn 0.917410 -0.397944 0.000550
vn 0.599098 -0.021127 0.800397
vn 0.599098 -0.021127 0.800397
vn 0.599098 -0.021127 0.800397
vn 0.599098 -0.021127 0.800397
vn 0.000000 0.284989 0.958531
vn 0.000000 0.284989 0.958531
vn 0.000000 0.284989 0.958531
vn 0.000000 0.284989 0.958531
vn -0.634207 -0.017090 0.772974
vn -0.634207 -0.017090 0.772974
vn -0.634207 -0.017090 0.772974
vn -0.634207 -0.017090 0.772974
vn -0.000281 -0.242917 0.970047
vn -0.000281 -0.242917 0.970047
vn -0.000281 -0.242917 0.970047
vn -0.000281 -0.242917 0.970047
vn 0.997715 0.067567 0.000000
vn 0.997715 0.067567 0.000000
vn 0.997715 0.067567 0.000000
vn 0.997715 0.067567 0.000000
vn 0.000000 1.000000 0.000000
vn 0.000000 1.000000 0.000000
vn 0.000000 1.000000 0.000000
vn 0.000000 1.000000 0.000000
vn -0.997763 0.066853 -0.000002
vn -0.997763 0.066853 -0.000002
vn -0.997763 0.066853 -0.000002
vn -0.997763 0.066853 -0.000002
vn -0.001692 -0.999999 0.000000
vn -0.001692 -0.999999 0.000000
vn -0.001692 -0.999999 0.000000
vn -0.001692 -0.999999 0.000000
vn 0.000000 0.067568 -0.997715
vn 0.000000 0.067568 -0.997715
vn 0.000000 0.067568 -0.997715
vn 0.000000 0.067568 -0.997715
vn 0.000000 1.000000 0.000000
vn 0.000000 1.000000 0.000000
vn 0.000000 1.000000 0.000000
vn 0.000000 1.000000 0.000000
vn 0.000000 0.066854 0.997763
vn 0.000000 0.066854 0.997763
vn 0.000000 0.066854 0.997763
vn 0.000000 0.066854 0.997763
vn 0.000000 -0.999999 0.001693
vn 0.000000 -0.999999 0.001693
vn 0.000000 -0.999999 0.001693
vn 0.000000 -0.999999 0.001693
vn 0.747065 -0.095148 0.657906
vn 0.747065 -0.095148 0.657906
vn 0.747065 -0.095148 0.657906
vn 0.747065 -0.095148 0.657906
vn 0.947243 -0.320516 0.000000
vn 0.947243 -0.320516 0.000000
vn 0.947243 -0.320516 0.000000
vn 0.947243 -0.320516 0.000000
vn 0.819446 -0.093379 -0.565498
vn 0.819446 -0.093379 -0.565498
vn 0.819446 -0.093379 -0.565498
vn 0.819446 -0.093379 -0.565498
vn 0.979991 0.199039 -0.000468
vn 0.979991 0.199039 -0.000468
vn 0.979991 0.199039 -0.000468
vn 0.979991 0.199039 -0.000468
vn -0.570667 -0.093894 0.815796
vn -0.570667 -0.093894 0.815796
vn -0.570667 -0.093894 0.815796
vn -0.570667 -0.093894 0.815796
vn -0.017298 -0.287937 0.957493
vn -0.017298 -0.287937 0.957493
vn -0.017298 -0.287937 0.957493
vn -0.017298 -0.287937 0.957493
vn 0.529957 -0.092589 0.842955
vn 0.529957 -0.092589 0.842955
vn 0.529957 -0.092589 0.842955
vn 0.529957 -0.092589 0.842955
vn -0.011658 0.163456 0.986482
vn -0.011658 0.163456 0.986482
vn -0.011658 0.163456 0.986482
vn -0.011658 0.163456 0.986482
s off
g Nut1:bed Nut1:Nut Nut1:pole1OBJ_UV3
usemtl lambert42SG
f 1007/1395/3167 1008/1396/3168 1057/1397/3169 1056/1398/3170 1053/1399/3171 1052/1400/3172
f 1008/1396/3173 1009/1401/3174 1062/1402/3175 1061/1403/3176 1058/1404/3177 1057/1397/3178
f 1009/1401/3179 1010/1405/3180 1067/1406/3181 1066/1407/3182 1063/1408/3183 1062/1402/3184
f 1010/1405/3185 1007/1395/3186 1052/1400/3187 1051/1409/3188 1068/1410/3189 1067/1406/3190
f 1055/1411/3191 1053/1412/3192 1056/1413/3193 1060/1414/3194
f 1059/1415/3195 1058/1416/3196 1061/1417/3197 1065/1418/3198
f 1064/1419/3199 1063/1420/3200 1066/1421/3201 1070/1422/3202
f 1069/1423/3203 1068/1424/3204 1051/1425/3205 1054/1426/3206
f 1012/1427/3207 1011/1428/3208 1027/1429/3209 1026/1430/3210
f 1011/1428/3211 1016/1431/3212 1028/1432/3213 1027/1429/3214
f 1014/1433/3215 1013/1434/3216 1037/1435/3217 1036/1436/3218
f 1013/1434/3219 1012/1437/3220 1035/1438/3221 1037/1435/3222
f 1016/1431/3223 1015/1439/3224 1017/1440/3225 1022/1441/3226
f 1015/1439/3227 1014/1442/3228 1018/1443/3229 1017/1440/3230
f 1020/1444/3231 1019/1445/3232 1039/1446/3233 1038/1447/3234
f 1019/1445/3235 1018/1448/3236 1040/1449/3237 1039/1446/3238
f 1022/1441/3239 1021/1450/3240 1029/1451/3241 1034/1452/3242
f 1021/1450/3243 1020/1453/3244 1030/1454/3245 1029/1451/3246
f 1024/1455/3247 1023/1456/3248 1033/1457/3249 1032/1458/3250
f 1023/1456/3251 1028/1432/3252 1034/1452/3253 1033/1457/3254
f 1026/1459/3255 1025/1460/3256 1042/1461/3257 1041/1462/3258
f 1025/1460/3259 1024/1463/3260 1043/1464/3261 1042/1461/3262
f 1032/1465/3263 1031/1466/3264 1046/1467/3265 1045/1468/3266
f 1031/1466/3267 1030/1469/3268 1044/1470/3269 1046/1467/3270
f 1128/1471/3271 1127/1472/3272 1129/1473/3273 1130/1474/3274
f 1024/1463/3275 1032/1465/3276 1045/1468/3277 1043/1464/3278
f 1020/1444/3279 1038/1447/3280 1044/1475/3281 1030/1476/3282
f 1132/1477/3283 1131/1478/3284 1133/1479/3285 1134/1480/3286
f 1016/1431/3287 1022/1441/3288 1008/1396/3289 1007/1395/3290
f 1022/1441/3291 1034/1452/3292 1009/1401/3293 1008/1396/3294
f 1034/1452/3295 1028/1432/3296 1010/1405/3297 1009/1401/3298
f 1028/1432/3299 1016/1431/3300 1007/1395/3301 1010/1405/3302
f 1044/1481/3303 1038/1482/3304 1039/1483/3305 1040/1484/3306 1036/1485/3307 1037/1486/3308 1035/1487/3309 1041/1488/3310 1042/1489/3311 1043/1490/3312 1045/1491/3313 1046/1492/3314
f 1015/1439/3315 1016/1431/3316 1011/1428/3317 1047/1493/3318
f 1011/1428/3319 1012/1427/3320 1013/1494/3321 1047/1493/3322
f 1013/1494/3323 1014/1442/3324 1015/1439/3325 1047/1493/3326
f 1021/1450/3327 1022/1441/3328 1017/1440/3329 1048/1495/3330
f 1017/1440/3331 1018/1443/3332 1019/1496/3333 1048/1495/3334
f 1019/1496/3335 1020/1453/3336 1021/1450/3337 1048/1495/3338
f 1027/1429/3339 1028/1432/3340 1023/1456/3341 1049/1497/3342
f 1023/1456/3343 1024/1455/3344 1025/1498/3345 1049/1497/3346
f 1025/1498/3347 1026/1430/3348 1027/1429/3349 1049/1497/3350
f 1033/1457/3351 1034/1452/3352 1029/1451/3353 1050/1499/3354
f 1029/1451/3355 1030/1500/3356 1031/1501/3357 1050/1499/3358
f 1031/1501/3359 1032/1458/3360 1033/1457/3361 1050/1499/3362
f 1104/1502/3363 1103/1503/3364 1105/1504/3365 1106/1505/3366 1107/1506/3367 1108/1507/3368 1109/1508/3369 1110/1509/3370
f 1051/1425/3371 1053/1412/3372 1055/1411/3373 1054/1426/3374
f 1056/1413/3375 1058/1416/3376 1059/1415/3377 1060/1414/3378
f 1061/1510/3379 1063/1420/3380 1064/1419/3381 1065/1511/3382
f 1066/1421/3383 1068/1424/3384 1069/1423/3385 1070/1422/3386
f 1051/1409/3387 1052/1400/3388 1053/1399/3389
f 1056/1398/3390 1057/1397/3391 1058/1404/3392
f 1061/1403/3393 1062/1402/3394 1063/1408/3395
f 1066/1407/3396 1067/1406/3397 1068/1410/3398
f 1054/1426/3399 1055/1411/3400 1071/1512/3401 1072/1513/3402
f 1055/1411/3403 1060/1414/3404 1073/1514/3405 1071/1512/3406
f 1060/1414/3407 1059/1415/3408 1074/1515/3409 1073/1514/3410
f 1059/1415/3411 1065/1418/3412 1075/1516/3413 1074/1515/3414
f 1065/1511/3415 1064/1419/3416 1076/1517/3417 1075/1518/3418
f 1064/1419/3419 1070/1422/3420 1077/1519/3421 1076/1517/3422
f 1070/1422/3423 1069/1423/3424 1078/1520/3425 1077/1519/3426
f 1069/1423/3427 1054/1426/3428 1072/1513/3429 1078/1520/3430
f 1072/1521/3431 1071/1522/3432 1079/1523/3433 1080/1524/3434
f 1071/1522/3435 1073/1525/3436 1081/1526/3437 1079/1523/3438
f 1073/1525/3439 1074/1527/3440 1082/1528/3441 1081/1526/3442
f 1074/1527/3443 1075/1529/3444 1083/1530/3445 1082/1528/3446
f 1075/1529/3447 1076/1531/3448 1084/1532/3449 1083/1530/3450
f 1076/1531/3451 1077/1533/3452 1085/1534/3453 1084/1532/3454
f 1077/1533/3455 1078/1535/3456 1086/1536/3457 1085/1534/3458
f 1078/1535/3459 1072/1521/3460 1080/1524/3461 1086/1536/3462
f 1080/1524/3463 1079/1523/3464 1087/1537/3465 1088/1538/3466
f 1079/1523/3467 1081/1526/3468 1089/1539/3469 1087/1537/3470
f 1081/1526/3471 1082/1528/3472 1090/1540/3473 1089/1539/3474
f 1082/1528/3475 1083/1530/3476 1091/1541/3477 1090/1540/3478
f 1083/1530/3479 1084/1532/3480 1092/1542/3481 1091/1541/3482
f 1084/1532/3483 1085/1534/3484 1093/1543/3485 1092/1542/3486
f 1085/1534/3487 1086/1536/3488 1094/1544/3489 1093/1543/3490
f 1086/1536/3491 1080/1524/3492 1088/1538/3493 1094/1544/3494
f 1088/1538/3495 1087/1537/3496 1095/1545/3497 1096/1546/3498
f 1087/1537/3499 1089/1539/3500 1097/1547/3501 1095/1545/3502
f 1089/1539/3503 1090/1540/3504 1098/1548/3505 1097/1547/3506
f 1090/1540/3507 1091/1541/3508 1099/1549/3509 1098/1548/3510
f 1091/1541/3511 1092/1542/3512 1100/1550/3513 1099/1549/3514
f 1092/1542/3515 1093/1543/3516 1101/1551/3517 1100/1550/3518
f 1093/1543/3519 1094/1544/3520 1102/1552/3521 1101/1551/3522
f 1094/1544/3523 1088/1538/3524 1096/1546/3525 1102/1552/3526
f 1096/1546/3527 1095/1545/3528 1103/1553/3529 1104/1554/3530
f 1095/1545/3531 1097/1547/3532 1105/1555/3533 1103/1553/3534
f 1097/1547/3535 1098/1548/3536 1106/1556/3537 1105/1555/3538
f 1098/1548/3539 1099/1549/3540 1107/1557/3541 1106/1556/3542
f 1099/1549/3543 1100/1550/3544 1108/1558/3545 1107/1557/3546
f 1100/1550/3547 1101/1551/3548 1109/1559/3549 1108/1558/3550
f 1101/1551/3551 1102/1552/3552 1110/1560/3553 1109/1559/3554
f 1102/1552/3555 1096/1546/3556 1104/1554/3557 1110/1560/3558
f 1014/1433/3559 1036/1436/3560 1111/1561/3561 1112/1562/3562
f 1036/1436/3563 1040/1449/3564 1113/1563/3565 1111/1561/3566
f 1040/1449/3567 1018/1448/3568 1114/1564/3569 1113/1563/3570
f 1018/1448/3571 1014/1433/3572 1112/1562/3573 1114/1564/3574
f 1026/1459/3575 1041/1462/3576 1115/1565/3577 1116/1566/3578
f 1041/1462/3579 1035/1438/3580 1117/1567/3581 1115/1565/3582
f 1035/1438/3583 1012/1437/3584 1118/1568/3585 1117/1567/3586
f 1012/1437/3587 1026/1459/3588 1116/1566/3589 1118/1568/3590
f 1116/1566/3591 1115/1565/3592 1119/1569/3593 1120/1570/3594
f 1115/1565/3595 1117/1567/3596 1121/1571/3597 1119/1569/3598
f 1117/1567/3599 1118/1568/3600 1122/1572/3601 1121/1571/3602
f 1118/1568/3603 1116/1566/3604 1120/1570/3605 1122/1572/3606
f 1112/1562/3607 1111/1561/3608 1123/1573/3609 1124/1574/3610
f 1111/1561/3611 1113/1563/3612 1125/1575/3613 1123/1573/3614
f 1113/1563/3615 1114/1564/3616 1126/1576/3617 1125/1575/3618
f 1114/1564/3619 1112/1562/3620 1124/1574/3621 1126/1576/3622
f 1124/1577/3623 1123/1578/3624 1127/1472/3625 1128/1471/3626
f 1123/1578/3627 1125/1579/3628 1129/1473/3629 1127/1472/3630
f 1125/1579/3631 1126/1580/3632 1130/1474/3633 1129/1473/3634
f 1126/1580/3635 1124/1577/3636 1128/1471/3637 1130/1474/3638
f 1120/1581/3639 1119/1582/3640 1131/1478/3641 1132/1477/3642
f 1119/1582/3643 1121/1583/3644 1133/1479/3645 1131/1478/3646
f 1121/1583/3647 1122/1584/3648 1134/1480/3649 1133/1479/3650
f 1122/1584/3651 1120/1581/3652 1132/1477/3653 1134/1480/3654
g default
v -9.525675 6.796159 1.351298
v -9.525675 6.796159 0.487721
v -10.389252 6.796159 0.487721
v -10.389252 6.796159 1.351298
v -9.291101 6.780694 1.622540
v -9.294065 6.744226 1.635164
v -9.256976 6.745363 1.620581
v -9.241629 6.746475 1.585348
v -9.254378 6.781334 1.587071
v -9.289786 6.796159 1.587186
v -9.254433 6.780694 0.253148
v -9.241807 6.744226 0.256111
v -9.256392 6.745363 0.219022
v -9.291624 6.746475 0.203675
v -9.289902 6.781334 0.216423
v -9.289786 6.796159 0.251832
v -10.660493 6.780694 1.585870
v -10.673119 6.744226 1.582907
v -10.658534 6.745363 1.619996
v -10.623302 6.746475 1.635343
v -10.625025 6.781334 1.622595
v -10.625140 6.796159 1.587186
v -10.623824 6.780694 0.216478
v -10.620861 6.744226 0.203854
v -10.657951 6.745363 0.218437
v -10.673297 6.746475 0.253670
v -10.660549 6.781334 0.251948
v -10.625140 6.796159 0.251832
v -9.507458 3.559432 1.419509
v -9.457463 3.559432 1.369514
v -9.472106 3.559432 1.404865
v -9.507458 3.559432 0.419509
v -9.472106 3.559432 0.434153
v -9.457463 3.559432 0.469505
v -10.407468 3.559432 1.419509
v -10.442820 3.559432 1.404865
v -10.457463 3.559432 1.369514
v -10.407468 3.559432 0.419509
v -10.457463 3.559432 0.469505
v -10.442820 3.559432 0.434153
v -9.261625 6.774341 1.615790
v -9.261183 6.774341 0.223670
v -10.653744 6.774341 1.615348
v -10.653302 6.774341 0.223229
v -9.656252 6.761170 1.297024
v -9.541961 6.785659 1.335012
v -9.579948 6.761170 1.220720
v -9.694252 12.394944 1.259024
v -9.617949 12.394944 1.182720
v -9.579948 6.761170 0.618298
v -9.541961 6.785659 0.504007
v -9.656252 6.761170 0.541994
v -9.694252 12.394944 0.579994
v -9.617949 12.394944 0.656298
v -10.258675 6.761170 0.541994
v -10.372966 6.785659 0.504007
v -10.334978 6.761170 0.618298
v -10.296978 12.394944 0.656298
v -10.220675 12.394944 0.579994
v -10.334978 6.761170 1.220720
v -10.372966 6.785659 1.335012
v -10.258675 6.761170 1.297024
v -10.220675 12.394944 1.259024
v -10.296978 12.394944 1.182720
v -9.503181 12.639428 1.271694
v -9.605278 12.639428 1.373791
v -9.503181 12.639428 0.567324
v -9.605278 12.639428 0.465227
v -10.309649 12.639428 0.465227
v -10.411745 12.639428 0.567324
v -10.411745 12.639428 1.271694
v -10.309649 12.639428 1.373791
v -9.617949 12.639428 1.209103
v -9.694252 12.639428 1.293055
v -9.617949 12.639428 0.629915
v -9.694252 12.639428 0.545963
v -10.220675 12.639428 0.545963
v -10.296977 12.639428 0.629915
v -10.296978 12.639428 1.209103
v -10.220675 12.639428 1.293055
v -9.617949 12.598714 1.209103
v -9.694252 12.598714 1.293055
v -9.617949 12.598714 0.629915
v -9.694252 12.598714 0.545963
v -10.220675 12.598714 0.545963
v -10.296977 12.598714 0.629915
v -10.296978 12.598714 1.209103
v -10.220675 12.598714 1.293055
v -9.735541 12.598714 1.108800
v -9.785418 12.598714 1.163675
v -9.735541 12.598714 0.730218
v -9.785418 12.598714 0.675343
v -10.129510 12.598714 0.675343
v -10.179385 12.598714 0.730218
v -10.179385 12.598714 1.108800
v -10.129510 12.598714 1.163675
v -9.735541 12.640866 1.108800
v -9.785418 12.640866 1.163675
v -9.735541 12.640866 0.730218
v -9.785418 12.640866 0.675343
v -10.129510 12.640866 0.675343
v -10.179385 12.640866 0.730218
v -10.179385 12.640866 1.108800
v -10.129510 12.640866 1.163675
v -9.545888 3.856075 1.290623
v -9.370232 6.449832 1.466279
v -9.545888 3.856075 0.558156
v -9.370378 6.448001 0.384487
v -10.319044 3.856075 1.331311
v -10.494699 6.449832 1.561095
v -9.586576 3.856075 1.331311
v -9.412907 6.448001 1.560950
v -10.319044 3.856075 1.274677
v -10.494699 6.449832 1.450333
v -9.586576 3.856075 1.298140
v -9.412907 6.448001 1.473650
v -9.604612 3.856075 1.290623
v -9.428957 6.449832 1.466279
v -9.604612 3.856075 0.558156
v -9.429102 6.448001 0.384487
v -9.505053 4.150311 1.220124
v -9.369250 6.155596 1.355927
v -9.505053 4.150311 0.653840
v -9.369361 6.154181 0.519573
v -10.223883 4.150311 1.375110
v -10.359686 6.155596 1.510912
v -9.657598 4.150311 1.375110
v -9.523331 6.154181 1.510800
vt 0.376464 0.913086
vt 0.341136 0.912972
vt 0.342152 0.911954
vt 0.347393 0.908798
vt 0.370197 0.908912
vt 0.375446 0.912069
vt 0.341150 0.877475
vt 0.342181 0.878504
vt 0.345362 0.883787
vt 0.345310 0.906708
vt 0.376639 0.877712
vt 0.375618 0.878723
vt 0.370360 0.881856
vt 0.347469 0.881678
vt 0.372292 0.906830
vt 0.372433 0.883952
vt 0.115219 0.666927
vt 0.117515 0.943701
vt 0.088468 0.943822
vt 0.088925 0.667292
vt 0.083514 0.667673
vt 0.083265 0.943829
vt 0.053761 0.943686
vt 0.058091 0.671865
vt 0.178385 0.669194
vt 0.186264 0.943313
vt 0.157054 0.943630
vt 0.152312 0.667495
vt 0.146899 0.667352
vt 0.151830 0.943656
vt 0.122714 0.943685
vt 0.120667 0.666831
vt 0.393218 0.925861
vt 0.391058 0.925628
vt 0.391303 0.865349
vt 0.393364 0.865088
vt 0.388885 0.925548
vt 0.389144 0.865453
vt 0.364441 0.807170
vt 0.362217 0.807215
vt 0.360928 0.675275
vt 0.363023 0.675216
vt 0.359915 0.807099
vt 0.358832 0.675253
vt 0.389002 0.927706
vt 0.328667 0.927595
vt 0.328736 0.925422
vt 0.389278 0.929764
vt 0.328448 0.929758
vt 0.418717 0.809335
vt 0.416515 0.809371
vt 0.399320 0.666935
vt 0.401388 0.666302
vt 0.414219 0.809268
vt 0.397240 0.667454
vt 0.326590 0.925558
vt 0.326426 0.864681
vt 0.328615 0.864852
vt 0.324536 0.925859
vt 0.324235 0.864841
vt 0.389529 0.861138
vt 0.389257 0.863289
vt 0.328665 0.862689
vt 0.328559 0.860606
vt 0.309889 0.811139
vt 0.307675 0.811144
vt 0.323697 0.667157
vt 0.325771 0.667667
vt 0.305400 0.811009
vt 0.321635 0.666530
vt 0.230963 0.800595
vt 0.228870 0.800040
vt 0.270576 0.652910
vt 0.272667 0.653431
vt 0.226744 0.799326
vt 0.268519 0.652268
vt 0.558367 0.940746
vt 0.564910 0.842725
vt 0.592365 0.842422
vt 0.599167 0.940898
vt 0.450421 0.653182
vt 0.492890 0.798162
vt 0.462387 0.940665
vt 0.468922 0.842448
vt 0.496464 0.842412
vt 0.503146 0.940645
vt 0.585451 0.754754
vt 0.541506 0.754939
vt 0.539777 0.754231
vt 0.539055 0.752508
vt 0.538870 0.708563
vt 0.539577 0.706833
vt 0.541300 0.706111
vt 0.585246 0.705926
vt 0.586975 0.706634
vt 0.587697 0.708357
vt 0.587882 0.752302
vt 0.587175 0.754032
vt 0.390617 0.927278
vt 0.391707 0.928325
vt 0.327022 0.927168
vt 0.325987 0.928270
vt 0.390898 0.863740
vt 0.391959 0.862663
vt 0.327099 0.862966
vt 0.324523 0.863319
vt 0.326255 0.861606
vt 0.268228 0.918109
vt 0.270678 0.920774
vt 0.270783 0.939259
vt 0.268363 0.941953
vt 0.251562 0.942048
vt 0.249112 0.939382
vt 0.249007 0.920897
vt 0.251427 0.918204
vt 0.191537 0.943253
vt 0.183663 0.669772
vt 0.115019 0.653422
vt 0.119808 0.653612
vt 0.086658 0.654439
vt 0.081287 0.654418
vt 0.049764 0.660841
vt 0.183513 0.656846
vt 0.189743 0.659046
vt 0.153255 0.653528
vt 0.148186 0.653426
vt 0.281925 0.880954
vt 0.276046 0.887073
vt 0.272670 0.880942
vt 0.277612 0.876435
vt 0.242242 0.887076
vt 0.245624 0.880993
vt 0.236399 0.881069
vt 0.240653 0.876488
vt 0.236292 0.847031
vt 0.240591 0.851591
vt 0.242243 0.840972
vt 0.245575 0.847113
vt 0.275923 0.841013
vt 0.272546 0.847098
vt 0.281791 0.846977
vt 0.277548 0.851579
vt 0.271861 0.878930
vt 0.275604 0.875631
vt 0.246400 0.878961
vt 0.242620 0.875627
vt 0.242584 0.852415
vt 0.246383 0.849128
vt 0.271762 0.849128
vt 0.275596 0.852458
vt 0.266442 0.872603
vt 0.268681 0.870549
vt 0.251780 0.872576
vt 0.249528 0.870528
vt 0.249559 0.857500
vt 0.251788 0.855482
vt 0.266408 0.855509
vt 0.268631 0.857521
vt 0.265201 0.870280
vt 0.266343 0.869309
vt 0.252960 0.870213
vt 0.251813 0.869265
vt 0.251878 0.858752
vt 0.253010 0.857815
vt 0.265230 0.857875
vt 0.266367 0.858802
vt 0.371033 0.688260
vt 0.372265 0.792226
vt 0.390970 0.683857
vt 0.404025 0.794152
vt 0.332209 0.684054
vt 0.318282 0.795900
vt 0.351070 0.688539
vt 0.353566 0.793685
vt 0.334776 0.686574
vt 0.324020 0.791478
vt 0.349424 0.689599
vt 0.349486 0.790256
vt 0.373965 0.690049
vt 0.375026 0.789940
vt 0.388362 0.686543
vt 0.400952 0.791769
vt 0.551634 0.955280
vt 0.560096 0.827558
vt 0.598094 0.827326
vt 0.606888 0.955326
vt 0.454676 0.955041
vt 0.463118 0.827469
vt 0.500645 0.827451
vt 0.509299 0.955113
vn -0.541845 0.840479 0.000000
vn -0.541845 0.840479 0.000000
vn -0.290407 0.911772 0.290405
vn -0.526015 0.850443 0.007397
vn -0.526015 0.850443 -0.007396
vn -0.290407 0.911772 -0.290405
vn 0.000000 0.840480 0.541842
vn 0.000000 0.840480 0.541842
vn 0.290407 0.911772 0.290405
vn 0.007397 0.850445 0.526012
vn -0.007397 0.850445 0.526012
vn -0.290407 0.911772 0.290405
vn 0.541845 0.840479 0.000000
vn 0.541845 0.840479 0.000000
vn 0.290407 0.911772 -0.290405
vn 0.526015 0.850443 -0.007397
vn 0.526015 0.850443 0.007396
vn 0.290407 0.911772 0.290405
vn 0.000000 0.840480 -0.541842
vn 0.000000 0.840480 -0.541842
vn -0.290407 0.911772 -0.290405
vn -0.007397 0.850445 -0.526012
vn 0.007397 0.850445 -0.526012
vn 0.290407 0.911772 -0.290405
vn 0.999977 0.006745 0.000000
vn 0.999977 0.006745 0.000000
vn 0.999977 0.006745 0.000000
vn 0.999977 0.006745 0.000000
vn 0.000000 0.006745 -0.999977
vn 0.000000 0.006745 -0.999977
vn 0.000000 0.006745 -0.999977
vn 0.000000 0.006745 -0.999977
vn -0.999977 0.006745 0.000000
vn -0.999977 0.006745 0.000000
vn -0.999977 0.006745 0.000000
vn -0.999977 0.006745 0.000000
vn 0.000000 0.006745 0.999977
vn 0.000000 0.006745 0.999977
vn 0.000000 0.006745 0.999977
vn 0.000000 0.006745 0.999977
vn 0.275457 0.036871 0.960606
vn 0.007777 0.333590 0.942686
vn -0.007040 0.334035 0.942534
vn -0.283445 0.039960 0.958156
vn 0.006611 0.919475 0.393093
vn 0.057878 0.996708 0.056768
vn -0.056768 0.996708 0.057878
vn -0.006917 0.919679 0.392610
vn 0.958156 0.039966 0.283444
vn 0.917599 -0.085398 0.388225
vn 0.917273 -0.088326 0.388340
vn 0.917273 -0.088326 0.388340
vn 0.373530 -0.084504 0.923761
vn 0.275457 0.036871 0.960606
vn 0.373896 -0.087670 0.923318
vn 0.373896 -0.087670 0.923318
vn 0.057878 0.996708 0.056768
vn 0.392611 0.919679 0.006917
vn 0.393094 0.919475 -0.006611
vn 0.056768 0.996708 -0.057880
vn 0.942528 0.334054 0.007040
vn 0.958156 0.039966 0.283444
vn 0.960605 0.036877 -0.275461
vn 0.942680 0.333609 -0.007777
vn 0.013504 -0.062580 -0.997949
vn 0.388229 -0.085398 -0.917598
vn 0.388344 -0.088326 -0.917272
vn 0.012167 -0.068377 -0.997585
vn 0.923759 -0.084504 -0.373536
vn 0.960605 0.036877 -0.275461
vn 0.923315 -0.087670 -0.373902
vn 0.923315 -0.087670 -0.373902
vn 0.056768 0.996708 -0.057880
vn 0.006916 0.919673 -0.392625
vn -0.006611 0.919468 -0.393108
vn -0.057878 0.996708 -0.056771
vn 0.007040 0.334039 -0.942533
vn 0.013504 -0.062580 -0.997949
vn -0.013682 -0.062521 -0.997950
vn -0.007777 0.333594 -0.942685
vn -0.997950 -0.062520 0.013682
vn -0.942678 0.333613 0.007777
vn -0.942526 0.334058 -0.007039
vn -0.997949 -0.062580 -0.013504
vn -0.393099 0.919473 0.006611
vn -0.056768 0.996708 0.057878
vn -0.057878 0.996708 -0.056771
vn -0.392615 0.919677 -0.006917
vn -0.283445 0.039960 0.958156
vn -0.388227 -0.085399 0.917599
vn -0.388342 -0.088326 0.917273
vn -0.388342 -0.088326 0.917273
vn -0.923758 -0.084503 0.373539
vn -0.997950 -0.062520 0.013682
vn -0.997590 -0.068357 0.011939
vn -0.923314 -0.087669 0.373905
vn -0.997949 -0.062580 -0.013504
vn -0.917601 -0.085399 -0.388222
vn -0.917274 -0.088327 -0.388338
vn -0.997585 -0.068376 -0.012167
vn -0.373531 -0.084503 -0.923761
vn -0.013682 -0.062521 -0.997950
vn -0.011938 -0.068357 -0.997590
vn -0.373897 -0.087669 -0.923317
vn 0.997715 -0.067564 -0.000011
vn 0.997715 -0.067564 -0.000011
vn 0.997715 -0.067564 -0.000011
vn 0.997715 -0.067564 -0.000011
vn -0.997950 -0.062520 0.013682
vn -0.997949 -0.062580 -0.013504
vn -0.997585 -0.068376 -0.012167
vn -0.997590 -0.068357 0.011939
vn 0.013504 -0.062580 -0.997949
vn 0.012167 -0.068377 -0.997585
vn -0.011938 -0.068357 -0.997590
vn -0.013682 -0.062521 -0.997950
vn 0.000012 -0.067564 0.997715
vn 0.000012 -0.067564 0.997715
vn 0.000012 -0.067564 0.997715
vn 0.000012 -0.067564 0.997715
vn 0.057878 0.996708 0.056768
vn 0.056768 0.996708 -0.057880
vn 0.000000 1.000000 0.000000
vn 0.000000 1.000000 0.000000
vn 0.056768 0.996708 -0.057880
vn -0.057878 0.996708 -0.056771
vn 0.000000 1.000000 0.000000
vn 0.000000 1.000000 0.000000
vn -0.057878 0.996708 -0.056771
vn -0.056768 0.996708 0.057878
vn 0.000000 1.000000 0.000000
vn 0.000000 1.000000 0.000000
vn -0.056768 0.996708 0.057878
vn 0.057878 0.996708 0.056768
vn 0.000000 1.000000 0.000000
vn 0.000000 1.000000 0.000000
vn 0.000000 -1.000000 0.000000
vn 0.000000 -1.000000 0.000000
vn 0.000000 -1.000000 0.000000
vn 0.000000 -1.000000 0.000000
vn 0.000000 -1.000000 0.000000
vn 0.000000 -1.000000 0.000000
vn 0.000000 -1.000000 0.000000
vn 0.000000 -1.000000 0.000000
vn 0.000000 -1.000000 0.000000
vn 0.000000 -1.000000 0.000000
vn 0.000000 -1.000000 0.000000
vn 0.000000 -1.000000 0.000000
vn 0.392611 0.919679 0.006917
vn 0.057878 0.996708 0.056768
vn 0.006611 0.919475 0.393093
vn 0.323886 0.878500 0.351191
vn 0.007777 0.333590 0.942686
vn 0.275457 0.036871 0.960606
vn 0.373530 -0.084504 0.923761
vn 0.313195 0.251745 0.915715
vn 0.917599 -0.085398 0.388225
vn 0.958156 0.039966 0.283444
vn 0.942528 0.334054 0.007040
vn 0.899074 0.261893 0.350826
vn 0.006916 0.919673 -0.392625
vn 0.056768 0.996708 -0.057880
vn 0.393094 0.919475 -0.006611
vn 0.351202 0.878497 -0.323883
vn 0.942680 0.333609 -0.007777
vn 0.960605 0.036877 -0.275461
vn 0.923759 -0.084504 -0.373536
vn 0.915713 0.251744 -0.313200
vn 0.388229 -0.085398 -0.917598
vn 0.013504 -0.062580 -0.997949
vn 0.007040 0.334039 -0.942533
vn 0.350827 0.261870 -0.899080
vn -0.006917 0.919679 0.392610
vn -0.056768 0.996708 0.057878
vn -0.393099 0.919473 0.006611
vn -0.351205 0.878495 0.323886
vn -0.942678 0.333613 0.007777
vn -0.997950 -0.062520 0.013682
vn -0.923758 -0.084503 0.373539
vn -0.915709 0.251756 0.313202
vn -0.388227 -0.085399 0.917599
vn -0.283445 0.039960 0.958156
vn -0.007040 0.334035 0.942534
vn -0.350829 0.261866 0.899080
vn -0.392615 0.919677 -0.006917
vn -0.057878 0.996708 -0.056771
vn -0.006611 0.919468 -0.393108
vn -0.323883 0.878496 -0.351206
vn -0.007777 0.333594 -0.942685
vn -0.013682 -0.062521 -0.997950
vn -0.373531 -0.084503 -0.923761
vn -0.313196 0.251746 -0.915714
vn -0.917601 -0.085399 -0.388222
vn -0.997949 -0.062580 -0.013504
vn -0.942526 0.334058 -0.007039
vn -0.899078 0.261884 -0.350821
vn 0.000000 1.000000 0.000000
vn 0.000000 1.000000 0.000000
vn 0.000000 1.000000 0.000000
vn 0.000000 1.000000 0.000000
vn 0.000000 1.000000 0.000000
vn 0.000000 1.000000 0.000000
vn 0.000000 1.000000 0.000000
vn 0.000000 1.000000 0.000000
vn 0.707076 0.009539 0.707073
vn 0.707076 0.009539 0.707073
vn 0.707076 0.009539 0.707073
vn 0.707076 0.009539 0.707073
vn 0.707076 0.009539 -0.707073
vn 0.707076 0.009539 -0.707073
vn 0.707076 0.009539 -0.707073
vn 0.707076 0.009539 -0.707073
vn -0.707076 0.009539 -0.707074
vn -0.707076 0.009539 -0.707074
vn -0.707076 0.009539 -0.707074
vn -0.707076 0.009539 -0.707074
vn -0.707076 0.009539 0.707074
vn -0.707076 0.009539 0.707074
vn -0.707076 0.009539 0.707074
vn -0.707076 0.009539 0.707074
vn -0.007397 0.850445 -0.526012
vn -0.290407 0.911772 -0.290405
vn -0.526015 0.850443 -0.007396
vn -0.526015 0.850443 0.007397
vn -0.290407 0.911772 0.290405
vn -0.007397 0.850445 0.526012
vn 0.007397 0.850445 0.526012
vn 0.290407 0.911772 0.290405
vn 0.526015 0.850443 0.007396
vn 0.526015 0.850443 -0.007397
vn 0.290407 0.911772 -0.290405
vn 0.007397 0.850445 -0.526012
vn 0.609205 -0.507682 0.609203
vn 0.609205 -0.507682 0.609203
vn 0.609205 -0.507682 0.609203
vn 0.609205 -0.507682 0.609203
vn 0.905224 -0.424935 0.000000
vn 0.905224 -0.424935 0.000000
vn 0.905224 -0.424935 0.000000
vn 0.905224 -0.424935 0.000000
vn 0.609204 -0.507683 -0.609203
vn 0.609204 -0.507683 -0.609203
vn 0.609204 -0.507683 -0.609203
vn 0.609204 -0.507683 -0.609203
vn 0.000000 -0.424934 -0.905224
vn 0.000000 -0.424934 -0.905224
vn 0.000000 -0.424934 -0.905224
vn 0.000000 -0.424934 -0.905224
vn -0.609205 -0.507682 -0.609203
vn -0.609205 -0.507682 -0.609203
vn -0.609205 -0.507682 -0.609203
vn -0.609205 -0.507682 -0.609203
vn -0.905224 -0.424935 0.000000
vn -0.905224 -0.424935 0.000000
vn -0.905224 -0.424935 0.000000
vn -0.905224 -0.424935 0.000000
vn -0.609206 -0.507683 0.609201
vn -0.609206 -0.507683 0.609201
vn -0.609206 -0.507683 0.609201
vn -0.609206 -0.507683 0.609201
vn 0.000000 -0.424934 0.905224
vn 0.000000 -0.424934 0.905224
vn 0.000000 -0.424934 0.905224
vn 0.000000 -0.424934 0.905224
vn 0.000000 1.000000 0.000000
vn 0.000000 1.000000 0.000000
vn 0.000000 1.000000 0.000000
vn 0.000000 1.000000 0.000000
vn 0.000000 1.000000 0.000000
vn 0.000000 1.000000 0.000000
vn 0.000000 1.000000 0.000000
vn 0.000000 1.000000 0.000000
vn 0.000000 1.000000 0.000008
vn 0.000000 1.000000 0.000008
vn 0.000000 1.000000 0.000008
vn 0.000000 1.000000 0.000008
vn 0.000000 1.000000 0.000000
vn 0.000000 1.000000 0.000000
vn 0.000000 1.000000 0.000000
vn 0.000000 1.000000 0.000000
vn 0.000000 1.000000 0.000000
vn 0.000000 1.000000 0.000000
vn 0.000000 1.000000 0.000000
vn 0.000000 1.000000 0.000000
vn 0.000000 1.000000 0.000002
vn 0.000000 1.000000 0.000002
vn 0.000000 1.000000 0.000002
vn 0.000000 1.000000 0.000002
vn 0.000000 1.000000 0.000000
vn 0.000000 1.000000 0.000000
vn 0.000000 1.000000 0.000000
vn 0.000000 1.000000 0.000000
vn 0.000000 1.000000 0.000000
vn 0.000000 1.000000 0.000000
vn 0.000000 1.000000 0.000000
vn 0.000000 1.000000 0.000000
vn -0.740011 0.000000 -0.672595
vn -0.740011 0.000000 -0.672595
vn -0.740011 0.000000 -0.672595
vn -0.740011 0.000000 -0.672595
vn -1.000000 0.000000 0.000000
vn -1.000000 0.000000 0.000000
vn -1.000000 0.000000 0.000000
vn -1.000000 0.000000 0.000000
vn -0.740011 0.000000 0.672595
vn -0.740011 0.000000 0.672595
vn -0.740011 0.000000 0.672595
vn -0.740011 0.000000 0.672595
vn 0.000000 0.000000 1.000000
vn 0.000000 0.000000 1.000000
vn 0.000000 0.000000 1.000000
vn 0.000000 0.000000 1.000000
vn 0.740017 0.000000 0.672588
vn 0.740017 0.000000 0.672588
vn 0.740017 0.000000 0.672588
vn 0.740017 0.000000 0.672588
vn 1.000000 0.000000 0.000000
vn 1.000000 0.000000 0.000000
vn 1.000000 0.000000 0.000000
vn 1.000000 0.000000 0.000000
vn 0.740011 0.000000 -0.672595
vn 0.740011 0.000000 -0.672595
vn 0.740011 0.000000 -0.672595
vn 0.740011 0.000000 -0.672595
vn 0.000000 0.000000 -1.000000
vn 0.000000 0.000000 -1.000000
vn 0.000000 0.000000 -1.000000
vn 0.000000 0.000000 -1.000000
vn 0.000000 1.000000 0.000008
vn 0.000000 1.000000 0.000008
vn 0.000000 1.000000 0.000008
vn 0.000000 1.000000 0.000008
vn 0.000000 1.000000 0.000000
vn 0.000000 1.000000 0.000000
vn 0.000000 1.000000 0.000000
vn 0.000000 1.000000 0.000000
vn 0.000000 1.000000 0.000008
vn 0.000000 1.000000 0.000008
vn 0.000000 1.000000 0.000008
vn 0.000000 1.000000 0.000008
vn 0.000000 1.000000 0.000006
vn 0.000000 1.000000 0.000006
vn 0.000000 1.000000 0.000006
vn 0.000000 1.000000 0.000006
vn 0.000000 1.000000 0.000000
vn 0.000000 1.000000 0.000000
vn 0.000000 1.000000 0.000000
vn 0.000000 1.000000 0.000000
vn 0.000000 1.000000 0.000000
vn 0.000000 1.000000 0.000000
vn 0.000000 1.000000 0.000000
vn 0.000000 1.000000 0.000000
vn 0.000000 1.000000 -0.000008
vn 0.000000 1.000000 -0.000008
vn 0.000000 1.000000 -0.000008
vn 0.000000 1.000000 -0.000008
vn 0.000000 1.000000 -0.000006
vn 0.000000 1.000000 -0.000006
vn 0.000000 1.000000 -0.000006
vn 0.000000 1.000000 -0.000006
vn 0.740015 0.000000 0.672591
vn 0.740015 0.000000 0.672591
vn 0.740015 0.000000 0.672591
vn 0.740015 0.000000 0.672591
vn 1.000000 0.000000 0.000000
vn 1.000000 0.000000 0.000000
vn 1.000000 0.000000 0.000000
vn 1.000000 0.000000 0.000000
vn 0.740015 0.000000 -0.672591
vn 0.740015 0.000000 -0.672591
vn 0.740015 0.000000 -0.672591
vn 0.740015 0.000000 -0.672591
vn 0.000000 0.000000 -1.000000
vn 0.000000 0.000000 -1.000000
vn 0.000000 0.000000 -1.000000
vn 0.000000 0.000000 -1.000000
vn -0.740015 0.000000 -0.672591
vn -0.740015 0.000000 -0.672591
vn -0.740015 0.000000 -0.672591
vn -0.740015 0.000000 -0.672591
vn -1.000000 0.000000 0.000000
vn -1.000000 0.000000 0.000000
vn -1.000000 0.000000 0.000000
vn -1.000000 0.000000 0.000000
vn -0.740015 0.000000 0.672591
vn -0.740015 0.000000 0.672591
vn -0.740015 0.000000 0.672591
vn -0.740015 0.000000 0.672591
vn 0.000000 0.000000 1.000000
vn 0.000000 0.000000 1.000000
vn 0.000000 0.000000 1.000000
vn 0.000000 0.000000 1.000000
vn 0.673899 0.004396 -0.738810
vn 0.673899 0.004396 -0.738810
vn 0.673899 0.004396 -0.738810
vn 0.673899 0.004396 -0.738810
vn 0.958330 0.285663 0.000000
vn 0.958330 0.285663 0.000000
vn 0.958330 0.285663 0.000000
vn 0.958330 0.285663 0.000000
vn 0.707160 -0.000510 0.707053
vn 0.707160 -0.000510 0.707053
vn 0.707160 -0.000510 0.707053
vn 0.707160 -0.000510 0.707053
vn 0.917410 -0.397944 0.000550
vn 0.917410 -0.397944 0.000550
vn 0.917410 -0.397944 0.000550
vn 0.917410 -0.397944 0.000550
vn 0.599098 -0.021127 0.800397
vn 0.599098 -0.021127 0.800397
vn 0.599098 -0.021127 0.800397
vn 0.599098 -0.021127 0.800397
vn 0.000000 0.284989 0.958531
vn 0.000000 0.284989 0.958531
vn 0.000000 0.284989 0.958531
vn 0.000000 0.284989 0.958531
vn -0.634207 -0.017090 0.772974
vn -0.634207 -0.017090 0.772974
vn -0.634207 -0.017090 0.772974
vn -0.634207 -0.017090 0.772974
vn -0.000281 -0.242917 0.970047
vn -0.000281 -0.242917 0.970047
vn -0.000281 -0.242917 0.970047
vn -0.000281 -0.242917 0.970047
vn 0.997715 0.067567 0.000000
vn 0.997715 0.067567 0.000000
vn 0.997715 0.067567 0.000000
vn 0.997715 0.067567 0.000000
vn 0.000000 1.000000 0.000000
vn 0.000000 1.000000 0.000000
vn 0.000000 1.000000 0.000000
vn 0.000000 1.000000 0.000000
vn -0.997763 0.066853 -0.000002
vn -0.997763 0.066853 -0.000002
vn -0.997763 0.066853 -0.000002
vn -0.997763 0.066853 -0.000002
vn -0.001692 -0.999999 0.000000
vn -0.001692 -0.999999 0.000000
vn -0.001692 -0.999999 0.000000
vn -0.001692 -0.999999 0.000000
vn 0.000000 0.067568 -0.997715
vn 0.000000 0.067568 -0.997715
vn 0.000000 0.067568 -0.997715
vn 0.000000 0.067568 -0.997715
vn 0.000000 1.000000 0.000000
vn 0.000000 1.000000 0.000000
vn 0.000000 1.000000 0.000000
vn 0.000000 1.000000 0.000000
vn 0.000000 0.066854 0.997763
vn 0.000000 0.066854 0.997763
vn 0.000000 0.066854 0.997763
vn 0.000000 0.066854 0.997763
vn 0.000000 -0.999999 0.001693
vn 0.000000 -0.999999 0.001693
vn 0.000000 -0.999999 0.001693
vn 0.000000 -0.999999 0.001693
vn 0.747065 -0.095148 0.657906
vn 0.747065 -0.095148 0.657906
vn 0.747065 -0.095148 0.657906
vn 0.747065 -0.095148 0.657906
vn 0.947243 -0.320516 0.000000
vn 0.947243 -0.320516 0.000000
vn 0.947243 -0.320516 0.000000
vn 0.947243 -0.320516 0.000000
vn 0.819446 -0.093379 -0.565498
vn 0.819446 -0.093379 -0.565498
vn 0.819446 -0.093379 -0.565498
vn 0.819446 -0.093379 -0.565498
vn 0.979991 0.199039 -0.000468
vn 0.979991 0.199039 -0.000468
vn 0.979991 0.199039 -0.000468
vn 0.979991 0.199039 -0.000468
vn -0.570667 -0.093894 0.815796
vn -0.570667 -0.093894 0.815796
vn -0.570667 -0.093894 0.815796
vn -0.570667 -0.093894 0.815796
vn -0.017298 -0.287937 0.957493
vn -0.017298 -0.287937 0.957493
vn -0.017298 -0.287937 0.957493
vn -0.017298 -0.287937 0.957493
vn 0.529957 -0.092589 0.842955
vn 0.529957 -0.092589 0.842955
vn 0.529957 -0.092589 0.842955
vn 0.529957 -0.092589 0.842955
vn -0.011658 0.163456 0.986482
vn -0.011658 0.163456 0.986482
vn -0.011658 0.163456 0.986482
vn -0.011658 0.163456 0.986482
s off
g Nut1:bed Nut1:Nut Nut1:pole1OBJ_UV2
usemtl lambert41SG
f 1135/1585/3655 1136/1586/3656 1185/1587/3657 1184/1588/3658 1181/1589/3659 1180/1590/3660
f 1136/1586/3661 1137/1591/3662 1190/1592/3663 1189/1593/3664 1186/1594/3665 1185/1587/3666
f 1137/1591/3667 1138/1595/3668 1195/1596/3669 1194/1597/3670 1191/1598/3671 1190/1592/3672
f 1138/1595/3673 1135/1585/3674 1180/1590/3675 1179/1599/3676 1196/1600/3677 1195/1596/3678
f 1183/1601/3679 1181/1602/3680 1184/1603/3681 1188/1604/3682
f 1187/1605/3683 1186/1606/3684 1189/1607/3685 1193/1608/3686
f 1192/1609/3687 1191/1610/3688 1194/1611/3689 1198/1612/3690
f 1197/1613/3691 1196/1614/3692 1179/1615/3693 1182/1616/3694
f 1140/1617/3695 1139/1618/3696 1155/1619/3697 1154/1620/3698
f 1139/1618/3699 1144/1621/3700 1156/1622/3701 1155/1619/3702
f 1142/1623/3703 1141/1624/3704 1165/1625/3705 1164/1626/3706
f 1141/1624/3707 1140/1627/3708 1163/1628/3709 1165/1625/3710
f 1144/1621/3711 1143/1629/3712 1145/1630/3713 1150/1631/3714
f 1143/1629/3715 1142/1632/3716 1146/1633/3717 1145/1630/3718
f 1148/1634/3719 1147/1635/3720 1167/1636/3721 1166/1637/3722
f 1147/1635/3723 1146/1638/3724 1168/1639/3725 1167/1636/3726
f 1150/1631/3727 1149/1640/3728 1157/1641/3729 1162/1642/3730
f 1149/1640/3731 1148/1643/3732 1158/1644/3733 1157/1641/3734
f 1152/1645/3735 1151/1646/3736 1161/1647/3737 1160/1648/3738
f 1151/1646/3739 1156/1622/3740 1162/1642/3741 1161/1647/3742
f 1154/1649/3743 1153/1650/3744 1170/1651/3745 1169/1652/3746
f 1153/1650/3747 1152/1653/3748 1171/1654/3749 1170/1651/3750
f 1160/1655/3751 1159/1656/3752 1174/1657/3753 1173/1658/3754
f 1159/1656/3755 1158/1659/3756 1172/1660/3757 1174/1657/3758
f 1256/1661/3759 1255/1662/3760 1257/1663/3761 1258/1664/3762
f 1152/1653/3763 1160/1655/3764 1173/1658/3765 1171/1654/3766
f 1148/1634/3767 1166/1637/3768 1172/1665/3769 1158/1666/3770
f 1260/1667/3771 1259/1668/3772 1261/1669/3773 1262/1670/3774
f 1144/1621/3775 1150/1631/3776 1136/1586/3777 1135/1585/3778
f 1150/1631/3779 1162/1642/3780 1137/1591/3781 1136/1586/3782
f 1162/1642/3783 1156/1622/3784 1138/1595/3785 1137/1591/3786
f 1156/1622/3787 1144/1621/3788 1135/1585/3789 1138/1595/3790
f 1172/1671/3791 1166/1672/3792 1167/1673/3793 1168/1674/3794 1164/1675/3795 1165/1676/3796 1163/1677/3797 1169/1678/3798 1170/1679/3799 1171/1680/3800 1173/1681/3801 1174/1682/3802
f 1143/1629/3803 1144/1621/3804 1139/1618/3805 1175/1683/3806
f 1139/1618/3807 1140/1617/3808 1141/1684/3809 1175/1683/3810
f 1141/1684/3811 1142/1632/3812 1143/1629/3813 1175/1683/3814
f 1149/1640/3815 1150/1631/3816 1145/1630/3817 1176/1685/3818
f 1145/1630/3819 1146/1633/3820 1147/1686/3821 1176/1685/3822
f 1147/1686/3823 1148/1643/3824 1149/1640/3825 1176/1685/3826
f 1155/1619/3827 1156/1622/3828 1151/1646/3829 1177/1687/3830
f 1151/1646/3831 1152/1645/3832 1153/1688/3833 1177/1687/3834
f 1153/1688/3835 1154/1620/3836 1155/1619/3837 1177/1687/3838
f 1161/1647/3839 1162/1642/3840 1157/1641/3841 1178/1689/3842
f 1157/1641/3843 1158/1690/3844 1159/1691/3845 1178/1689/3846
f 1159/1691/3847 1160/1648/3848 1161/1647/3849 1178/1689/3850
f 1232/1692/3851 1231/1693/3852 1233/1694/3853 1234/1695/3854 1235/1696/3855 1236/1697/3856 1237/1698/3857 1238/1699/3858
f 1179/1615/3859 1181/1602/3860 1183/1601/3861 1182/1616/3862
f 1184/1603/3863 1186/1606/3864 1187/1605/3865 1188/1604/3866
f 1189/1700/3867 1191/1610/3868 1192/1609/3869 1193/1701/3870
f 1194/1611/3871 1196/1614/3872 1197/1613/3873 1198/1612/3874
f 1179/1599/3875 1180/1590/3876 1181/1589/3877
f 1184/1588/3878 1185/1587/3879 1186/1594/3880
f 1189/1593/3881 1190/1592/3882 1191/1598/3883
f 1194/1597/3884 1195/1596/3885 1196/1600/3886
f 1182/1616/3887 1183/1601/3888 1199/1702/3889 1200/1703/3890
f 1183/1601/3891 1188/1604/3892 1201/1704/3893 1199/1702/3894
f 1188/1604/3895 1187/1605/3896 1202/1705/3897 1201/1704/3898
f 1187/1605/3899 1193/1608/3900 1203/1706/3901 1202/1705/3902
f 1193/1701/3903 1192/1609/3904 1204/1707/3905 1203/1708/3906
f 1192/1609/3907 1198/1612/3908 1205/1709/3909 1204/1707/3910
f 1198/1612/3911 1197/1613/3912 1206/1710/3913 1205/1709/3914
f 1197/1613/3915 1182/1616/3916 1200/1703/3917 1206/1710/3918
f 1200/1711/3919 1199/1712/3920 1207/1713/3921 1208/1714/3922
f 1199/1712/3923 1201/1715/3924 1209/1716/3925 1207/1713/3926
f 1201/1715/3927 1202/1717/3928 1210/1718/3929 1209/1716/3930
f 1202/1717/3931 1203/1719/3932 1211/1720/3933 1210/1718/3934
f 1203/1719/3935 1204/1721/3936 1212/1722/3937 1211/1720/3938
f 1204/1721/3939 1205/1723/3940 1213/1724/3941 1212/1722/3942
f 1205/1723/3943 1206/1725/3944 1214/1726/3945 1213/1724/3946
f 1206/1725/3947 1200/1711/3948 1208/1714/3949 1214/1726/3950
f 1208/1714/3951 1207/1713/3952 1215/1727/3953 1216/1728/3954
f 1207/1713/3955 1209/1716/3956 1217/1729/3957 1215/1727/3958
f 1209/1716/3959 1210/1718/3960 1218/1730/3961 1217/1729/3962
f 1210/1718/3963 1211/1720/3964 1219/1731/3965 1218/1730/3966
f 1211/1720/3967 1212/1722/3968 1220/1732/3969 1219/1731/3970
f 1212/1722/3971 1213/1724/3972 1221/1733/3973 1220/1732/3974
f 1213/1724/3975 1214/1726/3976 1222/1734/3977 1221/1733/3978
f 1214/1726/3979 1208/1714/3980 1216/1728/3981 1222/1734/3982
f 1216/1728/3983 1215/1727/3984 1223/1735/3985 1224/1736/3986
f 1215/1727/3987 1217/1729/3988 1225/1737/3989 1223/1735/3990
f 1217/1729/3991 1218/1730/3992 1226/1738/3993 1225/1737/3994
f 1218/1730/3995 1219/1731/3996 1227/1739/3997 1226/1738/3998
f 1219/1731/3999 1220/1732/4000 1228/1740/4001 1227/1739/4002
f 1220/1732/4003 1221/1733/4004 1229/1741/4005 1228/1740/4006
f 1221/1733/4007 1222/1734/4008 1230/1742/4009 1229/1741/4010
f 1222/1734/4011 1216/1728/4012 1224/1736/4013 1230/1742/4014
f 1224/1736/4015 1223/1735/4016 1231/1743/4017 1232/1744/4018
f 1223/1735/4019 1225/1737/4020 1233/1745/4021 1231/1743/4022
f 1225/1737/4023 1226/1738/4024 1234/1746/4025 1233/1745/4026
f 1226/1738/4027 1227/1739/4028 1235/1747/4029 1234/1746/4030
f 1227/1739/4031 1228/1740/4032 1236/1748/4033 1235/1747/4034
f 1228/1740/4035 1229/1741/4036 1237/1749/4037 1236/1748/4038
f 1229/1741/4039 1230/1742/4040 1238/1750/4041 1237/1749/4042
f 1230/1742/4043 1224/1736/4044 1232/1744/4045 1238/1750/4046
f 1142/1623/4047 1164/1626/4048 1239/1751/4049 1240/1752/4050
f 1164/1626/4051 1168/1639/4052 1241/1753/4053 1239/1751/4054
f 1168/1639/4055 1146/1638/4056 1242/1754/4057 1241/1753/4058
f 1146/1638/4059 1142/1623/4060 1240/1752/4061 1242/1754/4062
f 1154/1649/4063 1169/1652/4064 1243/1755/4065 1244/1756/4066
f 1169/1652/4067 1163/1628/4068 1245/1757/4069 1243/1755/4070
f 1163/1628/4071 1140/1627/4072 1246/1758/4073 1245/1757/4074
f 1140/1627/4075 1154/1649/4076 1244/1756/4077 1246/1758/4078
f 1244/1756/4079 1243/1755/4080 1247/1759/4081 1248/1760/4082
f 1243/1755/4083 1245/1757/4084 1249/1761/4085 1247/1759/4086
f 1245/1757/4087 1246/1758/4088 1250/1762/4089 1249/1761/4090
f 1246/1758/4091 1244/1756/4092 1248/1760/4093 1250/1762/4094
f 1240/1752/4095 1239/1751/4096 1251/1763/4097 1252/1764/4098
f 1239/1751/4099 1241/1753/4100 1253/1765/4101 1251/1763/4102
f 1241/1753/4103 1242/1754/4104 1254/1766/4105 1253/1765/4106
f 1242/1754/4107 1240/1752/4108 1252/1764/4109 1254/1766/4110
f 1252/1767/4111 1251/1768/4112 1255/1662/4113 1256/1661/4114
f 1251/1768/4115 1253/1769/4116 1257/1663/4117 1255/1662/4118
f 1253/1769/4119 1254/1770/4120 1258/1664/4121 1257/1663/4122
f 1254/1770/4123 1252/1767/4124 1256/1661/4125 1258/1664/4126
f 1248/1771/4127 1247/1772/4128 1259/1668/4129 1260/1667/4130
f 1247/1772/4131 1249/1773/4132 1261/1669/4133 1259/1668/4134
f 1249/1773/4135 1250/1774/4136 1262/1670/4137 1261/1669/4138
f 1250/1774/4139 1248/1771/4140 1260/1667/4141 1262/1670/4142
g default
v -10.387366 11.756185 1.524884
v -3.050524 11.756185 1.524884
v -10.387366 12.052953 1.524884
v -3.050524 12.052953 1.524884
v -10.387366 12.094113 -9.177429
v -3.050524 12.094113 -9.177429
v -10.387366 11.797346 -9.177429
v -3.050524 11.797346 -9.177429
v -10.387366 11.654484 1.524884
v -3.050524 11.654484 1.524884
v -10.387366 12.129880 1.524884
v -3.050524 12.129880 1.524884
v -10.387366 12.195814 -9.177429
v -3.050524 12.195814 -9.177429
v -10.387366 11.720417 -9.177429
v -3.050524 11.720417 -9.177429
v -10.564160 11.766005 1.782776
v -10.536430 11.679978 1.748269
v -10.470278 11.647349 1.665948
v -2.873729 11.763538 1.782776
v -2.900938 11.679525 1.748920
v -2.965726 11.648106 1.668300
v -2.873729 12.015541 1.782776
v -2.901435 12.101827 1.748514
v -2.967727 12.135302 1.666536
v -10.564160 12.018093 1.782776
v -10.536996 12.102289 1.749182
v -10.472125 12.134484 1.668955
v -10.564160 12.084293 -9.435323
v -10.536430 12.170322 -9.400816
v -10.470279 12.202949 -9.318495
v -2.873729 12.086759 -9.435323
v -2.900938 12.170776 -9.401467
v -2.965726 12.202192 -9.320847
v -2.873729 11.834756 -9.435323
v -2.901435 11.748469 -9.401060
v -2.967726 11.714996 -9.319083
v -10.564160 11.832205 -9.435323
v -10.536996 11.748009 -9.401729
v -10.472125 11.715812 -9.321501
vt 0.524958 0.160995
vt 0.883202 0.160995
vt 0.883202 0.683573
vt 0.524958 0.683573
vt 0.469462 0.683573
vt 0.111218 0.683573
vt 0.111218 0.160995
vt 0.469462 0.160995
vt 0.067929 0.798268
vt 0.419979 0.798449
vt 0.419993 0.803753
vt 0.067996 0.803572
vt 0.419576 0.846705
vt 0.068902 0.854668
vt 0.068825 0.850657
vt 0.419573 0.842693
vt 0.419506 0.775820
vt 0.068698 0.781794
vt 0.068626 0.776490
vt 0.419462 0.770515
vt 0.068111 0.725385
vt 0.420027 0.727561
vt 0.420060 0.731574
vt 0.068128 0.729397
vt 0.927690 0.803162
vt 0.927685 0.807175
vt 0.928020 0.851564
vt 0.928068 0.846260
vt 0.927641 0.727610
vt 0.927698 0.732914
vt 0.928059 0.776006
vt 0.928031 0.771994
vt 0.059845 0.820508
vt 0.414567 0.816708
vt 0.414678 0.829709
vt 0.060021 0.833841
vt 0.414594 0.757570
vt 0.059920 0.759653
vt 0.059844 0.746322
vt 0.414583 0.744565
vt 0.940102 0.820228
vt 0.940155 0.833488
vt 0.940113 0.745919
vt 0.940124 0.759181
vt 0.415841 0.808566
vt 0.064322 0.810925
vt 0.064646 0.843142
vt 0.416061 0.838105
vt 0.064490 0.768981
vt 0.415972 0.765946
vt 0.415875 0.736412
vt 0.064405 0.736756
vt 0.934453 0.811562
vt 0.934544 0.841891
vt 0.934453 0.737278
vt 0.934522 0.767600
vt 0.061205 0.815602
vt 0.414787 0.812181
vt 0.938379 0.815462
vt 0.414966 0.834365
vt 0.061409 0.838620
vt 0.938465 0.763821
vt 0.414873 0.762221
vt 0.061283 0.764436
vt 0.938494 0.838127
vt 0.061233 0.741416
vt 0.414827 0.740037
vt 0.938394 0.741159
vn 0.000000 0.999993 0.003846
vn 0.000000 0.999993 0.003846
vn 0.000000 0.999993 0.003846
vn 0.000000 0.999993 0.003846
vn 0.000000 -0.999993 -0.003846
vn 0.000000 -0.999993 -0.003846
vn 0.000000 -0.999993 -0.003846
vn 0.000000 -0.999993 -0.003846
vn 0.000000 0.000000 -1.000000
vn 0.000000 0.000000 -1.000000
vn 0.000000 0.000000 -1.000000
vn 0.000000 0.000000 -1.000000
vn 0.000000 0.000000 -1.000000
vn 0.000000 0.000000 -1.000000
vn 0.000000 0.000000 -1.000000
vn 0.000000 0.000000 -1.000000
vn 0.000000 0.000000 1.000000
vn 0.000000 0.000000 1.000000
vn 0.000000 0.000000 1.000000
vn 0.000000 0.000000 1.000000
vn 0.000000 0.000000 1.000000
vn 0.000000 0.000000 1.000000
vn 0.000000 0.000000 1.000000
vn 0.000000 0.000000 1.000000
vn -1.000000 0.000000 0.000000
vn -1.000000 0.000000 0.000000
vn -1.000000 0.000000 0.000000
vn -1.000000 0.000000 0.000000
vn -1.000000 0.000000 0.000000
vn -1.000000 0.000000 0.000000
vn -1.000000 0.000000 0.000000
vn -1.000000 0.000000 0.000000
vn 1.000000 0.000000 0.000000
vn 1.000000 0.000000 0.000000
vn 1.000000 0.000000 0.000000
vn 1.000000 0.000000 0.000000
vn 1.000000 0.000000 0.000000
vn 1.000000 0.000000 0.000000
vn 1.000000 0.000000 0.000000
vn 1.000000 0.000000 0.000000
vn -0.000026 -0.086097 0.996287
vn -0.000026 -0.086097 0.996287
vn 0.000026 0.085450 0.996343
vn 0.000026 0.085451 0.996342
vn -0.000025 0.086095 -0.996287
vn -0.000025 0.086096 -0.996287
vn 0.000026 -0.085450 -0.996342
vn 0.000026 -0.085452 -0.996342
vn 0.997784 -0.066534 -0.000422
vn 0.997834 -0.065788 -0.000417
vn 0.997784 0.066534 0.000422
vn 0.997834 0.065787 0.000417
vn -0.997838 -0.065724 -0.000389
vn -0.997785 -0.066526 -0.000394
vn -0.997838 0.065726 0.000389
vn -0.997784 0.066528 0.000394
vn 0.036231 -0.999002 -0.026136
vn -0.036236 -0.999002 -0.026119
vn -0.011453 -0.986828 0.161368
vn 0.011369 -0.986870 0.161117
vn -0.036300 0.999245 -0.013815
vn 0.036095 0.999253 -0.013790
vn 0.011360 0.984999 0.172185
vn -0.011335 0.985040 0.171950
vn 0.036228 0.999002 0.026133
vn -0.036239 0.999002 0.026116
vn -0.011454 0.986827 -0.161375
vn 0.011368 0.986869 -0.161123
vn -0.036297 -0.999246 0.013818
vn 0.036098 -0.999253 0.013794
vn 0.011361 -0.985000 -0.172182
vn -0.011334 -0.985041 -0.171947
vn -0.036236 -0.999002 -0.026119
vn -0.036297 -0.999246 0.013818
vn -0.011334 -0.985041 -0.171947
vn -0.011453 -0.986828 0.161368
vn -0.036239 0.999002 0.026116
vn -0.036300 0.999245 -0.013815
vn -0.011335 0.985040 0.171950
vn -0.011454 0.986827 -0.161375
vn 0.036098 -0.999253 0.013794
vn 0.036231 -0.999002 -0.026136
vn 0.011369 -0.986870 0.161117
vn 0.011361 -0.985000 -0.172182
vn 0.036095 0.999253 -0.013790
vn 0.036228 0.999002 0.026133
vn 0.011368 0.986869 -0.161123
vn 0.011360 0.984999 0.172185
vn -0.000026 -0.086097 0.996287
vn -0.000111 -0.373021 0.927823
vn -0.000111 -0.373021 0.927823
vn -0.000026 -0.086097 0.996287
vn -0.000054 -0.930689 0.365812
vn 0.011369 -0.986870 0.161117
vn -0.011453 -0.986828 0.161368
vn -0.000054 -0.930689 0.365812
vn 0.997784 -0.066534 -0.000422
vn 0.951741 -0.306898 -0.001944
vn 0.951741 -0.306898 -0.001944
vn 0.997834 -0.065788 -0.000417
vn 0.443607 -0.896204 -0.005549
vn 0.443607 -0.896204 -0.005549
vn 0.443607 -0.896204 -0.005549
vn 0.443607 -0.896204 -0.005549
vn 0.000026 0.085450 0.996343
vn 0.000113 0.369811 0.929107
vn 0.000113 0.369811 0.929107
vn 0.000026 0.085451 0.996342
vn 0.000055 0.926917 0.375266
vn -0.011335 0.985040 0.171950
vn 0.011360 0.984999 0.172185
vn 0.000055 0.926917 0.375266
vn -0.997838 0.065726 0.000389
vn -0.951734 0.306919 0.001818
vn -0.951734 0.306919 0.001818
vn -0.997784 0.066528 0.000394
vn -0.443511 0.896252 0.005478
vn -0.443511 0.896252 0.005478
vn -0.443511 0.896252 0.005478
vn -0.443511 0.896252 0.005478
vn -0.000025 0.086095 -0.996287
vn -0.000110 0.373016 -0.927825
vn -0.000110 0.373016 -0.927825
vn -0.000025 0.086096 -0.996287
vn -0.000054 0.930686 -0.365819
vn 0.011368 0.986869 -0.161123
vn -0.011454 0.986827 -0.161375
vn -0.000054 0.930686 -0.365819
vn 0.443612 0.896202 0.005549
vn 0.443612 0.896202 0.005549
vn 0.443612 0.896202 0.005549
vn 0.443612 0.896202 0.005549
vn 0.951742 0.306893 0.001944
vn 0.997834 0.065787 0.000417
vn 0.997784 0.066534 0.000422
vn 0.951742 0.306893 0.001944
vn 0.000026 -0.085450 -0.996342
vn 0.000113 -0.369813 -0.929106
vn 0.000113 -0.369813 -0.929106
vn 0.000026 -0.085452 -0.996342
vn 0.000055 -0.926917 -0.375266
vn -0.011334 -0.985041 -0.171947
vn 0.011361 -0.985000 -0.172182
vn 0.000055 -0.926917 -0.375266
vn -0.443523 -0.896246 -0.005478
vn -0.443523 -0.896246 -0.005478
vn -0.443523 -0.896246 -0.005478
vn -0.443523 -0.896246 -0.005478
vn -0.951734 -0.306917 -0.001818
vn -0.997785 -0.066526 -0.000394
vn -0.997838 -0.065724 -0.000389
vn -0.951734 -0.306917 -0.001818
s off
g Nut1:bed Nut1:Nut Nut1:roofBedOBJ_UV1
usemtl lambert43SG
f 1265/1775/4143 1266/1776/4144 1268/1777/4145 1267/1778/4146
f 1269/1779/4147 1270/1780/4148 1264/1781/4149 1263/1782/4150
f 1263/1783/4151 1264/1784/4152 1272/1785/4153 1271/1786/4154
f 1266/1787/4155 1265/1788/4156 1273/1789/4157 1274/1790/4158
f 1267/1791/4159 1268/1792/4160 1276/1793/4161 1275/1794/4162
f 1270/1795/4163 1269/1796/4164 1277/1797/4165 1278/1798/4166
f 1264/1784/4167 1270/1799/4168 1278/1800/4169 1272/1785/4170
f 1268/1801/4171 1266/1787/4172 1274/1790/4173 1276/1802/4174
f 1269/1796/4175 1263/1803/4176 1271/1804/4177 1277/1797/4178
f 1265/1805/4179 1267/1791/4180 1275/1794/4181 1273/1806/4182
f 1279/1807/4183 1282/1808/4184 1285/1809/4185 1288/1810/4186
f 1291/1811/4187 1294/1812/4188 1297/1813/4189 1300/1814/4190
f 1282/1808/4191 1297/1815/4192 1294/1816/4193 1285/1809/4194
f 1300/1814/4195 1279/1817/4196 1288/1818/4197 1291/1811/4198
f 1271/1786/4199 1272/1785/4200 1284/1819/4201 1281/1820/4202
f 1274/1790/4203 1273/1789/4204 1290/1821/4205 1287/1822/4206
f 1275/1794/4207 1276/1793/4208 1296/1823/4209 1293/1824/4210
f 1278/1798/4211 1277/1797/4212 1302/1825/4213 1299/1826/4214
f 1272/1785/4215 1278/1800/4216 1299/1827/4217 1284/1819/4218
f 1276/1802/4219 1274/1790/4220 1287/1822/4221 1296/1828/4222
f 1277/1797/4223 1271/1804/4224 1281/1829/4225 1302/1825/4226
f 1273/1806/4227 1275/1794/4228 1293/1824/4229 1290/1830/4230
f 1279/1807/4231 1280/1831/4232 1283/1832/4233 1282/1808/4234
f 1280/1831/4235 1281/1820/4236 1284/1819/4237 1283/1832/4238
f 1282/1808/4239 1283/1832/4240 1298/1833/4241 1297/1815/4242
f 1283/1832/4243 1284/1819/4244 1299/1827/4245 1298/1833/4246
f 1285/1809/4247 1286/1834/4248 1289/1835/4249 1288/1810/4250
f 1286/1834/4251 1287/1822/4252 1290/1821/4253 1289/1835/4254
f 1288/1818/4255 1289/1836/4256 1292/1837/4257 1291/1811/4258
f 1289/1836/4259 1290/1830/4260 1293/1824/4261 1292/1837/4262
f 1291/1811/4263 1292/1837/4264 1295/1838/4265 1294/1812/4266
f 1292/1837/4267 1293/1824/4268 1296/1823/4269 1295/1838/4270
f 1287/1822/4271 1286/1834/4272 1295/1839/4273 1296/1828/4274
f 1286/1834/4275 1285/1809/4276 1294/1816/4277 1295/1839/4278
f 1297/1813/4279 1298/1840/4280 1301/1841/4281 1300/1814/4282
f 1298/1840/4283 1299/1826/4284 1302/1825/4285 1301/1841/4286
f 1281/1829/4287 1280/1842/4288 1301/1841/4289 1302/1825/4290
f 1280/1842/4291 1279/1817/4292 1300/1814/4293 1301/1841/4294
g default
v 5.716751 9.228809 -11.210655
v 5.464434 9.228809 -11.210655
v 5.338274 9.228809 -10.992140
v 5.464434 9.228809 -10.773626
v 5.716751 9.228809 -10.773626
v 5.842911 9.228809 -10.992140
v 5.809109 9.523996 -11.370619
v 5.372078 9.523996 -11.370619
v 5.153564 9.523996 -10.992140
v 5.372078 9.523996 -10.613663
v 5.809107 9.523996 -10.613663
v 6.027622 9.523996 -10.992140
v 5.842911 9.927231 -11.429171
v 5.338274 9.927231 -11.429171
v 5.085955 9.927231 -10.992140
v 5.338274 9.927231 -10.555111
v 5.842911 9.927231 -10.555111
v 6.095230 9.927231 -10.992140
v 5.809109 10.330463 -11.370619
v 5.372078 10.330463 -11.370619
v 5.153564 10.330463 -10.992140
v 5.372078 10.330463 -10.613663
v 5.809107 10.330463 -10.613663
v 6.027622 10.330463 -10.992140
v 5.661449 10.707132 -11.114866
v 5.519737 10.707132 -11.114866
v 5.448881 10.707132 -10.992140
v 5.519737 10.707132 -10.869415
v 5.661449 10.707132 -10.869415
v 5.732304 10.707132 -10.992140
v 5.590593 9.228809 -10.992140
v 5.661449 11.166361 -11.114866
v 5.519737 11.166361 -11.114866
v 5.448881 11.166361 -10.992140
v 5.519737 11.166361 -10.869415
v 5.661449 11.166361 -10.869415
v 5.732304 11.166361 -10.992140
v 5.679163 11.166361 -11.145546
v 5.502024 11.166361 -11.145546
v 5.413454 11.166361 -10.992140
v 5.502024 11.166361 -10.838736
v 5.679161 11.166361 -10.838736
v 5.767731 11.166361 -10.992140
v 5.679163 11.293938 -11.145546
v 5.502024 11.293938 -11.145546
v 5.590593 11.293937 -10.992140
v 5.413454 11.293938 -10.992140
v 5.502024 11.293938 -10.838736
v 5.679161 11.293938 -10.838736
v 5.767731 11.293938 -10.992140
v 5.683689 9.411804 -11.153389
v 5.497496 9.411804 -11.153389
v 5.404400 9.411804 -10.992140
v 5.497496 9.411804 -10.830893
v 5.683689 9.411804 -10.830893
v 5.776787 9.411804 -10.992140
v 5.751842 9.629631 -11.271431
v 5.429344 9.629631 -11.271431
v 5.268097 9.629631 -10.992140
v 5.429344 9.629631 -10.712851
v 5.751842 9.629631 -10.712851
v 5.913090 9.629631 -10.992140
v 5.776787 9.927189 -11.314638
v 5.404400 9.927189 -11.314638
v 5.218204 9.927189 -10.992140
v 5.404400 9.927189 -10.669643
v 5.776787 9.927189 -10.669643
v 5.962980 9.927189 -10.992140
v 5.751842 10.224747 -11.271431
v 5.429344 10.224747 -11.271431
v 5.268097 10.224747 -10.992140
v 5.429344 10.224747 -10.712851
v 5.751842 10.224747 -10.712851
v 5.913090 10.224747 -10.992140
v 5.590593 9.411804 -10.992140
v 5.590593 10.224747 -10.992140
v 4.663860 9.223560 -10.718764
v 5.145933 9.223560 -11.212299
v 4.714387 10.148986 -10.828786
v 5.043591 10.148986 -11.152888
v 4.464989 10.148986 -11.072392
v 4.789925 10.148986 -11.400665
v 4.370195 9.223560 -11.005610
v 4.852268 9.223560 -11.499145
v 4.638751 9.877340 -10.693059
v 4.354859 9.877340 -10.970359
v 4.884288 9.877340 -11.518098
v 5.162029 9.877340 -11.246807
v 4.896934 9.223560 -10.957379
v 4.883461 9.697255 -10.970540
v 4.887891 10.148986 -10.967199
v 4.605469 10.148986 -11.243062
v 4.603269 9.223560 -11.244225
v 4.565802 9.552679 -10.643764
v 4.272598 9.552679 -10.930159
v 4.937635 9.552679 -11.586541
v 5.231300 9.552679 -11.299697
v 4.975399 9.697255 -10.880736
v 4.569957 9.387770 -10.622628
v 4.276291 9.387770 -10.909473
v 4.946173 9.387770 -11.595282
v 5.239838 9.387770 -11.308436
v 4.921931 9.387770 -10.932963
v 7.906836 10.143389 -10.917857
v 7.846346 10.150893 -11.085907
v 7.919977 10.284604 -11.110304
v 7.982986 10.276543 -10.936429
v 7.746355 10.177207 -11.224566
v 7.815854 10.312267 -11.253816
v 7.616148 10.220031 -11.319962
v 7.680268 10.357074 -11.352599
v 7.468460 10.275308 -11.362047
v 7.526456 10.414728 -11.396238
v 7.318369 10.337452 -11.346256
v 7.370112 10.479376 -11.379988
v 7.181201 10.400059 -11.274471
v 7.227218 10.544379 -11.305795
v 7.070391 10.456869 -11.154428
v 7.111783 10.603292 -11.181671
v 6.996282 10.502439 -10.998263
v 7.034600 10.650512 -11.020176
v 6.965604 10.532515 -10.821133
v 7.002688 10.681646 -10.836978
v 6.981136 10.544282 -10.639910
v 7.018935 10.693790 -10.649526
v 7.041542 10.536600 -10.471866
v 7.081964 10.685800 -10.475623
v 7.140644 10.506349 -10.332088
v 7.187676 10.657597 -10.332033
v 7.269785 10.464226 -10.237367
v 7.322216 10.611797 -10.246381
v 7.424734 10.425279 -10.196721
v 7.572284 10.355394 -10.211885
v 7.632379 10.489390 -10.218985
v 7.708033 10.293045 -10.283124
v 7.773164 10.426632 -10.280299
v 7.817474 10.230574 -10.403296
v 7.890149 10.367085 -10.404228
v 7.891690 10.185230 -10.559504
v 7.967321 10.319820 -10.565779
v 7.922399 10.155230 -10.736643
v 7.999232 10.288687 -10.748979
v 7.967828 10.434615 -11.113659
v 8.029303 10.426361 -10.945606
v 7.866296 10.462029 -11.252378
v 7.734116 10.506077 -11.347884
v 7.584161 10.562431 -11.390142
v 7.431681 10.625333 -11.374590
v 7.292247 10.688389 -11.303069
v 7.179573 10.745441 -11.183266
v 7.104247 10.791130 -11.027292
v 7.073149 10.821235 -10.850299
v 7.089111 10.832946 -10.669168
v 7.149545 10.824212 -10.502132
v 7.247369 10.777998 -10.360022
v 7.385728 10.753168 -10.266099
v 7.594904 10.835367 -10.293026
v 7.685543 10.634944 -10.239624
v 7.816153 10.553715 -10.309795
v 7.939420 10.512747 -10.432383
v 8.014168 10.468176 -10.587481
v 8.045208 10.437931 -10.764462
v 7.989994 10.613705 -11.098005
v 8.045416 10.606611 -10.947300
v 7.898602 10.637929 -11.222288
v 7.779845 10.677142 -11.307763
v 7.645336 10.727555 -11.345570
v 7.508672 10.784072 -11.331709
v 7.383693 10.840969 -11.267758
v 7.282666 10.892619 -11.160465
v 7.215115 10.934017 -11.020619
v 7.187222 10.961190 -10.861819
v 7.201533 10.971539 -10.699271
v 7.257275 10.965508 -10.550697
v 7.601186 10.849534 -10.300895
v 7.469604 10.900803 -10.338964
v 7.736365 10.795612 -10.315407
v 8.031835 10.644133 -10.625952
v 7.965098 10.686398 -10.488194
v 8.059790 10.617118 -10.784767
v 7.978281 10.792038 -11.062533
v 8.023024 10.785904 -10.939401
v 7.904521 10.812153 -11.163937
v 7.808743 10.844248 -11.233532
v 7.700271 10.885084 -11.264229
v 7.589904 10.930540 -11.252857
v 7.488689 10.976124 -11.200657
v 7.406607 11.017461 -11.113014
v 7.351572 11.050673 -10.998693
v 7.328811 11.072659 -10.868851
v 7.340470 11.081345 -10.735999
v 7.385489 11.075941 -10.613338
v 7.362819 10.964066 -10.428662
v 7.460613 11.056645 -10.511909
v 7.556087 11.025166 -10.442169
v 7.664228 10.984659 -10.411423
v 7.774140 10.939182 -10.422915
v 7.869678 10.764200 -10.383904
v 7.874741 10.893346 -10.475340
v 7.957255 10.850481 -10.562849
v 8.011921 10.816577 -10.676707
v 8.034588 10.794355 -10.806527
v 7.926744 10.923347 -11.005844
v 7.958323 10.919065 -10.918742
v 7.874722 10.937481 -11.077470
v 7.807249 10.960043 -11.126545
v 7.730905 10.988764 -11.148162
v 7.653239 11.020773 -11.140145
v 7.581961 11.052923 -11.103322
v 7.524089 11.082123 -11.041400
v 7.485249 11.105608 -10.960517
v 7.469169 11.121169 -10.868583
v 7.477387 11.127325 -10.774523
v 7.509130 11.123449 -10.687463
v 7.561360 11.109838 -10.615888
v 7.629011 11.087710 -10.566855
v 7.705423 11.059160 -10.545256
v 7.783020 11.026981 -10.553256
v 7.854122 10.994394 -10.590035
v 7.911785 10.964674 -10.651906
v 7.950461 10.940782 -10.732748
v 7.966479 10.925068 -10.824668
v 7.848865 11.027960 -10.934736
v 7.865298 11.025771 -10.889632
v 7.821842 11.035234 -10.971786
v 7.786854 11.046873 -10.997145
v 7.747323 11.061719 -11.008312
v 7.707129 11.078310 -11.004185
v 7.670224 11.095021 -10.985175
v 7.640229 11.110229 -10.953160
v 7.620078 11.122467 -10.911286
v 7.611733 11.130558 -10.863654
v 7.616005 11.133720 -10.814912
v 7.632481 11.131637 -10.769817
v 7.659556 11.124491 -10.732781
v 7.694587 11.112960 -10.707434
v 7.734136 11.098154 -10.696270
v 7.774313 11.081522 -10.700394
v 7.811175 11.064704 -10.719392
v 7.841117 11.049366 -10.751394
v 7.861226 11.037024 -10.793258
v 7.869555 11.028893 -10.840887
v 7.748438 11.099058 -10.854198
v 7.240230 10.344912 -10.223739
v 7.350347 10.288198 -10.184915
v 7.384278 10.274817 -10.181925
v 7.506216 10.240026 -10.200257
v 7.122598 10.409794 -10.320639
v 7.204512 10.363486 -10.231823
v 7.542210 10.225674 -10.201296
v 7.650873 10.196833 -10.273284
v 7.461218 10.727957 -10.248846
v 7.565169 10.767343 -10.259963
v 7.611546 10.668654 -10.235563
v 7.510865 10.639012 -10.217940
v 8.138531 9.941125 -10.799756
v 8.092358 9.942863 -10.750463
v 8.029282 9.931736 -10.728955
v 7.966206 9.910727 -10.740996
v 7.920033 9.885464 -10.783360
v 7.903130 9.862717 -10.844692
v 7.920033 9.848579 -10.908563
v 7.966206 9.846842 -10.957855
v 8.029282 9.857967 -10.979362
v 8.092358 9.878978 -10.967322
v 8.138531 9.904241 -10.924960
v 8.155432 9.926989 -10.863626
v 8.178856 9.795471 -10.756847
v 8.132681 9.797210 -10.707555
v 8.069605 9.786083 -10.686047
v 8.006529 9.765074 -10.698088
v 7.960356 9.739811 -10.740450
v 7.943455 9.717064 -10.801784
v 7.960356 9.702927 -10.865654
v 8.006529 9.701188 -10.914947
v 8.069605 9.712315 -10.936455
v 8.132681 9.733324 -10.924414
v 8.178856 9.758587 -10.882051
v 8.195757 9.781335 -10.820717
v 7.959587 10.430263 -10.942924
v 7.917234 10.429880 -10.904422
v 7.864889 10.416546 -10.900494
v 7.822538 10.395350 -10.932640
v 7.806362 10.374393 -10.988583
v 7.822538 10.361674 -11.046953
v 7.864889 10.362057 -11.085457
v 7.917234 10.375391 -11.089385
v 7.940847 10.385475 -11.077345
v 7.969316 10.395414 -11.070362
v 7.975761 10.417545 -11.001295
v 8.276348 9.286089 -10.605858
v 8.233997 9.285707 -10.567354
v 8.181652 9.272371 -10.563427
v 8.139299 9.251177 -10.595573
v 8.123125 9.230218 -10.651516
v 8.139299 9.217501 -10.709887
v 8.181652 9.217883 -10.748390
v 8.233997 9.231217 -10.752317
v 8.257608 9.241302 -10.740278
v 8.286079 9.251240 -10.733295
v 8.292524 9.273372 -10.664228
v 7.987429 10.444176 -10.921861
v 7.927872 10.443626 -10.867757
v 7.854254 10.424873 -10.862232
v 7.794695 10.395079 -10.907396
v 7.771946 10.365624 -10.986000
v 7.794695 10.347761 -11.068018
v 7.854254 10.348310 -11.122122
v 7.927872 10.367064 -11.127645
v 8.010178 10.426312 -11.003878
v 8.304192 9.300002 -10.584793
v 8.244633 9.299452 -10.530689
v 8.171015 9.280699 -10.525166
v 8.111458 9.250905 -10.570330
v 8.088707 9.221451 -10.648933
v 8.111458 9.203588 -10.730950
v 8.171015 9.204137 -10.785054
v 8.244633 9.222891 -10.790579
v 8.326941 9.282139 -10.666811
v 8.016964 10.459133 -10.898844
v 7.939152 10.458528 -10.827775
v 7.842972 10.434027 -10.820558
v 7.765162 10.394989 -10.879948
v 7.735441 10.356325 -10.983260
v 7.765162 10.332804 -11.091035
v 7.842972 10.333409 -11.162104
v 7.939152 10.357910 -11.169321
v 8.002909 10.393368 -11.108876
v 8.046684 10.429010 -11.029025
v 8.333725 9.314960 -10.561777
v 8.255915 9.314354 -10.490708
v 8.159735 9.289853 -10.483490
v 8.081924 9.250815 -10.542881
v 8.052202 9.212152 -10.646194
v 8.081924 9.188631 -10.753967
v 8.159735 9.189236 -10.825037
v 8.255915 9.213737 -10.832254
v 8.319672 9.249194 -10.771810
v 8.363445 9.284837 -10.691958
v 8.001455 10.373781 -11.173997
v 8.318218 9.229608 -10.836929
v 8.169373 9.532599 -10.798204
v 8.150051 9.524936 -10.806063
v 8.107216 9.514024 -10.802847
v 8.072563 9.512208 -10.776443
v 8.059324 9.520182 -10.736938
v 8.072563 9.534900 -10.699417
v 8.107216 9.550739 -10.678216
v 8.150051 9.561651 -10.681431
v 8.184706 9.563467 -10.707833
v 8.197943 9.555493 -10.747339
v 8.192669 9.540344 -10.793808
v 8.158754 9.519716 -10.831958
v 8.098515 9.504371 -10.827436
v 8.049778 9.501808 -10.790336
v 8.031162 9.513008 -10.734823
v 8.049778 9.533691 -10.682107
v 8.098515 9.555960 -10.652319
v 8.158754 9.571304 -10.656839
v 8.207489 9.573867 -10.693942
v 8.226105 9.562668 -10.749454
v 8.220158 9.540201 -10.820124
v 8.167984 9.513964 -10.860161
v 8.089283 9.493915 -10.854255
v 8.025612 9.490643 -10.805525
v 8.001291 9.505399 -10.732582
v 8.025612 9.532544 -10.663290
v 8.089283 9.561712 -10.624117
v 8.167984 9.581760 -10.630023
v 8.231657 9.585032 -10.678753
v 8.255976 9.565828 -10.766794
v 8.213575 9.525578 -10.863583
v 8.011263 10.102097 -10.975784
v 7.992836 10.096320 -10.978077
v 7.947668 10.084814 -10.974688
v 7.911127 10.082900 -10.946846
v 7.897169 10.091308 -10.905188
v 7.911127 10.106827 -10.865623
v 7.947668 10.123529 -10.843267
v 7.992836 10.135036 -10.846657
v 8.029379 10.136950 -10.874498
v 8.043337 10.128542 -10.916157
v 8.037777 10.112568 -10.965157
v 8.002014 10.090816 -11.005384
v 7.938492 10.074635 -11.000617
v 7.887102 10.071933 -10.961494
v 7.867472 10.083742 -10.902959
v 7.887102 10.105554 -10.847370
v 7.938492 10.129034 -10.815961
v 8.002014 10.145216 -10.820728
v 8.053404 10.147917 -10.859850
v 8.073032 10.136107 -10.918386
v 8.066761 10.112417 -10.992906
v 8.011747 10.084751 -11.035123
v 7.928757 10.063610 -11.028894
v 7.861620 10.060160 -10.977510
v 7.835974 10.075719 -10.900595
v 7.861618 10.104343 -10.827530
v 7.928757 10.135099 -10.786222
v 8.011747 10.156240 -10.792450
v 8.078888 10.159691 -10.843835
v 8.104532 10.139441 -10.936670
v 8.061163 10.097339 -11.038832
v 8.057083 9.900586 -10.901664
v 8.043306 9.896232 -10.903501
v 8.009531 9.887628 -10.900966
v 7.982206 9.886442 -10.879311
v 7.971769 9.893128 -10.846806
v 7.982206 9.905132 -10.815867
v 8.009531 9.917869 -10.798313
v 8.043306 9.926473 -10.800848
v 8.070629 9.927657 -10.822503
v 8.081068 9.920971 -10.855007
v 8.076910 9.908541 -10.893295
v 8.050169 9.891854 -10.924807
v 8.002668 9.879754 -10.921242
v 7.964241 9.878080 -10.890812
v 7.949564 9.887472 -10.845139
v 7.964241 9.904341 -10.801668
v 8.002668 9.922245 -10.777006
v 8.050169 9.934345 -10.780571
v 8.088596 9.936020 -10.811001
v 8.103273 9.926628 -10.856674
v 8.098583 9.908177 -10.914898
v 8.057447 9.887033 -10.948012
v 7.995390 9.871225 -10.943356
v 7.945185 9.869101 -10.903386
v 7.926010 9.881472 -10.843371
v 7.945185 9.903612 -10.786235
v 7.995390 9.927067 -10.753801
v 8.057447 9.942875 -10.758458
v 8.107651 9.945000 -10.798428
v 8.126827 9.928965 -10.870878
v 8.085382 9.891083 -10.960518
v 8.129101 9.725028 -10.908365
v 8.170036 9.762007 -10.821311
v 8.151403 9.777588 -10.750910
v 8.102617 9.775524 -10.712070
v 8.042318 9.760163 -10.707546
v 7.993534 9.737372 -10.739062
v 7.974901 9.715858 -10.794582
v 7.993534 9.703836 -10.852900
v 8.042318 9.705901 -10.891737
v 8.102617 9.721262 -10.896263
v 8.142591 9.741808 -10.864086
v 8.147148 9.759736 -10.807508
v 8.132885 9.768862 -10.763128
v 8.095547 9.767236 -10.733559
v 8.049391 9.755478 -10.730095
v 8.012051 9.738081 -10.754061
v 7.997787 9.721688 -10.796300
v 8.012051 9.712563 -10.840681
v 8.049391 9.714190 -10.870251
v 8.095547 9.725946 -10.873714
v 8.121532 9.742161 -10.843094
v 8.125572 9.754240 -10.805889
v 8.115429 9.760736 -10.774305
v 8.088877 9.759585 -10.753262
v 8.056059 9.751225 -10.750799
v 8.029507 9.738850 -10.767857
v 8.019365 9.727185 -10.797919
v 8.029507 9.720688 -10.829504
v 8.056059 9.721840 -10.850548
v 8.088877 9.730200 -10.853010
v 8.102266 9.734432 -10.851225
v 8.165745 9.755388 -10.730999
v 8.211004 9.863482 -10.852308
v 8.185595 9.766322 -10.713848
v 8.230854 9.874416 -10.835157
v 8.073689 9.878360 -10.655767
v 8.118948 9.986454 -10.777078
v 8.053839 9.867424 -10.672918
v 8.099096 9.975517 -10.794228
v 9.268484 11.277088 -10.795915
v 9.065475 11.277088 -10.936579
v 8.822462 11.277088 -10.892494
v 8.681799 11.277088 -10.689486
v 8.725882 11.277088 -10.446472
v 8.928890 11.277088 -10.305807
v 9.171904 11.277088 -10.349892
v 9.312569 11.277088 -10.552900
v 9.268484 11.381641 -10.795915
v 9.065475 11.381641 -10.936579
v 8.822462 11.381641 -10.892494
v 8.681799 11.381641 -10.689486
v 8.725882 11.381641 -10.446472
v 8.928890 11.381641 -10.305807
v 9.171904 11.381641 -10.349892
v 9.312569 11.381641 -10.552900
v 8.431410 9.355992 -10.256828
v 9.361546 9.355992 -10.055420
v 8.448505 10.987701 -10.267839
v 9.350538 10.987701 -10.072515
v 8.643829 10.987701 -11.169870
v 9.545860 10.987701 -10.974546
v 8.632820 9.355992 -11.186966
v 9.562956 9.355992 -10.985558
v 8.423855 10.987701 -10.336069
v 8.423855 9.355992 -10.336069
v 9.401203 9.355992 -10.124437
v 9.401203 10.987701 -10.124437
v 8.593161 9.355992 -11.117949
v 8.593161 10.987701 -11.117949
v 9.570509 10.987701 -10.906317
v 9.570509 9.355992 -10.906317
v 8.500427 9.355992 -10.217171
v 8.500427 10.987701 -10.217171
v 8.601181 11.277088 -10.366165
v 8.742153 11.277088 -11.017195
v 8.712059 10.987701 -11.194521
v 8.712059 9.355992 -11.194521
v 8.690895 9.251134 -11.096786
v 8.521589 9.251134 -10.314906
v 9.282307 9.355992 -10.047865
v 9.282307 10.987701 -10.047865
v 9.252213 11.277088 -10.225192
v 9.393185 11.277088 -10.876222
v 9.493940 10.987701 -11.025215
v 9.493940 9.355992 -11.025215
v 9.472776 9.251134 -10.927480
v 9.303471 9.251134 -10.145600
v 9.303493 11.381641 -10.818462
v 9.074287 11.381641 -10.977277
v 8.799915 11.381641 -10.927505
v 8.641098 11.381641 -10.698298
v 8.690872 11.381641 -10.423923
v 8.920076 11.381641 -10.265110
v 9.194450 11.381641 -10.314880
v 9.353268 11.381641 -10.544087
v 9.303493 11.576325 -10.818462
v 9.074287 11.576325 -10.977277
v 8.799915 11.576325 -10.927505
v 8.641098 11.576325 -10.698298
v 8.690872 11.576325 -10.423923
v 8.920076 11.576325 -10.265110
v 9.194450 11.576325 -10.314880
v 9.353268 11.576325 -10.544087
v 8.997183 11.381641 -10.621193
v 8.997183 11.576325 -10.621193
v 6.229609 9.319932 -10.751518
v 7.716648 9.319932 -10.582544
v 6.229609 9.972218 -10.751518
v 7.716648 9.972218 -10.582544
v 6.294868 9.972218 -11.325842
v 7.781908 9.972217 -11.156868
v 6.294868 9.319932 -11.325842
v 7.781908 9.319932 -11.156868
v 6.229609 10.089901 -10.751518
v 7.716648 10.089901 -10.582544
v 7.781908 10.089901 -11.156868
v 6.294868 10.089900 -11.325842
v 6.229609 10.285976 -10.751518
v 7.716648 10.285976 -10.582544
v 7.781908 10.285976 -11.156868
v 6.294868 10.285976 -11.325842
v 6.346264 9.256792 -10.688427
v 6.346264 9.972218 -10.688427
v 6.346264 10.089901 -10.688427
v 6.346264 10.331614 -10.688427
v 6.422707 10.331614 -11.361151
v 6.422707 10.089901 -11.361151
v 6.422707 9.972218 -11.361151
v 6.422707 9.256792 -11.361151
v 7.588810 9.256792 -10.547235
v 7.588810 9.972218 -10.547235
v 7.588810 10.089901 -10.547235
v 7.588810 10.331614 -10.547235
v 7.665253 10.331614 -11.219959
v 7.665253 10.089901 -11.219959
v 7.665253 9.972218 -11.219959
v 7.665253 9.256792 -11.219959
v 6.670128 9.256792 -10.651627
v 6.670128 9.972218 -10.651627
v 6.670128 10.089901 -10.651627
v 6.670128 10.331614 -10.651627
v 6.746571 10.331614 -11.324350
v 6.746571 10.089901 -11.324350
v 6.746571 9.972218 -11.324350
v 6.746571 9.256792 -11.324350
v 7.264946 9.256792 -10.584036
v 7.264946 9.972218 -10.584036
v 7.264946 10.089901 -10.584036
v 7.264946 10.331614 -10.584036
v 7.341389 10.331614 -11.256761
v 7.341389 10.089901 -11.256761
v 7.341389 9.972218 -11.256761
v 7.341389 9.256792 -11.256761
v 6.789093 9.256792 -10.638108
v 6.789093 9.972218 -10.638108
v 6.789093 10.089901 -10.638108
v 6.789093 10.331614 -10.638108
v 6.865534 10.331614 -11.310833
v 6.865534 10.089901 -11.310833
v 6.865534 9.972218 -11.310833
v 6.865534 9.256792 -11.310833
v 7.145983 9.256792 -10.597554
v 7.145983 9.972218 -10.597554
v 7.145983 10.089901 -10.597554
v 7.145983 10.331614 -10.597554
v 7.222424 10.331614 -11.270279
v 7.222424 10.089901 -11.270279
v 7.222424 9.972218 -11.270279
v 7.222424 9.256792 -11.270279
v 7.056759 9.972218 -10.607693
v 6.878315 9.972218 -10.627970
v 6.664446 9.230831 -10.601611
v 6.783409 9.230831 -10.588093
v 6.664446 10.365819 -10.601611
v 6.783409 10.365819 -10.588093
v 6.749441 10.365820 -11.349608
v 6.868404 10.365820 -11.336090
v 6.869698 10.090033 -11.347475
v 6.750734 10.089900 -11.360994
v 6.869698 9.972298 -11.347475
v 6.750734 9.972217 -11.360994
v 6.749441 9.230831 -11.349608
v 6.868404 9.230831 -11.336090
v 7.140299 9.230831 -10.547539
v 7.259262 9.230831 -10.534021
v 7.140299 10.365820 -10.547539
v 7.259262 10.365820 -10.534021
v 7.225294 10.365820 -11.295537
v 7.344257 10.365820 -11.282019
v 7.345552 10.089900 -11.293404
v 7.226587 10.090033 -11.306922
v 7.345552 9.972217 -11.293404
v 7.226587 9.972298 -11.306922
v 7.225294 9.230831 -11.295537
v 7.344257 9.230831 -11.282019
v 6.221090 9.223560 -10.676550
v 6.343336 9.223560 -10.662659
v 6.343340 9.972108 -10.662680
v 6.221090 9.972056 -10.676550
v 6.221090 10.364847 -10.676550
v 6.343336 10.364847 -10.662659
v 6.425634 10.364847 -11.386919
v 6.303389 10.364847 -11.400810
v 6.303389 9.972056 -11.400810
v 6.425632 9.972108 -11.386896
v 6.425634 9.223560 -11.386919
v 6.303389 9.223560 -11.400810
v 6.343332 10.089720 -10.662626
v 6.221090 10.089634 -10.676550
v 6.425640 10.089720 -11.386967
v 6.303389 10.089634 -11.400810
v 7.585882 9.223560 -10.521467
v 7.585886 9.972108 -10.521500
v 7.708128 9.223560 -10.507576
v 7.708128 9.972056 -10.507576
v 7.585876 10.089720 -10.521421
v 7.708128 10.089634 -10.507576
v 7.585882 10.364847 -10.521467
v 7.708128 10.364847 -10.507576
v 7.668180 10.364847 -11.245728
v 7.790426 10.364847 -11.231836
v 7.668180 10.089717 -11.245728
v 7.790426 10.089634 -11.231836
v 7.668180 9.972056 -11.245728
v 7.790426 9.972056 -11.231836
v 7.668180 9.223560 -11.245728
v 7.790426 9.223560 -11.231836
v 6.207106 9.972137 -10.667124
v 6.665964 9.972197 -10.614983
v 6.665964 10.089868 -10.614983
v 6.207106 10.089767 -10.667124
v 6.291874 9.972137 -11.413134
v 6.291874 10.089767 -11.413134
v 7.719641 9.972137 -10.495253
v 7.804411 9.972137 -11.241262
v 7.804411 10.089767 -11.241262
v 7.719641 10.089767 -10.495253
v 7.260782 9.972197 -10.547394
v 7.260782 10.089868 -10.547394
v 7.052595 9.972218 -10.571050
v 7.141819 9.972258 -10.560911
v 7.141819 10.089968 -10.560911
v 6.784929 9.972258 -10.601465
v 6.784929 10.089968 -10.601465
v 6.874151 9.972218 -10.591326
v 6.249491 9.972186 -11.040129
v 6.262239 9.319932 -11.038680
v 6.262239 9.223560 -11.038680
v 6.384485 9.223560 -11.024789
v 6.384485 9.256792 -11.024789
v 6.708349 9.256792 -10.987988
v 6.708349 9.230831 -10.987988
v 6.827312 9.230831 -10.974470
v 6.827312 9.256792 -10.974470
v 7.184202 9.256792 -10.933916
v 7.184202 9.230831 -10.933916
v 7.303167 9.230831 -10.920399
v 7.303167 9.256792 -10.920399
v 7.627031 9.256792 -10.883598
v 7.627031 9.223560 -10.883598
v 7.749277 9.223560 -10.869707
v 7.749277 9.319932 -10.869707
v 7.762026 9.972186 -10.868258
v 7.762026 10.089849 -10.868258
v 7.749277 10.441404 -10.869707
v 7.749277 10.537775 -10.869707
v 7.627031 10.537775 -10.883598
v 7.627031 10.504543 -10.883598
v 7.303167 10.504543 -10.920399
v 7.303167 10.560196 -10.920399
v 7.184202 10.560196 -10.933916
v 7.184202 10.504543 -10.933916
v 6.827312 10.504543 -10.974470
v 6.827312 10.560196 -10.974470
v 6.708349 10.560196 -10.987988
v 6.708349 10.504543 -10.987988
v 6.384485 10.504543 -11.024789
v 6.384485 10.537775 -11.024789
v 6.262239 10.537775 -11.038680
v 6.262239 10.441404 -11.038680
v 6.249491 10.089849 -11.040129
v 6.278553 10.408336 -11.182260
v 6.281364 10.500983 -11.206988
v 6.403610 10.500983 -11.193097
v 6.403597 10.467752 -11.192970
v 6.727461 10.467752 -11.156170
v 6.727446 10.523404 -11.156041
v 6.846409 10.523404 -11.142523
v 6.846424 10.467752 -11.142651
v 7.203314 10.467752 -11.102098
v 7.203299 10.523404 -11.101969
v 7.322264 10.523404 -11.088451
v 7.322277 10.467752 -11.088579
v 7.646141 10.467752 -11.051779
v 7.646156 10.500983 -11.051906
v 7.768402 10.500983 -11.038015
v 7.765593 10.408336 -11.013287
v 7.732964 10.408336 -10.726126
v 7.730167 10.500983 -10.701526
v 7.607920 10.500983 -10.715416
v 7.607920 10.467752 -10.715416
v 7.284056 10.467751 -10.752218
v 7.284056 10.523404 -10.752218
v 7.165092 10.523404 -10.765736
v 7.165092 10.467751 -10.765736
v 6.808203 10.467751 -10.806290
v 6.808203 10.523404 -10.806290
v 6.689240 10.523404 -10.819807
v 6.689240 10.467751 -10.819807
v 6.365376 10.467751 -10.856607
v 6.365376 10.500983 -10.856607
v 6.243128 10.500983 -10.870499
v 6.245924 10.408335 -10.895100
v 7.680037 9.319932 -10.586704
v 7.680037 9.972218 -10.586704
v 7.745298 9.319932 -11.161028
v 7.745298 9.972217 -11.161028
v 7.712667 9.319932 -10.873867
v 7.712667 9.972218 -10.873867
v 6.266220 9.319932 -10.747357
v 6.266220 9.972218 -10.747357
v 6.331480 9.319932 -11.321681
v 6.331480 9.972218 -11.321681
v 6.298851 9.319932 -11.034519
v 6.298851 9.972218 -11.034519
v 7.680037 10.089901 -10.586704
v 7.696352 10.408336 -10.730286
v 7.680037 10.285976 -10.586704
v 7.728983 10.408336 -11.017447
v 7.745298 10.089901 -11.161028
v 7.745298 10.285976 -11.161028
v 7.712667 10.089901 -10.873867
v 7.712667 10.441404 -10.873867
v 6.282536 10.408335 -10.890940
v 6.266220 10.089901 -10.747357
v 6.266220 10.285976 -10.747357
v 6.331480 10.089900 -11.321681
v 6.315165 10.408336 -11.178100
v 6.331480 10.285976 -11.321681
v 6.298851 10.089901 -11.034519
v 6.298851 10.441404 -11.034519
v 6.888988 9.781014 -10.620960
v 7.044785 9.781014 -10.603257
v 7.041922 9.781014 -10.578059
v 6.886126 9.781014 -10.595762
v 5.716751 9.228809 -11.210655
v 5.464434 9.228809 -11.210655
v 5.338274 9.228809 -10.992140
v 5.464434 9.228809 -10.773626
v 5.716751 9.228809 -10.773626
v 5.842911 9.228809 -10.992140
v 5.809109 9.523996 -11.370619
v 5.372078 9.523996 -11.370619
v 5.153564 9.523996 -10.992140
v 5.372078 9.523996 -10.613663
v 5.809107 9.523996 -10.613663
v 6.027622 9.523996 -10.992140
v 5.842911 9.927231 -11.429171
v 5.338274 9.927231 -11.429171
v 5.085955 9.927231 -10.992140
v 5.338274 9.927231 -10.555111
v 5.842911 9.927231 -10.555111
v 6.095230 9.927231 -10.992140
v 5.809109 10.330463 -11.370619
v 5.372078 10.330463 -11.370619
v 5.153564 10.330463 -10.992140
v 5.372078 10.330463 -10.613663
v 5.809107 10.330463 -10.613663
v 6.027622 10.330463 -10.992140
v 5.661449 10.707132 -11.114866
v 5.519737 10.707132 -11.114866
v 5.448881 10.707132 -10.992140
v 5.519737 10.707132 -10.869415
v 5.661449 10.707132 -10.869415
v 5.732304 10.707132 -10.992140
v 5.590593 9.228809 -10.992140
v 5.661449 11.166361 -11.114866
v 5.519737 11.166361 -11.114866
v 5.448881 11.166361 -10.992140
v 5.519737 11.166361 -10.869415
v 5.661449 11.166361 -10.869415
v 5.732304 11.166361 -10.992140
v 5.679163 11.166361 -11.145546
v 5.502024 11.166361 -11.145546
v 5.413454 11.166361 -10.992140
v 5.502024 11.166361 -10.838736
v 5.679161 11.166361 -10.838736
v 5.767731 11.166361 -10.992140
v 5.679163 11.293938 -11.145546
v 5.502024 11.293938 -11.145546
v 5.590593 11.293937 -10.992140
v 5.413454 11.293938 -10.992140
v 5.502024 11.293938 -10.838736
v 5.679161 11.293938 -10.838736
v 5.767731 11.293938 -10.992140
v 5.683689 9.411804 -11.153389
v 5.497496 9.411804 -11.153389
v 5.404400 9.411804 -10.992140
v 5.497496 9.411804 -10.830893
v 5.683689 9.411804 -10.830893
v 5.776787 9.411804 -10.992140
v 5.751842 9.629631 -11.271431
v 5.429344 9.629631 -11.271431
v 5.268097 9.629631 -10.992140
v 5.429344 9.629631 -10.712851
v 5.751842 9.629631 -10.712851
v 5.913090 9.629631 -10.992140
v 5.776787 9.927189 -11.314638
v 5.404400 9.927189 -11.314638
v 5.218204 9.927189 -10.992140
v 5.404400 9.927189 -10.669643
v 5.776787 9.927189 -10.669643
v 5.962980 9.927189 -10.992140
v 5.751842 10.224747 -11.271431
v 5.429344 10.224747 -11.271431
v 5.268097 10.224747 -10.992140
v 5.429344 10.224747 -10.712851
v 5.751842 10.224747 -10.712851
v 5.913090 10.224747 -10.992140
v 5.590593 9.411804 -10.992140
v 5.590593 10.224747 -10.992140
vt 0.441122 0.461738
vt 0.426340 0.461738
vt 0.420929 0.452367
vt 0.446532 0.452367
vt 0.190569 0.445335
vt 0.205506 0.445335
vt 0.205506 0.457961
vt 0.179634 0.457961
vt 0.220443 0.445335
vt 0.231378 0.457961
vt 0.426340 0.487341
vt 0.441122 0.487341
vt 0.446532 0.496713
vt 0.420929 0.496713
vt 0.264648 0.445335
vt 0.279585 0.445335
vt 0.279585 0.457961
vt 0.253713 0.457961
vt 0.294523 0.445335
vt 0.305458 0.457961
vt 0.327677 0.449857
vt 0.355297 0.449857
vt 0.357433 0.465803
vt 0.325540 0.465803
vt 0.205506 0.475209
vt 0.175631 0.475209
vt 0.235381 0.475209
vt 0.376510 0.449894
vt 0.404130 0.449894
vt 0.406266 0.465840
vt 0.374373 0.465840
vt 0.279585 0.475209
vt 0.249711 0.475209
vt 0.309460 0.475209
vt 0.355297 0.481750
vt 0.327677 0.481750
vt 0.205506 0.492457
vt 0.179634 0.492457
vt 0.231378 0.492457
vt 0.404130 0.481787
vt 0.376510 0.481787
vt 0.279585 0.492457
vt 0.253713 0.492457
vt 0.305458 0.492457
vt 0.345965 0.496645
vt 0.337009 0.496645
vt 0.205506 0.508569
vt 0.197117 0.508569
vt 0.213895 0.508569
vt 0.394798 0.496682
vt 0.385842 0.496682
vt 0.279585 0.508569
vt 0.271196 0.508569
vt 0.287975 0.508569
vt 0.433731 0.474540
vt 0.418949 0.474540
vt 0.448513 0.474540
vt 0.480901 0.527305
vt 0.480901 0.535954
vt 0.473410 0.531629
vt 0.473410 0.540278
vt 0.465920 0.535954
vt 0.465920 0.527305
vt 0.473410 0.522980
vt 0.345965 0.514806
vt 0.337009 0.514806
vt 0.205506 0.528212
vt 0.197117 0.528212
vt 0.213895 0.528212
vt 0.394798 0.514843
vt 0.385842 0.514843
vt 0.279585 0.528212
vt 0.271196 0.528212
vt 0.287975 0.528212
vt 0.468306 0.498526
vt 0.468306 0.505447
vt 0.466807 0.506312
vt 0.466807 0.497660
vt 0.474300 0.508908
vt 0.474300 0.510638
vt 0.480293 0.505447
vt 0.481792 0.506312
vt 0.480293 0.498526
vt 0.481792 0.497661
vt 0.474300 0.495065
vt 0.474300 0.493335
vt 0.490106 0.457461
vt 0.490106 0.470090
vt 0.484414 0.470090
vt 0.484414 0.457461
vt 0.490106 0.476405
vt 0.484414 0.476405
vt 0.462739 0.476093
vt 0.462739 0.469780
vt 0.468430 0.469780
vt 0.468430 0.476093
vt 0.462739 0.457152
vt 0.468430 0.457152
vt 0.504954 0.477643
vt 0.504954 0.467465
vt 0.510251 0.467465
vt 0.510251 0.477643
vt 0.504954 0.457287
vt 0.510251 0.457287
vt 0.439261 0.513236
vt 0.428353 0.513236
vt 0.424360 0.506320
vt 0.443254 0.506320
vt 0.258013 0.571377
vt 0.268907 0.571377
vt 0.268907 0.580585
vt 0.250039 0.580585
vt 0.279800 0.571377
vt 0.287774 0.580585
vt 0.428353 0.532129
vt 0.439261 0.532129
vt 0.443254 0.539045
vt 0.424360 0.539045
vt 0.199935 0.571377
vt 0.210828 0.571377
vt 0.210828 0.580585
vt 0.191960 0.580585
vt 0.221721 0.571377
vt 0.229696 0.580585
vt 0.329461 0.597005
vt 0.309450 0.597005
vt 0.307903 0.585451
vt 0.331009 0.585451
vt 0.268907 0.593163
vt 0.247120 0.593163
vt 0.290693 0.593163
vt 0.346834 0.574940
vt 0.366845 0.574940
vt 0.368393 0.586493
vt 0.345286 0.586493
vt 0.210828 0.593163
vt 0.189042 0.593163
vt 0.232615 0.593163
vt 0.309450 0.573898
vt 0.329461 0.573898
vt 0.268907 0.605742
vt 0.250039 0.605742
vt 0.287774 0.605742
vt 0.366845 0.598046
vt 0.346834 0.598046
vt 0.210828 0.605742
vt 0.191960 0.605742
vt 0.229696 0.605742
vt 0.433807 0.522683
vt 0.422899 0.522683
vt 0.444715 0.522683
vt 0.416033 0.594493
vt 0.402396 0.586619
vt 0.416033 0.578746
vt 0.402396 0.602366
vt 0.388759 0.594493
vt 0.388759 0.578746
vt 0.402396 0.570872
vt 0.298772 0.721148
vt 0.315185 0.721148
vt 0.315185 0.729229
vt 0.292159 0.729229
vt 0.389747 0.779485
vt 0.391128 0.790590
vt 0.371223 0.790590
vt 0.372169 0.779485
vt 0.371102 0.732825
vt 0.371102 0.716007
vt 0.391800 0.716007
vt 0.391800 0.732825
vt 0.422310 0.732797
vt 0.442989 0.732797
vt 0.442989 0.741069
vt 0.422310 0.741069
vt 0.391800 0.741105
vt 0.371102 0.741105
vt 0.371791 0.765789
vt 0.391800 0.765789
vt 0.422944 0.765730
vt 0.442502 0.765730
vt 0.441769 0.779414
vt 0.423907 0.779414
vt 0.295812 0.773734
vt 0.313862 0.764937
vt 0.313897 0.787005
vt 0.303137 0.787005
vt 0.339332 0.729229
vt 0.332720 0.721148
vt 0.333026 0.773734
vt 0.325701 0.787005
vt 0.442868 0.791586
vt 0.422981 0.791586
vt 0.422310 0.714847
vt 0.442989 0.714847
vt 0.370240 0.749419
vt 0.390906 0.749419
vt 0.422310 0.749376
vt 0.442989 0.749376
vt 0.337239 0.757874
vt 0.292760 0.737343
vt 0.315185 0.744457
vt 0.311684 0.749802
vt 0.338731 0.737343
vt 0.291599 0.757874
vt 0.318377 0.750050
vt 0.724623 0.725308
vt 0.733380 0.725302
vt 0.734012 0.733511
vt 0.724955 0.733511
vt 0.740367 0.725294
vt 0.741241 0.733511
vt 0.651218 0.778651
vt 0.658631 0.778643
vt 0.658288 0.786533
vt 0.650566 0.786533
vt 0.666888 0.778640
vt 0.666888 0.786533
vt 0.675145 0.778643
vt 0.675488 0.786533
vt 0.682558 0.778651
vt 0.683210 0.786533
vt 0.591315 0.725027
vt 0.598302 0.725035
vt 0.597669 0.733244
vt 0.590441 0.733244
vt 0.607059 0.725041
vt 0.606727 0.733244
vt 0.616737 0.725043
vt 0.616737 0.733244
vt 0.626415 0.725041
vt 0.626747 0.733244
vt 0.635170 0.725037
vt 0.635806 0.733248
vt 0.642195 0.724827
vt 0.643031 0.733253
vt 0.651168 0.680011
vt 0.658412 0.680034
vt 0.658104 0.687975
vt 0.650575 0.687980
vt 0.666586 0.680945
vt 0.666585 0.692677
vt 0.662474 0.696048
vt 0.674754 0.680529
vt 0.675065 0.687970
vt 0.670695 0.696047
vt 0.681994 0.680504
vt 0.682592 0.687975
vt 0.689483 0.725616
vt 0.696509 0.725301
vt 0.695874 0.733513
vt 0.688649 0.733515
vt 0.705267 0.725308
vt 0.704935 0.733511
vt 0.714945 0.725310
vt 0.714945 0.733511
vt 0.733367 0.741909
vt 0.724617 0.741897
vt 0.740347 0.741925
vt 0.658502 0.794617
vt 0.650971 0.794603
vt 0.666888 0.794622
vt 0.675274 0.794617
vt 0.682805 0.794603
vt 0.598315 0.741642
vt 0.591335 0.741658
vt 0.607065 0.741630
vt 0.616737 0.741626
vt 0.626409 0.741630
vt 0.635104 0.741580
vt 0.642156 0.740542
vt 0.658387 0.695884
vt 0.651033 0.694874
vt 0.666584 0.699906
vt 0.666584 0.703807
vt 0.674781 0.695884
vt 0.682134 0.694874
vt 0.696578 0.741846
vt 0.689525 0.740809
vt 0.705273 0.741897
vt 0.714945 0.741893
vt 0.731472 0.751140
vt 0.723624 0.751150
vt 0.737727 0.751128
vt 0.659369 0.803425
vt 0.652611 0.803431
vt 0.666888 0.803423
vt 0.674407 0.803425
vt 0.681165 0.803432
vt 0.600210 0.750873
vt 0.593955 0.750862
vt 0.608058 0.750883
vt 0.616737 0.750888
vt 0.625416 0.750883
vt 0.633156 0.750964
vt 0.666584 0.704626
vt 0.659290 0.704720
vt 0.673877 0.704720
vt 0.706266 0.751150
vt 0.698526 0.751231
vt 0.714945 0.751155
vt 0.728451 0.759559
vt 0.722040 0.759540
vt 0.733554 0.759583
vt 0.682106 0.768230
vt 0.674770 0.772433
vt 0.673195 0.767308
vt 0.679124 0.763885
vt 0.666608 0.773886
vt 0.666608 0.768490
vt 0.658446 0.772433
vt 0.660021 0.767308
vt 0.651110 0.768230
vt 0.654092 0.763885
vt 0.603231 0.759292
vt 0.598128 0.759316
vt 0.609642 0.759273
vt 0.616737 0.759266
vt 0.623831 0.759273
vt 0.630221 0.759299
vt 0.639401 0.752396
vt 0.635328 0.759342
vt 0.651352 0.720910
vt 0.658579 0.716601
vt 0.660045 0.721715
vt 0.654143 0.725151
vt 0.666608 0.715132
vt 0.666608 0.720528
vt 0.674637 0.716601
vt 0.673171 0.721715
vt 0.681864 0.720910
vt 0.679073 0.725151
vt 0.692280 0.752663
vt 0.701460 0.759566
vt 0.696354 0.759609
vt 0.707850 0.759540
vt 0.714945 0.759533
vt 0.724504 0.764751
vt 0.719968 0.764739
vt 0.683815 0.758572
vt 0.675420 0.758216
vt 0.678727 0.754462
vt 0.671243 0.760630
vt 0.666608 0.761463
vt 0.661973 0.760630
vt 0.657796 0.758216
vt 0.649401 0.758572
vt 0.654489 0.754462
vt 0.611714 0.764472
vt 0.607178 0.764484
vt 0.616737 0.764468
vt 0.621760 0.764472
vt 0.626296 0.764484
vt 0.649399 0.730468
vt 0.657796 0.730802
vt 0.654489 0.734556
vt 0.661973 0.728388
vt 0.666608 0.727555
vt 0.671243 0.728388
vt 0.675420 0.730802
vt 0.683817 0.730468
vt 0.678727 0.734556
vt 0.709922 0.764739
vt 0.705386 0.764751
vt 0.714945 0.764735
vt 0.680847 0.749739
vt 0.672888 0.749665
vt 0.673989 0.747219
vt 0.671172 0.751606
vt 0.669008 0.752854
vt 0.666608 0.753284
vt 0.664208 0.752854
vt 0.662045 0.751606
vt 0.660328 0.749665
vt 0.652369 0.749739
vt 0.659227 0.747219
vt 0.651640 0.744509
vt 0.658848 0.744509
vt 0.652369 0.739279
vt 0.659227 0.741799
vt 0.660328 0.739353
vt 0.662045 0.737411
vt 0.664208 0.736164
vt 0.666608 0.735734
vt 0.669008 0.736164
vt 0.671172 0.737411
vt 0.672888 0.739353
vt 0.680847 0.739279
vt 0.673989 0.741799
vt 0.681576 0.744509
vt 0.674368 0.744509
vt 0.666608 0.744509
vt 0.659291 0.673826
vt 0.665679 0.673068
vt 0.667534 0.673068
vt 0.673835 0.673826
vt 0.652157 0.675096
vt 0.657234 0.674059
vt 0.675788 0.673838
vt 0.681132 0.674875
vt 0.255504 0.282894
vt 0.255504 0.286193
vt 0.247833 0.286193
vt 0.247833 0.282894
vt 0.255504 0.289492
vt 0.247833 0.289492
vt 0.255504 0.292791
vt 0.247833 0.292791
vt 0.255504 0.296090
vt 0.247833 0.296090
vt 0.255504 0.299389
vt 0.247833 0.299389
vt 0.255504 0.302688
vt 0.247833 0.302688
vt 0.255504 0.305987
vt 0.247833 0.305987
vt 0.255504 0.266399
vt 0.255504 0.269698
vt 0.247833 0.269698
vt 0.247833 0.266399
vt 0.255504 0.272997
vt 0.247833 0.272997
vt 0.255504 0.276296
vt 0.247833 0.276296
vt 0.255504 0.279595
vt 0.247833 0.279595
vt 0.211735 0.320911
vt 0.211997 0.318753
vt 0.227038 0.322102
vt 0.226717 0.324600
vt 0.211421 0.323106
vt 0.226271 0.326967
vt 0.211052 0.325271
vt 0.225668 0.329475
vt 0.210628 0.327373
vt 0.224940 0.332218
vt 0.210121 0.329455
vt 0.224163 0.335013
vt 0.209515 0.331590
vt 0.223343 0.337620
vt 0.208788 0.333750
vt 0.222395 0.340062
vt 0.221828 0.341332
vt 0.208459 0.334653
vt 0.212216 0.316653
vt 0.212455 0.314224
vt 0.227759 0.316371
vt 0.227337 0.319437
vt 0.213136 0.293396
vt 0.213161 0.290366
vt 0.228746 0.290328
vt 0.228901 0.293510
vt 0.213117 0.296472
vt 0.228836 0.296547
vt 0.213099 0.299502
vt 0.228640 0.299753
vt 0.213079 0.302448
vt 0.228456 0.303238
vt 0.212968 0.305392
vt 0.228451 0.306763
vt 0.212846 0.308423
vt 0.228453 0.310065
vt 0.212714 0.311510
vt 0.228230 0.313218
vt 0.213179 0.287418
vt 0.228609 0.286903
vt 0.211786 0.256581
vt 0.211082 0.252620
vt 0.225451 0.247863
vt 0.226702 0.252356
vt 0.212288 0.260597
vt 0.227405 0.256655
vt 0.212654 0.264543
vt 0.227750 0.261152
vt 0.212944 0.268383
vt 0.228014 0.265923
vt 0.213077 0.272262
vt 0.228480 0.270543
vt 0.213183 0.276234
vt 0.228940 0.274746
vt 0.213289 0.280247
vt 0.229015 0.278754
vt 0.213257 0.283745
vt 0.228816 0.282534
vt 0.209943 0.248034
vt 0.223493 0.241905
vt 0.208099 0.242641
vt 0.220701 0.234582
vt 0.193028 0.329101
vt 0.193122 0.329791
vt 0.184682 0.333775
vt 0.184284 0.332753
vt 0.183585 0.330688
vt 0.192823 0.327437
vt 0.183008 0.328642
vt 0.192651 0.325704
vt 0.182527 0.326636
vt 0.192513 0.323943
vt 0.182128 0.324599
vt 0.192397 0.322177
vt 0.181786 0.322495
vt 0.192302 0.320376
vt 0.181497 0.320351
vt 0.192218 0.318545
vt 0.181263 0.318239
vt 0.192160 0.316673
vt 0.181073 0.316179
vt 0.192116 0.314784
vt 0.180873 0.313788
vt 0.192070 0.312562
vt 0.180661 0.311110
vt 0.192030 0.310085
vt 0.180564 0.308058
vt 0.191989 0.307340
vt 0.180487 0.305055
vt 0.191993 0.304559
vt 0.180420 0.302138
vt 0.192011 0.301768
vt 0.180451 0.299218
vt 0.192012 0.298967
vt 0.180488 0.296216
vt 0.192021 0.296145
vt 0.180512 0.293166
vt 0.192024 0.293308
vt 0.180543 0.290161
vt 0.192066 0.290475
vt 0.180579 0.287238
vt 0.192112 0.287650
vt 0.180587 0.283600
vt 0.192147 0.284110
vt 0.180635 0.280141
vt 0.192208 0.280834
vt 0.180795 0.276175
vt 0.192229 0.277135
vt 0.180964 0.272253
vt 0.192324 0.273493
vt 0.181149 0.268431
vt 0.192438 0.269891
vt 0.181494 0.264666
vt 0.192529 0.266298
vt 0.181899 0.260812
vt 0.192653 0.262768
vt 0.182469 0.256949
vt 0.192799 0.259301
vt 0.183177 0.253120
vt 0.193022 0.255994
vt 0.184311 0.248721
vt 0.193355 0.252190
vt 0.193921 0.247061
vt 0.186143 0.243623
vt 0.171485 0.340659
vt 0.170884 0.339408
vt 0.169886 0.336979
vt 0.169031 0.334390
vt 0.168232 0.331607
vt 0.167487 0.328878
vt 0.166874 0.326380
vt 0.166454 0.324004
vt 0.166149 0.321507
vt 0.165875 0.318842
vt 0.165464 0.315781
vt 0.164995 0.312633
vt 0.164891 0.309475
vt 0.164939 0.306182
vt 0.164982 0.302665
vt 0.164823 0.299183
vt 0.164651 0.295976
vt 0.164723 0.292948
vt 0.164933 0.289780
vt 0.165132 0.286373
vt 0.164950 0.282019
vt 0.164775 0.278253
vt 0.165070 0.274319
vt 0.165596 0.270177
vt 0.166133 0.265630
vt 0.166432 0.260917
vt 0.166820 0.256473
vt 0.167589 0.252236
vt 0.168944 0.247841
vt 0.171063 0.242021
vt 0.174137 0.234819
vt 0.199884 0.330273
vt 0.200004 0.329562
vt 0.200267 0.327821
vt 0.200485 0.326069
vt 0.200666 0.324288
vt 0.200826 0.322480
vt 0.200962 0.320641
vt 0.201064 0.318763
vt 0.201154 0.316875
vt 0.201230 0.314971
vt 0.201320 0.312735
vt 0.201412 0.310247
vt 0.201455 0.307466
vt 0.201500 0.304675
vt 0.201532 0.301871
vt 0.201594 0.299052
vt 0.201650 0.296214
vt 0.201651 0.293366
vt 0.201667 0.290518
vt 0.201679 0.287676
vt 0.201734 0.284115
vt 0.201749 0.280814
vt 0.201716 0.277122
vt 0.201691 0.273441
vt 0.201635 0.269790
vt 0.201609 0.266175
vt 0.201540 0.262617
vt 0.201362 0.259172
vt 0.201140 0.255771
vt 0.200748 0.251832
vt 0.199967 0.246468
vt 0.270150 0.285577
vt 0.277825 0.278077
vt 0.277810 0.279403
vt 0.271679 0.285545
vt 0.283812 0.285701
vt 0.277604 0.291719
vt 0.285237 0.285662
vt 0.277765 0.293129
vt 0.280145 0.368855
vt 0.264327 0.368855
vt 0.264327 0.364963
vt 0.280145 0.364963
vt 0.248508 0.368855
vt 0.248508 0.364963
vt 0.375054 0.368855
vt 0.359236 0.368855
vt 0.359236 0.364963
vt 0.375054 0.364963
vt 0.343418 0.368855
vt 0.343418 0.364963
vt 0.327600 0.368855
vt 0.327600 0.364963
vt 0.311781 0.368855
vt 0.311781 0.364963
vt 0.295963 0.368855
vt 0.295963 0.364963
vt 0.309833 0.189870
vt 0.314703 0.189870
vt 0.314703 0.250575
vt 0.309833 0.250575
vt 0.399516 0.390334
vt 0.396553 0.386372
vt 0.409258 0.380593
vt 0.403478 0.393298
vt 0.248891 0.250575
vt 0.244024 0.250575
vt 0.244024 0.189870
vt 0.248891 0.189870
vt 0.406998 0.265167
vt 0.407301 0.271073
vt 0.401333 0.270787
vt 0.402953 0.266760
vt 0.370784 0.189870
vt 0.375653 0.189870
vt 0.375653 0.250575
vt 0.370784 0.250575
vt 0.304964 0.250575
vt 0.304964 0.189870
vt 0.253761 0.189870
vt 0.253761 0.250575
vt 0.452411 0.266757
vt 0.454031 0.270810
vt 0.448062 0.271094
vt 0.448361 0.265126
vt 0.426861 0.250575
vt 0.426861 0.189870
vt 0.431730 0.189870
vt 0.431730 0.250575
vt 0.451215 0.392710
vt 0.445266 0.380700
vt 0.457930 0.385995
vt 0.455100 0.389833
vt 0.409154 0.344585
vt 0.445346 0.344508
vt 0.365914 0.250575
vt 0.365914 0.189870
vt 0.397145 0.338635
vt 0.457439 0.339017
vt 0.436598 0.189870
vt 0.487790 0.189870
vt 0.487790 0.250575
vt 0.436598 0.250575
vt 0.453937 0.312134
vt 0.448031 0.311824
vt 0.407304 0.311831
vt 0.401397 0.312132
vt 0.403861 0.331921
vt 0.400022 0.334750
vt 0.450839 0.332416
vt 0.454649 0.335206
vt 0.448324 0.317733
vt 0.452345 0.316151
vt 0.407019 0.317798
vt 0.402991 0.316179
vt 0.295866 0.325877
vt 0.290203 0.312205
vt 0.295751 0.309907
vt 0.301414 0.323579
vt 0.290203 0.307609
vt 0.295866 0.293937
vt 0.301414 0.296235
vt 0.299116 0.290687
vt 0.312788 0.285024
vt 0.315086 0.290571
vt 0.317384 0.285024
vt 0.331056 0.290687
vt 0.328758 0.296235
vt 0.334306 0.293937
vt 0.339969 0.307609
vt 0.334421 0.309907
vt 0.339969 0.312205
vt 0.334306 0.325877
vt 0.328758 0.323579
vt 0.331056 0.329127
vt 0.317384 0.334790
vt 0.315086 0.329242
vt 0.312788 0.334790
vt 0.299116 0.329127
vt 0.276531 0.325876
vt 0.276531 0.293937
vt 0.299116 0.271352
vt 0.331056 0.271352
vt 0.353641 0.293937
vt 0.353642 0.325876
vt 0.331056 0.348462
vt 0.299116 0.348462
vt 0.315086 0.309907
vt 0.573812 0.431130
vt 0.580428 0.430807
vt 0.581767 0.471216
vt 0.576421 0.471343
vt 0.580818 0.487686
vt 0.587520 0.487472
vt 0.588999 0.495909
vt 0.582297 0.496020
vt 0.578084 0.532333
vt 0.583480 0.532002
vt 0.584921 0.572449
vt 0.578299 0.572586
vt 0.572520 0.404849
vt 0.579145 0.404525
vt 0.813455 0.568390
vt 0.813455 0.539949
vt 0.830176 0.539949
vt 0.830176 0.568390
vt 0.798177 0.540276
vt 0.798177 0.568717
vt 0.781460 0.568717
vt 0.781460 0.540276
vt 0.576768 0.472013
vt 0.593102 0.472111
vt 0.593269 0.477081
vt 0.578244 0.478170
vt 0.594810 0.523503
vt 0.594993 0.529901
vt 0.578341 0.531707
vt 0.579336 0.525541
vt 0.700736 0.581036
vt 0.701185 0.587600
vt 0.684414 0.588270
vt 0.684414 0.580214
vt 0.578395 0.478746
vt 0.583190 0.478682
vt 0.820937 0.598505
vt 0.829675 0.583979
vt 0.829675 0.598505
vt 0.587715 0.516573
vt 0.584318 0.524145
vt 0.579459 0.524841
vt 0.581028 0.516614
vt 0.780618 0.581904
vt 0.789384 0.596430
vt 0.780618 0.596430
vt 0.712487 0.532665
vt 0.716651 0.499491
vt 0.716651 0.532665
vt 0.607759 0.476857
vt 0.606234 0.471012
vt 0.607921 0.471970
vt 0.810142 0.457635
vt 0.826399 0.457635
vt 0.826399 0.469602
vt 0.810142 0.469602
vt 0.699996 0.478472
vt 0.716651 0.478472
vt 0.699996 0.499491
vt 0.691844 0.423850
vt 0.691844 0.457023
vt 0.676730 0.457023
vt 0.676730 0.423850
vt 0.787118 0.457198
vt 0.787118 0.446258
vt 0.801870 0.446258
vt 0.801870 0.457198
vt 0.801870 0.469164
vt 0.787118 0.469164
vt 0.801870 0.501915
vt 0.801870 0.512854
vt 0.787118 0.512854
vt 0.787118 0.501915
vt 0.691844 0.499060
vt 0.691844 0.532233
vt 0.676730 0.532233
vt 0.676730 0.499060
vt 0.691844 0.478041
vt 0.676730 0.478041
vt 0.627316 0.471233
vt 0.628518 0.430819
vt 0.635134 0.431120
vt 0.632654 0.471339
vt 0.615848 0.477143
vt 0.616030 0.472185
vt 0.632301 0.472008
vt 0.630838 0.478166
vt 0.621546 0.487503
vt 0.625899 0.478697
vt 0.630689 0.478744
vt 0.628234 0.487678
vt 0.626819 0.495991
vt 0.620108 0.495907
vt 0.629636 0.524843
vt 0.624776 0.524143
vt 0.621400 0.516568
vt 0.628090 0.516613
vt 0.630753 0.531709
vt 0.614109 0.529904
vt 0.614297 0.523507
vt 0.629759 0.525542
vt 0.624136 0.572445
vt 0.625616 0.532003
vt 0.631012 0.532336
vt 0.630758 0.572589
vt 0.629714 0.404532
vt 0.636341 0.404835
vt 0.594459 0.488012
vt 0.593034 0.441932
vt 0.599317 0.441709
vt 0.600902 0.487883
vt 0.601381 0.496386
vt 0.594534 0.496382
vt 0.601236 0.516303
vt 0.600867 0.523342
vt 0.594256 0.516335
vt 0.600896 0.529798
vt 0.594949 0.569852
vt 0.601400 0.569814
vt 0.591923 0.413883
vt 0.598370 0.413646
vt 0.739548 0.423850
vt 0.739548 0.457023
vt 0.724434 0.457023
vt 0.724434 0.423850
vt 0.834713 0.458304
vt 0.834713 0.447364
vt 0.849465 0.447364
vt 0.849465 0.458304
vt 0.849465 0.470270
vt 0.834713 0.470270
vt 0.849465 0.503022
vt 0.849465 0.513962
vt 0.834713 0.513962
vt 0.834713 0.503022
vt 0.739548 0.499060
vt 0.739548 0.532233
vt 0.724434 0.532233
vt 0.724434 0.499060
vt 0.739548 0.478041
vt 0.724434 0.478041
vt 0.699996 0.532665
vt 0.704160 0.532665
vt 0.601365 0.476878
vt 0.601218 0.471990
vt 0.602909 0.470986
vt 0.810142 0.446696
vt 0.826399 0.446696
vt 0.810142 0.513293
vt 0.810142 0.502353
vt 0.826399 0.502353
vt 0.826399 0.513293
vt 0.608239 0.523347
vt 0.608207 0.529796
vt 0.699996 0.457453
vt 0.699996 0.424280
vt 0.716651 0.424280
vt 0.716651 0.457453
vt 0.608185 0.487909
vt 0.609919 0.441755
vt 0.616203 0.441970
vt 0.614622 0.488031
vt 0.614545 0.496402
vt 0.607696 0.496392
vt 0.614848 0.516342
vt 0.607867 0.516305
vt 0.607668 0.569812
vt 0.614119 0.569855
vt 0.610851 0.413690
vt 0.617298 0.413922
vt 0.629504 0.330700
vt 0.659622 0.332727
vt 0.660524 0.335638
vt 0.629365 0.332779
vt 0.756191 0.297906
vt 0.726005 0.297955
vt 0.726000 0.295871
vt 0.757282 0.295060
vt 0.661494 0.353598
vt 0.651314 0.352980
vt 0.651440 0.350900
vt 0.663107 0.350847
vt 0.725411 0.395019
vt 0.735610 0.395032
vt 0.737050 0.397879
vt 0.725411 0.397103
vt 0.668992 0.363634
vt 0.666648 0.363492
vt 0.741368 0.385476
vt 0.743716 0.385479
vt 0.735610 0.356811
vt 0.725411 0.356838
vt 0.725411 0.354754
vt 0.737050 0.355371
vt 0.649076 0.391245
vt 0.659258 0.391821
vt 0.660618 0.393336
vt 0.648958 0.393325
vt 0.662132 0.294559
vt 0.632008 0.292618
vt 0.632142 0.290538
vt 0.663318 0.293196
vt 0.726067 0.336207
vt 0.756253 0.336159
vt 0.757351 0.337593
vt 0.726067 0.338291
vt 0.660904 0.313645
vt 0.661997 0.313717
vt 0.757317 0.317031
vt 0.756222 0.317033
vt 0.711037 0.298059
vt 0.680852 0.297909
vt 0.679771 0.295059
vt 0.711049 0.295976
vt 0.777622 0.333774
vt 0.807744 0.331738
vt 0.807884 0.333817
vt 0.776720 0.336686
vt 0.700054 0.395032
vt 0.710254 0.395019
vt 0.710254 0.397103
vt 0.698615 0.397879
vt 0.791184 0.355898
vt 0.780991 0.356517
vt 0.779376 0.353763
vt 0.791059 0.353815
vt 0.691948 0.385479
vt 0.694297 0.385476
vt 0.775831 0.366424
vt 0.773484 0.366567
vt 0.783123 0.394593
vt 0.793321 0.394065
vt 0.793429 0.396149
vt 0.781754 0.396104
vt 0.710254 0.356838
vt 0.700054 0.356811
vt 0.698615 0.355371
vt 0.710254 0.354754
vt 0.680725 0.336159
vt 0.710912 0.336207
vt 0.710912 0.338291
vt 0.679628 0.337593
vt 0.805226 0.293669
vt 0.775097 0.295601
vt 0.773912 0.294238
vt 0.805093 0.291589
vt 0.680756 0.317033
vt 0.679661 0.317030
vt 0.775233 0.314762
vt 0.776326 0.314690
vt 0.585656 0.327863
vt 0.615782 0.329782
vt 0.615684 0.331243
vt 0.584164 0.329236
vt 0.696492 0.580095
vt 0.695330 0.562484
vt 0.700713 0.558132
vt 0.701242 0.580443
vt 0.627403 0.351596
vt 0.621144 0.360830
vt 0.619744 0.360753
vt 0.626083 0.350056
vt 0.692078 0.602106
vt 0.690034 0.596155
vt 0.696497 0.593624
vt 0.702838 0.598237
vt 0.618284 0.291733
vt 0.588167 0.289696
vt 0.586866 0.288140
vt 0.618378 0.290272
vt 0.673498 0.562484
vt 0.672337 0.580095
vt 0.667586 0.580443
vt 0.668116 0.558132
vt 0.585475 0.308685
vt 0.586874 0.308777
vt 0.684414 0.563736
vt 0.684414 0.557401
vt 0.637586 0.352155
vt 0.637674 0.350690
vt 0.697129 0.588528
vt 0.701208 0.588125
vt 0.625165 0.389838
vt 0.635345 0.390467
vt 0.635262 0.391933
vt 0.623675 0.391214
vt 0.671699 0.588528
vt 0.672331 0.593624
vt 0.665989 0.598236
vt 0.667620 0.588125
vt 0.821468 0.330816
vt 0.851598 0.328887
vt 0.853091 0.330260
vt 0.821566 0.332276
vt 0.721371 0.562484
vt 0.720209 0.580095
vt 0.715459 0.580443
vt 0.715988 0.558132
vt 0.815126 0.354512
vt 0.804930 0.355071
vt 0.804842 0.353604
vt 0.816448 0.352970
vt 0.719572 0.588528
vt 0.720204 0.593624
vt 0.713863 0.598237
vt 0.715493 0.588125
vt 0.822796 0.363681
vt 0.821394 0.363758
vt 0.726667 0.596155
vt 0.724623 0.602106
vt 0.807073 0.393353
vt 0.817269 0.392771
vt 0.818754 0.394156
vt 0.807149 0.394818
vt 0.744370 0.593624
vt 0.745002 0.588528
vt 0.749081 0.588125
vt 0.750712 0.598236
vt 0.849073 0.290716
vt 0.818953 0.292788
vt 0.818859 0.291326
vt 0.850371 0.289157
vt 0.744365 0.580095
vt 0.743203 0.562484
vt 0.748586 0.558131
vt 0.749115 0.580443
vt 0.850381 0.309798
vt 0.851780 0.309705
vt 0.732287 0.557401
vt 0.732287 0.563735
vt 0.668093 0.581036
vt 0.715966 0.581036
vt 0.732287 0.580214
vt 0.749058 0.587600
vt 0.732287 0.588270
vt 0.714826 0.298081
vt 0.714838 0.295998
vt 0.722216 0.297964
vt 0.722211 0.295881
vt 0.758996 0.480031
vt 0.766406 0.480031
vt 0.766406 0.481636
vt 0.758996 0.481636
vt 0.764747 0.568717
vt 0.764747 0.540276
vt 0.585465 0.598757
vt 0.578833 0.598893
vt 0.601552 0.596090
vt 0.595097 0.596127
vt 0.613948 0.596131
vt 0.607493 0.596088
vt 0.630198 0.598895
vt 0.623566 0.598753
vt 0.846885 0.539949
vt 0.846885 0.568390
vt 0.748608 0.581036
vt 0.838087 0.598505
vt 0.739958 0.602109
vt 0.737907 0.596154
vt 0.620076 0.508536
vt 0.626796 0.508525
vt 0.822465 0.382883
vt 0.823867 0.382811
vt 0.834713 0.491055
vt 0.849465 0.491055
vt 0.774536 0.385442
vt 0.776884 0.385328
vt 0.607674 0.508356
vt 0.614562 0.508348
vt 0.694284 0.366359
vt 0.691936 0.366360
vt 0.810142 0.490387
vt 0.826399 0.490387
vt 0.743729 0.366360
vt 0.741380 0.366359
vt 0.594539 0.508345
vt 0.601422 0.508354
vt 0.665533 0.382597
vt 0.667878 0.382723
vt 0.787118 0.489948
vt 0.801870 0.489948
vt 0.618622 0.379859
vt 0.620022 0.379939
vt 0.582337 0.508540
vt 0.589050 0.508540
vt 0.678794 0.596154
vt 0.676743 0.602109
vt 0.772214 0.596430
vt 0.684414 0.596741
vt 0.684415 0.602890
vt 0.582617 0.502303
vt 0.589317 0.502256
vt 0.617667 0.370214
vt 0.619067 0.370296
vt 0.787118 0.479556
vt 0.801870 0.479556
vt 0.667620 0.373134
vt 0.669964 0.373272
vt 0.594619 0.502347
vt 0.601461 0.502354
vt 0.745294 0.375915
vt 0.742946 0.375917
vt 0.826399 0.479994
vt 0.810142 0.479994
vt 0.692719 0.375917
vt 0.690370 0.375915
vt 0.607628 0.502355
vt 0.614474 0.502355
vt 0.772501 0.376093
vt 0.774849 0.375961
vt 0.834713 0.480663
vt 0.849465 0.480663
vt 0.823471 0.373234
vt 0.824873 0.373156
vt 0.619797 0.502256
vt 0.626503 0.502279
vt 0.732286 0.602890
vt 0.732287 0.596741
vt 0.812166 0.538705
vt 0.830176 0.538705
vt 0.812166 0.569915
vt 0.848175 0.538705
vt 0.848175 0.569915
vt 0.830176 0.569915
vt 0.799466 0.539031
vt 0.799466 0.570242
vt 0.781460 0.570242
vt 0.763457 0.539031
vt 0.781460 0.539031
vt 0.763457 0.570242
vt 0.813235 0.583979
vt 0.812005 0.582346
vt 0.829675 0.582346
vt 0.820937 0.600029
vt 0.812005 0.592800
vt 0.813235 0.592800
vt 0.847337 0.582346
vt 0.847337 0.592770
vt 0.846123 0.592770
vt 0.846123 0.583979
vt 0.838792 0.600029
vt 0.829675 0.600029
vt 0.798281 0.580271
vt 0.798281 0.590695
vt 0.797068 0.590695
vt 0.797068 0.581904
vt 0.789384 0.597953
vt 0.764178 0.581904
vt 0.762947 0.580271
vt 0.780618 0.580271
vt 0.771547 0.597953
vt 0.762947 0.590725
vt 0.764178 0.590725
vt 0.780618 0.597953
vt 0.758457 0.470988
vt 0.766945 0.470988
vt 0.775458 0.479667
vt 0.775458 0.482000
vt 0.766945 0.490679
vt 0.758457 0.490679
vt 0.749943 0.482000
vt 0.749943 0.479667
vt 0.715516 0.587600
vt 0.667644 0.587600
vt 0.441122 0.461738
vt 0.426340 0.461738
vt 0.420929 0.452367
vt 0.446532 0.452367
vt 0.190569 0.445335
vt 0.205506 0.445335
vt 0.205506 0.457961
vt 0.179634 0.457961
vt 0.220443 0.445335
vt 0.231378 0.457961
vt 0.426340 0.487341
vt 0.441122 0.487341
vt 0.446532 0.496713
vt 0.420929 0.496713
vt 0.264648 0.445335
vt 0.279585 0.445335
vt 0.279585 0.457961
vt 0.253713 0.457961
vt 0.294523 0.445335
vt 0.305458 0.457961
vt 0.327677 0.449857
vt 0.355297 0.449857
vt 0.357433 0.465803
vt 0.325540 0.465803
vt 0.205506 0.475209
vt 0.175631 0.475209
vt 0.235381 0.475209
vt 0.376510 0.449894
vt 0.404130 0.449894
vt 0.406266 0.465840
vt 0.374373 0.465840
vt 0.279585 0.475209
vt 0.249711 0.475209
vt 0.309460 0.475209
vt 0.355297 0.481750
vt 0.327677 0.481750
vt 0.205506 0.492457
vt 0.179634 0.492457
vt 0.231378 0.492457
vt 0.404130 0.481787
vt 0.376510 0.481787
vt 0.279585 0.492457
vt 0.253713 0.492457
vt 0.305458 0.492457
vt 0.345965 0.496645
vt 0.337009 0.496645
vt 0.205506 0.508569
vt 0.197117 0.508569
vt 0.213895 0.508569
vt 0.394798 0.496682
vt 0.385842 0.496682
vt 0.279585 0.508569
vt 0.271196 0.508569
vt 0.287975 0.508569
vt 0.433731 0.474540
vt 0.418949 0.474540
vt 0.448513 0.474540
vt 0.480901 0.527305
vt 0.480901 0.535954
vt 0.473410 0.531629
vt 0.473410 0.540278
vt 0.465920 0.535954
vt 0.465920 0.527305
vt 0.473410 0.522980
vt 0.345965 0.514806
vt 0.337009 0.514806
vt 0.205506 0.528212
vt 0.197117 0.528212
vt 0.213895 0.528212
vt 0.394798 0.514843
vt 0.385842 0.514843
vt 0.279585 0.528212
vt 0.271196 0.528212
vt 0.287975 0.528212
vt 0.468306 0.498526
vt 0.468306 0.505447
vt 0.466807 0.506312
vt 0.466807 0.497660
vt 0.474300 0.508908
vt 0.474300 0.510638
vt 0.480293 0.505447
vt 0.481792 0.506312
vt 0.480293 0.498526
vt 0.481792 0.497661
vt 0.474300 0.495065
vt 0.474300 0.493335
vt 0.490106 0.457461
vt 0.490106 0.470090
vt 0.484414 0.470090
vt 0.484414 0.457461
vt 0.490106 0.476405
vt 0.484414 0.476405
vt 0.462739 0.476093
vt 0.462739 0.469780
vt 0.468430 0.469780
vt 0.468430 0.476093
vt 0.462739 0.457152
vt 0.468430 0.457152
vt 0.504954 0.477643
vt 0.504954 0.467465
vt 0.510251 0.467465
vt 0.510251 0.477643
vt 0.504954 0.457287
vt 0.510251 0.457287
vt 0.439261 0.513236
vt 0.428353 0.513236
vt 0.424360 0.506320
vt 0.443254 0.506320
vt 0.258013 0.571377
vt 0.268907 0.571377
vt 0.268907 0.580585
vt 0.250039 0.580585
vt 0.279800 0.571377
vt 0.287774 0.580585
vt 0.428353 0.532129
vt 0.439261 0.532129
vt 0.443254 0.539045
vt 0.424360 0.539045
vt 0.199935 0.571377
vt 0.210828 0.571377
vt 0.210828 0.580585
vt 0.191960 0.580585
vt 0.221721 0.571377
vt 0.229696 0.580585
vt 0.329461 0.597005
vt 0.309450 0.597005
vt 0.307903 0.585451
vt 0.331009 0.585451
vt 0.268907 0.593163
vt 0.247120 0.593163
vt 0.290693 0.593163
vt 0.346834 0.574940
vt 0.366845 0.574940
vt 0.368393 0.586493
vt 0.345286 0.586493
vt 0.210828 0.593163
vt 0.189042 0.593163
vt 0.232615 0.593163
vt 0.309450 0.573898
vt 0.329461 0.573898
vt 0.268907 0.605742
vt 0.250039 0.605742
vt 0.287774 0.605742
vt 0.366845 0.598046
vt 0.346834 0.598046
vt 0.210828 0.605742
vt 0.191960 0.605742
vt 0.229696 0.605742
vt 0.433807 0.522683
vt 0.422899 0.522683
vt 0.444715 0.522683
vt 0.416033 0.594493
vt 0.402396 0.586619
vt 0.416033 0.578746
vt 0.402396 0.602366
vt 0.388759 0.594493
vt 0.388759 0.578746
vt 0.402396 0.570872
vn 0.423858 -0.530452 -0.734143
vn -0.423859 -0.530450 -0.734143
vn -0.478435 -0.290528 -0.828669
vn 0.478437 -0.290527 -0.828669
vn -0.847717 -0.530449 0.000000
vn -0.956867 -0.290527 0.000000
vn -0.423857 -0.530449 0.734145
vn -0.478433 -0.290528 0.828671
vn 0.423856 -0.530450 0.734145
vn 0.478433 -0.290527 0.828671
vn 0.847715 -0.530453 0.000001
vn 0.956867 -0.290526 0.000001
vn -0.500001 -0.000000 -0.866025
vn 0.499999 -0.000000 -0.866026
vn -1.000000 0.000000 0.000000
vn -0.499999 0.000000 0.866026
vn 0.499999 -0.000000 0.866026
vn 1.000000 -0.000000 0.000001
vn -0.471198 0.334504 -0.816137
vn 0.471199 0.334503 -0.816137
vn -0.942394 0.334504 0.000000
vn -0.471197 0.334504 0.816138
vn 0.471197 0.334503 0.816138
vn 0.942395 0.334501 0.000001
vn -0.393482 0.616999 -0.681531
vn 0.393483 0.617000 -0.681529
vn -0.786965 0.616998 0.000000
vn -0.393481 0.616999 0.681532
vn 0.393482 0.616998 0.681531
vn 0.786964 0.616999 0.000003
vn 0.000000 -1.000000 0.000000
vn 0.000000 -1.000000 0.000000
vn 0.000000 -1.000000 0.000000
vn 0.000000 -1.000000 0.000000
vn 0.000000 -1.000000 0.000000
vn 0.000000 -1.000000 0.000000
vn 0.000000 -1.000000 0.000000
vn -0.000003 1.000000 0.000000
vn 0.000003 1.000000 0.000000
vn -0.000000 1.000000 0.000000
vn 0.000005 1.000000 0.000000
vn 0.000003 1.000000 0.000004
vn -0.000003 1.000000 -0.000000
vn -0.000005 1.000000 -0.000004
vn 0.500003 0.000000 -0.866024
vn -0.499999 0.000000 -0.866026
vn -0.499999 0.000000 -0.866026
vn 0.500003 0.000000 -0.866024
vn -1.000000 0.000000 0.000000
vn -1.000000 0.000000 0.000000
vn -0.499993 0.000000 0.866030
vn -0.499993 0.000000 0.866030
vn 0.499996 0.000000 0.866028
vn 0.499996 0.000000 0.866028
vn 1.000000 0.000000 -0.000000
vn 1.000000 0.000000 -0.000000
vn 0.000000 -1.000000 -0.000005
vn 0.000000 -1.000000 -0.000000
vn 0.000000 -1.000000 0.000000
vn 0.000000 -1.000000 -0.000005
vn 0.000000 -1.000000 0.000005
vn 0.000000 -1.000000 0.000005
vn 0.000000 -1.000000 0.000017
vn 0.000000 -1.000000 0.000017
vn 0.000000 -1.000000 0.000017
vn 0.000000 -1.000000 0.000017
vn 0.000000 -1.000000 -0.000000
vn 0.000000 -1.000000 -0.000000
vn 0.499999 0.000000 -0.866026
vn -0.499996 0.000000 -0.866028
vn -0.499996 0.000000 -0.866028
vn 0.499999 0.000000 -0.866026
vn -1.000000 0.000000 -0.000000
vn -1.000000 0.000000 -0.000000
vn -0.499996 0.000000 0.866027
vn -0.499996 0.000000 0.866027
vn 0.499996 0.000000 0.866027
vn 0.499996 0.000000 0.866027
vn 1.000000 0.000000 0.000008
vn 1.000000 0.000000 0.000008
vn 0.423857 -0.530453 -0.734142
vn -0.423860 -0.530451 -0.734142
vn -0.478434 -0.290529 -0.828670
vn 0.478435 -0.290529 -0.828669
vn -0.847717 -0.530449 0.000000
vn -0.956867 -0.290528 -0.000000
vn -0.423857 -0.530451 0.734144
vn -0.478432 -0.290528 0.828671
vn 0.423854 -0.530452 0.734145
vn 0.478433 -0.290528 0.828671
vn 0.847714 -0.530453 0.000001
vn 0.956867 -0.290528 0.000000
vn -0.499999 -0.000000 -0.866026
vn 0.500000 -0.000000 -0.866025
vn -1.000000 -0.000000 -0.000000
vn -0.499998 -0.000000 0.866027
vn 0.499998 -0.000000 0.866027
vn 1.000000 0.000000 0.000000
vn -0.449667 0.437269 -0.778843
vn 0.449668 0.437268 -0.778842
vn -0.899332 0.437267 -0.000000
vn -0.449666 0.437268 0.778844
vn 0.449666 0.437267 0.778844
vn 0.899332 0.437266 0.000000
vn 0.000000 -1.000000 0.000002
vn 0.000000 -1.000000 -0.000000
vn 0.000000 -1.000000 0.000000
vn 0.000000 -1.000000 0.000002
vn 0.000000 -1.000000 -0.000000
vn 0.000000 -1.000000 -0.000002
vn 0.000000 -1.000000 -0.000002
vn 0.000000 1.000000 0.000000
vn 0.679040 -0.123173 0.723694
vn 0.709950 -0.122807 0.693462
vn 0.703911 -0.130103 0.698271
vn 0.616851 -0.116481 0.778413
vn 0.000000 1.000000 0.000000
vn 0.000000 1.000000 -0.000001
vn 0.000000 1.000000 -0.000001
vn 0.000000 1.000000 0.000000
vn 0.000000 -1.000000 0.000000
vn 0.000000 -1.000000 0.000000
vn 0.000000 -1.000000 0.000000
vn 0.000000 -1.000000 0.000000
vn 0.540745 -0.633339 -0.553603
vn 0.540745 -0.633339 -0.553603
vn 0.655075 -0.348004 -0.670649
vn 0.655075 -0.348005 -0.670649
vn -0.540748 -0.633337 0.553603
vn -0.540748 -0.633337 0.553603
vn -0.651633 -0.360997 0.667125
vn -0.658029 -0.336397 0.673673
vn -0.651995 0.359656 0.667495
vn -0.651699 0.360755 0.667192
vn -0.611744 0.483254 0.626286
vn -0.611745 0.483254 0.626286
vn 0.651766 0.360498 -0.667264
vn 0.651535 0.361354 -0.667027
vn 0.611743 0.483254 -0.626288
vn 0.611743 0.483254 -0.626288
vn 0.720745 0.010311 0.693124
vn 0.692012 0.263651 0.672018
vn 0.719739 0.034564 0.693384
vn 0.714745 0.048576 0.697696
vn 0.775491 -0.143802 0.614764
vn 0.737980 -0.122249 0.663657
vn 0.713556 0.024795 0.700160
vn 0.724244 0.021479 0.689209
vn 0.000000 1.000000 -0.000003
vn 0.000000 1.000000 -0.000003
vn 0.000000 -1.000000 0.000000
vn 0.000000 -1.000000 0.000000
vn -0.685087 0.196799 0.701374
vn -0.685318 0.195140 0.701612
vn 0.685328 0.195060 -0.701624
vn 0.685296 0.195293 -0.701591
vn 0.776015 -0.081277 0.625456
vn 0.623560 -0.073741 0.778290
vn 0.700256 0.153371 0.697223
vn 0.843505 -0.506692 -0.178220
vn 0.746880 -0.492577 -0.446697
vn 0.796678 -0.385926 -0.465151
vn 0.893890 -0.404794 -0.192618
vn 0.569056 -0.443069 -0.692723
vn 0.618285 -0.329757 -0.713431
vn 0.309629 -0.355501 -0.881901
vn 0.358958 -0.236333 -0.902938
vn -0.007260 -0.236019 -0.971721
vn 0.042462 -0.114574 -0.992507
vn -0.329829 -0.103349 -0.938367
vn -0.281324 0.016146 -0.959477
vn -0.604510 0.019694 -0.796354
vn -0.559956 0.134846 -0.817475
vn -0.803326 0.118706 -0.583589
vn -0.764041 0.229497 -0.602970
vn -0.923156 0.189942 -0.334223
vn -0.888130 0.297892 -0.349978
vn -0.969714 0.234480 -0.068362
vn -0.936405 0.341801 -0.079486
vn -0.945891 0.252715 0.203533
vn -0.911506 0.361322 0.196478
vn -0.845573 0.244127 0.474773
vn -0.807454 0.355339 0.470906
vn -0.631178 0.234035 0.739487
vn -0.613612 0.313311 0.724787
vn -0.333898 0.201495 0.920821
vn -0.307712 0.224151 0.924700
vn -0.042740 0.116187 0.992307
vn -0.043237 0.116379 0.992263
vn -0.150566 0.252812 0.955728
vn 0.238487 -0.023913 0.970851
vn 0.232265 0.011399 0.972586
vn 0.135189 0.141201 0.980707
vn 0.498303 -0.211955 0.840696
vn 0.543960 -0.143315 0.826782
vn 0.702310 -0.368913 0.608822
vn 0.750266 -0.259091 0.608254
vn 0.820762 -0.443921 0.359562
vn 0.870738 -0.341456 0.353869
vn 0.866826 -0.489706 0.093812
vn 0.917314 -0.389158 0.084206
vn 0.861822 -0.171314 -0.477404
vn 0.958283 -0.193598 -0.210270
vn 0.686617 -0.111287 -0.718451
vn 0.434395 -0.015953 -0.900581
vn 0.128015 0.103774 -0.986328
vn -0.186537 0.228895 -0.955411
vn -0.460232 0.340938 -0.819724
vn -0.663541 0.430169 -0.612101
vn -0.788587 0.495229 -0.364526
vn -0.837343 0.537788 -0.098185
vn -0.811313 0.558293 0.173440
vn -0.749681 0.530247 0.396001
vn -0.569158 0.413729 0.710555
vn -0.246882 0.379039 0.891840
vn 0.036081 0.304531 0.951819
vn 0.072858 0.390283 0.917807
vn 0.299170 0.163698 0.940054
vn 0.581972 -0.040180 0.812216
vn 0.838562 -0.096045 0.536273
vn 0.935707 -0.130598 0.327715
vn 0.981769 -0.179524 0.062453
vn 0.883881 0.028185 -0.466862
vn 0.976209 0.008353 -0.216670
vn 0.717691 0.082998 -0.691398
vn 0.480520 0.170840 -0.860182
vn 0.194180 0.282035 -0.939548
vn -0.099210 0.399440 -0.911375
vn -0.354975 0.505975 -0.786119
vn -0.545755 0.591927 -0.593106
vn -0.663593 0.654967 -0.361473
vn -0.709631 0.695738 -0.111228
vn -0.685403 0.713750 0.144166
vn -0.595990 0.737993 0.316486
vn 0.129962 0.518795 0.844963
vn -0.072096 0.628214 0.774693
vn 0.360139 0.457772 0.812862
vn 0.954982 0.066912 0.289019
vn 0.880945 0.155603 0.446904
vn 0.998971 0.021999 0.039650
vn 0.863721 0.268374 -0.426568
vn 0.945007 0.249729 -0.211182
vn 0.718708 0.317536 -0.618571
vn 0.513449 0.394637 -0.761992
vn 0.266791 0.490837 -0.829399
vn 0.013924 0.591612 -0.806103
vn -0.207764 0.682864 -0.700380
vn -0.374542 0.756649 -0.535911
vn -0.478343 0.810990 -0.336874
vn -0.518949 0.846235 -0.120739
vn -0.496503 0.862333 0.099336
vn -0.408301 0.862780 0.298164
vn -0.313111 0.770645 0.555038
vn -0.239713 0.838919 0.488624
vn -0.024588 0.763608 0.645212
vn 0.202061 0.671981 0.712470
vn 0.437415 0.581430 0.686008
vn 0.663404 0.385584 0.641264
vn 0.666979 0.481390 0.568685
vn 0.833326 0.373179 0.407805
vn 0.926649 0.301155 0.225006
vn 0.965293 0.260965 0.010327
vn 0.763716 0.550575 -0.337054
vn 0.825620 0.532861 -0.185500
vn 0.656752 0.590809 -0.468638
vn 0.509989 0.649163 -0.564357
vn 0.336886 0.717931 -0.609166
vn 0.158962 0.787581 -0.595355
vn -0.000699 0.850055 -0.526694
vn -0.124893 0.900968 -0.415522
vn -0.204428 0.939030 -0.276465
vn -0.235698 0.964071 -0.122528
vn -0.217547 0.975423 0.034984
vn -0.150182 0.971068 0.185667
vn -0.036561 0.948284 0.315310
vn 0.116498 0.904920 0.409326
vn 0.292007 0.842080 0.453468
vn 0.467552 0.766492 0.440323
vn 0.621312 0.688869 0.373405
vn 0.738158 0.620778 0.264117
vn 0.812443 0.569278 0.125932
vn 0.841719 0.539221 -0.027388
vn 0.636619 0.730015 -0.248583
vn 0.677628 0.719023 -0.154358
vn 0.567158 0.754899 -0.329332
vn 0.473780 0.790906 -0.387298
vn 0.365280 0.833559 -0.414427
vn 0.254220 0.877484 -0.406687
vn 0.153846 0.917879 -0.365827
vn 0.074744 0.951573 -0.298199
vn 0.023492 0.976961 -0.212122
vn 0.003301 0.993263 -0.115836
vn 0.015250 0.999739 -0.017038
vn 0.058909 0.995326 0.076527
vn 0.131771 0.978861 0.156420
vn 0.227997 0.949923 0.213694
vn 0.337607 0.910032 0.240550
vn 0.447566 0.863341 0.233082
vn 0.545087 0.815880 0.192926
vn 0.620779 0.773771 0.126144
vn 0.669385 0.741799 0.040716
vn 0.688592 0.723035 -0.055331
vn 0.372300 0.923531 -0.092101
vn -0.220588 0.184439 0.957770
vn -0.220588 0.184439 0.957770
vn 0.139462 0.042456 0.989317
vn 0.139462 0.042456 0.989317
vn -0.551353 0.299892 0.778509
vn -0.551352 0.299892 0.778509
vn 0.473735 -0.103835 0.874525
vn 0.473735 -0.103835 0.874525
vn 0.683428 0.373913 0.626989
vn 0.683428 0.373913 0.626989
vn 0.683428 0.373913 0.626989
vn 0.683428 0.373913 0.626989
vn 0.250149 0.336681 0.907784
vn 0.250149 0.336681 0.907784
vn 0.250149 0.336681 0.907784
vn 0.250149 0.336681 0.907784
vn -0.250149 0.209235 0.945329
vn -0.250149 0.209235 0.945329
vn -0.250149 0.209235 0.945329
vn -0.250149 0.209235 0.945329
vn -0.683418 0.025725 0.729574
vn -0.683418 0.025725 0.729574
vn -0.683418 0.025725 0.729574
vn -0.683418 0.025725 0.729574
vn -0.933568 -0.164679 0.318327
vn -0.933568 -0.164679 0.318327
vn -0.933568 -0.164679 0.318327
vn -0.933568 -0.164679 0.318327
vn -0.933568 -0.310955 -0.178207
vn -0.933568 -0.310955 -0.178207
vn -0.933568 -0.310955 -0.178207
vn -0.933568 -0.310955 -0.178207
vn -0.683420 -0.373913 -0.626997
vn -0.683420 -0.373913 -0.626997
vn -0.683420 -0.373913 -0.626997
vn -0.683420 -0.373913 -0.626997
vn -0.250145 -0.336680 -0.907785
vn -0.250145 -0.336680 -0.907785
vn -0.250145 -0.336680 -0.907785
vn -0.250145 -0.336680 -0.907785
vn 0.250145 -0.209237 -0.945329
vn 0.250145 -0.209237 -0.945329
vn 0.250145 -0.209237 -0.945329
vn 0.250145 -0.209237 -0.945329
vn 0.683431 -0.025718 -0.729562
vn 0.683431 -0.025718 -0.729562
vn 0.683431 -0.025718 -0.729562
vn 0.683431 -0.025718 -0.729562
vn 0.933568 0.164679 -0.318327
vn 0.933568 0.164679 -0.318327
vn 0.933568 0.164679 -0.318327
vn 0.933568 0.164679 -0.318327
vn 0.933568 0.310955 0.178207
vn 0.933568 0.310955 0.178207
vn 0.933568 0.310955 0.178207
vn 0.933568 0.310955 0.178207
vn 0.328585 0.270086 0.905033
vn 0.807055 0.301282 0.507830
vn 0.808338 0.307706 0.501903
vn 0.332298 0.266697 0.904683
vn -0.286942 0.113287 0.951226
vn 0.328585 0.270086 0.905033
vn 0.332298 0.266697 0.904683
vn -0.288603 0.108528 0.951278
vn -0.772911 -0.101201 0.626392
vn -0.286942 0.113287 0.951226
vn -0.288603 0.108528 0.951278
vn -0.777915 -0.096380 0.620934
vn -0.950003 -0.299515 0.088235
vn -0.772911 -0.101201 0.626392
vn -0.777915 -0.096380 0.620934
vn -0.954347 -0.286527 0.084409
vn -0.772911 -0.424630 -0.471485
vn -0.950003 -0.299515 0.088235
vn -0.954347 -0.286527 0.084409
vn -0.777914 -0.417620 -0.469513
vn -0.286942 -0.420502 -0.860722
vn -0.772911 -0.424630 -0.471485
vn -0.777914 -0.417620 -0.469513
vn -0.288603 -0.424529 -0.858186
vn 0.119021 -0.330184 -0.936383
vn -0.286942 -0.420502 -0.860722
vn -0.288603 -0.424529 -0.858186
vn 0.141671 -0.329539 -0.933453
vn 0.141671 -0.329539 -0.933453
vn 0.391910 -0.234906 -0.889509
vn 0.333819 -0.255591 -0.907325
vn 0.119021 -0.330184 -0.936383
vn 0.976027 0.216201 0.025070
vn 0.974166 0.164024 -0.155231
vn 0.971326 0.178963 -0.156520
vn 0.973153 0.229445 0.018124
vn 0.807055 0.301282 0.507830
vn 0.976027 0.216201 0.025070
vn 0.973153 0.229445 0.018124
vn 0.808338 0.307706 0.501903
vn 0.336634 0.238942 0.910815
vn 0.812877 0.275698 0.513051
vn 0.811615 0.285013 0.509951
vn 0.338208 0.233553 0.911629
vn -0.278298 0.082295 0.956963
vn 0.336634 0.238942 0.910815
vn 0.338208 0.233553 0.911629
vn -0.276986 0.076838 0.957797
vn -0.765051 -0.126262 0.631471
vn -0.278298 0.082295 0.956963
vn -0.276986 0.076838 0.957797
vn -0.768825 -0.117588 0.628555
vn -0.942461 -0.320691 0.094474
vn -0.765051 -0.126262 0.631471
vn -0.768825 -0.117588 0.628555
vn -0.948898 -0.302720 0.089180
vn -0.765051 -0.448441 -0.462166
vn -0.942461 -0.320691 0.094474
vn -0.948898 -0.302720 0.089180
vn -0.768825 -0.439572 -0.464419
vn -0.278297 -0.449656 -0.848741
vn -0.765051 -0.448441 -0.462166
vn -0.768825 -0.439572 -0.464419
vn -0.276986 -0.454692 -0.846483
vn 0.443323 -0.250767 -0.860570
vn -0.278297 -0.449656 -0.848741
vn -0.276986 -0.454692 -0.846483
vn 0.437931 -0.257800 -0.861252
vn 0.786062 -0.054134 -0.615772
vn 0.443323 -0.250767 -0.860570
vn 0.437931 -0.257800 -0.861252
vn 0.794121 -0.044067 -0.606160
vn 0.812877 0.275698 0.513051
vn 0.979744 0.196599 0.038071
vn 0.976051 0.215583 0.029128
vn 0.811615 0.285013 0.509951
vn 0.346798 0.205362 0.915182
vn 0.849684 0.244803 0.467021
vn 0.844455 0.258633 0.469047
vn 0.345934 0.197767 0.917179
vn -0.270531 0.048103 0.961509
vn 0.346798 0.205362 0.915182
vn 0.345934 0.197767 0.917179
vn -0.265888 0.041912 0.963092
vn -0.757889 -0.153940 0.633962
vn -0.270531 0.048103 0.961509
vn -0.265888 0.041912 0.963092
vn -0.760296 -0.141364 0.634008
vn -0.933964 -0.342801 0.100987
vn -0.757889 -0.153940 0.633962
vn -0.760296 -0.141364 0.634008
vn -0.942805 -0.319757 0.094199
vn -0.757887 -0.473050 -0.449255
vn -0.933964 -0.342801 0.100987
vn -0.942805 -0.319757 0.094199
vn -0.760296 -0.462509 -0.456110
vn -0.270529 -0.480850 -0.834025
vn -0.757887 -0.473050 -0.449255
vn -0.760296 -0.462509 -0.456110
vn -0.265885 -0.486911 -0.831999
vn 0.371656 -0.314553 -0.873458
vn -0.270529 -0.480850 -0.834025
vn -0.265885 -0.486911 -0.831999
vn 0.367488 -0.323433 -0.871977
vn 0.902762 0.007691 -0.430072
vn 0.371656 -0.314553 -0.873458
vn 0.367488 -0.323433 -0.871977
vn 0.895143 0.013198 -0.445584
vn 0.979744 0.196599 0.038071
vn 0.902762 0.007691 -0.430072
vn 0.895143 0.013198 -0.445584
vn 0.976051 0.215583 0.029128
vn 0.849684 0.244803 0.467021
vn 0.986224 0.115292 -0.118622
vn 0.982859 0.141835 -0.117775
vn 0.844455 0.258633 0.469047
vn 0.982859 0.141835 -0.117775
vn 0.986224 0.115292 -0.118622
vn 0.929476 0.022193 -0.368215
vn 0.933516 0.051244 -0.354854
vn 0.078764 -0.230655 -0.969843
vn 0.276522 -0.169990 -0.945854
vn 0.398689 -0.072013 -0.914255
vn 0.120543 -0.161896 -0.979418
vn 0.120543 -0.161896 -0.979418
vn -0.330152 -0.265892 -0.905705
vn -0.301614 -0.312297 -0.900833
vn 0.078764 -0.230655 -0.969843
vn -0.330152 -0.265892 -0.905705
vn -0.808479 -0.296862 -0.508168
vn -0.785300 -0.331053 -0.523171
vn -0.301614 -0.312297 -0.900833
vn -0.808479 -0.296862 -0.508168
vn -0.980664 -0.187724 0.055302
vn -0.975953 -0.209098 0.061599
vn -0.785300 -0.331053 -0.523171
vn -0.980664 -0.187724 0.055302
vn -0.808479 0.026048 0.587948
vn -0.785300 0.005451 0.619092
vn -0.975953 -0.209098 0.061599
vn -0.808479 0.026048 0.587948
vn -0.330150 0.267591 0.905205
vn -0.301612 0.225957 0.926269
vn -0.785300 0.005451 0.619092
vn -0.330150 0.267591 0.905205
vn 0.286212 0.424604 0.858950
vn 0.284201 0.375187 0.882306
vn -0.301612 0.225957 0.926269
vn 0.286212 0.424604 0.858950
vn 0.771987 0.428658 0.469348
vn 0.766035 0.400638 0.502672
vn 0.284201 0.375187 0.882306
vn 0.771987 0.428658 0.469348
vn 0.945377 0.325897 -0.007306
vn 0.951589 0.307355 0.003405
vn 0.766035 0.400638 0.502672
vn 0.945377 0.325897 -0.007306
vn 0.944147 0.271544 -0.186684
vn 0.949793 0.251326 -0.186356
vn 0.951589 0.307355 0.003405
vn 0.742068 0.106171 -0.661863
vn 0.385451 -0.038069 -0.921943
vn 0.383747 -0.112078 -0.916611
vn 0.742032 0.054180 -0.668172
vn 0.385451 -0.038069 -0.921943
vn -0.338530 -0.232914 -0.911673
vn -0.304571 -0.299222 -0.904269
vn 0.383747 -0.112078 -0.916611
vn -0.338530 -0.232914 -0.911673
vn -0.814508 -0.269417 -0.513801
vn -0.788263 -0.316654 -0.527610
vn -0.304571 -0.299222 -0.904269
vn -0.814508 -0.269417 -0.513801
vn -0.985294 -0.163904 0.048285
vn -0.979377 -0.193808 0.057095
vn -0.788263 -0.316654 -0.527610
vn -0.985294 -0.163904 0.048285
vn -0.814509 0.052163 0.577802
vn -0.788263 0.019956 0.615014
vn -0.979377 -0.193808 0.057095
vn -0.814509 0.052163 0.577802
vn -0.338531 0.298538 0.892341
vn -0.304572 0.238806 0.922067
vn -0.788263 0.019956 0.615014
vn -0.338531 0.298538 0.892341
vn 0.276957 0.455328 0.846151
vn 0.280066 0.387737 0.878193
vn -0.304572 0.238806 0.922067
vn 0.276957 0.455328 0.846151
vn 0.763376 0.454113 0.459389
vn 0.761133 0.414650 0.498740
vn 0.280066 0.387737 0.878193
vn 0.763376 0.454113 0.459389
vn 0.936716 0.350019 -0.007114
vn 0.945971 0.324187 0.006512
vn 0.761133 0.414650 0.498740
vn 0.936716 0.350019 -0.007114
vn 0.845745 0.213828 -0.488870
vn 0.852088 0.156899 -0.499329
vn 0.945971 0.324187 0.006512
vn 0.845745 0.213828 -0.488870
vn 0.293593 -0.031070 -0.955426
vn 0.301116 -0.127221 -0.945063
vn 0.852088 0.156899 -0.499329
vn 0.293593 -0.031070 -0.955426
vn -0.349015 -0.197310 -0.916110
vn -0.309607 -0.285199 -0.907086
vn 0.301116 -0.127221 -0.945063
vn -0.349015 -0.197310 -0.916110
vn -0.821950 -0.239741 -0.516646
vn -0.793171 -0.300831 -0.529510
vn -0.309607 -0.285199 -0.907086
vn -0.821950 -0.239741 -0.516646
vn -0.989495 -0.138677 0.040853
vn -0.982734 -0.177483 0.052285
vn -0.793171 -0.300831 -0.529510
vn -0.989495 -0.138677 0.040853
vn -0.821950 0.078642 0.564105
vn -0.793171 0.034283 0.608033
vn -0.982734 -0.177483 0.052285
vn -0.821950 0.078642 0.564105
vn -0.349018 0.330861 0.876765
vn -0.309608 0.252117 0.916832
vn -0.793171 0.034283 0.608033
vn -0.349018 0.330861 0.876765
vn 0.268492 0.488166 0.830425
vn 0.277371 0.401644 0.872782
vn -0.309608 0.252117 0.916832
vn 0.268492 0.488166 0.830425
vn 0.786147 0.472282 0.398651
vn 0.789376 0.424488 0.443503
vn 0.277371 0.401644 0.872782
vn 0.786147 0.472282 0.398651
vn 0.924292 0.333364 -0.185882
vn 0.937227 0.278049 -0.210461
vn 0.789376 0.424488 0.443503
vn 0.864224 0.176513 -0.471127
vn 0.937227 0.278049 -0.210461
vn 0.924292 0.333364 -0.185882
vn 0.864278 0.246316 -0.438579
vn 0.120543 -0.161896 -0.979418
vn 0.398689 -0.072013 -0.914255
vn 0.434902 -0.043683 -0.899418
vn 0.132334 -0.142829 -0.980861
vn 0.132334 -0.142829 -0.980861
vn -0.335699 -0.255224 -0.906734
vn -0.330152 -0.265892 -0.905705
vn 0.120543 -0.161896 -0.979418
vn -0.335699 -0.255224 -0.906734
vn -0.811456 -0.295910 -0.503961
vn -0.808479 -0.296862 -0.508168
vn -0.330152 -0.265892 -0.905705
vn -0.811456 -0.295910 -0.503961
vn -0.979399 -0.193705 0.057064
vn -0.980664 -0.187724 0.055302
vn -0.808479 -0.296862 -0.508168
vn -0.979399 -0.193705 0.057064
vn -0.811456 0.024567 0.583897
vn -0.808479 0.026048 0.587948
vn -0.980664 -0.187724 0.055302
vn -0.811456 0.024567 0.583897
vn -0.335698 0.277114 0.900286
vn -0.330150 0.267591 0.905205
vn -0.808479 0.026048 0.587948
vn -0.335698 0.277114 0.900286
vn 0.285806 0.435436 0.853645
vn 0.286212 0.424604 0.858950
vn -0.330150 0.267591 0.905205
vn 0.285806 0.435436 0.853645
vn 0.774708 0.428628 0.464873
vn 0.771987 0.428658 0.469348
vn 0.286212 0.424604 0.858950
vn 0.774708 0.428628 0.464873
vn 0.947837 0.318641 -0.008589
vn 0.945377 0.325897 -0.007306
vn 0.771987 0.428658 0.469348
vn 0.947837 0.318641 -0.008589
vn 0.946711 0.265844 -0.181835
vn 0.944147 0.271544 -0.186684
vn 0.945377 0.325897 -0.007306
vn 0.749661 0.116087 -0.651561
vn 0.373280 -0.026530 -0.927339
vn 0.385451 -0.038069 -0.921943
vn 0.742068 0.106171 -0.661863
vn 0.373280 -0.026530 -0.927339
vn -0.342463 -0.217367 -0.914041
vn -0.338530 -0.232914 -0.911673
vn 0.385451 -0.038069 -0.921943
vn -0.342463 -0.217367 -0.914041
vn -0.815348 -0.268409 -0.512995
vn -0.814508 -0.269417 -0.513801
vn -0.338530 -0.232914 -0.911673
vn -0.815348 -0.268409 -0.512995
vn -0.983742 -0.172266 0.050749
vn -0.985294 -0.163904 0.048285
vn -0.814508 -0.269417 -0.513801
vn -0.983742 -0.172266 0.050749
vn -0.815348 0.052572 0.576579
vn -0.814509 0.052163 0.577802
vn -0.985294 -0.163904 0.048285
vn -0.815348 0.052572 0.576579
vn -0.342463 0.312885 0.885902
vn -0.338531 0.298538 0.892341
vn -0.814509 0.052163 0.577802
vn -0.342463 0.312885 0.885902
vn 0.272640 0.469577 0.839741
vn 0.276957 0.455328 0.846151
vn -0.338531 0.298538 0.892341
vn 0.272640 0.469577 0.839741
vn 0.763738 0.454830 0.458076
vn 0.763376 0.454113 0.459389
vn 0.276957 0.455328 0.846151
vn 0.763738 0.454830 0.458076
vn 0.940379 0.340033 -0.008096
vn 0.936716 0.350019 -0.007114
vn 0.763376 0.454113 0.459389
vn 0.940379 0.340033 -0.008096
vn 0.838762 0.209295 -0.502667
vn 0.845745 0.213828 -0.488870
vn 0.936716 0.350019 -0.007114
vn 0.838762 0.209295 -0.502667
vn 0.280995 -0.013313 -0.959617
vn 0.293593 -0.031070 -0.955426
vn 0.845745 0.213828 -0.488870
vn 0.280995 -0.013313 -0.959617
vn -0.350936 -0.176543 -0.919607
vn -0.349015 -0.197310 -0.916110
vn 0.293593 -0.031070 -0.955426
vn -0.350936 -0.176543 -0.919607
vn -0.820416 -0.238518 -0.519641
vn -0.821950 -0.239741 -0.516646
vn -0.349015 -0.197310 -0.916110
vn -0.820416 -0.238518 -0.519641
vn -0.987778 -0.149512 0.044045
vn -0.989495 -0.138677 0.040853
vn -0.821950 -0.239741 -0.516646
vn -0.987778 -0.149512 0.044045
vn -0.820416 0.081292 0.565958
vn -0.821950 0.078642 0.564105
vn -0.989495 -0.138677 0.040853
vn -0.820416 0.081292 0.565958
vn -0.350939 0.350207 0.868445
vn -0.349018 0.330861 0.876765
vn -0.821950 0.078642 0.564105
vn -0.350939 0.350207 0.868445
vn 0.259786 0.505783 0.822614
vn 0.268492 0.488166 0.830425
vn -0.349018 0.330861 0.876765
vn 0.259786 0.505783 0.822614
vn 0.783049 0.473132 0.403709
vn 0.786147 0.472282 0.398651
vn 0.268492 0.488166 0.830425
vn 0.783049 0.473132 0.403709
vn 0.928693 0.327011 -0.174908
vn 0.924292 0.333364 -0.185882
vn 0.786147 0.472282 0.398651
vn 0.864278 0.246316 -0.438579
vn 0.924292 0.333364 -0.185882
vn 0.928693 0.327011 -0.174908
vn 0.875019 0.248624 -0.415364
vn 0.119021 -0.330184 -0.936383
vn 0.333819 -0.255591 -0.907325
vn 0.207664 -0.270149 -0.940157
vn 0.068787 -0.308992 -0.948574
vn 0.068787 -0.308992 -0.948574
vn -0.280335 -0.387825 -0.878068
vn -0.286942 -0.420502 -0.860722
vn 0.119021 -0.330184 -0.936383
vn -0.280335 -0.387825 -0.878068
vn -0.761744 -0.413603 -0.498676
vn -0.772911 -0.424630 -0.471485
vn -0.286942 -0.420502 -0.860722
vn -0.761744 -0.413603 -0.498676
vn -0.951153 -0.296138 0.087241
vn -0.950003 -0.299515 0.088235
vn -0.772911 -0.424630 -0.471485
vn -0.951153 -0.296138 0.087241
vn -0.761745 -0.077194 0.643262
vn -0.772911 -0.101201 0.626392
vn -0.950003 -0.299515 0.088235
vn -0.761745 -0.077194 0.643262
vn -0.280335 0.150149 0.948086
vn -0.286942 0.113287 0.951226
vn -0.772911 -0.101201 0.626392
vn -0.280335 0.150149 0.948086
vn 0.304865 0.299223 0.904170
vn 0.328585 0.270086 0.905033
vn -0.286942 0.113287 0.951226
vn 0.304865 0.299223 0.904170
vn 0.788305 0.317665 0.526939
vn 0.807055 0.301282 0.507830
vn 0.328585 0.270086 0.905033
vn 0.788305 0.317665 0.526939
vn 0.975040 0.220112 0.029098
vn 0.976027 0.216201 0.025070
vn 0.807055 0.301282 0.507830
vn 0.975040 0.220112 0.029098
vn 0.973438 0.163370 -0.160402
vn 0.974166 0.164024 -0.155231
vn 0.976027 0.216201 0.025070
vn 0.767191 -0.039499 -0.640202
vn 0.412642 -0.218917 -0.884196
vn 0.443323 -0.250767 -0.860570
vn 0.786062 -0.054134 -0.615772
vn 0.412642 -0.218917 -0.884196
vn -0.274580 -0.405379 -0.871937
vn -0.278297 -0.449656 -0.848741
vn 0.443323 -0.250767 -0.860570
vn -0.274580 -0.405379 -0.871937
vn -0.754865 -0.432722 -0.492879
vn -0.765051 -0.448441 -0.462166
vn -0.278297 -0.449656 -0.848741
vn -0.754865 -0.432722 -0.492879
vn -0.944072 -0.316300 0.093180
vn -0.942461 -0.320691 0.094474
vn -0.765051 -0.448441 -0.462166
vn -0.944072 -0.316300 0.093180
vn -0.754866 -0.096404 0.648755
vn -0.765051 -0.126262 0.631471
vn -0.942461 -0.320691 0.094474
vn -0.754866 -0.096404 0.648755
vn -0.274581 0.132075 0.952450
vn -0.278298 0.082295 0.956963
vn -0.765051 -0.126262 0.631471
vn -0.274581 0.132075 0.952450
vn 0.309080 0.280757 0.908650
vn 0.336634 0.238942 0.910815
vn -0.278298 0.082295 0.956963
vn 0.309080 0.280757 0.908650
vn 0.792250 0.297707 0.532646
vn 0.812877 0.275698 0.513051
vn 0.336634 0.238942 0.910815
vn 0.792250 0.297707 0.532646
vn 0.978590 0.201365 0.042581
vn 0.979744 0.196599 0.038071
vn 0.812877 0.275698 0.513051
vn 0.978590 0.201365 0.042581
vn 0.888873 0.017586 -0.457816
vn 0.902762 0.007691 -0.430072
vn 0.979744 0.196599 0.038071
vn 0.888873 0.017586 -0.457816
vn 0.339128 -0.267226 -0.901988
vn 0.371656 -0.314553 -0.873458
vn 0.902762 0.007691 -0.430072
vn 0.339128 -0.267226 -0.901988
vn -0.270071 -0.424619 -0.864153
vn -0.270529 -0.480850 -0.834025
vn 0.371656 -0.314553 -0.873458
vn -0.270071 -0.424619 -0.864153
vn -0.749045 -0.452739 -0.483694
vn -0.757887 -0.473050 -0.449255
vn -0.270529 -0.480850 -0.834025
vn -0.749045 -0.452739 -0.483694
vn -0.936046 -0.337535 0.099436
vn -0.933964 -0.342801 0.100987
vn -0.757887 -0.473050 -0.449255
vn -0.936046 -0.337535 0.099436
vn -0.749045 -0.118205 0.651889
vn -0.757889 -0.153940 0.633962
vn -0.933964 -0.342801 0.100987
vn -0.749045 -0.118205 0.651889
vn -0.270072 0.111686 0.956341
vn -0.270531 0.048103 0.961509
vn -0.757889 -0.153940 0.633962
vn -0.270072 0.111686 0.956341
vn 0.315418 0.260834 0.912402
vn 0.346798 0.205362 0.915182
vn -0.270531 0.048103 0.961509
vn 0.315418 0.260834 0.912402
vn 0.829983 0.270090 0.488037
vn 0.849684 0.244803 0.467021
vn 0.346798 0.205362 0.915182
vn 0.829983 0.270090 0.488037
vn 0.980828 0.113986 -0.158064
vn 0.986224 0.115292 -0.118622
vn 0.849684 0.244803 0.467021
vn 0.929476 0.022193 -0.368215
vn 0.986224 0.115292 -0.118622
vn 0.980828 0.113986 -0.158064
vn 0.907581 0.020761 -0.419364
vn 0.078764 -0.230655 -0.969843
vn 0.068787 -0.308992 -0.948574
vn 0.207664 -0.270149 -0.940157
vn 0.276522 -0.169990 -0.945854
vn -0.301614 -0.312297 -0.900833
vn -0.280335 -0.387825 -0.878068
vn 0.068787 -0.308992 -0.948574
vn 0.078764 -0.230655 -0.969843
vn -0.785300 -0.331053 -0.523171
vn -0.761744 -0.413603 -0.498676
vn -0.280335 -0.387825 -0.878068
vn -0.301614 -0.312297 -0.900833
vn -0.975953 -0.209098 0.061599
vn -0.951153 -0.296138 0.087241
vn -0.761744 -0.413603 -0.498676
vn -0.785300 -0.331053 -0.523171
vn -0.785300 0.005451 0.619092
vn -0.761745 -0.077194 0.643262
vn -0.951153 -0.296138 0.087241
vn -0.975953 -0.209098 0.061599
vn -0.301612 0.225957 0.926269
vn -0.280335 0.150149 0.948086
vn -0.761745 -0.077194 0.643262
vn -0.785300 0.005451 0.619092
vn 0.284201 0.375187 0.882306
vn 0.304865 0.299223 0.904170
vn -0.280335 0.150149 0.948086
vn -0.301612 0.225957 0.926269
vn 0.766035 0.400638 0.502672
vn 0.788305 0.317665 0.526939
vn 0.304865 0.299223 0.904170
vn 0.284201 0.375187 0.882306
vn 0.951589 0.307355 0.003405
vn 0.975040 0.220112 0.029098
vn 0.788305 0.317665 0.526939
vn 0.766035 0.400638 0.502672
vn 0.949793 0.251326 -0.186356
vn 0.973438 0.163370 -0.160402
vn 0.975040 0.220112 0.029098
vn 0.951589 0.307355 0.003405
vn 0.383747 -0.112078 -0.916611
vn 0.412642 -0.218917 -0.884196
vn 0.767191 -0.039499 -0.640202
vn 0.742032 0.054180 -0.668172
vn -0.304571 -0.299222 -0.904269
vn -0.274580 -0.405379 -0.871937
vn 0.412642 -0.218917 -0.884196
vn 0.383747 -0.112078 -0.916611
vn -0.788263 -0.316654 -0.527610
vn -0.754865 -0.432722 -0.492879
vn -0.274580 -0.405379 -0.871937
vn -0.304571 -0.299222 -0.904269
vn -0.979377 -0.193808 0.057095
vn -0.944072 -0.316300 0.093180
vn -0.754865 -0.432722 -0.492879
vn -0.788263 -0.316654 -0.527610
vn -0.788263 0.019956 0.615014
vn -0.754866 -0.096404 0.648755
vn -0.944072 -0.316300 0.093180
vn -0.979377 -0.193808 0.057095
vn -0.304572 0.238806 0.922067
vn -0.274581 0.132075 0.952450
vn -0.754866 -0.096404 0.648755
vn -0.788263 0.019956 0.615014
vn 0.280066 0.387737 0.878193
vn 0.309080 0.280757 0.908650
vn -0.274581 0.132075 0.952450
vn -0.304572 0.238806 0.922067
vn 0.761133 0.414650 0.498740
vn 0.792250 0.297707 0.532646
vn 0.309080 0.280757 0.908650
vn 0.280066 0.387737 0.878193
vn 0.945971 0.324187 0.006512
vn 0.978590 0.201365 0.042581
vn 0.792250 0.297707 0.532646
vn 0.761133 0.414650 0.498740
vn 0.852088 0.156899 -0.499329
vn 0.888873 0.017586 -0.457816
vn 0.978590 0.201365 0.042581
vn 0.945971 0.324187 0.006512
vn 0.301116 -0.127221 -0.945063
vn 0.339128 -0.267226 -0.901988
vn 0.888873 0.017586 -0.457816
vn 0.852088 0.156899 -0.499329
vn -0.309607 -0.285199 -0.907086
vn -0.270071 -0.424619 -0.864153
vn 0.339128 -0.267226 -0.901988
vn 0.301116 -0.127221 -0.945063
vn -0.793171 -0.300831 -0.529510
vn -0.749045 -0.452739 -0.483694
vn -0.270071 -0.424619 -0.864153
vn -0.309607 -0.285199 -0.907086
vn -0.982734 -0.177483 0.052285
vn -0.936046 -0.337535 0.099436
vn -0.749045 -0.452739 -0.483694
vn -0.793171 -0.300831 -0.529510
vn -0.793171 0.034283 0.608033
vn -0.749045 -0.118205 0.651889
vn -0.936046 -0.337535 0.099436
vn -0.982734 -0.177483 0.052285
vn -0.309608 0.252117 0.916832
vn -0.270072 0.111686 0.956341
vn -0.749045 -0.118205 0.651889
vn -0.793171 0.034283 0.608033
vn 0.277371 0.401644 0.872782
vn 0.315418 0.260834 0.912402
vn -0.270072 0.111686 0.956341
vn -0.309608 0.252117 0.916832
vn 0.789376 0.424488 0.443503
vn 0.829983 0.270090 0.488037
vn 0.315418 0.260834 0.912402
vn 0.277371 0.401644 0.872782
vn 0.937227 0.278049 -0.210461
vn 0.980828 0.113986 -0.158064
vn 0.829983 0.270090 0.488037
vn 0.789376 0.424488 0.443503
vn 0.864224 0.176513 -0.471127
vn 0.907581 0.020761 -0.419364
vn 0.980828 0.113986 -0.158064
vn 0.937227 0.278049 -0.210461
vn 0.663492 -0.664245 -0.344321
vn 0.663492 -0.664245 -0.344321
vn 0.663492 -0.664245 -0.344321
vn 0.663492 -0.664245 -0.344321
vn 0.698430 0.384788 0.603435
vn 0.698430 0.384788 0.603435
vn 0.698430 0.384788 0.603435
vn 0.698430 0.384788 0.603435
vn -0.663502 0.664239 0.344313
vn -0.663502 0.664239 0.344313
vn -0.663502 0.664239 0.344313
vn -0.663502 0.664239 0.344313
vn 0.268332 0.640884 -0.719212
vn 0.268332 0.640884 -0.719212
vn 0.268332 0.640884 -0.719212
vn 0.268332 0.640884 -0.719212
vn -0.268354 -0.640874 0.719213
vn -0.268354 -0.640874 0.719213
vn -0.268354 -0.640874 0.719213
vn -0.268354 -0.640874 0.719213
vn 0.840735 0.000000 -0.541447
vn 0.211632 0.000000 -0.977349
vn 0.211632 0.000000 -0.977349
vn 0.840735 0.000000 -0.541447
vn 0.211632 0.000000 -0.977349
vn -0.541445 0.000000 -0.840736
vn -0.541445 0.000000 -0.840736
vn 0.211632 0.000000 -0.977349
vn -0.541445 0.000000 -0.840736
vn -0.977349 0.000000 -0.211632
vn -0.977349 0.000000 -0.211632
vn -0.541445 0.000000 -0.840736
vn -0.977349 0.000000 -0.211632
vn -0.840738 0.000000 0.541441
vn -0.840738 0.000000 0.541441
vn -0.977349 0.000000 -0.211632
vn -0.840738 0.000000 0.541441
vn -0.211632 0.000000 0.977349
vn -0.211632 0.000000 0.977349
vn -0.840738 0.000000 0.541441
vn -0.211632 0.000000 0.977349
vn 0.541441 0.000000 0.840738
vn 0.541441 0.000000 0.840738
vn -0.211632 0.000000 0.977349
vn 0.541441 0.000000 0.840738
vn 0.977349 0.000000 0.211632
vn 0.977349 0.000000 0.211632
vn 0.541441 0.000000 0.840738
vn 0.977349 0.000000 0.211632
vn 0.840735 0.000000 -0.541447
vn 0.840735 0.000000 -0.541447
vn 0.977349 0.000000 0.211632
vn -0.840721 0.006232 0.541432
vn -0.246736 0.000507 0.969083
vn -0.246736 0.000507 0.969083
vn -0.840721 0.006232 0.541432
vn -0.712139 0.531528 0.458624
vn -0.240252 0.512785 0.824215
vn -0.369502 0.898244 0.237963
vn -0.849772 0.512784 -0.122229
vn -0.541433 0.006232 -0.840721
vn 0.176253 0.000507 -0.984345
vn 0.176253 0.000507 -0.984345
vn -0.541432 0.006232 -0.840721
vn -0.705754 -0.698789 -0.116642
vn -0.128557 -0.988240 0.082792
vn -0.185761 -0.698791 0.690785
vn -0.587706 -0.715087 0.378488
vn 0.541442 0.006230 0.840715
vn 0.969083 0.000507 0.246735
vn 0.969083 0.000507 0.246735
vn 0.541443 0.006230 0.840715
vn -0.984345 0.000507 -0.176252
vn -0.984345 0.000507 -0.176252
vn -0.840721 0.006232 0.541432
vn -0.840721 0.006232 0.541432
vn -0.541432 0.006232 -0.840721
vn -0.969082 0.000507 -0.246737
vn -0.969082 0.000507 -0.246737
vn -0.541433 0.006232 -0.840721
vn -0.378489 -0.715087 -0.587705
vn 0.116641 -0.698792 -0.705752
vn -0.082792 -0.988240 -0.128557
vn -0.690787 -0.698789 -0.185761
vn 0.984345 0.000507 0.176254
vn 0.984345 0.000507 0.176254
vn 0.840725 0.006230 -0.541426
vn 0.840725 0.006230 -0.541426
vn -0.824216 0.512784 -0.240251
vn -0.237963 0.898244 -0.369502
vn 0.122228 0.512786 -0.849771
vn -0.458626 0.531534 -0.712133
vn -0.984345 0.000507 -0.176252
vn -0.984345 0.000507 -0.176252
vn -0.969082 0.000507 -0.246737
vn -0.969082 0.000507 -0.246737
vn -0.082792 -0.988240 -0.128557
vn -0.128557 -0.988240 0.082792
vn -0.705754 -0.698789 -0.116642
vn -0.690787 -0.698789 -0.185761
vn 0.984345 0.000507 0.176254
vn 0.969083 0.000507 0.246735
vn 0.969083 0.000507 0.246735
vn 0.984345 0.000507 0.176254
vn -0.369502 0.898244 0.237963
vn 0.237963 0.898244 0.369502
vn 0.369502 0.898244 -0.237963
vn -0.237963 0.898244 -0.369502
vn -0.824216 0.512784 -0.240251
vn -0.849772 0.512784 -0.122229
vn -0.369502 0.898244 0.237963
vn -0.237963 0.898244 -0.369502
vn -0.176253 0.000507 0.984345
vn -0.246736 0.000507 0.969083
vn -0.246736 0.000507 0.969083
vn -0.176253 0.000507 0.984345
vn -0.369502 0.898244 0.237963
vn -0.240252 0.512785 0.824215
vn -0.122229 0.512787 0.849771
vn 0.237963 0.898244 0.369502
vn 0.240251 0.512786 -0.824215
vn 0.122228 0.512786 -0.849771
vn -0.237963 0.898244 -0.369502
vn 0.369502 0.898244 -0.237963
vn 0.246736 0.000507 -0.969083
vn 0.176253 0.000507 -0.984345
vn 0.176253 0.000507 -0.984345
vn 0.246736 0.000507 -0.969083
vn -0.082792 -0.988240 -0.128557
vn 0.116641 -0.698792 -0.705752
vn 0.185762 -0.698790 -0.690785
vn 0.128557 -0.988240 -0.082792
vn -0.082792 -0.988240 -0.128557
vn 0.128557 -0.988240 -0.082792
vn 0.082792 -0.988240 0.128557
vn -0.128557 -0.988240 0.082792
vn -0.116640 -0.698790 0.705753
vn -0.185761 -0.698791 0.690785
vn -0.128557 -0.988240 0.082792
vn 0.082792 -0.988240 0.128557
vn -0.176253 0.000507 0.984345
vn -0.176253 0.000507 0.984345
vn 0.541442 0.006230 0.840715
vn 0.541443 0.006230 0.840715
vn 0.824215 0.512786 0.240251
vn 0.237963 0.898244 0.369502
vn -0.122229 0.512787 0.849771
vn 0.458628 0.531543 0.712125
vn 0.237963 0.898244 0.369502
vn 0.824215 0.512786 0.240251
vn 0.849771 0.512785 0.122230
vn 0.369502 0.898244 -0.237963
vn 0.240251 0.512786 -0.824215
vn 0.369502 0.898244 -0.237963
vn 0.849771 0.512785 0.122230
vn 0.712138 0.531541 -0.458610
vn 0.246736 0.000507 -0.969083
vn 0.246736 0.000507 -0.969083
vn 0.840725 0.006230 -0.541426
vn 0.840725 0.006230 -0.541426
vn 0.705754 -0.698789 0.116642
vn 0.128557 -0.988240 -0.082792
vn 0.185762 -0.698790 -0.690785
vn 0.587716 -0.715079 -0.378487
vn 0.705754 -0.698789 0.116642
vn 0.690787 -0.698789 0.185761
vn 0.082792 -0.988240 0.128557
vn 0.128557 -0.988240 -0.082792
vn -0.116640 -0.698790 0.705753
vn 0.082792 -0.988240 0.128557
vn 0.690787 -0.698789 0.185761
vn 0.378499 -0.715079 0.587708
vn 0.840736 0.000000 -0.541445
vn 0.211632 0.000000 -0.977349
vn 0.211632 0.000000 -0.977349
vn 0.840736 0.000000 -0.541445
vn 0.211632 0.000000 -0.977349
vn -0.541444 0.000000 -0.840737
vn -0.541444 0.000000 -0.840737
vn 0.211632 0.000000 -0.977349
vn -0.541444 0.000000 -0.840737
vn -0.977349 0.000000 -0.211632
vn -0.977349 0.000000 -0.211632
vn -0.541444 0.000000 -0.840737
vn -0.977349 0.000000 -0.211632
vn -0.840737 0.000000 0.541443
vn -0.840737 0.000000 0.541443
vn -0.977349 0.000000 -0.211632
vn -0.840737 0.000000 0.541443
vn -0.211632 0.000000 0.977349
vn -0.211632 0.000000 0.977349
vn -0.840737 0.000000 0.541443
vn -0.211632 0.000000 0.977349
vn 0.541442 0.000000 0.840738
vn 0.541442 0.000000 0.840738
vn -0.211632 0.000000 0.977349
vn 0.541442 0.000000 0.840738
vn 0.977349 0.000000 0.211632
vn 0.977349 0.000000 0.211632
vn 0.541442 0.000000 0.840738
vn 0.977349 0.000000 0.211632
vn 0.840736 0.000000 -0.541445
vn 0.840736 0.000000 -0.541445
vn 0.977349 0.000000 0.211632
vn 0.000000 -1.000000 0.000000
vn 0.000000 -1.000000 0.000000
vn 0.000000 -1.000000 0.000000
vn 0.000000 -1.000000 0.000000
vn 0.000000 -1.000000 0.000000
vn 0.000000 -1.000000 0.000000
vn 0.000000 -1.000000 0.000000
vn 0.000000 -1.000000 0.000000
vn 0.000000 -1.000000 0.000000
vn 0.000000 -1.000000 0.000000
vn 0.000000 -1.000000 0.000000
vn 0.000000 -1.000000 0.000000
vn 0.000000 -1.000000 0.000000
vn 0.000000 -1.000000 0.000000
vn 0.000000 -1.000000 0.000000
vn 0.000000 -1.000000 0.000000
vn 0.000000 -1.000000 0.000000
vn 0.000000 -1.000000 0.000000
vn 0.000000 -1.000000 0.000000
vn 0.000000 -1.000000 0.000000
vn 0.000000 -1.000000 0.000000
vn 0.000000 -1.000000 0.000000
vn 0.000000 -1.000000 0.000000
vn 0.000000 -1.000000 0.000000
vn 0.000000 1.000000 0.000000
vn 0.000000 1.000000 0.000000
vn 0.000000 1.000000 0.000000
vn 0.000000 1.000000 0.000000
vn 0.000000 1.000000 0.000000
vn 0.000000 1.000000 0.000000
vn 0.000000 1.000000 0.000000
vn 0.000000 1.000000 0.000000
vn 0.000000 1.000000 0.000000
vn 0.000000 1.000000 0.000000
vn 0.000000 1.000000 0.000000
vn 0.000000 1.000000 0.000000
vn 0.000000 1.000000 0.000000
vn 0.000000 1.000000 0.000000
vn 0.000000 1.000000 0.000000
vn 0.000000 1.000000 0.000000
vn 0.000000 1.000000 0.000000
vn 0.000000 1.000000 0.000000
vn 0.000000 1.000000 0.000000
vn 0.000000 1.000000 0.000000
vn 0.000000 1.000000 0.000000
vn 0.000000 1.000000 0.000000
vn 0.000000 1.000000 0.000000
vn 0.000000 1.000000 0.000000
vn -0.112803 0.000015 0.993617
vn -0.112803 0.000015 0.993617
vn -0.112803 0.000015 0.993617
vn -0.112803 0.000015 0.993617
vn -0.064586 0.820223 0.568386
vn -0.064586 0.820223 0.568386
vn -0.048399 0.903461 0.425930
vn -0.048399 0.903461 0.425930
vn 0.113005 0.000016 -0.993594
vn 0.113005 0.000016 -0.993594
vn 0.113005 0.000016 -0.993594
vn 0.113005 0.000016 -0.993594
vn 0.000000 -1.000000 0.000000
vn 0.000000 -1.000000 0.000000
vn 0.000000 -1.000000 0.000000
vn 0.000000 -1.000000 0.000000
vn 0.993606 0.000000 0.112904
vn 0.993606 0.000000 0.112904
vn 0.993606 0.000000 0.112904
vn 0.993606 0.000000 0.112904
vn -0.993606 0.000000 -0.112904
vn -0.993606 0.000000 -0.112904
vn -0.993606 0.000000 -0.112904
vn -0.993606 0.000000 -0.112904
vn -0.112904 0.000000 0.993606
vn -0.112904 0.000000 0.993606
vn -0.112904 0.000000 0.993606
vn -0.112904 0.000000 0.993606
vn 0.112901 0.000000 -0.993606
vn 0.112901 0.000000 -0.993606
vn 0.112901 0.000000 -0.993606
vn 0.112901 0.000000 -0.993606
vn -0.993606 0.000000 -0.112904
vn -0.993606 0.000000 -0.112904
vn -0.993606 0.000000 -0.112904
vn -0.993606 0.000000 -0.112904
vn -0.113033 0.000059 0.993591
vn -0.113033 0.000059 0.993591
vn -0.113033 0.000059 0.993591
vn -0.113033 0.000059 0.993591
vn 0.993606 0.000000 0.112904
vn 0.993606 0.000000 0.112904
vn 0.993606 0.000000 0.112904
vn 0.112715 0.000087 -0.993627
vn 0.112715 0.000087 -0.993627
vn 0.112715 0.000087 -0.993627
vn 0.112715 0.000087 -0.993627
vn -0.993606 0.000000 -0.112904
vn -0.993606 0.000000 -0.112904
vn -0.993606 0.000000 -0.112904
vn -0.112904 0.000000 0.993606
vn -0.112904 0.000000 0.993606
vn -0.112904 0.000000 0.993606
vn -0.112904 0.000000 0.993606
vn -0.112904 0.000000 0.993606
vn -0.112904 0.000000 0.993606
vn -0.070761 0.779235 0.622725
vn -0.070761 0.779235 0.622725
vn -0.051361 0.890537 0.452002
vn -0.051361 0.890537 0.452002
vn 0.000000 -1.000000 0.000000
vn 0.000000 -1.000000 0.000000
vn 0.000000 -1.000000 0.000000
vn 0.000000 -1.000000 0.000000
vn -0.112904 0.000000 0.993606
vn -0.112904 0.000000 0.993606
vn -0.112904 0.000000 0.993606
vn -0.112904 0.000000 0.993606
vn -0.112904 0.000000 0.993606
vn -0.112904 0.000000 0.993606
vn -0.112904 0.000000 0.993606
vn -0.112904 0.000000 0.993606
vn -0.051361 0.890537 0.452003
vn -0.051361 0.890537 0.452003
vn -0.070761 0.779233 0.622727
vn -0.070761 0.779233 0.622727
vn 0.112904 0.000000 -0.993606
vn 0.112904 0.000000 -0.993606
vn 0.112904 0.000000 -0.993606
vn 0.112904 0.000000 -0.993606
vn 0.112904 0.000000 -0.993606
vn 0.112904 0.000000 -0.993606
vn 0.112904 0.000000 -0.993606
vn 0.112904 0.000000 -0.993606
vn 0.000000 -1.000000 0.000000
vn 0.000000 -1.000000 0.000000
vn 0.000000 -1.000000 0.000000
vn 0.000000 -1.000000 0.000000
vn -0.113037 0.000022 0.993591
vn -0.113037 0.000022 0.993591
vn -0.113037 0.000022 0.993591
vn -0.113037 0.000022 0.993591
vn -0.112903 0.000000 0.993606
vn -0.112903 0.000000 0.993606
vn -0.112903 0.000000 0.993606
vn -0.112903 0.000000 0.993606
vn -0.112724 0.000082 0.993626
vn -0.112724 0.000082 0.993626
vn -0.112724 0.000082 0.993626
vn -0.112724 0.000082 0.993626
vn -0.048399 0.903460 0.425931
vn -0.048399 0.903460 0.425931
vn -0.064586 0.820221 0.568388
vn -0.064586 0.820221 0.568388
vn 0.112904 0.000000 -0.993606
vn 0.112904 0.000000 -0.993606
vn 0.112904 0.000000 -0.993606
vn 0.112904 0.000000 -0.993606
vn 0.112907 0.000000 -0.993606
vn 0.112907 0.000000 -0.993606
vn 0.112907 0.000000 -0.993606
vn 0.112907 0.000000 -0.993606
vn 0.112904 0.000000 -0.993606
vn 0.112904 0.000000 -0.993606
vn 0.112904 0.000000 -0.993606
vn 0.112904 0.000000 -0.993606
vn 0.000000 -1.000000 0.000000
vn 0.000000 -1.000000 0.000000
vn 0.000000 -1.000000 0.000000
vn 0.000000 -1.000000 0.000000
vn -0.112904 0.000000 0.993606
vn -0.112904 0.000000 0.993606
vn -0.112904 0.000000 0.993606
vn -0.112904 0.000000 0.993606
vn -0.050481 0.894478 0.444254
vn -0.050481 0.894478 0.444254
vn -0.065825 0.812458 0.579292
vn -0.065825 0.812458 0.579292
vn 0.112780 0.041502 -0.992753
vn 0.112780 0.041502 -0.992753
vn 0.112780 0.041502 -0.992753
vn 0.112780 0.041502 -0.992753
vn 0.112906 0.000000 -0.993606
vn 0.112906 0.000000 -0.993606
vn 0.112906 0.000000 -0.993606
vn 0.112906 0.000000 -0.993606
vn 0.112891 -0.015453 -0.993487
vn 0.112891 -0.015453 -0.993487
vn 0.112891 -0.015453 -0.993487
vn 0.112891 -0.015453 -0.993487
vn 0.000000 -1.000000 0.000000
vn 0.000000 -1.000000 0.000000
vn 0.000000 -1.000000 0.000000
vn 0.000000 -1.000000 0.000000
vn -0.112904 0.000000 0.993606
vn -0.112904 0.000000 0.993606
vn -0.112904 0.000000 0.993606
vn -0.112904 0.000000 0.993606
vn -0.112904 0.000000 0.993606
vn -0.112904 0.000000 0.993606
vn -0.112904 0.000000 0.993606
vn -0.112904 0.000000 0.993606
vn -0.051363 0.890537 0.452003
vn -0.051363 0.890537 0.452003
vn -0.070763 0.779234 0.622726
vn -0.070763 0.779234 0.622726
vn 0.112904 0.000000 -0.993606
vn 0.112904 0.000000 -0.993606
vn 0.112904 0.000000 -0.993606
vn 0.112904 0.000000 -0.993606
vn 0.112904 0.000000 -0.993606
vn 0.112904 0.000000 -0.993606
vn 0.112904 0.000000 -0.993606
vn 0.112904 0.000000 -0.993606
vn 0.000000 -1.000000 0.000000
vn 0.000000 -1.000000 0.000000
vn 0.000000 -1.000000 0.000000
vn 0.000000 -1.000000 0.000000
vn -0.112904 0.000000 0.993606
vn -0.112904 0.000000 0.993606
vn -0.112904 0.000000 0.993606
vn -0.112904 0.000000 0.993606
vn -0.112904 0.000000 0.993606
vn -0.112904 0.000000 0.993606
vn -0.112904 0.000000 0.993606
vn -0.112904 0.000000 0.993606
vn -0.112904 0.000000 0.993606
vn -0.112904 0.000000 0.993606
vn 0.112904 0.000000 -0.993606
vn 0.112904 0.000000 -0.993606
vn 0.112904 0.000000 -0.993606
vn 0.112904 0.000000 -0.993606
vn 0.112904 0.000000 -0.993606
vn 0.112904 0.000000 -0.993606
vn 0.112904 0.000000 -0.993606
vn 0.112904 0.000000 -0.993606
vn 0.112904 0.000000 -0.993606
vn 0.112904 0.000000 -0.993606
vn 0.112904 0.000000 -0.993606
vn 0.112904 0.000000 -0.993606
vn -0.112904 0.000000 0.993606
vn -0.112904 0.000000 0.993606
vn -0.112904 0.000000 0.993606
vn -0.112904 0.000000 0.993606
vn -0.050481 0.894478 0.444252
vn -0.050481 0.894478 0.444252
vn -0.065825 0.812459 0.579291
vn -0.065825 0.812459 0.579291
vn 0.112834 0.041502 -0.992747
vn 0.112834 0.041502 -0.992747
vn 0.112834 0.041502 -0.992747
vn 0.112834 0.041502 -0.992747
vn 0.112902 0.000000 -0.993606
vn 0.112902 0.000000 -0.993606
vn 0.112902 0.000000 -0.993606
vn 0.112902 0.000000 -0.993606
vn 0.112891 -0.015453 -0.993487
vn 0.112891 -0.015453 -0.993487
vn 0.112891 -0.015453 -0.993487
vn 0.112891 -0.015453 -0.993487
vn 0.000000 -1.000000 0.000000
vn 0.000000 -1.000000 0.000000
vn 0.000000 -1.000000 0.000000
vn 0.000000 -1.000000 0.000000
vn -0.993606 0.000000 -0.112904
vn -0.993606 0.000000 -0.112904
vn -0.993606 0.000000 -0.112904
vn -0.993606 0.000000 -0.112904
vn 0.993606 0.000000 0.112904
vn 0.993606 0.000000 0.112904
vn 0.993606 0.000000 0.112904
vn 0.993606 0.000000 0.112904
vn -0.993606 0.000000 -0.112904
vn -0.993606 0.000000 -0.112904
vn -0.993606 0.000000 -0.112904
vn -0.993606 0.000000 -0.112904
vn -0.993606 0.000000 -0.112904
vn -0.993606 0.000000 -0.112904
vn -0.993606 0.000000 -0.112904
vn -0.993606 0.000000 -0.112904
vn 0.993606 0.000000 0.112904
vn 0.993606 0.000000 0.112904
vn 0.993606 0.000000 0.112904
vn 0.993606 0.000000 0.112904
vn -0.993606 0.000000 -0.112904
vn -0.993606 0.000000 -0.112904
vn -0.993606 0.000000 -0.112904
vn -0.993606 0.000000 -0.112904
vn 0.993606 0.000001 0.112904
vn 0.993606 0.000001 0.112904
vn 0.993606 0.000001 0.112904
vn 0.993606 0.000001 0.112904
vn 0.993606 0.000000 0.112904
vn 0.993606 0.000000 0.112904
vn 0.993606 0.000000 0.112904
vn 0.993606 0.000000 0.112904
vn -0.993606 0.000000 -0.112904
vn -0.993606 0.000000 -0.112904
vn -0.993606 0.000000 -0.112904
vn -0.993606 0.000000 -0.112904
vn -0.993606 0.000000 -0.112904
vn -0.993606 0.000000 -0.112904
vn -0.993606 0.000000 -0.112904
vn -0.993606 0.000000 -0.112904
vn 0.993606 0.000000 0.112904
vn 0.993606 0.000000 0.112904
vn 0.993606 0.000000 0.112904
vn 0.993606 0.000000 0.112904
vn -0.993606 0.000000 -0.112904
vn -0.993606 0.000000 -0.112904
vn -0.993606 0.000000 -0.112904
vn -0.993606 0.000000 -0.112904
vn 0.993606 0.000000 0.112904
vn 0.993606 0.000000 0.112904
vn 0.993606 0.000000 0.112904
vn 0.993606 0.000000 0.112904
vn -0.993606 0.000000 -0.112904
vn -0.993606 0.000000 -0.112904
vn -0.993606 0.000000 -0.112904
vn -0.993606 0.000000 -0.112904
vn 0.993606 0.000000 0.112904
vn 0.993606 0.000000 0.112904
vn 0.993606 0.000000 0.112904
vn 0.993606 0.000000 0.112904
vn -0.993606 0.000000 -0.112904
vn -0.993606 0.000000 -0.112904
vn -0.993606 0.000000 -0.112904
vn -0.993606 0.000000 -0.112904
vn -0.993606 -0.000001 -0.112904
vn -0.993606 -0.000001 -0.112904
vn -0.993606 -0.000001 -0.112904
vn -0.993606 -0.000001 -0.112904
vn 0.993606 0.000000 0.112904
vn 0.993606 0.000000 0.112904
vn 0.993606 0.000000 0.112904
vn 0.993606 0.000000 0.112904
vn -0.993606 0.000000 -0.112904
vn -0.993606 0.000000 -0.112904
vn -0.993606 0.000000 -0.112904
vn -0.993606 0.000000 -0.112904
vn 0.993606 -0.000001 0.112904
vn 0.993606 -0.000001 0.112904
vn 0.993606 -0.000001 0.112904
vn 0.993606 -0.000001 0.112904
vn 0.993606 0.000001 0.112904
vn 0.993606 0.000001 0.112904
vn 0.993606 0.000001 0.112904
vn 0.993606 0.000001 0.112904
vn -0.993606 -0.000001 -0.112904
vn -0.993606 -0.000001 -0.112904
vn -0.993606 -0.000001 -0.112904
vn -0.993606 -0.000001 -0.112904
vn -0.993606 0.000000 -0.112904
vn -0.993606 0.000000 -0.112904
vn -0.993606 0.000000 -0.112904
vn -0.993606 0.000000 -0.112904
vn 0.993606 0.000000 0.112904
vn 0.993606 0.000000 0.112904
vn 0.993606 0.000000 0.112904
vn 0.993606 0.000000 0.112904
vn -0.993606 0.000000 -0.112904
vn -0.993606 0.000000 -0.112904
vn -0.993606 0.000000 -0.112904
vn -0.993606 0.000000 -0.112904
vn 0.993606 0.000000 0.112904
vn 0.993606 0.000000 0.112904
vn 0.993606 0.000000 0.112904
vn 0.993606 0.000000 0.112904
vn 0.993606 0.000000 0.112904
vn 0.993606 0.000000 0.112904
vn 0.993606 0.000000 0.112904
vn 0.993606 0.000000 0.112904
vn -0.993606 0.000000 -0.112904
vn -0.993606 0.000000 -0.112904
vn -0.993606 0.000000 -0.112904
vn -0.993606 0.000000 -0.112904
vn 0.993606 -0.000005 0.112904
vn 0.993606 -0.000005 0.112904
vn 0.993606 -0.000005 0.112904
vn 0.993606 -0.000005 0.112904
vn -0.993606 0.000000 -0.112904
vn -0.993606 0.000000 -0.112904
vn -0.993606 0.000000 -0.112904
vn -0.993606 0.000000 -0.112904
vn 0.993606 0.000000 0.112904
vn 0.993606 0.000000 0.112904
vn 0.993606 0.000000 0.112904
vn 0.993606 0.000000 0.112904
vn -0.993606 0.000000 -0.112904
vn -0.993606 0.000000 -0.112904
vn -0.993606 0.000000 -0.112904
vn -0.993606 0.000000 -0.112904
vn 0.993606 0.000000 0.112904
vn 0.993606 0.000000 0.112904
vn 0.993606 0.000000 0.112904
vn 0.993606 0.000000 0.112904
vn -0.993606 0.000000 -0.112904
vn -0.993606 0.000000 -0.112904
vn -0.993606 0.000000 -0.112904
vn -0.993606 0.000000 -0.112904
vn 0.993606 0.000000 0.112904
vn 0.993606 0.000000 0.112904
vn 0.993606 0.000000 0.112904
vn 0.993606 0.000000 0.112904
vn -0.993606 0.000000 -0.112904
vn -0.993606 0.000000 -0.112904
vn -0.993606 0.000000 -0.112904
vn -0.993606 0.000000 -0.112904
vn 0.993606 0.000000 0.112904
vn 0.993606 0.000000 0.112904
vn 0.993606 0.000000 0.112904
vn 0.993606 0.000000 0.112904
vn -0.993606 0.000000 -0.112904
vn -0.993606 0.000000 -0.112904
vn -0.993606 0.000000 -0.112904
vn -0.993606 0.000000 -0.112904
vn -0.993606 0.000000 -0.112904
vn -0.993606 0.000000 -0.112904
vn -0.993606 0.000000 -0.112904
vn -0.993606 0.000000 -0.112904
vn 0.993606 0.000000 0.112904
vn 0.993606 0.000000 0.112904
vn 0.993606 0.000000 0.112904
vn 0.993606 0.000000 0.112904
vn -0.993606 0.000000 -0.112904
vn -0.993606 0.000000 -0.112904
vn -0.993606 0.000000 -0.112904
vn -0.993606 0.000000 -0.112904
vn 0.993606 0.000000 0.112904
vn 0.993606 0.000000 0.112904
vn 0.993606 0.000000 0.112904
vn 0.993606 0.000000 0.112904
vn -0.993606 0.000000 -0.112904
vn -0.993606 0.000000 -0.112904
vn -0.993606 0.000000 -0.112904
vn -0.993606 0.000000 -0.112904
vn 0.993606 0.000000 0.112904
vn 0.993606 0.000000 0.112904
vn 0.993606 0.000000 0.112904
vn 0.993606 0.000000 0.112904
vn -0.993606 0.000000 -0.112904
vn -0.993606 0.000000 -0.112904
vn -0.993606 0.000000 -0.112904
vn -0.993606 0.000000 -0.112904
vn 0.993606 0.000000 0.112904
vn 0.993606 0.000000 0.112904
vn 0.993606 0.000000 0.112904
vn 0.993606 0.000000 0.112904
vn -0.993606 0.000000 -0.112904
vn -0.993606 0.000000 -0.112904
vn -0.993606 0.000000 -0.112904
vn -0.993606 0.000000 -0.112904
vn 0.993606 0.000000 0.112904
vn 0.993606 0.000000 0.112904
vn 0.993606 0.000000 0.112904
vn 0.993606 0.000000 0.112904
vn -0.993606 0.000000 -0.112904
vn -0.993606 0.000000 -0.112904
vn -0.993606 0.000000 -0.112904
vn -0.993606 0.000000 -0.112904
vn 0.993606 -0.000001 0.112904
vn 0.993606 -0.000001 0.112904
vn 0.993606 -0.000001 0.112904
vn 0.993606 -0.000001 0.112904
vn -0.000366 -0.999988 0.004911
vn -0.000366 -0.999988 0.004911
vn -0.000366 -0.999988 0.004911
vn -0.000366 -0.999988 0.004911
vn 0.000611 0.999966 -0.008206
vn 0.000611 0.999966 -0.008206
vn 0.000611 0.999966 -0.008206
vn 0.000611 0.999966 -0.008206
vn 0.000308 -1.000000 -0.000877
vn 0.000825 -0.999986 -0.005259
vn 0.000825 -0.999986 -0.005259
vn 0.000005 -0.999999 0.001689
vn -0.001391 0.999959 0.008920
vn -0.000519 0.999999 0.001526
vn -0.000011 0.999996 -0.002780
vn -0.001391 0.999959 0.008920
vn 0.003162 -0.999995 -0.000110
vn 0.003162 -0.999995 -0.000110
vn 0.003162 -0.999995 -0.000110
vn 0.003162 -0.999995 -0.000110
vn 0.000402 -0.999998 -0.002035
vn 0.000402 -0.999998 -0.002035
vn 0.000402 -0.999998 -0.002035
vn 0.000402 -0.999998 -0.002035
vn -0.000664 0.999994 0.003333
vn -0.000664 0.999994 0.003333
vn -0.000664 0.999994 0.003333
vn -0.000664 0.999994 0.003333
vn 0.000001 0.999996 -0.002888
vn 0.000001 0.999996 -0.002888
vn -0.000011 0.999996 -0.002780
vn -0.000519 0.999999 0.001526
vn -0.005249 0.999986 0.000181
vn -0.005249 0.999986 0.000181
vn -0.005249 0.999986 0.000181
vn -0.005249 0.999986 0.000181
vn 0.003056 -0.999995 0.000816
vn 0.003056 -0.999995 0.000816
vn 0.003056 -0.999995 0.000816
vn 0.003056 -0.999995 0.000816
vn -0.000748 -0.999988 0.004894
vn -0.000748 -0.999988 0.004894
vn -0.000748 -0.999988 0.004894
vn -0.000748 -0.999988 0.004894
vn 0.001254 0.999965 -0.008218
vn 0.001254 0.999965 -0.008218
vn 0.001254 0.999965 -0.008218
vn 0.001254 0.999965 -0.008218
vn 0.000876 -0.999960 -0.008921
vn -0.000032 -0.999998 -0.001769
vn -0.000564 -0.999997 0.002412
vn 0.000876 -0.999960 -0.008921
vn 0.000161 0.999999 0.001638
vn -0.000669 0.999958 0.009167
vn -0.000669 0.999958 0.009167
vn 0.000647 0.999996 -0.002763
vn 0.000065 -0.999998 -0.002075
vn 0.000065 -0.999998 -0.002075
vn 0.000065 -0.999998 -0.002075
vn 0.000065 -0.999998 -0.002075
vn -0.000577 -0.999997 0.002517
vn -0.000577 -0.999997 0.002517
vn -0.000564 -0.999997 0.002412
vn -0.000032 -0.999998 -0.001769
vn -0.003056 -0.999995 -0.000816
vn -0.003056 -0.999995 -0.000816
vn -0.003056 -0.999995 -0.000816
vn -0.003056 -0.999995 -0.000816
vn 0.005249 0.999986 -0.000182
vn 0.005249 0.999986 -0.000182
vn 0.005249 0.999986 -0.000182
vn 0.005249 0.999986 -0.000182
vn 0.000161 -1.000000 0.000569
vn 0.000161 -1.000000 0.000569
vn 0.000161 -1.000000 0.000569
vn 0.000161 -1.000000 0.000569
vn 0.000205 0.999998 -0.001808
vn 0.000205 0.999998 -0.001808
vn 0.000205 0.999998 -0.001808
vn 0.000205 0.999998 -0.001808
vn -0.000283 -1.000000 0.000504
vn -0.000283 -1.000000 0.000504
vn -0.000283 -1.000000 0.000504
vn -0.000283 -1.000000 0.000504
vn 0.000000 -1.000000 0.000000
vn 0.000000 -1.000000 0.000000
vn 0.000000 -1.000000 0.000000
vn 0.000000 -1.000000 0.000000
vn 0.000246 -0.999998 -0.002161
vn 0.000246 -0.999998 -0.002161
vn 0.000246 -0.999998 -0.002161
vn 0.000246 -0.999998 -0.002161
vn -0.000408 0.999994 0.003587
vn -0.000408 0.999994 0.003587
vn -0.000408 0.999994 0.003587
vn -0.000408 0.999994 0.003587
vn -0.993606 0.000000 -0.112904
vn -0.993606 0.000000 -0.112904
vn -0.993606 0.000000 -0.112904
vn -0.993606 0.000000 -0.112904
vn -0.993606 -0.000002 -0.112904
vn -0.993606 -0.000002 -0.112904
vn -0.993606 -0.000002 -0.112904
vn -0.993606 -0.000002 -0.112904
vn 0.000000 -1.000000 0.000000
vn 0.000000 -1.000000 0.000000
vn 0.000000 -1.000000 0.000000
vn 0.000000 -1.000000 0.000000
vn 0.993606 0.000000 0.112904
vn 0.993606 0.000000 0.112904
vn 0.993606 0.000000 0.112904
vn 0.993606 0.000000 0.112904
vn 0.000000 -1.000000 0.000000
vn 0.000000 -1.000000 0.000000
vn 0.000000 -1.000000 0.000000
vn 0.000000 -1.000000 0.000000
vn -0.993606 0.000000 -0.112904
vn -0.993606 0.000000 -0.112904
vn -0.993606 0.000000 -0.112904
vn -0.993606 0.000000 -0.112904
vn 0.000000 -1.000000 0.000000
vn 0.000000 -1.000000 0.000000
vn 0.000000 -1.000000 0.000000
vn 0.000000 -1.000000 0.000000
vn 0.993606 -0.000008 0.112904
vn 0.993606 -0.000008 0.112904
vn 0.993606 -0.000008 0.112904
vn 0.993606 -0.000008 0.112904
vn 0.000000 -1.000000 0.000000
vn 0.000000 -1.000000 0.000000
vn 0.000000 -1.000000 0.000000
vn 0.000000 -1.000000 0.000000
vn -0.993606 0.000000 -0.112904
vn -0.993606 0.000000 -0.112904
vn -0.993606 0.000000 -0.112904
vn -0.993606 0.000000 -0.112904
vn 0.000000 -1.000000 0.000000
vn 0.000000 -1.000000 0.000000
vn 0.000000 -1.000000 0.000000
vn 0.000000 -1.000000 0.000000
vn 0.993606 0.000000 0.112904
vn 0.993606 0.000000 0.112904
vn 0.993606 0.000000 0.112904
vn 0.993606 0.000000 0.112904
vn 0.000000 -1.000000 0.000000
vn 0.000000 -1.000000 0.000000
vn 0.000000 -1.000000 0.000000
vn 0.000000 -1.000000 0.000000
vn -0.993606 0.000000 -0.112904
vn -0.993606 0.000000 -0.112904
vn -0.993606 0.000000 -0.112904
vn -0.993606 0.000000 -0.112904
vn 0.000000 -1.000000 0.000000
vn 0.000000 -1.000000 0.000000
vn 0.000000 -1.000000 0.000000
vn 0.000000 -1.000000 0.000000
vn 0.993606 0.000000 0.112904
vn 0.993606 0.000000 0.112904
vn 0.993606 0.000000 0.112904
vn 0.993606 0.000000 0.112904
vn 0.993606 0.000000 0.112904
vn 0.993606 0.000000 0.112904
vn 0.993606 0.000000 0.112904
vn 0.993606 0.000000 0.112904
vn -0.003135 -0.999995 0.000113
vn -0.003135 -0.999995 0.000113
vn -0.003135 -0.999995 0.000113
vn -0.003135 -0.999995 0.000113
vn 0.993606 0.000000 0.112904
vn 0.993606 0.000000 0.112904
vn 0.993606 0.000000 0.112904
vn 0.993606 0.000000 0.112904
vn 0.993606 0.000000 0.112904
vn 0.993606 0.000000 0.112904
vn 0.993606 0.000000 0.112904
vn 0.993606 0.000002 0.112904
vn 0.993606 0.000002 0.112904
vn 0.993606 0.000002 0.112904
vn 0.993606 0.000002 0.112904
vn 0.064615 0.820044 -0.568642
vn 0.048399 0.903460 -0.425932
vn 0.048399 0.903460 -0.425932
vn 0.064615 0.820044 -0.568642
vn -0.993606 0.000000 -0.112904
vn -0.993606 0.000000 -0.112904
vn -0.993606 0.000000 -0.112904
vn -0.993606 0.000000 -0.112904
vn 0.070761 0.779232 -0.622728
vn 0.051361 0.890537 -0.452003
vn 0.051361 0.890537 -0.452003
vn 0.070761 0.779232 -0.622728
vn 0.993606 -0.000004 0.112904
vn 0.993606 -0.000004 0.112904
vn 0.993606 -0.000004 0.112904
vn 0.993606 -0.000004 0.112904
vn 0.071006 0.777482 -0.624884
vn 0.053189 0.882080 -0.468086
vn 0.053189 0.882080 -0.468086
vn 0.071006 0.777482 -0.624884
vn -0.993606 0.000001 -0.112904
vn -0.993606 0.000001 -0.112904
vn -0.993606 0.000001 -0.112904
vn -0.993606 0.000001 -0.112904
vn 0.070761 0.779234 -0.622726
vn 0.070761 0.779234 -0.622726
vn 0.051361 0.890537 -0.452002
vn 0.051361 0.890537 -0.452002
vn 0.993606 0.000000 0.112904
vn 0.993606 0.000000 0.112904
vn 0.993606 0.000000 0.112904
vn 0.993606 0.000000 0.112904
vn 0.071006 0.777482 -0.624884
vn 0.053189 0.882080 -0.468087
vn 0.053189 0.882080 -0.468087
vn 0.071006 0.777482 -0.624884
vn -0.993606 0.000003 -0.112904
vn -0.993606 0.000003 -0.112904
vn -0.993606 0.000003 -0.112904
vn -0.993606 0.000003 -0.112904
vn 0.070761 0.779232 -0.622728
vn 0.051361 0.890537 -0.452003
vn 0.051361 0.890537 -0.452003
vn 0.070761 0.779232 -0.622728
vn 0.993606 0.000000 0.112904
vn 0.993606 0.000000 0.112904
vn 0.993606 0.000000 0.112904
vn 0.993606 0.000000 0.112904
vn 0.048399 0.903460 -0.425931
vn 0.048399 0.903460 -0.425931
vn 0.064615 0.820044 -0.568641
vn 0.064615 0.820044 -0.568641
vn -0.993606 0.000001 -0.112904
vn -0.993606 0.000001 -0.112904
vn -0.993606 0.000001 -0.112904
vn -0.993606 0.000001 -0.112904
vn -0.993606 0.000000 -0.112904
vn -0.993606 0.000000 -0.112904
vn -0.993606 0.000000 -0.112904
vn -0.993606 0.000000 -0.112904
vn -0.993606 0.000000 -0.112904
vn -0.993606 0.000000 -0.112904
vn -0.993606 0.000000 -0.112904
vn 0.000000 1.000000 0.000000
vn 0.000000 1.000000 0.000000
vn 0.048399 0.903460 -0.425931
vn 0.048399 0.903460 -0.425931
vn 0.993606 0.000000 0.112904
vn 0.993606 0.000000 0.112904
vn 0.993606 0.000000 0.112904
vn 0.993606 0.000000 0.112904
vn 0.051361 0.890537 -0.452003
vn 0.051361 0.890537 -0.452003
vn -0.000000 1.000000 0.000001
vn -0.000000 1.000000 0.000001
vn -0.993606 0.000000 -0.112904
vn -0.993606 0.000000 -0.112904
vn -0.993606 0.000000 -0.112904
vn -0.993606 0.000000 -0.112904
vn 0.053189 0.882080 -0.468087
vn 0.053189 0.882080 -0.468087
vn 0.000000 1.000000 0.000000
vn 0.000000 1.000000 0.000000
vn 0.993606 0.000000 0.112904
vn 0.993606 0.000000 0.112904
vn 0.993606 0.000000 0.112904
vn 0.993606 0.000000 0.112904
vn -0.000000 1.000000 0.000001
vn 0.051361 0.890537 -0.452002
vn 0.051361 0.890537 -0.452002
vn -0.000000 1.000000 0.000001
vn -0.993606 0.000000 -0.112904
vn -0.993606 0.000000 -0.112904
vn -0.993606 0.000000 -0.112904
vn -0.993606 0.000000 -0.112904
vn 0.053189 0.882080 -0.468086
vn 0.053189 0.882080 -0.468086
vn 0.000000 1.000000 0.000000
vn 0.000000 1.000000 0.000000
vn 0.993606 0.000000 0.112904
vn 0.993606 0.000000 0.112904
vn 0.993606 0.000000 0.112904
vn 0.993606 0.000000 0.112904
vn 0.051361 0.890537 -0.452003
vn 0.051361 0.890537 -0.452003
vn -0.000000 1.000000 0.000001
vn -0.000000 1.000000 0.000001
vn -0.993606 0.000000 -0.112904
vn -0.993606 0.000000 -0.112904
vn -0.993606 0.000000 -0.112904
vn -0.993606 0.000000 -0.112904
vn 0.048399 0.903460 -0.425932
vn 0.048399 0.903460 -0.425932
vn 0.000000 1.000000 0.000000
vn 0.000000 1.000000 0.000000
vn 0.993606 -0.000002 0.112904
vn 0.993606 -0.000002 0.112904
vn 0.993606 -0.000002 0.112904
vn 0.993606 -0.000002 0.112904
vn 0.993606 0.000000 0.112904
vn 0.993606 0.000000 0.112904
vn 0.993606 0.000000 0.112904
vn 0.993606 0.000000 0.112904
vn 0.000000 1.000000 0.000000
vn 0.000000 1.000000 0.000000
vn -0.048399 0.903460 0.425931
vn -0.048399 0.903460 0.425931
vn -0.993606 0.000000 -0.112904
vn -0.993606 0.000000 -0.112904
vn -0.993606 0.000000 -0.112904
vn -0.993606 0.000000 -0.112904
vn -0.000000 1.000000 0.000001
vn -0.000000 1.000000 0.000001
vn -0.051363 0.890537 0.452003
vn -0.051363 0.890537 0.452003
vn 0.993606 0.000000 0.112904
vn 0.993606 0.000000 0.112904
vn 0.993606 0.000000 0.112904
vn 0.993606 0.000000 0.112904
vn 0.000000 1.000000 0.000000
vn 0.000000 1.000000 0.000000
vn -0.050481 0.894478 0.444252
vn -0.050481 0.894478 0.444252
vn -0.993606 0.000000 -0.112904
vn -0.993606 0.000000 -0.112904
vn -0.993606 0.000000 -0.112904
vn -0.993606 0.000000 -0.112904
vn -0.000000 1.000000 0.000001
vn -0.000000 1.000000 0.000001
vn -0.051361 0.890537 0.452002
vn -0.051361 0.890537 0.452002
vn 0.993606 0.000000 0.112904
vn 0.993606 0.000000 0.112904
vn 0.993606 0.000000 0.112904
vn 0.993606 0.000000 0.112904
vn 0.000000 1.000000 0.000000
vn 0.000000 1.000000 0.000000
vn -0.050481 0.894478 0.444254
vn -0.050481 0.894478 0.444254
vn -0.993606 0.000000 -0.112904
vn -0.993606 0.000000 -0.112904
vn -0.993606 0.000000 -0.112904
vn -0.993606 0.000000 -0.112904
vn -0.000000 1.000000 0.000001
vn -0.000000 1.000000 0.000001
vn -0.051361 0.890537 0.452003
vn -0.051361 0.890537 0.452003
vn 0.993606 0.000000 0.112904
vn 0.993606 0.000000 0.112904
vn 0.993606 0.000000 0.112904
vn 0.993606 0.000000 0.112904
vn -0.048399 0.903461 0.425930
vn -0.048399 0.903461 0.425930
vn 0.000000 1.000000 0.000000
vn 0.000000 1.000000 0.000000
vn -0.993606 0.000000 -0.112904
vn -0.993606 0.000000 -0.112904
vn -0.993606 0.000000 -0.112904
vn -0.993606 0.000000 -0.112904
vn 0.000000 1.000000 0.000000
vn 0.000000 1.000000 0.000000
vn 0.000000 1.000000 0.000000
vn 0.000000 1.000000 0.000000
vn 0.112904 0.000000 -0.993606
vn 0.112904 0.000000 -0.993606
vn 0.112904 0.000000 -0.993606
vn 0.112904 0.000000 -0.993606
vn -0.112904 0.000000 0.993606
vn -0.112904 0.000000 0.993606
vn -0.112904 0.000000 0.993606
vn -0.112904 0.000000 0.993606
vn -0.000353 -1.000000 -0.000086
vn -0.000353 -1.000000 -0.000086
vn -0.000353 -1.000000 -0.000086
vn -0.000353 -1.000000 -0.000086
vn 0.000000 1.000000 0.000000
vn 0.000000 1.000000 0.000000
vn 0.000000 1.000000 0.000000
vn 0.000000 1.000000 0.000000
vn -0.000363 -1.000000 0.000005
vn -0.000363 -1.000000 0.000005
vn -0.000363 -1.000000 0.000005
vn -0.000363 -1.000000 0.000005
vn 0.112904 0.000000 -0.993606
vn 0.112904 0.000000 -0.993606
vn 0.112904 0.000000 -0.993606
vn 0.112904 0.000000 -0.993606
vn 0.000353 -1.000000 0.000086
vn 0.000353 -1.000000 0.000086
vn 0.000353 -1.000000 0.000086
vn 0.000353 -1.000000 0.000086
vn 0.000000 1.000000 0.000000
vn 0.000000 1.000000 0.000000
vn 0.000000 1.000000 0.000000
vn 0.000000 1.000000 0.000000
vn -0.112904 0.000000 0.993606
vn -0.112904 0.000000 0.993606
vn -0.112904 0.000000 0.993606
vn -0.112904 0.000000 0.993606
vn 0.000363 -1.000000 -0.000005
vn 0.000363 -1.000000 -0.000005
vn 0.000363 -1.000000 -0.000005
vn 0.000363 -1.000000 -0.000005
vn 0.000000 1.000000 0.000000
vn 0.000000 1.000000 0.000000
vn 0.000000 1.000000 0.000000
vn 0.000000 1.000000 0.000000
vn 0.000599 1.000000 -0.000005
vn 0.000599 1.000000 -0.000005
vn 0.000599 1.000000 -0.000005
vn 0.000599 1.000000 -0.000005
vn 0.072960 -0.763161 -0.642076
vn 0.072960 -0.763161 -0.642076
vn 0.072960 -0.763161 -0.642076
vn 0.072960 -0.763161 -0.642076
vn 0.112904 0.000000 -0.993606
vn 0.112904 0.000000 -0.993606
vn 0.112904 0.000000 -0.993606
vn 0.112904 0.000000 -0.993606
vn -0.112904 0.000000 0.993606
vn -0.112904 0.000000 0.993606
vn -0.112904 0.000000 0.993606
vn -0.112904 0.000000 0.993606
vn -0.072960 -0.763161 0.642076
vn -0.072960 -0.763161 0.642076
vn -0.072960 -0.763161 0.642076
vn -0.072960 -0.763161 0.642076
vn 0.000583 1.000000 0.000142
vn 0.000583 1.000000 0.000142
vn 0.000583 1.000000 0.000142
vn 0.000583 1.000000 0.000142
vn -0.025185 -0.974803 0.221643
vn -0.025185 -0.974803 0.221643
vn -0.025185 -0.974803 0.221643
vn -0.025185 -0.974803 0.221643
vn 0.025185 -0.974803 -0.221642
vn 0.025185 -0.974803 -0.221642
vn 0.025185 -0.974803 -0.221642
vn 0.025185 -0.974803 -0.221642
vn 0.112904 0.000000 -0.993606
vn 0.112904 0.000000 -0.993606
vn 0.112904 0.000000 -0.993606
vn 0.112904 0.000000 -0.993606
vn 0.072959 -0.763165 -0.642072
vn 0.072959 -0.763165 -0.642072
vn 0.072959 -0.763165 -0.642072
vn 0.072959 -0.763165 -0.642072
vn -0.000600 1.000000 0.000007
vn -0.000600 1.000000 0.000007
vn -0.000600 1.000000 0.000007
vn -0.000600 1.000000 0.000007
vn -0.072960 -0.763161 0.642076
vn -0.072960 -0.763161 0.642076
vn -0.072960 -0.763161 0.642076
vn -0.072960 -0.763161 0.642076
vn -0.112904 0.000000 0.993606
vn -0.112904 0.000000 0.993606
vn -0.112904 0.000000 0.993606
vn -0.112904 0.000000 0.993606
vn -0.025185 -0.974803 0.221643
vn -0.025185 -0.974803 0.221643
vn -0.025185 -0.974803 0.221643
vn -0.025185 -0.974803 0.221643
vn -0.000583 1.000000 -0.000142
vn -0.000583 1.000000 -0.000142
vn -0.000583 1.000000 -0.000142
vn -0.000583 1.000000 -0.000142
vn 0.025186 -0.974801 -0.221649
vn 0.025186 -0.974801 -0.221649
vn 0.025186 -0.974801 -0.221649
vn 0.025186 -0.974801 -0.221649
vn 0.112853 -0.030109 -0.993155
vn 0.112853 -0.030109 -0.993155
vn 0.112853 -0.030109 -0.993155
vn 0.112853 -0.030109 -0.993155
vn 0.991846 -0.059498 0.112704
vn 0.991846 -0.059498 0.112704
vn 0.991846 -0.059498 0.112704
vn 0.991846 -0.059498 0.112704
vn -0.112853 -0.030109 0.993155
vn -0.112853 -0.030109 0.993155
vn -0.112853 -0.030109 0.993155
vn -0.112853 -0.030109 0.993155
vn -0.991845 -0.059504 -0.112704
vn -0.991845 -0.059504 -0.112704
vn -0.991845 -0.059504 -0.112704
vn -0.991845 -0.059504 -0.112704
vn -0.993606 0.000000 -0.112904
vn -0.993606 0.000000 -0.112904
vn -0.993606 0.000000 -0.112904
vn -0.993606 0.000000 -0.112904
vn -0.993606 0.000000 -0.112904
vn -0.993606 0.000000 -0.112904
vn -0.993606 0.000000 -0.112904
vn -0.993606 0.000000 -0.112904
vn 0.993606 0.000000 0.112904
vn 0.993606 0.000000 0.112904
vn 0.993606 0.000000 0.112904
vn 0.993606 0.000000 0.112904
vn 0.993606 0.000000 0.112904
vn 0.993606 0.000000 0.112904
vn 0.993606 0.000000 0.112904
vn 0.993606 0.000000 0.112904
vn -0.112904 0.000000 0.993606
vn -0.112904 0.000000 0.993606
vn -0.112904 0.000000 0.993606
vn -0.112904 0.000000 0.993606
vn 0.005075 0.999986 0.001354
vn 0.005075 0.999986 0.001354
vn 0.005075 0.999986 0.001354
vn 0.005075 0.999986 0.001354
vn 0.993606 0.000000 0.112904
vn 0.993606 0.000000 0.112904
vn 0.993606 0.000000 0.112904
vn 0.993606 0.000000 0.112904
vn -0.005047 0.999986 -0.001351
vn -0.005047 0.999986 -0.001351
vn -0.005047 0.999986 -0.001351
vn -0.005047 0.999986 -0.001351
vn -0.993606 0.000000 -0.112904
vn -0.993606 0.000000 -0.112904
vn -0.993606 0.000000 -0.112904
vn -0.993606 0.000000 -0.112904
vn -0.000102 0.999994 0.003415
vn -0.000102 0.999994 0.003415
vn -0.000102 0.999994 0.003415
vn -0.000102 0.999994 0.003415
vn 0.993606 0.000000 0.112904
vn 0.993606 0.000000 0.112904
vn 0.993606 0.000000 0.112904
vn 0.993606 0.000000 0.112904
vn 0.993606 0.000000 0.112904
vn 0.993606 0.000000 0.112904
vn 0.993606 0.000000 0.112904
vn 0.993606 0.000000 0.112904
vn 0.000659 0.999996 -0.002872
vn 0.000659 0.999996 -0.002872
vn 0.000161 0.999999 0.001638
vn 0.000647 0.999996 -0.002763
vn -0.000002 -0.999999 0.001753
vn -0.000002 -0.999999 0.001753
vn 0.000308 -1.000000 -0.000877
vn 0.000005 -0.999999 0.001689
vn -0.112904 0.000000 0.993606
vn -0.112904 0.000000 0.993606
vn -0.112904 0.000000 0.993606
vn -0.112904 0.000000 0.993606
vn 0.423858 -0.530452 -0.734143
vn -0.423859 -0.530450 -0.734143
vn -0.478435 -0.290528 -0.828669
vn 0.478437 -0.290527 -0.828669
vn -0.847717 -0.530449 0.000000
vn -0.956867 -0.290527 0.000000
vn -0.423857 -0.530449 0.734145
vn -0.478433 -0.290528 0.828671
vn 0.423856 -0.530450 0.734145
vn 0.478433 -0.290527 0.828671
vn 0.847715 -0.530453 0.000001
vn 0.956867 -0.290526 0.000001
vn -0.500001 -0.000000 -0.866025
vn 0.499999 -0.000000 -0.866026
vn -1.000000 0.000000 0.000000
vn -0.499999 0.000000 0.866026
vn 0.499999 -0.000000 0.866026
vn 1.000000 -0.000000 0.000001
vn -0.471198 0.334504 -0.816137
vn 0.471199 0.334503 -0.816137
vn -0.942394 0.334504 0.000000
vn -0.471197 0.334504 0.816138
vn 0.471197 0.334503 0.816138
vn 0.942395 0.334501 0.000001
vn -0.393482 0.616999 -0.681531
vn 0.393483 0.617000 -0.681529
vn -0.786965 0.616998 0.000000
vn -0.393481 0.616999 0.681532
vn 0.393482 0.616998 0.681531
vn 0.786964 0.616999 0.000003
vn 0.000000 -1.000000 0.000000
vn 0.000000 -1.000000 0.000000
vn 0.000000 -1.000000 0.000000
vn 0.000000 -1.000000 0.000000
vn 0.000000 -1.000000 0.000000
vn 0.000000 -1.000000 0.000000
vn 0.000000 -1.000000 0.000000
vn -0.000003 1.000000 0.000000
vn 0.000003 1.000000 0.000000
vn -0.000000 1.000000 0.000000
vn 0.000005 1.000000 0.000000
vn 0.000003 1.000000 0.000004
vn -0.000003 1.000000 -0.000000
vn -0.000005 1.000000 -0.000004
vn 0.500003 0.000000 -0.866024
vn -0.499999 0.000000 -0.866026
vn -0.499999 0.000000 -0.866026
vn 0.500003 0.000000 -0.866024
vn -1.000000 0.000000 0.000000
vn -1.000000 0.000000 0.000000
vn -0.499993 0.000000 0.866030
vn -0.499993 0.000000 0.866030
vn 0.499996 0.000000 0.866028
vn 0.499996 0.000000 0.866028
vn 1.000000 0.000000 -0.000000
vn 1.000000 0.000000 -0.000000
vn 0.000000 -1.000000 -0.000005
vn 0.000000 -1.000000 -0.000000
vn 0.000000 -1.000000 0.000000
vn 0.000000 -1.000000 -0.000005
vn 0.000000 -1.000000 0.000005
vn 0.000000 -1.000000 0.000005
vn 0.000000 -1.000000 0.000017
vn 0.000000 -1.000000 0.000017
vn 0.000000 -1.000000 0.000017
vn 0.000000 -1.000000 0.000017
vn 0.000000 -1.000000 -0.000000
vn 0.000000 -1.000000 -0.000000
vn 0.499999 0.000000 -0.866026
vn -0.499996 0.000000 -0.866028
vn -0.499996 0.000000 -0.866028
vn 0.499999 0.000000 -0.866026
vn -1.000000 0.000000 -0.000000
vn -1.000000 0.000000 -0.000000
vn -0.499996 0.000000 0.866027
vn -0.499996 0.000000 0.866027
vn 0.499996 0.000000 0.866027
vn 0.499996 0.000000 0.866027
vn 1.000000 0.000000 0.000008
vn 1.000000 0.000000 0.000008
vn 0.423857 -0.530453 -0.734142
vn -0.423860 -0.530451 -0.734142
vn -0.478434 -0.290529 -0.828670
vn 0.478435 -0.290529 -0.828669
vn -0.847717 -0.530449 0.000000
vn -0.956867 -0.290528 -0.000000
vn -0.423857 -0.530451 0.734144
vn -0.478432 -0.290528 0.828671
vn 0.423854 -0.530452 0.734145
vn 0.478433 -0.290528 0.828671
vn 0.847714 -0.530453 0.000001
vn 0.956867 -0.290528 0.000000
vn -0.499999 -0.000000 -0.866026
vn 0.500000 -0.000000 -0.866025
vn -1.000000 -0.000000 -0.000000
vn -0.499998 -0.000000 0.866027
vn 0.499998 -0.000000 0.866027
vn 1.000000 0.000000 0.000000
vn -0.449667 0.437269 -0.778843
vn 0.449668 0.437268 -0.778842
vn -0.899332 0.437267 -0.000000
vn -0.449666 0.437268 0.778844
vn 0.449666 0.437267 0.778844
vn 0.899332 0.437266 0.000000
vn 0.000000 -1.000000 0.000002
vn 0.000000 -1.000000 -0.000000
vn 0.000000 -1.000000 0.000000
vn 0.000000 -1.000000 0.000002
vn 0.000000 -1.000000 -0.000000
vn 0.000000 -1.000000 -0.000002
vn 0.000000 -1.000000 -0.000002
vn 0.000000 1.000000 0.000000
s 1
g Win1:Win Win1:chan3_else Win1:chan2
usemtl lambert60SG
f 1303/1843/4295 1304/1844/4296 1310/1845/4297 1309/1846/4298
f 1304/1847/4296 1305/1848/4299 1311/1849/4300 1310/1850/4297
f 1305/1848/4299 1306/1851/4301 1312/1852/4302 1311/1849/4300
f 1306/1853/4301 1307/1854/4303 1313/1855/4304 1312/1856/4302
f 1307/1857/4303 1308/1858/4305 1314/1859/4306 1313/1860/4304
f 1308/1858/4305 1303/1861/4295 1309/1862/4298 1314/1859/4306
f 1309/1863/4298 1310/1864/4297 1316/1865/4307 1315/1866/4308
f 1310/1850/4297 1311/1849/4300 1317/1867/4309 1316/1868/4307
f 1311/1849/4300 1312/1852/4302 1318/1869/4310 1317/1867/4309
f 1312/1870/4302 1313/1871/4304 1319/1872/4311 1318/1873/4310
f 1313/1860/4304 1314/1859/4306 1320/1874/4312 1319/1875/4311
f 1314/1859/4306 1309/1862/4298 1315/1876/4308 1320/1874/4312
f 1315/1866/4308 1316/1865/4307 1322/1877/4313 1321/1878/4314
f 1316/1868/4307 1317/1867/4309 1323/1879/4315 1322/1880/4313
f 1317/1867/4309 1318/1869/4310 1324/1881/4316 1323/1879/4315
f 1318/1873/4310 1319/1872/4311 1325/1882/4317 1324/1883/4316
f 1319/1875/4311 1320/1874/4312 1326/1884/4318 1325/1885/4317
f 1320/1874/4312 1315/1876/4308 1321/1886/4314 1326/1884/4318
f 1321/1878/4314 1322/1877/4313 1328/1887/4319 1327/1888/4320
f 1322/1880/4313 1323/1879/4315 1329/1889/4321 1328/1890/4319
f 1323/1879/4315 1324/1881/4316 1330/1891/4322 1329/1889/4321
f 1324/1883/4316 1325/1882/4317 1331/1892/4323 1330/1893/4322
f 1325/1885/4317 1326/1884/4318 1332/1894/4324 1331/1895/4323
f 1326/1884/4318 1321/1886/4314 1327/1896/4320 1332/1894/4324
s 2
f 1304/1844/4325 1303/1843/4326 1333/1897/4327
f 1305/1898/4328 1304/1844/4325 1333/1897/4327
f 1306/1853/4329 1305/1898/4328 1333/1897/4327
f 1307/1854/4330 1306/1853/4329 1333/1897/4327
f 1308/1899/4331 1307/1854/4330 1333/1897/4327
f 1303/1843/4326 1308/1899/4331 1333/1897/4327
s 3
f 1346/1900/4332 1347/1901/4333 1348/1902/4334
f 1347/1901/4333 1349/1903/4335 1348/1902/4334
f 1349/1903/4335 1350/1904/4336 1348/1902/4334
f 1350/1904/4336 1351/1905/4337 1348/1902/4334
f 1351/1905/4337 1352/1906/4338 1348/1902/4334
f 1352/1906/4338 1346/1900/4332 1348/1902/4334
s 4
f 1327/1888/4339 1328/1887/4340 1335/1907/4341 1334/1908/4342
f 1328/1890/4340 1329/1889/4343 1336/1909/4344 1335/1910/4341
f 1329/1889/4343 1330/1891/4345 1337/1911/4346 1336/1909/4344
f 1330/1893/4345 1331/1892/4347 1338/1912/4348 1337/1913/4346
f 1331/1895/4347 1332/1894/4349 1339/1914/4350 1338/1915/4348
f 1332/1894/4349 1327/1896/4339 1334/1916/4342 1339/1914/4350
s 5
f 1334/1917/4351 1335/1918/4352 1341/1919/4353 1340/1920/4354
f 1335/1918/4352 1336/1921/4355 1342/1922/4356 1341/1919/4353
f 1336/1921/4355 1337/1923/4357 1343/1924/4358 1342/1922/4356
f 1337/1923/4357 1338/1925/4359 1344/1926/4360 1343/1924/4358
f 1338/1925/4359 1339/1927/4361 1345/1928/4362 1344/1926/4360
f 1339/1927/4361 1334/1917/4351 1340/1920/4354 1345/1928/4362
s 6
f 1340/1929/4363 1341/1930/4364 1347/1931/4365 1346/1932/4366
f 1341/1930/4364 1342/1933/4367 1349/1934/4368 1347/1931/4365
f 1342/1935/4367 1343/1936/4369 1350/1937/4370 1349/1938/4368
f 1343/1936/4369 1344/1939/4371 1351/1940/4372 1350/1937/4370
f 1344/1941/4371 1345/1942/4373 1352/1943/4374 1351/1944/4372
f 1345/1942/4373 1340/1945/4363 1346/1946/4366 1352/1943/4374
s 7
f 1353/1947/4375 1354/1948/4376 1360/1949/4377 1359/1950/4378
f 1354/1951/4376 1355/1952/4379 1361/1953/4380 1360/1954/4377
f 1355/1952/4379 1356/1955/4381 1362/1956/4382 1361/1953/4380
f 1356/1957/4381 1357/1958/4383 1363/1959/4384 1362/1960/4382
f 1357/1961/4383 1358/1962/4385 1364/1963/4386 1363/1964/4384
f 1358/1962/4385 1353/1965/4375 1359/1966/4378 1364/1963/4386
f 1359/1967/4378 1360/1968/4377 1366/1969/4387 1365/1970/4388
f 1360/1954/4377 1361/1953/4380 1367/1971/4389 1366/1972/4387
f 1361/1953/4380 1362/1956/4382 1368/1973/4390 1367/1971/4389
f 1362/1974/4382 1363/1975/4384 1369/1976/4391 1368/1977/4390
f 1363/1964/4384 1364/1963/4386 1370/1978/4392 1369/1979/4391
f 1364/1963/4386 1359/1966/4378 1365/1980/4388 1370/1978/4392
f 1365/1970/4388 1366/1969/4387 1372/1981/4393 1371/1982/4394
f 1366/1972/4387 1367/1971/4389 1373/1983/4395 1372/1984/4393
f 1367/1971/4389 1368/1973/4390 1374/1985/4396 1373/1983/4395
f 1368/1977/4390 1369/1976/4391 1375/1986/4397 1374/1987/4396
f 1369/1979/4391 1370/1978/4392 1376/1988/4398 1375/1989/4397
f 1370/1978/4392 1365/1980/4388 1371/1990/4394 1376/1988/4398
s 8
f 1354/1948/4399 1353/1947/4400 1377/1991/4401
f 1355/1992/4402 1354/1948/4399 1377/1991/4401
f 1356/1957/4403 1355/1992/4402 1377/1991/4401
f 1357/1958/4404 1356/1957/4403 1377/1991/4401
f 1358/1993/4405 1357/1958/4404 1377/1991/4401
f 1353/1947/4400 1358/1993/4405 1377/1991/4401
s 7
f 1372/1994/4393 1378/1995/4406 1371/1996/4394
f 1373/1997/4395 1378/1995/4406 1372/1994/4393
f 1374/1998/4396 1378/1995/4406 1373/1997/4395
f 1375/1999/4397 1378/1995/4406 1374/1998/4396
f 1376/2000/4398 1378/1995/4406 1375/1999/4397
f 1371/1996/4394 1378/1995/4406 1376/2000/4398
s 9
f 1379/2001/4407 1391/2002/4408 1405/2003/4409 1401/2004/4410
s 10
f 1381/2005/4411 1393/2006/4412 1394/2007/4413 1383/2008/4414
s 11
f 1385/2009/4415 1395/2010/4416 1391/2011/4417 1379/2012/4418
s 12
f 1380/2013/4419 1386/2014/4420 1403/2015/4421 1404/2016/4422
s 13
f 1385/2009/4423 1379/2012/4424 1401/2017/4425 1402/2018/4426
f 1388/2019/4427 1387/2020/4428 1381/2005/4429 1383/2008/4430
s 12
f 1390/2021/4431 1389/2022/4432 1384/2023/4433 1382/2024/4434
s 9
f 1387/2025/4435 1392/2026/4436 1393/2027/4437 1381/2028/4438
f 1404/2029/4439 1405/2003/4409 1391/2002/4408 1380/2030/4440
f 1393/2027/4437 1392/2026/4436 1390/2031/4441 1382/2032/4442
s 10
f 1394/2033/4413 1393/2034/4412 1382/2024/4443 1384/2023/4444
s 11
f 1391/2035/4417 1395/2036/4416 1386/2014/4445 1380/2013/4446
s 13
f 1397/2037/4447 1396/2038/4448 1387/2020/4428 1388/2019/4427
s 12
f 1399/2039/4449 1398/2040/4450 1389/2022/4432 1390/2021/4431
s 9
f 1392/2026/4436 1399/2041/4451 1390/2031/4441
f 1396/2042/4452 1400/2043/4453 1392/2044/4436
s 13
f 1402/2018/4426 1401/2017/4425 1396/2038/4448 1397/2037/4447
s 12
f 1404/2016/4422 1403/2015/4421 1398/2040/4450 1399/2039/4449
s 9
f 1399/2045/4451 1400/2043/4453 1405/2003/4409 1404/2029/4439
f 1401/2004/4410 1405/2003/4409 1400/2043/4453 1396/2042/4452
f 1396/2046/4452 1392/2026/4436 1387/2025/4435
f 1392/2047/4436 1400/2043/4453 1399/2045/4451
s 17
f 1406/2048/4454 1407/2049/4455 1408/2050/4456 1409/2051/4457
f 1407/2049/4455 1410/2052/4458 1411/2053/4459 1408/2050/4456
f 1410/2054/4458 1412/2055/4460 1413/2056/4461 1411/2057/4459
f 1412/2055/4460 1414/2058/4462 1415/2059/4463 1413/2056/4461
f 1414/2058/4462 1416/2060/4464 1417/2061/4465 1415/2059/4463
f 1416/2060/4464 1418/2062/4466 1419/2063/4467 1417/2061/4465
f 1418/2064/4466 1420/2065/4468 1421/2066/4469 1419/2067/4467
f 1420/2065/4468 1422/2068/4470 1423/2069/4471 1421/2066/4469
f 1422/2068/4470 1424/2070/4472 1425/2071/4473 1423/2069/4471
f 1424/2070/4472 1426/2072/4474 1427/2073/4475 1425/2071/4473
f 1426/2072/4474 1428/2074/4476 1429/2075/4477 1427/2073/4475
f 1428/2074/4476 1430/2076/4478 1431/2077/4479 1429/2075/4477
f 1430/2078/4478 1432/2079/4480 1433/2080/4481 1431/2081/4479
f 1432/2079/4480 1434/2082/4482 1557/2083/4483 1554/2084/4484 1433/2080/4481
f 1434/2082/4482 1435/2085/4485 1436/2086/4486 1556/2087/4487 1557/2083/4483
f 1435/2085/4485 1437/2088/4488 1438/2089/4489 1436/2086/4486
f 1437/2090/4488 1439/2091/4490 1440/2092/4491 1438/2093/4489
f 1439/2091/4490 1441/2094/4492 1442/2095/4493 1440/2092/4491
f 1441/2094/4492 1443/2096/4494 1444/2097/4495 1442/2095/4493
f 1443/2096/4494 1406/2048/4454 1409/2051/4457 1444/2097/4495
f 1409/2051/4457 1408/2050/4456 1445/2098/4496 1446/2099/4497
f 1408/2050/4456 1411/2053/4459 1447/2100/4498 1445/2098/4496
f 1411/2057/4459 1413/2056/4461 1448/2101/4499 1447/2102/4498
f 1413/2056/4461 1415/2059/4463 1449/2103/4500 1448/2101/4499
f 1415/2059/4463 1417/2061/4465 1450/2104/4501 1449/2103/4500
f 1417/2061/4465 1419/2063/4467 1451/2105/4502 1450/2104/4501
f 1419/2067/4467 1421/2066/4469 1452/2106/4503 1451/2107/4502
f 1421/2066/4469 1423/2069/4471 1453/2108/4504 1452/2106/4503
f 1423/2069/4471 1425/2071/4473 1454/2109/4505 1453/2108/4504
f 1425/2071/4473 1427/2073/4475 1455/2110/4506 1454/2109/4505
f 1427/2073/4475 1429/2075/4477 1456/2111/4507 1455/2110/4506
f 1429/2075/4477 1431/2077/4479 1457/2112/4508 1456/2111/4507
f 1431/2081/4479 1433/2080/4481 1458/2113/4509 1457/2114/4508
f 1433/2080/4481 1554/2084/4484 1555/2115/4510 1459/2116/4511 1458/2113/4509
f 1555/2115/4510 1556/2087/4487 1436/2086/4486 1460/2117/4512 1459/2116/4511
f 1436/2086/4486 1438/2089/4489 1461/2118/4513 1460/2117/4512
f 1438/2093/4489 1440/2092/4491 1462/2119/4514 1461/2120/4513
f 1440/2092/4491 1442/2095/4493 1463/2121/4515 1462/2119/4514
f 1442/2095/4493 1444/2097/4495 1464/2122/4516 1463/2121/4515
f 1444/2097/4495 1409/2051/4457 1446/2099/4497 1464/2122/4516
f 1446/2099/4497 1445/2098/4496 1465/2123/4517 1466/2124/4518
f 1445/2098/4496 1447/2100/4498 1467/2125/4519 1465/2123/4517
f 1447/2102/4498 1448/2101/4499 1468/2126/4520 1467/2127/4519
f 1448/2101/4499 1449/2103/4500 1469/2128/4521 1468/2126/4520
f 1449/2103/4500 1450/2104/4501 1470/2129/4522 1469/2128/4521
f 1450/2104/4501 1451/2105/4502 1471/2130/4523 1470/2129/4522
f 1451/2107/4502 1452/2106/4503 1472/2131/4524 1471/2132/4523
f 1452/2106/4503 1453/2108/4504 1473/2133/4525 1472/2131/4524
f 1453/2108/4504 1454/2109/4505 1474/2134/4526 1473/2133/4525
f 1454/2109/4505 1455/2110/4506 1475/2135/4527 1474/2134/4526
f 1455/2110/4506 1456/2111/4507 1476/2136/4528 1475/2135/4527
f 1458/2113/4509 1459/2116/4511 1477/2137/4529 1478/2138/4530
f 1459/2116/4511 1460/2117/4512 1479/2139/4531 1477/2137/4529
f 1462/2119/4514 1463/2121/4515 1480/2140/4532 1481/2141/4533
f 1463/2121/4515 1464/2122/4516 1482/2142/4534 1480/2140/4532
f 1464/2122/4516 1446/2099/4497 1466/2124/4518 1482/2142/4534
f 1466/2124/4518 1465/2123/4517 1483/2143/4535 1484/2144/4536
f 1465/2123/4517 1467/2125/4519 1485/2145/4537 1483/2143/4535
f 1467/2146/4519 1468/2147/4520 1486/2148/4538 1485/2149/4537
f 1468/2147/4520 1469/2150/4521 1487/2151/4539 1486/2148/4538
f 1469/2150/4521 1470/2152/4522 1488/2153/4540 1487/2151/4539
f 1470/2152/4522 1471/2154/4523 1489/2155/4541 1488/2153/4540
f 1471/2132/4523 1472/2131/4524 1490/2156/4542 1489/2157/4541
f 1472/2131/4524 1473/2133/4525 1491/2158/4543 1490/2156/4542
f 1473/2133/4525 1474/2134/4526 1492/2159/4544 1491/2158/4543
f 1474/2134/4526 1475/2135/4527 1493/2160/4545 1492/2159/4544
f 1475/2135/4527 1476/2136/4528 1494/2161/4546 1493/2160/4545
f 1476/2136/4528 1495/2162/4547 1496/2163/4548 1494/2161/4546
f 1495/2164/4547 1478/2165/4530 1497/2166/4549 1496/2167/4548
f 1478/2165/4530 1477/2168/4529 1498/2169/4550 1497/2166/4549
f 1477/2168/4529 1479/2170/4531 1499/2171/4551 1498/2169/4550
f 1479/2170/4531 1500/2172/4552 1501/2173/4553 1499/2171/4551
f 1500/2174/4552 1481/2141/4533 1502/2175/4554 1501/2176/4553
f 1481/2141/4533 1480/2140/4532 1503/2177/4555 1502/2175/4554
f 1480/2140/4532 1482/2142/4534 1504/2178/4556 1503/2177/4555
f 1482/2142/4534 1466/2124/4518 1484/2144/4536 1504/2178/4556
f 1484/2144/4536 1483/2143/4535 1505/2179/4557 1506/2180/4558
f 1483/2181/4535 1485/2149/4537 1507/2182/4559 1505/2183/4557
f 1485/2149/4537 1486/2148/4538 1508/2184/4560 1507/2182/4559
f 1486/2148/4538 1487/2151/4539 1509/2185/4561 1508/2184/4560
f 1487/2151/4539 1488/2153/4540 1510/2186/4562 1509/2185/4561
f 1488/2153/4540 1489/2155/4541 1511/2187/4563 1510/2186/4562
f 1489/2155/4541 1490/2188/4542 1512/2189/4564 1511/2187/4563
f 1490/2156/4542 1491/2158/4543 1513/2190/4565 1512/2191/4564
f 1491/2158/4543 1492/2159/4544 1514/2192/4566 1513/2190/4565
f 1492/2159/4544 1493/2160/4545 1515/2193/4567 1514/2192/4566
f 1493/2160/4545 1494/2161/4546 1516/2194/4568 1515/2193/4567
f 1494/2195/4546 1496/2167/4548 1517/2196/4569 1516/2197/4568
f 1496/2167/4548 1497/2166/4549 1518/2198/4570 1517/2196/4569
f 1497/2166/4549 1498/2169/4550 1519/2199/4571 1518/2198/4570
f 1498/2169/4550 1499/2171/4551 1520/2200/4572 1519/2199/4571
f 1499/2171/4551 1501/2173/4553 1521/2201/4573 1520/2200/4572
f 1501/2173/4553 1502/2202/4554 1522/2203/4574 1521/2201/4573
f 1502/2175/4554 1503/2177/4555 1523/2204/4575 1522/2205/4574
f 1503/2177/4555 1504/2178/4556 1524/2206/4576 1523/2204/4575
f 1504/2178/4556 1484/2144/4536 1506/2180/4558 1524/2206/4576
f 1506/2207/4558 1505/2183/4557 1525/2208/4577 1526/2209/4578
f 1505/2183/4557 1507/2182/4559 1527/2210/4579 1525/2208/4577
f 1507/2182/4559 1508/2184/4560 1528/2211/4580 1527/2210/4579
f 1508/2184/4560 1509/2185/4561 1529/2212/4581 1528/2211/4580
f 1509/2185/4561 1510/2186/4562 1530/2213/4582 1529/2212/4581
f 1510/2186/4562 1511/2187/4563 1531/2214/4583 1530/2213/4582
f 1511/2187/4563 1512/2189/4564 1532/2215/4584 1531/2214/4583
f 1512/2189/4564 1513/2216/4565 1533/2217/4585 1532/2215/4584
f 1513/2216/4565 1514/2218/4566 1534/2219/4586 1533/2217/4585
f 1514/2218/4566 1515/2220/4567 1535/2221/4587 1534/2219/4586
f 1515/2220/4567 1516/2197/4568 1536/2222/4588 1535/2221/4587
f 1516/2197/4568 1517/2196/4569 1537/2223/4589 1536/2222/4588
f 1517/2196/4569 1518/2198/4570 1538/2224/4590 1537/2223/4589
f 1518/2198/4570 1519/2199/4571 1539/2225/4591 1538/2224/4590
f 1519/2199/4571 1520/2200/4572 1540/2226/4592 1539/2225/4591
f 1520/2200/4572 1521/2201/4573 1541/2227/4593 1540/2226/4592
f 1521/2201/4573 1522/2203/4574 1542/2228/4594 1541/2227/4593
f 1522/2203/4574 1523/2229/4575 1543/2230/4595 1542/2228/4594
f 1523/2229/4575 1524/2231/4576 1544/2232/4596 1543/2230/4595
f 1524/2231/4576 1506/2207/4558 1526/2209/4578 1544/2232/4596
f 1526/2209/4578 1525/2208/4577 1545/2233/4597
f 1525/2208/4577 1527/2210/4579 1545/2233/4597
f 1527/2210/4579 1528/2211/4580 1545/2233/4597
f 1528/2211/4580 1529/2212/4581 1545/2233/4597
f 1529/2212/4581 1530/2213/4582 1545/2233/4597
f 1530/2213/4582 1531/2214/4583 1545/2233/4597
f 1531/2214/4583 1532/2215/4584 1545/2233/4597
f 1532/2215/4584 1533/2217/4585 1545/2233/4597
f 1533/2217/4585 1534/2219/4586 1545/2233/4597
f 1534/2219/4586 1535/2221/4587 1545/2233/4597
f 1535/2221/4587 1536/2222/4588 1545/2233/4597
f 1536/2222/4588 1537/2223/4589 1545/2233/4597
f 1537/2223/4589 1538/2224/4590 1545/2233/4597
f 1538/2224/4590 1539/2225/4591 1545/2233/4597
f 1539/2225/4591 1540/2226/4592 1545/2233/4597
f 1540/2226/4592 1541/2227/4593 1545/2233/4597
f 1541/2227/4593 1542/2228/4594 1545/2233/4597
f 1542/2228/4594 1543/2230/4595 1545/2233/4597
f 1543/2230/4595 1544/2232/4596 1545/2233/4597
f 1544/2232/4596 1526/2209/4578 1545/2233/4597
f 1434/2082/4482 1432/2079/4480 1546/2234/4598 1547/2235/4599
f 1435/2085/4485 1434/2082/4482 1548/2236/4600 1549/2237/4601
f 1432/2079/4480 1430/2078/4478 1550/2238/4602 1551/2239/4603
f 1437/2088/4488 1435/2085/4485 1552/2240/4604 1553/2241/4605
s off
f 1558/2242/4606 1559/2243/4607 1571/2244/4608 1570/2245/4609
f 1559/2243/4610 1560/2246/4611 1572/2247/4612 1571/2244/4613
f 1560/2246/4614 1561/2248/4615 1573/2249/4616 1572/2247/4617
f 1561/2248/4618 1562/2250/4619 1574/2251/4620 1573/2249/4621
f 1562/2250/4622 1563/2252/4623 1575/2253/4624 1574/2251/4625
f 1563/2252/4626 1564/2254/4627 1576/2255/4628 1575/2253/4629
f 1564/2254/4630 1565/2256/4631 1577/2257/4632 1576/2255/4633
f 1565/2258/4634 1566/2259/4635 1578/2260/4636 1577/2261/4637
f 1566/2259/4638 1567/2262/4639 1579/2263/4640 1578/2260/4641
f 1567/2262/4642 1568/2264/4643 1580/2265/4644 1579/2263/4645
f 1568/2264/4646 1569/2266/4647 1581/2267/4648 1580/2265/4649
f 1569/2266/4650 1558/2242/4651 1570/2245/4652 1581/2267/4653
f 1682/2268/4654 1683/2269/4655 1582/2270/4656 1583/2271/4657
f 1681/2272/4658 1682/2268/4659 1583/2271/4660 1584/2273/4661
f 1680/2274/4662 1681/2272/4663 1584/2273/4664 1585/2275/4665
f 1679/2276/4666 1680/2274/4667 1585/2275/4668 1586/2277/4669
f 1678/2278/4670 1679/2276/4671 1586/2277/4672 1587/2279/4673
f 1677/2280/4674 1678/2278/4675 1587/2279/4676 1588/2281/4677
f 1676/2282/4678 1677/2280/4679 1588/2281/4680 1589/2283/4681
f 1589/2283/4682 1590/2284/4683 1675/2285/4684 1676/2282/4685
f 1684/2286/4686 1685/2287/4687 1591/2288/4688 1592/2289/4689
f 1683/2269/4690 1684/2286/4691 1592/2289/4692 1582/2270/4693
f 1692/2290/4694 1693/2291/4695 1604/2292/4696 1605/2293/4697
f 1691/2294/4698 1692/2290/4699 1605/2293/4700 1606/2295/4701
f 1690/2296/4702 1691/2294/4703 1606/2295/4704 1607/2297/4705
f 1689/2298/4706 1690/2296/4707 1607/2297/4708 1608/2299/4709
f 1688/2300/4710 1689/2298/4711 1608/2299/4712 1609/2301/4713
f 1687/2302/4714 1688/2300/4715 1609/2301/4716 1610/2303/4717
f 1686/2304/4718 1687/2302/4719 1610/2303/4720 1611/2305/4721
f 1685/2287/4722 1686/2304/4723 1611/2305/4724 1591/2288/4725
f 1693/2291/4726 1694/2306/4727 1612/2307/4728 1604/2292/4729
f 1702/2308/4730 1703/2309/4731 1622/2310/4732 1623/2311/4733
f 1701/2312/4734 1702/2308/4735 1623/2311/4736 1624/2313/4737
f 1700/2314/4738 1701/2312/4739 1624/2313/4740 1625/2315/4741
f 1699/2316/4742 1700/2314/4743 1625/2315/4744 1626/2317/4745
f 1698/2318/4746 1699/2316/4747 1626/2317/4748 1627/2319/4749
f 1697/2320/4750 1698/2318/4751 1627/2319/4752 1628/2321/4753
f 1696/2322/4754 1697/2320/4755 1628/2321/4756 1629/2323/4757
f 1695/2324/4758 1696/2322/4759 1629/2323/4760 1630/2325/4761
f 1694/2306/4762 1695/2324/4763 1630/2325/4764 1612/2307/4765
f 1703/2309/4766 1704/2326/4767 1631/2327/4768 1622/2310/4769
f 1631/2327/4770 1704/2326/4771 1705/2328/4772 1642/2329/4773
f 1766/2330/4774 1767/2331/4775 1644/2332/4776 1645/2333/4777
f 1645/2333/4778 1646/2334/4779 1765/2335/4780 1766/2330/4781
f 1646/2334/4782 1647/2336/4783 1764/2337/4784 1765/2335/4785
f 1647/2336/4786 1648/2338/4787 1763/2339/4788 1764/2337/4789
f 1648/2338/4790 1649/2340/4791 1762/2341/4792 1763/2339/4793
f 1649/2340/4794 1650/2342/4795 1761/2343/4796 1762/2341/4797
f 1650/2342/4798 1651/2344/4799 1760/2345/4800 1761/2343/4801
f 1651/2344/4802 1652/2346/4803 1759/2347/4804 1760/2345/4805
f 1652/2346/4806 1653/2348/4807 1758/2349/4808 1759/2347/4809
f 1653/2348/4810 1654/2350/4811 1757/2351/4812 1758/2349/4813
f 1654/2350/4814 1655/2352/4815 1756/2353/4816 1757/2351/4817
f 1655/2352/4818 1656/2354/4819 1755/2355/4820 1756/2353/4821
f 1656/2354/4822 1657/2356/4823 1754/2357/4824 1755/2355/4825
f 1657/2356/4826 1658/2358/4827 1753/2359/4828 1754/2357/4829
f 1658/2358/4830 1659/2360/4831 1752/2361/4832 1753/2359/4833
f 1659/2360/4834 1660/2362/4835 1751/2363/4836 1752/2361/4837
f 1660/2362/4838 1661/2364/4839 1750/2365/4840 1751/2363/4841
f 1661/2364/4842 1662/2366/4843 1749/2367/4844 1750/2365/4845
f 1662/2366/4846 1663/2368/4847 1748/2369/4848 1749/2367/4849
f 1663/2368/4850 1664/2370/4851 1747/2371/4852 1748/2369/4853
f 1664/2370/4854 1665/2372/4855 1746/2373/4856 1747/2371/4857
f 1665/2372/4858 1666/2374/4859 1745/2375/4860 1746/2373/4861
f 1666/2374/4862 1667/2376/4863 1744/2377/4864 1745/2375/4865
f 1667/2376/4866 1668/2378/4867 1743/2379/4868 1744/2377/4869
f 1668/2378/4870 1669/2380/4871 1742/2381/4872 1743/2379/4873
f 1669/2380/4874 1670/2382/4875 1741/2383/4876 1742/2381/4877
f 1670/2382/4878 1671/2384/4879 1740/2385/4880 1741/2383/4881
f 1671/2384/4882 1672/2386/4883 1739/2387/4884 1740/2385/4885
f 1672/2386/4886 1673/2388/4887 1738/2389/4888 1739/2387/4889
f 1737/2390/4890 1738/2389/4891 1673/2388/4892 1674/2391/4893
f 1645/2333/4894 1644/2332/4895 1601/2392/4896 1600/2393/4897
f 1600/2393/4898 1599/2394/4899 1646/2334/4900 1645/2333/4901
f 1599/2394/4902 1598/2395/4903 1647/2336/4904 1646/2334/4905
f 1598/2395/4906 1597/2396/4907 1648/2338/4908 1647/2336/4909
f 1597/2396/4910 1596/2397/4911 1649/2340/4912 1648/2338/4913
f 1596/2397/4914 1595/2398/4915 1650/2342/4916 1649/2340/4917
f 1595/2398/4918 1594/2399/4919 1651/2344/4920 1650/2342/4921
f 1594/2399/4922 1593/2400/4923 1652/2346/4924 1651/2344/4925
f 1593/2400/4926 1603/2401/4927 1653/2348/4928 1652/2346/4929
f 1603/2401/4930 1602/2402/4931 1654/2350/4932 1653/2348/4933
f 1602/2402/4934 1620/2403/4935 1655/2352/4936 1654/2350/4937
f 1620/2403/4938 1619/2404/4939 1656/2354/4940 1655/2352/4941
f 1619/2404/4942 1618/2405/4943 1657/2356/4944 1656/2354/4945
f 1618/2405/4946 1617/2406/4947 1658/2358/4948 1657/2356/4949
f 1617/2406/4950 1616/2407/4951 1659/2360/4952 1658/2358/4953
f 1616/2407/4954 1615/2408/4955 1660/2362/4956 1659/2360/4957
f 1615/2408/4958 1614/2409/4959 1661/2364/4960 1660/2362/4961
f 1614/2409/4962 1613/2410/4963 1662/2366/4964 1661/2364/4965
f 1613/2410/4966 1621/2411/4967 1663/2368/4968 1662/2366/4969
f 1621/2411/4970 1640/2412/4971 1664/2370/4972 1663/2368/4973
f 1640/2412/4974 1639/2413/4975 1665/2372/4976 1664/2370/4977
f 1639/2413/4978 1638/2414/4979 1666/2374/4980 1665/2372/4981
f 1638/2414/4982 1637/2415/4983 1667/2376/4984 1666/2374/4985
f 1637/2415/4986 1636/2416/4987 1668/2378/4988 1667/2376/4989
f 1636/2416/4990 1635/2417/4991 1669/2380/4992 1668/2378/4993
f 1635/2417/4994 1634/2418/4995 1670/2382/4996 1669/2380/4997
f 1634/2418/4998 1633/2419/4999 1671/2384/5000 1670/2382/5001
f 1633/2419/5002 1632/2420/5003 1672/2386/5004 1671/2384/5005
f 1632/2420/5006 1641/2421/5007 1673/2388/5008 1672/2386/5009
f 1674/2391/5010 1673/2388/5011 1641/2421/5012 1643/2422/5013
f 1676/2282/5014 1675/2285/5015 1706/2423/5016 1707/2424/5017
f 1707/2424/5018 1708/2425/5019 1677/2280/5020 1676/2282/5021
f 1708/2425/5022 1709/2426/5023 1678/2278/5024 1677/2280/5025
f 1709/2426/5026 1710/2427/5027 1679/2276/5028 1678/2278/5029
f 1710/2427/5030 1711/2428/5031 1680/2274/5032 1679/2276/5033
f 1711/2428/5034 1712/2429/5035 1681/2272/5036 1680/2274/5037
f 1712/2429/5038 1713/2430/5039 1682/2268/5040 1681/2272/5041
f 1713/2430/5042 1714/2431/5043 1683/2269/5044 1682/2268/5045
f 1714/2431/5046 1715/2432/5047 1684/2286/5048 1683/2269/5049
f 1715/2432/5050 1716/2433/5051 1685/2287/5052 1684/2286/5053
f 1716/2433/5054 1717/2434/5055 1686/2304/5056 1685/2287/5057
f 1717/2434/5058 1718/2435/5059 1687/2302/5060 1686/2304/5061
f 1718/2435/5062 1719/2436/5063 1688/2300/5064 1687/2302/5065
f 1719/2436/5066 1720/2437/5067 1689/2298/5068 1688/2300/5069
f 1720/2437/5070 1721/2438/5071 1690/2296/5072 1689/2298/5073
f 1721/2438/5074 1722/2439/5075 1691/2294/5076 1690/2296/5077
f 1722/2439/5078 1723/2440/5079 1692/2290/5080 1691/2294/5081
f 1723/2440/5082 1724/2441/5083 1693/2291/5084 1692/2290/5085
f 1724/2441/5086 1725/2442/5087 1694/2306/5088 1693/2291/5089
f 1725/2442/5090 1726/2443/5091 1695/2324/5092 1694/2306/5093
f 1726/2443/5094 1727/2444/5095 1696/2322/5096 1695/2324/5097
f 1727/2444/5098 1728/2445/5099 1697/2320/5100 1696/2322/5101
f 1728/2445/5102 1729/2446/5103 1698/2318/5104 1697/2320/5105
f 1729/2446/5106 1730/2447/5107 1699/2316/5108 1698/2318/5109
f 1730/2447/5110 1731/2448/5111 1700/2314/5112 1699/2316/5113
f 1731/2448/5114 1732/2449/5115 1701/2312/5116 1700/2314/5117
f 1732/2449/5118 1733/2450/5119 1702/2308/5120 1701/2312/5121
f 1733/2450/5122 1734/2451/5123 1703/2309/5124 1702/2308/5125
f 1734/2451/5126 1735/2452/5127 1704/2326/5128 1703/2309/5129
f 1705/2328/5130 1704/2326/5131 1735/2452/5132 1736/2453/5133
f 1766/2330/5134 1707/2424/5135 1706/2423/5136 1767/2331/5137
f 1765/2335/5138 1708/2425/5139 1707/2424/5140 1766/2330/5141
f 1764/2337/5142 1709/2426/5143 1708/2425/5144 1765/2335/5145
f 1763/2339/5146 1710/2427/5147 1709/2426/5148 1764/2337/5149
f 1762/2341/5150 1711/2428/5151 1710/2427/5152 1763/2339/5153
f 1761/2343/5154 1712/2429/5155 1711/2428/5156 1762/2341/5157
f 1760/2345/5158 1713/2430/5159 1712/2429/5160 1761/2343/5161
f 1759/2347/5162 1714/2431/5163 1713/2430/5164 1760/2345/5165
f 1758/2349/5166 1715/2432/5167 1714/2431/5168 1759/2347/5169
f 1757/2351/5170 1716/2433/5171 1715/2432/5172 1758/2349/5173
f 1756/2353/5174 1717/2434/5175 1716/2433/5176 1757/2351/5177
f 1755/2355/5178 1718/2435/5179 1717/2434/5180 1756/2353/5181
f 1754/2357/5182 1719/2436/5183 1718/2435/5184 1755/2355/5185
f 1753/2359/5186 1720/2437/5187 1719/2436/5188 1754/2357/5189
f 1752/2361/5190 1721/2438/5191 1720/2437/5192 1753/2359/5193
f 1751/2363/5194 1722/2439/5195 1721/2438/5196 1752/2361/5197
f 1750/2365/5198 1723/2440/5199 1722/2439/5200 1751/2363/5201
f 1749/2367/5202 1724/2441/5203 1723/2440/5204 1750/2365/5205
f 1748/2369/5206 1725/2442/5207 1724/2441/5208 1749/2367/5209
f 1747/2371/5210 1726/2443/5211 1725/2442/5212 1748/2369/5213
f 1746/2373/5214 1727/2444/5215 1726/2443/5216 1747/2371/5217
f 1745/2375/5218 1728/2445/5219 1727/2444/5220 1746/2373/5221
f 1744/2377/5222 1729/2446/5223 1728/2445/5224 1745/2375/5225
f 1743/2379/5226 1730/2447/5227 1729/2446/5228 1744/2377/5229
f 1742/2381/5230 1731/2448/5231 1730/2447/5232 1743/2379/5233
f 1741/2383/5234 1732/2449/5235 1731/2448/5236 1742/2381/5237
f 1740/2385/5238 1733/2450/5239 1732/2449/5240 1741/2383/5241
f 1739/2387/5242 1734/2451/5243 1733/2450/5244 1740/2385/5245
f 1738/2389/5246 1735/2452/5247 1734/2451/5248 1739/2387/5249
f 1737/2390/5250 1736/2453/5251 1735/2452/5252 1738/2389/5253
f 1768/2454/5254 1769/2455/5255 1771/2456/5256 1770/2457/5257
f 1770/2457/5258 1771/2456/5259 1773/2458/5260 1772/2459/5261
f 1772/2459/5262 1773/2458/5263 1775/2460/5264 1774/2461/5265
f 1769/2455/5266 1775/2460/5267 1773/2458/5268 1771/2456/5269
f 1774/2461/5270 1768/2454/5271 1770/2457/5272 1772/2459/5273
f 1776/2462/5274 1777/2463/5275 1785/2464/5276 1784/2465/5277
f 1777/2463/5278 1778/2466/5279 1786/2467/5280 1785/2464/5281
f 1778/2468/5282 1779/2469/5283 1787/2470/5284 1786/2471/5285
f 1779/2469/5286 1780/2472/5287 1788/2473/5288 1787/2470/5289
f 1780/2472/5290 1781/2474/5291 1789/2475/5292 1788/2473/5293
f 1781/2474/5294 1782/2476/5295 1790/2477/5296 1789/2475/5297
f 1782/2476/5298 1783/2478/5299 1791/2479/5300 1790/2477/5301
f 1783/2478/5302 1776/2462/5303 1784/2465/5304 1791/2479/5305
f 1792/2480/5306 1808/2481/5307 1809/2482/5308 1794/2483/5309
f 1794/2484/5310 1809/2485/5311 1810/2486/5312 1800/2487/5313
f 1796/2488/5314 1812/2489/5315 1813/2490/5316 1798/2491/5317
f 1801/2492/5318 1815/2493/5319 1808/2494/5320 1792/2495/5321
f 1793/2496/5322 1802/2497/5323 1803/2498/5324 1795/2499/5325
f 1800/2500/5326 1801/2501/5327 1792/2480/5328 1794/2483/5329
f 1798/2491/5330 1804/2502/5331 1805/2503/5332 1796/2488/5333
f 1798/2504/5334 1813/2505/5335 1814/2506/5336 1804/2507/5337
f 1806/2508/5338 1807/2509/5339 1799/2510/5340 1797/2511/5341
f 1805/2512/5342 1811/2513/5343 1812/2514/5344 1796/2515/5345
f 1801/2501/5346 1800/2500/5347 1805/2503/5348 1804/2502/5349
f 1814/2506/5350 1815/2493/5351 1801/2492/5352 1804/2507/5353
f 1806/2508/5354 1803/2498/5355 1802/2497/5356 1807/2509/5357
f 1810/2486/5358 1818/2516/5359 1819/2517/5360 1811/2513/5361
f 1805/2512/5362 1800/2487/5363 1810/2486/5364 1811/2513/5365
f 1817/2518/5366 1809/2482/5367 1808/2481/5368 1816/2519/5369
f 1810/2486/5370 1809/2485/5371 1817/2520/5372 1818/2516/5373
f 1820/2521/5374 1812/2514/5375 1811/2513/5376 1819/2517/5377
f 1821/2522/5378 1813/2523/5379 1812/2524/5380 1820/2525/5381
f 1814/2506/5382 1813/2505/5383 1821/2526/5384 1822/2527/5385
f 1814/2506/5386 1822/2527/5387 1823/2528/5388 1815/2493/5389
f 1816/2529/5390 1808/2494/5391 1815/2493/5392 1823/2528/5393
f 1817/2518/5394 1816/2519/5395 1793/2496/5396 1795/2499/5397
f 1803/2530/5398 1818/2516/5399 1817/2520/5400 1795/2531/5401
f 1818/2516/5402 1803/2530/5403 1806/2532/5404 1819/2517/5405
f 1820/2521/5406 1819/2517/5407 1806/2532/5408 1797/2533/5409
f 1821/2522/5410 1820/2525/5411 1797/2511/5412 1799/2510/5413
f 1807/2534/5414 1822/2527/5415 1821/2526/5416 1799/2535/5417
f 1807/2534/5418 1802/2536/5419 1823/2528/5420 1822/2527/5421
f 1816/2529/5422 1823/2528/5423 1802/2536/5424 1793/2537/5425
f 1824/2538/5426 1825/2539/5427 1833/2540/5428 1832/2541/5429
f 1825/2542/5430 1826/2543/5431 1834/2544/5432 1833/2540/5433
f 1826/2545/5434 1827/2546/5435 1835/2547/5436 1834/2544/5437
f 1827/2548/5438 1828/2549/5439 1836/2550/5440 1835/2547/5441
f 1828/2551/5442 1829/2552/5443 1837/2553/5444 1836/2550/5445
f 1829/2554/5446 1830/2555/5447 1838/2556/5448 1837/2553/5449
f 1830/2557/5450 1831/2558/5451 1839/2559/5452 1838/2556/5453
f 1831/2560/5454 1824/2561/5455 1832/2541/5456 1839/2559/5457
f 1825/2539/5458 1824/2538/5459 1840/2562/5460
f 1826/2543/5461 1825/2542/5462 1840/2563/5463
f 1827/2546/5464 1826/2545/5465 1840/2564/5466
f 1828/2549/5467 1827/2548/5468 1840/2565/5469
f 1829/2552/5470 1828/2551/5471 1840/2566/5472
f 1830/2555/5473 1829/2554/5474 1840/2567/5475
f 1831/2558/5476 1830/2557/5477 1840/2568/5478
f 1824/2561/5479 1831/2560/5480 1840/2569/5481
f 1832/2541/5482 1833/2540/5483 1841/2570/5484
f 1833/2540/5485 1834/2544/5486 1841/2570/5487
f 1834/2544/5488 1835/2547/5489 1841/2570/5490
f 1835/2547/5491 1836/2550/5492 1841/2570/5493
f 1836/2550/5494 1837/2553/5495 1841/2570/5496
f 1837/2553/5497 1838/2556/5498 1841/2570/5499
f 1838/2556/5500 1839/2559/5501 1841/2570/5502
f 1839/2559/5503 1832/2541/5504 1841/2570/5505
f 1932/2571/5506 1933/2572/5507 1934/2573/5508 1935/2574/5509
f 1936/2575/5510 1937/2576/5511 2047/2577/5512 2048/2578/5513
f 1940/2579/5514 1941/2580/5515 1942/2581/5516 1943/2582/5517
f 1933/2572/5518 1932/2571/5519 1984/2583/5520 1985/2584/5521
f 2051/2585/5522 2050/2586/5523 2054/2587/5524 2055/2588/5525
f 2056/2589/5526 2057/2590/5527 2061/2591/5528 2060/2592/5529
f 1964/2593/5530 1965/2594/5531 1966/2595/5532 1967/2596/5533
f 1915/2597/5534 1917/2598/5535 1968/2599/5536 1969/2600/5537
f 1964/2601/5538 1967/2602/5539 2017/2603/5540 1982/2604/5541
f 1945/2605/5542 1944/2606/5543 1937/2576/5544 1936/2575/5545
f 2063/2607/5546 2068/2608/5547 2069/2609/5548
f 1938/2610/5549 1946/2611/5550 1947/2612/5551 1939/2613/5552
f 2076/2614/5553 2070/2615/5554 2077/2616/5555
f 1906/2617/5556 1898/2618/5557 1899/2619/5558
f 1978/2620/5559 1976/2621/5560 1977/2622/5561
f 1893/2623/5562 1901/2624/5563 2041/2625/5564 2042/2626/5565
f 1990/2627/5566 1991/2628/5567 1898/2618/5568 1890/2629/5569
f 1859/2630/5570 1858/2631/5571 1874/2632/5572 1875/2633/5573
f 1861/2634/5574 1860/2635/5575 1876/2636/5576 1877/2637/5577
f 2045/2638/5578 2046/2639/5579 1861/2634/5580 1877/2637/5581
f 1878/2640/5582 1879/2641/5583 1863/2642/5584 1862/2643/5585
f 1865/2644/5586 1864/2645/5587 1880/2646/5588 1881/2647/5589
f 1874/2632/5590 1858/2631/5591 1986/2648/5592 1987/2649/5593
f 1949/2650/5594 1948/2651/5595 1950/2652/5596 1951/2653/5597
f 1975/2654/5598 1974/2655/5599 1970/2656/5600 1973/2657/5601
f 1954/2658/5602 1952/2659/5603 1953/2660/5604 1955/2661/5605
f 2035/2662/5606 2036/2663/5607 1954/2658/5608 1955/2661/5609
f 1959/2664/5610 1958/2665/5611 1956/2666/5612 1957/2667/5613
f 1971/2668/5614 1928/2669/5615 1926/2670/5616 1972/2671/5617
f 1962/2672/5618 1960/2673/5619 1961/2674/5620 1963/2675/5621
f 1950/2652/5622 1948/2651/5623 1996/2676/5624 1997/2677/5625
f 1910/2678/5626 1908/2679/5627 1909/2680/5628 1911/2681/5629
f 2043/2682/5630 2044/2683/5631 1910/2678/5632 1911/2681/5633
f 1913/2684/5634 1914/2685/5635 1915/2597/5636 1912/2686/5637
f 1914/2685/5638 1916/2687/5639 1917/2598/5640 1915/2597/5641
f 1918/2688/5642 1917/2598/5643 1916/2687/5644 1919/2689/5645
f 1909/2680/5646 1908/2679/5647 1988/2690/5648 1989/2691/5649
f 1883/2692/5650 1882/2693/5651 1866/2694/5652 1867/2695/5653
f 1885/2696/5654 1884/2697/5655 1868/2698/5656 1869/2699/5657
f 2037/2700/5658 2038/2701/5659 1885/2696/5660 1869/2699/5661
f 1870/2702/5662 1871/2703/5663 1887/2704/5664 1886/2705/5665
f 1889/2706/5666 1888/2707/5667 1872/2708/5668 1873/2709/5669
f 1866/2694/5670 1882/2693/5671 1994/2710/5672 1995/2711/5673
f 1891/2712/5674 1890/2629/5675 1907/2713/5676
f 1980/2714/5677 1979/2715/5678 1981/2716/5679
f 1901/2624/5680 1893/2623/5681 1892/2717/5682 1900/2718/5683
f 1895/2719/5684 1894/2720/5685 1902/2721/5686 1903/2722/5687
f 1916/2687/5688 1914/2685/5689 1927/2723/5690 1929/2724/5691
f 1897/2725/5692 1896/2726/5693 1904/2727/5694 1905/2728/5695
f 1922/2729/5696 1920/2730/5697 1921/2731/5698 1923/2732/5699
f 2039/2733/5700 2040/2734/5701 1922/2729/5702 1923/2732/5703
f 1925/2735/5704 1926/2670/5705 1927/2723/5706 1924/2736/5707
f 1926/2670/5708 1928/2669/5709 1929/2724/5710 1927/2723/5711
f 1930/2737/5712 1929/2724/5713 1928/2669/5714 1931/2738/5715
f 1921/2731/5716 1920/2730/5717 1992/2739/5718 1993/2740/5719
f 1875/2741/5720 1874/2742/5721 1908/2743/5722 1965/2744/5723
f 1890/2745/5724 1891/2746/5725 1979/2747/5726 1909/2748/5727
f 1966/2595/5728 1965/2594/5729 1908/2679/5730 1910/2678/5731
f 1877/2749/5732 1876/2750/5733 1966/2751/5734 1910/2752/5735
f 1892/2753/5736 1893/2754/5737 1911/2755/5738 1980/2756/5739
f 2044/2757/5740 2045/2758/5741 1877/2749/5742 1910/2752/5743
f 1893/2754/5744 2042/2759/5745 2043/2760/5746 1911/2755/5747
f 1894/2761/5748 1895/2762/5749 1914/2763/5750 1913/2764/5751
f 1879/2765/5752 1878/2766/5753 1912/2767/5754 1915/2768/5755
f 1881/2769/5756 1880/2770/5757 1917/2771/5758 1918/2772/5759
f 1896/2773/5760 1897/2774/5761 1919/2775/5762 1916/2776/5763
f 1908/2743/5764 1874/2742/5765 1987/2777/5766 1988/2778/5767
f 1890/2745/5768 1909/2748/5769 1989/2779/5770 1990/2780/5771
f 1899/2781/5772 1898/2782/5773 1920/2783/5774 1977/2784/5775
f 1882/2785/5776 1883/2786/5777 1974/2787/5778 1921/2788/5779
f 1978/2620/5780 1977/2622/5781 1920/2730/5782 1922/2729/5783
f 1901/2789/5784 1900/2790/5785 1978/2791/5786 1922/2792/5787
f 1884/2793/5788 1885/2794/5789 1923/2795/5790 1975/2796/5791
f 2040/2797/5792 2041/2798/5793 1901/2789/5794 1922/2792/5795
f 1885/2794/5796 2038/2799/5797 2039/2800/5798 1923/2795/5799
f 1886/2801/5800 1887/2802/5801 1926/2803/5802 1925/2804/5803
f 1903/2805/5804 1902/2806/5805 1924/2807/5806 1927/2808/5807
f 1905/2809/5808 1904/2810/5809 1929/2811/5810 1930/2812/5811
f 1888/2813/5812 1889/2814/5813 1931/2815/5814 1928/2816/5815
f 1920/2783/5816 1898/2782/5817 1991/2817/5818 1992/2818/5819
f 1882/2785/5820 1921/2788/5821 1993/2819/5822 1994/2820/5823
f 1858/2821/5824 1859/2822/5825 1934/2823/5826 1933/2824/5827
f 1844/2825/5828 1842/2826/5829 1932/2827/5830 1935/2828/5831
f 1861/2829/5832 2046/2830/5833 2047/2831/5834 1937/2832/5835
f 2048/2833/5836 2049/2834/5837 1854/2835/5838 1936/2836/5839
f 1864/2837/5840 1865/2838/5841 1942/2839/5842 1941/2840/5843
f 1848/2841/5844 1846/2842/5845 1940/2843/5846 1943/2844/5847
f 1858/2821/5848 1933/2824/5849 1985/2845/5850 1986/2846/5851
f 1932/2827/5852 1842/2826/5853 1983/2847/5854 1984/2848/5855
f 1860/2849/5856 1861/2829/5857 1937/2832/5858 1944/2850/5859
f 1854/2835/5860 1850/2851/5861 1945/2852/5862 1936/2836/5863
f 1862/2853/5864 1863/2854/5865 1946/2855/5866 1938/2856/5867
f 1853/2857/5868 1857/2858/5869 1939/2859/5870 1947/2860/5871
f 1867/2861/5872 1866/2862/5873 1948/2863/5874 1949/2864/5875
f 1843/2865/5876 1845/2866/5877 1951/2867/5878 1950/2868/5879
f 1869/2869/5880 1868/2870/5881 1952/2871/5882 1954/2872/5883
f 1851/2873/5884 1855/2874/5885 1955/2875/5886 1953/2876/5887
f 2036/2877/5888 2037/2878/5889 1869/2869/5890 1954/2872/5891
f 1855/2874/5892 2034/2879/5893 2035/2880/5894 1955/2875/5895
f 1871/2881/5896 1870/2882/5897 1956/2883/5898 1958/2884/5899
f 1856/2885/5900 1852/2886/5901 1959/2887/5902 1957/2888/5903
f 1873/2889/5904 1872/2890/5905 1960/2891/5906 1962/2892/5907
f 1847/2893/5908 1849/2894/5909 1963/2895/5910 1961/2896/5911
f 1948/2863/5912 1866/2862/5913 1995/2897/5914 1996/2898/5915
f 1843/2865/5916 1950/2868/5917 1997/2899/5918 1998/2900/5919
f 1935/2574/5920 1934/2573/5921 1965/2594/5922 1964/2593/5923
f 1944/2606/5924 1945/2605/5925 1967/2596/5926 1966/2595/5927
f 1941/2580/5928 1940/2579/5929 1968/2599/5930 1917/2598/5931
f 1947/2612/5932 1946/2611/5933 1915/2597/5934 1969/2600/5935
f 1964/2601/5936 1982/2604/5937 1844/2825/5938 1935/2828/5939
f 1859/2822/5940 1875/2741/5941 1965/2744/5942 1934/2823/5943
f 1876/2750/5944 1860/2849/5945 1944/2850/5946 1966/2751/5947
f 1863/2854/5948 1879/2765/5949 1915/2768/5950 1946/2855/5951
f 1967/2602/5952 1945/2852/5953 1850/2851/5954 2017/2603/5955
f 1968/2901/5956 1940/2843/5957 1846/2842/5958 1982/2604/5959
f 1949/2650/5960 1951/2653/5961 1970/2656/5962 1974/2655/5963
f 1953/2660/5964 1952/2659/5965 1975/2654/5966 1973/2657/5967
f 1961/2674/5968 1960/2673/5969 1928/2669/5970 1971/2668/5971
f 1958/2665/5972 1959/2664/5973 1972/2671/5974 1926/2670/5975
f 1883/2786/5976 1867/2861/5977 1949/2864/5978 1974/2787/5979
f 1872/2890/5980 1888/2813/5981 1928/2816/5982 1960/2891/5983
f 1970/2902/5984 1951/2867/5985 1845/2866/5986 1999/2903/5987
f 1972/2904/5988 1959/2887/5989 1852/2886/5990 2000/2905/5991
f 1906/2906/5992 1899/2781/5993 1977/2784/5994 1976/2907/5995
f 1980/2756/5996 1978/2791/5997 1900/2790/5998 1892/2753/5999
f 1891/2746/6000 1907/2908/6001 1981/2909/6002 1979/2747/6003
f 2078/2910/6004 2079/2911/6005 2080/2912/6006 2081/2913/6007
f 1916/2776/6008 1929/2811/6009 1904/2810/6010 1896/2773/6011
f 1914/2763/6012 1895/2762/6013 1903/2805/6014 1927/2808/6015
f 2059/2914/6016 2058/2915/6017 2060/2592/6018 2061/2591/6019
f 1848/2841/6020 1943/2844/6021 1984/2848/6022 1983/2847/6023
f 1943/2582/6024 1942/2581/6025 1985/2916/6026 1984/2917/6027
f 1942/2839/6028 1865/2838/6029 1986/2846/6030 1985/2845/6031
f 1865/2644/6032 1881/2647/6033 1987/2649/6034 1986/2648/6035
f 1881/2769/6036 1918/2772/6037 1988/2778/6038 1987/2777/6039
f 1918/2688/6040 1919/2689/6041 1989/2918/6042 1988/2919/6043
f 1919/2775/6044 1897/2774/6045 1990/2780/6046 1989/2779/6047
f 1990/2627/6048 1897/2725/6049 1905/2728/6050 1991/2628/6051
f 1905/2809/6052 1930/2812/6053 1992/2818/6054 1991/2817/6055
f 1930/2737/6056 1931/2738/6057 1993/2920/6058 1992/2921/6059
f 1931/2815/6060 1889/2814/6061 1994/2820/6062 1993/2819/6063
f 1889/2706/6064 1873/2709/6065 1995/2711/6066 1994/2710/6067
f 1873/2889/6068 1962/2892/6069 1996/2898/6070 1995/2897/6071
f 1962/2672/6072 1963/2675/6073 1997/2922/6074 1996/2923/6075
f 1963/2895/6076 1849/2894/6077 1998/2900/6078 1997/2899/6079
f 2052/2924/6080 2053/2925/6081 2055/2588/6082 2054/2587/6083
f 1971/2926/6084 1999/2903/6085 1847/2893/6086 1961/2896/6087
f 1971/2926/6088 1972/2904/6089 2000/2905/6090 1999/2903/6091
f 2068/2608/6092 2065/2927/6093 2069/2609/6094
f 2032/2928/6095 2033/2929/6096 1856/2885/6097 1957/2888/6098
f 1956/2666/6099 2031/2930/6100 2032/2931/6101 1957/2667/6102
f 1870/2882/6103 2030/2932/6104 2031/2933/6105 1956/2883/6106
f 1886/2705/6107 2029/2934/6108 2030/2935/6109 1870/2702/6110
f 2028/2936/6111 2029/2937/6112 1886/2801/6113 1925/2804/6114
f 1924/2736/6115 2027/2938/6116 2028/2939/6117 1925/2735/6118
f 1902/2806/6119 2026/2940/6120 2027/2941/6121 1924/2807/6122
f 1902/2721/6123 1894/2720/6124 2025/2942/6125 2026/2943/6126
f 2024/2944/6127 2025/2945/6128 1894/2761/6129 1913/2764/6130
f 1912/2686/6131 2023/2946/6132 2024/2947/6133 1913/2684/6134
f 1878/2766/6135 2022/2948/6136 2023/2949/6137 1912/2767/6138
f 1862/2643/6139 2021/2950/6140 2022/2951/6141 1878/2640/6142
f 2020/2952/6143 2021/2953/6144 1862/2853/6145 1938/2856/6146
f 2019/2954/6147 2020/2955/6148 1938/2610/6149 1939/2613/6150
f 1857/2858/6151 2018/2956/6152 2019/2957/6153 1939/2859/6154
f 2074/2958/6155 2076/2614/6156 2077/2616/6157
f 2019/2957/6158 2018/2956/6159 2016/2959/6160 2015/2960/6161
f 2015/2961/6162 2014/2962/6163 2020/2955/6164 2019/2954/6165
f 2014/2963/6166 2013/2964/6167 2021/2953/6168 2020/2952/6169
f 2022/2951/6170 2021/2950/6171 2013/2965/6172 2012/2966/6173
f 2023/2949/6174 2022/2948/6175 2012/2967/6176 2011/2968/6177
f 2024/2947/6178 2023/2946/6179 2011/2969/6180 2010/2970/6181
f 2010/2971/6182 2009/2972/6183 2025/2945/6184 2024/2944/6185
f 2008/2973/6186 2026/2943/6187 2025/2942/6188 2009/2974/6189
f 2027/2941/6190 2026/2940/6191 2008/2975/6192 2007/2976/6193
f 2028/2939/6194 2027/2938/6195 2007/2977/6196 2006/2978/6197
f 2006/2979/6198 2005/2980/6199 2029/2937/6200 2028/2936/6201
f 2030/2935/6202 2029/2934/6203 2005/2981/6204 2004/2982/6205
f 2031/2933/6206 2030/2932/6207 2004/2983/6208 2003/2984/6209
f 2032/2931/6210 2031/2930/6211 2003/2985/6212 2002/2986/6213
f 2002/2987/6214 2001/2988/6215 2033/2929/6216 2032/2928/6217
f 2035/2880/6218 2034/2879/6219 2001/2988/6220 2002/2987/6221
f 2002/2986/6222 2003/2985/6223 2036/2663/6224 2035/2662/6225
f 2003/2984/6226 2004/2983/6227 2037/2878/6228 2036/2877/6229
f 2004/2982/6230 2005/2981/6231 2038/2701/6232 2037/2700/6233
f 2039/2800/6234 2038/2799/6235 2005/2980/6236 2006/2979/6237
f 2006/2978/6238 2007/2977/6239 2040/2734/6240 2039/2733/6241
f 2007/2976/6242 2008/2975/6243 2041/2798/6244 2040/2797/6245
f 2008/2973/6246 2009/2974/6247 2042/2626/6248 2041/2625/6249
f 2043/2760/6250 2042/2759/6251 2009/2972/6252 2010/2971/6253
f 2010/2970/6254 2011/2969/6255 2044/2683/6256 2043/2682/6257
f 2011/2968/6258 2012/2967/6259 2045/2758/6260 2044/2757/6261
f 2012/2966/6262 2013/2965/6263 2046/2639/6264 2045/2638/6265
f 2047/2831/6266 2046/2830/6267 2013/2964/6268 2014/2963/6269
f 2048/2578/6270 2047/2577/6271 2014/2962/6272 2015/2961/6273
f 2015/2960/6274 2016/2959/6275 2049/2834/6276 2048/2833/6277
f 2050/2586/6278 1843/2989/6279 1998/2990/6280 2054/2587/6281
f 1845/2991/6282 1843/2989/6283 2050/2586/6284 2051/2585/6285
f 1849/2992/6286 1847/2993/6287 2053/2925/6288 2052/2924/6289
f 2053/2925/6290 1847/2993/6291 1999/2994/6292 2055/2588/6293
f 2052/2924/6294 2054/2587/6295 1998/2990/6296 1849/2992/6297
f 2051/2585/6298 2055/2588/6299 1999/2994/6300 1845/2991/6301
f 1842/2995/6302 1844/2996/6303 2057/2590/6304 2056/2589/6305
f 2057/2590/6306 1844/2996/6307 1982/2997/6308 2061/2591/6309
f 2058/2915/6310 1848/2998/6311 1983/2999/6312 2060/2592/6313
f 1846/3000/6314 1848/2998/6315 2058/2915/6316 2059/2914/6317
f 2059/2914/6318 2061/2591/6319 1982/2997/6320 1846/3000/6321
f 2056/2589/6322 2060/2592/6323 1983/2999/6324 1842/2995/6325
f 2062/3001/6326 1851/3002/6327 2000/3003/6328 2068/2608/6329
f 2034/3004/6330 1855/3005/6331 2064/3006/6332 2063/2607/6333
f 1855/3005/6334 1851/3002/6335 2062/3001/6336 2064/3006/6337
f 1852/3007/6338 1856/3008/6339 2067/3009/6340 2066/3010/6341
f 1856/3008/6342 2033/3011/6343 2065/2927/6344 2067/3009/6345
f 2066/3010/6346 2068/2608/6347 2000/3003/6348 1852/3007/6349
f 2033/3011/6350 2001/3012/6351 2069/2609/6352 2065/2927/6353
f 2001/3012/6354 2034/3004/6355 2063/2607/6356 2069/2609/6357
f 1850/3013/6358 1854/3014/6359 2072/3015/6360 2071/3016/6361
f 1854/3014/6362 2049/3017/6363 2070/2615/6364 2072/3015/6365
f 2073/3018/6366 1853/3019/6367 2017/3020/6368 2076/2614/6369
f 2018/3021/6370 1857/3022/6371 2075/3023/6372 2074/2958/6373
f 1857/3022/6374 1853/3019/6375 2073/3018/6376 2075/3023/6377
f 2016/3024/6378 2018/3021/6379 2074/2958/6380 2077/2616/6381
f 2071/3016/6382 2076/2614/6383 2017/3020/6384 1850/3013/6385
f 2049/3017/6386 2016/3024/6387 2077/2616/6388 2070/2615/6389
f 1907/3025/6390 1906/3026/6391 2079/2911/6392 2078/2910/6393
f 1906/3027/6394 1976/3028/6395 2080/2912/6396 2079/2911/6397
f 1976/3029/6398 1981/3030/6399 2081/2913/6400 2080/2912/6401
f 1981/3031/6402 1907/3032/6403 2078/2910/6404 2081/2913/6405
f 2074/2958/6406 2075/3023/6407 2073/3018/6408 2076/2614/6409
f 2071/3016/6410 2072/3015/6411 2070/2615/6412 2076/2614/6413
f 2063/2607/6414 2064/3006/6415 2062/3001/6416 2068/2608/6417
f 2066/3010/6418 2067/3009/6419 2065/2927/6420 2068/2608/6421
f 1907/2713/6422 1890/2629/6423 1898/2618/6424 1906/2617/6425
f 1973/3033/6426 2000/2905/6427 1851/2873/6428 1953/2876/6429
f 1973/3033/6430 1970/2902/6431 1999/2903/6432 2000/2905/6433
f 1969/3034/6434 2017/2603/6435 1853/2857/6436 1947/2860/6437
f 1969/3034/6438 1968/2901/6439 1982/2604/6440 2017/2603/6441
f 1868/2870/6442 1884/2793/6443 1975/2796/6444 1952/2871/6445
f 1979/2715/6446 1980/2714/6447 1911/2681/6448 1909/2680/6449
f 1974/2655/6450 1975/2654/6451 1923/2732/6452 1921/2731/6453
f 1887/2802/6454 1871/2881/6455 1958/2884/6456 1926/2803/6457
f 1880/2770/6458 1864/2837/6459 1941/2840/6460 1917/2771/6461
f 1980/2714/6462 1981/2716/6463 1976/2621/6464 1978/2620/6465
s 18
f 2082/3035/6466 2083/3036/6467 2089/3037/6468 2088/3038/6469
f 2083/3039/6467 2084/3040/6470 2090/3041/6471 2089/3042/6468
f 2084/3040/6470 2085/3043/6472 2091/3044/6473 2090/3041/6471
f 2085/3045/6472 2086/3046/6474 2092/3047/6475 2091/3048/6473
f 2086/3049/6474 2087/3050/6476 2093/3051/6477 2092/3052/6475
f 2087/3050/6476 2082/3053/6466 2088/3054/6469 2093/3051/6477
f 2088/3055/6469 2089/3056/6468 2095/3057/6478 2094/3058/6479
f 2089/3042/6468 2090/3041/6471 2096/3059/6480 2095/3060/6478
f 2090/3041/6471 2091/3044/6473 2097/3061/6481 2096/3059/6480
f 2091/3062/6473 2092/3063/6475 2098/3064/6482 2097/3065/6481
f 2092/3052/6475 2093/3051/6477 2099/3066/6483 2098/3067/6482
f 2093/3051/6477 2088/3054/6469 2094/3068/6479 2099/3066/6483
f 2094/3058/6479 2095/3057/6478 2101/3069/6484 2100/3070/6485
f 2095/3060/6478 2096/3059/6480 2102/3071/6486 2101/3072/6484
f 2096/3059/6480 2097/3061/6481 2103/3073/6487 2102/3071/6486
f 2097/3065/6481 2098/3064/6482 2104/3074/6488 2103/3075/6487
f 2098/3067/6482 2099/3066/6483 2105/3076/6489 2104/3077/6488
f 2099/3066/6483 2094/3068/6479 2100/3078/6485 2105/3076/6489
f 2100/3070/6485 2101/3069/6484 2107/3079/6490 2106/3080/6491
f 2101/3072/6484 2102/3071/6486 2108/3081/6492 2107/3082/6490
f 2102/3071/6486 2103/3073/6487 2109/3083/6493 2108/3081/6492
f 2103/3075/6487 2104/3074/6488 2110/3084/6494 2109/3085/6493
f 2104/3077/6488 2105/3076/6489 2111/3086/6495 2110/3087/6494
f 2105/3076/6489 2100/3078/6485 2106/3088/6491 2111/3086/6495
s 19
f 2083/3036/6496 2082/3035/6497 2112/3089/6498
f 2084/3090/6499 2083/3036/6496 2112/3089/6498
f 2085/3045/6500 2084/3090/6499 2112/3089/6498
f 2086/3046/6501 2085/3045/6500 2112/3089/6498
f 2087/3091/6502 2086/3046/6501 2112/3089/6498
f 2082/3035/6497 2087/3091/6502 2112/3089/6498
s 20
f 2125/3092/6503 2126/3093/6504 2127/3094/6505
f 2126/3093/6504 2128/3095/6506 2127/3094/6505
f 2128/3095/6506 2129/3096/6507 2127/3094/6505
f 2129/3096/6507 2130/3097/6508 2127/3094/6505
f 2130/3097/6508 2131/3098/6509 2127/3094/6505
f 2131/3098/6509 2125/3092/6503 2127/3094/6505
s 21
f 2106/3080/6510 2107/3079/6511 2114/3099/6512 2113/3100/6513
f 2107/3082/6511 2108/3081/6514 2115/3101/6515 2114/3102/6512
f 2108/3081/6514 2109/3083/6516 2116/3103/6517 2115/3101/6515
f 2109/3085/6516 2110/3084/6518 2117/3104/6519 2116/3105/6517
f 2110/3087/6518 2111/3086/6520 2118/3106/6521 2117/3107/6519
f 2111/3086/6520 2106/3088/6510 2113/3108/6513 2118/3106/6521
s 22
f 2113/3109/6522 2114/3110/6523 2120/3111/6524 2119/3112/6525
f 2114/3110/6523 2115/3113/6526 2121/3114/6527 2120/3111/6524
f 2115/3113/6526 2116/3115/6528 2122/3116/6529 2121/3114/6527
f 2116/3115/6528 2117/3117/6530 2123/3118/6531 2122/3116/6529
f 2117/3117/6530 2118/3119/6532 2124/3120/6533 2123/3118/6531
f 2118/3119/6532 2113/3109/6522 2119/3112/6525 2124/3120/6533
s 23
f 2119/3121/6534 2120/3122/6535 2126/3123/6536 2125/3124/6537
f 2120/3122/6535 2121/3125/6538 2128/3126/6539 2126/3123/6536
f 2121/3127/6538 2122/3128/6540 2129/3129/6541 2128/3130/6539
f 2122/3128/6540 2123/3131/6542 2130/3132/6543 2129/3129/6541
f 2123/3133/6542 2124/3134/6544 2131/3135/6545 2130/3136/6543
f 2124/3134/6544 2119/3137/6534 2125/3138/6537 2131/3135/6545
s 24
f 2132/3139/6546 2133/3140/6547 2139/3141/6548 2138/3142/6549
f 2133/3143/6547 2134/3144/6550 2140/3145/6551 2139/3146/6548
f 2134/3144/6550 2135/3147/6552 2141/3148/6553 2140/3145/6551
f 2135/3149/6552 2136/3150/6554 2142/3151/6555 2141/3152/6553
f 2136/3153/6554 2137/3154/6556 2143/3155/6557 2142/3156/6555
f 2137/3154/6556 2132/3157/6546 2138/3158/6549 2143/3155/6557
f 2138/3159/6549 2139/3160/6548 2145/3161/6558 2144/3162/6559
f 2139/3146/6548 2140/3145/6551 2146/3163/6560 2145/3164/6558
f 2140/3145/6551 2141/3148/6553 2147/3165/6561 2146/3163/6560
f 2141/3166/6553 2142/3167/6555 2148/3168/6562 2147/3169/6561
f 2142/3156/6555 2143/3155/6557 2149/3170/6563 2148/3171/6562
f 2143/3155/6557 2138/3158/6549 2144/3172/6559 2149/3170/6563
f 2144/3162/6559 2145/3161/6558 2151/3173/6564 2150/3174/6565
f 2145/3164/6558 2146/3163/6560 2152/3175/6566 2151/3176/6564
f 2146/3163/6560 2147/3165/6561 2153/3177/6567 2152/3175/6566
f 2147/3169/6561 2148/3168/6562 2154/3178/6568 2153/3179/6567
f 2148/3171/6562 2149/3170/6563 2155/3180/6569 2154/3181/6568
f 2149/3170/6563 2144/3172/6559 2150/3182/6565 2155/3180/6569
s 25
f 2133/3140/6570 2132/3139/6571 2156/3183/6572
f 2134/3184/6573 2133/3140/6570 2156/3183/6572
f 2135/3149/6574 2134/3184/6573 2156/3183/6572
f 2136/3150/6575 2135/3149/6574 2156/3183/6572
f 2137/3185/6576 2136/3150/6575 2156/3183/6572
f 2132/3139/6571 2137/3185/6576 2156/3183/6572
s 24
f 2151/3186/6564 2157/3187/6577 2150/3188/6565
f 2152/3189/6566 2157/3187/6577 2151/3186/6564
f 2153/3190/6567 2157/3187/6577 2152/3189/6566
f 2154/3191/6568 2157/3187/6577 2153/3190/6567
f 2155/3192/6569 2157/3187/6577 2154/3191/6568
f 2150/3188/6565 2157/3187/6577 2155/3192/6569
g default
v 12.980395 6.357870 2.777844
v 13.016760 6.375315 2.751424
v 12.994286 6.374334 2.735095
v 12.966506 6.379373 2.735095
v 12.944032 6.384722 2.751423
v 12.935448 6.382939 2.777843
v 12.944032 6.376926 2.804264
v 12.966506 6.369878 2.820592
v 12.994285 6.366590 2.820592
v 13.016759 6.369878 2.804264
v 13.025344 6.375563 2.777843
v 13.030446 6.396798 2.741480
v 12.999513 6.392676 2.719006
v 12.961278 6.397281 2.719005
v 12.930346 6.404856 2.741479
v 12.918530 6.405139 2.777843
v 12.930345 6.402543 2.814207
v 12.961278 6.399845 2.836681
v 12.999513 6.394904 2.836681
v 13.030446 6.402078 2.814208
v 13.042261 6.401995 2.777843
v 13.039233 6.424590 2.735095
v 13.002870 6.429160 2.708676
v 12.957921 6.424590 2.708675
v 12.921557 6.426657 2.735096
v 12.907667 6.426657 2.777843
v 12.921557 6.429742 2.820592
v 12.957921 6.438170 2.847012
v 13.002870 6.437328 2.847012
v 13.039233 6.449664 2.820592
v 13.053123 6.432822 2.777843
v 13.042261 6.458918 2.732895
v 13.004026 6.474398 2.705116
v 12.956764 6.458686 2.705116
v 12.918530 6.450288 2.732895
v 12.903925 6.450288 2.777843
v 12.918530 6.459280 2.822792
v 12.956765 6.474375 2.850571
v 13.003901 6.480144 2.850476
v 13.037993 6.502851 2.819520
v 13.056866 6.471710 2.777843
v 13.039233 6.490644 2.735095
v 13.002870 6.506758 2.708676
v 12.957921 6.487928 2.708675
v 12.921557 6.473918 2.735096
v 12.907667 6.473918 2.777843
v 12.921557 6.486727 2.820592
v 12.957921 6.508195 2.847012
v 13.000822 6.511109 2.845443
v 13.027773 6.546062 2.811982
v 13.051132 6.510283 2.776318
v 13.030446 6.518900 2.741480
v 12.999513 6.532355 2.719006
v 12.961278 6.520534 2.719005
v 12.930346 6.504338 2.741479
v 12.918530 6.501779 2.777843
v 12.930345 6.515927 2.814207
v 12.961259 6.535860 2.836667
v 12.996116 6.533064 2.834077
v 13.038846 6.533917 2.775225
v 13.016671 6.564136 2.751357
v 12.994286 6.570908 2.735095
v 12.966506 6.577003 2.735095
v 12.944032 6.571377 2.751423
v 12.935448 6.566633 2.777843
v 12.944032 6.571031 2.804264
v 12.966506 6.575749 2.820592
v 12.992382 6.570749 2.819132
v 13.012512 6.564894 2.801007
v 13.022937 6.563130 2.775998
v 12.966740 6.659772 2.779739
v 13.024694 5.377356 2.893209
v 13.087184 5.377356 2.847807
v 13.111053 5.377356 2.774347
v 13.087183 5.377356 2.700886
v 13.024694 5.377356 2.655484
v 12.947453 5.377356 2.655484
v 12.884962 5.377356 2.700885
v 12.861093 5.377356 2.774347
v 12.884962 5.377356 2.847808
v 12.947452 5.377356 2.893209
v 13.024694 6.234026 2.893209
v 13.087184 6.203655 2.847807
v 13.111053 6.207879 2.774347
v 13.087183 6.238748 2.700886
v 13.024694 6.238748 2.655484
v 12.947453 6.238748 2.655484
v 12.884962 6.247570 2.700885
v 12.861093 6.290091 2.774347
v 12.884962 6.284150 2.847808
v 12.947452 6.243614 2.893209
v 13.012465 6.224154 2.855569
v 13.055165 6.179909 2.824545
v 13.071476 6.181385 2.774346
v 13.055165 6.227288 2.724148
v 13.012465 6.234955 2.693124
v 12.959682 6.236171 2.693124
v 12.916981 6.262695 2.724148
v 12.900670 6.322812 2.774346
v 12.916981 6.315275 2.824545
v 12.959682 6.254496 2.855569
v 13.001468 6.193045 2.821727
v 12.986073 6.168437 2.774346
v 13.026377 6.172340 2.803629
v 13.035892 6.172351 2.774346
v 13.026377 6.193344 2.745064
v 13.001468 6.201537 2.726967
v 12.970678 6.201537 2.726967
v 12.945768 6.227309 2.745064
v 12.936255 6.292875 2.774346
v 12.945768 6.287506 2.803629
v 12.970678 6.224258 2.821727
v 12.986073 6.152698 2.774346
v 12.984719 6.369359 2.776972
v 12.961739 6.261029 2.772686
v 12.976411 6.261029 2.781191
v 12.961739 6.261029 2.789697
v 12.970823 6.315194 2.773753
v 12.985248 6.315194 2.782307
v 12.970823 6.315194 2.790765
v 12.973957 6.206863 2.767562
v 12.988381 6.206863 2.776117
v 12.973957 6.206863 2.784575
v 13.231879 4.908507 2.595757
v 13.079963 4.908507 2.485384
v 12.892183 4.908507 2.485384
v 12.740267 4.908507 2.595757
v 12.682240 4.908507 2.774346
v 12.740267 4.908507 2.952935
v 12.892183 4.908507 3.063308
v 13.079963 4.908507 3.063308
v 13.231878 4.908507 2.952935
v 13.289906 4.908507 2.774346
v 13.231879 4.939432 2.595757
v 13.079963 4.939432 2.485384
v 12.892183 4.939432 2.485384
v 12.740267 4.939432 2.595757
v 12.682240 4.939432 2.774346
v 12.740267 4.939432 2.952935
v 12.892183 4.939432 3.063308
v 13.079963 4.939432 3.063308
v 13.231878 4.939432 2.952935
v 13.289906 4.939432 2.774346
v 13.173431 4.973874 2.638222
v 13.057637 4.973874 2.554092
v 12.914508 4.973874 2.554092
v 12.798714 4.973874 2.638222
v 12.754485 4.973874 2.774346
v 12.798714 4.973874 2.910470
v 12.914508 4.973874 2.994600
v 13.057637 4.973874 2.994600
v 13.173431 4.973874 2.910470
v 13.217661 4.973874 2.774346
v 13.173431 4.991306 2.638222
v 13.057637 4.991306 2.554092
v 12.914508 4.991306 2.554092
v 12.798714 4.991306 2.638222
v 12.754485 4.991306 2.774346
v 12.798714 4.991306 2.910470
v 12.914508 4.991306 2.994600
v 13.057637 4.991306 2.994600
v 13.173431 4.991306 2.910470
v 13.217661 4.991306 2.774346
v 13.154696 4.987180 2.651834
v 13.050481 4.987180 2.576118
v 12.921665 4.987180 2.576118
v 12.817450 4.987180 2.651834
v 12.777643 4.987180 2.774346
v 12.817450 4.987180 2.896858
v 12.921665 4.987180 2.972574
v 13.050481 4.987180 2.972574
v 13.154696 4.987180 2.896858
v 13.194502 4.987180 2.774346
v 13.098488 5.016084 2.692671
v 13.029012 5.016084 2.642194
v 12.943134 5.016084 2.642194
v 12.873657 5.016084 2.692672
v 12.847120 5.016084 2.774346
v 12.873657 5.016084 2.856021
v 12.943134 5.016084 2.906498
v 13.029012 5.016084 2.906498
v 13.098488 5.016084 2.856021
v 13.125026 5.016084 2.774346
v 13.098488 5.029842 2.692671
v 13.029012 5.029842 2.642194
v 12.943134 5.029842 2.642194
v 12.873657 5.029842 2.692672
v 12.847120 5.029842 2.774346
v 12.873657 5.029842 2.856021
v 12.943134 5.029842 2.906498
v 13.029012 5.029842 2.906498
v 13.098488 5.029842 2.856021
v 13.125026 5.029842 2.774346
v 13.083500 5.029842 2.703561
v 13.023287 5.029842 2.659814
v 12.948859 5.029842 2.659814
v 12.888646 5.029842 2.703562
v 12.865647 5.029842 2.774346
v 12.888646 5.029842 2.845131
v 12.948859 5.029842 2.888878
v 13.023287 5.029842 2.888878
v 13.083500 5.029842 2.845131
v 13.106499 5.029842 2.774346
v 13.083500 5.119292 2.703561
v 13.023287 5.119292 2.659814
v 12.948859 5.119292 2.659814
v 12.888646 5.119292 2.703562
v 12.865647 5.119292 2.774346
v 12.888646 5.119292 2.845131
v 12.948859 5.119292 2.888878
v 13.023287 5.119292 2.888878
v 13.083500 5.119292 2.845131
v 13.106499 5.119292 2.774346
v 13.069665 5.162237 2.713613
v 13.018003 5.162237 2.676078
v 12.954144 5.162237 2.676078
v 12.902481 5.162237 2.713613
v 12.882748 5.162237 2.774346
v 12.902481 5.162237 2.835079
v 12.954144 5.162237 2.872614
v 13.018003 5.162237 2.872614
v 13.069665 5.162237 2.835079
v 13.089398 5.162237 2.774346
v 13.047071 5.196466 2.730028
v 13.009373 5.196466 2.702637
v 12.962773 5.196466 2.702637
v 12.925074 5.196466 2.730028
v 12.910674 5.196466 2.774346
v 12.925074 5.196466 2.818665
v 12.962773 5.196466 2.846055
v 13.009373 5.196466 2.846055
v 13.047071 5.196466 2.818665
v 13.061472 5.196466 2.774346
v 13.047071 5.258814 2.730028
v 13.009373 5.258814 2.702637
v 12.962773 5.258814 2.702637
v 12.925074 5.258814 2.730028
v 12.910674 5.258814 2.774346
v 12.925074 5.258814 2.818665
v 12.962773 5.258814 2.846055
v 13.009373 5.258814 2.846055
v 13.047071 5.258814 2.818665
v 13.061472 5.258814 2.774346
v 13.091754 5.298025 2.697564
v 13.026440 5.298025 2.650111
v 12.945706 5.298025 2.650111
v 12.880392 5.298025 2.697565
v 12.855444 5.298025 2.774346
v 12.880392 5.298025 2.851128
v 12.945706 5.298025 2.898581
v 13.026440 5.298025 2.898581
v 13.091753 5.298025 2.851128
v 13.116701 5.298025 2.774346
v 13.235044 5.359605 2.593458
v 13.081171 5.359605 2.481663
v 12.890974 5.359605 2.481663
v 12.737102 5.359605 2.593459
v 12.678328 5.359605 2.774346
v 12.737103 5.359605 2.955235
v 12.890974 5.359605 3.067028
v 13.081171 5.359605 3.067028
v 13.235044 5.359605 2.955235
v 13.293818 5.359605 2.774346
v 13.235044 5.393305 2.593458
v 13.081171 5.393305 2.481663
v 12.890974 5.393305 2.481663
v 12.737102 5.393305 2.593459
v 12.678328 5.393305 2.774346
v 12.737103 5.393305 2.955235
v 12.890974 5.393305 3.067028
v 13.081171 5.393305 3.067028
v 13.235044 5.393305 2.955235
v 13.293818 5.393305 2.774346
v 13.172801 5.377356 2.638680
v 12.986073 5.377357 2.774346
v 13.057397 5.377356 2.554834
v 12.914749 5.377356 2.554834
v 12.799345 5.377356 2.638680
v 12.755264 5.377356 2.774346
v 12.799345 5.377356 2.910012
v 12.914749 5.377356 2.993857
v 13.057397 5.377356 2.993857
v 13.172801 5.377356 2.910012
v 13.216882 5.377356 2.774346
vt 0.225617 0.763709
vt 0.233966 0.765506
vt 0.233966 0.773860
vt 0.222474 0.773886
vt 0.246254 0.765952
vt 0.245838 0.771433
vt 0.233966 0.783603
vt 0.220456 0.788926
vt 0.203549 0.765102
vt 0.204117 0.773475
vt 0.247477 0.781001
vt 0.233966 0.795893
vt 0.220795 0.805735
vt 0.206461 0.786388
vt 0.258214 0.773909
vt 0.257462 0.782683
vt 0.248172 0.791850
vt 0.234449 0.808085
vt 0.224678 0.818153
vt 0.209566 0.799612
vt 0.255214 0.796678
vt 0.247477 0.801877
vt 0.234794 0.815554
vt 0.212419 0.809488
vt 0.252944 0.806805
vt 0.245459 0.810808
vt 0.234550 0.824786
vt 0.225618 0.825252
vt 0.250335 0.814957
vt 0.242338 0.825104
vt 0.241163 0.858533
vt 0.246347 0.827246
vt 0.220156 0.828715
vt 0.286639 0.790853
vt 0.295239 0.798042
vt 0.291024 0.803164
vt 0.280850 0.794791
vt 0.292950 0.788009
vt 0.299587 0.792759
vt 0.304402 0.804547
vt 0.300595 0.812272
vt 0.286396 0.808789
vt 0.275698 0.799985
vt 0.274961 0.777634
vt 0.274168 0.787941
vt 0.307053 0.796503
vt 0.290111 0.783537
vt 0.310279 0.808307
vt 0.305232 0.819452
vt 0.295333 0.819732
vt 0.281768 0.814413
vt 0.271593 0.806040
vt 0.268597 0.796928
vt 0.312320 0.798023
vt 0.298988 0.828766
vt 0.289433 0.825834
vt 0.276311 0.821044
vt 0.267154 0.814531
vt 0.264277 0.805159
vt 0.291517 0.836118
vt 0.282194 0.831534
vt 0.263608 0.836480
vt 0.256391 0.832434
vt 0.259902 0.814838
vt 0.283636 0.840677
vt 0.269035 0.842701
vt 0.252200 0.831460
vt 0.271997 0.847022
vt 0.108206 0.803089
vt 0.258725 0.770569
vt 0.103940 0.789958
vt 0.122013 0.803089
vt 0.097036 0.794974
vt 0.119376 0.811205
vt 0.094400 0.803089
vt 0.112473 0.816220
vt 0.097036 0.811205
vt 0.103940 0.816220
vt 0.178689 0.773073
vt 0.181985 0.783084
vt 0.187216 0.795345
vt 0.192774 0.806598
vt 0.198649 0.816745
vt 0.214382 0.818109
vt 0.204186 0.824655
vt 0.212302 0.835989
vt 0.112473 0.789958
vt 0.268034 0.768864
vt 0.119376 0.794974
vt 0.153747 0.487475
vt 0.153747 0.209596
vt 0.168475 0.209596
vt 0.168475 0.477623
vt 0.192303 0.209596
vt 0.192303 0.478993
vt 0.216132 0.209596
vt 0.216132 0.489006
vt 0.230859 0.209596
vt 0.230859 0.489006
vt 0.255914 0.209596
vt 0.255914 0.489006
vt 0.051581 0.489006
vt 0.051581 0.209596
vt 0.066308 0.209596
vt 0.066308 0.491868
vt 0.090137 0.209596
vt 0.090137 0.505660
vt 0.113965 0.209596
vt 0.113965 0.503733
vt 0.128693 0.209596
vt 0.128693 0.490584
vt 0.316756 0.389585
vt 0.301367 0.384585
vt 0.307245 0.376496
vt 0.316756 0.373405
vt 0.326266 0.376496
vt 0.332144 0.384585
vt 0.332144 0.394585
vt 0.280064 0.471902
vt 0.291258 0.455878
vt 0.299975 0.461999
vt 0.322149 0.471902
vt 0.320333 0.481805
vt 0.298943 0.487926
vt 0.288387 0.487926
vt 0.290376 0.381014
vt 0.278151 0.377042
vt 0.292897 0.356746
vt 0.300452 0.367145
vt 0.316756 0.348994
vt 0.316756 0.361848
vt 0.340614 0.356746
vt 0.333059 0.367145
vt 0.355360 0.377042
vt 0.343136 0.381014
vt 0.355360 0.402129
vt 0.343136 0.398157
vt 0.340615 0.422425
vt 0.333059 0.412026
vt 0.316756 0.430177
vt 0.316756 0.417323
vt 0.332273 0.471902
vt 0.342851 0.475152
vt 0.337477 0.499490
vt 0.329724 0.488879
vt 0.300452 0.412026
vt 0.292896 0.422425
vt 0.278151 0.402129
vt 0.290376 0.398157
vt 0.302971 0.444433
vt 0.311942 0.454925
vt 0.309169 0.499371
vt 0.301367 0.394585
vt 0.087755 0.603330
vt 0.090785 0.619376
vt 0.085745 0.619376
vt 0.153401 0.590673
vt 0.152669 0.613048
vt 0.149176 0.613048
vt 0.241082 0.669741
vt 0.237244 0.652583
vt 0.241813 0.652583
vt 0.238021 0.635425
vt 0.233374 0.635425
vt 0.236251 0.618268
vt 0.240820 0.618268
vt 0.147060 0.635423
vt 0.150573 0.635423
vt 0.150112 0.657798
vt 0.146619 0.657798
vt 0.087263 0.635423
vt 0.092302 0.635423
vt 0.092619 0.651469
vt 0.087579 0.651469
vt 0.240653 0.601111
vt 0.152316 0.680172
vt 0.088533 0.667515
vt 0.684546 0.546823
vt 0.674217 0.546823
vt 0.674217 0.509959
vt 0.684546 0.509959
vt 0.879244 0.746402
vt 0.888303 0.746402
vt 0.888303 0.801413
vt 0.879244 0.801413
vt 0.668606 0.702983
vt 0.658277 0.702983
vt 0.658277 0.666119
vt 0.668606 0.666119
vt 0.658277 0.606471
vt 0.668606 0.606471
vt 0.658277 0.546824
vt 0.668606 0.546824
vt 0.658277 0.509959
vt 0.668606 0.509959
vt 0.905285 0.801412
vt 0.896226 0.801412
vt 0.896226 0.746402
vt 0.905285 0.746402
vt 0.684546 0.702983
vt 0.674217 0.702983
vt 0.674217 0.666119
vt 0.684546 0.666119
vt 0.674217 0.606471
vt 0.684546 0.606471
vt 0.544769 0.365354
vt 0.584718 0.310368
vt 0.609408 0.344351
vt 0.609408 0.386356
vt 0.584718 0.420339
vt 0.544769 0.433320
vt 0.504819 0.420339
vt 0.480129 0.386356
vt 0.480129 0.344351
vt 0.504819 0.310368
vt 0.544769 0.297387
vt 0.881054 0.554368
vt 0.894212 0.536258
vt 0.928412 0.583330
vt 0.907122 0.590247
vt 0.928412 0.641514
vt 0.907122 0.634597
vt 0.894212 0.688587
vt 0.881054 0.670476
vt 0.838876 0.706566
vt 0.838876 0.684181
vt 0.783539 0.688587
vt 0.796697 0.670476
vt 0.749339 0.641514
vt 0.770629 0.634597
vt 0.749339 0.583330
vt 0.770629 0.590247
vt 0.783539 0.536258
vt 0.796697 0.554368
vt 0.838876 0.518278
vt 0.838876 0.540664
vt 0.473260 0.533510
vt 0.467438 0.533510
vt 0.467438 0.505412
vt 0.473260 0.505412
vt 0.912485 0.744010
vt 0.917591 0.744010
vt 0.917591 0.785936
vt 0.912485 0.785936
vt 0.462721 0.652536
vt 0.456898 0.652536
vt 0.456898 0.624438
vt 0.462721 0.624438
vt 0.456898 0.578974
vt 0.462721 0.578974
vt 0.456898 0.533511
vt 0.462721 0.533511
vt 0.456898 0.505413
vt 0.462721 0.505413
vt 0.928913 0.785938
vt 0.923806 0.785938
vt 0.923806 0.744008
vt 0.928913 0.744008
vt 0.473260 0.652537
vt 0.467438 0.652537
vt 0.467438 0.624438
vt 0.473260 0.624438
vt 0.467438 0.578974
vt 0.473260 0.578974
vt 0.602664 0.532421
vt 0.606788 0.526745
vt 0.632278 0.561828
vt 0.625605 0.563996
vt 0.632278 0.605193
vt 0.625605 0.603024
vt 0.606788 0.640276
vt 0.602664 0.634599
vt 0.565546 0.653677
vt 0.565546 0.646660
vt 0.524303 0.640276
vt 0.528427 0.634599
vt 0.498814 0.605193
vt 0.505487 0.603024
vt 0.498814 0.561828
vt 0.505487 0.563996
vt 0.524303 0.526745
vt 0.528427 0.532422
vt 0.565546 0.513344
vt 0.565546 0.520361
vt 0.590292 0.549451
vt 0.605585 0.570501
vt 0.605585 0.596519
vt 0.590291 0.617570
vt 0.565546 0.625610
vt 0.540800 0.617570
vt 0.525507 0.596519
vt 0.525507 0.570501
vt 0.540800 0.549451
vt 0.565546 0.541411
vt 0.683380 0.750043
vt 0.678785 0.750043
vt 0.678785 0.733187
vt 0.683380 0.733187
vt 0.934930 0.740933
vt 0.938962 0.740933
vt 0.938962 0.766101
vt 0.934930 0.766101
vt 0.693569 0.824429
vt 0.688974 0.824429
vt 0.688974 0.807572
vt 0.693569 0.807572
vt 0.688974 0.780295
vt 0.693569 0.780295
vt 0.688974 0.753018
vt 0.693569 0.753018
vt 0.688974 0.736161
vt 0.693569 0.736161
vt 0.949151 0.766101
vt 0.945119 0.766101
vt 0.945119 0.740933
vt 0.949151 0.740933
vt 0.683380 0.821448
vt 0.678785 0.821448
vt 0.678785 0.804592
vt 0.683380 0.804592
vt 0.678785 0.777318
vt 0.683380 0.777318
vt 0.449559 0.705574
vt 0.452750 0.701183
vt 0.467538 0.721538
vt 0.462376 0.723215
vt 0.467538 0.746697
vt 0.462376 0.745020
vt 0.452749 0.767052
vt 0.449559 0.762660
vt 0.428821 0.774826
vt 0.428821 0.769398
vt 0.404893 0.767052
vt 0.408084 0.762660
vt 0.390105 0.746697
vt 0.395267 0.745020
vt 0.390105 0.721538
vt 0.395267 0.723215
vt 0.404893 0.701183
vt 0.408084 0.705574
vt 0.428821 0.693408
vt 0.428821 0.698836
vt 0.555938 0.716886
vt 0.555938 0.686258
vt 0.570917 0.686258
vt 0.570917 0.716886
vt 0.743798 0.789979
vt 0.743798 0.817949
vt 0.720524 0.817949
vt 0.720524 0.789979
vt 0.588716 0.762808
vt 0.588716 0.732180
vt 0.603695 0.732180
vt 0.603695 0.762808
vt 0.627932 0.732180
vt 0.627932 0.762808
vt 0.652170 0.732180
vt 0.652170 0.762808
vt 0.667149 0.732180
vt 0.667149 0.762808
vt 0.791849 0.774321
vt 0.791849 0.746350
vt 0.815122 0.746350
vt 0.815122 0.774321
vt 0.492484 0.716886
vt 0.492484 0.686258
vt 0.507463 0.686258
vt 0.507463 0.716886
vt 0.531700 0.686258
vt 0.531700 0.716886
vt 0.552496 0.731591
vt 0.565348 0.731591
vt 0.742145 0.776549
vt 0.722176 0.776549
vt 0.594285 0.777513
vt 0.607137 0.777513
vt 0.627932 0.777513
vt 0.648728 0.777513
vt 0.661580 0.777513
vt 0.793501 0.787750
vt 0.813470 0.787750
vt 0.498052 0.731591
vt 0.510905 0.731591
vt 0.531700 0.731591
vt 0.751235 0.765846
vt 0.758300 0.776549
vt 0.739446 0.765846
vt 0.724875 0.765846
vt 0.706021 0.776549
vt 0.713086 0.765846
vt 0.612757 0.789233
vt 0.627932 0.789233
vt 0.643108 0.789233
vt 0.784411 0.798454
vt 0.777346 0.787750
vt 0.796200 0.798454
vt 0.810772 0.798454
vt 0.829625 0.787750
vt 0.822560 0.798454
vt 0.516526 0.743311
vt 0.531700 0.743311
vt 0.546876 0.743311
vt 0.546876 0.764660
vt 0.556254 0.743311
vt 0.556254 0.764660
vt 0.739446 0.746350
vt 0.724875 0.746350
vt 0.603379 0.810581
vt 0.603379 0.789233
vt 0.612757 0.810581
vt 0.627932 0.810581
vt 0.643108 0.810581
vt 0.652486 0.789233
vt 0.652486 0.810581
vt 0.796200 0.817950
vt 0.810772 0.817950
vt 0.507147 0.764660
vt 0.507147 0.743311
vt 0.516526 0.764660
vt 0.531700 0.764660
vt 0.759259 0.333185
vt 0.769141 0.346786
vt 0.760803 0.358262
vt 0.744815 0.353066
vt 0.760803 0.372446
vt 0.744815 0.377641
vt 0.769141 0.383922
vt 0.759259 0.397522
vt 0.601642 0.824007
vt 0.627932 0.824007
vt 0.654223 0.824007
vt 0.806003 0.397522
vt 0.796122 0.383922
vt 0.804459 0.372446
vt 0.820448 0.377641
vt 0.804459 0.358262
vt 0.820448 0.353066
vt 0.796122 0.346786
vt 0.806003 0.333185
vt 0.505410 0.778086
vt 0.531700 0.778086
vt 0.557991 0.778086
vt 0.727570 0.289568
vt 0.693540 0.336406
vt 0.693540 0.394301
vt 0.727570 0.441139
vt 0.782631 0.405117
vt 0.782632 0.459030
vt 0.837693 0.441139
vt 0.871723 0.394301
vt 0.871723 0.336406
vt 0.837693 0.289568
vt 0.782631 0.325591
vt 0.782632 0.271677
vt 0.718555 0.547548
vt 0.707299 0.547548
vt 0.707299 0.510211
vt 0.718555 0.510211
vt 0.843164 0.746530
vt 0.853037 0.746530
vt 0.853037 0.802252
vt 0.843164 0.802252
vt 0.701504 0.705715
vt 0.690249 0.705715
vt 0.690249 0.668376
vt 0.701504 0.668376
vt 0.690249 0.607960
vt 0.701504 0.607960
vt 0.690249 0.547544
vt 0.701504 0.547544
vt 0.690249 0.510205
vt 0.701504 0.510205
vt 0.871151 0.802250
vt 0.861279 0.802250
vt 0.861279 0.746532
vt 0.871151 0.746532
vt 0.718555 0.705709
vt 0.707299 0.705709
vt 0.707299 0.668372
vt 0.718555 0.668372
vt 0.707299 0.607960
vt 0.718555 0.607960
vt 0.598035 0.292039
vt 0.630955 0.337350
vt 0.630955 0.393357
vt 0.598034 0.438668
vt 0.544768 0.455975
vt 0.491502 0.438668
vt 0.458582 0.393357
vt 0.458582 0.337350
vt 0.491502 0.292039
vt 0.544768 0.274732
vn -0.094386 -0.990442 -0.100582
vn 0.157224 -0.797669 -0.582241
vn 0.569001 -0.745523 -0.347034
vn -0.318674 -0.767765 -0.555863
vn -0.593639 -0.721648 -0.356114
vn -0.708336 -0.703635 -0.056201
vn -0.636940 -0.689021 0.345771
vn -0.304689 -0.694569 0.651719
vn 0.227968 -0.707369 0.669074
vn 0.637258 -0.676966 0.368265
vn 0.734829 -0.678244 -0.003398
vn 0.272001 -0.455769 -0.847520
vn 0.741019 -0.438773 -0.508301
vn -0.288366 -0.478272 -0.829519
vn -0.712366 -0.503820 -0.488568
vn -0.867217 -0.497929 0.001117
vn -0.718815 -0.434557 0.542647
vn -0.284431 -0.367439 0.885487
vn 0.314137 -0.351450 0.881930
vn 0.765147 -0.327390 0.554406
vn 0.920099 -0.385624 0.068641
vn 0.304318 -0.181632 -0.935094
vn 0.789125 -0.207654 -0.578068
vn -0.258145 -0.221682 -0.940329
vn -0.768455 -0.264846 -0.582523
vn -0.960333 -0.277884 0.023262
vn -0.752562 -0.235655 0.614913
vn -0.267276 -0.181515 0.946370
vn 0.352928 -0.154531 0.922801
vn 0.798631 -0.099209 0.593588
vn 0.981964 -0.171963 0.078582
vn 0.311605 0.021939 -0.949959
vn 0.807373 -0.015703 -0.589833
vn -0.273096 -0.005736 -0.961970
vn -0.796204 -0.008298 -0.604972
vn -0.999858 -0.009179 0.014113
vn -0.791827 -0.005194 0.610723
vn -0.292778 0.011810 0.956107
vn 0.372671 0.042106 0.927008
vn 0.805625 0.137516 0.576245
vn 0.997142 0.039896 0.064151
vn 0.292804 0.262019 -0.919571
vn 0.800330 0.195954 -0.566634
vn -0.361989 0.224500 -0.904745
vn -0.799179 0.233957 -0.553694
vn -0.970181 0.241162 -0.024276
vn -0.821283 0.229352 0.522392
vn -0.349096 0.259150 0.900540
vn 0.327100 0.261487 0.908092
vn 0.748184 0.404683 0.525787
vn 0.965988 0.258547 -0.004500
vn 0.292842 0.366862 -0.882981
vn 0.750030 0.375356 -0.544576
vn -0.411745 0.309107 -0.857274
vn -0.813533 0.288071 -0.505153
vn -0.953546 0.297093 -0.049856
vn -0.844756 0.315349 0.432369
vn -0.366921 0.379919 0.849135
vn 0.211253 0.432669 0.876453
vn 0.876926 0.445159 -0.181201
vn 0.340221 0.427332 -0.837638
vn 0.757239 0.440283 -0.482432
vn -0.325986 0.370637 -0.869691
vn -0.803084 0.291145 -0.519895
vn -0.961031 0.275306 -0.025005
vn -0.818200 0.315518 0.480621
vn -0.294679 0.396885 0.869279
vn 0.378925 0.451547 0.807788
vn 0.725610 0.509314 0.462698
vn 0.869266 0.493767 -0.023888
vn -0.053176 0.998571 0.005320
vn 0.251805 0.000000 0.967778
vn 0.305391 0.000000 0.952227
vn 0.807522 0.000000 0.589838
vn 0.790028 0.000000 0.613071
vn 0.999994 0.000000 -0.003412
vn 0.999029 0.000000 -0.044060
vn 0.807291 0.000000 -0.590154
vn 0.780152 0.000000 -0.625590
vn 0.309023 0.000000 -0.951055
vn 0.309023 0.000000 -0.951055
vn -0.309805 0.000000 -0.950800
vn -0.320576 0.000000 -0.947223
vn -0.811795 0.000000 -0.583942
vn -0.843494 0.000000 -0.537138
vn -0.999995 0.000000 0.003299
vn -0.998363 0.000000 0.057202
vn -0.811479 0.000000 0.584381
vn -0.848374 0.000000 0.529397
vn -0.313443 0.000000 0.949607
vn -0.366178 0.000000 0.930545
vn 0.622955 0.778991 -0.071417
vn 0.380841 0.697197 -0.607352
vn 0.047791 0.916201 -0.397859
vn -0.212619 0.904660 0.369301
vn -0.233559 0.731002 0.641160
vn -0.133981 0.741196 0.657782
vn 0.417033 0.753117 0.508820
vn 0.820530 0.543326 -0.177563
vn 0.749773 0.541442 -0.380370
vn 0.847667 0.529025 -0.039907
vn 0.787410 0.547107 -0.284006
vn 0.293470 0.846054 -0.445049
vn 0.236957 0.923254 -0.302413
vn -0.176302 0.898139 -0.402820
vn -0.152391 0.904710 -0.397840
vn -0.399047 0.874091 0.276994
vn -0.382307 0.883183 0.271714
vn -0.162229 0.900267 0.403982
vn -0.206474 0.842520 0.497522
vn -0.030695 0.989659 0.140116
vn -0.073603 0.933546 0.350821
vn 0.065363 0.992326 -0.104956
vn 0.235525 0.960151 0.150459
vn -0.086117 0.855953 -0.509833
vn 0.255347 0.817754 -0.515825
vn -0.458828 0.837303 -0.297323
vn -0.105630 0.954924 -0.277419
vn -0.138727 0.822948 0.550919
vn 0.100540 0.921719 0.374601
vn 0.268997 0.882328 0.386185
vn 0.524956 0.820234 0.227237
vn -0.975890 -0.218265 0.000000
vn -0.975607 -0.219523 0.000000
vn -0.975621 -0.219462 0.000000
vn 0.505185 -0.049690 0.861579
vn 0.504444 0.001594 0.863443
vn 0.504197 0.009991 0.863531
vn 0.510090 0.006373 -0.860098
vn 0.501937 0.140709 -0.853382
vn 0.503084 0.128273 -0.854665
vn 0.504764 0.063446 -0.860923
vn 0.504739 0.064227 -0.860879
vn 0.505737 -0.069844 -0.859856
vn 0.506002 -0.070773 -0.859624
vn 0.503312 -0.037249 0.863302
vn 0.503390 -0.032816 0.863436
vn 0.504155 -0.032693 0.862994
vn 0.503591 -0.050238 0.862480
vn -0.999362 -0.035725 0.000000
vn -0.999763 -0.021785 0.000000
vn -0.981630 0.190795 0.000000
vn -0.981260 0.192687 0.000000
vn 0.508472 -0.079523 -0.857399
vn 0.503763 0.089505 0.859193
vn -0.968626 0.248524 0.000000
vn 0.809017 0.000000 -0.587785
vn 0.809017 0.000000 -0.587785
vn 0.309015 0.000000 -0.951057
vn 0.309015 0.000000 -0.951057
vn -0.309015 0.000000 -0.951057
vn -0.309015 0.000000 -0.951057
vn -0.809017 0.000000 -0.587785
vn -0.809017 0.000000 -0.587785
vn -1.000000 0.000000 -0.000000
vn -1.000000 0.000000 -0.000000
vn -0.809017 0.000000 0.587785
vn -0.809017 0.000000 0.587785
vn -0.309015 0.000000 0.951057
vn -0.309015 0.000000 0.951057
vn 0.309017 0.000000 0.951057
vn 0.309017 0.000000 0.951057
vn 0.809019 0.000000 0.587783
vn 0.809019 0.000000 0.587783
vn 1.000000 0.000000 0.000003
vn 1.000000 0.000000 0.000003
vn -0.000000 1.000000 0.000000
vn -0.089603 0.993848 0.065100
vn -0.034225 0.993848 0.105336
vn 0.034226 0.993848 0.105336
vn 0.089603 0.993848 0.065099
vn 0.110756 0.993848 -0.000000
vn 0.089604 0.993848 -0.065102
vn 0.034225 0.993847 -0.105339
vn -0.034225 0.993848 -0.105335
vn -0.089603 0.993848 -0.065100
vn -0.110756 0.993848 -0.000001
vn 0.348153 0.902667 -0.252948
vn 0.348153 0.902667 -0.252947
vn 0.132985 0.902665 -0.409281
vn 0.132983 0.902665 -0.409282
vn -0.132984 0.902666 -0.409280
vn -0.132984 0.902666 -0.409280
vn -0.348156 0.902665 -0.252948
vn -0.348157 0.902665 -0.252946
vn -0.430347 0.902664 0.000000
vn -0.430347 0.902664 0.000000
vn -0.348155 0.902666 0.252948
vn -0.348156 0.902666 0.252947
vn -0.132982 0.902666 0.409280
vn -0.132982 0.902666 0.409280
vn 0.132985 0.902666 0.409279
vn 0.132983 0.902666 0.409280
vn 0.348153 0.902667 0.252946
vn 0.348153 0.902667 0.252946
vn 0.430340 0.902667 0.000001
vn 0.430340 0.902667 0.000001
vn 0.809015 0.000000 -0.587788
vn 0.809015 0.000000 -0.587788
vn 0.309016 0.000000 -0.951057
vn 0.309016 0.000000 -0.951057
vn -0.309018 0.000000 -0.951056
vn -0.309018 0.000000 -0.951056
vn -0.809016 0.000000 -0.587786
vn -0.809016 0.000000 -0.587786
vn -1.000000 0.000000 0.000000
vn -1.000000 0.000000 0.000000
vn -0.809017 0.000000 0.587786
vn -0.809017 0.000000 0.587786
vn -0.309016 0.000000 0.951057
vn -0.309016 0.000000 0.951057
vn 0.309016 0.000000 0.951057
vn 0.309016 0.000000 0.951057
vn 0.809015 0.000000 0.587788
vn 0.809015 0.000000 0.587788
vn 1.000000 0.000000 -0.000000
vn 1.000000 0.000000 -0.000000
vn -0.141905 0.984497 0.103099
vn -0.141905 0.984497 0.103099
vn -0.054202 0.984494 0.166835
vn -0.054203 0.984494 0.166835
vn 0.054204 0.984493 0.166840
vn 0.054201 0.984493 0.166841
vn 0.141908 0.984495 0.103109
vn 0.141908 0.984495 0.103109
vn 0.175410 0.984496 -0.000005
vn 0.175410 0.984496 -0.000005
vn 0.141906 0.984495 -0.103111
vn 0.141905 0.984495 -0.103111
vn 0.054203 0.984493 -0.166840
vn 0.054201 0.984493 -0.166841
vn -0.054202 0.984494 -0.166835
vn -0.054203 0.984494 -0.166835
vn -0.141906 0.984496 -0.103099
vn -0.141906 0.984497 -0.103099
vn -0.175400 0.984497 -0.000000
vn -0.175400 0.984497 -0.000000
vn 0.310750 0.923288 -0.225773
vn 0.310750 0.923288 -0.225773
vn 0.118696 0.923287 -0.365312
vn 0.118697 0.923287 -0.365312
vn -0.118698 0.923286 -0.365314
vn -0.118698 0.923286 -0.365314
vn -0.310748 0.923289 -0.225772
vn -0.310748 0.923289 -0.225772
vn -0.384108 0.923288 0.000002
vn -0.384108 0.923288 0.000001
vn -0.310750 0.923288 0.225774
vn -0.310750 0.923288 0.225774
vn -0.118694 0.923287 0.365312
vn -0.118694 0.923287 0.365312
vn 0.118696 0.923288 0.365308
vn 0.118696 0.923288 0.365308
vn 0.310750 0.923288 0.225771
vn 0.310750 0.923288 0.225772
vn 0.384112 0.923287 -0.000001
vn 0.384112 0.923287 -0.000001
vn 0.809016 0.000000 -0.587787
vn 0.809016 0.000000 -0.587787
vn 0.309014 0.000000 -0.951058
vn 0.309014 0.000000 -0.951058
vn -0.309017 0.000000 -0.951057
vn -0.309017 0.000000 -0.951057
vn -0.809019 0.000000 -0.587783
vn -0.809019 0.000000 -0.587783
vn -1.000000 0.000000 0.000000
vn -1.000000 0.000000 0.000000
vn -0.809019 0.000000 0.587783
vn -0.809019 0.000000 0.587783
vn -0.309012 0.000000 0.951058
vn -0.309012 0.000000 0.951058
vn 0.309012 0.000000 0.951058
vn 0.309012 0.000000 0.951058
vn 0.809016 0.000000 0.587787
vn 0.809016 0.000000 0.587787
vn 1.000000 0.000000 -0.000000
vn 1.000000 0.000000 -0.000000
vn 0.000000 1.000000 0.000008
vn 0.000000 1.000000 0.000008
vn 0.000000 1.000000 -0.000000
vn 0.000000 1.000000 0.000000
vn 0.000000 1.000000 -0.000011
vn 0.000000 1.000000 -0.000011
vn 0.000000 1.000000 -0.000003
vn 0.000000 1.000000 -0.000003
vn 0.000000 1.000000 -0.000000
vn 0.000000 1.000000 -0.000000
vn 0.000000 1.000000 0.000003
vn 0.000000 1.000000 0.000003
vn 0.000000 1.000000 0.000011
vn 0.000000 1.000000 0.000011
vn 0.000000 1.000000 0.000000
vn 0.000000 1.000000 -0.000000
vn 0.000000 1.000000 -0.000008
vn 0.000000 1.000000 -0.000008
vn 0.000000 1.000000 0.000000
vn 0.000000 1.000000 -0.000000
vn 0.803584 0.115702 -0.583837
vn 0.809017 0.000000 -0.587785
vn 0.309014 0.000000 -0.951057
vn 0.306939 0.115702 -0.944670
vn -0.309018 0.000000 -0.951056
vn -0.306942 0.115701 -0.944669
vn -0.809017 0.000000 -0.587785
vn -0.803584 0.115700 -0.583837
vn -1.000000 0.000000 -0.000000
vn -0.993284 0.115703 -0.000000
vn -0.809019 0.000000 0.587782
vn -0.803585 0.115704 0.583835
vn -0.309014 0.000000 0.951057
vn -0.306939 0.115703 0.944670
vn 0.309014 0.000000 0.951057
vn 0.306939 0.115702 0.944670
vn 0.809019 0.000000 0.587782
vn 0.803585 0.115701 0.583835
vn 1.000000 0.000000 -0.000000
vn 0.993284 0.115700 -0.000000
vn 0.711584 0.475780 -0.516994
vn 0.271801 0.475781 -0.836515
vn -0.271803 0.475777 -0.836516
vn -0.711586 0.475772 -0.516998
vn -0.879568 0.475773 -0.000001
vn -0.711583 0.475781 0.516993
vn -0.271799 0.475782 0.836514
vn 0.271800 0.475782 0.836515
vn 0.711584 0.475783 0.516991
vn 0.879565 0.475779 0.000000
vn 0.626853 0.632166 -0.455435
vn 0.239439 0.632168 -0.736908
vn -0.239440 0.632164 -0.736911
vn -0.626862 0.632155 -0.455438
vn -0.774846 0.632150 -0.000002
vn -0.626859 0.632161 0.455434
vn -0.239435 0.632170 0.736907
vn 0.239438 0.632169 0.736907
vn 0.626851 0.632174 0.455428
vn 0.774828 0.632173 0.000000
vn 0.809018 0.000000 -0.587784
vn 0.809018 0.000000 -0.587784
vn 0.309022 0.000000 -0.951055
vn 0.309022 0.000000 -0.951055
vn -0.309018 0.000000 -0.951056
vn -0.309018 0.000000 -0.951056
vn -0.809018 0.000000 -0.587784
vn -0.809018 0.000000 -0.587784
vn -1.000000 0.000000 0.000000
vn -1.000000 0.000000 0.000000
vn -0.809017 0.000000 0.587785
vn -0.809017 0.000000 0.587785
vn -0.309011 0.000000 0.951058
vn -0.309011 0.000000 0.951058
vn 0.309014 0.000000 0.951057
vn 0.309014 0.000000 0.951057
vn 0.809017 0.000000 0.587785
vn 0.809017 0.000000 0.587785
vn 1.000000 0.000000 0.000000
vn 1.000000 0.000000 0.000000
vn 0.288435 -0.934285 -0.209562
vn 0.468345 -0.815396 -0.340269
vn 0.178892 -0.815394 -0.550573
vn 0.110173 -0.934285 -0.339078
vn -0.178894 -0.815394 -0.550573
vn -0.110172 -0.934286 -0.339076
vn -0.468348 -0.815392 -0.340275
vn -0.288434 -0.934286 -0.209560
vn -0.578905 -0.815395 -0.000004
vn -0.356525 -0.934286 0.000000
vn -0.468342 -0.815395 0.340274
vn -0.288435 -0.934286 0.209561
vn -0.178890 -0.815394 0.550573
vn -0.110171 -0.934285 0.339078
vn 0.178890 -0.815392 0.550577
vn 0.110171 -0.934285 0.339078
vn 0.468347 -0.815392 0.340275
vn 0.288435 -0.934286 0.209561
vn 0.578902 -0.815397 0.000006
vn 0.356525 -0.934286 -0.000000
vn 0.265679 -0.944539 -0.193029
vn 0.101480 -0.944539 -0.312326
vn -0.101480 -0.944540 -0.312324
vn -0.265677 -0.944541 -0.193026
vn -0.328396 -0.944540 0.000001
vn -0.265678 -0.944540 0.193028
vn -0.101479 -0.944539 0.312325
vn 0.101479 -0.944540 0.312325
vn 0.265679 -0.944540 0.193027
vn 0.328397 -0.944540 -0.000001
vn 0.809019 0.000000 -0.587782
vn 0.809019 0.000000 -0.587782
vn 0.309017 0.000000 -0.951057
vn 0.309017 0.000000 -0.951057
vn -0.309018 0.000000 -0.951056
vn -0.309018 0.000000 -0.951056
vn -0.809019 0.000000 -0.587782
vn -0.809019 0.000000 -0.587782
vn -1.000000 0.000000 0.000005
vn -1.000000 0.000000 0.000005
vn -0.809016 0.000000 0.587787
vn -0.809016 0.000000 0.587787
vn -0.309013 0.000000 0.951058
vn -0.309013 0.000000 0.951058
vn 0.309013 0.000000 0.951058
vn 0.309013 0.000000 0.951058
vn 0.809018 0.000000 0.587784
vn 0.809018 0.000000 0.587784
vn 1.000000 0.000000 0.000000
vn 1.000000 0.000000 0.000000
vn -0.164226 0.979180 0.119317
vn -0.062728 0.979179 0.193063
vn 0.062729 0.979180 0.193059
vn 0.164224 0.979181 0.119314
vn 0.202992 0.979180 0.000000
vn 0.164225 0.979180 -0.119318
vn 0.062729 0.979179 -0.193063
vn -0.062728 0.979180 -0.193060
vn -0.164225 0.979180 -0.119316
vn -0.202994 0.979180 -0.000001
s 1
g Win1:Win candle
usemtl lambert86SG
f 2158/3261/6578 2160/3279/6579 2159/3281/6580
f 2158/3261/6578 2161/3263/6581 2160/3279/6579
f 2158/3261/6578 2162/3265/6582 2161/3263/6581
f 2158/3261/6578 2163/3267/6583 2162/3265/6582
f 2158/3261/6578 2164/3269/6584 2163/3267/6583
f 2158/3261/6578 2165/3270/6585 2164/3269/6584
f 2158/3261/6578 2166/3268/6586 2165/3270/6585
f 2158/3261/6578 2167/3266/6587 2166/3268/6586
f 2158/3261/6578 2168/3264/6588 2167/3266/6587
f 2158/3261/6578 2159/3281/6580 2168/3264/6588
f 2159/3197/6580 2160/3262/6579 2170/3207/6589 2169/3198/6590
f 2160/3262/6579 2161/3280/6581 2171/3236/6591 2170/3207/6589
f 2161/3239/6581 2162/3230/6582 2172/3226/6592 2171/3236/6591
f 2162/3230/6582 2163/3231/6583 2173/3227/6593 2172/3226/6592
f 2163/3231/6583 2164/3238/6584 2174/3232/6594 2173/3227/6593
f 2164/3238/6584 2165/3246/6585 2175/3240/6595 2174/3232/6594
f 2165/3271/6585 2166/3201/6586 2176/3202/6596 2175/3272/6595
f 2166/3201/6586 2167/3193/6587 2177/3196/6597 2176/3202/6596
f 2167/3193/6587 2168/3194/6588 2178/3195/6598 2177/3196/6597
f 2168/3194/6588 2159/3197/6580 2169/3198/6590 2178/3195/6598
f 2169/3198/6590 2170/3207/6589 2180/3208/6599 2179/3203/6600
f 2170/3207/6589 2171/3236/6591 2181/3237/6601 2180/3208/6599
f 2171/3236/6591 2172/3226/6592 2182/3229/6602 2181/3237/6601
f 2172/3226/6592 2173/3227/6593 2183/3228/6603 2182/3229/6602
f 2173/3227/6593 2174/3232/6594 2184/3233/6604 2183/3228/6603
f 2174/3232/6594 2175/3240/6595 2185/3241/6605 2184/3233/6604
f 2175/3272/6595 2176/3202/6596 2186/3206/6606 2185/3273/6605
f 2176/3202/6596 2177/3196/6597 2187/3200/6607 2186/3206/6606
f 2177/3196/6597 2178/3195/6598 2188/3199/6608 2187/3200/6607
f 2178/3195/6598 2169/3198/6590 2179/3203/6600 2188/3199/6608
f 2179/3203/6600 2180/3208/6599 2190/3213/6609 2189/3209/6610
f 2180/3208/6599 2181/3237/6601 2191/3245/6611 2190/3213/6609
f 2181/3237/6601 2182/3229/6602 2192/3235/6612 2191/3245/6611
f 2182/3229/6602 2183/3228/6603 2193/3234/6613 2192/3235/6612
f 2183/3228/6603 2184/3233/6604 2194/3242/6614 2193/3234/6613
f 2184/3233/6604 2185/3241/6605 2195/3247/6615 2194/3242/6614
f 2185/3273/6605 2186/3206/6606 2196/3212/6616 2195/3274/6615
f 2186/3206/6606 2187/3200/6607 2197/3205/6617 2196/3212/6616
f 2187/3200/6607 2188/3199/6608 2198/3204/6618 2197/3205/6617
f 2188/3199/6608 2179/3203/6600 2189/3209/6610 2198/3204/6618
f 2189/3209/6610 2190/3213/6609 2200/3217/6619 2199/3214/6620
f 2190/3213/6609 2191/3245/6611 2201/3251/6621 2200/3217/6619
f 2191/3245/6611 2192/3235/6612 2202/3244/6622 2201/3251/6621
f 2192/3235/6612 2193/3234/6613 2203/3243/6623 2202/3244/6622
f 2193/3234/6613 2194/3242/6614 2204/3248/6624 2203/3243/6623
f 2194/3242/6614 2195/3247/6615 2205/3252/6625 2204/3248/6624
f 2195/3274/6615 2196/3212/6616 2206/3216/6626 2205/3275/6625
f 2196/3212/6616 2197/3205/6617 2207/3211/6627 2206/3216/6626
f 2197/3205/6617 2198/3204/6618 2208/3210/6628 2207/3211/6627
f 2198/3204/6618 2189/3209/6610 2199/3214/6620 2208/3210/6628
f 2199/3214/6620 2200/3217/6619 2210/3221/6629 2209/3218/6630
f 2200/3217/6619 2201/3251/6621 2211/3256/6631 2210/3221/6629
f 2201/3251/6621 2202/3244/6622 2212/3250/6632 2211/3256/6631
f 2202/3244/6622 2203/3243/6623 2213/3249/6633 2212/3250/6632
f 2203/3243/6623 2204/3248/6624 2214/3253/6634 2213/3249/6633
f 2204/3248/6624 2205/3252/6625 2215/3257/6635 2214/3253/6634
f 2205/3275/6625 2206/3216/6626 2216/3276/6636 2215/3277/6635
f 2206/3216/6626 2207/3211/6627 2216/3276/6636
f 2207/3211/6627 2208/3210/6628 2217/3215/6637
f 2208/3210/6628 2199/3214/6620 2209/3218/6630 2217/3215/6637
f 2209/3218/6630 2210/3221/6629 2219/3224/6638 2218/3222/6639
f 2210/3221/6629 2211/3256/6631 2220/3259/6640 2219/3224/6638
f 2211/3256/6631 2212/3250/6632 2221/3255/6641 2220/3259/6640
f 2212/3250/6632 2213/3249/6633 2222/3254/6642 2221/3255/6641
f 2213/3249/6633 2214/3253/6634 2223/3258/6643 2222/3254/6642
f 2214/3253/6634 2215/3257/6635 2224/3260/6644 2223/3258/6643
f 2215/3277/6635 2216/3276/6636 2225/3225/6645 2224/3278/6644
f 2216/3276/6636 2207/3211/6627 2226/3220/6646 2225/3225/6645
f 2207/3211/6627 2217/3215/6637 2227/3219/6647 2226/3220/6646
f 2217/3215/6637 2209/3218/6630 2218/3222/6639 2227/3219/6647
f 2218/3222/6639 2219/3224/6638 2228/3223/6648
f 2219/3224/6638 2220/3259/6640 2228/3223/6648
f 2220/3259/6640 2221/3255/6641 2228/3223/6648
f 2221/3255/6641 2222/3254/6642 2228/3223/6648
f 2222/3254/6642 2223/3258/6643 2228/3223/6648
f 2223/3258/6643 2224/3260/6644 2228/3223/6648
f 2224/3278/6644 2225/3225/6645 2228/3223/6648
f 2225/3225/6645 2226/3220/6646 2228/3223/6648
f 2226/3220/6646 2227/3219/6647 2228/3223/6648
f 2227/3219/6647 2218/3222/6639 2228/3223/6648
s 2
f 2239/3282/6649 2229/3283/6650 2230/3284/6651 2240/3285/6652
f 2240/3285/6652 2230/3284/6651 2231/3286/6653 2241/3287/6654
f 2241/3287/6654 2231/3286/6653 2232/3288/6655 2242/3289/6656
f 2242/3289/6656 2232/3288/6655 2233/3290/6657 2243/3291/6658
f 2243/3291/6658 2233/3290/6657 2234/3292/6659 2244/3293/6660
f 2244/3294/6660 2234/3295/6659 2235/3296/6661 2245/3297/6662
f 2245/3297/6662 2235/3296/6661 2236/3298/6663 2246/3299/6664
f 2246/3299/6664 2236/3298/6663 2237/3300/6665 2247/3301/6666
f 2247/3301/6666 2237/3300/6665 2238/3302/6667 2248/3303/6668
f 2248/3303/6668 2238/3302/6667 2229/3283/6650 2239/3282/6649
s 3
f 2260/3304/6669 2259/3305/6670 2261/3306/6671
f 2260/3304/6669 2261/3306/6671 2262/3307/6672
f 2260/3304/6669 2262/3307/6672 2263/3308/6673
f 2260/3304/6669 2263/3308/6673 2264/3309/6674
f 2260/3304/6669 2264/3309/6674 2265/3310/6675
f 2260/3311/6669 2265/3312/6675 2266/3313/6676
f 2260/3311/6669 2266/3313/6676 2267/3314/6677
f 2260/3311/6669 2267/3314/6677 2268/3315/6678
f 2260/3311/6669 2268/3315/6678 2269/3316/6679
f 2260/3311/6669 2269/3316/6679 2259/3317/6670
f 2249/3318/6680 2239/3319/6681 2240/3320/6682 2250/3321/6683
f 2250/3321/6683 2240/3320/6682 2241/3322/6684 2251/3323/6685
f 2251/3323/6685 2241/3322/6684 2242/3324/6686 2252/3325/6687
f 2252/3325/6687 2242/3324/6686 2243/3326/6688 2253/3327/6689
f 2253/3327/6689 2243/3326/6688 2244/3328/6690 2254/3329/6691
f 2254/3329/6691 2244/3328/6690 2245/3330/6692 2255/3331/6693
f 2255/3331/6693 2245/3330/6692 2246/3332/6694 2256/3333/6695
f 2256/3334/6695 2246/3335/6694 2247/3336/6696 2257/3337/6697
f 2257/3338/6697 2247/3339/6696 2248/3340/6698 2258/3341/6699
f 2258/3341/6699 2248/3340/6698 2239/3319/6681 2249/3318/6680
f 2259/3305/6670 2249/3318/6680 2250/3321/6683 2261/3306/6671
f 2261/3306/6671 2250/3321/6683 2251/3323/6685 2262/3307/6672
f 2262/3307/6672 2251/3323/6685 2252/3325/6687 2263/3308/6673
f 2263/3308/6673 2252/3325/6687 2253/3327/6689 2264/3309/6674
f 2264/3309/6674 2253/3327/6689 2254/3329/6691 2265/3310/6675
f 2265/3312/6675 2254/3342/6691 2255/3343/6693 2266/3313/6676
f 2266/3313/6676 2255/3343/6693 2256/3334/6695 2267/3314/6677
f 2267/3314/6677 2256/3334/6695 2257/3337/6697 2268/3315/6678
f 2268/3315/6678 2257/3337/6697 2258/3344/6699 2269/3316/6679
f 2269/3345/6679 2258/3341/6699 2249/3318/6680 2259/3305/6670
s 5
f 2270/3346/6700 2280/3347/6701 2278/3348/6702
s 6
f 2270/3349/6703 2279/3350/6704 2280/3351/6705
s 7
f 2270/3352/6706 2278/3353/6707 2279/3354/6708
f 2273/3355/6709 2272/3356/6710 2275/3357/6711 2276/3358/6712
s 6
f 2274/3359/6713 2273/3360/6714 2276/3361/6715 2277/3362/6716
s 5
f 2272/3363/6717 2274/3364/6718 2277/3365/6719 2275/3366/6720
s 7
f 2276/3358/6712 2275/3357/6711 2271/3367/6721
s 6
f 2277/3362/6716 2276/3361/6715 2271/3368/6722
s 5
f 2275/3366/6720 2277/3365/6719 2271/3369/6723
s 7
f 2279/3354/6708 2278/3353/6707 2272/3356/6710 2273/3355/6709
s 6
f 2280/3351/6705 2279/3350/6704 2273/3360/6714 2274/3359/6713
s 5
f 2278/3348/6702 2280/3347/6701 2274/3364/6718 2272/3363/6717
s 8
f 2291/3370/6724 2281/3371/6725 2282/3372/6726 2292/3373/6727
f 2292/3374/6727 2282/3375/6726 2283/3376/6728 2293/3377/6729
f 2293/3378/6729 2283/3379/6728 2284/3380/6730 2294/3381/6731
f 2294/3381/6731 2284/3380/6730 2285/3382/6732 2295/3383/6733
f 2295/3383/6733 2285/3382/6732 2286/3384/6734 2296/3385/6735
f 2296/3385/6735 2286/3384/6734 2287/3386/6736 2297/3387/6737
f 2297/3388/6737 2287/3389/6736 2288/3390/6738 2298/3391/6739
f 2298/3392/6739 2288/3393/6738 2289/3394/6740 2299/3395/6741
f 2299/3395/6741 2289/3394/6740 2290/3396/6742 2300/3397/6743
f 2300/3397/6743 2290/3396/6742 2281/3371/6725 2291/3370/6724
s 9
f 2432/3398/6744 2431/3399/6745 2433/3400/6746
f 2432/3398/6744 2433/3400/6746 2434/3401/6747
f 2432/3398/6744 2434/3401/6747 2435/3402/6748
f 2432/3398/6744 2435/3402/6748 2436/3403/6749
f 2432/3398/6744 2436/3403/6749 2437/3404/6750
f 2432/3398/6744 2437/3404/6750 2438/3405/6751
f 2432/3398/6744 2438/3405/6751 2439/3406/6752
f 2432/3398/6744 2439/3406/6752 2440/3407/6753
f 2432/3398/6744 2440/3407/6753 2441/3408/6754
f 2432/3398/6744 2441/3408/6754 2431/3399/6745
s 10
f 2301/3409/6755 2291/3410/6756 2292/3411/6757 2302/3412/6758
f 2302/3412/6758 2292/3411/6757 2293/3413/6759 2303/3414/6760
f 2303/3414/6760 2293/3413/6759 2294/3415/6761 2304/3416/6762
f 2304/3416/6762 2294/3415/6761 2295/3417/6763 2305/3418/6764
f 2305/3418/6764 2295/3417/6763 2296/3419/6765 2306/3420/6766
f 2306/3420/6766 2296/3419/6765 2297/3421/6767 2307/3422/6768
f 2307/3422/6768 2297/3421/6767 2298/3423/6769 2308/3424/6770
f 2308/3424/6770 2298/3423/6769 2299/3425/6771 2309/3426/6772
f 2309/3426/6772 2299/3425/6771 2300/3427/6773 2310/3428/6774
f 2310/3428/6774 2300/3427/6773 2291/3410/6756 2301/3409/6755
s 11
f 2311/3429/6775 2301/3430/6776 2302/3431/6777 2312/3432/6778
f 2312/3433/6778 2302/3434/6777 2303/3435/6779 2313/3436/6780
f 2313/3437/6780 2303/3438/6779 2304/3439/6781 2314/3440/6782
f 2314/3440/6782 2304/3439/6781 2305/3441/6783 2315/3442/6784
f 2315/3442/6784 2305/3441/6783 2306/3443/6785 2316/3444/6786
f 2316/3444/6786 2306/3443/6785 2307/3445/6787 2317/3446/6788
f 2317/3447/6788 2307/3448/6787 2308/3449/6789 2318/3450/6790
f 2318/3451/6790 2308/3452/6789 2309/3453/6791 2319/3454/6792
f 2319/3454/6792 2309/3453/6791 2310/3455/6793 2320/3456/6794
f 2320/3456/6794 2310/3455/6793 2301/3430/6776 2311/3429/6775
s 12
f 2321/3457/6795 2311/3458/6796 2312/3459/6797 2322/3460/6798
f 2322/3460/6798 2312/3459/6797 2313/3461/6799 2323/3462/6800
f 2323/3462/6800 2313/3461/6799 2314/3463/6801 2324/3464/6802
f 2324/3464/6802 2314/3463/6801 2315/3465/6803 2325/3466/6804
f 2325/3466/6804 2315/3465/6803 2316/3467/6805 2326/3468/6806
f 2326/3468/6806 2316/3467/6805 2317/3469/6807 2327/3470/6808
f 2327/3470/6808 2317/3469/6807 2318/3471/6809 2328/3472/6810
f 2328/3472/6810 2318/3471/6809 2319/3473/6811 2329/3474/6812
f 2329/3474/6812 2319/3473/6811 2320/3475/6813 2330/3476/6814
f 2330/3476/6814 2320/3475/6813 2311/3458/6796 2321/3457/6795
s 13
f 2331/3477/6815 2321/3457/6816 2322/3460/6817 2332/3478/6818
f 2332/3478/6818 2322/3460/6817 2323/3462/6819 2333/3479/6820
f 2333/3479/6820 2323/3462/6819 2324/3464/6821 2334/3480/6822
f 2334/3480/6822 2324/3464/6821 2325/3466/6823 2335/3481/6824
f 2335/3481/6824 2325/3466/6823 2326/3468/6825 2336/3482/6826
f 2336/3482/6826 2326/3468/6825 2327/3470/6827 2337/3483/6828
f 2337/3483/6828 2327/3470/6827 2328/3472/6829 2338/3484/6830
f 2338/3484/6830 2328/3472/6829 2329/3474/6831 2339/3485/6832
f 2339/3485/6832 2329/3474/6831 2330/3476/6833 2340/3486/6834
f 2340/3486/6834 2330/3476/6833 2321/3457/6816 2331/3477/6815
s 14
f 2341/3487/6835 2331/3488/6836 2332/3489/6837 2342/3490/6838
f 2342/3491/6838 2332/3492/6837 2333/3493/6839 2343/3494/6840
f 2343/3495/6840 2333/3496/6839 2334/3497/6841 2344/3498/6842
f 2344/3498/6842 2334/3497/6841 2335/3499/6843 2345/3500/6844
f 2345/3500/6844 2335/3499/6843 2336/3501/6845 2346/3502/6846
f 2346/3502/6846 2336/3501/6845 2337/3503/6847 2347/3504/6848
f 2347/3505/6848 2337/3506/6847 2338/3507/6849 2348/3508/6850
f 2348/3509/6850 2338/3510/6849 2339/3511/6851 2349/3512/6852
f 2349/3512/6852 2339/3511/6851 2340/3513/6853 2350/3514/6854
f 2350/3514/6854 2340/3513/6853 2331/3488/6836 2341/3487/6835
s 15
f 2351/3515/6855 2341/3516/6856 2342/3517/6857 2352/3518/6858
f 2352/3518/6858 2342/3517/6857 2343/3519/6859 2353/3520/6860
f 2353/3520/6860 2343/3519/6859 2344/3521/6861 2354/3522/6862
f 2354/3522/6862 2344/3521/6861 2345/3523/6863 2355/3524/6864
f 2355/3524/6864 2345/3523/6863 2346/3525/6865 2356/3526/6866
f 2356/3526/6866 2346/3525/6865 2347/3527/6867 2357/3528/6868
f 2357/3528/6868 2347/3527/6867 2348/3529/6869 2358/3530/6870
f 2358/3530/6870 2348/3529/6869 2349/3531/6871 2359/3532/6872
f 2359/3532/6872 2349/3531/6871 2350/3533/6873 2360/3534/6874
f 2360/3534/6874 2350/3533/6873 2341/3516/6856 2351/3515/6855
s 16
f 2361/3535/6875 2351/3536/6876 2352/3537/6877 2362/3538/6878
f 2362/3539/6878 2352/3540/6877 2353/3541/6879 2363/3542/6880
f 2363/3543/6880 2353/3544/6879 2354/3545/6881 2364/3546/6882
f 2364/3546/6882 2354/3545/6881 2355/3547/6883 2365/3548/6884
f 2365/3548/6884 2355/3547/6883 2356/3549/6885 2366/3550/6886
f 2366/3550/6886 2356/3549/6885 2357/3551/6887 2367/3552/6888
f 2367/3553/6888 2357/3554/6887 2358/3555/6889 2368/3556/6890
f 2368/3557/6890 2358/3558/6889 2359/3559/6891 2369/3560/6892
f 2369/3560/6892 2359/3559/6891 2360/3561/6893 2370/3562/6894
f 2370/3562/6894 2360/3561/6893 2351/3536/6876 2361/3535/6875
f 2371/3563/6895 2361/3535/6875 2362/3538/6878 2372/3564/6896
f 2372/3565/6896 2362/3539/6878 2363/3542/6880 2373/3566/6897
f 2373/3567/6897 2363/3543/6880 2364/3546/6882 2374/3568/6898
f 2374/3568/6898 2364/3546/6882 2365/3548/6884 2375/3569/6899
f 2375/3569/6899 2365/3548/6884 2366/3550/6886 2376/3570/6900
f 2376/3570/6900 2366/3550/6886 2367/3552/6888 2377/3571/6901
f 2377/3572/6901 2367/3553/6888 2368/3556/6890 2378/3573/6902
f 2378/3574/6902 2368/3557/6890 2369/3560/6892 2379/3575/6903
f 2379/3575/6903 2369/3560/6892 2370/3562/6894 2380/3576/6904
f 2380/3576/6904 2370/3562/6894 2361/3535/6875 2371/3563/6895
f 2381/3577/6905 2371/3578/6895 2372/3565/6896 2382/3579/6906
f 2382/3579/6906 2372/3565/6896 2373/3566/6897 2383/3580/6907
f 2383/3580/6907 2373/3566/6897 2374/3581/6898 2384/3582/6908
f 2384/3583/6908 2374/3568/6898 2375/3569/6899 2385/3584/6909
f 2385/3584/6909 2375/3569/6899 2376/3570/6900 2386/3585/6910
f 2386/3586/6910 2376/3587/6900 2377/3572/6901 2387/3588/6911
f 2387/3588/6911 2377/3572/6901 2378/3573/6902 2388/3589/6912
f 2388/3589/6912 2378/3573/6902 2379/3590/6903 2389/3591/6913
f 2389/3592/6913 2379/3575/6903 2380/3576/6904 2390/3593/6914
f 2390/3593/6914 2380/3576/6904 2371/3563/6895 2381/3594/6905
s 17
f 2391/3595/6915 2381/3594/6916 2382/3596/6917 2392/3597/6918
f 2392/3598/6918 2382/3579/6917 2383/3580/6919 2393/3599/6920
f 2393/3600/6920 2383/3601/6919 2384/3583/6921 2394/3602/6922
f 2394/3602/6922 2384/3583/6921 2385/3584/6923 2395/3603/6924
f 2395/3603/6924 2385/3584/6923 2386/3585/6925 2396/3604/6926
f 2396/3604/6926 2386/3585/6925 2387/3605/6927 2397/3606/6928
f 2397/3607/6928 2387/3588/6927 2388/3589/6929 2398/3608/6930
f 2398/3609/6930 2388/3610/6929 2389/3592/6931 2399/3611/6932
f 2399/3611/6932 2389/3592/6931 2390/3593/6933 2400/3612/6934
f 2400/3612/6934 2390/3593/6933 2381/3594/6916 2391/3595/6915
s 18
f 2401/3613/6935 2391/3614/6936 2392/3615/6937 2402/3616/6938
f 2402/3616/6938 2392/3615/6937 2393/3617/6939 2403/3618/6940
f 2403/3618/6940 2393/3617/6939 2394/3619/6941 2404/3620/6942
f 2404/3621/6942 2394/3602/6941 2395/3603/6943 2405/3622/6944
f 2405/3622/6944 2395/3603/6943 2396/3604/6945 2406/3623/6946
f 2406/3624/6946 2396/3625/6945 2397/3626/6947 2407/3627/6948
f 2407/3627/6948 2397/3626/6947 2398/3628/6949 2408/3629/6950
f 2408/3629/6950 2398/3628/6949 2399/3630/6951 2409/3631/6952
f 2409/3632/6952 2399/3611/6951 2400/3612/6953 2410/3633/6954
f 2410/3633/6954 2400/3612/6953 2391/3595/6936 2401/3634/6935
f 2411/3635/6955 2401/3613/6935 2402/3616/6938 2412/3636/6956
f 2412/3636/6956 2402/3616/6938 2403/3618/6940 2413/3637/6957
f 2413/3637/6957 2403/3618/6940 2404/3620/6942 2414/3638/6958
f 2414/3638/6958 2404/3620/6942 2405/3639/6944 2415/3640/6959
f 2415/3640/6959 2405/3639/6944 2406/3624/6946 2416/3641/6960
f 2416/3641/6960 2406/3624/6946 2407/3627/6948 2417/3642/6961
f 2417/3642/6961 2407/3627/6948 2408/3629/6950 2418/3643/6962
f 2418/3643/6962 2408/3629/6950 2409/3631/6952 2419/3644/6963
f 2419/3644/6963 2409/3631/6952 2410/3645/6954 2420/3646/6964
f 2420/3646/6964 2410/3645/6954 2401/3613/6935 2411/3635/6955
s 19
f 2421/3647/6965 2411/3648/6966 2412/3649/6967 2422/3650/6968
f 2422/3651/6968 2412/3652/6967 2413/3653/6969 2423/3654/6970
f 2423/3655/6970 2413/3656/6969 2414/3657/6971 2424/3658/6972
f 2424/3658/6972 2414/3657/6971 2415/3659/6973 2425/3660/6974
f 2425/3660/6974 2415/3659/6973 2416/3661/6975 2426/3662/6976
f 2426/3662/6976 2416/3661/6975 2417/3663/6977 2427/3664/6978
f 2427/3665/6978 2417/3666/6977 2418/3667/6979 2428/3668/6980
f 2428/3669/6980 2418/3670/6979 2419/3671/6981 2429/3672/6982
f 2429/3672/6982 2419/3671/6981 2420/3673/6983 2430/3674/6984
f 2430/3674/6984 2420/3673/6983 2411/3648/6966 2421/3647/6965
s 9
f 2431/3399/6745 2421/3675/6985 2422/3676/6986 2433/3400/6746
f 2433/3400/6746 2422/3676/6986 2423/3677/6987 2434/3401/6747
f 2434/3401/6747 2423/3677/6987 2424/3678/6988 2435/3402/6748
f 2435/3402/6748 2424/3678/6988 2425/3679/6989 2436/3403/6749
f 2436/3403/6749 2425/3679/6989 2426/3680/6990 2437/3404/6750
f 2437/3404/6750 2426/3680/6990 2427/3681/6991 2438/3405/6751
f 2438/3405/6751 2427/3681/6991 2428/3682/6992 2439/3406/6752
f 2439/3406/6752 2428/3682/6992 2429/3683/6993 2440/3407/6753
f 2440/3407/6753 2429/3683/6993 2430/3684/6994 2441/3408/6754
f 2431/3399/6745 2441/3408/6754 2430/3684/6994 2421/3675/6985
g default
v 2.117877 4.583795 8.231961
v 2.204866 4.583795 8.781188
v 2.117876 4.583795 9.330418
v 1.865424 4.583795 9.825884
v 1.472219 4.583795 10.219092
v 0.976752 4.583795 10.471542
v 0.427524 4.583795 10.558535
v -0.121706 4.583795 10.471542
v -0.617173 4.583795 10.219092
v -1.010378 4.583795 9.825884
v -1.262831 4.583795 9.330418
v -1.349820 4.583795 8.781188
v -1.262831 4.583795 8.231961
v -1.010378 4.583795 7.736493
v -0.617173 4.583795 7.343286
v -0.121706 4.583795 7.090838
v 0.427524 4.583795 7.003847
v 0.976752 4.583795 7.090838
v 1.472219 4.583795 7.343286
v 1.865424 4.583795 7.736493
v 1.545885 5.344965 8.417810
v 1.603438 5.344965 8.781188
v 1.545884 5.344965 9.144567
v 1.378859 5.344965 9.472372
v 1.118708 5.344965 9.732527
v 0.790901 5.344965 9.899552
v 0.427524 5.344965 9.957103
v 0.064146 5.344965 9.899552
v -0.263662 5.344965 9.732527
v -0.523812 5.344965 9.472372
v -0.690839 5.344965 9.144567
v -0.748391 5.344965 8.781188
v -0.690839 5.344965 8.417810
v -0.523812 5.344965 8.090004
v -0.263662 5.344965 7.829855
v 0.064146 5.344965 7.662829
v 0.427524 5.344965 7.605271
v 0.790901 5.344965 7.662829
v 1.118709 5.344965 7.829855
v 1.378859 5.344965 8.090004
v 2.175702 4.229672 8.213172
v 2.265665 4.229672 8.781188
v 2.175699 4.229672 9.349205
v 1.914611 4.229672 9.861625
v 1.507955 4.229672 10.268278
v 0.995540 4.229672 10.529368
v 0.427524 4.229672 10.619333
v -0.140494 4.229672 10.529368
v -0.652910 4.229672 10.268278
v -1.059565 4.229672 9.861625
v -1.320653 4.229672 9.349205
v -1.410619 4.229672 8.781188
v -1.320653 4.229672 8.213172
v -1.059565 4.229672 7.700757
v -0.652910 4.229672 7.294099
v -0.140494 4.229672 7.033014
v 0.427524 4.229672 6.943043
v 0.995540 4.229672 7.033014
v 1.507957 4.229672 7.294098
v 1.914611 4.229672 7.700757
v 1.918163 4.952731 8.296854
v 1.994873 4.952731 8.781188
v 1.918162 4.952731 9.265524
v 1.695536 4.952731 9.702453
v 1.348788 4.952731 10.049202
v 0.911860 4.952731 10.271824
v 0.427524 4.952731 10.348541
v -0.056814 4.952731 10.271824
v -0.493741 4.952731 10.049202
v -0.840489 4.952731 9.702453
v -1.063115 4.952731 9.265524
v -1.139826 4.952731 8.781188
v -1.063115 4.952731 8.296854
v -0.840489 4.952731 7.859923
v -0.493741 4.952731 7.513174
v -0.056814 4.952731 7.290548
v 0.427524 4.952731 7.213836
v 0.911861 4.952731 7.290548
v 1.348789 4.952731 7.513174
v 1.695537 4.952731 7.859923
v 1.605874 5.534435 8.398320
v 1.666513 5.534435 8.781188
v 1.605873 5.534435 9.164057
v 1.429887 5.534435 9.509450
v 1.155783 5.534435 9.783554
v 0.810392 5.534435 9.959538
v 0.427524 5.534435 10.020181
v 0.044654 5.534435 9.959538
v -0.300737 5.534435 9.783554
v -0.574840 5.534435 9.509450
v -0.750827 5.534435 9.164057
v -0.811467 5.534435 8.781188
v -0.750827 5.534435 8.398320
v -0.574840 5.534435 8.052930
v -0.300737 5.534435 7.778824
v 0.044654 5.534435 7.602837
v 0.427524 5.534435 7.542196
v 0.810392 5.534435 7.602837
v 1.155785 5.534435 7.778824
v 1.429888 5.534435 8.052930
v 1.438387 5.534435 8.452739
v 1.490408 5.534435 8.781188
v 1.438386 5.534435 9.109638
v 1.287415 5.534435 9.405936
v 1.052271 5.534435 9.641079
v 0.755972 5.534435 9.792052
v 0.427524 5.534435 9.844073
v 0.099074 5.534435 9.792052
v -0.197225 5.534435 9.641079
v -0.432368 5.534435 9.405936
v -0.583341 5.534435 9.109638
v -0.635362 5.534435 8.781188
v -0.583341 5.534435 8.452739
v -0.432368 5.534435 8.156441
v -0.197225 5.534435 7.921295
v 0.099074 5.534435 7.770323
v 0.427524 5.534435 7.718301
v 0.755972 5.534435 7.770323
v 1.052272 5.534435 7.921295
v 1.287416 5.534435 8.156441
v 1.384336 5.313360 8.470300
v 1.433574 5.313360 8.781188
v 1.384336 5.313360 9.092076
v 1.241437 5.313360 9.372528
v 1.018865 5.313360 9.595099
v 0.738411 5.313360 9.737998
v 0.427524 5.313360 9.787240
v 0.116636 5.313360 9.737998
v -0.163819 5.313360 9.595099
v -0.386389 5.313360 9.372528
v -0.529289 5.313360 9.092076
v -0.578528 5.313360 8.781188
v -0.529289 5.313360 8.470300
v -0.386389 5.313360 8.189847
v -0.163819 5.313360 7.967275
v 0.116635 5.313360 7.824377
v 0.427524 5.313360 7.775135
v 0.738411 5.313360 7.824377
v 1.018866 5.313360 7.967275
v 1.241437 5.313360 8.189847
v 1.745329 3.202408 8.353012
v 1.548516 3.202408 7.966741
v 1.616879 3.308256 7.917075
v 1.825695 3.308256 8.326896
v 1.241972 3.202408 7.660199
v 1.291641 3.308256 7.591837
v 0.855704 3.202408 7.463386
v 0.881816 3.308256 7.383019
v 0.427524 3.202408 7.395568
v 0.427524 3.308256 7.311066
v -0.000658 3.202408 7.463386
v -0.026770 3.308256 7.383020
v -0.386924 3.202408 7.660199
v -0.436593 3.308256 7.591837
v -0.693468 3.202408 7.966741
v -0.761831 3.308256 7.917075
v -0.890282 3.202408 8.353012
v -0.970647 3.308256 8.326897
v -0.958097 3.202408 8.781190
v -1.042600 3.308256 8.781190
v -0.890282 3.202408 9.209374
v -0.970647 3.308256 9.235486
v -0.693468 3.202408 9.595641
v -0.761831 3.308256 9.645313
v -0.386924 3.202408 9.902185
v -0.436592 3.308256 9.970550
v -0.000658 3.202408 10.098993
v -0.026770 3.308256 10.179366
v 0.427524 3.202408 10.166813
v 0.427524 3.308256 10.251317
v 0.855704 3.202408 10.098993
v 0.881816 3.308256 10.179366
v 1.241972 3.202408 9.902185
v 1.291640 3.308256 9.970550
v 1.548516 3.202408 9.595641
v 1.616878 3.308256 9.645312
v 1.745329 3.202408 9.209374
v 1.825695 3.308256 9.235486
v 1.813146 3.202408 8.781190
v 1.897647 3.308256 8.781190
v 1.958271 3.483136 8.283817
v 2.037046 3.483136 8.781187
v 2.171068 3.790024 8.214676
v 2.260795 3.790024 8.781187
v 1.958271 3.483136 9.278562
v 2.171068 3.790024 9.347701
v 1.729655 3.483136 9.727240
v 1.910671 3.790024 9.858759
v 1.373577 3.483136 10.083319
v 1.505093 3.790024 10.264335
v 0.924893 3.483136 10.311937
v 0.994035 3.790024 10.524734
v 0.427524 3.483136 10.390713
v 0.427524 3.790024 10.614462
v -0.069847 3.483136 10.311937
v -0.138989 3.790024 10.524734
v -0.518530 3.483136 10.083319
v -0.650047 3.790024 10.264335
v -0.874609 3.483136 9.727247
v -1.055624 3.790024 9.858759
v -1.103223 3.483136 9.278562
v -1.316021 3.790024 9.347701
v -1.182000 3.483136 8.781187
v -1.405748 3.790024 8.781187
v -1.103223 3.483136 8.283817
v -1.316021 3.790024 8.214676
v -0.874609 3.483136 7.835135
v -1.055624 3.790024 7.703617
v -0.518530 3.483136 7.479055
v -0.650047 3.790024 7.298039
v -0.069847 3.483136 7.250438
v -0.138989 3.790024 7.037640
v 0.427524 3.483136 7.171663
v 0.427524 3.790024 6.947914
v 0.924893 3.483136 7.250438
v 0.994035 3.790024 7.037640
v 1.373578 3.483136 7.479054
v 1.505093 3.790024 7.298038
v 1.729656 3.483136 7.835135
v 1.910671 3.790024 7.703617
v 2.290331 4.210960 8.175926
v 2.386193 4.210960 8.781187
v 2.290329 4.210960 9.386451
v 2.012121 4.210960 9.932470
v 1.578800 4.210960 10.365787
v 1.032786 4.210960 10.643996
v 0.427524 4.210960 10.739859
v -0.177739 4.210960 10.643996
v -0.723754 4.210960 10.365787
v -1.157074 4.210960 9.932470
v -1.435282 4.210960 9.386451
v -1.531147 4.210960 8.781187
v -1.435282 4.210960 8.175926
v -1.157074 4.210960 7.629910
v -0.723754 4.210960 7.196589
v -0.177739 4.210960 6.918383
v 0.427524 4.210960 6.822515
v 1.032786 4.210960 6.918383
v 1.578801 4.210960 7.196589
v 2.012121 4.210960 7.629910
v 1.745329 3.059624 8.353007
v 1.548516 3.059624 7.966737
v 1.241972 3.059624 7.660195
v 0.855704 3.059624 7.463381
v 0.427524 3.059624 7.395564
v -0.000658 3.059624 7.463381
v -0.386924 3.059624 7.660195
v -0.693468 3.059624 7.966737
v -0.890282 3.059624 8.353007
v -0.958097 3.059624 8.781187
v -0.890282 3.059624 9.209371
v -0.693468 3.059624 9.595639
v -0.386924 3.059624 9.902180
v -0.000658 3.059624 10.098992
v 0.427524 3.059624 10.166809
v 0.855704 3.059624 10.098992
v 1.241972 3.059624 9.902180
v 1.548516 3.059624 9.595639
v 1.745329 3.059624 9.209371
v 1.813146 3.059624 8.781187
v 2.143283 3.891856 8.291297
v 2.231148 3.891856 8.781186
v 2.260074 4.109128 8.254934
v 2.353947 4.109128 8.781186
v 2.143283 3.891856 9.320758
v 2.215069 4.109128 9.327742
v 1.888286 3.891856 9.834053
v 1.469004 3.891856 10.214633
v 1.987633 4.109128 9.903220
v 1.541183 4.109128 10.309833
v 0.990659 3.891856 10.458982
v 1.028606 4.109128 10.570895
v 0.435895 3.891856 10.543180
v -0.120015 3.891856 10.458982
v 0.435895 4.109128 10.660850
v -0.157962 4.109128 10.570895
v -0.619329 3.891856 10.214633
v -0.691508 4.109128 10.309833
vt 0.789642 0.220678
vt 0.842759 0.338735
vt 0.825751 0.344028
vt 0.775508 0.230693
vt 0.855685 0.468492
vt 0.838611 0.468243
vt 0.827378 0.596484
vt 0.811925 0.590998
vt 0.761795 0.710766
vt 0.748093 0.699587
vt 0.661177 0.796442
vt 0.652790 0.782499
vt 0.539302 0.846785
vt 0.535890 0.830139
vt 0.408359 0.855637
vt 0.410502 0.838673
vt 0.281802 0.823579
vt 0.289462 0.807328
vt 0.171755 0.754408
vt 0.182964 0.742706
vt 0.089494 0.655057
vt 0.104674 0.646964
vt 0.041844 0.536057
vt 0.058695 0.532806
vt 0.032668 0.408911
vt 0.049869 0.410742
vt 0.061033 0.284402
vt 0.076704 0.291078
vt 0.127364 0.174789
vt 0.141003 0.186375
vt 0.224311 0.091620
vt 0.233350 0.106247
vt 0.342263 0.042472
vt 0.346433 0.059018
vt 0.469266 0.032731
vt 0.468432 0.050061
vt 0.593304 0.060284
vt 0.587583 0.076514
vt 0.704112 0.124210
vt 0.694479 0.137150
vt 0.679270 0.156930
vt 0.753830 0.245469
vt 0.723416 0.266429
vt 0.653514 0.190912
vt 0.578709 0.100770
vt 0.564535 0.138803
vt 0.466697 0.076297
vt 0.464665 0.112971
vt 0.352348 0.083812
vt 0.362237 0.121881
vt 0.246444 0.128481
vt 0.268929 0.162836
vt 0.159208 0.201782
vt 0.192758 0.231284
vt 0.100196 0.300661
vt 0.136406 0.316568
vt 0.075961 0.412922
vt 0.112286 0.416381
vt 0.083786 0.527562
vt 0.122561 0.519228
vt 0.127322 0.634343
vt 0.163109 0.613904
vt 0.199984 0.724266
vt 0.229214 0.693028
vt 0.300170 0.783544
vt 0.315642 0.750115
vt 0.413265 0.813349
vt 0.417001 0.773885
vt 0.530282 0.805367
vt 0.521199 0.766868
vt 0.639336 0.760839
vt 0.616244 0.723433
vt 0.727018 0.682446
vt 0.696495 0.656763
vt 0.787783 0.581898
vt 0.750658 0.567468
vt 0.813072 0.467429
vt 0.773207 0.465687
vt 0.801381 0.351369
vt 0.763315 0.362233
vt 0.646527 0.200233
vt 0.703730 0.261060
vt 0.685389 0.280227
vt 0.630002 0.221682
vt 0.568834 0.152692
vt 0.560886 0.173960
vt 0.548347 0.181725
vt 0.462963 0.163769
vt 0.365559 0.134763
vt 0.456959 0.125241
vt 0.459460 0.152159
vt 0.372254 0.161339
vt 0.285258 0.167860
vt 0.293334 0.192450
vt 0.294691 0.206151
vt 0.228672 0.262109
vt 0.147985 0.322434
vt 0.195452 0.247742
vt 0.215671 0.258459
vt 0.173347 0.333328
vt 0.126342 0.408235
vt 0.151080 0.417701
vt 0.163057 0.423301
vt 0.168417 0.510450
vt 0.200834 0.592844
vt 0.259493 0.660061
vt 0.334996 0.706952
vt 0.421800 0.727511
vt 0.510363 0.718777
vt 0.594191 0.687784
vt 0.661139 0.627710
vt 0.707726 0.551196
vt 0.726836 0.463975
vt 0.718496 0.375613
vt 0.682162 0.295501
vt 0.591464 0.269036
vt 0.640183 0.322926
vt 0.600865 0.348159
vt 0.561780 0.305845
vt 0.529314 0.232511
vt 0.512908 0.275785
vt 0.460028 0.216047
vt 0.457291 0.262139
vt 0.388777 0.223399
vt 0.399814 0.267067
vt 0.321961 0.249763
vt 0.347004 0.289818
vt 0.268128 0.296060
vt 0.303453 0.326499
vt 0.231577 0.358252
vt 0.274528 0.376150
vt 0.214960 0.428148
vt 0.260195 0.432123
vt 0.219564 0.499725
vt 0.264696 0.489727
vt 0.246788 0.566310
vt 0.287264 0.542502
vt 0.294328 0.620688
vt 0.325559 0.585604
vt 0.355843 0.658828
vt 0.374084 0.617461
vt 0.426351 0.676375
vt 0.430809 0.630886
vt 0.499325 0.671058
vt 0.488889 0.626029
vt 0.566272 0.642392
vt 0.542409 0.603236
vt 0.622619 0.595917
vt 0.585695 0.564991
vt 0.658359 0.532245
vt 0.615861 0.515700
vt 0.674672 0.461700
vt 0.629641 0.459074
vt 0.668597 0.389625
vt 0.624150 0.401203
vt 0.615079 0.240034
vt 0.671029 0.302849
vt 0.543577 0.194408
vt 0.462249 0.177139
vt 0.378783 0.186638
vt 0.301587 0.217381
vt 0.239296 0.271111
vt 0.197759 0.343091
vt 0.176272 0.424679
vt 0.181601 0.507770
vt 0.212710 0.586011
vt 0.268044 0.650358
vt 0.340360 0.694611
vt 0.422944 0.714304
vt 0.507508 0.706212
vt 0.587288 0.676378
vt 0.650918 0.619288
vt 0.695513 0.546483
vt 0.713501 0.463428
vt 0.705576 0.379299
vt 0.548621 0.381572
vt 0.523846 0.352199
vt 0.490198 0.333543
vt 0.452892 0.324715
vt 0.414762 0.326418
vt 0.380220 0.342588
vt 0.351227 0.367348
vt 0.331661 0.400227
vt 0.321323 0.437116
vt 0.325832 0.475052
vt 0.340821 0.510395
vt 0.364919 0.540578
vt 0.398205 0.560114
vt 0.435816 0.567822
vt 0.474164 0.565908
vt 0.509849 0.551219
vt 0.539698 0.526468
vt 0.558916 0.492812
vt 0.566969 0.455156
vt 0.563169 0.416925
vt 0.528182 0.394380
vt 0.507573 0.371739
vt 0.481918 0.354670
vt 0.451304 0.348431
vt 0.420928 0.351204
vt 0.392840 0.362809
vt 0.368981 0.382439
vt 0.353633 0.409358
vt 0.346798 0.439099
vt 0.348899 0.469566
vt 0.360419 0.498586
vt 0.381445 0.521291
vt 0.407351 0.537905
vt 0.437568 0.545420
vt 0.468672 0.542830
vt 0.497259 0.530706
vt 0.520125 0.510042
vt 0.536613 0.483975
vt 0.544357 0.453783
vt 0.540268 0.422829
vt 0.508814 0.406671
vt 0.492921 0.389310
vt 0.473304 0.375926
vt 0.449912 0.371166
vt 0.426438 0.373280
vt 0.404767 0.382296
vt 0.386951 0.397667
vt 0.374794 0.417901
vt 0.369504 0.440868
vt 0.370948 0.464498
vt 0.380199 0.486453
vt 0.396278 0.503952
vt 0.416213 0.516779
vt 0.439358 0.522499
vt 0.463247 0.520864
vt 0.485114 0.511241
vt 0.502589 0.495290
vt 0.515371 0.475354
vt 0.521405 0.452287
vt 0.518313 0.428497
vt 0.481074 0.424372
vt 0.472312 0.414160
vt 0.460726 0.407363
vt 0.447790 0.404193
vt 0.434502 0.405201
vt 0.422150 0.410225
vt 0.411883 0.418770
vt 0.405275 0.430326
vt 0.402455 0.443392
vt 0.403795 0.456700
vt 0.408671 0.469219
vt 0.417226 0.479558
vt 0.428829 0.486352
vt 0.441927 0.489341
vt 0.455278 0.488016
vt 0.467678 0.483107
vt 0.477903 0.474554
vt 0.484631 0.462988
vt 0.487415 0.449968
vt 0.486298 0.436715
vt 0.623182 0.230223
vt 0.375409 0.174009
vt 0.185955 0.338157
vt 0.806500 0.208550
vt 0.862500 0.332588
vt 0.876346 0.469042
vt 0.846895 0.603463
vt 0.777338 0.723381
vt 0.671853 0.814154
vt 0.543623 0.866973
vt 0.405881 0.876178
vt 0.272869 0.842270
vt 0.157482 0.769355
vt 0.071303 0.664980
vt 0.021511 0.540096
vt 0.012000 0.406989
vt 0.041876 0.276644
vt 0.111193 0.160997
vt 0.213597 0.073864
vt 0.337483 0.022355
vt 0.470555 0.012000
vt 0.600378 0.040788
vt 0.716498 0.107695
vt 0.760138 0.751994
vt 0.709125 0.812243
vt 0.729860 0.778078
vt 0.796993 0.736542
vt 0.699962 0.851142
vt 0.836820 0.733236
vt 0.703268 0.890969
vt 0.875720 0.742399
vt 0.718720 0.927825
vt 0.744804 0.958102
vt 0.909884 0.763134
vt 0.935969 0.793411
vt 0.778968 0.978837
vt 0.951420 0.830267
vt 0.817867 0.988000
vt 0.954726 0.870094
vt 0.857695 0.984694
vt 0.894551 0.969242
vt 0.945563 0.908994
vt 0.924828 0.943158
vn 0.743257 -0.623898 -0.241496
vn 0.632252 -0.623896 -0.459359
vn 0.632253 -0.623896 -0.459357
vn 0.743255 -0.623898 -0.241501
vn 0.632252 -0.623896 -0.459359
vn 0.459359 -0.623896 -0.632253
vn 0.459359 -0.623896 -0.632253
vn 0.632253 -0.623896 -0.459357
vn 0.459359 -0.623896 -0.632253
vn 0.241499 -0.623898 -0.743256
vn 0.241499 -0.623898 -0.743256
vn 0.459359 -0.623896 -0.632253
vn 0.241499 -0.623898 -0.743256
vn 0.000000 -0.623898 -0.781506
vn 0.000000 -0.623898 -0.781506
vn 0.241499 -0.623898 -0.743256
vn 0.000000 -0.623898 -0.781506
vn -0.241500 -0.623898 -0.743256
vn -0.241500 -0.623898 -0.743256
vn 0.000000 -0.623898 -0.781506
vn -0.241500 -0.623898 -0.743256
vn -0.459359 -0.623895 -0.632253
vn -0.459360 -0.623895 -0.632253
vn -0.241500 -0.623898 -0.743256
vn -0.459359 -0.623895 -0.632253
vn -0.632252 -0.623894 -0.459361
vn -0.632254 -0.623894 -0.459359
vn -0.459360 -0.623895 -0.632253
vn -0.632252 -0.623894 -0.459361
vn -0.743255 -0.623900 -0.241497
vn -0.743254 -0.623900 -0.241500
vn -0.632254 -0.623894 -0.459359
vn -0.743255 -0.623900 -0.241497
vn -0.781502 -0.623902 0.000000
vn -0.781503 -0.623902 0.000000
vn -0.743254 -0.623900 -0.241500
vn -0.781502 -0.623902 0.000000
vn -0.743254 -0.623902 0.241496
vn -0.743253 -0.623902 0.241496
vn -0.781503 -0.623902 0.000000
vn -0.743254 -0.623902 0.241496
vn -0.632249 -0.623903 0.459355
vn -0.632247 -0.623903 0.459357
vn -0.743253 -0.623902 0.241496
vn -0.632249 -0.623903 0.459355
vn -0.459351 -0.623909 0.632246
vn -0.459351 -0.623909 0.632246
vn -0.632247 -0.623903 0.459357
vn -0.459351 -0.623909 0.632246
vn -0.241495 -0.623915 0.743243
vn -0.241493 -0.623915 0.743244
vn -0.459351 -0.623909 0.632246
vn -0.241495 -0.623915 0.743243
vn 0.000000 -0.623917 0.781491
vn 0.000000 -0.623917 0.781491
vn -0.241493 -0.623915 0.743244
vn 0.000000 -0.623917 0.781491
vn 0.241494 -0.623914 0.743244
vn 0.241492 -0.623914 0.743245
vn 0.000000 -0.623917 0.781491
vn 0.241494 -0.623914 0.743244
vn 0.459352 -0.623907 0.632247
vn 0.459352 -0.623907 0.632247
vn 0.241492 -0.623914 0.743245
vn 0.459352 -0.623907 0.632247
vn 0.632252 -0.623899 0.459356
vn 0.632250 -0.623899 0.459358
vn 0.459352 -0.623907 0.632247
vn 0.632252 -0.623899 0.459356
vn 0.743259 -0.623895 0.241498
vn 0.743259 -0.623895 0.241498
vn 0.632250 -0.623899 0.459358
vn 0.743259 -0.623895 0.241498
vn 0.781508 -0.623895 0.000001
vn 0.781508 -0.623895 0.000001
vn 0.743259 -0.623895 0.241498
vn 0.781508 -0.623895 0.000001
vn 0.743257 -0.623898 -0.241496
vn 0.743255 -0.623898 -0.241501
vn 0.781508 -0.623895 0.000001
vn 0.799905 -0.600126 0.000000
vn 0.760755 -0.600127 -0.247184
vn 0.817742 -0.470194 -0.331987
vn 0.808040 -0.589127 0.000000
vn 0.760756 -0.600125 0.247185
vn 0.799905 -0.600126 0.000000
vn 0.808040 -0.589127 0.000000
vn 0.817742 -0.470194 0.331987
vn 0.647138 -0.600123 0.470174
vn 0.760756 -0.600125 0.247185
vn 0.817742 -0.470194 0.331987
vn 0.749240 -0.470195 0.466430
vn 0.470176 -0.600121 0.647139
vn 0.647138 -0.600123 0.470174
vn 0.749240 -0.470195 0.466430
vn 0.474954 -0.589129 0.653717
vn 0.247187 -0.600122 0.760758
vn 0.470176 -0.600121 0.647139
vn 0.474954 -0.589129 0.653717
vn 0.212074 -0.470194 0.856704
vn 0.000000 -0.600123 0.799908
vn 0.247187 -0.600122 0.760758
vn 0.212074 -0.470194 0.856704
vn 0.063043 -0.470194 0.880309
vn -0.247188 -0.600122 0.760758
vn 0.000000 -0.600123 0.799908
vn 0.063043 -0.470194 0.880309
vn -0.249700 -0.589129 0.768490
vn -0.470174 -0.600122 0.647140
vn -0.247188 -0.600122 0.760758
vn -0.249700 -0.589129 0.768490
vn -0.568434 -0.470195 0.675129
vn -0.647138 -0.600123 0.470175
vn -0.470174 -0.600122 0.647140
vn -0.568434 -0.470195 0.675129
vn -0.734824 -0.418336 0.533881
vn -0.760757 -0.600125 0.247184
vn -0.647138 -0.600123 0.470175
vn -0.734824 -0.418336 0.533881
vn -0.863838 -0.418335 0.280677
vn -0.799905 -0.600126 0.000000
vn -0.760757 -0.600125 0.247184
vn -0.863838 -0.418335 0.280677
vn -0.908293 -0.418335 0.000000
vn -0.760754 -0.600127 -0.247185
vn -0.799905 -0.600126 0.000000
vn -0.908293 -0.418335 0.000000
vn -0.863838 -0.418335 -0.280678
vn -0.647136 -0.600129 -0.470171
vn -0.760754 -0.600127 -0.247185
vn -0.863838 -0.418335 -0.280678
vn -0.734824 -0.418335 -0.533881
vn -0.470172 -0.600130 -0.647134
vn -0.647136 -0.600129 -0.470171
vn -0.734824 -0.418335 -0.533881
vn -0.533882 -0.418335 -0.734824
vn -0.247183 -0.600130 -0.760752
vn -0.470172 -0.600130 -0.647134
vn -0.533882 -0.418335 -0.734824
vn -0.280679 -0.418334 -0.863838
vn 0.000000 -0.600131 -0.799902
vn -0.247183 -0.600130 -0.760752
vn -0.280679 -0.418334 -0.863838
vn 0.000000 -0.418335 -0.908293
vn 0.247183 -0.600130 -0.760752
vn 0.000000 -0.600131 -0.799902
vn 0.000000 -0.418335 -0.908293
vn 0.280678 -0.418334 -0.863838
vn 0.470172 -0.600130 -0.647134
vn 0.247183 -0.600130 -0.760752
vn 0.280678 -0.418334 -0.863838
vn 0.533882 -0.418335 -0.734824
vn 0.647136 -0.600129 -0.470171
vn 0.470172 -0.600130 -0.647134
vn 0.533882 -0.418335 -0.734824
vn 0.734824 -0.418336 -0.533881
vn 0.760755 -0.600127 -0.247184
vn 0.647136 -0.600129 -0.470171
vn 0.734824 -0.418336 -0.533881
vn 0.817742 -0.470194 -0.331987
vn 0.891777 -0.452089 0.018684
vn 0.859801 -0.486924 -0.153777
vn 0.859801 -0.486924 -0.153777
vn 0.891606 -0.452492 0.017030
vn 0.895461 -0.403983 0.186940
vn 0.891777 -0.452089 0.018684
vn 0.891606 -0.452492 0.017030
vn 0.895461 -0.403983 0.186940
vn 0.749240 -0.470195 0.466430
vn 0.817742 -0.470194 0.331987
vn 0.854773 -0.282274 0.435528
vn 0.854773 -0.282274 0.435528
vn 0.499936 -0.480200 0.720744
vn 0.590614 -0.478821 0.649542
vn 0.590614 -0.478821 0.649542
vn 0.502505 -0.480247 0.718924
vn 0.399835 -0.474965 0.783926
vn 0.499936 -0.480200 0.720744
vn 0.502505 -0.480247 0.718924
vn 0.399835 -0.474965 0.783926
vn 0.063043 -0.470194 0.880309
vn 0.212074 -0.470194 0.856704
vn 0.150073 -0.282271 0.947524
vn 0.150073 -0.282271 0.947524
vn -0.260266 -0.477697 0.839087
vn -0.132025 -0.472040 0.871635
vn -0.132025 -0.472040 0.871635
vn -0.262147 -0.477718 0.838489
vn -0.386827 -0.474810 0.790519
vn -0.260266 -0.477697 0.839087
vn -0.262147 -0.477718 0.838489
vn -0.386826 -0.474810 0.790519
vn -0.734824 -0.418336 0.533881
vn -0.568434 -0.470195 0.675129
vn -0.678349 -0.282277 0.678353
vn -0.775342 -0.285509 0.563320
vn -0.863838 -0.418335 0.280677
vn -0.734824 -0.418336 0.533881
vn -0.775342 -0.285509 0.563320
vn -0.911471 -0.285507 0.296154
vn -0.908293 -0.418335 0.000000
vn -0.863838 -0.418335 0.280677
vn -0.911471 -0.285507 0.296154
vn -0.958377 -0.285506 0.000000
vn -0.863838 -0.418335 -0.280678
vn -0.908293 -0.418335 0.000000
vn -0.958377 -0.285506 0.000000
vn -0.911471 -0.285506 -0.296155
vn -0.734824 -0.418335 -0.533881
vn -0.863838 -0.418335 -0.280678
vn -0.911471 -0.285506 -0.296155
vn -0.775344 -0.285506 -0.563319
vn -0.533882 -0.418335 -0.734824
vn -0.734824 -0.418335 -0.533881
vn -0.775344 -0.285506 -0.563319
vn -0.563320 -0.285505 -0.775344
vn -0.280679 -0.418334 -0.863838
vn -0.533882 -0.418335 -0.734824
vn -0.563320 -0.285505 -0.775344
vn -0.296156 -0.285504 -0.911471
vn 0.000000 -0.418335 -0.908293
vn -0.280679 -0.418334 -0.863838
vn -0.296156 -0.285504 -0.911471
vn 0.000000 -0.285504 -0.958378
vn 0.280678 -0.418334 -0.863838
vn 0.000000 -0.418335 -0.908293
vn 0.000000 -0.285504 -0.958378
vn 0.296156 -0.285503 -0.911471
vn 0.533882 -0.418335 -0.734824
vn 0.280678 -0.418334 -0.863838
vn 0.296156 -0.285503 -0.911471
vn 0.563320 -0.285504 -0.775344
vn 0.734824 -0.418336 -0.533881
vn 0.533882 -0.418335 -0.734824
vn 0.563320 -0.285504 -0.775344
vn 0.775343 -0.285506 -0.563319
vn 0.817742 -0.470194 -0.331987
vn 0.734824 -0.418336 -0.533881
vn 0.775343 -0.285506 -0.563319
vn 0.854772 -0.282274 -0.435529
vn 0.940859 0.338799 0.000001
vn 0.894810 0.338800 -0.290741
vn 0.758638 0.603082 -0.246496
vn 0.797679 0.603082 0.000000
vn 0.894810 0.338799 0.290741
vn 0.940859 0.338799 0.000001
vn 0.797679 0.603082 0.000000
vn 0.758638 0.603082 0.246496
vn 0.761171 0.338801 0.553021
vn 0.894810 0.338799 0.290741
vn 0.758638 0.603082 0.246496
vn 0.645336 0.603082 0.468863
vn 0.553022 0.338802 0.761170
vn 0.761171 0.338801 0.553021
vn 0.645336 0.603082 0.468863
vn 0.468864 0.603083 0.645335
vn 0.290741 0.338802 0.894809
vn 0.553022 0.338802 0.761170
vn 0.468864 0.603083 0.645335
vn 0.246496 0.603083 0.758637
vn 0.000000 0.338803 0.940857
vn 0.290741 0.338802 0.894809
vn 0.246496 0.603083 0.758637
vn 0.000000 0.603083 0.797678
vn -0.290741 0.338803 0.894808
vn 0.000000 0.338803 0.940857
vn 0.000000 0.603083 0.797678
vn -0.246496 0.603083 0.758637
vn -0.553022 0.338803 0.761170
vn -0.290741 0.338803 0.894808
vn -0.246496 0.603083 0.758637
vn -0.468864 0.603083 0.645335
vn -0.761171 0.338801 0.553021
vn -0.553022 0.338803 0.761170
vn -0.468864 0.603083 0.645335
vn -0.645336 0.603083 0.468863
vn -0.894810 0.338800 0.290741
vn -0.761171 0.338801 0.553021
vn -0.645336 0.603083 0.468863
vn -0.758637 0.603083 0.246496
vn -0.940859 0.338799 0.000000
vn -0.894810 0.338800 0.290741
vn -0.758637 0.603083 0.246496
vn -0.797679 0.603083 0.000000
vn -0.894810 0.338799 -0.290742
vn -0.940859 0.338799 0.000000
vn -0.797679 0.603083 0.000000
vn -0.758638 0.603083 -0.246496
vn -0.761172 0.338799 -0.553021
vn -0.894810 0.338799 -0.290742
vn -0.758638 0.603083 -0.246496
vn -0.645336 0.603083 -0.468863
vn -0.553022 0.338798 -0.761171
vn -0.761172 0.338799 -0.553021
vn -0.645336 0.603083 -0.468863
vn -0.468863 0.603083 -0.645335
vn -0.290740 0.338798 -0.894811
vn -0.553022 0.338798 -0.761171
vn -0.468863 0.603083 -0.645335
vn -0.246496 0.603081 -0.758639
vn 0.000000 0.338798 -0.940859
vn -0.290740 0.338798 -0.894811
vn -0.246496 0.603081 -0.758639
vn -0.000000 0.603080 -0.797680
vn 0.290740 0.338798 -0.894811
vn 0.000000 0.338798 -0.940859
vn -0.000000 0.603080 -0.797680
vn 0.246497 0.603081 -0.758639
vn 0.553022 0.338799 -0.761171
vn 0.290740 0.338798 -0.894811
vn 0.246497 0.603081 -0.758639
vn 0.468863 0.603083 -0.645336
vn 0.761172 0.338800 -0.553021
vn 0.553022 0.338799 -0.761171
vn 0.468863 0.603083 -0.645336
vn 0.645336 0.603082 -0.468863
vn 0.894810 0.338800 -0.290741
vn 0.761172 0.338800 -0.553021
vn 0.645336 0.603082 -0.468863
vn 0.758638 0.603082 -0.246496
vn 0.985580 0.169213 0.000001
vn 0.937342 0.169215 -0.304561
vn 0.894810 0.338800 -0.290741
vn 0.940859 0.338799 0.000001
vn 0.937342 0.169214 0.304560
vn 0.985580 0.169213 0.000001
vn 0.940859 0.338799 0.000001
vn 0.894810 0.338799 0.290741
vn 0.797351 0.169215 0.579308
vn 0.937342 0.169214 0.304560
vn 0.894810 0.338799 0.290741
vn 0.761171 0.338801 0.553021
vn 0.579309 0.169215 0.797350
vn 0.797351 0.169215 0.579308
vn 0.761171 0.338801 0.553021
vn 0.553022 0.338802 0.761170
vn 0.304560 0.169215 0.937342
vn 0.579309 0.169215 0.797350
vn 0.553022 0.338802 0.761170
vn 0.290741 0.338802 0.894809
vn 0.000000 0.169215 0.985579
vn 0.304560 0.169215 0.937342
vn 0.290741 0.338802 0.894809
vn 0.000000 0.338803 0.940857
vn -0.304560 0.169215 0.937342
vn 0.000000 0.169215 0.985579
vn 0.000000 0.338803 0.940857
vn -0.290741 0.338803 0.894808
vn -0.579309 0.169215 0.797351
vn -0.304560 0.169215 0.937342
vn -0.290741 0.338803 0.894808
vn -0.553022 0.338803 0.761170
vn -0.797350 0.169215 0.579309
vn -0.579309 0.169215 0.797351
vn -0.553022 0.338803 0.761170
vn -0.761171 0.338801 0.553021
vn -0.937342 0.169213 0.304560
vn -0.797350 0.169215 0.579309
vn -0.761171 0.338801 0.553021
vn -0.894810 0.338800 0.290741
vn -0.985580 0.169212 0.000000
vn -0.937342 0.169213 0.304560
vn -0.894810 0.338800 0.290741
vn -0.940859 0.338799 0.000000
vn -0.937342 0.169212 -0.304562
vn -0.985580 0.169212 0.000000
vn -0.940859 0.338799 0.000000
vn -0.894810 0.338799 -0.290742
vn -0.797352 0.169212 -0.579308
vn -0.937342 0.169212 -0.304562
vn -0.894810 0.338799 -0.290742
vn -0.761172 0.338799 -0.553021
vn -0.579308 0.169213 -0.797351
vn -0.797352 0.169212 -0.579308
vn -0.761172 0.338799 -0.553021
vn -0.553022 0.338798 -0.761171
vn -0.304559 0.169216 -0.937342
vn -0.579308 0.169213 -0.797351
vn -0.553022 0.338798 -0.761171
vn -0.290740 0.338798 -0.894811
vn 0.000000 0.169220 -0.985578
vn -0.304559 0.169216 -0.937342
vn -0.290740 0.338798 -0.894811
vn 0.000000 0.338798 -0.940859
vn 0.304559 0.169217 -0.937342
vn 0.000000 0.169220 -0.985578
vn 0.000000 0.338798 -0.940859
vn 0.290740 0.338798 -0.894811
vn 0.579308 0.169214 -0.797351
vn 0.304559 0.169217 -0.937342
vn 0.290740 0.338798 -0.894811
vn 0.553022 0.338799 -0.761171
vn 0.797352 0.169214 -0.579307
vn 0.579308 0.169214 -0.797351
vn 0.553022 0.338799 -0.761171
vn 0.761172 0.338800 -0.553021
vn 0.937342 0.169215 -0.304561
vn 0.797352 0.169214 -0.579307
vn 0.761172 0.338800 -0.553021
vn 0.894810 0.338800 -0.290741
vn 0.781966 -0.623321 0.000001
vn 0.743693 -0.623322 -0.241640
vn 0.760755 -0.600127 -0.247184
vn 0.799905 -0.600126 0.000000
vn 0.743698 -0.623316 0.241642
vn 0.781966 -0.623321 0.000001
vn 0.799905 -0.600126 0.000000
vn 0.760756 -0.600125 0.247185
vn 0.632630 -0.623308 0.459637
vn 0.743698 -0.623316 0.241642
vn 0.760756 -0.600125 0.247185
vn 0.647138 -0.600123 0.470174
vn 0.459637 -0.623303 0.632636
vn 0.632630 -0.623308 0.459637
vn 0.647138 -0.600123 0.470174
vn 0.470176 -0.600121 0.647139
vn 0.241645 -0.623305 0.743706
vn 0.459637 -0.623303 0.632636
vn 0.470176 -0.600121 0.647139
vn 0.247187 -0.600122 0.760758
vn 0.000000 -0.623307 0.781977
vn 0.241645 -0.623305 0.743706
vn 0.247187 -0.600122 0.760758
vn 0.000000 -0.600123 0.799908
vn -0.241646 -0.623305 0.743706
vn 0.000000 -0.623307 0.781977
vn 0.000000 -0.600123 0.799908
vn -0.247188 -0.600122 0.760758
vn -0.459633 -0.623306 0.632635
vn -0.241646 -0.623305 0.743706
vn -0.247188 -0.600122 0.760758
vn -0.470174 -0.600122 0.647140
vn -0.632627 -0.623314 0.459633
vn -0.459633 -0.623306 0.632635
vn -0.470174 -0.600122 0.647140
vn -0.647138 -0.600123 0.470175
vn -0.743697 -0.623318 0.241640
vn -0.632627 -0.623314 0.459633
vn -0.647138 -0.600123 0.470175
vn -0.760757 -0.600125 0.247184
vn -0.781968 -0.623319 0.000001
vn -0.743697 -0.623318 0.241640
vn -0.760757 -0.600125 0.247184
vn -0.799905 -0.600126 0.000000
vn -0.743693 -0.623322 -0.241640
vn -0.781968 -0.623319 0.000001
vn -0.799905 -0.600126 0.000000
vn -0.760754 -0.600127 -0.247185
vn -0.632621 -0.623326 -0.459625
vn -0.743693 -0.623322 -0.241640
vn -0.760754 -0.600127 -0.247185
vn -0.647136 -0.600129 -0.470171
vn -0.459626 -0.623330 -0.632617
vn -0.632621 -0.623326 -0.459625
vn -0.647136 -0.600129 -0.470171
vn -0.470172 -0.600130 -0.647134
vn -0.241639 -0.623331 -0.743686
vn -0.459626 -0.623330 -0.632617
vn -0.470172 -0.600130 -0.647134
vn -0.247183 -0.600130 -0.760752
vn 0.000000 -0.623331 -0.781958
vn -0.241639 -0.623331 -0.743686
vn -0.247183 -0.600130 -0.760752
vn 0.000000 -0.600131 -0.799902
vn 0.241638 -0.623331 -0.743686
vn 0.000000 -0.623331 -0.781958
vn 0.000000 -0.600131 -0.799902
vn 0.247183 -0.600130 -0.760752
vn 0.459626 -0.623329 -0.632617
vn 0.241638 -0.623331 -0.743686
vn 0.247183 -0.600130 -0.760752
vn 0.470172 -0.600130 -0.647134
vn 0.632622 -0.623325 -0.459626
vn 0.459626 -0.623329 -0.632617
vn 0.470172 -0.600130 -0.647134
vn 0.647136 -0.600129 -0.470171
vn 0.743693 -0.623322 -0.241640
vn 0.632622 -0.623325 -0.459626
vn 0.647136 -0.600129 -0.470171
vn 0.760755 -0.600127 -0.247184
vn 0.797679 0.603082 0.000000
vn 0.758638 0.603082 -0.246496
vn 0.673184 0.706385 -0.218731
vn 0.707828 0.706385 0.000000
vn 0.758638 0.603082 0.246496
vn 0.797679 0.603082 0.000000
vn 0.707828 0.706385 0.000000
vn 0.673184 0.706385 0.218731
vn 0.645336 0.603082 0.468863
vn 0.758638 0.603082 0.246496
vn 0.673184 0.706385 0.218731
vn 0.572645 0.706385 0.416050
vn 0.468864 0.603083 0.645335
vn 0.645336 0.603082 0.468863
vn 0.572645 0.706385 0.416050
vn 0.416051 0.706384 0.572645
vn 0.246496 0.603083 0.758637
vn 0.468864 0.603083 0.645335
vn 0.416051 0.706384 0.572645
vn 0.218730 0.706384 0.673186
vn 0.000000 0.603083 0.797678
vn 0.246496 0.603083 0.758637
vn 0.218730 0.706384 0.673186
vn 0.000000 0.706385 0.707828
vn -0.246496 0.603083 0.758637
vn 0.000000 0.603083 0.797678
vn 0.000000 0.706385 0.707828
vn -0.218731 0.706383 0.673186
vn -0.468864 0.603083 0.645335
vn -0.246496 0.603083 0.758637
vn -0.218731 0.706383 0.673186
vn -0.416052 0.706384 0.572645
vn -0.645336 0.603083 0.468863
vn -0.468864 0.603083 0.645335
vn -0.416052 0.706384 0.572645
vn -0.572645 0.706385 0.416050
vn -0.758637 0.603083 0.246496
vn -0.645336 0.603083 0.468863
vn -0.572645 0.706385 0.416050
vn -0.673184 0.706385 0.218732
vn -0.797679 0.603083 0.000000
vn -0.758637 0.603083 0.246496
vn -0.673184 0.706385 0.218732
vn -0.707828 0.706385 0.000000
vn -0.758638 0.603083 -0.246496
vn -0.797679 0.603083 0.000000
vn -0.707828 0.706385 0.000000
vn -0.673184 0.706385 -0.218732
vn -0.645336 0.603083 -0.468863
vn -0.758638 0.603083 -0.246496
vn -0.673184 0.706385 -0.218732
vn -0.572644 0.706386 -0.416050
vn -0.468863 0.603083 -0.645335
vn -0.645336 0.603083 -0.468863
vn -0.572644 0.706386 -0.416050
vn -0.416050 0.706388 -0.572642
vn -0.246496 0.603081 -0.758639
vn -0.468863 0.603083 -0.645335
vn -0.416050 0.706388 -0.572642
vn -0.218733 0.706388 -0.673181
vn -0.000000 0.603080 -0.797680
vn -0.246496 0.603081 -0.758639
vn -0.218733 0.706388 -0.673181
vn -0.000000 0.706387 -0.707826
vn 0.246497 0.603081 -0.758639
vn -0.000000 0.603080 -0.797680
vn -0.000000 0.706387 -0.707826
vn 0.218732 0.706387 -0.673181
vn 0.468863 0.603083 -0.645336
vn 0.246497 0.603081 -0.758639
vn 0.218732 0.706387 -0.673181
vn 0.416049 0.706387 -0.572643
vn 0.645336 0.603082 -0.468863
vn 0.468863 0.603083 -0.645336
vn 0.416049 0.706387 -0.572643
vn 0.572644 0.706386 -0.416051
vn 0.758638 0.603082 -0.246496
vn 0.645336 0.603082 -0.468863
vn 0.572644 0.706386 -0.416051
vn 0.673184 0.706385 -0.218731
vn 0.938271 -0.312352 -0.148605
vn 0.938271 -0.312352 -0.148605
vn 0.938271 -0.312352 -0.148605
vn 0.938271 -0.312352 -0.148605
vn 0.938271 -0.312352 0.148606
vn 0.938271 -0.312352 0.148606
vn 0.938271 -0.312352 0.148606
vn 0.938271 -0.312352 0.148606
vn 0.846426 -0.312351 0.431276
vn 0.846426 -0.312351 0.431276
vn 0.846426 -0.312351 0.431276
vn 0.846426 -0.312351 0.431276
vn 0.671729 -0.312355 0.671725
vn 0.671729 -0.312355 0.671725
vn 0.671729 -0.312355 0.671725
vn 0.671729 -0.312355 0.671725
vn 0.431271 -0.312344 0.846431
vn 0.431271 -0.312344 0.846431
vn 0.431271 -0.312344 0.846432
vn 0.431271 -0.312344 0.846431
vn 0.148611 -0.312352 0.938270
vn 0.148611 -0.312352 0.938270
vn 0.148611 -0.312352 0.938270
vn 0.148611 -0.312352 0.938270
vn -0.148611 -0.312352 0.938270
vn -0.148611 -0.312352 0.938270
vn -0.148611 -0.312352 0.938270
vn -0.148611 -0.312352 0.938270
vn -0.431271 -0.312343 0.846432
vn -0.431272 -0.312343 0.846432
vn -0.431271 -0.312343 0.846432
vn -0.431271 -0.312343 0.846432
vn -0.671731 -0.312356 0.671722
vn -0.671731 -0.312356 0.671722
vn -0.671731 -0.312356 0.671722
vn -0.671731 -0.312356 0.671722
vn -0.846425 -0.312354 0.431277
vn -0.846425 -0.312354 0.431277
vn -0.846425 -0.312354 0.431277
vn -0.846425 -0.312354 0.431277
vn -0.938271 -0.312350 0.148607
vn -0.938272 -0.312350 0.148607
vn -0.938271 -0.312350 0.148607
vn -0.938272 -0.312350 0.148607
vn -0.938272 -0.312349 -0.148608
vn -0.938272 -0.312349 -0.148608
vn -0.938272 -0.312349 -0.148608
vn -0.938272 -0.312349 -0.148608
vn -0.846425 -0.312351 -0.431280
vn -0.846425 -0.312351 -0.431280
vn -0.846425 -0.312351 -0.431280
vn -0.846425 -0.312351 -0.431280
vn -0.671729 -0.312354 -0.671726
vn -0.671729 -0.312354 -0.671726
vn -0.671729 -0.312354 -0.671726
vn -0.671729 -0.312354 -0.671726
vn -0.431275 -0.312363 -0.846422
vn -0.431275 -0.312363 -0.846422
vn -0.431275 -0.312363 -0.846422
vn -0.431275 -0.312363 -0.846422
vn -0.148614 -0.312360 -0.938267
vn -0.148614 -0.312360 -0.938267
vn -0.148614 -0.312360 -0.938267
vn -0.148614 -0.312360 -0.938267
vn 0.148614 -0.312360 -0.938267
vn 0.148614 -0.312360 -0.938267
vn 0.148614 -0.312360 -0.938267
vn 0.148614 -0.312360 -0.938267
vn 0.431274 -0.312364 -0.846423
vn 0.431274 -0.312364 -0.846423
vn 0.431274 -0.312364 -0.846423
vn 0.431274 -0.312364 -0.846423
vn 0.671729 -0.312354 -0.671726
vn 0.671729 -0.312354 -0.671726
vn 0.671729 -0.312354 -0.671726
vn 0.671729 -0.312354 -0.671726
vn 0.846426 -0.312349 -0.431279
vn 0.846426 -0.312349 -0.431279
vn 0.846426 -0.312349 -0.431279
vn 0.846426 -0.312349 -0.431279
vn 0.000000 1.000000 0.000001
vn 0.000000 1.000000 0.000001
vn 0.000000 1.000000 0.000001
vn 0.000000 1.000000 0.000001
vn 0.000000 1.000000 0.000000
vn 0.000000 1.000000 0.000000
vn 0.000000 1.000000 0.000000
vn 0.000000 1.000000 0.000000
vn 0.000000 1.000000 0.000000
vn 0.000000 1.000000 0.000000
vn 0.000000 1.000000 0.000000
vn 0.000000 1.000000 0.000000
vn 0.000000 1.000000 0.000000
vn 0.000000 1.000000 0.000000
vn 0.000000 1.000000 0.000000
vn 0.000000 1.000000 0.000000
vn 0.000000 1.000000 -0.000001
vn 0.000000 1.000000 -0.000001
vn 0.000000 1.000000 -0.000001
vn 0.000000 1.000000 -0.000001
vn 0.000000 1.000000 -0.000003
vn 0.000000 1.000000 -0.000003
vn 0.000000 1.000000 -0.000003
vn 0.000000 1.000000 -0.000003
vn 0.000000 1.000000 -0.000001
vn 0.000000 1.000000 -0.000001
vn 0.000000 1.000000 -0.000001
vn 0.000000 1.000000 -0.000001
vn 0.000000 1.000000 -0.000001
vn 0.000000 1.000000 -0.000001
vn 0.000000 1.000000 -0.000001
vn 0.000000 1.000000 -0.000001
vn 0.000000 1.000000 0.000003
vn 0.000000 1.000000 0.000003
vn 0.000000 1.000000 0.000003
vn 0.000000 1.000000 0.000003
vn 0.000000 1.000000 0.000001
vn 0.000000 1.000000 0.000001
vn 0.000000 1.000000 0.000001
vn 0.000000 1.000000 0.000001
vn 0.000000 1.000000 -0.000001
vn 0.000000 1.000000 -0.000001
vn 0.000000 1.000000 -0.000001
vn 0.000000 1.000000 -0.000001
vn 0.000000 1.000000 0.000000
vn 0.000000 1.000000 0.000000
vn 0.000000 1.000000 0.000000
vn 0.000000 1.000000 0.000000
vn 0.000000 1.000000 0.000000
vn 0.000000 1.000000 0.000000
vn 0.000000 1.000000 0.000000
vn 0.000000 1.000000 0.000000
vn 0.000000 1.000000 -0.000001
vn 0.000000 1.000000 -0.000001
vn 0.000000 1.000000 -0.000001
vn 0.000000 1.000000 -0.000001
vn 0.000000 1.000000 0.000000
vn 0.000000 1.000000 0.000000
vn 0.000000 1.000000 0.000000
vn 0.000000 1.000000 0.000000
vn 0.000000 1.000000 0.000000
vn 0.000000 1.000000 0.000000
vn 0.000000 1.000000 0.000000
vn 0.000000 1.000000 0.000000
vn 0.000000 1.000000 0.000001
vn 0.000000 1.000000 0.000001
vn 0.000000 1.000000 0.000001
vn 0.000000 1.000000 0.000001
vn 0.000000 1.000000 0.000003
vn 0.000000 1.000000 0.000003
vn 0.000000 1.000000 0.000003
vn 0.000000 1.000000 0.000003
vn 0.000000 1.000000 0.000000
vn 0.000000 1.000000 0.000000
vn 0.000000 1.000000 0.000000
vn 0.000000 1.000000 0.000000
vn 0.000000 1.000000 0.000000
vn 0.000000 1.000000 0.000000
vn 0.000000 1.000000 0.000000
vn 0.000000 1.000000 0.000000
vn -0.957311 0.246104 0.151619
vn -0.957311 0.246104 0.151619
vn -0.957311 0.246104 0.151619
vn -0.957311 0.246104 0.151619
vn -0.957311 0.246104 -0.151622
vn -0.957311 0.246104 -0.151622
vn -0.957311 0.246104 -0.151622
vn -0.957311 0.246104 -0.151622
vn -0.863602 0.246102 -0.440029
vn -0.863602 0.246102 -0.440028
vn -0.863602 0.246102 -0.440029
vn -0.863602 0.246102 -0.440028
vn -0.685357 0.246105 -0.685359
vn -0.685357 0.246105 -0.685359
vn -0.685357 0.246105 -0.685359
vn -0.685357 0.246105 -0.685359
vn -0.440029 0.246109 -0.863600
vn -0.440029 0.246109 -0.863600
vn -0.440029 0.246109 -0.863600
vn -0.440029 0.246109 -0.863600
vn -0.151624 0.246107 -0.957310
vn -0.151624 0.246107 -0.957310
vn -0.151624 0.246107 -0.957310
vn -0.151624 0.246107 -0.957310
vn 0.151624 0.246107 -0.957310
vn 0.151624 0.246107 -0.957310
vn 0.151624 0.246107 -0.957310
vn 0.151624 0.246107 -0.957310
vn 0.440027 0.246109 -0.863601
vn 0.440027 0.246109 -0.863601
vn 0.440027 0.246109 -0.863601
vn 0.440027 0.246109 -0.863601
vn 0.685359 0.246108 -0.685357
vn 0.685359 0.246108 -0.685357
vn 0.685359 0.246108 -0.685357
vn 0.685359 0.246108 -0.685357
vn 0.863600 0.246105 -0.440031
vn 0.863600 0.246105 -0.440031
vn 0.863600 0.246105 -0.440031
vn 0.863600 0.246105 -0.440031
vn 0.957311 0.246103 -0.151623
vn 0.957311 0.246103 -0.151623
vn 0.957311 0.246103 -0.151623
vn 0.957311 0.246103 -0.151623
vn 0.957310 0.246105 0.151622
vn 0.957310 0.246105 0.151622
vn 0.957310 0.246105 0.151622
vn 0.957310 0.246105 0.151622
vn 0.863601 0.246100 0.440031
vn 0.863601 0.246100 0.440031
vn 0.863601 0.246100 0.440031
vn 0.863601 0.246100 0.440031
vn 0.685361 0.246104 0.685356
vn 0.685362 0.246104 0.685356
vn 0.685362 0.246104 0.685356
vn 0.685361 0.246104 0.685356
vn 0.440028 0.246107 0.863601
vn 0.440028 0.246107 0.863601
vn 0.440028 0.246107 0.863601
vn 0.440028 0.246107 0.863601
vn 0.151625 0.246110 0.957309
vn 0.151625 0.246110 0.957309
vn 0.151625 0.246110 0.957309
vn 0.151625 0.246110 0.957309
vn -0.151625 0.246110 0.957309
vn -0.151625 0.246110 0.957309
vn -0.151625 0.246110 0.957309
vn -0.151625 0.246110 0.957309
vn -0.440026 0.246109 0.863601
vn -0.440026 0.246109 0.863601
vn -0.440026 0.246109 0.863601
vn -0.440026 0.246109 0.863601
vn -0.685361 0.246104 0.685356
vn -0.685361 0.246104 0.685356
vn -0.685361 0.246104 0.685356
vn -0.685361 0.246104 0.685357
vn -0.863602 0.246102 0.440028
vn -0.863603 0.246102 0.440028
vn -0.863603 0.246102 0.440028
vn -0.863602 0.246102 0.440028
vn 0.153370 0.987870 -0.024291
vn 0.153370 0.987870 -0.024291
vn 0.153370 0.987870 -0.024291
vn 0.153370 0.987870 -0.024291
vn 0.153370 0.987870 0.024291
vn 0.153370 0.987870 0.024291
vn 0.153370 0.987870 0.024291
vn 0.153370 0.987870 0.024291
vn 0.138357 0.987870 0.070496
vn 0.138357 0.987870 0.070496
vn 0.138357 0.987870 0.070496
vn 0.138357 0.987870 0.070496
vn 0.109801 0.987870 0.109800
vn 0.109801 0.987870 0.109800
vn 0.109801 0.987870 0.109800
vn 0.109801 0.987870 0.109800
vn 0.070497 0.987870 0.138358
vn 0.070497 0.987870 0.138358
vn 0.070497 0.987870 0.138358
vn 0.070497 0.987870 0.138358
vn 0.024292 0.987870 0.153374
vn 0.024292 0.987870 0.153374
vn 0.024292 0.987870 0.153374
vn 0.024292 0.987870 0.153374
vn -0.024292 0.987870 0.153374
vn -0.024292 0.987870 0.153374
vn -0.024292 0.987870 0.153374
vn -0.024292 0.987870 0.153374
vn -0.070498 0.987870 0.138361
vn -0.070498 0.987870 0.138361
vn -0.070498 0.987870 0.138361
vn -0.070498 0.987870 0.138361
vn -0.109801 0.987870 0.109802
vn -0.109801 0.987870 0.109802
vn -0.109801 0.987870 0.109802
vn -0.109801 0.987870 0.109802
vn -0.138358 0.987870 0.070497
vn -0.138358 0.987870 0.070497
vn -0.138358 0.987870 0.070497
vn -0.138358 0.987870 0.070497
vn -0.153371 0.987870 0.024292
vn -0.153371 0.987870 0.024292
vn -0.153371 0.987870 0.024292
vn -0.153371 0.987870 0.024292
vn -0.153371 0.987870 -0.024292
vn -0.153371 0.987870 -0.024292
vn -0.153371 0.987870 -0.024292
vn -0.153371 0.987870 -0.024292
vn -0.138356 0.987871 -0.070495
vn -0.138356 0.987870 -0.070495
vn -0.138356 0.987871 -0.070495
vn -0.138356 0.987871 -0.070495
vn -0.109801 0.987870 -0.109800
vn -0.109801 0.987870 -0.109800
vn -0.109801 0.987870 -0.109800
vn -0.109801 0.987870 -0.109800
vn -0.070495 0.987870 -0.138358
vn -0.070495 0.987870 -0.138358
vn -0.070495 0.987870 -0.138358
vn -0.070495 0.987870 -0.138358
vn -0.024292 0.987870 -0.153370
vn -0.024292 0.987870 -0.153370
vn -0.024292 0.987870 -0.153370
vn -0.024292 0.987870 -0.153370
vn 0.024292 0.987870 -0.153370
vn 0.024292 0.987870 -0.153370
vn 0.024292 0.987870 -0.153370
vn 0.024292 0.987870 -0.153370
vn 0.070495 0.987871 -0.138355
vn 0.070495 0.987871 -0.138355
vn 0.070495 0.987871 -0.138355
vn 0.070495 0.987871 -0.138355
vn 0.109801 0.987871 -0.109798
vn 0.109801 0.987871 -0.109798
vn 0.109801 0.987871 -0.109798
vn 0.109801 0.987871 -0.109798
vn 0.138356 0.987870 -0.070496
vn 0.138356 0.987870 -0.070496
vn 0.138356 0.987870 -0.070496
vn 0.138356 0.987870 -0.070496
vn 0.891007 0.000014 -0.453989
vn 0.891007 0.000014 -0.453989
vn 0.891007 0.000014 -0.453989
vn 0.891007 0.000014 -0.453989
vn 0.707105 0.000020 -0.707109
vn 0.707105 0.000020 -0.707109
vn 0.707105 0.000020 -0.707109
vn 0.707105 0.000020 -0.707109
vn 0.453992 0.000025 -0.891006
vn 0.453992 0.000025 -0.891006
vn 0.453992 0.000025 -0.891006
vn 0.453992 0.000025 -0.891006
vn 0.156436 0.000029 -0.987688
vn 0.156436 0.000029 -0.987688
vn 0.156436 0.000029 -0.987688
vn 0.156436 0.000029 -0.987688
vn -0.156436 0.000029 -0.987688
vn -0.156436 0.000029 -0.987688
vn -0.156436 0.000029 -0.987688
vn -0.156436 0.000029 -0.987688
vn -0.453993 0.000023 -0.891005
vn -0.453993 0.000023 -0.891005
vn -0.453993 0.000023 -0.891005
vn -0.453993 0.000023 -0.891005
vn -0.707105 0.000019 -0.707109
vn -0.707105 0.000019 -0.707109
vn -0.707105 0.000019 -0.707109
vn -0.707105 0.000019 -0.707109
vn -0.891007 0.000018 -0.453990
vn -0.891007 0.000018 -0.453990
vn -0.891007 0.000018 -0.453990
vn -0.891007 0.000018 -0.453990
vn -0.987689 0.000004 -0.156430
vn -0.987689 0.000004 -0.156430
vn -0.987689 0.000004 -0.156430
vn -0.987689 0.000004 -0.156430
vn -0.987689 -0.000002 0.156429
vn -0.987689 -0.000002 0.156429
vn -0.987689 -0.000002 0.156429
vn -0.987689 -0.000002 0.156429
vn -0.891006 -0.000001 0.453991
vn -0.891006 -0.000001 0.453991
vn -0.891006 -0.000001 0.453991
vn -0.891006 -0.000001 0.453991
vn -0.707106 -0.000020 0.707108
vn -0.707106 -0.000020 0.707108
vn -0.707106 -0.000020 0.707107
vn -0.707106 -0.000020 0.707107
vn -0.453984 -0.000019 0.891010
vn -0.453984 -0.000019 0.891010
vn -0.453984 -0.000019 0.891010
vn -0.453984 -0.000019 0.891010
vn -0.156439 -0.000017 0.987688
vn -0.156439 -0.000017 0.987688
vn -0.156439 -0.000017 0.987688
vn -0.156439 -0.000017 0.987688
vn 0.156439 -0.000017 0.987688
vn 0.156439 -0.000017 0.987688
vn 0.156439 -0.000017 0.987688
vn 0.156439 -0.000017 0.987688
vn 0.453984 -0.000021 0.891010
vn 0.453984 -0.000021 0.891010
vn 0.453984 -0.000021 0.891010
vn 0.453984 -0.000021 0.891010
vn 0.707106 -0.000016 0.707108
vn 0.707106 -0.000016 0.707108
vn 0.707106 -0.000016 0.707107
vn 0.707106 -0.000016 0.707107
vn 0.891007 -0.000008 0.453989
vn 0.891007 -0.000008 0.453989
vn 0.891007 -0.000008 0.453989
vn 0.891007 -0.000008 0.453989
vn 0.987688 -0.000002 0.156434
vn 0.987688 -0.000002 0.156434
vn 0.987688 -0.000002 0.156434
vn 0.987688 -0.000002 0.156434
vn 0.987689 0.000005 -0.156433
vn 0.987689 0.000005 -0.156433
vn 0.987689 0.000005 -0.156433
vn 0.987689 0.000005 -0.156433
vn 0.000000 1.000000 0.000001
vn 0.000000 1.000000 0.000001
vn 0.000000 1.000000 0.000000
vn 0.933543 0.322287 -0.156938
vn 0.933543 0.322287 -0.156938
vn 0.933543 0.322287 -0.156938
vn 0.933543 0.322287 -0.156938
vn 0.896096 -0.292104 0.334198
vn 0.896096 -0.292104 0.334198
vn 0.896096 -0.292104 0.334198
vn 0.896096 -0.292104 0.334198
vn 0.925901 -0.344387 -0.155258
vn 0.925901 -0.344387 -0.155258
vn 0.925901 -0.344387 -0.155258
vn 0.925901 -0.344387 -0.155258
vn 0.945872 0.286815 0.151868
vn 0.945872 0.286815 0.151868
vn 0.945872 0.286815 0.151868
vn 0.945872 0.286815 0.151868
vn 0.849520 -0.498339 0.173132
vn 0.849520 -0.498339 0.173132
vn 0.849520 -0.498339 0.173132
vn 0.849520 -0.498339 0.173132
vn 0.633363 -0.134994 -0.761990
vn 0.633363 -0.134994 -0.761990
vn 0.633363 -0.134994 -0.761990
vn 0.633363 -0.134994 -0.761990
vn 0.626177 0.419816 0.657006
vn 0.626177 0.419816 0.657006
vn 0.626177 0.419816 0.657006
vn 0.626177 0.419816 0.657006
vn -0.751819 0.090322 0.653154
vn -0.751819 0.090322 0.653154
vn -0.751819 0.090322 0.653154
vn -0.751819 0.090322 0.653154
vn 0.614368 -0.456562 0.643509
vn 0.614368 -0.456562 0.643509
vn 0.614368 -0.456562 0.643509
vn 0.614368 -0.456562 0.643509
vn 0.390873 0.510083 0.766182
vn 0.390873 0.510083 0.766182
vn 0.390873 0.510083 0.766182
vn 0.390873 0.510083 0.766182
vn 0.379230 -0.549554 0.744429
vn 0.379230 -0.549554 0.744429
vn 0.379230 -0.549554 0.744429
vn 0.379230 -0.549554 0.744429
vn 0.993536 -0.099818 -0.054066
vn 0.993536 -0.099818 -0.054066
vn 0.993536 -0.099818 -0.054066
vn 0.993536 -0.099818 -0.054066
vn -0.126304 0.565393 0.815094
vn -0.126304 0.565393 0.815094
vn -0.126304 0.565393 0.815094
vn -0.126304 0.565393 0.815094
vn -0.992969 0.042132 -0.110620
vn -0.992969 0.042132 -0.110620
vn -0.992969 0.042132 -0.110620
vn -0.992969 0.042132 -0.110620
vn -0.121965 -0.604694 0.787064
vn -0.121965 -0.604694 0.787064
vn -0.121965 -0.604694 0.787064
vn -0.121965 -0.604694 0.787064
vn -0.380476 0.524580 0.761613
vn -0.380476 0.524580 0.761613
vn -0.380476 0.524580 0.761613
vn -0.380476 0.524580 0.761613
vn -0.369356 -0.562893 0.739410
vn -0.369356 -0.562893 0.739410
vn -0.369356 -0.562893 0.739410
vn -0.369356 -0.562893 0.739410
vn 0.858395 0.038597 0.511535
vn 0.858395 0.038597 0.511535
vn 0.858395 0.038597 0.511535
vn 0.858395 0.038597 0.511536
vn 0.000000 1.000000 0.000000
vn 0.000000 1.000000 0.000000
vn 0.000000 1.000000 0.000001
vn 0.000000 1.000000 0.000001
vn 0.000000 1.000000 0.000001
vn 0.000000 1.000000 0.000001
vn 0.000000 1.000000 0.000000
vn 0.000000 1.000000 0.000000
vn 0.000000 1.000000 0.000000
vn 0.000000 1.000000 0.000000
vn 0.000000 1.000000 0.000001
vn 0.000000 1.000000 0.000001
vn 0.000000 1.000000 -0.000001
vn 0.000000 1.000000 -0.000001
vn 0.000000 1.000000 -0.000001
vn 0.000000 1.000000 -0.000001
vn 0.000000 1.000000 -0.000001
vn 0.000000 1.000000 0.000000
vn 0.000000 1.000000 0.000000
vn 0.000000 1.000000 -0.000001
vn 0.000000 1.000000 -0.000001
vn 0.000000 1.000000 -0.000001
vn 0.000000 1.000000 -0.000001
vn 0.000000 1.000000 -0.000001
vn 0.000000 1.000000 -0.000001
vn 0.000000 1.000000 -0.000001
vn 0.000000 1.000000 0.000001
vn 0.000000 1.000000 0.000001
vn 0.000000 1.000000 -0.000001
vn 0.000000 1.000000 -0.000001
vn 0.000000 1.000000 0.000000
vn 0.000000 1.000000 0.000001
vn 0.000000 1.000000 0.000001
vn 0.000000 1.000000 -0.000001
vn 0.000000 1.000000 -0.000001
s off
g Nut1:Nut Nut1:pot Nut1:pot
usemtl lambert67SG
f 2582/3685/6995 2583/3686/6996 2584/3687/6997 2585/3688/6998
f 2583/3686/6999 2586/3689/7000 2587/3690/7001 2584/3687/7002
f 2586/3689/7003 2588/3691/7004 2589/3692/7005 2587/3690/7006
f 2588/3691/7007 2590/3693/7008 2591/3694/7009 2589/3692/7010
f 2590/3693/7011 2592/3695/7012 2593/3696/7013 2591/3694/7014
f 2592/3695/7015 2594/3697/7016 2595/3698/7017 2593/3696/7018
f 2594/3697/7019 2596/3699/7020 2597/3700/7021 2595/3698/7022
f 2596/3699/7023 2598/3701/7024 2599/3702/7025 2597/3700/7026
f 2598/3701/7027 2600/3703/7028 2601/3704/7029 2599/3702/7030
f 2600/3703/7031 2602/3705/7032 2603/3706/7033 2601/3704/7034
f 2602/3705/7035 2604/3707/7036 2605/3708/7037 2603/3706/7038
f 2604/3707/7039 2606/3709/7040 2607/3710/7041 2605/3708/7042
f 2606/3709/7043 2608/3711/7044 2609/3712/7045 2607/3710/7046
f 2608/3711/7047 2610/3713/7048 2611/3714/7049 2609/3712/7050
f 2610/3713/7051 2612/3715/7052 2613/3716/7053 2611/3714/7054
f 2612/3715/7055 2614/3717/7056 2615/3718/7057 2613/3716/7058
f 2614/3717/7059 2616/3719/7060 2617/3720/7061 2615/3718/7062
f 2616/3719/7063 2618/3721/7064 2619/3722/7065 2617/3720/7066
f 2618/3721/7067 2620/3723/7068 2621/3724/7069 2619/3722/7070
f 2620/3723/7071 2582/3685/7072 2585/3688/7073 2621/3724/7074
f 2623/3725/7075 2622/3726/7076 2624/3727/7077 2625/3728/7078
f 2626/3729/7079 2623/3725/7080 2625/3728/7081 2627/3730/7082
f 2628/3731/7083 2626/3729/7084 2627/3730/7085 2629/3732/7086
f 2630/3733/7087 2628/3731/7088 2629/3732/7089 2631/3734/7090
f 2632/3735/7091 2630/3733/7092 2631/3734/7093 2633/3736/7094
f 2634/3737/7095 2632/3735/7096 2633/3736/7097 2635/3738/7098
f 2636/3739/7099 2634/3737/7100 2635/3738/7101 2637/3740/7102
f 2638/3741/7103 2636/3739/7104 2637/3740/7105 2639/3742/7106
f 2640/3743/7107 2638/3741/7108 2639/3742/7109 2641/3744/7110
f 2642/3745/7111 2640/3743/7112 2641/3744/7113 2643/3746/7114
f 2644/3747/7115 2642/3745/7116 2643/3746/7117 2645/3748/7118
f 2646/3749/7119 2644/3747/7120 2645/3748/7121 2647/3750/7122
f 2648/3751/7123 2646/3749/7124 2647/3750/7125 2649/3752/7126
f 2650/3753/7127 2648/3751/7128 2649/3752/7129 2651/3754/7130
f 2652/3755/7131 2650/3753/7132 2651/3754/7133 2653/3756/7134
f 2654/3757/7135 2652/3755/7136 2653/3756/7137 2655/3758/7138
f 2656/3759/7139 2654/3757/7140 2655/3758/7141 2657/3760/7142
f 2658/3761/7143 2656/3759/7144 2657/3760/7145 2659/3762/7146
f 2660/3763/7147 2658/3761/7148 2659/3762/7149 2661/3764/7150
f 2622/3726/7151 2660/3763/7152 2661/3764/7153 2624/3727/7154
f 2703/3765/7155 2702/3766/7156 2704/3767/7157 2705/3768/7158
f 2706/3769/7159 2703/3765/7160 2705/3768/7161 2707/3770/7162
f 2629/3732/7163 2627/3730/7164 2664/3771/7165 2665/3772/7166
f 2709/3773/7167 2708/3774/7168 2710/3775/7169 2711/3776/7170
f 2712/3777/7171 2709/3773/7172 2711/3776/7173 2713/3778/7174
f 2635/3738/7175 2633/3736/7176 2667/3779/7177 2668/3780/7178
f 2715/3781/7179 2714/3782/7180 2716/3783/7181 2717/3784/7182
f 2718/3785/7183 2715/3781/7184 2717/3784/7185 2719/3786/7186
f 2641/3744/7187 2639/3742/7188 2670/3787/7189 2671/3788/7190
f 2643/3746/7191 2641/3744/7192 2671/3788/7193 2672/3789/7194
f 2645/3748/7195 2643/3746/7196 2672/3789/7197 2673/3790/7198
f 2647/3750/7199 2645/3748/7200 2673/3790/7201 2674/3791/7202
f 2649/3752/7203 2647/3750/7204 2674/3791/7205 2675/3792/7206
f 2651/3754/7207 2649/3752/7208 2675/3792/7209 2676/3793/7210
f 2653/3756/7211 2651/3754/7212 2676/3793/7213 2677/3794/7214
f 2655/3758/7215 2653/3756/7216 2677/3794/7217 2678/3795/7218
f 2657/3760/7219 2655/3758/7220 2678/3795/7221 2679/3796/7222
f 2659/3762/7223 2657/3760/7224 2679/3796/7225 2680/3797/7226
f 2661/3764/7227 2659/3762/7228 2680/3797/7229 2681/3798/7230
f 2624/3727/7231 2661/3764/7232 2681/3798/7233 2662/3799/7234
f 2443/3800/7235 2442/3801/7236 2502/3802/7237 2503/3803/7238
f 2444/3804/7239 2443/3800/7240 2503/3803/7241 2504/3805/7242
f 2445/3806/7243 2444/3804/7244 2504/3805/7245 2505/3807/7246
f 2446/3808/7247 2445/3806/7248 2505/3807/7249 2506/3809/7250
f 2447/3810/7251 2446/3808/7252 2506/3809/7253 2507/3811/7254
f 2448/3812/7255 2447/3810/7256 2507/3811/7257 2508/3813/7258
f 2449/3814/7259 2448/3812/7260 2508/3813/7261 2509/3815/7262
f 2450/3816/7263 2449/3814/7264 2509/3815/7265 2510/3817/7266
f 2451/3818/7267 2450/3816/7268 2510/3817/7269 2511/3819/7270
f 2452/3820/7271 2451/3818/7272 2511/3819/7273 2512/3821/7274
f 2453/3822/7275 2452/3820/7276 2512/3821/7277 2513/3823/7278
f 2454/3824/7279 2453/3822/7280 2513/3823/7281 2514/3825/7282
f 2455/3826/7283 2454/3824/7284 2514/3825/7285 2515/3827/7286
f 2456/3828/7287 2455/3826/7288 2515/3827/7289 2516/3829/7290
f 2457/3830/7291 2456/3828/7292 2516/3829/7293 2517/3831/7294
f 2458/3832/7295 2457/3830/7296 2517/3831/7297 2518/3833/7298
f 2459/3834/7299 2458/3832/7300 2518/3833/7301 2519/3835/7302
f 2460/3836/7303 2459/3834/7304 2519/3835/7305 2520/3837/7306
f 2461/3838/7307 2460/3836/7308 2520/3837/7309 2521/3839/7310
f 2442/3801/7311 2461/3838/7312 2521/3839/7313 2502/3802/7314
f 2483/3840/7315 2482/3841/7316 2442/3801/7317 2443/3800/7318
f 2484/3842/7319 2483/3840/7320 2443/3800/7321 2444/3804/7322
f 2485/3843/7323 2484/3842/7324 2444/3804/7325 2445/3806/7326
f 2486/3844/7327 2485/3843/7328 2445/3806/7329 2446/3808/7330
f 2487/3845/7331 2486/3844/7332 2446/3808/7333 2447/3810/7334
f 2488/3846/7335 2487/3845/7336 2447/3810/7337 2448/3812/7338
f 2489/3847/7339 2488/3846/7340 2448/3812/7341 2449/3814/7342
f 2490/3848/7343 2489/3847/7344 2449/3814/7345 2450/3816/7346
f 2491/3849/7347 2490/3848/7348 2450/3816/7349 2451/3818/7350
f 2492/3850/7351 2491/3849/7352 2451/3818/7353 2452/3820/7354
f 2493/3851/7355 2492/3850/7356 2452/3820/7357 2453/3822/7358
f 2494/3852/7359 2493/3851/7360 2453/3822/7361 2454/3824/7362
f 2495/3853/7363 2494/3852/7364 2454/3824/7365 2455/3826/7366
f 2496/3854/7367 2495/3853/7368 2455/3826/7369 2456/3828/7370
f 2497/3855/7371 2496/3854/7372 2456/3828/7373 2457/3830/7374
f 2498/3856/7375 2497/3855/7376 2457/3830/7377 2458/3832/7378
f 2499/3857/7379 2498/3856/7380 2458/3832/7381 2459/3834/7382
f 2500/3858/7383 2499/3857/7384 2459/3834/7385 2460/3836/7386
f 2501/3859/7387 2500/3858/7388 2460/3836/7389 2461/3838/7390
f 2482/3841/7391 2501/3859/7392 2461/3838/7393 2442/3801/7394
f 2621/3724/7395 2585/3688/7396 2622/3726/7397 2623/3725/7398
f 2619/3722/7399 2621/3724/7400 2623/3725/7401 2626/3729/7402
f 2617/3720/7403 2619/3722/7404 2626/3729/7405 2628/3731/7406
f 2615/3718/7407 2617/3720/7408 2628/3731/7409 2630/3733/7410
f 2613/3716/7411 2615/3718/7412 2630/3733/7413 2632/3735/7414
f 2611/3714/7415 2613/3716/7416 2632/3735/7417 2634/3737/7418
f 2609/3712/7419 2611/3714/7420 2634/3737/7421 2636/3739/7422
f 2607/3710/7423 2609/3712/7424 2636/3739/7425 2638/3741/7426
f 2605/3708/7427 2607/3710/7428 2638/3741/7429 2640/3743/7430
f 2603/3706/7431 2605/3708/7432 2640/3743/7433 2642/3745/7434
f 2601/3704/7435 2603/3706/7436 2642/3745/7437 2644/3747/7438
f 2599/3702/7439 2601/3704/7440 2644/3747/7441 2646/3749/7442
f 2597/3700/7443 2599/3702/7444 2646/3749/7445 2648/3751/7446
f 2595/3698/7447 2597/3700/7448 2648/3751/7449 2650/3753/7450
f 2593/3696/7451 2595/3698/7452 2650/3753/7453 2652/3755/7454
f 2591/3694/7455 2593/3696/7456 2652/3755/7457 2654/3757/7458
f 2589/3692/7459 2591/3694/7460 2654/3757/7461 2656/3759/7462
f 2587/3690/7463 2589/3692/7464 2656/3759/7465 2658/3761/7466
f 2584/3687/7467 2587/3690/7468 2658/3761/7469 2660/3763/7470
f 2585/3688/7471 2584/3687/7472 2660/3763/7473 2622/3726/7474
f 2503/3803/7475 2502/3802/7476 2462/3860/7477 2463/3861/7478
f 2504/3805/7479 2503/3803/7480 2463/3861/7481 2464/3862/7482
f 2505/3807/7483 2504/3805/7484 2464/3862/7485 2465/3863/7486
f 2506/3809/7487 2505/3807/7488 2465/3863/7489 2466/3864/7490
f 2507/3811/7491 2506/3809/7492 2466/3864/7493 2467/3865/7494
f 2508/3813/7495 2507/3811/7496 2467/3865/7497 2468/3866/7498
f 2509/3815/7499 2508/3813/7500 2468/3866/7501 2469/3867/7502
f 2510/3817/7503 2509/3815/7504 2469/3867/7505 2470/3868/7506
f 2511/3819/7507 2510/3817/7508 2470/3868/7509 2471/3869/7510
f 2512/3821/7511 2511/3819/7512 2471/3869/7513 2472/3870/7514
f 2513/3823/7515 2512/3821/7516 2472/3870/7517 2473/3871/7518
f 2514/3825/7519 2513/3823/7520 2473/3871/7521 2474/3872/7522
f 2515/3827/7523 2514/3825/7524 2474/3872/7525 2475/3873/7526
f 2516/3829/7527 2515/3827/7528 2475/3873/7529 2476/3874/7530
f 2517/3831/7531 2516/3829/7532 2476/3874/7533 2477/3875/7534
f 2518/3833/7535 2517/3831/7536 2477/3875/7537 2478/3876/7538
f 2519/3835/7539 2518/3833/7540 2478/3876/7541 2479/3877/7542
f 2520/3837/7543 2519/3835/7544 2479/3877/7545 2480/3878/7546
f 2521/3839/7547 2520/3837/7548 2480/3878/7549 2481/3879/7550
f 2502/3802/7551 2521/3839/7552 2481/3879/7553 2462/3860/7554
f 2463/3861/7555 2462/3860/7556 2522/3880/7557 2523/3881/7558
f 2464/3862/7559 2463/3861/7560 2523/3881/7561 2524/3882/7562
f 2465/3863/7563 2464/3862/7564 2524/3882/7565 2525/3883/7566
f 2466/3864/7567 2465/3863/7568 2525/3883/7569 2526/3884/7570
f 2467/3865/7571 2466/3864/7572 2526/3884/7573 2527/3885/7574
f 2468/3866/7575 2467/3865/7576 2527/3885/7577 2528/3886/7578
f 2469/3867/7579 2468/3866/7580 2528/3886/7581 2529/3887/7582
f 2470/3868/7583 2469/3867/7584 2529/3887/7585 2530/3888/7586
f 2471/3869/7587 2470/3868/7588 2530/3888/7589 2531/3889/7590
f 2472/3870/7591 2471/3869/7592 2531/3889/7593 2532/3890/7594
f 2473/3871/7595 2472/3870/7596 2532/3890/7597 2533/3891/7598
f 2474/3872/7599 2473/3871/7600 2533/3891/7601 2534/3892/7602
f 2475/3873/7603 2474/3872/7604 2534/3892/7605 2535/3893/7606
f 2476/3874/7607 2475/3873/7608 2535/3893/7609 2536/3894/7610
f 2477/3875/7611 2476/3874/7612 2536/3894/7613 2537/3895/7614
f 2478/3876/7615 2477/3875/7616 2537/3895/7617 2538/3896/7618
f 2479/3877/7619 2478/3876/7620 2538/3896/7621 2539/3897/7622
f 2480/3878/7623 2479/3877/7624 2539/3897/7625 2540/3898/7626
f 2481/3879/7627 2480/3878/7628 2540/3898/7629 2541/3899/7630
f 2462/3860/7631 2481/3879/7632 2541/3899/7633 2522/3880/7634
f 2523/3881/7635 2522/3880/7636 2542/3900/7637 2543/3901/7638
f 2524/3882/7639 2523/3881/7640 2543/3901/7641 2544/3902/7642
f 2525/3883/7643 2524/3882/7644 2544/3902/7645 2545/3903/7646
f 2526/3884/7647 2525/3883/7648 2545/3903/7649 2546/3904/7650
f 2527/3885/7651 2526/3884/7652 2546/3904/7653 2547/3905/7654
f 2528/3886/7655 2527/3885/7656 2547/3905/7657 2548/3906/7658
f 2529/3887/7659 2528/3886/7660 2548/3906/7661 2549/3907/7662
f 2530/3888/7663 2529/3887/7664 2549/3907/7665 2550/3908/7666
f 2531/3889/7667 2530/3888/7668 2550/3908/7669 2551/3909/7670
f 2532/3890/7671 2531/3889/7672 2551/3909/7673 2552/3910/7674
f 2533/3891/7675 2532/3890/7676 2552/3910/7677 2553/3911/7678
f 2534/3892/7679 2533/3891/7680 2553/3911/7681 2554/3912/7682
f 2535/3893/7683 2534/3892/7684 2554/3912/7685 2555/3913/7686
f 2536/3894/7687 2535/3893/7688 2555/3913/7689 2556/3914/7690
f 2537/3895/7691 2536/3894/7692 2556/3914/7693 2557/3915/7694
f 2538/3896/7695 2537/3895/7696 2557/3915/7697 2558/3916/7698
f 2539/3897/7699 2538/3896/7700 2558/3916/7701 2559/3917/7702
f 2540/3898/7703 2539/3897/7704 2559/3917/7705 2560/3918/7706
f 2541/3899/7707 2540/3898/7708 2560/3918/7709 2561/3919/7710
f 2522/3880/7711 2541/3899/7712 2561/3919/7713 2542/3900/7714
f 2543/3901/7715 2542/3900/7716 2562/3920/7717 2563/3921/7718
f 2544/3902/7719 2543/3901/7720 2563/3921/7721 2564/3922/7722
f 2545/3903/7723 2544/3902/7724 2564/3922/7725 2565/3923/7726
f 2546/3904/7727 2545/3903/7728 2565/3923/7729 2566/3924/7730
f 2547/3905/7731 2546/3904/7732 2566/3924/7733 2567/3925/7734
f 2548/3906/7735 2547/3905/7736 2567/3925/7737 2568/3926/7738
f 2549/3907/7739 2548/3906/7740 2568/3926/7741 2569/3927/7742
f 2550/3908/7743 2549/3907/7744 2569/3927/7745 2570/3928/7746
f 2551/3909/7747 2550/3908/7748 2570/3928/7749 2571/3929/7750
f 2552/3910/7751 2551/3909/7752 2571/3929/7753 2572/3930/7754
f 2553/3911/7755 2552/3910/7756 2572/3930/7757 2573/3931/7758
f 2554/3912/7759 2553/3911/7760 2573/3931/7761 2574/3932/7762
f 2555/3913/7763 2554/3912/7764 2574/3932/7765 2575/3933/7766
f 2556/3914/7767 2555/3913/7768 2575/3933/7769 2576/3934/7770
f 2557/3915/7771 2556/3914/7772 2576/3934/7773 2577/3935/7774
f 2558/3916/7775 2557/3915/7776 2577/3935/7777 2578/3936/7778
f 2559/3917/7779 2558/3916/7780 2578/3936/7781 2579/3937/7782
f 2560/3918/7783 2559/3917/7784 2579/3937/7785 2580/3938/7786
f 2561/3919/7787 2560/3918/7788 2580/3938/7789 2581/3939/7790
f 2542/3900/7791 2561/3919/7792 2581/3939/7793 2562/3920/7794
f 2482/3841/7795 2483/3840/7796 2663/3940/7797 2662/3799/7798
f 2483/3840/7799 2484/3842/7800 2664/3771/7801 2663/3940/7802
f 2484/3842/7803 2485/3843/7804 2665/3772/7805 2664/3771/7806
f 2485/3843/7807 2486/3844/7808 2666/3941/7809 2665/3772/7810
f 2486/3844/7811 2487/3845/7812 2667/3779/7813 2666/3941/7814
f 2487/3845/7815 2488/3846/7816 2668/3780/7817 2667/3779/7818
f 2488/3846/7819 2489/3847/7820 2669/3942/7821 2668/3780/7822
f 2489/3847/7823 2490/3848/7824 2670/3787/7825 2669/3942/7826
f 2490/3848/7827 2491/3849/7828 2671/3788/7829 2670/3787/7830
f 2491/3849/7831 2492/3850/7832 2672/3789/7833 2671/3788/7834
f 2492/3850/7835 2493/3851/7836 2673/3790/7837 2672/3789/7838
f 2493/3851/7839 2494/3852/7840 2674/3791/7841 2673/3790/7842
f 2494/3852/7843 2495/3853/7844 2675/3792/7845 2674/3791/7846
f 2495/3853/7847 2496/3854/7848 2676/3793/7849 2675/3792/7850
f 2496/3854/7851 2497/3855/7852 2677/3794/7853 2676/3793/7854
f 2497/3855/7855 2498/3856/7856 2678/3795/7857 2677/3794/7858
f 2498/3856/7859 2499/3857/7860 2679/3796/7861 2678/3795/7862
f 2499/3857/7863 2500/3858/7864 2680/3797/7865 2679/3796/7866
f 2500/3858/7867 2501/3859/7868 2681/3798/7869 2680/3797/7870
f 2501/3859/7871 2482/3841/7872 2662/3799/7873 2681/3798/7874
f 2583/3686/7875 2582/3685/7876 2682/3943/7877 2683/3944/7878
f 2586/3689/7879 2583/3686/7880 2683/3944/7881 2684/3945/7882
f 2588/3691/7883 2586/3689/7884 2684/3945/7885 2685/3946/7886
f 2590/3693/7887 2588/3691/7888 2685/3946/7889 2686/3947/7890
f 2592/3695/7891 2590/3693/7892 2686/3947/7893 2687/3948/7894
f 2594/3697/7895 2592/3695/7896 2687/3948/7897 2688/3949/7898
f 2596/3699/7899 2594/3697/7900 2688/3949/7901 2689/3950/7902
f 2598/3701/7903 2596/3699/7904 2689/3950/7905 2690/3951/7906
f 2600/3703/7907 2598/3701/7908 2690/3951/7909 2691/3952/7910
f 2602/3705/7911 2600/3703/7912 2691/3952/7913 2692/3953/7914
f 2604/3707/7915 2602/3705/7916 2692/3953/7917 2693/3954/7918
f 2606/3709/7919 2604/3707/7920 2693/3954/7921 2694/3955/7922
f 2608/3711/7923 2606/3709/7924 2694/3955/7925 2695/3956/7926
f 2610/3713/7927 2608/3711/7928 2695/3956/7929 2696/3957/7930
f 2612/3715/7931 2610/3713/7932 2696/3957/7933 2697/3958/7934
f 2614/3717/7935 2612/3715/7936 2697/3958/7937 2698/3959/7938
f 2616/3719/7939 2614/3717/7940 2698/3959/7941 2699/3960/7942
f 2618/3721/7943 2616/3719/7944 2699/3960/7945 2700/3961/7946
f 2620/3723/7947 2618/3721/7948 2700/3961/7949 2701/3962/7950
f 2582/3685/7951 2620/3723/7952 2701/3962/7953 2682/3943/7954
f 2577/3963/7955 2579/3964/7956 2578/3965/7957
f 2625/3728/7958 2624/3727/7959 2702/3766/7960 2703/3765/7961
f 2624/3727/7962 2662/3799/7963 2704/3767/7964 2702/3766/7965
f 2662/3799/7966 2663/3940/7967 2705/3768/7968 2704/3767/7969
f 2627/3730/7970 2625/3728/7971 2703/3765/7972 2706/3769/7973
f 2663/3940/7974 2664/3771/7975 2707/3770/7976 2705/3768/7977
f 2664/3771/7978 2627/3730/7979 2706/3769/7980 2707/3770/7981
f 2631/3734/7982 2629/3732/7983 2708/3774/7984 2709/3773/7985
f 2629/3732/7986 2665/3772/7987 2710/3775/7988 2708/3774/7989
f 2665/3772/7990 2666/3941/7991 2711/3776/7992 2710/3775/7993
f 2633/3736/7994 2631/3734/7995 2709/3773/7996 2712/3777/7997
f 2666/3941/7998 2667/3779/7999 2713/3778/8000 2711/3776/8001
f 2667/3779/8002 2633/3736/8003 2712/3777/8004 2713/3778/8005
f 2637/3740/8006 2635/3738/8007 2714/3782/8008 2715/3781/8009
f 2635/3738/8010 2668/3780/8011 2716/3783/8012 2714/3782/8013
f 2668/3780/8014 2669/3942/8015 2717/3784/8016 2716/3783/8017
f 2639/3742/8018 2637/3740/8019 2715/3781/8020 2718/3785/8021
f 2669/3942/8022 2670/3787/8023 2719/3786/8024 2717/3784/8025
f 2670/3787/8026 2639/3742/8027 2718/3785/8028 2719/3786/8029
f 2576/3966/8030 2580/3967/8031 2579/3964/8032 2577/3963/8033
f 2575/3968/8034 2581/3969/8035 2580/3967/8036 2576/3966/8037
f 2574/3970/8038 2562/3971/8039 2581/3969/8040 2575/3968/8041
f 2563/3972/8042 2573/3973/8043 2572/3974/8044 2564/3975/8045
f 2563/3972/8046 2562/3971/8047 2574/3970/8048 2573/3973/8049
f 2564/3975/8050 2572/3974/8051 2571/3976/8052 2565/3977/8053
f 2565/3977/8054 2571/3976/8055 2570/3978/8056 2566/3979/8057
f 2567/3980/8058 2569/3981/8059 2568/3982/8060
f 2566/3979/8061 2570/3978/8062 2569/3981/8063 2567/3980/8064
g default
v -0.819593 3.239844 9.226442
v -0.856584 3.257515 9.211318
v -0.994971 3.041079 9.304334
v -0.981666 3.079340 9.290911
v -0.940451 3.067275 9.298536
v -0.953919 3.029466 9.313846
v -1.024146 3.384652 9.314442
v -1.031005 3.402569 9.352997
v -1.177688 3.129330 9.490025
v -1.168720 3.169616 9.480314
v -1.161319 3.159674 9.437654
v -1.170078 3.119371 9.448220
v -0.891723 3.402569 9.591006
v -0.854751 3.384652 9.603910
v -1.042860 3.119371 9.665612
v -1.029100 3.159724 9.663059
v -1.070176 3.169637 9.648676
v -1.083036 3.129330 9.651770
v -0.682771 3.257515 9.508333
v -0.677838 3.239844 9.468679
v -0.819832 3.029466 9.542976
v -0.799903 3.067326 9.538627
v -0.813429 3.079340 9.578398
v -0.831648 3.041079 9.583426
v -0.923016 2.740471 9.535743
v -0.903590 2.792003 9.526227
v -0.913459 2.798543 9.567283
v -0.938566 2.747475 9.581035
v -1.045256 2.747475 9.398719
v -1.021038 2.798623 9.383587
v -0.980326 2.792020 9.395090
v -0.998154 2.740471 9.407347
v -1.054512 2.782565 9.648887
v -1.039198 2.836250 9.636661
v -1.080350 2.844324 9.626293
v -1.098181 2.791273 9.638301
v -1.173364 2.791273 9.509827
v -1.154187 2.844278 9.500113
v -1.143040 2.836252 9.459206
v -1.161203 2.782565 9.466571
v -1.163982 2.464848 9.676910
v -1.129254 2.482548 9.656777
v -1.122871 2.517208 9.688890
v -1.157127 2.496124 9.708936
v -1.263817 2.496125 9.526621
v -1.229539 2.517445 9.506562
v -1.204543 2.482636 9.527960
v -1.239254 2.464848 9.548282
v -1.190310 2.606977 9.728354
v -1.155238 2.625095 9.707831
v -1.182848 2.658915 9.687782
v -1.216269 2.637864 9.707453
v -1.291491 2.637864 9.578911
v -1.257973 2.658915 9.559407
v -1.262001 2.625138 9.525558
v -1.297001 2.606977 9.546040
v -1.358042 2.475774 9.790467
v -1.295428 2.463377 9.753832
v -1.284706 2.494514 9.783595
v -1.328209 2.532947 9.809053
v -1.434900 2.532948 9.626738
v -1.391329 2.494654 9.601240
v -1.370615 2.463379 9.625239
v -1.433309 2.475774 9.661850
v -1.336630 2.605018 9.813981
v -1.297535 2.599320 9.791102
v -1.316327 2.630894 9.766010
v -1.352904 2.644151 9.787091
v -1.427848 2.644151 9.659025
v -1.391671 2.630889 9.637413
v -1.404091 2.599146 9.608708
v -1.443320 2.605018 9.631666
v -1.544121 2.715319 9.884415
v -1.531056 2.680084 9.883605
v -1.460947 2.669326 9.875035
v -1.503616 2.712253 9.895111
v -1.595612 2.712253 9.737905
v -1.563088 2.661146 9.701753
v -1.598866 2.680008 9.767553
v -1.606127 2.715320 9.778457
v -1.425799 2.707267 9.849328
v -1.404273 2.666230 9.841869
v -1.386661 2.671336 9.798754
v -1.410215 2.702248 9.809124
v -1.474897 2.702248 9.698593
v -1.448431 2.663098 9.671668
v -1.500098 2.657802 9.664891
v -1.517582 2.707267 9.692487
v -1.541852 2.823827 9.847810
v -1.564195 2.795847 9.877250
v -1.524425 2.798139 9.885913
v -1.597786 2.798139 9.760554
v -1.609580 2.795586 9.799608
v -1.573103 2.823827 9.794409
v -1.505316 2.821025 9.826166
v -1.472079 2.795089 9.855037
v -1.463399 2.798405 9.816694
v -1.536320 2.821021 9.773074
v -1.507547 2.798405 9.741253
v -1.545228 2.795089 9.730037
v -1.384055 2.588813 9.841734
v -1.445790 2.560640 9.841848
v -1.521008 2.560603 9.713228
v -1.490772 2.588825 9.659434
v -1.468068 2.628024 9.646147
v -1.436819 2.652409 9.664535
v -1.362099 2.652519 9.792495
v -1.361427 2.627976 9.828493
v -0.554429 3.239844 7.881449
v -0.555801 3.257515 7.841509
v -0.697378 3.041079 7.753423
v -0.679680 3.079340 7.760056
v -0.669737 3.067275 7.800772
v -0.689222 3.029466 7.794767
v -0.718558 3.384652 7.730957
v -0.756536 3.402569 7.740508
v -0.941657 3.129330 7.662903
v -0.929122 3.169616 7.667099
v -0.887179 3.159674 7.656361
v -0.900406 3.119371 7.652704
v -0.916516 3.402569 7.965129
v -0.913126 3.384652 8.004142
v -1.046529 3.119371 7.857868
v -1.038558 3.159724 7.869372
v -1.042281 3.169637 7.826008
v -1.050376 3.129330 7.815549
v -0.755442 3.257515 8.121815
v -0.717250 3.239844 8.110058
v -0.843234 3.029466 8.011006
v -0.831097 3.067326 8.027402
v -0.872916 3.079340 8.031371
v -0.884972 3.041079 8.016815
v -0.878942 2.740471 7.913929
v -0.862298 2.792003 7.927746
v -0.903791 2.798543 7.935579
v -0.926627 2.747475 7.918317
v -0.804082 2.747475 7.746256
v -0.780351 2.798623 7.762141
v -0.774150 2.792020 7.803990
v -0.792639 2.740471 7.792755
v -1.036051 2.782565 7.840382
v -1.018621 2.836250 7.849338
v -1.026037 2.844324 7.807552
v -1.044301 2.791273 7.796211
v -0.957945 2.791273 7.674965
v -0.941224 2.844278 7.688473
v -0.899342 2.836252 7.681869
v -0.913506 2.782565 7.668322
v -1.106493 2.464848 7.752025
v -1.073892 2.482548 7.775446
v -1.100565 2.517208 7.794434
v -1.132893 2.496124 7.771408
v -1.010348 2.496125 7.599348
v -0.977999 2.517445 7.622389
v -0.987267 2.482636 7.653961
v -1.020035 2.464848 7.630634
v -1.164211 2.606977 7.749104
v -1.131111 2.625095 7.772678
v -1.124145 2.658915 7.739276
v -1.155788 2.637864 7.716858
v -1.069387 2.637864 7.595546
v -1.037856 2.658915 7.618122
v -1.008634 2.625138 7.600569
v -1.041665 2.606977 7.577044
v -1.289631 2.475774 7.621584
v -1.230545 2.463377 7.663673
v -1.253295 2.494514 7.685656
v -1.294352 2.532947 7.656414
v -1.171807 2.532948 7.484353
v -1.130687 2.494654 7.513640
v -1.144084 2.463379 7.542374
v -1.203181 2.475774 7.500202
v -1.302299 2.605018 7.650755
v -1.265403 2.599320 7.677032
v -1.250221 2.630894 7.649603
v -1.284445 2.644151 7.624886
v -1.198365 2.644151 7.504024
v -1.163820 2.630889 7.528161
v -1.142731 2.599146 7.505062
v -1.179754 2.605018 7.478695
v -1.451611 2.715319 7.490381
v -1.445515 2.680084 7.501966
v -1.408954 2.669326 7.562398
v -1.444761 2.712253 7.531711
v -1.339093 2.712253 7.383349
v -1.292784 2.661146 7.398192
v -1.367469 2.680008 7.392537
v -1.380391 2.715320 7.390384
v -1.371098 2.707267 7.583916
v -1.355469 2.666230 7.600492
v -1.308924 2.671336 7.598877
v -1.328039 2.702248 7.581645
v -1.253744 2.702248 7.477334
v -1.218335 2.663098 7.490434
v -1.233337 2.657802 7.440532
v -1.265676 2.707267 7.435897
v -1.417295 2.823827 7.477443
v -1.453306 2.795847 7.469135
v -1.444902 2.798139 7.508961
v -1.360640 2.798139 7.390652
v -1.401097 2.795586 7.395907
v -1.381401 2.823827 7.427046
v -1.382573 2.821025 7.501894
v -1.395280 2.795089 7.544045
v -1.356748 2.798405 7.536241
v -1.346861 2.821021 7.451848
v -1.306040 2.798405 7.465045
v -1.311260 2.795089 7.426078
v -1.347056 2.588813 7.618876
v -1.372471 2.560640 7.562615
v -1.285998 2.560603 7.441276
v -1.224536 2.588825 7.446799
v -1.203109 2.628024 7.462060
v -1.207068 2.652409 7.498100
v -1.293144 2.652519 7.618715
v -1.325701 2.627976 7.634086
v 1.514023 3.239844 9.516156
v 1.521197 3.257515 9.555470
v 1.674094 3.041079 9.621994
v 1.655618 3.079340 9.618010
v 1.639851 3.067275 9.579176
v 1.660003 3.029466 9.582280
v 1.698321 3.384652 9.641136
v 1.734502 3.402569 9.626156
v 1.928953 3.129330 9.675970
v 1.915941 3.169616 9.673643
v 1.876009 3.159674 9.690377
v 1.889628 3.119371 9.692068
v 1.860059 3.402569 9.380628
v 1.851024 3.384652 9.342525
v 2.004309 3.119371 9.467809
v 1.994748 3.159724 9.457588
v 2.004747 3.169637 9.499947
v 2.014278 3.129330 9.509117
v 1.677882 3.257515 9.249073
v 1.641810 3.239844 9.266268
v 1.780877 3.029466 9.345913
v 1.766481 3.067326 9.331462
v 1.807276 3.079340 9.321443
v 1.821324 3.041079 9.334089
v 1.830344 2.740471 9.436755
v 1.811865 2.792003 9.425509
v 1.851774 2.798543 9.411718
v 1.876881 2.747475 9.425468
v 1.780704 2.747475 9.613543
v 1.754913 2.798623 9.601284
v 1.742683 2.792020 9.560785
v 1.762611 2.740471 9.569207
v 1.996490 2.782565 9.486635
v 1.977941 2.836250 9.480313
v 1.991364 2.844324 9.520573
v 2.011084 2.791273 9.529132
v 1.943311 2.791273 9.661664
v 1.924800 2.844278 9.650735
v 1.884326 2.836252 9.663369
v 1.900313 2.782565 9.674709
v 2.079050 2.464848 9.563788
v 2.043385 2.482548 9.545365
v 2.067007 2.517208 9.522695
v 2.102346 2.496124 9.540767
v 2.006168 2.496125 9.728841
v 1.970808 2.517445 9.710758
v 1.975379 2.482636 9.678173
v 2.011195 2.464848 9.696478
v 2.136577 2.606977 9.558272
v 2.100397 2.625095 9.539770
v 2.098371 2.658915 9.573831
v 2.132942 2.637864 9.591402
v 2.065132 2.637864 9.724003
v 2.030649 2.658915 9.706260
v 2.004295 2.625138 9.727883
v 2.040400 2.606977 9.746346
v 2.279235 2.475774 9.666165
v 2.214648 2.463377 9.633129
v 2.233954 2.494514 9.608068
v 2.278832 2.532947 9.631018
v 2.182655 2.532948 9.819092
v 2.137707 2.494654 9.796107
v 2.146776 2.463379 9.765729
v 2.211385 2.475774 9.798844
v 2.287518 2.605018 9.635459
v 2.247188 2.599320 9.614836
v 2.236164 2.630894 9.644183
v 2.273622 2.644151 9.663652
v 2.206063 2.644151 9.795764
v 2.168372 2.630889 9.776916
v 2.150873 2.599146 9.802840
v 2.191341 2.605018 9.823534
v 2.458597 2.715319 9.772374
v 2.450879 2.680084 9.761802
v 2.405905 2.669326 9.707340
v 2.445800 2.712253 9.732484
v 2.362868 2.712253 9.894655
v 2.314891 2.661146 9.886715
v 2.389603 2.680008 9.881432
v 2.402701 2.715320 9.881678
v 2.365319 2.707267 9.691564
v 2.347442 2.666230 9.677442
v 2.301628 2.671336 9.685818
v 2.323049 2.702248 9.700082
v 2.264740 2.702248 9.814103
v 2.227801 2.663098 9.806300
v 2.249911 2.657802 9.853486
v 2.282580 2.707267 9.853360
v 2.426531 2.823827 9.790173
v 2.463369 2.795847 9.793148
v 2.449254 2.798139 9.754970
v 2.383122 2.798139 9.884291
v 2.422382 2.795586 9.873199
v 2.398360 2.823827 9.845261
v 2.388619 2.821025 9.771040
v 2.395050 2.795089 9.727488
v 2.358065 2.798405 9.740821
v 2.360576 2.821021 9.825754
v 2.318269 2.798405 9.818643
v 2.329109 2.795089 9.856435
v 2.336441 2.588813 9.660478
v 2.369780 2.560640 9.712438
v 2.301902 2.560603 9.845078
v 2.240291 2.588825 9.848566
v 2.216870 2.628024 9.836589
v 2.215538 2.652409 9.800356
v 2.283127 2.652519 9.668491
v 2.313098 2.627976 9.648541
v 1.586885 3.239844 8.152509
v 1.624566 3.257515 8.165817
v 1.758271 3.041079 8.066188
v 1.745633 3.079340 8.080239
v 1.704097 3.067275 8.074627
v 1.716805 3.029466 8.058681
v 1.786920 3.384652 8.054672
v 1.791898 3.402569 8.015831
v 1.931748 3.129330 7.871836
v 1.923263 3.169616 7.881972
v 1.917944 3.159674 7.924941
v 1.926178 3.119371 7.913962
v 1.641214 3.402569 7.784870
v 1.603659 3.384652 7.773778
v 1.788548 3.119371 7.703008
v 1.774927 3.159724 7.706227
v 1.816654 3.169637 7.718597
v 1.829348 3.129330 7.714882
v 1.436526 3.257515 7.877599
v 1.433526 3.239844 7.917446
v 1.571743 3.029466 7.836337
v 1.552049 3.067326 7.841649
v 1.563625 3.079340 7.801268
v 1.581579 3.041079 7.795360
v 1.675156 2.740471 7.838547
v 1.656215 2.792003 7.848997
v 1.664078 2.798543 7.807509
v 1.688486 2.747475 7.792554
v 1.803909 2.747475 7.969469
v 1.780455 2.798623 7.985760
v 1.739233 2.792020 7.976250
v 1.756444 2.740471 7.963141
v 1.800999 2.782565 7.719148
v 1.786296 2.836250 7.732103
v 1.827904 2.844324 7.740460
v 1.845131 2.791273 7.727599
v 1.926467 2.791273 7.852268
v 1.907785 2.844278 7.862902
v 1.898639 2.836252 7.904303
v 1.916423 2.782565 7.896064
v 1.908977 2.464848 7.685838
v 1.875269 2.482548 7.707635
v 1.867332 2.517208 7.675870
v 1.900574 2.496124 7.654183
v 2.015998 2.496125 7.831098
v 1.982735 2.517445 7.852800
v 1.956728 2.482636 7.832641
v 1.990411 2.464848 7.810656
v 1.932775 2.606977 7.633175
v 1.898742 2.625095 7.655378
v 1.927293 2.658915 7.674062
v 1.959719 2.637864 7.652790
v 2.041098 2.637864 7.777525
v 2.008567 2.658915 7.798635
v 2.014235 2.625138 7.832249
v 2.048199 2.606977 7.810089
v 2.097290 2.475774 7.562985
v 2.036530 2.463377 7.602619
v 2.024374 2.494514 7.573414
v 2.066590 2.532947 7.545871
v 2.182013 2.532948 7.722786
v 2.139732 2.494654 7.750372
v 2.117877 2.463379 7.727407
v 2.178718 2.475774 7.687793
v 2.074761 2.605018 7.540540
v 2.036823 2.599320 7.565291
v 2.056813 2.630894 7.589440
v 2.092322 2.644151 7.566607
v 2.173401 2.644151 7.690881
v 2.138316 2.630889 7.714224
v 2.152117 2.599146 7.742292
v 2.190184 2.605018 7.717455
v 2.278584 2.715319 7.460107
v 2.265574 2.680084 7.461550
v 2.195964 2.669326 7.473517
v 2.237608 2.712253 7.451390
v 2.337134 2.712253 7.603941
v 2.306404 2.661146 7.641632
v 2.338943 2.680008 7.574171
v 2.345665 2.715320 7.562926
v 2.162107 2.707267 7.500901
v 2.140969 2.666230 7.509398
v 2.125473 2.671336 7.553318
v 2.148495 2.702248 7.541815
v 2.218472 2.702248 7.649073
v 2.193345 2.663098 7.677252
v 2.245280 2.657802 7.681510
v 2.261404 2.707267 7.653097
v 2.278097 2.823827 7.496778
v 2.298983 2.795847 7.466287
v 2.258839 2.798139 7.459567
v 2.338204 2.798139 7.581214
v 2.348086 2.795586 7.541632
v 2.311905 2.823827 7.548598
v 2.242655 2.821025 7.520172
v 2.208055 2.795089 7.492950
v 2.201248 2.798405 7.531670
v 2.276202 2.821021 7.571695
v 2.249010 2.798405 7.604877
v 2.287192 2.795089 7.614248
v 2.120781 2.588813 7.510516
v 2.182438 2.560640 7.507401
v 2.263817 2.560603 7.632214
v 2.236231 2.588825 7.687413
v 2.214199 2.628024 7.701788
v 2.182094 2.652409 7.684941
v 2.101244 2.652519 7.560763
v 2.098823 2.627976 7.524840
vt 0.598222 0.447568
vt 0.602718 0.458672
vt 0.532210 0.458687
vt 0.530933 0.447568
vt 0.552752 0.509350
vt 0.623890 0.509350
vt 0.520531 0.462215
vt 0.519054 0.450979
vt 0.535852 0.377832
vt 0.574363 0.377837
vt 0.541107 0.514540
vt 0.523795 0.379753
vt 0.533057 0.362699
vt 0.570763 0.362699
vt 0.519756 0.364756
vt 0.497513 0.286955
vt 0.535343 0.286980
vt 0.488083 0.297133
vt 0.499830 0.375061
vt 0.482520 0.328816
vt 0.491601 0.281757
vt 0.482196 0.290942
vt 0.476493 0.323496
vt 0.458066 0.321247
vt 0.460271 0.290469
vt 0.452794 0.301755
vt 0.451347 0.322920
vt 0.447085 0.329662
vt 0.443197 0.318161
vt 0.459244 0.334413
vt 0.457657 0.336870
vt 0.455819 0.342396
vt 0.443157 0.340896
vt 0.440966 0.352948
vt 0.452773 0.351474
vt 0.427521 0.354412
vt 0.433417 0.341806
vt 0.450550 0.379712
vt 0.439290 0.378739
vt 0.430223 0.379634
vt 0.485233 0.351474
vt 0.472705 0.379712
vt 0.043599 0.277765
vt 0.032276 0.272503
vt 0.068460 0.206434
vt 0.080988 0.209354
vt 0.001992 0.235167
vt 0.025366 0.182842
vt 0.083840 0.197523
vt 0.071563 0.194598
vt 0.130431 0.209360
vt 0.113495 0.277765
vt 0.029308 0.171606
vt 0.131340 0.197523
vt 0.074789 0.111455
vt 0.086803 0.113811
vt 0.052582 0.100404
vt 0.123858 0.113825
vt 0.089655 0.098245
vt 0.076952 0.095688
vt 0.057026 0.085383
vt 0.127384 0.098245
vt 0.094275 0.049456
vt 0.104215 0.059376
vt 0.088696 0.017830
vt 0.141915 0.059376
vt 0.109943 0.053194
vt 0.100290 0.044123
vt 0.094587 0.011569
vt 0.116500 0.011137
vt 0.118694 0.041823
vt 0.123989 0.022383
vt 0.125436 0.043548
vt 0.123549 0.001953
vt 0.134300 0.005593
vt 0.133590 0.038792
vt 0.129688 0.050304
vt 0.149388 0.030505
vt 0.172071 0.005592
vt 0.187160 0.030515
vt 0.165342 0.065570
vt 0.146018 0.060031
vt 0.199423 0.065592
vt 0.156635 0.075039
vt 0.168544 0.075940
vt 0.199661 0.075940
vt 0.174755 0.099512
vt 0.163286 0.100262
vt 0.197557 0.099589
vt 0.173229 0.107806
vt 0.188911 0.107806
vt 0.286838 0.514540
vt 0.275109 0.509350
vt 0.298801 0.458672
vt 0.310758 0.462215
vt 0.207973 0.509350
vt 0.232247 0.458687
vt 0.312706 0.450979
vt 0.300565 0.447569
vt 0.237061 0.447569
vt 0.297856 0.377837
vt 0.310146 0.379777
vt 0.261512 0.377833
vt 0.314811 0.364756
vt 0.301155 0.362699
vt 0.265570 0.362699
vt 0.337698 0.375061
vt 0.333719 0.390827
vt 0.341915 0.286981
vt 0.351187 0.297203
vt 0.306239 0.286955
vt 0.357595 0.328829
vt 0.357953 0.290942
vt 0.348766 0.281757
vt 0.364503 0.323496
vt 0.383123 0.290510
vt 0.385642 0.321196
vt 0.391724 0.301756
vt 0.393386 0.322921
vt 0.402753 0.318165
vt 0.398271 0.329677
vt 0.385947 0.334413
vt 0.378859 0.330518
vt 0.417027 0.339404
vt 0.404593 0.338422
vt 0.387687 0.336838
vt 0.421386 0.354412
vt 0.405954 0.352948
vt 0.389938 0.339977
vt 0.419241 0.379634
vt 0.408838 0.378739
vt 0.393785 0.351474
vt 0.397394 0.379712
vt 0.363152 0.351474
vt 0.358092 0.342396
vt 0.401270 0.386354
vt 0.376486 0.379712
vt 0.387069 0.272504
vt 0.375613 0.277766
vt 0.334757 0.209360
vt 0.347491 0.206449
vt 0.309648 0.277766
vt 0.288090 0.209354
vt 0.344113 0.194599
vt 0.331685 0.197523
vt 0.395066 0.182843
vt 0.421627 0.235168
vt 0.286857 0.197523
vt 0.390791 0.171607
vt 0.329337 0.113826
vt 0.341608 0.111455
vt 0.294367 0.113812
vt 0.366934 0.100381
vt 0.338978 0.095689
vt 0.326006 0.098246
vt 0.290400 0.098246
vt 0.361865 0.085384
vt 0.309286 0.059376
vt 0.319095 0.049444
vt 0.273707 0.059376
vt 0.325484 0.017761
vt 0.312172 0.044124
vt 0.302703 0.053194
vt 0.318722 0.011570
vt 0.291007 0.041875
vt 0.293539 0.011097
vt 0.284952 0.022383
vt 0.283290 0.043548
vt 0.274723 0.005593
vt 0.287084 0.001953
vt 0.278395 0.050290
vt 0.273928 0.038789
vt 0.257406 0.030516
vt 0.268529 0.061524
vt 0.257342 0.062434
vt 0.239595 0.065593
vt 0.239077 0.005593
vt 0.221772 0.030505
vt 0.248330 0.075040
vt 0.263662 0.073576
vt 0.236193 0.075941
vt 0.207459 0.065571
vt 0.251953 0.099367
vt 0.241649 0.100262
vt 0.206827 0.075941
vt 0.229954 0.099589
vt 0.208449 0.099513
vt 0.232393 0.107806
vt 0.217593 0.107806
vt 0.150923 0.514539
vt 0.139378 0.509350
vt 0.157885 0.458671
vt 0.169290 0.462214
vt 0.065994 0.509350
vt 0.085139 0.458686
vt 0.170460 0.450978
vt 0.158797 0.447568
vt 0.089383 0.447568
vt 0.152485 0.377837
vt 0.164378 0.379776
vt 0.112758 0.377832
vt 0.167978 0.364756
vt 0.154958 0.362699
vt 0.116060 0.362699
vt 0.186958 0.286980
vt 0.196527 0.297203
vt 0.147956 0.286954
vt 0.201838 0.290941
vt 0.192334 0.281757
vt 0.639604 0.446987
vt 0.638920 0.435156
vt 0.687920 0.435156
vt 0.690613 0.446993
vt 0.646331 0.351445
vt 0.684556 0.351458
vt 0.700051 0.432232
vt 0.703053 0.444082
vt 0.653550 0.515398
vt 0.725654 0.515398
vt 0.682043 0.335879
vt 0.643122 0.335879
vt 0.696379 0.349087
vt 0.739321 0.409239
vt 0.743035 0.420475
vt 0.736843 0.510137
vt 0.694523 0.333322
vt 0.630025 0.297009
vt 0.668916 0.297009
vt 0.716523 0.338014
vt 0.764287 0.472800
vt 0.678918 0.287077
vt 0.673485 0.281757
vt 0.663756 0.290827
vt 0.657630 0.825678
vt 0.669344 0.824777
vt 0.662741 0.850000
vt 0.651529 0.849327
vt 0.660735 0.815330
vt 0.676728 0.812171
vt 0.652403 0.857544
vt 0.625530 0.825678
vt 0.628021 0.849250
vt 0.625603 0.815308
vt 0.675231 0.780253
vt 0.690490 0.788527
vt 0.636225 0.857544
vt 0.636279 0.780243
vt 0.688820 0.755330
vt 0.699142 0.772121
vt 0.649856 0.755331
vt 0.698522 0.751690
vt 0.705882 0.760834
vt 0.280244 0.878058
vt 0.291773 0.879533
vt 0.292676 0.905323
vt 0.281577 0.906297
vt 0.277953 0.866561
vt 0.291810 0.865006
vt 0.246759 0.878058
vt 0.258723 0.906297
vt 0.242571 0.868981
vt 0.276207 0.863422
vt 0.286848 0.856261
vt 0.237482 0.863455
vt 0.274859 0.860997
vt 0.283014 0.849505
vt 0.236061 0.860997
vt 0.180335 0.684343
vt 0.185018 0.695447
vt 0.116599 0.695462
vt 0.115039 0.684343
vt 0.138859 0.746125
vt 0.207890 0.746125
vt 0.104741 0.698990
vt 0.103006 0.687753
vt 0.118757 0.614607
vt 0.156128 0.614612
vt 0.127157 0.751315
vt 0.106573 0.616528
vt 0.115689 0.599474
vt 0.152278 0.599474
vt 0.102181 0.601531
vt 0.077243 0.523729
vt 0.113954 0.523755
vt 0.084429 0.627602
vt 0.080625 0.611836
vt 0.067915 0.533908
vt 0.061897 0.565591
vt 0.070842 0.518531
vt 0.061546 0.527716
vt 0.055377 0.560271
vt 0.035441 0.558022
vt 0.037827 0.527243
vt 0.029738 0.538530
vt 0.028173 0.559695
vt 0.042533 0.567294
vt 0.035828 0.571188
vt 0.023562 0.566437
vt 0.019355 0.554936
vt 0.034112 0.573645
vt 0.019027 0.577671
vt 0.008490 0.578581
vt 0.031925 0.579171
vt 0.001992 0.591187
vt 0.016532 0.589723
vt 0.028547 0.588249
vt 0.014197 0.615514
vt 0.004393 0.616409
vt 0.025568 0.616487
vt 0.060045 0.588249
vt 0.047067 0.616487
vt 0.022191 0.623130
vt 0.473054 0.277765
vt 0.461647 0.272503
vt 0.499745 0.206434
vt 0.512364 0.209354
vt 0.429007 0.235167
vt 0.454139 0.182842
vt 0.515341 0.197523
vt 0.502970 0.194598
vt 0.560343 0.209360
vt 0.540880 0.277765
vt 0.458266 0.171606
vt 0.561434 0.197523
vt 0.505806 0.111455
vt 0.517965 0.113811
vt 0.481885 0.100404
vt 0.553922 0.113825
vt 0.521088 0.098245
vt 0.508226 0.095688
vt 0.486669 0.085383
vt 0.557699 0.098245
vt 0.526967 0.049456
vt 0.536838 0.059376
vt 0.520931 0.017830
vt 0.573421 0.059376
vt 0.543037 0.053194
vt 0.533474 0.044123
vt 0.527305 0.011569
vt 0.551011 0.011137
vt 0.553384 0.041823
vt 0.559112 0.022383
vt 0.560678 0.043548
vt 0.557755 0.001953
vt 0.569389 0.005593
vt 0.569500 0.038792
vt 0.565279 0.050304
vt 0.585711 0.030505
vt 0.582945 0.060031
vt 0.571234 0.059049
vt 0.606041 0.005592
vt 0.622365 0.030515
vt 0.602756 0.065570
vt 0.635830 0.065592
vt 0.594014 0.075039
vt 0.606059 0.075940
vt 0.636254 0.075940
vt 0.612312 0.099512
vt 0.600688 0.100262
vt 0.634439 0.099589
vt 0.610266 0.107806
vt 0.579578 0.073576
vt 0.590987 0.099366
vt 0.625484 0.107806
vt 0.046106 0.849434
vt 0.052018 0.859632
vt 0.014244 0.881737
vt 0.008276 0.871544
vt 0.074608 0.898234
vt 0.036844 0.920314
vt 0.007883 0.888951
vt 0.001992 0.878884
vt 0.061423 0.857619
vt 0.083348 0.895085
vt 0.085367 0.916622
vt 0.047596 0.938725
vt 0.029796 0.926397
vt 0.090825 0.907861
vt 0.743301 0.768890
vt 0.749078 0.759075
vt 0.786778 0.781137
vt 0.781050 0.790980
vt 0.737163 0.761266
vt 0.743190 0.750967
vt 0.763870 0.820400
vt 0.726105 0.798274
vt 0.718736 0.792755
vt 0.790704 0.792598
vt 0.772300 0.824047
vt 0.719914 0.809015
vt 0.757523 0.831024
vt 0.712017 0.804236
vt 0.765558 0.835568
vt 0.755905 0.833659
vt 0.718327 0.811716
vt 0.761305 0.842835
vt 0.753810 0.837069
vt 0.716489 0.818929
vt 0.755800 0.852242
vt 0.713444 0.825846
vt 0.745903 0.844841
vt 0.747696 0.857376
vt 0.361629 0.860694
vt 0.366746 0.849505
vt 0.382119 0.858572
vt 0.372358 0.867051
vt 0.355067 0.852049
vt 0.384668 0.869833
vt 0.352451 0.876377
vt 0.363253 0.882642
vt 0.371703 0.891987
vt 0.345203 0.886319
vt 0.360637 0.895281
vt 0.204531 0.840791
vt 0.194957 0.833913
vt 0.220347 0.798264
vt 0.229970 0.805115
vt 0.196698 0.846368
vt 0.187204 0.839606
vt 0.158527 0.807967
vt 0.183918 0.772345
vt 0.151846 0.814423
vt 0.141175 0.795607
vt 0.166563 0.759960
vt 0.223192 0.789077
vt 0.187852 0.763907
vt 0.175776 0.755306
vt 0.552901 0.794905
vt 0.546317 0.785612
vt 0.581897 0.760272
vt 0.588527 0.769531
vt 0.587052 0.751690
vt 0.593960 0.761390
vt 0.608316 0.797263
vt 0.572652 0.822637
vt 0.615099 0.791070
vt 0.579910 0.832687
vt 0.615404 0.807408
vt 0.543431 0.797378
vt 0.564597 0.827095
vt 0.572314 0.837931
vt 0.617144 0.809964
vt 0.581723 0.835242
vt 0.577209 0.844803
vt 0.619395 0.813273
vt 0.587548 0.839876
vt 0.587074 0.853545
vt 0.446860 0.876013
vt 0.438752 0.866757
vt 0.453325 0.856454
vt 0.457056 0.868832
vt 0.464641 0.858745
vt 0.457401 0.890813
vt 0.467544 0.883529
vt 0.479532 0.879654
vt 0.463498 0.901501
vt 0.477999 0.891097
vt 0.451617 0.899957
vt 0.104343 0.919621
vt 0.109753 0.909148
vt 0.148720 0.929074
vt 0.143345 0.939593
vt 0.097686 0.912684
vt 0.102993 0.902306
vt 0.130117 0.869326
vt 0.169057 0.889258
vt 0.122757 0.863657
vt 0.139818 0.850359
vt 0.178782 0.870285
vt 0.158224 0.930551
vt 0.177978 0.891922
vt 0.184728 0.878722
vt 0.527567 0.814682
vt 0.532727 0.824835
vt 0.493836 0.844723
vt 0.488626 0.834596
vt 0.487486 0.852462
vt 0.482064 0.841859
vt 0.473087 0.804278
vt 0.512066 0.784369
vt 0.465474 0.809417
vt 0.506349 0.773369
vt 0.467552 0.793209
vt 0.537296 0.813615
vt 0.520685 0.781132
vt 0.459396 0.797532
vt 0.514628 0.769288
vt 0.504928 0.770577
vt 0.510786 0.761776
vt 0.499839 0.765144
vt 0.502299 0.751690
vt 0.332170 0.877144
vt 0.338843 0.887482
vt 0.322925 0.895553
vt 0.321036 0.882763
vt 0.312064 0.891637
vt 0.323897 0.860967
vt 0.312801 0.866695
vt 0.300377 0.868783
vt 0.319422 0.849505
vt 0.303560 0.857685
vt 0.330952 0.852762
vt 0.045925 0.802811
vt 0.055825 0.796410
vt 0.079739 0.833066
vt 0.069848 0.839522
vt 0.093283 0.771971
vt 0.117172 0.808618
vt 0.087253 0.839069
vt 0.077485 0.845442
vt 0.053357 0.787114
vt 0.089713 0.763395
vt 0.111127 0.760332
vt 0.135039 0.796984
vt 0.123590 0.815362
vt 0.102111 0.755306
vt 0.843033 0.839377
vt 0.836786 0.848900
vt 0.800203 0.825032
vt 0.806402 0.815478
vt 0.848794 0.847290
vt 0.842273 0.857284
vt 0.824992 0.786928
vt 0.861637 0.810863
vt 0.868729 0.816734
vt 0.796839 0.813393
vt 0.816749 0.782876
vt 0.868342 0.800436
vt 0.831847 0.776625
vt 0.824043 0.771696
vt 0.833592 0.774072
vt 0.870059 0.797816
vt 0.828644 0.764644
vt 0.835849 0.770768
vt 0.872245 0.790700
vt 0.834599 0.755516
vt 0.875623 0.783939
vt 0.844125 0.763389
vt 0.842943 0.750781
vt 0.414546 0.884002
vt 0.408890 0.894930
vt 0.393976 0.885127
vt 0.404137 0.877132
vt 0.420679 0.892957
vt 0.424474 0.868784
vt 0.413989 0.862001
vt 0.391977 0.873756
vt 0.406003 0.852257
vt 0.432197 0.859206
vt 0.417216 0.849505
vt 0.897141 0.519231
vt 0.908004 0.524420
vt 0.872511 0.575098
vt 0.860408 0.571555
vt 0.856500 0.582792
vt 0.868556 0.586202
vt 0.860801 0.655933
vt 0.848845 0.653994
vt 0.841733 0.669014
vt 0.855566 0.671071
vt 0.794955 0.746790
vt 0.787615 0.736567
vt 0.310975 0.741591
vt 0.300117 0.746853
vt 0.247711 0.678447
vt 0.259774 0.675536
vt 0.255733 0.663686
vt 0.243935 0.666610
vt 0.323110 0.651930
vt 0.361480 0.704255
vt 0.317760 0.640694
vt 0.244723 0.582913
vt 0.256808 0.580542
vt 0.293734 0.569468
vt 0.252311 0.564776
vt 0.239487 0.567333
vt 0.286361 0.554471
vt 0.214623 0.528463
vt 0.222731 0.518531
vt 0.444500 0.750844
vt 0.453261 0.767634
vt 0.436861 0.784041
vt 0.418731 0.775767
vt 0.414280 0.807685
vt 0.393691 0.810844
vt 0.443506 0.795541
vt 0.430923 0.806776
vt 0.389854 0.821192
vt 0.401749 0.820291
vt 0.395638 0.845513
vt 0.383959 0.844840
vt 0.201425 0.890668
vt 0.191874 0.875659
vt 0.214789 0.877123
vt 0.219923 0.891650
vt 0.191235 0.850437
vt 0.206670 0.851333
vt 0.229330 0.900395
vt 0.222662 0.911906
vt 0.227324 0.878598
vt 0.217736 0.850359
vt 0.625794 0.614313
vt 0.620597 0.625549
vt 0.560973 0.602557
vt 0.564858 0.590721
vt 0.596230 0.696751
vt 0.561286 0.685700
vt 0.548859 0.599632
vt 0.552540 0.587801
vt 0.662174 0.561988
vt 0.614377 0.524652
vt 0.548986 0.683344
vt 0.603224 0.519390
vt 0.544076 0.698910
vt 0.557126 0.701467
vt 0.529190 0.747698
vt 0.520608 0.737779
vt 0.781297 0.741786
vt 0.770081 0.746975
vt 0.735582 0.694650
vt 0.747863 0.691122
vt 0.744299 0.680004
vt 0.732042 0.683414
vt 0.726515 0.612188
vt 0.738701 0.610268
vt 0.733813 0.595134
vt 0.719809 0.597191
vt 0.668729 0.529568
vt 0.676562 0.519390
vt 0.377824 0.828723
vt 0.368610 0.845513
vt 0.344289 0.820601
vt 0.362339 0.812313
vt 0.320364 0.785536
vt 0.342296 0.791075
vt 0.328697 0.776066
vt 0.316569 0.775166
vt 0.310488 0.751594
vt 0.322369 0.750844
vt 0.494578 0.868505
vt 0.507223 0.867031
vt 0.498792 0.895270
vt 0.487476 0.894296
vt 0.499168 0.856454
vt 0.512836 0.857953
vt 0.682868 0.179202
vt 0.688294 0.167966
vt 0.751589 0.190958
vt 0.747590 0.202794
vt 0.712027 0.096764
vt 0.750032 0.107815
vt 0.763138 0.193883
vt 0.759317 0.205714
vt 0.643392 0.231527
vt 0.695408 0.268863
vt 0.719602 0.081743
vt 0.754727 0.092048
vt 0.761918 0.110171
vt 0.706034 0.274125
vt 0.775430 0.014190
vt 0.785264 0.045816
vt 0.767355 0.094605
vt 0.785814 0.007929
vt 0.795867 0.040483
vt 0.793003 0.055736
vt 0.824443 0.007497
vt 0.828309 0.038184
vt 0.837643 0.018743
vt 0.840194 0.039908
vt 0.854569 0.035153
vt 0.847691 0.046664
vt 0.846080 0.001953
vt 0.872662 0.026865
vt 0.876476 0.056391
vt 0.857394 0.055409
vt 0.898417 0.061930
vt 0.890566 0.071400
vt 0.866988 0.069936
vt 0.902264 0.072300
vt 0.896514 0.096622
vt 0.880652 0.095726
vt 0.908044 0.095872
vt 0.775612 0.515239
vt 0.770423 0.504646
vt 0.822748 0.466646
vt 0.826276 0.478627
vt 0.837394 0.474399
vt 0.833984 0.462521
vt 0.905209 0.453579
vt 0.907130 0.465299
vt 0.922263 0.459872
vt 0.920207 0.446205
vt 0.894136 0.416527
vt 0.909902 0.411080
vt 0.987829 0.390371
vt 0.998008 0.397308
vt 0.956146 0.380565
vt 0.994021 0.379993
vt 0.961467 0.369940
vt 0.963715 0.337457
vt 0.994494 0.341344
vt 0.983207 0.328164
vt 0.962042 0.325613
vt 0.955300 0.318101
vt 0.966801 0.311246
vt 0.944066 0.308016
vt 0.943157 0.290847
vt 0.930550 0.279131
vt 0.932014 0.302766
vt 0.942566 0.321470
vt 0.933489 0.315179
vt 0.906224 0.294035
vt 0.905328 0.278117
vt 0.905250 0.304896
vt 0.892824 0.978341
vt 0.881759 0.973151
vt 0.916180 0.922473
vt 0.928378 0.926016
vt 0.932090 0.914780
vt 0.919912 0.911369
vt 0.926498 0.841638
vt 0.938604 0.843578
vt 0.945492 0.828557
vt 0.931553 0.826500
vt 0.990371 0.750781
vt 0.998008 0.761004
vt 0.417672 0.523793
vt 0.428700 0.518531
vt 0.480222 0.586937
vt 0.467968 0.589848
vt 0.471968 0.601698
vt 0.483950 0.598774
vt 0.405915 0.613454
vt 0.368590 0.561129
vt 0.411187 0.624690
vt 0.483526 0.682471
vt 0.471307 0.684842
vt 0.435415 0.695916
vt 0.475625 0.700608
vt 0.488585 0.698051
vt 0.512713 0.736921
vt 0.504329 0.746853
vt 0.245121 0.845513
vt 0.236105 0.828723
vt 0.252020 0.812317
vt 0.270127 0.820590
vt 0.274099 0.788673
vt 0.294541 0.785513
vt 0.298362 0.775166
vt 0.286328 0.776066
vt 0.292563 0.750844
vt 0.304353 0.751517
vt 0.520608 0.857537
vt 0.533216 0.859011
vt 0.540789 0.884801
vt 0.529576 0.885775
vt 0.548876 0.868605
vt 0.563884 0.857537
vt 0.562420 0.871972
vt 0.547894 0.880316
vn 0.088848 -0.447203 -0.890009
vn 0.088848 -0.447203 -0.890009
vn 0.088104 -0.437428 -0.894927
vn 0.087890 -0.434639 -0.896306
vn 0.151838 -0.337470 -0.929010
vn 0.155020 -0.335534 -0.929185
vn 0.165533 -0.326621 -0.930547
vn 0.165531 -0.326597 -0.930556
vn -0.598310 -0.023754 -0.800912
vn -0.626705 -0.119139 -0.770095
vn -0.627665 -0.116072 -0.769782
vn -0.601974 -0.025771 -0.798099
vn 0.822040 -0.304677 -0.481063
vn 0.684992 -0.608358 -0.400857
vn 0.685004 -0.608340 -0.400864
vn 0.822055 -0.304624 -0.481072
vn -0.882701 0.374760 -0.283538
vn -0.882701 0.374760 -0.283538
vn -0.893958 0.352791 -0.276365
vn -0.899498 0.341443 -0.272618
vn -0.977577 -0.056975 -0.202723
vn -0.977269 -0.063072 -0.202405
vn -0.974463 -0.026182 -0.223014
vn -0.974812 -0.034499 -0.220344
vn -0.695453 0.592210 0.406979
vn -0.863075 0.002671 0.505069
vn -0.863075 0.002658 0.505069
vn -0.695454 0.592209 0.406980
vn -0.184432 0.373995 0.908907
vn -0.184432 0.373995 0.908907
vn -0.202058 0.340869 0.918140
vn -0.196027 0.352325 0.915118
vn -0.302424 -0.062742 0.951106
vn -0.302243 -0.056660 0.951545
vn -0.285851 -0.034557 0.957651
vn -0.283298 -0.026070 0.958677
vn 0.400964 -0.025786 0.915731
vn 0.363719 -0.116136 0.924241
vn 0.364451 -0.119158 0.923568
vn 0.405238 -0.023758 0.913902
vn 0.819481 -0.447711 0.357779
vn 0.819481 -0.447711 0.357779
vn 0.824631 -0.434932 0.361688
vn 0.823492 -0.437801 0.360819
vn 0.886240 -0.335378 0.319532
vn 0.884546 -0.337293 0.322199
vn 0.892483 -0.326653 0.311082
vn 0.892475 -0.326680 0.311075
vn 0.825358 -0.446507 0.345565
vn 0.815257 -0.462058 0.349082
vn 0.790205 -0.491172 0.366507
vn 0.778806 -0.501164 0.377222
vn 0.829693 -0.275436 -0.485535
vn 0.660689 -0.643430 -0.386636
vn 0.660689 -0.643430 -0.386636
vn 0.829693 -0.275435 -0.485535
vn 0.503035 0.007327 0.864235
vn 0.384374 -0.115336 0.915945
vn 0.385081 -0.114541 0.915747
vn 0.503965 0.004001 0.863715
vn 0.094857 -0.462229 -0.881673
vn 0.102853 -0.446598 -0.888804
vn 0.052869 -0.501193 -0.863719
vn 0.067631 -0.491302 -0.868360
vn -0.610301 -0.115307 -0.783733
vn -0.507106 0.007279 -0.861853
vn -0.506185 0.003974 -0.862415
vn -0.609783 -0.114514 -0.784252
vn -0.147485 0.379888 0.913200
vn -0.143917 0.391134 0.909012
vn -0.093273 0.453870 0.886172
vn -0.067926 0.473310 0.878273
vn -0.724864 0.542819 0.424171
vn -0.863043 0.009753 0.505037
vn -0.863043 0.009767 0.505037
vn -0.724878 0.542793 0.424179
vn -0.862997 0.391462 -0.319366
vn -0.868410 0.380136 -0.318371
vn -0.799003 0.473727 -0.370376
vn -0.818369 0.454222 -0.352071
vn 0.435277 -0.685330 0.583829
vn 0.427276 -0.687796 0.586832
vn 0.302174 -0.641089 0.705475
vn 0.323606 -0.663723 0.674352
vn 0.606253 -0.711740 -0.354801
vn 0.085911 -0.995031 -0.050321
vn 0.085794 -0.995045 -0.050252
vn 0.606252 -0.711741 -0.354800
vn 0.505064 0.000004 0.863082
vn 0.505073 0.000001 0.863077
vn 0.505075 0.000001 0.863076
vn 0.505064 0.000004 0.863082
vn -0.302041 -0.687341 -0.660556
vn -0.295421 -0.684863 -0.666100
vn -0.429615 -0.663399 -0.612645
vn -0.466901 -0.640875 -0.609330
vn -0.505067 -0.000003 -0.863080
vn -0.505066 -0.000006 -0.863081
vn -0.505066 -0.000006 -0.863081
vn -0.505068 -0.000003 -0.863079
vn 0.263509 0.675137 0.689023
vn 0.271552 0.678751 0.682318
vn 0.379408 0.690225 0.616148
vn 0.367567 0.692567 0.620681
vn -0.153607 0.984035 0.089888
vn -0.644003 0.665754 0.376870
vn -0.644004 0.665753 0.376871
vn -0.153567 0.984043 0.089865
vn -0.462563 0.677607 -0.571737
vn -0.472223 0.674103 -0.567970
vn -0.362089 0.691097 -0.625521
vn -0.351867 0.688676 -0.633967
vn 0.185645 -0.442030 0.877579
vn 0.178603 -0.418091 0.890675
vn 0.138238 -0.334899 0.932058
vn 0.125502 -0.316159 0.940368
vn -0.041910 -0.998821 0.024508
vn -0.420648 -0.873194 0.246147
vn -0.420673 -0.873177 0.246162
vn -0.041889 -0.998822 0.024496
vn 0.505066 -0.000001 0.863080
vn 0.505066 0.000006 0.863081
vn 0.505066 0.000005 0.863081
vn 0.505065 -0.000008 0.863081
vn -0.688976 -0.418400 -0.591822
vn -0.673956 -0.442288 -0.591747
vn -0.764993 -0.382918 -0.517841
vn -0.749467 -0.380917 -0.541480
vn -0.505071 -0.000006 -0.863078
vn -0.505092 -0.000001 -0.863065
vn -0.505076 -0.000002 -0.863075
vn -0.505076 -0.000005 -0.863075
vn 0.560342 0.642817 0.522305
vn 0.612750 0.624813 0.483887
vn 0.686297 0.619992 0.380271
vn 0.691480 0.614643 0.379565
vn 0.326234 0.925794 -0.190992
vn 0.033861 0.999230 -0.019846
vn 0.033884 0.999228 -0.019859
vn 0.325559 0.926112 -0.190598
vn -0.121845 0.625099 -0.770977
vn -0.181687 0.642544 -0.744397
vn 0.040779 0.569125 -0.821239
vn 0.040946 0.569246 -0.821147
vn -0.188548 -0.051976 0.980688
vn -0.143616 -0.137054 0.980097
vn -0.233938 0.038058 0.971506
vn -0.233938 0.038058 0.971506
vn -0.705398 -0.576324 0.412632
vn -0.840205 -0.228954 0.491565
vn -0.840209 -0.228934 0.491567
vn -0.705371 -0.576367 0.412616
vn 0.506374 0.195987 0.839746
vn 0.495490 0.111104 0.861479
vn 0.472819 0.116151 0.873471
vn 0.507522 0.161837 0.846304
vn -0.942478 -0.108792 -0.316068
vn -0.954814 -0.038072 -0.294757
vn -0.962122 0.038566 -0.269877
vn -0.962122 0.038566 -0.269877
vn -0.479235 0.237590 -0.844917
vn -0.478895 0.230494 -0.847072
vn -0.474684 0.258281 -0.841407
vn -0.498337 0.094075 -0.861864
vn 0.853612 0.444622 0.271399
vn 0.848490 0.443545 0.288675
vn 0.823708 0.508748 0.250361
vn 0.694400 0.645105 0.318821
vn 0.727150 0.542252 -0.420970
vn 0.608682 0.712707 -0.348648
vn 0.602942 0.718940 -0.345813
vn 0.725439 0.545450 -0.419789
vn 0.153831 0.505093 -0.849245
vn 0.173269 0.479172 -0.860449
vn 0.061996 0.644979 -0.761681
vn 0.185239 0.508526 -0.840885
vn 0.306889 0.851854 0.424457
vn 0.306889 0.851854 0.424457
vn 0.334324 0.855784 0.394794
vn -0.549467 0.771890 0.319798
vn -0.549467 0.771890 0.319798
vn -0.549467 0.771890 0.319798
vn -0.549467 0.771890 0.319798
vn -0.220196 0.851670 -0.475575
vn -0.220196 0.851670 -0.475575
vn -0.180822 0.855583 -0.485058
vn 0.282369 0.944988 -0.165123
vn 0.721700 0.548464 -0.422298
vn 0.721669 0.548519 -0.422280
vn 0.282583 0.944902 -0.165248
vn -0.591936 -0.020263 -0.805730
vn -0.591936 -0.020263 -0.805730
vn -0.678472 0.618090 0.397040
vn -0.678472 0.618090 0.397040
vn 0.412583 -0.020259 0.910695
vn 0.412583 -0.020259 0.910695
vn 0.668880 -0.631971 -0.391423
vn 0.668880 -0.631971 -0.391423
vn 0.056834 0.997830 -0.033256
vn 0.056834 0.997830 -0.033256
vn -0.619867 -0.695868 0.362673
vn -0.619754 -0.696003 0.362607
vn 0.479207 0.071887 0.874753
vn 0.482828 0.062304 0.873496
vn 0.530822 0.788665 -0.310219
vn 0.530914 0.788574 -0.310292
vn -0.505063 -0.000005 -0.863082
vn -0.505064 -0.000005 -0.863082
vn -0.850842 -0.167807 0.497905
vn -0.850842 -0.167807 0.497905
vn 0.505617 0.212076 0.836287
vn 0.505617 0.212076 0.836287
vn -0.481457 0.212070 -0.850427
vn -0.481457 0.212070 -0.850427
vn 0.035778 -0.285470 0.957720
vn 0.089442 -0.279144 0.956075
vn -0.803523 -0.376064 -0.461439
vn -0.853169 -0.315115 -0.415698
vn 0.769949 0.529094 0.356704
vn 0.727950 0.578091 0.368645
vn 0.077668 0.566015 -0.820728
vn 0.094403 0.563017 -0.821036
vn -0.176417 0.776861 0.604453
vn -0.176417 0.776861 0.604453
vn -0.176417 0.776861 0.604453
vn -0.618541 0.773853 -0.136229
vn -0.618542 0.773853 -0.136229
vn -0.618541 0.773853 -0.136229
vn 0.848190 -0.447208 -0.283863
vn 0.848190 -0.447208 -0.283863
vn 0.852371 -0.437432 -0.286561
vn 0.853541 -0.434643 -0.287321
vn 0.909587 -0.337470 -0.242417
vn 0.911052 -0.335534 -0.239587
vn 0.916602 -0.326625 -0.230557
vn 0.916610 -0.326601 -0.230561
vn 0.485200 -0.023758 -0.874080
vn 0.445445 -0.119139 -0.887347
vn 0.444767 -0.116073 -0.888093
vn 0.481132 -0.025776 -0.876269
vn 0.775805 -0.304674 0.552540
vn 0.646461 -0.608358 0.460422
vn 0.646472 -0.608341 0.460430
vn 0.775819 -0.304620 0.552550
vn -0.103281 0.374735 -0.921361
vn -0.103281 0.374735 -0.921361
vn -0.114435 0.352768 -0.928687
vn -0.120123 0.341418 -0.932204
vn -0.215882 -0.056979 -0.974755
vn -0.216047 -0.063074 -0.974343
vn -0.196102 -0.026181 -0.980234
vn -0.198681 -0.034498 -0.979457
vn -0.656336 0.592209 -0.467452
vn -0.814527 0.002668 -0.580119
vn -0.814527 0.002653 -0.580119
vn -0.656338 0.592206 -0.467453
vn -0.904609 0.374004 0.204460
vn -0.904609 0.374004 0.204460
vn -0.920260 0.340874 0.192161
vn -0.915030 0.352332 0.196426
vn -0.991484 -0.062744 0.114115
vn -0.991811 -0.056662 0.114459
vn -0.990659 -0.034556 0.131914
vn -0.990548 -0.026069 0.134663
vn -0.670832 -0.025785 0.741161
vn -0.693865 -0.116135 0.710679
vn -0.692951 -0.119156 0.711070
vn -0.667412 -0.023756 0.744310
vn 0.009643 -0.447705 0.894129
vn 0.009643 -0.447705 0.894129
vn 0.008193 -0.434930 0.900427
vn 0.008518 -0.437798 0.899033
vn 0.071956 -0.335377 0.939332
vn 0.068826 -0.337293 0.938880
vn 0.082224 -0.326649 0.941562
vn 0.082226 -0.326677 0.941552
vn 0.023219 -0.446515 0.894475
vn 0.015869 -0.462067 0.886703
vn -0.010299 -0.491180 0.870997
vn -0.024745 -0.501172 0.864994
vn 0.783021 -0.275436 0.557685
vn 0.623525 -0.643429 0.444090
vn 0.623525 -0.643429 0.444090
vn 0.783022 -0.275435 0.557685
vn -0.582021 0.007328 0.813141
vn -0.677830 -0.115334 0.726116
vn -0.677360 -0.114539 0.726681
vn -0.581165 0.004004 0.813776
vn 0.843059 -0.462227 -0.274950
vn 0.852839 -0.446598 -0.270585
vn 0.809470 -0.501192 -0.305884
vn 0.819755 -0.491300 -0.294322
vn 0.464608 -0.115305 -0.877977
vn 0.578171 0.007279 -0.815883
vn 0.579063 0.003974 -0.815273
vn 0.465295 -0.114512 -0.877717
vn -0.893385 0.379882 0.239902
vn -0.888102 0.391128 0.241442
vn -0.846503 0.453867 0.278274
vn -0.828906 0.473309 0.298151
vn -0.684069 0.542820 -0.487233
vn -0.814483 0.009753 -0.580105
vn -0.814483 0.009767 -0.580105
vn -0.684082 0.542795 -0.487242
vn -0.062539 0.391469 -0.918064
vn -0.065663 0.380146 -0.922593
vn 0.010217 0.473732 -0.880610
vn -0.014420 0.454226 -0.890770
vn -0.354047 -0.685330 0.636375
vn -0.360064 -0.687796 0.630310
vn -0.519566 -0.641090 0.564849
vn -0.482395 -0.663723 0.571636
vn 0.572167 -0.711742 0.407491
vn 0.081121 -0.995031 0.057726
vn 0.081011 -0.995045 0.057647
vn 0.572166 -0.711742 0.407491
vn -0.580125 -0.000002 0.814527
vn -0.580125 0.000005 0.814527
vn -0.580126 0.000006 0.814527
vn -0.580126 -0.000002 0.814527
vn 0.478643 -0.687353 -0.546302
vn 0.486414 -0.684876 -0.542537
vn 0.382637 -0.663414 -0.643017
vn 0.364325 -0.640891 -0.675667
vn 0.580127 -0.000002 -0.814526
vn 0.580127 -0.000003 -0.814526
vn 0.580127 -0.000003 -0.814526
vn 0.580127 -0.000002 -0.814526
vn -0.520399 0.675155 0.522829
vn -0.510990 0.678767 0.527413
vn -0.406417 0.690239 0.598661
vn -0.415407 0.692582 0.589718
vn -0.144968 0.984035 -0.103248
vn -0.607776 0.665754 -0.432874
vn -0.607777 0.665753 -0.432874
vn -0.144928 0.984043 -0.103220
vn 0.331823 0.677612 -0.656305
vn 0.324426 0.674108 -0.663571
vn 0.422073 0.691100 -0.586715
vn 0.433966 0.688681 -0.580855
vn -0.724321 -0.442031 0.529120
vn -0.739154 -0.418092 0.528064
vn -0.793442 -0.334904 0.508221
vn -0.806241 -0.316164 0.500016
vn -0.039536 -0.998821 -0.028180
vn -0.396969 -0.873195 -0.282748
vn -0.396994 -0.873178 -0.282765
vn -0.039516 -0.998822 -0.028165
vn -0.580116 -0.000005 0.814534
vn -0.580126 -0.000003 0.814526
vn -0.580124 -0.000004 0.814528
vn -0.580127 -0.000002 0.814526
vn 0.257309 -0.418412 -0.871048
vn 0.263397 -0.442302 -0.857316
vn 0.158669 -0.382920 -0.910053
vn 0.186595 -0.380921 -0.905584
vn 0.580125 -0.000002 -0.814527
vn 0.580120 0.000006 -0.814531
vn 0.580129 0.000003 -0.814525
vn 0.580124 -0.000001 -0.814528
vn -0.246642 0.642821 0.725223
vn -0.190121 0.624816 0.757271
vn -0.065465 0.620000 0.781866
vn -0.062698 0.614650 0.786304
vn 0.307957 0.925793 0.219249
vn 0.031982 0.999230 0.022748
vn 0.032002 0.999229 0.022762
vn 0.307323 0.926110 0.218798
vn 0.653241 0.625110 -0.427215
vn 0.604461 0.642556 -0.470903
vn 0.765766 0.569125 -0.299499
vn 0.765750 0.569246 -0.299310
vn -0.971777 -0.051973 0.230103
vn -0.952819 -0.137053 0.270838
vn -0.982012 0.038060 0.184945
vn -0.982012 0.038060 0.184945
vn -0.665570 -0.576323 -0.474203
vn -0.792836 -0.228945 -0.564796
vn -0.792840 -0.228926 -0.564799
vn -0.665545 -0.576366 -0.474185
vn -0.558308 0.195982 0.806153
vn -0.582588 0.111108 0.805138
vn -0.602832 0.116149 0.789369
vn -0.563814 0.161835 0.809891
vn -0.098140 -0.108793 -0.989208
vn -0.122638 -0.038074 -0.991721
vn -0.148331 0.038565 -0.988186
vn -0.148331 0.038565 -0.988186
vn 0.574144 0.237592 -0.783523
vn 0.576263 0.230490 -0.784089
vn 0.572817 0.258279 -0.777929
vn 0.581773 0.094082 -0.807892
vn 0.102449 0.444618 0.889842
vn 0.084593 0.443542 0.892252
vn 0.109376 0.508737 0.853946
vn -0.006086 0.645101 0.764073
vn 0.682091 0.542248 0.490632
vn 0.567545 0.712717 0.412223
vn 0.562604 0.718952 0.408148
vn 0.680311 0.545446 0.489556
vn 0.837659 0.505093 -0.207868
vn 0.855847 0.479172 -0.194730
vn 0.720144 0.644979 -0.255722
vn 0.842913 0.508524 -0.175788
vn -0.261316 0.851851 0.453942
vn -0.261316 0.851851 0.453942
vn -0.223013 0.855780 0.466803
vn -0.516971 0.771882 -0.370053
vn -0.516971 0.771882 -0.370053
vn -0.516971 0.771882 -0.370053
vn -0.516971 0.771882 -0.370053
vn 0.343491 0.851676 -0.395806
vn 0.343491 0.851676 -0.395806
vn 0.368285 0.855588 -0.363780
vn 0.266374 0.944990 0.189840
vn 0.681068 0.548464 0.485112
vn 0.681039 0.548518 0.485091
vn 0.266574 0.944905 0.189983
vn 0.492208 -0.020265 -0.870242
vn 0.492208 -0.020265 -0.870242
vn -0.640308 0.618090 -0.456039
vn -0.640308 0.618090 -0.456039
vn -0.661475 -0.020256 0.749693
vn -0.661475 -0.020256 0.749693
vn 0.631250 -0.631973 0.449592
vn 0.631250 -0.631973 0.449592
vn 0.053632 0.997830 0.038203
vn 0.053632 0.997830 0.038203
vn -0.584935 -0.695867 -0.416678
vn -0.584828 -0.696002 -0.416602
vn -0.601386 0.071890 0.795718
vn -0.598755 0.062308 0.798505
vn 0.500575 0.788673 0.356959
vn 0.500681 0.788581 0.357014
vn 0.580131 0.000003 -0.814523
vn 0.580130 0.000004 -0.814524
vn -0.802978 -0.167790 -0.571903
vn -0.802978 -0.167790 -0.571903
vn -0.555465 0.212069 0.804043
vn -0.555465 0.212069 0.804043
vn 0.578276 0.212066 -0.787798
vn 0.578276 0.212066 -0.787798
vn -0.858852 -0.285478 0.425295
vn -0.835346 -0.279151 0.473574
vn 0.091431 -0.376063 -0.922072
vn 0.029357 -0.315117 -0.948599
vn -0.009659 0.529100 0.848505
vn -0.037771 0.578097 0.815093
vn 0.780423 0.566012 -0.265651
vn 0.787565 0.563015 -0.250512
vn -0.623663 0.776847 0.086906
vn -0.623663 0.776847 0.086906
vn -0.623663 0.776847 0.086906
vn -0.129376 0.773837 -0.620030
vn -0.129376 0.773837 -0.620030
vn -0.129376 0.773837 -0.620030
vn -0.797800 -0.447212 0.404372
vn -0.797800 -0.447212 0.404372
vn -0.801543 -0.437435 0.407651
vn -0.802590 -0.434645 0.408574
vn -0.864576 -0.337473 0.372318
vn -0.866437 -0.335538 0.369731
vn -0.873245 -0.326625 0.361605
vn -0.873252 -0.326601 0.361611
vn -0.352714 -0.023757 0.935429
vn -0.311453 -0.119140 0.942763
vn -0.310673 -0.116073 0.943403
vn -0.348371 -0.025774 0.937002
vn -0.848011 -0.304673 -0.433650
vn -0.706629 -0.608358 -0.361352
vn -0.706641 -0.608341 -0.361358
vn -0.848026 -0.304620 -0.433657
vn 0.236392 0.374739 0.896487
vn 0.236392 0.374739 0.896487
vn 0.248499 0.352772 0.902109
vn 0.254641 0.341424 0.904759
vn 0.355569 -0.056977 0.932912
vn 0.355670 -0.063073 0.932481
vn 0.336794 -0.026180 0.941214
vn 0.339232 -0.034497 0.940070
vn 0.717419 0.592212 0.366872
vn 0.890338 0.002671 0.455292
vn 0.890338 0.002657 0.455292
vn 0.717420 0.592210 0.366873
vn 0.865188 0.374001 -0.334024
vn 0.865188 0.374001 -0.334024
vn 0.882462 0.340875 -0.324138
vn 0.876666 0.352332 -0.327594
vn 0.964291 -0.062744 -0.257306
vn 0.964564 -0.056663 -0.257694
vn 0.960882 -0.034559 -0.274795
vn 0.960372 -0.026072 -0.277499
vn 0.555725 -0.025787 -0.830966
vn 0.582953 -0.116138 -0.804163
vn 0.581991 -0.119159 -0.804417
vn 0.551882 -0.023758 -0.833584
vn -0.139772 -0.447713 -0.883185
vn -0.139772 -0.447713 -0.883185
vn -0.139253 -0.434937 -0.889628
vn -0.139372 -0.437805 -0.888202
vn -0.207953 -0.335378 -0.918846
vn -0.204793 -0.337295 -0.918854
vn -0.218443 -0.326649 -0.919556
vn -0.218444 -0.326677 -0.919546
vn -0.153266 -0.446508 -0.881556
vn -0.144863 -0.462060 -0.874937
vn -0.116687 -0.491173 -0.863211
vn -0.101519 -0.501165 -0.859376
vn -0.855900 -0.275437 -0.437687
vn -0.681558 -0.643431 -0.348533
vn -0.681558 -0.643431 -0.348533
vn -0.855900 -0.275436 -0.437687
vn 0.457378 0.007330 -0.889242
vn 0.564840 -0.115334 -0.817101
vn 0.564292 -0.114539 -0.817591
vn 0.456439 0.004004 -0.889746
vn -0.794022 -0.462225 0.394814
vn -0.804334 -0.446594 0.391919
vn -0.756284 -0.501193 0.420525
vn -0.768143 -0.491300 0.410584
vn -0.331777 -0.115305 0.936285
vn -0.453168 0.007285 0.891395
vn -0.454139 0.003978 0.890922
vn -0.332494 -0.114511 0.936128
vn 0.848913 0.379888 -0.367468
vn 0.843462 0.391133 -0.368222
vn 0.796943 0.453870 -0.398602
vn 0.776639 0.473309 -0.415704
vn 0.747742 0.542820 0.382398
vn 0.890293 0.009752 0.455284
vn 0.890292 0.009766 0.455284
vn 0.747756 0.542795 0.382406
vn 0.195618 0.391463 0.899161
vn 0.199368 0.380141 0.903186
vn 0.118169 0.473727 0.872708
vn 0.144028 0.454220 0.879170
vn 0.257579 -0.685327 -0.681161
vn 0.264417 -0.687793 -0.676036
vn 0.431754 -0.641090 -0.634502
vn 0.393990 -0.663722 -0.635803
vn -0.625419 -0.711741 -0.319806
vn -0.088666 -0.995031 -0.045297
vn -0.088545 -0.995045 -0.045235
vn -0.625419 -0.711741 -0.319806
vn 0.455302 0.000001 -0.890337
vn 0.455306 0.000002 -0.890335
vn 0.455304 0.000002 -0.890336
vn 0.455301 0.000001 -0.890338
vn -0.393965 -0.687353 0.610195
vn -0.402202 -0.684875 0.607602
vn -0.284904 -0.663408 0.691896
vn -0.262039 -0.640884 0.721528
vn -0.455299 -0.000001 0.890338
vn -0.455299 -0.000001 0.890339
vn -0.455298 -0.000001 0.890339
vn -0.455299 -0.000001 0.890338
vn 0.438699 0.675151 -0.593055
vn 0.428722 0.678763 -0.596220
vn 0.314884 0.690238 -0.651475
vn 0.325081 0.692580 -0.643937
vn 0.158460 0.984035 0.081033
vn 0.664346 0.665752 0.339734
vn 0.664346 0.665752 0.339734
vn 0.158417 0.984043 0.081011
vn -0.232693 0.677613 0.697635
vn -0.224319 0.674110 0.703745
vn -0.332114 0.691102 0.641933
vn -0.344733 0.688683 0.637868
vn 0.639530 -0.442035 -0.628973
vn 0.654357 -0.418096 -0.630089
vn 0.710958 -0.334902 -0.618369
vn 0.724814 -0.316160 -0.612117
vn 0.043218 -0.998821 0.022119
vn 0.433918 -0.873195 0.221913
vn 0.433944 -0.873179 0.221926
vn 0.043196 -0.998822 0.022108
vn 0.455311 -0.000000 -0.890332
vn 0.455297 0.000001 -0.890340
vn 0.455299 0.000001 -0.890339
vn 0.455315 -0.000002 -0.890330
vn -0.127709 -0.418399 0.899240
vn -0.135736 -0.442289 0.886542
vn -0.024431 -0.382914 0.923461
vn -0.052711 -0.380913 0.923107
vn -0.455297 -0.000001 0.890340
vn -0.455294 0.000001 0.890341
vn -0.455303 0.000001 0.890337
vn -0.455296 -0.000001 0.890340
vn 0.138376 0.642824 -0.753412
vn 0.077786 0.624821 -0.776883
vn -0.049117 0.620004 -0.783060
vn -0.052502 0.614655 -0.787047
vn -0.336607 0.925794 -0.172053
vn -0.034954 0.999230 -0.017846
vn -0.034977 0.999229 -0.017858
vn -0.335911 0.926112 -0.171697
vn -0.584043 0.625111 0.517813
vn -0.529423 0.642555 0.553927
vn -0.713965 0.569136 0.407845
vn -0.713978 0.569257 0.407655
vn 0.927895 -0.051983 -0.369200
vn 0.903202 -0.137065 -0.406741
vn 0.944600 0.038053 -0.326011
vn 0.944600 0.038053 -0.326011
vn 0.727543 -0.576321 0.372204
vn 0.866644 -0.228946 0.443296
vn 0.866648 -0.228927 0.443299
vn 0.727515 -0.576365 0.372190
vn 0.434944 0.195980 -0.878872
vn 0.459108 0.111101 -0.881406
vn 0.481426 0.116142 -0.868758
vn 0.439846 0.161831 -0.883372
vn 0.241183 -0.108800 0.964362
vn 0.265789 -0.038078 0.963279
vn 0.290695 0.038564 0.956038
vn 0.290695 0.038564 0.956038
vn -0.453909 0.237594 0.858787
vn -0.455913 0.230496 0.859660
vn -0.453406 0.258284 0.853060
vn -0.457899 0.094077 0.884013
vn -0.230950 0.444615 -0.865436
vn -0.213635 0.443539 -0.870421
vn -0.232575 0.508738 -0.828912
vn -0.105260 0.645100 -0.756814
vn -0.746281 0.542247 -0.386047
vn -0.621535 0.712717 -0.325160
vn -0.616054 0.718951 -0.321850
vn -0.744364 0.545446 -0.385242
vn -0.798442 0.505103 0.327661
vn -0.818350 0.479182 0.317313
vn -0.675205 0.644990 0.357891
vn -0.808314 0.508532 0.296689
vn 0.192408 0.851850 -0.487165
vn 0.192408 0.851850 -0.487165
vn 0.152639 0.855780 -0.494309
vn 0.565353 0.771884 0.290813
vn 0.565353 0.771884 0.290813
vn 0.565353 0.771884 0.290813
vn 0.565353 0.771884 0.290813
vn -0.282166 0.851679 0.441617
vn -0.282166 0.851679 0.441617
vn -0.311365 0.855589 0.413544
vn -0.291183 0.944990 -0.149018
vn -0.744466 0.548461 -0.380737
vn -0.744434 0.548515 -0.380721
vn -0.291404 0.944904 -0.149131
vn -0.360206 -0.020265 0.932653
vn -0.360206 -0.020265 0.932653
vn 0.699899 0.618092 0.357916
vn 0.699899 0.618092 0.357916
vn 0.545224 -0.020257 -0.838045
vn 0.545224 -0.020257 -0.838045
vn -0.690004 -0.631973 -0.352852
vn -0.690004 -0.631973 -0.352852
vn -0.058626 0.997830 -0.029983
vn -0.058626 0.997830 -0.029983
vn 0.639386 -0.695868 0.327036
vn 0.639270 -0.696003 0.326976
vn 0.479072 0.071883 -0.874828
vn 0.476063 0.062302 -0.877201
vn -0.547230 0.788672 -0.280242
vn -0.547342 0.788581 -0.280281
vn -0.455303 -0.000003 0.890337
vn -0.455302 -0.000003 0.890337
vn 0.877712 -0.167802 0.448848
vn 0.877712 -0.167802 0.448848
vn 0.432438 0.212067 -0.876370
vn 0.432438 0.212067 -0.876370
vn -0.457361 0.212071 0.863624
vn -0.457361 0.212071 0.863624
vn 0.787741 -0.285478 -0.545862
vn 0.757459 -0.279144 -0.590199
vn 0.043843 -0.376061 0.925557
vn 0.109122 -0.315121 0.942757
vn -0.114021 0.529098 -0.840865
vn -0.081344 0.578098 -0.811903
vn -0.733400 0.566024 0.376486
vn -0.742670 0.563026 0.362551
vn 0.604348 0.776851 -0.176825
vn 0.604348 0.776851 -0.176825
vn 0.604348 0.776851 -0.176825
vn 0.218273 0.773849 0.594571
vn 0.218273 0.773849 0.594571
vn 0.218273 0.773849 0.594571
vn -0.045476 -0.447194 0.893280
vn -0.045476 -0.447194 0.893280
vn -0.044495 -0.437418 0.898157
vn -0.044215 -0.434628 0.899524
vn -0.106513 -0.337472 0.935290
vn -0.109682 -0.335537 0.935620
vn -0.120116 -0.326627 0.937490
vn -0.120114 -0.326602 0.937499
vn 0.636518 -0.023753 0.770896
vn 0.663388 -0.119139 0.738730
vn 0.664331 -0.116072 0.738371
vn 0.640041 -0.025770 0.767908
vn -0.797694 -0.304674 0.520440
vn -0.664703 -0.608360 0.433668
vn -0.664714 -0.608343 0.433676
vn -0.797709 -0.304621 0.520449
vn 0.895440 0.374750 0.240313
vn 0.895440 0.374750 0.240313
vn 0.906334 0.352782 0.232602
vn 0.911685 0.341434 0.228590
vn 0.986273 -0.056976 0.154982
vn 0.985950 -0.063072 0.154678
vn 0.984149 -0.026182 0.175400
vn 0.984367 -0.034499 0.172715
vn 0.674855 0.592210 -0.440294
vn 0.837511 0.002672 -0.546414
vn 0.837511 0.002658 -0.546414
vn 0.674856 0.592208 -0.440294
vn 0.140027 0.374003 -0.916796
vn 0.140027 0.374003 -0.916796
vn 0.157194 0.340875 -0.926873
vn 0.151313 0.352332 -0.923562
vn 0.255853 -0.062741 -0.964677
vn 0.255653 -0.056660 -0.965107
vn 0.238980 -0.034557 -0.970409
vn 0.236381 -0.026070 -0.971311
vn -0.444989 -0.025785 -0.895165
vn -0.408201 -0.116135 -0.905475
vn -0.408899 -0.119157 -0.904767
vn -0.449169 -0.023756 -0.893131
vn -0.835898 -0.447712 -0.317535
vn -0.835898 -0.447712 -0.317535
vn -0.841232 -0.434934 -0.321187
vn -0.840053 -0.437803 -0.320375
vn -0.900725 -0.335378 -0.276072
vn -0.899162 -0.337294 -0.278819
vn -0.906551 -0.326650 -0.267330
vn -0.906543 -0.326678 -0.267324
vn -0.841179 -0.446506 -0.305043
vn -0.831260 -0.462058 -0.309046
vn -0.807084 -0.491171 -0.327668
vn -0.796220 -0.501163 -0.338925
vn -0.805120 -0.275434 0.525278
vn -0.641120 -0.643433 0.418282
vn -0.641120 -0.643433 0.418282
vn -0.805121 -0.275434 0.525278
vn -0.544432 0.007323 -0.838773
vn -0.428428 -0.115336 -0.896185
vn -0.429125 -0.114542 -0.895953
vn -0.545335 0.003999 -0.838209
vn -0.051922 -0.462229 0.885239
vn -0.059559 -0.446598 0.892750
vn -0.010858 -0.501194 0.865267
vn -0.025377 -0.491302 0.870619
vn 0.647666 -0.115307 0.753149
vn 0.548387 0.007281 0.836193
vn 0.547494 0.003976 0.836800
vn 0.647174 -0.114514 0.753693
vn 0.102925 0.379888 -0.919289
vn 0.099562 0.391135 -0.914932
vn 0.050085 0.453871 -0.889659
vn 0.025156 0.473309 -0.880537
vn 0.703398 0.542817 -0.458891
vn 0.837481 0.009752 -0.546379
vn 0.837481 0.009766 -0.546379
vn 0.703412 0.542791 -0.458900
vn 0.877495 0.391462 0.277055
vn 0.882853 0.380138 0.275799
vn 0.816059 0.473722 0.331113
vn 0.834513 0.454218 0.311889
vn -0.463132 -0.685323 -0.561997
vn -0.455288 -0.687789 -0.565385
vn -0.336097 -0.641081 -0.689967
vn -0.355990 -0.663715 -0.657840
vn -0.588295 -0.711742 0.383839
vn -0.083365 -0.995031 0.054436
vn -0.083251 -0.995045 0.054361
vn -0.588295 -0.711742 0.383839
vn -0.546410 0.000001 -0.837518
vn -0.546410 -0.000000 -0.837518
vn -0.546411 -0.000000 -0.837517
vn -0.546410 0.000001 -0.837518
vn 0.333783 -0.687341 0.645098
vn 0.327439 -0.684863 0.650958
vn 0.458879 -0.663397 0.591045
vn 0.495957 -0.640875 0.585924
vn 0.546413 -0.000002 0.837516
vn 0.546412 -0.000003 0.837517
vn 0.546411 -0.000003 0.837517
vn 0.546412 -0.000001 0.837516
vn -0.296675 0.675141 -0.675402
vn -0.304382 0.678754 -0.668315
vn -0.408897 0.690229 -0.596982
vn -0.397290 0.692571 -0.602085
vn 0.149059 0.984035 -0.097250
vn 0.624932 0.665753 -0.407718
vn 0.624933 0.665751 -0.407718
vn 0.149020 0.984043 -0.097224
vn 0.489803 0.677601 0.548588
vn 0.499268 0.674097 0.544357
vn 0.392062 0.691093 0.607188
vn 0.382262 0.688674 0.616120
vn -0.228068 -0.442027 -0.867523
vn -0.221670 -0.418090 -0.880945
vn -0.183370 -0.334901 -0.924239
vn -0.171055 -0.316160 -0.933158
vn 0.040670 -0.998821 -0.026516
vn 0.408189 -0.873194 -0.266297
vn 0.408214 -0.873177 -0.266313
vn 0.040649 -0.998822 -0.026503
vn -0.546422 -0.000003 -0.837510
vn -0.546414 0.000001 -0.837515
vn -0.546416 0.000001 -0.837514
vn -0.546414 -0.000003 -0.837515
vn 0.716916 -0.418400 0.557650
vn 0.701910 -0.442288 0.558305
vn 0.789250 -0.382915 0.480063
vn 0.774891 -0.380915 0.504428
vn 0.546410 -0.000002 0.837518
vn 0.546417 -0.000004 0.837514
vn 0.546415 -0.000005 0.837515
vn 0.546411 -0.000002 0.837517
vn -0.585061 0.642817 -0.494459
vn -0.635544 0.624812 -0.453535
vn -0.703964 0.619993 -0.346473
vn -0.709107 0.614644 -0.345515
vn -0.316565 0.925794 0.206618
vn -0.032856 0.999230 0.021465
vn -0.032878 0.999228 0.021480
vn -0.315911 0.926113 0.206192
vn 0.159161 0.625104 0.764142
vn 0.217645 0.642551 0.734683
vn -0.000831 0.569124 0.822251
vn -0.001002 0.569245 0.822167
vn 0.140660 -0.051978 -0.988693
vn 0.095818 -0.137055 -0.985918
vn 0.186434 0.038054 -0.981730
vn 0.186434 0.038054 -0.981730
vn 0.684514 -0.576322 -0.446423
vn 0.815327 -0.228946 -0.531814
vn 0.815330 -0.228926 -0.531817
vn 0.684488 -0.576365 -0.446406
vn -0.546576 0.195988 -0.814152
vn -0.536773 0.111109 -0.836379
vn -0.514700 0.116153 -0.849466
vn -0.548049 0.161840 -0.820640
vn 0.956725 -0.108801 0.269889
vn 0.968011 -0.038080 0.248002
vn 0.974103 0.038558 0.222794
vn 0.974103 0.038558 0.222794
vn 0.519734 0.237584 0.820628
vn 0.519499 0.230492 0.822797
vn 0.515018 0.258276 0.817343
vn 0.539633 0.094074 0.836628
vn -0.865798 0.444609 -0.229600
vn -0.861520 0.443533 -0.247107
vn -0.834909 0.508734 -0.210040
vn -0.709080 0.645097 -0.284703
vn -0.705835 0.542251 0.455807
vn -0.591020 0.712709 0.377812
vn -0.585424 0.718942 0.374700
vn -0.704184 0.545449 0.454543
vn -0.112388 0.505091 0.855717
vn -0.131260 0.479169 0.867853
vn -0.024919 0.644978 0.763795
vn -0.144169 0.508520 0.848895
vn -0.327156 0.851853 -0.409042
vn -0.327156 0.851853 -0.409042
vn -0.353115 0.855782 -0.378083
vn 0.533277 0.771895 -0.346111
vn 0.533277 0.771896 -0.346111
vn 0.533277 0.771895 -0.346111
vn 0.533277 0.771895 -0.346111
vn 0.243043 0.851673 0.464310
vn 0.243043 0.851673 0.464310
vn 0.204174 0.855586 0.475696
vn -0.274012 0.944989 0.178644
vn -0.700327 0.548465 0.456867
vn -0.700298 0.548519 0.456847
vn -0.274221 0.944902 0.178780
vn 0.630385 -0.020262 0.776018
vn 0.630385 -0.020262 0.776018
vn 0.658377 0.618089 -0.429541
vn 0.658377 0.618089 -0.429541
vn -0.456348 -0.020257 -0.889571
vn -0.456348 -0.020257 -0.889571
vn -0.649068 -0.631974 0.423462
vn -0.649068 -0.631974 0.423462
vn -0.055152 0.997830 0.035972
vn -0.055152 0.997830 0.035972
vn 0.601513 -0.695867 -0.392367
vn 0.601403 -0.696002 -0.392295
vn -0.521141 0.071892 -0.850438
vn -0.524697 0.062309 -0.849006
vn -0.515120 0.788665 0.335647
vn -0.515209 0.788573 0.335726
vn 0.546413 -0.000004 0.837516
vn 0.546413 -0.000004 0.837516
vn 0.825643 -0.167807 -0.538661
vn 0.825643 -0.167807 -0.538661
vn -0.545648 0.212076 -0.810735
vn -0.545648 0.212076 -0.810735
vn 0.522220 0.212070 0.826022
vn 0.522220 0.212070 0.826022
vn -0.082277 -0.285472 -0.954849
vn -0.135805 -0.279144 -0.950597
vn 0.824993 -0.376062 0.421857
vn 0.872357 -0.315121 0.373754
vn -0.786371 0.529090 -0.318879
vn -0.744999 0.578091 -0.332846
vn -0.037698 0.566015 0.823532
vn -0.054399 0.563017 0.824653
vn 0.146843 0.776852 -0.612322
vn 0.146843 0.776852 -0.612322
vn 0.146843 0.776852 -0.612322
vn 0.624432 0.773852 0.106011
vn 0.624432 0.773852 0.106011
vn 0.624432 0.773852 0.106011
s 1
g Nut1:Nut Nut1:pot Nut1:potLeg
usemtl lambert68SG
f 2721/4533/8065 2720/4534/8066 2724/4535/8067 2723/4536/8068
f 2722/4537/8069 2725/4538/8070 2750/4539/8071 2749/4540/8072
s 2
f 2723/4030/8073 2722/4035/8074 2731/4032/8075 2730/4027/8076
s 3
f 2725/3983/8077 2724/3984/8078 2741/3985/8079 2740/3986/8080
s 4
f 2727/4025/8081 2726/4026/8082 2730/4027/8083 2729/4028/8084
f 2728/4031/8085 2731/4032/8086 2758/4037/8087 2757/4038/8088
s 5
f 2729/4028/8089 2728/4031/8090 2737/4036/8091 2736/4033/8092
s 6
f 2733/4545/8093 2732/4546/8094 2736/4547/8095 2735/4548/8096
f 2734/4549/8097 2737/4550/8098 2754/4554/8099 2753/4555/8100
s 7
f 2735/4548/8101 2734/4549/8102 2743/4553/8103 2742/4551/8104
s 8
f 2739/3987/8105 2738/3993/8106 2742/3989/8107 2741/3985/8108
f 2740/3986/8109 2743/3990/8110 2746/3994/8111 2745/3991/8112
f 2744/3995/8113 2747/3997/8114 2762/4000/8115 2761/3998/8116
s 3
f 2745/3991/8117 2744/3995/8118 2751/3996/8119 2750/3992/8120
s 7
f 2747/4559/8121 2746/4556/8122 2753/4555/8123 2752/4557/8124
s 1
f 2748/4541/8125 2751/4542/8126 2766/4543/8127 2765/4544/8128
s 2
f 2749/4039/8129 2748/4043/8130 2759/4042/8131 2758/4037/8132
s 6
f 2752/4557/8133 2755/4558/8134 2770/4560/8135 2769/4561/8136
s 5
f 2755/4044/8137 2754/4040/8138 2757/4038/8139 2756/4041/8140
s 4
f 2756/4041/8141 2759/4042/8142 2774/4045/8143 2773/4046/8144
s 8
f 2760/4348/8145 2763/4355/8146 2778/4356/8147 2777/4351/8148
s 3
f 2761/4347/8149 2760/4348/8150 2767/4349/8151 2766/4350/8152
s 7
f 2763/4004/8153 2762/4000/8154 2769/4002/8155 2768/4005/8156
s 1
f 2764/4353/8157 2767/4349/8158 2782/4352/8159 2781/4359/8160
s 2
f 2765/4047/8161 2764/4051/8162 2775/4050/8163 2774/4045/8164
s 6
f 2768/4365/8165 2771/4361/8166 2786/4368/8167 2785/4369/8168
s 5
f 2771/4361/8169 2770/4362/8170 2773/4363/8171 2772/4364/8172
s 4
f 2772/4364/8173 2775/4370/8174 2790/4371/8175 2789/4367/8176
s 8
f 2776/4562/8177 2779/4563/8178 2820/4564/8179 2821/4565/8180
s 3
f 2777/4351/8181 2776/4357/8182 2783/4358/8183 2782/4352/8184
s 7
f 2779/4008/8185 2778/4007/8186 2785/4006/8187 2784/4009/8188
s 1
f 2780/4054/8189 2783/4057/8190 2822/4060/8191 2823/4058/8192
s 2
f 2781/4052/8193 2780/4054/8194 2791/4055/8195 2790/4053/8196
s 6
f 2784/4009/8197 2787/4012/8198 2826/4013/8199 2827/4010/8200
s 5
f 2787/4372/8201 2786/4368/8202 2789/4367/8203 2788/4373/8204
s 4
f 2788/4373/8205 2791/4375/8206 2824/4378/8207 2825/4376/8208
s 8
f 2792/4570/8209 2795/4571/8210 2810/4572/8211 2809/4573/8212
s 3
f 2793/4065/8213 2792/4068/8214 2799/4067/8215 2798/4063/8216
s 7
f 2795/4018/8217 2794/4019/8218 2801/4015/8219 2800/4016/8220
s 1
f 2796/4066/8221 2799/4067/8222 2812/4069/8223 2811/4070/8224
s 2
f 2797/4574/8225 2796/4575/8226 2807/4576/8227 2806/4577/8228
s 6
f 2800/4016/8229 2803/4017/8230 2816/4020/8231 2815/4021/8232
s 5
f 2803/4382/8233 2802/4380/8234 2805/4379/8235 2804/4383/8236
s 4
f 2804/4582/8237 2807/4576/8238 2819/4579/8239 2818/4583/8240
s 6
f 2808/4385/8241 2810/4386/8242 2815/4387/8232 2814/4388/8243
s off
f 2809/4071/8244 2808/4073/8245 2813/4072/8246 2812/4069/8247
s 4
f 2811/4394/8248 2813/4391/8249 2817/4392/8250 2819/4395/8239
s 5
f 2814/4388/8251 2816/4390/8252 2818/4393/8253 2817/4392/8254
s 2
f 2721/4029/8255 2723/4030/8073 2730/4027/8076 2726/4026/8256
s 5
f 2727/4025/8257 2729/4028/8089 2736/4033/8092 2732/4034/8258
s 7
f 2733/4545/8259 2735/4548/8101 2742/4551/8104 2738/4552/8260
s 3
f 2739/3987/8261 2741/3985/8079 2724/3984/8078 2720/3988/8262
s 5
f 2813/4391/8263 2808/4385/8264 2814/4388/8251 2817/4392/8254
s 3
f 2725/3983/8077 2740/3986/8080 2745/3991/8117 2750/3992/8120
s 7
f 2743/4553/8103 2734/4549/8102 2753/4555/8123 2746/4556/8122
s 5
f 2737/4036/8091 2728/4031/8090 2757/4038/8139 2754/4040/8138
s 2
f 2731/4032/8075 2722/4035/8074 2749/4039/8129 2758/4037/8132
s 3
f 2751/3996/8119 2744/3995/8118 2761/3998/8149 2766/3999/8152
s 7
f 2747/3997/8121 2752/4001/8124 2769/4002/8155 2762/4000/8154
s 5
f 2755/4044/8137 2756/4041/8140 2773/4046/8171 2770/4048/8170
s 2
f 2759/4042/8131 2748/4043/8130 2765/4047/8161 2774/4045/8164
s 3
f 2767/4349/8151 2760/4348/8150 2777/4351/8181 2782/4352/8184
s 7
f 2763/4004/8153 2768/4005/8156 2785/4006/8187 2778/4007/8186
s 5
f 2771/4361/8169 2772/4364/8172 2789/4367/8203 2786/4368/8202
s 2
f 2775/4050/8163 2764/4051/8162 2781/4052/8193 2790/4053/8196
s 3
f 2783/4057/8183 2776/4061/8182 2821/4062/8265 2822/4060/8266
s 7
f 2779/4008/8185 2784/4009/8188 2827/4010/8267 2820/4011/8268
s 5
f 2787/4372/8201 2788/4373/8204 2825/4376/8269 2826/4377/8270
s 2
f 2791/4055/8195 2780/4054/8194 2823/4058/8271 2824/4059/8272
s 3
f 2799/4067/8215 2792/4068/8214 2809/4071/8273 2812/4069/8274
s 7
f 2795/4018/8217 2800/4016/8220 2815/4021/8275 2810/4022/8276
s 5
f 2803/4017/8233 2804/4023/8236 2818/4024/8253 2816/4020/8252
s 2
f 2807/4576/8227 2796/4575/8226 2811/4578/8277 2819/4579/8278
s 1
f 2722/4537/8069 2723/4536/8068 2724/4535/8067 2725/4538/8070
s 4
f 2728/4031/8085 2729/4028/8084 2730/4027/8083 2731/4032/8086
s 6
f 2734/4549/8097 2735/4548/8096 2736/4547/8095 2737/4550/8098
s 8
f 2740/3986/8109 2741/3985/8108 2742/3989/8107 2743/3990/8110
f 2744/3995/8113 2745/3991/8112 2746/3994/8111 2747/3997/8114
s 1
f 2748/4541/8125 2749/4540/8072 2750/4539/8071 2751/4542/8126
s 6
f 2752/4557/8133 2753/4555/8100 2754/4554/8099 2755/4558/8134
s 4
f 2756/4041/8141 2757/4038/8088 2758/4037/8087 2759/4042/8142
s 8
f 2760/4003/8145 2761/3998/8116 2762/4000/8115 2763/4004/8146
s 1
f 2764/4353/8157 2765/4354/8128 2766/4350/8127 2767/4349/8158
s 6
f 2768/4365/8165 2769/4366/8136 2770/4362/8135 2771/4361/8166
s 4
f 2772/4049/8173 2773/4046/8144 2774/4045/8143 2775/4050/8174
s 8
f 2776/4357/8177 2777/4351/8148 2778/4356/8147 2779/4360/8178
s 1
f 2780/4054/8189 2781/4052/8160 2782/4056/8159 2783/4057/8190
s 6
f 2784/4374/8197 2785/4369/8168 2786/4368/8167 2787/4372/8198
s 4
f 2788/4373/8205 2789/4367/8176 2790/4371/8175 2791/4375/8206
s 8
f 2792/4570/8209 2793/4567/8279 2794/4566/8280 2795/4571/8210
s 1
f 2796/4066/8221 2797/4064/8281 2798/4063/8282 2799/4067/8222
s 6
f 2800/4016/8229 2801/4015/8283 2802/4014/8284 2803/4017/8230
s 4
f 2804/4383/8237 2805/4379/8285 2806/4381/8286 2807/4384/8238
s off
f 2808/4385/8287 2809/4389/8288 2810/4386/8289
f 2811/4070/8290 2812/4069/8291 2813/4072/8292
s 6
f 2814/4388/8243 2815/4387/8232 2816/4390/8231
s 4
f 2817/4392/8250 2818/4393/8240 2819/4395/8239
s 8
f 2821/4565/8180 2820/4564/8179 2794/4566/8280 2793/4567/8279
s 3
f 2822/4060/8266 2821/4062/8265 2793/4065/8213 2798/4063/8216
s 1
f 2823/4058/8192 2822/4060/8191 2798/4063/8282 2797/4064/8281
s 2
f 2824/4580/8272 2823/4581/8271 2797/4574/8225 2806/4577/8228
s 4
f 2825/4376/8208 2824/4378/8207 2806/4381/8286 2805/4379/8285
s 5
f 2826/4377/8270 2825/4376/8269 2805/4379/8235 2802/4380/8234
s 6
f 2827/4010/8200 2826/4013/8199 2802/4014/8284 2801/4015/8283
s 7
f 2820/4564/8268 2827/4568/8267 2801/4569/8219 2794/4566/8218
s 23
f 2829/4074/8293 2828/4075/8294 2832/4076/8295 2831/4077/8296
f 2830/4080/8297 2833/4081/8298 2858/4083/8299 2857/4084/8300
s 24
f 2831/4584/8301 2830/4585/8302 2839/4586/8303 2838/4587/8304
s 25
f 2833/4081/8305 2832/4076/8306 2849/4079/8307 2848/4082/8308
s 26
f 2835/4595/8309 2834/4593/8310 2838/4587/8311 2837/4591/8312
f 2836/4590/8313 2839/4586/8314 2866/4589/8315 2865/4594/8316
s 27
f 2837/4125/8317 2836/4130/8318 2845/4127/8319 2844/4122/8320
s 28
f 2841/4120/8321 2840/4121/8322 2844/4122/8323 2843/4123/8324
f 2842/4126/8325 2845/4127/8326 2862/4132/8327 2861/4133/8328
s 29
f 2843/4123/8329 2842/4126/8330 2851/4131/8331 2850/4128/8332
s 30
f 2847/4600/8333 2846/4601/8334 2850/4602/8335 2849/4603/8336
f 2848/4604/8337 2851/4605/8338 2854/4606/8339 2853/4607/8340
f 2852/4608/8341 2855/4609/8342 2870/4610/8343 2869/4611/8344
s 25
f 2853/4085/8345 2852/4088/8346 2859/4087/8347 2858/4083/8348
s 29
f 2855/4139/8349 2854/4135/8350 2861/4133/8351 2860/4136/8352
s 23
f 2856/4086/8353 2859/4087/8354 2874/4091/8355 2873/4092/8356
s 24
f 2857/4084/8357 2856/4086/8358 2867/4089/8359 2866/4090/8360
s 28
f 2860/4136/8361 2863/4137/8362 2878/4140/8363 2877/4141/8364
s 27
f 2863/4137/8365 2862/4132/8366 2865/4134/8367 2864/4138/8368
s 26
f 2864/4596/8369 2867/4597/8370 2882/4598/8371 2881/4599/8372
s 30
f 2868/4397/8373 2871/4401/8374 2886/4404/8375 2885/4402/8376
s 25
f 2869/4396/8377 2868/4397/8378 2875/4398/8379 2874/4399/8380
s 29
f 2871/4146/8381 2870/4143/8382 2877/4141/8383 2876/4144/8384
s 23
f 2872/4407/8385 2875/4398/8386 2890/4403/8387 2889/4408/8388
s 24
f 2873/4092/8389 2872/4095/8390 2883/4097/8391 2882/4094/8392
s 28
f 2876/4421/8393 2879/4410/8394 2894/4417/8395 2893/4422/8396
s 27
f 2879/4410/8397 2878/4411/8398 2881/4412/8399 2880/4413/8400
s 26
f 2880/4413/8401 2883/4415/8402 2898/4418/8403 2897/4416/8404
s 30
f 2884/4151/8405 2887/4149/8406 2928/4154/8407 2929/4155/8408
s 25
f 2885/4402/8409 2884/4405/8410 2891/4406/8411 2890/4403/8412
s 29
f 2887/4149/8413 2886/4148/8414 2893/4147/8415 2892/4150/8416
s 23
f 2888/4612/8417 2891/4613/8418 2930/4614/8419 2931/4615/8420
s 24
f 2889/4098/8421 2888/4100/8422 2899/4101/8423 2898/4099/8424
s 28
f 2892/4423/8425 2895/4419/8426 2934/4425/8427 2935/4426/8428
s 27
f 2895/4419/8429 2894/4417/8430 2897/4416/8431 2896/4420/8432
s 26
f 2896/4104/8433 2899/4101/8434 2932/4103/8435 2933/4108/8436
s 30
f 2900/4163/8437 2903/4161/8438 2918/4166/8439 2917/4168/8440
s 25
f 2901/4158/8441 2900/4163/8442 2907/4167/8443 2906/4164/8444
s 29
f 2903/4161/8445 2902/4157/8446 2909/4156/8447 2908/4162/8448
s 23
f 2904/4618/8449 2907/4619/8450 2920/4620/8451 2919/4621/8452
s 24
f 2905/4106/8453 2904/4109/8454 2915/4110/8455 2914/4107/8456
s 28
f 2908/4622/8457 2911/4623/8458 2924/4624/8459 2923/4625/8460
s 27
f 2911/4116/8461 2910/4117/8462 2913/4111/8463 2912/4114/8464
s 26
f 2912/4114/8465 2915/4110/8466 2927/4113/8467 2926/4115/8468
s 28
f 2916/4430/8469 2918/4431/8470 2923/4432/8460 2922/4433/8471
s off
f 2917/4168/8472 2916/4170/8473 2921/4171/8474 2920/4169/8475
s 26
f 2919/4438/8476 2921/4435/8477 2925/4436/8478 2927/4439/8467
s 27
f 2922/4433/8479 2924/4434/8480 2926/4437/8481 2925/4436/8482
s 24
f 2829/4592/8483 2831/4584/8301 2838/4587/8304 2834/4593/8484
s 27
f 2835/4124/8485 2837/4125/8317 2844/4122/8320 2840/4121/8486
s 29
f 2841/4120/8487 2843/4123/8329 2850/4128/8332 2846/4129/8488
s 25
f 2847/4078/8489 2849/4079/8307 2832/4076/8306 2828/4075/8490
s 27
f 2921/4435/8491 2916/4430/8492 2922/4433/8479 2925/4436/8482
s 25
f 2833/4081/8305 2848/4082/8308 2853/4085/8345 2858/4083/8348
s 29
f 2851/4131/8331 2842/4126/8330 2861/4133/8351 2854/4135/8350
s 27
f 2845/4127/8319 2836/4130/8318 2865/4134/8367 2862/4132/8366
s 24
f 2839/4586/8303 2830/4585/8302 2857/4588/8357 2866/4589/8360
s 25
f 2859/4087/8347 2852/4088/8346 2869/4093/8377 2874/4091/8380
s 29
f 2855/4139/8349 2860/4136/8352 2877/4141/8383 2870/4143/8382
s 27
f 2863/4137/8365 2864/4138/8368 2881/4142/8399 2878/4140/8398
s 24
f 2867/4089/8359 2856/4086/8358 2873/4092/8389 2882/4094/8392
s 25
f 2875/4398/8379 2868/4397/8378 2885/4402/8409 2890/4403/8412
s 29
f 2871/4146/8381 2876/4144/8384 2893/4147/8415 2886/4148/8414
s 27
f 2879/4410/8397 2880/4413/8400 2897/4416/8431 2894/4417/8430
s 24
f 2883/4097/8391 2872/4095/8390 2889/4098/8421 2898/4099/8424
s 25
f 2891/4159/8411 2884/4151/8410 2929/4155/8493 2930/4160/8494
s 29
f 2887/4149/8413 2892/4150/8416 2935/4153/8495 2928/4154/8496
s 27
f 2895/4419/8429 2896/4420/8432 2933/4424/8497 2934/4425/8498
s 24
f 2899/4101/8423 2888/4100/8422 2931/4102/8499 2932/4103/8500
s 25
f 2907/4167/8443 2900/4163/8442 2917/4168/8501 2920/4169/8502
s 29
f 2903/4161/8445 2908/4162/8448 2923/4165/8503 2918/4166/8504
s 27
f 2911/4116/8461 2912/4114/8464 2926/4115/8481 2924/4119/8480
s 24
f 2915/4110/8455 2904/4109/8454 2919/4112/8505 2927/4113/8506
s 23
f 2830/4080/8297 2831/4077/8296 2832/4076/8295 2833/4081/8298
s 26
f 2836/4590/8313 2837/4591/8312 2838/4587/8311 2839/4586/8314
s 28
f 2842/4126/8325 2843/4123/8324 2844/4122/8323 2845/4127/8326
s 30
f 2848/4604/8337 2849/4603/8336 2850/4602/8335 2851/4605/8338
f 2852/4608/8341 2853/4607/8340 2854/4606/8339 2855/4609/8342
s 23
f 2856/4086/8353 2857/4084/8300 2858/4083/8299 2859/4087/8354
s 28
f 2860/4136/8361 2861/4133/8328 2862/4132/8327 2863/4137/8362
s 26
f 2864/4596/8369 2865/4594/8316 2866/4589/8315 2867/4597/8370
s 30
f 2868/4397/8373 2869/4396/8344 2870/4400/8343 2871/4401/8374
s 23
f 2872/4095/8385 2873/4092/8356 2874/4091/8355 2875/4096/8386
s 28
f 2876/4144/8393 2877/4141/8364 2878/4140/8363 2879/4145/8394
s 26
f 2880/4413/8401 2881/4412/8372 2882/4414/8371 2883/4415/8402
s 30
f 2884/4151/8405 2885/4152/8376 2886/4148/8375 2887/4149/8406
s 23
f 2888/4409/8417 2889/4408/8388 2890/4403/8387 2891/4406/8418
s 28
f 2892/4423/8425 2893/4422/8396 2894/4417/8395 2895/4419/8426
s 26
f 2896/4104/8433 2897/4105/8404 2898/4099/8403 2899/4101/8434
s 30
f 2900/4163/8437 2901/4158/8507 2902/4157/8508 2903/4161/8438
s 23
f 2904/4618/8449 2905/4617/8509 2906/4616/8510 2907/4619/8450
s 28
f 2908/4622/8457 2909/4626/8511 2910/4627/8512 2911/4623/8458
s 26
f 2912/4114/8465 2913/4111/8513 2914/4107/8514 2915/4110/8466
s off
f 2916/4170/8515 2917/4168/8516 2918/4166/8517
f 2919/4438/8518 2920/4440/8519 2921/4435/8520
s 28
f 2922/4433/8471 2923/4432/8460 2924/4434/8459
s 26
f 2925/4118/8478 2926/4115/8468 2927/4113/8467
s 30
f 2929/4155/8408 2928/4154/8407 2902/4157/8508 2901/4158/8507
s 25
f 2930/4160/8494 2929/4155/8493 2901/4158/8441 2906/4164/8444
s 23
f 2931/4615/8420 2930/4614/8419 2906/4616/8510 2905/4617/8509
s 24
f 2932/4103/8500 2931/4102/8499 2905/4106/8453 2914/4107/8456
s 26
f 2933/4108/8436 2932/4103/8435 2914/4107/8514 2913/4111/8513
s 27
f 2934/4425/8498 2933/4424/8497 2913/4427/8463 2910/4428/8462
s 28
f 2935/4426/8428 2934/4425/8427 2910/4428/8512 2909/4429/8511
s 29
f 2928/4154/8496 2935/4153/8495 2909/4156/8447 2902/4157/8446
s 45
f 2937/4172/8521 2936/4173/8522 2940/4174/8523 2939/4175/8524
f 2938/4178/8525 2941/4179/8526 2966/4181/8527 2965/4182/8528
s 46
f 2939/4628/8529 2938/4629/8530 2947/4630/8531 2946/4631/8532
s 47
f 2941/4179/8533 2940/4174/8534 2957/4177/8535 2956/4180/8536
s 48
f 2943/4641/8537 2942/4637/8538 2946/4631/8539 2945/4635/8540
f 2944/4634/8541 2947/4630/8542 2974/4633/8543 2973/4640/8544
s 49
f 2945/4192/8545 2944/4193/8546 2953/4194/8547 2952/4195/8548
s 50
f 2949/4207/8549 2948/4201/8550 2952/4195/8551 2951/4199/8552
f 2950/4198/8553 2953/4194/8554 2970/4197/8555 2969/4204/8556
s 51
f 2951/4199/8557 2950/4198/8558 2959/4205/8559 2958/4206/8560
s 52
f 2955/4665/8561 2954/4666/8562 2958/4667/8563 2957/4668/8564
f 2956/4669/8565 2959/4670/8566 2962/4671/8567 2961/4672/8568
f 2960/4673/8569 2963/4674/8570 2978/4677/8571 2977/4678/8572
s 47
f 2961/4183/8573 2960/4186/8574 2967/4185/8575 2966/4181/8576
s 51
f 2963/4674/8577 2962/4671/8578 2969/4675/8579 2968/4676/8580
s 45
f 2964/4184/8581 2967/4185/8582 2982/4187/8583 2981/4188/8584
s 46
f 2965/4632/8585 2964/4638/8586 2975/4639/8587 2974/4633/8588
s 50
f 2968/4208/8589 2971/4202/8590 2986/4210/8591 2985/4213/8592
s 49
f 2971/4202/8593 2970/4197/8594 2973/4196/8595 2972/4203/8596
s 48
f 2972/4644/8597 2975/4639/8598 2990/4643/8599 2989/4647/8600
s 52
f 2976/4442/8601 2979/4446/8602 2994/4449/8603 2993/4447/8604
s 47
f 2977/4441/8605 2976/4442/8606 2983/4443/8607 2982/4444/8608
s 51
f 2979/4680/8609 2978/4677/8610 2985/4679/8611 2984/4681/8612
s 45
f 2980/4452/8613 2983/4443/8614 2998/4448/8615 2997/4453/8616
s 46
f 2981/4642/8617 2980/4645/8618 2991/4646/8619 2990/4643/8620
s 50
f 2984/4466/8621 2987/4455/8622 3002/4462/8623 3001/4467/8624
s 49
f 2987/4455/8625 2986/4456/8626 2989/4457/8627 2988/4458/8628
s 48
f 2988/4458/8629 2991/4460/8630 3006/4463/8631 3005/4461/8632
s 52
f 2992/4230/8633 2995/4231/8634 3036/4227/8635 3037/4226/8636
s 47
f 2993/4447/8637 2992/4450/8638 2999/4451/8639 2998/4448/8640
s 51
f 2995/4684/8641 2994/4683/8642 3001/4682/8643 3000/4685/8644
s 45
f 2996/4650/8645 2999/4654/8646 3038/4655/8647 3039/4652/8648
s 46
f 2997/4648/8649 2996/4650/8650 3007/4651/8651 3006/4649/8652
s 50
f 3000/4469/8653 3003/4464/8654 3042/4470/8655 3043/4471/8656
s 49
f 3003/4464/8657 3002/4462/8658 3005/4461/8659 3004/4465/8660
s 48
f 3004/4247/8661 3007/4248/8662 3040/4245/8663 3041/4244/8664
s 52
f 3008/4216/8665 3011/4217/8666 3026/4218/8667 3025/4219/8668
s 47
f 3009/4220/8669 3008/4216/8670 3015/4223/8671 3014/4225/8672
s 51
f 3011/4690/8673 3010/4689/8674 3017/4688/8675 3016/4691/8676
s 45
f 3012/4659/8677 3015/4661/8678 3028/4664/8679 3027/4662/8680
s 46
f 3013/4656/8681 3012/4659/8682 3023/4660/8683 3022/4657/8684
s 50
f 3016/4691/8685 3019/4693/8686 3032/4696/8687 3031/4694/8688
s 49
f 3019/4241/8689 3018/4243/8690 3021/4239/8691 3020/4235/8692
s 48
f 3020/4235/8693 3023/4236/8694 3035/4237/8695 3034/4238/8696
s 50
f 3024/4474/8697 3026/4475/8698 3031/4476/8688 3030/4477/8699
s off
f 3025/4219/8700 3024/4222/8701 3029/4228/8702 3028/4224/8703
s 48
f 3027/4482/8704 3029/4479/8705 3033/4480/8706 3035/4483/8695
s 49
f 3030/4477/8707 3032/4478/8708 3034/4481/8709 3033/4480/8710
s 46
f 2937/4636/8711 2939/4628/8529 2946/4631/8532 2942/4637/8712
s 49
f 2943/4200/8713 2945/4192/8545 2952/4195/8548 2948/4201/8714
s 51
f 2949/4207/8715 2951/4199/8557 2958/4206/8560 2954/4212/8716
s 47
f 2955/4176/8717 2957/4177/8535 2940/4174/8534 2936/4173/8718
s 49
f 3029/4479/8719 3024/4474/8720 3030/4477/8707 3033/4480/8710
s 47
f 2941/4179/8533 2956/4180/8536 2961/4183/8573 2966/4181/8576
s 51
f 2959/4205/8559 2950/4198/8558 2969/4204/8579 2962/4211/8578
s 49
f 2953/4194/8547 2944/4193/8546 2973/4196/8595 2970/4197/8594
s 46
f 2947/4630/8531 2938/4629/8530 2965/4632/8585 2974/4633/8588
s 47
f 2967/4185/8575 2960/4186/8574 2977/4189/8605 2982/4187/8608
s 51
f 2963/4674/8577 2968/4676/8580 2985/4679/8611 2978/4677/8610
s 49
f 2971/4202/8593 2972/4203/8596 2989/4209/8627 2986/4210/8626
s 46
f 2975/4639/8587 2964/4638/8586 2981/4642/8617 2990/4643/8620
s 47
f 2983/4443/8607 2976/4442/8606 2993/4447/8637 2998/4448/8640
s 51
f 2979/4680/8609 2984/4681/8612 3001/4682/8643 2994/4683/8642
s 49
f 2987/4455/8625 2988/4458/8628 3005/4461/8659 3002/4462/8658
s 46
f 2991/4646/8619 2980/4645/8618 2997/4648/8649 3006/4649/8652
s 47
f 2999/4232/8639 2992/4230/8638 3037/4226/8721 3038/4229/8722
s 51
f 2995/4684/8641 3000/4685/8644 3043/4686/8723 3036/4687/8724
s 49
f 3003/4249/8657 3004/4247/8660 3041/4244/8725 3042/4246/8726
s 46
f 3007/4651/8651 2996/4650/8650 3039/4652/8727 3040/4653/8728
s 47
f 3015/4223/8671 3008/4216/8670 3025/4219/8729 3028/4224/8730
s 51
f 3011/4690/8673 3016/4691/8676 3031/4694/8731 3026/4695/8732
s 49
f 3019/4241/8689 3020/4235/8692 3034/4238/8709 3032/4242/8708
s 46
f 3023/4660/8683 3012/4659/8682 3027/4662/8733 3035/4663/8734
s 45
f 2938/4178/8525 2939/4175/8524 2940/4174/8523 2941/4179/8526
s 48
f 2944/4634/8541 2945/4635/8540 2946/4631/8539 2947/4630/8542
s 50
f 2950/4198/8553 2951/4199/8552 2952/4195/8551 2953/4194/8554
s 52
f 2956/4669/8565 2957/4668/8564 2958/4667/8563 2959/4670/8566
f 2960/4673/8569 2961/4672/8568 2962/4671/8567 2963/4674/8570
s 45
f 2964/4184/8581 2965/4182/8528 2966/4181/8527 2967/4185/8582
s 50
f 2968/4208/8589 2969/4204/8556 2970/4197/8555 2971/4202/8590
s 48
f 2972/4644/8597 2973/4640/8544 2974/4633/8543 2975/4639/8598
s 52
f 2976/4442/8601 2977/4441/8572 2978/4445/8571 2979/4446/8602
s 45
f 2980/4190/8613 2981/4188/8584 2982/4187/8583 2983/4191/8614
s 50
f 2984/4214/8621 2985/4213/8592 2986/4210/8591 2987/4215/8622
s 48
f 2988/4458/8629 2989/4457/8600 2990/4459/8599 2991/4460/8630
s 52
f 2992/4230/8633 2993/4233/8604 2994/4234/8603 2995/4231/8634
s 45
f 2996/4454/8645 2997/4453/8616 2998/4448/8615 2999/4451/8646
s 50
f 3000/4469/8653 3001/4467/8624 3002/4462/8623 3003/4464/8654
s 48
f 3004/4465/8661 3005/4461/8632 3006/4463/8631 3007/4468/8662
s 52
f 3008/4216/8665 3009/4220/8735 3010/4221/8736 3011/4217/8666
s 45
f 3012/4659/8677 3013/4656/8737 3014/4658/8738 3015/4661/8678
s 50
f 3016/4691/8685 3017/4688/8739 3018/4692/8740 3019/4693/8686
s 48
f 3020/4235/8693 3021/4239/8741 3022/4240/8742 3023/4236/8694
s off
f 3024/4222/8743 3025/4219/8744 3026/4218/8745
f 3027/4482/8746 3028/4484/8747 3029/4479/8748
s 50
f 3030/4477/8699 3031/4476/8688 3032/4478/8687
s 48
f 3033/4480/8706 3034/4481/8696 3035/4483/8695
s 52
f 3037/4226/8636 3036/4227/8635 3010/4221/8736 3009/4220/8735
s 47
f 3038/4229/8722 3037/4226/8721 3009/4220/8669 3014/4225/8672
s 45
f 3039/4652/8648 3038/4655/8647 3014/4658/8738 3013/4656/8737
s 46
f 3040/4653/8728 3039/4652/8727 3013/4656/8681 3022/4657/8684
s 48
f 3041/4244/8664 3040/4245/8663 3022/4240/8742 3021/4239/8741
s 49
f 3042/4246/8726 3041/4244/8725 3021/4239/8691 3018/4243/8690
s 50
f 3043/4471/8656 3042/4470/8655 3018/4472/8740 3017/4473/8739
s 51
f 3036/4687/8724 3043/4686/8723 3017/4688/8675 3010/4689/8674
s 67
f 3045/4697/8749 3044/4698/8750 3048/4699/8751 3047/4700/8752
f 3046/4701/8753 3049/4702/8754 3074/4703/8755 3073/4704/8756
s 68
f 3047/4300/8757 3046/4305/8758 3055/4302/8759 3054/4297/8760
s 69
f 3049/4250/8761 3048/4251/8762 3065/4252/8763 3064/4253/8764
s 70
f 3051/4295/8765 3050/4296/8766 3054/4297/8767 3053/4298/8768
f 3052/4301/8769 3055/4302/8770 3082/4307/8771 3081/4308/8772
s 71
f 3053/4298/8773 3052/4301/8774 3061/4306/8775 3060/4303/8776
s 72
f 3057/4709/8777 3056/4710/8778 3060/4711/8779 3059/4712/8780
f 3058/4713/8781 3061/4714/8782 3078/4718/8783 3077/4719/8784
s 73
f 3059/4712/8785 3058/4713/8786 3067/4717/8787 3066/4715/8788
s 74
f 3063/4254/8789 3062/4260/8790 3066/4256/8791 3065/4252/8792
f 3064/4253/8793 3067/4257/8794 3070/4261/8795 3069/4258/8796
f 3068/4262/8797 3071/4264/8798 3086/4269/8799 3085/4265/8800
s 69
f 3069/4258/8801 3068/4262/8802 3075/4263/8803 3074/4259/8804
s 73
f 3071/4264/8805 3070/4261/8806 3077/4267/8807 3076/4268/8808
s 67
f 3072/4705/8809 3075/4706/8810 3090/4707/8811 3089/4708/8812
s 68
f 3073/4309/8813 3072/4313/8814 3083/4312/8815 3082/4307/8816
s 72
f 3076/4721/8817 3079/4722/8818 3094/4723/8819 3093/4724/8820
s 71
f 3079/4314/8821 3078/4310/8822 3081/4308/8823 3080/4311/8824
s 70
f 3080/4311/8825 3083/4312/8826 3098/4315/8827 3097/4316/8828
s 74
f 3084/4486/8829 3087/4493/8830 3102/4494/8831 3101/4489/8832
s 69
f 3085/4485/8833 3084/4486/8834 3091/4487/8835 3090/4488/8836
s 73
f 3087/4272/8837 3086/4269/8838 3093/4270/8839 3092/4273/8840
s 67
f 3088/4491/8841 3091/4487/8842 3106/4490/8843 3105/4497/8844
s 68
f 3089/4317/8845 3088/4321/8846 3099/4320/8847 3098/4315/8848
s 72
f 3092/4503/8849 3095/4499/8850 3110/4506/8851 3109/4507/8852
s 71
f 3095/4499/8853 3094/4500/8854 3097/4501/8855 3096/4502/8856
s 70
f 3096/4502/8857 3099/4508/8858 3114/4509/8859 3113/4505/8860
s 74
f 3100/4725/8861 3103/4726/8862 3144/4727/8863 3145/4728/8864
s 69
f 3101/4489/8865 3100/4495/8866 3107/4496/8867 3106/4490/8868
s 73
f 3103/4276/8869 3102/4275/8870 3109/4274/8871 3108/4277/8872
s 67
f 3104/4324/8873 3107/4327/8874 3146/4330/8875 3147/4328/8876
s 68
f 3105/4322/8877 3104/4324/8878 3115/4325/8879 3114/4323/8880
s 72
f 3108/4277/8881 3111/4279/8882 3150/4282/8883 3151/4280/8884
s 71
f 3111/4510/8885 3110/4506/8886 3113/4505/8887 3112/4511/8888
s 70
f 3112/4511/8889 3115/4512/8890 3148/4515/8891 3149/4513/8892
s 74
f 3116/4731/8893 3119/4732/8894 3134/4733/8895 3133/4734/8896
s 69
f 3117/4336/8897 3116/4339/8898 3123/4338/8899 3122/4335/8900
s 73
f 3119/4286/8901 3118/4284/8902 3125/4283/8903 3124/4287/8904
s 67
f 3120/4337/8905 3123/4338/8906 3136/4340/8907 3135/4341/8908
s 68
f 3121/4739/8909 3120/4740/8910 3131/4741/8911 3130/4742/8912
s 72
f 3124/4287/8913 3127/4288/8914 3140/4291/8915 3139/4289/8916
s 71
f 3127/4519/8917 3126/4517/8918 3129/4516/8919 3128/4520/8920
s 70
f 3128/4735/8921 3131/4736/8922 3143/4737/8923 3142/4738/8924
s 72
f 3132/4522/8925 3134/4523/8926 3139/4524/8916 3138/4525/8927
s off
f 3133/4342/8928 3132/4346/8929 3137/4343/8930 3136/4340/8931
s 70
f 3135/4531/8932 3137/4527/8933 3141/4528/8934 3143/4532/8923
s 71
f 3138/4525/8935 3140/4529/8936 3142/4530/8937 3141/4528/8938
s 68
f 3045/4299/8939 3047/4300/8757 3054/4297/8760 3050/4296/8940
s 71
f 3051/4295/8941 3053/4298/8773 3060/4303/8776 3056/4304/8942
s 73
f 3057/4709/8943 3059/4712/8785 3066/4715/8788 3062/4716/8944
s 69
f 3063/4254/8945 3065/4252/8763 3048/4251/8762 3044/4255/8946
s 71
f 3137/4527/8947 3132/4522/8948 3138/4525/8935 3141/4528/8938
s 69
f 3049/4250/8761 3064/4253/8764 3069/4258/8801 3074/4259/8804
s 73
f 3067/4717/8787 3058/4713/8786 3077/4719/8807 3070/4720/8806
s 71
f 3061/4306/8775 3052/4301/8774 3081/4308/8823 3078/4310/8822
s 68
f 3055/4302/8759 3046/4305/8758 3073/4309/8813 3082/4307/8816
s 69
f 3075/4263/8803 3068/4262/8802 3085/4265/8833 3090/4266/8836
s 73
f 3071/4264/8805 3076/4268/8808 3093/4270/8839 3086/4269/8838
s 71
f 3079/4314/8821 3080/4311/8824 3097/4316/8855 3094/4318/8854
s 68
f 3083/4312/8815 3072/4313/8814 3089/4317/8845 3098/4315/8848
s 69
f 3091/4487/8835 3084/4486/8834 3101/4489/8865 3106/4490/8868
s 73
f 3087/4272/8837 3092/4273/8840 3109/4274/8871 3102/4275/8870
s 71
f 3095/4499/8853 3096/4502/8856 3113/4505/8887 3110/4506/8886
s 68
f 3099/4320/8847 3088/4321/8846 3105/4322/8877 3114/4323/8880
s 69
f 3107/4327/8867 3100/4333/8866 3145/4334/8949 3146/4330/8950
s 73
f 3103/4276/8869 3108/4277/8872 3151/4280/8951 3144/4281/8952
s 71
f 3111/4510/8885 3112/4511/8888 3149/4513/8953 3150/4514/8954
s 68
f 3115/4325/8879 3104/4324/8878 3147/4328/8955 3148/4329/8956
s 69
f 3123/4338/8899 3116/4339/8898 3133/4342/8957 3136/4340/8958
s 73
f 3119/4286/8901 3124/4287/8904 3139/4289/8959 3134/4290/8960
s 71
f 3127/4288/8917 3128/4292/8920 3142/4293/8937 3140/4291/8936
s 68
f 3131/4344/8911 3120/4337/8910 3135/4341/8961 3143/4345/8962
s 67
f 3046/4701/8753 3047/4700/8752 3048/4699/8751 3049/4702/8754
s 70
f 3052/4301/8769 3053/4298/8768 3054/4297/8767 3055/4302/8770
s 72
f 3058/4713/8781 3059/4712/8780 3060/4711/8779 3061/4714/8782
s 74
f 3064/4253/8793 3065/4252/8792 3066/4256/8791 3067/4257/8794
f 3068/4262/8797 3069/4258/8796 3070/4261/8795 3071/4264/8798
s 67
f 3072/4705/8809 3073/4704/8756 3074/4703/8755 3075/4706/8810
s 72
f 3076/4721/8817 3077/4719/8784 3078/4718/8783 3079/4722/8818
s 70
f 3080/4311/8825 3081/4308/8772 3082/4307/8771 3083/4312/8826
s 74
f 3084/4271/8829 3085/4265/8800 3086/4269/8799 3087/4272/8830
s 67
f 3088/4491/8841 3089/4492/8812 3090/4488/8811 3091/4487/8842
s 72
f 3092/4503/8849 3093/4504/8820 3094/4500/8819 3095/4499/8850
s 70
f 3096/4319/8857 3097/4316/8828 3098/4315/8827 3099/4320/8858
s 74
f 3100/4495/8861 3101/4489/8832 3102/4494/8831 3103/4498/8862
s 67
f 3104/4324/8873 3105/4322/8844 3106/4326/8843 3107/4327/8874
s 72
f 3108/4277/8881 3109/4274/8852 3110/4278/8851 3111/4279/8882
s 70
f 3112/4511/8889 3113/4505/8860 3114/4509/8859 3115/4512/8890
s 74
f 3116/4731/8893 3117/4730/8963 3118/4729/8964 3119/4732/8894
s 67
f 3120/4337/8905 3121/4331/8965 3122/4335/8966 3123/4338/8906
s 72
f 3124/4287/8913 3125/4283/8967 3126/4285/8968 3127/4288/8914
s 70
f 3128/4520/8921 3129/4516/8969 3130/4518/8970 3131/4521/8922
s off
f 3132/4522/8971 3133/4526/8972 3134/4523/8973
f 3135/4341/8974 3136/4340/8975 3137/4343/8976
s 72
f 3138/4294/8927 3139/4289/8916 3140/4291/8915
s 70
f 3141/4528/8934 3142/4530/8924 3143/4532/8923
s 74
f 3145/4728/8864 3144/4727/8863 3118/4729/8964 3117/4730/8963
s 69
f 3146/4330/8950 3145/4334/8949 3117/4336/8897 3122/4335/8900
s 67
f 3147/4328/8876 3146/4330/8875 3122/4335/8966 3121/4331/8965
s 68
f 3148/4329/8956 3147/4328/8955 3121/4331/8909 3130/4332/8912
s 70
f 3149/4513/8892 3148/4515/8891 3130/4518/8970 3129/4516/8969
s 71
f 3150/4514/8954 3149/4513/8953 3129/4516/8919 3126/4517/8918
s 72
f 3151/4280/8884 3150/4282/8883 3126/4285/8968 3125/4283/8967
s 73
f 3144/4281/8952 3151/4280/8951 3125/4283/8903 3118/4284/8902
g default
v -0.541649 2.231720 9.050769
v -0.412677 2.215798 8.987825
v -0.297159 2.271308 8.924998
v -0.226042 2.383376 8.879127
v -0.218388 2.521972 8.862502
v -0.276243 2.649960 8.879573
v -0.649511 2.314807 9.096970
v -0.093537 2.504916 10.641767
v 0.035434 2.488993 10.578818
v 0.150955 2.544506 10.515991
v 0.222075 2.656576 10.470112
v 0.229731 2.795175 10.453488
v 0.171876 2.923164 10.470557
v -0.201403 2.588000 10.687970
v -0.014764 2.755581 10.579264
v 0.450193 2.630052 8.763530
v 0.307006 2.838128 8.826688
v 0.115076 2.925691 8.942638
v -0.074165 2.869286 9.080312
v -0.210013 2.684020 9.202824
v -0.256069 2.419540 9.277343
v 0.506277 2.357222 8.770091
v 1.755735 2.760780 10.369881
v 1.611505 2.933613 10.433164
v 1.419191 3.003567 10.549166
v 1.230333 2.951904 10.686795
v 1.095539 2.792461 10.809180
v 1.050914 2.567966 10.883534
v 1.813256 2.531382 10.376274
v 1.432089 2.549672 10.629898
v 0.655076 2.464181 8.767452
v 0.599582 2.561095 8.864535
v 0.552926 2.594268 8.999143
v 0.527612 2.554818 9.135213
v 0.530425 2.453310 9.236277
v 0.560605 2.316947 9.275263
v 0.704544 2.329501 8.733911
v 2.339432 2.639063 9.050482
v 2.283932 2.735976 9.147563
v 2.237276 2.769150 9.282176
v 2.211957 2.729699 9.418249
v 2.214770 2.628191 9.519319
v 2.244947 2.491828 9.558305
v 2.388900 2.504382 9.016936
v 2.316924 2.498105 9.287619
v 1.011877 2.465339 8.955048
v 0.992315 2.393846 8.786226
v 0.963902 2.421274 8.620391
v 0.934256 2.540270 8.501974
v 0.911321 2.718950 8.462713
v 0.901237 2.909438 8.513117
v 1.017354 2.616594 9.081616
v 2.480153 2.605199 8.762086
v 2.460586 2.533705 8.593265
v 2.432173 2.561135 8.427425
v 2.402523 2.680132 8.309004
v 2.379588 2.858815 8.269738
v 2.369502 3.049303 8.320143
v 2.485631 2.756449 8.888660
v 0.959294 2.763015 8.797369
v 2.427566 2.902876 8.604403
vt 0.172849 0.490083
vt 0.202292 0.490083
vt 0.202292 0.843024
vt 0.172849 0.843024
vt 0.231874 0.490083
vt 0.231874 0.843024
vt 0.143329 0.490083
vt 0.143329 0.843024
vt 0.198685 0.433836
vt 0.176021 0.455981
vt 0.147695 0.403621
vt 0.145766 0.464096
vt 0.207687 0.403595
vt 0.116028 0.456007
vt 0.094776 0.433881
vt 0.087703 0.403647
vt 0.531341 0.393618
vt 0.505099 0.424698
vt 0.469250 0.351163
vt 0.469250 0.436074
vt 0.540947 0.351163
vt 0.433401 0.424698
vt 0.407158 0.393618
vt 0.397552 0.351163
vt 0.083972 0.490083
vt 0.113660 0.490083
vt 0.113660 0.843024
vt 0.083972 0.843024
vt 0.054449 0.490083
vt 0.054449 0.843024
vt 0.470233 0.876349
vt 0.422800 0.876349
vt 0.422800 0.460581
vt 0.470233 0.460581
vt 0.374742 0.876349
vt 0.374742 0.460581
vt 0.519381 0.876349
vt 0.519381 0.460581
vt 0.324406 0.876349
vt 0.324406 0.460581
vt 0.177214 0.377366
vt 0.147774 0.377366
vt 0.147774 0.029030
vt 0.177214 0.029030
vt 0.118589 0.377366
vt 0.118589 0.029030
vt 0.206737 0.377366
vt 0.206737 0.029030
vt 0.089601 0.377366
vt 0.089601 0.029030
vt 0.361368 0.332088
vt 0.323102 0.332088
vt 0.323102 0.023289
vt 0.361368 0.023289
vt 0.287722 0.332088
vt 0.651845 0.023289
vt 0.402321 0.332088
vt 0.402321 0.023289
vt 0.616460 0.332088
vt 0.616460 0.023289
vt 0.537225 0.023289
vt 0.537225 0.332088
vt 0.469773 0.332088
vt 0.469773 0.023289
vt 0.191223 0.894563
vt 0.169626 0.915851
vt 0.142298 0.865861
vt 0.140706 0.923744
vt 0.199711 0.865584
vt 0.112212 0.916128
vt 0.091780 0.895042
vt 0.084885 0.866137
vt 0.060578 0.377366
vt 0.060578 0.029030
vt 0.236103 0.377366
vt 0.236103 0.029030
vt 0.578184 0.332088
vt 0.578184 0.023289
vt 0.272550 0.876349
vt 0.272550 0.460581
vt 0.350387 0.939332
vt 0.421935 0.896188
vt 0.570748 0.876349
vt 0.497062 0.938209
vt 0.506618 0.895541
vt 0.467377 0.969619
vt 0.425514 0.981352
vt 0.382693 0.970267
vt 0.570748 0.460581
vt 0.337251 0.896837
vt 0.651845 0.332088
vt 0.287722 0.023289
vn -0.034277 -0.983341 0.178508
vn -0.034277 -0.983341 0.178508
vn -0.034277 -0.983341 0.178508
vn -0.034277 -0.983341 0.178508
vn 0.445379 -0.894897 0.028223
vn 0.445379 -0.894897 0.028223
vn 0.445379 -0.894897 0.028223
vn 0.445379 -0.894897 0.028223
vn 0.811925 -0.568872 -0.131001
vn 0.811925 -0.568872 -0.131001
vn 0.811925 -0.568873 -0.131001
vn 0.811925 -0.568873 -0.131001
vn 0.962818 -0.083981 -0.256767
vn 0.962818 -0.083981 -0.256767
vn 0.962818 -0.083981 -0.256767
vn 0.962818 -0.083981 -0.256767
vn 0.849323 0.425579 -0.312302
vn 0.849323 0.425579 -0.312302
vn 0.849323 0.425579 -0.312302
vn 0.849323 0.425579 -0.312302
vn -0.506485 -0.814644 0.282538
vn -0.506485 -0.814644 0.282538
vn -0.506485 -0.814644 0.282538
vn -0.506485 -0.814644 0.282538
vn 0.445336 0.082364 0.891567
vn 0.445319 0.082362 0.891576
vn 0.445324 0.082366 0.891573
vn 0.445317 0.082371 0.891576
vn 0.445324 0.082359 0.891574
vn 0.445319 0.082362 0.891576
vn 0.445325 0.082388 0.891570
vn 0.445334 0.082363 0.891568
vn 0.588721 0.617411 -0.521738
vn 0.588721 0.617411 -0.521738
vn 0.588721 0.617411 -0.521738
vn 0.588721 0.617411 -0.521738
vn 0.238078 0.940092 -0.244019
vn 0.238078 0.940092 -0.244019
vn 0.238078 0.940092 -0.244019
vn 0.238078 0.940092 -0.244019
vn -0.197222 0.974001 0.111471
vn -0.197222 0.974001 0.111471
vn -0.197222 0.974001 0.111471
vn -0.197222 0.974001 0.111471
vn -0.554861 0.725236 0.407631
vn -0.554861 0.725236 0.407631
vn -0.554861 0.725236 0.407631
vn -0.554861 0.725236 0.407631
vn -0.748224 0.316316 0.583185
vn -0.748224 0.316316 0.583185
vn -0.748224 0.316316 0.583185
vn -0.748224 0.316316 0.583185
vn 0.759139 0.155417 -0.632103
vn 0.759139 0.155417 -0.632103
vn 0.759139 0.155417 -0.632103
vn 0.759139 0.155417 -0.632103
vn 0.552078 0.161206 0.818061
vn 0.552083 0.161190 0.818060
vn 0.552076 0.161201 0.818063
vn 0.552072 0.161193 0.818067
vn 0.552073 0.161195 0.818066
vn 0.552079 0.161202 0.818060
vn 0.552078 0.161207 0.818060
vn 0.552065 0.161226 0.818065
vn 0.041926 0.718980 -0.693765
vn 0.041926 0.718980 -0.693765
vn 0.041926 0.718980 -0.693765
vn 0.041926 0.718980 -0.693765
vn -0.056894 0.964617 -0.257442
vn -0.056894 0.964617 -0.257442
vn -0.056894 0.964617 -0.257442
vn -0.056894 0.964617 -0.257442
vn -0.141635 0.957503 0.251251
vn -0.141635 0.957503 0.251251
vn -0.141635 0.957503 0.251251
vn -0.141635 0.957503 0.251251
vn -0.189036 0.690208 0.698483
vn -0.189036 0.690208 0.698483
vn -0.189036 0.690208 0.698483
vn -0.189036 0.690208 0.698483
vn -0.184587 0.232182 0.954997
vn -0.184587 0.232182 0.954997
vn -0.184587 0.232182 0.954997
vn -0.184587 0.232182 0.954997
vn 0.130083 0.284350 -0.949855
vn 0.130083 0.284350 -0.949854
vn 0.130083 0.284350 -0.949855
vn 0.130083 0.284350 -0.949855
vn 0.926859 0.277450 0.252893
vn 0.926861 0.277449 0.252885
vn 0.926862 0.277443 0.252887
vn 0.926862 0.277443 0.252889
vn 0.926861 0.277450 0.252882
vn 0.926866 0.277437 0.252879
vn 0.926869 0.277414 0.252893
vn 0.926860 0.277446 0.252891
vn 0.136426 -0.917801 0.372866
vn 0.136426 -0.917801 0.372866
vn 0.136426 -0.917801 0.372866
vn 0.136426 -0.917801 0.372866
vn 0.070612 -0.982115 -0.174538
vn 0.070612 -0.982115 -0.174538
vn 0.070612 -0.982115 -0.174538
vn 0.070612 -0.982115 -0.174538
vn -0.025243 -0.708314 -0.705446
vn -0.025243 -0.708314 -0.705446
vn -0.025243 -0.708314 -0.705446
vn -0.025243 -0.708314 -0.705446
vn -0.105701 -0.226339 -0.968296
vn -0.105701 -0.226339 -0.968296
vn -0.105701 -0.226339 -0.968296
vn -0.105701 -0.226339 -0.968296
vn -0.149277 0.245543 -0.957823
vn -0.149277 0.245543 -0.957823
vn -0.149277 0.245543 -0.957823
vn -0.149277 0.245543 -0.957823
vn 0.159783 -0.636911 0.754197
vn 0.159783 -0.636911 0.754197
vn 0.159783 -0.636911 0.754197
vn 0.159783 -0.636911 0.754197
vn 0.983836 0.092623 -0.153254
vn 0.983838 0.092621 -0.153245
vn 0.983837 0.092624 -0.153247
vn 0.983838 0.092625 -0.153245
vn 0.983838 0.092620 -0.153247
vn 0.983839 0.092622 -0.153240
vn 0.983837 0.092638 -0.153243
vn 0.983836 0.092624 -0.153254
vn -0.023797 0.886748 0.461640
vn -0.023797 0.886748 0.461640
vn -0.023797 0.886748 0.461640
vn -0.023797 0.886748 0.461640
vn -0.023797 0.886748 0.461640
vn -0.023797 0.886748 0.461640
s off
g Nut1:Nut Nut1:pot Nut1:wood
usemtl lambert70SG
f 3152/4767/8977 3153/4768/8978 3160/4769/8979 3159/4770/8980
f 3153/4768/8981 3154/4749/8982 3161/4750/8983 3160/4769/8984
f 3154/4749/8985 3155/4743/8986 3162/4746/8987 3161/4750/8988
f 3155/4743/8989 3156/4744/8990 3163/4745/8991 3162/4746/8992
f 3156/4744/8993 3157/4747/8994 3164/4748/8995 3163/4745/8996
f 3158/4771/8997 3152/4767/8998 3159/4770/8999 3165/4772/9000
s 1
f 3159/4807/9001 3160/4808/9002 3166/4809/9003
f 3160/4808/9002 3161/4810/9004 3166/4809/9003
f 3161/4810/9004 3162/4812/9005 3166/4809/9003
f 3162/4812/9005 3163/4813/9006 3166/4809/9003
f 3163/4813/9006 3164/4814/9007 3166/4809/9003
f 3165/4811/9008 3159/4807/9001 3166/4809/9003
s off
f 3167/4779/9009 3168/4773/9010 3175/4776/9011 3174/4780/9012
f 3168/4773/9013 3169/4774/9014 3176/4775/9015 3175/4776/9016
f 3169/4774/9017 3170/4777/9018 3177/4778/9019 3176/4775/9020
f 3170/4777/9021 3171/4781/9022 3178/4782/9023 3177/4778/9024
f 3171/4781/9025 3172/4821/9026 3179/4822/9027 3178/4782/9028
f 3173/4825/9029 3167/4779/9030 3174/4780/9031 3180/4831/9032
s 2
f 3174/4826/9033 3175/4828/9034 3181/4824/9035
f 3175/4828/9034 3176/4829/9036 3181/4824/9035
f 3176/4829/9036 3177/4830/9037 3181/4824/9035
f 3177/4830/9037 3178/4823/9038 3181/4824/9035
f 3178/4823/9038 3179/4832/9039 3181/4824/9035
f 3180/4827/9040 3174/4826/9033 3181/4824/9035
s off
f 3182/4789/9041 3183/4783/9042 3190/4786/9043 3189/4790/9044
f 3183/4783/9045 3184/4784/9046 3191/4785/9047 3190/4786/9048
f 3184/4784/9049 3185/4787/9050 3192/4788/9051 3191/4785/9052
f 3185/4787/9053 3186/4791/9054 3193/4792/9055 3192/4788/9056
f 3186/4791/9057 3187/4815/9058 3194/4816/9059 3193/4792/9060
f 3188/4817/9061 3182/4789/9062 3189/4790/9063 3195/4818/9064
s 3
f 3189/4751/9065 3190/4752/9066 3196/4753/9067
f 3190/4752/9066 3191/4754/9068 3196/4753/9067
f 3191/4754/9068 3192/4756/9069 3196/4753/9067
f 3192/4756/9069 3193/4757/9070 3196/4753/9067
f 3193/4757/9070 3194/4758/9071 3196/4753/9067
f 3195/4755/9072 3189/4751/9065 3196/4753/9067
s off
f 3197/4793/9073 3198/4794/9074 3205/4795/9075 3204/4796/9076
f 3198/4794/9077 3199/4797/9078 3206/4834/9079 3205/4795/9080
f 3199/4833/9081 3200/4801/9082 3207/4802/9083 3206/4798/9084
f 3200/4801/9085 3201/4819/9086 3208/4820/9087 3207/4802/9088
f 3201/4819/9089 3202/4804/9090 3209/4803/9091 3208/4820/9092
f 3203/4799/9093 3197/4793/9094 3204/4796/9095 3210/4800/9096
s 4
f 3204/4759/9097 3205/4760/9098 3212/4761/9099
f 3205/4760/9098 3206/4762/9100 3212/4761/9099
f 3206/4762/9100 3207/4764/9101 3212/4761/9099
f 3207/4764/9101 3208/4765/9102 3212/4761/9099
f 3208/4765/9102 3209/4766/9103 3212/4761/9099
f 3210/4763/9104 3204/4759/9097 3212/4761/9099
s 5
f 3209/4803/9105 3202/4804/9106 3211/4805/9107 3212/4806/9108
f 3212/4806/9108 3211/4805/9107 3203/4799/9109 3210/4800/9110
g default
v 2.488084 2.277506 8.113660
v 2.177637 2.277506 7.504375
v 1.694103 2.277506 7.020842
v 1.084817 2.277506 6.710393
v 0.409418 2.277506 6.603421
v -0.265981 2.277506 6.710393
v -0.875268 2.277506 7.020842
v -1.358800 2.277506 7.504375
v -1.669247 2.277506 8.113660
v -1.776219 2.277506 8.789060
v -1.669247 2.277506 9.464460
v -1.358800 2.277506 10.073747
v -0.875267 2.277506 10.557277
v -0.265981 2.277506 10.867726
v 0.409418 2.277506 10.974698
v 1.084817 2.277506 10.867726
v 1.694103 2.277506 10.557277
v 2.177635 2.277506 10.073747
v 2.488082 2.277506 9.464460
v 2.595055 2.225039 8.789060
v 2.488084 2.493486 8.113660
v 2.177637 2.493486 7.504375
v 1.694103 2.493486 7.020842
v 1.084817 2.493486 6.710393
v 0.409418 2.493486 6.603421
v -0.265981 2.493486 6.710393
v -0.875268 2.493486 7.020842
v -1.358800 2.493486 7.504375
v -1.669247 2.493486 8.113660
v -1.776219 2.493486 8.789060
v -1.669247 2.493486 9.464460
v -1.358800 2.450994 10.073747
v -0.875267 2.438042 10.557277
v -0.265981 2.493486 10.867726
v 0.409418 2.493486 10.974698
v 1.084817 2.493486 10.867726
v 1.694103 2.493486 10.557277
v 2.177635 2.493486 10.073747
v 2.488082 2.493486 9.464460
v 2.595055 2.493486 8.789060
v 2.156911 2.493486 8.221267
v 1.895924 2.493486 7.709051
v 1.489428 2.493486 7.302552
v 0.977212 2.493486 7.041566
v 0.409418 2.493486 6.951639
v -0.158377 2.493486 7.041566
v -0.670592 2.493486 7.302552
v -1.077088 2.493486 7.709051
v -1.338075 2.493486 8.221267
v -1.428004 2.493486 8.789060
v -1.338075 2.493486 9.356855
v -1.077088 2.450994 9.869071
v -0.670592 2.493486 10.275568
v -0.158377 2.493486 10.536554
v 0.409418 2.493486 10.626484
v 0.977212 2.493486 10.536554
v 1.489427 2.493486 10.275568
v 1.895924 2.493486 9.869071
v 2.156910 2.493486 9.356855
v 2.246839 2.493486 8.789060
v 1.995177 2.364349 8.273814
v 1.758345 2.364349 7.809008
v 1.389471 2.364349 7.440131
v 0.924662 2.364349 7.203301
v 0.409418 2.364349 7.121693
v -0.105827 2.364349 7.203301
v -0.570635 2.364349 7.440131
v -0.939509 2.364349 7.809008
v -1.176341 2.364349 8.273815
v -1.257947 2.364349 8.789060
v -1.176341 2.364349 9.304304
v -0.939509 2.364349 9.769114
v -0.570635 2.364349 10.137989
v -0.105827 2.364349 10.374820
v 0.409418 2.364349 10.456426
v 0.924662 2.364349 10.374820
v 1.389470 2.364349 10.137989
v 1.758345 2.364349 9.769114
v 1.995176 2.364349 9.304304
v 2.076783 2.364349 8.789060
v 2.812414 2.254192 9.457463
v 2.975387 2.271580 8.796055
v 2.900900 2.464334 8.796055
v 2.737926 2.404454 9.457463
v 2.798486 2.277506 8.003440
v 2.481537 2.277506 7.305315
v 2.362413 2.493486 7.397512
v 2.679363 2.493486 8.003440
v 2.409043 2.248773 10.186332
v 2.719491 2.248773 9.577046
v 2.719491 2.345088 9.577046
v 2.409043 2.309151 10.186332
v 1.426111 2.264915 11.087695
v 1.786459 2.264915 10.777246
v 1.786459 2.340610 10.777246
v 1.426111 2.396280 11.087695
v -0.265981 2.277506 11.145859
v 0.409418 2.277506 11.252832
v 0.409418 2.354768 11.252832
v -0.265981 2.428580 11.145859
v 1.084817 2.277506 11.145859
v 1.084817 2.428580 11.145859
v -1.552814 2.277506 10.233111
v -1.069281 2.277506 10.716643
v -1.069281 2.332997 10.716643
v -1.552814 2.384578 10.233111
v 0.409418 2.364349 7.203301
v 0.409418 2.364349 7.440131
v 0.409418 2.364349 7.809008
v 0.409418 2.364349 8.273815
v 0.409418 2.364349 8.789060
v 0.409418 2.364349 9.304304
v 0.409418 2.364349 9.769114
v 0.409418 2.364349 10.137989
v 0.409418 2.364349 10.374820
v 0.409418 2.277506 10.867726
v 0.409418 2.277506 10.557277
v 0.409417 2.277506 10.073747
v 0.409418 2.277506 9.464460
v 0.406935 2.251302 8.789060
v 0.409418 2.277506 8.113660
v 0.409418 2.277506 7.504375
v 0.409418 2.277506 7.020842
v 0.409418 2.277506 6.710393
vt 0.409061 0.843842
vt 0.409061 0.779719
vt 0.431792 0.779719
vt 0.431792 0.843842
vt 0.409061 0.708638
vt 0.431792 0.708638
vt 0.409061 0.894731
vt 0.431792 0.894731
vt 0.409061 0.637557
vt 0.431792 0.637557
vt 0.409061 0.573433
vt 0.427320 0.573433
vt 0.409061 0.556661
vt 0.420330 0.556661
vt 0.409061 0.505773
vt 0.414901 0.505773
vt 0.223257 0.569896
vt 0.223257 0.505773
vt 0.233394 0.505773
vt 0.229612 0.569896
vt 0.239092 0.575382
vt 0.240922 0.505773
vt 0.261208 0.505773
vt 0.254906 0.575382
vt 0.266905 0.576854
vt 0.272427 0.505773
vt 0.295157 0.505773
vt 0.295157 0.576854
vt 0.330608 0.556661
vt 0.353339 0.556661
vt 0.337249 0.579811
vt 0.329283 0.579811
vt 0.330608 0.505773
vt 0.353339 0.505773
vt 0.329283 0.612484
vt 0.343108 0.612484
vt 0.124300 0.535045
vt 0.101570 0.535045
vt 0.101570 0.505773
vt 0.117469 0.505773
vt 0.073142 0.505773
vt 0.095872 0.505773
vt 0.089041 0.535045
vt 0.073142 0.535045
vt 0.045781 0.136838
vt 0.045781 0.272043
vt 0.013108 0.272043
vt 0.013108 0.200962
vt 0.096669 0.085950
vt 0.096669 0.272043
vt 0.045781 0.407247
vt 0.013108 0.343124
vt 0.001850 0.272043
vt 0.160792 0.053277
vt 0.160792 0.272043
vt 0.096669 0.458136
vt 0.231874 0.042019
vt 0.231874 0.272304
vt 0.160792 0.490808
vt 0.075720 0.053966
vt 0.149192 0.020610
vt 0.302955 0.053278
vt 0.302955 0.272043
vt 0.231874 0.502066
vt 0.367078 0.085950
vt 0.367078 0.272043
vt 0.302955 0.490808
vt 0.232610 0.001992
vt 0.302219 0.019144
vt 0.314804 0.028923
vt 0.378927 0.061596
vt 0.417967 0.272043
vt 0.417967 0.136838
vt 0.367078 0.458136
vt 0.417967 0.407247
vt 0.450639 0.272043
vt 0.450639 0.200962
vt 0.450639 0.343124
vt 0.434739 0.427666
vt 0.383850 0.478555
vt 0.441117 0.127119
vt 0.473789 0.165043
vt 0.461897 0.272043
vt 0.479911 0.200962
vt 0.491169 0.272043
vt 0.479911 0.343124
vt 0.872264 0.767985
vt 0.863675 0.767985
vt 0.863675 0.713759
vt 0.863675 0.822210
vt 0.838750 0.767985
vt 0.838750 0.664841
vt 0.880697 0.708228
vt 0.890161 0.767985
vt 0.838750 0.871128
vt 0.880697 0.827741
vt 0.799929 0.767985
vt 0.799929 0.626019
vt 0.853230 0.654321
vt 0.915550 0.696903
vt 0.926808 0.767985
vt 0.799929 0.909950
vt 0.853230 0.881648
vt 0.915550 0.839066
vt 0.751011 0.767985
vt 0.751011 0.601094
vt 0.810448 0.611540
vt 0.882878 0.632780
vt 0.751011 0.934875
vt 0.810448 0.924429
vt 0.882878 0.903189
vt 0.696785 0.592506
vt 0.696785 0.767985
vt 0.756541 0.584073
vt 0.831989 0.581891
vt 0.696785 0.943463
vt 0.756541 0.951896
vt 0.831989 0.954077
vt 0.696785 0.574608
vt 0.642559 0.767985
vt 0.642559 0.601094
vt 0.767866 0.549219
vt 0.696785 0.961361
vt 0.642559 0.934875
vt 0.767866 0.986750
vt 0.696785 0.537961
vt 0.637028 0.584073
vt 0.593641 0.767985
vt 0.593641 0.626019
vt 0.779466 0.529088
vt 0.843236 0.562445
vt 0.696785 0.998008
vt 0.637028 0.951896
vt 0.593641 0.909950
vt 0.625703 0.549219
vt 0.583121 0.611540
vt 0.554819 0.767985
vt 0.554819 0.664841
vt 0.779466 0.516551
vt 0.852939 0.549908
vt 0.625703 0.986750
vt 0.583121 0.924429
vt 0.554819 0.871128
vt 0.626440 0.522925
vt 0.696049 0.505773
vt 0.561580 0.581892
vt 0.540340 0.654321
vt 0.529894 0.767985
vt 0.529894 0.713759
vt 0.561580 0.954077
vt 0.540340 0.881648
vt 0.529894 0.822210
vt 0.549731 0.557538
vt 0.613855 0.524865
vt 0.510692 0.632780
vt 0.512873 0.708228
vt 0.521306 0.767985
vt 0.510692 0.903189
vt 0.512873 0.827741
vt 0.478019 0.696903
vt 0.503408 0.767985
vt 0.544808 0.974496
vt 0.493920 0.923608
vt 0.478019 0.839066
vt 0.454869 0.660984
vt 0.487542 0.623060
vt 0.466761 0.767985
vt 0.437489 0.767985
vt 0.448748 0.696903
vt 0.448748 0.839066
vt 0.403364 0.588645
vt 0.403364 0.652768
vt 0.380633 0.652768
vt 0.380633 0.588645
vt 0.403364 0.723849
vt 0.380633 0.723849
vt 0.403364 0.537756
vt 0.380633 0.537756
vt 0.403364 0.794931
vt 0.380633 0.794931
vt 0.380633 0.518310
vt 0.403364 0.505773
vt 0.403364 0.859054
vt 0.380633 0.859054
vt 0.300855 0.569896
vt 0.300855 0.505773
vt 0.323585 0.505773
vt 0.317750 0.569896
vt 0.306695 0.590315
vt 0.300855 0.590315
vt 0.359036 0.647935
vt 0.359036 0.576854
vt 0.367168 0.576854
vt 0.374936 0.647935
vt 0.359036 0.505773
vt 0.374936 0.505773
vt 0.217560 0.545800
vt 0.189308 0.545800
vt 0.192376 0.513612
vt 0.212662 0.505773
vt 0.183610 0.539907
vt 0.160880 0.539907
vt 0.158426 0.505773
vt 0.174240 0.513612
vt 0.152728 0.538441
vt 0.129998 0.538441
vt 0.129998 0.505773
vt 0.152728 0.518310
vt 0.043090 0.528503
vt 0.043090 0.505773
vt 0.067444 0.521391
vt 0.067444 0.531527
vt 0.013038 0.531527
vt 0.013038 0.508797
vt 0.037392 0.505773
vt 0.037392 0.512127
vt 0.001850 0.559290
vt 0.001850 0.536559
vt 0.025000 0.535234
vt 0.025000 0.549059
vn 0.774819 0.507738 -0.376639
vn 0.774819 0.507738 -0.376639
vn 0.774819 0.507738 -0.376639
vn 0.774819 0.507738 -0.376639
vn 0.707106 0.000000 -0.707108
vn 0.587786 0.000000 -0.809017
vn 0.587786 0.000000 -0.809017
vn 0.707106 0.000000 -0.707108
vn 0.309019 0.000000 -0.951056
vn 0.309019 0.000000 -0.951056
vn 0.000000 0.000000 -1.000000
vn 0.000000 0.000000 -1.000000
vn -0.309019 0.000000 -0.951056
vn -0.309019 0.000000 -0.951056
vn -0.587786 0.000000 -0.809017
vn -0.587786 0.000000 -0.809017
vn -0.809017 0.000000 -0.587786
vn -0.809017 0.000000 -0.587786
vn -0.951057 0.000000 -0.309017
vn -0.951057 0.000000 -0.309017
vn -1.000000 0.000000 0.000000
vn -1.000000 0.000000 0.000000
vn -0.953556 0.000000 0.301214
vn -0.954509 0.000000 0.298181
vn -0.891007 0.000000 0.453990
vn -0.891007 0.000000 0.453990
vn -0.707106 0.000000 0.707108
vn -0.707106 0.000000 0.707108
vn -0.707106 0.000000 0.707108
vn -0.707106 0.000000 0.707108
vn -0.453992 0.000000 0.891006
vn -0.453992 0.000000 0.891006
vn -0.453992 0.000000 0.891006
vn -0.453992 0.000000 0.891006
vn -0.156435 0.000000 0.987688
vn 0.000000 0.000000 1.000000
vn 0.000000 0.000000 1.000000
vn -0.156435 0.000000 0.987688
vn 0.156436 0.000000 0.987688
vn 0.156436 0.000000 0.987688
vn 0.652703 0.000000 0.757614
vn 0.652703 0.000000 0.757614
vn 0.652703 0.000000 0.757614
vn 0.652703 0.000000 0.757614
vn 0.707106 0.000000 0.707108
vn 0.707106 0.000000 0.707108
vn 0.707106 0.000000 0.707108
vn 0.707106 0.000000 0.707108
vn 0.891006 0.000000 0.453991
vn 0.891006 0.000000 0.453991
vn 0.891006 0.000000 0.453992
vn 0.891006 0.000000 0.453992
vn 0.889994 0.386532 0.241876
vn 0.889994 0.386532 0.241876
vn 0.889994 0.386532 0.241876
vn 0.889994 0.386532 0.241876
vn 0.987689 0.000000 -0.156432
vn 0.987689 0.000000 -0.156432
vn 0.987689 0.000000 -0.156432
vn 0.987689 0.000000 -0.156432
vn 0.000000 -1.000000 -0.000000
vn 0.000000 -1.000000 -0.000000
vn 0.000000 -1.000000 -0.000000
vn 0.000000 -1.000000 -0.000001
vn 0.000000 1.000000 0.000000
vn 0.000000 1.000000 0.000000
vn 0.000000 1.000000 -0.000001
vn 0.000000 1.000000 0.000000
vn 0.000000 1.000000 0.000000
vn 0.000000 1.000000 0.000000
vn 0.000000 1.000000 0.000000
vn 0.000000 1.000000 -0.000000
vn 0.000000 1.000000 -0.000000
vn 0.000000 1.000000 -0.000000
vn 0.000000 1.000000 -0.000000
vn 0.000000 1.000000 -0.000000
vn 0.000000 1.000000 -0.000000
vn 0.000000 1.000000 -0.000000
vn 0.000000 1.000000 -0.000000
vn 0.000000 1.000000 -0.000000
vn 0.000000 1.000000 -0.000000
vn 0.000000 1.000000 -0.000000
vn 0.000000 1.000000 -0.000000
vn 0.000000 1.000000 0.000000
vn 0.000000 1.000000 0.000000
vn 0.000000 1.000000 0.000000
vn 0.000000 1.000000 0.000000
vn 0.000000 1.000000 0.000000
vn 0.000000 1.000000 0.000000
vn 0.000000 1.000000 0.000000
vn 0.000000 1.000000 0.000000
vn 0.000000 1.000000 0.000001
vn 0.000000 1.000000 0.000001
vn 0.000000 1.000000 0.000001
vn 0.000000 1.000000 0.000001
vn 0.000000 1.000000 0.000000
vn 0.000000 1.000000 0.000000
vn 0.000000 1.000000 0.000000
vn 0.000000 1.000000 0.000000
vn 0.000000 1.000000 0.000000
vn 0.000000 1.000000 0.000000
vn 0.000000 1.000000 0.000000
vn 0.000000 1.000000 0.000000
vn 0.000000 1.000000 -0.000000
vn 0.000000 1.000000 -0.000000
vn 0.000000 1.000000 -0.000000
vn 0.000000 1.000000 -0.000000
vn 0.030583 0.997728 0.060023
vn 0.030583 0.997728 0.060023
vn 0.030583 0.997728 0.060023
vn 0.030583 0.997728 0.060023
vn -0.073333 0.996495 0.040260
vn -0.073333 0.996495 0.040260
vn -0.073333 0.996495 0.040260
vn -0.073333 0.996495 0.040260
vn -0.075525 0.995808 0.051605
vn -0.075525 0.995808 0.051605
vn -0.075525 0.995808 0.051605
vn -0.075525 0.995808 0.051605
vn 0.000000 1.000000 0.000000
vn 0.000000 1.000000 0.000000
vn 0.000000 1.000000 0.000000
vn 0.000000 1.000000 0.000000
vn 0.000000 1.000000 0.000000
vn 0.000000 1.000000 0.000000
vn 0.000000 1.000000 0.000000
vn 0.000000 1.000000 0.000000
vn 0.000000 1.000000 0.000000
vn 0.000000 1.000000 0.000000
vn 0.000000 1.000000 0.000000
vn 0.000000 1.000000 0.000000
vn 0.000000 1.000000 -0.000001
vn 0.000000 1.000000 -0.000001
vn 0.000000 1.000000 -0.000001
vn 0.000000 1.000000 -0.000001
vn 0.000000 1.000000 0.000000
vn 0.000000 1.000000 0.000000
vn 0.000000 1.000000 0.000000
vn 0.000000 1.000000 0.000000
vn 0.000000 1.000000 0.000000
vn 0.000000 1.000000 0.000000
vn 0.000000 1.000000 0.000000
vn 0.000000 1.000000 0.000000
vn 0.000000 1.000000 0.000000
vn 0.000000 1.000000 0.000000
vn 0.000000 1.000000 0.000000
vn 0.000000 1.000000 0.000000
vn -0.543086 0.792771 0.276717
vn -0.543086 0.792771 0.276717
vn -0.543086 0.792770 0.276717
vn -0.543086 0.792771 0.276717
vn -0.430996 0.792772 0.430993
vn -0.430996 0.792772 0.430993
vn -0.430996 0.792772 0.430993
vn -0.430996 0.792772 0.430993
vn -0.276714 0.792773 0.543084
vn -0.276714 0.792773 0.543084
vn -0.276714 0.792773 0.543084
vn -0.276714 0.792773 0.543085
vn -0.095350 0.792771 0.602016
vn -0.095350 0.792771 0.602016
vn -0.095350 0.792771 0.602016
vn -0.095350 0.792771 0.602016
vn 0.095349 0.792770 0.602016
vn 0.095349 0.792770 0.602016
vn 0.095349 0.792770 0.602016
vn 0.095349 0.792770 0.602016
vn 0.276714 0.792774 0.543083
vn 0.276714 0.792774 0.543083
vn 0.276714 0.792774 0.543083
vn 0.276714 0.792774 0.543083
vn 0.430996 0.792772 0.430993
vn 0.430996 0.792772 0.430993
vn 0.430996 0.792772 0.430993
vn 0.430996 0.792772 0.430993
vn 0.543086 0.792771 0.276716
vn 0.543086 0.792771 0.276716
vn 0.543086 0.792771 0.276716
vn 0.543086 0.792771 0.276716
vn 0.602015 0.792771 0.095349
vn 0.602015 0.792771 0.095349
vn 0.602015 0.792771 0.095349
vn 0.602015 0.792771 0.095349
vn 0.602016 0.792771 -0.095349
vn 0.602016 0.792771 -0.095349
vn 0.602016 0.792771 -0.095349
vn 0.602016 0.792771 -0.095349
vn 0.496089 0.840925 -0.216198
vn 0.496089 0.840925 -0.216198
vn 0.496089 0.840925 -0.216198
vn 0.496089 0.840925 -0.216198
vn 0.358918 0.840924 -0.405000
vn 0.358918 0.840924 -0.405000
vn 0.358918 0.840924 -0.405000
vn 0.358918 0.840924 -0.405000
vn 0.276715 0.792773 -0.543085
vn 0.276715 0.792772 -0.543085
vn 0.276715 0.792772 -0.543085
vn 0.276715 0.792772 -0.543085
vn 0.095349 0.792773 -0.602013
vn 0.095349 0.792773 -0.602013
vn 0.095349 0.792773 -0.602013
vn 0.095349 0.792773 -0.602013
vn -0.095349 0.792772 -0.602014
vn -0.095349 0.792772 -0.602014
vn -0.095349 0.792772 -0.602014
vn -0.095349 0.792772 -0.602014
vn -0.276714 0.792772 -0.543085
vn -0.276714 0.792772 -0.543085
vn -0.276714 0.792772 -0.543085
vn -0.276714 0.792772 -0.543085
vn -0.430996 0.792772 -0.430994
vn -0.430996 0.792772 -0.430994
vn -0.430996 0.792772 -0.430994
vn -0.430996 0.792772 -0.430994
vn -0.543085 0.792772 -0.276714
vn -0.543085 0.792772 -0.276714
vn -0.543085 0.792772 -0.276714
vn -0.543085 0.792772 -0.276714
vn -0.602014 0.792772 -0.095350
vn -0.602014 0.792772 -0.095350
vn -0.602014 0.792772 -0.095350
vn -0.602014 0.792772 -0.095350
vn -0.602016 0.792771 0.095349
vn -0.602015 0.792771 0.095349
vn -0.602016 0.792771 0.095349
vn -0.602016 0.792771 0.095349
vn 0.032925 -0.998917 0.032862
vn 0.032925 -0.998917 0.032862
vn 0.032925 -0.998917 0.032862
vn 0.032925 -0.998917 0.032862
vn 0.020300 0.003279 -0.999789
vn 0.020300 0.003279 -0.999789
vn 0.020300 0.003279 -0.999789
vn 0.020300 0.003279 -0.999789
vn 0.207268 0.974540 0.085508
vn 0.207268 0.974540 0.085508
vn 0.207268 0.974540 0.085508
vn 0.207268 0.974540 0.085508
vn 0.025371 0.005160 0.999665
vn 0.025371 0.005160 0.999665
vn 0.025371 0.005160 0.999665
vn 0.025371 0.005160 0.999665
vn 0.000000 -1.000000 -0.000000
vn 0.000000 -1.000000 -0.000000
vn 0.000000 -1.000000 -0.000000
vn 0.000000 -1.000000 -0.000000
vn -0.530305 0.034560 -0.847102
vn -0.530305 0.034560 -0.847102
vn -0.530305 0.034560 -0.847102
vn -0.530305 0.034560 -0.847102
vn 0.000000 1.000000 0.000000
vn 0.000000 1.000000 0.000000
vn 0.000000 1.000000 0.000000
vn 0.000000 1.000000 0.000000
vn 0.399827 0.110262 0.909934
vn 0.399827 0.110262 0.909934
vn 0.399827 0.110262 0.909934
vn 0.399827 0.110262 0.909934
vn -0.098887 -0.993822 -0.050386
vn -0.098887 -0.993822 -0.050386
vn -0.098887 -0.993822 -0.050386
vn -0.098887 -0.993822 -0.050386
vn 0.437495 0.000000 -0.899221
vn 0.437495 0.000000 -0.899221
vn 0.437495 0.000000 -0.899221
vn 0.437495 0.000000 -0.899221
vn 0.473918 0.839360 0.266227
vn 0.473918 0.839360 0.266227
vn 0.473918 0.839360 0.266227
vn 0.473918 0.839360 0.266227
vn -0.437494 0.000000 0.899221
vn -0.437494 0.000000 0.899221
vn -0.437494 0.000000 0.899221
vn -0.437494 0.000000 0.899221
vn -0.022451 -0.999133 -0.035061
vn -0.022451 -0.999133 -0.035061
vn -0.022451 -0.999133 -0.035061
vn -0.022451 -0.999133 -0.035061
vn 0.922027 0.000000 -0.387125
vn 0.922027 0.000000 -0.387125
vn 0.922027 0.000000 -0.387125
vn 0.922027 0.000000 -0.387125
vn 0.239333 0.926399 0.290698
vn 0.239333 0.926399 0.290698
vn 0.239333 0.926399 0.290698
vn 0.239333 0.926399 0.290698
vn -0.541742 0.000000 0.840545
vn -0.541742 0.000000 0.840545
vn -0.541742 0.000000 0.840545
vn -0.541742 0.000000 0.840545
vn 0.000000 -1.000000 0.000000
vn 0.000000 -1.000000 0.000000
vn 0.000000 -1.000000 0.000000
vn 0.000000 -1.000000 0.000000
vn -0.003132 0.939057 0.343747
vn -0.003132 0.939057 0.343747
vn -0.003132 0.939057 0.343747
vn -0.003132 0.939057 0.343747
vn -1.000000 0.000000 0.000000
vn -1.000000 0.000000 0.000000
vn -1.000000 0.000000 0.000000
vn -1.000000 0.000000 0.000000
vn 0.000000 -1.000000 0.000000
vn 0.000000 -1.000000 0.000000
vn 0.000000 -1.000000 0.000000
vn 0.000000 -1.000000 0.000000
vn 1.000000 0.000000 0.000000
vn 1.000000 0.000000 0.000000
vn 1.000000 0.000000 0.000000
vn 1.000000 0.000000 0.000000
vn 0.003132 0.939057 0.343748
vn 0.003132 0.939057 0.343748
vn 0.003132 0.939057 0.343748
vn 0.003132 0.939057 0.343748
vn 0.000000 -1.000000 0.000000
vn 0.000000 -1.000000 0.000000
vn 0.000000 -1.000000 0.000000
vn 0.000000 -1.000000 0.000000
vn 0.634731 0.000000 0.772733
vn 0.634731 0.000000 0.772733
vn 0.634731 0.000000 0.772733
vn 0.634731 0.000000 0.772733
vn -0.200520 0.943592 0.263489
vn -0.200520 0.943592 0.263489
vn -0.200520 0.943592 0.263489
vn -0.200520 0.943592 0.263489
vn -0.634729 0.000000 -0.772735
vn -0.634729 0.000000 -0.772735
vn -0.634729 0.000000 -0.772735
vn -0.634729 0.000000 -0.772735
vn 0.000000 1.000000 0.000000
vn 0.000000 1.000000 -0.000000
vn 0.000000 1.000000 -0.000000
vn 0.000000 1.000000 -0.000000
vn 0.000000 1.000000 0.000000
vn 0.000000 1.000000 -0.000000
vn 0.000000 1.000000 -0.000000
vn 0.000000 1.000000 0.000000
vn 0.000000 1.000000 0.000000
vn 0.000000 1.000000 -0.000000
vn 0.000000 1.000000 -0.000000
vn 0.000000 1.000000 -0.000000
vn 0.000000 1.000000 0.000000
vn 0.000000 1.000000 0.000001
vn 0.000000 1.000000 0.000000
vn 0.000000 1.000000 0.000000
vn 0.000000 1.000000 0.000000
vn 0.000000 -1.000000 0.000000
vn -0.004053 -0.999268 -0.038032
vn -0.003391 -0.999764 -0.021434
vn 0.000000 -1.000000 0.000000
vn 0.000000 -1.000000 0.000000
vn -0.004053 -0.999268 0.038032
vn -0.003391 -0.999765 0.021434
vn -0.006152 -0.999981 -0.000000
vn -0.006155 -0.999981 -0.000000
vn 0.000000 -1.000000 -0.000000
vn 0.000000 -1.000000 -0.000000
vn 0.000000 -1.000000 0.000000
vn 0.000000 -1.000000 -0.000000
vn 0.000000 -1.000000 0.000000
vn 0.000000 -1.000000 0.000000
vn 0.000000 -1.000000 -0.000001
vn 0.000000 1.000000 0.000002
vn 0.000000 1.000000 0.000000
vn 0.000000 1.000000 -0.000000
vn 0.000000 1.000000 0.000000
vn 0.000000 1.000000 0.000000
vn 0.000000 1.000000 -0.000000
vn 0.000000 1.000000 0.000000
vn 0.000000 1.000000 -0.000001
vn 0.000000 1.000000 0.000001
vn 0.000000 -1.000000 0.000001
vn 0.000000 -1.000000 -0.000000
vn 0.000000 -1.000000 -0.000000
vn -0.004050 -0.999906 0.013104
vn -0.006148 -0.999981 -0.000000
vn -0.004050 -0.999906 -0.013104
vn 0.000000 -1.000000 -0.000000
vn 0.000000 -1.000000 -0.000000
vn 0.000000 -1.000000 0.000001
s off
g Nut1:Nut Nut1:pot Nut1:campfire
usemtl lambert71SG
f 3297/4973/9111 3298/4974/9112 3299/4965/9113 3300/4964/9114
s 1
f 3214/5011/9115 3215/5005/9116 3235/5008/9117 3234/5012/9118
f 3215/5005/9116 3216/5006/9119 3236/5007/9120 3235/5008/9117
f 3216/5006/9119 3217/5009/9121 3237/5010/9122 3236/5007/9120
f 3217/5009/9121 3218/5013/9123 3238/5014/9124 3237/5010/9122
f 3218/5013/9123 3219/5017/9125 3239/5018/9126 3238/5014/9124
f 3219/4841/9125 3220/4835/9127 3240/4838/9128 3239/4842/9126
f 3220/4835/9127 3221/4836/9129 3241/4837/9130 3240/4838/9128
f 3221/4836/9129 3222/4839/9131 3242/4840/9132 3241/4837/9130
f 3222/4839/9131 3223/4843/9133 3243/4844/9134 3242/4840/9132
f 3223/4843/9133 3224/4845/9135 3244/4846/9136 3243/4844/9134
s off
f 3315/4847/9137 3316/4849/9138 3317/4850/9139 3318/4848/9140
f 3225/5019/9141 3226/5020/9142 3246/5021/9143 3245/5022/9144
s 2
f 3309/5025/9145 3310/5026/9146 3311/5027/9147 3312/5028/9148
f 3310/5026/9146 3313/5029/9149 3314/5030/9150 3311/5027/9147
s off
f 3305/4869/9151 3306/4866/9152 3307/4865/9153 3308/4870/9154
f 3229/4863/9155 3230/4867/9156 3250/4868/9157 3249/4864/9158
f 3301/4851/9159 3302/4852/9160 3303/4853/9161 3304/4854/9162
f 3293/4855/9163 3294/4856/9164 3295/4857/9165 3296/4858/9166
f 3232/4859/9167 3213/4860/9168 3233/4861/9169 3252/4862/9170
s 3
f 3215/4879/9171 3335/4880/9172 3336/4881/9173 3216/4882/9174
s 4
f 3277/4921/9175 3319/4922/9176 3276/4923/9177
s off
f 3233/4956/9178 3234/4949/9179 3254/4941/9180 3253/4948/9181
f 3234/4949/9182 3235/4942/9183 3255/4933/9184 3254/4941/9185
f 3235/4942/9186 3236/4934/9187 3256/4927/9188 3255/4933/9189
f 3236/4934/9190 3237/4935/9191 3257/4928/9192 3256/4927/9193
f 3237/4935/9194 3238/4938/9195 3258/4930/9196 3257/4928/9197
f 3238/4938/9198 3239/4945/9199 3259/4937/9200 3258/4930/9201
f 3239/4945/9202 3240/4952/9203 3260/4944/9204 3259/4937/9205
f 3240/4952/9206 3241/4959/9207 3261/4951/9208 3260/4944/9209
f 3241/4959/9210 3242/4966/9211 3262/4957/9212 3261/4951/9213
f 3242/4966/9214 3243/4975/9215 3263/4967/9216 3262/4957/9217
f 3243/4975/9218 3244/4984/9219 3264/4976/9220 3263/4967/9221
f 3244/4984/9222 3245/4992/9223 3265/4985/9224 3264/4976/9225
f 3245/4992/9226 3246/4998/9227 3266/4993/9228 3265/4985/9229
f 3246/4998/9230 3247/5001/9231 3267/4995/9232 3266/4993/9233
f 3247/5001/9234 3248/4994/9235 3268/4990/9236 3267/4995/9237
f 3248/4994/9238 3249/4989/9239 3269/4981/9240 3268/4990/9241
f 3249/4989/9242 3250/4980/9243 3270/4970/9244 3269/4981/9245
f 3250/4980/9246 3251/4969/9247 3271/4961/9248 3270/4970/9249
f 3251/4969/9250 3252/4960/9251 3272/4953/9252 3271/4961/9253
f 3252/4960/9254 3233/4956/9255 3253/4948/9256 3272/4953/9257
f 3253/4948/9258 3254/4941/9259 3274/4932/9260 3273/4940/9261
f 3254/4941/9262 3255/4933/9263 3275/4926/9264 3274/4932/9265
f 3255/4933/9266 3256/4927/9267 3276/4923/9268 3275/4926/9269
f 3256/4927/9270 3257/4928/9271 3277/4921/9272 3276/4923/9273
f 3257/4928/9274 3258/4930/9275 3278/4924/9276 3277/4921/9277
f 3258/4930/9278 3259/4937/9279 3279/4929/9280 3278/4924/9281
f 3259/4937/9282 3260/4944/9283 3280/4936/9284 3279/4929/9285
f 3260/4944/9286 3261/4951/9287 3281/4943/9288 3280/4936/9289
f 3261/4951/9290 3262/4957/9291 3282/4950/9292 3281/4943/9293
f 3262/4957/9294 3263/4967/9295 3283/4958/9296 3282/4950/9297
f 3263/4967/9298 3264/4976/9299 3284/4968/9300 3283/4958/9301
f 3264/4976/9302 3265/4985/9303 3285/4977/9304 3284/4968/9305
f 3265/4985/9306 3266/4993/9307 3286/4986/9308 3285/4977/9309
f 3266/4993/9310 3267/4995/9311 3287/4991/9312 3286/4986/9313
f 3267/4995/9314 3268/4990/9315 3288/4983/9316 3287/4991/9317
f 3268/4990/9318 3269/4981/9319 3289/4972/9320 3288/4983/9321
f 3269/4981/9322 3270/4970/9323 3290/4963/9324 3289/4972/9325
f 3270/4970/9326 3271/4961/9327 3291/4955/9328 3290/4963/9329
f 3271/4961/9330 3272/4953/9331 3292/4946/9332 3291/4955/9333
f 3272/4953/9334 3253/4948/9335 3273/4940/9336 3292/4946/9337
f 3231/4896/9338 3232/4891/9339 3294/4902/9340 3293/4903/9341
f 3232/5031/9342 3252/5032/9343 3295/5033/9344 3294/5034/9345
f 3252/4960/9346 3251/4969/9347 3296/4978/9348 3295/4979/9349
f 3251/5035/9350 3231/5036/9351 3293/5037/9352 3296/5038/9353
f 3213/4888/9354 3214/4883/9355 3298/4894/9356 3297/4895/9357
f 3214/5011/9358 3234/5012/9359 3299/5015/9360 3298/5016/9361
f 3234/4949/9362 3233/4956/9363 3300/4964/9364 3299/4965/9365
f 3233/5039/9366 3213/5040/9367 3297/5041/9368 3300/5042/9369
f 3230/4899/9370 3231/4896/9371 3302/4904/9372 3301/4905/9373
f 3231/5043/9374 3251/5044/9375 3303/5045/9376 3302/5046/9377
f 3251/4969/9378 3250/4980/9379 3304/4987/9380 3303/4988/9381
f 3250/5047/9382 3230/5048/9383 3301/5049/9384 3304/5050/9385
f 3228/4911/9386 3229/4907/9387 3306/4915/9388 3305/4916/9389
f 3229/4863/9390 3249/4864/9391 3307/4865/9392 3306/4866/9393
f 3249/4989/9394 3248/4994/9395 3308/4999/9396 3307/5000/9397
f 3248/5051/9398 3228/5052/9399 3305/5053/9400 3308/5054/9401
f 3226/4912/9402 3227/4917/9403 3310/4919/9404 3309/4920/9405
f 3247/5001/9406 3246/4998/9407 3312/5004/9408 3311/5002/9409
f 3246/4871/9410 3226/4872/9411 3309/4873/9412 3312/4874/9413
f 3227/4917/9414 3228/4911/9415 3313/4918/9416 3310/4919/9417
f 3228/4875/9418 3248/4876/9419 3314/4877/9420 3313/4878/9421
f 3248/4994/9422 3247/5001/9423 3311/5002/9424 3314/5003/9425
f 3224/4908/9426 3225/4909/9427 3316/4913/9428 3315/4914/9429
f 3225/5019/9430 3245/5022/9431 3317/5023/9432 3316/5024/9433
f 3245/4992/9434 3244/4984/9435 3318/4996/9436 3317/4997/9437
f 3244/4846/9438 3224/4845/9439 3315/4847/9440 3318/4848/9441
s 4
f 3320/4925/9442 3321/4931/9443 3274/4932/9444 3275/4926/9445
f 3319/4922/9176 3320/4925/9442 3275/4926/9445 3276/4923/9177
f 3292/4946/9446 3273/4940/9447 3322/4939/9448 3323/4947/9449
f 3321/4931/9443 3322/4939/9448 3273/4940/9447 3274/4932/9444
f 3291/4955/9450 3324/4954/9451 3325/4962/9452 3290/4963/9453
f 3292/4946/9446 3323/4947/9449 3324/4954/9451 3291/4955/9450
f 3290/4963/9453 3325/4962/9452 3326/4971/9454 3289/4972/9455
f 3288/4983/9456 3327/4982/9457 3287/4991/9458
f 3289/4972/9455 3326/4971/9454 3327/4982/9457 3288/4983/9456
s 3
f 3216/4882/9174 3336/4881/9173 3217/4887/9459
f 3213/4888/9460 3333/4889/9461 3334/4884/9462 3214/4883/9463
f 3214/4883/9463 3334/4884/9462 3335/4880/9172 3215/4879/9171
f 3231/4896/9464 3331/4897/9465 3332/4892/9466 3232/4891/9467
f 3232/4891/9467 3332/4892/9466 3333/4889/9461 3213/4888/9460
f 3329/4906/9468 3330/4900/9469 3230/4899/9470 3229/4907/9471
f 3231/4896/9464 3230/4899/9470 3330/4900/9469 3331/4897/9465
f 3227/4917/9472 3328/4910/9473 3228/4911/9474
f 3328/4910/9473 3329/4906/9468 3229/4907/9471 3228/4911/9474
s 4
f 3278/4924/9475 3319/4922/9176 3277/4921/9175
f 3279/4929/9476 3320/4925/9442 3319/4922/9176 3278/4924/9475
f 3280/4936/9477 3321/4931/9443 3320/4925/9442 3279/4929/9476
f 3281/4943/9478 3322/4939/9448 3321/4931/9443 3280/4936/9477
f 3323/4947/9449 3322/4939/9448 3281/4943/9478 3282/4950/9479
f 3324/4954/9451 3323/4947/9449 3282/4950/9479 3283/4958/9480
f 3325/4962/9452 3324/4954/9451 3283/4958/9480 3284/4968/9481
f 3326/4971/9454 3325/4962/9452 3284/4968/9481 3285/4977/9482
f 3327/4982/9457 3326/4971/9454 3285/4977/9482 3286/4986/9483
f 3287/4991/9458 3327/4982/9457 3286/4986/9483
s 3
f 3226/4912/9484 3328/4910/9473 3227/4917/9472
f 3225/4909/9485 3329/4906/9468 3328/4910/9473 3226/4912/9484
f 3224/4908/9486 3330/4900/9469 3329/4906/9468 3225/4909/9485
f 3331/4897/9465 3330/4900/9469 3224/4908/9486 3223/4901/9487
f 3332/4892/9466 3331/4897/9465 3223/4901/9487 3222/4898/9488
f 3333/4889/9461 3332/4892/9466 3222/4898/9488 3221/4893/9489
f 3334/4884/9462 3333/4889/9461 3221/4893/9489 3220/4890/9490
f 3335/4880/9172 3334/4884/9462 3220/4890/9490 3219/4885/9491
f 3336/4881/9173 3335/4880/9172 3219/4885/9491 3218/4886/9492
f 3217/4887/9459 3336/4881/9173 3218/4886/9492
g default
v -3.719847 5.458990 7.842476
v -5.096626 5.607254 7.448984
v -6.352810 5.681414 8.148157
v -6.752543 5.638027 9.530427
v -6.061667 5.502509 10.786079
v -4.684888 5.354246 11.179569
v -3.428704 5.280087 10.480398
v -3.028972 5.323472 9.098129
v -3.696618 5.713754 7.857191
v -5.073397 5.862018 7.463699
v -6.329580 5.936177 8.162870
v -6.729313 5.892791 9.545141
v -6.038437 5.757274 10.800794
v -4.661658 5.609010 11.194283
v -3.405474 5.534850 10.495112
v -3.005743 5.578237 9.112844
v -4.867527 5.735514 9.328992
v -5.266693 5.480010 8.340459
v -5.509474 5.480010 8.475712
v -5.224817 5.480010 8.701150
v -5.860319 5.480010 9.709183
v -5.725066 5.480010 9.951965
v -5.499629 5.480010 9.667308
v -4.491593 5.480010 10.302812
v -4.248812 5.480010 10.167557
v -4.533469 5.480010 9.942118
v -3.897967 5.480010 8.934086
v -4.033222 5.480010 8.691305
v -4.258659 5.480010 8.975962
v -5.266693 3.554352 8.340459
v -5.509474 3.554352 8.475712
v -5.224817 3.554352 8.701150
v -5.860319 3.554352 9.709183
v -5.725066 3.554352 9.951965
v -5.499629 3.554352 9.667308
v -4.491593 3.554352 10.302812
v -4.248812 3.554352 10.167557
v -4.533469 3.554352 9.942118
v -3.897967 3.554352 8.934086
v -4.033222 3.554352 8.691305
v -4.258659 3.554352 8.975962
v -4.609658 4.767384 10.003901
v -4.440839 4.767384 9.909850
v -4.638777 4.767385 9.753091
v -4.196878 4.499581 9.052152
v -4.290928 4.499581 8.883332
v -4.447687 4.499581 9.081269
v -5.148628 4.365681 8.639371
v -5.317447 4.365681 8.733418
v -5.119509 4.365681 8.890178
v -5.561408 4.499581 9.591119
v -5.467360 4.499581 9.759938
v -5.310600 4.499581 9.562000
v -4.609658 4.579922 10.003901
v -4.440839 4.579922 9.909850
v -4.638777 4.579922 9.753091
v -5.561408 4.298729 9.591119
v -5.467360 4.298729 9.759938
v -5.310600 4.298729 9.562000
v -5.148627 4.151437 8.639370
v -5.317447 4.151437 8.733418
v -5.119509 4.151437 8.890178
v -4.196877 4.298729 9.052152
v -4.290928 4.298729 8.883332
v -4.447687 4.298729 9.081269
vt 0.636407 0.311699
vt 0.577183 0.514085
vt 0.541158 0.503543
vt 0.600382 0.301157
vt 0.559177 0.536471
vt 0.374191 0.637701
vt 0.356172 0.604774
vt 0.345630 0.640798
vt 0.143244 0.581574
vt 0.153786 0.545549
vt 0.120858 0.563569
vt 0.019627 0.378583
vt 0.052555 0.360563
vt 0.016530 0.350021
vt 0.075755 0.147636
vt 0.111779 0.158178
vt 0.093760 0.125250
vt 0.278746 0.024019
vt 0.296766 0.056947
vt 0.307308 0.020922
vt 0.509693 0.080146
vt 0.499151 0.116171
vt 0.532079 0.098152
vt 0.633310 0.283138
vt 0.326469 0.330860
vt 0.589566 0.829403
vt 0.548855 0.829406
vt 0.555044 0.659633
vt 0.583352 0.659631
vt 0.498160 0.813306
vt 0.519793 0.648439
vt 0.640259 0.813296
vt 0.618601 0.648431
vt 0.430497 0.826540
vt 0.389787 0.826543
vt 0.395979 0.675533
vt 0.424286 0.675531
vt 0.339761 0.808469
vt 0.361193 0.662965
vt 0.480520 0.808460
vt 0.459071 0.662959
vt 0.127906 0.977770
vt 0.087196 0.977765
vt 0.093413 0.863420
vt 0.121721 0.863424
vt 0.039601 0.954017
vt 0.060317 0.846907
vt 0.175507 0.954036
vt 0.154821 0.846921
vt 0.277114 0.827007
vt 0.236404 0.827005
vt 0.242615 0.675996
vt 0.270923 0.675998
vt 0.186381 0.808925
vt 0.207831 0.663424
vt 0.327140 0.808934
vt 0.305708 0.663430
vt 0.822186 0.334830
vt 0.780537 0.335095
vt 0.790151 0.305838
vt 0.813945 0.306848
vt 0.932980 0.168929
vt 0.930458 0.218873
vt 0.905082 0.204937
vt 0.905005 0.176908
vt 0.767739 0.065406
vt 0.819097 0.061762
vt 0.808393 0.092838
vt 0.782850 0.093141
vt 0.673060 0.225958
vt 0.664416 0.178795
vt 0.694695 0.183549
vt 0.695774 0.210661
vt 0.124639 0.805769
vt 0.096331 0.805771
vt 0.090116 0.648460
vt 0.130826 0.648457
vt 0.159601 0.817838
vt 0.181104 0.665815
vt 0.061372 0.817847
vt 0.039840 0.665827
vt 0.412511 0.966233
vt 0.384203 0.966231
vt 0.378011 0.847624
vt 0.418722 0.847627
vt 0.445889 0.982166
vt 0.466724 0.870540
vt 0.350822 0.982158
vt 0.330006 0.870529
vt 0.257414 0.951493
vt 0.229106 0.951490
vt 0.222915 0.852354
vt 0.263625 0.852358
vt 0.289171 0.970454
vt 0.309294 0.879626
vt 0.197346 0.970444
vt 0.177240 0.879613
vt 0.572070 0.970420
vt 0.543762 0.970424
vt 0.537545 0.851818
vt 0.578255 0.851813
vt 0.605452 0.986346
vt 0.626262 0.874716
vt 0.510384 0.986358
vt 0.489544 0.874734
vt 0.802414 0.270760
vt 0.869063 0.193682
vt 0.801095 0.240881
vt 0.835345 0.202399
vt 0.860555 0.349414
vt 0.946971 0.256852
vt 0.797293 0.129370
vt 0.798935 0.163334
vt 0.946561 0.129986
vt 0.857668 0.046103
vt 0.730927 0.197530
vt 0.764631 0.202923
vt 0.727959 0.052808
vt 0.647226 0.141835
vt 0.740903 0.349438
vt 0.655297 0.261445
vn 0.277677 0.030141 -0.960202
vn 0.277677 0.030141 -0.960202
vn 0.277677 0.030141 -0.960202
vn 0.277677 0.030141 -0.960202
vn -0.479921 0.094138 -0.872246
vn -0.479921 0.094138 -0.872246
vn -0.479921 0.094138 -0.872246
vn -0.479921 0.094138 -0.872246
vn -0.956388 0.102992 -0.273341
vn -0.956388 0.102992 -0.273341
vn -0.956388 0.102992 -0.273341
vn -0.956388 0.102992 -0.273341
vn -0.872615 0.051516 0.485684
vn -0.872615 0.051516 0.485684
vn -0.872615 0.051516 0.485684
vn -0.872615 0.051516 0.485684
vn -0.277676 -0.030138 0.960202
vn -0.277676 -0.030138 0.960202
vn -0.277676 -0.030138 0.960202
vn -0.277676 -0.030138 0.960202
vn 0.479921 -0.094139 0.872246
vn 0.479921 -0.094139 0.872246
vn 0.479921 -0.094139 0.872246
vn 0.479921 -0.094139 0.872246
vn 0.956388 -0.102993 0.273341
vn 0.956388 -0.102993 0.273341
vn 0.956388 -0.102993 0.273341
vn 0.956388 -0.102993 0.273341
vn 0.872616 -0.051514 -0.485683
vn 0.872616 -0.051514 -0.485683
vn 0.872616 -0.051514 -0.485683
vn 0.872616 -0.051514 -0.485683
vn 0.090655 0.994226 0.057423
vn 0.090655 0.994226 0.057423
vn 0.090655 0.994226 0.057423
vn 0.090655 0.994226 0.057423
vn 0.090655 0.994226 0.057423
vn 0.090655 0.994226 0.057423
vn 0.090655 0.994226 0.057423
vn 0.090655 0.994226 0.057423
vn 0.090655 0.994226 0.057423
vn 0.090655 0.994226 0.057423
vn 0.090655 0.994226 0.057423
vn 0.090655 0.994226 0.057423
vn 0.090655 0.994226 0.057423
vn 0.090655 0.994226 0.057423
vn 0.090655 0.994226 0.057423
vn 0.090655 0.994226 0.057423
vn 0.090655 0.994226 0.057423
vn 0.090655 0.994226 0.057423
vn 0.090655 0.994226 0.057423
vn 0.090655 0.994226 0.057423
vn 0.090655 0.994226 0.057423
vn 0.090655 0.994226 0.057423
vn 0.090655 0.994226 0.057423
vn 0.090655 0.994226 0.057423
vn -0.467922 -0.274884 -0.839933
vn -0.467922 -0.274883 -0.839933
vn -0.472392 -0.240448 -0.847956
vn -0.472392 -0.240448 -0.847956
vn 0.990597 0.074106 -0.115006
vn 0.990597 0.074106 -0.115006
vn 0.990597 0.074106 -0.115006
vn 0.990597 0.074106 -0.115006
vn -0.619141 0.074105 0.781775
vn -0.619141 0.074105 0.781775
vn -0.619141 0.074105 0.781775
vn -0.619141 0.074105 0.781775
vn -0.830824 -0.309037 0.462848
vn -0.830824 -0.309037 0.462848
vn -0.841403 -0.268929 0.468741
vn -0.841403 -0.268929 0.468741
vn -0.114912 0.084159 -0.989804
vn -0.114912 0.084159 -0.989804
vn -0.114912 0.084159 -0.989804
vn -0.114912 0.084159 -0.989804
vn 0.781151 0.084159 0.618645
vn 0.781151 0.084159 0.618645
vn 0.781151 0.084159 0.618645
vn 0.781151 0.084159 0.618645
vn 0.444301 -0.408128 0.797514
vn 0.444301 -0.408128 0.797514
vn 0.456453 -0.346924 0.819326
vn 0.456453 -0.346924 0.819326
vn -0.986689 0.115422 0.114553
vn -0.986689 0.115422 0.114553
vn -0.986689 0.115422 0.114553
vn -0.986689 0.115422 0.114553
vn 0.616697 0.115421 -0.778693
vn 0.616697 0.115421 -0.778693
vn 0.616697 0.115421 -0.778693
vn 0.616697 0.115421 -0.778693
vn 0.830817 -0.309038 -0.462858
vn 0.830817 -0.309038 -0.462858
vn 0.841397 -0.268930 -0.468751
vn 0.841397 -0.268930 -0.468751
vn 0.114918 0.084160 0.989804
vn 0.114918 0.084160 0.989804
vn 0.114918 0.084160 0.989804
vn 0.114918 0.084160 0.989804
vn -0.781151 0.084158 -0.618644
vn -0.781151 0.084158 -0.618644
vn -0.781151 0.084158 -0.618644
vn -0.781151 0.084158 -0.618644
vn 0.456453 -0.346924 0.819326
vn 0.456453 -0.346924 0.819326
vn 0.469735 0.261565 0.843168
vn 0.469735 0.261565 0.843168
vn 0.841397 -0.268930 -0.468751
vn 0.841397 -0.268930 -0.468751
vn 0.823897 0.332434 -0.459001
vn 0.823897 0.332434 -0.459001
vn -0.472392 -0.240448 -0.847956
vn -0.472392 -0.240448 -0.847956
vn -0.449368 0.383970 -0.806620
vn -0.449368 0.383970 -0.806620
vn -0.841403 -0.268929 0.468741
vn -0.841403 -0.268929 0.468741
vn -0.823904 0.332431 0.458991
vn -0.823903 0.332432 0.458991
vn 0.469735 0.261565 0.843168
vn 0.469735 0.261565 0.843168
vn 0.464770 0.296657 0.834257
vn 0.464770 0.296657 0.834257
vn 0.618833 -0.080478 -0.781389
vn 0.618833 -0.080478 -0.781389
vn 0.618833 -0.080478 -0.781389
vn 0.618833 -0.080478 -0.781389
vn -0.990106 -0.080479 0.114950
vn -0.990106 -0.080479 0.114950
vn -0.990106 -0.080479 0.114950
vn -0.990106 -0.080479 0.114950
vn -0.823903 0.332432 0.458991
vn -0.823904 0.332431 0.458991
vn -0.803124 0.393463 0.447414
vn -0.803124 0.393463 0.447414
vn 0.779126 -0.110560 0.617040
vn 0.779126 -0.110560 0.617040
vn 0.779126 -0.110560 0.617040
vn 0.779126 -0.110560 0.617040
vn -0.114612 -0.110559 -0.987239
vn -0.114612 -0.110559 -0.987239
vn -0.114612 -0.110559 -0.987239
vn -0.114612 -0.110559 -0.987239
vn -0.449368 0.383970 -0.806620
vn -0.449368 0.383970 -0.806620
vn -0.429377 0.470746 -0.770736
vn -0.429377 0.470746 -0.770736
vn -0.614961 -0.137367 0.776501
vn -0.614961 -0.137367 0.776501
vn -0.614961 -0.137367 0.776501
vn -0.614961 -0.137367 0.776501
vn 0.983911 -0.137371 -0.114230
vn 0.983911 -0.137371 -0.114230
vn 0.983911 -0.137371 -0.114230
vn 0.983911 -0.137371 -0.114230
vn 0.823897 0.332434 -0.459001
vn 0.823897 0.332434 -0.459001
vn 0.803116 0.393466 -0.447425
vn 0.803116 0.393466 -0.447425
vn -0.779127 -0.110559 -0.617040
vn -0.779127 -0.110559 -0.617040
vn -0.779127 -0.110559 -0.617040
vn -0.779127 -0.110559 -0.617040
vn 0.114619 -0.110561 0.987238
vn 0.114619 -0.110561 0.987238
vn 0.114619 -0.110561 0.987238
vn 0.114619 -0.110561 0.987238
vn -0.091219 -0.942778 0.320701
vn -0.091219 -0.942778 0.320701
vn -0.091219 -0.942778 0.320701
vn -0.091219 -0.942778 0.320701
vn -0.961848 0.000000 -0.273584
vn -0.961848 0.000000 -0.273584
vn -0.961848 0.000000 -0.273584
vn -0.961848 0.000000 -0.273584
vn 0.087330 0.947688 -0.307021
vn 0.087330 0.947688 -0.307021
vn 0.087330 0.947688 -0.307021
vn 0.087330 0.947688 -0.307021
vn 0.961848 0.000001 0.273585
vn 0.961848 0.000001 0.273585
vn 0.961848 0.000001 0.273585
vn 0.961848 0.000001 0.273585
vn 0.175202 -0.983270 0.049834
vn 0.175202 -0.983271 0.049834
vn 0.175202 -0.983271 0.049834
vn 0.175202 -0.983270 0.049834
vn -0.273585 0.000000 0.961848
vn -0.273585 0.000000 0.961848
vn -0.273585 0.000000 0.961848
vn -0.273585 0.000000 0.961848
vn -0.159734 0.986114 -0.045435
vn -0.159734 0.986114 -0.045435
vn -0.159734 0.986114 -0.045435
vn -0.159734 0.986114 -0.045435
vn 0.273585 0.000003 -0.961848
vn 0.273585 0.000003 -0.961848
vn 0.273585 0.000003 -0.961848
vn 0.273585 0.000003 -0.961848
vn -0.049835 -0.983270 0.175202
vn -0.049835 -0.983270 0.175202
vn -0.049835 -0.983270 0.175202
vn -0.049835 -0.983270 0.175202
vn 0.961848 0.000000 0.273585
vn 0.961848 0.000000 0.273585
vn 0.961848 0.000000 0.273585
vn 0.961848 0.000000 0.273585
vn 0.045435 0.986114 -0.159733
vn 0.045435 0.986114 -0.159733
vn 0.045435 0.986114 -0.159733
vn 0.045435 0.986114 -0.159733
vn -0.961848 0.000000 -0.273585
vn -0.961848 0.000000 -0.273585
vn -0.961848 0.000000 -0.273585
vn -0.961848 0.000000 -0.273585
vn -0.273584 0.000000 0.961848
vn -0.273584 0.000000 0.961848
vn -0.273584 0.000000 0.961848
vn -0.273584 0.000000 0.961848
vn -0.307022 0.947687 -0.087328
vn -0.307022 0.947687 -0.087328
vn -0.307022 0.947687 -0.087328
vn -0.307022 0.947687 -0.087328
vn 0.273585 0.000000 -0.961848
vn 0.273585 0.000000 -0.961848
vn 0.273585 0.000000 -0.961848
vn 0.273585 0.000000 -0.961848
vn 0.320701 -0.942778 0.091219
vn 0.320701 -0.942778 0.091219
vn 0.320701 -0.942778 0.091219
vn 0.320701 -0.942778 0.091219
s off
g Win1:Win Win1:table
usemtl lambert29SG
f 3337/5055/9493 3338/5056/9494 3346/5057/9495 3345/5058/9496
f 3338/5059/9497 3339/5060/9498 3347/5061/9499 3346/5057/9500
f 3339/5062/9501 3340/5063/9502 3348/5064/9503 3347/5061/9504
f 3340/5065/9505 3341/5066/9506 3349/5067/9507 3348/5064/9508
f 3341/5068/9509 3342/5069/9510 3350/5070/9511 3349/5067/9512
f 3342/5071/9513 3343/5072/9514 3351/5073/9515 3350/5070/9516
f 3343/5074/9517 3344/5075/9518 3352/5076/9519 3351/5073/9520
f 3344/5077/9521 3337/5078/9522 3345/5058/9523 3352/5076/9524
f 3345/5058/9525 3346/5057/9526 3353/5079/9527
f 3346/5057/9528 3347/5061/9529 3353/5079/9530
f 3347/5061/9531 3348/5064/9532 3353/5079/9533
f 3348/5064/9534 3349/5067/9535 3353/5079/9536
f 3349/5067/9537 3350/5070/9538 3353/5079/9539
f 3350/5070/9540 3351/5073/9541 3353/5079/9542
f 3351/5073/9543 3352/5076/9544 3353/5079/9545
f 3352/5076/9546 3345/5058/9547 3353/5079/9548
f 3355/5080/9549 3354/5081/9550 3384/5082/9551 3385/5083/9552
f 3354/5081/9553 3356/5084/9554 3386/5085/9555 3384/5082/9556
f 3356/5086/9557 3355/5080/9558 3385/5083/9559 3386/5087/9560
f 3358/5088/9561 3357/5089/9562 3387/5090/9563 3388/5091/9564
f 3357/5089/9565 3359/5092/9566 3389/5093/9567 3387/5090/9568
f 3359/5094/9569 3358/5088/9570 3388/5091/9571 3389/5095/9572
f 3361/5096/9573 3360/5097/9574 3378/5098/9575 3379/5099/9576
f 3360/5097/9577 3362/5100/9578 3380/5101/9579 3378/5098/9580
f 3362/5102/9581 3361/5096/9582 3379/5099/9583 3380/5103/9584
f 3364/5104/9585 3363/5105/9586 3381/5106/9587 3382/5107/9588
f 3363/5105/9589 3365/5108/9590 3383/5109/9591 3381/5106/9592
f 3365/5110/9593 3364/5104/9594 3382/5107/9595 3383/5111/9596
f 3379/5112/9597 3378/5113/9598 3390/5114/9599 3391/5115/9600
f 3382/5116/9601 3381/5117/9602 3399/5118/9603 3400/5119/9604
f 3385/5120/9605 3384/5121/9606 3396/5122/9607 3397/5123/9608
f 3388/5124/9609 3387/5125/9610 3393/5126/9611 3394/5127/9612
f 3391/5128/9613 3390/5129/9614 3372/5130/9615 3373/5131/9616
f 3392/5132/9617 3391/5128/9618 3373/5131/9619 3374/5133/9620
f 3390/5129/9621 3392/5134/9622 3374/5135/9623 3372/5130/9624
f 3394/5136/9625 3393/5137/9626 3369/5138/9627 3370/5139/9628
f 3395/5140/9629 3394/5136/9630 3370/5139/9631 3371/5141/9632
f 3393/5137/9633 3395/5142/9634 3371/5143/9635 3369/5138/9636
f 3397/5144/9637 3396/5145/9638 3366/5146/9639 3367/5147/9640
f 3398/5148/9641 3397/5144/9642 3367/5147/9643 3368/5149/9644
f 3396/5145/9645 3398/5150/9646 3368/5151/9647 3366/5146/9648
f 3400/5152/9649 3399/5153/9650 3375/5154/9651 3376/5155/9652
f 3401/5156/9653 3400/5152/9654 3376/5155/9655 3377/5157/9656
f 3399/5153/9657 3401/5158/9658 3377/5159/9659 3375/5154/9660
f 3391/5115/9661 3392/5160/9662 3401/5161/9663 3399/5118/9664
f 3392/5160/9665 3380/5162/9666 3383/5163/9667 3401/5161/9668
f 3380/5164/9669 3379/5112/9670 3381/5117/9671 3383/5165/9672
f 3379/5112/9673 3391/5115/9674 3399/5118/9675 3381/5117/9676
f 3400/5119/9677 3401/5161/9678 3398/5166/9679 3396/5122/9680
f 3401/5161/9681 3383/5163/9682 3386/5167/9683 3398/5166/9684
f 3383/5168/9685 3382/5116/9686 3384/5121/9687 3386/5169/9688
f 3382/5116/9689 3400/5119/9690 3396/5122/9691 3384/5121/9692
f 3397/5123/9693 3398/5166/9694 3395/5170/9695 3393/5126/9696
f 3398/5166/9697 3386/5167/9698 3389/5171/9699 3395/5170/9700
f 3386/5172/9701 3385/5120/9702 3387/5125/9703 3389/5173/9704
f 3385/5120/9705 3397/5123/9706 3393/5126/9707 3387/5125/9708
f 3390/5114/9709 3378/5113/9710 3388/5124/9711 3394/5127/9712
f 3378/5113/9713 3380/5174/9714 3389/5175/9715 3388/5124/9716
f 3380/5162/9717 3392/5160/9718 3395/5170/9719 3389/5171/9720
f 3392/5160/9721 3390/5114/9722 3394/5127/9723 3395/5170/9724
g default
v 1.655563 2.358179 -7.702266
v 1.201647 2.358179 -8.032056
v 0.640575 2.358179 -8.032056
v 0.186659 2.358179 -7.702266
v 0.013278 2.358179 -7.168655
v 0.186659 2.358179 -6.635045
v 0.640575 2.358179 -6.305255
v 1.201647 2.358179 -6.305255
v 1.655563 2.358179 -6.635045
v 1.828944 2.358179 -7.168655
v 1.781054 2.867045 -7.793440
v 1.249580 2.867045 -8.179579
v 0.592642 2.867045 -8.179579
v 0.061168 2.867045 -7.793440
v -0.141837 2.867045 -7.168655
v 0.061168 2.867045 -6.543870
v 0.592642 2.867045 -6.157732
v 1.249580 2.867045 -6.157732
v 1.781054 2.867045 -6.543870
v 1.984059 2.867045 -7.168655
v 1.832011 3.121984 -7.830463
v 1.269044 3.121984 -8.239483
v 0.573178 3.121984 -8.239483
v 0.010211 3.121984 -7.830463
v -0.204823 3.121984 -7.168655
v 0.010211 3.121984 -6.506847
v 0.573178 3.121984 -6.097828
v 1.269044 3.121984 -6.097828
v 1.832011 3.121984 -6.506848
v 2.047046 3.121984 -7.168655
v 1.795892 4.361195 -7.804221
v 1.255247 4.325173 -8.197021
v 0.586975 4.325173 -8.197021
v 0.046331 4.325173 -7.804220
v -0.160177 4.343184 -7.168655
v 0.046331 4.343184 -6.533090
v 0.586975 4.343184 -6.140289
v 1.255248 4.339958 -6.140290
v 1.795891 4.343184 -6.533091
v 2.002399 4.343184 -7.168655
v 1.681906 4.789749 -7.721406
v 1.211709 4.789749 -8.063024
v 0.630513 4.789749 -8.063024
v 0.160316 4.789749 -7.721405
v -0.019283 4.789749 -7.168655
v 0.160316 4.789749 -6.615906
v 0.630513 4.789749 -6.274287
v 1.211709 4.789749 -6.274288
v 1.681906 4.789749 -6.615906
v 1.861505 4.789749 -7.168655
v 1.579229 4.789749 -7.646806
v 1.172490 4.789749 -7.942319
v 0.669733 4.789749 -7.942319
v 0.262994 4.789749 -7.646806
v 0.107633 4.789749 -7.168655
v 0.262994 4.789749 -6.690505
v 0.669733 4.789749 -6.394992
v 1.172490 4.789749 -6.394992
v 1.579229 4.789749 -6.690505
v 1.734589 4.789749 -7.168655
v 1.543010 2.358179 -7.620492
v 1.158655 2.358179 -7.899742
v 0.683567 2.358179 -7.899742
v 0.299212 2.358179 -7.620492
v 0.152401 2.358179 -7.168655
v 0.299212 2.358179 -6.716819
v 0.683567 2.358179 -6.437569
v 1.158656 2.358179 -6.437569
v 1.543010 2.358179 -6.716819
v 1.689821 2.358179 -7.168655
v 1.840717 4.068002 -7.836789
v 2.057807 4.068002 -7.168655
v 1.840717 4.068002 -6.500523
v 1.272370 4.066457 -6.087594
v 0.569853 4.068002 -6.087594
v 0.001505 4.068002 -6.500522
v -0.215585 4.068002 -7.168655
v 0.001505 4.050749 -7.836788
v 0.569853 4.050749 -8.249718
v 1.272369 4.050749 -8.249718
v 1.821508 2.831901 -7.822832
v 1.265032 2.831901 -8.227136
v 1.285412 3.098832 -8.289858
v 1.874863 3.098832 -7.861597
v 0.577190 2.831901 -8.227136
v 0.556810 3.098832 -8.289858
v 0.020714 2.831901 -7.822832
v -0.032640 3.098832 -7.861597
v -0.191841 2.831901 -7.168655
v -0.257791 3.098832 -7.168655
v 0.020714 2.831901 -6.514479
v -0.032640 3.098832 -6.475714
v 0.577190 2.831901 -6.110175
v 0.556811 3.098832 -6.047453
v 1.265032 2.831901 -6.110175
v 1.285412 3.098832 -6.047453
v 1.821508 2.831901 -6.514479
v 1.874863 3.098832 -6.475714
v 2.034063 2.831901 -7.168655
v 2.100013 3.098832 -7.168655
v 1.883978 4.089355 -7.868219
v 2.111280 4.089355 -7.168655
v 1.837044 4.396339 -7.834120
v 2.053266 4.377482 -7.168655
v 1.883978 4.089355 -6.469091
v 1.837044 4.377482 -6.503191
v 1.288894 4.087736 -6.036737
v 1.270966 4.374104 -6.091912
v 0.553329 4.089355 -6.036737
v 0.571256 4.377482 -6.091912
v -0.041756 4.089355 -6.469091
v 0.005179 4.377482 -6.503191
v -0.269058 4.089355 -7.168655
v -0.211043 4.377482 -7.168655
v -0.041756 4.071289 -7.868219
v 0.005178 4.358624 -7.834119
v 0.553329 4.071289 -8.300573
v 0.571256 4.358624 -8.245399
v 1.288894 4.071289 -8.300573
v 1.270966 4.358624 -8.245399
v 1.874413 3.692792 -7.861269
v 2.099456 3.692792 -7.168655
v 1.874413 3.692792 -6.476041
v 1.285240 3.691826 -6.047983
v 0.556983 3.692792 -6.047983
v -0.032190 3.692792 -6.476041
v -0.257234 3.692792 -7.168655
v -0.032190 3.682003 -7.861269
v 0.556982 3.682003 -8.289329
v 1.285240 3.682003 -8.289329
v 1.873410 3.583815 -7.860541
v 2.098217 3.583815 -7.168655
v 1.873410 3.583815 -6.476770
v 1.284857 3.583027 -6.049161
v 0.557366 3.583815 -6.049161
v -0.031187 3.583815 -6.476770
v -0.255994 3.583815 -7.168655
v -0.031187 3.575013 -7.860540
v 0.557365 3.575013 -8.288149
v 1.284857 3.575013 -8.288150
v 1.890706 3.582905 -7.873108
v 2.119597 3.582905 -7.168655
v 1.891727 3.693862 -7.873850
v 2.120859 3.693862 -7.168655
v 1.890706 3.582905 -6.464203
v 1.891727 3.693862 -6.463461
v 1.291464 3.582103 -6.028828
v 1.291854 3.692878 -6.027628
v 0.550759 3.582905 -6.028828
v 0.550369 3.693862 -6.027627
v -0.048484 3.582905 -6.464203
v -0.049505 3.693862 -6.463461
v -0.277374 3.582905 -7.168655
v -0.278636 3.693862 -7.168655
v -0.048484 3.573943 -7.873107
v -0.049505 3.682877 -7.873849
v 0.550759 3.573943 -8.308483
v 0.550369 3.682877 -8.309683
v 1.291464 3.573943 -8.308483
v 1.291854 3.682877 -8.309683
vt 0.444836 0.174068
vt 0.493703 0.149285
vt 0.521280 0.193313
vt 0.464064 0.222330
vt 0.537329 0.116134
vt 0.572360 0.154497
vt 0.574297 0.075692
vt 0.615644 0.107145
vt 0.097180 0.084388
vt 0.135597 0.123456
vt 0.101987 0.163071
vt 0.057006 0.117327
vt 0.180401 0.154995
vt 0.154447 0.199999
vt 0.230139 0.177981
vt 0.212683 0.226912
vt 0.283194 0.191667
vt 0.274803 0.242936
vt 0.337845 0.195608
vt 0.338792 0.247551
vt 0.392315 0.189678
vt 0.402568 0.240607
vt 0.244839 0.441746
vt 0.175971 0.441746
vt 0.175971 0.414852
vt 0.244839 0.414852
vt 0.107229 0.441746
vt 0.107229 0.414852
vt 0.038837 0.441746
vt 0.038837 0.414852
vt 0.722090 0.441746
vt 0.655339 0.441746
vt 0.655339 0.414852
vt 0.722090 0.414852
vt 0.587622 0.441746
vt 0.587622 0.414852
vt 0.519514 0.441746
vt 0.519514 0.414852
vt 0.451108 0.441746
vt 0.451108 0.414852
vt 0.382470 0.441746
vt 0.382470 0.414852
vt 0.313683 0.441746
vt 0.313683 0.414852
vt 0.529966 0.294411
vt 0.596499 0.280580
vt 0.607067 0.323830
vt 0.537684 0.339127
vt 0.661913 0.262169
vt 0.675454 0.304582
vt 0.725894 0.239268
vt 0.742343 0.280640
vt 0.059746 0.262669
vt 0.125210 0.280905
vt 0.114528 0.325007
vt 0.046319 0.305119
vt 0.191762 0.294646
vt 0.184104 0.339372
vt 0.259094 0.303827
vt 0.254497 0.348971
vt 0.326895 0.308408
vt 0.325385 0.353683
vt 0.394851 0.308357
vt 0.396429 0.353707
vt 0.462646 0.303685
vt 0.467305 0.348822
vt 0.112022 0.876369
vt 0.065612 0.822891
vt 0.107387 0.800698
vt 0.140714 0.842027
vt 0.043610 0.757078
vt 0.090247 0.749245
vt 0.042268 0.689538
vt 0.090699 0.694082
vt 0.426009 0.678249
vt 0.426863 0.745544
vt 0.381614 0.740962
vt 0.378269 0.685114
vt 0.408700 0.812686
vt 0.367366 0.793258
vt 0.367833 0.870388
vt 0.335952 0.836581
vt 0.309533 0.908457
vt 0.291914 0.867139
vt 0.241649 0.923334
vt 0.240247 0.877583
vt 0.172394 0.912547
vt 0.187463 0.869155
vt 0.117838 0.794949
vt 0.148496 0.832859
vt 0.102115 0.747812
vt 0.102632 0.698614
vt 0.369681 0.739914
vt 0.366535 0.690185
vt 0.356536 0.788007
vt 0.327616 0.827872
vt 0.287216 0.855815
vt 0.239908 0.865421
vt 0.191419 0.857725
vt 0.631453 0.921431
vt 0.583697 0.921431
vt 0.583697 0.683979
vt 0.631453 0.683979
vt 0.535961 0.921431
vt 0.535961 0.683979
vt 0.488251 0.921431
vt 0.488251 0.683979
vt 0.965800 0.921431
vt 0.918074 0.921430
vt 0.918074 0.683979
vt 0.965800 0.683979
vt 0.870325 0.921430
vt 0.870325 0.683979
vt 0.822559 0.921431
vt 0.822559 0.683979
vt 0.774783 0.921431
vt 0.774783 0.683979
vt 0.727002 0.921431
vt 0.727002 0.683979
vt 0.679224 0.921431
vt 0.679224 0.683979
vt 0.318800 0.641865
vt 0.249334 0.641865
vt 0.249334 0.612877
vt 0.318800 0.612877
vt 0.388188 0.641865
vt 0.388188 0.612877
vt 0.457533 0.641865
vt 0.457533 0.612877
vt 0.526780 0.641865
vt 0.526780 0.612877
vt 0.595887 0.641865
vt 0.595887 0.612877
vt 0.664809 0.641865
vt 0.664809 0.612877
vt 0.733314 0.641865
vt 0.733314 0.612877
vt 0.110570 0.641865
vt 0.041533 0.641865
vt 0.041533 0.612877
vt 0.110570 0.612877
vt 0.179821 0.641865
vt 0.179821 0.612877
vt 0.244839 0.447373
vt 0.175971 0.447373
vt 0.175971 0.409206
vt 0.244839 0.409206
vt 0.107229 0.447373
vt 0.107229 0.409206
vt 0.038837 0.447373
vt 0.038837 0.409206
vt 0.722090 0.447373
vt 0.655339 0.447373
vt 0.655339 0.409206
vt 0.722090 0.409206
vt 0.587622 0.447373
vt 0.587622 0.409206
vt 0.519514 0.447373
vt 0.519514 0.409206
vt 0.451108 0.447373
vt 0.451108 0.409206
vt 0.382470 0.447373
vt 0.382470 0.409206
vt 0.313683 0.447373
vt 0.313683 0.409206
vt 0.318800 0.647398
vt 0.249334 0.647398
vt 0.249334 0.607190
vt 0.318800 0.607190
vt 0.388188 0.647398
vt 0.388188 0.607190
vt 0.457533 0.647398
vt 0.457533 0.607190
vt 0.526780 0.647398
vt 0.526780 0.607190
vt 0.595887 0.647398
vt 0.595887 0.607190
vt 0.664809 0.647397
vt 0.664809 0.607190
vt 0.733314 0.647397
vt 0.733314 0.607190
vt 0.110570 0.647398
vt 0.041533 0.647398
vt 0.041533 0.607190
vt 0.110570 0.607190
vt 0.179821 0.647398
vt 0.179821 0.607190
vt 0.297525 0.574581
vt 0.226759 0.574581
vt 0.226759 0.538599
vt 0.297525 0.538599
vt 0.369524 0.574581
vt 0.369524 0.538599
vt 0.442401 0.574581
vt 0.442401 0.538599
vt 0.515865 0.574581
vt 0.515865 0.538599
vt 0.589535 0.574581
vt 0.589535 0.538599
vt 0.663080 0.574581
vt 0.663080 0.538599
vt 0.736338 0.574581
vt 0.736338 0.538599
vt 0.089773 0.574581
vt 0.024727 0.574581
vt 0.024727 0.538599
vt 0.089773 0.538599
vt 0.157061 0.574581
vt 0.157061 0.538599
vt 0.329394 0.499173
vt 0.257745 0.499173
vt 0.257745 0.488315
vt 0.329394 0.488315
vt 0.401043 0.499173
vt 0.401043 0.488315
vt 0.472693 0.499173
vt 0.472693 0.488315
vt 0.544343 0.499173
vt 0.544343 0.488315
vt 0.615995 0.499173
vt 0.615995 0.488315
vt 0.687649 0.499173
vt 0.687649 0.488315
vt 0.759672 0.499173
vt 0.759672 0.488315
vt 0.114486 0.499173
vt 0.042467 0.499173
vt 0.042467 0.488315
vt 0.114486 0.488315
vt 0.186112 0.499173
vt 0.186112 0.488315
vt 0.329394 0.501167
vt 0.257745 0.501167
vt 0.257745 0.486315
vt 0.329394 0.486315
vt 0.401043 0.501167
vt 0.401043 0.486315
vt 0.472693 0.501167
vt 0.472693 0.486315
vt 0.544343 0.501167
vt 0.544343 0.486315
vt 0.615995 0.501167
vt 0.615995 0.486315
vt 0.687649 0.501167
vt 0.687649 0.486315
vt 0.759672 0.501167
vt 0.759672 0.486315
vt 0.114486 0.501167
vt 0.042467 0.501167
vt 0.042467 0.486315
vt 0.114486 0.486315
vt 0.186112 0.501167
vt 0.186112 0.486315
vn 0.564542 -0.278440 -0.777022
vn 0.564542 -0.278440 -0.777022
vn 0.564542 -0.278440 -0.777022
vn 0.564542 -0.278440 -0.777023
vn 0.000000 -0.278441 -0.960453
vn 0.000000 -0.278441 -0.960453
vn 0.000000 -0.278441 -0.960453
vn 0.000000 -0.278441 -0.960453
vn -0.564542 -0.278440 -0.777022
vn -0.564542 -0.278440 -0.777022
vn -0.564542 -0.278440 -0.777022
vn -0.564542 -0.278440 -0.777022
vn -0.913446 -0.278441 -0.296796
vn -0.913446 -0.278441 -0.296796
vn -0.913446 -0.278441 -0.296796
vn -0.913446 -0.278441 -0.296796
vn -0.913446 -0.278440 0.296796
vn -0.913446 -0.278440 0.296796
vn -0.913446 -0.278440 0.296796
vn -0.913446 -0.278440 0.296796
vn -0.564540 -0.278440 0.777024
vn -0.564540 -0.278440 0.777024
vn -0.564540 -0.278440 0.777024
vn -0.564540 -0.278440 0.777024
vn 0.000000 -0.278440 0.960454
vn 0.000000 -0.278440 0.960454
vn 0.000000 -0.278440 0.960454
vn 0.000000 -0.278440 0.960454
vn 0.564540 -0.278441 0.777023
vn 0.564540 -0.278441 0.777023
vn 0.564540 -0.278441 0.777023
vn 0.564540 -0.278441 0.777023
vn 0.913446 -0.278440 0.296796
vn 0.913446 -0.278440 0.296796
vn 0.913446 -0.278440 0.296796
vn 0.913446 -0.278440 0.296796
vn 0.913446 -0.278440 -0.296797
vn 0.913446 -0.278440 -0.296797
vn 0.913446 -0.278440 -0.296797
vn 0.913446 -0.278440 -0.296797
vn 0.572201 -0.228745 -0.787567
vn 0.572201 -0.228745 -0.787567
vn 0.572201 -0.228745 -0.787567
vn 0.572201 -0.228745 -0.787567
vn 0.000000 -0.228745 -0.973486
vn 0.000000 -0.228745 -0.973486
vn 0.000000 -0.228745 -0.973486
vn 0.000000 -0.228745 -0.973486
vn -0.572200 -0.228745 -0.787567
vn -0.572201 -0.228745 -0.787567
vn -0.572201 -0.228745 -0.787567
vn -0.572201 -0.228745 -0.787567
vn -0.925841 -0.228744 -0.300823
vn -0.925841 -0.228744 -0.300824
vn -0.925841 -0.228744 -0.300824
vn -0.925841 -0.228744 -0.300824
vn -0.925841 -0.228745 0.300824
vn -0.925841 -0.228745 0.300824
vn -0.925841 -0.228745 0.300824
vn -0.925841 -0.228745 0.300824
vn -0.572201 -0.228745 0.787567
vn -0.572201 -0.228745 0.787567
vn -0.572201 -0.228745 0.787567
vn -0.572201 -0.228745 0.787567
vn 0.000000 -0.228745 0.973486
vn 0.000000 -0.228745 0.973486
vn 0.000000 -0.228745 0.973486
vn 0.000000 -0.228745 0.973486
vn 0.572201 -0.228745 0.787567
vn 0.572201 -0.228745 0.787567
vn 0.572201 -0.228745 0.787567
vn 0.572201 -0.228745 0.787567
vn 0.925841 -0.228745 0.300824
vn 0.925841 -0.228745 0.300824
vn 0.925841 -0.228745 0.300824
vn 0.925841 -0.228745 0.300824
vn 0.925841 -0.228744 -0.300824
vn 0.925841 -0.228744 -0.300824
vn 0.925841 -0.228744 -0.300824
vn 0.925841 -0.228744 -0.300824
vn 0.585017 -0.105794 -0.804091
vn 0.585017 -0.105794 -0.804091
vn 0.585017 -0.105794 -0.804091
vn 0.585017 -0.105794 -0.804091
vn -0.000001 -0.106810 -0.994280
vn -0.000001 -0.106810 -0.994280
vn -0.000001 -0.106810 -0.994280
vn -0.000001 -0.106810 -0.994280
vn -0.584422 -0.106810 -0.804390
vn -0.584422 -0.106810 -0.804390
vn -0.584422 -0.106810 -0.804389
vn -0.584422 -0.106810 -0.804390
vn -0.945921 -0.105794 -0.306660
vn -0.945921 -0.105794 -0.306660
vn -0.945921 -0.105794 -0.306660
vn -0.945921 -0.105794 -0.306660
vn -0.945820 -0.104797 0.307316
vn -0.945820 -0.104797 0.307316
vn -0.945819 -0.104797 0.307316
vn -0.945820 -0.104797 0.307316
vn -0.584549 -0.104797 0.804562
vn -0.584549 -0.104797 0.804562
vn -0.584549 -0.104797 0.804562
vn -0.584549 -0.104797 0.804562
vn -0.000058 -0.104885 0.994484
vn -0.000058 -0.104885 0.994484
vn -0.000058 -0.104885 0.994484
vn -0.000058 -0.104885 0.994484
vn 0.584590 -0.104885 0.804521
vn 0.584590 -0.104885 0.804521
vn 0.584590 -0.104885 0.804521
vn 0.584590 -0.104885 0.804521
vn 0.945819 -0.104798 0.307316
vn 0.945819 -0.104798 0.307316
vn 0.945819 -0.104798 0.307316
vn 0.945819 -0.104798 0.307316
vn 0.945820 -0.104797 -0.307315
vn 0.945820 -0.104797 -0.307315
vn 0.945820 -0.104797 -0.307316
vn 0.945820 -0.104797 -0.307316
vn 0.556263 0.287394 -0.779728
vn 0.556263 0.287394 -0.779728
vn 0.556263 0.287394 -0.779728
vn 0.556263 0.287394 -0.779728
vn 0.000000 0.277133 -0.960832
vn 0.000000 0.277133 -0.960832
vn 0.000000 0.277133 -0.960832
vn 0.000000 0.277133 -0.960832
vn -0.564763 0.277133 -0.777329
vn -0.564763 0.277133 -0.777329
vn -0.564762 0.277133 -0.777329
vn -0.564763 0.277133 -0.777329
vn -0.911143 0.282177 -0.300325
vn -0.911143 0.282177 -0.300325
vn -0.911143 0.282177 -0.300325
vn -0.911143 0.282177 -0.300325
vn -0.910931 0.287404 0.295980
vn -0.910931 0.287404 0.295980
vn -0.910931 0.287404 0.295980
vn -0.910931 0.287404 0.295980
vn -0.562987 0.287404 0.774884
vn -0.562987 0.287404 0.774884
vn -0.562987 0.287404 0.774884
vn -0.562987 0.287404 0.774884
vn 0.000740 0.286454 0.958094
vn 0.000740 0.286454 0.958094
vn 0.000740 0.286454 0.958094
vn 0.000740 0.286454 0.958094
vn 0.562555 0.286454 0.775549
vn 0.562555 0.286454 0.775549
vn 0.562555 0.286454 0.775549
vn 0.562555 0.286454 0.775549
vn 0.910931 0.287404 0.295980
vn 0.910931 0.287404 0.295980
vn 0.910931 0.287404 0.295980
vn 0.910931 0.287404 0.295980
vn 0.910667 0.292814 -0.291455
vn 0.910667 0.292814 -0.291455
vn 0.910667 0.292814 -0.291455
vn 0.910667 0.292814 -0.291455
vn 0.000000 1.000000 0.000000
vn 0.000000 1.000000 0.000000
vn 0.000000 1.000000 0.000000
vn 0.000000 1.000000 0.000000
vn 0.000000 1.000000 -0.000003
vn 0.000000 1.000000 -0.000003
vn 0.000000 1.000000 -0.000003
vn 0.000000 1.000000 -0.000003
vn 0.000000 1.000000 -0.000001
vn 0.000000 1.000000 -0.000001
vn 0.000000 1.000000 -0.000001
vn 0.000000 1.000000 -0.000001
vn 0.000000 1.000000 0.000000
vn 0.000000 1.000000 0.000000
vn 0.000000 1.000000 0.000000
vn 0.000000 1.000000 0.000000
vn 0.000000 1.000000 -0.000001
vn 0.000000 1.000000 -0.000001
vn 0.000000 1.000000 -0.000001
vn 0.000000 1.000000 -0.000001
vn 0.000000 1.000000 0.000000
vn 0.000000 1.000000 0.000000
vn 0.000000 1.000000 0.000000
vn 0.000000 1.000000 0.000000
vn 0.000000 1.000000 0.000002
vn 0.000000 1.000000 0.000002
vn 0.000000 1.000000 0.000002
vn 0.000000 1.000000 0.000002
vn 0.000000 1.000000 0.000001
vn 0.000000 1.000000 0.000001
vn 0.000000 1.000000 0.000001
vn 0.000000 1.000000 0.000001
vn 0.000000 1.000000 0.000000
vn 0.000000 1.000000 0.000000
vn 0.000000 1.000000 0.000000
vn 0.000000 1.000000 0.000000
vn 0.000000 1.000000 -0.000001
vn 0.000000 1.000000 -0.000001
vn 0.000000 1.000000 -0.000001
vn 0.000000 1.000000 -0.000001
vn -0.587695 0.017507 0.808894
vn -0.587695 0.017507 0.808894
vn -0.587695 0.017507 0.808894
vn -0.587695 0.017507 0.808894
vn 0.000000 0.017507 0.999847
vn 0.000000 0.017507 0.999847
vn 0.000000 0.017507 0.999847
vn 0.000000 0.017507 0.999847
vn 0.587695 0.017508 0.808893
vn 0.587695 0.017508 0.808894
vn 0.587695 0.017508 0.808894
vn 0.587695 0.017508 0.808894
vn 0.950911 0.017507 0.308969
vn 0.950911 0.017507 0.308969
vn 0.950911 0.017507 0.308969
vn 0.950911 0.017507 0.308969
vn 0.950911 0.017507 -0.308970
vn 0.950911 0.017507 -0.308970
vn 0.950911 0.017507 -0.308969
vn 0.950911 0.017507 -0.308969
vn 0.587694 0.017508 -0.808894
vn 0.587694 0.017508 -0.808894
vn 0.587694 0.017508 -0.808894
vn 0.587694 0.017508 -0.808894
vn 0.000000 0.017508 -0.999847
vn 0.000000 0.017508 -0.999847
vn 0.000000 0.017508 -0.999847
vn 0.000000 0.017508 -0.999847
vn -0.587694 0.017508 -0.808894
vn -0.587694 0.017508 -0.808894
vn -0.587694 0.017508 -0.808894
vn -0.587694 0.017508 -0.808894
vn -0.950911 0.017507 -0.308969
vn -0.950911 0.017507 -0.308969
vn -0.950911 0.017507 -0.308969
vn -0.950911 0.017507 -0.308969
vn -0.950911 0.017507 0.308969
vn -0.950911 0.017507 0.308969
vn -0.950911 0.017507 0.308969
vn -0.950911 0.017507 0.308969
vn 0.935854 0.182318 -0.301558
vn 0.935854 0.182318 -0.301558
vn 0.935854 0.182318 -0.301558
vn 0.935854 0.182318 -0.301558
vn 0.934084 0.188077 0.303502
vn 0.934084 0.188077 0.303502
vn 0.934084 0.188077 0.303502
vn 0.934084 0.188077 0.303502
vn 0.576702 0.188633 0.794879
vn 0.576702 0.188633 0.794879
vn 0.576702 0.188633 0.794879
vn 0.576702 0.188633 0.794879
vn 0.000657 0.188632 0.982048
vn 0.000657 0.188632 0.982048
vn 0.000657 0.188632 0.982048
vn 0.000657 0.188632 0.982048
vn -0.577296 0.188077 0.794579
vn -0.577296 0.188077 0.794579
vn -0.577296 0.188077 0.794579
vn -0.577296 0.188077 0.794579
vn -0.934084 0.188078 0.303502
vn -0.934084 0.188078 0.303502
vn -0.934084 0.188078 0.303502
vn -0.934084 0.188078 0.303502
vn -0.932531 0.188325 -0.308091
vn -0.932531 0.188325 -0.308091
vn -0.932531 0.188325 -0.308091
vn -0.932531 0.188325 -0.308091
vn -0.577239 0.188576 -0.794502
vn -0.577239 0.188576 -0.794502
vn -0.577239 0.188576 -0.794502
vn -0.577239 0.188576 -0.794502
vn 0.000000 0.188574 -0.982059
vn 0.000000 0.188574 -0.982059
vn 0.000000 0.188574 -0.982059
vn 0.000000 0.188574 -0.982059
vn 0.572154 0.182548 -0.799573
vn 0.572154 0.182548 -0.799573
vn 0.572154 0.182548 -0.799573
vn 0.572154 0.182548 -0.799573
vn -0.349333 -0.804228 0.480817
vn -0.349333 -0.804228 0.480817
vn -0.349333 -0.804228 0.480817
vn -0.349333 -0.804228 0.480817
vn 0.245454 0.908634 -0.337840
vn 0.245454 0.908634 -0.337840
vn 0.245454 0.908634 -0.337840
vn 0.245454 0.908634 -0.337840
vn 0.000000 -0.804227 0.594322
vn 0.000000 -0.804227 0.594322
vn 0.000000 -0.804227 0.594322
vn 0.000000 -0.804227 0.594322
vn 0.000000 0.908634 -0.417594
vn 0.000000 0.908634 -0.417594
vn 0.000000 0.908634 -0.417594
vn 0.000000 0.908634 -0.417594
vn 0.349334 -0.804227 0.480817
vn 0.349334 -0.804227 0.480817
vn 0.349334 -0.804227 0.480817
vn 0.349334 -0.804227 0.480817
vn -0.245454 0.908635 -0.337837
vn -0.245454 0.908635 -0.337837
vn -0.245454 0.908635 -0.337837
vn -0.245454 0.908635 -0.337837
vn 0.565234 -0.804227 0.183655
vn 0.565234 -0.804227 0.183655
vn 0.565234 -0.804227 0.183655
vn 0.565234 -0.804227 0.183655
vn -0.397154 0.908634 -0.129043
vn -0.397154 0.908634 -0.129043
vn -0.397154 0.908634 -0.129043
vn -0.397154 0.908634 -0.129043
vn 0.565233 -0.804228 -0.183656
vn 0.565233 -0.804228 -0.183656
vn 0.565233 -0.804228 -0.183656
vn 0.565233 -0.804228 -0.183656
vn -0.397155 0.908634 0.129042
vn -0.397155 0.908634 0.129042
vn -0.397155 0.908634 0.129042
vn -0.397155 0.908634 0.129042
vn 0.349333 -0.804228 -0.480815
vn 0.349333 -0.804228 -0.480815
vn 0.349333 -0.804229 -0.480815
vn 0.349333 -0.804228 -0.480815
vn -0.245455 0.908635 0.337839
vn -0.245455 0.908635 0.337839
vn -0.245455 0.908635 0.337839
vn -0.245455 0.908635 0.337839
vn 0.000000 -0.804228 -0.594321
vn 0.000000 -0.804228 -0.594321
vn 0.000000 -0.804228 -0.594320
vn 0.000000 -0.804228 -0.594320
vn 0.000000 0.908635 0.417592
vn 0.000000 0.908635 0.417592
vn 0.000000 0.908635 0.417592
vn 0.000000 0.908635 0.417592
vn -0.349334 -0.804227 -0.480817
vn -0.349334 -0.804227 -0.480817
vn -0.349334 -0.804227 -0.480817
vn -0.349334 -0.804227 -0.480817
vn 0.245454 0.908635 0.337839
vn 0.245454 0.908635 0.337839
vn 0.245454 0.908635 0.337839
vn 0.245454 0.908635 0.337839
vn -0.565232 -0.804229 -0.183655
vn -0.565232 -0.804229 -0.183655
vn -0.565232 -0.804229 -0.183655
vn -0.565232 -0.804229 -0.183655
vn 0.397152 0.908636 0.129042
vn 0.397152 0.908636 0.129042
vn 0.397152 0.908636 0.129042
vn 0.397152 0.908636 0.129042
vn -0.565232 -0.804228 0.183656
vn -0.565232 -0.804229 0.183656
vn -0.565232 -0.804229 0.183656
vn -0.565232 -0.804228 0.183656
vn 0.397153 0.908635 -0.129043
vn 0.397153 0.908635 -0.129043
vn 0.397153 0.908635 -0.129043
vn 0.397153 0.908635 -0.129043
vn 0.368173 -0.922029 -0.119627
vn 0.368173 -0.922029 -0.119627
vn 0.368173 -0.922029 -0.119627
vn 0.368173 -0.922029 -0.119627
vn -0.547640 0.812224 0.200952
vn -0.547640 0.812224 0.200952
vn -0.547640 0.812224 0.200952
vn -0.547640 0.812224 0.200952
vn 0.368172 -0.922030 0.119626
vn 0.368172 -0.922030 0.119626
vn 0.368172 -0.922030 0.119626
vn 0.368172 -0.922030 0.119626
vn -0.550049 0.815785 -0.178721
vn -0.550049 0.815785 -0.178721
vn -0.550049 0.815785 -0.178721
vn -0.550049 0.815785 -0.178721
vn 0.228851 -0.922265 0.311535
vn 0.228851 -0.922265 0.311535
vn 0.228851 -0.922265 0.311535
vn 0.228851 -0.922265 0.311535
vn -0.342632 0.816383 -0.464890
vn -0.342632 0.816383 -0.464890
vn -0.342632 0.816383 -0.464890
vn -0.342632 0.816383 -0.464890
vn -0.002029 -0.922263 0.386558
vn -0.002029 -0.922263 0.386558
vn -0.002029 -0.922263 0.386558
vn -0.002029 -0.922263 0.386558
vn 0.003941 0.816384 -0.577497
vn 0.003941 0.816384 -0.577496
vn 0.003941 0.816384 -0.577496
vn 0.003941 0.816384 -0.577496
vn -0.227544 -0.922028 0.313190
vn -0.227544 -0.922028 0.313190
vn -0.227544 -0.922028 0.313190
vn -0.227544 -0.922028 0.313190
vn 0.339950 0.815787 -0.467896
vn 0.339950 0.815786 -0.467896
vn 0.339950 0.815787 -0.467896
vn 0.339950 0.815786 -0.467896
vn -0.368172 -0.922030 0.119627
vn -0.368172 -0.922030 0.119627
vn -0.368172 -0.922030 0.119627
vn -0.368172 -0.922030 0.119627
vn 0.550050 0.815784 -0.178721
vn 0.550050 0.815784 -0.178721
vn 0.550050 0.815784 -0.178721
vn 0.550050 0.815784 -0.178721
vn -0.369117 -0.924405 -0.096063
vn -0.369117 -0.924405 -0.096063
vn -0.369117 -0.924405 -0.096063
vn -0.369117 -0.924405 -0.096063
vn 0.552190 0.818954 0.156208
vn 0.552190 0.818954 0.156208
vn 0.552190 0.818954 0.156208
vn 0.552190 0.818954 0.156208
vn -0.220124 -0.927228 -0.302975
vn -0.220124 -0.927228 -0.302975
vn -0.220124 -0.927228 -0.302975
vn -0.220124 -0.927228 -0.302975
vn 0.334291 0.822523 0.460115
vn 0.334291 0.822523 0.460115
vn 0.334291 0.822523 0.460115
vn 0.334291 0.822523 0.460115
vn 0.000000 -0.927227 -0.374501
vn 0.000000 -0.927227 -0.374501
vn 0.000000 -0.927227 -0.374501
vn 0.000000 -0.927227 -0.374501
vn 0.000000 0.822523 0.568732
vn 0.000000 0.822523 0.568732
vn 0.000000 0.822523 0.568732
vn 0.000000 0.822523 0.568732
vn 0.242159 -0.924406 -0.294675
vn 0.242159 -0.924406 -0.294675
vn 0.242159 -0.924406 -0.294675
vn 0.242159 -0.924406 -0.294675
vn -0.375160 0.815004 0.441616
vn -0.375160 0.815004 0.441616
vn -0.375160 0.815004 0.441616
vn -0.375160 0.815004 0.441616
vn 0.945801 0.104987 -0.307309
vn 0.945801 0.104987 -0.307309
vn 0.945801 0.104987 -0.307309
vn 0.945801 0.104987 -0.307309
vn 0.945801 0.104987 0.307309
vn 0.945801 0.104987 0.307309
vn 0.945801 0.104987 0.307309
vn 0.945801 0.104987 0.307309
vn 0.584383 0.105067 0.804648
vn 0.584383 0.105067 0.804648
vn 0.584383 0.105067 0.804648
vn 0.584383 0.105067 0.804648
vn 0.000186 0.105067 0.994465
vn 0.000186 0.105067 0.994465
vn 0.000186 0.105067 0.994465
vn 0.000186 0.105067 0.994465
vn -0.584537 0.104987 0.804546
vn -0.584537 0.104987 0.804546
vn -0.584537 0.104987 0.804546
vn -0.584537 0.104987 0.804546
vn -0.945801 0.104987 0.307309
vn -0.945801 0.104987 0.307309
vn -0.945801 0.104987 0.307309
vn -0.945801 0.104987 0.307309
vn -0.945066 0.105889 -0.309253
vn -0.945066 0.105889 -0.309253
vn -0.945066 0.105889 -0.309253
vn -0.945066 0.105889 -0.309253
vn -0.584424 0.106807 -0.804388
vn -0.584424 0.106807 -0.804388
vn -0.584424 0.106807 -0.804388
vn -0.584424 0.106807 -0.804388
vn 0.000000 0.106806 -0.994280
vn 0.000000 0.106806 -0.994280
vn 0.000000 0.106806 -0.994280
vn 0.000000 0.106806 -0.994280
vn 0.582801 0.105888 -0.805686
vn 0.582801 0.105888 -0.805686
vn 0.582801 0.105888 -0.805686
vn 0.582801 0.105888 -0.805686
vn 0.951001 -0.010817 -0.308999
vn 0.951001 -0.010817 -0.308999
vn 0.951001 -0.010817 -0.308999
vn 0.951001 -0.010817 -0.308999
vn 0.951001 -0.010817 0.308999
vn 0.951001 -0.010817 0.308999
vn 0.951001 -0.010817 0.308999
vn 0.951001 -0.010817 0.308999
vn 0.587761 -0.010826 0.808962
vn 0.587761 -0.010826 0.808962
vn 0.587761 -0.010826 0.808962
vn 0.587761 -0.010826 0.808962
vn -0.000013 -0.010825 0.999941
vn -0.000013 -0.010825 0.999941
vn -0.000013 -0.010825 0.999941
vn -0.000013 -0.010825 0.999941
vn -0.587750 -0.010817 0.808971
vn -0.587750 -0.010817 0.808971
vn -0.587750 -0.010817 0.808971
vn -0.587750 -0.010817 0.808971
vn -0.951001 -0.010817 0.309000
vn -0.951001 -0.010817 0.309000
vn -0.951001 -0.010817 0.309000
vn -0.951001 -0.010817 0.309000
vn -0.951045 -0.010917 -0.308859
vn -0.951045 -0.010917 -0.308859
vn -0.951045 -0.010917 -0.308859
vn -0.951045 -0.010917 -0.308859
vn -0.587751 -0.011016 -0.808967
vn -0.587751 -0.011016 -0.808967
vn -0.587751 -0.011016 -0.808967
vn -0.587751 -0.011016 -0.808967
vn 0.000000 -0.011013 -0.999939
vn 0.000000 -0.011013 -0.999939
vn 0.000000 -0.011013 -0.999939
vn 0.000000 -0.011013 -0.999939
vn 0.587868 -0.010914 -0.808883
vn 0.587868 -0.010914 -0.808883
vn 0.587868 -0.010914 -0.808883
vn 0.587868 -0.010914 -0.808883
vn -0.042511 -0.999001 0.013813
vn -0.042511 -0.999000 0.013813
vn -0.042511 -0.999000 0.013813
vn -0.042511 -0.999001 0.013813
vn -0.049915 0.998622 0.016219
vn -0.049915 0.998622 0.016219
vn -0.049915 0.998622 0.016219
vn -0.049915 0.998622 0.016219
vn -0.042512 -0.999000 -0.013813
vn -0.042512 -0.999001 -0.013813
vn -0.042512 -0.999000 -0.013813
vn -0.042512 -0.999000 -0.013813
vn -0.049915 0.998622 -0.016218
vn -0.049915 0.998622 -0.016218
vn -0.049915 0.998622 -0.016218
vn -0.049915 0.998622 -0.016218
vn -0.025604 -0.998984 -0.037075
vn -0.025604 -0.998984 -0.037075
vn -0.025604 -0.998984 -0.037075
vn -0.025604 -0.998984 -0.037075
vn -0.031668 0.998643 -0.041350
vn -0.031668 0.998643 -0.041350
vn -0.031668 0.998643 -0.041350
vn -0.031668 0.998643 -0.041350
vn -0.001082 -0.998984 -0.045052
vn -0.001082 -0.998984 -0.045052
vn -0.001082 -0.998984 -0.045052
vn -0.001082 -0.998984 -0.045052
vn 0.001325 0.998644 -0.052052
vn 0.001325 0.998644 -0.052052
vn 0.001325 0.998644 -0.052052
vn 0.001325 0.998644 -0.052052
vn 0.026274 -0.999000 -0.036167
vn 0.026274 -0.999000 -0.036167
vn 0.026274 -0.999000 -0.036167
vn 0.026274 -0.999000 -0.036167
vn 0.030849 0.998622 -0.042465
vn 0.030849 0.998622 -0.042465
vn 0.030849 0.998622 -0.042465
vn 0.030849 0.998622 -0.042465
vn 0.042512 -0.999000 -0.013817
vn 0.042512 -0.999000 -0.013817
vn 0.042512 -0.999000 -0.013817
vn 0.042512 -0.999000 -0.013817
vn 0.049915 0.998622 -0.016217
vn 0.049915 0.998622 -0.016217
vn 0.049915 0.998622 -0.016217
vn 0.049915 0.998622 -0.016217
vn 0.042503 -0.998744 0.026517
vn 0.042503 -0.998744 0.026517
vn 0.042503 -0.998744 0.026517
vn 0.042503 -0.998744 0.026517
vn 0.049922 0.998753 0.000665
vn 0.049922 0.998753 0.000665
vn 0.049922 0.998753 0.000665
vn 0.049922 0.998753 0.000665
vn 0.030881 -0.998619 0.042501
vn 0.030881 -0.998619 0.042501
vn 0.030881 -0.998619 0.042501
vn 0.030881 -0.998619 0.042501
vn 0.025210 0.999080 0.034693
vn 0.025210 0.999080 0.034693
vn 0.025210 0.999080 0.034693
vn 0.025210 0.999080 0.034693
vn 0.000000 -0.998619 0.052530
vn 0.000000 -0.998619 0.052530
vn 0.000000 -0.998619 0.052530
vn 0.000000 -0.998619 0.052530
vn 0.000000 0.999080 0.042887
vn 0.000000 0.999080 0.042887
vn 0.000000 0.999080 0.042887
vn 0.000000 0.999080 0.042887
vn -0.018801 -0.998744 0.046447
vn -0.018801 -0.998744 0.046447
vn -0.018801 -0.998744 0.046447
vn -0.018801 -0.998744 0.046447
vn -0.039998 0.998753 0.029878
vn -0.039998 0.998753 0.029878
vn -0.039998 0.998753 0.029878
vn -0.039998 0.998753 0.029878
s off
g Nut1:Nut Nut1:Barrel
usemtl lambert64SG
f 3402/5176/9725 3403/5177/9726 3413/5178/9727 3412/5179/9728
f 3403/5177/9729 3404/5180/9730 3414/5181/9731 3413/5178/9732
f 3404/5180/9733 3405/5182/9734 3415/5183/9735 3414/5181/9736
f 3405/5184/9737 3406/5185/9738 3416/5186/9739 3415/5187/9740
f 3406/5185/9741 3407/5188/9742 3417/5189/9743 3416/5186/9744
f 3407/5188/9745 3408/5190/9746 3418/5191/9747 3417/5189/9748
f 3408/5190/9749 3409/5192/9750 3419/5193/9751 3418/5191/9752
f 3409/5192/9753 3410/5194/9754 3420/5195/9755 3419/5193/9756
f 3410/5194/9757 3411/5196/9758 3421/5197/9759 3420/5195/9760
f 3411/5196/9761 3402/5176/9762 3412/5179/9763 3421/5197/9764
f 3482/5198/9765 3483/5199/9766 3484/5200/9767 3485/5201/9768
f 3483/5199/9769 3486/5202/9770 3487/5203/9771 3484/5200/9772
f 3486/5202/9773 3488/5204/9774 3489/5205/9775 3487/5203/9776
f 3488/5206/9777 3490/5207/9778 3491/5208/9779 3489/5209/9780
f 3490/5207/9781 3492/5210/9782 3493/5211/9783 3491/5208/9784
f 3492/5210/9785 3494/5212/9786 3495/5213/9787 3493/5211/9788
f 3494/5212/9789 3496/5214/9790 3497/5215/9791 3495/5213/9792
f 3496/5214/9793 3498/5216/9794 3499/5217/9795 3497/5215/9796
f 3498/5216/9797 3500/5218/9798 3501/5219/9799 3499/5217/9800
f 3500/5218/9801 3482/5198/9802 3485/5201/9803 3501/5219/9804
f 3422/5220/9805 3423/5221/9806 3541/5222/9807 3532/5223/9808
f 3423/5221/9809 3424/5224/9810 3540/5225/9811 3541/5222/9812
f 3424/5224/9813 3425/5226/9814 3539/5227/9815 3540/5225/9816
f 3425/5228/9817 3426/5229/9818 3538/5230/9819 3539/5231/9820
f 3426/5229/9821 3427/5232/9822 3537/5233/9823 3538/5230/9824
f 3427/5232/9825 3428/5234/9826 3536/5235/9827 3537/5233/9828
f 3428/5234/9829 3429/5236/9830 3535/5237/9831 3536/5235/9832
f 3429/5236/9833 3430/5238/9834 3534/5239/9835 3535/5237/9836
f 3430/5238/9837 3431/5240/9838 3533/5241/9839 3534/5239/9840
f 3431/5240/9841 3422/5220/9842 3532/5223/9843 3533/5241/9844
f 3432/5242/9845 3433/5243/9846 3443/5244/9847 3442/5245/9848
f 3433/5243/9849 3434/5246/9850 3444/5247/9851 3443/5244/9852
f 3434/5246/9853 3435/5248/9854 3445/5249/9855 3444/5247/9856
f 3435/5250/9857 3436/5251/9858 3446/5252/9859 3445/5253/9860
f 3436/5251/9861 3437/5254/9862 3447/5255/9863 3446/5252/9864
f 3437/5254/9865 3438/5256/9866 3448/5257/9867 3447/5255/9868
f 3438/5256/9869 3439/5258/9870 3449/5259/9871 3448/5257/9872
f 3439/5258/9873 3440/5260/9874 3450/5261/9875 3449/5259/9876
f 3440/5260/9877 3441/5262/9878 3451/5263/9879 3450/5261/9880
f 3441/5262/9881 3432/5242/9882 3442/5245/9883 3451/5263/9884
f 3442/5245/9885 3443/5244/9886 3453/5264/9887 3452/5265/9888
f 3443/5244/9889 3444/5247/9890 3454/5266/9891 3453/5264/9892
f 3444/5247/9893 3445/5249/9894 3455/5267/9895 3454/5266/9896
f 3445/5253/9897 3446/5252/9898 3456/5268/9899 3455/5269/9900
f 3446/5252/9901 3447/5255/9902 3457/5270/9903 3456/5268/9904
f 3447/5255/9905 3448/5257/9906 3458/5271/9907 3457/5270/9908
f 3448/5257/9909 3449/5259/9910 3459/5272/9911 3458/5271/9912
f 3449/5259/9913 3450/5261/9914 3460/5273/9915 3459/5272/9916
f 3450/5261/9917 3451/5263/9918 3461/5274/9919 3460/5273/9920
f 3451/5263/9921 3442/5245/9922 3452/5265/9923 3461/5274/9924
f 3452/5275/9925 3453/5276/9926 3463/5277/9927 3462/5278/9928
f 3453/5276/9929 3454/5279/9930 3464/5280/9931 3463/5277/9932
f 3454/5279/9933 3455/5281/9934 3465/5282/9935 3464/5280/9936
f 3455/5283/9937 3456/5284/9938 3466/5285/9939 3465/5286/9940
f 3456/5284/9941 3457/5287/9942 3467/5288/9943 3466/5285/9944
f 3457/5287/9945 3458/5289/9946 3468/5290/9947 3467/5288/9948
f 3458/5289/9949 3459/5291/9950 3469/5292/9951 3468/5290/9952
f 3459/5291/9953 3460/5293/9954 3470/5294/9955 3469/5292/9956
f 3460/5293/9957 3461/5295/9958 3471/5296/9959 3470/5294/9960
f 3461/5295/9961 3452/5275/9962 3462/5278/9963 3471/5296/9964
f 3503/5297/9965 3502/5298/9966 3504/5299/9967 3505/5300/9968
f 3506/5301/9969 3503/5297/9970 3505/5300/9971 3507/5302/9972
f 3508/5303/9973 3506/5301/9974 3507/5302/9975 3509/5304/9976
f 3510/5305/9977 3508/5303/9978 3509/5304/9979 3511/5306/9980
f 3512/5307/9981 3510/5305/9982 3511/5306/9983 3513/5308/9984
f 3514/5309/9985 3512/5307/9986 3513/5308/9987 3515/5310/9988
f 3516/5311/9989 3514/5309/9990 3515/5310/9991 3517/5312/9992
f 3518/5313/9993 3516/5314/9994 3517/5315/9995 3519/5316/9996
f 3520/5317/9997 3518/5313/9998 3519/5316/9999 3521/5318/10000
f 3502/5298/10001 3520/5317/10002 3521/5318/10003 3504/5299/10004
f 3412/5319/10005 3413/5320/10006 3483/5199/10007 3482/5198/10008
f 3423/5321/10009 3422/5322/10010 3485/5201/10011 3484/5200/10012
f 3413/5320/10013 3414/5323/10014 3486/5202/10015 3483/5199/10016
f 3424/5324/10017 3423/5321/10018 3484/5200/10019 3487/5203/10020
f 3414/5323/10021 3415/5325/10022 3488/5204/10023 3486/5202/10024
f 3425/5326/10025 3424/5324/10026 3487/5203/10027 3489/5205/10028
f 3415/5327/10029 3416/5328/10030 3490/5207/10031 3488/5206/10032
f 3426/5329/10033 3425/5330/10034 3489/5209/10035 3491/5208/10036
f 3416/5328/10037 3417/5331/10038 3492/5210/10039 3490/5207/10040
f 3427/5332/10041 3426/5329/10042 3491/5208/10043 3493/5211/10044
f 3417/5331/10045 3418/5333/10046 3494/5212/10047 3492/5210/10048
f 3428/5334/10049 3427/5332/10050 3493/5211/10051 3495/5213/10052
f 3418/5333/10053 3419/5335/10054 3496/5214/10055 3494/5212/10056
f 3429/5336/10057 3428/5334/10058 3495/5213/10059 3497/5215/10060
f 3419/5335/10061 3420/5337/10062 3498/5216/10063 3496/5214/10064
f 3430/5338/10065 3429/5336/10066 3497/5215/10067 3499/5217/10068
f 3420/5337/10069 3421/5339/10070 3500/5218/10071 3498/5216/10072
f 3431/5340/10073 3430/5338/10074 3499/5217/10075 3501/5219/10076
f 3421/5339/10077 3412/5319/10078 3482/5198/10079 3500/5218/10080
f 3422/5322/10081 3431/5340/10082 3501/5219/10083 3485/5201/10084
f 3473/5341/10085 3472/5342/10086 3502/5298/10087 3503/5297/10088
f 3432/5343/10089 3441/5344/10090 3505/5300/10091 3504/5299/10092
f 3474/5345/10093 3473/5341/10094 3503/5297/10095 3506/5301/10096
f 3441/5344/10097 3440/5346/10098 3507/5302/10099 3505/5300/10100
f 3475/5347/10101 3474/5345/10102 3506/5301/10103 3508/5303/10104
f 3440/5346/10105 3439/5348/10106 3509/5304/10107 3507/5302/10108
f 3476/5349/10109 3475/5347/10110 3508/5303/10111 3510/5305/10112
f 3439/5348/10113 3438/5350/10114 3511/5306/10115 3509/5304/10116
f 3477/5351/10117 3476/5349/10118 3510/5305/10119 3512/5307/10120
f 3438/5350/10121 3437/5352/10122 3513/5308/10123 3511/5306/10124
f 3478/5353/10125 3477/5351/10126 3512/5307/10127 3514/5309/10128
f 3437/5352/10129 3436/5354/10130 3515/5310/10131 3513/5308/10132
f 3479/5355/10133 3478/5353/10134 3514/5309/10135 3516/5311/10136
f 3436/5354/10137 3435/5356/10138 3517/5312/10139 3515/5310/10140
f 3480/5357/10141 3479/5358/10142 3516/5314/10143 3518/5313/10144
f 3435/5359/10145 3434/5360/10146 3519/5316/10147 3517/5315/10148
f 3481/5361/10149 3480/5357/10150 3518/5313/10151 3520/5317/10152
f 3434/5360/10153 3433/5362/10154 3521/5318/10155 3519/5316/10156
f 3472/5342/10157 3481/5361/10158 3520/5317/10159 3502/5298/10160
f 3433/5362/10161 3432/5343/10162 3504/5299/10163 3521/5318/10164
f 3523/5363/10165 3522/5364/10166 3472/5365/10167 3473/5366/10168
f 3524/5367/10169 3523/5363/10170 3473/5366/10171 3474/5368/10172
f 3525/5369/10173 3524/5367/10174 3474/5368/10175 3475/5370/10176
f 3526/5371/10177 3525/5369/10178 3475/5370/10179 3476/5372/10180
f 3527/5373/10181 3526/5371/10182 3476/5372/10183 3477/5374/10184
f 3528/5375/10185 3527/5373/10186 3477/5374/10187 3478/5376/10188
f 3529/5377/10189 3528/5375/10190 3478/5376/10191 3479/5378/10192
f 3530/5379/10193 3529/5380/10194 3479/5381/10195 3480/5382/10196
f 3531/5383/10197 3530/5379/10198 3480/5382/10199 3481/5384/10200
f 3522/5364/10201 3531/5383/10202 3481/5384/10203 3472/5365/10204
f 3543/5385/10205 3542/5386/10206 3544/5387/10207 3545/5388/10208
f 3546/5389/10209 3543/5385/10210 3545/5388/10211 3547/5390/10212
f 3548/5391/10213 3546/5389/10214 3547/5390/10215 3549/5392/10216
f 3550/5393/10217 3548/5391/10218 3549/5392/10219 3551/5394/10220
f 3552/5395/10221 3550/5393/10222 3551/5394/10223 3553/5396/10224
f 3554/5397/10225 3552/5395/10226 3553/5396/10227 3555/5398/10228
f 3556/5399/10229 3554/5397/10230 3555/5398/10231 3557/5400/10232
f 3558/5401/10233 3556/5402/10234 3557/5403/10235 3559/5404/10236
f 3560/5405/10237 3558/5401/10238 3559/5404/10239 3561/5406/10240
f 3542/5386/10241 3560/5405/10242 3561/5406/10243 3544/5387/10244
f 3533/5407/10245 3532/5408/10246 3542/5386/10247 3543/5385/10248
f 3522/5409/10249 3523/5410/10250 3545/5388/10251 3544/5387/10252
f 3534/5411/10253 3533/5407/10254 3543/5385/10255 3546/5389/10256
f 3523/5410/10257 3524/5412/10258 3547/5390/10259 3545/5388/10260
f 3535/5413/10261 3534/5411/10262 3546/5389/10263 3548/5391/10264
f 3524/5412/10265 3525/5414/10266 3549/5392/10267 3547/5390/10268
f 3536/5415/10269 3535/5413/10270 3548/5391/10271 3550/5393/10272
f 3525/5414/10273 3526/5416/10274 3551/5394/10275 3549/5392/10276
f 3537/5417/10277 3536/5415/10278 3550/5393/10279 3552/5395/10280
f 3526/5416/10281 3527/5418/10282 3553/5396/10283 3551/5394/10284
f 3538/5419/10285 3537/5417/10286 3552/5395/10287 3554/5397/10288
f 3527/5418/10289 3528/5420/10290 3555/5398/10291 3553/5396/10292
f 3539/5421/10293 3538/5419/10294 3554/5397/10295 3556/5399/10296
f 3528/5420/10297 3529/5422/10298 3557/5400/10299 3555/5398/10300
f 3540/5423/10301 3539/5424/10302 3556/5402/10303 3558/5401/10304
f 3529/5425/10305 3530/5426/10306 3559/5404/10307 3557/5403/10308
f 3541/5427/10309 3540/5423/10310 3558/5401/10311 3560/5405/10312
f 3530/5426/10313 3531/5428/10314 3561/5406/10315 3559/5404/10316
f 3532/5408/10317 3541/5427/10318 3560/5405/10319 3542/5386/10320
f 3531/5428/10321 3522/5409/10322 3544/5387/10323 3561/5406/10324
