#File written by LIBUNFOLD3D. Compilation :Dec 22 2011,11:53:02
mtllib Fireplace.mtl
#begin vertices
v -1.2836829999999999 -1.192893 2.2366470000000001
v -0.99072000000000005 -1.192893 2.237317
v -0.55937800000000004 -1.192893 2.237317
v -0.063721 -1.192893 2.237317
v 0.43193700000000002 -1.192893 2.237317
v 0.92759499999999995 -1.192893 2.237317
v -0.79735199999999995 -0.32519700000000001 1.9382919999999999
v -0.55056899999999998 -0.32519700000000001 1.9382919999999999
v -0.27279300000000001 -0.32519700000000001 1.9382919999999999
v 0.122735 -0.32519700000000001 1.9382919999999999
v 0.51826399999999995 -0.32519700000000001 1.9382919999999999
v 0.91379299999999997 -0.32519700000000001 1.9382919999999999
v -0.79735199999999995 0.44508700000000001 1.8055270000000001
v -0.55056899999999998 0.44508700000000001 1.8055270000000001
v -0.27279300000000001 0.44508700000000001 1.8055270000000001
v 0.122735 0.44508700000000001 1.8055270000000001
v 0.51826399999999995 0.44508700000000001 1.8055270000000001
v 0.91379299999999997 0.44508700000000001 1.8055270000000001
v -0.79735199999999995 0.97058699999999998 1.8783879999999999
v -0.55056899999999998 0.97058699999999998 1.8783879999999999
v -0.27279300000000001 0.97058699999999998 1.8783879999999999
v 0.122735 0.97058699999999998 1.8783879999999999
v 0.51826399999999995 0.97058699999999998 1.8783879999999999
v 0.91379299999999997 0.97058699999999998 1.8783879999999999
v -0.79735199999999995 1.6259870000000001 1.942299
v -0.55056899999999998 1.6259870000000001 1.942299
v -0.27279300000000001 1.6259870000000001 1.942299
v 0.122735 1.6259870000000001 1.942299
v 0.51826399999999995 1.6259870000000001 1.942299
v 0.91379299999999997 1.6259870000000001 1.942299
v -0.79735199999999995 1.6259870000000001 1.165381
v 0.91379299999999997 1.6259870000000001 1.165381
v -0.79735100000000003 1.6259870000000001 0.38846000000000003
v 0.91379299999999997 1.6259870000000001 0.38846000000000003
v -0.79735199999999995 1.6259870000000001 -0.38846000000000003
v 0.91379299999999997 1.6259870000000001 -0.38846000000000003
v -0.79735199999999995 1.6259870000000001 -1.165381
v 0.91379299999999997 1.6259870000000001 -1.165381
v -0.79735100000000003 1.6259870000000001 -1.942299
v -0.55056899999999998 1.6259870000000001 -1.942299
v -0.27279300000000001 1.6259870000000001 -1.942299
v 0.122735 1.6259870000000001 -1.942299
v 0.51826399999999995 1.6259870000000001 -1.942299
v 0.91379299999999997 1.6259870000000001 -1.942299
v -0.79735100000000003 0.97058699999999998 -1.8783879999999999
v -0.55056899999999998 0.97058699999999998 -1.8783879999999999
v -0.27279300000000001 0.97058699999999998 -1.8783879999999999
v 0.122735 0.97058699999999998 -1.8783879999999999
v 0.51826399999999995 0.97058699999999998 -1.8783879999999999
v 0.91379299999999997 0.97058699999999998 -1.8783879999999999
v -0.79735199999999995 0.44508700000000001 -1.8055270000000001
v -0.55056899999999998 0.44508700000000001 -1.8055270000000001
v -0.27279300000000001 0.44508700000000001 -1.8055270000000001
v 0.122735 0.44508700000000001 -1.8055270000000001
v 0.51826399999999995 0.44508700000000001 -1.8055270000000001
v 0.91379299999999997 0.44508700000000001 -1.8055270000000001
v -0.79735100000000003 -0.32519700000000001 -1.9382919999999999
v -0.55056899999999998 -0.32519700000000001 -1.9382919999999999
v -0.27279300000000001 -0.32519700000000001 -1.9382919999999999
v 0.122735 -0.32519700000000001 -1.9382919999999999
v 0.51826399999999995 -0.32519700000000001 -1.9382919999999999
v 0.91379299999999997 -0.32519700000000001 -1.9382919999999999
v -1.2836829999999999 -1.192893 -2.2366470000000001
v -0.99072000000000005 -1.192893 -2.237317
v -0.55937800000000004 -1.192893 -2.237317
v -0.063721 -1.192893 -2.237317
v 0.43193700000000002 -1.192893 -2.237317
v 0.92759499999999995 -1.192893 -2.237317
v 0.91379299999999997 -1.2050149999999999 -1.165381
v 0.91379299999999997 -1.2050149999999999 1.165381
v 0.91379299999999997 -0.32519700000000001 -1.165381
v 0.91379299999999997 -0.32519700000000001 1.165381
v 0.91379299999999997 0.32519700000000001 -1.165381
v 0.91379299999999997 0.32519700000000001 1.165381
v 0.91379299999999997 0.705982 -1.165381
v 0.91379299999999997 0.97559200000000001 -0.38846000000000003
v 0.91379299999999997 0.97559200000000001 0.38846000000000003
v 0.91379299999999997 0.705982 1.165381
v -1.3082279999999999 -1.1990289999999999 -1.268588
v -1.51162 -1.192893 -0.29011999999999999
v -1.51162 -1.192893 0.29011999999999999
v -1.3082279999999999 -1.1990289999999999 1.268588
v -1.205856 -0.32519700000000001 -1.0797760000000001
v -1.205856 -0.32519700000000001 1.0797760000000001
v -1.1325099999999999 0.27749499999999999 -1.050503
v -1.1325099999999999 0.27749499999999999 1.050503
v -1.1346480000000001 0.86377700000000002 -0.35016700000000001
v -1.1346480000000001 0.86377700000000002 0.35016700000000001
v 0.72932200000000003 -1.250213 -0.38846000000000003
v 0.72932200000000003 -1.250213 0.38846000000000003
v 0.773146 -1.250213 1.165381
v 0.773146 -0.32519700000000001 1.165381
v 0.773146 0.32519700000000001 1.165381
v 0.773146 0.97559200000000001 0.38846000000000003
v 0.773146 0.97559200000000001 -0.38846000000000003
v 0.773146 0.32519700000000001 -1.165381
v 0.773146 -0.32519700000000001 -1.165381
v 0.773146 -1.250213 -1.165381
v -1.036951 1.707538 2.0720079999999998
v -0.78977399999999998 1.707538 2.0720079999999998
v -0.99762499999999998 1.658037 1.3512439999999999
v -0.46673799999999999 1.707538 2.0720079999999998
v -0.010172 1.707538 2.0720079999999998
v 0.45063199999999998 1.707538 2.0720079999999998
v 0.911435 1.707538 2.0720079999999998
v 0.911435 1.7311529999999999 1.3512439999999999
v -0.97415399999999996 1.658037 0.45041500000000001
v 0.911435 1.7311529999999999 0.45041500000000001
v -0.97415399999999996 1.658037 -0.45041500000000001
v 0.911435 1.7311529999999999 -0.45041500000000001
v -0.99762499999999998 1.658037 -1.3512439999999999
v 0.911435 1.7311529999999999 -1.3512439999999999
v -0.78977399999999998 1.707538 -2.0720079999999998
v -1.036951 1.707538 -2.0720079999999998
v -0.46673799999999999 1.707538 -2.0720079999999998
v -0.010172 1.707538 -2.0720079999999998
v 0.45063199999999998 1.707538 -2.0720079999999998
v 0.911435 1.707538 -2.0720079999999998
v -1.150617 1.799865 2.1843300000000001
v -0.75888699999999998 1.799865 2.1843300000000001
v -1.226394 1.799865 1.3105979999999999
v -0.45869500000000002 1.799865 2.1843300000000001
v -0.017101999999999999 1.799865 2.1843300000000001
v 0.42984 1.799865 2.1843300000000001
v 1 1.799865 2.1843300000000001
v 1 1.799865 1.3105979999999999
v -1.1525529999999999 1.799865 0.43686599999999998
v 1 1.799865 0.43686599999999998
v -1.1525529999999999 1.799865 -0.43686599999999998
v 1 1.799865 -0.43686599999999998
v -1.226394 1.799865 -1.3105979999999999
v 1 1.799865 -1.3105979999999999
v -0.75888699999999998 1.799865 -2.1843300000000001
v -1.150617 1.799865 -2.1843300000000001
v -0.45869500000000002 1.799865 -2.1843300000000001
v -0.017101999999999999 1.799865 -2.1843300000000001
v 0.42984 1.799865 -2.1843300000000001
v 1 1.799865 -2.1843300000000001
v -1.1816819999999999 1.9127989999999999 2.1843300000000001
v -0.79869400000000002 1.9127989999999999 2.1843300000000001
v -1.262518 1.9127989999999999 1.3105979999999999
v -0.46303499999999997 1.9127989999999999 2.1843300000000001
v -0.017101999999999999 1.9127989999999999 2.1843300000000001
v 0.42984 1.9127989999999999 2.1843300000000001
v 1 1.9127989999999999 2.1843300000000001
v 1 1.9127989999999999 1.3105979999999999
v -1.1913530000000001 1.9127989999999999 0.43686599999999998
v 1 1.9127989999999999 0.43686599999999998
v -1.1913530000000001 1.9127989999999999 -0.43686599999999998
v 1 1.9127989999999999 -0.43686599999999998
v -1.262518 1.9127989999999999 -1.3105979999999999
v 1 1.9127989999999999 -1.3105979999999999
v -0.79869400000000002 1.9127989999999999 -2.1843300000000001
v -1.1816819999999999 1.9127989999999999 -2.1843300000000001
v -0.46303499999999997 1.9127989999999999 -2.1843300000000001
v -0.017101999999999999 1.9127989999999999 -2.1843300000000001
v 0.42984 1.9127989999999999 -2.1843300000000001
v 1 1.9127989999999999 -2.1843300000000001
v -1.1117269999999999 1.9686349999999999 2.0991580000000001
v -0.80200800000000005 2.0046390000000001 2.1381929999999998
v -0.75723099999999999 2.0046390000000001 1.2829170000000001
v -1.1567590000000001 2.0046390000000001 1.2829170000000001
v -0.39071699999999998 2.0046390000000001 2.1381929999999998
v -0.39071699999999998 2.0046390000000001 1.2829170000000001
v 0.046785 2.0046390000000001 2.1381929999999998
v 0.046785 2.0046390000000001 1.2829170000000001
v 0.484288 2.0046390000000001 2.1381929999999998
v 0.484288 2.0046390000000001 1.2829170000000001
v 0.92179 2.0046390000000001 2.1381929999999998
v 0.92179 2.0046390000000001 1.2829170000000001
v -0.72416499999999995 2.0046390000000001 0.42763899999999999
v -1.140126 2.0046390000000001 0.42763899999999999
v -0.38915899999999998 2.0046390000000001 0.42763899999999999
v 0.046785 2.0046390000000001 0.42763899999999999
v 0.484288 2.0046390000000001 0.42763899999999999
v 0.92179 2.0046390000000001 0.42763899999999999
v -0.72416499999999995 2.0046390000000001 -0.42763899999999999
v -1.140126 2.0046390000000001 -0.42763899999999999
v -0.38915899999999998 2.0046390000000001 -0.42763899999999999
v 0.046785 2.0046390000000001 -0.42763899999999999
v 0.484288 2.0046390000000001 -0.42763899999999999
v 0.92179 2.0046390000000001 -0.42763899999999999
v -0.75723099999999999 2.0046390000000001 -1.2829170000000001
v -1.156666 2.0046390000000001 -1.2829170000000001
v -0.39071699999999998 2.0046390000000001 -1.2829170000000001
v 0.046785 2.0046390000000001 -1.2829170000000001
v 0.484288 2.0046390000000001 -1.2829170000000001
v 0.92179 2.0046390000000001 -1.2829170000000001
v -0.80200800000000005 2.0046390000000001 -2.1381929999999998
v -1.1116349999999999 1.9686349999999999 -2.0991580000000001
v -0.39071699999999998 2.0046390000000001 -2.1381929999999998
v 0.046785 2.0046390000000001 -2.1381929999999998
v 0.484288 2.0046390000000001 -2.1381929999999998
v 0.92179 2.0046390000000001 -2.1381929999999998
v -1.5807340000000001 -1.312913 2.3237269999999999
v -1.591861 -1.312913 1.293107
v -1.753865 -1.312913 0.235182
v -1.753865 -1.312913 -0.235182
v -1.591861 -1.312913 -1.293107
v -1.5807340000000001 -1.312913 -2.3237269999999999
v -1.0985579999999999 -1.312913 -2.351029
v -0.70252000000000003 -1.312913 -2.351029
v -0.16295499999999999 -1.312913 -2.351029
v 0.37661099999999997 -1.312913 -2.351029
v 0.91617599999999999 -1.312913 -2.351029
v 0.90115199999999995 -1.3007899999999999 -1.18625
v 0.90115199999999995 -1.3007899999999999 1.18625
v 0.91617599999999999 -1.312913 2.351029
v 0.37661099999999997 -1.312913 2.351029
v -0.16295499999999999 -1.312913 2.351029
v -0.70252000000000003 -1.312913 2.351029
v -1.0985579999999999 -1.312913 2.351029
v -1.0239940000000001 2.0046390000000001 -2.1381929999999998
v -1.1443369999999999 2.0046390000000001 -1.8816109999999999
v -1.0239940000000001 2.0046390000000001 2.1381929999999998
v -1.1443369999999999 2.0046390000000001 1.8816109999999999
v -1.2754019999999999 -1.1990289999999999 1.755387
v -0.90980799999999995 -0.32519700000000001 1.5538400000000001
v -0.79735199999999995 0.36635200000000001 1.4922869999999999
v -0.79735199999999995 0.84934399999999999 1.5329539999999999
v -1.2754019999999999 -1.1990289999999999 -1.755387
v -0.90980799999999995 -0.32519700000000001 -1.553839
v -0.79735199999999995 0.36635200000000001 -1.4922869999999999
v -0.79735199999999995 0.84934399999999999 -1.5329539999999999
v -0.79735199999999995 1.3007740000000001 -1.165381
v -0.79735199999999995 1.3007899999999999 -0.38846000000000003
v -0.79735199999999995 1.3007899999999999 0.38846000000000003
v -0.79735199999999995 1.3007740000000001 1.165381
v -1.1616649999999999 0.82610899999999998 0.83851500000000001
v -1.172893 0.73670999999999998 0.94992299999999996
v -1.172147 0.60291499999999998 1.0243629999999999
v -1.1591819999999999 0.44509199999999999 1.050503
v -0.79735199999999995 1.092228 1.5142409999999999
v -1.143891 0.85750199999999999 0.70710099999999998
v 0.773146 0.70955800000000002 0.77252699999999996
v 0.773146 0.51112199999999997 1.165381
v 0.773146 0.68620300000000001 1.136382
v 0.773146 0.83462999999999998 1.0538019999999999
v 0.773146 0.93380600000000002 0.93021100000000001
v 0.773146 0.96863100000000002 0.78442599999999996
v -0.79735199999999995 1.092228 -1.5142409999999999
v -1.1591830000000001 0.44509199999999999 -1.050503
v -1.172147 0.60291499999999998 -1.0243629999999999
v -1.172893 0.73670999999999998 -0.94992299999999996
v -1.1616649999999999 0.82610899999999998 -0.83851500000000001
v -1.143891 0.85750199999999999 -0.70710099999999998
v 0.773146 0.96863100000000002 -0.78442599999999996
v 0.773146 0.93380600000000002 -0.93021100000000001
v 0.773146 0.83462999999999998 -1.0538019999999999
v 0.773146 0.68620300000000001 -1.136382
v 0.773146 0.51112199999999997 -1.165381
v 0.773146 0.70955800000000002 -0.77252699999999996
v -1.116798 -0.32519700000000001 1.5538400000000001
v -1.205449 -0.32519700000000001 1.165381
v -1.0043409999999999 0.35533399999999998 1.5071270000000001
v -1.143086 0.32519700000000001 1.165381
v -1.0043409999999999 0.82037499999999997 1.5403389999999999
v -1.0043409999999999 1.0723510000000001 1.5142409999999999
v -1.1726749999999999 0.51112199999999997 1.165381
v -1.116798 -0.32519700000000001 -1.553839
v -1.205449 -0.32519700000000001 -1.165381
v -1.0043409999999999 0.35533399999999998 -1.5071270000000001
v -1.143086 0.32519700000000001 -1.165381
v -1.0043409999999999 0.82037400000000005 -1.5403389999999999
v -1.1726749999999999 0.51112199999999997 -1.165381
v -1.0043409999999999 1.0723510000000001 -1.5142409999999999
v -1.1454569999999999 0.97559200000000001 -0.38846000000000003
v -1.1454569999999999 0.97559200000000001 0.38846000000000003
v -1.0043409999999999 1.3007899999999999 0.38846000000000003
v -1.0043409999999999 1.3007899999999999 -0.38846000000000003
v -1.1557109999999999 0.96863100000000002 0.78442599999999996
v -1.0043409999999999 1.3007740000000001 1.165381
v -1.1557109999999999 0.96863100000000002 -0.78442599999999996
v -1.0043409999999999 1.3007740000000001 -1.165381
v -1.1754290000000001 0.93380600000000002 0.93021100000000001
v -1.035134 1.1381749999999999 1.165381
v -1.035134 0.98203700000000005 1.327963
v -1.1870579999999999 0.68620300000000001 1.136382
v -1.1878850000000001 0.83462999999999998 1.0538019999999999
v -1.11328 0.97559200000000001 1.165381
v -1.1870579999999999 0.68620300000000001 -1.136382
v -1.035128 0.98203700000000005 -1.327963
v -1.035128 1.1381749999999999 -1.165381
v -1.1754290000000001 0.93380600000000002 -0.93021100000000001
v -1.1878850000000001 0.83462999999999998 -1.0538019999999999
v -1.11328 0.97559200000000001 -1.165381
v -1.104473 -1.2041470000000001 -1.258267
v -1.012338 -0.32519700000000001 -1.088336
v -0.94632700000000003 0.28226499999999999 -1.0619909999999999
v -0.97033199999999997 0.45169500000000001 -1.0619909999999999
v -0.98200100000000001 0.61124299999999998 -1.0355650000000001
v -0.98267099999999996 0.746502 -0.96031100000000003
v -0.97256600000000004 0.83687900000000004 -0.84768500000000002
v -0.95657000000000003 0.86861500000000003 -0.71483399999999997
v -0.94825099999999996 0.87495800000000001 -0.35399700000000001
v -1.104473 -1.2041470000000001 1.2582679999999999
v -1.012338 -0.32519700000000001 1.088336
v -0.94632700000000003 0.28226499999999999 1.0619909999999999
v -0.97033199999999997 0.45169500000000001 1.0619909999999999
v -0.98199999999999998 0.61124299999999998 1.0355650000000001
v -0.98267099999999996 0.746502 0.96031100000000003
v -0.97256600000000004 0.83687900000000004 0.84768500000000002
v -0.95657000000000003 0.86861500000000003 0.71483399999999997
v -0.94825099999999996 0.87495800000000001 0.35399700000000001
v 0.73607199999999995 -1.1833009999999999 1.325509
v 0.73607199999999995 -0.352657 1.318611
v -1.238478 -1.130503 1.4319710000000001
v -1.1328769999999999 -0.352657 1.230307
v 0.73607199999999995 0.392793 1.25562
v -1.0572189999999999 0.343586 1.1373260000000001
v -1.0847329999999999 0.53777799999999998 1.1373260000000001
v 0.73607199999999995 0.61278200000000005 1.2558260000000001
v 0.73607199999999995 1.130266 0.81919500000000001
v 0.73607199999999995 1.138244 0.36535800000000002
v -1.068959 1.0156320000000001 0.73943199999999998
v -1.0594239999999999 1.022902 0.32585799999999998
v 0.73607199999999995 1.138244 -0.52510999999999997
v -1.0594239999999999 1.022902 -0.48560900000000001
v -1.098106 0.72064499999999998 1.107038
v 0.73607199999999995 0.80886999999999998 1.2225900000000001
v -1.098875 0.87567200000000001 1.0207850000000001
v 0.73607199999999995 0.97667999999999999 1.1279410000000001
v -1.0872930000000001 0.97925799999999996 0.89169900000000002
v 0.73607199999999995 1.0903499999999999 0.98628700000000002
v 0.73607199999999995 -0.352657 -1.3527929999999999
v 0.73607199999999995 -1.1833009999999999 -1.3458950000000001
v -1.1328769999999999 -0.352657 -1.2644880000000001
v -1.238478 -1.130503 -1.4523569999999999
v 0.73607199999999995 0.394034 -1.2796190000000001
v -1.0572189999999999 0.343586 -1.1622330000000001
v 0.73607199999999995 0.61770800000000003 -1.2807329999999999
v -1.0847329999999999 0.53777799999999998 -1.1622330000000001
v -1.0981069999999999 0.72064499999999998 -1.131945
v 0.73607199999999995 0.81205799999999995 -1.2474970000000001
v -1.098875 0.87567200000000001 -1.0456920000000001
v 0.73607199999999995 0.97667999999999999 -1.152847
v -1.0872930000000001 0.97925799999999996 -0.91660600000000003
v 0.73607199999999995 1.0903499999999999 -1.0111939999999999
v -1.068959 1.0156320000000001 -0.76433799999999996
v 0.73607199999999995 1.130266 -0.84410200000000002
v -1.578414 -1.3777600000000001 2.3302429999999998
v -1.589572 -1.3777600000000001 1.2967329999999999
v -1.75203 -1.3777600000000001 0.235841
v -1.75203 -1.3777600000000001 -0.235841
v -1.589572 -1.3777600000000001 -1.2967329999999999
v -1.578414 -1.3777600000000001 -2.3302429999999998
v -1.094886 -1.3777600000000001 -2.3576220000000001
v -0.69773700000000005 -1.3777600000000001 -2.3576220000000001
v -0.15665899999999999 -1.3777600000000001 -2.3576220000000001
v 0.38441999999999998 -1.3777600000000001 -2.3576220000000001
v 0.92549899999999996 -1.3777600000000001 -2.3576220000000001
v 0.91043099999999999 -1.3656029999999999 -1.1895770000000001
v 0.91043099999999999 -1.3656029999999999 1.1895770000000001
v 0.92549899999999996 -1.3777600000000001 2.3576220000000001
v 0.38441999999999998 -1.3777600000000001 2.3576220000000001
v -0.15665899999999999 -1.3777600000000001 2.3576220000000001
v -0.69773700000000005 -1.3777600000000001 2.3576220000000001
v -1.094886 -1.3777600000000001 2.3576220000000001
v -1.335636 -1.3267 -0.093146000000000007
v -1.3286389999999999 -1.1849339999999999 -0.090231000000000006
v -1.4048769999999999 -1.090022 -0.085922999999999999
v -1.342535 -1.0053620000000001 -0.096020999999999995
v -1.335987 -0.916933 -0.093293000000000001
v -1.3314079999999999 -0.82817200000000002 -0.091384999999999994
v -1.322972 -0.740004 -0.087870000000000004
v -1.3106169999999999 -0.65266500000000005 -0.082723000000000005
v -1.2954410000000001 -0.56611900000000004 -0.076399999999999996
v -1.2788390000000001 -0.48017900000000002 -0.069672999999999999
v -1.2633019999999999 -0.39458300000000002 -0.067270999999999997
v -1.2538499999999999 -0.30841600000000002 -0.071607000000000004
v -1.2924549999999999 -0.21465100000000001 -0.060858000000000002
v -1.22024 -0.142564 -0.077615000000000003
v -1.196083 -0.062880000000000005 -0.074423000000000003
v -1.1767240000000001 0.017069999999999998 -0.0688
v -1.3368180000000001 -1.326325 -0.16592199999999999
v -1.3956679999999999 -1.1795610000000001 -0.19044
v -1.4068639999999999 -1.0869800000000001 -0.195104
v -1.409127 -0.99468000000000001 -0.196047
v -1.4016690000000001 -0.90354900000000005 -0.19294
v -1.394566 -0.81267500000000004 -0.18998100000000001
v -1.3857969999999999 -0.72244200000000003 -0.18632799999999999
v -1.3731629999999999 -0.63353000000000004 -0.181064
v -1.357799 -0.54600300000000002 -0.17466300000000001
v -1.3411310000000001 -0.45973599999999998 -0.16783600000000001
v -1.327207 -0.37379400000000002 -0.16571
v -1.318336 -0.287607 -0.16964399999999999
v -1.304214 -0.20358399999999999 -0.17341799999999999
v -1.284727 -0.121755 -0.17471999999999999
v -1.2599880000000001 -0.042090000000000002 -0.171463
v -1.1772910000000001 0.022886 -0.141319
v -1.336282 -1.3263290000000001 -0.237981
v -1.326754 -1.182801 -0.234011
v -1.4048769999999999 -1.0858449999999999 -0.26656000000000002
v -1.3403560000000001 -1.000553 -0.239679
v -1.334908 -0.91049899999999995 -0.23740900000000001
v -1.330972 -0.82028699999999999 -0.23576900000000001
v -1.3224929999999999 -0.73096899999999998 -0.232236
v -1.310162 -0.64274200000000004 -0.227099
v -1.2950889999999999 -0.55562800000000001 -0.22081899999999999
v -1.27867 -0.46948099999999998 -0.214168
v -1.261781 -0.38429000000000002 -0.211204
v -1.2516659999999999 -0.29835899999999999 -0.21526300000000001
v -1.291226 -0.20189199999999999 -0.24076
v -1.218056 -0.13250700000000001 -0.221273
v -1.1945619999999999 -0.052587000000000002 -0.21835499999999999
v -1.176471 0.027706000000000001 -0.21326000000000001
v -1.321145 -1.3282700000000001 -0.41217300000000001
v -1.3063720000000001 -1.1836059999999999 -0.40601799999999999
v -1.389848 -1.0865629999999999 -0.40472200000000003
v -1.3192090000000001 -0.99979300000000004 -0.41136600000000001
v -1.317879 -0.908246 -0.41081200000000001
v -1.3145579999999999 -0.817048 -0.40942899999999999
v -1.3073889999999999 -0.72667499999999996 -0.40644200000000003
v -1.2969360000000001 -0.63724099999999995 -0.40208700000000003
v -1.283013 -0.54923299999999997 -0.39628600000000003
v -1.2668429999999999 -0.462673 -0.38954899999999998
v -1.2499 -0.37738500000000003 -0.38423099999999999
v -1.2361040000000001 -0.29242899999999999 -0.38416400000000001
v -1.2806599999999999 -0.196765 -0.37471900000000002
v -1.202494 -0.126577 -0.38600600000000002
v -1.1826810000000001 -0.045682 -0.38368099999999999
v -1.1645909999999999 0.034696999999999999 -0.37848500000000002
v -1.308721 -1.3298350000000001 -0.47927599999999998
v -1.3572 -1.1830609999999999 -0.49947399999999997
v -1.3677969999999999 -1.089758 -0.50388900000000003
v -1.370098 -0.99610600000000005 -0.50484700000000005
v -1.367666 -0.90248799999999996 -0.503834
v -1.365872 -0.808894 -0.50308699999999995
v -1.3594170000000001 -0.71630199999999999 -0.50039699999999998
v -1.3486720000000001 -0.62521099999999996 -0.495921
v -1.3345050000000001 -0.53595199999999998 -0.49001800000000001
v -1.318171 -0.44863199999999998 -0.483213
v -1.3011699999999999 -0.36314099999999999 -0.476294
v -1.2893570000000001 -0.27782099999999998 -0.47406500000000001
v -1.2758309999999999 -0.19378500000000001 -0.47333500000000001
v -1.2557469999999999 -0.111969 -0.47067799999999999
v -1.233951 -0.031438000000000001 -0.46626699999999999
v -1.154577 0.035368999999999998 -0.43861800000000001
v -1.2924150000000001 -1.3317479999999999 -0.54476199999999997
v -1.2740199999999999 -1.1870879999999999 -0.53709799999999996
v -1.3421149999999999 -1.0929009999999999 -0.60154300000000005
v -1.2891109999999999 -1.002966 -0.54338500000000001
v -1.2919069999999999 -0.91061499999999995 -0.54454999999999998
v -1.2902849999999999 -0.81864800000000004 -0.54387399999999997
v -1.2840199999999999 -0.72753100000000004 -0.54126399999999997
v -1.273461 -0.63774200000000003 -0.53686500000000004
v -1.2594510000000001 -0.54946700000000004 -0.53102799999999994
v -1.243222 -0.462779 -0.52426700000000004
v -1.2262580000000001 -0.37753300000000001 -0.51719899999999996
v -1.2094529999999999 -0.29333399999999998 -0.51168899999999995
v -1.2399290000000001 -0.19853100000000001 -0.56120400000000004
v -1.1758439999999999 -0.12748300000000001 -0.50611499999999998
v -1.1590389999999999 -0.045830000000000003 -0.502803
v -1.140949 0.034694000000000003 -0.49694500000000003
v -1.241868 -1.3364510000000001 -0.70158399999999999
v -1.2237709999999999 -1.1925129999999999 -0.69404500000000002
v -1.3086549999999999 -1.0965 -0.69595600000000002
v -1.2388220000000001 -1.0090079999999999 -0.70031500000000002
v -1.2415830000000001 -0.91686999999999996 -0.70146600000000003
v -1.2399169999999999 -0.82507699999999995 -0.70077199999999995
v -1.233603 -0.73413200000000001 -0.69814100000000001
v -1.2229969999999999 -0.644459 -0.69372199999999995
v -1.208947 -0.55632300000000001 -0.68786800000000003
v -1.1926909999999999 -0.46978399999999998 -0.68109600000000003
v -1.1757169999999999 -0.38469900000000001 -0.67402399999999996
v -1.1589130000000001 -0.30062699999999998 -0.66702300000000003
v -1.2061770000000001 -0.20367299999999999 -0.65326099999999998
v -1.1253029999999999 -0.13477500000000001 -0.65318399999999999
v -1.1084989999999999 -0.052996000000000001 -0.646787
v -1.0904069999999999 0.027736 -0.63966699999999999
v -1.215279 -1.338576 -0.76540600000000003
v -1.2621640000000001 -1.193249 -0.78493999999999997
v -1.2707839999999999 -1.1005199999999999 -0.78853099999999998
v -1.277018 -1.007063 -0.79112800000000005
v -1.2796019999999999 -0.91333900000000001 -0.79220500000000005
v -1.2777149999999999 -0.81995899999999999 -0.79141899999999998
v -1.271156 -0.727545 -0.788686
v -1.26031 -0.636629 -0.78416699999999995
v -1.2460560000000001 -0.54756499999999997 -0.77822899999999995
v -1.2296659999999999 -0.46048 -0.77139999999999997
v -1.212645 -0.37527300000000002 -0.76430900000000002
v -1.19584 -0.29127500000000001 -0.75730699999999995
v -1.1790350000000001 -0.20798800000000001 -0.75030600000000003
v -1.1622300000000001 -0.12542300000000001 -0.74330499999999999
v -1.1454260000000001 -0.043569999999999998 -0.73630300000000004
v -1.0638190000000001 0.023141999999999999 -0.70230400000000004
v -1.188688 -1.3407230000000001 -0.82922700000000005
v -1.1705909999999999 -1.1979219999999999 -0.82168799999999997
v -1.2317229999999999 -1.1050789999999999 -0.88061
v -1.185643 -1.0157050000000001 -0.82795799999999997
v -1.188404 -0.92415999999999998 -0.82910899999999998
v -1.1867380000000001 -0.83291599999999999 -0.82841500000000001
v -1.1804239999999999 -0.74246599999999996 -0.82578399999999996
v -1.169818 -0.65321600000000002 -0.82136500000000001
v -1.155767 -0.56545699999999999 -0.81551099999999999
v -1.1395109999999999 -0.47920699999999999 -0.80873899999999999
v -1.122538 -0.39433099999999999 -0.80166700000000002
v -1.1057330000000001 -0.31038500000000002 -0.79466599999999998
v -1.1292450000000001 -0.21768199999999999 -0.83791599999999999
v -1.0721240000000001 -0.14453299999999999 -0.780663
v -1.0553189999999999 -0.062628000000000003 -0.77366199999999996
v -1.037228 0.018376 -0.76612499999999994
v -1.1136520000000001 -1.3457190000000001 -0.97107900000000003
v -1.0945480000000001 -1.204834 -0.96311999999999998
v -1.171689 -1.111828 -0.995259
v -1.1091519999999999 -1.0252380000000001 -0.96920399999999995
v -1.1120209999999999 -0.934998 -0.97040000000000004
v -1.1107119999999999 -0.84496400000000005 -0.96985399999999999
v -1.1049800000000001 -0.755583 -0.96746600000000005
v -1.0951299999999999 -0.66721399999999997 -0.96336200000000005
v -1.081958 -0.58000200000000002 -0.95787500000000003
v -1.06656 -0.49399500000000002 -0.95145900000000005
v -1.049555 -0.40893000000000002 -0.94437499999999996
v -1.0323279999999999 -0.32497900000000002 -0.93719699999999995
v -1.0718559999999999 -0.228964 -0.95366600000000001
v -0.99871900000000002 -0.15912799999999999 -0.92319499999999999
v -0.98191399999999995 -0.077062000000000005 -0.91619300000000004
v -0.96382299999999999 0.0041700000000000001 -0.90865600000000002
v -1.071976 -1.3478330000000001 -1.0307630000000001
v -1.119489 -1.2062930000000001 -1.0505580000000001
v -1.130782 -1.115985 -1.0552630000000001
v -1.133365 -1.025361 -1.0563389999999999
v -1.1311800000000001 -0.93471099999999996 -1.055429
v -1.130085 -0.84387500000000004 -1.054972
v -1.124757 -0.75369299999999995 -1.052753
v -1.1157189999999999 -0.6643 -1.0489869999999999
v -1.1033470000000001 -0.57569099999999995 -1.043833
v -1.087941 -0.48863699999999999 -1.0374140000000001
v -1.0708329999999999 -0.403169 -1.030287
v -1.0585599999999999 -0.31798399999999999 -1.0251729999999999
v -1.0450349999999999 -0.23405699999999999 -1.0195380000000001
v -1.0249509999999999 -0.15213299999999999 -1.011171
v -1.003155 -0.071120000000000003 -1.0020899999999999
v -0.92378000000000005 -0.0038070000000000001 -0.96902100000000002
v -1.0258419999999999 -1.3497410000000001 -1.088589
v -1.0066569999999999 -1.2110209999999999 -1.0805959999999999
v -1.0845670000000001 -1.120255 -1.1130549999999999
v -1.0199069999999999 -1.034904 -1.086117
v -1.0204420000000001 -0.94670299999999996 -1.0863389999999999
v -1.021196 -0.85817299999999996 -1.086654
v -1.0175879999999999 -0.769957 -1.0851500000000001
v -1.0095179999999999 -0.68245800000000001 -1.081788
v -0.99744100000000002 -0.59583799999999998 -1.076756
v -0.98228400000000005 -0.51033799999999996 -1.0704419999999999
v -0.96534200000000003 -0.42585800000000001 -1.063383
v -0.95125700000000002 -0.34143899999999999 -1.057515
v -0.99129500000000004 -0.24513699999999999 -1.0741959999999999
v -0.91764699999999999 -0.17558799999999999 -1.043512
v -0.89772300000000005 -0.094100000000000003 -1.0352110000000001
v -0.87963199999999997 -0.012638999999999999 -1.027674
v -0.90397799999999995 -1.352984 -1.220831
v -0.88781699999999997 -1.21682 -1.2140979999999999
v -0.99398900000000001 -1.1266590000000001 -1.2149779999999999
v -0.90272200000000002 -1.0448539999999999 -1.2203079999999999
v -0.90093299999999998 -0.95915300000000003 -1.219563
v -0.901837 -0.873031 -1.2199390000000001
v -0.89841499999999996 -0.78712899999999997 -1.2185140000000001
v -0.89055099999999998 -0.70169199999999998 -1.2152369999999999
v -0.87867600000000001 -0.61689400000000005 -1.2102900000000001
v -0.86368999999999996 -0.53277200000000002 -1.2040459999999999
v -0.846862 -0.44919700000000001 -1.1970350000000001
v -0.836507 -0.36427900000000002 -1.1927209999999999
v -0.90492899999999998 -0.26226899999999997 -1.1778740000000001
v -0.80289699999999997 -0.19842699999999999 -1.1787190000000001
v -0.77928200000000003 -0.11763800000000001 -1.1688799999999999
v -0.76119099999999995 -0.035857 -1.161343
v -0.85794999999999999 -1.353685 -1.2666539999999999
v -0.90971999999999997 -1.2171289999999999 -1.2882229999999999
v -0.92033500000000001 -1.130611 -1.292646
v -0.92455100000000001 -1.043839 -1.2944020000000001
v -0.92088899999999996 -0.95734900000000001 -1.2928759999999999
v -0.91873800000000005 -0.87059699999999995 -1.291981
v -0.91518500000000003 -0.78378300000000001 -1.2905
v -0.90717000000000003 -0.69749799999999995 -1.287161
v -0.895146 -0.61197699999999999 -1.282151
v -0.88003500000000001 -0.52731099999999997 -1.275855
v -0.86600600000000005 -0.44274200000000002 -1.270011
v -0.85674300000000003 -0.357483 -1.2661519999999999
v -0.84262099999999995 -0.27377400000000002 -1.2602679999999999
v -0.823133 -0.191631 -1.252149
v -0.79839499999999997 -0.111026 -1.2418419999999999
v -0.71569799999999995 -0.044498999999999997 -1.2073879999999999
v -0.81077500000000002 -1.354128 -1.3119989999999999
v -0.79647500000000004 -1.2199059999999999 -1.306041
v -0.84167199999999998 -1.1340330000000001 -1.3682259999999999
v -0.81145400000000001 -1.0512410000000001 -1.3122830000000001
v -0.80850999999999995 -0.96752899999999997 -1.311056
v -0.80893800000000005 -0.883409 -1.311234
v -0.80567599999999995 -0.79937800000000003 -1.3098749999999999
v -0.79798999999999998 -0.71564300000000003 -1.306673
v -0.78628900000000002 -0.63229100000000005 -1.301798
v -0.77144900000000005 -0.54928299999999997 -1.295615
v -0.755857 -0.46616800000000003 -1.2891189999999999
v -0.74613600000000002 -0.38139499999999998 -1.285069
v -0.75392999999999999 -0.290686 -1.3316699999999999
v -0.71252599999999999 -0.21554300000000001 -1.271066
v -0.68831100000000001 -0.13477600000000001 -1.2609779999999999
v -0.66908299999999998 -0.053043 -1.2529669999999999
v -0.685612 -1.222046 -1.4115610000000001
v -0.76173100000000005 -1.1367309999999999 -1.4432739999999999
v -0.70068600000000003 -1.057347 -1.4178409999999999
v -0.63649199999999995 -0.40055400000000002 -1.3910960000000001
v -0.674925 -0.30430800000000002 -1.407108
v -0.60288299999999995 -0.23470199999999999 -1.3770929999999999
v -1.308624 -1.1845969999999999 0.11773699999999999
v -1.38561 -1.0914349999999999 0.11372400000000001
v -1.3226690000000001 -1.0066269999999999 0.12357700000000001
v -1.2570490000000001 -0.31051099999999998 0.101462
v -1.2970120000000001 -0.216553 0.088381000000000001
v -1.2243379999999999 -0.144177 0.103772
v -0.69139799999999996 -1.3557090000000001 1.291021
v -0.68477399999999999 -1.223681 1.287334
v -0.72862199999999999 -1.1348119999999999 1.3498490000000001
v -0.69792799999999999 -1.0555890000000001 1.294656
v -0.69172999999999996 -0.97249799999999997 1.2912060000000001
v -0.68739499999999998 -0.88866100000000003 1.2887930000000001
v -0.67940999999999996 -0.80493700000000001 1.284348
v -0.66771599999999998 -0.72146200000000005 1.277838
v -0.65335100000000002 -0.63820399999999999 1.2698419999999999
v -0.63763599999999998 -0.55485799999999996 1.2610939999999999
v -0.62292899999999995 -0.471082 1.2529079999999999
v -0.61398200000000003 -0.38616400000000001 1.2479279999999999
v -0.62220900000000001 -0.29425800000000002 1.2906150000000001
v -0.58216900000000005 -0.220253 1.230219
v -0.55930299999999999 -0.13933000000000001 1.2174910000000001
v -0.54097899999999999 -0.057443000000000001 1.2072909999999999
v -0.74925799999999998 -1.3549420000000001 1.246864
v -0.80496199999999996 -1.2171449999999999 1.277871
v -0.81555999999999995 -1.1300559999999999 1.2837700000000001
v -0.81770200000000004 -1.0431950000000001 1.2849619999999999
v -0.810643 -0.95717600000000003 1.2810330000000001
v -0.80391900000000005 -0.87100699999999998 1.277291
v -0.79561899999999997 -0.78497899999999998 1.2726710000000001
v -0.78366000000000002 -0.69972000000000001 1.2660130000000001
v -0.76911700000000005 -0.61530200000000002 1.2579180000000001
v -0.75334000000000001 -0.53146700000000002 1.249136
v -0.74016099999999996 -0.447268 1.2418
v -0.73176399999999997 -0.36215700000000001 1.2371259999999999
v -0.71839699999999995 -0.278393 1.2296849999999999
v -0.69995099999999999 -0.19617599999999999 1.219417
v -0.67653399999999997 -0.115414 1.206383
v -0.59825700000000004 -0.048549000000000002 1.1628099999999999
v -0.80549199999999999 -1.353971 1.201802
v -0.79647299999999999 -1.219041 1.1967810000000001
v -0.870421 -1.126857 1.2379439999999999
v -0.80934799999999996 -1.046872 1.203948
v -0.80419099999999999 -0.96147000000000005 1.2010780000000001
v -0.80046600000000001 -0.87551800000000002 1.199004
v -0.79244000000000003 -0.79008100000000003 1.194536
v -0.78076900000000005 -0.70521199999999995 1.18804
v -0.76649999999999996 -0.62091499999999999 1.180097
v -0.75095999999999996 -0.536995 1.1714469999999999
v -0.73497299999999999 -0.45340200000000003 1.1625479999999999
v -0.72539799999999999 -0.368398 1.1572180000000001
v -0.76284399999999997 -0.27216099999999999 1.1780619999999999
v -0.69358500000000001 -0.20249500000000001 1.13951
v -0.67134700000000003 -0.12152499999999999 1.1271310000000001
v -0.654223 -0.039573999999999998 1.117599
v -0.93285399999999996 -1.3509310000000001 1.0820069999999999
v -0.91887099999999999 -1.212872 1.0742229999999999
v -0.96956699999999996 -1.1212660000000001 1.1405540000000001
v -0.93102200000000002 -1.0367679999999999 1.0809869999999999
v -0.92976199999999998 -0.94872500000000004 1.0802860000000001
v -0.92661899999999997 -0.86078100000000002 1.0785359999999999
v -0.91983400000000004 -0.77332500000000004 1.074759
v -0.90993900000000005 -0.68642999999999998 1.069251
v -0.89676 -0.60053800000000002 1.0619160000000001
v -0.88145499999999999 -0.51563700000000001 1.053396
v -0.86541699999999999 -0.43154100000000001 1.044468
v -0.85235799999999995 -0.34725400000000001 1.037199
v -0.86621499999999996 -0.25508900000000001 1.083024
v -0.82054499999999997 -0.18127699999999999 1.0194909999999999
v -0.80179100000000003 -0.099589999999999998 1.0090509999999999
v -0.784667 -0.017892999999999999 0.99951999999999996
v -0.97783299999999995 -1.3496429999999999 1.0306839999999999
v -1.0237210000000001 -1.2081550000000001 1.056227
v -1.033752 -1.118271 1.0618099999999999
v -1.0359290000000001 -1.027814 1.0630219999999999
v -1.033628 -0.93727499999999997 1.061741
v -1.03193 -0.84648800000000002 1.0607960000000001
v -1.025819 -0.75641899999999995 1.0573950000000001
v -1.015649 -0.66754500000000005 1.051733
v -1.0022390000000001 -0.58007900000000001 1.0442689999999999
v -0.98677800000000004 -0.494176 1.035663
v -0.97068600000000005 -0.40968300000000002 1.026705
v -0.95950400000000002 -0.32490599999999997 1.020481
v -0.94670100000000001 -0.240954 1.0133540000000001
v -0.92769100000000004 -0.158916 1.002772
v -0.90705999999999998 -0.077706999999999998 0.99128799999999995
v -0.83192699999999997 -0.0099340000000000001 0.94946600000000003
v -1.0191380000000001 -1.34836 0.97731500000000004
v -1.0017259999999999 -1.20834 0.96762300000000001
v -1.0944990000000001 -1.1140859999999999 0.98115300000000005
v -1.0160100000000001 -1.02965 0.97557400000000005
v -1.018656 -0.93978700000000004 0.977047
v -1.0171209999999999 -0.850109 0.97619199999999995
v -1.011191 -0.76106499999999999 0.97289099999999995
v -1.0011969999999999 -0.67302600000000001 0.96732799999999997
v -0.98793500000000001 -0.58621599999999996 0.95994599999999997
v -0.97257300000000002 -0.50073100000000004 0.95139499999999999
v -0.95651600000000003 -0.416211 0.94245699999999999
v -0.94060999999999995 -0.332459 0.93360299999999996
v -0.99777499999999997 -0.23338600000000001 0.92731200000000003
v -0.90879699999999997 -0.166491 0.91589399999999999
v -0.89288999999999996 -0.084275000000000003 0.90703999999999996
v -0.87576600000000004 -0.0026819999999999999 0.89750799999999997
v -1.1109279999999999 -1.343901 0.84048299999999998
v -1.093798 -1.201983 0.83094800000000002
v -1.1478839999999999 -1.109761 0.89639800000000003
v -1.1080449999999999 -1.020858 0.83887900000000004
v -1.1106579999999999 -0.92981400000000003 0.840333
v -1.109081 -0.839036 0.83945599999999998
v -1.103105 -0.74896799999999997 0.83612900000000001
v -1.0930660000000001 -0.66003400000000001 0.83054099999999997
v -1.079766 -0.57252000000000003 0.82313700000000001
v -1.064379 -0.48638599999999999 0.81457199999999996
v -1.0483130000000001 -0.40158300000000002 0.80562900000000004
v -1.0324059999999999 -0.31763000000000002 0.79677500000000001
v -1.050883 -0.22509899999999999 0.84240300000000001
v -1.0005930000000001 -0.15159800000000001 0.77906600000000004
v -0.98468699999999998 -0.069501999999999994 0.77021200000000001
v -0.96756200000000003 0.011714 0.76068000000000002
v -1.1445559999999999 -1.341855 0.78007300000000002
v -1.1889339999999999 -1.197495 0.80477600000000005
v -1.1970940000000001 -1.105318 0.80931799999999998
v -1.202995 -1.0124359999999999 0.81260299999999996
v -1.205441 -0.91920900000000005 0.81396500000000005
v -1.203654 -0.82629799999999998 0.81296999999999997
v -1.197446 -0.73426999999999998 0.80951399999999996
v -1.187179 -0.64366000000000001 0.80379999999999996
v -1.1736880000000001 -0.55482200000000004 0.79629000000000005
v -1.1581729999999999 -0.46788000000000002 0.78765399999999997
v -1.1420619999999999 -0.382743 0.77868499999999996
v -1.126155 -0.29874299999999998 0.76983100000000004
v -1.110249 -0.215388 0.76097700000000001
v -1.0943419999999999 -0.13269 0.75212299999999999
v -1.078436 -0.050640999999999999 0.74326800000000004
v -1.00119 0.016624 0.70026999999999995
v -1.1781820000000001 -1.339793 0.71966200000000002
v -1.161052 -1.196639 0.71012699999999995
v -1.245177 -1.1012960000000001 0.72161200000000003
v -1.1752990000000001 -1.014173 0.71805799999999997
v -1.1779120000000001 -0.92250200000000004 0.71951299999999996
v -1.1763349999999999 -0.831121 0.71863500000000002
v -1.1703589999999999 -0.74051999999999996 0.71530800000000005
v -1.16032 -0.65111600000000003 0.70972000000000002
v -1.1470199999999999 -0.56315899999999997 0.70231699999999997
v -1.1316329999999999 -0.47674499999999997 0.69375200000000004
v -1.115567 -0.39170500000000003 0.68480799999999997
v -1.0996600000000001 -0.307614 0.67595400000000005
v -1.148177 -0.21074899999999999 0.66761700000000002
v -1.067847 -0.141543 0.65830900000000003
v -1.051941 -0.059568999999999997 0.64992300000000003
v -1.0348170000000001 0.021441000000000002 0.64076999999999995
v -1.2430490000000001 -1.3351740000000001 0.572882
v -1.224966 -1.191255 0.56281599999999998
v -1.297984 -1.097175 0.60346100000000003
v -1.2387900000000001 -1.008365 0.57051099999999999
v -1.241506 -0.916574 0.57202200000000003
v -1.2402660000000001 -0.82512600000000003 0.57133199999999995
v -1.2348399999999999 -0.73437300000000005 0.56831200000000004
v -1.225517 -0.64484300000000006 0.56312300000000004
v -1.21305 -0.55660299999999996 0.55618299999999998
v -1.198474 -0.46972999999999998 0.54806900000000003
v -1.1823779999999999 -0.38397100000000001 0.53910999999999998
v -1.166072 -0.29955100000000001 0.53106600000000004
v -1.203487 -0.20395199999999999 0.55399100000000001
v -1.1342589999999999 -0.13345099999999999 0.52101799999999998
v -1.118352 -0.051601000000000001 0.51570499999999997
v -1.1012280000000001 0.029194999999999999 0.50786399999999998
v -1.2640819999999999 -1.3332250000000001 0.50319199999999997
v -1.309056 -1.1882360000000001 0.52822599999999997
v -1.3197460000000001 -1.095647 0.53417700000000001
v -1.32219 -1.0027520000000001 0.53553700000000004
v -1.320122 -0.90993199999999996 0.53438600000000003
v -1.3190850000000001 -0.81712399999999996 0.53380899999999998
v -1.3140419999999999 -0.72513099999999997 0.53100199999999997
v -1.3054870000000001 -0.63415200000000005 0.52624000000000004
v -1.293776 -0.544095 0.51972099999999999
v -1.2791939999999999 -0.45587299999999997 0.51160399999999995
v -1.2629999999999999 -0.36951000000000001 0.50265300000000002
v -1.2513829999999999 -0.28380300000000003 0.49854300000000001
v -1.2385809999999999 -0.19964299999999999 0.49605199999999999
v -1.21957 -0.117718 0.491012
v -1.198939 -0.036936999999999998 0.48415599999999998
v -1.123807 0.030512999999999998 0.44779400000000003
v -1.280896 -1.331464 0.43115399999999998
v -1.2627360000000001 -1.1874670000000001 0.421045
v -1.336481 -1.0945199999999999 0.46209499999999998
v -1.2752779999999999 -1.0054590000000001 0.42802600000000002
v -1.275784 -0.91452 0.42830800000000002
v -1.2764979999999999 -0.82348699999999997 0.42870599999999998
v -1.273083 -0.73300900000000002 0.42680499999999999
v -1.265444 -0.64335600000000004 0.42255300000000001
v -1.2540119999999999 -0.55499500000000002 0.41618899999999998
v -1.239665 -0.46803 0.40820299999999998
v -1.2236290000000001 -0.38243500000000002 0.400841
v -1.210296 -0.297321 0.39890999999999999
v -1.2481949999999999 -0.20150399999999999 0.425651
v -1.1784829999999999 -0.13120000000000001 0.396984
v -1.159624 -0.050136 0.39247599999999999
v -1.1425000000000001 0.030456 0.38537700000000003
v -1.3092090000000001 -1.3276539999999999 0.25356600000000001
v -1.293912 -1.1838770000000001 0.24505099999999999
v -1.3603769999999999 -1.092325 0.327851
v -1.30802 -1.0032779999999999 0.25290400000000002
v -1.306327 -0.91355799999999998 0.25196200000000002
v -1.307183 -0.82376099999999997 0.252438
v -1.303944 -0.73451 0.250635
v -1.2965 -0.64611799999999997 0.24649199999999999
v -1.2852600000000001 -0.558805 0.240235
v -1.271074 -0.47253600000000001 0.232519
v -1.2551460000000001 -0.38739000000000001 0.22767999999999999
v -1.245344 -0.30155999999999999 0.230464
v -1.2760769999999999 -0.203789 0.30126700000000001
v -1.2135309999999999 -0.135376 0.23281399999999999
v -1.1911780000000001 -0.055259999999999997 0.227273
v -1.1740539999999999 0.025222000000000001 0.220194
v -1.3166659999999999 -1.32664 0.18904699999999999
v -1.365669 -1.1824539999999999 0.21632399999999999
v -1.3757159999999999 -1.091134 0.221917
v -1.379707 -0.99965400000000004 0.224139
v -1.3762399999999999 -0.90876100000000004 0.22220899999999999
v -1.3742049999999999 -0.81792799999999999 0.22107599999999999
v -1.3708419999999999 -0.72742799999999996 0.21920400000000001
v -1.3632550000000001 -0.63786600000000004 0.21498100000000001
v -1.351874 -0.54953399999999997 0.208645
v -1.3375699999999999 -0.46257799999999999 0.200792
v -1.3242910000000001 -0.376328 0.19705900000000001
v -1.315523 -0.290072 0.19986499999999999
v -1.3021560000000001 -0.20593600000000001 0.202126
v -1.2837099999999999 -0.12393 0.20124500000000001
v -1.260294 -0.044035999999999999 0.195187
v -1.182016 0.021680999999999999 0.15595600000000001
v -1.3230360000000001 -1.325841 0.12392400000000001
v -1.320892 -0.915273 0.12273000000000001
v -1.3212969999999999 -0.82679100000000005 0.122956
v -1.3182100000000001 -0.73878299999999997 0.121237
v -1.310934 -0.65153399999999995 0.117187
v -1.2998590000000001 -0.56516999999999995 0.111022
v -1.285812 -0.47971200000000003 0.103395
v -1.2710539999999999 -0.39476099999999997 0.099196000000000006
v -1.2071179999999999 -0.062783000000000005 0.098807000000000006
v -1.188917 0.017357000000000001 0.091128000000000001
v -0.58183200000000002 -1.2264630000000001 1.3629100000000001
v -0.65486500000000003 -1.1380710000000001 1.4035629999999999
v -0.59499800000000003 -1.0619540000000001 1.370239
v -0.51373100000000005 -0.40087600000000001 1.325002
v -0.55018800000000001 -0.30469800000000002 1.3452949999999999
v -0.48191800000000001 -0.234929 1.307293
#end vertices

#begin 1054 textures vertices 
vt 0.33210647106170654 0.041407212615013123 0
vt 0.35030293464660645 0.042947124689817429 0
vt 0.37720885872840881 0.044034577906131744 0
vt 0.40838304162025452 0.044037695974111557 0
vt 0.43995863199234009 0.043291077017784119 0
vt 0.47187912464141846 0.042454484850168228 0
vt 0.35956680774688721 0.10462717711925507 0
vt 0.37593263387680054 0.10455148667097092 0
vt 0.39432933926582336 0.10407526791095734 0
vt 0.42038771510124207 0.10310816019773483 0
vt 0.44625991582870483 0.10208131372928619 0
vt 0.47195714712142944 0.10110371559858322 0
vt 0.36314409971237183 0.15785714983940125 0
vt 0.37930062413215637 0.15633723139762878 0
vt 0.39748385548591614 0.15499198436737061 0
vt 0.42331209778785706 0.15338563919067383 0
vt 0.44904834032058716 0.15192829072475433 0
vt 0.47470146417617798 0.15048137307167053 0
vt 0.36756971478462219 0.19271460175514221 0
vt 0.38319727778434753 0.19103977084159851 0
vt 0.4008985161781311 0.18947187066078186 0
vt 0.42626434564590454 0.18760068714618683 0
vt 0.45174181461334229 0.1859104335308075 0
vt 0.47729825973510742 0.18420454859733582 0
vt 0.37157189846038818 0.23526899516582489 0
vt 0.38720110058784485 0.23370949923992157 0
vt 0.40476900339126587 0.23212668299674988 0
vt 0.42987805604934692 0.23017321527004242 0
vt 0.45516633987426758 0.22838173806667328 0
vt 0.48065197467803955 0.2265758216381073 0
vt 0.32148417830467224 0.23539377748966217 0
vt 0.54968613386154175 0.22181078791618347 0
vt 0.27113437652587891 0.2353779524564743 0
vt 0.59998196363449097 0.22181078791618347 0
vt 0.2207777351140976 0.23535804450511932 0
vt 0.65027767419815063 0.22181078791618347 0
vt 0.17042951285839081 0.2353350818157196 0
vt 0.70057350397109985 0.22181078791618347 0
vt 0.12039221823215485 0.23520992696285248 0
vt 0.10480443388223648 0.23367731273174286 0
vt 0.087289966642856598 0.23206271231174469 0
vt 0.06231946125626564 0.23007874190807343 0
vt 0.037125825881958008 0.22845256328582764 0
vt 0.011713132262229919 0.22677505016326904 0
vt 0.12436778098344803 0.19260470569133759 0
vt 0.10877025127410889 0.19094118475914001 0
vt 0.091153636574745178 0.18935327231884003 0
vt 0.065870635211467743 0.18756918609142303 0
vt 0.040454808622598648 0.1860073059797287 0
vt 0.014928724616765976 0.18451796472072601 0
vt 0.1286594420671463 0.15763027966022491 0
vt 0.11263369023799896 0.15609683096408844 0
vt 0.094495579600334167 0.15483826398849487 0
vt 0.068718291819095612 0.15336610376834869 0
vt 0.042917530983686447 0.15213152766227722 0
vt 0.017289284616708755 0.15096384286880493 0
vt 0.13225245475769043 0.10426434129476547 0
vt 0.11578629165887833 0.10427787899971008 0
vt 0.097319185733795166 0.1039009764790535 0
vt 0.071158252656459808 0.10314390808343887 0
vt 0.045275438576936722 0.10234251618385315 0
vt 0.019499368965625763 0.10169906914234161 0
vt 0.15928223729133606 0.040908768773078918 0
vt 0.14105567336082458 0.042534057050943375 0
vt 0.11405539512634277 0.043764811009168625 0
vt 0.082737237215042114 0.043988917022943497 0
vt 0.051040355116128922 0.043531063944101334 0
vt 0.019053913652896881 0.043058030307292938 0
vt 0.70057350397109985 0.038539506494998932 0
vt 0.54968613386154175 0.038539506494998932 0
vt 0.70057350397109985 0.095496475696563721 0
vt 0.54968613386154175 0.095496475696563721 0
vt 0.70057350397109985 0.1376010924577713 0
vt 0.54968613386154175 0.1376010924577713 0
vt 0.70057350397109985 0.16225212812423706 0
vt 0.65027767419815063 0.17970588803291321 0
vt 0.59998196363449097 0.17970588803291321 0
vt 0.54968613386154175 0.16225212812423706 0
vt 0.50328958034515381 0.83590108156204224 0
vt 0.4283623993396759 0.82356733083724976 0
vt 0.39080417156219482 0.82293558120727539 0
vt 0.78495901823043823 0.82537108659744263 0
vt 0.5599246621131897 0.82226717472076416 0
vt 0.76751703023910522 0.88098502159118652 0
vt 0.59805840253829956 0.81255966424942017 0
vt 0.76182103157043457 0.91995358467102051 0
vt 0.67025816440582275 0.80755573511123657 0
vt 0.71196728944778442 0.95778101682662964 0
vt 0.43716847896575928 0.67857521772384644 0
vt 0.38687998056411743 0.67772930860519409 0
vt 0.33663925528526306 0.67404633760452271 0
vt 0.82406634092330933 0.68444299697875977 0
vt 0.82406967878341675 0.72654277086257935 0
vt 0.77380901575088501 0.7686724066734314 0
vt 0.72350496053695679 0.76869970560073853 0
vt 0.67319554090499878 0.72661489248275757 0
vt 0.67316645383834839 0.6845049262046814 0
vt 0.48750489950180054 0.67658472061157227 0
vt 0.34405717253684998 0.49344891309738159 0
vt 0.34281817078590393 0.50940418243408203 0
vt 0.39074841141700745 0.49565452337265015 0
vt 0.34241655468940735 0.53045165538787842 0
vt 0.34259456396102905 0.56022858619689941 0
vt 0.34349274635314941 0.59039103984832764 0
vt 0.34685561060905457 0.62148505449295044 0
vt 0.39228534698486328 0.62536698579788208 0
vt 0.44957065582275391 0.49665439128875732 0
vt 0.44991365075111389 0.62586039304733276 0
vt 0.50853812694549561 0.49639877676963806 0
vt 0.50799882411956787 0.62613457441329956 0
vt 0.56731498241424561 0.49507278203964233 0
vt 0.56590539216995239 0.62631708383560181 0
vt 0.61527186632156372 0.50882107019424438 0
vt 0.6140323281288147 0.4928475022315979 0
vt 0.61567085981369019 0.53004831075668335 0
vt 0.6154639720916748 0.56019681692123413 0
vt 0.61473333835601807 0.5908464789390564 0
vt 0.6114465594291687 0.62239348888397217 0
vt 0.33581194281578064 0.48456072807312012 0
vt 0.33321470022201538 0.51089465618133545 0
vt 0.39297762513160706 0.47808483242988586 0
vt 0.3329518735408783 0.53092378377914429 0
vt 0.33316731452941895 0.56013256311416626 0
vt 0.33397567272186279 0.59010237455368042 0
vt 0.33856719732284546 0.62906539440155029 0
vt 0.39454111456871033 0.6327483057975769 0
vt 0.45039772987365723 0.48186671733856201 0
vt 0.4506814181804657 0.6331365704536438 0
vt 0.50762754678726196 0.48161992430686951 0
vt 0.5071251392364502 0.63340139389038086 0
vt 0.56506633758544922 0.47751078009605408 0
vt 0.56358373165130615 0.63368487358093262 0
vt 0.62486952543258667 0.51032412052154541 0
vt 0.62227761745452881 0.48395442962646484 0
vt 0.62512648105621338 0.53050827980041504 0
vt 0.62489980459213257 0.56002682447433472 0
vt 0.62426179647445679 0.59048420190811157 0
vt 0.61975139379501343 0.62999504804611206 0
vt 0.016670003533363342 0.33634331822395325 0
vt 0.0096869766712188721 0.36395898461341858 0
vt 0.074165336787700653 0.33022791147232056 0
vt 0.008930891752243042 0.38756370544433594 0
vt 0.0087787508964538574 0.41744312644004822 0
vt 0.0097969770431518555 0.44763323664665222 0
vt 0.018680460751056671 0.48488143086433411 0
vt 0.074248895049095154 0.48936763405799866 0
vt 0.13148516416549683 0.33448213338851929 0
vt 0.13051415979862213 0.49025246500968933 0
vt 0.1884361207485199 0.33405277132987976 0
vt 0.18769577145576477 0.49039217829704285 0
vt 0.24565428495407104 0.32956081628799438 0
vt 0.24593830108642578 0.4898468554019928 0
vt 0.30917391180992126 0.36423000693321228 0
vt 0.30265635251998901 0.33820024132728577 0
vt 0.30977842211723328 0.38693931698799133 0
vt 0.30973926186561584 0.41619488596916199 0
vt 0.3098263144493103 0.44629433751106262 0
vt 0.30347049236297607 0.48623758554458618 0
vt 0.30593419075012207 0.51022332906723022 0
vt 0.30889630317687988 0.53083205223083496 0
vt 0.25324177742004395 0.53363615274429321 0
vt 0.25360912084579468 0.50754958391189575 0
vt 0.30928009748458862 0.55743116140365601 0
vt 0.25325560569763184 0.55725222826004028 0
vt 0.30921489000320435 0.58577853441238403 0
vt 0.25313997268676758 0.58544206619262695 0
vt 0.30869418382644653 0.61388862133026123 0
vt 0.25293335318565369 0.61372643709182739 0
vt 0.30681103467941284 0.64131802320480347 0
vt 0.25324255228042603 0.64244246482849121 0
vt 0.19781363010406494 0.53537577390670776 0
vt 0.19795775413513184 0.5083344578742981 0
vt 0.19775879383087158 0.55715084075927734 0
vt 0.19772523641586304 0.58548754453659058 0
vt 0.19775998592376709 0.61395514011383057 0
vt 0.19791442155838013 0.6424105167388916 0
vt 0.14237193763256073 0.53542757034301758 0
vt 0.14226941764354706 0.50835543870925903 0
vt 0.14239667356014252 0.55721592903137207 0
vt 0.14241521060466766 0.58556073904037476 0
vt 0.14246617257595062 0.61400121450424194 0
vt 0.14248840510845184 0.64241987466812134 0
vt 0.087011359632015228 0.53371846675872803 0
vt 0.086698733270168304 0.50761240720748901 0
vt 0.086950205266475677 0.55737441778182983 0
vt 0.086976967751979828 0.58564901351928711 0
vt 0.087117932736873627 0.61395442485809326 0
vt 0.087202928960323334 0.64238440990447998 0
vt 0.031412374228239059 0.53073811531066895 0
vt 0.034422826021909714 0.51014429330825806 0
vt 0.030973624438047409 0.55733668804168701 0
vt 0.031032752245664597 0.58567327260971069 0
vt 0.031535875052213669 0.61393088102340698 0
vt 0.033000539988279343 0.64195340871810913 0
vt 0.64840751886367798 0.28077074885368347 0
vt 0.58392858505249023 0.27804791927337646 0
vt 0.5141025185585022 0.26760223507881165 0
vt 0.48391342163085938 0.26752388477325439 0
vt 0.41147708892822266 0.26725992560386658 0
vt 0.34539914131164551 0.27972608804702759 0
vt 0.34147614240646362 0.31071102619171143 0
vt 0.34024810791015625 0.33731561899185181 0
vt 0.34001073241233826 0.37359431385993958 0
vt 0.34198489785194397 0.41037535667419434 0
vt 0.35039755702018738 0.44660413265228271 0
vt 0.42181539535522461 0.44755348563194275 0
vt 0.5736466646194458 0.44968476891517639 0
vt 0.64593315124511719 0.44973883032798767 0
vt 0.65412634611129761 0.4119446873664856 0
vt 0.65588867664337158 0.37434089183807373 0
vt 0.65612876415252686 0.33750930428504944 0
vt 0.65516650676727295 0.31059235334396362 0
vt 0.032520841807126999 0.5162738561630249 0
vt 0.048502646386623383 0.50934433937072754 0
vt 0.30782240629196167 0.51636439561843872 0
vt 0.29184144735336304 0.50938743352890015 0
vt 0.81640446186065674 0.82842040061950684 0
vt 0.3346172571182251 0.11440158635377884 0
vt 0.34263977408409119 0.15624299645423889 0
vt 0.34579122066497803 0.18533651530742645 0
vt 0.18264016509056091 0.059677444398403168 0
vt 0.15719909965991974 0.11407092213630676 0
vt 0.14916056394577026 0.15605622529983521 0
vt 0.14609815180301666 0.1852099746465683 0
vt 0.17041866481304169 0.21426206827163696 0
vt 0.22078536450862885 0.21428003907203674 0
vt 0.27114337682723999 0.21430003643035889 0
vt 0.32150867581367493 0.21432311832904816 0
vt 0.74369770288467407 0.95507651567459106 0
vt 0.75122255086898804 0.94918346405029297 0
vt 0.75709426403045654 0.94074630737304688 0
vt 0.76040768623352051 0.93070918321609497 0
vt 0.34417498111724854 0.20084100961685181 0
vt 0.73508924245834351 0.957314133644104 0
vt 0.79864680767059326 0.7514304518699646 0
vt 0.82404839992523193 0.73858910799026489 0
vt 0.82216876745223999 0.74991148710250854 0
vt 0.81684118509292603 0.75950509309768677 0
vt 0.80886340141296387 0.76592183113098145 0
vt 0.79944360256195068 0.76818978786468506 0
vt 0.14775396883487701 0.20075489580631256 0
vt 0.60904127359390259 0.81284528970718384 0
vt 0.6194223165512085 0.81242501735687256 0
vt 0.62929236888885498 0.81151062250137329 0
vt 0.63846838474273682 0.81015408039093018 0
vt 0.64716756343841553 0.80868452787399292 0
vt 0.69787442684173584 0.76824063062667847 0
vt 0.68845170736312866 0.76598292589187622 0
vt 0.68046277761459351 0.75957471132278442 0
vt 0.67511749267578125 0.7499849796295166 0
vt 0.67322325706481934 0.73866039514541626 0
vt 0.69864833354949951 0.75147885084152222 0
vt 0.79858142137527466 0.88457459211349487 0
vt 0.77303069829940796 0.88152515888214111 0
vt 0.79258579015731812 0.92860078811645508 0
vt 0.76896750926971436 0.92386072874069214 0
vt 0.79147553443908691 0.95872938632965088 0
vt 0.78821229934692383 0.97484254837036133 0
vt 0.76714420318603516 0.93598443269729614 0
vt 0.57998037338256836 0.88457483053207397 0
vt 0.60553073883056641 0.8815230131149292 0
vt 0.5859801173210144 0.9286004900932312 0
vt 0.60959804058074951 0.92385822534561157 0
vt 0.58709335327148438 0.95872896909713745 0
vt 0.61142247915267944 0.93598169088363647 0
vt 0.59035813808441162 0.97484183311462402 0
vt 0.66410326957702637 0.96504968404769897 0
vt 0.71446865797042847 0.96504878997802734 0
vt 0.71439158916473389 0.98798751831054688 0
vt 0.66417616605758667 0.98797118663787842 0
vt 0.74017792940139771 0.96454167366027832 0
vt 0.76471066474914551 0.98847758769989014 0
vt 0.63839155435562134 0.96453619003295898 0
vt 0.613861083984375 0.98847472667694092 0
vt 0.74959969520568848 0.96201562881469727 0
vt 0.76512575149536133 0.97777688503265381 0
vt 0.7763979434967041 0.96817344427108765 0
vt 0.7636139988899231 0.94693052768707275 0
vt 0.7576480507850647 0.95592319965362549 0
vt 0.764911949634552 0.96611720323562622 0
vt 0.61495381593704224 0.94692742824554443 0
vt 0.60217177867889404 0.96817165613174438 0
vt 0.61344492435455322 0.97777402400970459 0
vt 0.62896955013275146 0.96201109886169434 0
vt 0.62092065811157227 0.95591950416564941 0
vt 0.61365771293640137 0.96611422300338745 0
vt 0.50149518251419067 0.82281213998794556 0
vt 0.55829161405563354 0.80983394384384155 0
vt 0.59678077697753906 0.80054759979248047 0
vt 0.60785818099975586 0.80064672231674194 0
vt 0.61834222078323364 0.80013000965118408 0
vt 0.62831962108612061 0.79919981956481934 0
vt 0.63760149478912354 0.79790925979614258 0
vt 0.6464005708694458 0.79655081033706665 0
vt 0.66974526643753052 0.79547566175460815 0
vt 0.32858112454414368 0.79551732540130615 0
vt 0.82754319906234741 0.80392122268676758 0
vt 0.78868341445922852 0.7963329553604126 0
vt 0.77762079238891602 0.79691827297210693 0
vt 0.76712441444396973 0.79686194658279419 0
vt 0.75711601972579956 0.79637128114700317 0
vt 0.74778646230697632 0.79548931121826172 0
vt 0.73893654346466064 0.79451858997344971 0
vt 0.71556723117828369 0.79446935653686523 0
vt 0.51770627498626709 0.64872783422470093 0
vt 0.51780164241790771 0.70224088430404663 0
vt 0.64513015747070313 0.65030550956726074 0
vt 0.63833636045455933 0.70207333564758301 0
vt 0.51803326606750488 0.75043439865112305 0
vt 0.63381344079971313 0.7473609447479248 0
vt 0.63557171821594238 0.75987309217453003 0
vt 0.51802057027816772 0.76460641622543335 0
vt 0.041731521487236023 0.79842507839202881 0
vt 0.071113258600234985 0.79800665378570557 0
vt 0.045095980167388916 0.68127131462097168 0
vt 0.071879863739013672 0.68150591850280762 0
vt 0.12875299155712128 0.79712063074111938 0
vt 0.1244058683514595 0.68069851398468018 0
vt 0.63655436038970947 0.77180474996566772 0
vt 0.51815623044967651 0.77741813659667969 0
vt 0.63701516389846802 0.78322434425354004 0
vt 0.5186086893081665 0.78982144594192505 0
vt 0.034961584955453873 0.68008166551589966 0
vt 0.030610065907239914 0.79841881990432739 0
vt 0.31063154339790344 0.71792680025100708 0
vt 0.31070014834403992 0.66415131092071533 0
vt 0.18950596451759338 0.71772480010986328 0
vt 0.18265403807163239 0.66592329740524292 0
vt 0.31035378575325012 0.76649636030197144 0
vt 0.19400994479656219 0.76332187652587891 0
vt 0.31036987900733948 0.78097659349441528 0
vt 0.19224239885807037 0.77589523792266846 0
vt 0.19125387072563171 0.78788536787033081 0
vt 0.31023222208023071 0.79374021291732788 0
vt 0.1907876580953598 0.79936081171035767 0
vt 0.30977267026901245 0.80602473020553589 0
vt 0.15253622829914093 0.67827427387237549 0
vt 0.1605231761932373 0.79642170667648315 0
vt 0.14244312047958374 0.67977488040924072 0
vt 0.14940717816352844 0.79676991701126099 0
vt 0.65100663900375366 0.27751839160919189 0
vt 0.5848039984703064 0.2738359272480011 0
vt 0.51461315155029297 0.26340895891189575 0
vt 0.48398053646087646 0.26327645778656006 0
vt 0.41072589159011841 0.26304993033409119 0
vt 0.34246852993965149 0.27677088975906372 0
vt 0.33723735809326172 0.31030318140983582 0
vt 0.33597859740257263 0.33756667375564575 0
vt 0.33575820922851563 0.37432572245597839 0
vt 0.33791542053222656 0.41205129027366638 0
vt 0.34814783930778503 0.45024988055229187 0
vt 0.42139023542404175 0.45184198021888733 0
vt 0.57392364740371704 0.45398050546646118 0
vt 0.64816808700561523 0.4533829391002655 0
vt 0.65823113918304443 0.41352939605712891 0
vt 0.6601448655128479 0.37503287196159363 0
vt 0.66039752960205078 0.33765602111816406 0
vt 0.65934395790100098 0.30993571877479553 0
vt 0.94362229108810425 0.18819423019886017 0
vt 0.93003040552139282 0.1904289722442627 0
vt 0.91846966743469238 0.18986696004867554 0
vt 0.90861457586288452 0.18976756930351257 0
vt 0.90010219812393188 0.19004678726196289 0
vt 0.89154410362243652 0.19016727805137634 0
vt 0.88301581144332886 0.19042664766311646 0
vt 0.87453114986419678 0.19079899787902832 0
vt 0.86610245704650879 0.19123378396034241 0
vt 0.85774081945419312 0.19167596101760864 0
vt 0.84948146343231201 0.19173935055732727 0
vt 0.84127801656723022 0.19118142127990723 0
vt 0.83180683851242065 0.19133743643760681 0
vt 0.8219304084777832 0.19032898545265198 0
vt 0.81338411569595337 0.1902594268321991 0
vt 0.80512791872024536 0.18970823287963867 0
vt 0.94255298376083374 0.18118616938591003 0
vt 0.92697513103485107 0.17886629700660706 0
vt 0.91777563095092773 0.17832590639591217 0
vt 0.90854460000991821 0.17814205586910248 0
vt 0.89941310882568359 0.17873412370681763 0
vt 0.89062941074371338 0.17902815341949463 0
vt 0.88203871250152588 0.17930448055267334 0
vt 0.87355983257293701 0.17964565753936768 0
vt 0.86510580778121948 0.180031418800354 0
vt 0.85660660266876221 0.1803918182849884 0
vt 0.84795069694519043 0.18043318390846252 0
vt 0.83906573057174683 0.17978864908218384 0
vt 0.83060836791992188 0.17908230423927307 0
vt 0.82246565818786621 0.17876705527305603 0
vt 0.81494110822677612 0.17973223328590393 0
vt 0.80529874563217163 0.18254904448986053 0
vt 0.94415915012359619 0.17436356842517853 0
vt 0.93051493167877197 0.17168356478214264 0
vt 0.91800647974014282 0.17038275301456451 0
vt 0.90749603509902954 0.1707184761762619 0
vt 0.89912492036819458 0.17124868929386139 0
vt 0.89058381319046021 0.1715892106294632 0
vt 0.8819921612739563 0.17187906801700592 0
vt 0.87341946363449097 0.17221127450466156 0
vt 0.86491990089416504 0.17258621752262115 0
vt 0.85653585195541382 0.17295117676258087 0
vt 0.84834307432174683 0.17281146347522736 0
vt 0.84025144577026367 0.17223663628101349 0
vt 0.82982158660888672 0.17130772769451141 0
vt 0.81979697942733765 0.17131264507770538 0
vt 0.81140589714050293 0.17334704101085663 0
vt 0.80351763963699341 0.17563195526599884 0
vt 0.9439166784286499 0.15121151506900787 0
vt 0.93020498752593994 0.15476430952548981 0
vt 0.91790610551834106 0.15526670217514038 0
vt 0.90751886367797852 0.1549556702375412 0
vt 0.89891541004180908 0.15483386814594269 0
vt 0.89025086164474487 0.15503032505512238 0
vt 0.88159382343292236 0.15530604124069214 0
vt 0.87297505140304565 0.1555790901184082 0
vt 0.86444413661956787 0.15585874021053314 0
vt 0.85601687431335449 0.15618431568145752 0
vt 0.84771382808685303 0.1564522385597229 0
vt 0.83951312303543091 0.15639093518257141 0
vt 0.82966345548629761 0.15659521520137787 0
vt 0.81922608613967896 0.15581256151199341 0
vt 0.81079709529876709 0.15415337681770325 0
vt 0.80272030830383301 0.15208271145820618 0
vt 0.94247502088546753 0.14475221931934357 0
vt 0.92718875408172607 0.14491432905197144 0
vt 0.91778755187988281 0.14395900070667267 0
vt 0.90826612710952759 0.14493767917156219 0
vt 0.89885109663009644 0.14493680000305176 0
vt 0.88988381624221802 0.14501850306987762 0
vt 0.88120073080062866 0.1451830118894577 0
vt 0.87265348434448242 0.14539961516857147 0
vt 0.86416572332382202 0.14568960666656494 0
vt 0.85568374395370483 0.14599180221557617 0
vt 0.84711766242980957 0.14626224339008331 0
vt 0.8383709192276001 0.14635875821113586 0
vt 0.82980316877365112 0.14551158249378204 0
vt 0.8214486837387085 0.14613264799118042 0
vt 0.81386590003967285 0.14593443274497986 0
vt 0.80407577753067017 0.14623689651489258 0
vt 0.94374352693557739 0.1383194774389267 0
vt 0.92977643013000488 0.13647939264774323 0
vt 0.91795068979263306 0.13288725912570953 0
vt 0.90778440237045288 0.13650274276733398 0
vt 0.8990902304649353 0.13682921230792999 0
vt 0.89030754566192627 0.13694946467876434 0
vt 0.88155603408813477 0.13708183169364929 0
vt 0.87289899587631226 0.13726301491260529 0
vt 0.86434191465377808 0.13749381899833679 0
vt 0.85589998960494995 0.13773679733276367 0
vt 0.84761261940002441 0.13794441521167755 0
vt 0.83956247568130493 0.13788852095603943 0
vt 0.82996124029159546 0.13492581248283386 0
vt 0.81985539197921753 0.13756762444972992 0
vt 0.81146919727325439 0.13876377046108246 0
vt 0.80332762002944946 0.14036305248737335 0
vt 0.94293266534805298 0.11722990870475769 0
vt 0.92960011959075928 0.12032391875982285 0
vt 0.91779732704162598 0.12244950979948044 0
vt 0.9076693058013916 0.12084823101758957 0
vt 0.89905309677124023 0.1210833415389061 0
vt 0.89043396711349487 0.12130259722471237 0
vt 0.88187462091445923 0.12150228768587112 0
vt 0.87340003252029419 0.12166298180818558 0
vt 0.86500990390777588 0.1218438521027565 0
vt 0.85670596361160278 0.12200934439897537 0
vt 0.84849339723587036 0.12212111800909042 0
vt 0.84037917852401733 0.12228191643953323 0
vt 0.83023965358734131 0.12449770420789719 0
vt 0.82017648220062256 0.12286565452814102 0
vt 0.81178569793701172 0.12057345360517502 0
vt 0.80381655693054199 0.11797530949115753 0
vt 0.94140952825546265 0.11071193218231201 0
vt 0.9260820746421814 0.11118015646934509 0
vt 0.91668450832366943 0.11153160035610199 0
vt 0.90720200538635254 0.11171829700469971 0
vt 0.89839053153991699 0.11187681555747986 0
vt 0.8899349570274353 0.11201004683971405 0
vt 0.88165628910064697 0.11213606595993042 0
vt 0.87347590923309326 0.11232975125312805 0
vt 0.86534500122070313 0.11252807080745697 0
vt 0.8572242259979248 0.11272765696048737 0
vt 0.84903699159622192 0.11288566887378693 0
vt 0.84055632352828979 0.11278830468654633 0
vt 0.83195912837982178 0.11335436999797821 0
vt 0.82356041669845581 0.11370891332626343 0
vt 0.8158721923828125 0.11302970349788666 0
vt 0.80596500635147095 0.1115557849407196 0
vt 0.94281899929046631 0.10418176651000977 0
vt 0.92906498908996582 0.10202620923519135 0
vt 0.91708433628082275 0.10069449990987778 0
vt 0.90706360340118408 0.10261249542236328 0
vt 0.89863240718841553 0.10264876484870911 0
vt 0.89032042026519775 0.10264112055301666 0
vt 0.88210254907608032 0.10269215703010559 0
vt 0.87397944927215576 0.10281366109848022 0
vt 0.86596059799194336 0.10298313200473785 0
vt 0.85805219411849976 0.10318577289581299 0
vt 0.85028493404388428 0.10339963436126709 0
vt 0.84269601106643677 0.10349909961223602 0
vt 0.83327925205230713 0.10228635370731354 0
vt 0.82306307554244995 0.1041790097951889 0
vt 0.8148040771484375 0.10418412089347839 0
vt 0.80640345811843872 0.10465062409639359 0
vt 0.9405437707901001 0.083979733288288116 0
vt 0.92759615182876587 0.087047100067138672 0
vt 0.91588389873504639 0.087171122431755066 0
vt 0.9062267541885376 0.087706387042999268 0
vt 0.89835578203201294 0.087177321314811707 0
vt 0.89045840501785278 0.087068691849708557 0
vt 0.88263356685638428 0.087061882019042969 0
vt 0.87489330768585205 0.087146997451782227 0
vt 0.86722582578659058 0.0873117595911026 0
vt 0.85962265729904175 0.087549716234207153 0
vt 0.85203427076339722 0.087933212518692017 0
vt 0.84439718723297119 0.088653892278671265 0
vt 0.8350788950920105 0.088594973087310791 0
vt 0.82506680488586426 0.089523039758205414 0
vt 0.81707215309143066 0.087990924715995789 0
vt 0.80900388956069946 0.086425267159938812 0
vt 0.93850809335708618 0.07731715589761734 0
vt 0.92384552955627441 0.079187281429767609 0
vt 0.91502505540847778 0.079645879566669464 0
vt 0.9061504602432251 0.079311244189739227 0
vt 0.89778542518615723 0.078744761645793915 0
vt 0.89002066850662231 0.078474797308444977 0
vt 0.88252830505371094 0.078387461602687836 0
vt 0.87513023614883423 0.078407488763332367 0
vt 0.86774289608001709 0.078543700277805328 0
vt 0.86034572124481201 0.078831188380718231 0
vt 0.85280239582061768 0.079321734607219696 0
vt 0.84477353096008301 0.080077610909938812 0
vt 0.83648037910461426 0.081041023135185242 0
vt 0.82837224006652832 0.081231385469436646 0
vt 0.8206523060798645 0.080864161252975464 0
vt 0.81069421768188477 0.079478733241558075 0
vt 0.93951481580734253 0.070385843515396118 0
vt 0.925853431224823 0.068914860486984253 0
vt 0.91428506374359131 0.072329364717006683 0
vt 0.90273857116699219 0.068050384521484375 0
vt 0.89654338359832764 0.067277751863002777 0
vt 0.8897559642791748 0.06702711433172226 0
vt 0.88271689414978027 0.066966153681278229 0
vt 0.87561136484146118 0.066990591585636139 0
vt 0.8685377836227417 0.067084662616252899 0
vt 0.86160600185394287 0.067320652306079865 0
vt 0.85496020317077637 0.067857980728149414 0
vt 0.84885698556900024 0.069120317697525024 0
vt 0.83775538206100464 0.073264777660369873 0
vt 0.82762432098388672 0.070802956819534302 0
vt 0.81872451305389404 0.071156725287437439 0
vt 0.81032639741897583 0.072309590876102448 0
vt 0.93804311752319336 0.052869305014610291 0
vt 0.92488038539886475 0.054718967527151108 0
vt 0.91363322734832764 0.060615435242652893 0
vt 0.90248364210128784 0.05830051377415657 0
vt 0.89663100242614746 0.059887230396270752 0
vt 0.89015477895736694 0.06069493293762207 0
vt 0.88337761163711548 0.061181828379631042 0
vt 0.87648481130599976 0.061351105570793152 0
vt 0.86960864067077637 0.061264798045158386 0
vt 0.86287766695022583 0.060939818620681763 0
vt 0.85645598173141479 0.060390651226043701 0
vt 0.85058808326721191 0.059232857078313828 0
vt 0.83915519714355469 0.061711251735687256 0
vt 0.82897341251373291 0.057394225150346756 0
vt 0.82027047872543335 0.056221898645162582 0
vt 0.81208133697509766 0.054457258433103561 0
vt 0.9366346001625061 0.046826932579278946 0
vt 0.92219638824462891 0.048426639288663864 0
vt 0.91333001852035522 0.050513483583927155 0
vt 0.90425902605056763 0.051244229078292847 0
vt 0.89694374799728394 0.0522279292345047 0
vt 0.89004343748092651 0.053140554577112198 0
vt 0.88325780630111694 0.053679849952459335 0
vt 0.87651044130325317 0.053905408829450607 0
vt 0.8697429895401001 0.053801547735929489 0
vt 0.862906813621521 0.053369645029306412 0
vt 0.85589522123336792 0.052626535296440125 0
vt 0.84841173887252808 0.05191078782081604 0
vt 0.83979529142379761 0.052034974098205566 0
vt 0.83108693361282349 0.051042050123214722 0
vt 0.82344496250152588 0.050354160368442535 0
vt 0.81352663040161133 0.048204656690359116 0
vt 0.93792104721069336 0.040700573474168777 0
vt 0.92523449659347534 0.038124691694974899 0
vt 0.91407060623168945 0.038883920758962631 0
vt 0.90453839302062988 0.040428366512060165 0
vt 0.89738577604293823 0.04106530174612999 0
vt 0.89050006866455078 0.042045395821332932 0
vt 0.88376069068908691 0.042627740651369095 0
vt 0.87703490257263184 0.042832370847463608 0
vt 0.87030237913131714 0.042700525373220444 0
vt 0.86353582143783569 0.042226839810609818 0
vt 0.85668081045150757 0.041443344205617905 0
vt 0.84959870576858521 0.040857348591089249 0
vt 0.83995819091796875 0.039965953677892685 0
vt 0.83010566234588623 0.040637042373418808 0
vt 0.8213074803352356 0.040536712855100632 0
vt 0.8129163384437561 0.041813086718320847 0
vt 0.92447364330291748 0.023651503026485443 0
vt 0.91385442018508911 0.028027959167957306 0
vt 0.90429037809371948 0.025527261197566986 0
vt 0.84926706552505493 0.025794878602027893 0
vt 0.83978331089019775 0.029092982411384583 0
vt 0.83003288507461548 0.026417933404445648 0
vt 0.92942029237747192 0.21100910007953644 0
vt 0.91781342029571533 0.21069104969501495 0
vt 0.90792596340179443 0.21121673285961151 0
vt 0.84175461530685425 0.20753006637096405 0
vt 0.832020103931427 0.20692285895347595 0
vt 0.82250064611434937 0.20745113492012024 0
vt 0.93123376369476318 0.35287591814994812 0
vt 0.9187626838684082 0.35381689667701721 0
vt 0.90774416923522949 0.35217225551605225 0
vt 0.89859569072723389 0.35090973973274231 0
vt 0.89194595813751221 0.34991219639778137 0
vt 0.88545256853103638 0.34887811541557312 0
vt 0.87909591197967529 0.34826236963272095 0
vt 0.8727608323097229 0.34801113605499268 0
vt 0.86640822887420654 0.34806573390960693 0
vt 0.8599812388420105 0.34839907288551331 0
vt 0.85342854261398315 0.34894567728042603 0
vt 0.84669947624206543 0.34930133819580078 0
vt 0.83735901117324829 0.34960329532623291 0
vt 0.82746154069900513 0.34984785318374634 0
vt 0.81899172067642212 0.34958574175834656 0
vt 0.81070065498352051 0.34831070899963379 0
vt 0.93045783042907715 0.34594240784645081 0
vt 0.91578441858291626 0.34261536598205566 0
vt 0.90718656778335571 0.34108835458755493 0
vt 0.89883333444595337 0.33921551704406738 0
vt 0.89170569181442261 0.33811527490615845 0
vt 0.88516348600387573 0.33714953064918518 0
vt 0.87882423400878906 0.33654302358627319 0
vt 0.87254488468170166 0.3362584114074707 0
vt 0.86623609066009521 0.33628770709037781 0
vt 0.85981601476669312 0.3366084098815918 0
vt 0.85314041376113892 0.33717760443687439 0
vt 0.84588903188705444 0.33761173486709595 0
vt 0.83768594264984131 0.33799275755882263 0
vt 0.8295709490776062 0.33853074908256531 0
vt 0.8217087984085083 0.33919548988342285 0
vt 0.81154656410217285 0.34125551581382751 0
vt 0.93246656656265259 0.33938851952552795 0
vt 0.91961550712585449 0.33631941676139832 0
vt 0.90716159343719482 0.3340313732624054 0
vt 0.89653617143630981 0.33156010508537292 0
vt 0.89112931489944458 0.32998868823051453 0
vt 0.88514250516891479 0.32907959818840027 0
vt 0.87892723083496094 0.32851782441139221 0
vt 0.87263309955596924 0.32827988266944885 0
vt 0.86636167764663696 0.32830095291137695 0
vt 0.860198974609375 0.32855367660522461 0
vt 0.85427939891815186 0.32900217175483704 0
vt 0.84879499673843384 0.33007216453552246 0
vt 0.83764135837554932 0.33130708336830139 0
vt 0.82720232009887695 0.33175462484359741 0
vt 0.81852877140045166 0.33287316560745239 0
vt 0.81026136875152588 0.33428579568862915 0
vt 0.9330822229385376 0.32128587365150452 0
vt 0.919810950756073 0.32311838865280151 0
vt 0.90781861543655396 0.32253581285476685 0
vt 0.89661169052124023 0.32207185029983521 0
vt 0.89076000452041626 0.32267099618911743 0
vt 0.88465708494186401 0.32270142436027527 0
vt 0.87842941284179688 0.3225836455821991 0
vt 0.87215793132781982 0.32243096828460693 0
vt 0.86591851711273193 0.32230064272880554 0
vt 0.85977929830551147 0.32212811708450317 0
vt 0.853829026222229 0.32175564765930176 0
vt 0.84824180603027344 0.32068967819213867 0
vt 0.83775943517684937 0.31973415613174438 0
vt 0.82700133323669434 0.31916794180870056 0
vt 0.81837624311447144 0.31867867708206177 0
vt 0.81008213758468628 0.31719046831130981 0
vt 0.9317779541015625 0.31497576832771301 0
vt 0.91692996025085449 0.3141484260559082 0
vt 0.90765517950057983 0.31275174021720886 0
vt 0.89829760789871216 0.31233814358711243 0
vt 0.89128285646438599 0.31182533502578735 0
vt 0.88481688499450684 0.31143531203269958 0
vt 0.87849587202072144 0.31114062666893005 0
vt 0.87217569351196289 0.31094467639923096 0
vt 0.86583882570266724 0.31079155206680298 0
vt 0.85947692394256592 0.31064903736114502 0
vt 0.85298424959182739 0.31052359938621521 0
vt 0.84586691856384277 0.31045165657997131 0
vt 0.83737039566040039 0.30959638953208923 0
vt 0.82881730794906616 0.30941888689994812 0
vt 0.82093948125839233 0.30957266688346863 0
vt 0.81084734201431274 0.31056481599807739 0
vt 0.93326282501220703 0.30877101421356201 0
vt 0.91999107599258423 0.30673933029174805 0
vt 0.90839409828186035 0.30320608615875244 0
vt 0.89737182855606079 0.30412182211875916 0
vt 0.89160758256912231 0.30288651585578918 0
vt 0.88540524244308472 0.30233064293861389 0
vt 0.8789827823638916 0.30207264423370361 0
vt 0.87246155738830566 0.30191987752914429 0
vt 0.86593496799468994 0.30179965496063232 0
vt 0.85951095819473267 0.30171364545822144 0
vt 0.85332036018371582 0.30176940560340881 0
vt 0.84758257865905762 0.30225485563278198 0
vt 0.83611971139907837 0.30048170685768127 0
vt 0.82560169696807861 0.30179095268249512 0
vt 0.81758517026901245 0.30275359749794006 0
vt 0.80942451953887939 0.30407828092575073 0
vt 0.9352794885635376 0.29254657030105591 0
vt 0.92140376567840576 0.29408332705497742 0
vt 0.90903866291046143 0.29511085152626038 0
vt 0.8980712890625 0.29472357034683228 0
vt 0.89204752445220947 0.29580181837081909 0
vt 0.88567107915878296 0.29623562097549438 0
vt 0.87906676530838013 0.29647007584571838 0
vt 0.87219721078872681 0.2965463399887085 0
vt 0.86526089906692505 0.29639610648155212 0
vt 0.85844248533248901 0.29595291614532471 0
vt 0.85194921493530273 0.29509353637695313 0
vt 0.84607481956481934 0.29348018765449524 0
vt 0.835460364818573 0.29235750436782837 0
vt 0.82482373714447021 0.28983375430107117 0
vt 0.81605684757232666 0.28962031006813049 0
vt 0.8075716495513916 0.28856813907623291 0
vt 0.93392878770828247 0.28614699840545654 0
vt 0.9186442494392395 0.28574109077453613 0
vt 0.90912550687789917 0.28554299473762512 0
vt 0.8998064398765564 0.28550520539283752 0
vt 0.89278465509414673 0.2855663001537323 0
vt 0.88633102178573608 0.28578397631645203 0
vt 0.87985801696777344 0.28621089458465576 0
vt 0.87259459495544434 0.2864895761013031 0
vt 0.86521255970001221 0.28639209270477295 0
vt 0.85784780979156494 0.28592875599861145 0
vt 0.85043436288833618 0.28513017296791077 0
vt 0.84257769584655762 0.28414300084114075 0
vt 0.83390361070632935 0.2823995053768158 0
vt 0.82541066408157349 0.28115713596343994 0
vt 0.81765210628509521 0.28112941980361938 0
vt 0.80761349201202393 0.28173962235450745 0
vt 0.935546875 0.279783695936203 0
vt 0.92257416248321533 0.27727967500686646 0
vt 0.91078096628189087 0.27569058537483215 0
vt 0.89966529607772827 0.27605488896369934 0
vt 0.89382034540176392 0.27507635951042175 0
vt 0.88782334327697754 0.2750847339630127 0
vt 0.88214045763015747 0.2760663628578186 0
vt 0.87347221374511719 0.27701303362846375 0
vt 0.86532413959503174 0.27701091766357422 0
vt 0.85743272304534912 0.27657487988471985 0
vt 0.84965956211090088 0.27591165900230408 0
vt 0.84192764759063721 0.27500560879707336 0
vt 0.83199405670166016 0.2717648446559906 0
vt 0.82206982374191284 0.27221202850341797 0
vt 0.81398063898086548 0.2734031081199646 0
vt 0.80591487884521484 0.27520453929901123 0
vt 0.9389762282371521 0.26199823617935181 0
vt 0.92457330226898193 0.26418918371200562 0
vt 0.91202402114868164 0.26417970657348633 0
vt 0.9006848931312561 0.26624956727027893 0
vt 0.8947519063949585 0.26693516969680786 0
vt 0.88842856884002686 0.26675093173980713 0
vt 0.88244068622589111 0.26535144448280334 0
vt 0.87344187498092651 0.26366850733757019 0
vt 0.86495798826217651 0.26263058185577393 0
vt 0.85672998428344727 0.26175761222839355 0
vt 0.84865009784698486 0.26095843315124512 0
vt 0.84076279401779175 0.26037931442260742 0
vt 0.83116155862808228 0.25867459177970886 0
vt 0.82099944353103638 0.25905326008796692 0
vt 0.8123776912689209 0.25697630643844604 0
vt 0.80435699224472046 0.25446677207946777 0
vt 0.93730634450912476 0.25525861978530884 0
vt 0.92211920022964478 0.25639235973358154 0
vt 0.91299009323120117 0.25684326887130737 0
vt 0.90398555994033813 0.25738003849983215 0
vt 0.89588660001754761 0.25765261054039001 0
vt 0.88843733072280884 0.25737884640693665 0
vt 0.88110208511352539 0.25649586319923401 0
vt 0.87298226356506348 0.25535276532173157 0
vt 0.8647117018699646 0.25432604551315308 0
vt 0.85642600059509277 0.25337997078895569 0
vt 0.84802144765853882 0.25250282883644104 0
vt 0.83942371606826782 0.2518327534198761 0
vt 0.83114486932754517 0.25138992071151733 0
vt 0.82315480709075928 0.25075575709342957 0
vt 0.81555664539337158 0.24993325769901276 0
vt 0.8058125376701355 0.24835105240345001 0
vt 0.93870186805725098 0.24827708303928375 0
vt 0.92567694187164307 0.24559524655342102 0
vt 0.91407126188278198 0.24913881719112396 0
vt 0.90488153696060181 0.24591568112373352 0
vt 0.89695250988006592 0.24616006016731262 0
vt 0.88906490802764893 0.24600741267204285 0
vt 0.88114100694656372 0.24545747041702271 0
vt 0.87300539016723633 0.24470704793930054 0
vt 0.86478102207183838 0.24385812878608704 0
vt 0.85656648874282837 0.2429710179567337 0
vt 0.8484606146812439 0.24213843047618866 0
vt 0.84045588970184326 0.24168749153614044 0
vt 0.83098793029785156 0.24382203817367554 0
vt 0.82144641876220703 0.24084599316120148 0
vt 0.81334978342056274 0.24121354520320892 0
vt 0.80519109964370728 0.24199391901493073 0
vt 0.94199365377426147 0.22703079879283905 0
vt 0.92773973941802979 0.22849453985691071 0
vt 0.91566890478134155 0.23472912609577179 0
vt 0.9061773419380188 0.22903020679950714 0
vt 0.8980293869972229 0.22880671918392181 0
vt 0.88984906673431396 0.22850053012371063 0
vt 0.88161718845367432 0.22809837758541107 0
vt 0.87335610389709473 0.22752423584461212 0
vt 0.86511039733886719 0.22679914534091949 0
vt 0.85692214965820313 0.22600805759429932 0
vt 0.84887236356735229 0.22556528449058533 0
vt 0.840892493724823 0.22548753023147583 0
vt 0.83082681894302368 0.23051169514656067 0
vt 0.82086688280105591 0.22550418972969055 0
vt 0.81216436624526978 0.22344769537448883 0
vt 0.80426907539367676 0.22086328268051147 0
vt 0.94090664386749268 0.22083142399787903 0
vt 0.9257161021232605 0.22153805196285248 0
vt 0.91637003421783447 0.22285096347332001 0
vt 0.90699511766433716 0.22202585637569427 0
vt 0.8983457088470459 0.2216293066740036 0
vt 0.88991200923919678 0.22136418521404266 0
vt 0.88162475824356079 0.2209879457950592 0
vt 0.87342715263366699 0.2204287052154541 0
vt 0.8652307391166687 0.21970802545547485 0
vt 0.85693401098251343 0.21888247132301331 0
vt 0.84849715232849121 0.21835127472877502 0
vt 0.83983796834945679 0.21836429834365845 0
vt 0.83129620552062988 0.21935743093490601 0
vt 0.82288479804992676 0.21846592426300049 0
vt 0.8154761791229248 0.21747192740440369 0
vt 0.80595898628234863 0.21466158330440521 0
vt 0.94244837760925293 0.21466006338596344 0
vt 0.89928668737411499 0.21085400879383087 0
vt 0.89091598987579346 0.21071441471576691 0
vt 0.88259291648864746 0.2103835791349411 0
vt 0.87430709600448608 0.20983938872814178 0
vt 0.86605334281921387 0.20911084115505219 0
vt 0.85785955190658569 0.20825015008449554 0
vt 0.84972476959228516 0.2076507955789566 0
vt 0.81399643421173096 0.20762757956981659 0
vt 0.80571430921554565 0.20822171866893768 0
vt 0.917991042137146 0.36597126722335815 0
vt 0.90735650062561035 0.36116552352905273 0
vt 0.89796906709671021 0.36347523331642151 0
vt 0.84656369686126709 0.36180633306503296 0
vt 0.83723127841949463 0.35860574245452881 0
vt 0.82764559984207153 0.36166656017303467 0
vt 0.64296585321426392 0.30054590106010437 0
vt 0.35098928213119507 0.34701943397521973 0
vt 0.14337813854217529 0.84706783294677734 0
vt 0.64448088407516479 0.31912115216255188 0
vt 0.35111051797866821 0.37929683923721313 0
vt 0.15976113080978394 0.84633195400238037 0
vt 0.50824475288391113 0.14536245167255402 0
vt 0.32769110798835754 0.80869865417480469 0
vt 0.58161008358001709 0.29836636781692505 0
vt 0.88363707065582275 0.82754874229431152 0
vt 0.64528053998947144 0.34749317169189453 0
vt 0.35315224528312683 0.41093635559082031 0
vt 0.64468222856521606 0.38020876049995422 0
vt 0.76997357606887817 0.039319150149822235 0
vt 0.35870981216430664 0.44011679291725159 0
vt 0.49964988231658936 0.095496475696563721 0
vt 0.64297288656234741 0.41294416785240173 0
vt 0.42338091135025024 0.4411739706993103 0
vt 0.63734394311904907 0.44332832098007202 0
vt 0.48028600215911865 0.039319150149822235 0
vt 0.57229626178741455 0.44324582815170288 0
vt 0.5035279393196106 0.17938187718391418 0
vt 0.35249197483062744 0.52515184879302979 0
vt 0.35272306203842163 0.50935328006744385 0
vt 0.6130974292755127 0.30070975422859192 0
vt 0.30889847874641418 0.060248330235481262 0
vt 0.012000000104308128 0.87084281444549561 0
vt 0.35251209139823914 0.54300582408905029 0
vt 0.3528209924697876 0.56839483976364136 0
vt 0.35370767116546631 0.59344381093978882 0
vt 0.38261711597442627 0.29269310832023621 0
vt 0.56215196847915649 0.82842230796813965 0
vt 0.51239913702011108 0.87084281444549561 0
vt 0.49939048290252686 0.22181078791618347 0
vt 0.35600009560585022 0.61753547191619873 0
vt 0.45558831095695496 0.84432786703109741 0
vt 0.6056022047996521 0.52466279268264771 0
vt 0.88485509157180786 0.81439328193664551 0
vt 0.13695986568927765 0.85922247171401978 0
vt 0.60557651519775391 0.54270726442337036 0
vt 0.6052362322807312 0.56849485635757446 0
vt 0.60454851388931274 0.59408801794052124 0
vt 0.60231316089630127 0.61850762367248535 0
vt 0.75086909532546997 0.22181078791618347 0
vt 0.74673163890838623 0.17938187718391418 0
vt 0.83427232503890991 0.68266558647155762 0
vt 0.74201482534408569 0.14536245167255402 0
vt 0.75060969591140747 0.095496475696563721 0
vt 0.35195046663284302 0.31891831755638123 0
vt 0.35361209511756897 0.29993107914924622 0
vt 0.11321919411420822 0.84825217723846436 0
vt 0.5539168119430542 0.61946624517440796 0
vt 0.50402015447616577 0.61927038431167603 0
vt 0.18675589561462402 0.83288776874542236 0
vt 0.45397356152534485 0.61904984712600708 0
vt 0.28734740614891052 0.83288776874542236 0
vt 0.40435385704040527 0.61860191822052002 0
vt 0.3797096312046051 0.83359253406524658 0
vt 0.0694747194647789 0.85771137475967407 0
vt 0.40296453237533569 0.50871115922927856 0
vt 0.41106468439102173 0.83479946851730347 0
vt 0.36395514011383057 0.83288776874542236 0
vt 0.83469265699386597 0.62889307737350464 0
vt 0.32537820935249329 0.67632031440734863 0
vt 0.45370480418205261 0.50831693410873413 0
vt 0.33764320611953735 0.83288776874542236 0
vt 0.55509376525878906 0.50816655158996582 0
vt 0.60536915063858032 0.50872081518173218 0
vt 0.50449562072753906 0.50809562206268311 0
vt 0.23705168068408966 0.83288776874542236 0
vt 0.47873485088348389 0.28509679436683655 0
vt 0.51718425750732422 0.28498044610023499 0
vt 0.31627100706100464 0.80405509471893311 0
vt 0.12580147385597229 0.86921888589859009 0
vt 0.15909020602703094 0.90977412462234497 0
vt 0.83037948608398438 0.73094552755355835 0
vt 0.18414802849292755 0.94803500175476074 0
vt 0.18780140578746796 0.96019506454467773 0
vt 0.83032089471817017 0.74525278806686401 0
vt 0.77233093976974487 0.77947908639907837 0
vt 0.80176752805709839 0.77891016006469727 0
vt 0.22012652456760406 0.98622524738311768 0
vt 0.24690689146518707 0.98671990633010864 0
vt 0.71464508771896362 0.77950239181518555 0
vt 0.29943028092384338 0.98768281936645508 0
vt 0.31449681520462036 0.97596502304077148 0
vt 0.29113107919692993 0.9755483865737915 0
vt 0.66660451889038086 0.95777899026870728 0
vt 0.64348012208938599 0.95730990171432495 0
vt 0.34576654434204102 0.94306719303131104 0
vt 0.34279945492744446 0.95374041795730591 0
vt 0.61815857887268066 0.93070578575134277 0
vt 0.61674404144287109 0.91995030641555786 0
vt 0.36415445804595947 0.90800225734710693 0
vt 0.61104440689086914 0.88098233938217163 0
vt 0.49147215485572815 0.79825770854949951 0
vt 0.39677411317825317 0.85972946882247925 0
vt 0.59359711408615112 0.82537007331848145 0
vt 0.41285353899002075 0.28752711415290833 0
vt 0.49191823601722717 0.81146144866943359 0
vt 0.67313909530639648 0.62461882829666138 0
vt 0.8240506649017334 0.62456309795379639 0
vt 0.016982205212116241 0.36807522177696228 0
vt 0.020136307924985886 0.34293323755264282 0
vt 0.074394673109054565 0.33793428540229797 0
vt 0.016364239156246185 0.38810482621192932 0
vt 0.016254395246505737 0.4171784520149231 0
vt 0.017194382846355438 0.44596695899963379 0
vt 0.022724676877260208 0.47925654053688049 0
vt 0.074920713901519775 0.48200884461402893 0
vt 0.13131330907344818 0.34230634570121765 0
vt 0.13057377934455872 0.48288357257843018 0
vt 0.18861883878707886 0.34187343716621399 0
vt 0.18765068054199219 0.48300504684448242 0
vt 0.24503642320632935 0.33723682165145874 0
vt 0.2453630268573761 0.48232269287109375 0
vt 0.29885244369506836 0.34461566805839539 0
vt 0.30187979340553284 0.36818194389343262 0
vt 0.30234122276306152 0.38743901252746582 0
vt 0.30233967304229736 0.41613331437110901 0
vt 0.30253863334655762 0.44513124227523804 0
vt 0.29899829626083374 0.48105788230895996 0
vt 0.31573057174682617 0.53052800893783569 0
vt 0.31219267845153809 0.50447976589202881 0
vt 0.25569766759872437 0.49843192100524902 0
vt 0.31594079732894897 0.55262339115142822 0
vt 0.31591594219207764 0.58176285028457642 0
vt 0.31565260887145996 0.61091208457946777 0
vt 0.31177991628646851 0.64839631319046021 0
vt 0.25529545545578003 0.65031731128692627 0
vt 0.19857668876647949 0.50150996446609497 0
vt 0.19856303930282593 0.65023493766784668 0
vt 0.1416609138250351 0.50153267383575439 0
vt 0.14187626540660858 0.65024477243423462 0
vt 0.084632746875286102 0.49848762154579163 0
vt 0.085199348628520966 0.65028262138366699 0
vt 0.028187014162540436 0.50437778234481812 0
vt 0.024579085409641266 0.53041231632232666 0
vt 0.024321116507053375 0.55250662565231323 0
vt 0.024331964552402496 0.58162844181060791 0
vt 0.024589933454990387 0.61088085174560547 0
vt 0.0279984250664711 0.64906209707260132 0
vt 0.068810790777206421 0.84432786703109741 0
vt 0.11333442479372025 0.83479946851730347 0
vt 0.14468945562839508 0.83359253406524658 0
vt 0.45492437481880188 0.85771137475967407 0
vt 0.41117990016937256 0.84825223684310913 0
vt 0.36463797092437744 0.84633195400238037 0
vt 0.38102102279663086 0.84706783294677734 0
vt 0.23705168068408966 0.84628766775131226 0
vt 0.28734740614891052 0.84628766775131226 0
vt 0.18675589561462402 0.84628766775131226 0
vt 0.16044396162033081 0.83288776874542236 0
vt 0.33764320611953735 0.84628766775131226 0
vt 0.19299493730068207 0.97104710340499878 0
vt 0.82805716991424561 0.75800323486328125 0
vt 0.20063230395317078 0.97962462902069092 0
vt 0.024278890341520309 0.67896580696105957 0
vt 0.018859283998608589 0.79801398515701294 0
vt 0.82184821367263794 0.76889896392822266 0
vt 0.21001541614532471 0.98485171794891357 0
vt 0.81262105703353882 0.77627253532409668 0
vt 0.63487100601196289 0.95507168769836426 0
vt 0.32335302233695984 0.97505509853363037 0
vt 0.6273455023765564 0.94917917251586914 0
vt 0.33164083957672119 0.97068113088607788 0
vt 0.62147283554077148 0.9407426118850708 0
vt 0.33837074041366577 0.9632570743560791 0
vt 0.82645803689956665 0.8164132833480835 0
vt 0.78793466091156006 0.80838966369628906 0
vt 0.77697539329528809 0.80915677547454834 0
vt 0.71558493375778198 0.8065604567527771 0
vt 0.73870301246643066 0.8066743016242981 0
vt 0.74745786190032959 0.80776107311248779 0
vt 0.76658499240875244 0.80919313430786133 0
vt 0.75668442249298096 0.80871319770812988 0
vt 0.49991136789321899 0.67926174402236938 0
vt 0.66121053695678711 0.62895834445953369 0
vt 0.66079723834991455 0.68273711204528809 0
vt 0.37764957547187805 0.91146302223205566 0
vt 0.40919575095176697 0.86980748176574707 0
vt 0.50471436977386475 0.80723011493682861 0
vt 0.66542845964431763 0.73110437393188477 0
vt 0.35332822799682617 0.95029407739639282 0
vt 0.66542983055114746 0.74564480781555176 0
vt 0.34992751479148865 0.96252721548080444 0
vt 0.34485155344009399 0.97343474626541138 0
vt 0.66767871379852295 0.75827378034591675 0
vt 0.16317957639694214 0.67683058977127075 0
vt 0.33713802695274353 0.98194384574890137 0
vt 0.67387723922729492 0.76895427703857422 0
vt 0.17225591838359833 0.79565590620040894 0
vt 0.32763895392417908 0.9869571328163147 0
vt 0.68309581279754639 0.77632158994674683 0
vt 0.31748834252357483 0.98799997568130493 0
vt 0.69394439458847046 0.77895349264144897 0
vt 0.17085826396942139 0.90660601854324341 0
vt 0.19054894149303436 0.94095629453659058 0
vt 0.19373650848865509 0.95156580209732056 0
vt 0.19826775789260864 0.96103399991989136 0
vt 0.20493122935295105 0.96851778030395508 0
vt 0.21311788260936737 0.97307831048965454 0
vt 0.22193968296051025 0.97427672147750854 0
vt 0.245305135846138 0.97470831871032715 0
#end 1054 textures vertices 

#begin 2764 normals 
vn -0.001176 0.32605000000000001 0.94535199999999997
vn -0.001176 0.32605000000000001 0.94535199999999997
vn -0.001176 0.32605000000000001 0.94535199999999997
vn -0.001176 0.32605000000000001 0.94535199999999997
vn 0 0.32581599999999999 0.94543299999999997
vn 0 0.32581599999999999 0.94543299999999997
vn 0 0.32581599999999999 0.94543299999999997
vn 0 0.32581599999999999 0.94543299999999997
vn 0 0.32581599999999999 0.94543299999999997
vn 0 0.32581599999999999 0.94543299999999997
vn 0 0.32581599999999999 0.94543299999999997
vn 0 0.32581599999999999 0.94543299999999997
vn 0 0.32581599999999999 0.94543299999999997
vn 0 0.32581599999999999 0.94543299999999997
vn 0 0.32581599999999999 0.94543299999999997
vn 0 0.32581599999999999 0.94543299999999997
vn 0 0.32581599999999999 0.94543299999999997
vn 0 0.32581599999999999 0.94543299999999997
vn 0 0.32581599999999999 0.94543299999999997
vn 0 0.32581599999999999 0.94543299999999997
vn 0 0.169854 0.98546900000000004
vn 0 0.169854 0.98546900000000004
vn 0 0.169854 0.98546900000000004
vn 0 0.169854 0.98546900000000004
vn 0 0.169854 0.98546900000000004
vn 0 0.169854 0.98546900000000004
vn 0 0.169854 0.98546900000000004
vn 0 0.169854 0.98546900000000004
vn 0 0.169854 0.98546900000000004
vn 0 0.169854 0.98546900000000004
vn 0 0.169854 0.98546900000000004
vn 0 0.169854 0.98546900000000004
vn 0 0.169854 0.98546900000000004
vn 0 0.169854 0.98546900000000004
vn 0 0.169854 0.98546900000000004
vn 0 0.169854 0.98546900000000004
vn 0 0.169854 0.98546900000000004
vn 0 0.169854 0.98546900000000004
vn 0 0.169854 0.98546900000000004
vn 0 0.169854 0.98546900000000004
vn 0 -0.13733799999999999 0.99052399999999996
vn 0 -0.13733799999999999 0.99052399999999996
vn 0 -0.13733799999999999 0.99052399999999996
vn 0 -0.13733799999999999 0.99052399999999996
vn 0 -0.13733799999999999 0.99052399999999996
vn 0 -0.13733799999999999 0.99052399999999996
vn 0 -0.13733799999999999 0.99052399999999996
vn 0 -0.13733799999999999 0.99052399999999996
vn 0 -0.13733799999999999 0.99052399999999996
vn 0 -0.13733799999999999 0.99052399999999996
vn 0 -0.13733799999999999 0.99052399999999996
vn 0 -0.13733799999999999 0.99052399999999996
vn 0 -0.13733799999999999 0.99052399999999996
vn 0 -0.13733799999999999 0.99052399999999996
vn 0 -0.13733799999999999 0.99052399999999996
vn 0 -0.13733799999999999 0.99052399999999996
vn 0 -0.13733799999999999 0.99052399999999996
vn 0 -0.13733799999999999 0.99052399999999996
vn 0 -0.13733799999999999 0.99052399999999996
vn 0 -0.13733799999999999 0.99052399999999996
vn 0 -0.097053 0.99527900000000002
vn 0 -0.097053 0.99527900000000002
vn 0 -0.097053 0.99527900000000002
vn 0 -0.097053 0.99527900000000002
vn 0 -0.097053 0.99527900000000002
vn 0 -0.097053 0.99527900000000002
vn 0 -0.097053 0.99527900000000002
vn 0 -0.097053 0.99527900000000002
vn 0 -0.097053 0.99527900000000002
vn 0 -0.097053 0.99527900000000002
vn 0 -0.097053 0.99527900000000002
vn 0 -0.097053 0.99527900000000002
vn 0 -0.097053 0.99527900000000002
vn 0 -0.097053 0.99527900000000002
vn 0 -0.097053 0.99527900000000002
vn 0 -0.097053 0.99527900000000002
vn 0 -0.097053 0.99527900000000002
vn 0 -0.097053 0.99527900000000002
vn 0 -0.097053 0.99527900000000002
vn 0 -0.097053 0.99527900000000002
vn -0.45001400000000003 0.86772099999999996 0.211063
vn -0.45001400000000003 0.86772099999999996 0.211063
vn -0.45001400000000003 0.86772099999999996 0.211063
vn 0 1 0
vn 0 1 0
vn 0 1 0
vn 0 1 0
vn 0 1 0
vn 0 1 0
vn 0 1 0
vn 0 1 0
vn 0 1 0
vn 0 1 0
vn 0 1 0
vn 0 1 0
vn 0 1 0
vn 0 1 0
vn 0 1 0
vn 0 1 0
vn 0 1 0
vn 0 1 0
vn 0 1 0
vn 0 1 0
vn 0 1 -0
vn 0 1 -0
vn 0 1 -0
vn 0 1 -0
vn 0 1 0
vn 0 1 0
vn 0 1 0
vn 0 1 0
vn 0 1 0
vn 0 1 0
vn 0 1 0
vn 0 1 0
vn 0 1 0
vn 0 1 0
vn 0 1 0
vn 0 1 0
vn 0 1 0
vn 0 1 0
vn 0 1 0
vn 0 1 0
vn 0 1 0
vn 0 1 0
vn 0 1 0
vn 0 1 0
vn 0 1 0
vn 0 1 0
vn 0 1 0
vn 0 1 0
vn 0 1 0
vn 0 1 0
vn 0 1 0
vn 0 1 0
vn 0 1 0
vn 0 1 0
vn 0 1 0
vn 0 1 0
vn 0 1 0
vn 0 1 0
vn 0 1 0
vn 0 1 0
vn 0 1 0
vn 0 1 0
vn 0 1 0
vn 0 1 0
vn 0 1 -0
vn 0 1 -0
vn 0 1 -0
vn 0 1 -0
vn 0 1 0
vn 0 1 0
vn 0 1 0
vn 0 1 0
vn 0 1 0
vn 0 1 0
vn 0 1 0
vn 0 1 0
vn 0 1 -0
vn 0 1 -0
vn 0 1 -0
vn 0 1 -0
vn 0 1 -0
vn 0 1 -0
vn 0 1 -0
vn 0 1 -0
vn 0 1 -0
vn 0 1 0
vn 0 1 0
vn 0 1 0
vn 0 1 0
vn 0 1 0
vn 0 1 0
vn 0 1 0
vn 0 1 0
vn 0 1 0
vn 0 1 0
vn 0 1 0
vn 0 1 0
vn 0 -0.097053 -0.99527900000000002
vn 0 -0.097053 -0.99527900000000002
vn 0 -0.097053 -0.99527900000000002
vn 0 -0.097053 -0.99527900000000002
vn 0 -0.097053 -0.99527900000000002
vn 0 -0.097053 -0.99527900000000002
vn 0 -0.097053 -0.99527900000000002
vn 0 -0.097053 -0.99527900000000002
vn 0 -0.097053 -0.99527900000000002
vn 0 -0.097053 -0.99527900000000002
vn 0 -0.097053 -0.99527900000000002
vn 0 -0.097053 -0.99527900000000002
vn 0 -0.13733799999999999 -0.99052399999999996
vn 0 -0.13733799999999999 -0.99052399999999996
vn 0 -0.13733799999999999 -0.99052399999999996
vn 0 -0.13733799999999999 -0.99052399999999996
vn 0 -0.13733799999999999 -0.99052399999999996
vn 0 -0.13733799999999999 -0.99052399999999996
vn 0 -0.13733799999999999 -0.99052399999999996
vn 0 -0.13733799999999999 -0.99052399999999996
vn 0 -0.13733799999999999 -0.99052399999999996
vn 0 -0.13733799999999999 -0.99052399999999996
vn 0 -0.13733799999999999 -0.99052399999999996
vn 0 -0.13733799999999999 -0.99052399999999996
vn 0 -0.13733799999999999 -0.99052399999999996
vn 0 -0.13733799999999999 -0.99052399999999996
vn 0 -0.13733799999999999 -0.99052399999999996
vn 0 -0.13733799999999999 -0.99052399999999996
vn 0 -0.13733799999999999 -0.99052399999999996
vn 0 -0.13733799999999999 -0.99052399999999996
vn 0 -0.13733799999999999 -0.99052399999999996
vn 0 -0.13733799999999999 -0.99052399999999996
vn 0 0.169854 -0.98546900000000004
vn 0 0.169854 -0.98546900000000004
vn 0 0.169854 -0.98546900000000004
vn 0 0.169854 -0.98546900000000004
vn 0 0.169854 -0.98546900000000004
vn 0 0.169854 -0.98546900000000004
vn 0 0.169854 -0.98546900000000004
vn 0 0.169854 -0.98546900000000004
vn 0 0.169854 -0.98546900000000004
vn 0 0.169854 -0.98546900000000004
vn 0 0.169854 -0.98546900000000004
vn 0 0.169854 -0.98546900000000004
vn 0 0.169854 -0.98546900000000004
vn 0 0.169854 -0.98546900000000004
vn 0 0.169854 -0.98546900000000004
vn 0 0.169854 -0.98546900000000004
vn -0.001176 0.32604899999999998 -0.94535199999999997
vn -0.001176 0.32604899999999998 -0.94535199999999997
vn -0.001176 0.32604899999999998 -0.94535199999999997
vn -0.001176 0.32604899999999998 -0.94535199999999997
vn 0 0.32581599999999999 -0.94543299999999997
vn 0 0.32581599999999999 -0.94543299999999997
vn 0 0.32581599999999999 -0.94543299999999997
vn 0 0.32581599999999999 -0.94543299999999997
vn 0 0.32581599999999999 -0.94543299999999997
vn 0 0.32581599999999999 -0.94543299999999997
vn 0 0.32581599999999999 -0.94543299999999997
vn 0 0.32581599999999999 -0.94543299999999997
vn 0 0.32581599999999999 -0.94543299999999997
vn 0 0.32581599999999999 -0.94543299999999997
vn 0 0.32581599999999999 -0.94543299999999997
vn 0 0.32581599999999999 -0.94543299999999997
vn 0.99995000000000001 0.0066100000000000004 0.0075249999999999996
vn 0.99995000000000001 0.0066100000000000004 0.0075249999999999996
vn 0.99995000000000001 0.0066100000000000004 0.0075249999999999996
vn 0.99995000000000001 0.0066100000000000004 0.0075249999999999996
vn 0.99995000000000001 0.0066100000000000004 -0.0075249999999999996
vn 0.99995000000000001 0.0066100000000000004 -0.0075249999999999996
vn 0.99995000000000001 0.0066100000000000004 -0.0075249999999999996
vn 0.99995000000000001 0.0066100000000000004 -0.0075249999999999996
vn 1 0 0
vn 1 0 0
vn 1 0 0
vn 1 0 0
vn 1 -0 0
vn 1 -0 0
vn 1 -0 0
vn 1 -0 0
vn 1 0 0
vn 1 0 0
vn 1 0 0
vn 1 0 0
vn 1 -0 0
vn 1 -0 0
vn 1 -0 0
vn 1 -0 0
vn 1 0 0
vn 1 0 0
vn 1 0 0
vn 1 0 0
vn 1 0 0
vn 1 0 0
vn 1 0 0
vn 1 0 0
vn 1 0 0
vn 1 0 0
vn 1 0 0
vn 1 0 0
vn 1 0 -0
vn 1 0 -0
vn 1 0 -0
vn 1 0 -0
vn 1 0 0
vn 1 0 0
vn 1 0 0
vn 1 0 0
vn -0.881552 0.460754 -0.10281700000000001
vn -0.881552 0.460754 -0.10281700000000001
vn -0.88155300000000003 0.460754 -0.10281700000000001
vn -0.881552 0.460754 -0.10281700000000001
vn -0.97615300000000005 0.16961899999999999 0.13547999999999999
vn -0.97615300000000005 0.16961899999999999 0.13547999999999999
vn -0.97615300000000005 0.16961999999999999 0.13547999999999999
vn -0.97615300000000005 0.16961899999999999 0.13547999999999999
vn -0.98439100000000002 0.095388000000000001 -0.14790400000000001
vn -0.98439100000000002 0.095388000000000001 -0.14790400000000001
vn -0.98439100000000002 0.095388000000000001 -0.14790400000000001
vn -0.98439100000000002 0.095388000000000001 -0.14790400000000001
vn -0.94764599999999999 0.13463800000000001 0.28955199999999998
vn -0.94764599999999999 0.13463800000000001 0.28955199999999998
vn -0.94764599999999999 0.13463800000000001 0.28955199999999998
vn -0.94764599999999999 0.13463800000000001 0.28955199999999998
vn -1 0 -0
vn -1 0 -0
vn -1 0 -0
vn -1 0 -0
vn -0.912713 -0.031261999999999998 0.40740399999999999
vn -0.912713 -0.031261999999999998 0.40740399999999999
vn -0.912713 -0.031261999999999998 0.40740399999999999
vn -0.912713 -0.031261999999999998 0.40740399999999999
vn -0.912713 -0.031261999999999998 0.40740399999999999
vn -1 -0 -0
vn -1 -0 -0
vn -1 -0 -0
vn -1 -0 -0
vn -1 -0 -0
vn -1 -0 -0
vn -1 -0 0
vn -1 -0 0
vn -1 -0 0
vn -1 -0 0
vn -1 -0 0
vn -1 -0 0
vn -1 -0 0
vn -1 -0 0
vn -1 0 -0
vn -1 0 -0
vn -1 0 -0
vn -1 0 -0
vn 0.025569999999999999 0.99967300000000003 -0
vn 0.025569999999999999 0.99967300000000003 -0
vn 0.025569999999999999 0.99967300000000003 -0
vn 0.025569999999999999 0.99967300000000003 -0
vn 0.025097999999999999 0.99968500000000005 1.9000000000000001e-005
vn 0.025097999999999999 0.99968500000000005 1.9000000000000001e-005
vn 0.025097999999999999 0.99968500000000005 1.9000000000000001e-005
vn 0.025097999999999999 0.99968500000000005 1.9000000000000001e-005
vn 0.025097999999999999 0.99968500000000005 1.9000000000000001e-005
vn -0.0064460000000000003 -0.128168 -0.99173100000000003
vn -0.0064460000000000003 -0.128168 -0.99173199999999995
vn -0.0064460000000000003 -0.128168 -0.99173100000000003
vn -0.0064460000000000003 -0.128168 -0.99173100000000003
vn 0.057458000000000002 -0.110362 -0.99222900000000003
vn 0.057458000000000002 -0.110362 -0.99222900000000003
vn 0.057458000000000002 -0.110362 -0.99222900000000003
vn 0.057458000000000002 -0.110362 -0.99222900000000003
vn 0.065212999999999993 0.004829 -0.99785999999999997
vn 0.065212999999999993 0.004829 -0.99785999999999997
vn 0.065212999999999993 0.004829 -0.99785999999999997
vn 0.065212999999999993 0.004829 -0.99785999999999997
vn 0.064288999999999999 -0.99778900000000004 -0.016833000000000001
vn 0.064288999999999999 -0.99778900000000004 -0.016833000000000001
vn 0.064288999999999999 -0.99778900000000004 -0.016833000000000001
vn 0.064288999999999999 -0.99778900000000004 -0.016833000000000001
vn 0.064106999999999997 -0.99794300000000002 -0
vn 0.064106999999999997 -0.99794300000000002 -0
vn 0.064106999999999997 -0.99794300000000002 -0
vn 0.064106999999999997 -0.99794300000000002 -0
vn 0.060038000000000001 -0.99806700000000004 0.016076
vn 0.060038000000000001 -0.99806700000000004 0.016076
vn 0.060038000000000001 -0.99806700000000004 0.016076
vn 0.060038000000000001 -0.99806700000000004 0.016076
vn 0.060866000000000003 0.0091520000000000004 0.99810399999999999
vn 0.060866000000000003 0.0091520000000000004 0.99810399999999999
vn 0.060866000000000003 0.0091520000000000004 0.99810399999999999
vn 0.060866000000000003 0.0091520000000000004 0.99810399999999999
vn 0.053303000000000003 -0.051970000000000002 0.99722500000000003
vn 0.053303000000000003 -0.051970000000000002 0.99722500000000003
vn 0.053303000000000003 -0.051970000000000002 0.99722500000000003
vn 0.053303000000000003 -0.051970000000000002 0.99722500000000003
vn -0.0069160000000000003 -0.19977200000000001 0.97981799999999997
vn -0.0069160000000000003 -0.19977200000000001 0.97981799999999997
vn -0.0069160000000000003 -0.19977200000000001 0.97981799999999997
vn -0.0069160000000000003 -0.19977200000000001 0.97981799999999997
vn 0.025097999999999999 0.99968500000000005 -1.9000000000000001e-005
vn 0.025097999999999999 0.99968500000000005 -1.9000000000000001e-005
vn 0.025097999999999999 0.99968500000000005 -1.9000000000000001e-005
vn 0.025097999999999999 0.99968500000000005 -1.9000000000000001e-005
vn 0.025097999999999999 0.99968500000000005 -1.9000000000000001e-005
vn 1 -0 -0
vn 1 -0 -0
vn 1 -0 -0
vn 1 -0 -0
vn 1 0 -0
vn 1 0 -0
vn 1 0 -0
vn 1 0 -0
vn -1 0 0
vn -1 0 0
vn -1 0 0
vn -1 0 0
vn -1 0 -0
vn -1 0 -0
vn -1 0 -0
vn -1 0 -0
vn 0 -0.846576 0.53226700000000005
vn 0 -0.846576 0.53226700000000005
vn 0 -0.846576 0.53226700000000005
vn 0 -0.846576 0.53226700000000005
vn -0.23242399999999999 -0.97226599999999996 0.026032
vn -0.23242399999999999 -0.97226599999999996 0.026032
vn -0.23242399999999999 -0.97226599999999996 0.026032
vn -0.23242399999999999 -0.97226599999999996 0.026032
vn 0 -0.846576 0.53226799999999996
vn 0 -0.846576 0.53226799999999996
vn 0 -0.846576 0.53226799999999996
vn 0 -0.846576 0.53226799999999996
vn 0 -0.846576 0.53226799999999996
vn 0 -0.846576 0.53226799999999996
vn 0 -0.846576 0.53226799999999996
vn 0 -0.846576 0.53226799999999996
vn 0 -0.846576 0.53226700000000005
vn 0 -0.846576 0.53226700000000005
vn 0 -0.846576 0.53226700000000005
vn 0 -0.846576 0.53226700000000005
vn 0 -0.846576 0.53226799999999996
vn 0 -0.846576 0.53226799999999996
vn 0 -0.846576 0.53226799999999996
vn 0 -0.846576 0.53226799999999996
vn 0.99969799999999998 0.024589 0.000388
vn 0.99969799999999998 0.024589 0.000388
vn 0.99969799999999998 0.024589 0.000388
vn 0.99969799999999998 0.024589 0.000388
vn -0.169102 -0.98559600000000003 -0.002366
vn -0.169102 -0.98559600000000003 -0.002366
vn -0.169102 -0.98559600000000003 -0.002366
vn -0.169102 -0.98559600000000003 -0.002366
vn 0.999749 0.022411 0
vn 0.999749 0.022411 0
vn 0.999749 0.022411 0
vn 0.999749 0.022411 0
vn -0.178372 -0.98396300000000003 0
vn -0.178372 -0.98396300000000003 0
vn -0.178372 -0.98396300000000003 0
vn -0.178372 -0.98396300000000003 0
vn 0.999749 0.022411 0
vn 0.999749 0.022411 0
vn 0.999749 0.022411 0
vn 0.999749 0.022411 0
vn -0.169102 -0.98559600000000003 0.002366
vn -0.169102 -0.98559600000000003 0.002366
vn -0.169102 -0.98559600000000003 0.002366
vn -0.169102 -0.98559600000000003 0.002366
vn 0.999749 0.022412000000000001 0
vn 0.999749 0.022412000000000001 0
vn 0.999749 0.022412000000000001 0
vn 0.999749 0.022412000000000001 0
vn 0 -0.846576 -0.53226700000000005
vn 0 -0.846576 -0.53226700000000005
vn 0 -0.846576 -0.53226700000000005
vn 0 -0.846576 -0.53226700000000005
vn -0.23242399999999999 -0.97226599999999996 -0.026032
vn -0.23242399999999999 -0.97226599999999996 -0.026032
vn -0.23242399999999999 -0.97226599999999996 -0.026032
vn -0.23242399999999999 -0.97226599999999996 -0.026032
vn 0 -0.846576 -0.53226799999999996
vn 0 -0.846576 -0.53226799999999996
vn 0 -0.846576 -0.53226799999999996
vn 0 -0.846576 -0.53226799999999996
vn 0 -0.846576 -0.53226799999999996
vn 0 -0.846576 -0.53226799999999996
vn 0 -0.846576 -0.53226799999999996
vn 0 -0.846576 -0.53226799999999996
vn 0 -0.846576 -0.53226700000000005
vn 0 -0.846576 -0.53226700000000005
vn 0 -0.846576 -0.53226700000000005
vn 0 -0.846576 -0.53226700000000005
vn 0.99969799999999998 0.024589 -0.000388
vn 0.99969799999999998 0.024589 -0.000388
vn 0.99969799999999998 0.024589 -0.000388
vn 0.99969799999999998 0.024589 -0.000388
vn 0 -0.846576 -0.53226799999999996
vn 0 -0.846576 -0.53226799999999996
vn 0 -0.846576 -0.53226799999999996
vn 0 -0.846576 -0.53226799999999996
vn 0 -0.77251599999999998 0.63499499999999998
vn 0 -0.77251599999999998 0.63499499999999998
vn 0 -0.77251599999999998 0.63499499999999998
vn 0 -0.77251599999999998 0.63499499999999998
vn -0.55852900000000005 -0.828592 0.038491999999999998
vn -0.55852900000000005 -0.828592 0.038491999999999998
vn -0.55852900000000005 -0.828592 0.038491999999999998
vn -0.55852900000000005 -0.828592 0.038491999999999998
vn 0 -0.77251599999999998 0.63499499999999998
vn 0 -0.77251599999999998 0.63499499999999998
vn 0 -0.77251599999999998 0.63499499999999998
vn 0 -0.77251599999999998 0.63499499999999998
vn 0 -0.77251599999999998 0.634996
vn 0 -0.77251599999999998 0.634996
vn 0 -0.77251599999999998 0.634996
vn 0 -0.77251599999999998 0.634996
vn 0 -0.77251499999999995 0.634996
vn 0 -0.77251499999999995 0.634996
vn 0 -0.77251499999999995 0.634996
vn 0 -0.77251499999999995 0.634996
vn 0 -0.77251599999999998 0.63499499999999998
vn 0 -0.77251599999999998 0.63499499999999998
vn 0 -0.77251599999999998 0.634996
vn 0 -0.77251599999999998 0.634996
vn 0.67507600000000001 -0.73766699999999996 -0.010925000000000001
vn 0.67507600000000001 -0.73766699999999996 -0.010925000000000001
vn 0.67507600000000001 -0.73766699999999996 -0.010925000000000001
vn 0.67507600000000001 -0.73766699999999996 -0.010925000000000001
vn -0.56854499999999997 -0.82206100000000004 -0.031177
vn -0.56854499999999997 -0.82206100000000004 -0.031177
vn -0.56854499999999997 -0.82206100000000004 -0.031177
vn -0.56854499999999997 -0.82206100000000004 -0.031177
vn 0.61298399999999997 -0.79009499999999999 0
vn 0.61298399999999997 -0.79009499999999999 0
vn 0.61298399999999997 -0.79009499999999999 0
vn 0.61298399999999997 -0.79009499999999999 0
vn -0.62230799999999997 -0.78277200000000002 0
vn -0.62230799999999997 -0.78277200000000002 0
vn -0.62230799999999997 -0.78277200000000002 0
vn -0.62230799999999997 -0.78277200000000002 0
vn 0.61298399999999997 -0.79009499999999999 0
vn 0.61298399999999997 -0.79009499999999999 0
vn 0.61298399999999997 -0.79009499999999999 0
vn 0.61298399999999997 -0.79009499999999999 0
vn -0.56854499999999997 -0.82206100000000004 0.031177
vn -0.56854499999999997 -0.82206100000000004 0.031177
vn -0.56854499999999997 -0.82206100000000004 0.031177
vn -0.56854499999999997 -0.82206100000000004 0.031177
vn 0.61298399999999997 -0.79009600000000002 0
vn 0.61298399999999997 -0.79009600000000002 0
vn 0.61298399999999997 -0.79009600000000002 0
vn 0.61298399999999997 -0.79009600000000002 0
vn 0 -0.77251599999999998 -0.63499499999999998
vn 0 -0.77251599999999998 -0.63499499999999998
vn 0 -0.77251599999999998 -0.63499499999999998
vn 0 -0.77251599999999998 -0.63499499999999998
vn -0.55852900000000005 -0.828592 -0.038491999999999998
vn -0.55852900000000005 -0.828592 -0.038491999999999998
vn -0.55852900000000005 -0.828592 -0.038491999999999998
vn -0.55852900000000005 -0.828592 -0.038491999999999998
vn 0 -0.77251599999999998 -0.63499499999999998
vn 0 -0.77251599999999998 -0.63499499999999998
vn 0 -0.77251599999999998 -0.63499499999999998
vn 0 -0.77251599999999998 -0.63499499999999998
vn 0 -0.77251599999999998 -0.634996
vn 0 -0.77251599999999998 -0.634996
vn 0 -0.77251599999999998 -0.63499499999999998
vn 0 -0.77251599999999998 -0.634996
vn 0 -0.77251599999999998 -0.634996
vn 0 -0.77251599999999998 -0.634996
vn 0 -0.77251599999999998 -0.634996
vn 0 -0.77251599999999998 -0.634996
vn 0.67507600000000001 -0.73766699999999996 0.010925000000000001
vn 0.67507600000000001 -0.73766699999999996 0.010925000000000001
vn 0.67507600000000001 -0.73766699999999996 0.010925000000000001
vn 0.67507600000000001 -0.73766699999999996 0.010925000000000001
vn 0 -0.77251599999999998 -0.63499499999999998
vn 0 -0.77251599999999998 -0.63499499999999998
vn 0 -0.77251599999999998 -0.63499499999999998
vn 0 -0.77251599999999998 -0.63499499999999998
vn 0 0 1
vn 0 0 1
vn 0 0 1
vn 0 0 1
vn -0.95497299999999996 -0.28408 0.085587999999999997
vn -0.95497299999999996 -0.28408 0.085587999999999997
vn -0.95497299999999996 -0.28408 0.085587999999999997
vn -0.95497299999999996 -0.28408 0.085587999999999997
vn 0 0 1
vn 0 0 1
vn 0 0 1
vn 0 0 1
vn 0 0 1
vn 0 0 1
vn 0 0 1
vn 0 0 1
vn 0 0 1
vn 0 0 1
vn 0 0 1
vn 0 0 1
vn 0 0 1
vn 0 0 1
vn 0 0 1
vn 0 0 1
vn 1 0 0
vn 1 0 0
vn 1 0 0
vn 1 0 0
vn -0.94621200000000005 -0.31387599999999999 -0.078517000000000003
vn -0.94621200000000005 -0.31387599999999999 -0.078517000000000003
vn -0.94621200000000005 -0.31387599999999999 -0.078517000000000003
vn -0.94621200000000005 -0.31387599999999999 -0.078517000000000003
vn 1 0 0
vn 1 0 0
vn 1 0 0
vn 1 0 0
vn -0.94574000000000003 -0.32492399999999999 0
vn -0.94574000000000003 -0.32492399999999999 0
vn -0.94574000000000003 -0.32492399999999999 0
vn -0.94574000000000003 -0.32492399999999999 0
vn 1 0 0
vn 1 0 0
vn 1 0 0
vn 1 0 0
vn -0.94621200000000005 -0.31387599999999999 0.078517000000000003
vn -0.94621200000000005 -0.31387599999999999 0.078517000000000003
vn -0.94621200000000005 -0.31387599999999999 0.078517000000000003
vn -0.94621200000000005 -0.31387599999999999 0.078517000000000003
vn 1 0 0
vn 1 0 0
vn 1 0 0
vn 1 0 0
vn 0 0 -1
vn 0 0 -1
vn 0 0 -1
vn 0 0 -1
vn -0.95497299999999996 -0.28407900000000003 -0.085587999999999997
vn -0.95497299999999996 -0.28407900000000003 -0.085587999999999997
vn -0.95497299999999996 -0.28407900000000003 -0.085587999999999997
vn -0.95497299999999996 -0.28407900000000003 -0.085587999999999997
vn 0 0 -1
vn 0 0 -1
vn 0 0 -1
vn 0 0 -1
vn 0 0 -1
vn 0 0 -1
vn 0 0 -1
vn 0 0 -1
vn 0 0 -1
vn 0 0 -1
vn 0 0 -1
vn 0 0 -1
vn 1 0 0
vn 1 0 0
vn 1 0 0
vn 1 0 0
vn 0 0 -1
vn 0 0 -1
vn 0 0 -1
vn 0 0 -1
vn -0.075427999999999995 0.54800400000000005 0.83306800000000003
vn -0.075427999999999995 0.54800400000000005 0.83306800000000003
vn -0.075427999999999995 0.54800400000000005 0.83306800000000003
vn -0.075427999999999995 0.54800400000000005 0.83306800000000003
vn -0.075427999999999995 0.54800400000000005 0.83306800000000003
vn -0.71934200000000004 0.69167199999999995 0.064324999999999993
vn -0.71934200000000004 0.69167199999999995 0.064324999999999993
vn -0.71934200000000004 0.69167199999999995 0.064324999999999993
vn -0.71934200000000004 0.69167199999999995 0.064324999999999993
vn -0.71934200000000004 0.69167199999999995 0.064324999999999993
vn 0 0.44889600000000002 0.89358400000000004
vn 0 0.44889600000000002 0.89358400000000004
vn 0 0.44889600000000002 0.89358400000000004
vn 0 0.44889600000000002 0.89358400000000004
vn 0 0.44889499999999999 0.89358400000000004
vn 0 0.44889499999999999 0.89358400000000004
vn 0 0.44889499999999999 0.89358400000000004
vn 0 0.44889499999999999 0.89358400000000004
vn 0 0.44889600000000002 0.89358400000000004
vn 0 0.44889600000000002 0.89358400000000004
vn 0 0.44889600000000002 0.89358400000000004
vn 0 0.44889600000000002 0.89358400000000004
vn 0 0.44889600000000002 0.89358400000000004
vn 0 0.44889600000000002 0.89358400000000004
vn 0 0.44889600000000002 0.89358400000000004
vn 0 0.44889600000000002 0.89358400000000004
vn 0.76134400000000002 0.64834800000000004 0
vn 0.76134400000000002 0.64834800000000004 0
vn 0.76134400000000002 0.64834800000000004 0
vn 0.76134400000000002 0.64834800000000004 0
vn -0.76344900000000004 0.64470300000000003 -0.038767000000000003
vn -0.76344900000000004 0.64470300000000003 -0.038767000000000003
vn -0.76344900000000004 0.64470300000000003 -0.038767000000000003
vn -0.76344900000000004 0.64470300000000003 -0.038767000000000003
vn 0.76134400000000002 0.64834899999999995 0
vn 0.76134400000000002 0.64834899999999995 0
vn 0.76134400000000002 0.64834899999999995 0
vn 0.76134400000000002 0.64834899999999995 0
vn -0.87333099999999997 0.48712699999999998 0
vn -0.87333099999999997 0.48712699999999998 0
vn -0.87333099999999997 0.48712699999999998 0
vn -0.87333099999999997 0.48712699999999998 0
vn 0.76134299999999999 0.64834899999999995 0
vn 0.76134299999999999 0.64834899999999995 0
vn 0.76134299999999999 0.64834899999999995 0
vn 0.76134299999999999 0.64834899999999995 0
vn -0.76325500000000002 0.64493599999999995 0.038716
vn -0.76325500000000002 0.64493599999999995 0.038716
vn -0.76325500000000002 0.64493599999999995 0.038716
vn -0.76325500000000002 0.64493599999999995 0.038716
vn 0.76134299999999999 0.64834899999999995 0
vn 0.76134299999999999 0.64834899999999995 0
vn 0.76134299999999999 0.64834899999999995 0
vn 0.76134299999999999 0.64834899999999995 0
vn -0.075438000000000005 0.54801699999999998 -0.83305899999999999
vn -0.075438000000000005 0.54801699999999998 -0.83305899999999999
vn -0.075438000000000005 0.54801699999999998 -0.83305899999999999
vn -0.075438000000000005 0.54801699999999998 -0.83305899999999999
vn -0.075438000000000005 0.54801699999999998 -0.83305899999999999
vn -0.71914100000000003 0.691882 -0.064307000000000003
vn -0.71914100000000003 0.691882 -0.064307000000000003
vn -0.71914100000000003 0.691882 -0.064307000000000003
vn -0.71914100000000003 0.691882 -0.064307000000000003
vn -0.71914100000000003 0.691882 -0.064307000000000003
vn 0 0.44889600000000002 -0.89358400000000004
vn 0 0.44889600000000002 -0.89358400000000004
vn 0 0.44889600000000002 -0.89358400000000004
vn 0 0.44889600000000002 -0.89358400000000004
vn 0 0.44889499999999999 -0.89358400000000004
vn 0 0.44889499999999999 -0.89358400000000004
vn 0 0.44889499999999999 -0.89358400000000004
vn 0 0.44889499999999999 -0.89358400000000004
vn 0 0.44889600000000002 -0.89358400000000004
vn 0 0.44889600000000002 -0.89358400000000004
vn 0 0.44889600000000002 -0.89358400000000004
vn 0 0.44889600000000002 -0.89358400000000004
vn 0.76134400000000002 0.64834800000000004 0
vn 0.76134400000000002 0.64834800000000004 0
vn 0.76134400000000002 0.64834800000000004 0
vn 0.76134400000000002 0.64834800000000004 0
vn 0 0.44889600000000002 -0.89358400000000004
vn 0 0.44889600000000002 -0.89358400000000004
vn 0 0.44889600000000002 -0.89358400000000004
vn 0 0.44889600000000002 -0.89358400000000004
vn -0.35832799999999998 0.93359000000000003 0.0033939999999999999
vn -0.35832799999999998 0.93359000000000003 0.0033939999999999999
vn -0.35832799999999998 0.93359000000000003 0.0033939999999999999
vn -0.35832799999999998 0.93359000000000003 0.0033939999999999999
vn -0.35832799999999998 0.93359000000000003 0.0033939999999999999
vn -0.40889300000000001 0.90940299999999996 0.076108999999999996
vn -0.40889300000000001 0.90940299999999996 0.076108999999999996
vn -0.40889300000000001 0.90940299999999996 0.076108999999999996
vn -0.40889300000000001 0.90940299999999996 0.076108999999999996
vn -0.44394699999999998 0.89605299999999999 0
vn -0.44394699999999998 0.89605299999999999 0
vn -0.44394699999999998 0.89605299999999999 0
vn -0.44394699999999998 0.89605299999999999 0
vn -0.40889300000000001 0.90940299999999996 -0.076108999999999996
vn -0.40889300000000001 0.90940299999999996 -0.076108999999999996
vn -0.40889300000000001 0.90940299999999996 -0.076108999999999996
vn -0.40889300000000001 0.90940299999999996 -0.076108999999999996
vn -0.35832799999999998 0.93359000000000003 -0.0033939999999999999
vn -0.35832799999999998 0.93359000000000003 -0.0033939999999999999
vn -0.35832799999999998 0.93359000000000003 -0.0033939999999999999
vn -0.35832799999999998 0.933589 -0.0033939999999999999
vn -0.35832799999999998 0.93359000000000003 -0.0033939999999999999
vn -0.026849999999999999 0.66764000000000001 -0.74399999999999999
vn -0.026849999999999999 0.66764000000000001 -0.74399999999999999
vn -0.026849999999999999 0.66764000000000001 -0.74399999999999999
vn -0.026849999999999999 0.66764000000000001 -0.74399999999999999
vn 0 0.68777200000000005 -0.72592599999999996
vn 0 0.68777200000000005 -0.72592599999999996
vn 0 0.68777200000000005 -0.72592599999999996
vn 0 0.68777200000000005 -0.72592599999999996
vn 0 0.68777299999999997 -0.72592599999999996
vn 0 0.68777299999999997 -0.72592599999999996
vn 0 0.68777299999999997 -0.72592599999999996
vn 0 0.68777299999999997 -0.72592599999999996
vn 0 0.68777299999999997 -0.72592599999999996
vn 0 0.68777299999999997 -0.72592599999999996
vn 0 0.68777299999999997 -0.72592599999999996
vn 0 0.68777299999999997 -0.72592599999999996
vn 0 0.68777299999999997 -0.72592599999999996
vn 0 0.68777299999999997 -0.72592599999999996
vn 0 0.68777299999999997 -0.72592599999999996
vn 0 0.68777299999999997 -0.72592599999999996
vn 0.99285000000000001 -0.118677 0.012796
vn 0.99285000000000001 -0.118677 0.012796
vn 0.99285000000000001 -0.118677 0.012796
vn 0.99285000000000001 -0.118677 0.012796
vn 0.99285000000000001 -0.11867800000000001 -0.012796
vn 0.99285000000000001 -0.11867800000000001 -0.012796
vn 0.99285000000000001 -0.11867800000000001 -0.012796
vn 0.99285000000000001 -0.11867800000000001 -0.012796
vn 0 0.68777200000000005 0.72592599999999996
vn 0 0.68777200000000005 0.72592599999999996
vn 0 0.68777200000000005 0.72592599999999996
vn 0 0.68777200000000005 0.72592599999999996
vn 0 0.68777299999999997 0.72592599999999996
vn 0 0.68777299999999997 0.72592599999999996
vn 0 0.68777299999999997 0.72592599999999996
vn 0 0.68777299999999997 0.72592599999999996
vn 0 0.68777299999999997 0.72592599999999996
vn 0 0.68777299999999997 0.72592599999999996
vn 0 0.68777299999999997 0.72592599999999996
vn 0 0.68777299999999997 0.72592599999999996
vn 0 0.68777200000000005 0.72592599999999996
vn 0 0.68777200000000005 0.72592599999999996
vn 0 0.68777200000000005 0.72592599999999996
vn 0 0.68777200000000005 0.72592599999999996
vn -0.026849999999999999 0.66764000000000001 0.74399999999999999
vn -0.026849999999999999 0.66764000000000001 0.74399999999999999
vn -0.026849999999999999 0.66764000000000001 0.74399999999999999
vn -0.026849999999999999 0.66764000000000001 0.74399999999999999
vn -0.45046700000000001 0.86743400000000004 -0.21127699999999999
vn -0.45046700000000001 0.86743400000000004 -0.21127699999999999
vn -0.45046700000000001 0.86743400000000004 -0.21127699999999999
vn 0 1 0
vn 0 1 0
vn 0 1 0
vn 0 1 0
vn 0 1 0
vn -0.88155300000000003 0.460754 0.10281700000000001
vn -0.88155300000000003 0.460754 0.10281700000000001
vn -0.88155300000000003 0.460754 0.10281700000000001
vn -0.88155300000000003 0.460754 0.10281700000000001
vn -0.98439100000000002 0.095388000000000001 0.14790300000000001
vn -0.98439100000000002 0.095388000000000001 0.14790300000000001
vn -0.98439100000000002 0.095388000000000001 0.14790300000000001
vn -0.98439100000000002 0.095388000000000001 0.14790400000000001
vn -1 0 0
vn -1 0 0
vn -1 0 0
vn -1 0 0
vn -0.97615300000000005 0.16961999999999999 -0.13547999999999999
vn -0.97615300000000005 0.16961999999999999 -0.13547999999999999
vn -0.97615300000000005 0.16961999999999999 -0.13547999999999999
vn -0.97615300000000005 0.16961999999999999 -0.13547999999999999
vn -0.94764599999999999 0.13463800000000001 -0.28955199999999998
vn -0.94764499999999996 0.13463800000000001 -0.28955199999999998
vn -0.94764599999999999 0.13463800000000001 -0.28955199999999998
vn -0.94764599999999999 0.13463800000000001 -0.28955199999999998
vn -0.912713 -0.031261999999999998 -0.40740500000000002
vn -0.912713 -0.031261999999999998 -0.40740500000000002
vn -0.91271199999999997 -0.031261999999999998 -0.40740500000000002
vn -0.912713 -0.031261999999999998 -0.40740500000000002
vn -0.912713 -0.031261999999999998 -0.40740500000000002
vn -0.91735299999999997 0.39807500000000001 0
vn -0.91735299999999997 0.39807500000000001 0
vn -0.91735299999999997 0.39807500000000001 0
vn -0.91735299999999997 0.39807500000000001 0
vn -0.91242699999999999 0.40920099999999998 -0.0055430000000000002
vn -0.91242699999999999 0.40920099999999998 -0.0055430000000000002
vn -0.91242699999999999 0.40920099999999998 -0.0055430000000000002
vn -0.91242699999999999 0.40920099999999998 -0.0055430000000000002
vn -1 0 0
vn -1 0 0
vn -1 0 0
vn -1 0 0
vn -1 0 0
vn -1 0 0
vn -0.91242699999999999 0.40920099999999998 0.0055430000000000002
vn -0.91242699999999999 0.40920099999999998 0.0055430000000000002
vn -0.91242699999999999 0.40920099999999998 0.0055430000000000002
vn -0.91242699999999999 0.40920099999999998 0.0055430000000000002
vn -1 -0 0
vn -1 -0 0
vn -1 -0 0
vn -1 -0 0
vn -1 -0 0
vn -1 -0 0
vn 0.070281999999999997 -0.16250200000000001 -0.98420200000000002
vn 0.070281999999999997 -0.16250200000000001 -0.98420200000000002
vn 0.070281999999999997 -0.16250200000000001 -0.98420200000000002
vn 0.070281999999999997 -0.16250200000000001 -0.98420200000000002
vn 0.077922000000000005 -0.48720799999999997 -0.86980199999999996
vn 0.077922000000000005 -0.48720799999999997 -0.86980199999999996
vn 0.077922000000000005 -0.48720799999999997 -0.86980199999999996
vn 0.077922000000000005 -0.48720799999999997 -0.86980199999999996
vn 0.079463000000000006 -0.77912599999999999 -0.621811
vn 0.079463000000000006 -0.77912599999999999 -0.621811
vn 0.079463000000000006 -0.77912599999999999 -0.621811
vn 0.079463000000000006 -0.77912599999999999 -0.621811
vn 0.071360999999999994 -0.97107100000000002 -0.227878
vn 0.071360999999999994 -0.97107100000000002 -0.227878
vn 0.071360999999999994 -0.97107100000000002 -0.227878
vn 0.071360999999999994 -0.97107100000000002 -0.227878
vn 0.066574999999999995 -0.97236400000000001 0.223775
vn 0.066574999999999995 -0.97236400000000001 0.223775
vn 0.066574999999999995 -0.97236400000000001 0.223775
vn 0.066574999999999995 -0.97236400000000001 0.223775
vn 0.074304999999999996 -0.78122000000000003 0.61981699999999995
vn 0.074304999999999996 -0.78122000000000003 0.61981699999999995
vn 0.074304999999999996 -0.78122000000000003 0.61981699999999995
vn 0.074304999999999996 -0.78122000000000003 0.61981699999999995
vn 0.072566000000000005 -0.48461399999999999 0.87171299999999996
vn 0.072566000000000005 -0.48461399999999999 0.87171299999999996
vn 0.072566000000000005 -0.48461399999999999 0.87171299999999996
vn 0.072566000000000005 -0.48461399999999999 0.87171299999999996
vn 0.065214999999999995 -0.15812799999999999 0.985263
vn 0.065214999999999995 -0.15812799999999999 0.985263
vn 0.065214999999999995 -0.15812799999999999 0.985263
vn 0.065214999999999995 -0.15812799999999999 0.985263
vn -1 9.9999999999999995e-007 -0
vn -1 9.9999999999999995e-007 -0
vn -1 9.9999999999999995e-007 -0
vn -1 -9.9999999999999995e-007 -0
vn -1 -9.9999999999999995e-007 -0
vn -1 -9.9999999999999995e-007 -0
vn -1 0 -0
vn -1 0 -0
vn -1 0 -0
vn -1 0 -0
vn -1 0 -0
vn -1 0 -0
vn -1 0 0
vn -1 0 0
vn -1 0 0
vn -1 9.9999999999999995e-007 0
vn -1 9.9999999999999995e-007 0
vn -1 9.9999999999999995e-007 0
vn -1 -9.9999999999999995e-007 0
vn -1 -9.9999999999999995e-007 0
vn -1 -9.9999999999999995e-007 0
vn -1 9.9999999999999995e-007 0
vn -1 9.9999999999999995e-007 0
vn -1 9.9999999999999995e-007 0
vn -0.92886199999999997 0.34226099999999998 0.141676
vn -0.92886199999999997 0.34226099999999998 0.141676
vn -0.92886199999999997 0.34226099999999998 0.141676
vn -0.92886199999999997 0.34226099999999998 0.141676
vn -0.98131500000000005 0.15378600000000001 0.115633
vn -0.98131500000000005 0.15378600000000001 0.115633
vn -0.98131500000000005 0.15378600000000001 0.115633
vn -0.98131500000000005 0.15378600000000001 0.115633
vn -0.94526500000000002 0.182756 0.27032400000000001
vn -0.94526500000000002 0.182756 0.27032400000000001
vn -0.94526500000000002 0.182756 0.27032400000000001
vn -0.94526500000000002 0.182756 0.27032400000000001
vn -0.90396900000000002 0.39273599999999997 0.16911100000000001
vn -0.90396900000000002 0.39273599999999997 0.16911100000000001
vn -0.90396900000000002 0.39273599999999997 0.16911100000000001
vn -0.90396900000000002 0.39273599999999997 0.16911100000000001
vn -0.83214900000000003 0.39997500000000002 0.38412099999999999
vn -0.83214900000000003 0.39997500000000002 0.38412099999999999
vn -0.83214900000000003 0.39997500000000002 0.38412000000000002
vn -0.897509 0.188883 0.39849800000000002
vn -0.897509 0.188883 0.39849800000000002
vn -0.897509 0.188883 0.39849800000000002
vn -0.897509 0.188883 0.39849800000000002
vn -0.94526600000000005 0.18277599999999999 -0.27030500000000002
vn -0.94526600000000005 0.18277599999999999 -0.27030500000000002
vn -0.94526600000000005 0.18277599999999999 -0.27030500000000002
vn -0.94526600000000005 0.18277599999999999 -0.27030500000000002
vn -0.98132200000000003 0.153757 -0.11561200000000001
vn -0.98132200000000003 0.153757 -0.11561200000000001
vn -0.98132200000000003 0.153757 -0.11561200000000001
vn -0.98132200000000003 0.153757 -0.11561200000000001
vn -0.92886400000000002 0.34224900000000003 -0.14169599999999999
vn -0.92886400000000002 0.34224900000000003 -0.14169599999999999
vn -0.92886400000000002 0.34224900000000003 -0.14169599999999999
vn -0.92886400000000002 0.34224900000000003 -0.14169599999999999
vn -0.89750200000000002 0.18887999999999999 -0.39851599999999998
vn -0.89750200000000002 0.18887999999999999 -0.39851599999999998
vn -0.89750200000000002 0.18887999999999999 -0.39851599999999998
vn -0.89750200000000002 0.18887999999999999 -0.39851599999999998
vn -0.83212900000000001 0.39999600000000002 -0.38414100000000001
vn -0.83212900000000001 0.39999600000000002 -0.38414100000000001
vn -0.83212900000000001 0.39999600000000002 -0.38414100000000001
vn -0.90396299999999996 0.39275199999999999 -0.16910700000000001
vn -0.90396299999999996 0.39275199999999999 -0.16910700000000001
vn -0.90396299999999996 0.39275199999999999 -0.16910700000000001
vn -0.90396299999999996 0.39275199999999999 -0.16910700000000001
vn 0 0.224747 0.97441699999999998
vn 0 0.224747 0.97441699999999998
vn 0 0.224747 0.97441699999999998
vn -0.99307800000000002 0.11736099999999999 0.0047159999999999997
vn -0.99307800000000002 0.11736099999999999 0.0047159999999999997
vn -0.99307800000000002 0.11736099999999999 0.0047159999999999997
vn 0.033785000000000003 0.073110999999999995 0.99675100000000005
vn 0.033785000000000003 0.073110999999999995 0.99675100000000005
vn 0.033785000000000003 0.073110999999999995 0.99675100000000005
vn 0.033785000000000003 0.073110999999999995 0.99675100000000005
vn -0.99154200000000003 0.10562199999999999 -0.075426000000000007
vn -0.99154200000000003 0.10562199999999999 -0.075426000000000007
vn -0.99154200000000003 0.10562199999999999 -0.075426000000000007
vn -0.99154200000000003 0.10562199999999999 -0.075426000000000007
vn 0.060914999999999997 -0.077548000000000006 0.99512599999999996
vn 0.060914999999999997 -0.077548000000000006 0.99512599999999996
vn 0.060914999999999997 -0.077548000000000006 0.99512599999999996
vn 0.060914999999999997 -0.077548000000000006 0.99512599999999996
vn 0.0071250000000000003 0.090180999999999997 0.99590000000000001
vn 0.0071250000000000003 0.090180999999999997 0.99590000000000001
vn 0.0071250000000000003 0.090180999999999997 0.99590000000000001
vn 0.0071250000000000003 0.090180999999999997 0.99590000000000001
vn -0.98724699999999999 -0.15711700000000001 -0.025644
vn -0.98724699999999999 -0.15711700000000001 -0.025644
vn -0.98724699999999999 -0.15711700000000001 -0.025644
vn -0.98724699999999999 -0.15711700000000001 -0.025644
vn 0 0.224747 -0.97441699999999998
vn 0 0.224747 -0.97441699999999998
vn 0 0.224747 -0.97441699999999998
vn -0.99307800000000002 0.11736099999999999 -0.0047159999999999997
vn -0.99307800000000002 0.11736099999999999 -0.0047159999999999997
vn -0.99307800000000002 0.11736099999999999 -0.0047159999999999997
vn 0.033785000000000003 0.073110999999999995 -0.99675100000000005
vn 0.033785000000000003 0.073110999999999995 -0.99675100000000005
vn 0.033785000000000003 0.073110999999999995 -0.99675100000000005
vn 0.033785000000000003 0.073110999999999995 -0.99675100000000005
vn -0.99154200000000003 0.10562199999999999 0.075426000000000007
vn -0.99154200000000003 0.10562199999999999 0.075426000000000007
vn -0.99154200000000003 0.10562199999999999 0.075426000000000007
vn -0.99154200000000003 0.10562199999999999 0.075426000000000007
vn 0.060914000000000003 -0.077548000000000006 -0.99512599999999996
vn 0.060914000000000003 -0.077548000000000006 -0.99512599999999996
vn 0.060914000000000003 -0.077548000000000006 -0.99512599999999996
vn 0.060914000000000003 -0.077548000000000006 -0.99512599999999996
vn -0.98724699999999999 -0.15711800000000001 0.025644
vn -0.98724699999999999 -0.15711800000000001 0.025644
vn -0.98724699999999999 -0.15711800000000001 0.025644
vn -0.98724699999999999 -0.15711800000000001 0.025644
vn 0.0071240000000000001 0.090180999999999997 -0.99590000000000001
vn 0.0071240000000000001 0.090180999999999997 -0.99590000000000001
vn 0.0071240000000000001 0.090180999999999997 -0.99590000000000001
vn 0.0071240000000000001 0.090180999999999997 -0.99590000000000001
vn -0.99536000000000002 -0.096224000000000004 0
vn -0.99536000000000002 -0.096224000000000004 0
vn -0.99536000000000002 -0.096224000000000004 0
vn -0.99536000000000002 -0.096224000000000004 0
vn 0 1 0
vn 0 1 0
vn 0 1 0
vn 0 1 0
vn -0.99584099999999998 -0.086915999999999993 -0.027317000000000001
vn -0.99584099999999998 -0.086915999999999993 -0.027317000000000001
vn -0.99584099999999998 -0.086915999999999993 -0.027317000000000001
vn -0.99584099999999998 -0.086915999999999993 -0.027317000000000001
vn 0 1 2.0999999999999999e-005
vn 0 1 2.0999999999999999e-005
vn 0 1 2.0999999999999999e-005
vn 0 1 2.0999999999999999e-005
vn -0.99584099999999998 -0.086915999999999993 0.027317000000000001
vn -0.99584099999999998 -0.086915999999999993 0.027317000000000001
vn -0.99584099999999998 -0.086915999999999993 0.027317000000000001
vn -0.99584099999999998 -0.086915999999999993 0.027317000000000001
vn 0 1 -2.0999999999999999e-005
vn 0 1 -2.0999999999999999e-005
vn 0 1 -2.0999999999999999e-005
vn 0 1 -2.0999999999999999e-005
vn -0.99058999999999997 -0.010411999999999999 -0.136465
vn -0.99058999999999997 -0.010411999999999999 -0.136465
vn -0.99058999999999997 -0.010411999999999999 -0.136465
vn -0.99058999999999997 -0.010411999999999999 -0.136465
vn -0.040658 0.84680999999999995 0.530339
vn -0.040658 0.84680999999999995 0.530339
vn -0.040658 0.84680999999999995 0.530339
vn -0.040658 0.84680999999999995 0.530339
vn -0.99370099999999995 -0.092186000000000004 -0.063725000000000004
vn -0.99370099999999995 -0.092186000000000004 -0.063725000000000004
vn -0.99370099999999995 -0.092186000000000004 -0.063725000000000004
vn -0.99370099999999995 -0.092186000000000004 -0.063725000000000004
vn -0.99247799999999997 -0.024760999999999998 -0.119894
vn -0.99247799999999997 -0.024760999999999998 -0.119894
vn -0.99247799999999997 -0.024760999999999998 -0.119894
vn -0.99247799999999997 -0.024760999999999998 -0.119894
vn -0.99430200000000002 -0.056004999999999999 -0.090704999999999994
vn -0.99430200000000002 -0.056004999999999999 -0.090704999999999994
vn -0.99430200000000002 -0.056004999999999999 -0.090704999999999994
vn -0.99430200000000002 -0.056004999999999999 -0.090704999999999994
vn -0.99370099999999995 -0.092184000000000002 0.063725000000000004
vn -0.99370099999999995 -0.092184000000000002 0.063725000000000004
vn -0.99370099999999995 -0.092184000000000002 0.063725000000000004
vn -0.99370099999999995 -0.092184000000000002 0.063725000000000004
vn -0.040659000000000001 0.84680999999999995 -0.53034000000000003
vn -0.040659000000000001 0.84680999999999995 -0.53034000000000003
vn -0.040659000000000001 0.84680999999999995 -0.53034000000000003
vn -0.040659000000000001 0.84680999999999995 -0.53034000000000003
vn -0.99058999999999997 -0.010411999999999999 0.136465
vn -0.99058999999999997 -0.010411999999999999 0.136465
vn -0.99058999999999997 -0.010411999999999999 0.136465
vn -0.99058999999999997 -0.010411999999999999 0.136465
vn -0.99430200000000002 -0.056006 0.090704999999999994
vn -0.99430200000000002 -0.056006 0.090704999999999994
vn -0.99430200000000002 -0.056006 0.090704999999999994
vn -0.99430200000000002 -0.056006 0.090704999999999994
vn -0.99247799999999997 -0.024760999999999998 0.119894
vn -0.99247799999999997 -0.024760999999999998 0.119894
vn -0.99247799999999997 -0.024760999999999998 0.119894
vn -0.99247799999999997 -0.024760999999999998 0.119894
vn 1 9.9999999999999995e-007 -0
vn 1 9.9999999999999995e-007 -0
vn 1 9.9999999999999995e-007 -0
vn 1 9.9999999999999995e-007 -0
vn -0.0062249999999999996 -0.111399 0.99375599999999997
vn -0.0062249999999999996 -0.111399 0.99375599999999997
vn -0.0062249999999999996 -0.111399 0.99375599999999997
vn -0.0062249999999999996 -0.111399 0.99375599999999997
vn 0.057342999999999998 -0.12345299999999999 0.99069200000000002
vn 0.057342999999999998 -0.12345299999999999 0.99069200000000002
vn 0.057342999999999998 -0.12345299999999999 0.99069200000000002
vn 0.057342999999999998 -0.12345299999999999 0.99069200000000002
vn 0.064879000000000006 0.0069329999999999999 0.99786900000000001
vn 0.064879000000000006 0.0069329999999999999 0.99786900000000001
vn 0.064879000000000006 0.0069329999999999999 0.99786900000000001
vn 0.064879000000000006 0.0069329999999999999 0.99786900000000001
vn 0.070666999999999994 -0.163212 0.98405699999999996
vn 0.070666999999999994 -0.163212 0.98405699999999996
vn 0.070666999999999994 -0.163212 0.98405699999999996
vn 0.070666999999999994 -0.163212 0.98405699999999996
vn 0.078409999999999994 -0.49087500000000001 0.86769499999999999
vn 0.078409999999999994 -0.49087500000000001 0.86769499999999999
vn 0.078409999999999994 -0.49087500000000001 0.86769499999999999
vn 0.078409999999999994 -0.49087500000000001 0.86769499999999999
vn 0.079463000000000006 -0.77912499999999996 0.62181200000000003
vn 0.079463000000000006 -0.77912499999999996 0.62181200000000003
vn 0.079463000000000006 -0.77912499999999996 0.62181200000000003
vn 0.079463000000000006 -0.77912499999999996 0.62181200000000003
vn 0.071360999999999994 -0.97107100000000002 0.227878
vn 0.071360999999999994 -0.97107100000000002 0.227878
vn 0.071360999999999994 -0.97107100000000002 0.227878
vn 0.071360999999999994 -0.97107100000000002 0.227878
vn 0.064529000000000003 -0.99761699999999998 0.024420000000000001
vn 0.064529000000000003 -0.99761699999999998 0.024420000000000001
vn 0.064529000000000003 -0.99761699999999998 0.024420000000000001
vn 0.064529000000000003 -0.99761699999999998 0.024420000000000001
vn -0.0069160000000000003 -0.19977200000000001 -0.97981799999999997
vn -0.0069160000000000003 -0.19977200000000001 -0.97981799999999997
vn -0.0069160000000000003 -0.19977200000000001 -0.97981799999999997
vn -0.0069160000000000003 -0.19977200000000001 -0.97981799999999997
vn 0.053303000000000003 -0.051970000000000002 -0.99722500000000003
vn 0.053303000000000003 -0.051970000000000002 -0.99722500000000003
vn 0.053303000000000003 -0.051970000000000002 -0.99722500000000003
vn 0.053303000000000003 -0.051970000000000002 -0.99722500000000003
vn 0.060866000000000003 0.0091520000000000004 -0.99810399999999999
vn 0.060866000000000003 0.0091520000000000004 -0.99810399999999999
vn 0.060866000000000003 0.0091520000000000004 -0.99810399999999999
vn 0.060866000000000003 0.0091520000000000004 -0.99810399999999999
vn 0.065213999999999994 -0.15812799999999999 -0.985263
vn 0.065213999999999994 -0.15812799999999999 -0.985263
vn 0.065213999999999994 -0.15812799999999999 -0.985263
vn 0.065213999999999994 -0.15812799999999999 -0.985263
vn 0.072566000000000005 -0.48461399999999999 -0.87171299999999996
vn 0.072566000000000005 -0.48461399999999999 -0.87171299999999996
vn 0.072566000000000005 -0.48461399999999999 -0.87171299999999996
vn 0.072566000000000005 -0.48461399999999999 -0.87171299999999996
vn 0.074304999999999996 -0.78122000000000003 -0.61981699999999995
vn 0.074304999999999996 -0.78122000000000003 -0.61981699999999995
vn 0.074304999999999996 -0.78122000000000003 -0.61981699999999995
vn 0.074304999999999996 -0.78122000000000003 -0.61981699999999995
vn 0.066574999999999995 -0.97236400000000001 -0.223775
vn 0.066574999999999995 -0.97236400000000001 -0.223775
vn 0.066574999999999995 -0.97236400000000001 -0.223775
vn 0.066574999999999995 -0.97236400000000001 -0.223775
vn 0.060038000000000001 -0.99806700000000004 -0.016076
vn 0.060038000000000001 -0.99806700000000004 -0.016076
vn 0.060038000000000001 -0.99806700000000004 -0.016076
vn 0.060038000000000001 -0.99806700000000004 -0.016076
vn 0.059880000000000003 -0.99820600000000004 0
vn 0.059880000000000003 -0.99820600000000004 0
vn 0.059880000000000003 -0.99820600000000004 0
vn 0.059880000000000003 -0.99820600000000004 0
vn -0.97315399999999996 -0.00090399999999999996 -0.230153
vn -0.97315399999999996 -0.00090399999999999996 -0.230153
vn -0.97315399999999996 -0.00090399999999999996 -0.230153
vn -0.97315399999999996 -0.00090399999999999996 -0.230153
vn 0.0036719999999999999 0.92230500000000004 -0.38644600000000001
vn 0.0036719999999999999 0.92230500000000004 -0.38644600000000001
vn 0.0036719999999999999 0.92230500000000004 -0.38644600000000001
vn 0.0036719999999999999 0.92230500000000004 -0.38644600000000001
vn 0.78092099999999998 0.046504999999999998 0.62289600000000001
vn 0.78092099999999998 0.046504999999999998 0.62289600000000001
vn 0.78092099999999998 0.046504999999999998 0.62289600000000001
vn 0.78092099999999998 0.046504999999999998 0.62289600000000001
vn -0.95713899999999996 -0.013056999999999999 -0.28933500000000001
vn -0.95713899999999996 -0.013056999999999999 -0.28933599999999998
vn -0.95713899999999996 -0.013056999999999999 -0.28933500000000001
vn -0.95713899999999996 -0.013056999999999999 -0.28933500000000001
vn 0.68390200000000001 -0.0075440000000000004 0.72953500000000004
vn 0.68390200000000001 -0.0075440000000000004 0.72953500000000004
vn 0.68390200000000001 -0.0075440000000000004 0.72953500000000004
vn 0.68390200000000001 -0.0075440000000000004 0.72953500000000004
vn 0.59125099999999997 0.083769999999999997 0.80212499999999998
vn 0.59125099999999997 0.083769999999999997 0.80212499999999998
vn 0.59125099999999997 0.083769999999999997 0.80212499999999998
vn 0.59125099999999997 0.083769999999999997 0.80212499999999998
vn -0.92506999999999995 0.000193 -0.37979600000000002
vn -0.92506999999999995 0.000193 -0.37979600000000002
vn -0.92506999999999995 0.000193 -0.37979600000000002
vn -0.92506999999999995 0.000193 -0.37979600000000002
vn -0.97486600000000001 -0.22275900000000001 -0.0039160000000000002
vn -0.97486600000000001 -0.22275900000000001 -0.0039160000000000002
vn -0.97486600000000001 -0.22275900000000001 -0.0039160000000000002
vn -0.97486600000000001 -0.22275900000000001 -0.0039160000000000002
vn 0.79644999999999999 0.60401000000000005 0.028979999999999999
vn 0.79644999999999999 0.60401000000000005 0.028979999999999999
vn 0.79644999999999999 0.60401000000000005 0.028979999999999999
vn 0.79644999999999999 0.60401000000000005 0.028979999999999999
vn -0.97499400000000003 -0.22223100000000001 -0
vn -0.97499400000000003 -0.22223100000000001 -0
vn -0.97499400000000003 -0.22223100000000001 -0
vn -0.97499400000000003 -0.22223100000000001 -0
vn 0.79944099999999996 0.60074499999999997 0
vn 0.79944099999999996 0.60074499999999997 0
vn 0.79944099999999996 0.60074499999999997 0
vn 0.79944099999999996 0.60074499999999997 0
vn 0.62863800000000003 0.17160900000000001 0.75852799999999998
vn 0.62863800000000003 0.17160900000000001 0.75852799999999998
vn 0.62863800000000003 0.17160900000000001 0.75852799999999998
vn 0.62863800000000003 0.17160900000000001 0.75852799999999998
vn -0.94359999999999999 -0.05475 -0.32652999999999999
vn -0.94359999999999999 -0.05475 -0.32652999999999999
vn -0.94359999999999999 -0.05475 -0.32652999999999999
vn -0.94359999999999999 -0.05475 -0.32652999999999999
vn 0.70650599999999997 0.346752 0.61693799999999999
vn 0.70650599999999997 0.346752 0.61693799999999999
vn 0.70650599999999997 0.346752 0.61693799999999999
vn 0.70650599999999997 0.346752 0.61693799999999999
vn -0.96412200000000003 -0.12978000000000001 -0.231571
vn -0.96412200000000003 -0.12978000000000001 -0.231571
vn -0.96412200000000003 -0.12978000000000001 -0.231571
vn -0.96412200000000003 -0.12978000000000001 -0.231571
vn 0.75881600000000005 0.47305000000000003 0.447685
vn 0.75881600000000005 0.47305000000000003 0.447685
vn 0.75881600000000005 0.47305000000000003 0.447685
vn 0.75881600000000005 0.47305000000000003 0.447685
vn -0.97329600000000005 -0.179036 -0.14366699999999999
vn -0.97329600000000005 -0.179036 -0.14366699999999999
vn -0.97329600000000005 -0.179036 -0.14366699999999999
vn -0.97329600000000005 -0.179036 -0.14366699999999999
vn 0.79127499999999995 0.566326 0.23056199999999999
vn 0.79127499999999995 0.566326 0.23056199999999999
vn 0.79127499999999995 0.566326 0.23056199999999999
vn 0.79127499999999995 0.566326 0.23056199999999999
vn -0.97575699999999999 -0.212866 -0.050851
vn -0.97575699999999999 -0.212866 -0.050851
vn -0.97575699999999999 -0.212866 -0.050851
vn -0.97575699999999999 -0.212866 -0.050851
vn -0.98027600000000004 0.000776 0.197634
vn -0.98027600000000004 0.000776 0.197634
vn -0.98027600000000004 0.000776 0.197634
vn -0.98027600000000004 0.000776 0.197634
vn 0.82517300000000005 0.023403 -0.56439499999999998
vn 0.82517300000000005 0.023403 -0.56439499999999998
vn 0.82517300000000005 0.023403 -0.56439499999999998
vn 0.82517300000000005 0.023403 -0.56439499999999998
vn 0.0059959999999999996 0.93714399999999998 0.34888999999999998
vn 0.0059959999999999996 0.93714399999999998 0.34888999999999998
vn 0.0059959999999999996 0.93714399999999998 0.34888999999999998
vn 0.0059959999999999996 0.93714399999999998 0.34888999999999998
vn -0.97141200000000005 -0.012416999999999999 0.23707300000000001
vn -0.97141200000000005 -0.012416999999999999 0.23707300000000001
vn -0.97141200000000005 -0.012416999999999999 0.23707300000000001
vn -0.97141200000000005 -0.012416999999999999 0.23707300000000001
vn 0.76537500000000003 -0.019715 -0.64328300000000005
vn 0.76537500000000003 -0.019715 -0.64328300000000005
vn 0.76537500000000003 -0.019715 -0.64328300000000005
vn 0.76537500000000003 -0.019715 -0.64328300000000005
vn -0.95141799999999999 0.00083799999999999999 0.30790099999999998
vn -0.95141799999999999 0.00083799999999999999 0.30790099999999998
vn -0.95141799999999999 0.00083799999999999999 0.30790099999999998
vn -0.95141799999999999 0.00083799999999999999 0.30790099999999998
vn 0.696801 0.098724000000000006 -0.71043800000000001
vn 0.696801 0.098724000000000006 -0.71043800000000001
vn 0.696801 0.098724000000000006 -0.71043800000000001
vn 0.696801 0.098724000000000006 -0.71043800000000001
vn 0.71720200000000001 0.164608 -0.677145
vn 0.71720200000000001 0.164608 -0.677145
vn 0.71720200000000001 0.164608 -0.677145
vn 0.71720200000000001 0.164608 -0.677145
vn -0.96219200000000005 -0.045246000000000001 0.26858700000000002
vn -0.96219200000000005 -0.045246000000000001 0.26858700000000002
vn -0.96219200000000005 -0.045246000000000001 0.26858700000000002
vn -0.96219200000000005 -0.045246000000000001 0.26858700000000002
vn 0.76441499999999996 0.31634800000000002 -0.561778
vn 0.76441499999999996 0.31634699999999999 -0.561778
vn 0.76441499999999996 0.31634800000000002 -0.561778
vn 0.76441499999999996 0.31634800000000002 -0.561778
vn -0.97337700000000005 -0.112925 0.199465
vn -0.97337700000000005 -0.112925 0.199465
vn -0.97337700000000005 -0.112925 0.199465
vn -0.97337600000000002 -0.112925 0.199465
vn 0.79487099999999999 0.436442 -0.42154399999999997
vn 0.79486999999999997 0.436442 -0.42154399999999997
vn 0.79487099999999999 0.436442 -0.42154399999999997
vn 0.79486999999999997 0.436442 -0.42154399999999997
vn -0.97774499999999998 -0.16362699999999999 0.131303
vn -0.97774499999999998 -0.16362699999999999 0.131303
vn -0.97774499999999998 -0.16362699999999999 0.131303
vn -0.97774499999999998 -0.16362699999999999 0.131303
vn 0.80908899999999995 0.54210899999999995 -0.22692100000000001
vn 0.80908899999999995 0.54210899999999995 -0.22692100000000001
vn 0.80908899999999995 0.54210899999999995 -0.22692100000000001
vn 0.80908899999999995 0.54210899999999995 -0.22692100000000001
vn -0.97731500000000004 -0.20599400000000001 0.049209000000000003
vn -0.97731500000000004 -0.20599400000000001 0.049209000000000003
vn -0.97731500000000004 -0.20599400000000001 0.049209000000000003
vn -0.97731500000000004 -0.20599400000000001 0.049209000000000003
vn 0.80671300000000001 0.58990200000000004 -0.035076999999999997
vn 0.80671300000000001 0.58990200000000004 -0.035076999999999997
vn 0.80671300000000001 0.58990200000000004 -0.035076999999999997
vn 0.80671300000000001 0.58990200000000004 -0.035076999999999997
vn -0.97543400000000002 -0.22024199999999999 0.0046020000000000002
vn -0.97543400000000002 -0.22024199999999999 0.0046020000000000002
vn -0.97543400000000002 -0.22024199999999999 0.0046020000000000002
vn -0.97543400000000002 -0.22024199999999999 0.0046020000000000002
vn -1 -0 0
vn -1 -0 0
vn -1 -0 0
vn -1 -0 0
vn -1 -0 0
vn -1 -0 0
vn 0 1 0
vn 0 1 0
vn 0 1 0
vn 0 1 0
vn 0 -0.097053 -0.99527900000000002
vn 0 -0.097053 -0.99527900000000002
vn 0 -0.097053 -0.99527900000000002
vn 0 -0.097053 -0.99527900000000002
vn 0 -0.097053 -0.99527900000000002
vn 0 -0.097053 -0.99527900000000002
vn 0 -0.097053 -0.99527900000000002
vn 0 -0.097053 -0.99527900000000002
vn 0 0.169854 -0.98546900000000004
vn 0 0.169854 -0.98546900000000004
vn 0 0.169854 -0.98546900000000004
vn 0 0.169854 -0.98546900000000004
vn 0 0.32581599999999999 -0.94543299999999997
vn 0 0.32581599999999999 -0.94543299999999997
vn 0 0.32581599999999999 -0.94543299999999997
vn 0 0.32581599999999999 -0.94543299999999997
vn 1 0 0
vn 1 0 0
vn 1 0 0
vn 1 0 0
vn 0.99140200000000001 -0.130855 0
vn 0.99140200000000001 -0.130855 0
vn 0.99140200000000001 -0.130855 0
vn 0.99140200000000001 -0.130855 0
vn -0.99934100000000003 -0.034664 0.010789
vn -0.99934100000000003 -0.034664 0.010789
vn -0.99934100000000003 -0.034664 0.010789
vn -0.99934100000000003 -0.034664 0.010789
vn -0.98813200000000001 -0.026414 0.15131600000000001
vn -0.98813200000000001 -0.026414 0.15131600000000001
vn -0.98813200000000001 -0.026414 0.15131600000000001
vn -0.98813200000000001 -0.026414 0.15131600000000001
vn -0.99960000000000004 -0.028278999999999999 0
vn -0.99960000000000004 -0.028278999999999999 0
vn -0.99960000000000004 -0.028278999999999999 0
vn -0.99960000000000004 -0.028278999999999999 0
vn -0.98813200000000001 -0.026415999999999999 -0.15131700000000001
vn -0.98813200000000001 -0.026415999999999999 -0.15131700000000001
vn -0.98813200000000001 -0.026415999999999999 -0.15131700000000001
vn -0.98813200000000001 -0.026415999999999999 -0.15131700000000001
vn -0.99934100000000003 -0.034665000000000001 -0.010789
vn -0.99934100000000003 -0.034665000000000001 -0.010789
vn -0.99934100000000003 -0.034665000000000001 -0.010789
vn -0.99934100000000003 -0.034665000000000001 -0.010789
vn -0.056262 0.097833000000000003 -0.99361100000000002
vn -0.056262 0.097833000000000003 -0.99361100000000002
vn -0.056262 0.097833000000000003 -0.99361100000000002
vn -0.056262 0.097833000000000003 -0.99361100000000002
vn 0 0.101146 -0.99487199999999998
vn 0 0.101146 -0.99487199999999998
vn 0 0.101146 -0.99487199999999998
vn 0 0.101146 -0.99487199999999998
vn 0 0.101146 -0.99487199999999998
vn 0 0.101146 -0.99487199999999998
vn 0 0.101146 -0.99487199999999998
vn 0 0.101146 -0.99487199999999998
vn 0 0.101146 -0.99487199999999998
vn 0 0.101146 -0.99487199999999998
vn 0 0.101146 -0.99487199999999998
vn 0 0.101146 -0.99487199999999998
vn 0 0.101146 -0.99487199999999998
vn 0 0.101146 -0.99487199999999998
vn 0 0.101146 -0.99487199999999998
vn 0 0.101146 -0.99487199999999998
vn 0.989923 0.141156 0.011299999999999999
vn 0.989923 0.141156 0.011299999999999999
vn 0.989923 0.141156 0.011299999999999999
vn 0.989923 0.141156 0.011299999999999999
vn 0.989923 0.141156 -0.011299999999999999
vn 0.989923 0.141156 -0.011299999999999999
vn 0.989923 0.141156 -0.011299999999999999
vn 0.989923 0.141156 -0.011299999999999999
vn 0 0.101146 0.99487199999999998
vn 0 0.101146 0.99487199999999998
vn 0 0.101146 0.99487199999999998
vn 0 0.101146 0.99487199999999998
vn 0 0.101146 0.99487199999999998
vn 0 0.101146 0.99487199999999998
vn 0 0.101146 0.99487199999999998
vn 0 0.101146 0.99487199999999998
vn 0 0.101146 0.99487199999999998
vn 0 0.101146 0.99487199999999998
vn 0 0.101146 0.99487199999999998
vn 0 0.101146 0.99487199999999998
vn 0 0.101146 0.99487199999999998
vn 0 0.101146 0.99487199999999998
vn 0 0.101146 0.99487199999999998
vn 0 0.101146 0.99487199999999998
vn -0.056260999999999999 0.097833000000000003 0.99361100000000002
vn -0.056260999999999999 0.097833000000000003 0.99361100000000002
vn -0.056260999999999999 0.097833000000000003 0.99361100000000002
vn -0.056260999999999999 0.097833000000000003 0.99361100000000002
vn 0.98990500000000003 0.141732 0
vn 0.98990500000000003 0.141732 0
vn 0.98990500000000003 0.141732 0
vn 0.98990500000000003 0.141732 0
vn -0.92283199999999999 -0.13894599999999999 0.35926999999999998
vn -0.92283199999999999 -0.13894599999999999 0.35926999999999998
vn -0.92283199999999999 -0.13894599999999999 0.35926999999999998
vn -0.92283199999999999 -0.13894599999999999 0.35926999999999998
vn -0.87251900000000004 -0.406366 0.27125199999999999
vn -0.87251900000000004 -0.406366 0.27125199999999999
vn -0.87251900000000004 -0.406366 0.27125199999999999
vn -0.87251900000000004 -0.406366 0.27125199999999999
vn -0.89293 0.32273800000000002 0.31387300000000001
vn -0.89293 0.32273800000000002 0.31387300000000001
vn -0.89293 0.32273800000000002 0.31387300000000001
vn -0.89293 0.32273800000000002 0.31387300000000001
vn -0.83016100000000004 0.046698000000000003 0.55556399999999995
vn -0.83016100000000004 0.046698000000000003 0.55556399999999995
vn -0.83016100000000004 0.046698000000000003 0.55556499999999998
vn -0.83016100000000004 0.046698000000000003 0.55556399999999995
vn -0.83518999999999999 0.039454999999999997 0.54854400000000003
vn -0.83518999999999999 0.039454999999999997 0.54854400000000003
vn -0.83518999999999999 0.039454999999999997 0.54854400000000003
vn -0.83518999999999999 0.039454999999999997 0.54854400000000003
vn -0.83656299999999995 0.058789000000000001 0.54470799999999997
vn -0.83656299999999995 0.058789000000000001 0.54470799999999997
vn -0.83656299999999995 0.058789000000000001 0.54470799999999997
vn -0.83656299999999995 0.058789000000000001 0.54470799999999997
vn -0.83296000000000003 0.085808999999999996 0.54663899999999999
vn -0.83296000000000003 0.085808999999999996 0.54663899999999999
vn -0.83296000000000003 0.085808999999999996 0.54663899999999999
vn -0.83296000000000003 0.085808999999999996 0.54663899999999999
vn -0.82968900000000001 0.10549600000000001 0.54816799999999999
vn -0.82968900000000001 0.10549600000000001 0.54816799999999999
vn -0.82968900000000001 0.10549600000000001 0.54816799999999999
vn -0.82968799999999998 0.10549600000000001 0.54816799999999999
vn -0.82750299999999999 0.11665 0.54920999999999998
vn -0.82750299999999999 0.11665 0.54920999999999998
vn -0.82750299999999999 0.11665 0.54920999999999998
vn -0.82750299999999999 0.11665 0.54920999999999998
vn -0.82249099999999997 0.12662100000000001 0.55450500000000003
vn -0.82249099999999997 0.12662100000000001 0.55450500000000003
vn -0.82249099999999997 0.12662100000000001 0.55450500000000003
vn -0.82249099999999997 0.12662100000000001 0.55450500000000003
vn -0.820411 0.114098 0.56027499999999997
vn -0.820411 0.114098 0.56027400000000005
vn -0.820411 0.114098 0.56027400000000005
vn -0.820411 0.114098 0.56027400000000005
vn -0.93746799999999997 -0.14157700000000001 0.31797700000000001
vn -0.93746799999999997 -0.14157700000000001 0.31797700000000001
vn -0.93746799999999997 -0.14157700000000001 0.31797700000000001
vn -0.93746799999999997 -0.14157700000000001 0.31797700000000001
vn -0.78171000000000002 0.50816099999999997 0.36152699999999999
vn -0.78171000000000002 0.50816099999999997 0.36152699999999999
vn -0.78171000000000002 0.50816099999999997 0.36152699999999999
vn -0.78171000000000002 0.50816099999999997 0.36152699999999999
vn -0.79139300000000001 0.219752 0.57044399999999995
vn -0.79139300000000001 0.219752 0.57044399999999995
vn -0.79139300000000001 0.219752 0.57044399999999995
vn -0.79139300000000001 0.219752 0.57044399999999995
vn -0.79847800000000002 0.46918300000000002 0.37722600000000001
vn -0.79847800000000002 0.46918300000000002 0.37722600000000001
vn -0.79847800000000002 0.46918300000000002 0.37722600000000001
vn -0.79847800000000002 0.46918300000000002 0.37722600000000001
vn -0.84558100000000003 -0.179262 -0.50284899999999999
vn -0.84558100000000003 -0.179262 -0.50284899999999999
vn -0.84558199999999994 -0.179262 -0.50284899999999999
vn -0.84558100000000003 -0.179262 -0.50284899999999999
vn -0.76360300000000003 -0.45063900000000001 -0.46242299999999997
vn -0.76360300000000003 -0.45063900000000001 -0.46242299999999997
vn -0.76360300000000003 -0.45063900000000001 -0.46242299999999997
vn -0.76360300000000003 -0.45063900000000001 -0.46242299999999997
vn -0.79130299999999998 0.35057300000000002 -0.50093799999999999
vn -0.79130299999999998 0.35057300000000002 -0.50093799999999999
vn -0.79130299999999998 0.35057300000000002 -0.50093799999999999
vn -0.79130299999999998 0.35057300000000002 -0.50093799999999999
vn -0.53969100000000003 0.063353000000000007 -0.839476
vn -0.53969100000000003 0.063353000000000007 -0.839476
vn -0.53969100000000003 0.063353000000000007 -0.839476
vn -0.53969100000000003 0.063353000000000007 -0.839476
vn -0.56419799999999998 0.055319 -0.82378399999999996
vn -0.56419799999999998 0.055319 -0.82378399999999996
vn -0.56419799999999998 0.055319 -0.82378399999999996
vn -0.56419799999999998 0.055319 -0.82378399999999996
vn -0.57606100000000005 0.087858000000000006 -0.81267100000000003
vn -0.57606100000000005 0.087858000000000006 -0.81267100000000003
vn -0.57606100000000005 0.087858000000000006 -0.81267100000000003
vn -0.57606100000000005 0.087858000000000006 -0.81267100000000003
vn -0.57184800000000002 0.12817200000000001 -0.81028500000000003
vn -0.57184800000000002 0.12817200000000001 -0.81028500000000003
vn -0.57184800000000002 0.12817200000000001 -0.81028500000000003
vn -0.57184800000000002 0.12817200000000001 -0.81028500000000003
vn -0.56850100000000003 0.15771099999999999 -0.80742400000000003
vn -0.56850100000000003 0.15771099999999999 -0.80742400000000003
vn -0.56850100000000003 0.15771099999999999 -0.80742400000000003
vn -0.56850100000000003 0.15771099999999999 -0.80742400000000003
vn -0.56807200000000002 0.17192399999999999 -0.80482100000000001
vn -0.56807200000000002 0.17192399999999999 -0.80482100000000001
vn -0.56807200000000002 0.17192399999999999 -0.80482100000000001
vn -0.56807200000000002 0.17192399999999999 -0.80482100000000001
vn -0.56535500000000005 0.12604399999999999 -0.81516100000000002
vn -0.56535500000000005 0.12604399999999999 -0.81516100000000002
vn -0.56535500000000005 0.12604399999999999 -0.81516100000000002
vn -0.56535500000000005 0.12604399999999999 -0.81516100000000002
vn -0.56499699999999997 0.024028000000000001 -0.824743
vn -0.56499699999999997 0.024028000000000001 -0.824743
vn -0.56499699999999997 0.024028000000000001 -0.824743
vn -0.56499699999999997 0.024028000000000001 -0.824743
vn -0.80773799999999996 -0.203573 -0.55327800000000005
vn -0.80773799999999996 -0.203573 -0.55327800000000005
vn -0.80773799999999996 -0.203573 -0.55327800000000005
vn -0.80773799999999996 -0.203573 -0.55327800000000005
vn -0.69578300000000004 0.48954700000000001 -0.52557600000000004
vn -0.69578300000000004 0.48954700000000001 -0.52557600000000004
vn -0.69578300000000004 0.48954700000000001 -0.52557600000000004
vn -0.69578300000000004 0.48954700000000001 -0.52557600000000004
vn -0.54503900000000005 0.196269 -0.81511400000000001
vn -0.54503900000000005 0.196269 -0.81511400000000001
vn -0.54503900000000005 0.196269 -0.81511400000000001
vn -0.54503900000000005 0.196269 -0.81511400000000001
vn -0.69664000000000004 0.58431 -0.41626299999999999
vn -0.69664000000000004 0.58431 -0.41626299999999999
vn -0.69664000000000004 0.58431 -0.41626299999999999
vn -0.69664000000000004 0.58431 -0.41626299999999999
vn -0.75901200000000002 -0.645702 -0.083483000000000002
vn -0.75901200000000002 -0.645702 -0.083483000000000002
vn -0.75901200000000002 -0.645702 -0.083483000000000002
vn -0.75901200000000002 -0.645702 -0.083483000000000002
vn -0.77793199999999996 0.62176200000000004 -0.090744000000000005
vn -0.77793199999999996 0.62176200000000004 -0.090744000000000005
vn -0.77793199999999996 0.62176200000000004 -0.090744000000000005
vn -0.77793199999999996 0.62176200000000004 -0.090744000000000005
vn -0.90917599999999998 -0.405835 -0.093252000000000002
vn -0.90917599999999998 -0.405835 -0.093252000000000002
vn -0.90917599999999998 -0.405835 -0.093252000000000002
vn -0.90917599999999998 -0.405835 -0.093252000000000002
vn -0.67667999999999995 0.73558299999999999 -0.031962999999999998
vn -0.67667999999999995 0.73558299999999999 -0.031962999999999998
vn -0.67667999999999995 0.73558299999999999 -0.031962999999999998
vn -0.67667999999999995 0.73558299999999999 -0.031962999999999998
vn -0.96747499999999997 -0.10071099999999999 0.23205400000000001
vn -0.96747499999999997 -0.10071099999999999 0.23205400000000001
vn -0.96747499999999997 -0.10071099999999999 0.23205400000000001
vn -0.96747499999999997 -0.10071099999999999 0.23205300000000001
vn -0.88871699999999998 -0.43694499999999997 0.13878599999999999
vn -0.88871699999999998 -0.43694499999999997 0.13878599999999999
vn -0.88871699999999998 -0.43694499999999997 0.13878599999999999
vn -0.88871699999999998 -0.43694499999999997 0.13878599999999999
vn -0.924099 0.35588500000000001 0.139241
vn -0.924099 0.35588500000000001 0.139241
vn -0.924099 0.35588500000000001 0.139241
vn -0.924099 0.35588500000000001 0.139241
vn -0.87959799999999999 0.013847 0.47551700000000002
vn -0.87959799999999999 0.013847 0.47551700000000002
vn -0.87959799999999999 0.013847 0.47551700000000002
vn -0.87959799999999999 0.013847 0.47551700000000002
vn -0.87858199999999997 0.018811000000000001 0.47722100000000001
vn -0.87858199999999997 0.018811000000000001 0.47722100000000001
vn -0.87858199999999997 0.018811000000000001 0.47722100000000001
vn -0.87858199999999997 0.018811000000000001 0.47722100000000001
vn -0.87272799999999995 0.049919999999999999 0.485647
vn -0.87272799999999995 0.049919999999999999 0.485647
vn -0.87272899999999998 0.049919999999999999 0.485647
vn -0.87272899999999998 0.049919999999999999 0.485647
vn -0.86862799999999996 0.078062000000000006 0.48927700000000002
vn -0.86862799999999996 0.078062000000000006 0.48927700000000002
vn -0.86862799999999996 0.078062000000000006 0.48927700000000002
vn -0.86862799999999996 0.078062000000000006 0.48927700000000002
vn -0.865228 0.10473399999999999 0.490317
vn -0.865228 0.10473399999999999 0.490317
vn -0.865228 0.10473399999999999 0.490317
vn -0.865228 0.10473399999999999 0.490317
vn -0.86238400000000004 0.12296 0.491095
vn -0.86238400000000004 0.12296 0.491095
vn -0.86238400000000004 0.12296 0.491095
vn -0.86238400000000004 0.12296 0.491095
vn -0.858433 0.13516600000000001 0.49479600000000001
vn -0.858433 0.13516600000000001 0.49479600000000001
vn -0.858433 0.13516600000000001 0.49479600000000001
vn -0.858433 0.13516600000000001 0.49479600000000001
vn -0.85228800000000005 0.121325 0.50880800000000004
vn -0.85228800000000005 0.121325 0.50880800000000004
vn -0.85228800000000005 0.121325 0.50880800000000004
vn -0.85228800000000005 0.121325 0.50880800000000004
vn -0.95692900000000003 -0.17821899999999999 0.229183
vn -0.95692900000000003 -0.17821899999999999 0.229183
vn -0.95692900000000003 -0.17821899999999999 0.229183
vn -0.95692900000000003 -0.17821899999999999 0.229183
vn -0.80327000000000004 0.53416699999999995 0.26348199999999999
vn -0.80327000000000004 0.53416699999999995 0.26348199999999999
vn -0.80327000000000004 0.53416699999999995 0.26348199999999999
vn -0.80327000000000004 0.53416699999999995 0.26348199999999999
vn -0.81796999999999997 0.18814800000000001 0.54362200000000005
vn -0.81796999999999997 0.18814800000000001 0.54362200000000005
vn -0.81796999999999997 0.18814800000000001 0.54362200000000005
vn -0.81796999999999997 0.18814800000000001 0.54362200000000005
vn -0.82655900000000004 0.48275699999999999 0.28938999999999998
vn -0.82655900000000004 0.48275699999999999 0.28938999999999998
vn -0.82655900000000004 0.48275699999999999 0.28938999999999998
vn -0.82655900000000004 0.48275699999999999 0.28938999999999998
vn -0.71873699999999996 -0.10376100000000001 -0.687496
vn -0.71873699999999996 -0.10376100000000001 -0.687496
vn -0.71873699999999996 -0.10376100000000001 -0.687496
vn -0.71873699999999996 -0.10376100000000001 -0.687496
vn -0.69314699999999996 -0.486317 -0.53201799999999999
vn -0.69314699999999996 -0.486317 -0.53201799999999999
vn -0.69314699999999996 -0.486317 -0.53201799999999999
vn -0.69314699999999996 -0.486317 -0.53201799999999999
vn -0.71434600000000004 0.38031199999999998 -0.58742899999999998
vn -0.71434600000000004 0.38031199999999998 -0.58742899999999998
vn -0.71434600000000004 0.38031199999999998 -0.58742899999999998
vn -0.71434600000000004 0.38031199999999998 -0.58742899999999998
vn -0.45134400000000002 -0.001614 -0.89234800000000003
vn -0.45134400000000002 -0.001614 -0.89234800000000003
vn -0.45134400000000002 -0.001614 -0.89234800000000003
vn -0.45134400000000002 -0.001614 -0.89234800000000003
vn -0.47266900000000001 0.015459000000000001 -0.881104
vn -0.47266900000000001 0.015459000000000001 -0.88110500000000003
vn -0.47266900000000001 0.015459000000000001 -0.881104
vn -0.47266900000000001 0.015459000000000001 -0.88110500000000003
vn -0.468669 0.057880000000000001 -0.88147600000000004
vn -0.468669 0.057880000000000001 -0.88147600000000004
vn -0.468669 0.057880000000000001 -0.88147600000000004
vn -0.468669 0.057880000000000001 -0.88147600000000004
vn -0.46308700000000003 0.097764000000000004 -0.88090400000000002
vn -0.46308700000000003 0.097764000000000004 -0.88090400000000002
vn -0.46308700000000003 0.097764000000000004 -0.88090400000000002
vn -0.46308700000000003 0.097764000000000004 -0.88090400000000002
vn -0.45714500000000002 0.13073000000000001 -0.87973199999999996
vn -0.45714500000000002 0.13073000000000001 -0.87973199999999996
vn -0.45714500000000002 0.13073000000000001 -0.87973199999999996
vn -0.45714500000000002 0.13073000000000001 -0.87973199999999996
vn -0.45240000000000002 0.15315799999999999 -0.87856599999999996
vn -0.45240000000000002 0.15315799999999999 -0.87856500000000004
vn -0.45240000000000002 0.15315799999999999 -0.87856500000000004
vn -0.45240000000000002 0.15315799999999999 -0.87856599999999996
vn -0.44969500000000001 0.16142400000000001 -0.87847399999999998
vn -0.44969500000000001 0.16142400000000001 -0.87847399999999998
vn -0.44969500000000001 0.16142400000000001 -0.87847399999999998
vn -0.44969500000000001 0.16142400000000001 -0.87847399999999998
vn -0.43187300000000001 0.11376 -0.89473100000000005
vn -0.43187300000000001 0.11376 -0.89473100000000005
vn -0.43187300000000001 0.11376 -0.89473100000000005
vn -0.43187300000000001 0.11376 -0.89473100000000005
vn -0.73211300000000001 -0.24298700000000001 -0.63637100000000002
vn -0.73211300000000001 -0.24298700000000001 -0.63637100000000002
vn -0.73211300000000001 -0.24298700000000001 -0.63637100000000002
vn -0.73211300000000001 -0.24298700000000001 -0.63637100000000002
vn -0.56460999999999995 0.54501900000000003 -0.61981399999999998
vn -0.56460999999999995 0.54501900000000003 -0.61981399999999998
vn -0.56460999999999995 0.54501900000000003 -0.61981399999999998
vn -0.56460999999999995 0.54501900000000003 -0.61981399999999998
vn -0.395621 0.137402 -0.90807800000000005
vn -0.395621 0.137402 -0.90807800000000005
vn -0.395621 0.137402 -0.90807800000000005
vn -0.395621 0.137402 -0.90807800000000005
vn -0.57904100000000003 0.52493500000000004 -0.62382300000000002
vn -0.57904100000000003 0.52493500000000004 -0.62382300000000002
vn -0.57904100000000003 0.52493500000000004 -0.62382300000000002
vn -0.57904100000000003 0.52493500000000004 -0.62382300000000002
vn -0.722306 -0.65665499999999999 -0.216976
vn -0.722306 -0.65665499999999999 -0.216976
vn -0.722306 -0.65665499999999999 -0.216976
vn -0.722306 -0.65665499999999999 -0.216976
vn -0.75020600000000004 0.602182 -0.27307199999999998
vn -0.75020600000000004 0.602182 -0.27307199999999998
vn -0.75020600000000004 0.602182 -0.27307199999999998
vn -0.75020600000000004 0.602182 -0.27307199999999998
vn -0.87152300000000005 -0.404895 -0.27660000000000001
vn -0.87152300000000005 -0.40489599999999998 -0.27660000000000001
vn -0.87152300000000005 -0.40489599999999998 -0.27660000000000001
vn -0.87152300000000005 -0.40489599999999998 -0.27660000000000001
vn -0.61891700000000005 0.74230099999999999 -0.25676900000000002
vn -0.61891700000000005 0.74230099999999999 -0.25676900000000002
vn -0.61891700000000005 0.74230099999999999 -0.25676900000000002
vn -0.61891700000000005 0.74230099999999999 -0.25676900000000002
vn -0.99240499999999998 -0.095549999999999996 0.077480999999999994
vn -0.99240499999999998 -0.095549999999999996 0.077480999999999994
vn -0.99240499999999998 -0.095549999999999996 0.077480999999999994
vn -0.99240499999999998 -0.095549999999999996 0.077480999999999994
vn -0.89614099999999997 -0.44354700000000002 0.014043999999999999
vn -0.89614099999999997 -0.44354700000000002 0.014043999999999999
vn -0.89614099999999997 -0.44354700000000002 0.014043999999999999
vn -0.89614099999999997 -0.44354700000000002 0.014043999999999999
vn -0.94344799999999995 0.33151399999999998 -0.002078
vn -0.94344799999999995 0.33151399999999998 -0.002078
vn -0.94344799999999995 0.33151399999999998 -0.002078
vn -0.94344799999999995 0.33151399999999998 -0.002078
vn -0.92206399999999999 -0.021888999999999999 0.38641900000000001
vn -0.92206299999999997 -0.021888999999999999 0.38641900000000001
vn -0.92206299999999997 -0.021888999999999999 0.38641900000000001
vn -0.92206299999999997 -0.021888999999999999 0.38641900000000001
vn -0.92229799999999995 0.014612 0.38620300000000002
vn -0.92229799999999995 0.014612 0.38620300000000002
vn -0.92229799999999995 0.014612 0.38620300000000002
vn -0.92229799999999995 0.014612 0.38620300000000002
vn -0.92080099999999998 0.053344000000000003 0.38636799999999999
vn -0.92080099999999998 0.053344000000000003 0.38636799999999999
vn -0.92080099999999998 0.053344000000000003 0.38636799999999999
vn -0.92080099999999998 0.053344000000000003 0.38636799999999999
vn -0.91777699999999995 0.089880000000000002 0.386791
vn -0.91777699999999995 0.089880000000000002 0.386791
vn -0.91777699999999995 0.089880000000000002 0.386791
vn -0.91777699999999995 0.089880000000000002 0.386791
vn -0.91408699999999998 0.12023300000000001 0.38728400000000002
vn -0.91408699999999998 0.12023300000000001 0.38728400000000002
vn -0.91408699999999998 0.12023300000000001 0.38728400000000002
vn -0.91408699999999998 0.12023300000000001 0.38728400000000002
vn -0.910972 0.14092399999999999 0.38764900000000002
vn -0.91097099999999998 0.14092299999999999 0.38764900000000002
vn -0.910972 0.14092299999999999 0.38764900000000002
vn -0.91097099999999998 0.14092299999999999 0.38764900000000002
vn -0.90959900000000005 0.14933199999999999 0.38772299999999998
vn -0.90959900000000005 0.14933199999999999 0.38772299999999998
vn -0.90959900000000005 0.14933199999999999 0.38772299999999998
vn -0.90959900000000005 0.14933199999999999 0.38772299999999998
vn -0.909609 0.14960399999999999 0.387596
vn -0.909609 0.14960399999999999 0.387596
vn -0.909609 0.14960399999999999 0.387596
vn -0.909609 0.14960399999999999 0.387596
vn -0.98404000000000003 -0.17168700000000001 0.046783999999999999
vn -0.98404000000000003 -0.17168700000000001 0.046783999999999999
vn -0.98404000000000003 -0.17168700000000001 0.046783999999999999
vn -0.98404000000000003 -0.17168700000000001 0.046783999999999999
vn -0.84020099999999998 0.53911699999999996 0.058436000000000002
vn -0.84020099999999998 0.53911699999999996 0.058436000000000002
vn -0.84020099999999998 0.53911699999999996 0.058436000000000002
vn -0.84020099999999998 0.53911699999999996 0.058436000000000002
vn -0.90797499999999998 0.15460499999999999 0.38945800000000003
vn -0.90797600000000001 0.15460499999999999 0.38945800000000003
vn -0.90797499999999998 0.15460499999999999 0.38945800000000003
vn -0.90797499999999998 0.15460499999999999 0.38945800000000003
vn -0.83558399999999999 0.54434800000000005 0.074062000000000003
vn -0.83558399999999999 0.54434800000000005 0.074062000000000003
vn -0.83558399999999999 0.54434800000000005 0.074062000000000003
vn -0.83558399999999999 0.54434800000000005 0.074062000000000003
vn -0.64834400000000003 -0.096214999999999995 -0.755243
vn -0.64834400000000003 -0.096214999999999995 -0.755243
vn -0.64834400000000003 -0.096214999999999995 -0.755243
vn -0.64834400000000003 -0.096214999999999995 -0.755243
vn -0.64286299999999996 -0.45036100000000001 -0.61959799999999998
vn -0.64286299999999996 -0.45036100000000001 -0.61959799999999998
vn -0.64286299999999996 -0.45036100000000001 -0.61959799999999998
vn -0.64286299999999996 -0.45036100000000001 -0.61959799999999998
vn -0.64665600000000001 0.32929799999999998 -0.68803999999999998
vn -0.64665600000000001 0.32929799999999998 -0.68803999999999998
vn -0.64665600000000001 0.32929799999999998 -0.68803999999999998
vn -0.64665600000000001 0.32929799999999998 -0.68803999999999998
vn -0.37639499999999998 -0.021992000000000001 -0.92619799999999997
vn -0.37639499999999998 -0.021992000000000001 -0.92619799999999997
vn -0.37639499999999998 -0.021992000000000001 -0.92619799999999997
vn -0.37639499999999998 -0.021992000000000001 -0.92619799999999997
vn -0.37422 0.014638999999999999 -0.92722499999999997
vn -0.37422 0.014638999999999999 -0.92722499999999997
vn -0.37422 0.014638999999999999 -0.92722499999999997
vn -0.37422 0.014638999999999999 -0.92722499999999997
vn -0.37002800000000002 0.053249999999999999 -0.92749300000000001
vn -0.37002800000000002 0.053249999999999999 -0.92749300000000001
vn -0.37002800000000002 0.053249999999999999 -0.92749300000000001
vn -0.37002800000000002 0.053249999999999999 -0.92749300000000001
vn -0.36446800000000001 0.089379 -0.92691699999999999
vn -0.36446800000000001 0.089379 -0.92691699999999999
vn -0.36446800000000001 0.089379 -0.92691699999999999
vn -0.36446800000000001 0.089379 -0.92691699999999999
vn -0.35870400000000002 0.11916 -0.92581500000000005
vn -0.35870400000000002 0.11916 -0.92581500000000005
vn -0.35870400000000002 0.11916 -0.92581500000000005
vn -0.35870400000000002 0.11916 -0.92581500000000005
vn -0.35416399999999998 0.139269 -0.92475499999999999
vn -0.35416399999999998 0.139269 -0.92475499999999999
vn -0.35416399999999998 0.139269 -0.92475499999999999
vn -0.35416399999999998 0.139269 -0.92475499999999999
vn -0.35212399999999999 0.147345 -0.92428299999999997
vn -0.35212399999999999 0.147345 -0.92428299999999997
vn -0.35212399999999999 0.147345 -0.92428299999999997
vn -0.35212399999999999 0.147345 -0.92428299999999997
vn -0.35198299999999999 0.147505 -0.92431099999999999
vn -0.35198299999999999 0.147505 -0.92431099999999999
vn -0.35198299999999999 0.147505 -0.92431099999999999
vn -0.35198299999999999 0.147505 -0.92431099999999999
vn -0.67572200000000004 -0.17332700000000001 -0.71648999999999996
vn -0.67572200000000004 -0.17332700000000001 -0.71648999999999996
vn -0.67572200000000004 -0.17332700000000001 -0.71648999999999996
vn -0.67572200000000004 -0.17332700000000001 -0.71648999999999996
vn -0.50534500000000004 0.52310199999999996 -0.68628699999999998
vn -0.50534500000000004 0.52310199999999996 -0.68628699999999998
vn -0.50534500000000004 0.52310199999999996 -0.68628699999999998
vn -0.50534500000000004 0.52310199999999996 -0.68628699999999998
vn -0.35112100000000002 0.15107899999999999 -0.92406100000000002
vn -0.35112100000000002 0.15107899999999999 -0.92406100000000002
vn -0.35112100000000002 0.15107899999999999 -0.92406100000000002
vn -0.35112100000000002 0.15107899999999999 -0.92406100000000002
vn -0.49266100000000002 0.52719700000000003 -0.69235100000000005
vn -0.49265999999999999 0.52719700000000003 -0.69235100000000005
vn -0.49265999999999999 0.52719700000000003 -0.69235100000000005
vn -0.49265999999999999 0.52719700000000003 -0.69235100000000005
vn -0.67610300000000001 -0.66176199999999996 -0.32396799999999998
vn -0.67610300000000001 -0.66176199999999996 -0.32396799999999998
vn -0.67610300000000001 -0.66176299999999999 -0.32396799999999998
vn -0.67610300000000001 -0.66176199999999996 -0.32396799999999998
vn -0.68620199999999998 0.60452600000000001 -0.40456799999999998
vn -0.68620199999999998 0.60452600000000001 -0.40456799999999998
vn -0.68620199999999998 0.60452600000000001 -0.40456799999999998
vn -0.68620199999999998 0.60452600000000001 -0.40456799999999998
vn -0.83342799999999995 -0.39929700000000001 -0.38204700000000003
vn -0.83342799999999995 -0.39929700000000001 -0.38204700000000003
vn -0.83342799999999995 -0.39929700000000001 -0.38204700000000003
vn -0.83342799999999995 -0.39929700000000001 -0.38204700000000003
vn -0.56796999999999997 0.73931800000000003 -0.36168800000000001
vn -0.56796999999999997 0.73931800000000003 -0.36168800000000001
vn -0.567971 0.73931800000000003 -0.36168800000000001
vn -0.56796999999999997 0.73931800000000003 -0.36168800000000001
vn -0.98848199999999997 -0.104037 -0.10990999999999999
vn -0.98848199999999997 -0.104037 -0.10990999999999999
vn -0.98848199999999997 -0.104037 -0.10990999999999999
vn -0.98848199999999997 -0.104037 -0.10990999999999999
vn -0.89146800000000004 -0.446048 -0.079534999999999995
vn -0.89146800000000004 -0.446048 -0.079534999999999995
vn -0.89146800000000004 -0.446048 -0.079534999999999995
vn -0.89146800000000004 -0.446048 -0.079534999999999995
vn -0.935809 0.332926 -0.115853
vn -0.935809 0.332926 -0.115853
vn -0.935809 0.332926 -0.115853
vn -0.935809 0.332926 -0.115853
vn -0.96969799999999995 -0.003284 0.244285
vn -0.96969799999999995 -0.003284 0.244285
vn -0.96969799999999995 -0.003284 0.244285
vn -0.96969799999999995 -0.003284 0.244285
vn -0.97521599999999997 0.011745 0.220943
vn -0.97521599999999997 0.011745 0.220943
vn -0.97521599999999997 0.011745 0.220943
vn -0.97521599999999997 0.011745 0.220943
vn -0.97297100000000003 0.054169000000000002 0.22448499999999999
vn -0.97297100000000003 0.054169000000000002 0.22448499999999999
vn -0.97297100000000003 0.054169000000000002 0.22448499999999999
vn -0.97297100000000003 0.054169000000000002 0.22448499999999999
vn -0.96845099999999995 0.092660000000000006 0.23133600000000001
vn -0.96845099999999995 0.092660000000000006 0.23133600000000001
vn -0.96845099999999995 0.092660000000000006 0.23133600000000001
vn -0.96845099999999995 0.092660000000000006 0.23133600000000001
vn -0.96247300000000002 0.12525900000000001 0.24074100000000001
vn -0.96247300000000002 0.12525900000000001 0.24074100000000001
vn -0.96247300000000002 0.12525900000000001 0.24074100000000001
vn -0.96247300000000002 0.12525900000000001 0.24074100000000001
vn -0.95709500000000003 0.15207000000000001 0.24666399999999999
vn -0.95709500000000003 0.15207000000000001 0.24666399999999999
vn -0.95709500000000003 0.15207000000000001 0.24666399999999999
vn -0.95709500000000003 0.15207000000000001 0.24666399999999999
vn -0.95377100000000004 0.17013800000000001 0.24773899999999999
vn -0.95377100000000004 0.17013800000000001 0.24773899999999999
vn -0.95377100000000004 0.17013800000000001 0.24773899999999999
vn -0.95377100000000004 0.17013800000000001 0.24773899999999999
vn -0.95148500000000003 0.146285 0.27069799999999999
vn -0.95148500000000003 0.146285 0.27069799999999999
vn -0.95148500000000003 0.146285 0.27069799999999999
vn -0.95148500000000003 0.146285 0.27069799999999999
vn -0.98965700000000001 -0.143348 -0.0055599999999999998
vn -0.98965700000000001 -0.143348 -0.0055599999999999998
vn -0.98965700000000001 -0.143348 -0.0055599999999999998
vn -0.98965700000000001 -0.143348 -0.0055599999999999998
vn -0.85244399999999998 0.52280899999999997 0.0031960000000000001
vn -0.85244399999999998 0.52280899999999997 0.0031960000000000001
vn -0.85244399999999998 0.52280899999999997 0.0031960000000000001
vn -0.85244399999999998 0.52280899999999997 0.0031960000000000001
vn -0.942133 0.19619500000000001 0.27183299999999999
vn -0.942133 0.19619500000000001 0.27183299999999999
vn -0.942133 0.19619500000000001 0.27183299999999999
vn -0.942133 0.19619500000000001 0.27183299999999999
vn -0.81632899999999997 0.56646200000000002 -0.112819
vn -0.81632800000000005 0.56646300000000005 -0.112819
vn -0.81632899999999997 0.56646200000000002 -0.112819
vn -0.81632899999999997 0.56646300000000005 -0.112819
vn -0.484709 -0.085651000000000005 -0.87047200000000002
vn -0.484709 -0.085651000000000005 -0.87047200000000002
vn -0.484709 -0.085651000000000005 -0.87047200000000002
vn -0.484709 -0.085651000000000005 -0.87047200000000002
vn -0.46179900000000002 -0.39090900000000001 -0.79619799999999996
vn -0.46179900000000002 -0.39090900000000001 -0.79619799999999996
vn -0.46179900000000002 -0.39090900000000001 -0.79619799999999996
vn -0.46179900000000002 -0.39090900000000001 -0.79619799999999996
vn -0.44262600000000002 0.28127799999999997 -0.85144900000000001
vn -0.44262600000000002 0.28127799999999997 -0.85144900000000001
vn -0.44262600000000002 0.28127799999999997 -0.85144900000000001
vn -0.44262600000000002 0.28127799999999997 -0.85144900000000001
vn -0.26073299999999999 0.006117 -0.96539200000000003
vn -0.26073299999999999 0.006117 -0.96539200000000003
vn -0.26073299999999999 0.006117 -0.96539200000000003
vn -0.26073299999999999 0.006117 -0.96539200000000003
vn -0.27393499999999998 0.0012819999999999999 -0.96174700000000002
vn -0.27393499999999998 0.0012819999999999999 -0.96174700000000002
vn -0.27393499999999998 0.0012819999999999999 -0.96174700000000002
vn -0.27393499999999998 0.0012819999999999999 -0.96174700000000002
vn -0.279748 0.034036999999999998 -0.95947000000000005
vn -0.279748 0.034036999999999998 -0.95947000000000005
vn -0.279748 0.034036999999999998 -0.95947000000000005
vn -0.279748 0.034036999999999998 -0.95947000000000005
vn -0.28186800000000001 0.065827999999999998 -0.95719200000000004
vn -0.28186800000000001 0.065827999999999998 -0.95719200000000004
vn -0.28186800000000001 0.065827999999999998 -0.95719200000000004
vn -0.28186800000000001 0.065827999999999998 -0.95719200000000004
vn -0.27905099999999999 0.094488000000000003 -0.95561600000000002
vn -0.27905099999999999 0.094488000000000003 -0.95561600000000002
vn -0.27905099999999999 0.094488000000000003 -0.95561600000000002
vn -0.27905099999999999 0.094488000000000003 -0.95561600000000002
vn -0.27397500000000002 0.118951 -0.95435199999999998
vn -0.27397500000000002 0.118951 -0.95435199999999998
vn -0.27397500000000002 0.118951 -0.95435199999999998
vn -0.27397500000000002 0.118951 -0.95435199999999998
vn -0.27044899999999999 0.133767 -0.95339600000000002
vn -0.27044899999999999 0.133767 -0.95339600000000002
vn -0.27044899999999999 0.133767 -0.95339600000000002
vn -0.27044899999999999 0.133767 -0.95339600000000002
vn -0.27163100000000001 0.10416300000000001 -0.95674800000000004
vn -0.27163100000000001 0.10416300000000001 -0.95674800000000004
vn -0.27163100000000001 0.10416300000000001 -0.95674800000000004
vn -0.27163100000000001 0.10416300000000001 -0.95674800000000004
vn -0.49220900000000001 -0.12520500000000001 -0.861425
vn -0.49220999999999998 -0.12520500000000001 -0.861425
vn -0.49220999999999998 -0.12520500000000001 -0.861425
vn -0.49220999999999998 -0.12520500000000001 -0.861425
vn -0.35474099999999997 0.43313099999999999 -0.82858699999999996
vn -0.35474099999999997 0.43313099999999999 -0.82858699999999996
vn -0.35474099999999997 0.43313099999999999 -0.82858699999999996
vn -0.35474099999999997 0.43313099999999999 -0.82858699999999996
vn -0.25633800000000001 0.16763600000000001 -0.95194000000000001
vn -0.25633800000000001 0.16763600000000001 -0.95194000000000001
vn -0.25633800000000001 0.16763600000000001 -0.95194000000000001
vn -0.25633800000000001 0.16763600000000001 -0.95194000000000001
vn -0.38683699999999999 0.469976 -0.79339700000000002
vn -0.38683699999999999 0.469976 -0.79339700000000002
vn -0.38683699999999999 0.469976 -0.79339700000000002
vn -0.38683699999999999 0.469976 -0.79339700000000002
vn -0.57200300000000004 -0.66934199999999999 -0.47412399999999999
vn -0.57200300000000004 -0.66934199999999999 -0.47412399999999999
vn -0.57200300000000004 -0.66934199999999999 -0.47412399999999999
vn -0.57200300000000004 -0.66934199999999999 -0.47412399999999999
vn -0.575098 0.60732399999999997 -0.54810499999999995
vn -0.575098 0.60732399999999997 -0.54810499999999995
vn -0.575098 0.60732399999999997 -0.54810499999999995
vn -0.575098 0.60732399999999997 -0.54810499999999995
vn -0.73164700000000005 -0.405221 -0.54816799999999999
vn -0.73164700000000005 -0.405221 -0.54816900000000002
vn -0.73164700000000005 -0.405221 -0.54816900000000002
vn -0.73164700000000005 -0.405221 -0.54816799999999999
vn -0.46306000000000003 0.72417600000000004 -0.51102400000000003
vn -0.46306000000000003 0.72417600000000004 -0.51102400000000003
vn -0.46306000000000003 0.72417600000000004 -0.51102400000000003
vn -0.46306000000000003 0.72417600000000004 -0.51102400000000003
vn -0.97129600000000005 -0.13738400000000001 -0.194191
vn -0.97129600000000005 -0.13738400000000001 -0.194191
vn -0.97129600000000005 -0.13738400000000001 -0.194191
vn -0.97129600000000005 -0.13738400000000001 -0.194191
vn -0.80229700000000004 -0.53808699999999998 -0.25842199999999999
vn -0.80229700000000004 -0.53808699999999998 -0.25842199999999999
vn -0.80229700000000004 -0.53808699999999998 -0.25842199999999999
vn -0.80229700000000004 -0.53808699999999998 -0.25842199999999999
vn -0.85280900000000004 0.42779699999999998 -0.29951
vn -0.85280900000000004 0.42779699999999998 -0.29951
vn -0.85280900000000004 0.42779699999999998 -0.29951
vn -0.85280900000000004 0.42779699999999998 -0.29951
vn -0.96161200000000002 0.026838999999999998 0.27309699999999998
vn -0.96161200000000002 0.026838999999999998 0.27309699999999998
vn -0.96161200000000002 0.026838999999999998 0.27309699999999998
vn -0.96161200000000002 0.026838999999999998 0.27309699999999998
vn -0.96926000000000001 0.0062480000000000001 0.24595800000000001
vn -0.96926000000000001 0.0062480000000000001 0.24595800000000001
vn -0.96926000000000001 0.0062480000000000001 0.24595800000000001
vn -0.96926000000000001 0.0062480000000000001 0.24595800000000001
vn -0.97281499999999999 0.035436000000000002 0.228857
vn -0.97281499999999999 0.035436000000000002 0.228857
vn -0.97281499999999999 0.035436000000000002 0.228857
vn -0.97281499999999999 0.035436000000000002 0.228857
vn -0.96999400000000002 0.080860000000000001 0.22928999999999999
vn -0.96999400000000002 0.080860000000000001 0.22928999999999999
vn -0.96999400000000002 0.080860000000000001 0.22928999999999999
vn -0.96999400000000002 0.080860000000000001 0.22928999999999999
vn -0.96552499999999997 0.122041 0.22992799999999999
vn -0.96552499999999997 0.122041 0.22992799999999999
vn -0.96552499999999997 0.122041 0.22992799999999999
vn -0.96552499999999997 0.122041 0.22992899999999999
vn -0.96075900000000003 0.15418999999999999 0.23058100000000001
vn -0.96075900000000003 0.15418999999999999 0.23058100000000001
vn -0.96075900000000003 0.15418999999999999 0.23058100000000001
vn -0.96075900000000003 0.15418999999999999 0.23058100000000001
vn -0.95621199999999995 0.15656999999999999 0.24727199999999999
vn -0.95621299999999998 0.15656999999999999 0.24727199999999999
vn -0.95621199999999995 0.15656999999999999 0.24727199999999999
vn -0.95621199999999995 0.15656999999999999 0.24727199999999999
vn -0.95879999999999999 0.097720000000000001 0.26674500000000001
vn -0.95879999999999999 0.097720000000000001 0.26674500000000001
vn -0.95879999999999999 0.097720000000000001 0.26674500000000001
vn -0.95879999999999999 0.097720000000000001 0.26674500000000001
vn -0.93744799999999995 -0.246671 -0.24565000000000001
vn -0.93744899999999998 -0.246671 -0.24565000000000001
vn -0.93744799999999995 -0.246671 -0.24565000000000001
vn -0.93744799999999995 -0.246671 -0.24565000000000001
vn -0.74431700000000001 0.63054299999999996 -0.22001699999999999
vn -0.74431700000000001 0.63054299999999996 -0.22001699999999999
vn -0.74431700000000001 0.63054299999999996 -0.22001699999999999
vn -0.74431700000000001 0.63054299999999996 -0.22001699999999999
vn -0.93049599999999999 0.244758 0.27252500000000002
vn -0.93049599999999999 0.244758 0.27252500000000002
vn -0.93049599999999999 0.244758 0.27252500000000002
vn -0.93049599999999999 0.244758 0.27252500000000002
vn -0.78777200000000003 0.58763900000000002 -0.18465000000000001
vn -0.78777200000000003 0.58763900000000002 -0.18465000000000001
vn -0.78777200000000003 0.58763900000000002 -0.18465000000000001
vn -0.78777200000000003 0.58763900000000002 -0.18465000000000001
vn -0.36618000000000001 -0.10398300000000001 -0.92471599999999998
vn -0.36618000000000001 -0.10398300000000001 -0.92471599999999998
vn -0.36618000000000001 -0.10398300000000001 -0.92471599999999998
vn -0.36618000000000001 -0.10398300000000001 -0.92471599999999998
vn -0.40431499999999998 -0.440579 -0.80150999999999994
vn -0.40431499999999998 -0.440579 -0.80150999999999994
vn -0.40431499999999998 -0.440579 -0.80150999999999994
vn -0.40431499999999998 -0.440579 -0.80151099999999997
vn -0.397646 0.33406799999999998 -0.85456200000000004
vn -0.397646 0.33406799999999998 -0.85456200000000004
vn -0.397646 0.33406799999999998 -0.85456200000000004
vn -0.397646 0.33406799999999998 -0.85456200000000004
vn -0.15620700000000001 0.022034000000000002 -0.98747799999999997
vn -0.15620700000000001 0.022034000000000002 -0.98747799999999997
vn -0.15620700000000001 0.022034000000000002 -0.98747799999999997
vn -0.15620700000000001 0.022034000000000002 -0.987479
vn -0.165551 0.0058089999999999999 -0.98618399999999995
vn -0.165551 0.0058089999999999999 -0.98618399999999995
vn -0.165551 0.0058089999999999999 -0.98618399999999995
vn -0.165551 0.0058089999999999999 -0.98618399999999995
vn -0.17050799999999999 0.023172000000000002 -0.98508399999999996
vn -0.17050799999999999 0.023172000000000002 -0.98508399999999996
vn -0.17050799999999999 0.023172000000000002 -0.98508399999999996
vn -0.17050799999999999 0.023172000000000002 -0.98508399999999996
vn -0.166849 0.053290999999999998 -0.984541
vn -0.166849 0.053290999999999998 -0.984541
vn -0.166849 0.053290999999999998 -0.984541
vn -0.166849 0.053290999999999998 -0.984541
vn -0.162443 0.080383999999999997 -0.98343800000000003
vn -0.162443 0.080383999999999997 -0.98343800000000003
vn -0.162443 0.080383999999999997 -0.98343800000000003
vn -0.162443 0.080383999999999997 -0.98343800000000003
vn -0.15828200000000001 0.101369 -0.98217699999999997
vn -0.15828200000000001 0.101369 -0.98217699999999997
vn -0.15828200000000001 0.101369 -0.98217699999999997
vn -0.15828200000000001 0.101369 -0.98217699999999997
vn -0.15402099999999999 0.099551000000000001 -0.98304000000000002
vn -0.15402099999999999 0.099551000000000001 -0.98304000000000002
vn -0.15402099999999999 0.099551000000000001 -0.98304000000000002
vn -0.15402099999999999 0.099551000000000001 -0.98304000000000002
vn -0.15621499999999999 0.063294000000000003 -0.98569300000000004
vn -0.15621499999999999 0.063294000000000003 -0.98569300000000004
vn -0.15621499999999999 0.063294000000000003 -0.98569300000000004
vn -0.15621499999999999 0.063294000000000003 -0.98569300000000004
vn -0.43722800000000001 -0.18938199999999999 -0.87918499999999999
vn -0.43722800000000001 -0.18938199999999999 -0.87918499999999999
vn -0.43722800000000001 -0.18938199999999999 -0.87918499999999999
vn -0.43722800000000001 -0.18938199999999999 -0.87918499999999999
vn -0.28124900000000003 0.47356599999999999 -0.834646
vn -0.28124900000000003 0.47356599999999999 -0.834646
vn -0.28124900000000003 0.47356599999999999 -0.834646
vn -0.28124900000000003 0.47356599999999999 -0.834646
vn -0.133136 0.16392399999999999 -0.97744799999999998
vn -0.133136 0.16392399999999999 -0.97744799999999998
vn -0.133136 0.16392399999999999 -0.97744799999999998
vn -0.133136 0.16392399999999999 -0.97744799999999998
vn -0.26725700000000002 0.430645 -0.862043
vn -0.26725700000000002 0.430645 -0.862043
vn -0.26725700000000002 0.430645 -0.862043
vn -0.26725700000000002 0.430645 -0.862043
vn -0.52286500000000002 -0.66383800000000004 -0.53472500000000001
vn -0.52286500000000002 -0.66383800000000004 -0.53472500000000001
vn -0.52286500000000002 -0.66383800000000004 -0.53472500000000001
vn -0.52286500000000002 -0.66383800000000004 -0.53472500000000001
vn -0.53546700000000003 0.59971600000000003 -0.59465599999999996
vn -0.53546700000000003 0.59971600000000003 -0.59465599999999996
vn -0.53546700000000003 0.59971600000000003 -0.59465599999999996
vn -0.53546700000000003 0.59971600000000003 -0.59465599999999996
vn -0.67490899999999998 -0.378938 -0.63317000000000001
vn -0.67490899999999998 -0.378938 -0.63317000000000001
vn -0.67490899999999998 -0.378938 -0.63317000000000001
vn -0.67490899999999998 -0.378938 -0.63317000000000001
vn -0.43073099999999998 0.69670900000000002 -0.57364400000000004
vn -0.43073099999999998 0.69670900000000002 -0.57364400000000004
vn -0.43073099999999998 0.69670900000000002 -0.57364400000000004
vn -0.43073099999999998 0.69670900000000002 -0.57364400000000004
vn -0.77316300000000004 -0.63000900000000004 0.072846999999999995
vn -0.77316300000000004 -0.63000900000000004 0.072846999999999995
vn -0.77316300000000004 -0.63000900000000004 0.072846999999999995
vn -0.77316300000000004 -0.63000900000000004 0.072846999999999995
vn -0.80157900000000004 0.59269899999999998 0.078608999999999998
vn -0.80157900000000004 0.59269899999999998 0.078608999999999998
vn -0.80157900000000004 0.59269899999999998 0.078608999999999998
vn -0.80157900000000004 0.59269899999999998 0.078608999999999998
vn -0.92201 -0.38622499999999998 -0.026976
vn -0.92201 -0.38622499999999998 -0.026976
vn -0.92201 -0.38622499999999998 -0.026976
vn -0.92201 -0.38622499999999998 -0.026976
vn -0.70607500000000001 0.70805300000000004 -0.010952999999999999
vn -0.70607500000000001 0.70805300000000004 -0.010952999999999999
vn -0.70607500000000001 0.70805300000000004 -0.010952999999999999
vn -0.70607500000000001 0.70805300000000004 -0.010952999999999999
vn -0.29074299999999997 -0.14859 0.94519299999999995
vn -0.29074299999999997 -0.14859 0.94519299999999995
vn -0.29074299999999997 -0.14859 0.94519299999999995
vn -0.29074299999999997 -0.14859 0.94519299999999995
vn -0.33005200000000001 -0.42904599999999998 0.84082400000000002
vn -0.33005200000000001 -0.42904599999999998 0.84082400000000002
vn -0.33005200000000001 -0.42904599999999998 0.84082400000000002
vn -0.33005200000000001 -0.42904599999999998 0.84082400000000002
vn -0.29843999999999998 0.34113100000000002 0.89138200000000001
vn -0.29843999999999998 0.34113100000000002 0.89138300000000004
vn -0.29843999999999998 0.34113100000000002 0.89138300000000004
vn -0.29843999999999998 0.34113100000000002 0.89138200000000001
vn -0.077132000000000006 0.049499000000000001 0.99579099999999998
vn -0.077132000000000006 0.049499000000000001 0.99579099999999998
vn -0.077132000000000006 0.049499000000000001 0.99579099999999998
vn -0.077132000000000006 0.049499000000000001 0.99579099999999998
vn -0.085810999999999998 0.041626000000000003 0.99544100000000002
vn -0.085810999999999998 0.041626000000000003 0.99544200000000005
vn -0.085810999999999998 0.041626000000000003 0.99544100000000002
vn -0.085810999999999998 0.041626000000000003 0.99544200000000005
vn -0.089051000000000005 0.061629999999999997 0.99411899999999997
vn -0.089051000000000005 0.061629999999999997 0.99411899999999997
vn -0.089051000000000005 0.061629999999999997 0.99411899999999997
vn -0.089051000000000005 0.061629999999999997 0.99411899999999997
vn -0.084431999999999993 0.089276999999999995 0.99242200000000003
vn -0.084432999999999994 0.089276999999999995 0.99242200000000003
vn -0.084432999999999994 0.089276999999999995 0.99242200000000003
vn -0.084431999999999993 0.089276999999999995 0.99242200000000003
vn -0.080550999999999998 0.108968 0.99077599999999999
vn -0.080550999999999998 0.108968 0.99077599999999999
vn -0.080550999999999998 0.108968 0.99077599999999999
vn -0.080550999999999998 0.108968 0.99077599999999999
vn -0.078416 0.118564 0.98984499999999997
vn -0.078416 0.118564 0.98984499999999997
vn -0.078416 0.118564 0.98984499999999997
vn -0.078416 0.118564 0.98984499999999997
vn -0.077027999999999999 0.10441599999999999 0.99154600000000004
vn -0.077027999999999999 0.10441599999999999 0.99154600000000004
vn -0.077027999999999999 0.10441599999999999 0.99154600000000004
vn -0.077027999999999999 0.10441599999999999 0.99154600000000004
vn -0.079593999999999998 0.064599000000000004 0.99473199999999995
vn -0.079593999999999998 0.064599000000000004 0.99473199999999995
vn -0.079593999999999998 0.064599000000000004 0.99473199999999995
vn -0.079593999999999998 0.064599000000000004 0.99473199999999995
vn -0.34213900000000003 -0.17521200000000001 0.92316900000000002
vn -0.34213900000000003 -0.17521200000000001 0.92316900000000002
vn -0.34213900000000003 -0.17521200000000001 0.92316900000000002
vn -0.34213900000000003 -0.17521200000000001 0.92316900000000002
vn -0.202013 0.46541100000000002 0.86173299999999997
vn -0.202013 0.46541100000000002 0.86173299999999997
vn -0.202013 0.46541100000000002 0.86173299999999997
vn -0.202013 0.46541100000000002 0.86173299999999997
vn -0.056384999999999998 0.17282500000000001 0.98333700000000002
vn -0.056384999999999998 0.17282500000000001 0.98333700000000002
vn -0.056384999999999998 0.17282500000000001 0.98333700000000002
vn -0.056384999999999998 0.17282500000000001 0.98333700000000002
vn -0.195378 0.44315100000000002 0.87489700000000004
vn -0.195378 0.44315100000000002 0.87489700000000004
vn -0.195378 0.44315100000000002 0.87489700000000004
vn -0.195378 0.44315100000000002 0.87489700000000004
vn -0.91770099999999999 -0.19031999999999999 0.348717
vn -0.91770099999999999 -0.19031999999999999 0.348717
vn -0.91770099999999999 -0.19031999999999999 0.348717
vn -0.91770099999999999 -0.19031999999999999 0.348717
vn -0.83055699999999999 -0.47009299999999998 0.29864299999999999
vn -0.83055699999999999 -0.47009299999999998 0.29864299999999999
vn -0.83055699999999999 -0.47009299999999998 0.29864299999999999
vn -0.83055699999999999 -0.47009299999999998 0.29864299999999999
vn -0.87241299999999999 0.37075799999999998 0.31848799999999999
vn -0.87241299999999999 0.37075799999999998 0.31848799999999999
vn -0.87241299999999999 0.37075799999999998 0.31848799999999999
vn -0.87241299999999999 0.37075799999999998 0.31848799999999999
vn -0.99324999999999997 0.067025000000000001 -0.094669000000000003
vn -0.99324999999999997 0.067025000000000001 -0.094669000000000003
vn -0.99324999999999997 0.067025000000000001 -0.094669000000000003
vn -0.99324999999999997 0.067025000000000001 -0.094669000000000003
vn -0.99614400000000003 0.058261 -0.065594
vn -0.99614400000000003 0.058261 -0.065594
vn -0.99614400000000003 0.058261 -0.065594
vn -0.99614400000000003 0.058261 -0.065594
vn -0.99459399999999998 0.092161000000000007 -0.047839
vn -0.99459399999999998 0.092161000000000007 -0.047839
vn -0.99459399999999998 0.092161000000000007 -0.047839
vn -0.99459399999999998 0.092161000000000007 -0.047839
vn -0.98986399999999997 0.13381499999999999 -0.047574999999999999
vn -0.98986399999999997 0.13381499999999999 -0.047574999999999999
vn -0.98986399999999997 0.13381499999999999 -0.047574999999999999
vn -0.98986399999999997 0.13381499999999999 -0.047574999999999999
vn -0.98538800000000004 0.16384699999999999 -0.046519999999999999
vn -0.98538800000000004 0.16384699999999999 -0.046519999999999999
vn -0.98538800000000004 0.16384699999999999 -0.046519999999999999
vn -0.98538800000000004 0.16384699999999999 -0.046519999999999999
vn -0.98286899999999999 0.17887900000000001 -0.044400000000000002
vn -0.98286899999999999 0.17887900000000001 -0.044400000000000002
vn -0.98286899999999999 0.17887900000000001 -0.044400000000000002
vn -0.98286899999999999 0.17887900000000001 -0.044400000000000002
vn -0.98442600000000002 0.16533200000000001 -0.059754000000000002
vn -0.98442600000000002 0.16533200000000001 -0.059754000000000002
vn -0.98442600000000002 0.16533200000000001 -0.059754000000000002
vn -0.98442600000000002 0.16533200000000001 -0.059754000000000002
vn -0.99177599999999999 0.10008400000000001 -0.079770999999999995
vn -0.99177599999999999 0.10008400000000001 -0.079770999999999995
vn -0.99177599999999999 0.10008400000000001 -0.079770999999999995
vn -0.99177599999999999 0.10008400000000001 -0.079770999999999995
vn -0.95003199999999999 -0.147567 0.27506999999999998
vn -0.95003199999999999 -0.147567 0.27506999999999998
vn -0.95003199999999999 -0.147567 0.27506999999999998
vn -0.95003199999999999 -0.147567 0.27506999999999998
vn -0.80766899999999997 0.541439 0.233483
vn -0.80766899999999997 0.541439 0.233483
vn -0.80766899999999997 0.541439 0.233483
vn -0.80766899999999997 0.541439 0.233483
vn -0.96209599999999995 0.25745200000000001 -0.089941999999999994
vn -0.96209599999999995 0.25745200000000001 -0.089941999999999994
vn -0.96209599999999995 0.25745200000000001 -0.089941999999999994
vn -0.96209599999999995 0.25745200000000001 -0.089941999999999994
vn -0.74313099999999999 0.58942899999999998 0.31674799999999997
vn -0.74313099999999999 0.58942899999999998 0.31674799999999997
vn -0.74313099999999999 0.58942899999999998 0.316749
vn -0.74313099999999999 0.58942899999999998 0.316749
vn -0.54259500000000005 -0.66678099999999996 0.510876
vn -0.54259500000000005 -0.66678099999999996 0.510876
vn -0.54259500000000005 -0.66678099999999996 0.510876
vn -0.54259500000000005 -0.66678099999999996 0.510876
vn -0.52070399999999994 0.63803500000000002 0.56725599999999998
vn -0.52070399999999994 0.63803500000000002 0.56725599999999998
vn -0.52070399999999994 0.63803500000000002 0.56725599999999998
vn -0.52070399999999994 0.63803500000000002 0.56725499999999995
vn -0.65921099999999999 -0.403943 0.63424800000000003
vn -0.65921099999999999 -0.403943 0.63424800000000003
vn -0.65921099999999999 -0.403943 0.63424800000000003
vn -0.65921099999999999 -0.403943 0.63424800000000003
vn -0.403748 0.72261799999999998 0.56108100000000005
vn -0.403748 0.72261799999999998 0.56108100000000005
vn -0.403748 0.72261799999999998 0.56108100000000005
vn -0.403748 0.72261799999999998 0.56108000000000002
vn -0.42103299999999999 -0.10528700000000001 0.90091399999999999
vn -0.42103299999999999 -0.10528700000000001 0.90091399999999999
vn -0.42103299999999999 -0.10528700000000001 0.90091399999999999
vn -0.42103299999999999 -0.10528700000000001 0.90091399999999999
vn -0.45771800000000001 -0.45566499999999999 0.76345499999999999
vn -0.45771800000000001 -0.45566499999999999 0.76345499999999999
vn -0.45771800000000001 -0.45566499999999999 0.76345499999999999
vn -0.45771800000000001 -0.45566499999999999 0.76345499999999999
vn -0.44260100000000002 0.36517300000000003 0.81899500000000003
vn -0.44260100000000002 0.36517300000000003 0.81899500000000003
vn -0.44260100000000002 0.36517300000000003 0.81899500000000003
vn -0.44260100000000002 0.36517300000000003 0.81899500000000003
vn -0.17088300000000001 0.014344000000000001 0.98518700000000003
vn -0.17088300000000001 0.014344000000000001 0.98518700000000003
vn -0.17088300000000001 0.014344000000000001 0.98518700000000003
vn -0.17088300000000001 0.014344000000000001 0.98518700000000003
vn -0.16855999999999999 0.019422999999999999 0.98550000000000004
vn -0.16855999999999999 0.019422999999999999 0.98550000000000004
vn -0.16855999999999999 0.019422999999999999 0.98550000000000004
vn -0.16855999999999999 0.019422999999999999 0.98550000000000004
vn -0.15631100000000001 0.051239 0.98637799999999998
vn -0.15631100000000001 0.051239 0.98637799999999998
vn -0.15631100000000001 0.051239 0.98637799999999998
vn -0.15631100000000001 0.051239 0.98637799999999998
vn -0.14894299999999999 0.079636999999999999 0.98563400000000001
vn -0.14894299999999999 0.079636999999999999 0.98563400000000001
vn -0.14894299999999999 0.079636999999999999 0.98563400000000001
vn -0.14894299999999999 0.079636999999999999 0.98563400000000001
vn -0.14405799999999999 0.10609 0.98386600000000002
vn -0.14405799999999999 0.10609 0.98386600000000002
vn -0.14405799999999999 0.10609 0.98386600000000002
vn -0.14405799999999999 0.10609 0.98386600000000002
vn -0.140262 0.123762 0.98234900000000003
vn -0.140262 0.123762 0.98234900000000003
vn -0.140262 0.123762 0.98234900000000003
vn -0.140262 0.123762 0.98234900000000003
vn -0.13861499999999999 0.13056200000000001 0.98170199999999996
vn -0.13861499999999999 0.13056200000000001 0.98170199999999996
vn -0.13861499999999999 0.13056200000000001 0.98170199999999996
vn -0.13861499999999999 0.13056200000000001 0.98170199999999996
vn -0.13941999999999999 0.098631999999999997 0.98530899999999999
vn -0.13941999999999999 0.098631999999999997 0.98530899999999999
vn -0.13941999999999999 0.098631999999999997 0.98530899999999999
vn -0.13941999999999999 0.098631999999999997 0.98530899999999999
vn -0.44122400000000001 -0.195109 0.87592999999999999
vn -0.44122400000000001 -0.195109 0.87592999999999999
vn -0.44122400000000001 -0.195109 0.87592999999999999
vn -0.44122400000000001 -0.195109 0.87592999999999999
vn -0.27829700000000002 0.50425200000000003 0.81748399999999999
vn -0.27829700000000002 0.50425200000000003 0.81748399999999999
vn -0.27829700000000002 0.50425200000000003 0.81748399999999999
vn -0.27829700000000002 0.50425200000000003 0.81748399999999999
vn -0.12515399999999999 0.161994 0.978823
vn -0.12515399999999999 0.161994 0.978823
vn -0.12515399999999999 0.161994 0.978823
vn -0.12515399999999999 0.161994 0.978823
vn -0.28283399999999997 0.46315299999999998 0.83993700000000004
vn -0.28283399999999997 0.46315299999999998 0.83993700000000004
vn -0.28283399999999997 0.46315299999999998 0.83993700000000004
vn -0.28283399999999997 0.46315299999999998 0.83993700000000004
vn -0.98528199999999999 -0.107167 0.13317200000000001
vn -0.98528199999999999 -0.107167 0.13317200000000001
vn -0.98528199999999999 -0.107167 0.13317200000000001
vn -0.98528199999999999 -0.107167 0.13317200000000001
vn -0.85019100000000003 -0.49365100000000001 0.18298500000000001
vn -0.85019100000000003 -0.49365100000000001 0.18298500000000001
vn -0.85019100000000003 -0.49365100000000001 0.18298500000000001
vn -0.85019100000000003 -0.49365100000000001 0.18298500000000001
vn -0.891621 0.39458900000000002 0.22206000000000001
vn -0.891621 0.39458900000000002 0.22206000000000001
vn -0.891621 0.39458900000000002 0.22206000000000001
vn -0.891621 0.39458900000000002 0.22206000000000001
vn -0.980078 -0.001663 -0.198605
vn -0.980078 -0.001663 -0.198605
vn -0.980078 -0.001663 -0.198605
vn -0.980078 -0.001663 -0.198605
vn -0.98465599999999998 0.015907999999999999 -0.17377899999999999
vn -0.98465599999999998 0.015907999999999999 -0.17377899999999999
vn -0.98465599999999998 0.015907999999999999 -0.17377899999999999
vn -0.98465599999999998 0.015907999999999999 -0.17377899999999999
vn -0.98293900000000001 0.059565 -0.17401700000000001
vn -0.98293900000000001 0.059565 -0.17401700000000001
vn -0.98294000000000004 0.059565 -0.17401700000000001
vn -0.98294000000000004 0.059565 -0.17401700000000001
vn -0.97947899999999999 0.100559 -0.17466599999999999
vn -0.97947899999999999 0.100559 -0.17466599999999999
vn -0.97947899999999999 0.100559 -0.17466599999999999
vn -0.97947899999999999 0.100559 -0.17466599999999999
vn -0.97528099999999995 0.13431299999999999 -0.17546400000000001
vn -0.97528099999999995 0.13431299999999999 -0.17546400000000001
vn -0.97528099999999995 0.13431299999999999 -0.17546400000000001
vn -0.97528099999999995 0.13431299999999999 -0.17546400000000001
vn -0.97174199999999999 0.15712599999999999 -0.176148
vn -0.97174199999999999 0.15712599999999999 -0.176148
vn -0.97174199999999999 0.15712599999999999 -0.176148
vn -0.97174199999999999 0.15712599999999999 -0.176148
vn -0.97026500000000004 0.16589899999999999 -0.17624999999999999
vn -0.97026500000000004 0.16589899999999999 -0.17624999999999999
vn -0.97026500000000004 0.16589899999999999 -0.17624999999999999
vn -0.97026500000000004 0.16589899999999999 -0.17624999999999999
vn -0.97024600000000005 0.13816300000000001 -0.19883200000000001
vn -0.97024600000000005 0.13816300000000001 -0.19883200000000001
vn -0.97024600000000005 0.13816300000000001 -0.19883200000000001
vn -0.97024600000000005 0.13816300000000001 -0.19883200000000001
vn -0.95916999999999997 -0.21940599999999999 0.178477
vn -0.95916999999999997 -0.21940599999999999 0.178477
vn -0.95916999999999997 -0.21940599999999999 0.178477
vn -0.95916999999999997 -0.21940599999999999 0.178477
vn -0.79032800000000003 0.59477599999999997 0.14705099999999999
vn -0.79032800000000003 0.59477500000000005 0.14705099999999999
vn -0.79032800000000003 0.59477500000000005 0.14705099999999999
vn -0.79032800000000003 0.59477500000000005 0.14705099999999999
vn -0.96095699999999995 0.18978400000000001 -0.201353
vn -0.96095699999999995 0.18978400000000001 -0.201353
vn -0.96095699999999995 0.18978400000000001 -0.201353
vn -0.96095699999999995 0.18978400000000001 -0.201353
vn -0.80838299999999996 0.56081199999999998 0.17890500000000001
vn -0.80838299999999996 0.56081199999999998 0.17890500000000001
vn -0.80838299999999996 0.56081199999999998 0.17890500000000001
vn -0.80838299999999996 0.56081199999999998 0.17890500000000001
vn -0.63774600000000004 -0.66608100000000003 0.38680199999999998
vn -0.63774600000000004 -0.66608100000000003 0.38680199999999998
vn -0.63774600000000004 -0.66608100000000003 0.38680199999999998
vn -0.63774600000000004 -0.66608100000000003 0.38680199999999998
vn -0.646177 0.60869300000000004 0.46037800000000001
vn -0.646177 0.60869300000000004 0.46037800000000001
vn -0.646177 0.60869300000000004 0.46037800000000001
vn -0.646177 0.60869300000000004 0.46037800000000001
vn -0.78383700000000001 -0.40592299999999998 0.46992099999999998
vn -0.78383700000000001 -0.40592299999999998 0.46992099999999998
vn -0.78383700000000001 -0.40592299999999998 0.46992099999999998
vn -0.78383700000000001 -0.40592299999999998 0.46992099999999998
vn -0.52297899999999997 0.74205500000000002 0.41934100000000002
vn -0.52297899999999997 0.74205500000000002 0.41934100000000002
vn -0.52297899999999997 0.74205500000000002 0.41934100000000002
vn -0.52297899999999997 0.74205500000000002 0.41934100000000002
vn -0.55874900000000005 -0.096824999999999994 0.82366499999999998
vn -0.55874900000000005 -0.096824999999999994 0.82366600000000001
vn -0.55874900000000005 -0.096824999999999994 0.82366600000000001
vn -0.55874900000000005 -0.096824999999999994 0.82366499999999998
vn -0.56758500000000001 -0.45263100000000001 0.68772999999999995
vn -0.56758500000000001 -0.45263100000000001 0.68772999999999995
vn -0.56758500000000001 -0.45263100000000001 0.68772999999999995
vn -0.56758500000000001 -0.45263100000000001 0.68772999999999995
vn -0.56484500000000004 0.33097500000000002 0.75591399999999997
vn -0.56484500000000004 0.33097500000000002 0.75591399999999997
vn -0.56484500000000004 0.33097500000000002 0.75591399999999997
vn -0.56484500000000004 0.33097500000000002 0.75591399999999997
vn -0.26935500000000001 -0.022110999999999999 0.96278699999999995
vn -0.26935500000000001 -0.022110999999999999 0.96278699999999995
vn -0.26935500000000001 -0.022110999999999999 0.96278699999999995
vn -0.26935500000000001 -0.022110999999999999 0.96278699999999995
vn -0.26713599999999998 0.014713 0.96354700000000004
vn -0.26713599999999998 0.014713 0.96354700000000004
vn -0.26713599999999998 0.014713 0.96354700000000004
vn -0.26713599999999998 0.014713 0.96354700000000004
vn -0.26300000000000001 0.053478999999999999 0.96331299999999997
vn -0.26300000000000001 0.053478999999999999 0.96331299999999997
vn -0.26300000000000001 0.053478999999999999 0.96331299999999997
vn -0.26300000000000001 0.053478999999999999 0.96331299999999997
vn -0.25759399999999999 0.089700000000000002 0.96208099999999996
vn -0.25759399999999999 0.089700000000000002 0.96208099999999996
vn -0.25759399999999999 0.089700000000000002 0.96208099999999996
vn -0.25759399999999999 0.089700000000000002 0.96208099999999996
vn -0.25202799999999997 0.119495 0.960314
vn -0.25202799999999997 0.119495 0.960314
vn -0.25202799999999997 0.119495 0.960314
vn -0.25202799999999997 0.119495 0.960314
vn -0.247698 0.139513 0.95874000000000004
vn -0.247698 0.139513 0.95874000000000004
vn -0.247698 0.139513 0.95874000000000004
vn -0.247698 0.139513 0.95874000000000004
vn -0.24577499999999999 0.147509 0.95803700000000003
vn -0.24577499999999999 0.147509 0.95803700000000003
vn -0.24577499999999999 0.147509 0.95803700000000003
vn -0.24577499999999999 0.147509 0.95803700000000003
vn -0.24566199999999999 0.14754800000000001 0.95806000000000002
vn -0.24566199999999999 0.14754800000000001 0.95806100000000005
vn -0.24566199999999999 0.14754800000000001 0.95806100000000005
vn -0.24566199999999999 0.14754800000000001 0.95806100000000005
vn -0.59033400000000003 -0.17344599999999999 0.788304
vn -0.59033400000000003 -0.17344599999999999 0.788304
vn -0.59033400000000003 -0.17344599999999999 0.788304
vn -0.59033400000000003 -0.17344599999999999 0.788304
vn -0.42560199999999998 0.52199399999999996 0.73917900000000003
vn -0.42560199999999998 0.52199399999999996 0.73917900000000003
vn -0.42560199999999998 0.52199399999999996 0.73917900000000003
vn -0.42560199999999998 0.52199399999999996 0.73917900000000003
vn -0.24488799999999999 0.15078900000000001 0.95775399999999999
vn -0.24488799999999999 0.15078900000000001 0.95775399999999999
vn -0.24488799999999999 0.15078900000000001 0.95775399999999999
vn -0.24488799999999999 0.15078900000000001 0.95775399999999999
vn -0.412358 0.52538799999999997 0.74426400000000004
vn -0.412358 0.52538799999999997 0.74426400000000004
vn -0.412358 0.52538799999999997 0.74426400000000004
vn -0.412358 0.52538799999999997 0.74426400000000004
vn -0.99475199999999997 -0.096126000000000003 0.035039000000000001
vn -0.99475199999999997 -0.096126000000000003 0.035039000000000001
vn -0.99475199999999997 -0.096126000000000003 0.035039000000000001
vn -0.99475199999999997 -0.096126000000000003 0.035039000000000001
vn -0.89089300000000005 -0.44585000000000002 0.086763999999999994
vn -0.89089200000000002 -0.44585000000000002 0.086763999999999994
vn -0.89089300000000005 -0.44585000000000002 0.086763999999999994
vn -0.89089300000000005 -0.44585000000000002 0.086763999999999994
vn -0.93659499999999996 0.33304800000000001 0.108946
vn -0.93659499999999996 0.33304800000000001 0.108946
vn -0.93659499999999996 0.33304800000000001 0.108946
vn -0.93659499999999996 0.33304800000000001 0.108946
vn -0.95978799999999997 -0.022001 -0.279864
vn -0.95978799999999997 -0.022001 -0.279864
vn -0.95978799999999997 -0.022001 -0.279864
vn -0.95978799999999997 -0.022001 -0.279864
vn -0.96002100000000001 0.014681 -0.27954200000000001
vn -0.96002100000000001 0.014681 -0.27954200000000001
vn -0.96002100000000001 0.014681 -0.27954200000000001
vn -0.96002100000000001 0.014681 -0.27954200000000001
vn -0.95857700000000001 0.053565000000000002 -0.27975299999999997
vn -0.95857700000000001 0.053565000000000002 -0.27975299999999997
vn -0.95857700000000001 0.053565000000000002 -0.27975299999999997
vn -0.95857700000000001 0.053565000000000002 -0.27975299999999997
vn -0.95564499999999997 0.090193999999999996 -0.28037099999999998
vn -0.95564499999999997 0.090193999999999996 -0.28037099999999998
vn -0.95564499999999997 0.090193999999999996 -0.28037099999999998
vn -0.95564499999999997 0.090193999999999996 -0.28037099999999998
vn -0.95206900000000005 0.120559 -0.28112300000000001
vn -0.95206900000000005 0.120559 -0.28112300000000001
vn -0.95206900000000005 0.120559 -0.28112300000000001
vn -0.95206900000000005 0.120559 -0.28112300000000001
vn -0.94904999999999995 0.14122399999999999 -0.28171000000000002
vn -0.94904999999999995 0.14122399999999999 -0.28171000000000002
vn -0.94904999999999995 0.14122399999999999 -0.28171000000000002
vn -0.94904999999999995 0.14122399999999999 -0.28171000000000002
vn -0.94772999999999996 0.149531 -0.28186699999999998
vn -0.94772999999999996 0.149531 -0.28186699999999998
vn -0.94772999999999996 0.149531 -0.28186699999999998
vn -0.94772999999999996 0.149531 -0.28186699999999998
vn -0.94775200000000004 0.149696 -0.28170299999999998
vn -0.94775200000000004 0.149696 -0.28170299999999998
vn -0.94775200000000004 0.149696 -0.28170299999999998
vn -0.94775200000000004 0.149696 -0.28170299999999998
vn -0.98306000000000004 -0.17178199999999999 0.063908999999999994
vn -0.98306000000000004 -0.17178199999999999 0.063908999999999994
vn -0.98306000000000004 -0.17178199999999999 0.063908999999999994
vn -0.98306000000000004 -0.17178199999999999 0.063908999999999994
vn -0.84196000000000004 0.53810599999999997 0.039313000000000001
vn -0.84196000000000004 0.53810599999999997 0.039313000000000001
vn -0.84196000000000004 0.53810599999999997 0.039313000000000001
vn -0.84196000000000004 0.53810599999999997 0.039313000000000001
vn -0.94678300000000004 0.153921 -0.28268599999999999
vn -0.94678200000000001 0.153921 -0.28268599999999999
vn -0.94678300000000004 0.153921 -0.28268599999999999
vn -0.94678300000000004 0.153921 -0.28268599999999999
vn -0.83943900000000005 0.54289900000000002 0.024563999999999999
vn -0.83943900000000005 0.54289900000000002 0.024563999999999999
vn -0.83943900000000005 0.54289900000000002 0.024563999999999999
vn -0.83943900000000005 0.54289900000000002 0.024563999999999999
vn -0.69827700000000004 -0.65729800000000005 0.28349200000000002
vn -0.69827700000000004 -0.65729800000000005 0.28349200000000002
vn -0.69827700000000004 -0.65729800000000005 0.28349200000000002
vn -0.69827700000000004 -0.65729800000000005 0.28349200000000002
vn -0.723549 0.60120099999999999 0.339167
vn -0.723549 0.60120099999999999 0.339167
vn -0.723549 0.60120099999999999 0.339167
vn -0.723549 0.60120099999999999 0.339167
vn -0.83713499999999996 -0.40189200000000003 0.371064
vn -0.83713499999999996 -0.40189200000000003 0.371064
vn -0.83713499999999996 -0.40189200000000003 0.371064
vn -0.83713499999999996 -0.40189200000000003 0.371064
vn -0.59248299999999998 0.73444100000000001 0.33099899999999999
vn -0.59248299999999998 0.73444100000000001 0.33099899999999999
vn -0.59248299999999998 0.73444100000000001 0.33099899999999999
vn -0.59248299999999998 0.73444100000000001 0.33099899999999999
vn -0.70301100000000005 -0.10190100000000001 0.70384100000000005
vn -0.70301100000000005 -0.10190100000000001 0.70384100000000005
vn -0.70301100000000005 -0.10190100000000001 0.70384100000000005
vn -0.70301100000000005 -0.10190100000000001 0.70384100000000005
vn -0.63749400000000001 -0.44318200000000002 0.63023099999999999
vn -0.63749400000000001 -0.44318200000000002 0.63023099999999999
vn -0.63749400000000001 -0.44318200000000002 0.63023099999999999
vn -0.63749400000000001 -0.44318200000000002 0.63023099999999999
vn -0.65507099999999996 0.32331100000000002 0.68289999999999995
vn -0.65507099999999996 0.32331100000000002 0.68289999999999995
vn -0.65507099999999996 0.32331100000000002 0.68289999999999995
vn -0.65507099999999996 0.32331100000000002 0.68289999999999995
vn -0.40916799999999998 -0.0032190000000000001 0.91245299999999996
vn -0.40916799999999998 -0.0032190000000000001 0.91245299999999996
vn -0.40916799999999998 -0.0032190000000000001 0.91245299999999996
vn -0.40916799999999998 -0.0032190000000000001 0.91245299999999996
vn -0.429921 0.011523 0.90279299999999996
vn -0.429921 0.011523 0.90279299999999996
vn -0.429921 0.011523 0.90279299999999996
vn -0.429921 0.011523 0.90279299999999996
vn -0.42266399999999998 0.053062999999999999 0.90473199999999998
vn -0.42266399999999998 0.053062999999999999 0.90473199999999998
vn -0.42266399999999998 0.053062999999999999 0.90473199999999998
vn -0.42266399999999998 0.053062999999999999 0.90473199999999998
vn -0.41137600000000002 0.090743000000000004 0.90693699999999999
vn -0.41137600000000002 0.090743000000000004 0.90693699999999999
vn -0.41137600000000002 0.090743000000000004 0.90693699999999999
vn -0.41137600000000002 0.090743000000000004 0.90693699999999999
vn -0.39738699999999999 0.12254 0.90943300000000005
vn -0.39738699999999999 0.12254 0.90943300000000005
vn -0.39738699999999999 0.12254 0.90943200000000002
vn -0.39738699999999999 0.12254 0.90943300000000005
vn -0.386799 0.14877299999999999 0.910084
vn -0.386799 0.14877299999999999 0.910084
vn -0.386799 0.14877299999999999 0.910084
vn -0.386799 0.14877299999999999 0.910084
vn -0.38175599999999998 0.16622100000000001 0.90919399999999995
vn -0.38175599999999998 0.16622100000000001 0.90919399999999995
vn -0.38175599999999998 0.16622100000000001 0.90919399999999995
vn -0.38175599999999998 0.16622100000000001 0.90919399999999995
vn -0.361294 0.12531 0.92399299999999995
vn -0.361294 0.12531 0.92399299999999995
vn -0.361294 0.12531 0.92399399999999998
vn -0.361294 0.12531 0.92399399999999998
vn -0.60987199999999997 -0.171461 0.77373000000000003
vn -0.60987199999999997 -0.171461 0.77373000000000003
vn -0.60987199999999997 -0.171461 0.77373000000000003
vn -0.60987199999999997 -0.171461 0.77373000000000003
vn -0.47219499999999998 0.46076600000000001 0.75148300000000001
vn -0.47219499999999998 0.46076600000000001 0.75148300000000001
vn -0.47219499999999998 0.46076600000000001 0.75148300000000001
vn -0.47219499999999998 0.46076600000000001 0.75148300000000001
vn -0.32131100000000001 0.14224300000000001 0.93623000000000001
vn -0.32131100000000001 0.14224300000000001 0.93623000000000001
vn -0.32131100000000001 0.14224300000000001 0.93623000000000001
vn -0.32131100000000001 0.14224300000000001 0.93623000000000001
vn -0.51865000000000006 0.52417000000000002 0.67546099999999998
vn -0.51865000000000006 0.52417000000000002 0.67546099999999998
vn -0.51865000000000006 0.52417000000000002 0.67546099999999998
vn -0.51865000000000006 0.52417000000000002 0.67546099999999998
vn -0.98314000000000001 -0.082802000000000001 -0.16303200000000001
vn -0.98314000000000001 -0.082802000000000001 -0.16303200000000001
vn -0.98314000000000001 -0.082802000000000001 -0.16303200000000001
vn -0.98314000000000001 -0.082802000000000001 -0.16303200000000001
vn -0.91341000000000006 -0.37648799999999999 -0.154724
vn -0.91341000000000006 -0.37648799999999999 -0.154724
vn -0.91341000000000006 -0.37648799999999999 -0.154724
vn -0.91341000000000006 -0.37648799999999999 -0.154724
vn -0.94723000000000002 0.27684300000000001 -0.16159799999999999
vn -0.94723000000000002 0.27684300000000001 -0.16159799999999999
vn -0.94723000000000002 0.27684300000000001 -0.16159799999999999
vn -0.94723000000000002 0.27684300000000001 -0.16159799999999999
vn -0.91950200000000004 0.0059550000000000002 -0.39304
vn -0.91950200000000004 0.0059550000000000002 -0.39304
vn -0.91950200000000004 0.0059550000000000002 -0.39304
vn -0.91950200000000004 0.0059550000000000002 -0.39304
vn -0.92470300000000005 0.0012520000000000001 -0.380687
vn -0.92470300000000005 0.0012520000000000001 -0.380687
vn -0.92470300000000005 0.0012520000000000001 -0.380687
vn -0.92470300000000005 0.0012520000000000001 -0.380687
vn -0.92744099999999996 0.03338 -0.372477
vn -0.92744099999999996 0.03338 -0.372477
vn -0.92744099999999996 0.03338 -0.372477
vn -0.92744099999999996 0.03338 -0.372477
vn -0.92798599999999998 0.064881999999999995 -0.36692200000000003
vn -0.92798599999999998 0.064881999999999995 -0.36692200000000003
vn -0.92798599999999998 0.064881999999999995 -0.36692200000000003
vn -0.92798599999999998 0.064881999999999995 -0.36692200000000003
vn -0.92599500000000001 0.093705999999999998 -0.36572300000000002
vn -0.92599500000000001 0.093705999999999998 -0.36572300000000002
vn -0.92599500000000001 0.093705999999999998 -0.36572300000000002
vn -0.92599500000000001 0.093705999999999998 -0.36572300000000002
vn -0.92270799999999997 0.118656 -0.366784
vn -0.92270799999999997 0.118656 -0.366784
vn -0.92270799999999997 0.118656 -0.366784
vn -0.92270799999999997 0.118656 -0.366784
vn -0.91884500000000002 0.13711300000000001 -0.370033
vn -0.91884500000000002 0.13711300000000001 -0.370033
vn -0.91884500000000002 0.13711300000000001 -0.370033
vn -0.91884500000000002 0.13711300000000001 -0.370033
vn -0.91637599999999997 0.120342 -0.38180199999999997
vn -0.91637599999999997 0.120342 -0.38180199999999997
vn -0.91637599999999997 0.120342 -0.38180199999999997
vn -0.91637599999999997 0.120342 -0.38180199999999997
vn -0.97873500000000002 -0.11344899999999999 -0.170902
vn -0.97873500000000002 -0.11344899999999999 -0.170902
vn -0.97873500000000002 -0.11344899999999999 -0.170902
vn -0.97873500000000002 -0.11344899999999999 -0.170902
vn -0.86439600000000005 0.4577 -0.20816000000000001
vn -0.86439600000000005 0.4577 -0.20816000000000001
vn -0.86439600000000005 0.4577 -0.20816000000000001
vn -0.86439600000000005 0.4577 -0.20816000000000001
vn -0.89108399999999999 0.18843499999999999 -0.41287000000000001
vn -0.89108399999999999 0.18843499999999999 -0.41287000000000001
vn -0.89108399999999999 0.18843499999999999 -0.41287000000000001
vn -0.89108399999999999 0.18843499999999999 -0.41287000000000001
vn -0.85819999999999996 0.48875000000000002 -0.15689800000000001
vn -0.85819999999999996 0.48875000000000002 -0.15689800000000001
vn -0.85819999999999996 0.48875000000000002 -0.15689800000000001
vn -0.85819999999999996 0.48875000000000002 -0.15689800000000001
vn -0.74955799999999995 -0.65080000000000005 0.120922
vn -0.74955799999999995 -0.65080000000000005 0.120922
vn -0.74955799999999995 -0.65080000000000005 0.120922
vn -0.74955799999999995 -0.65080000000000005 0.120922
vn -0.78825900000000004 0.59608399999999995 0.15274599999999999
vn -0.78825900000000004 0.59608399999999995 0.15274599999999999
vn -0.78825900000000004 0.59608399999999995 0.15274599999999999
vn -0.78825900000000004 0.59608399999999995 0.15274599999999999
vn -0.88740699999999995 -0.41536099999999998 0.19996
vn -0.88740699999999995 -0.41536099999999998 0.19996
vn -0.88740699999999995 -0.41536099999999998 0.19996
vn -0.88740699999999995 -0.41536099999999998 0.19996
vn -0.67061800000000005 0.73033999999999999 0.12990199999999999
vn -0.67061800000000005 0.73033999999999999 0.12990199999999999
vn -0.67061800000000005 0.73033999999999999 0.12990199999999999
vn -0.67061800000000005 0.73033999999999999 0.12990199999999999
vn -0.75729900000000006 -0.130333 0.63993100000000003
vn -0.75729900000000006 -0.130333 0.63993100000000003
vn -0.75729900000000006 -0.130333 0.63993100000000003
vn -0.75729900000000006 -0.130333 0.63993100000000003
vn -0.72077999999999998 -0.52200800000000003 0.45605299999999999
vn -0.72077999999999998 -0.52200800000000003 0.45605299999999999
vn -0.72077999999999998 -0.52200800000000003 0.45605299999999999
vn -0.72077999999999998 -0.52200800000000003 0.45605299999999999
vn -0.76034400000000002 0.40747499999999998 0.50580800000000004
vn -0.76034400000000002 0.40747499999999998 0.50580800000000004
vn -0.76034400000000002 0.40747499999999998 0.50580800000000004
vn -0.76034400000000002 0.40747499999999998 0.50580800000000004
vn -0.38051299999999999 0.025569999999999999 0.92442199999999997
vn -0.38051299999999999 0.025569999999999999 0.92442199999999997
vn -0.38051299999999999 0.025569999999999999 0.92442199999999997
vn -0.38051299999999999 0.025569999999999999 0.92442199999999997
vn -0.40716000000000002 0.0059800000000000001 0.91333699999999995
vn -0.40716000000000002 0.0059800000000000001 0.91333699999999995
vn -0.40716000000000002 0.0059800000000000001 0.91333699999999995
vn -0.40716000000000002 0.0059800000000000001 0.91333699999999995
vn -0.421595 0.034011 0.90614600000000001
vn -0.421595 0.034011 0.90614600000000001
vn -0.421595 0.034011 0.90614600000000001
vn -0.421595 0.034011 0.90614600000000001
vn -0.41744300000000001 0.077824000000000004 0.90536499999999998
vn -0.41744300000000001 0.077824000000000004 0.90536499999999998
vn -0.41744300000000001 0.077824000000000004 0.90536499999999998
vn -0.41744300000000001 0.077824000000000004 0.90536499999999998
vn -0.41200399999999998 0.117838 0.90353000000000006
vn -0.41200399999999998 0.117838 0.90353000000000006
vn -0.41200399999999998 0.117838 0.90353000000000006
vn -0.41200399999999998 0.117838 0.90353000000000006
vn -0.407306 0.14798800000000001 0.90122199999999997
vn -0.407306 0.14798800000000001 0.90122199999999997
vn -0.407306 0.14798800000000001 0.90122199999999997
vn -0.407306 0.14798800000000001 0.90122199999999997
vn -0.40033600000000003 0.113693 0.90928799999999999
vn -0.400337 0.113693 0.90928799999999999
vn -0.40033600000000003 0.113693 0.90928799999999999
vn -0.40033600000000003 0.113693 0.90928799999999999
vn -0.40042 0.013453 0.91623299999999996
vn -0.40042 0.013453 0.91623299999999996
vn -0.40042100000000003 0.013453 0.91623299999999996
vn -0.40042100000000003 0.013453 0.91623299999999996
vn -0.77694700000000005 -0.29711100000000001 0.55504799999999999
vn -0.77694700000000005 -0.29711100000000001 0.55504799999999999
vn -0.77694700000000005 -0.29711100000000001 0.55504799999999999
vn -0.77694700000000005 -0.29711100000000001 0.55504799999999999
vn -0.63687300000000002 0.57806100000000005 0.51013600000000003
vn -0.63687300000000002 0.57806100000000005 0.51013600000000003
vn -0.63687300000000002 0.57806100000000005 0.51013600000000003
vn -0.63687300000000002 0.57806100000000005 0.51013600000000003
vn -0.38533899999999999 0.17589199999999999 0.90585599999999999
vn -0.38533899999999999 0.17589199999999999 0.90585599999999999
vn -0.38533899999999999 0.17589199999999999 0.90585599999999999
vn -0.38533899999999999 0.17589199999999999 0.90585599999999999
vn -0.61681299999999994 0.57332300000000003 0.53929899999999997
vn -0.61681299999999994 0.57332300000000003 0.53929899999999997
vn -0.61681299999999994 0.57332300000000003 0.53929899999999997
vn -0.61681299999999994 0.57332300000000003 0.53929899999999997
vn -0.95130700000000001 -0.093586000000000003 -0.29369600000000001
vn -0.95130700000000001 -0.093586000000000003 -0.29369600000000001
vn -0.95130700000000001 -0.093586000000000003 -0.29369600000000001
vn -0.95130700000000001 -0.093586000000000003 -0.29369600000000001
vn -0.88726300000000002 -0.41689599999999999 -0.19738800000000001
vn -0.88726300000000002 -0.41689599999999999 -0.19738800000000001
vn -0.88726300000000002 -0.41689599999999999 -0.19738800000000001
vn -0.88726300000000002 -0.41689599999999999 -0.19738800000000001
vn -0.920705 0.32289600000000002 -0.21918199999999999
vn -0.920705 0.32289600000000002 -0.21918199999999999
vn -0.920705 0.32289600000000002 -0.21918199999999999
vn -0.920705 0.32289600000000002 -0.21918199999999999
vn -0.87118700000000004 0.017587999999999999 -0.49063600000000002
vn -0.87118700000000004 0.017587999999999999 -0.49063600000000002
vn -0.87118700000000004 0.017587999999999999 -0.49063600000000002
vn -0.87118700000000004 0.017587999999999999 -0.49063600000000002
vn -0.87681299999999995 0.0055380000000000004 -0.48080000000000001
vn -0.87681299999999995 0.0055380000000000004 -0.48080000000000001
vn -0.87681299999999995 0.0055380000000000004 -0.48080000000000001
vn -0.87681299999999995 0.0055380000000000004 -0.48080000000000001
vn -0.879382 0.022211999999999999 -0.47559899999999999
vn -0.879382 0.022211999999999999 -0.47559899999999999
vn -0.879382 0.022211999999999999 -0.47559899999999999
vn -0.879382 0.022211999999999999 -0.47559899999999999
vn -0.87740899999999999 0.051436000000000003 -0.47697800000000001
vn -0.87740899999999999 0.051436000000000003 -0.47697800000000001
vn -0.87740899999999999 0.051436000000000003 -0.47697800000000001
vn -0.87740899999999999 0.051436000000000003 -0.47697800000000001
vn -0.87452399999999997 0.078170000000000003 -0.47864200000000001
vn -0.87452399999999997 0.078170000000000003 -0.47864200000000001
vn -0.87452399999999997 0.078170000000000003 -0.47864200000000001
vn -0.87452399999999997 0.078170000000000003 -0.47864200000000001
vn -0.87128799999999995 0.100133 -0.48044900000000001
vn -0.87128799999999995 0.100133 -0.48044900000000001
vn -0.87128700000000003 0.100133 -0.48044900000000001
vn -0.87128700000000003 0.100133 -0.48044900000000001
vn -0.86525600000000003 0.11913899999999999 -0.48696800000000001
vn -0.86525600000000003 0.11913899999999999 -0.48696800000000001
vn -0.86525600000000003 0.11913899999999999 -0.48696800000000001
vn -0.86525600000000003 0.11913899999999999 -0.48696800000000001
vn -0.85066600000000003 0.128774 -0.50969100000000001
vn -0.85066600000000003 0.128774 -0.50969100000000001
vn -0.85066600000000003 0.128774 -0.50969100000000001
vn -0.85066600000000003 0.128774 -0.50969100000000001
vn -0.95194100000000004 -0.15809699999999999 -0.262322
vn -0.95194100000000004 -0.15809699999999999 -0.262322
vn -0.95194100000000004 -0.15809699999999999 -0.262322
vn -0.95194100000000004 -0.15809699999999999 -0.262322
vn -0.80281800000000003 0.50380800000000003 -0.31884200000000001
vn -0.80281800000000003 0.50380899999999995 -0.31884200000000001
vn -0.80281800000000003 0.50380899999999995 -0.31884200000000001
vn -0.80281800000000003 0.50380800000000003 -0.31884200000000001
vn -0.83577299999999999 0.17499899999999999 -0.52044000000000001
vn -0.83577299999999999 0.17499899999999999 -0.52044000000000001
vn -0.83577299999999999 0.17499899999999999 -0.52044000000000001
vn -0.83577299999999999 0.17499899999999999 -0.52044000000000001
vn -0.83647400000000005 0.455121 -0.30524699999999999
vn -0.83647400000000005 0.455121 -0.30524699999999999
vn -0.83647400000000005 0.455121 -0.30524699999999999
vn -0.83647400000000005 0.455121 -0.30524699999999999
vn -0.46140100000000001 -0.65347999999999995 0.60006099999999996
vn -0.46140100000000001 -0.65347999999999995 0.60006099999999996
vn -0.46140100000000001 -0.65347999999999995 0.60006099999999996
vn -0.46140100000000001 -0.65347999999999995 0.60006099999999996
vn -0.43895800000000001 0.62419000000000002 0.64629899999999996
vn -0.43895800000000001 0.62419000000000002 0.64629899999999996
vn -0.43895800000000001 0.62419000000000002 0.64629899999999996
vn -0.43895800000000001 0.62419000000000002 0.64629899999999996
vn -0.59650700000000001 -0.37867600000000001 0.70766099999999998
vn -0.59650700000000001 -0.37867600000000001 0.70766099999999998
vn -0.59650700000000001 -0.37867600000000001 0.70766099999999998
vn -0.59650700000000001 -0.37867600000000001 0.70766099999999998
vn -0.36815799999999999 0.69783099999999998 0.61440300000000003
vn -0.36815799999999999 0.69783099999999998 0.61440300000000003
vn -0.36815799999999999 0.69783099999999998 0.61440300000000003
vn -0.36815799999999999 0.69783099999999998 0.61440300000000003
#end 2764 normals 

#begin 690 faces
usemtl initialShadingGroup
g Base
s off
f 1/1/1 2/2/2 8/8/3 7/7/4 
f 2/2/5 3/3/6 9/9/7 8/8/8 
f 3/3/9 4/4/10 10/10/11 9/9/12 
f 4/4/13 5/5/14 11/11/15 10/10/16 
f 5/5/17 6/6/18 12/12/19 11/11/20 
f 7/7/21 8/8/22 14/14/23 13/13/24 
f 8/8/25 9/9/26 15/15/27 14/14/28 
f 9/9/29 10/10/30 16/16/31 15/15/32 
f 10/10/33 11/11/34 17/17/35 16/16/36 
f 11/11/37 12/12/38 18/18/39 17/17/40 
f 13/13/41 14/14/42 20/20/43 19/19/44 
f 14/14/45 15/15/46 21/21/47 20/20/48 
f 15/15/49 16/16/50 22/22/51 21/21/52 
f 16/16/53 17/17/54 23/23/55 22/22/56 
f 17/17/57 18/18/58 24/24/59 23/23/60 
f 19/19/61 20/20/62 26/26/63 25/25/64 
f 20/20/65 21/21/66 27/27/67 26/26/68 
f 21/21/69 22/22/70 28/28/71 27/27/72 
f 22/22/73 23/23/74 29/29/75 28/28/76 
f 23/23/77 24/24/78 30/30/79 29/29/80 
f 159/159/81 215/215/82 216/216/83 
f 160/160/84 163/163/85 164/164/86 161/161/87 
f 163/163/88 165/165/89 166/166/90 164/164/91 
f 165/165/92 167/167/93 168/168/94 166/166/95 
f 167/167/96 169/169/97 170/170/98 168/168/99 
f 162/162/100 161/161/101 171/171/102 172/172/103 
f 161/161/104 164/164/105 173/173/106 171/171/107 
f 164/164/108 166/166/109 174/174/110 173/173/111 
f 166/166/112 168/168/113 175/175/114 174/174/115 
f 168/168/116 170/170/117 176/176/118 175/175/119 
f 172/172/120 171/171/121 177/177/122 178/178/123 
f 171/171/124 173/173/125 179/179/126 177/177/127 
f 173/173/128 174/174/129 180/180/130 179/179/131 
f 174/174/132 175/175/133 181/181/134 180/180/135 
f 175/175/136 176/176/137 182/182/138 181/181/139 
f 178/178/140 177/177/141 183/183/142 184/184/143 
f 177/177/144 179/179/145 185/185/146 183/183/147 
f 179/179/148 180/180/149 186/186/150 185/185/151 
f 180/180/152 181/181/153 187/187/154 186/186/155 
f 181/181/156 182/182/157 188/188/158 187/187/159 
f 184/184/160 183/183/161 189/189/162 213/213/163 214/214/164 
f 183/183/165 185/185/166 191/191/167 189/189/168 
f 185/185/169 186/186/170 192/192/171 191/191/172 
f 186/186/173 187/187/174 193/193/175 192/192/176 
f 187/187/177 188/188/178 194/194/179 193/193/180 
f 40/40/181 41/41/182 47/47/183 46/46/184 
f 41/41/185 42/42/186 48/48/187 47/47/188 
f 43/43/189 44/44/190 50/50/191 49/49/192 
f 45/45/193 46/46/194 52/52/195 51/51/196 
f 46/46/197 47/47/198 53/53/199 52/52/200 
f 47/47/201 48/48/202 54/54/203 53/53/204 
f 48/48/205 49/49/206 55/55/207 54/54/208 
f 49/49/209 50/50/210 56/56/211 55/55/212 
f 51/51/213 52/52/214 58/58/215 57/57/216 
f 52/52/217 53/53/218 59/59/219 58/58/220 
f 53/53/221 54/54/222 60/60/223 59/59/224 
f 55/55/225 56/56/226 62/62/227 61/61/228 
f 57/57/229 58/58/230 64/64/231 63/63/232 
f 59/59/233 60/60/234 66/66/235 65/65/236 
f 60/60/237 61/61/238 67/67/239 66/66/240 
f 61/61/241 62/62/242 68/68/243 67/67/244 
f 69/69/245 68/864/246 62/898/247 71/71/248 
f 6/870/249 70/70/250 72/72/251 12/866/252 
f 71/71/253 62/898/254 56/897/255 73/73/256 
f 12/866/257 72/72/258 74/74/259 18/857/260 
f 73/73/261 56/897/262 50/895/263 75/75/264 
f 18/857/265 74/74/266 78/78/267 24/872/268 
f 75/75/269 50/895/270 44/894/271 38/38/272 
f 76/76/273 75/75/274 38/38/275 36/36/276 
f 77/77/277 76/76/278 36/36/279 34/34/280 
f 78/78/281 77/77/282 34/34/283 32/32/284 
f 24/872/285 78/78/286 32/32/287 30/884/288 
f 63/63/289 221/221/290 222/222/291 57/57/292 
f 82/82/293 217/217/294 253/253/295 254/254/296 
f 57/57/297 222/222/298 223/223/299 51/51/300 
f 254/254/301 253/253/302 255/255/303 256/256/304 
f 51/51/305 223/223/306 224/224/307 45/45/308 
f 256/256/309 255/255/310 257/257/311 258/258/312 259/259/313 
f 45/45/314 224/224/315 241/241/316 225/225/317 37/37/318 39/39/319 
f 225/225/320 226/226/321 35/35/322 37/37/323 
f 226/226/324 227/227/325 33/33/326 35/35/327 
f 227/227/328 228/228/329 31/31/330 33/33/331 
f 90/90/332 89/89/333 80/80/334 81/81/335 
f 91/91/336 90/90/337 81/81/338 82/858/339 296/296/340 
f 306/306/341 305/305/342 307/307/343 308/308/344 
f 309/309/345 306/306/346 308/308/347 310/310/348 
f 310/310/349 311/311/350 312/312/351 309/309/352 
f 314/314/353 313/313/354 315/315/355 316/316/356 
f 317/317/357 314/314/358 316/316/359 318/318/360 
f 246/246/361 294/294/362 295/295/363 87/87/364 
f 289/289/365 290/290/366 242/242/367 85/85/368 
f 288/288/369 289/289/370 85/85/371 83/83/372 
f 287/287/373 288/288/374 83/83/375 79/79/376 
f 89/89/377 98/98/378 287/946/379 79/950/380 80/80/381 
f 71/71/382 73/73/383 74/74/384 72/72/385 
f 73/73/386 75/75/387 78/78/388 74/74/389 
f 96/96/390 97/97/391 92/92/392 93/93/393 
f 97/97/394 98/951/395 91/952/396 92/92/397 
f 25/874/398 26/873/399 100/100/400 99/99/401 
f 31/910/402 25/874/403 99/99/404 101/101/405 
f 26/873/406 27/878/407 102/102/408 100/100/409 
f 27/878/410 28/879/411 103/103/412 102/102/413 
f 28/879/414 29/880/415 104/104/416 103/103/417 
f 29/880/418 30/885/419 105/105/420 104/104/421 
f 30/885/422 32/907/423 106/106/424 105/105/425 
f 33/915/426 31/910/427 101/101/428 107/107/429 
f 32/907/430 34/905/431 108/108/432 106/106/433 
f 35/919/434 33/915/435 107/107/436 109/109/437 
f 34/905/438 36/903/439 110/110/440 108/108/441 
f 37/917/442 35/919/443 109/109/444 111/111/445 
f 36/903/446 38/902/447 112/112/448 110/110/449 
f 40/887/450 39/918/451 114/114/452 113/113/453 
f 39/918/454 37/917/455 111/111/456 114/114/457 
f 41/890/458 40/887/459 113/113/460 115/115/461 
f 42/891/462 41/890/463 115/115/464 116/116/465 
f 43/892/466 42/891/467 116/116/468 117/117/469 
f 38/902/470 44/893/471 118/118/472 112/112/473 
f 44/893/474 43/892/475 117/117/476 118/118/477 
f 99/99/478 100/100/479 120/120/480 119/119/481 
f 101/101/482 99/99/483 119/119/484 121/121/485 
f 100/100/486 102/102/487 122/122/488 120/120/489 
f 102/102/490 103/103/491 123/123/492 122/122/493 
f 103/103/494 104/104/495 124/124/496 123/123/497 
f 104/104/498 105/105/499 125/125/500 124/124/501 
f 105/105/502 106/106/503 126/126/504 125/125/505 
f 107/107/506 101/101/507 121/121/508 127/127/509 
f 106/106/510 108/108/511 128/128/512 126/126/513 
f 109/109/514 107/107/515 127/127/516 129/129/517 
f 108/108/518 110/110/519 130/130/520 128/128/521 
f 111/111/522 109/109/523 129/129/524 131/131/525 
f 110/110/526 112/112/527 132/132/528 130/130/529 
f 113/113/530 114/114/531 134/134/532 133/133/533 
f 114/114/534 111/111/535 131/131/536 134/134/537 
f 115/115/538 113/113/539 133/133/540 135/135/541 
f 116/116/542 115/115/543 135/135/544 136/136/545 
f 117/117/546 116/116/547 136/136/548 137/137/549 
f 112/112/550 118/118/551 138/138/552 132/132/553 
f 118/118/554 117/117/555 137/137/556 138/138/557 
f 119/954/558 120/953/559 140/140/560 139/139/561 
f 121/955/562 119/954/563 139/139/564 141/141/565 
f 120/953/566 122/956/567 142/142/568 140/140/569 
f 122/956/570 123/957/571 143/143/572 142/142/573 
f 123/957/574 124/958/575 144/144/576 143/143/577 
f 124/958/578 125/959/579 145/145/580 144/144/581 
f 125/959/582 126/960/583 146/146/584 145/145/585 
f 127/961/586 121/955/587 141/141/588 147/147/589 
f 126/960/590 128/962/591 148/148/592 146/146/593 
f 129/963/594 127/961/595 147/147/596 149/149/597 
f 128/962/598 130/964/599 150/150/600 148/148/601 
f 131/965/602 129/963/603 149/149/604 151/151/605 
f 130/964/606 132/966/607 152/152/608 150/150/609 
f 133/968/610 134/967/611 154/154/612 153/153/613 
f 134/967/614 131/965/615 151/151/616 154/154/617 
f 135/969/618 133/968/619 153/153/620 155/155/621 
f 136/970/622 135/969/623 155/155/624 156/156/625 
f 137/971/626 136/970/627 156/156/628 157/157/629 
f 132/966/630 138/972/631 158/158/632 152/152/633 
f 138/972/634 137/971/635 157/157/636 158/158/637 
f 139/974/638 140/973/639 160/160/640 215/215/641 159/159/642 
f 141/975/643 139/974/644 159/159/645 216/216/646 162/162/647 
f 140/973/648 142/976/649 163/163/650 160/160/651 
f 142/976/652 143/977/653 165/165/654 163/163/655 
f 143/977/656 144/978/657 167/167/658 165/165/659 
f 144/978/660 145/979/661 169/169/662 167/167/663 
f 145/979/664 146/980/665 170/170/666 169/169/667 
f 147/981/668 141/975/669 162/162/670 172/172/671 
f 146/980/672 148/982/673 176/176/674 170/170/675 
f 149/983/676 147/981/677 172/172/678 178/178/679 
f 148/982/680 150/984/681 182/182/682 176/176/683 
f 151/985/684 149/983/685 178/178/686 184/184/687 
f 150/984/688 152/986/689 188/188/690 182/182/691 
f 153/988/692 154/987/693 190/190/694 213/213/695 189/189/696 
f 154/987/697 151/985/698 184/184/699 214/214/700 190/190/701 
f 155/989/702 153/988/703 189/189/704 191/191/705 
f 156/990/706 155/989/707 191/191/708 192/192/709 
f 157/991/710 156/990/711 192/192/712 193/193/713 
f 152/986/714 158/992/715 194/194/716 188/188/717 
f 158/992/718 157/991/719 193/193/720 194/194/721 
f 196/196/722 195/195/723 1/851/724 217/875/725 82/859/726 
f 197/197/727 196/196/728 82/859/729 81/922/730 
f 198/198/731 197/197/732 81/922/733 80/921/734 
f 199/199/735 198/198/736 80/921/737 79/949/738 
f 200/200/739 199/199/740 79/949/741 221/881/742 63/900/743 
f 63/900/744 64/899/745 201/201/746 200/200/747 
f 64/899/748 65/852/749 202/202/750 201/201/751 
f 65/852/752 66/855/753 203/203/754 202/202/755 
f 66/855/756 67/862/757 204/204/758 203/203/759 
f 67/862/760 68/865/761 205/205/762 204/204/763 
f 206/206/764 205/205/765 68/865/766 69/868/767 
f 208/208/768 207/207/769 70/871/770 6/869/771 
f 209/209/772 208/208/773 6/869/774 5/867/775 
f 210/210/776 209/209/777 5/867/778 4/863/779 
f 211/211/780 210/210/781 4/863/782 3/861/783 
f 212/212/784 211/211/785 3/861/786 2/854/787 
f 195/195/788 212/212/789 2/854/790 1/851/791 
f 214/214/792 213/213/793 190/190/794 
f 216/216/795 215/215/796 160/160/797 161/161/798 162/162/799 
f 218/218/800 217/876/801 1/1/802 7/7/803 
f 219/219/804 218/218/805 7/7/806 13/13/807 
f 220/220/808 219/219/809 13/13/810 19/19/811 
f 260/260/812 221/882/813 79/948/814 261/261/815 
f 262/262/816 260/260/817 261/261/818 263/263/819 
f 264/264/820 262/262/821 263/263/822 265/265/823 266/266/824 
f 267/267/825 268/268/826 269/269/827 270/270/828 
f 268/268/829 271/271/830 272/272/831 269/269/832 
f 228/228/833 233/233/834 220/220/835 19/19/836 25/25/837 31/31/838 
f 274/274/839 273/273/840 267/267/841 270/270/842 
f 252/252/843 251/251/844 96/96/845 93/93/846 236/236/847 235/235/848 
f 311/311/849 319/319/850 320/320/851 312/312/852 
f 319/319/853 321/321/854 322/322/855 320/320/856 
f 321/1008/857 323/323/858 324/324/859 322/1009/860 
f 323/323/861 315/315/862 313/313/863 324/324/864 
f 246/246/865 245/245/866 293/293/867 294/294/868 
f 245/245/869 244/244/870 292/292/871 293/293/872 
f 244/244/873 243/243/874 291/291/875 292/292/876 
f 243/243/877 242/242/878 290/290/879 291/291/880 
f 235/235/881 236/236/882 237/237/883 
f 235/235/884 237/237/885 238/238/886 
f 235/235/887 238/238/888 239/239/889 
f 235/235/890 239/239/891 240/240/892 
f 252/252/893 247/247/894 248/248/895 
f 252/252/896 248/248/897 249/249/898 
f 252/252/899 249/249/900 250/250/901 
f 252/252/902 250/250/903 251/251/904 
f 271/271/905 275/275/906 276/276/907 272/272/908 
f 272/272/909 276/276/910 277/277/911 258/258/912 
f 258/258/913 277/277/914 278/278/915 259/259/916 
f 275/275/917 279/279/918 280/280/919 276/276/920 
f 276/276/921 280/280/922 277/277/923 
f 277/277/924 280/280/925 279/279/926 278/278/927 
f 265/265/928 281/281/929 282/282/930 266/266/931 
f 266/266/932 282/282/933 283/283/934 274/274/935 
f 274/274/936 283/283/937 284/284/938 273/273/939 
f 281/281/940 285/285/941 286/286/942 282/282/943 
f 282/282/944 286/286/945 283/283/946 
f 283/283/947 286/286/948 285/285/949 284/284/950 
f 217/877/951 218/993/952 253/909/953 
f 84/84/954 82/82/955 254/254/956 
f 218/993/957 219/994/958 255/901/959 253/909/960 
f 86/86/961 84/84/962 254/254/963 256/256/964 
f 219/994/965 220/995/966 257/853/967 255/901/968 
f 220/995/969 233/1003/970 258/856/971 257/853/972 
f 232/232/973 86/86/974 256/256/975 259/259/976 
f 222/886/977 221/883/978 260/996/979 
f 79/948/980 83/945/981 261/261/982 
f 223/911/983 222/886/984 260/996/985 262/997/986 
f 83/945/987 85/943/988 263/263/989 261/261/990 
f 224/908/991 223/911/992 262/997/993 264/999/994 
f 85/943/995 242/942/996 265/265/997 263/263/998 
f 241/912/999 224/908/1000 264/999/1001 266/998/1002 
f 87/938/1003 88/88/1004 268/268/1005 267/267/1006 
f 227/920/1007 226/906/1008 270/1001/1009 269/1000/1010 
f 88/88/1011 234/234/1012 271/271/1013 268/268/1014 
f 228/904/1015 227/920/1016 269/1000/1017 272/1002/1018 
f 246/939/1019 87/938/1020 267/267/1021 273/273/1022 
f 226/906/1023 225/916/1024 274/1004/1025 270/1001/1026 
f 234/234/1027 229/229/1028 275/275/1029 271/271/1030 
f 233/1003/1031 228/904/1032 272/1002/1033 258/856/1034 
f 231/231/1035 232/232/1036 259/259/1037 278/278/1038 
f 229/229/1039 230/230/1040 279/279/1041 275/275/1042 
f 230/230/1043 231/231/1044 278/278/1045 279/279/1046 
f 242/942/1047 243/1017/1048 281/281/1049 265/265/1050 
f 225/916/1051 241/912/1052 266/998/1053 274/1004/1054 
f 245/1013/1055 246/939/1056 273/273/1057 284/284/1058 
f 243/1017/1059 244/1015/1060 285/285/1061 281/281/1062 
f 244/1015/1063 245/1013/1064 284/284/1065 285/285/1066 
f 76/76/1067 77/77/1068 78/78/1069 75/75/1070 
f 326/326/1071 325/325/1072 327/327/1073 328/328/1074 
f 325/325/1075 329/329/1076 330/330/1077 327/327/1078 
f 329/329/1079 331/331/1080 332/332/1081 330/330/1082 
f 333/333/1083 332/332/1084 331/331/1085 334/334/1086 
f 335/335/1087 333/333/1088 334/334/1089 336/336/1090 
f 337/337/1091 335/1039/1092 336/1042/1093 338/338/1094 
f 339/339/1095 337/337/1096 338/338/1097 340/340/1098 
f 318/318/1099 339/339/1100 340/340/1101 317/317/1102 
f 297/297/1103 296/888/1104 82/860/1105 84/1019/1106 
f 298/298/1107 297/297/1108 84/1019/1109 86/1020/1110 
f 232/1021/1111 299/299/1112 298/298/1113 86/1020/1114 
f 232/1021/1115 231/1025/1116 300/300/1117 299/299/1118 
f 231/1025/1119 230/1026/1120 301/301/1121 300/300/1122 
f 230/1026/1123 229/1024/1124 302/302/1125 301/301/1126 
f 229/1024/1127 234/1023/1128 303/303/1129 302/302/1130 
f 304/304/1131 303/303/1132 234/1023/1133 88/1022/1134 
f 295/295/1135 304/304/1136 88/1022/1137 87/87/1138 
f 92/92/1139 91/952/1140 305/913/1141 306/896/1142 
f 91/91/1143 296/296/1144 307/923/1145 305/914/1146 
f 296/889/1147 297/1047/1148 308/925/1149 307/924/1150 
f 93/93/1151 92/92/1152 306/896/1153 309/926/1154 
f 297/1047/1155 298/1048/1156 310/927/1157 308/925/1158 
f 298/1048/1159 299/1049/1160 311/928/1161 310/927/1162 
f 236/236/1163 93/93/1164 309/926/1165 312/929/1166 
f 94/94/1167 240/240/1168 313/931/1169 314/930/1170 
f 303/1053/1171 304/1054/1172 316/933/1173 315/932/1174 
f 95/95/1175 94/94/1176 314/930/1177 317/934/1178 
f 304/1054/1179 295/937/1180 318/935/1181 316/933/1182 
f 299/1049/1183 300/1050/1184 319/1005/1185 311/928/1186 
f 237/237/1187 236/236/1188 312/929/1189 320/1006/1190 
f 300/1050/1191 301/1051/1192 321/1007/1193 319/1005/1194 
f 238/238/1195 237/237/1196 320/1006/1197 322/1010/1198 
f 301/1051/1199 302/1052/1200 323/1011/1201 321/1007/1202 
f 239/239/1203 238/238/1204 322/1010/1205 324/1012/1206 
f 302/1052/1207 303/1053/1208 315/932/1209 323/1011/1210 
f 240/240/1211 239/239/1212 324/1012/1213 313/931/1214 
f 98/951/1215 97/97/1216 325/1029/1217 326/1028/1218 
f 288/944/1219 287/947/1220 328/1031/1221 327/1030/1222 
f 287/946/1223 98/98/1224 326/1027/1225 328/1032/1226 
f 97/97/1227 96/96/1228 329/1033/1229 325/1029/1230 
f 289/940/1231 288/944/1232 327/1030/1233 330/1034/1234 
f 96/96/1235 251/251/1236 331/1035/1237 329/1033/1238 
f 290/941/1239 289/940/1240 330/1034/1241 332/1036/1242 
f 291/1018/1243 290/941/1244 332/1036/1245 333/1037/1246 
f 251/251/1247 250/250/1248 334/1038/1249 331/1035/1250 
f 292/1016/1251 291/1018/1252 333/1037/1253 335/1040/1254 
f 250/250/1255 249/249/1256 336/1041/1257 334/1038/1258 
f 293/1014/1259 292/1016/1260 335/1040/1261 337/1043/1262 
f 249/249/1263 248/248/1264 338/1044/1265 336/1041/1266 
f 294/936/1267 293/1014/1268 337/1043/1269 339/1045/1270 
f 248/248/1271 247/247/1272 340/1046/1273 338/1044/1274 
f 295/937/1275 294/936/1276 339/1045/1277 318/935/1278 
f 247/247/1279 95/95/1280 317/934/1281 340/1046/1282 
f 95/95/1283 247/247/1284 252/252/1285 235/235/1286 240/240/1287 94/94/1288 
f 90/90/1289 91/91/1290 98/98/1291 89/89/1292 
f 40/40/1293 46/46/1294 45/45/1295 39/39/1296 
f 43/43/1297 49/49/1298 48/48/1299 42/42/1300 
f 55/55/1301 61/61/1302 60/60/1303 54/54/1304 
f 59/59/1305 65/65/1306 64/64/1307 58/58/1308 
f 69/69/1309 71/71/1310 72/72/1311 70/70/1312 
f 206/206/1313 69/868/1314 70/871/1315 207/207/1316 
f 195/195/1317 196/196/1318 342/342/1319 341/341/1320 
f 196/196/1321 197/197/1322 343/343/1323 342/342/1324 
f 197/197/1325 198/198/1326 344/344/1327 343/343/1328 
f 198/198/1329 199/199/1330 345/345/1331 344/344/1332 
f 199/199/1333 200/200/1334 346/346/1335 345/345/1336 
f 200/200/1337 201/201/1338 347/347/1339 346/346/1340 
f 201/201/1341 202/202/1342 348/348/1343 347/347/1344 
f 202/202/1345 203/203/1346 349/349/1347 348/348/1348 
f 203/203/1349 204/204/1350 350/350/1351 349/349/1352 
f 204/204/1353 205/205/1354 351/351/1355 350/350/1356 
f 205/205/1357 206/206/1358 352/352/1359 351/351/1360 
f 207/207/1361 208/208/1362 354/354/1363 353/353/1364 
f 208/208/1365 209/209/1366 355/355/1367 354/354/1368 
f 209/209/1369 210/210/1370 356/356/1371 355/355/1372 
f 210/210/1373 211/211/1374 357/357/1375 356/356/1376 
f 211/211/1377 212/212/1378 358/358/1379 357/357/1380 
f 212/212/1381 195/195/1382 341/341/1383 358/358/1384 
f 206/206/1385 207/207/1386 353/353/1387 352/352/1388 
usemtl initialShadingGroup
g Cage
s off
f 359/359/1389 360/360/1390 376/376/1391 375/375/1392 
f 360/360/1393 361/361/1394 377/377/1395 376/376/1396 
f 361/361/1397 362/362/1398 378/378/1399 377/377/1400 
f 362/362/1401 363/363/1402 379/379/1403 378/378/1404 
f 363/363/1405 364/364/1406 380/380/1407 379/379/1408 
f 364/364/1409 365/365/1410 381/381/1411 380/380/1412 
f 365/365/1413 366/366/1414 382/382/1415 381/381/1416 
f 366/366/1417 367/367/1418 383/383/1419 382/382/1420 
f 367/367/1421 368/368/1422 384/384/1423 383/383/1424 
f 368/368/1425 369/369/1426 385/385/1427 384/384/1428 
f 369/369/1429 370/370/1430 386/386/1431 385/385/1432 
f 370/370/1433 371/371/1434 387/387/1435 386/386/1436 
f 371/371/1437 372/372/1438 388/388/1439 387/387/1440 
f 372/372/1441 373/373/1442 389/389/1443 388/388/1444 
f 373/373/1445 374/374/1446 390/390/1447 389/389/1448 
f 375/375/1449 376/376/1450 392/392/1451 391/391/1452 
f 376/376/1453 377/377/1454 393/393/1455 392/392/1456 
f 377/377/1457 378/378/1458 394/394/1459 393/393/1460 
f 378/378/1461 379/379/1462 395/395/1463 394/394/1464 
f 379/379/1465 380/380/1466 396/396/1467 395/395/1468 
f 380/380/1469 381/381/1470 397/397/1471 396/396/1472 
f 381/381/1473 382/382/1474 398/398/1475 397/397/1476 
f 382/382/1477 383/383/1478 399/399/1479 398/398/1480 
f 383/383/1481 384/384/1482 400/400/1483 399/399/1484 
f 384/384/1485 385/385/1486 401/401/1487 400/400/1488 
f 385/385/1489 386/386/1490 402/402/1491 401/401/1492 
f 386/386/1493 387/387/1494 403/403/1495 402/402/1496 
f 387/387/1497 388/388/1498 404/404/1499 403/403/1500 
f 388/388/1501 389/389/1502 405/405/1503 404/404/1504 
f 389/389/1505 390/390/1506 406/406/1507 405/405/1508 
f 392/392/1509 393/393/1510 409/409/1511 408/408/1512 
f 393/393/1513 394/394/1514 410/410/1515 409/409/1516 
f 402/402/1517 403/403/1518 419/419/1519 418/418/1520 
f 403/403/1521 404/404/1522 420/420/1523 419/419/1524 
f 407/407/1525 408/408/1526 424/424/1527 423/423/1528 
f 408/408/1529 409/409/1530 425/425/1531 424/424/1532 
f 409/409/1533 410/410/1534 426/426/1535 425/425/1536 
f 410/410/1537 411/411/1538 427/427/1539 426/426/1540 
f 411/411/1541 412/412/1542 428/428/1543 427/427/1544 
f 412/412/1545 413/413/1546 429/429/1547 428/428/1548 
f 413/413/1549 414/414/1550 430/430/1551 429/429/1552 
f 414/414/1553 415/415/1554 431/431/1555 430/430/1556 
f 415/415/1557 416/416/1558 432/432/1559 431/431/1560 
f 416/416/1561 417/417/1562 433/433/1563 432/432/1564 
f 417/417/1565 418/418/1566 434/434/1567 433/433/1568 
f 418/418/1569 419/419/1570 435/435/1571 434/434/1572 
f 419/419/1573 420/420/1574 436/436/1575 435/435/1576 
f 420/420/1577 421/421/1578 437/437/1579 436/436/1580 
f 421/421/1581 422/422/1582 438/438/1583 437/437/1584 
f 423/423/1585 424/424/1586 440/440/1587 439/439/1588 
f 424/424/1589 425/425/1590 441/441/1591 440/440/1592 
f 425/425/1593 426/426/1594 442/442/1595 441/441/1596 
f 426/426/1597 427/427/1598 443/443/1599 442/442/1600 
f 427/427/1601 428/428/1602 444/444/1603 443/443/1604 
f 428/428/1605 429/429/1606 445/445/1607 444/444/1608 
f 429/429/1609 430/430/1610 446/446/1611 445/445/1612 
f 430/430/1613 431/431/1614 447/447/1615 446/446/1616 
f 431/431/1617 432/432/1618 448/448/1619 447/447/1620 
f 432/432/1621 433/433/1622 449/449/1623 448/448/1624 
f 433/433/1625 434/434/1626 450/450/1627 449/449/1628 
f 434/434/1629 435/435/1630 451/451/1631 450/450/1632 
f 435/435/1633 436/436/1634 452/452/1635 451/451/1636 
f 436/436/1637 437/437/1638 453/453/1639 452/452/1640 
f 437/437/1641 438/438/1642 454/454/1643 453/453/1644 
f 440/440/1645 441/441/1646 457/457/1647 456/456/1648 
f 441/441/1649 442/442/1650 458/458/1651 457/457/1652 
f 450/450/1653 451/451/1654 467/467/1655 466/466/1656 
f 451/451/1657 452/452/1658 468/468/1659 467/467/1660 
f 455/455/1661 456/456/1662 472/472/1663 471/471/1664 
f 456/456/1665 457/457/1666 473/473/1667 472/472/1668 
f 457/457/1669 458/458/1670 474/474/1671 473/473/1672 
f 458/458/1673 459/459/1674 475/475/1675 474/474/1676 
f 459/459/1677 460/460/1678 476/476/1679 475/475/1680 
f 460/460/1681 461/461/1682 477/477/1683 476/476/1684 
f 461/461/1685 462/462/1686 478/478/1687 477/477/1688 
f 462/462/1689 463/463/1690 479/479/1691 478/478/1692 
f 463/463/1693 464/464/1694 480/480/1695 479/479/1696 
f 464/464/1697 465/465/1698 481/481/1699 480/480/1700 
f 465/465/1701 466/466/1702 482/482/1703 481/481/1704 
f 466/466/1705 467/467/1706 483/483/1707 482/482/1708 
f 467/467/1709 468/468/1710 484/484/1711 483/483/1712 
f 468/468/1713 469/469/1714 485/485/1715 484/484/1716 
f 469/469/1717 470/470/1718 486/486/1719 485/485/1720 
f 471/471/1721 472/472/1722 488/488/1723 487/487/1724 
f 472/472/1725 473/473/1726 489/489/1727 488/488/1728 
f 473/473/1729 474/474/1730 490/490/1731 489/489/1732 
f 474/474/1733 475/475/1734 491/491/1735 490/490/1736 
f 475/475/1737 476/476/1738 492/492/1739 491/491/1740 
f 476/476/1741 477/477/1742 493/493/1743 492/492/1744 
f 477/477/1745 478/478/1746 494/494/1747 493/493/1748 
f 478/478/1749 479/479/1750 495/495/1751 494/494/1752 
f 479/479/1753 480/480/1754 496/496/1755 495/495/1756 
f 480/480/1757 481/481/1758 497/497/1759 496/496/1760 
f 481/481/1761 482/482/1762 498/498/1763 497/497/1764 
f 482/482/1765 483/483/1766 499/499/1767 498/498/1768 
f 483/483/1769 484/484/1770 500/500/1771 499/499/1772 
f 484/484/1773 485/485/1774 501/501/1775 500/500/1776 
f 485/485/1777 486/486/1778 502/502/1779 501/501/1780 
f 488/488/1781 489/489/1782 505/505/1783 504/504/1784 
f 489/489/1785 490/490/1786 506/506/1787 505/505/1788 
f 498/498/1789 499/499/1790 515/515/1791 514/514/1792 
f 499/499/1793 500/500/1794 516/516/1795 515/515/1796 
f 503/503/1797 504/504/1798 520/520/1799 519/519/1800 
f 504/504/1801 505/505/1802 521/521/1803 520/520/1804 
f 505/505/1805 506/506/1806 522/522/1807 521/521/1808 
f 506/506/1809 507/507/1810 523/523/1811 522/522/1812 
f 507/507/1813 508/508/1814 524/524/1815 523/523/1816 
f 508/508/1817 509/509/1818 525/525/1819 524/524/1820 
f 509/509/1821 510/510/1822 526/526/1823 525/525/1824 
f 510/510/1825 511/511/1826 527/527/1827 526/526/1828 
f 511/511/1829 512/512/1830 528/528/1831 527/527/1832 
f 512/512/1833 513/513/1834 529/529/1835 528/528/1836 
f 513/513/1837 514/514/1838 530/530/1839 529/529/1840 
f 514/514/1841 515/515/1842 531/531/1843 530/530/1844 
f 515/515/1845 516/516/1846 532/532/1847 531/531/1848 
f 516/516/1849 517/517/1850 533/533/1851 532/532/1852 
f 517/517/1853 518/518/1854 534/534/1855 533/533/1856 
f 519/519/1857 520/520/1858 536/536/1859 535/535/1860 
f 520/520/1861 521/521/1862 537/537/1863 536/536/1864 
f 521/521/1865 522/522/1866 538/538/1867 537/537/1868 
f 522/522/1869 523/523/1870 539/539/1871 538/538/1872 
f 523/523/1873 524/524/1874 540/540/1875 539/539/1876 
f 524/524/1877 525/525/1878 541/541/1879 540/540/1880 
f 525/525/1881 526/526/1882 542/542/1883 541/541/1884 
f 526/526/1885 527/527/1886 543/543/1887 542/542/1888 
f 527/527/1889 528/528/1890 544/544/1891 543/543/1892 
f 528/528/1893 529/529/1894 545/545/1895 544/544/1896 
f 529/529/1897 530/530/1898 546/546/1899 545/545/1900 
f 530/530/1901 531/531/1902 547/547/1903 546/546/1904 
f 531/531/1905 532/532/1906 548/548/1907 547/547/1908 
f 532/532/1909 533/533/1910 549/549/1911 548/548/1912 
f 533/533/1913 534/534/1914 550/550/1915 549/549/1916 
f 536/536/1917 537/537/1918 553/553/1919 552/552/1920 
f 537/537/1921 538/538/1922 554/554/1923 553/553/1924 
f 546/546/1925 547/547/1926 563/563/1927 562/562/1928 
f 547/547/1929 548/548/1930 564/564/1931 563/563/1932 
f 551/551/1933 552/552/1934 568/568/1935 567/567/1936 
f 552/552/1937 553/553/1938 569/569/1939 568/568/1940 
f 553/553/1941 554/554/1942 570/570/1943 569/569/1944 
f 554/554/1945 555/555/1946 571/571/1947 570/570/1948 
f 555/555/1949 556/556/1950 572/572/1951 571/571/1952 
f 556/556/1953 557/557/1954 573/573/1955 572/572/1956 
f 557/557/1957 558/558/1958 574/574/1959 573/573/1960 
f 558/558/1961 559/559/1962 575/575/1963 574/574/1964 
f 559/559/1965 560/560/1966 576/576/1967 575/575/1968 
f 560/560/1969 561/561/1970 577/577/1971 576/576/1972 
f 561/561/1973 562/562/1974 578/578/1975 577/577/1976 
f 562/562/1977 563/563/1978 579/579/1979 578/578/1980 
f 563/563/1981 564/564/1982 580/580/1983 579/579/1984 
f 564/564/1985 565/565/1986 581/581/1987 580/580/1988 
f 565/565/1989 566/566/1990 582/582/1991 581/581/1992 
f 567/567/1993 568/568/1994 584/584/1995 583/583/1996 
f 568/568/1997 569/569/1998 585/585/1999 584/584/2000 
f 569/569/2001 570/570/2002 586/586/2003 585/585/2004 
f 570/570/2005 571/571/2006 587/587/2007 586/586/2008 
f 571/571/2009 572/572/2010 588/588/2011 587/587/2012 
f 572/572/2013 573/573/2014 589/589/2015 588/588/2016 
f 573/573/2017 574/574/2018 590/590/2019 589/589/2020 
f 574/574/2021 575/575/2022 591/591/2023 590/590/2024 
f 575/575/2025 576/576/2026 592/592/2027 591/591/2028 
f 576/576/2029 577/577/2030 593/593/2031 592/592/2032 
f 577/577/2033 578/578/2034 594/594/2035 593/593/2036 
f 578/578/2037 579/579/2038 595/595/2039 594/594/2040 
f 579/579/2041 580/580/2042 596/596/2043 595/595/2044 
f 580/580/2045 581/581/2046 597/597/2047 596/596/2048 
f 581/581/2049 582/582/2050 598/598/2051 597/597/2052 
f 584/584/2053 585/585/2054 600/600/2055 599/599/2056 
f 585/585/2057 586/586/2058 601/601/2059 600/600/2060 
f 594/594/2061 595/595/2062 603/603/2063 602/602/2064 
f 595/595/2065 596/596/2066 604/604/2067 603/603/2068 
f 361/361/2069 360/360/2070 605/605/2071 606/606/2072 
f 362/362/2073 361/361/2074 606/606/2075 607/607/2076 
f 371/371/2077 370/370/2078 608/608/2079 609/609/2080 
f 372/372/2081 371/371/2082 609/609/2083 610/610/2084 
f 611/611/2085 612/612/2086 628/628/2087 627/627/2088 
f 612/612/2089 613/613/2090 629/629/2091 628/628/2092 
f 613/613/2093 614/614/2094 630/630/2095 629/629/2096 
f 614/614/2097 615/615/2098 631/631/2099 630/630/2100 
f 615/615/2101 616/616/2102 632/632/2103 631/631/2104 
f 616/616/2105 617/617/2106 633/633/2107 632/632/2108 
f 617/617/2109 618/618/2110 634/634/2111 633/633/2112 
f 618/618/2113 619/619/2114 635/635/2115 634/634/2116 
f 619/619/2117 620/620/2118 636/636/2119 635/635/2120 
f 620/620/2121 621/621/2122 637/637/2123 636/636/2124 
f 621/621/2125 622/622/2126 638/638/2127 637/637/2128 
f 622/622/2129 623/623/2130 639/639/2131 638/638/2132 
f 623/623/2133 624/624/2134 640/640/2135 639/639/2136 
f 624/624/2137 625/625/2138 641/641/2139 640/640/2140 
f 625/625/2141 626/626/2142 642/642/2143 641/641/2144 
f 627/627/2145 628/628/2146 644/644/2147 643/643/2148 
f 628/628/2149 629/629/2150 645/645/2151 644/644/2152 
f 629/629/2153 630/630/2154 646/646/2155 645/645/2156 
f 630/630/2157 631/631/2158 647/647/2159 646/646/2160 
f 631/631/2161 632/632/2162 648/648/2163 647/647/2164 
f 632/632/2165 633/633/2166 649/649/2167 648/648/2168 
f 633/633/2169 634/634/2170 650/650/2171 649/649/2172 
f 634/634/2173 635/635/2174 651/651/2175 650/650/2176 
f 635/635/2177 636/636/2178 652/652/2179 651/651/2180 
f 636/636/2181 637/637/2182 653/653/2183 652/652/2184 
f 637/637/2185 638/638/2186 654/654/2187 653/653/2188 
f 638/638/2189 639/639/2190 655/655/2191 654/654/2192 
f 639/639/2193 640/640/2194 656/656/2195 655/655/2196 
f 640/640/2197 641/641/2198 657/657/2199 656/656/2200 
f 641/641/2201 642/642/2202 658/658/2203 657/657/2204 
f 644/644/2205 645/645/2206 661/661/2207 660/660/2208 
f 645/645/2209 646/646/2210 662/662/2211 661/661/2212 
f 654/654/2213 655/655/2214 671/671/2215 670/670/2216 
f 655/655/2217 656/656/2218 672/672/2219 671/671/2220 
f 659/659/2221 660/660/2222 676/676/2223 675/675/2224 
f 660/660/2225 661/661/2226 677/677/2227 676/676/2228 
f 661/661/2229 662/662/2230 678/678/2231 677/677/2232 
f 662/662/2233 663/663/2234 679/679/2235 678/678/2236 
f 663/663/2237 664/664/2238 680/680/2239 679/679/2240 
f 664/664/2241 665/665/2242 681/681/2243 680/680/2244 
f 665/665/2245 666/666/2246 682/682/2247 681/681/2248 
f 666/666/2249 667/667/2250 683/683/2251 682/682/2252 
f 667/667/2253 668/668/2254 684/684/2255 683/683/2256 
f 668/668/2257 669/669/2258 685/685/2259 684/684/2260 
f 669/669/2261 670/670/2262 686/686/2263 685/685/2264 
f 670/670/2265 671/671/2266 687/687/2267 686/686/2268 
f 671/671/2269 672/672/2270 688/688/2271 687/687/2272 
f 672/672/2273 673/673/2274 689/689/2275 688/688/2276 
f 673/673/2277 674/674/2278 690/690/2279 689/689/2280 
f 675/675/2281 676/676/2282 692/692/2283 691/691/2284 
f 676/676/2285 677/677/2286 693/693/2287 692/692/2288 
f 677/677/2289 678/678/2290 694/694/2291 693/693/2292 
f 678/678/2293 679/679/2294 695/695/2295 694/694/2296 
f 679/679/2297 680/680/2298 696/696/2299 695/695/2300 
f 680/680/2301 681/681/2302 697/697/2303 696/696/2304 
f 681/681/2305 682/682/2306 698/698/2307 697/697/2308 
f 682/682/2309 683/683/2310 699/699/2311 698/698/2312 
f 683/683/2313 684/684/2314 700/700/2315 699/699/2316 
f 684/684/2317 685/685/2318 701/701/2319 700/700/2320 
f 685/685/2321 686/686/2322 702/702/2323 701/701/2324 
f 686/686/2325 687/687/2326 703/703/2327 702/702/2328 
f 687/687/2329 688/688/2330 704/704/2331 703/703/2332 
f 688/688/2333 689/689/2334 705/705/2335 704/704/2336 
f 689/689/2337 690/690/2338 706/706/2339 705/705/2340 
f 692/692/2341 693/693/2342 709/709/2343 708/708/2344 
f 693/693/2345 694/694/2346 710/710/2347 709/709/2348 
f 702/702/2349 703/703/2350 719/719/2351 718/718/2352 
f 703/703/2353 704/704/2354 720/720/2355 719/719/2356 
f 707/707/2357 708/708/2358 724/724/2359 723/723/2360 
f 708/708/2361 709/709/2362 725/725/2363 724/724/2364 
f 709/709/2365 710/710/2366 726/726/2367 725/725/2368 
f 710/710/2369 711/711/2370 727/727/2371 726/726/2372 
f 711/711/2373 712/712/2374 728/728/2375 727/727/2376 
f 712/712/2377 713/713/2378 729/729/2379 728/728/2380 
f 713/713/2381 714/714/2382 730/730/2383 729/729/2384 
f 714/714/2385 715/715/2386 731/731/2387 730/730/2388 
f 715/715/2389 716/716/2390 732/732/2391 731/731/2392 
f 716/716/2393 717/717/2394 733/733/2395 732/732/2396 
f 717/717/2397 718/718/2398 734/734/2399 733/733/2400 
f 718/718/2401 719/719/2402 735/735/2403 734/734/2404 
f 719/719/2405 720/720/2406 736/736/2407 735/735/2408 
f 720/720/2409 721/721/2410 737/737/2411 736/736/2412 
f 721/721/2413 722/722/2414 738/738/2415 737/737/2416 
f 723/723/2417 724/724/2418 740/740/2419 739/739/2420 
f 724/724/2421 725/725/2422 741/741/2423 740/740/2424 
f 725/725/2425 726/726/2426 742/742/2427 741/741/2428 
f 726/726/2429 727/727/2430 743/743/2431 742/742/2432 
f 727/727/2433 728/728/2434 744/744/2435 743/743/2436 
f 728/728/2437 729/729/2438 745/745/2439 744/744/2440 
f 729/729/2441 730/730/2442 746/746/2443 745/745/2444 
f 730/730/2445 731/731/2446 747/747/2447 746/746/2448 
f 731/731/2449 732/732/2450 748/748/2451 747/747/2452 
f 732/732/2453 733/733/2454 749/749/2455 748/748/2456 
f 733/733/2457 734/734/2458 750/750/2459 749/749/2460 
f 734/734/2461 735/735/2462 751/751/2463 750/750/2464 
f 735/735/2465 736/736/2466 752/752/2467 751/751/2468 
f 736/736/2469 737/737/2470 753/753/2471 752/752/2472 
f 737/737/2473 738/738/2474 754/754/2475 753/753/2476 
f 740/740/2477 741/741/2478 757/757/2479 756/756/2480 
f 741/741/2481 742/742/2482 758/758/2483 757/757/2484 
f 750/750/2485 751/751/2486 767/767/2487 766/766/2488 
f 751/751/2489 752/752/2490 768/768/2491 767/767/2492 
f 755/755/2493 756/756/2494 772/772/2495 771/771/2496 
f 756/756/2497 757/757/2498 773/773/2499 772/772/2500 
f 757/757/2501 758/758/2502 774/774/2503 773/773/2504 
f 758/758/2505 759/759/2506 775/775/2507 774/774/2508 
f 759/759/2509 760/760/2510 776/776/2511 775/775/2512 
f 760/760/2513 761/761/2514 777/777/2515 776/776/2516 
f 761/761/2517 762/762/2518 778/778/2519 777/777/2520 
f 762/762/2521 763/763/2522 779/779/2523 778/778/2524 
f 763/763/2525 764/764/2526 780/780/2527 779/779/2528 
f 764/764/2529 765/765/2530 781/781/2531 780/780/2532 
f 765/765/2533 766/766/2534 782/782/2535 781/781/2536 
f 766/766/2537 767/767/2538 783/783/2539 782/782/2540 
f 767/767/2541 768/768/2542 784/784/2543 783/783/2544 
f 768/768/2545 769/769/2546 785/785/2547 784/784/2548 
f 769/769/2549 770/770/2550 786/786/2551 785/785/2552 
f 771/771/2553 772/772/2554 788/788/2555 787/787/2556 
f 772/772/2557 773/773/2558 789/789/2559 788/788/2560 
f 773/773/2561 774/774/2562 790/790/2563 789/789/2564 
f 774/774/2565 775/775/2566 791/791/2567 790/790/2568 
f 775/775/2569 776/776/2570 792/792/2571 791/791/2572 
f 776/776/2573 777/777/2574 793/793/2575 792/792/2576 
f 777/777/2577 778/778/2578 794/794/2579 793/793/2580 
f 778/778/2581 779/779/2582 795/795/2583 794/794/2584 
f 779/779/2585 780/780/2586 796/796/2587 795/795/2588 
f 780/780/2589 781/781/2590 797/797/2591 796/796/2592 
f 781/781/2593 782/782/2594 798/798/2595 797/797/2596 
f 782/782/2597 783/783/2598 799/799/2599 798/798/2600 
f 783/783/2601 784/784/2602 800/800/2603 799/799/2604 
f 784/784/2605 785/785/2606 801/801/2607 800/800/2608 
f 785/785/2609 786/786/2610 802/802/2611 801/801/2612 
f 788/788/2613 789/789/2614 805/805/2615 804/804/2616 
f 789/789/2617 790/790/2618 806/806/2619 805/805/2620 
f 798/798/2621 799/799/2622 815/815/2623 814/814/2624 
f 799/799/2625 800/800/2626 816/816/2627 815/815/2628 
f 803/803/2629 804/804/2630 820/820/2631 819/819/2632 
f 804/804/2633 805/805/2634 821/821/2635 820/820/2636 
f 805/805/2637 806/806/2638 822/822/2639 821/821/2640 
f 806/806/2641 807/807/2642 823/823/2643 822/822/2644 
f 807/807/2645 808/808/2646 824/824/2647 823/823/2648 
f 808/808/2649 809/809/2650 825/825/2651 824/824/2652 
f 809/809/2653 810/810/2654 826/826/2655 825/825/2656 
f 810/810/2657 811/811/2658 827/827/2659 826/826/2660 
f 811/811/2661 812/812/2662 828/828/2663 827/827/2664 
f 812/812/2665 813/813/2666 829/829/2667 828/828/2668 
f 813/813/2669 814/814/2670 830/830/2671 829/829/2672 
f 814/814/2673 815/815/2674 831/831/2675 830/830/2676 
f 815/815/2677 816/816/2678 832/832/2679 831/831/2680 
f 816/816/2681 817/817/2682 833/833/2683 832/832/2684 
f 817/817/2685 818/818/2686 834/834/2687 833/833/2688 
f 819/819/2689 820/820/2690 605/605/2691 835/835/2692 
f 820/820/2693 821/821/2694 606/606/2695 605/605/2696 
f 821/821/2697 822/822/2698 607/607/2699 606/606/2700 
f 822/822/2701 823/823/2702 836/836/2703 607/607/2704 
f 823/823/2705 824/824/2706 837/837/2707 836/836/2708 
f 824/824/2709 825/825/2710 838/838/2711 837/837/2712 
f 825/825/2713 826/826/2714 839/839/2715 838/838/2716 
f 826/826/2717 827/827/2718 840/840/2719 839/839/2720 
f 827/827/2721 828/828/2722 841/841/2723 840/840/2724 
f 828/828/2725 829/829/2726 842/842/2727 841/841/2728 
f 829/829/2729 830/830/2730 608/608/2731 842/842/2732 
f 830/830/2733 831/831/2734 609/609/2735 608/608/2736 
f 831/831/2737 832/832/2738 610/610/2739 609/609/2740 
f 832/832/2741 833/833/2742 843/843/2743 610/610/2744 
f 833/833/2745 834/834/2746 844/844/2747 843/843/2748 
f 613/613/2749 612/612/2750 845/845/2751 846/846/2752 
f 614/614/2753 613/613/2754 846/846/2755 847/847/2756 
f 623/623/2757 622/622/2758 848/848/2759 849/849/2760 
f 624/624/2761 623/623/2762 849/849/2763 850/850/2764 
#end 690 faces
#begin 3 properties
#U3D EDG SEL 70 68
#U3D SUB SEL 8
#U3D SYM 0 0 0 1 0 0 0.0001 0
#end 3 properties
