#File written by LIBUNFOLD3D. Compilation :Dec 22 2011,11:53:02
mtllib Lamp.mtl
#begin vertices
v 6.2574630000000004 -0.060929999999999998 5.2328320000000001
v 6.2219530000000001 -0.060929999999999998 5.1631400000000003
v 6.1666449999999999 -0.060929999999999998 5.1078320000000001
v 6.0969530000000001 -0.060929999999999998 5.0723219999999998
v 6.019698 -0.060929999999999998 5.0600860000000001
v 5.9424440000000001 -0.060929999999999998 5.0723219999999998
v 5.8727520000000002 -0.060929999999999998 5.1078320000000001
v 5.8174440000000001 -0.060929999999999998 5.1631400000000003
v 5.7819339999999997 -0.060929999999999998 5.2328320000000001
v 5.769698 -0.060929999999999998 5.3100860000000001
v 5.7819339999999997 -0.060929999999999998 5.3873410000000002
v 5.8174440000000001 -0.060929999999999998 5.457033
v 5.8727520000000002 -0.060929999999999998 5.5123410000000002
v 5.9424440000000001 -0.060929999999999998 5.5478500000000004
v 6.019698 -0.060929999999999998 5.5600860000000001
v 6.0969530000000001 -0.060929999999999998 5.5478500000000004
v 6.1666449999999999 -0.060929999999999998 5.5123410000000002
v 6.2219530000000001 -0.060929999999999998 5.457033
v 6.2574630000000004 -0.060929999999999998 5.3873410000000002
v 6.269698 -0.060929999999999998 5.3100860000000001
v 6.4952269999999999 -0.060929999999999998 5.1555780000000002
v 6.424207 -0.060929999999999998 5.0161939999999996
v 6.3135909999999997 -0.060929999999999998 4.9055780000000002
v 6.174207 -0.060929999999999998 4.8345580000000004
v 6.019698 -0.060929999999999998 4.8100860000000001
v 5.8651900000000001 -0.060929999999999998 4.8345580000000004
v 5.7258060000000004 -0.060929999999999998 4.9055780000000002
v 5.6151900000000001 -0.060929999999999998 5.0161939999999996
v 5.5441700000000003 -0.060929999999999998 5.1555780000000002
v 5.519698 -0.060929999999999998 5.3100860000000001
v 5.5441700000000003 -0.060929999999999998 5.4645950000000001
v 5.6151900000000001 -0.060929999999999998 5.6039789999999998
v 5.7258060000000004 -0.060929999999999998 5.7145950000000001
v 5.8651900000000001 -0.060929999999999998 5.785615
v 6.019698 -0.060929999999999998 5.8100860000000001
v 6.174207 -0.060929999999999998 5.785615
v 6.3135909999999997 -0.060929999999999998 5.7145950000000001
v 6.424207 -0.060929999999999998 5.6039789999999998
v 6.4952269999999999 -0.060929999999999998 5.4645950000000001
v 6.519698 -0.060929999999999998 5.3100860000000001
v 6.7329910000000002 -0.060929999999999998 5.0783230000000001
v 6.6264620000000001 -0.060929999999999998 4.8692469999999997
v 6.4605379999999997 -0.060929999999999998 4.7033230000000001
v 6.2514609999999999 -0.060929999999999998 4.596794
v 6.019698 -0.060929999999999998 4.5600860000000001
v 5.7879360000000002 -0.060929999999999998 4.596794
v 5.5788589999999996 -0.060929999999999998 4.7033230000000001
v 5.4129350000000001 -0.060929999999999998 4.8692469999999997
v 5.306406 -0.060929999999999998 5.0783240000000003
v 5.269698 -0.060929999999999998 5.3100860000000001
v 5.306406 -0.060929999999999998 5.541849
v 5.4129360000000002 -0.060929999999999998 5.7509249999999996
v 5.5788589999999996 -0.060929999999999998 5.916849
v 5.7879360000000002 -0.060929999999999998 6.0233790000000003
v 6.019698 -0.060929999999999998 6.0600860000000001
v 6.2514609999999999 -0.060929999999999998 6.0233790000000003
v 6.4605370000000004 -0.060929999999999998 5.916849
v 6.6264609999999999 -0.060929999999999998 5.7509249999999996
v 6.7329910000000002 -0.060929999999999998 5.541849
v 6.769698 -0.060929999999999998 5.3100860000000001
v 6.9707559999999997 -0.060929999999999998 5.0010690000000002
v 6.828716 -0.060929999999999998 4.7223009999999999
v 6.6074840000000004 -0.060929999999999998 4.5010690000000002
v 6.328716 -0.060929999999999998 4.3590289999999996
v 6.019698 -0.060929999999999998 4.3100860000000001
v 5.7106810000000001 -0.060929999999999998 4.3590289999999996
v 5.4319129999999998 -0.060929999999999998 4.5010690000000002
v 5.2106810000000001 -0.060929999999999998 4.7223009999999999
v 5.0686419999999996 -0.060929999999999998 5.0010690000000002
v 5.019698 -0.060929999999999998 5.3100860000000001
v 5.0686419999999996 -0.060929999999999998 5.619103
v 5.2106810000000001 -0.060929999999999998 5.8978719999999996
v 5.4319129999999998 -0.060929999999999998 6.119103
v 5.7106810000000001 -0.060929999999999998 6.2611429999999997
v 6.019698 -0.060929999999999998 6.3100860000000001
v 6.3287149999999999 -0.060929999999999998 6.2611429999999997
v 6.6074840000000004 -0.060929999999999998 6.119103
v 6.8287149999999999 -0.060929999999999998 5.8978719999999996
v 6.9707549999999996 -0.060929999999999998 5.619103
v 7.019698 -0.060929999999999998 5.3100860000000001
v 6.9908089999999996 -0.030193999999999999 4.9945529999999998
v 6.8457749999999997 -0.030193999999999999 4.7099070000000003
v 6.6198779999999999 -0.030193999999999999 4.4840099999999996
v 6.3352310000000003 -0.030193999999999999 4.3389759999999997
v 6.019698 -0.030193999999999999 4.2889999999999997
v 5.7041649999999997 -0.030193999999999999 4.3389759999999997
v 5.4195190000000002 -0.030193999999999999 4.4840099999999996
v 5.1936220000000004 -0.030193999999999999 4.7099070000000003
v 5.0485879999999996 -0.030193999999999999 4.9945529999999998
v 4.9986119999999996 -0.030193999999999999 5.3100860000000001
v 5.0485879999999996 -0.030193999999999999 5.6256190000000004
v 5.1936220000000004 -0.030193999999999999 5.910266
v 5.4195190000000002 -0.030193999999999999 6.1361619999999997
v 5.7041649999999997 -0.030193999999999999 6.2811969999999997
v 6.019698 -0.030193999999999999 6.3311719999999996
v 6.3352310000000003 -0.030193999999999999 6.2811969999999997
v 6.6198779999999999 -0.030193999999999999 6.1361619999999997
v 6.8457739999999996 -0.030193999999999999 5.910266
v 6.9908089999999996 -0.030193999999999999 5.6256190000000004
v 7.0407840000000004 -0.030193999999999999 5.3100860000000001
v 6.9457319999999996 0.027407000000000001 5.0091999999999999
v 6.8074300000000001 0.027407000000000001 4.7377659999999997
v 6.5920189999999996 0.027407000000000001 4.5223550000000001
v 6.3205850000000003 0.027407000000000001 4.3840529999999998
v 6.019698 0.027407000000000001 4.3363969999999998
v 5.7188119999999998 0.027407000000000001 4.3840529999999998
v 5.4473779999999996 0.027407000000000001 4.5223550000000001
v 5.231967 0.027407000000000001 4.7377659999999997
v 5.0936649999999997 0.027407000000000001 5.0091999999999999
v 5.0460089999999997 0.027407000000000001 5.3100860000000001
v 5.0936649999999997 0.027407000000000001 5.6109730000000004
v 5.231967 0.027407000000000001 5.8824059999999996
v 5.4473779999999996 0.027407000000000001 6.0978180000000002
v 5.7188119999999998 0.027407000000000001 6.2361199999999997
v 6.019698 0.027407000000000001 6.2837750000000003
v 6.3205850000000003 0.027407000000000001 6.2361199999999997
v 6.5920180000000004 0.027407000000000001 6.0978180000000002
v 6.8074300000000001 0.027407000000000001 5.8824059999999996
v 6.9457319999999996 0.027407000000000001 5.6109730000000004
v 6.9933870000000002 0.027407000000000001 5.3100860000000001
v 6.1393690000000003 0.12497 5.2712029999999999
v 6.1214959999999996 0.12497 5.2361259999999996
v 6.0936589999999997 0.12497 5.2082879999999996
v 6.0585820000000004 0.12497 5.1904159999999999
v 6.019698 0.12497 5.1842569999999997
v 5.9808149999999998 0.12497 5.1904159999999999
v 5.9457380000000004 0.12497 5.2082889999999997
v 5.9179009999999996 0.12497 5.2361259999999996
v 5.9000279999999998 0.12497 5.2712029999999999
v 5.8938689999999996 0.12497 5.3100860000000001
v 5.9000279999999998 0.12497 5.3489690000000003
v 5.9179009999999996 0.12497 5.3840469999999998
v 5.9457380000000004 0.12497 5.4118839999999997
v 5.9808149999999998 0.12497 5.4297570000000004
v 6.019698 0.12497 5.4359149999999996
v 6.0585820000000004 0.12497 5.4297570000000004
v 6.0936589999999997 0.12497 5.4118839999999997
v 6.1214959999999996 0.12497 5.3840469999999998
v 6.1393690000000003 0.12497 5.3489690000000003
v 6.1455270000000004 0.12497 5.3100860000000001
v 6.0885559999999996 0.18410599999999999 5.2877130000000001
v 6.0782720000000001 0.18410599999999999 5.2675299999999998
v 6.0622550000000004 0.18410599999999999 5.251512
v 6.0420720000000001 0.18410599999999999 5.2412280000000004
v 6.019698 0.18410599999999999 5.2376849999999999
v 5.997325 0.18410599999999999 5.2412280000000004
v 5.9771419999999997 0.18410599999999999 5.251512
v 5.9611239999999999 0.18410599999999999 5.2675299999999998
v 5.9508400000000004 0.18410599999999999 5.2877130000000001
v 5.9472969999999998 0.18410599999999999 5.3100860000000001
v 5.9508400000000004 0.18410599999999999 5.3324600000000002
v 5.9611239999999999 0.18410599999999999 5.3526429999999996
v 5.9771419999999997 0.18410599999999999 5.3686600000000002
v 5.997325 0.18410599999999999 5.3789439999999997
v 6.019698 0.18410599999999999 5.3824880000000004
v 6.0420720000000001 0.18410599999999999 5.3789439999999997
v 6.0622550000000004 0.18410599999999999 5.3686600000000002
v 6.0782720000000001 0.18410599999999999 5.3526429999999996
v 6.0885559999999996 0.18410599999999999 5.3324600000000002
v 6.0921000000000003 0.18410599999999999 5.3100860000000001
v 6.019698 -0.060929999999999998 5.3100860000000001
v 6.0640409999999996 4.4795769999999999 5.2956789999999998
v 6.0574180000000002 4.4795769999999999 5.2826810000000002
v 6.047104 4.4795769999999999 5.2723659999999999
v 6.0341060000000004 4.4795769999999999 5.2657439999999998
v 6.019698 4.4795769999999999 5.2634619999999996
v 6.0052909999999997 4.4795769999999999 5.2657439999999998
v 5.9922930000000001 4.4795769999999999 5.2723659999999999
v 5.9819779999999998 4.4795769999999999 5.2826810000000002
v 5.9753559999999997 4.4795769999999999 5.2956789999999998
v 5.9730740000000004 4.4795769999999999 5.3100860000000001
v 5.9753559999999997 4.4795769999999999 5.3244939999999996
v 5.9819779999999998 4.4795769999999999 5.337491
v 5.9922930000000001 4.4795769999999999 5.3478060000000003
v 6.0052909999999997 4.4795769999999999 5.3544289999999997
v 6.019698 4.4795769999999999 5.3567109999999998
v 6.0341060000000004 4.4795769999999999 5.3544289999999997
v 6.047104 4.4795769999999999 5.3478060000000003
v 6.0574180000000002 4.4795769999999999 5.337491
v 6.0640409999999996 4.4795769999999999 5.3244939999999996
v 6.0663229999999997 4.4795769999999999 5.3100860000000001
v 6.0885559999999996 4.4313630000000002 5.2877130000000001
v 6.0921000000000003 4.4313630000000002 5.3100860000000001
v 6.0885559999999996 4.4313630000000002 5.3324600000000002
v 6.0782720000000001 4.4313630000000002 5.3526429999999996
v 6.0622550000000004 4.4313630000000002 5.3686600000000002
v 6.0420720000000001 4.4313630000000002 5.3789439999999997
v 6.019698 4.4313630000000002 5.3824880000000004
v 5.997325 4.4313630000000002 5.3789439999999997
v 5.9771419999999997 4.4313630000000002 5.3686600000000002
v 5.9611239999999999 4.4313630000000002 5.3526429999999996
v 5.9508400000000004 4.4313630000000002 5.3324600000000002
v 5.9472969999999998 4.4313630000000002 5.3100860000000001
v 5.9508400000000004 4.4313630000000002 5.2877130000000001
v 5.9611239999999999 4.4313630000000002 5.2675299999999998
v 5.9771419999999997 4.4313630000000002 5.251512
v 5.997325 4.4313630000000002 5.2412280000000004
v 6.019698 4.4313630000000002 5.2376849999999999
v 6.0420720000000001 4.4313630000000002 5.2412280000000004
v 6.0622550000000004 4.4313630000000002 5.251512
v 6.0782720000000001 4.4313630000000002 5.2675299999999998
v 6.0885559999999996 4.3868080000000003 5.2877130000000001
v 6.0921000000000003 4.3868080000000003 5.3100860000000001
v 6.0885559999999996 4.3868080000000003 5.3324600000000002
v 6.0782720000000001 4.3868080000000003 5.3526429999999996
v 6.0622550000000004 4.3868080000000003 5.3686600000000002
v 6.0420720000000001 4.3868080000000003 5.3789439999999997
v 6.019698 4.3868080000000003 5.3824880000000004
v 5.997325 4.3868080000000003 5.3789439999999997
v 5.9771419999999997 4.3868080000000003 5.3686600000000002
v 5.9611239999999999 4.3868080000000003 5.3526429999999996
v 5.9508400000000004 4.3868080000000003 5.3324600000000002
v 5.9472969999999998 4.3868080000000003 5.3100860000000001
v 5.9508400000000004 4.3868080000000003 5.2877130000000001
v 5.9611239999999999 4.3868080000000003 5.2675299999999998
v 5.9771419999999997 4.3868080000000003 5.251512
v 5.997325 4.3868080000000003 5.2412280000000004
v 6.019698 4.3868080000000003 5.2376849999999999
v 6.0420720000000001 4.3868080000000003 5.2412280000000004
v 6.0622550000000004 4.3868080000000003 5.251512
v 6.0782720000000001 4.3868080000000003 5.2675299999999998
v 6.019698 4.3868080000000003 6.1627179999999999
v 5.997325 4.3868080000000003 6.1591750000000003
v 6.019698 4.4313630000000002 6.1627179999999999
v 5.997325 4.4313630000000002 6.1591750000000003
v 5.997325 4.3868080000000003 4.460998
v 6.019698 4.3868080000000003 4.4574550000000004
v 5.997325 4.4313630000000002 4.460998
v 6.019698 4.4313630000000002 4.4574550000000004
v 5.1770079999999998 4.3868080000000003 5.3324600000000002
v 5.1734650000000002 4.3868080000000003 5.3100860000000001
v 5.1770079999999998 4.4313630000000002 5.3324600000000002
v 5.1734650000000002 4.4313630000000002 5.3100860000000001
v 5.1770079999999998 4.3868080000000003 5.2877130000000001
v 5.1770079999999998 4.4313630000000002 5.2877130000000001
v 6.8707839999999996 4.3868080000000003 5.2877130000000001
v 6.8743280000000002 4.3868080000000003 5.3100860000000001
v 6.8707839999999996 4.4313630000000002 5.2877130000000001
v 6.8743280000000002 4.4313630000000002 5.3100860000000001
v 6.8707839999999996 4.3868080000000003 5.3324600000000002
v 6.8707839999999996 4.4313630000000002 5.3324600000000002
v 6.0547310000000003 4.4831589999999997 5.2987039999999999
v 6.049499 4.4831589999999997 5.2884349999999998
v 6.0413500000000004 4.4831589999999997 5.2802860000000003
v 6.0310810000000004 4.4831589999999997 5.2750539999999999
v 6.019698 4.4831589999999997 5.2732510000000001
v 6.0083159999999998 4.4831589999999997 5.2750539999999999
v 5.9980469999999997 4.4831589999999997 5.2802860000000003
v 5.9898980000000002 4.4831589999999997 5.2884349999999998
v 5.9846659999999998 4.4831589999999997 5.2987039999999999
v 5.982863 4.4831589999999997 5.3100860000000001
v 5.9846659999999998 4.4831589999999997 5.3214689999999996
v 5.9898980000000002 4.4831589999999997 5.3317379999999996
v 5.9980469999999997 4.4831589999999997 5.3398870000000001
v 6.0083159999999998 4.4831589999999997 5.3451190000000004
v 6.019698 4.4831589999999997 5.3469220000000002
v 6.0310810000000004 4.4831589999999997 5.3451190000000004
v 6.0413500000000004 4.4831589999999997 5.3398870000000001
v 6.049499 4.4831589999999997 5.3317379999999996
v 6.0547310000000003 4.4831589999999997 5.3214689999999996
v 6.0565340000000001 4.4831589999999997 5.3100860000000001
v 6.0502060000000002 4.5156619999999998 5.3001740000000002
v 6.0456490000000001 4.5156619999999998 5.2912319999999999
v 6.0385530000000003 4.5156619999999998 5.284135
v 6.0296110000000001 4.5156619999999998 5.279579
v 6.019698 4.5156619999999998 5.278009
v 6.0097860000000001 4.5156619999999998 5.279579
v 6.0008439999999998 4.5156619999999998 5.284135
v 5.9937469999999999 4.5156619999999998 5.2912319999999999
v 5.9891909999999999 4.5156619999999998 5.3001740000000002
v 5.9876209999999999 4.5156619999999998 5.3100860000000001
v 5.9891909999999999 4.5156619999999998 5.3199990000000001
v 5.9937469999999999 4.5156619999999998 5.3289410000000004
v 6.0008439999999998 4.5156619999999998 5.3360370000000001
v 6.0097860000000001 4.5156619999999998 5.3405940000000003
v 6.019698 4.5156619999999998 5.3421630000000002
v 6.0296110000000001 4.5156619999999998 5.3405940000000003
v 6.0385530000000003 4.5156619999999998 5.3360370000000001
v 6.0456490000000001 4.5156619999999998 5.3289410000000004
v 6.0502060000000002 4.5156619999999998 5.3199990000000001
v 6.0517750000000001 4.5156619999999998 5.3100860000000001
v 6.055968 4.5483880000000001 5.2983010000000004
v 6.0505509999999996 4.5483880000000001 5.2876700000000003
v 6.0421149999999999 4.5483880000000001 5.2792329999999996
v 6.0314829999999997 4.5483880000000001 5.2738160000000001
v 6.019698 4.5483880000000001 5.2719500000000004
v 6.0079140000000004 4.5483880000000001 5.2738160000000001
v 5.9972820000000002 4.5483880000000001 5.2792329999999996
v 5.9888450000000004 4.5483880000000001 5.2876700000000003
v 5.983428 4.5483880000000001 5.2983010000000004
v 5.9815620000000003 4.5483880000000001 5.3100860000000001
v 5.983428 4.5483880000000001 5.3218709999999998
v 5.9888450000000004 4.5483880000000001 5.3325019999999999
v 5.9972820000000002 4.5483880000000001 5.3409389999999997
v 6.0079140000000004 4.5483880000000001 5.3463560000000001
v 6.019698 4.5483880000000001 5.3482229999999999
v 6.0314829999999997 4.5483880000000001 5.3463560000000001
v 6.0421139999999998 4.5483880000000001 5.3409389999999997
v 6.0505509999999996 4.5483880000000001 5.3325019999999999
v 6.055968 4.5483880000000001 5.3218709999999998
v 6.0578349999999999 4.5483880000000001 5.3100860000000001
v 6.0871320000000004 4.6025539999999996 5.288176
v 6.0770609999999996 4.6025539999999996 5.2684100000000003
v 6.061375 4.6025539999999996 5.2527239999999997
v 6.0416090000000002 4.6025539999999996 5.2426529999999998
v 6.019698 4.6025539999999996 5.2391819999999996
v 5.9977879999999999 4.6025539999999996 5.2426529999999998
v 5.9780220000000002 4.6025539999999996 5.2527239999999997
v 5.9623359999999996 4.6025539999999996 5.2684100000000003
v 5.9522649999999997 4.6025539999999996 5.288176
v 5.9487949999999996 4.6025539999999996 5.3100860000000001
v 5.9522649999999997 4.6025539999999996 5.3319970000000003
v 5.9623359999999996 4.6025539999999996 5.351763
v 5.9780220000000002 4.6025539999999996 5.3674489999999997
v 5.9977879999999999 4.6025539999999996 5.3775199999999996
v 6.019698 4.6025539999999996 5.3809899999999997
v 6.0416090000000002 4.6025539999999996 5.3775199999999996
v 6.061375 4.6025539999999996 5.3674489999999997
v 6.0770609999999996 4.6025539999999996 5.351763
v 6.0871320000000004 4.6025539999999996 5.3319970000000003
v 6.0906019999999996 4.6025539999999996 5.3100860000000001
v 6.080832 4.6025539999999996 5.2902230000000001
v 6.0717020000000002 4.6025539999999996 5.272303
v 6.0574810000000001 4.6025539999999996 5.2580830000000001
v 6.0395620000000001 4.6025539999999996 5.2489520000000001
v 6.019698 4.6025539999999996 5.245806
v 5.999835 4.6025539999999996 5.2489520000000001
v 5.981916 4.6025539999999996 5.2580830000000001
v 5.967695 4.6025539999999996 5.272303
v 5.958564 4.6025539999999996 5.2902230000000001
v 5.955419 4.6025539999999996 5.3100860000000001
v 5.958564 4.6025539999999996 5.3299500000000002
v 5.967695 4.6025539999999996 5.3478690000000002
v 5.981916 4.6025539999999996 5.3620900000000002
v 5.999835 4.6025539999999996 5.3712200000000001
v 6.019698 4.6025539999999996 5.3743660000000002
v 6.0395620000000001 4.6025539999999996 5.3712200000000001
v 6.0574810000000001 4.6025539999999996 5.3620900000000002
v 6.0717020000000002 4.6025539999999996 5.3478690000000002
v 6.080832 4.6025539999999996 5.3299500000000002
v 6.0839780000000001 4.6025539999999996 5.3100860000000001
v 6.0989440000000004 4.6215989999999998 5.284338
v 6.0871089999999999 4.6215989999999998 5.2611100000000004
v 6.0686749999999998 4.6215989999999998 5.2426760000000003
v 6.0454470000000002 4.6215989999999998 5.2308399999999997
v 6.019698 4.6215989999999998 5.226763
v 5.9939499999999999 4.6215989999999998 5.2308399999999997
v 5.9707220000000003 4.6215989999999998 5.2426760000000003
v 5.9522880000000002 4.6215989999999998 5.2611100000000004
v 5.9404519999999996 4.6215989999999998 5.284338
v 5.936375 4.6215989999999998 5.3100860000000001
v 5.9404519999999996 4.6215989999999998 5.3358350000000003
v 5.9522880000000002 4.6215989999999998 5.3590629999999999
v 5.9707220000000003 4.6215989999999998 5.377497
v 5.9939499999999999 4.6215989999999998 5.3893319999999996
v 6.019698 4.6215989999999998 5.3934100000000003
v 6.0454470000000002 4.6215989999999998 5.3893319999999996
v 6.0686749999999998 4.6215989999999998 5.377497
v 6.0871089999999999 4.6215989999999998 5.3590629999999999
v 6.0989440000000004 4.6215989999999998 5.3358350000000003
v 6.1030220000000002 4.6215989999999998 5.3100860000000001
v 6.1061430000000003 4.63748 5.2819989999999999
v 6.0932329999999997 4.63748 5.2566600000000001
v 6.073124 4.63748 5.2365519999999997
v 6.0477860000000003 4.63748 5.2236409999999998
v 6.019698 4.63748 5.2191929999999997
v 5.9916109999999998 4.63748 5.2236409999999998
v 5.966272 4.63748 5.2365519999999997
v 5.9461639999999996 4.63748 5.2566600000000001
v 5.9332529999999997 4.63748 5.2819989999999999
v 5.9288049999999997 4.63748 5.3100860000000001
v 5.9332529999999997 4.63748 5.3381740000000004
v 5.9461639999999996 4.63748 5.3635120000000001
v 5.966272 4.63748 5.3836209999999998
v 5.9916109999999998 4.63748 5.3965310000000004
v 6.019698 4.63748 5.4009799999999997
v 6.0477860000000003 4.63748 5.3965310000000004
v 6.073124 4.63748 5.3836209999999998
v 6.0932329999999997 4.63748 5.3635120000000001
v 6.1061430000000003 4.63748 5.3381740000000004
v 6.1105919999999996 4.63748 5.3100860000000001
v 6.1087150000000001 4.6553870000000002 5.2811630000000003
v 6.095421 4.6553870000000002 5.255071
v 6.0747140000000002 4.6553870000000002 5.2343640000000002
v 6.0486219999999999 4.6553870000000002 5.221069
v 6.019698 4.6553870000000002 5.2164890000000002
v 5.9907750000000002 4.6553870000000002 5.221069
v 5.964683 4.6553870000000002 5.2343640000000002
v 5.9439760000000001 4.6553870000000002 5.255071
v 5.9306809999999999 4.6553870000000002 5.2811630000000003
v 5.9261010000000001 4.6553870000000002 5.3100860000000001
v 5.9306809999999999 4.6553870000000002 5.33901
v 5.9439760000000001 4.6553870000000002 5.3651020000000003
v 5.964683 4.6553870000000002 5.3858079999999999
v 5.9907750000000002 4.6553870000000002 5.3991030000000002
v 6.019698 4.6553870000000002 5.4036840000000002
v 6.0486219999999999 4.6553870000000002 5.3991030000000002
v 6.0747140000000002 4.6553870000000002 5.3858079999999999
v 6.095421 4.6553870000000002 5.3651020000000003
v 6.1087150000000001 4.6553870000000002 5.33901
v 6.1132960000000001 4.6553870000000002 5.3100860000000001
v 6.1087150000000001 4.6762259999999998 5.2811630000000003
v 6.095421 4.6762259999999998 5.255071
v 6.0747140000000002 4.6762259999999998 5.2343640000000002
v 6.0486219999999999 4.6762259999999998 5.221069
v 6.019698 4.6762259999999998 5.2164890000000002
v 5.9907750000000002 4.6762259999999998 5.221069
v 5.964683 4.6762259999999998 5.2343640000000002
v 5.9439760000000001 4.6762259999999998 5.255071
v 5.9306809999999999 4.6762259999999998 5.2811630000000003
v 5.9261010000000001 4.6762259999999998 5.3100860000000001
v 5.9306809999999999 4.6762259999999998 5.33901
v 5.9439760000000001 4.6762259999999998 5.3651020000000003
v 5.964683 4.6762259999999998 5.3858079999999999
v 5.9907750000000002 4.6762259999999998 5.3991030000000002
v 6.019698 4.6762259999999998 5.4036840000000002
v 6.0486219999999999 4.6762259999999998 5.3991030000000002
v 6.0747140000000002 4.6762259999999998 5.3858079999999999
v 6.095421 4.6762259999999998 5.3651020000000003
v 6.1087150000000001 4.6762259999999998 5.33901
v 6.1132960000000001 4.6762259999999998 5.3100860000000001
v 6.1036080000000004 4.6933100000000003 5.2828220000000004
v 6.0910760000000002 4.6933100000000003 5.2582269999999998
v 6.0715570000000003 4.6933100000000003 5.2387090000000001
v 6.0469619999999997 4.6933100000000003 5.2261759999999997
v 6.019698 4.6933100000000003 5.2218590000000003
v 5.9924340000000003 4.6933100000000003 5.2261759999999997
v 5.9678389999999997 4.6933100000000003 5.2387090000000001
v 5.948321 4.6933100000000003 5.2582269999999998
v 5.9357889999999998 4.6933100000000003 5.2828220000000004
v 5.9314710000000002 4.6933100000000003 5.3100860000000001
v 5.9357889999999998 4.6933100000000003 5.3373499999999998
v 5.948321 4.6933100000000003 5.3619450000000004
v 5.9678389999999997 4.6933100000000003 5.3814640000000002
v 5.9924350000000004 4.6933100000000003 5.3939959999999996
v 6.019698 4.6933100000000003 5.3983140000000001
v 6.0469619999999997 4.6933100000000003 5.3939959999999996
v 6.0715570000000003 4.6933100000000003 5.3814640000000002
v 6.0910760000000002 4.6933100000000003 5.3619450000000004
v 6.1036080000000004 4.6933100000000003 5.3373499999999998
v 6.107926 4.6933100000000003 5.3100860000000001
v 6.0921440000000002 4.7088159999999997 5.2865469999999997
v 6.0813249999999996 4.7088159999999997 5.2653119999999998
v 6.0644720000000003 4.7088159999999997 5.2484599999999997
v 6.0432379999999997 4.7088159999999997 5.2376399999999999
v 6.019698 4.7088159999999997 5.2339120000000001
v 5.9961589999999996 4.7088159999999997 5.2376399999999999
v 5.9749239999999997 4.7088159999999997 5.2484599999999997
v 5.9580719999999996 4.7088159999999997 5.2653119999999998
v 5.9472519999999998 4.7088159999999997 5.2865469999999997
v 5.943524 4.7088159999999997 5.3100860000000001
v 5.9472519999999998 4.7088159999999997 5.3336249999999996
v 5.9580719999999996 4.7088159999999997 5.3548600000000004
v 5.9749239999999997 4.7088159999999997 5.3717119999999996
v 5.9961589999999996 4.7088159999999997 5.3825320000000003
v 6.019698 4.7088159999999997 5.38626
v 6.0432370000000004 4.7088159999999997 5.3825320000000003
v 6.0644720000000003 4.7088159999999997 5.3717119999999996
v 6.0813249999999996 4.7088159999999997 5.3548600000000004
v 6.0921440000000002 4.7088159999999997 5.3336249999999996
v 6.095872 4.7088159999999997 5.3100860000000001
v 6.0739979999999996 4.7209580000000004 5.2924429999999996
v 6.0658880000000002 4.7209580000000004 5.2765269999999997
v 6.0532570000000003 4.7209580000000004 5.2638959999999999
v 6.0373409999999996 4.7209580000000004 5.2557859999999996
v 6.019698 4.7209580000000004 5.2529919999999999
v 6.0020550000000004 4.7209580000000004 5.2557859999999996
v 5.9861389999999997 4.7209580000000004 5.2638959999999999
v 5.9735079999999998 4.7209580000000004 5.2765269999999997
v 5.9653980000000004 4.7209580000000004 5.2924429999999996
v 5.9626039999999998 4.7209580000000004 5.3100860000000001
v 5.9653980000000004 4.7209580000000004 5.3277289999999997
v 5.9735079999999998 4.7209580000000004 5.3436450000000004
v 5.9861389999999997 4.7209580000000004 5.3562760000000003
v 6.0020550000000004 4.7209580000000004 5.3643859999999997
v 6.019698 4.7209580000000004 5.3671800000000003
v 6.0373409999999996 4.7209580000000004 5.3643859999999997
v 6.0532570000000003 4.7209580000000004 5.3562760000000003
v 6.0658880000000002 4.7209580000000004 5.3436450000000004
v 6.0739979999999996 4.7209580000000004 5.3277289999999997
v 6.0767920000000002 4.7209580000000004 5.3100860000000001
v 6.0569879999999996 4.7264600000000003 5.2979700000000003
v 6.0514190000000001 4.7264600000000003 5.2870400000000002
v 6.042745 4.7264600000000003 5.2783660000000001
v 6.0318149999999999 4.7264600000000003 5.2727959999999996
v 6.019698 4.7264600000000003 5.2708769999999996
v 6.0075820000000002 4.7264600000000003 5.2727959999999996
v 5.9966520000000001 4.7264600000000003 5.2783660000000001
v 5.987978 4.7264600000000003 5.2870400000000002
v 5.9824080000000004 4.7264600000000003 5.2979700000000003
v 5.9804890000000004 4.7264600000000003 5.3100860000000001
v 5.9824080000000004 4.7264600000000003 5.322203
v 5.987978 4.7264600000000003 5.3331330000000001
v 5.9966520000000001 4.7264600000000003 5.3418070000000002
v 6.0075820000000002 4.7264600000000003 5.3473759999999997
v 6.019698 4.7264600000000003 5.3492949999999997
v 6.0318149999999999 4.7264600000000003 5.3473759999999997
v 6.042745 4.7264600000000003 5.3418070000000002
v 6.0514190000000001 4.7264600000000003 5.3331330000000001
v 6.0569879999999996 4.7264600000000003 5.322203
v 6.0589069999999996 4.7264600000000003 5.3100860000000001
v 6.0428990000000002 4.7286630000000001 5.3025479999999998
v 6.039434 4.7286630000000001 5.2957479999999997
v 6.0340369999999997 4.7286630000000001 5.2903510000000002
v 6.0272370000000004 4.7286630000000001 5.286886
v 6.019698 4.7286630000000001 5.2856920000000001
v 6.0121599999999997 4.7286630000000001 5.286886
v 6.0053599999999996 4.7286630000000001 5.2903510000000002
v 5.9999630000000002 4.7286630000000001 5.2957479999999997
v 5.9964979999999999 4.7286630000000001 5.3025479999999998
v 5.995304 4.7286630000000001 5.3100860000000001
v 5.9964979999999999 4.7286630000000001 5.3176240000000004
v 5.9999630000000002 4.7286630000000001 5.3244249999999997
v 6.0053599999999996 4.7286630000000001 5.3298209999999999
v 6.0121599999999997 4.7286630000000001 5.3332860000000002
v 6.019698 4.7286630000000001 5.3344800000000001
v 6.0272370000000004 4.7286630000000001 5.3332860000000002
v 6.0340369999999997 4.7286630000000001 5.3298209999999999
v 6.039434 4.7286630000000001 5.3244249999999997
v 6.0428990000000002 4.7286630000000001 5.3176240000000004
v 6.044092 4.7286630000000001 5.3100860000000001
v 6.0297790000000004 4.7286630000000001 5.3068109999999997
v 6.0282739999999997 4.7286630000000001 5.3038559999999997
v 6.0259289999999996 4.7286630000000001 5.3015109999999996
v 6.0229739999999996 4.7286630000000001 5.3000049999999996
v 6.019698 4.7286630000000001 5.2994870000000001
v 6.0164229999999996 4.7286630000000001 5.3000049999999996
v 6.0134679999999996 4.7286630000000001 5.3015109999999996
v 6.0111230000000004 4.7286630000000001 5.3038559999999997
v 6.0096170000000004 4.7286630000000001 5.3068109999999997
v 6.009099 4.7286630000000001 5.3100860000000001
v 6.0096170000000004 4.7286630000000001 5.3133619999999997
v 6.0111230000000004 4.7286630000000001 5.3163169999999997
v 6.0134679999999996 4.7286630000000001 5.3186619999999998
v 6.0164229999999996 4.7286630000000001 5.3201669999999996
v 6.019698 4.7286630000000001 5.3206860000000002
v 6.0229739999999996 4.7286630000000001 5.3201669999999996
v 6.0259289999999996 4.7286630000000001 5.3186619999999998
v 6.0282739999999997 4.7286630000000001 5.3163169999999997
v 6.0297790000000004 4.7286630000000001 5.3133619999999997
v 6.0302980000000002 4.7286630000000001 5.3100860000000001
v 6.9338600000000001 3.8066049999999998 5.0130569999999999
v 6.7973309999999998 3.8066049999999998 4.7451030000000003
v 6.5846809999999998 3.8066049999999998 4.5324540000000004
v 6.3167280000000003 3.8066049999999998 4.3959250000000001
v 6.019698 3.8066049999999998 4.3488800000000003
v 5.7226689999999998 3.8066049999999998 4.3959250000000001
v 5.4547150000000002 3.8066049999999998 4.5324540000000004
v 5.2420660000000003 3.8066049999999998 4.7451030000000003
v 5.105537 3.8066049999999998 5.0130569999999999
v 5.0584920000000002 3.8066049999999998 5.3100860000000001
v 5.105537 3.8066049999999998 5.6071150000000003
v 5.2420660000000003 3.8066049999999998 5.8750689999999999
v 5.4547150000000002 3.8066049999999998 6.0877189999999999
v 5.7226689999999998 3.8066049999999998 6.2242480000000002
v 6.019698 3.8066049999999998 6.2712919999999999
v 6.3167270000000002 3.8066049999999998 6.2242480000000002
v 6.5846809999999998 3.8066049999999998 6.0877189999999999
v 6.7973309999999998 3.8066049999999998 5.8750689999999999
v 6.9338600000000001 3.8066049999999998 5.6071150000000003
v 6.9809039999999998 3.8066049999999998 5.3100860000000001
v 6.9707549999999996 3.8375569999999999 5.0010690000000002
v 6.828716 3.8375569999999999 4.7223009999999999
v 6.6074840000000004 3.8375569999999999 4.5010690000000002
v 6.328716 3.8375569999999999 4.3590289999999996
v 6.019698 3.8375569999999999 4.3100860000000001
v 5.7106810000000001 3.8375569999999999 4.3590289999999996
v 5.4319129999999998 3.8375569999999999 4.5010690000000002
v 5.2106810000000001 3.8375569999999999 4.7223009999999999
v 5.0686419999999996 3.8375569999999999 5.0010690000000002
v 5.019698 3.8375569999999999 5.3100860000000001
v 5.0686419999999996 3.8375569999999999 5.619103
v 5.2106810000000001 3.8375569999999999 5.8978719999999996
v 5.4319129999999998 3.8375569999999999 6.119103
v 5.7106810000000001 3.8375569999999999 6.2611429999999997
v 6.019698 3.8375569999999999 6.3100870000000002
v 6.3287149999999999 3.8375569999999999 6.2611429999999997
v 6.6074840000000004 3.8375569999999999 6.119103
v 6.8287149999999999 3.8375569999999999 5.8978719999999996
v 6.9707549999999996 3.8375569999999999 5.619103
v 7.019698 3.8375569999999999 5.3100860000000001
v 6.6923589999999997 5.8420870000000003 5.0915249999999999
v 6.5918979999999996 5.8420870000000003 4.8943589999999997
v 6.4354259999999996 5.8420870000000003 4.7378869999999997
v 6.2382590000000002 5.8420870000000003 4.6374250000000004
v 6.019698 5.8420870000000003 4.6028079999999996
v 5.8011379999999999 5.8420870000000003 4.6374250000000004
v 5.6039709999999996 5.8420870000000003 4.7378869999999997
v 5.4474989999999996 5.8420870000000003 4.8943589999999997
v 5.3470380000000004 5.8420870000000003 5.091526
v 5.3124209999999996 5.8420870000000003 5.3100860000000001
v 5.3470380000000004 5.8420870000000003 5.5286470000000003
v 5.4474989999999996 5.8420870000000003 5.7258129999999996
v 5.6039709999999996 5.8420870000000003 5.8822850000000004
v 5.8011379999999999 5.8420870000000003 5.9827469999999998
v 6.019698 5.8420870000000003 6.0173639999999997
v 6.2382590000000002 5.8420870000000003 5.9827469999999998
v 6.4354250000000004 5.8420870000000003 5.8822850000000004
v 6.5918970000000003 5.8420870000000003 5.7258129999999996
v 6.6923589999999997 5.8420870000000003 5.5286470000000003
v 6.7269759999999996 5.8420870000000003 5.3100860000000001
v 6.6631260000000001 5.8639789999999996 5.1010239999999998
v 6.5670299999999999 5.8639789999999996 4.912426
v 6.4173580000000001 5.8639789999999996 4.7627540000000002
v 6.2287610000000004 5.8639789999999996 4.6666590000000001
v 6.019698 5.8639789999999996 4.6335470000000001
v 5.8106359999999997 5.8639789999999996 4.6666590000000001
v 5.6220379999999999 5.8639789999999996 4.7627550000000003
v 5.4723670000000002 5.8639789999999996 4.912426
v 5.376271 5.8639789999999996 5.1010239999999998
v 5.343159 5.8639789999999996 5.3100860000000001
v 5.376271 5.8639789999999996 5.5191480000000004
v 5.4723670000000002 5.8639789999999996 5.7077460000000002
v 5.622039 5.8639789999999996 5.857418
v 5.8106359999999997 5.8639789999999996 5.9535140000000002
v 6.019698 5.8639789999999996 5.9866260000000002
v 6.2287600000000003 5.8639789999999996 5.9535140000000002
v 6.4173580000000001 5.8639789999999996 5.857418
v 6.5670299999999999 5.8639789999999996 5.7077460000000002
v 6.6631260000000001 5.8639789999999996 5.5191480000000004
v 6.6962380000000001 5.8639789999999996 5.3100860000000001
#end vertices

#begin 898 textures vertices 
vt 0.76605045795440674 0.38507315516471863 0
vt 0.77259457111358643 0.39072957634925842 0
vt 0.78056585788726807 0.39408564567565918 0
vt 0.78918439149856567 0.39481362700462341 0
vt 0.79760605096817017 0.39284288883209229 0
vt 0.80500787496566772 0.38836783170700073 0
vt 0.81066542863845825 0.38182592391967773 0
vt 0.81402468681335449 0.37385651469230652 0
vt 0.81475830078125 0.36523967981338501 0
vt 0.81279391050338745 0.35681819915771484 0
vt 0.80832362174987793 0.34941592812538147 0
vt 0.80178415775299072 0.3437575101852417 0
vt 0.79381459951400757 0.34039691090583801 0
vt 0.78519564867019653 0.33966434001922607 0
vt 0.77677071094512939 0.34163123369216919 0
vt 0.76936435699462891 0.34610527753829956 0
vt 0.7637031078338623 0.35264894366264343 0
vt 0.76034152507781982 0.36062207818031311 0
vt 0.75960874557495117 0.36924383044242859 0
vt 0.76157659292221069 0.37766939401626587 0
vt 0.74492573738098145 0.40291661024093628 0
vt 0.75801670551300049 0.41422739624977112 0
vt 0.77396517992019653 0.42093533277511597 0
vt 0.79120349884033203 0.42238724231719971 0
vt 0.80804288387298584 0.41844254732131958 0
vt 0.8228411078453064 0.40949305891990662 0
vt 0.83414894342422485 0.39641112089157104 0
vt 0.8408656120300293 0.38047701120376587 0
vt 0.84233546257019043 0.3632487952709198 0
vt 0.8384101390838623 0.34640797972679138 0
vt 0.8294716477394104 0.33160355687141418 0
vt 0.81639528274536133 0.32028272747993469 0
vt 0.80045801401138306 0.31355845928192139 0
vt 0.78321939706802368 0.31208932399749756 0
vt 0.76636600494384766 0.31602078676223755 0
vt 0.75154811143875122 0.32496646046638489 0
vt 0.74022459983825684 0.3380541205406189 0
vt 0.73350143432617188 0.35400256514549255 0
vt 0.73203796148300171 0.37125110626220703 0
vt 0.73597514629364014 0.38810649514198303 0
vt 0.72380518913269043 0.42076760530471802 0
vt 0.743458092212677 0.4377327561378479 0
vt 0.76738458871841431 0.44778925180435181 0
vt 0.79323893785476685 0.44995963573455811 0
vt 0.81849360466003418 0.44403883814811707 0
vt 0.84067833423614502 0.43061456084251404 0
vt 0.85763263702392578 0.41099706292152405 0
vt 0.86770707368850708 0.38710343837738037 0
vt 0.86990976333618164 0.36126679182052612 0
vt 0.8640328049659729 0.33600780367851257 0
vt 0.85062581300735474 0.31380352377891541 0
vt 0.83101600408554077 0.29681465029716492 0
vt 0.80710923671722412 0.28672349452972412 0
vt 0.78125017881393433 0.2845112681388855 0
vt 0.75597023963928223 0.29040896892547607 0
vt 0.73373854160308838 0.30381977558135986 0
vt 0.71674454212188721 0.32345312833786011 0
vt 0.70666325092315674 0.34738409519195557 0
vt 0.70446616411209106 0.37326094508171082 0
vt 0.71037554740905762 0.39854633808135986 0
vt 0.702689528465271 0.43862041831016541 0
vt 0.72890704870223999 0.46124053001403809 0
vt 0.76081526279449463 0.47464442253112793 0
vt 0.79528868198394775 0.47753086686134338 0
vt 0.8289521336555481 0.4696279764175415 0
vt 0.85852640867233276 0.45172744989395142 0
vt 0.88111871480941772 0.4255731999874115 0
vt 0.89455419778823853 0.39373618364334106 0
vt 0.89747750759124756 0.35929578542709351 0
vt 0.88966190814971924 0.32561695575714111 0
vt 0.87177848815917969 0.29601383209228516 0
vt 0.84564673900604248 0.27335137128829956 0
vt 0.81376892328262329 0.25989225506782532 0
vt 0.77928560972213745 0.2569308876991272 0
vt 0.74558234214782715 0.26479700207710266 0
vt 0.71593546867370605 0.28266334533691406 0
vt 0.6932716965675354 0.30884873867034912 0
vt 0.67981994152069092 0.34076178073883057 0
vt 0.67689287662506104 0.37526199221611023 0
vt 0.68477547168731689 0.40897959470748901 0
vt 0.69953715801239014 0.44129270315170288 0
vt 0.72673982381820679 0.46475926041603088 0
vt 0.75984209775924683 0.47866076231002808 0
vt 0.79560405015945435 0.48165121674537659 0
vt 0.83052217960357666 0.47345060110092163 0
vt 0.861197829246521 0.45488032698631287 0
vt 0.88463139533996582 0.4277498722076416 0
vt 0.89855021238327026 0.39472389221191406 0
vt 0.90161609649658203 0.35900115966796875 0
vt 0.89347684383392334 0.32407110929489136 0
vt 0.87495428323745728 0.29334375262260437 0
vt 0.84782719612121582 0.26986002922058105 0
vt 0.81476873159408569 0.25586521625518799 0
vt 0.77899158000946045 0.25282514095306396 0
vt 0.74402385950088501 0.26095184683799744 0
vt 0.71328788995742798 0.27951157093048096 0
vt 0.68974804878234863 0.30665722489356995 0
vt 0.67580610513687134 0.33977904915809631 0
vt 0.67278754711151123 0.3755614161491394 0
vt 0.68093264102935791 0.41054487228393555 0
vt 0.78891801834106445 0.23360598087310791 0
vt 0.75741994380950928 0.22123086452484131 0
vt 0.73132479190826416 0.19970139861106873 0
vt 0.71311509609222412 0.17120273411273956 0
vt 0.70464223623275757 0.13846655189990997 0
vt 0.70669591426849365 0.10472920536994934 0
vt 0.71902287006378174 0.073263064026832581 0
vt 0.74047410488128662 0.047135714441537857 0
vt 0.76893311738967896 0.028856907039880753 0
vt 0.80168110132217407 0.020246539264917374 0
vt 0.83551108837127686 0.022225867956876755 0
vt 0.86708343029022217 0.034580528736114502 0
vt 0.893280029296875 0.056112740188837051 0
vt 0.91149759292602539 0.084700942039489746 0
vt 0.92001920938491821 0.11750075966119766 0
vt 0.91795569658279419 0.15131473541259766 0
vt 0.90559631586074829 0.18285703659057617 0
vt 0.88405269384384155 0.20900505781173706 0
vt 0.85548663139343262 0.2272055596113205 0
vt 0.82270503044128418 0.23569084703922272 0
vt 0.80939358472824097 0.14141416549682617 0
vt 0.80538123846054077 0.13984742760658264 0
vt 0.8020637035369873 0.13710139691829681 0
vt 0.79974240064620972 0.13347412645816803 0
vt 0.79865449666976929 0.12930847704410553 0
vt 0.79893314838409424 0.12500980496406555 0
vt 0.80050158500671387 0.12099426239728928 0
vt 0.80323123931884766 0.11765768378973007 0
vt 0.80687105655670166 0.11534302681684494 0
vt 0.81103718280792236 0.11423905193805695 0
vt 0.81534117460250854 0.11448689550161362 0
vt 0.81935971975326538 0.11605250090360641 0
vt 0.82269632816314697 0.11878915131092072 0
vt 0.82500612735748291 0.12243818491697311 0
vt 0.82607501745223999 0.12661989033222198 0
vt 0.82580846548080444 0.13092906773090363 0
vt 0.82423669099807739 0.13494712114334106 0
vt 0.82150554656982422 0.13828596472740173 0
vt 0.81786656379699707 0.14059484004974365 0
vt 0.81369280815124512 0.14165936410427094 0
vt 0.81139373779296875 0.13237318396568298 0
vt 0.81008726358413696 0.13182459771633148 0
vt 0.80896908044815063 0.13096040487289429 0
vt 0.80823248624801636 0.12975104153156281 0
vt 0.80790483951568604 0.12837319076061249 0
vt 0.8079531192779541 0.12695984542369843 0
vt 0.80849474668502808 0.12564936280250549 0
vt 0.80941241979598999 0.12457006424665451 0
vt 0.81058794260025024 0.1237778514623642 0
vt 0.81196135282516479 0.12343928217887878 0
vt 0.81336885690689087 0.12354115396738052 0
vt 0.81467002630233765 0.12407482415437698 0
vt 0.81573444604873657 0.124989353120327 0
vt 0.81651288270950317 0.12616178393363953 0
vt 0.81688815355300903 0.12752366065979004 0
vt 0.81682783365249634 0.12893964350223541 0
vt 0.81627416610717773 0.13024237751960754 0
vt 0.81534361839294434 0.13130934536457062 0
vt 0.81416767835617065 0.13210199773311615 0
vt 0.8128054141998291 0.13249310851097107 0
vt 0.78718107938766479 0.3672386109828949 0
vt 0.28007721900939941 0.74779856204986572 0
vt 0.24296694993972778 0.75359398126602173 0
vt 0.24249269068241119 0.75033783912658691 0
vt 0.24265910685062408 0.74707496166229248 0
vt 0.24339102208614349 0.74391943216323853 0
vt 0.24462680518627167 0.74093818664550781 0
vt 0.24634009599685669 0.7382047176361084 0
vt 0.24851959943771362 0.73582631349563599 0
vt 0.25107023119926453 0.7338554859161377 0
vt 0.25391083955764771 0.73234230279922485 0
vt 0.25695586204528809 0.73130255937576294 0
vt 0.26013162732124329 0.73078417778015137 0
vt 0.26335257291793823 0.73085248470306396 0
vt 0.26651576161384583 0.73143452405929565 0
vt 0.26953643560409546 0.73254543542861938 0
vt 0.27232089638710022 0.73416775465011597 0
vt 0.27476704120635986 0.73626607656478882 0
vt 0.27681237459182739 0.7387549877166748 0
vt 0.27844119071960449 0.74154746532440186 0
vt 0.2795376181602478 0.74459171295166016 0
vt 0.29250860214233398 0.74635350704193115 0
vt 0.29150640964508057 0.74116027355194092 0
vt 0.28963777422904968 0.73618823289871216 0
vt 0.28699126839637756 0.73157823085784912 0
vt 0.28355315327644348 0.72750192880630493 0
vt 0.27946630120277405 0.72407400608062744 0
vt 0.27487513422966003 0.7213587760925293 0
vt 0.26988232135772705 0.71946901082992554 0
vt 0.26463723182678223 0.71845579147338867 0
vt 0.25930172204971313 0.71839642524719238 0
vt 0.25402191281318665 0.71919608116149902 0
vt 0.24895477294921875 0.72087389230728149 0
vt 0.24426506459712982 0.72341829538345337 0
vt 0.24007230997085571 0.72671353816986084 0
vt 0.23650182783603668 0.73066586256027222 0
vt 0.23361873626708984 0.73514264822006226 0
vt 0.23153454065322876 0.74003875255584717 0
vt 0.23035210371017456 0.74521005153656006 0
vt 0.23003953695297241 0.75047123432159424 0
vt 0.23055377602577209 0.7556910514831543 0
vt 0.039557836949825287 0.98799997568130493 0
vt 0.03705260157585144 0.98799997568130493 0
vt 0.034547243267297745 0.98799997568130493 0
vt 0.032042007893323898 0.98799997568130493 0
vt 0.029536833986639977 0.98799997568130493 0
vt 0.02703159861266613 0.98799997568130493 0
vt 0.024526301771402359 0.98799997568130493 0
vt 0.022021066397428513 0.98799997568130493 0
vt 0.019515831023454666 0.98799997568130493 0
vt 0.017010532319545746 0.98799997568130493 0
vt 0.014505297876894474 0.98799997568130493 0
vt 0.062105141580104828 0.98799997568130493 0
vt 0.059599906206130981 0.98799997568130493 0
vt 0.057094670832157135 0.98799997568130493 0
vt 0.054589312523603439 0.98799997568130493 0
vt 0.052084077149629593 0.98799997568130493 0
vt 0.04957890510559082 0.98799997568130493 0
vt 0.047073543071746826 0.98799997568130493 0
vt 0.04456830769777298 0.98799997568130493 0
vt 0.042063072323799133 0.98799997568130493 0
vt 0.24968105554580688 0.7604520320892334 0
vt 0.23901458084583282 0.7604520320892334 0
vt 0.24968105554580688 0.7814326286315918 0
vt 0.23901458084583282 0.7814326286315918 0
vt 0.22829888761043549 0.75931239128112793 0
vt 0.2158820778131485 0.75931239128112793 0
vt 0.22829888761043549 0.78373503684997559 0
vt 0.2158820778131485 0.78373503684997559 0
vt 0.30918356776237488 0.76166808605194092 0
vt 0.30029460787773132 0.76166808605194092 0
vt 0.30918356776237488 0.77915120124816895 0
vt 0.30029460787773132 0.77915120124816895 0
vt 0.29140576720237732 0.76166808605194092 0
vt 0.29140576720237732 0.77915120124816895 0
vt 0.30787032842636108 0.78758883476257324 0
vt 0.29907897114753723 0.78758883476257324 0
vt 0.30787032842636108 0.80488163232803345 0
vt 0.29907897114753723 0.80488163232803345 0
vt 0.45590654015541077 0.97451210021972656 0
vt 0.4453272819519043 0.97997027635574341 0
vt 0.27772572636604309 0.74789953231811523 0
vt 0.27761062979698181 0.7505871057510376 0
vt 0.24487920105457306 0.75014609098434448 0
vt 0.24498553574085236 0.74737387895584106 0
vt 0.24568510055541992 0.74464935064315796 0
vt 0.24671131372451782 0.74202620983123779 0
vt 0.24827000498771667 0.73967981338500977 0
vt 0.25014036893844604 0.73757648468017578 0
vt 0.25234177708625793 0.73582810163497925 0
vt 0.2548707127571106 0.73456710577011108 0
vt 0.25753003358840942 0.73362600803375244 0
vt 0.26030310988426208 0.73317074775695801 0
vt 0.26311644911766052 0.73321264982223511 0
vt 0.26588699221611023 0.733692467212677 0
vt 0.26850345730781555 0.73473072052001953 0
vt 0.27096590399742126 0.73608899116516113 0
vt 0.27307698130607605 0.73793578147888184 0
vt 0.27485948801040649 0.74011069536209106 0
vt 0.27626568078994751 0.742545485496521 0
vt 0.27719965577125549 0.74518072605133057 0
vt 0.24058444797992706 0.92800742387771606 0
vt 0.23898588120937347 0.92652606964111328 0
vt 0.25374284386634827 0.96574223041534424 0
vt 0.2540346086025238 0.96355146169662476 0
vt 0.2543143630027771 0.96126788854598999 0
vt 0.25444421172142029 0.95897555351257324 0
vt 0.25452062487602234 0.95662808418273926 0
vt 0.25440424680709839 0.95428669452667236 0
vt 0.25413349270820618 0.95193606615066528 0
vt 0.25377583503723145 0.94958645105361938 0
vt 0.25317400693893433 0.94728571176528931 0
vt 0.25247734785079956 0.94500285387039185 0
vt 0.25161963701248169 0.94277811050415039 0
vt 0.25061836838722229 0.94062244892120361 0
vt 0.24948616325855255 0.93854451179504395 0
vt 0.24823629856109619 0.93654716014862061 0
vt 0.24681305885314941 0.93467080593109131 0
vt 0.24536013603210449 0.93286216259002686 0
vt 0.24383580684661865 0.93115192651748657 0
vt 0.24220578372478485 0.92953747510910034 0
vt 0.24453529715538025 0.92274749279022217 0
vt 0.24216443300247192 0.92155826091766357 0
vt 0.26004716753959656 0.96737182140350342 0
vt 0.26088139414787292 0.96484375 0
vt 0.26147863268852234 0.9622078537940979 0
vt 0.26179277896881104 0.95942920446395874 0
vt 0.26188415288925171 0.95661216974258423 0
vt 0.26186525821685791 0.95377755165100098 0
vt 0.26153886318206787 0.95092850923538208 0
vt 0.26113292574882507 0.94808542728424072 0
vt 0.2604275643825531 0.94528287649154663 0
vt 0.2595461905002594 0.9425358772277832 0
vt 0.25848278403282166 0.93985873460769653 0
vt 0.25733709335327148 0.93721497058868408 0
vt 0.25591686367988586 0.93472307920455933 0
vt 0.25442159175872803 0.93228048086166382 0
vt 0.25270003080368042 0.93003720045089722 0
vt 0.25083759427070618 0.92794567346572876 0
vt 0.24887721240520477 0.9259570837020874 0
vt 0.24677617847919464 0.92426198720932007 0
vt 0.24915462732315063 0.90993648767471313 0
vt 0.24471384286880493 0.90844792127609253 0
vt 0.27156805992126465 0.97468149662017822 0
vt 0.27346110343933105 0.97052723169326782 0
vt 0.27471506595611572 0.96629595756530762 0
vt 0.27555140852928162 0.96212738752365112 0
vt 0.27599003911018372 0.95797836780548096 0
vt 0.27593278884887695 0.95383721590042114 0
vt 0.27568584680557251 0.94977736473083496 0
vt 0.2749820351600647 0.94578534364700317 0
vt 0.2741411030292511 0.94185328483581543 0
vt 0.27301955223083496 0.93799179792404175 0
vt 0.271625816822052 0.93420898914337158 0
vt 0.26982727646827698 0.93058723211288452 0
vt 0.26788565516471863 0.92700618505477905 0
vt 0.26554492115974426 0.92364770174026489 0
vt 0.26300212740898132 0.92035084962844849 0
vt 0.26011526584625244 0.91724884510040283 0
vt 0.25683626532554626 0.9144940972328186 0
vt 0.25319227576255798 0.91195809841156006 0
vt 0.13000425696372986 0.88303810358047485 0
vt 0.13253548741340637 0.87856727838516235 0
vt 0.13632470369338989 0.87509733438491821 0
vt 0.14100036025047302 0.87296777963638306 0
vt 0.1461053192615509 0.8723875880241394 0
vt 0.15113937854766846 0.87341398000717163 0
vt 0.15561030805110931 0.87594538927078247 0
vt 0.15908022224903107 0.8797343373298645 0
vt 0.16120952367782593 0.88441044092178345 0
vt 0.16178923845291138 0.88951462507247925 0
vt 0.16076385974884033 0.89454907178878784 0
vt 0.15823228657245636 0.89901965856552124 0
vt 0.15444324910640717 0.90248996019363403 0
vt 0.14976760745048523 0.90461879968643188 0
vt 0.14466264843940735 0.90519922971725464 0
vt 0.13962832093238831 0.90417307615280151 0
vt 0.13515734672546387 0.90164178609848022 0
vt 0.13168743252754211 0.89785259962081909 0
vt 0.1295585036277771 0.8931768536567688 0
vt 0.128978431224823 0.8880724310874939 0
vt 0.15492409467697144 0.96339064836502075 0
vt 0.15875694155693054 0.95967411994934082 0
vt 0.16133914887905121 0.95496922731399536 0
vt 0.16227063536643982 0.94967705011367798 0
vt 0.16146959364414215 0.9443899393081665 0
vt 0.15912735462188721 0.93959051370620728 0
vt 0.15540827810764313 0.93574506044387817 0
vt 0.15065337717533112 0.93324571847915649 0
vt 0.14536209404468536 0.93241792917251587 0
vt 0.14010642468929291 0.93320035934448242 0
vt 0.135316401720047 0.93550080060958862 0
vt 0.13148215413093567 0.93922263383865356 0
vt 0.12893135845661163 0.94392931461334229 0
vt 0.12801279127597809 0.94919294118881226 0
vt 0.12862105667591095 0.95452475547790527 0
vt 0.13105429708957672 0.95931947231292725 0
vt 0.13484653830528259 0.9630926251411438 0
vt 0.13956190645694733 0.96559423208236694 0
vt 0.14483697712421417 0.96653151512145996 0
vt 0.15016433596611023 0.96583563089370728 0
vt 0.15789338946342468 0.96760892868041992 0
vt 0.16281318664550781 0.96269494295120239 0
vt 0.16608276963233948 0.95658200979232788 0
vt 0.16725189983844757 0.94974476099014282 0
vt 0.16633273661136627 0.94286680221557617 0
vt 0.16328200697898865 0.93661832809448242 0
vt 0.15835152566432953 0.93172526359558105 0
vt 0.1522296816110611 0.92855888605117798 0
vt 0.14541661739349365 0.92733752727508545 0
vt 0.1386096328496933 0.92833995819091797 0
vt 0.13246963918209076 0.93141520023345947 0
vt 0.12749730050563812 0.9361717700958252 0
vt 0.12415869534015656 0.94223940372467041 0
vt 0.12287206947803497 0.94907760620117188 0
vt 0.12390772998332977 0.95594555139541626 0
vt 0.12690639495849609 0.96221458911895752 0
vt 0.13176514208316803 0.96720784902572632 0
vt 0.13795135915279388 0.9704132080078125 0
vt 0.14480145275592804 0.97156041860580444 0
vt 0.15161828696727753 0.97052669525146484 0
vt 0.16071484982967377 0.97159385681152344 0
vt 0.16682149469852448 0.96574991941452026 0
vt 0.17083121836185455 0.95827853679656982 0
vt 0.17232678830623627 0.94988757371902466 0
vt 0.17131313681602478 0.94133579730987549 0
vt 0.16726677119731903 0.93375271558761597 0
vt 0.16142146289348602 0.92751157283782959 0
vt 0.15378020703792572 0.92374986410140991 0
vt 0.14547649025917053 0.92243707180023193 0
vt 0.1370556503534317 0.92337226867675781 0
vt 0.12951754033565521 0.92728579044342041 0
vt 0.12347501516342163 0.93314820528030396 0
vt 0.11956647038459778 0.94057315587997437 0
vt 0.11784270405769348 0.94888037443161011 0
vt 0.11887717247009277 0.95746153593063354 0
vt 0.1228000819683075 0.96517664194107056 0
vt 0.12881696224212646 0.97127383947372437 0
vt 0.13640090823173523 0.97504943609237671 0
vt 0.14469778537750244 0.97660195827484131 0
vt 0.15315145254135132 0.97552484273910522 0
vt 0.19371886551380157 0.97045505046844482 0
vt 0.18795247375965118 0.96585392951965332 0
vt 0.18386171758174896 0.95969754457473755 0
vt 0.18189831078052521 0.95255923271179199 0
vt 0.18221770226955414 0.94515073299407959 0
vt 0.18493153154850006 0.93825006484985352 0
vt 0.18953485786914825 0.93243616819381714 0
vt 0.19572471082210541 0.92832475900650024 0
vt 0.20291520655155182 0.9264342188835144 0
vt 0.21032826602458954 0.9268384575843811 0
vt 0.21722425520420074 0.92954003810882568 0
vt 0.22293327748775482 0.93422317504882813 0
vt 0.22689180076122284 0.94043225049972534 0
vt 0.22882546484470367 0.94753009080886841 0
vt 0.22848246991634369 0.95488137006759644 0
vt 0.2257903665304184 0.96172159910202026 0
vt 0.22116591036319733 0.96741610765457153 0
vt 0.21500958502292633 0.9713895320892334 0
vt 0.20794789493083954 0.97336232662200928 0
vt 0.20060880482196808 0.97305005788803101 0
vt 0.19548134505748749 0.96725678443908691 0
vt 0.19062496721744537 0.9633515477180481 0
vt 0.18715660274028778 0.95815563201904297 0
vt 0.18552960455417633 0.9521172046661377 0
vt 0.18587817251682281 0.94588226079940796 0
vt 0.18803687393665314 0.94001305103302002 0
vt 0.19198589026927948 0.93512916564941406 0
vt 0.19724301993846893 0.93175286054611206 0
vt 0.20326291024684906 0.93008160591125488 0
vt 0.20952077209949493 0.93038445711135864 0
vt 0.2153523713350296 0.93267136812210083 0
vt 0.22020180523395538 0.93662017583847046 0
vt 0.22363398969173431 0.94184839725494385 0
vt 0.22519402205944061 0.9478948712348938 0
vt 0.22481776773929596 0.95408362150192261 0
vt 0.22262196242809296 0.95986461639404297 0
vt 0.2187419980764389 0.96470791101455688 0
vt 0.21354882419109344 0.96814835071563721 0
vt 0.20752520859241486 0.96974742412567139 0
vt 0.20130066573619843 0.96948057413101196 0
vt 0.19743023812770844 0.9638211727142334 0
vt 0.19349516928195953 0.96072119474411011 0
vt 0.19080348312854767 0.95650827884674072 0
vt 0.18945716321468353 0.95169031620025635 0
vt 0.1896919459104538 0.94667363166809082 0
vt 0.19143827259540558 0.94194704294204712 0
vt 0.19461981952190399 0.93804073333740234 0
vt 0.1988515704870224 0.93532150983810425 0
vt 0.20368944108486176 0.93402159214019775 0
vt 0.20867665112018585 0.93430173397064209 0
vt 0.21334628760814667 0.93607759475708008 0
vt 0.21724705398082733 0.93922078609466553 0
vt 0.21999673545360565 0.94341129064559937 0
vt 0.22126184403896332 0.94825178384780884 0
vt 0.22100450098514557 0.95324128866195679 0
vt 0.21924270689487457 0.95792371034622192 0
vt 0.21609194576740265 0.96181219816207886 0
vt 0.2119038850069046 0.96454131603240967 0
vt 0.20707549154758453 0.96582168340682983 0
vt 0.20210091769695282 0.96555989980697632 0
vt 0.19962577521800995 0.95992022752761841 0
vt 0.19682587683200836 0.95766466856002808 0
vt 0.19486890733242035 0.95464074611663818 0
vt 0.19392524659633636 0.95116603374481201 0
vt 0.19411318004131317 0.9475700855255127 0
vt 0.19535167515277863 0.94418466091156006 0
vt 0.19764374196529388 0.94140291213989258 0
vt 0.20065708458423615 0.93942385911941528 0
vt 0.20413701236248016 0.93847578763961792 0
vt 0.20773281157016754 0.93869692087173462 0
vt 0.21111001074314117 0.9399530291557312 0
vt 0.21390341222286224 0.94222873449325562 0
vt 0.21585078537464142 0.94525039196014404 0
vt 0.21680857241153717 0.94871360063552856 0
vt 0.21659670770168304 0.95230334997177124 0
vt 0.21534772217273712 0.95567554235458374 0
vt 0.2130664736032486 0.9584507942199707 0
vt 0.21006639301776886 0.96042454242706299 0
vt 0.20659779012203217 0.96137070655822754 0
vt 0.20300497114658356 0.96116000413894653 0
vt 0.20147551596164703 0.95669126510620117 0
vt 0.19957713782787323 0.95516592264175415 0
vt 0.1982450932264328 0.95312243700027466 0
vt 0.19760714471340179 0.95076572895050049 0
vt 0.1977258175611496 0.94832533597946167 0
vt 0.19858317077159882 0.94603687524795532 0
vt 0.20012430846691132 0.94414204359054565 0
vt 0.20217172801494598 0.94281125068664551 0
vt 0.20452643930912018 0.94216716289520264 0
vt 0.20696799457073212 0.94230294227600098 0
vt 0.20924891531467438 0.94317185878753662 0
vt 0.21114365756511688 0.94470822811126709 0
vt 0.21247236430644989 0.9467548131942749 0
vt 0.21310810744762421 0.94910627603530884 0
vt 0.21298034489154816 0.95153999328613281 0
vt 0.21211527287960052 0.95381420850753784 0
vt 0.21058009564876556 0.95570129156112671 0
vt 0.20854441821575165 0.95703554153442383 0
vt 0.2061944454908371 0.95767468214035034 0
vt 0.2037598043680191 0.95755034685134888 0
vt 0.20294912159442902 0.95411425828933716 0
vt 0.20177172124385834 0.95316809415817261 0
vt 0.20094667375087738 0.95190209150314331 0
vt 0.20055003464221954 0.95044165849685669 0
vt 0.20062457025051117 0.94893056154251099 0
vt 0.20116172730922699 0.9475167989730835 0
vt 0.20211224257946014 0.94634073972702026 0
vt 0.20338024199008942 0.94551628828048706 0
vt 0.20483992993831635 0.94512051343917847 0
vt 0.20634983479976654 0.94519823789596558 0
vt 0.20776252448558807 0.94573831558227539 0
vt 0.20893837511539459 0.94668793678283691 0
vt 0.20976214110851288 0.94795602560043335 0
vt 0.21015612781047821 0.94941389560699463 0
vt 0.210079625248909 0.95092141628265381 0
vt 0.20954145491123199 0.95233118534088135 0
vt 0.20859210193157196 0.95350521802902222 0
vt 0.20732809603214264 0.95433121919631958 0
vt 0.20587088167667389 0.95472496747970581 0
vt 0.20436231791973114 0.95464920997619629 0
vt 0.20430703461170197 0.95174336433410645 0
vt 0.20379556715488434 0.95133161544799805 0
vt 0.20343632996082306 0.95078116655349731 0
vt 0.20326469838619232 0.95014750957489014 0
vt 0.20329715311527252 0.94949072599411011 0
vt 0.20353133976459503 0.94887733459472656 0
vt 0.20394407212734222 0.94836658239364624 0
vt 0.20449440181255341 0.94800782203674316 0
vt 0.20512880384922028 0.94783687591552734 0
vt 0.2057846337556839 0.94787019491195679 0
vt 0.20639850199222565 0.94810420274734497 0
vt 0.20690958201885223 0.94851619005203247 0
vt 0.20726798474788666 0.94906646013259888 0
vt 0.20743902027606964 0.94970089197158813 0
vt 0.20740585029125214 0.95035618543624878 0
vt 0.20717190206050873 0.95096921920776367 0
vt 0.20675994455814362 0.95147991180419922 0
vt 0.2062099426984787 0.95183819532394409 0
vt 0.20557628571987152 0.95200961828231812 0
vt 0.20492063462734222 0.95197725296020508 0
vt 0.93065857887268066 0.56060588359832764 0
vt 0.91521346569061279 0.5353473424911499 0
vt 0.89270991086959839 0.51609623432159424 0
vt 0.86534154415130615 0.50474661588668823 0
vt 0.83582377433776855 0.50240594148635864 0
vt 0.80703973770141602 0.50930345058441162 0
vt 0.7817765474319458 0.52475988864898682 0
vt 0.76251912117004395 0.54726970195770264 0
vt 0.75117254257202148 0.57461643218994141 0
vt 0.74883538484573364 0.60412144660949707 0
vt 0.75573074817657471 0.63291162252426147 0
vt 0.77117645740509033 0.65818387269973755 0
vt 0.79367834329605103 0.67742925882339478 0
vt 0.82102710008621216 0.68877130746841431 0
vt 0.85054421424865723 0.69111871719360352 0
vt 0.87934386730194092 0.6842350959777832 0
vt 0.90459972620010376 0.66877567768096924 0
vt 0.92385423183441162 0.64628010988235474 0
vt 0.9352073073387146 0.61893004179000854 0
vt 0.93754059076309204 0.58940315246582031 0
vt 0.94646507501602173 0.55407959222793579 0
vt 0.92827391624450684 0.52423858642578125 0
vt 0.90169382095336914 0.50149077177047729 0
vt 0.86935907602310181 0.48802748322486877 0
vt 0.83447855710983276 0.48535796999931335 0
vt 0.80050784349441528 0.49345099925994873 0
vt 0.77062857151031494 0.51166802644729614 0
vt 0.7478979229927063 0.53831160068511963 0
vt 0.73449885845184326 0.57062041759490967 0
vt 0.73178642988204956 0.6054537296295166 0
vt 0.73984211683273315 0.63948363065719604 0
vt 0.75814235210418701 0.66932427883148193 0
vt 0.78473925590515137 0.69200736284255981 0
vt 0.81700259447097778 0.70543819665908813 0
vt 0.85188233852386475 0.70826190710067749 0
vt 0.88591164350509644 0.70007419586181641 0
vt 0.91573673486709595 0.6818116307258606 0
vt 0.93842542171478271 0.65523076057434082 0
vt 0.95187240839004517 0.62296271324157715 0
vt 0.95468324422836304 0.58807390928268433 0
vt 0.48250198364257813 0.10133201628923416 0
vt 0.45847597718238831 0.10378134995698929 0
vt 0.43437433242797852 0.1051403284072876 0
vt 0.41024485230445862 0.10531552881002426 0
vt 0.38614457845687866 0.10420246422290802 0
vt 0.36212486028671265 0.10198599845170975 0
vt 0.33825305104255676 0.098522350192070007 0
vt 0.3145892322063446 0.093854062259197235 0
vt 0.2911888062953949 0.087990857660770416 0
vt 0.2680722177028656 0.081038430333137512 0
vt 0.24534282088279724 0.072878725826740265 0
vt 0.22299559414386749 0.06366342306137085 0
vt 0.20109918713569641 0.053376335650682449 0
vt 0.17972730100154877 0.041970238089561462 0
vt 0.15900050103664398 0.02929491363465786 0
vt 0.1393410712480545 0.014975395984947681 0
vt 0.57653641700744629 0.079069659113883972 0
vt 0.55347138643264771 0.086577251553535461 0
vt 0.53006148338317871 0.092756599187850952 0
vt 0.50639075040817261 0.09770144522190094 0
vt 0.48197770118713379 0.097223922610282898 0
vt 0.45814695954322815 0.099616847932338715 0
vt 0.43424689769744873 0.10100077837705612 0
vt 0.41032871603965759 0.10120941698551178 0
vt 0.3864348828792572 0.10003598779439926 0
vt 0.36261731386184692 0.09787161648273468 0
vt 0.3389536440372467 0.094440184533596039 0
vt 0.3154834508895874 0.08984743058681488 0
vt 0.29228448867797852 0.083998225629329681 0
vt 0.26936382055282593 0.077101260423660278 0
vt 0.24682796001434326 0.069013059139251709 0
vt 0.22468201816082001 0.059840921312570572 0
vt 0.202961266040802 0.049678415060043335 0
vt 0.1817900538444519 0.038420334458351135 0
vt 0.16139057278633118 0.025914384052157402 0
vt 0.14237222075462341 0.012000000104308128 0
vt 0.57500588893890381 0.07520940899848938 0
vt 0.55227571725845337 0.082612991333007813 0
vt 0.52910697460174561 0.088727183640003204 0
vt 0.50566107034683228 0.093659892678260803 0
vt 0.75323569774627686 0.22832740843296051 0
vt 0.052084077149629593 0.52319532632827759 0
vt 0.27364015579223633 0.76210188865661621 0
vt 0.78709715604782104 0.24169330298900604 0
vt 0.04957890510559082 0.52319532632827759 0
vt 0.41575351357460022 0.988819420337677 0
vt 0.28203737735748291 0.76210188865661621 0
vt 0.76555728912353516 0.02128450945019722 0
vt 0.019515831023454666 0.52319532632827759 0
vt 0.2620527446269989 0.78730607032775879 0
vt 0.52385979890823364 0.95947593450546265 0
vt 0.72506862878799438 0.20522786676883698 0
vt 0.054589312523603439 0.52319532632827759 0
vt 0.26524120569229126 0.76210188865661621 0
vt 0.70550185441970825 0.17448852956295013 0
vt 0.057094670832157135 0.52319532632827759 0
vt 0.25684404373168945 0.76210188865661621 0
vt 0.48761364817619324 0.83332091569900513 0
vt 0.69638711214065552 0.13923792541027069 0
vt 0.59916603565216064 0.069764800369739532 0
vt 0.059599906206130981 0.52319532632827759 0
vt 0.012000000104308128 0.98799997568130493 0
vt 0.48455822467803955 0.83755290508270264 0
vt 0.6986050009727478 0.10292550921440125 0
vt 0.062105141580104828 0.52319532632827759 0
vt 0.012000000104308128 0.52319532632827759 0
vt 0.48034495115280151 0.84063327312469482 0
vt 0.28891414403915405 0.78730607032775879 0
vt 0.71191269159317017 0.069102063775062561 0
vt 0.014505297876894474 0.52319532632827759 0
vt 0.27996042370796204 0.78730607032775879 0
vt 0.73493683338165283 0.040967348963022232 0
vt 0.017010532319545746 0.52319532632827759 0
vt 0.27100646495819092 0.78730607032775879 0
vt 0.80081391334533691 0.012000000104308128 0
vt 0.44294548034667969 0.35502037405967712 0
vt 0.022021066397428513 0.52319532632827759 0
vt 0.52789425849914551 0.95508158206939697 0
vt 0.2721526026725769 0.81526201963424683 0
vt 0.83728325366973877 0.014065496623516083 0
vt 0.46626430749893188 0.35295799374580383 0
vt 0.024526301771402359 0.52319532632827759 0
vt 0.26513594388961792 0.81526201963424683 0
vt 0.87129038572311401 0.027436139062047005 0
vt 0.48947319388389587 0.34989777207374573 0
vt 0.02703159861266613 0.52319532632827759 0
vt 0.25811949372291565 0.81526201963424683 0
vt 0.89944827556610107 0.050652995705604553 0
vt 0.51252949237823486 0.34584543108940125 0
vt 0.029536833986639977 0.52319532632827759 0
vt 0.25110292434692383 0.81526201963424683 0
vt 0.91909343004226685 0.081380531191825867 0
vt 0.53539103269577026 0.34080827236175537 0
vt 0.032042007893323898 0.52319532632827759 0
vt 0.92827051877975464 0.1166859045624733 0
vt 0.55801552534103394 0.33479571342468262 0
vt 0.034547243267297745 0.52319532632827759 0
vt 0.92610627412796021 0.15311673283576965 0
vt 0.12883971631526947 0.28034022450447083 0
vt 0.03705260157585144 0.52319532632827759 0
vt 0.91269397735595703 0.18703867495059967 0
vt 0.1492455005645752 0.29181259870529175 0
vt 0.88955676555633545 0.21520470082759857 0
vt 0.17012453079223633 0.30239969491958618 0
vt 0.85880672931671143 0.2348666787147522 0
vt 0.19143818318843842 0.31208193302154541 0
vt 0.82346540689468384 0.24394755065441132 0
vt 0.21314732730388641 0.32084152102470398 0
vt 0.042063072323799133 0.52319532632827759 0
vt 0.24061092734336853 0.78733372688293457 0
vt 0.039557836949825287 0.52319532632827759 0
vt 0.2492886483669281 0.78733372688293457 0
vt 0.04456830769777298 0.52319532632827759 0
vt 0.23193299770355225 0.78733372688293457 0
vt 0.047073543071746826 0.52319532632827759 0
vt 0.22325477004051208 0.78733372688293457 0
vt 0.41128489375114441 0.99200522899627686 0
vt 0.24408650398254395 0.81526201963424683 0
vt 0.32393178343772888 0.80734807252883911 0
vt 0.31494951248168945 0.81552910804748535 0
vt 0.25796648859977722 0.78733372688293457 0
vt 0.32007768750190735 0.81215983629226685 0
vt 0.30212980508804321 0.82877177000045776 0
vt 0.33803439140319824 0.7958141565322876 0
vt 0.33289077877998352 0.79919284582138062 0
vt 0.24408650398254395 0.82906287908554077 0
vt 0.25796648859977722 0.80440288782119751 0
vt 0.30594518780708313 0.82383209466934204 0
vt 0.2492886483669281 0.80440288782119751 0
vt 0.24061092734336853 0.80440288782119751 0
vt 0.23193299770355225 0.80440288782119751 0
vt 0.4267197847366333 0.97684288024902344 0
vt 0.40358370542526245 0.9995695948600769 0
vt 0.22325477004051208 0.80440288782119751 0
vt 0.28203737735748291 0.77862012386322021 0
vt 0.42345446348190308 0.98125416040420532 0
vt 0.27364015579223633 0.77862012386322021 0
vt 0.26524120569229126 0.77862012386322021 0
vt 0.49485167860984802 0.82604056596755981 0
vt 0.25684404373168945 0.77862012386322021 0
vt 0.47005218267440796 0.85214525461196899 0
vt 0.49906536936759949 0.82295984029769897 0
vt 0.28891414403915405 0.80491757392883301 0
vt 0.47310692071914673 0.84791350364685059 0
vt 0.27996042370796204 0.80491757392883301 0
vt 0.27100646495819092 0.80491757392883301 0
vt 0.51467025279998779 0.96677142381668091 0
vt 0.2620527446269989 0.80491757392883301 0
vt 0.2721526026725769 0.82906287908554077 0
vt 0.50947725772857666 0.96970242261886597 0
vt 0.5370827317237854 0.94778639078140259 0
vt 0.26513594388961792 0.82906287908554077 0
vt 0.25811949372291565 0.82906287908554077 0
vt 0.29265123605728149 0.75159710645675659 0
vt 0.25110292434692383 0.82906287908554077 0
vt 0.28002470731735229 0.75108754634857178 0
vt 0.4568152129650116 0.98169535398483276 0
vt 0.4610687792301178 0.97112202644348145 0
vt 0.46494922041893005 0.96629434823989868 0
vt 0.47908568382263184 0.95474076271057129 0
vt 0.44285443425178528 0.98572874069213867 0
vt 0.47393885254859924 0.95812129974365234 0
vt 0.28327783942222595 0.85396295785903931 0
vt 0.2788093090057373 0.85714900493621826 0
vt 0.29097878932952881 0.84639763832092285 0
vt 0.27110841870307922 0.86471414566040039 0
vt 0.29424425959587097 0.84198671579360962 0
vt 0.61100912094116211 0.96325653791427612 0
vt 0.61406445503234863 0.95902496576309204 0
vt 0.62130182981491089 0.95174407958984375 0
vt 0.62551569938659668 0.94866377115249634 0
vt 0.59650248289108276 0.97784882783889771 0
vt 0.60679531097412109 0.96633684635162354 0
vt 0.59955805540084839 0.97361737489700317 0
vt 0.4001384973526001 0.79416835308074951 0
vt 0.39610534906387329 0.79856157302856445 0
vt 0.38172221183776855 0.80878990888595581 0
vt 0.40932798385620117 0.78687268495559692 0
vt 0.38691598176956177 0.80585801601409912 0
vt 0.24527886509895325 0.75279760360717773 0
vt 0.23354838788509369 0.93015754222869873 0
vt 0.24685649573802948 0.96853011846542358 0
vt 0.2350669801235199 0.93202143907546997 0
vt 0.24689193069934845 0.9660685658454895 0
vt 0.24706563353538513 0.96373564004898071 0
vt 0.24718558788299561 0.96152472496032715 0
vt 0.24735796451568604 0.95935869216918945 0
vt 0.24733386933803558 0.95726680755615234 0
vt 0.24732750654220581 0.95519924163818359 0
vt 0.24721208214759827 0.95317208766937256 0
vt 0.24682845175266266 0.95121604204177856 0
vt 0.2464677095413208 0.94925886392593384 0
vt 0.24583221971988678 0.94738638401031494 0
vt 0.24507319927215576 0.94555318355560303 0
vt 0.24418708682060242 0.94376444816589355 0
vt 0.24317288398742676 0.94202595949172974 0
vt 0.24202974140644073 0.94033598899841309 0
vt 0.24088004231452942 0.93863266706466675 0
vt 0.23950546979904175 0.93702411651611328 0
vt 0.23803935945034027 0.93541508913040161 0
vt 0.23658192157745361 0.93374824523925781 0
vt 0.25342386960983276 0.96792501211166382 0
vt 0.25894907116889954 0.96974653005599976 0
vt 0.26898202300071716 0.9785730242729187 0
vt 0.12831997871398926 0.87521165609359741 0
vt 0.12495774030685425 0.88114959001541138 0
vt 0.13335195183753967 0.87060326337814331 0
vt 0.1395619809627533 0.86777621507644653 0
vt 0.14634186029434204 0.86700540781021118 0
vt 0.15302757918834686 0.86836808919906616 0
vt 0.15896572172641754 0.87172955274581909 0
vt 0.16357409954071045 0.87676185369491577 0
vt 0.16640141606330872 0.88297182321548462 0
vt 0.16717219352722168 0.88975149393081665 0
vt 0.16580945253372192 0.89643758535385132 0
vt 0.16244810819625854 0.90237563848495483 0
vt 0.15741582214832306 0.90698403120040894 0
vt 0.15120583772659302 0.90981167554855347 0
vt 0.14442598819732666 0.91058164834976196 0
vt 0.13773995637893677 0.90922015905380249 0
vt 0.13180181384086609 0.90585786104202271 0
vt 0.12719312310218811 0.90082579851150513 0
vt 0.12436556816101074 0.89461559057235718 0
vt 0.1235954761505127 0.88783556222915649 0
vt 0.15214882791042328 0.95470404624938965 0
vt 0.15014971792697906 0.95659834146499634 0
vt 0.15341810882091522 0.95226335525512695 0
vt 0.15393117070198059 0.94957250356674194 0
vt 0.15351015329360962 0.94686347246170044 0
vt 0.1523309201002121 0.94439810514450073 0
vt 0.1503986120223999 0.94245737791061401 0
vt 0.14798365533351898 0.94116967916488647 0
vt 0.14527781307697296 0.94070082902908325 0
vt 0.14255651831626892 0.94112759828567505 0
vt 0.14006772637367249 0.94231283664703369 0
vt 0.13809420168399811 0.94423538446426392 0
vt 0.13680604100227356 0.94666165113449097 0
vt 0.13633346557617188 0.94935876131057739 0
vt 0.13672296702861786 0.95205175876617432 0
vt 0.13790537416934967 0.95450705289840698 0
vt 0.13981200754642487 0.95647233724594116 0
vt 0.14223809540271759 0.95777076482772827 0
vt 0.14495451748371124 0.95820873975753784 0
vt 0.1476714015007019 0.95778751373291016 0
vt 0.18476341664791107 0.968852698802948 0
vt 0.19161297380924225 0.97429043054580688 0
vt 0.17990593612194061 0.96155679225921631 0
vt 0.1775548905134201 0.95309180021286011 0
vt 0.17794181406497955 0.94430375099182129 0
vt 0.18110524117946625 0.9361000657081604 0
vt 0.18657194077968597 0.92922329902648926 0
vt 0.19392536580562592 0.92435294389724731 0
vt 0.2024659663438797 0.92207998037338257 0
vt 0.2112666517496109 0.92257052659988403 0
vt 0.21944724023342133 0.92577219009399414 0
vt 0.22620661556720734 0.93132466077804565 0
vt 0.23090429604053497 0.93866544961929321 0
vt 0.23317672312259674 0.94707131385803223 0
vt 0.23275212943553925 0.95578807592391968 0
vt 0.22958536446094513 0.96391737461090088 0
vt 0.2241043895483017 0.97065865993499756 0
vt 0.21683470904827118 0.97537797689437866 0
vt 0.20848126709461212 0.97770297527313232 0
vt 0.19978757202625275 0.97734355926513672 0
vt 0.45827183127403259 0.58421492576599121 0
vt 0.49140244722366333 0.58128476142883301 0
vt 0.47571974992752075 0.32672974467277527 0
vt 0.51058489084243774 0.32307618856430054 0
vt 0.52437692880630493 0.57693696022033691 0
vt 0.44069755077362061 0.32859316468238831 0
vt 0.55713462829589844 0.57117944955825806 0
vt 0.40561121702194214 0.32872086763381958 0
vt 0.5896155834197998 0.56402283906936646 0
vt 0.37055176496505737 0.32718408107757568 0
vt 0.62175977230072021 0.55548036098480225 0
vt 0.33561179041862488 0.32384851574897766 0
vt 0.65350812673568726 0.54556769132614136 0
vt 0.30086800456047058 0.31885936856269836 0
vt 0.040992029011249542 0.49441128969192505 0
vt 0.26641181111335754 0.31215840578079224 0
vt 0.070656254887580872 0.50945311784744263 0
vt 0.23233652114868164 0.3037605881690979 0
vt 0.10093805938959122 0.5232093334197998 0
vt 0.19875968992710114 0.29362273216247559 0
vt 0.13178177177906036 0.53565466403961182 0
vt 0.16571567952632904 0.28191375732421875 0
vt 0.16313068568706512 0.54676622152328491 0
vt 0.13334448635578156 0.26854044198989868 0
vt 0.19492714107036591 0.55652368068695068 0
vt 0.10169824957847595 0.25360158085823059 0
vt 0.22711269557476044 0.56490892171859741 0
vt 0.070870518684387207 0.23713511228561401 0
vt 0.25962811708450317 0.57190656661987305 0
vt 0.040969047695398331 0.21921873092651367 0
vt 0.2924136221408844 0.57750391960144043 0
vt 0.012000000104308128 0.19994725286960602 0
vt 0.67925500869750977 0.27980035543441772 0
vt 0.32540902495384216 0.58169049024581909 0
vt 0.64670389890670776 0.29165053367614746 0
vt 0.35855358839035034 0.58445870876312256 0
vt 0.61337453126907349 0.30199268460273743 0
vt 0.39178633689880371 0.5858033299446106 0
vt 0.57950890064239502 0.31068974733352661 0
vt 0.42504611611366272 0.58572202920913696 0
vt 0.54520821571350098 0.31770065426826477 0
vt 0.23521213233470917 0.32866236567497253 0
vt 0.25759187340736389 0.33553004264831543 0
vt 0.28024545311927795 0.34143194556236267 0
vt 0.30313122272491455 0.34635722637176514 0
vt 0.59692943096160889 0.066182143986225128 0
vt 0.32620710134506226 0.35029685497283936 0
vt 0.34943076968193054 0.35324355959892273 0
vt 0.37275934219360352 0.3551919162273407 0
vt 0.39615005254745483 0.35613837838172913 0
vt 0.41955974698066711 0.35608115792274475 0
vt 0.012000000104308128 0.47811159491539001 0
vt 0.58036148548126221 0.32781866192817688 0
#end 898 textures vertices 

#begin 1885 normals 
vn 0 -1 0
vn 0 -1 0
vn 0 -1 0
vn 0 -1 0
vn 0 -1 0
vn 0 -1 0
vn 0 -1 0
vn 0 -1 0
vn 0 -1 0
vn 0 -1 0
vn 0 -1 0
vn 0 -1 0
vn 0 -1 0
vn 0 -1 0
vn 0 -1 0
vn 0 -1 0
vn 0 -1 -0
vn 0 -1 -0
vn 0 -1 -0
vn 0 -1 -0
vn 0 -1 0
vn 0 -1 0
vn 0 -1 0
vn 0 -1 0
vn 0 -1 0
vn 0 -1 0
vn 0 -1 0
vn 0 -1 0
vn 0 -1 0
vn 0 -1 -0
vn 0 -1 0
vn 0 -1 0
vn 0 -1 0
vn 0 -1 0
vn 0 -1 -0
vn 0 -1 -0
vn 0 -1 -0
vn 0 -1 -0
vn 0 -1 0
vn 0 -1 0
vn 0 -1 0
vn 0 -1 0
vn 0 -1 0
vn 0 -1 0
vn 0 -1 0
vn 0 -1 0
vn 0 -1 0
vn 0 -1 0
vn 0 -1 0
vn 0 -1 0
vn 0 -1 0
vn 0 -1 0
vn 0 -1 0
vn 0 -1 0
vn 0 -1 0
vn 0 -1 0
vn 0 -1 0
vn 0 -1 0
vn 0 -1 0
vn 0 -1 0
vn 0 -1 0
vn 0 -1 0
vn 0 -1 0
vn 0 -1 0
vn 0 -1 0
vn 0 -1 0
vn 0 -1 0
vn 0 -1 0
vn 0 -1 0
vn 0 -1 0
vn 0 -1 0
vn 0 -1 0
vn 0 -1 0
vn 0 -1 0
vn 0 -1 0
vn 0 -1 0
vn 0 -1 0
vn 0 -1 0
vn 0 -1 0
vn 0 -1 0
vn 0.78424899999999997 -0.56570399999999998 -0.25481700000000002
vn 0.66712099999999996 -0.56570600000000004 -0.48469200000000001
vn 0.66712099999999996 -0.56570600000000004 -0.48469200000000001
vn 0.78424899999999997 -0.56570399999999998 -0.25481700000000002
vn 0.48469200000000001 -0.56570500000000001 -0.66712199999999999
vn 0.48469200000000001 -0.56570500000000001 -0.66712199999999999
vn 0.25481799999999999 -0.56570500000000001 -0.78424899999999997
vn 0.25481799999999999 -0.56570500000000001 -0.78424899999999997
vn -0 -0.56570500000000001 -0.82460800000000001
vn -0 -0.56570500000000001 -0.82460800000000001
vn -0.25481799999999999 -0.56570500000000001 -0.78424799999999995
vn -0.25481799999999999 -0.56570500000000001 -0.78424799999999995
vn -0.48469200000000001 -0.56570600000000004 -0.66712099999999996
vn -0.48469200000000001 -0.56570500000000001 -0.66712099999999996
vn -0.66712099999999996 -0.56570600000000004 -0.48469200000000001
vn -0.66712099999999996 -0.56570600000000004 -0.48469200000000001
vn -0.78424799999999995 -0.56570600000000004 -0.25481799999999999
vn -0.78424799999999995 -0.56570600000000004 -0.25481799999999999
vn -0.82460699999999998 -0.56570600000000004 -0
vn -0.82460699999999998 -0.56570600000000004 -0
vn -0.78424799999999995 -0.56570600000000004 0.25481799999999999
vn -0.78424799999999995 -0.56570600000000004 0.25481799999999999
vn -0.66712099999999996 -0.56570600000000004 0.48469200000000001
vn -0.66712099999999996 -0.56570600000000004 0.48469200000000001
vn -0.48469200000000001 -0.56570600000000004 0.66712099999999996
vn -0.48469200000000001 -0.56570600000000004 0.66712099999999996
vn -0.25481799999999999 -0.56570600000000004 0.78424799999999995
vn -0.25481799999999999 -0.56570500000000001 0.78424799999999995
vn 0 -0.56570500000000001 0.82460800000000001
vn 0 -0.56570500000000001 0.82460800000000001
vn 0.25481799999999999 -0.56570500000000001 0.78424799999999995
vn 0.25481799999999999 -0.56570500000000001 0.78424799999999995
vn 0.48469200000000001 -0.56570500000000001 0.66712099999999996
vn 0.48469200000000001 -0.56570500000000001 0.66712099999999996
vn 0.66712099999999996 -0.56570600000000004 0.48469200000000001
vn 0.66712099999999996 -0.56570600000000004 0.48469200000000001
vn 0.78424799999999995 -0.56570600000000004 0.25481799999999999
vn 0.78424799999999995 -0.56570600000000004 0.25481799999999999
vn 0.82460800000000001 -0.56570399999999998 9.9999999999999995e-007
vn 0.82460800000000001 -0.56570399999999998 9.9999999999999995e-007
vn 0.73439200000000004 0.63539800000000002 -0.238617
vn 0.62471100000000002 0.63539699999999999 -0.45387899999999998
vn 0.17483099999999999 0.97637099999999999 -0.127022
vn 0.20552699999999999 0.97636999999999996 -0.066779000000000005
vn 0.45387899999999998 0.63539699999999999 -0.62471200000000005
vn 0.127022 0.97637099999999999 -0.17483099999999999
vn 0.238618 0.63539800000000002 -0.73439100000000002
vn 0.066779000000000005 0.97637099999999999 -0.20552699999999999
vn 0 0.63539900000000005 -0.77218399999999998
vn -0 0.97637099999999999 -0.21610299999999999
vn -0.238618 0.63539800000000002 -0.73439100000000002
vn -0.066779000000000005 0.97637099999999999 -0.20552699999999999
vn -0.45388000000000001 0.63539699999999999 -0.62471100000000002
vn -0.127022 0.97637099999999999 -0.17483099999999999
vn -0.62471200000000005 0.63539699999999999 -0.45387899999999998
vn -0.17483099999999999 0.97636999999999996 -0.127022
vn -0.73439200000000004 0.63539800000000002 -0.238618
vn -0.20552699999999999 0.97636999999999996 -0.066779000000000005
vn -0.77218399999999998 0.63539900000000005 0
vn -0.21610299999999999 0.97637099999999999 -0
vn -0.73439200000000004 0.63539800000000002 0.238618
vn -0.20552699999999999 0.97636999999999996 0.066780000000000006
vn -0.62471200000000005 0.63539599999999996 0.45388000000000001
vn -0.17483099999999999 0.97637099999999999 0.127022
vn -0.45387899999999998 0.63539599999999996 0.62471200000000005
vn -0.127022 0.97636999999999996 0.17483099999999999
vn -0.238618 0.63539800000000002 0.73439200000000004
vn -0.066779000000000005 0.97636999999999996 0.20552699999999999
vn 0 0.63539900000000005 0.77218399999999998
vn 0 0.97636999999999996 0.21610299999999999
vn 0.238618 0.63539800000000002 0.73439200000000004
vn 0.066779000000000005 0.97636999999999996 0.20552699999999999
vn 0.45388000000000001 0.63539599999999996 0.62471200000000005
vn 0.127022 0.97637099999999999 0.17483099999999999
vn 0.62471200000000005 0.63539599999999996 0.45388000000000001
vn 0.17483099999999999 0.97637099999999999 0.127022
vn 0.73439200000000004 0.63539800000000002 0.238618
vn 0.20552699999999999 0.97636999999999996 0.066779000000000005
vn 0.77218399999999998 0.63539900000000005 9.9999999999999995e-007
vn 0.21610299999999999 0.97636999999999996 0
vn 0.100869 0.992197 -0.073286000000000004
vn 0.118579 0.992197 -0.038528
vn 0.073286000000000004 0.992197 -0.100869
vn 0.038528 0.992197 -0.118579
vn -0 0.992197 -0.124681
vn -0.038529000000000001 0.992197 -0.118579
vn -0.073286000000000004 0.992197 -0.100869
vn -0.100869 0.992197 -0.073286000000000004
vn -0.118579 0.992197 -0.038529000000000001
vn -0.124681 0.992197 0
vn -0.118579 0.992197 0.038529000000000001
vn -0.100869 0.992197 0.073286000000000004
vn -0.073286000000000004 0.992197 0.100869
vn -0.038529000000000001 0.992197 0.118579
vn 0 0.992197 0.124681
vn 0.038529000000000001 0.992197 0.118579
vn 0.073286000000000004 0.992197 0.100869
vn 0.100869 0.992197 0.073286000000000004
vn 0.118579 0.992197 0.038529000000000001
vn 0.124681 0.992197 0
vn 0.600302 0.67038399999999998 -0.436145
vn 0.70569800000000005 0.67038399999999998 -0.229295
vn 0.436145 0.67038399999999998 -0.600302
vn 0.229295 0.67038399999999998 -0.70569700000000002
vn 0 0.67038399999999998 -0.74201399999999995
vn -0.229295 0.67038399999999998 -0.70569700000000002
vn -0.436145 0.67038399999999998 -0.600302
vn -0.600302 0.67038399999999998 -0.436145
vn -0.70569700000000002 0.67038399999999998 -0.229295
vn -0.74201399999999995 0.67038399999999998 -0
vn -0.70569700000000002 0.67038399999999998 0.229295
vn -0.600302 0.67038399999999998 0.436145
vn -0.436145 0.67038399999999998 0.600302
vn -0.229295 0.67038399999999998 0.70569800000000005
vn 0 0.67038299999999995 0.74201499999999998
vn 0.229295 0.67038399999999998 0.70569800000000005
vn 0.436145 0.67038399999999998 0.600302
vn 0.600302 0.67038399999999998 0.43614599999999998
vn 0.70569800000000005 0.67038399999999998 0.229295
vn 0.74201499999999998 0.67038299999999995 0
vn 0 -1 0
vn 0.89100400000000002 0 -0.45399600000000001
vn 0.89100400000000002 0 -0.45399600000000001
vn 0.89100400000000002 0 -0.45399600000000001
vn 0.89100400000000002 0 -0.45399600000000001
vn 0.70710700000000004 0 -0.70710600000000001
vn 0.70710700000000004 0 -0.70710600000000001
vn 0.70710700000000004 0 -0.70710600000000001
vn 0.70710700000000004 0 -0.70710600000000001
vn 0.45399600000000001 0 -0.89100400000000002
vn 0.45399600000000001 0 -0.89100400000000002
vn 0.45399600000000001 0 -0.89100400000000002
vn 0.45399600000000001 0 -0.89100400000000002
vn 0.15642800000000001 0 -0.98768900000000004
vn 0.15642800000000001 0 -0.98768900000000004
vn 0.15642800000000001 0 -0.98768900000000004
vn 0.15642800000000001 0 -0.98768900000000004
vn -0.15642800000000001 0 -0.98768900000000004
vn -0.15642800000000001 0 -0.98768900000000004
vn -0.15642800000000001 0 -0.98768900000000004
vn -0.15642800000000001 0 -0.98768900000000004
vn -0.45399600000000001 0 -0.89100400000000002
vn -0.45399600000000001 0 -0.89100400000000002
vn -0.45399600000000001 0 -0.89100400000000002
vn -0.45399600000000001 0 -0.89100400000000002
vn -0.70710700000000004 0 -0.70710700000000004
vn -0.70710700000000004 0 -0.70710700000000004
vn -0.70710700000000004 0 -0.70710700000000004
vn -0.70710700000000004 0 -0.70710700000000004
vn -0.89100400000000002 0 -0.45399499999999998
vn -0.89100400000000002 0 -0.45399499999999998
vn -0.89100400000000002 0 -0.45399499999999998
vn -0.89100400000000002 0 -0.45399499999999998
vn -0.98768900000000004 0 -0.15642800000000001
vn -0.98768900000000004 0 -0.15642800000000001
vn -0.98768900000000004 0 -0.15642800000000001
vn -0.98768900000000004 0 -0.15642800000000001
vn -0.98768900000000004 0 0.15642800000000001
vn -0.98768900000000004 0 0.15642800000000001
vn -0.98768900000000004 0 0.15642800000000001
vn -0.98768900000000004 0 0.15642800000000001
vn -0.89100400000000002 0 0.45399600000000001
vn -0.89100400000000002 0 0.45399600000000001
vn -0.89100400000000002 0 0.45399600000000001
vn -0.89100400000000002 0 0.45399600000000001
vn -0.70710700000000004 0 0.70710700000000004
vn -0.70710700000000004 0 0.70710700000000004
vn -0.70710700000000004 0 0.70710700000000004
vn -0.70710700000000004 0 0.70710700000000004
vn -0.45399600000000001 0 0.89100400000000002
vn -0.45399600000000001 0 0.89100400000000002
vn -0.45399600000000001 0 0.89100400000000002
vn -0.45399600000000001 0 0.89100400000000002
vn -0.15642800000000001 0 0.98768900000000004
vn -0.15642800000000001 0 0.98768900000000004
vn -0.15642800000000001 0 0.98768900000000004
vn -0.15642800000000001 0 0.98768900000000004
vn 0.15642900000000001 0 0.98768900000000004
vn 0.15642900000000001 0 0.98768900000000004
vn 0.15642900000000001 0 0.98768900000000004
vn 0.15642900000000001 0 0.98768900000000004
vn 0.45399600000000001 0 0.89100400000000002
vn 0.45399600000000001 0 0.89100400000000002
vn 0.45399600000000001 0 0.89100400000000002
vn 0.45399600000000001 0 0.89100400000000002
vn 0.70710600000000001 0 0.70710700000000004
vn 0.70710600000000001 0 0.70710700000000004
vn 0.70710600000000001 0 0.70710700000000004
vn 0.70710600000000001 0 0.70710700000000004
vn 0.89100400000000002 0 0.45399600000000001
vn 0.89100400000000002 0 0.45399600000000001
vn 0.89100400000000002 0 0.45399600000000001
vn 0.89100400000000002 0 0.45399600000000001
vn 0.98768900000000004 0 0.15642800000000001
vn 0.98768900000000004 0 0.15642800000000001
vn 0.98768900000000004 0 0.15642800000000001
vn 0.98768900000000004 0 0.15642800000000001
vn 0.98768900000000004 0 -0.15642800000000001
vn 0.98768900000000004 0 -0.15642800000000001
vn 0.98768900000000004 0 -0.15642800000000001
vn 0.98768900000000004 0 -0.15642800000000001
vn 0.87339699999999998 0.46695300000000001 -0.138319
vn 0.87339699999999998 0.46695300000000001 -0.138319
vn 0.87339699999999998 0.46695300000000001 -0.138319
vn 0.87339699999999998 0.46695300000000001 -0.138319
vn 0.87339599999999995 0.46695300000000001 0.138326
vn 0.87339599999999995 0.46695300000000001 0.138326
vn 0.87339599999999995 0.46695300000000001 0.138326
vn 0.87339599999999995 0.46695300000000001 0.138326
vn 0.86477499999999996 0.24085400000000001 0.44062899999999999
vn 0.86477499999999996 0.24085400000000001 0.44062899999999999
vn 0.78790099999999996 0.46695399999999998 0.40145599999999998
vn 0.78790099999999996 0.46695399999999998 0.40145599999999998
vn 0.68629099999999998 0.24085300000000001 0.68629099999999998
vn 0.68629099999999998 0.24085300000000001 0.68629099999999998
vn 0.625282 0.46695199999999998 0.62528300000000003
vn 0.625282 0.46695199999999998 0.625282
vn 0.44063099999999999 0.24085300000000001 0.86477400000000004
vn 0.44063099999999999 0.24085300000000001 0.86477400000000004
vn 0.40145999999999998 0.46694999999999998 0.78790099999999996
vn 0.40145999999999998 0.46694999999999998 0.78790099999999996
vn 0.15182300000000001 0.24085400000000001 0.95861300000000005
vn 0.15182300000000001 0.24085400000000001 0.95861300000000005
vn 0.138325 0.46695300000000001 0.87339599999999995
vn 0.138325 0.46695300000000001 0.87339599999999995
vn -0.138324 0.46694999999999998 0.87339800000000001
vn -0.138324 0.46694999999999998 0.87339800000000001
vn -0.138324 0.46694999999999998 0.87339800000000001
vn -0.138324 0.46694999999999998 0.87339800000000001
vn -0.44063099999999999 0.24085300000000001 0.86477400000000004
vn -0.44063099999999999 0.24085300000000001 0.86477400000000004
vn -0.40145900000000001 0.46694999999999998 0.78790099999999996
vn -0.40145900000000001 0.46694999999999998 0.78790099999999996
vn -0.68629099999999998 0.24085400000000001 0.68628999999999996
vn -0.68629099999999998 0.24085400000000001 0.68628999999999996
vn -0.625282 0.46695199999999998 0.625282
vn -0.625282 0.46695199999999998 0.625282
vn -0.86477499999999996 0.24085400000000001 0.44062899999999999
vn -0.86477499999999996 0.24085400000000001 0.44062899999999999
vn -0.78790099999999996 0.46695399999999998 0.40145599999999998
vn -0.78790099999999996 0.46695399999999998 0.40145599999999998
vn -0.87339699999999998 0.46695300000000001 0.138319
vn -0.87339699999999998 0.46695300000000001 0.138319
vn -0.87339699999999998 0.46695300000000001 0.138319
vn -0.87339699999999998 0.46695300000000001 0.138319
vn -0.87339599999999995 0.46695199999999998 -0.138326
vn -0.87339599999999995 0.46695199999999998 -0.138326
vn -0.87339599999999995 0.46695199999999998 -0.138326
vn -0.87339599999999995 0.46695199999999998 -0.138326
vn -0.86477599999999999 0.24085400000000001 -0.44062699999999999
vn -0.86477599999999999 0.24085400000000001 -0.44062699999999999
vn -0.78790099999999996 0.46695399999999998 -0.40145500000000001
vn -0.78790099999999996 0.46695399999999998 -0.40145500000000001
vn -0.68628900000000004 0.24085200000000001 -0.68629300000000004
vn -0.68628900000000004 0.24085200000000001 -0.68629300000000004
vn -0.62527900000000003 0.46694999999999998 -0.62528700000000004
vn -0.625278 0.46694999999999998 -0.62528700000000004
vn -0.44063200000000002 0.24085500000000001 -0.86477300000000001
vn -0.44063200000000002 0.24085500000000001 -0.86477300000000001
vn -0.40146100000000001 0.46695300000000001 -0.78789799999999999
vn -0.40146100000000001 0.46695300000000001 -0.78789799999999999
vn -0.138326 0.46695300000000001 -0.87339599999999995
vn -0.138326 0.46695300000000001 -0.87339599999999995
vn -0.138326 0.46695300000000001 -0.87339599999999995
vn -0.138326 0.46695300000000001 -0.87339599999999995
vn 0.15182300000000001 0.24085400000000001 -0.95861300000000005
vn 0.15182300000000001 0.24085400000000001 -0.95861300000000005
vn 0.138325 0.46694999999999998 -0.87339800000000001
vn 0.138325 0.46694999999999998 -0.87339800000000001
vn 0.44063099999999999 0.24085300000000001 -0.86477400000000004
vn 0.44063099999999999 0.24085300000000001 -0.86477400000000004
vn 0.40145900000000001 0.46694999999999998 -0.78790099999999996
vn 0.40145900000000001 0.46694999999999998 -0.78790099999999996
vn 0.68629200000000001 0.24085400000000001 -0.68628900000000004
vn 0.68629200000000001 0.24085400000000001 -0.68628900000000004
vn 0.62528399999999995 0.46695399999999998 -0.62527900000000003
vn 0.62528399999999995 0.46695399999999998 -0.62527900000000003
vn 0.86477499999999996 0.24085400000000001 -0.44062800000000002
vn 0.86477499999999996 0.24085400000000001 -0.44062800000000002
vn 0.78790099999999996 0.46695399999999998 -0.40145500000000001
vn 0.78790099999999996 0.46695399999999998 -0.40145500000000001
vn 0.98768900000000004 0 -0.15642900000000001
vn 0.98768900000000004 0 -0.15642900000000001
vn 0.98768900000000004 0 -0.15642900000000001
vn 0.98768900000000004 0 -0.15642900000000001
vn 0.98768900000000004 0 0.15642900000000001
vn 0.98768900000000004 0 0.15642900000000001
vn 0.98768900000000004 0 0.15642900000000001
vn 0.98768900000000004 0 0.15642900000000001
vn -0.15642400000000001 0 0.98768999999999996
vn -0.15642400000000001 0 0.98768999999999996
vn -0.15642400000000001 0 0.98768999999999996
vn -0.15642400000000001 0 0.98768999999999996
vn -0.98768900000000004 0 0.15642800000000001
vn -0.98768900000000004 0 0.15642800000000001
vn -0.98768900000000004 0 0.15642800000000001
vn -0.98768900000000004 0 0.15642800000000001
vn -0.98768900000000004 0 -0.15642900000000001
vn -0.98768900000000004 0 -0.15642900000000001
vn -0.98768900000000004 0 -0.15642900000000001
vn -0.98768900000000004 0 -0.15642900000000001
vn -0.15643000000000001 0 -0.98768900000000004
vn -0.15643000000000001 0 -0.98768900000000004
vn -0.15643000000000001 0 -0.98768900000000004
vn -0.15643000000000001 0 -0.98768900000000004
vn 0 -1 0
vn 0 -1 0
vn 0 -1 0
vn 0 -1 0
vn 1 0 0
vn 1 0 0
vn 1 0 0
vn 1 0 0
vn 0 1 0
vn 0 1 0
vn 0 1 0
vn 0 1 0
vn -1 0 0
vn -1 0 0
vn -1 0 0
vn -1 0 0
vn 0 -1 0
vn 0 -1 0
vn 0 -1 0
vn 0 -1 0
vn -1 0 0
vn -1 0 0
vn -1 0 0
vn -1 0 0
vn 0 1 0
vn 0 1 0
vn 0 1 0
vn 0 1 0
vn 1 0 0
vn 1 0 0
vn 1 0 0
vn 1 0 0
vn 0 -1 0
vn 0 -1 0
vn 0 -1 0
vn 0 -1 0
vn 0 0 1
vn 0 0 1
vn 0 0 1
vn 0 0 1
vn 0 1 0
vn 0 1 0
vn 0 1 0
vn 0 1 0
vn 0 -1 0
vn 0 -1 0
vn 0 -1 0
vn 0 -1 0
vn 0 1 0
vn 0 1 0
vn 0 1 0
vn 0 1 0
vn 0 0 -1
vn 0 0 -1
vn 0 0 -1
vn 0 0 -1
vn 0 -1 0
vn 0 -1 0
vn 0 -1 0
vn 0 -1 0
vn 0 0 -1
vn 0 0 -1
vn 0 0 -1
vn 0 0 -1
vn 0 1 0
vn 0 1 0
vn 0 1 0
vn 0 1 0
vn 0 -1 0
vn 0 -1 0
vn 0 -1 0
vn 0 -1 0
vn 0 1 0
vn 0 1 0
vn 0 1 0
vn 0 1 0
vn 0 0 1
vn 0 0 1
vn 0 0 1
vn 0 0 1
vn 0.30955100000000002 0.93770799999999999 -0.15773799999999999
vn 0.30955100000000002 0.93770799999999999 -0.15773799999999999
vn 0.30955100000000002 0.93770799999999999 -0.15773799999999999
vn 0.30955100000000002 0.93770799999999999 -0.15773799999999999
vn 0.24566299999999999 0.93771000000000004 -0.24566199999999999
vn 0.24566299999999999 0.93771000000000004 -0.24566199999999999
vn 0.24566299999999999 0.93771000000000004 -0.24566199999999999
vn 0.24566299999999999 0.93771000000000004 -0.24566199999999999
vn 0.15772700000000001 0.93770500000000001 -0.30956699999999998
vn 0.15772700000000001 0.93770500000000001 -0.30956699999999998
vn 0.15772700000000001 0.93770500000000001 -0.30956699999999998
vn 0.15772700000000001 0.93770500000000001 -0.30956699999999998
vn 0.054345999999999998 0.93771400000000005 -0.34313100000000002
vn 0.054345999999999998 0.93771400000000005 -0.34313100000000002
vn 0.054345999999999998 0.93771400000000005 -0.34313199999999999
vn 0.054345999999999998 0.93771400000000005 -0.34313100000000002
vn -0.054344999999999997 0.93770100000000001 -0.34316600000000003
vn -0.054344999999999997 0.93770100000000001 -0.34316600000000003
vn -0.054344999999999997 0.93770100000000001 -0.34316600000000003
vn -0.054344999999999997 0.93770100000000001 -0.34316600000000003
vn -0.15772700000000001 0.93770500000000001 -0.30956600000000001
vn -0.15772700000000001 0.93770500000000001 -0.30956600000000001
vn -0.15772700000000001 0.93770500000000001 -0.30956600000000001
vn -0.15772700000000001 0.93770500000000001 -0.30956600000000001
vn -0.24566499999999999 0.93771599999999999 -0.24563599999999999
vn -0.24566399999999999 0.93771599999999999 -0.24563599999999999
vn -0.24566499999999999 0.93771599999999999 -0.24563599999999999
vn -0.24566499999999999 0.93771599999999999 -0.24563599999999999
vn -0.30955100000000002 0.93770799999999999 -0.15773699999999999
vn -0.30955100000000002 0.93770799999999999 -0.15773699999999999
vn -0.30955100000000002 0.93770799999999999 -0.15773699999999999
vn -0.30955100000000002 0.93770799999999999 -0.15773699999999999
vn -0.34314299999999998 0.93771000000000004 -0.054332999999999999
vn -0.34314299999999998 0.93771000000000004 -0.054332999999999999
vn -0.34314299999999998 0.93771000000000004 -0.054332999999999999
vn -0.34314299999999998 0.93771000000000004 -0.054332999999999999
vn -0.34314299999999998 0.93771000000000004 0.054332999999999999
vn -0.34314299999999998 0.93771000000000004 0.054332999999999999
vn -0.34314299999999998 0.93771000000000004 0.054332999999999999
vn -0.34314299999999998 0.93771000000000004 0.054332999999999999
vn -0.30955100000000002 0.93770799999999999 0.15773799999999999
vn -0.30955100000000002 0.93770799999999999 0.15773799999999999
vn -0.30955100000000002 0.93770799999999999 0.15773799999999999
vn -0.30955100000000002 0.93770799999999999 0.15773799999999999
vn -0.24566499999999999 0.93771599999999999 0.24563499999999999
vn -0.24566499999999999 0.93771599999999999 0.24563499999999999
vn -0.24566499999999999 0.93771599999999999 0.24563499999999999
vn -0.24566499999999999 0.93771599999999999 0.24563499999999999
vn -0.15772600000000001 0.93770500000000001 0.30956600000000001
vn -0.15772600000000001 0.93770500000000001 0.30956600000000001
vn -0.15772600000000001 0.93770500000000001 0.30956600000000001
vn -0.15772600000000001 0.93770500000000001 0.30956600000000001
vn -0.054343000000000002 0.93769000000000002 0.343198
vn -0.054343000000000002 0.93769000000000002 0.343198
vn -0.054343000000000002 0.93769000000000002 0.343198
vn -0.054343000000000002 0.93769000000000002 0.343198
vn 0.054344999999999997 0.93771499999999997 0.34312999999999999
vn 0.054344999999999997 0.93771499999999997 0.34312999999999999
vn 0.054344999999999997 0.93771499999999997 0.34312999999999999
vn 0.054344999999999997 0.93771499999999997 0.34312999999999999
vn 0.15772800000000001 0.93771099999999996 0.30954799999999999
vn 0.15772800000000001 0.93771099999999996 0.30954799999999999
vn 0.15772800000000001 0.93771099999999996 0.30954799999999999
vn 0.15772800000000001 0.93771099999999996 0.30954799999999999
vn 0.24566499999999999 0.93771599999999999 0.24563499999999999
vn 0.24566499999999999 0.93771599999999999 0.24563499999999999
vn 0.24566499999999999 0.93771599999999999 0.24563499999999999
vn 0.24566499999999999 0.93771599999999999 0.24563499999999999
vn 0.30955100000000002 0.93770799999999999 0.15773799999999999
vn 0.30955100000000002 0.93770799999999999 0.15773799999999999
vn 0.30955100000000002 0.93770799999999999 0.15773799999999999
vn 0.30955100000000002 0.93770799999999999 0.15773799999999999
vn 0.34314299999999998 0.93771000000000004 0.054332999999999999
vn 0.34314299999999998 0.93771000000000004 0.054332999999999999
vn 0.34314299999999998 0.93771000000000004 0.054332999999999999
vn 0.34314299999999998 0.93771000000000004 0.054332999999999999
vn 0.34314299999999998 0.93771000000000004 -0.054332999999999999
vn 0.34314299999999998 0.93771000000000004 -0.054332999999999999
vn 0.34314299999999998 0.93771000000000004 -0.054332999999999999
vn 0.34314299999999998 0.93771000000000004 -0.054332999999999999
vn 0.88183 0.14310300000000001 -0.44933000000000001
vn 0.88183 0.14310300000000001 -0.44933000000000001
vn 0.88183 0.14310300000000001 -0.44933000000000001
vn 0.88183 0.14310300000000001 -0.44933000000000001
vn 0.69982699999999998 0.14310300000000001 -0.69983099999999998
vn 0.69982699999999998 0.14310300000000001 -0.69983099999999998
vn 0.69982699999999998 0.14310300000000001 -0.69983099999999998
vn 0.69982699999999998 0.14310300000000001 -0.69983099999999998
vn 0.44932899999999998 0.14310500000000001 -0.88183
vn 0.44932899999999998 0.14310500000000001 -0.88183
vn 0.44932899999999998 0.14310500000000001 -0.88183
vn 0.44932899999999998 0.14310500000000001 -0.88183
vn 0.15481700000000001 0.14310500000000001 -0.97752399999999995
vn 0.15481700000000001 0.14310500000000001 -0.97752399999999995
vn 0.15481700000000001 0.14310500000000001 -0.97752399999999995
vn 0.15481700000000001 0.14310500000000001 -0.97752399999999995
vn -0.15481700000000001 0.14310400000000001 -0.97752399999999995
vn -0.15481700000000001 0.14310400000000001 -0.97752399999999995
vn -0.15481700000000001 0.14310400000000001 -0.97752399999999995
vn -0.15481700000000001 0.14310400000000001 -0.97752399999999995
vn -0.44932699999999998 0.14310400000000001 -0.88183100000000003
vn -0.44932699999999998 0.14310400000000001 -0.88183100000000003
vn -0.44932699999999998 0.14310400000000001 -0.88183100000000003
vn -0.44932699999999998 0.14310400000000001 -0.88183100000000003
vn -0.69982500000000003 0.14310300000000001 -0.69983300000000004
vn -0.69982500000000003 0.14310300000000001 -0.69983300000000004
vn -0.69982500000000003 0.14310300000000001 -0.69983300000000004
vn -0.69982500000000003 0.14310300000000001 -0.69983300000000004
vn -0.88183 0.14310300000000001 -0.44932899999999998
vn -0.88183 0.14310300000000001 -0.44932899999999998
vn -0.88183 0.14310300000000001 -0.44932899999999998
vn -0.88183 0.14310300000000001 -0.44932899999999998
vn -0.97752399999999995 0.14310400000000001 -0.15481500000000001
vn -0.97752399999999995 0.14310400000000001 -0.15481500000000001
vn -0.97752399999999995 0.14310400000000001 -0.15481500000000001
vn -0.97752399999999995 0.14310400000000001 -0.15481500000000001
vn -0.97752399999999995 0.14310400000000001 0.15481500000000001
vn -0.97752399999999995 0.14310400000000001 0.15481500000000001
vn -0.97752399999999995 0.14310400000000001 0.15481500000000001
vn -0.97752399999999995 0.14310400000000001 0.15481500000000001
vn -0.88183 0.14310400000000001 0.44933099999999998
vn -0.88182899999999997 0.14310300000000001 0.44933099999999998
vn -0.88183 0.14310300000000001 0.44933099999999998
vn -0.88183 0.14310400000000001 0.44933099999999998
vn -0.69982999999999995 0.14310400000000001 0.69982800000000001
vn -0.69982999999999995 0.14310400000000001 0.69982800000000001
vn -0.69982999999999995 0.14310400000000001 0.69982800000000001
vn -0.69982999999999995 0.14310400000000001 0.69982800000000001
vn -0.44932299999999997 0.14310400000000001 0.88183299999999998
vn -0.44932299999999997 0.14310400000000001 0.88183299999999998
vn -0.44932299999999997 0.14310400000000001 0.88183299999999998
vn -0.44932299999999997 0.14310400000000001 0.88183299999999998
vn -0.15481400000000001 0.14310400000000001 0.97752399999999995
vn -0.15481400000000001 0.14310400000000001 0.97752399999999995
vn -0.15481400000000001 0.14310400000000001 0.97752399999999995
vn -0.15481400000000001 0.14310400000000001 0.97752399999999995
vn 0.15481300000000001 0.14310400000000001 0.97752499999999998
vn 0.15481300000000001 0.14310400000000001 0.97752499999999998
vn 0.15481300000000001 0.14310400000000001 0.97752499999999998
vn 0.15481300000000001 0.14310400000000001 0.97752499999999998
vn 0.44932299999999997 0.14310400000000001 0.88183299999999998
vn 0.44932299999999997 0.14310400000000001 0.88183299999999998
vn 0.44932299999999997 0.14310400000000001 0.88183299999999998
vn 0.44932299999999997 0.14310400000000001 0.88183299999999998
vn 0.69982800000000001 0.14310300000000001 0.69982999999999995
vn 0.69982800000000001 0.14310300000000001 0.69982999999999995
vn 0.69982800000000001 0.14310300000000001 0.69982999999999995
vn 0.69982800000000001 0.14310300000000001 0.69982999999999995
vn 0.88183 0.14310300000000001 0.44933099999999998
vn 0.88183 0.14310300000000001 0.44933099999999998
vn 0.88182899999999997 0.14310300000000001 0.44933099999999998
vn 0.88183 0.14310300000000001 0.44933099999999998
vn 0.97752399999999995 0.14310400000000001 0.15481500000000001
vn 0.97752399999999995 0.14310400000000001 0.15481500000000001
vn 0.97752399999999995 0.14310400000000001 0.15481500000000001
vn 0.97752399999999995 0.14310400000000001 0.15481500000000001
vn 0.97752399999999995 0.14310400000000001 -0.15481500000000001
vn 0.97752399999999995 0.14310400000000001 -0.15481500000000001
vn 0.97752399999999995 0.14310400000000001 -0.15481500000000001
vn 0.97752399999999995 0.14310400000000001 -0.15481500000000001
vn 0.876467 -0.179894 -0.44659199999999999
vn 0.876467 -0.179894 -0.44659199999999999
vn 0.876467 -0.179894 -0.44659199999999999
vn 0.876467 -0.179894 -0.44659199999999999
vn 0.69556899999999999 -0.179894 -0.695573
vn 0.69556899999999999 -0.179894 -0.695573
vn 0.69556899999999999 -0.179894 -0.695573
vn 0.69556899999999999 -0.179894 -0.695573
vn 0.44659300000000002 -0.179895 -0.87646599999999997
vn 0.44659300000000002 -0.179895 -0.87646599999999997
vn 0.44659300000000002 -0.179895 -0.87646599999999997
vn 0.44659300000000002 -0.179895 -0.87646599999999997
vn 0.15387300000000001 -0.179893 -0.97157700000000002
vn 0.15387300000000001 -0.179893 -0.97157700000000002
vn 0.15387300000000001 -0.179893 -0.97157700000000002
vn 0.15387300000000001 -0.179893 -0.97157700000000002
vn -0.15387400000000001 -0.179894 -0.97157700000000002
vn -0.15387400000000001 -0.179894 -0.97157700000000002
vn -0.15387400000000001 -0.179894 -0.971576
vn -0.15387400000000001 -0.179894 -0.971576
vn -0.44659399999999999 -0.179895 -0.87646500000000005
vn -0.44659399999999999 -0.179895 -0.87646500000000005
vn -0.44659399999999999 -0.179895 -0.87646500000000005
vn -0.44659399999999999 -0.179895 -0.87646500000000005
vn -0.69557100000000005 -0.179894 -0.69557100000000005
vn -0.69557100000000005 -0.179894 -0.69557100000000005
vn -0.69557100000000005 -0.179894 -0.69557100000000005
vn -0.69557100000000005 -0.179894 -0.69557100000000005
vn -0.876467 -0.179894 -0.44659100000000002
vn -0.876467 -0.179894 -0.44659100000000002
vn -0.876467 -0.179894 -0.44659100000000002
vn -0.876467 -0.179894 -0.44659100000000002
vn -0.97157700000000002 -0.179894 -0.15387300000000001
vn -0.97157700000000002 -0.179894 -0.15387300000000001
vn -0.97157700000000002 -0.179894 -0.15387300000000001
vn -0.97157700000000002 -0.179894 -0.15387300000000001
vn -0.97157800000000005 -0.179894 0.153867
vn -0.97157800000000005 -0.179894 0.153867
vn -0.97157800000000005 -0.179894 0.153867
vn -0.97157800000000005 -0.179894 0.153867
vn -0.87646599999999997 -0.179894 0.44659300000000002
vn -0.87646599999999997 -0.179894 0.44659300000000002
vn -0.87646599999999997 -0.179894 0.44659300000000002
vn -0.87646599999999997 -0.179894 0.44659300000000002
vn -0.69557400000000003 -0.179894 0.69556799999999996
vn -0.69557400000000003 -0.179894 0.69556799999999996
vn -0.69557400000000003 -0.179894 0.69556799999999996
vn -0.69557400000000003 -0.179894 0.69556799999999996
vn -0.44658500000000001 -0.179893 0.87646999999999997
vn -0.44658500000000001 -0.179893 0.87646999999999997
vn -0.44658500000000001 -0.179893 0.87646999999999997
vn -0.44658500000000001 -0.179893 0.87646999999999997
vn -0.15387100000000001 -0.179893 0.97157700000000002
vn -0.15387100000000001 -0.179893 0.97157700000000002
vn -0.15387100000000001 -0.179893 0.97157700000000002
vn -0.15387100000000001 -0.179893 0.97157700000000002
vn 0.15387300000000001 -0.179897 0.971576
vn 0.15387300000000001 -0.179897 0.971576
vn 0.15387300000000001 -0.179897 0.971576
vn 0.15387300000000001 -0.179897 0.971576
vn 0.44658999999999999 -0.179894 0.876467
vn 0.44658999999999999 -0.179894 0.876467
vn 0.44658999999999999 -0.179894 0.876467
vn 0.44658999999999999 -0.179894 0.876467
vn 0.69557400000000003 -0.179894 0.69556799999999996
vn 0.69557400000000003 -0.179894 0.69556799999999996
vn 0.69557400000000003 -0.179894 0.69556799999999996
vn 0.69557400000000003 -0.179894 0.69556799999999996
vn 0.87646599999999997 -0.179894 0.44659300000000002
vn 0.87646599999999997 -0.179894 0.44659300000000002
vn 0.87646599999999997 -0.179894 0.44659300000000002
vn 0.87646599999999997 -0.179894 0.44659300000000002
vn 0.97157700000000002 -0.179894 0.15387200000000001
vn 0.97157700000000002 -0.179894 0.15387200000000001
vn 0.97157700000000002 -0.179894 0.15387200000000001
vn 0.97157700000000002 -0.179894 0.15387200000000001
vn 0.97157700000000002 -0.179894 -0.153868
vn 0.97157700000000002 -0.179894 -0.153868
vn 0.97157700000000002 -0.179894 -0.153868
vn 0.97157700000000002 -0.179894 -0.153868
vn 0.764872 -0.51291399999999998 -0.38973200000000002
vn 0.764872 -0.51291399999999998 -0.38973200000000002
vn 0.764872 -0.51291399999999998 -0.38973200000000002
vn 0.764872 -0.51291399999999998 -0.38973200000000002
vn 0.60701000000000005 -0.51291500000000001 -0.60700699999999996
vn 0.60701000000000005 -0.51291500000000001 -0.60700699999999996
vn 0.60701000000000005 -0.51291500000000001 -0.60700699999999996
vn 0.60701000000000005 -0.51291500000000001 -0.60700699999999996
vn 0.38973200000000002 -0.51291500000000001 -0.76487099999999997
vn 0.38973200000000002 -0.51291500000000001 -0.76487099999999997
vn 0.38973200000000002 -0.51291500000000001 -0.76487099999999997
vn 0.38973200000000002 -0.51291500000000001 -0.76487099999999997
vn 0.13428200000000001 -0.51291500000000001 -0.84787199999999996
vn 0.13428200000000001 -0.51291500000000001 -0.84787199999999996
vn 0.13428200000000001 -0.51291500000000001 -0.84787199999999996
vn 0.13428200000000001 -0.51291500000000001 -0.84787199999999996
vn -0.13428200000000001 -0.51291200000000003 -0.84787400000000002
vn -0.13428200000000001 -0.51291200000000003 -0.84787299999999999
vn -0.13428200000000001 -0.51291200000000003 -0.84787400000000002
vn -0.13428200000000001 -0.51291200000000003 -0.84787400000000002
vn -0.38972899999999999 -0.51291200000000003 -0.76487499999999997
vn -0.38972899999999999 -0.51291200000000003 -0.76487499999999997
vn -0.38972899999999999 -0.51291200000000003 -0.76487499999999997
vn -0.38972899999999999 -0.51291200000000003 -0.76487499999999997
vn -0.60701000000000005 -0.51291500000000001 -0.60700699999999996
vn -0.60701000000000005 -0.51291500000000001 -0.60700699999999996
vn -0.60701000000000005 -0.51291500000000001 -0.60700699999999996
vn -0.60701000000000005 -0.51291500000000001 -0.60700699999999996
vn -0.764872 -0.51291399999999998 -0.38973099999999999
vn -0.764872 -0.51291399999999998 -0.38973099999999999
vn -0.764872 -0.51291399999999998 -0.38973099999999999
vn -0.764872 -0.51291399999999998 -0.38973099999999999
vn -0.84787299999999999 -0.51291399999999998 -0.13428100000000001
vn -0.84787299999999999 -0.51291399999999998 -0.13428100000000001
vn -0.84787299999999999 -0.51291399999999998 -0.13428100000000001
vn -0.84787299999999999 -0.51291399999999998 -0.13428100000000001
vn -0.84787299999999999 -0.51291399999999998 0.13428000000000001
vn -0.84787299999999999 -0.51291399999999998 0.13428000000000001
vn -0.84787299999999999 -0.51291399999999998 0.13428000000000001
vn -0.84787299999999999 -0.51291399999999998 0.13428000000000001
vn -0.76487099999999997 -0.51291399999999998 0.389733
vn -0.76487099999999997 -0.51291399999999998 0.389733
vn -0.76487099999999997 -0.51291399999999998 0.389733
vn -0.76487099999999997 -0.51291399999999998 0.389733
vn -0.607012 -0.51291500000000001 0.60700399999999999
vn -0.607012 -0.51291500000000001 0.60700399999999999
vn -0.607012 -0.51291500000000001 0.60700399999999999
vn -0.607012 -0.51291500000000001 0.60700399999999999
vn -0.38972800000000002 -0.51291399999999998 0.76487300000000003
vn -0.38972800000000002 -0.51291399999999998 0.76487300000000003
vn -0.38972800000000002 -0.51291399999999998 0.76487300000000003
vn -0.38972800000000002 -0.51291399999999998 0.76487300000000003
vn -0.13428100000000001 -0.51291799999999999 0.84787000000000001
vn -0.13428100000000001 -0.51291799999999999 0.84787000000000001
vn -0.13428100000000001 -0.51291799999999999 0.84787000000000001
vn -0.13428100000000001 -0.51291799999999999 0.84787000000000001
vn 0.13427900000000001 -0.51291200000000003 0.84787400000000002
vn 0.13427900000000001 -0.51291200000000003 0.84787400000000002
vn 0.13427900000000001 -0.51291200000000003 0.84787400000000002
vn 0.13427900000000001 -0.51291200000000003 0.84787400000000002
vn 0.38973000000000002 -0.51291600000000004 0.76487099999999997
vn 0.38973000000000002 -0.51291600000000004 0.76487099999999997
vn 0.38973000000000002 -0.51291600000000004 0.76487099999999997
vn 0.38973000000000002 -0.51291600000000004 0.76487099999999997
vn 0.607012 -0.51291500000000001 0.60700399999999999
vn 0.607012 -0.51291500000000001 0.60700399999999999
vn 0.607012 -0.51291500000000001 0.60700399999999999
vn 0.607012 -0.51291500000000001 0.60700399999999999
vn 0.76487099999999997 -0.51291399999999998 0.389733
vn 0.76487099999999997 -0.51291399999999998 0.389733
vn 0.76487099999999997 -0.51291399999999998 0.389733
vn 0.76487099999999997 -0.51291399999999998 0.389733
vn 0.84787299999999999 -0.51291399999999998 0.13428000000000001
vn 0.84787299999999999 -0.51291399999999998 0.13428000000000001
vn 0.84787299999999999 -0.51291399999999998 0.13428000000000001
vn 0.84787299999999999 -0.51291399999999998 0.13428000000000001
vn 0.84787299999999999 -0.51291399999999998 -0.13428000000000001
vn 0.84787299999999999 -0.51291399999999998 -0.13428000000000001
vn 0.84787299999999999 -0.51291399999999998 -0.13428000000000001
vn 0.84787299999999999 -0.51291399999999998 -0.13428000000000001
vn 0 1 0
vn 0 1 0
vn 0 1 0
vn 0 1 0
vn 0 1 -3.8999999999999999e-005
vn 0 1 -3.8999999999999999e-005
vn 0 1 -3.8999999999999999e-005
vn 0 1 -3.8999999999999999e-005
vn 0 1 -1.2999999999999999e-005
vn 0 1 -1.2999999999999999e-005
vn 0 1 -1.2999999999999999e-005
vn 0 1 -1.2999999999999999e-005
vn 0 1 3.3000000000000003e-005
vn 0 1 3.3000000000000003e-005
vn 0 1 3.3000000000000003e-005
vn 0 1 3.3000000000000003e-005
vn 0 1 2.5999999999999998e-005
vn 0 1 2.5999999999999998e-005
vn 0 1 2.5999999999999998e-005
vn 0 1 2.5999999999999998e-005
vn 0 1 -6.9999999999999999e-006
vn 0 1 -6.9999999999999999e-006
vn 0 1 -6.9999999999999999e-006
vn 0 1 -6.9999999999999999e-006
vn 0 1 -5.1999999999999997e-005
vn 0 1 -5.1999999999999997e-005
vn 0 1 -5.1999999999999997e-005
vn 0 1 -5.1999999999999997e-005
vn 0 1 -1.2999999999999999e-005
vn 0 1 -1.2999999999999999e-005
vn 0 1 -1.2999999999999999e-005
vn 0 1 -1.2999999999999999e-005
vn 0 1 0
vn 0 1 0
vn 0 1 0
vn 0 1 0
vn 0 1 0
vn 0 1 0
vn 0 1 0
vn 0 1 0
vn 0 1 0
vn 0 1 0
vn 0 1 0
vn 0 1 0
vn 0 1 3.8999999999999999e-005
vn 0 1 3.8999999999999999e-005
vn 0 1 3.8999999999999999e-005
vn 0 1 3.8999999999999999e-005
vn 0 1 0
vn 0 1 0
vn 0 1 0
vn 0 1 0
vn 0 1 2.5999999999999998e-005
vn 0 1 2.5999999999999998e-005
vn 0 1 2.5999999999999998e-005
vn 0 1 2.5999999999999998e-005
vn 0 1 -2.0000000000000002e-005
vn 0 1 -2.0000000000000002e-005
vn 0 1 -2.0000000000000002e-005
vn 0 1 -2.0000000000000002e-005
vn 0 1 -1.2999999999999999e-005
vn 0 1 -1.2999999999999999e-005
vn 0 1 -1.2999999999999999e-005
vn 0 1 -1.2999999999999999e-005
vn 0 1 5.1999999999999997e-005
vn 0 1 5.1999999999999997e-005
vn 0 1 5.1999999999999997e-005
vn 0 1 5.1999999999999997e-005
vn 0 1 1.2999999999999999e-005
vn 0 1 1.2999999999999999e-005
vn 0 1 1.2999999999999999e-005
vn 0 1 1.2999999999999999e-005
vn 0 1 0
vn 0 1 0
vn 0 1 0
vn 0 1 0
vn 0 1 0
vn 0 1 0
vn 0 1 0
vn 0 1 0
vn 0.63393900000000003 -0.70269999999999999 -0.32300699999999999
vn 0.63393900000000003 -0.70269999999999999 -0.32300699999999999
vn 0.63393900000000003 -0.70269999999999999 -0.32300699999999999
vn 0.63393900000000003 -0.70269999999999999 -0.32300699999999999
vn 0.50309800000000005 -0.70269899999999996 -0.50309700000000002
vn 0.50309800000000005 -0.70269899999999996 -0.50309700000000002
vn 0.50309800000000005 -0.70269899999999996 -0.50309700000000002
vn 0.50309800000000005 -0.70269899999999996 -0.50309700000000002
vn 0.32301299999999999 -0.70269499999999996 -0.63394099999999998
vn 0.32301299999999999 -0.70269599999999999 -0.63394099999999998
vn 0.32301299999999999 -0.70269499999999996 -0.63394099999999998
vn 0.32301299999999999 -0.70269599999999999 -0.63394099999999998
vn 0.111294 -0.70269700000000002 -0.70273099999999999
vn 0.111294 -0.70269700000000002 -0.70273099999999999
vn 0.111294 -0.70269700000000002 -0.70273099999999999
vn 0.111294 -0.70269700000000002 -0.70273099999999999
vn -0.11129600000000001 -0.70270600000000005 -0.70272199999999996
vn -0.11129600000000001 -0.70270600000000005 -0.70272199999999996
vn -0.11129600000000001 -0.70270600000000005 -0.70272199999999996
vn -0.11129600000000001 -0.70270600000000005 -0.70272199999999996
vn -0.32301800000000003 -0.702708 -0.63392499999999996
vn -0.32301800000000003 -0.702708 -0.63392499999999996
vn -0.32301800000000003 -0.702708 -0.63392499999999996
vn -0.32301800000000003 -0.702708 -0.63392499999999996
vn -0.50309800000000005 -0.70269899999999996 -0.50309700000000002
vn -0.50309800000000005 -0.70269899999999996 -0.50309700000000002
vn -0.50309800000000005 -0.70269899999999996 -0.50309700000000002
vn -0.50309800000000005 -0.70269899999999996 -0.50309700000000002
vn -0.63393699999999997 -0.70269800000000004 -0.323017
vn -0.63393699999999997 -0.70269800000000004 -0.323017
vn -0.63393699999999997 -0.70269800000000004 -0.323017
vn -0.63393699999999997 -0.70269800000000004 -0.323017
vn -0.70272900000000005 -0.70269800000000004 -0.111301
vn -0.70272900000000005 -0.70269800000000004 -0.111301
vn -0.70272900000000005 -0.70269800000000004 -0.111301
vn -0.70272900000000005 -0.70269800000000004 -0.111301
vn -0.70272900000000005 -0.70269800000000004 0.111301
vn -0.70272900000000005 -0.70269800000000004 0.111301
vn -0.70272900000000005 -0.70269800000000004 0.111301
vn -0.70272900000000005 -0.70269800000000004 0.111301
vn -0.633938 -0.70270100000000002 0.32300800000000002
vn -0.633938 -0.70270100000000002 0.32300800000000002
vn -0.633938 -0.70270100000000002 0.32300800000000002
vn -0.633938 -0.70270100000000002 0.32300800000000002
vn -0.50310299999999997 -0.702704 0.50308600000000003
vn -0.50310299999999997 -0.702704 0.50308600000000003
vn -0.50310200000000005 -0.702704 0.50308600000000003
vn -0.50310200000000005 -0.702704 0.50308600000000003
vn -0.32301099999999999 -0.70269700000000002 0.63394099999999998
vn -0.32301099999999999 -0.70269700000000002 0.63394099999999998
vn -0.32301099999999999 -0.70269700000000002 0.63394099999999998
vn -0.32301099999999999 -0.70269700000000002 0.63394099999999998
vn -0.111294 -0.70270100000000002 0.70272699999999999
vn -0.111294 -0.70270100000000002 0.70272699999999999
vn -0.111294 -0.70270100000000002 0.70272699999999999
vn -0.111294 -0.70270100000000002 0.70272699999999999
vn 0.111294 -0.70270299999999997 0.70272500000000004
vn 0.111294 -0.70270299999999997 0.70272500000000004
vn 0.111294 -0.70270299999999997 0.70272500000000004
vn 0.111294 -0.70270299999999997 0.70272500000000004
vn 0.32301000000000002 -0.70269199999999998 0.63394700000000004
vn 0.32301000000000002 -0.70269199999999998 0.63394700000000004
vn 0.32301000000000002 -0.70269199999999998 0.63394700000000004
vn 0.32301000000000002 -0.70269199999999998 0.63394700000000004
vn 0.50309999999999999 -0.70269899999999996 0.50309499999999996
vn 0.50309999999999999 -0.70269899999999996 0.50309400000000004
vn 0.50309999999999999 -0.70269899999999996 0.50309400000000004
vn 0.50309999999999999 -0.70269899999999996 0.50309499999999996
vn 0.63393600000000006 -0.70269800000000004 0.32301800000000003
vn 0.63393600000000006 -0.70269800000000004 0.32301800000000003
vn 0.63393600000000006 -0.70269800000000004 0.32301800000000003
vn 0.63393600000000006 -0.70269800000000004 0.32301800000000003
vn 0.70272900000000005 -0.70269800000000004 0.111301
vn 0.70272900000000005 -0.70269800000000004 0.111301
vn 0.70272900000000005 -0.70269800000000004 0.111301
vn 0.70272900000000005 -0.70269800000000004 0.111301
vn 0.70272900000000005 -0.70269800000000004 -0.111301
vn 0.70272900000000005 -0.70269800000000004 -0.111301
vn 0.70272900000000005 -0.70269800000000004 -0.111301
vn 0.70272900000000005 -0.70269800000000004 -0.111301
vn 0.80613500000000005 -0.42594300000000002 -0.41075400000000001
vn 0.80613500000000005 -0.42594300000000002 -0.41075400000000001
vn 0.80613500000000005 -0.42594300000000002 -0.41075400000000001
vn 0.80613500000000005 -0.42594300000000002 -0.41075400000000001
vn 0.63975499999999996 -0.42594300000000002 -0.63975499999999996
vn 0.63975499999999996 -0.42594300000000002 -0.63975499999999996
vn 0.63975499999999996 -0.42594300000000002 -0.63975499999999996
vn 0.63975499999999996 -0.42594300000000002 -0.63975499999999996
vn 0.41076000000000001 -0.42594799999999999 -0.80612899999999998
vn 0.41076000000000001 -0.42594799999999999 -0.80612899999999998
vn 0.41076000000000001 -0.42594799999999999 -0.80612899999999998
vn 0.41076000000000001 -0.42594799999999999 -0.80612899999999998
vn 0.14152799999999999 -0.42594900000000002 -0.89360899999999999
vn 0.14152799999999999 -0.42594900000000002 -0.89360899999999999
vn 0.14152799999999999 -0.42594900000000002 -0.89360899999999999
vn 0.14152799999999999 -0.42594900000000002 -0.89360899999999999
vn -0.14152500000000001 -0.42593700000000001 -0.89361500000000005
vn -0.14152500000000001 -0.42593700000000001 -0.89361500000000005
vn -0.14152500000000001 -0.42593700000000001 -0.89361500000000005
vn -0.14152500000000001 -0.42593700000000001 -0.89361500000000005
vn -0.41075200000000001 -0.42593999999999999 -0.80613699999999999
vn -0.41075200000000001 -0.42593999999999999 -0.80613699999999999
vn -0.41075200000000001 -0.42593999999999999 -0.80613699999999999
vn -0.41075200000000001 -0.42593999999999999 -0.80613699999999999
vn -0.63975000000000004 -0.42593999999999999 -0.63976100000000002
vn -0.63975000000000004 -0.42593999999999999 -0.63976100000000002
vn -0.63975000000000004 -0.42593999999999999 -0.63976100000000002
vn -0.63975000000000004 -0.42593999999999999 -0.63976100000000002
vn -0.80613699999999999 -0.42594399999999999 -0.41075
vn -0.80613699999999999 -0.42594399999999999 -0.41075
vn -0.80613699999999999 -0.42594399999999999 -0.41075
vn -0.80613699999999999 -0.42594399999999999 -0.41075
vn -0.89361199999999996 -0.42594300000000002 -0.14152500000000001
vn -0.89361199999999996 -0.42594300000000002 -0.14152500000000001
vn -0.89361299999999999 -0.42594300000000002 -0.14152500000000001
vn -0.89361299999999999 -0.42594300000000002 -0.14152500000000001
vn -0.89361299999999999 -0.42594300000000002 0.14152400000000001
vn -0.89361299999999999 -0.42594300000000002 0.14152400000000001
vn -0.89361299999999999 -0.42594300000000002 0.14152400000000001
vn -0.89361299999999999 -0.42594300000000002 0.14152400000000001
vn -0.80613500000000005 -0.42594300000000002 0.41075499999999998
vn -0.80613500000000005 -0.42594300000000002 0.41075499999999998
vn -0.80613500000000005 -0.42594300000000002 0.41075499999999998
vn -0.80613500000000005 -0.42594300000000002 0.41075499999999998
vn -0.63975099999999996 -0.42593900000000001 0.63976100000000002
vn -0.63975099999999996 -0.42593900000000001 0.63976100000000002
vn -0.63975099999999996 -0.42593900000000001 0.63976100000000002
vn -0.63975099999999996 -0.42593900000000001 0.63976100000000002
vn -0.41075800000000001 -0.42594900000000002 0.80613000000000001
vn -0.41075800000000001 -0.42594900000000002 0.80613000000000001
vn -0.41075800000000001 -0.42594900000000002 0.80613000000000001
vn -0.41075800000000001 -0.42594900000000002 0.80613000000000001
vn -0.14152400000000001 -0.42594100000000001 0.89361299999999999
vn -0.14152400000000001 -0.42594199999999999 0.89361299999999999
vn -0.14152400000000001 -0.42594100000000001 0.89361299999999999
vn -0.14152400000000001 -0.42594100000000001 0.89361299999999999
vn 0.14152400000000001 -0.42594399999999999 0.89361199999999996
vn 0.14152400000000001 -0.42594399999999999 0.89361199999999996
vn 0.14152400000000001 -0.42594399999999999 0.89361199999999996
vn 0.14152400000000001 -0.42594399999999999 0.89361199999999996
vn 0.41075499999999998 -0.42594500000000002 0.80613299999999999
vn 0.41075499999999998 -0.42594500000000002 0.80613400000000002
vn 0.41075499999999998 -0.42594500000000002 0.80613299999999999
vn 0.41075499999999998 -0.42594500000000002 0.80613400000000002
vn 0.63975300000000002 -0.42593999999999999 0.63975899999999997
vn 0.63975300000000002 -0.42593999999999999 0.63975899999999997
vn 0.63975300000000002 -0.42593999999999999 0.63975899999999997
vn 0.63975300000000002 -0.42593999999999999 0.63975899999999997
vn 0.80613599999999996 -0.42594399999999999 0.41075200000000001
vn 0.80613599999999996 -0.42594399999999999 0.41075200000000001
vn 0.80613599999999996 -0.42594399999999999 0.41075200000000001
vn 0.80613599999999996 -0.42594399999999999 0.41075200000000001
vn 0.89361299999999999 -0.42594300000000002 0.14152400000000001
vn 0.89361199999999996 -0.42594300000000002 0.14152400000000001
vn 0.89361299999999999 -0.42594300000000002 0.14152400000000001
vn 0.89361299999999999 -0.42594300000000002 0.14152400000000001
vn 0.89361199999999996 -0.42594300000000002 -0.14152500000000001
vn 0.89361299999999999 -0.42594300000000002 -0.14152500000000001
vn 0.89361199999999996 -0.42594300000000002 -0.14152500000000001
vn 0.89361199999999996 -0.42594300000000002 -0.14152500000000001
vn 0.88124999999999998 -0.14752199999999999 -0.44903900000000002
vn 0.88124999999999998 -0.14752199999999999 -0.44903900000000002
vn 0.88124999999999998 -0.14752199999999999 -0.44903900000000002
vn 0.88124999999999998 -0.14752199999999999 -0.44903900000000002
vn 0.69937199999999999 -0.14752299999999999 -0.69936799999999999
vn 0.69937199999999999 -0.14752299999999999 -0.69936799999999999
vn 0.69937199999999999 -0.14752299999999999 -0.69936799999999999
vn 0.69937199999999999 -0.14752299999999999 -0.69936799999999999
vn 0.44903100000000001 -0.14752199999999999 -0.88125399999999998
vn 0.44903100000000001 -0.14752199999999999 -0.88125399999999998
vn 0.44903100000000001 -0.14752199999999999 -0.88125399999999998
vn 0.44903100000000001 -0.14752199999999999 -0.88125399999999998
vn 0.15471099999999999 -0.14752000000000001 -0.97688399999999997
vn 0.15471099999999999 -0.14752000000000001 -0.97688399999999997
vn 0.15471099999999999 -0.14752000000000001 -0.97688399999999997
vn 0.15471099999999999 -0.14752000000000001 -0.97688399999999997
vn -0.15470900000000001 -0.14751700000000001 -0.976885
vn -0.15470900000000001 -0.14751700000000001 -0.976885
vn -0.15470900000000001 -0.14751700000000001 -0.976885
vn -0.15470900000000001 -0.14751700000000001 -0.976885
vn -0.44902300000000001 -0.14751900000000001 -0.88125900000000001
vn -0.44902300000000001 -0.14751900000000001 -0.88125900000000001
vn -0.44902300000000001 -0.14751900000000001 -0.88125900000000001
vn -0.44902199999999998 -0.14751900000000001 -0.88125900000000001
vn -0.69936500000000001 -0.14752100000000001 -0.699376
vn -0.69936500000000001 -0.14752100000000001 -0.699376
vn -0.69936500000000001 -0.14752100000000001 -0.699376
vn -0.69936500000000001 -0.14752100000000001 -0.699376
vn -0.88125100000000001 -0.14752100000000001 -0.44903700000000002
vn -0.88125100000000001 -0.14752100000000001 -0.44903700000000002
vn -0.88125100000000001 -0.14752100000000001 -0.44903700000000002
vn -0.88125100000000001 -0.14752100000000001 -0.44903700000000002
vn -0.97688399999999997 -0.14752199999999999 -0.15470900000000001
vn -0.97688399999999997 -0.14752199999999999 -0.15470900000000001
vn -0.97688399999999997 -0.14752199999999999 -0.15470900000000001
vn -0.97688399999999997 -0.14752199999999999 -0.15470900000000001
vn -0.97688399999999997 -0.14752199999999999 0.15470999999999999
vn -0.97688399999999997 -0.14752199999999999 0.15470999999999999
vn -0.97688399999999997 -0.14752199999999999 0.15470999999999999
vn -0.97688399999999997 -0.14752199999999999 0.15470999999999999
vn -0.88124999999999998 -0.14752199999999999 0.44903900000000002
vn -0.88124999999999998 -0.14752199999999999 0.44903900000000002
vn -0.88124999999999998 -0.14752199999999999 0.44903900000000002
vn -0.88124999999999998 -0.14752199999999999 0.44903999999999999
vn -0.69936799999999999 -0.14752100000000001 0.69937199999999999
vn -0.69936799999999999 -0.14752100000000001 0.69937300000000002
vn -0.69936799999999999 -0.14752100000000001 0.69937199999999999
vn -0.69936799999999999 -0.14752100000000001 0.69937199999999999
vn -0.44902399999999998 -0.14752100000000001 0.88125799999999999
vn -0.44902399999999998 -0.14752100000000001 0.88125799999999999
vn -0.44902399999999998 -0.14752100000000001 0.88125799999999999
vn -0.44902399999999998 -0.14752100000000001 0.88125799999999999
vn -0.15471399999999999 -0.14752399999999999 0.97688299999999995
vn -0.15471399999999999 -0.14752399999999999 0.97688299999999995
vn -0.15471399999999999 -0.14752399999999999 0.97688299999999995
vn -0.15471399999999999 -0.14752399999999999 0.97688299999999995
vn 0.15470999999999999 -0.14752100000000001 0.97688399999999997
vn 0.15470999999999999 -0.14752100000000001 0.97688399999999997
vn 0.15470999999999999 -0.14752100000000001 0.97688399999999997
vn 0.15470999999999999 -0.14752100000000001 0.97688399999999997
vn 0.44902500000000001 -0.14752100000000001 0.88125699999999996
vn 0.44902500000000001 -0.14752100000000001 0.88125699999999996
vn 0.44902500000000001 -0.14752100000000001 0.88125699999999996
vn 0.44902500000000001 -0.14752100000000001 0.88125699999999996
vn 0.69936699999999996 -0.14752100000000001 0.69937300000000002
vn 0.69936699999999996 -0.14752100000000001 0.69937300000000002
vn 0.69936699999999996 -0.14752100000000001 0.69937300000000002
vn 0.69936699999999996 -0.14752100000000001 0.69937300000000002
vn 0.88124999999999998 -0.14752199999999999 0.44903799999999999
vn 0.88124999999999998 -0.14752199999999999 0.44903799999999999
vn 0.88124999999999998 -0.14752199999999999 0.44903799999999999
vn 0.88124999999999998 -0.14752199999999999 0.44903799999999999
vn 0.97688399999999997 -0.14752199999999999 0.15470800000000001
vn 0.97688399999999997 -0.14752199999999999 0.15470800000000001
vn 0.97688399999999997 -0.14752199999999999 0.15470800000000001
vn 0.97688399999999997 -0.14752199999999999 0.15470800000000001
vn 0.97688399999999997 -0.14752199999999999 -0.15470999999999999
vn 0.97688399999999997 -0.14752199999999999 -0.15470999999999999
vn 0.97688399999999997 -0.14752199999999999 -0.15470999999999999
vn 0.97688399999999997 -0.14752199999999999 -0.15470999999999999
vn 0.89100699999999999 0 -0.45399099999999998
vn 0.89100699999999999 0 -0.45399099999999998
vn 0.89100699999999999 0 -0.45399099999999998
vn 0.89100699999999999 0 -0.45399099999999998
vn 0.70710300000000004 0 -0.70711000000000002
vn 0.70710300000000004 0 -0.70711000000000002
vn 0.70710300000000004 0 -0.70711000000000002
vn 0.70710300000000004 0 -0.70711000000000002
vn 0.45399699999999998 0 -0.89100299999999999
vn 0.45399699999999998 0 -0.89100299999999999
vn 0.45399699999999998 0 -0.89100299999999999
vn 0.45399699999999998 0 -0.89100299999999999
vn 0.15642700000000001 0 -0.98768999999999996
vn 0.15642700000000001 0 -0.98768999999999996
vn 0.15642700000000001 0 -0.98768999999999996
vn 0.15642700000000001 0 -0.98768999999999996
vn -0.15642700000000001 0 -0.98768999999999996
vn -0.15642700000000001 0 -0.98768999999999996
vn -0.15642700000000001 0 -0.98768999999999996
vn -0.15642700000000001 0 -0.98768999999999996
vn -0.45400200000000002 0 -0.89100100000000004
vn -0.45400200000000002 0 -0.89100100000000004
vn -0.45400200000000002 0 -0.89100100000000004
vn -0.45400200000000002 0 -0.89100100000000004
vn -0.70710899999999999 0 -0.70710399999999995
vn -0.70710899999999999 0 -0.70710399999999995
vn -0.70710899999999999 0 -0.70710399999999995
vn -0.70710899999999999 0 -0.70710399999999995
vn -0.89100699999999999 0 -0.45399
vn -0.89100699999999999 0 -0.45399
vn -0.89100699999999999 0 -0.45399
vn -0.89100699999999999 0 -0.45399
vn -0.98768999999999996 0 -0.156421
vn -0.98768999999999996 0 -0.156421
vn -0.98768999999999996 0 -0.156421
vn -0.98768999999999996 0 -0.156421
vn -0.98769099999999999 0 0.156421
vn -0.98769099999999999 0 0.156421
vn -0.98769099999999999 0 0.156421
vn -0.98769099999999999 0 0.156421
vn -0.89100599999999996 0 0.45399099999999998
vn -0.89100599999999996 0 0.45399099999999998
vn -0.89100599999999996 0 0.45399099999999998
vn -0.89100599999999996 0 0.45399099999999998
vn -0.70711199999999996 0 0.70710200000000001
vn -0.70711199999999996 0 0.70710200000000001
vn -0.70711199999999996 0 0.70710200000000001
vn -0.70711199999999996 0 0.70710200000000001
vn -0.45399099999999998 0 0.89100599999999996
vn -0.45399099999999998 0 0.89100599999999996
vn -0.45399099999999998 0 0.89100599999999996
vn -0.45399099999999998 0 0.89100599999999996
vn -0.15642500000000001 0 0.98768999999999996
vn -0.15642500000000001 0 0.98768999999999996
vn -0.15642500000000001 0 0.98768999999999996
vn -0.15642500000000001 0 0.98768999999999996
vn 0.15642500000000001 0 0.98768999999999996
vn 0.15642500000000001 0 0.98768999999999996
vn 0.15642500000000001 0 0.98768999999999996
vn 0.15642500000000001 0 0.98768999999999996
vn 0.45400000000000001 0 0.89100199999999996
vn 0.45400000000000001 0 0.89100199999999996
vn 0.45400000000000001 0 0.89100199999999996
vn 0.45400000000000001 0 0.89100199999999996
vn 0.70711199999999996 0 0.70710099999999998
vn 0.70711199999999996 0 0.70710099999999998
vn 0.70711199999999996 0 0.70710099999999998
vn 0.70711199999999996 0 0.70710099999999998
vn 0.89100599999999996 0 0.45399200000000001
vn 0.89100599999999996 0 0.45399200000000001
vn 0.89100599999999996 0 0.45399200000000001
vn 0.89100599999999996 0 0.45399200000000001
vn 0.98769099999999999 0 0.156421
vn 0.98769099999999999 0 0.156421
vn 0.98769099999999999 0 0.156421
vn 0.98769099999999999 0 0.156421
vn 0.98768999999999996 0 -0.156421
vn 0.98768999999999996 0 -0.156421
vn 0.98768999999999996 0 -0.156421
vn 0.98768999999999996 0 -0.156421
vn 0.850935 0.29650100000000001 -0.433587
vn 0.850935 0.29650100000000001 -0.433587
vn 0.850935 0.29650100000000001 -0.433587
vn 0.850935 0.29650100000000001 -0.433587
vn 0.67531200000000002 0.29650199999999999 -0.67530699999999999
vn 0.67531200000000002 0.29650199999999999 -0.67530699999999999
vn 0.67531200000000002 0.29650199999999999 -0.67530699999999999
vn 0.67531200000000002 0.29650199999999999 -0.67530699999999999
vn 0.433589 0.29650500000000002 -0.85093200000000002
vn 0.433589 0.29650500000000002 -0.85093200000000002
vn 0.433589 0.29650500000000002 -0.85093200000000002
vn 0.433589 0.29650500000000002 -0.85093200000000002
vn 0.149392 0.29650300000000002 -0.94327499999999997
vn 0.149392 0.29650300000000002 -0.94327499999999997
vn 0.149392 0.29650300000000002 -0.94327499999999997
vn 0.149392 0.29650300000000002 -0.94327499999999997
vn -0.149391 0.29649900000000001 -0.94327700000000003
vn -0.149391 0.29649900000000001 -0.94327700000000003
vn -0.149391 0.29649900000000001 -0.94327700000000003
vn -0.149391 0.29649900000000001 -0.94327700000000003
vn -0.43357800000000002 0.29649799999999998 -0.85094000000000003
vn -0.43357800000000002 0.29649799999999998 -0.85094000000000003
vn -0.43357800000000002 0.29649799999999998 -0.85094000000000003
vn -0.43357800000000002 0.29649799999999998 -0.85094000000000003
vn -0.67530599999999996 0.29649999999999999 -0.675315
vn -0.67530599999999996 0.29649999999999999 -0.675315
vn -0.67530599999999996 0.29649999999999999 -0.675315
vn -0.67530599999999996 0.29649999999999999 -0.675315
vn -0.850935 0.29649999999999999 -0.43358600000000003
vn -0.850935 0.29649999999999999 -0.43358600000000003
vn -0.850935 0.29649999999999999 -0.43358600000000003
vn -0.850935 0.29649999999999999 -0.43358600000000003
vn -0.943276 0.29650100000000001 -0.14938699999999999
vn -0.943276 0.29650100000000001 -0.14938699999999999
vn -0.943276 0.29650100000000001 -0.14938699999999999
vn -0.943276 0.29650100000000001 -0.14938699999999999
vn -0.943276 0.29650100000000001 0.14939
vn -0.943276 0.29650100000000001 0.14939
vn -0.943276 0.29650100000000001 0.14939
vn -0.943276 0.29650100000000001 0.14939
vn -0.85093399999999997 0.29650100000000001 0.43358799999999997
vn -0.85093399999999997 0.29650100000000001 0.43358799999999997
vn -0.85093399999999997 0.29650100000000001 0.43358799999999997
vn -0.85093399999999997 0.29650100000000001 0.43358799999999997
vn -0.67530800000000002 0.29649999999999999 0.67531200000000002
vn -0.67530800000000002 0.29649999999999999 0.67531200000000002
vn -0.67530800000000002 0.29649999999999999 0.67531200000000002
vn -0.67530800000000002 0.29649999999999999 0.67531200000000002
vn -0.43357899999999999 0.29650100000000001 0.850939
vn -0.43357899999999999 0.29650100000000001 0.85093799999999997
vn -0.43357899999999999 0.29650100000000001 0.85093799999999997
vn -0.43357899999999999 0.29650100000000001 0.850939
vn -0.14938699999999999 0.29649700000000001 0.94327799999999995
vn -0.14938699999999999 0.29649700000000001 0.94327799999999995
vn -0.14938699999999999 0.29649700000000001 0.94327799999999995
vn -0.14938699999999999 0.29649700000000001 0.94327799999999995
vn 0.14939 0.29650300000000002 0.943276
vn 0.14939 0.29650300000000002 0.943276
vn 0.14939 0.29650300000000002 0.943276
vn 0.14939 0.29650300000000002 0.943276
vn 0.43357800000000002 0.29649900000000001 0.85094000000000003
vn 0.43357800000000002 0.29649900000000001 0.85094000000000003
vn 0.43357800000000002 0.29649900000000001 0.85094000000000003
vn 0.43357800000000002 0.29649900000000001 0.85094000000000003
vn 0.67530900000000005 0.29649999999999999 0.67531200000000002
vn 0.67530900000000005 0.29649999999999999 0.67531200000000002
vn 0.67530900000000005 0.29649999999999999 0.67531200000000002
vn 0.67530900000000005 0.29649999999999999 0.67531200000000002
vn 0.85093399999999997 0.29650100000000001 0.43358799999999997
vn 0.85093399999999997 0.29650100000000001 0.43358799999999997
vn 0.85093399999999997 0.29650100000000001 0.43358799999999997
vn 0.85093399999999997 0.29650100000000001 0.43358799999999997
vn 0.94327700000000003 0.29650100000000001 0.14938599999999999
vn 0.94327700000000003 0.29650100000000001 0.14938599999999999
vn 0.94327700000000003 0.29650100000000001 0.14938599999999999
vn 0.94327700000000003 0.29650100000000001 0.14938599999999999
vn 0.943276 0.29650100000000001 -0.14939
vn 0.943276 0.29650100000000001 -0.14939
vn 0.943276 0.29650100000000001 -0.14939
vn 0.943276 0.29650100000000001 -0.14939
vn 0.70671499999999998 0.60900799999999999 -0.36008800000000002
vn 0.70671499999999998 0.60900799999999999 -0.36008800000000002
vn 0.70671499999999998 0.60900799999999999 -0.36008800000000002
vn 0.70671499999999998 0.60900799999999999 -0.36008800000000002
vn 0.56085499999999999 0.60900900000000002 -0.56084800000000001
vn 0.56085499999999999 0.60900799999999999 -0.56084800000000001
vn 0.56085499999999999 0.60900799999999999 -0.56084800000000001
vn 0.56085499999999999 0.60900900000000002 -0.56084800000000001
vn 0.360093 0.60900100000000001 -0.70671799999999996
vn 0.360093 0.60900100000000001 -0.70671799999999996
vn 0.360093 0.60900100000000001 -0.70671799999999996
vn 0.360093 0.60900100000000001 -0.70671799999999996
vn 0.124069 0.60899499999999995 -0.78341000000000005
vn 0.124069 0.60899499999999995 -0.78341000000000005
vn 0.124069 0.60899499999999995 -0.78341000000000005
vn 0.124069 0.60899499999999995 -0.78341000000000005
vn -0.124072 0.60900699999999997 -0.78340100000000001
vn -0.124072 0.60900699999999997 -0.78340100000000001
vn -0.124072 0.60900699999999997 -0.78340100000000001
vn -0.124072 0.60900699999999997 -0.78340100000000001
vn -0.36009799999999997 0.60901099999999997 -0.70670699999999997
vn -0.36009799999999997 0.60901099999999997 -0.70670699999999997
vn -0.36009799999999997 0.60901099999999997 -0.70670699999999997
vn -0.36009799999999997 0.60901099999999997 -0.70670699999999997
vn -0.56084999999999996 0.60900399999999999 -0.56085700000000005
vn -0.56085099999999999 0.60900399999999999 -0.56085700000000005
vn -0.56085099999999999 0.60900399999999999 -0.56085700000000005
vn -0.56084999999999996 0.60900399999999999 -0.56085700000000005
vn -0.70671300000000004 0.60900699999999997 -0.36009400000000003
vn -0.70671300000000004 0.60900699999999997 -0.36009400000000003
vn -0.70671300000000004 0.60900699999999997 -0.36009400000000003
vn -0.70671300000000004 0.60900699999999997 -0.36009400000000003
vn -0.78340200000000004 0.60900600000000005 -0.124073
vn -0.78340200000000004 0.60900600000000005 -0.124073
vn -0.78340200000000004 0.60900600000000005 -0.124073
vn -0.78340200000000004 0.60900600000000005 -0.124073
vn -0.78340200000000004 0.60900600000000005 0.12406499999999999
vn -0.78340200000000004 0.60900600000000005 0.12406499999999999
vn -0.78340200000000004 0.60900600000000005 0.12406499999999999
vn -0.78340200000000004 0.60900600000000005 0.12406499999999999
vn -0.70671399999999995 0.60900799999999999 0.36008899999999999
vn -0.70671399999999995 0.60900799999999999 0.36008800000000002
vn -0.70671399999999995 0.60900799999999999 0.36008899999999999
vn -0.70671399999999995 0.60900799999999999 0.36008899999999999
vn -0.56085200000000002 0.60900399999999999 0.56085499999999999
vn -0.56085200000000002 0.60900399999999999 0.56085499999999999
vn -0.56085200000000002 0.60900399999999999 0.56085499999999999
vn -0.56085200000000002 0.60900399999999999 0.56085499999999999
vn -0.36009099999999999 0.60900299999999996 0.70671799999999996
vn -0.36009099999999999 0.60900299999999996 0.70671799999999996
vn -0.36009099999999999 0.60900299999999996 0.70671799999999996
vn -0.36009099999999999 0.60900299999999996 0.70671799999999996
vn -0.12407 0.60900799999999999 0.78339999999999999
vn -0.12407 0.60900799999999999 0.78339999999999999
vn -0.12407 0.60900799999999999 0.78339999999999999
vn -0.12407 0.60900799999999999 0.78340100000000001
vn 0.124072 0.60901899999999998 0.78339199999999998
vn 0.124072 0.60901899999999998 0.78339099999999995
vn 0.124072 0.60901899999999998 0.78339199999999998
vn 0.124072 0.60901899999999998 0.78339099999999995
vn 0.360097 0.60901099999999997 0.706708
vn 0.360097 0.60901099999999997 0.706708
vn 0.360097 0.60901099999999997 0.706708
vn 0.360097 0.60901099999999997 0.706708
vn 0.56085200000000002 0.60900399999999999 0.56085499999999999
vn 0.56085200000000002 0.60900399999999999 0.56085499999999999
vn 0.56085200000000002 0.60900399999999999 0.56085499999999999
vn 0.56085200000000002 0.60900399999999999 0.56085499999999999
vn 0.70671200000000001 0.60900699999999997 0.360095
vn 0.70671200000000001 0.60900699999999997 0.360095
vn 0.70671200000000001 0.60900699999999997 0.360095
vn 0.70671200000000001 0.60900699999999997 0.360095
vn 0.78340100000000001 0.60900600000000005 0.124072
vn 0.78340100000000001 0.60900600000000005 0.124072
vn 0.78340100000000001 0.60900600000000005 0.124072
vn 0.78340100000000001 0.60900600000000005 0.124072
vn 0.78340200000000004 0.60900600000000005 -0.124066
vn 0.78340200000000004 0.60900600000000005 -0.124066
vn 0.78340200000000004 0.60900600000000005 -0.124066
vn 0.78340200000000004 0.60900600000000005 -0.124066
vn 0.482595 0.840611 -0.245917
vn 0.482595 0.840611 -0.245917
vn 0.482595 0.840611 -0.245917
vn 0.482595 0.840611 -0.245917
vn 0.38299299999999997 0.84061399999999997 -0.382994
vn 0.38299299999999997 0.84061399999999997 -0.382994
vn 0.38299299999999997 0.84061399999999997 -0.382994
vn 0.38299299999999997 0.84061399999999997 -0.382994
vn 0.24590100000000001 0.84061399999999997 -0.48259800000000003
vn 0.24590100000000001 0.84061399999999997 -0.48259800000000003
vn 0.24590100000000001 0.84061399999999997 -0.482597
vn 0.24590100000000001 0.84061399999999997 -0.48259800000000003
vn 0.084724999999999995 0.84060999999999997 -0.53497399999999995
vn 0.084724999999999995 0.84060999999999997 -0.53497399999999995
vn 0.084724999999999995 0.84060999999999997 -0.53497399999999995
vn 0.084724999999999995 0.84060999999999997 -0.53497399999999995
vn -0.084724999999999995 0.840611 -0.53497099999999997
vn -0.084724999999999995 0.840611 -0.53497099999999997
vn -0.084724999999999995 0.840611 -0.53497099999999997
vn -0.084724999999999995 0.840611 -0.53497099999999997
vn -0.24590000000000001 0.84061300000000005 -0.48259999999999997
vn -0.24590000000000001 0.84061300000000005 -0.48259999999999997
vn -0.24590000000000001 0.84061300000000005 -0.48259999999999997
vn -0.24590000000000001 0.84061300000000005 -0.48259999999999997
vn -0.38299299999999997 0.84061399999999997 -0.382994
vn -0.38299299999999997 0.84061399999999997 -0.382994
vn -0.38299299999999997 0.84061399999999997 -0.382994
vn -0.38299299999999997 0.84061399999999997 -0.382994
vn -0.482597 0.84061399999999997 -0.24590200000000001
vn -0.482597 0.84061399999999997 -0.24590200000000001
vn -0.482597 0.84061399999999997 -0.24590200000000001
vn -0.482597 0.84061399999999997 -0.24590200000000001
vn -0.53496600000000005 0.84061399999999997 -0.084728999999999999
vn -0.53496600000000005 0.84061399999999997 -0.084728999999999999
vn -0.53496600000000005 0.84061399999999997 -0.084728999999999999
vn -0.53496600000000005 0.84061399999999997 -0.084728999999999999
vn -0.53496699999999997 0.840615 0.084713999999999998
vn -0.53496699999999997 0.840615 0.084713999999999998
vn -0.53496699999999997 0.840615 0.084713999999999998
vn -0.53496699999999997 0.840615 0.084713999999999998
vn -0.482595 0.840611 0.245917
vn -0.482595 0.840611 0.245917
vn -0.482595 0.840611 0.245917
vn -0.482595 0.840611 0.245917
vn -0.382994 0.84061399999999997 0.382992
vn -0.382994 0.84061399999999997 0.382992
vn -0.382994 0.84061399999999997 0.382992
vn -0.382994 0.84061399999999997 0.382992
vn -0.24590000000000001 0.840615 0.48259600000000002
vn -0.24590000000000001 0.840615 0.48259600000000002
vn -0.24590000000000001 0.840615 0.48259600000000002
vn -0.24590000000000001 0.840615 0.48259600000000002
vn -0.084723999999999994 0.84060999999999997 0.53497300000000003
vn -0.084723999999999994 0.84060999999999997 0.53497300000000003
vn -0.084723999999999994 0.84060999999999997 0.53497300000000003
vn -0.084723999999999994 0.84060999999999997 0.53497300000000003
vn 0.084723999999999994 0.84060800000000002 0.53497600000000001
vn 0.084723999999999994 0.84060900000000005 0.53497600000000001
vn 0.084723999999999994 0.84060800000000002 0.53497600000000001
vn 0.084723999999999994 0.84060800000000002 0.53497600000000001
vn 0.24590000000000001 0.84061300000000005 0.48259999999999997
vn 0.24590000000000001 0.84061300000000005 0.48259999999999997
vn 0.24590000000000001 0.84061300000000005 0.48259999999999997
vn 0.24590000000000001 0.84061300000000005 0.48259999999999997
vn 0.382994 0.84061399999999997 0.382992
vn 0.382994 0.84061399999999997 0.382992
vn 0.382994 0.84061399999999997 0.382992
vn 0.382994 0.84061399999999997 0.382992
vn 0.482597 0.84061399999999997 0.24590300000000001
vn 0.482597 0.84061399999999997 0.24590300000000001
vn 0.482597 0.84061399999999997 0.24590300000000001
vn 0.482597 0.84061399999999997 0.24590300000000001
vn 0.53496699999999997 0.84061399999999997 0.084728999999999999
vn 0.53496699999999997 0.84061399999999997 0.084728999999999999
vn 0.53496699999999997 0.84061399999999997 0.084728999999999999
vn 0.53496699999999997 0.84061399999999997 0.084728999999999999
vn 0.53496699999999997 0.840615 -0.084713999999999998
vn 0.53496699999999997 0.840615 -0.084713999999999998
vn 0.53496699999999997 0.840615 -0.084713999999999998
vn 0.53496699999999997 0.840615 -0.084713999999999998
vn 0.26496199999999998 0.95475699999999997 -0.13503299999999999
vn 0.26496199999999998 0.95475699999999997 -0.13503299999999999
vn 0.26496199999999998 0.95475699999999997 -0.13503299999999999
vn 0.26496199999999998 0.95475699999999997 -0.13503299999999999
vn 0.21027599999999999 0.95475699999999997 -0.21029300000000001
vn 0.21027599999999999 0.95475699999999997 -0.21029300000000001
vn 0.21027599999999999 0.95475699999999997 -0.21029300000000001
vn 0.21027599999999999 0.95475699999999997 -0.21029300000000001
vn 0.13500799999999999 0.954758 -0.26497300000000001
vn 0.13500799999999999 0.954758 -0.26497300000000001
vn 0.13500799999999999 0.954758 -0.26497300000000001
vn 0.13500799999999999 0.954758 -0.26497300000000001
vn 0.046517000000000003 0.95475600000000005 -0.29372900000000002
vn 0.046517000000000003 0.95475600000000005 -0.29372900000000002
vn 0.046517000000000003 0.95475600000000005 -0.29372900000000002
vn 0.046517000000000003 0.95475600000000005 -0.29372900000000002
vn -0.046517999999999997 0.95476399999999995 -0.29370299999999999
vn -0.046517999999999997 0.95476399999999995 -0.29370299999999999
vn -0.046517999999999997 0.95476399999999995 -0.29370299999999999
vn -0.046517999999999997 0.95476399999999995 -0.29370299999999999
vn -0.13500799999999999 0.95475900000000002 -0.26496700000000001
vn -0.13500799999999999 0.95475900000000002 -0.26496700000000001
vn -0.13500799999999999 0.95475900000000002 -0.26496700000000001
vn -0.13500799999999999 0.95475900000000002 -0.26496700000000001
vn -0.21027599999999999 0.95476000000000005 -0.21027999999999999
vn -0.21027599999999999 0.95476000000000005 -0.21027999999999999
vn -0.21027599999999999 0.95476000000000005 -0.21027999999999999
vn -0.21027599999999999 0.95476000000000005 -0.21027999999999999
vn -0.26496199999999998 0.95475699999999997 -0.13503299999999999
vn -0.26496199999999998 0.95475699999999997 -0.13503299999999999
vn -0.26496199999999998 0.95475699999999997 -0.13503299999999999
vn -0.26496199999999998 0.95475699999999997 -0.13503299999999999
vn -0.29371599999999998 0.954762 -0.046489000000000003
vn -0.29371599999999998 0.954762 -0.046489000000000003
vn -0.29371599999999998 0.954762 -0.046489000000000003
vn -0.29371599999999998 0.954762 -0.046489000000000003
vn -0.293715 0.95476099999999997 0.046514
vn -0.293715 0.95476099999999997 0.046514
vn -0.293715 0.95476099999999997 0.046514
vn -0.293715 0.95476099999999997 0.046514
vn -0.26496199999999998 0.95475699999999997 0.13503399999999999
vn -0.26496199999999998 0.95475699999999997 0.13503399999999999
vn -0.26496199999999998 0.95475699999999997 0.13503399999999999
vn -0.26496199999999998 0.95475699999999997 0.13503399999999999
vn -0.21027599999999999 0.95475699999999997 0.21029200000000001
vn -0.21027599999999999 0.95475699999999997 0.21029200000000001
vn -0.21027599999999999 0.95475699999999997 0.21029200000000001
vn -0.21027599999999999 0.95475699999999997 0.21029200000000001
vn -0.13500799999999999 0.95476099999999997 0.26495999999999997
vn -0.13500799999999999 0.95476099999999997 0.26495999999999997
vn -0.13500799999999999 0.95476099999999997 0.26495999999999997
vn -0.13500799999999999 0.95476099999999997 0.26495999999999997
vn -0.046517000000000003 0.95476499999999997 0.29370099999999999
vn -0.046517000000000003 0.95476499999999997 0.29370099999999999
vn -0.046517000000000003 0.95476499999999997 0.29370099999999999
vn -0.046517000000000003 0.95476499999999997 0.29370099999999999
vn 0.046517000000000003 0.95476000000000005 0.29371700000000001
vn 0.046517000000000003 0.95476000000000005 0.29371700000000001
vn 0.046517000000000003 0.95476000000000005 0.29371700000000001
vn 0.046517000000000003 0.95476000000000005 0.29371700000000001
vn 0.13500799999999999 0.95475900000000002 0.26496700000000001
vn 0.13500799999999999 0.95475900000000002 0.26496700000000001
vn 0.13500799999999999 0.95475900000000002 0.26496700000000001
vn 0.13500799999999999 0.95475900000000002 0.26496700000000001
vn 0.21027699999999999 0.95476000000000005 0.21027899999999999
vn 0.21027699999999999 0.95476000000000005 0.21027899999999999
vn 0.21027699999999999 0.95476000000000005 0.21027899999999999
vn 0.21027699999999999 0.95476000000000005 0.21027999999999999
vn 0.26496199999999998 0.95475699999999997 0.13503399999999999
vn 0.26496199999999998 0.95475699999999997 0.13503399999999999
vn 0.26496199999999998 0.95475699999999997 0.13503399999999999
vn 0.26496199999999998 0.95475699999999997 0.13503399999999999
vn 0.29371599999999998 0.954762 0.046488000000000002
vn 0.29371599999999998 0.954762 0.046488000000000002
vn 0.29371599999999998 0.954762 0.046488000000000002
vn 0.29371599999999998 0.954762 0.046488000000000002
vn 0.293715 0.95476000000000005 -0.046514
vn 0.293715 0.95476000000000005 -0.046514
vn 0.293715 0.95476099999999997 -0.046514
vn 0.293715 0.95476000000000005 -0.046514
vn 0.13264699999999999 0.98885299999999998 -0.067636000000000002
vn 0.13264699999999999 0.98885299999999998 -0.067636000000000002
vn 0.13264699999999999 0.98885299999999998 -0.067636000000000002
vn 0.13264699999999999 0.98885299999999998 -0.067636000000000002
vn 0.10527 0.98885800000000001 -0.105254
vn 0.10527 0.98885800000000001 -0.105254
vn 0.10527 0.98885800000000001 -0.105254
vn 0.10527 0.98885800000000001 -0.105254
vn 0.067588999999999996 0.98885800000000001 -0.132633
vn 0.067588999999999996 0.98885800000000001 -0.132633
vn 0.067588999999999996 0.98885800000000001 -0.132633
vn 0.067588999999999996 0.98885800000000001 -0.132633
vn 0.023288 0.98885100000000004 -0.14707400000000001
vn 0.023288 0.98885100000000004 -0.14707400000000001
vn 0.023288 0.98885100000000004 -0.14707400000000001
vn 0.023288 0.98885100000000004 -0.14707400000000001
vn -0.023288 0.98885500000000004 -0.14704600000000001
vn -0.023288 0.98885599999999996 -0.14704600000000001
vn -0.023288 0.98885599999999996 -0.14704600000000001
vn -0.023288 0.98885599999999996 -0.14704600000000001
vn -0.067587999999999995 0.98885599999999996 -0.13264500000000001
vn -0.067587999999999995 0.98885599999999996 -0.13264500000000001
vn -0.067587999999999995 0.98885699999999999 -0.13264500000000001
vn -0.067587999999999995 0.98885599999999996 -0.13264500000000001
vn -0.10527 0.98885800000000001 -0.105254
vn -0.10527 0.98885800000000001 -0.105254
vn -0.10527 0.98885800000000001 -0.105254
vn -0.10527 0.98885800000000001 -0.105254
vn -0.13264699999999999 0.98885500000000004 -0.067611000000000004
vn -0.13264699999999999 0.98885500000000004 -0.067611000000000004
vn -0.13264699999999999 0.98885500000000004 -0.067611000000000004
vn -0.13264699999999999 0.98885500000000004 -0.067611000000000004
vn -0.14704100000000001 0.98885599999999996 -0.023285
vn -0.14704100000000001 0.98885599999999996 -0.023285
vn -0.14704100000000001 0.98885599999999996 -0.023285
vn -0.14704100000000001 0.98885599999999996 -0.023285
vn -0.14704100000000001 0.98885599999999996 0.023285
vn -0.14704100000000001 0.98885599999999996 0.023285
vn -0.14704100000000001 0.98885599999999996 0.023285
vn -0.14704100000000001 0.98885599999999996 0.023285
vn -0.13264699999999999 0.98885299999999998 0.067636000000000002
vn -0.13264699999999999 0.98885299999999998 0.067636000000000002
vn -0.13264699999999999 0.98885299999999998 0.067636000000000002
vn -0.13264699999999999 0.98885299999999998 0.067636000000000002
vn -0.10527 0.98885500000000004 0.105278
vn -0.10527 0.98885500000000004 0.105278
vn -0.10527 0.98885500000000004 0.105278
vn -0.10527 0.98885500000000004 0.105278
vn -0.067587999999999995 0.98885199999999995 0.13268099999999999
vn -0.067587999999999995 0.98885199999999995 0.13268099999999999
vn -0.067587999999999995 0.98885199999999995 0.13268099999999999
vn -0.067587999999999995 0.98885199999999995 0.13268099999999999
vn -0.023288 0.98885299999999998 0.147063
vn -0.023288 0.98885299999999998 0.147063
vn -0.023288 0.98885299999999998 0.147063
vn -0.023288 0.98885299999999998 0.147063
vn 0.023288 0.98885599999999996 0.14704500000000001
vn 0.023288 0.98885599999999996 0.14704500000000001
vn 0.023288 0.98885599999999996 0.14704500000000001
vn 0.023288 0.98885599999999996 0.14704500000000001
vn 0.067587999999999995 0.98885500000000004 0.132657
vn 0.067587999999999995 0.98885500000000004 0.132657
vn 0.067587999999999995 0.98885500000000004 0.132657
vn 0.067587999999999995 0.98885500000000004 0.132657
vn 0.10527 0.98885800000000001 0.105254
vn 0.10527 0.98885800000000001 0.105254
vn 0.10527 0.98885800000000001 0.105254
vn 0.10527 0.98885800000000001 0.105254
vn 0.13264699999999999 0.98885500000000004 0.067611000000000004
vn 0.13264699999999999 0.98885500000000004 0.067611000000000004
vn 0.13264699999999999 0.98885500000000004 0.067611000000000004
vn 0.13264699999999999 0.98885500000000004 0.067611000000000004
vn 0.14704100000000001 0.98885599999999996 0.023285
vn 0.14704100000000001 0.98885599999999996 0.023285
vn 0.14704100000000001 0.98885599999999996 0.023285
vn 0.14704100000000001 0.98885599999999996 0.023285
vn 0.14704100000000001 0.98885599999999996 -0.023285
vn 0.14704100000000001 0.98885599999999996 -0.023285
vn 0.14704100000000001 0.98885599999999996 -0.023285
vn 0.14704100000000001 0.98885599999999996 -0.023285
vn 0 1 0
vn 0 1 0
vn 0 1 0
vn 0 1 0
vn 0 1 4.8999999999999998e-005
vn 0 1 4.8999999999999998e-005
vn 0 1 4.8999999999999998e-005
vn 0 1 4.8999999999999998e-005
vn 0 1 0
vn 0 1 0
vn 0 1 0
vn 0 1 0
vn 0 1 0
vn 0 1 0
vn 0 1 0
vn 0 1 0
vn 0 1 1.7e-005
vn 0 1 1.7e-005
vn 0 1 1.7e-005
vn 0 1 1.7e-005
vn 0 1 -2.4000000000000001e-005
vn 0 1 -2.4000000000000001e-005
vn 0 1 -2.4000000000000001e-005
vn 0 1 -2.4000000000000001e-005
vn 0 1 0
vn 0 1 0
vn 0 1 0
vn 0 1 0
vn 0 1 4.8999999999999998e-005
vn 0 1 4.8999999999999998e-005
vn 0 1 4.8999999999999998e-005
vn 0 1 4.8999999999999998e-005
vn 0 1 0
vn 0 1 0
vn 0 1 0
vn 0 1 0
vn 0 1 0
vn 0 1 0
vn 0 1 0
vn 0 1 0
vn 0 1 0
vn 0 1 0
vn 0 1 0
vn 0 1 0
vn 0 1 -4.8999999999999998e-005
vn 0 1 -4.8999999999999998e-005
vn 0 1 -4.8999999999999998e-005
vn 0 1 -4.8999999999999998e-005
vn 0 1 4.8999999999999998e-005
vn 0 1 4.8999999999999998e-005
vn 0 1 4.8999999999999998e-005
vn 0 1 4.8999999999999998e-005
vn 0 1 0
vn 0 1 0
vn 0 1 0
vn 0 1 0
vn 0 1 1.9000000000000001e-005
vn 0 1 1.9000000000000001e-005
vn 0 1 1.9000000000000001e-005
vn 0 1 1.9000000000000001e-005
vn 0 1 2.4000000000000001e-005
vn 0 1 2.4000000000000001e-005
vn 0 1 2.4000000000000001e-005
vn 0 1 2.4000000000000001e-005
vn 0 1 0
vn 0 1 0
vn 0 1 0
vn 0 1 0
vn 0 1 -4.8999999999999998e-005
vn 0 1 -4.8999999999999998e-005
vn 0 1 -4.8999999999999998e-005
vn 0 1 -4.8999999999999998e-005
vn 0 1 0
vn 0 1 0
vn 0 1 0
vn 0 1 0
vn 0 1 0
vn 0 1 0
vn 0 1 0
vn 0 1 0
vn 0 1 -1.5999999999999999e-005
vn 0 1 -1.5999999999999999e-005
vn 0 1 -1.5999999999999999e-005
vn 0 1 -1.5999999999999999e-005
vn 0 1 -1.5999999999999999e-005
vn 0 1 -1.5999999999999999e-005
vn 0 1 -1.5999999999999999e-005
vn 0 1 -1.5999999999999999e-005
vn 0 1 -1.5999999999999999e-005
vn 0 1 -1.5999999999999999e-005
vn 0 1 -1.5999999999999999e-005
vn 0 1 -1.5999999999999999e-005
vn 0 1 -1.5999999999999999e-005
vn 0 1 -1.5999999999999999e-005
vn 0 1 -1.5999999999999999e-005
vn 0 1 -1.5999999999999999e-005
vn 0 1 -1.5999999999999999e-005
vn 0 1 -1.5999999999999999e-005
vn 0 1 -1.5999999999999999e-005
vn 0 1 -1.5999999999999999e-005
vn 0.59315399999999996 -0.78168099999999996 -0.19272600000000001
vn 0.50456599999999996 -0.78168099999999996 -0.366589
vn 0.50456599999999996 -0.78168099999999996 -0.366589
vn 0.59315399999999996 -0.78168099999999996 -0.19272700000000001
vn 0.36658800000000002 -0.78168199999999999 -0.50456599999999996
vn 0.36658800000000002 -0.78168099999999996 -0.50456599999999996
vn 0.19272600000000001 -0.78168300000000002 -0.59315200000000001
vn 0.19272600000000001 -0.78168300000000002 -0.59315200000000001
vn -0 -0.78168400000000005 -0.62367499999999998
vn -0 -0.78168400000000005 -0.62367499999999998
vn -0.19272700000000001 -0.78168300000000002 -0.59315099999999998
vn -0.19272700000000001 -0.78168300000000002 -0.59315099999999998
vn -0.366589 -0.78168099999999996 -0.50456599999999996
vn -0.366589 -0.78168099999999996 -0.50456599999999996
vn -0.50456599999999996 -0.78168099999999996 -0.366589
vn -0.50456599999999996 -0.78168099999999996 -0.366589
vn -0.59315200000000001 -0.78168199999999999 -0.19272700000000001
vn -0.59315300000000004 -0.78168199999999999 -0.19272700000000001
vn -0.62367700000000004 -0.78168199999999999 -0
vn -0.62367700000000004 -0.78168199999999999 -0
vn -0.59315300000000004 -0.78168199999999999 0.19272700000000001
vn -0.59315300000000004 -0.78168199999999999 0.19272700000000001
vn -0.50456699999999999 -0.78168099999999996 0.366589
vn -0.50456699999999999 -0.78168099999999996 0.366589
vn -0.366589 -0.78168000000000004 0.50456800000000002
vn -0.366589 -0.78168000000000004 0.50456800000000002
vn -0.19272700000000001 -0.78168099999999996 0.59315399999999996
vn -0.19272700000000001 -0.78168099999999996 0.59315399999999996
vn 0 -0.78168199999999999 0.62367700000000004
vn 0 -0.78168199999999999 0.62367700000000004
vn 0.19272700000000001 -0.78168199999999999 0.59315300000000004
vn 0.19272700000000001 -0.78168199999999999 0.59315300000000004
vn 0.366589 -0.78168000000000004 0.50456699999999999
vn 0.366589 -0.78168099999999996 0.50456699999999999
vn 0.50456699999999999 -0.78168099999999996 0.366589
vn 0.50456699999999999 -0.78168099999999996 0.366589
vn 0.59315399999999996 -0.78168099999999996 0.19272700000000001
vn 0.59315399999999996 -0.78168099999999996 0.19272700000000001
vn 0.62367899999999998 -0.78168000000000004 9.9999999999999995e-007
vn 0.62367899999999998 -0.78168000000000004 0
vn 0.94107499999999999 0.14449799999999999 -0.30577300000000002
vn 0.80052599999999996 0.14449799999999999 -0.58161700000000005
vn 0.80052599999999996 0.14449799999999999 -0.58161700000000005
vn 0.94107600000000002 0.14449799999999999 -0.30577300000000002
vn 0.58161700000000005 0.14449799999999999 -0.80052599999999996
vn 0.58161700000000005 0.14449799999999999 -0.80052599999999996
vn 0.30577399999999999 0.14449799999999999 -0.94107499999999999
vn 0.30577399999999999 0.14449799999999999 -0.94107499999999999
vn -0 0.14449799999999999 -0.98950499999999997
vn -0 0.14449799999999999 -0.98950499999999997
vn -0.30577500000000002 0.14449799999999999 -0.94107499999999999
vn -0.30577500000000002 0.14449799999999999 -0.94107499999999999
vn -0.58161700000000005 0.14449799999999999 -0.80052599999999996
vn -0.58161700000000005 0.14449799999999999 -0.80052599999999996
vn -0.80052599999999996 0.14449799999999999 -0.58161700000000005
vn -0.80052599999999996 0.14449799999999999 -0.58161700000000005
vn -0.94107499999999999 0.14449799999999999 -0.30577399999999999
vn -0.94107499999999999 0.14449799999999999 -0.30577399999999999
vn -0.98950499999999997 0.14449799999999999 0
vn -0.98950499999999997 0.14449799999999999 -0
vn -0.94107499999999999 0.14449799999999999 0.30577399999999999
vn -0.94107499999999999 0.14449799999999999 0.30577399999999999
vn -0.80052599999999996 0.14449799999999999 0.58161700000000005
vn -0.80052599999999996 0.14449799999999999 0.58161700000000005
vn -0.58161600000000002 0.14449799999999999 0.80052599999999996
vn -0.58161600000000002 0.14449799999999999 0.80052599999999996
vn -0.30577500000000002 0.14449799999999999 0.94107499999999999
vn -0.30577500000000002 0.14449799999999999 0.94107499999999999
vn 0 0.14449799999999999 0.98950499999999997
vn -0 0.14449799999999999 0.98950499999999997
vn 0.30577500000000002 0.14449799999999999 0.94107499999999999
vn 0.30577500000000002 0.14449799999999999 0.94107499999999999
vn 0.58161700000000005 0.14449799999999999 0.80052599999999996
vn 0.58161700000000005 0.14449799999999999 0.80052599999999996
vn 0.80052599999999996 0.14449799999999999 0.58161700000000005
vn 0.80052599999999996 0.14449799999999999 0.58161700000000005
vn 0.94107499999999999 0.14449799999999999 0.30577399999999999
vn 0.94107499999999999 0.14449799999999999 0.30577399999999999
vn 0.98950499999999997 0.14449799999999999 9.9999999999999995e-007
vn 0.98950499999999997 0.14449799999999999 9.9999999999999995e-007
vn 0.551728 0.81452999999999998 -0.17926800000000001
vn 0.46932800000000002 0.81452999999999998 -0.34098699999999998
vn 0.46932800000000002 0.81452999999999998 -0.34098699999999998
vn 0.551728 0.81452999999999998 -0.17926700000000001
vn 0.34098600000000001 0.81453100000000001 -0.46932699999999999
vn 0.34098600000000001 0.81453100000000001 -0.46932699999999999
vn 0.17926700000000001 0.81453200000000003 -0.55172600000000005
vn 0.17926700000000001 0.81453200000000003 -0.55172600000000005
vn -0 0.81453200000000003 -0.58011900000000005
vn 0 0.81453200000000003 -0.58011900000000005
vn -0.17926800000000001 0.81453200000000003 -0.55172600000000005
vn -0.17926700000000001 0.81453200000000003 -0.55172600000000005
vn -0.34098699999999998 0.81453100000000001 -0.46932699999999999
vn -0.34098699999999998 0.81453100000000001 -0.46932699999999999
vn -0.46932800000000002 0.81452999999999998 -0.34098699999999998
vn -0.46932800000000002 0.81452999999999998 -0.34098699999999998
vn -0.551728 0.81452999999999998 -0.17926800000000001
vn -0.551728 0.81452999999999998 -0.17926800000000001
vn -0.580121 0.81453100000000001 -0
vn -0.580121 0.81453100000000001 -0
vn -0.551728 0.81452999999999998 0.17926800000000001
vn -0.551728 0.81452999999999998 0.17926700000000001
vn -0.46932800000000002 0.81452999999999998 0.34098800000000001
vn -0.46932800000000002 0.81452999999999998 0.34098800000000001
vn -0.34098800000000001 0.81452899999999995 0.469329
vn -0.34098800000000001 0.81452899999999995 0.469329
vn -0.17926800000000001 0.81452999999999998 0.55172900000000002
vn -0.17926800000000001 0.81452999999999998 0.55172900000000002
vn 0 0.81453100000000001 0.580121
vn 0 0.81453100000000001 0.580121
vn 0.17926800000000001 0.81453100000000001 0.55172699999999997
vn 0.17926800000000001 0.81453100000000001 0.55172699999999997
vn 0.34098800000000001 0.81452999999999998 0.46932800000000002
vn 0.34098800000000001 0.81452999999999998 0.46932800000000002
vn 0.46932800000000002 0.81452999999999998 0.34098699999999998
vn 0.46932800000000002 0.81452999999999998 0.34098800000000001
vn 0.55172900000000002 0.81452999999999998 0.17926800000000001
vn 0.55172900000000002 0.81452999999999998 0.17926800000000001
vn 0.58012200000000003 0.81452999999999998 0
vn 0.58012200000000003 0.81452999999999998 0
vn -0.88280099999999995 -0.13540199999999999 0.44980900000000001
vn -0.88280099999999995 -0.13540199999999999 0.44980900000000001
vn -0.88280099999999995 -0.13540199999999999 0.44980900000000001
vn -0.88280099999999995 -0.13540199999999999 0.44980900000000001
vn -0.97859300000000005 -0.13540199999999999 0.15499299999999999
vn -0.97859300000000005 -0.13540199999999999 0.15499299999999999
vn -0.97859300000000005 -0.13540199999999999 0.15499299999999999
vn -0.97859300000000005 -0.13540199999999999 0.15499299999999999
vn -0.97859200000000002 -0.13540199999999999 -0.15499399999999999
vn -0.97859200000000002 -0.13540199999999999 -0.15499399999999999
vn -0.97859300000000005 -0.13540199999999999 -0.15499399999999999
vn -0.97859300000000005 -0.13540199999999999 -0.15499399999999999
vn -0.88280099999999995 -0.13540199999999999 -0.44980999999999999
vn -0.88280099999999995 -0.13540199999999999 -0.44980999999999999
vn -0.88280099999999995 -0.13540199999999999 -0.44980999999999999
vn -0.88280099999999995 -0.13540199999999999 -0.44980999999999999
vn -0.70059499999999997 -0.13540199999999999 -0.70059499999999997
vn -0.70059499999999997 -0.13540199999999999 -0.70059499999999997
vn -0.70059499999999997 -0.13540199999999999 -0.70059499999999997
vn -0.70059499999999997 -0.13540199999999999 -0.70059499999999997
vn -0.44980999999999999 -0.13540199999999999 -0.88280099999999995
vn -0.44980999999999999 -0.13540199999999999 -0.88280099999999995
vn -0.44980999999999999 -0.13540199999999999 -0.88280099999999995
vn -0.44980999999999999 -0.13540199999999999 -0.88280099999999995
vn -0.15499399999999999 -0.13540199999999999 -0.97859300000000005
vn -0.15499399999999999 -0.13540199999999999 -0.97859200000000002
vn -0.15499399999999999 -0.13540199999999999 -0.97859200000000002
vn -0.15499399999999999 -0.13540199999999999 -0.97859200000000002
vn 0.15499299999999999 -0.13540199999999999 -0.97859300000000005
vn 0.15499299999999999 -0.13540199999999999 -0.97859300000000005
vn 0.15499299999999999 -0.13540199999999999 -0.97859300000000005
vn 0.15499299999999999 -0.13540199999999999 -0.97859300000000005
vn 0.44980999999999999 -0.13540199999999999 -0.88280099999999995
vn 0.44980999999999999 -0.13540199999999999 -0.88280099999999995
vn 0.44980999999999999 -0.13540199999999999 -0.88280099999999995
vn 0.44980999999999999 -0.13540199999999999 -0.88280099999999995
vn 0.70059499999999997 -0.13540199999999999 -0.70059499999999997
vn 0.70059499999999997 -0.13540199999999999 -0.70059499999999997
vn 0.70059499999999997 -0.13540199999999999 -0.70059499999999997
vn 0.70059499999999997 -0.13540199999999999 -0.70059499999999997
vn 0.88280099999999995 -0.13540199999999999 -0.44980999999999999
vn 0.88280099999999995 -0.13540199999999999 -0.44980999999999999
vn 0.88280099999999995 -0.13540199999999999 -0.44980999999999999
vn 0.88280099999999995 -0.13540199999999999 -0.44980999999999999
vn 0.97859300000000005 -0.13540199999999999 -0.15499399999999999
vn 0.97859300000000005 -0.13540199999999999 -0.15499399999999999
vn 0.97859300000000005 -0.13540199999999999 -0.15499399999999999
vn 0.97859300000000005 -0.13540199999999999 -0.15499399999999999
vn 0.97859300000000005 -0.13540199999999999 0.15499299999999999
vn 0.97859300000000005 -0.13540199999999999 0.15499299999999999
vn 0.97859300000000005 -0.13540199999999999 0.15499399999999999
vn 0.97859300000000005 -0.13540199999999999 0.15499299999999999
vn 0.88280099999999995 -0.13540199999999999 0.44980999999999999
vn 0.88280099999999995 -0.13540199999999999 0.44980999999999999
vn 0.88280099999999995 -0.13540199999999999 0.44980999999999999
vn 0.88280099999999995 -0.13540199999999999 0.44980999999999999
vn 0.70059499999999997 -0.13540199999999999 0.70059499999999997
vn 0.70059499999999997 -0.13540199999999999 0.70059499999999997
vn 0.70059499999999997 -0.13540199999999999 0.70059499999999997
vn 0.70059499999999997 -0.13540199999999999 0.70059499999999997
vn 0.44980999999999999 -0.13540199999999999 0.88280099999999995
vn 0.44980999999999999 -0.13540199999999999 0.88280099999999995
vn 0.44980999999999999 -0.13540199999999999 0.88280099999999995
vn 0.44980999999999999 -0.13540199999999999 0.88280099999999995
vn 0.15499299999999999 -0.13540199999999999 0.97859300000000005
vn 0.15499299999999999 -0.13540199999999999 0.97859300000000005
vn 0.15499299999999999 -0.13540199999999999 0.97859300000000005
vn 0.15499299999999999 -0.13540199999999999 0.97859300000000005
vn -0.15499299999999999 -0.13540199999999999 0.97859300000000005
vn -0.15499299999999999 -0.13540199999999999 0.97859300000000005
vn -0.15499299999999999 -0.13540199999999999 0.97859300000000005
vn -0.15499299999999999 -0.13540199999999999 0.97859300000000005
vn -0.44980999999999999 -0.13540199999999999 0.88280099999999995
vn -0.44980999999999999 -0.13540199999999999 0.88280099999999995
vn -0.44980999999999999 -0.13540199999999999 0.88280099999999995
vn -0.44980999999999999 -0.13540199999999999 0.88280099999999995
vn -0.70059400000000005 -0.13540199999999999 0.70059499999999997
vn -0.70059400000000005 -0.13540199999999999 0.70059499999999997
vn -0.70059400000000005 -0.13540199999999999 0.70059499999999997
vn -0.70059400000000005 -0.13540199999999999 0.70059499999999997
#end 1885 normals 

#begin 621 faces
usemtl initialShadingGroup
g Lamp:pCylinder1 Lamp1
s 1
f 1/1/1 2/2/2 22/22/3 21/21/4 
f 2/2/2 3/3/5 23/23/6 22/22/3 
f 3/3/5 4/4/7 24/24/8 23/23/6 
f 4/4/7 5/5/9 25/25/10 24/24/8 
f 5/5/9 6/6/11 26/26/12 25/25/10 
f 6/6/11 7/7/13 27/27/14 26/26/12 
f 7/7/13 8/8/15 28/28/16 27/27/14 
f 8/8/15 9/9/17 29/29/18 28/28/16 
f 9/9/17 10/10/19 30/30/20 29/29/18 
f 10/10/19 11/11/21 31/31/22 30/30/20 
f 11/11/21 12/12/23 32/32/24 31/31/22 
f 12/12/23 13/13/25 33/33/26 32/32/24 
f 13/13/25 14/14/27 34/34/28 33/33/26 
f 14/14/27 15/15/29 35/35/30 34/34/28 
f 15/15/29 16/16/31 36/36/32 35/35/30 
f 16/16/31 17/17/33 37/37/34 36/36/32 
f 17/17/33 18/18/35 38/38/36 37/37/34 
f 18/18/35 19/19/37 39/39/38 38/38/36 
f 19/19/37 20/20/39 40/40/40 39/39/38 
f 20/20/39 1/1/1 21/21/4 40/40/40 
f 21/21/4 22/22/3 42/42/41 41/41/42 
f 22/22/3 23/23/6 43/43/43 42/42/41 
f 23/23/6 24/24/8 44/44/44 43/43/43 
f 24/24/8 25/25/10 45/45/45 44/44/44 
f 25/25/10 26/26/12 46/46/46 45/45/45 
f 26/26/12 27/27/14 47/47/47 46/46/46 
f 27/27/14 28/28/16 48/48/48 47/47/47 
f 28/28/16 29/29/18 49/49/49 48/48/48 
f 29/29/18 30/30/20 50/50/50 49/49/49 
f 30/30/20 31/31/22 51/51/51 50/50/50 
f 31/31/22 32/32/24 52/52/52 51/51/51 
f 32/32/24 33/33/26 53/53/53 52/52/52 
f 33/33/26 34/34/28 54/54/54 53/53/53 
f 34/34/28 35/35/30 55/55/55 54/54/54 
f 35/35/30 36/36/32 56/56/56 55/55/55 
f 36/36/32 37/37/34 57/57/57 56/56/56 
f 37/37/34 38/38/36 58/58/58 57/57/57 
f 38/38/36 39/39/38 59/59/59 58/58/58 
f 39/39/38 40/40/40 60/60/60 59/59/59 
f 40/40/40 21/21/4 41/41/42 60/60/60 
f 41/41/42 42/42/41 62/62/61 61/61/62 
f 42/42/41 43/43/43 63/63/63 62/62/61 
f 43/43/43 44/44/44 64/64/64 63/63/63 
f 44/44/44 45/45/45 65/65/65 64/64/64 
f 45/45/45 46/46/46 66/66/66 65/65/65 
f 46/46/46 47/47/47 67/67/67 66/66/66 
f 47/47/47 48/48/48 68/68/68 67/67/67 
f 48/48/48 49/49/49 69/69/69 68/68/68 
f 49/49/49 50/50/50 70/70/70 69/69/69 
f 50/50/50 51/51/51 71/71/71 70/70/70 
f 51/51/51 52/52/52 72/72/72 71/71/71 
f 52/52/52 53/53/53 73/73/73 72/72/72 
f 53/53/53 54/54/54 74/74/74 73/73/73 
f 54/54/54 55/55/55 75/75/75 74/74/74 
f 55/55/55 56/56/56 76/76/76 75/75/75 
f 56/56/56 57/57/57 77/77/77 76/76/76 
f 57/57/57 58/58/58 78/78/78 77/77/77 
f 58/58/58 59/59/59 79/79/79 78/78/78 
f 59/59/59 60/60/60 80/80/80 79/79/79 
f 60/60/60 41/41/42 61/61/62 80/80/80 
s 2
f 61/61/81 62/62/82 82/82/83 81/81/84 
f 62/62/82 63/63/85 83/83/86 82/82/83 
f 63/63/85 64/64/87 84/84/88 83/83/86 
f 64/64/87 65/65/89 85/85/90 84/84/88 
f 65/65/89 66/66/91 86/86/92 85/85/90 
f 66/66/91 67/67/93 87/87/94 86/86/92 
f 67/67/93 68/68/95 88/88/96 87/87/94 
f 68/68/95 69/69/97 89/89/98 88/88/96 
f 69/69/97 70/70/99 90/90/100 89/89/98 
f 70/70/99 71/71/101 91/91/102 90/90/100 
f 71/71/101 72/72/103 92/92/104 91/91/102 
f 72/72/103 73/73/105 93/93/106 92/92/104 
f 73/73/105 74/74/107 94/94/108 93/93/106 
f 74/74/107 75/75/109 95/95/110 94/94/108 
f 75/75/109 76/76/111 96/96/112 95/95/110 
f 76/76/111 77/77/113 97/97/114 96/96/112 
f 77/77/113 78/78/115 98/98/116 97/97/114 
f 78/78/115 79/79/117 99/99/118 98/98/116 
f 79/79/117 80/80/119 100/100/120 99/99/118 
f 80/80/119 61/61/81 81/81/84 100/100/120 
s 3
f 81/625/121 82/622/122 102/102/123 101/101/124 
f 82/622/122 83/633/125 103/103/126 102/102/123 
f 83/633/125 84/636/127 104/104/128 103/103/126 
f 84/636/127 85/640/129 105/105/130 104/104/128 
f 85/640/129 86/645/131 106/106/132 105/105/130 
f 86/645/131 87/650/133 107/107/134 106/106/132 
f 87/650/133 88/653/135 108/108/136 107/107/134 
f 88/653/135 89/629/137 109/109/138 108/108/136 
f 89/629/137 90/656/139 110/110/140 109/109/138 
f 90/656/139 91/661/141 111/111/142 110/110/140 
f 91/661/141 92/665/143 112/112/144 111/111/142 
f 92/665/143 93/669/145 113/113/146 112/112/144 
f 93/669/145 94/673/147 114/114/148 113/113/146 
f 94/673/147 95/676/149 115/115/150 114/114/148 
f 95/676/149 96/679/151 116/116/152 115/115/150 
f 96/679/151 97/682/153 117/117/154 116/116/152 
f 97/682/153 98/684/155 118/118/156 117/117/154 
f 98/684/155 99/686/157 119/119/158 118/118/156 
f 99/686/157 100/688/159 120/120/160 119/119/158 
f 100/688/159 81/625/121 101/101/124 120/120/160 
f 101/101/124 102/102/123 122/122/161 121/121/162 
f 102/102/123 103/103/126 123/123/163 122/122/161 
f 103/103/126 104/104/128 124/124/164 123/123/163 
f 104/104/128 105/105/130 125/125/165 124/124/164 
f 105/105/130 106/106/132 126/126/166 125/125/165 
f 106/106/132 107/107/134 127/127/167 126/126/166 
f 107/107/134 108/108/136 128/128/168 127/127/167 
f 108/108/136 109/109/138 129/129/169 128/128/168 
f 109/109/138 110/110/140 130/130/170 129/129/169 
f 110/110/140 111/111/142 131/131/171 130/130/170 
f 111/111/142 112/112/144 132/132/172 131/131/171 
f 112/112/144 113/113/146 133/133/173 132/132/172 
f 113/113/146 114/114/148 134/134/174 133/133/173 
f 114/114/148 115/115/150 135/135/175 134/134/174 
f 115/115/150 116/116/152 136/136/176 135/135/175 
f 116/116/152 117/117/154 137/137/177 136/136/176 
f 117/117/154 118/118/156 138/138/178 137/137/177 
f 118/118/156 119/119/158 139/139/179 138/138/178 
f 119/119/158 120/120/160 140/140/180 139/139/179 
f 120/120/160 101/101/124 121/121/162 140/140/180 
f 121/121/162 122/122/161 142/142/181 141/141/182 
f 122/122/161 123/123/163 143/143/183 142/142/181 
f 123/123/163 124/124/164 144/144/184 143/143/183 
f 124/124/164 125/125/165 145/145/185 144/144/184 
f 125/125/165 126/126/166 146/146/186 145/145/185 
f 126/126/166 127/127/167 147/147/187 146/146/186 
f 127/127/167 128/128/168 148/148/188 147/147/187 
f 128/128/168 129/129/169 149/149/189 148/148/188 
f 129/129/169 130/130/170 150/150/190 149/149/189 
f 130/130/170 131/131/171 151/151/191 150/150/190 
f 131/131/171 132/132/172 152/152/192 151/151/191 
f 132/132/172 133/133/173 153/153/193 152/152/192 
f 133/133/173 134/134/174 154/154/194 153/153/193 
f 134/134/174 135/135/175 155/155/195 154/154/194 
f 135/135/175 136/136/176 156/156/196 155/155/195 
f 136/136/176 137/137/177 157/157/197 156/156/196 
f 137/137/177 138/138/178 158/158/198 157/157/197 
f 138/138/178 139/139/179 159/159/199 158/158/198 
f 139/139/179 140/140/180 160/160/200 159/159/199 
f 140/140/180 121/121/162 141/141/182 160/160/200 
s 1
f 2/2/2 1/1/1 161/161/201 
f 3/3/5 2/2/2 161/161/201 
f 4/4/7 3/3/5 161/161/201 
f 5/5/9 4/4/7 161/161/201 
f 6/6/11 5/5/9 161/161/201 
f 7/7/13 6/6/11 161/161/201 
f 8/8/15 7/7/13 161/161/201 
f 9/9/17 8/8/15 161/161/201 
f 10/10/19 9/9/17 161/161/201 
f 11/11/21 10/10/19 161/161/201 
f 12/12/23 11/11/21 161/161/201 
f 13/13/25 12/12/23 161/161/201 
f 14/14/27 13/13/25 161/161/201 
f 15/15/29 14/14/27 161/161/201 
f 16/16/31 15/15/29 161/161/201 
f 17/17/33 16/16/31 161/161/201 
f 18/18/35 17/17/33 161/161/201 
f 19/19/37 18/18/35 161/161/201 
f 20/20/39 19/19/37 161/161/201 
f 1/1/1 20/20/39 161/161/201 
s 4
f 141/692/202 142/690/203 221/221/204 202/202/205 
s 5
f 142/690/206 143/694/207 220/220/208 221/221/209 
s 6
f 143/694/210 144/696/211 219/219/212 220/220/213 
s 7
f 144/696/214 145/626/215 218/218/216 219/219/217 
s off
f 145/626/218 146/623/219 217/217/220 218/218/221 
s 8
f 146/623/222 147/634/223 216/216/224 217/217/225 
s 9
f 147/634/226 148/637/227 215/215/228 216/216/229 
s 10
f 148/637/230 149/642/231 214/214/232 215/215/233 
s off
f 149/642/234 150/646/235 213/213/236 214/214/237 
f 150/647/238 151/651/239 212/212/240 213/643/241 
s 11
f 151/651/242 152/654/243 211/211/244 212/212/245 
s 12
f 152/654/246 153/630/247 210/210/248 211/211/249 
s 13
f 153/630/250 154/658/251 209/209/252 210/210/253 
s off
f 154/658/254 155/663/255 208/208/256 209/209/257 
s 14
f 155/663/258 156/667/259 207/207/260 208/208/261 
s 15
f 156/667/262 157/671/263 206/206/264 207/207/265 
s 16
f 157/671/266 158/675/267 205/205/268 206/206/269 
s 17
f 158/675/270 159/678/271 204/204/272 205/205/273 
s off
f 159/678/274 160/681/275 203/203/276 204/204/277 
f 160/681/278 141/692/279 202/202/280 203/203/281 
f 183/183/282 182/182/283 162/162/284 181/181/285 
f 184/184/286 183/183/287 181/181/288 180/180/289 
s 17
f 185/185/290 184/184/291 180/180/292 179/179/293 
s 16
f 186/186/294 185/185/295 179/179/296 178/178/297 
s 15
f 187/187/298 186/186/299 178/178/300 177/177/301 
s 14
f 188/188/302 187/187/303 177/177/304 176/176/305 
s off
f 189/189/306 188/188/307 176/176/308 175/175/309 
s 13
f 190/190/310 189/189/311 175/175/312 174/174/313 
s 12
f 191/191/314 190/190/315 174/174/316 173/173/317 
s 11
f 192/192/318 191/191/319 173/173/320 172/172/321 
s off
f 193/193/322 192/192/323 172/172/324 171/171/325 
f 194/194/326 193/193/327 171/171/328 170/170/329 
s 10
f 195/195/330 194/194/331 170/170/332 169/169/333 
s 9
f 196/196/334 195/195/335 169/169/336 168/168/337 
s 8
f 197/197/338 196/196/339 168/168/340 167/167/341 
s off
f 198/198/342 197/197/343 167/167/344 166/166/345 
s 7
f 199/199/346 198/198/347 166/166/348 165/165/349 
s 6
f 200/200/350 199/199/351 165/165/352 164/164/353 
s 5
f 201/201/354 200/200/355 164/164/356 163/163/357 
s 4
f 182/182/358 201/735/359 163/737/360 162/162/361 
s off
f 237/237/362 236/236/363 238/238/364 239/239/365 
f 240/240/366 237/738/367 239/742/368 241/241/369 
s 17
f 205/693/273 204/702/272 184/708/291 185/710/290 
s 16
f 206/691/269 205/693/268 185/710/295 186/711/294 
s 15
f 207/695/265 206/691/264 186/711/299 187/712/298 
s 14
f 208/697/261 207/695/260 187/712/303 188/715/302 
s off
f 223/223/370 222/222/371 224/224/372 225/225/373 
s 13
f 210/624/253 209/628/252 189/716/311 190/718/310 
s 12
f 211/635/249 210/624/248 190/718/315 191/719/314 
s 11
f 212/638/245 211/635/244 191/719/319 192/721/318 
s off
f 231/231/374 230/230/375 232/232/376 233/233/377 
f 234/234/378 231/231/379 233/233/380 235/235/381 
s 10
f 215/652/233 214/649/232 194/724/331 195/726/330 
s 9
f 216/655/229 215/652/228 195/726/335 196/727/334 
s 8
f 217/631/225 216/655/224 196/727/339 197/729/338 
s off
f 227/227/382 226/226/383 228/228/384 229/229/385 
s 7
f 219/664/217 218/660/216 198/730/347 199/733/346 
s 6
f 220/668/213 219/664/212 199/733/351 200/734/350 
s 5
f 221/672/209 220/668/208 200/734/355 201/736/354 
s 4
f 202/699/205 221/672/204 201/736/359 182/707/358 
s off
f 209/627/386 208/698/387 222/745/388 223/744/389 
f 208/698/390 188/714/391 224/747/392 222/745/393 
f 188/713/394 189/717/395 225/746/396 224/748/397 
f 189/717/398 209/627/399 223/744/400 225/746/401 
f 218/659/402 217/632/403 226/757/404 227/756/405 
f 217/632/406 197/728/407 228/760/408 226/757/409 
f 197/728/410 198/731/411 229/758/412 228/760/413 
f 198/732/414 218/659/415 227/756/416 229/759/417 
f 213/644/418 212/639/419 230/750/420 231/749/421 
f 212/639/422 192/720/423 232/751/424 230/750/425 
f 192/720/426 193/723/427 233/752/428 232/751/429 
f 214/648/430 213/644/431 231/749/432 234/754/433 
f 193/722/434 194/725/435 235/755/436 233/753/437 
f 194/725/438 214/648/439 234/754/440 235/755/441 
f 203/703/442 202/700/443 236/740/444 237/739/445 
f 202/700/446 182/706/447 238/743/448 236/740/449 
f 182/706/450 183/705/451 239/741/452 238/743/453 
f 204/701/454 203/703/455 237/739/456 240/240/457 
f 183/704/458 184/709/459 241/241/460 239/742/461 
f 184/709/462 204/701/463 240/240/464 241/241/465 
f 162/162/466 163/737/467 243/243/468 242/242/469 
f 163/163/470 164/164/471 244/244/472 243/761/473 
f 164/164/474 165/165/475 245/245/476 244/244/477 
f 165/165/478 166/166/479 246/246/480 245/245/481 
f 166/166/482 167/167/483 247/247/484 246/246/485 
f 167/167/486 168/168/487 248/248/488 247/247/489 
f 168/168/490 169/169/491 249/249/492 248/248/493 
f 169/169/494 170/170/495 250/250/496 249/249/497 
f 170/170/498 171/171/499 251/251/500 250/250/501 
f 171/171/502 172/172/503 252/252/504 251/251/505 
f 172/172/506 173/173/507 253/253/508 252/252/509 
f 173/173/510 174/174/511 254/254/512 253/253/513 
f 174/174/514 175/175/515 255/255/516 254/254/517 
f 175/175/518 176/176/519 256/256/520 255/255/521 
f 176/176/522 177/177/523 257/257/524 256/256/525 
f 177/177/526 178/178/527 258/258/528 257/257/529 
f 178/178/530 179/179/531 259/259/532 258/258/533 
f 179/179/534 180/180/535 260/260/536 259/259/537 
f 180/180/538 181/181/539 261/261/540 260/260/541 
f 181/181/542 162/162/543 242/242/544 261/261/545 
f 242/764/546 243/762/547 263/263/548 262/262/549 
f 243/763/550 244/765/551 264/264/552 263/783/553 
f 244/765/554 245/766/555 265/265/556 264/264/557 
f 245/766/558 246/767/559 266/266/560 265/265/561 
f 246/767/562 247/768/563 267/267/564 266/266/565 
f 247/768/566 248/769/567 268/268/568 267/267/569 
f 248/769/570 249/770/571 269/269/572 268/268/573 
f 249/770/574 250/771/575 270/270/576 269/269/577 
f 250/771/578 251/772/579 271/271/580 270/270/581 
f 251/772/582 252/773/583 272/272/584 271/271/585 
f 252/773/586 253/774/587 273/273/588 272/272/589 
f 253/774/590 254/775/591 274/274/592 273/273/593 
f 254/775/594 255/776/595 275/275/596 274/274/597 
f 255/776/598 256/777/599 276/276/600 275/275/601 
f 256/777/602 257/778/603 277/277/604 276/276/605 
f 257/778/606 258/779/607 278/278/608 277/277/609 
f 258/779/610 259/780/611 279/279/612 278/278/613 
f 259/780/614 260/781/615 280/280/616 279/279/617 
f 260/781/618 261/782/619 281/281/620 280/280/621 
f 261/782/622 242/764/623 262/262/624 281/281/625 
f 262/262/626 263/263/627 283/283/628 282/282/629 
f 263/783/630 264/264/631 284/284/632 283/784/633 
f 264/264/634 265/265/635 285/285/636 284/284/637 
f 265/265/638 266/266/639 286/286/640 285/285/641 
f 266/266/642 267/267/643 287/287/644 286/286/645 
f 267/267/646 268/268/647 288/288/648 287/287/649 
f 268/268/650 269/269/651 289/289/652 288/288/653 
f 269/269/654 270/270/655 290/290/656 289/289/657 
f 270/270/658 271/271/659 291/291/660 290/290/661 
f 271/271/662 272/272/663 292/292/664 291/291/665 
f 272/272/666 273/273/667 293/293/668 292/292/669 
f 273/273/670 274/274/671 294/294/672 293/293/673 
f 274/274/674 275/275/675 295/295/676 294/294/677 
f 275/275/678 276/276/679 296/296/680 295/295/681 
f 276/276/682 277/277/683 297/297/684 296/296/685 
f 277/277/686 278/278/687 298/298/688 297/297/689 
f 278/278/690 279/279/691 299/299/692 298/298/693 
f 279/279/694 280/280/695 300/300/696 299/299/697 
f 280/280/698 281/281/699 301/301/700 300/300/701 
f 281/281/702 262/262/703 282/282/704 301/301/705 
f 282/282/706 283/283/707 303/303/708 302/302/709 
f 283/784/710 284/284/711 304/304/712 303/785/713 
f 284/284/714 285/285/715 305/305/716 304/304/717 
f 285/285/718 286/286/719 306/306/720 305/305/721 
f 286/286/722 287/287/723 307/307/724 306/306/725 
f 287/287/726 288/288/727 308/308/728 307/307/729 
f 288/288/730 289/289/731 309/309/732 308/308/733 
f 289/289/734 290/290/735 310/310/736 309/309/737 
f 290/290/738 291/291/739 311/311/740 310/310/741 
f 291/291/742 292/292/743 312/312/744 311/311/745 
f 292/292/746 293/293/747 313/313/748 312/312/749 
f 293/293/750 294/294/751 314/314/752 313/313/753 
f 294/294/754 295/295/755 315/315/756 314/314/757 
f 295/295/758 296/296/759 316/316/760 315/315/761 
f 296/296/762 297/297/763 317/317/764 316/316/765 
f 297/297/766 298/298/767 318/318/768 317/317/769 
f 298/298/770 299/299/771 319/319/772 318/318/773 
f 299/299/774 300/300/775 320/320/776 319/319/777 
f 300/300/778 301/301/779 321/321/780 320/320/781 
f 301/301/782 282/282/783 302/302/784 321/321/785 
f 302/787/786 303/786/787 323/323/788 322/322/789 
f 303/786/790 304/788/791 324/324/792 323/323/793 
f 304/788/794 305/789/795 325/325/796 324/324/797 
f 305/789/798 306/790/799 326/326/800 325/325/801 
f 306/790/802 307/791/803 327/327/804 326/326/805 
f 307/791/806 308/792/807 328/328/808 327/327/809 
f 308/792/810 309/793/811 329/329/812 328/328/813 
f 309/793/814 310/794/815 330/330/816 329/329/817 
f 310/794/818 311/795/819 331/331/820 330/330/821 
f 311/795/822 312/796/823 332/332/824 331/331/825 
f 312/796/826 313/797/827 333/333/828 332/332/829 
f 313/797/830 314/798/831 334/334/832 333/333/833 
f 314/798/834 315/799/835 335/335/836 334/334/837 
f 315/799/838 316/800/839 336/336/840 335/335/841 
f 316/800/842 317/801/843 337/337/844 336/336/845 
f 317/801/846 318/802/847 338/338/848 337/337/849 
f 318/802/850 319/803/851 339/339/852 338/338/853 
f 319/803/854 320/804/855 340/340/856 339/339/857 
f 320/804/858 321/805/859 341/341/860 340/340/861 
f 321/805/862 302/787/863 322/322/864 341/341/865 
f 322/807/866 323/806/867 343/343/868 342/342/869 
f 323/806/870 324/808/871 344/344/872 343/343/873 
f 324/808/874 325/809/875 345/345/876 344/344/877 
f 325/809/878 326/810/879 346/346/880 345/345/881 
f 326/810/882 327/811/883 347/347/884 346/346/885 
f 327/811/886 328/812/887 348/348/888 347/347/889 
f 328/812/890 329/813/891 349/349/892 348/348/893 
f 329/813/894 330/814/895 350/350/896 349/349/897 
f 330/814/898 331/815/899 351/351/900 350/350/901 
f 331/815/902 332/816/903 352/352/904 351/351/905 
f 332/816/906 333/817/907 353/353/908 352/352/909 
f 333/817/910 334/818/911 354/354/912 353/353/913 
f 334/818/914 335/819/915 355/355/916 354/354/917 
f 335/819/918 336/820/919 356/356/920 355/355/921 
f 336/820/922 337/821/923 357/357/924 356/356/925 
f 337/821/926 338/822/927 358/358/928 357/357/929 
f 338/822/930 339/823/931 359/359/932 358/358/933 
f 339/823/934 340/824/935 360/360/936 359/359/937 
f 340/824/938 341/825/939 361/361/940 360/360/941 
f 341/825/942 322/807/943 342/342/944 361/361/945 
f 342/342/946 343/343/947 363/363/948 362/362/949 
f 343/343/950 344/344/951 364/364/952 363/363/953 
f 344/344/954 345/345/955 365/365/956 364/364/957 
f 345/345/958 346/346/959 366/366/960 365/365/961 
f 346/346/962 347/347/963 367/367/964 366/366/965 
f 347/347/966 348/348/967 368/368/968 367/367/969 
f 348/348/970 349/349/971 369/369/972 368/368/973 
f 349/349/974 350/350/975 370/370/976 369/369/977 
f 350/350/978 351/351/979 371/371/980 370/370/981 
f 351/351/982 352/352/983 372/372/984 371/371/985 
f 352/352/986 353/353/987 373/373/988 372/372/989 
f 353/353/990 354/354/991 374/374/992 373/373/993 
f 354/354/994 355/355/995 375/375/996 374/374/997 
f 355/355/998 356/356/999 376/376/1000 375/375/1001 
f 356/356/1002 357/357/1003 377/377/1004 376/376/1005 
f 357/357/1006 358/358/1007 378/378/1008 377/377/1009 
f 358/358/1010 359/359/1011 379/379/1012 378/378/1013 
f 359/359/1014 360/360/1015 380/380/1016 379/379/1017 
f 360/360/1018 361/361/1019 381/381/1020 380/380/1021 
f 361/361/1022 342/342/1023 362/362/1024 381/381/1025 
f 362/362/1026 363/363/1027 383/383/1028 382/382/1029 
f 363/363/1030 364/364/1031 384/384/1032 383/383/1033 
f 364/364/1034 365/365/1035 385/385/1036 384/384/1037 
f 365/365/1038 366/366/1039 386/386/1040 385/385/1041 
f 366/366/1042 367/367/1043 387/387/1044 386/386/1045 
f 367/367/1046 368/368/1047 388/388/1048 387/387/1049 
f 368/368/1050 369/369/1051 389/389/1052 388/388/1053 
f 369/369/1054 370/370/1055 390/390/1056 389/389/1057 
f 370/370/1058 371/371/1059 391/391/1060 390/390/1061 
f 371/371/1062 372/372/1063 392/392/1064 391/391/1065 
f 372/372/1066 373/373/1067 393/393/1068 392/392/1069 
f 373/373/1070 374/374/1071 394/394/1072 393/393/1073 
f 374/374/1074 375/375/1075 395/395/1076 394/394/1077 
f 375/375/1078 376/376/1079 396/396/1080 395/395/1081 
f 376/376/1082 377/377/1083 397/397/1084 396/396/1085 
f 377/377/1086 378/378/1087 398/398/1088 397/397/1089 
f 378/378/1090 379/379/1091 399/399/1092 398/398/1093 
f 379/379/1094 380/380/1095 400/400/1096 399/399/1097 
f 380/380/1098 381/381/1099 401/401/1100 400/400/1101 
f 381/381/1102 362/362/1103 382/382/1104 401/401/1105 
f 382/827/1106 383/826/1107 403/403/1108 402/402/1109 
f 383/826/1110 384/828/1111 404/404/1112 403/403/1113 
f 384/828/1114 385/829/1115 405/405/1116 404/404/1117 
f 385/829/1118 386/830/1119 406/406/1120 405/405/1121 
f 386/830/1122 387/831/1123 407/407/1124 406/406/1125 
f 387/831/1126 388/832/1127 408/408/1128 407/407/1129 
f 388/832/1130 389/833/1131 409/409/1132 408/408/1133 
f 389/833/1134 390/834/1135 410/410/1136 409/409/1137 
f 390/834/1138 391/835/1139 411/411/1140 410/410/1141 
f 391/835/1142 392/836/1143 412/412/1144 411/411/1145 
f 392/836/1146 393/837/1147 413/413/1148 412/412/1149 
f 393/837/1150 394/838/1151 414/414/1152 413/413/1153 
f 394/838/1154 395/839/1155 415/415/1156 414/414/1157 
f 395/839/1158 396/840/1159 416/416/1160 415/415/1161 
f 396/840/1162 397/841/1163 417/417/1164 416/416/1165 
f 397/841/1166 398/842/1167 418/418/1168 417/417/1169 
f 398/842/1170 399/843/1171 419/419/1172 418/418/1173 
f 399/843/1174 400/844/1175 420/420/1176 419/419/1177 
f 400/844/1178 401/845/1179 421/421/1180 420/420/1181 
f 401/845/1182 382/827/1183 402/402/1184 421/421/1185 
f 402/402/1186 403/403/1187 423/423/1188 422/422/1189 
f 403/403/1190 404/404/1191 424/424/1192 423/423/1193 
f 404/404/1194 405/405/1195 425/425/1196 424/424/1197 
f 405/405/1198 406/406/1199 426/426/1200 425/425/1201 
f 406/406/1202 407/407/1203 427/427/1204 426/426/1205 
f 407/407/1206 408/408/1207 428/428/1208 427/427/1209 
f 408/408/1210 409/409/1211 429/429/1212 428/428/1213 
f 409/409/1214 410/410/1215 430/430/1216 429/429/1217 
f 410/410/1218 411/411/1219 431/431/1220 430/430/1221 
f 411/411/1222 412/412/1223 432/432/1224 431/431/1225 
f 412/412/1226 413/413/1227 433/433/1228 432/432/1229 
f 413/413/1230 414/414/1231 434/434/1232 433/433/1233 
f 414/414/1234 415/415/1235 435/435/1236 434/434/1237 
f 415/415/1238 416/416/1239 436/436/1240 435/435/1241 
f 416/416/1242 417/417/1243 437/437/1244 436/436/1245 
f 417/417/1246 418/418/1247 438/438/1248 437/437/1249 
f 418/418/1250 419/419/1251 439/439/1252 438/438/1253 
f 419/419/1254 420/420/1255 440/440/1256 439/439/1257 
f 420/420/1258 421/421/1259 441/441/1260 440/440/1261 
f 421/421/1262 402/402/1263 422/422/1264 441/441/1265 
f 422/422/1266 423/423/1267 443/443/1268 442/442/1269 
f 423/423/1270 424/424/1271 444/444/1272 443/443/1273 
f 424/424/1274 425/425/1275 445/445/1276 444/444/1277 
f 425/425/1278 426/426/1279 446/446/1280 445/445/1281 
f 426/426/1282 427/427/1283 447/447/1284 446/446/1285 
f 427/427/1286 428/428/1287 448/448/1288 447/447/1289 
f 428/428/1290 429/429/1291 449/449/1292 448/448/1293 
f 429/429/1294 430/430/1295 450/450/1296 449/449/1297 
f 430/430/1298 431/431/1299 451/451/1300 450/450/1301 
f 431/431/1302 432/432/1303 452/452/1304 451/451/1305 
f 432/432/1306 433/433/1307 453/453/1308 452/452/1309 
f 433/433/1310 434/434/1311 454/454/1312 453/453/1313 
f 434/434/1314 435/435/1315 455/455/1316 454/454/1317 
f 435/435/1318 436/436/1319 456/456/1320 455/455/1321 
f 436/436/1322 437/437/1323 457/457/1324 456/456/1325 
f 437/437/1326 438/438/1327 458/458/1328 457/457/1329 
f 438/438/1330 439/439/1331 459/459/1332 458/458/1333 
f 439/439/1334 440/440/1335 460/460/1336 459/459/1337 
f 440/440/1338 441/441/1339 461/461/1340 460/460/1341 
f 441/441/1342 422/422/1343 442/442/1344 461/461/1345 
f 442/442/1346 443/443/1347 463/463/1348 462/462/1349 
f 443/443/1350 444/444/1351 464/464/1352 463/463/1353 
f 444/444/1354 445/445/1355 465/465/1356 464/464/1357 
f 445/445/1358 446/446/1359 466/466/1360 465/465/1361 
f 446/446/1362 447/447/1363 467/467/1364 466/466/1365 
f 447/447/1366 448/448/1367 468/468/1368 467/467/1369 
f 448/448/1370 449/449/1371 469/469/1372 468/468/1373 
f 449/449/1374 450/450/1375 470/470/1376 469/469/1377 
f 450/450/1378 451/451/1379 471/471/1380 470/470/1381 
f 451/451/1382 452/452/1383 472/472/1384 471/471/1385 
f 452/452/1386 453/453/1387 473/473/1388 472/472/1389 
f 453/453/1390 454/454/1391 474/474/1392 473/473/1393 
f 454/454/1394 455/455/1395 475/475/1396 474/474/1397 
f 455/455/1398 456/456/1399 476/476/1400 475/475/1401 
f 456/456/1402 457/457/1403 477/477/1404 476/476/1405 
f 457/457/1406 458/458/1407 478/478/1408 477/477/1409 
f 458/458/1410 459/459/1411 479/479/1412 478/478/1413 
f 459/459/1414 460/460/1415 480/480/1416 479/479/1417 
f 460/460/1418 461/461/1419 481/481/1420 480/480/1421 
f 461/461/1422 442/442/1423 462/462/1424 481/481/1425 
f 462/462/1426 463/463/1427 483/483/1428 482/482/1429 
f 463/463/1430 464/464/1431 484/484/1432 483/483/1433 
f 464/464/1434 465/465/1435 485/485/1436 484/484/1437 
f 465/465/1438 466/466/1439 486/486/1440 485/485/1441 
f 466/466/1442 467/467/1443 487/487/1444 486/486/1445 
f 467/467/1446 468/468/1447 488/488/1448 487/487/1449 
f 468/468/1450 469/469/1451 489/489/1452 488/488/1453 
f 469/469/1454 470/470/1455 490/490/1456 489/489/1457 
f 470/470/1458 471/471/1459 491/491/1460 490/490/1461 
f 471/471/1462 472/472/1463 492/492/1464 491/491/1465 
f 472/472/1466 473/473/1467 493/493/1468 492/492/1469 
f 473/473/1470 474/474/1471 494/494/1472 493/493/1473 
f 474/474/1474 475/475/1475 495/495/1476 494/494/1477 
f 475/475/1478 476/476/1479 496/496/1480 495/495/1481 
f 476/476/1482 477/477/1483 497/497/1484 496/496/1485 
f 477/477/1486 478/478/1487 498/498/1488 497/497/1489 
f 478/478/1490 479/479/1491 499/499/1492 498/498/1493 
f 479/479/1494 480/480/1495 500/500/1496 499/499/1497 
f 480/480/1498 481/481/1499 501/501/1500 500/500/1501 
f 481/481/1502 462/462/1503 482/482/1504 501/501/1505 
f 482/482/1506 483/483/1507 503/503/1508 502/502/1509 
f 483/483/1510 484/484/1511 504/504/1512 503/503/1513 
f 484/484/1514 485/485/1515 505/505/1516 504/504/1517 
f 485/485/1518 486/486/1519 506/506/1520 505/505/1521 
f 486/486/1522 487/487/1523 507/507/1524 506/506/1525 
f 487/487/1526 488/488/1527 508/508/1528 507/507/1529 
f 488/488/1530 489/489/1531 509/509/1532 508/508/1533 
f 489/489/1534 490/490/1535 510/510/1536 509/509/1537 
f 490/490/1538 491/491/1539 511/511/1540 510/510/1541 
f 491/491/1542 492/492/1543 512/512/1544 511/511/1545 
f 492/492/1546 493/493/1547 513/513/1548 512/512/1549 
f 493/493/1550 494/494/1551 514/514/1552 513/513/1553 
f 494/494/1554 495/495/1555 515/515/1556 514/514/1557 
f 495/495/1558 496/496/1559 516/516/1560 515/515/1561 
f 496/496/1562 497/497/1563 517/517/1564 516/516/1565 
f 497/497/1566 498/498/1567 518/518/1568 517/517/1569 
f 498/498/1570 499/499/1571 519/519/1572 518/518/1573 
f 499/499/1574 500/500/1575 520/520/1576 519/519/1577 
f 500/500/1578 501/501/1579 521/521/1580 520/520/1581 
f 501/501/1582 482/482/1583 502/502/1584 521/521/1585 
f 502/502/1586 503/503/1587 523/523/1588 522/522/1589 
f 503/503/1590 504/504/1591 524/524/1592 523/523/1593 
f 504/504/1594 505/505/1595 525/525/1596 524/524/1597 
f 505/505/1598 506/506/1599 526/526/1600 525/525/1601 
f 506/506/1602 507/507/1603 527/527/1604 526/526/1605 
f 507/507/1606 508/508/1607 528/528/1608 527/527/1609 
f 508/508/1610 509/509/1611 529/529/1612 528/528/1613 
f 509/509/1614 510/510/1615 530/530/1616 529/529/1617 
f 510/510/1618 511/511/1619 531/531/1620 530/530/1621 
f 511/511/1622 512/512/1623 532/532/1624 531/531/1625 
f 512/512/1626 513/513/1627 533/533/1628 532/532/1629 
f 513/513/1630 514/514/1631 534/534/1632 533/533/1633 
f 514/514/1634 515/515/1635 535/535/1636 534/534/1637 
f 515/515/1638 516/516/1639 536/536/1640 535/535/1641 
f 516/516/1642 517/517/1643 537/537/1644 536/536/1645 
f 517/517/1646 518/518/1647 538/538/1648 537/537/1649 
f 518/518/1650 519/519/1651 539/539/1652 538/538/1653 
f 519/519/1654 520/520/1655 540/540/1656 539/539/1657 
f 520/520/1658 521/521/1659 541/541/1660 540/540/1661 
f 521/521/1662 502/502/1663 522/522/1664 541/541/1665 
f 523/523/1666 524/524/1667 525/525/1668 526/526/1669 527/527/1670 528/528/1671 529/529/1672 530/530/1673 531/531/1674 532/532/1675 533/533/1676 534/534/1677 535/535/1678 536/536/1679 537/537/1680 538/538/1681 539/539/1682 540/540/1683 541/541/1684 522/522/1685 
usemtl initialShadingGroup
g Lamp1 Lamp:pCylinder2
s 1
f 542/542/1686 543/543/1687 563/563/1688 562/562/1689 
f 543/543/1687 544/544/1690 564/564/1691 563/563/1688 
f 544/544/1690 545/545/1692 565/565/1693 564/564/1691 
f 545/545/1692 546/546/1694 566/566/1695 565/565/1693 
f 546/546/1694 547/547/1696 567/567/1697 566/566/1695 
f 547/547/1696 548/548/1698 568/568/1699 567/567/1697 
f 548/548/1698 549/549/1700 569/569/1701 568/568/1699 
f 549/549/1700 550/550/1702 570/570/1703 569/569/1701 
f 550/550/1702 551/551/1704 571/571/1705 570/570/1703 
f 551/551/1704 552/552/1706 572/572/1707 571/571/1705 
f 552/552/1706 553/553/1708 573/573/1709 572/572/1707 
f 553/553/1708 554/554/1710 574/574/1711 573/573/1709 
f 554/554/1710 555/555/1712 575/575/1713 574/574/1711 
f 555/555/1712 556/556/1714 576/576/1715 575/575/1713 
f 556/556/1714 557/557/1716 577/577/1717 576/576/1715 
f 557/557/1716 558/558/1718 578/578/1719 577/577/1717 
f 558/558/1718 559/559/1720 579/579/1721 578/578/1719 
f 559/559/1720 560/560/1722 580/580/1723 579/579/1721 
f 560/560/1722 561/561/1724 581/581/1725 580/580/1723 
f 561/561/1724 542/542/1686 562/562/1689 581/581/1725 
s 2
f 562/849/1726 563/848/1727 583/583/1728 582/582/1729 
f 563/848/1727 564/851/1730 584/584/1731 583/583/1728 
f 564/851/1730 565/853/1732 585/585/1733 584/584/1731 
f 565/853/1732 566/855/1734 586/586/1735 585/585/1733 
f 566/855/1734 567/857/1736 587/587/1737 586/586/1735 
f 567/857/1736 568/859/1738 588/588/1739 587/587/1737 
f 568/859/1738 569/861/1740 589/589/1741 588/588/1739 
f 569/861/1740 570/863/1742 590/590/1743 589/589/1741 
f 570/863/1742 571/865/1744 591/591/1745 590/590/1743 
f 571/865/1744 572/867/1746 592/592/1747 591/591/1745 
f 572/867/1746 573/869/1748 593/593/1749 592/592/1747 
f 573/869/1748 574/871/1750 594/594/1751 593/593/1749 
f 574/871/1750 575/873/1752 595/595/1753 594/594/1751 
f 575/873/1752 576/875/1754 596/596/1755 595/595/1753 
f 576/875/1754 577/877/1756 597/597/1757 596/596/1755 
f 577/878/1756 578/880/1758 598/598/1759 597/641/1757 
f 578/880/1758 579/882/1760 599/599/1761 598/598/1759 
f 579/882/1760 580/884/1762 600/600/1763 599/599/1761 
f 580/884/1762 581/886/1764 601/601/1765 600/600/1763 
f 581/886/1764 562/849/1726 582/582/1729 601/601/1765 
s 3
f 582/582/1766 583/583/1767 603/603/1768 602/602/1769 
f 583/583/1767 584/584/1770 604/604/1771 603/603/1768 
f 584/584/1770 585/585/1772 605/605/1773 604/604/1771 
f 585/585/1772 586/586/1774 606/606/1775 605/605/1773 
f 586/586/1774 587/587/1776 607/607/1777 606/606/1775 
f 587/587/1776 588/588/1778 608/608/1779 607/607/1777 
f 588/588/1778 589/589/1780 609/609/1781 608/608/1779 
f 589/589/1780 590/590/1782 610/610/1783 609/609/1781 
f 590/590/1782 591/591/1784 611/611/1785 610/610/1783 
f 591/591/1784 592/592/1786 612/612/1787 611/611/1785 
f 592/592/1786 593/593/1788 613/613/1789 612/612/1787 
f 593/593/1788 594/594/1790 614/614/1791 613/613/1789 
f 594/594/1790 595/595/1792 615/615/1793 614/614/1791 
f 595/595/1792 596/596/1794 616/616/1795 615/615/1793 
f 596/596/1794 597/597/1796 617/617/1797 616/616/1795 
f 597/641/1796 598/598/1798 618/618/1799 617/891/1797 
f 598/598/1798 599/599/1800 619/619/1801 618/618/1799 
f 599/599/1800 600/600/1802 620/620/1803 619/619/1801 
f 600/600/1802 601/601/1804 621/621/1805 620/620/1803 
f 601/601/1804 582/582/1766 602/602/1769 621/621/1805 
s off
f 543/847/1806 542/846/1807 602/657/1808 603/662/1809 
f 542/846/1810 561/885/1811 621/896/1812 602/657/1813 
f 561/885/1814 560/883/1815 620/895/1816 621/896/1817 
f 560/883/1818 559/881/1819 619/894/1820 620/895/1821 
f 559/881/1822 558/879/1823 618/893/1824 619/894/1825 
f 558/879/1826 557/876/1827 617/892/1828 618/893/1829 
f 557/876/1830 556/874/1831 616/890/1832 617/892/1833 
f 556/874/1834 555/872/1835 615/889/1836 616/890/1837 
f 555/872/1838 554/870/1839 614/888/1840 615/889/1841 
f 554/870/1842 553/868/1843 613/887/1844 614/888/1845 
f 553/868/1846 552/866/1847 612/689/1848 613/887/1849 
f 552/866/1850 551/864/1851 611/687/1852 612/689/1853 
f 551/864/1854 550/862/1855 610/685/1856 611/687/1857 
f 550/862/1858 549/860/1859 609/683/1860 610/685/1861 
f 549/860/1862 548/897/1863 608/680/1864 609/683/1865 
f 548/858/1866 547/856/1867 607/677/1868 608/898/1869 
f 547/856/1870 546/854/1871 606/674/1872 607/677/1873 
f 546/854/1874 545/852/1875 605/670/1876 606/674/1877 
f 545/852/1878 544/850/1879 604/666/1880 605/670/1881 
f 544/850/1882 543/847/1883 603/662/1884 604/666/1885 
#end 621 faces
#begin 2 properties
#U3D SUB SEL 20
#U3D SYM 0 0 0 1 0 0 0.0001 0
#end 2 properties
