# This file uses centimeters as units for non-parametric coordinates.

mtllib pottt.mtl
g default
v -1.096288 5.368019 8.517982
v -1.136915 5.373934 8.517928
v -1.136783 5.403057 8.488926
v -1.095741 5.398026 8.488926
v -1.264272 5.402963 8.517954
v -1.235243 5.402963 8.488926
v -1.235243 5.373934 8.517954
v -1.095614 5.485679 8.488926
v -1.136718 5.492883 8.488926
v -1.136904 5.521914 8.517930
v -1.096298 5.516166 8.517919
v -1.235243 5.521914 8.517954
v -1.235243 5.492885 8.488926
v -1.264272 5.492885 8.517954
v -1.096298 5.516166 9.032072
v -1.136904 5.521914 9.032061
v -1.136693 5.492918 9.061066
v -1.095614 5.485679 9.061066
v -1.264272 5.492885 9.032037
v -1.235243 5.492885 9.061066
v -1.235243 5.521914 9.032037
v -1.095741 5.398026 9.061066
v -1.136764 5.403029 9.061066
v -1.136915 5.373934 9.032062
v -1.096288 5.368019 9.032009
v -1.235243 5.373934 9.032037
v -1.235243 5.402963 9.061066
v -1.264272 5.402963 9.032037
v -1.096912 5.516343 8.603862
v -1.138362 5.521914 8.609790
v -1.145488 5.521914 8.652678
v -1.116190 5.493423 8.660451
v -1.087687 5.484007 8.631960
v -1.235243 5.521914 8.611435
v -1.264272 5.492885 8.611435
v -1.264272 5.492885 8.652487
v -1.235243 5.521914 8.652487
v -1.096943 5.368214 8.946131
v -1.138367 5.373934 8.940207
v -1.145488 5.373934 8.897314
v -1.116190 5.402425 8.889540
v -1.087686 5.395199 8.918031
v -1.235243 5.373934 8.938557
v -1.264272 5.402963 8.938557
v -1.264272 5.402963 8.897504
v -1.235243 5.373934 8.897504
v -1.145219 5.521914 8.754470
v -1.145219 5.521914 8.795523
v -1.116190 5.492885 8.795523
v -1.116190 5.492885 8.754470
v -1.087687 5.484007 8.918031
v -1.116190 5.493962 8.890078
v -1.144254 5.521914 8.898186
v -1.138349 5.521914 8.940191
v -1.096912 5.516343 8.946129
v -1.145219 5.373934 8.795523
v -1.145219 5.373934 8.754470
v -1.116190 5.402963 8.754470
v -1.116190 5.402963 8.795523
v -1.087686 5.395199 8.631960
v -1.116190 5.401885 8.659914
v -1.144254 5.373934 8.651806
v -1.138355 5.373934 8.609796
v -1.096943 5.368214 8.603861
v -1.264272 5.402963 8.795523
v -1.264272 5.402963 8.754470
v -1.235243 5.373934 8.754470
v -1.235243 5.373934 8.795523
v -1.264272 5.402963 8.611435
v -1.235243 5.373934 8.611435
v -1.235243 5.373934 8.652487
v -1.264272 5.402963 8.652487
v -1.264272 5.492885 8.754470
v -1.264272 5.492885 8.795523
v -1.235243 5.521914 8.795523
v -1.235243 5.521914 8.754470
v -1.264272 5.492885 8.938557
v -1.235243 5.521914 8.938557
v -1.235243 5.521914 8.897504
v -1.264272 5.492885 8.897504
v -0.806283 5.433779 8.572068
v -0.847250 5.459292 8.572142
v -0.864627 5.428591 8.606233
v -0.823857 5.402066 8.606233
v -0.875169 5.312170 8.606233
v -0.916021 5.338366 8.606233
v -0.933895 5.307834 8.572019
v -0.893841 5.280639 8.571983
v -0.893841 5.280639 8.471720
v -0.933870 5.307827 8.471650
v -0.916021 5.338368 8.437472
v -0.875169 5.312170 8.437472
v -0.823857 5.402066 8.437472
v -0.864736 5.428529 8.437472
v -0.847307 5.459309 8.471641
v -0.806283 5.433779 8.471635
v -0.875307 5.310648 9.112520
v -0.917227 5.337528 9.112520
v -0.933895 5.307834 9.078306
v -0.893841 5.280639 9.078271
v -0.893841 5.280639 8.978008
v -0.933870 5.307827 8.977938
v -0.916021 5.338368 8.943758
v -0.875169 5.312170 8.943758
v -0.823857 5.402066 8.943758
v -0.864736 5.428529 8.943758
v -0.847307 5.459309 8.977928
v -0.806283 5.433779 8.977924
v -0.806283 5.433779 9.078355
v -0.847250 5.459292 9.078431
v -0.864487 5.430114 9.112520
v -0.822651 5.402894 9.112520
v -0.736648 5.357323 8.572426
v -0.765460 5.337131 8.606233
v -0.743117 5.309951 8.572426
v -0.831843 5.254248 8.573670
v -0.851562 5.282310 8.606233
v -0.879572 5.262518 8.573670
v -0.830416 5.255145 8.471720
v -0.879572 5.262518 8.470034
v -0.851562 5.282310 8.437472
v -0.743117 5.309951 8.471278
v -0.765460 5.337131 8.437472
v -0.736648 5.357323 8.471278
v -0.851562 5.282310 9.112520
v -0.880613 5.263842 9.078271
v -0.830416 5.255145 9.078271
v -0.830416 5.255145 8.978008
v -0.879572 5.262518 8.976322
v -0.851562 5.282310 8.943758
v -0.743117 5.309951 8.977565
v -0.765460 5.337131 8.943758
v -0.736648 5.357323 8.977565
v -0.743323 5.309822 9.078492
v -0.736648 5.357323 9.078713
v -0.765460 5.337131 9.112520
v 1.955924 5.377550 9.032006
v 1.996551 5.383465 9.032060
v 1.996420 5.412588 9.061063
v 1.955377 5.407557 9.061063
v 2.123908 5.412494 9.032035
v 2.094879 5.412494 9.061063
v 2.094879 5.383465 9.032035
v 1.955250 5.495210 9.061063
v 1.996354 5.502414 9.061063
v 1.996541 5.531445 9.032058
v 1.955934 5.525697 9.032070
v 2.094879 5.531445 9.032035
v 2.094879 5.502416 9.061063
v 2.123908 5.502416 9.032035
v 1.955934 5.525697 8.517918
v 1.996541 5.531445 8.517928
v 1.996329 5.502449 8.488923
v 1.955250 5.495210 8.488923
v 2.123908 5.502416 8.517952
v 2.094879 5.502416 8.488923
v 2.094879 5.531445 8.517952
v 1.955377 5.407557 8.488923
v 1.996400 5.412560 8.488923
v 1.996551 5.383465 8.517927
v 1.955924 5.377550 8.517980
v 2.094879 5.383465 8.517952
v 2.094879 5.412494 8.488923
v 2.123908 5.412494 8.517952
v 1.956548 5.525874 8.946127
v 1.997998 5.531445 8.940200
v 2.005124 5.531445 8.897312
v 1.975826 5.502954 8.889538
v 1.947323 5.493538 8.918029
v 2.094879 5.531445 8.938554
v 2.123908 5.502416 8.938554
v 2.123908 5.502416 8.897502
v 2.094879 5.531445 8.897502
v 1.956579 5.377745 8.603858
v 1.998003 5.383465 8.609782
v 2.005124 5.383465 8.652675
v 1.975826 5.411956 8.660449
v 1.947322 5.404730 8.631958
v 2.094879 5.383465 8.611432
v 2.123908 5.412494 8.611432
v 2.123908 5.412494 8.652485
v 2.094879 5.383465 8.652485
v 2.004855 5.531445 8.795519
v 2.004855 5.531445 8.754466
v 1.975826 5.502416 8.754466
v 1.975826 5.502416 8.795519
v 1.947323 5.493538 8.631958
v 1.975826 5.503493 8.659911
v 2.003890 5.531445 8.651803
v 1.997986 5.531445 8.609798
v 1.956548 5.525874 8.603860
v 2.004855 5.383465 8.754466
v 2.004855 5.383465 8.795519
v 1.975826 5.412494 8.795519
v 1.975826 5.412494 8.754466
v 1.947322 5.404730 8.918029
v 1.975826 5.411416 8.890075
v 2.003890 5.383465 8.898183
v 1.997991 5.383465 8.940193
v 1.956579 5.377745 8.946128
v 2.123908 5.412494 8.754466
v 2.123908 5.412494 8.795519
v 2.094879 5.383465 8.795519
v 2.094879 5.383465 8.754466
v 2.123908 5.412494 8.938554
v 2.094879 5.383465 8.938554
v 2.094879 5.383465 8.897502
v 2.123908 5.412494 8.897502
v 2.123908 5.502416 8.795519
v 2.123908 5.502416 8.754466
v 2.094879 5.531445 8.754466
v 2.094879 5.531445 8.795519
v 2.123908 5.502416 8.611432
v 2.094879 5.531445 8.611432
v 2.094879 5.531445 8.652485
v 2.123908 5.502416 8.652485
v 1.666309 5.442271 8.975186
v 1.706724 5.467441 8.975112
v 1.723867 5.437154 8.941481
v 1.683647 5.410986 8.941481
v 1.734268 5.322303 8.941481
v 1.774569 5.348145 8.941481
v 1.792201 5.318025 8.975234
v 1.752688 5.291197 8.975270
v 1.752688 5.291197 9.074180
v 1.792176 5.318017 9.074250
v 1.774569 5.348146 9.107968
v 1.734268 5.322303 9.107968
v 1.683647 5.410986 9.107968
v 1.723975 5.437093 9.107968
v 1.706782 5.467458 9.074259
v 1.666309 5.442271 9.074265
v 1.734268 5.322303 8.442019
v 1.774569 5.348145 8.442019
v 1.792201 5.318025 8.475771
v 1.752688 5.291197 8.475806
v 1.752688 5.291197 8.574717
v 1.792176 5.318017 8.574786
v 1.774569 5.348146 8.608506
v 1.734268 5.322303 8.608506
v 1.683647 5.410986 8.608506
v 1.723975 5.437093 8.608506
v 1.706782 5.467458 8.574796
v 1.666309 5.442271 8.574801
v 1.666309 5.442271 8.475723
v 1.706724 5.467441 8.475649
v 1.723867 5.437154 8.442019
v 1.683647 5.410986 8.442019
v 1.597613 5.366846 8.974832
v 1.626038 5.346926 8.941481
v 1.603995 5.320113 8.974832
v 1.691526 5.265161 8.973605
v 1.710979 5.292845 8.941481
v 1.738611 5.273320 8.973605
v 1.690118 5.266046 9.074180
v 1.738611 5.273320 9.075844
v 1.710979 5.292845 9.107968
v 1.603995 5.320113 9.074617
v 1.626038 5.346926 9.107968
v 1.597613 5.366846 9.074617
v 1.710979 5.292845 8.442019
v 1.739638 5.274626 8.475806
v 1.690118 5.266046 8.475806
v 1.690118 5.266046 8.574717
v 1.738611 5.273320 8.576381
v 1.710979 5.292845 8.608506
v 1.603995 5.320113 8.575154
v 1.626038 5.346926 8.608506
v 1.597613 5.366846 8.575154
v 1.604199 5.319986 8.475589
v 1.597613 5.366846 8.475370
v 1.626038 5.346926 8.442019
vt 0.664396 0.587125
vt 0.664396 0.609339
vt 0.615736 0.609339
vt 0.615736 0.587125
vt 0.680105 0.609339
vt 0.680105 0.587125
vt 0.615736 0.659925
vt 0.664396 0.659925
vt 0.600028 0.609339
vt 0.600028 0.587125
vt 0.615736 0.531938
vt 0.664396 0.531938
vt 0.680105 0.659925
vt 0.680105 0.531938
vt 0.600028 0.659925
vt 0.615736 0.675633
vt 0.664396 0.675633
vt 0.600028 0.531938
vt 0.615736 0.509723
vt 0.664396 0.509723
vt 0.680105 0.509723
vt 0.600028 0.509723
vt 0.615736 0.454538
vt 0.664396 0.454538
vt 0.680105 0.454538
vt 0.600028 0.454538
vt 0.615736 0.432323
vt 0.664396 0.432323
vt 0.680105 0.432323
vt 0.600028 0.432323
vt 0.615736 0.381737
vt 0.664396 0.381737
vt 0.680105 0.381737
vt 0.600028 0.381737
vt 0.664396 0.366029
vt 0.615736 0.366029
vt 0.700763 0.796361
vt 0.700763 0.818576
vt 0.652103 0.818576
vt 0.652103 0.796361
vt 0.716471 0.796361
vt 0.716471 0.818576
vt 0.701346 0.869742
vt 0.651811 0.869451
vt 0.636394 0.818576
vt 0.636394 0.796361
vt 0.651520 0.745193
vt 0.701054 0.745484
vt 0.716471 0.874129
vt 0.716471 0.741277
vt 0.647902 0.884869
vt 0.695958 0.884869
vt 0.636394 0.873658
vt 0.636394 0.740806
vt 0.695958 0.730066
vt 0.647902 0.730066
vt 0.826725 0.785843
vt 0.826725 0.760209
vt 0.881459 0.760209
vt 0.881459 0.785843
vt 0.808431 0.774917
vt 0.826051 0.730066
vt 0.881220 0.730552
vt 0.899753 0.774917
vt 0.881266 0.827216
vt 0.826919 0.827216
vt 0.808431 0.810055
vt 0.899753 0.810055
vt 0.826878 0.841022
vt 0.881263 0.841031
vt 0.899365 0.874359
vt 0.899365 0.899993
vt 0.844631 0.899993
vt 0.844750 0.874289
vt 0.917659 0.889067
vt 0.899171 0.941366
vt 0.844824 0.941366
vt 0.826337 0.889067
vt 0.844870 0.844701
vt 0.899125 0.844701
vt 0.917659 0.924205
vt 0.899169 0.955181
vt 0.844784 0.955172
vt 0.826337 0.924653
vt 0.578678 0.587124
vt 0.578678 0.609339
vt 0.530018 0.609339
vt 0.530018 0.587124
vt 0.594386 0.609339
vt 0.594386 0.587124
vt 0.530018 0.659925
vt 0.578678 0.659925
vt 0.514310 0.609339
vt 0.514310 0.587124
vt 0.530018 0.531938
vt 0.578678 0.531938
vt 0.594386 0.659925
vt 0.594386 0.531938
vt 0.514310 0.659925
vt 0.530018 0.675632
vt 0.578678 0.675632
vt 0.514310 0.531938
vt 0.530018 0.509722
vt 0.578678 0.509722
vt 0.594386 0.509722
vt 0.514310 0.509722
vt 0.530018 0.454537
vt 0.578678 0.454537
vt 0.594386 0.454537
vt 0.514310 0.454537
vt 0.530018 0.432323
vt 0.578678 0.432323
vt 0.594386 0.432323
vt 0.514310 0.432323
vt 0.530018 0.381737
vt 0.578678 0.381737
vt 0.594386 0.381737
vt 0.514310 0.381737
vt 0.578678 0.366029
vt 0.530018 0.366029
vt 0.786781 0.796360
vt 0.786781 0.818576
vt 0.738121 0.818576
vt 0.738121 0.796360
vt 0.802489 0.796360
vt 0.802489 0.818576
vt 0.787364 0.869742
vt 0.737830 0.869451
vt 0.722413 0.818576
vt 0.722413 0.796360
vt 0.737538 0.745193
vt 0.787072 0.745484
vt 0.802489 0.874130
vt 0.802489 0.741277
vt 0.733920 0.884868
vt 0.781976 0.884868
vt 0.722413 0.873658
vt 0.722413 0.740805
vt 0.781976 0.730066
vt 0.733920 0.730066
vt 0.748652 0.943564
vt 0.748652 0.918275
vt 0.802648 0.918275
vt 0.802648 0.943564
vt 0.730604 0.932784
vt 0.747987 0.888539
vt 0.802412 0.889017
vt 0.820695 0.932784
vt 0.802458 0.984379
vt 0.748843 0.984379
vt 0.730604 0.967449
vt 0.820695 0.967449
vt 0.748803 0.997999
vt 0.802454 0.998008
vt 0.706915 0.917797
vt 0.706915 0.943086
vt 0.652919 0.943086
vt 0.653037 0.917728
vt 0.724963 0.932306
vt 0.706724 0.983900
vt 0.653109 0.983900
vt 0.634871 0.932306
vt 0.653155 0.888539
vt 0.706679 0.888539
vt 0.724963 0.966971
vt 0.706722 0.997530
vt 0.653070 0.997521
vt 0.634871 0.966971
vt 0.055040 0.045530
vt 0.077025 0.045559
vt 0.076670 0.092031
vt 0.054261 0.095242
vt 0.055111 0.029835
vt 0.077320 0.029835
vt 0.164914 0.020487
vt 0.164900 0.074800
vt 0.081679 0.107236
vt 0.066255 0.122363
vt 0.051069 0.117975
vt 0.001832 0.096129
vt 0.001832 0.045543
vt 0.001832 0.029835
vt 0.174573 0.001992
vt 0.186575 0.074781
vt 0.186575 0.020525
vt 0.174573 0.093314
vt 0.001832 0.118344
vt 0.196679 0.001992
vt 0.196679 0.093314
vt 0.194297 0.019612
vt 0.194297 0.075693
vt 0.050546 0.173530
vt 0.001832 0.173530
vt 0.220124 0.075693
vt 0.220896 0.020525
vt 0.050546 0.195745
vt 0.001832 0.195745
vt 0.209454 0.093314
vt 0.209454 0.001992
vt 0.050401 0.250828
vt 0.001832 0.250930
vt 0.268137 0.075020
vt 0.256046 0.093314
vt 0.256046 0.001992
vt 0.268137 0.020285
vt 0.054254 0.274038
vt 0.001832 0.273145
vt 0.076670 0.277244
vt 0.066255 0.246621
vt 0.081679 0.262038
vt 0.055040 0.323744
vt 0.001832 0.323731
vt 0.077025 0.323715
vt 0.174573 0.275960
vt 0.164914 0.294456
vt 0.055122 0.339439
vt 0.001832 0.339439
vt 0.077320 0.339439
vt 0.164900 0.348768
vt 0.186575 0.294494
vt 0.196679 0.275960
vt 0.173921 0.367282
vt 0.186575 0.348749
vt 0.196605 0.367282
vt 0.194297 0.293582
vt 0.193733 0.348749
vt 0.220896 0.348749
vt 0.220896 0.294494
vt 0.209454 0.367282
vt 0.209454 0.275960
vt 0.268025 0.348869
vt 0.256046 0.367282
vt 0.256046 0.275960
vt 0.268137 0.294254
vt 0.349589 0.323750
vt 0.327616 0.323744
vt 0.326827 0.274036
vt 0.349257 0.277243
vt 0.349959 0.339439
vt 0.327717 0.339439
vt 0.274402 0.323731
vt 0.274402 0.273146
vt 0.322971 0.250828
vt 0.338825 0.246621
vt 0.354249 0.262038
vt 0.484357 0.294408
vt 0.484326 0.348792
vt 0.274402 0.339439
vt 0.474895 0.367282
vt 0.274402 0.250931
vt 0.474954 0.275960
vt 0.497016 0.367282
vt 0.506526 0.348795
vt 0.274402 0.195744
vt 0.323116 0.195744
vt 0.506526 0.294448
vt 0.497016 0.275960
vt 0.323116 0.173529
vt 0.274402 0.173529
vt 0.274402 0.118344
vt 0.323639 0.117975
vt 0.326834 0.095244
vt 0.274402 0.096129
vt 0.354249 0.107236
vt 0.338825 0.122363
vt 0.349257 0.092032
vt 0.274402 0.045544
vt 0.327616 0.045531
vt 0.349589 0.045525
vt 0.484326 0.074824
vt 0.474895 0.093315
vt 0.327730 0.029835
vt 0.274402 0.029835
vt 0.349959 0.029835
vt 0.484357 0.020439
vt 0.497016 0.093315
vt 0.506526 0.074826
vt 0.475030 0.001992
vt 0.506526 0.020480
vt 0.497668 0.001992
vt 0.725168 0.321283
vt 0.703184 0.321254
vt 0.703538 0.274782
vt 0.725947 0.271571
vt 0.725097 0.336978
vt 0.702888 0.336978
vt 0.614574 0.344113
vt 0.614588 0.290533
vt 0.698529 0.259577
vt 0.713953 0.244450
vt 0.729140 0.248838
vt 0.778377 0.270684
vt 0.778377 0.321269
vt 0.778377 0.336978
vt 0.605047 0.362359
vt 0.593206 0.290552
vt 0.593206 0.344076
vt 0.605047 0.272268
vt 0.778377 0.248469
vt 0.583238 0.362359
vt 0.583238 0.272268
vt 0.585588 0.344976
vt 0.585588 0.289651
vt 0.729662 0.193283
vt 0.778377 0.193283
vt 0.560109 0.289651
vt 0.559347 0.344076
vt 0.729662 0.171068
vt 0.778377 0.171068
vt 0.570636 0.272268
vt 0.570636 0.362359
vt 0.729807 0.115985
vt 0.778377 0.115883
vt 0.512743 0.290315
vt 0.524671 0.272268
vt 0.524671 0.362359
vt 0.512743 0.344312
vt 0.725954 0.092775
vt 0.778377 0.093667
vt 0.703538 0.089569
vt 0.713953 0.120192
vt 0.698529 0.104775
vt 0.725168 0.043069
vt 0.778377 0.043082
vt 0.703184 0.043098
vt 0.605047 0.092084
vt 0.614574 0.073837
vt 0.725086 0.027374
vt 0.778377 0.027374
vt 0.702888 0.027374
vt 0.614588 0.020257
vt 0.593206 0.073800
vt 0.583238 0.092084
vt 0.605047 0.001992
vt 0.593206 0.020276
vt 0.583238 0.001992
vt 0.585588 0.074700
vt 0.586144 0.020276
vt 0.559347 0.020276
vt 0.559347 0.073800
vt 0.570636 0.001992
vt 0.570636 0.092084
vt 0.512854 0.020158
vt 0.524671 0.001992
vt 0.524671 0.092084
vt 0.512743 0.074036
vt 0.842472 0.407100
vt 0.864445 0.407106
vt 0.865234 0.456814
vt 0.842804 0.453606
vt 0.842102 0.391411
vt 0.864344 0.391411
vt 0.917659 0.407119
vt 0.917659 0.457704
vt 0.869090 0.480022
vt 0.853236 0.484229
vt 0.837812 0.468812
vt 0.707616 0.437922
vt 0.707647 0.384270
vt 0.917659 0.391411
vt 0.716951 0.366029
vt 0.917659 0.479919
vt 0.716893 0.456121
vt 0.695128 0.366029
vt 0.685746 0.384267
vt 0.917659 0.535105
vt 0.868945 0.535105
vt 0.685746 0.437882
vt 0.695128 0.456121
vt 0.868945 0.557321
vt 0.917659 0.557321
vt 0.917659 0.612506
vt 0.868422 0.612875
vt 0.865227 0.635605
vt 0.917659 0.634721
vt 0.837812 0.623614
vt 0.853236 0.608487
vt 0.842804 0.638819
vt 0.917659 0.685306
vt 0.864445 0.685319
vt 0.842472 0.685325
vt 0.707647 0.654546
vt 0.716951 0.636305
vt 0.864331 0.701014
vt 0.917659 0.701014
vt 0.842102 0.701014
vt 0.707616 0.708198
vt 0.695128 0.636305
vt 0.685746 0.654544
vt 0.716893 0.726396
vt 0.685746 0.708158
vt 0.695128 0.726396
vt 0.435340 0.549678
vt 0.432617 0.571888
vt 0.384010 0.571852
vt 0.387908 0.549610
vt 0.432669 0.625167
vt 0.384009 0.625167
vt 0.418834 0.424674
vt 0.467623 0.452426
vt 0.481800 0.430320
vt 0.433154 0.402553
vt 0.468293 0.370953
vt 0.497958 0.417545
vt 0.498862 0.440424
vt 0.508668 0.432702
vt 0.374451 0.549610
vt 0.378368 0.571839
vt 0.329726 0.571877
vt 0.327018 0.549678
vt 0.378350 0.625167
vt 0.329690 0.625167
vt 0.294281 0.453078
vt 0.344383 0.424539
vt 0.279736 0.430394
vt 0.329653 0.401901
vt 0.264401 0.417545
vt 0.294066 0.370953
vt 0.263497 0.440424
vt 0.254407 0.433265
vt 0.206552 0.660437
vt 0.220906 0.682499
vt 0.172082 0.710310
vt 0.157907 0.688204
vt 0.250893 0.803204
vt 0.202837 0.803204
vt 0.141749 0.675429
vt 0.171414 0.628837
vt 0.140845 0.698308
vt 0.131038 0.690586
vt 0.351259 0.688204
vt 0.337083 0.710311
vt 0.288294 0.682559
vt 0.302614 0.660438
vt 0.306330 0.803204
vt 0.258273 0.803205
vt 0.337752 0.628837
vt 0.367418 0.675430
vt 0.368322 0.698308
vt 0.378128 0.690587
vt 0.197435 0.446441
vt 0.200157 0.424232
vt 0.248765 0.424268
vt 0.244867 0.446510
vt 0.200106 0.370953
vt 0.248766 0.370953
vt 0.213417 0.571661
vt 0.165286 0.544282
vt 0.151301 0.566091
vt 0.199290 0.593484
vt 0.164625 0.624657
vt 0.135360 0.578693
vt 0.134468 0.556123
vt 0.124794 0.563741
vt 0.005749 0.703885
vt 0.001832 0.681656
vt 0.050474 0.681618
vt 0.053181 0.703816
vt 0.001850 0.628328
vt 0.050509 0.628328
vt 0.085331 0.801657
vt 0.037165 0.829094
vt 0.099315 0.823466
vt 0.051325 0.850859
vt 0.115255 0.836069
vt 0.085990 0.882033
vt 0.116147 0.813498
vt 0.125114 0.820560
vt 0.430179 0.771521
vt 0.416019 0.749756
vt 0.464185 0.722320
vt 0.478169 0.744128
vt 0.385508 0.628837
vt 0.433565 0.628838
vt 0.494110 0.756731
vt 0.464844 0.802695
vt 0.495001 0.734161
vt 0.504675 0.741778
vt 0.537458 0.794594
vt 0.551443 0.772785
vt 0.599574 0.800164
vt 0.585447 0.821987
vt 0.582062 0.679303
vt 0.630119 0.679303
vt 0.550783 0.853161
vt 0.521517 0.807197
vt 0.520626 0.784626
vt 0.510951 0.792244
vn -0.359956 -0.617919 -0.699005
vn -0.353474 -0.620542 -0.699989
vn -0.399611 -0.592035 -0.699861
vn -0.401380 -0.593450 -0.697647
vn -0.041249 -0.999149 -0.000165
vn -0.314835 -0.949146 -0.000301
vn -0.302905 -0.953021 -0.000320
vn -0.029023 -0.999579 -0.000116
vn -0.026375 -0.704328 -0.709385
vn -0.028547 -0.704139 -0.709488
vn 0.000255 -0.706358 -0.707854
vn 0.000255 -0.706359 -0.707854
vn -0.198331 0.057345 -0.978456
vn 0.000004 0.000000 -1.000000
vn 0.000003 0.000000 -1.000000
vn -0.183198 0.052969 -0.981648
vn -0.707113 -0.707101 0.000000
vn -0.707113 -0.707101 0.000000
vn -0.707111 -0.707103 0.000000
vn -0.707111 -0.707103 0.000000
vn -0.707090 0.000000 -0.707124
vn -0.707090 0.000000 -0.707124
vn -0.707090 0.000000 -0.707124
vn -0.707090 0.000000 -0.707124
vn 0.035622 0.712177 -0.701096
vn 0.041118 0.711016 -0.701972
vn 0.090247 0.697268 -0.711107
vn 0.088584 0.697747 -0.710846
vn 0.031020 0.704303 -0.709221
vn 0.034528 0.703963 -0.709397
vn -0.000079 0.706937 -0.707276
vn -0.000079 0.706937 -0.707276
vn 0.212373 0.977189 -0.000076
vn 0.040177 0.999193 0.000176
vn 0.028328 0.999599 0.000127
vn 0.209395 0.977831 -0.000049
vn -0.707113 0.707101 0.000000
vn -0.707113 0.707101 0.000000
vn -0.707111 0.707103 0.000000
vn -0.707111 0.707103 0.000000
vn 0.042441 0.718144 0.694599
vn 0.036974 0.719858 0.693136
vn 0.090793 0.707168 0.701192
vn 0.093901 0.706324 0.701633
vn 0.040172 0.999193 -0.000176
vn 0.212374 0.977188 0.000111
vn 0.209391 0.977832 0.000083
vn 0.028243 0.999601 -0.000124
vn 0.034563 0.704186 0.709174
vn 0.031002 0.704530 0.708997
vn -0.000205 0.707152 0.707061
vn -0.000205 0.707152 0.707061
vn -0.184030 0.053978 0.981437
vn 0.000000 0.000000 1.000000
vn 0.000000 0.000000 1.000000
vn -0.198967 0.058359 0.978267
vn -0.707113 0.707101 0.000000
vn -0.707113 0.707101 0.000000
vn -0.707113 0.707101 0.000000
vn -0.707113 0.707101 0.000000
vn -0.707102 0.000000 0.707111
vn -0.707102 0.000000 0.707111
vn -0.707102 0.000000 0.707111
vn -0.707102 0.000000 0.707111
vn -0.355526 -0.626865 0.693283
vn -0.362202 -0.624341 0.692104
vn -0.405317 -0.601545 0.688377
vn -0.403974 -0.600499 0.690076
vn -0.028549 -0.704317 0.709311
vn -0.026412 -0.704503 0.709210
vn 0.000147 -0.706540 0.707673
vn 0.000147 -0.706540 0.707673
vn -0.314828 -0.949149 0.000290
vn -0.041254 -0.999149 0.000170
vn -0.029110 -0.999576 0.000120
vn -0.302911 -0.953019 0.000311
vn -0.707113 -0.707101 0.000000
vn -0.707113 -0.707101 0.000000
vn -0.707113 -0.707101 0.000000
vn -0.707113 -0.707101 0.000000
vn 0.317608 0.713670 0.624340
vn 0.296724 0.700590 0.648944
vn 0.265020 0.652626 0.709819
vn 0.271283 0.648875 0.710892
vn 0.000000 1.000000 0.000002
vn 0.000000 1.000000 0.000002
vn 0.000000 1.000000 0.000002
vn 0.618440 0.766816 0.171830
vn 0.618825 0.766656 0.171158
vn 0.703584 0.710612 0.000702
vn 0.703588 0.710608 0.000701
vn 0.703295 -0.002112 0.710895
vn 0.703295 -0.002112 0.710895
vn 0.703295 -0.002112 0.710895
vn 0.703295 -0.002112 0.710895
vn -1.000000 0.000000 0.000000
vn -1.000000 0.000000 0.000000
vn -1.000000 0.000000 0.000000
vn -1.000000 0.000000 0.000000
vn -0.707109 0.707105 0.000000
vn -0.707109 0.707105 0.000000
vn -0.707111 0.707103 0.000000
vn -0.707111 0.707103 0.000000
vn -0.124866 -0.701155 -0.701990
vn -0.124866 -0.701156 -0.701990
vn -0.185685 -0.676722 -0.712439
vn -0.186596 -0.676331 -0.712572
vn 0.000000 -1.000000 0.000001
vn 0.000000 -1.000000 -0.000001
vn 0.000000 -1.000000 0.000001
vn 0.702098 -0.712080 -0.000994
vn 0.702098 -0.712080 -0.000994
vn 0.703583 -0.710613 -0.000700
vn 0.703587 -0.710609 -0.000699
vn 0.703926 0.002123 -0.710270
vn 0.703926 0.002123 -0.710270
vn 0.703926 0.002123 -0.710270
vn 0.703926 0.002123 -0.710270
vn -1.000000 0.000000 0.000000
vn -1.000000 0.000000 0.000000
vn -1.000000 0.000000 0.000000
vn -1.000000 0.000000 0.000000
vn -0.707113 -0.707101 0.000000
vn -0.707113 -0.707101 0.000000
vn -0.707113 -0.707101 0.000000
vn -0.707113 -0.707101 0.000000
vn 0.000000 1.000000 0.000000
vn 0.000000 1.000000 -0.000002
vn 0.000000 1.000000 -0.000002
vn 0.000000 1.000000 0.000000
vn 0.706250 0.707944 -0.005136
vn 0.706250 0.707944 -0.005138
vn 0.621212 0.764093 -0.173949
vn 0.622631 0.763481 -0.171541
vn 1.000000 0.000000 0.000000
vn 1.000000 0.000000 0.000000
vn 1.000000 0.000000 0.000000
vn 1.000000 0.000000 0.000000
vn 0.295932 0.699599 -0.650373
vn 0.317157 0.712851 -0.625504
vn 0.271202 0.648860 -0.710936
vn 0.264999 0.652586 -0.709864
vn 0.000000 1.000000 0.000000
vn 0.000000 1.000000 0.000000
vn 0.000000 1.000000 -0.000001
vn 0.000000 -1.000000 0.000002
vn 0.000000 -1.000000 0.000001
vn 0.000000 -1.000000 0.000001
vn 0.000000 -1.000000 0.000002
vn 0.706242 -0.707952 0.005134
vn 0.706242 -0.707952 0.005136
vn 0.705868 -0.708306 0.007321
vn 0.705868 -0.708306 0.007321
vn -0.124915 -0.701368 0.701769
vn -0.124915 -0.701368 0.701769
vn -0.186665 -0.676523 0.712372
vn -0.185825 -0.676884 0.712249
vn 0.000000 -1.000000 0.000002
vn 0.000000 -1.000000 0.000002
vn 0.000000 -1.000000 0.000001
vn -1.000000 0.000000 0.000000
vn -1.000000 0.000000 0.000000
vn -1.000000 0.000000 0.000000
vn -1.000000 0.000000 0.000000
vn -0.707111 -0.707103 0.000000
vn -0.707111 -0.707103 0.000000
vn -0.707109 -0.707105 0.000000
vn -0.707109 -0.707105 0.000000
vn -0.707113 0.707101 0.000000
vn -0.707113 0.707101 0.000000
vn -0.707113 0.707101 0.000000
vn -0.707113 0.707101 0.000000
vn 0.463869 0.516050 0.720082
vn 0.475656 0.506736 0.719007
vn 0.518395 0.471216 0.713598
vn 0.518395 0.471216 0.713598
vn 0.273227 0.961950 -0.000157
vn 0.677960 0.735099 -0.000027
vn 0.678006 0.735056 -0.000027
vn 0.282139 0.959373 -0.000154
vn 0.000001 0.000000 1.000000
vn 0.091827 -0.026360 0.995426
vn 0.096563 -0.027719 0.994941
vn -0.000001 0.000000 1.000000
vn -0.442916 -0.526721 0.725528
vn -0.458570 -0.513773 0.725087
vn -0.561686 -0.418334 0.713797
vn -0.561686 -0.418334 0.713797
vn -0.643823 -0.765175 -0.000022
vn -0.394856 -0.918743 -0.000205
vn -0.406548 -0.913629 -0.000193
vn -0.643798 -0.765196 -0.000022
vn -0.458468 -0.513712 -0.725194
vn -0.442771 -0.526675 -0.725650
vn -0.561689 -0.418326 -0.713799
vn -0.561689 -0.418326 -0.713799
vn 0.000002 0.000000 -1.000000
vn -0.184062 0.053219 -0.981473
vn -0.175698 0.050800 -0.983132
vn 0.000002 0.000000 -1.000000
vn 0.475151 0.507068 -0.719107
vn 0.463261 0.516441 -0.720193
vn 0.518377 0.471209 -0.713615
vn 0.518377 0.471209 -0.713615
vn -0.443724 -0.544711 0.711617
vn -0.456645 -0.534417 0.711248
vn -0.550888 -0.451261 0.702059
vn -0.550888 -0.451261 0.702059
vn -0.182885 0.053642 0.981670
vn 0.000001 0.000000 1.000000
vn -0.000001 0.000000 1.000000
vn -0.174231 0.051103 0.983378
vn -0.639070 -0.769149 -0.000021
vn -0.406530 -0.913638 0.000163
vn -0.394864 -0.918740 0.000177
vn -0.641393 -0.767212 -0.000021
vn -0.458476 -0.513726 -0.725180
vn -0.442780 -0.526688 -0.725634
vn -0.561685 -0.418339 -0.713794
vn -0.561685 -0.418339 -0.713794
vn 0.000004 0.000000 -1.000000
vn 0.096566 -0.027672 -0.994942
vn 0.091833 -0.026315 -0.995427
vn 0.000005 0.000000 -1.000000
vn 0.475160 0.507074 -0.719096
vn 0.463271 0.516446 -0.720183
vn 0.518387 0.471220 -0.713601
vn 0.518387 0.471220 -0.713601
vn 0.678005 0.735057 -0.000027
vn 0.273205 0.961956 0.000162
vn 0.282177 0.959362 0.000154
vn 0.677959 0.735100 -0.000027
vn 0.472038 0.522053 0.710380
vn 0.485090 0.510910 0.709689
vn 0.527805 0.472445 0.705845
vn 0.527805 0.472445 0.705845
vn 0.990804 -0.135306 0.000000
vn 0.990804 -0.135306 0.000000
vn 0.990804 -0.135306 0.000000
vn 0.990804 -0.135306 0.000000
vn 0.373519 -0.582727 0.721743
vn 0.373519 -0.582727 0.721743
vn 0.373519 -0.582727 0.721743
vn 0.373519 -0.582727 0.721743
vn -0.159298 -0.987216 -0.005417
vn -0.159298 -0.987216 -0.005417
vn -0.159298 -0.987216 -0.005417
vn -0.159298 -0.987216 -0.005417
vn 0.373504 -0.593680 -0.712769
vn 0.373504 -0.593680 -0.712769
vn 0.373504 -0.593680 -0.712769
vn 0.373504 -0.593680 -0.712769
vn 0.374777 -0.594212 0.711656
vn 0.374777 -0.594212 0.711656
vn 0.374777 -0.594212 0.711656
vn 0.374777 -0.594212 0.711656
vn -0.159765 -0.987139 0.005639
vn -0.159765 -0.987139 0.005639
vn -0.159765 -0.987139 0.005639
vn -0.159765 -0.987139 0.005639
vn 0.373506 -0.593694 -0.712756
vn 0.373506 -0.593694 -0.712756
vn 0.373506 -0.593694 -0.712756
vn 0.373506 -0.593694 -0.712756
vn 0.990537 -0.137241 0.000924
vn 0.990537 -0.137241 0.000924
vn 0.990537 -0.137241 0.000924
vn 0.990537 -0.137241 0.000924
vn 0.000000 0.000000 -1.000000
vn 0.000000 0.000000 -1.000000
vn 0.000000 1.000000 -0.000002
vn 0.000000 0.000000 1.000000
vn 0.000000 0.000000 1.000000
vn 0.000000 -1.000000 0.000001
vn -1.000000 0.000000 0.000000
vn -1.000000 0.000000 0.000000
vn 0.531703 -0.846931 -0.000004
vn 0.531703 -0.846931 -0.000004
vn 0.531703 -0.846931 -0.000004
vn 0.531703 -0.846931 -0.000004
vn 0.531700 -0.846933 0.000000
vn 0.531700 -0.846933 0.000000
vn 0.531700 -0.846933 0.000000
vn 0.531700 -0.846933 0.000000
vn 0.000000 -1.000000 -0.000002
vn -1.000000 0.000000 0.000000
vn -1.000000 0.000000 0.000000
vn 0.000000 1.000000 -0.000001
vn 1.000000 0.000000 0.000000
vn 1.000000 0.000000 0.000000
vn 1.000000 0.000000 0.000000
vn 1.000000 0.000000 0.000000
vn 0.119581 -0.034327 0.992231
vn 0.119581 -0.034327 0.992231
vn 0.119620 -0.034279 -0.992228
vn 0.119620 -0.034279 -0.992228
vn -0.000007 0.000000 1.000000
vn -0.000007 0.000000 1.000000
vn -0.785663 -0.618655 0.000000
vn -0.785663 -0.618655 0.000000
vn 0.000004 0.000000 -1.000000
vn 0.000004 0.000000 -1.000000
vn 0.739314 0.673361 0.000000
vn 0.739314 0.673361 0.000000
vn -0.785644 -0.618679 0.000005
vn -0.785644 -0.618679 0.000005
vn 0.000000 0.000000 -1.000000
vn 0.000000 0.000000 -1.000000
vn 0.739313 0.673362 0.000000
vn 0.739313 0.673362 0.000000
vn 0.000007 0.000000 1.000000
vn 0.000007 0.000000 1.000000
vn -0.577361 -0.577329 -0.577361
vn -0.577361 -0.577329 -0.577361
vn -0.577361 -0.577329 -0.577361
vn -0.577361 0.577329 -0.577361
vn -0.577361 0.577329 -0.577361
vn -0.577361 0.577329 -0.577361
vn -0.577350 0.577350 0.577350
vn -0.577350 0.577350 0.577350
vn -0.577350 0.577350 0.577350
vn -0.577350 -0.577350 0.577350
vn -0.577350 -0.577350 0.577350
vn -0.577350 -0.577350 0.577350
vn 0.491835 0.792572 0.360455
vn 0.306857 -0.848122 -0.431888
vn 0.306857 -0.848123 -0.431888
vn 0.306857 -0.848122 -0.431888
vn 0.306857 -0.848123 -0.431888
vn 0.306857 -0.848123 -0.431888
vn 0.494195 0.792284 -0.357851
vn 0.306040 -0.848962 0.430817
vn 0.306040 -0.848962 0.430817
vn 0.306040 -0.848962 0.430817
vn 0.306040 -0.848962 0.430817
vn 0.306040 -0.848962 0.430817
vn 0.787466 -0.107534 0.606904
vn 0.787466 -0.107534 0.606904
vn 0.787466 -0.107534 0.606905
vn -0.136865 -0.789869 0.597808
vn -0.136865 -0.789869 0.597808
vn -0.136865 -0.789869 0.597808
vn -0.101453 -0.808995 -0.578994
vn -0.101453 -0.808995 -0.578994
vn -0.101453 -0.808995 -0.578994
vn 0.787475 -0.107532 -0.606894
vn 0.787475 -0.107532 -0.606894
vn 0.787475 -0.107532 -0.606894
vn -0.141412 -0.816265 0.560102
vn -0.141412 -0.816265 0.560102
vn -0.141412 -0.816265 0.560102
vn -0.101494 -0.809007 -0.578970
vn -0.101494 -0.809007 -0.578970
vn -0.101494 -0.809007 -0.578970
vn 0.787475 -0.107532 -0.606894
vn 0.787475 -0.107532 -0.606894
vn 0.787475 -0.107532 -0.606894
vn 0.788644 -0.113673 0.604251
vn 0.788644 -0.113673 0.604251
vn 0.788644 -0.113673 0.604251
vn 0.344464 -0.624781 0.700709
vn 0.337580 -0.627451 0.701673
vn 0.386422 -0.598647 0.701641
vn 0.386990 -0.600514 0.699730
vn 0.041249 -0.999149 0.000166
vn 0.309506 -0.950898 0.000289
vn 0.298636 -0.954367 0.000308
vn 0.029023 -0.999579 0.000117
vn 0.026378 -0.704340 0.709373
vn 0.028550 -0.704152 0.709475
vn -0.000250 -0.706368 0.707844
vn -0.000250 -0.706368 0.707844
vn 0.180792 0.051925 0.982150
vn 0.000004 0.000000 1.000000
vn 0.000004 0.000000 1.000000
vn 0.166771 0.047898 0.984832
vn 0.707119 -0.707095 0.000000
vn 0.707119 -0.707095 0.000000
vn 0.707115 -0.707098 0.000000
vn 0.707115 -0.707098 0.000000
vn 0.707105 0.000000 0.707108
vn 0.707105 0.000000 0.707108
vn 0.707105 0.000000 0.707108
vn 0.707105 0.000000 0.707108
vn -0.049238 0.709809 0.702671
vn -0.053671 0.708789 0.703376
vn -0.101927 0.694820 0.711924
vn -0.099766 0.695470 0.711596
vn -0.031015 0.704308 0.709216
vn -0.034523 0.703968 0.709393
vn 0.000079 0.706945 0.707268
vn 0.000079 0.706945 0.707268
vn -0.216637 0.976252 0.000061
vn -0.040178 0.999193 -0.000179
vn -0.028328 0.999599 -0.000126
vn -0.213651 0.976910 0.000036
vn 0.707119 0.707095 0.000000
vn 0.707119 0.707095 0.000000
vn 0.707115 0.707098 0.000000
vn 0.707115 0.707098 0.000000
vn -0.053601 0.708878 -0.703292
vn -0.049126 0.709888 -0.702599
vn -0.099842 0.695460 -0.711594
vn -0.101978 0.694818 -0.711919
vn -0.040172 0.999193 0.000174
vn -0.216635 0.976253 -0.000096
vn -0.213643 0.976912 -0.000070
vn -0.028243 0.999601 0.000122
vn -0.034575 0.704190 -0.709170
vn -0.031012 0.704534 -0.708993
vn 0.000201 0.707159 -0.707054
vn 0.000201 0.707159 -0.707054
vn 0.166733 0.047972 -0.984834
vn 0.000004 0.000000 -1.000000
vn 0.000004 0.000000 -1.000000
vn 0.180739 0.052002 -0.982155
vn 0.707116 0.707098 0.000000
vn 0.707116 0.707098 0.000000
vn 0.707116 0.707097 0.000000
vn 0.707116 0.707097 0.000000
vn 0.707105 0.000000 -0.707108
vn 0.707105 0.000000 -0.707108
vn 0.707105 0.000000 -0.707108
vn 0.707105 0.000000 -0.707108
vn 0.337557 -0.627614 -0.701538
vn 0.344433 -0.624949 -0.700575
vn 0.387013 -0.600661 -0.699591
vn 0.386459 -0.598774 -0.701512
vn 0.028541 -0.704318 -0.709310
vn 0.026404 -0.704504 -0.709209
vn -0.000147 -0.706539 -0.707674
vn -0.000147 -0.706539 -0.707674
vn 0.309497 -0.950900 -0.000272
vn 0.041254 -0.999149 -0.000171
vn 0.029110 -0.999576 -0.000123
vn 0.298640 -0.954366 -0.000293
vn 0.707116 -0.707098 0.000000
vn 0.707116 -0.707098 0.000000
vn 0.707116 -0.707097 0.000000
vn 0.707116 -0.707097 0.000000
vn -0.315397 0.715100 -0.623824
vn -0.293416 0.701609 -0.649347
vn -0.261265 0.653749 -0.710179
vn -0.267363 0.650177 -0.711187
vn 0.000000 1.000000 0.000002
vn 0.000000 1.000000 -0.000000
vn 0.000000 1.000000 0.000002
vn -0.618439 0.766816 -0.171832
vn -0.618823 0.766656 -0.171159
vn -0.703581 0.710615 -0.000700
vn -0.703585 0.710611 -0.000699
vn -0.703275 -0.002116 -0.710915
vn -0.703275 -0.002116 -0.710915
vn -0.703275 -0.002116 -0.710915
vn -0.703275 -0.002116 -0.710915
vn 1.000000 0.000000 0.000000
vn 1.000000 0.000000 0.000000
vn 1.000000 0.000000 0.000000
vn 1.000000 0.000000 0.000000
vn 0.707113 0.707101 0.000000
vn 0.707113 0.707101 0.000000
vn 0.707116 0.707098 0.000000
vn 0.707116 0.707098 0.000000
vn 0.131620 -0.698957 0.702948
vn 0.131620 -0.698957 0.702948
vn 0.190107 -0.675098 0.712813
vn 0.190195 -0.675059 0.712826
vn 0.000000 -1.000000 -0.000001
vn 0.000000 -1.000000 -0.000002
vn 0.000000 -1.000000 -0.000000
vn -0.702096 -0.712081 0.000994
vn -0.702096 -0.712081 0.000994
vn -0.703582 -0.710614 0.000700
vn -0.703586 -0.710610 0.000699
vn -0.703903 0.002120 0.710293
vn -0.703903 0.002120 0.710293
vn -0.703903 0.002120 0.710293
vn -0.703903 0.002120 0.710293
vn 1.000000 0.000000 0.000000
vn 1.000000 0.000000 0.000000
vn 1.000000 0.000000 0.000000
vn 1.000000 0.000000 0.000000
vn 0.707116 -0.707098 0.000000
vn 0.707116 -0.707098 0.000000
vn 0.707116 -0.707098 0.000000
vn 0.707116 -0.707098 0.000000
vn 0.000000 1.000000 0.000000
vn 0.000000 1.000000 0.000002
vn 0.000000 1.000000 0.000002
vn 0.000000 1.000000 0.000000
vn -0.706243 0.707951 0.005138
vn -0.706242 0.707952 0.005140
vn -0.621201 0.764100 0.173957
vn -0.622620 0.763489 0.171549
vn -1.000000 0.000000 0.000000
vn -1.000000 0.000000 0.000000
vn -1.000000 0.000000 0.000000
vn -1.000000 0.000000 0.000000
vn -0.292597 0.700633 0.650769
vn -0.314920 0.714293 0.624988
vn -0.267297 0.650168 0.711220
vn -0.261253 0.653716 0.710213
vn 0.000000 1.000000 0.000000
vn 0.000000 1.000000 0.000000
vn 0.000000 1.000000 -0.000002
vn 0.000000 -1.000000 -0.000002
vn 0.000000 -1.000000 0.000003
vn 0.000000 -1.000000 0.000003
vn 0.000000 -1.000000 -0.000002
vn -0.706241 -0.707952 -0.005136
vn -0.706241 -0.707953 -0.005138
vn -0.705867 -0.708307 -0.007324
vn -0.705867 -0.708307 -0.007324
vn 0.131644 -0.699165 -0.702736
vn 0.131644 -0.699165 -0.702736
vn 0.190250 -0.675247 -0.712633
vn 0.190232 -0.675255 -0.712631
vn 0.000000 -1.000000 -0.000002
vn 0.000000 -1.000000 -0.000002
vn 0.000000 -1.000000 -0.000001
vn 1.000000 0.000000 0.000000
vn 1.000000 0.000000 0.000000
vn 1.000000 0.000000 0.000000
vn 1.000000 0.000000 0.000000
vn 0.707116 -0.707098 0.000000
vn 0.707116 -0.707098 0.000000
vn 0.707113 -0.707101 0.000000
vn 0.707113 -0.707101 0.000000
vn 0.707116 0.707098 0.000000
vn 0.707116 0.707098 0.000000
vn 0.707116 0.707098 0.000000
vn 0.707116 0.707098 0.000000
vn -0.463861 0.516048 -0.720088
vn -0.475650 0.506733 -0.719012
vn -0.518400 0.471206 -0.713601
vn -0.518400 0.471206 -0.713601
vn -0.276759 0.960940 0.000145
vn -0.677960 0.735099 0.000027
vn -0.678006 0.735057 0.000027
vn -0.284608 0.958644 0.000143
vn -0.000001 0.000000 -1.000000
vn -0.083995 -0.023949 -0.996178
vn -0.088232 -0.025158 -0.995782
vn 0.000001 0.000000 -1.000000
vn 0.442933 -0.526720 -0.725518
vn 0.458590 -0.513769 -0.725077
vn 0.561712 -0.418317 -0.713786
vn 0.561712 -0.418317 -0.713786
vn 0.643830 -0.765168 0.000026
vn 0.389720 -0.920933 0.000193
vn 0.400454 -0.916317 0.000184
vn 0.643805 -0.765190 0.000026
vn 0.458495 -0.513719 0.725173
vn 0.442797 -0.526685 0.725627
vn 0.561702 -0.418323 0.713790
vn 0.561703 -0.418323 0.713790
vn -0.000006 0.000000 1.000000
vn 0.168572 0.048416 0.984499
vn 0.161003 0.046242 0.985870
vn -0.000007 0.000000 1.000000
vn -0.475161 0.507062 0.719103
vn -0.463272 0.516435 0.720190
vn -0.518391 0.471200 0.713612
vn -0.518391 0.471200 0.713612
vn 0.439656 -0.533465 -0.722577
vn 0.455895 -0.521290 -0.721399
vn 0.555244 -0.438340 -0.706797
vn 0.555244 -0.438340 -0.706797
vn 0.168563 0.048499 -0.984497
vn 0.000005 0.000000 -1.000000
vn 0.000004 0.000000 -1.000000
vn 0.160992 0.046321 -0.985868
vn 0.639078 -0.769142 0.000027
vn 0.400434 -0.916326 -0.000147
vn 0.389727 -0.920930 -0.000159
vn 0.641403 -0.767204 0.000026
vn 0.458493 -0.513726 0.725169
vn 0.442793 -0.526692 0.725624
vn 0.561725 -0.418315 0.713777
vn 0.561724 -0.418315 0.713777
vn 0.000001 0.000000 1.000000
vn -0.088237 -0.025114 0.995783
vn -0.084001 -0.023909 0.996179
vn -0.000001 0.000000 1.000000
vn -0.475171 0.507069 0.719093
vn -0.463282 0.516441 0.720180
vn -0.518402 0.471207 0.713599
vn -0.518402 0.471207 0.713599
vn -0.678006 0.735057 0.000026
vn -0.276731 0.960948 -0.000151
vn -0.284639 0.958635 -0.000144
vn -0.677960 0.735099 0.000026
vn -0.463849 0.516044 -0.720099
vn -0.475637 0.506730 -0.719024
vn -0.518380 0.471207 -0.713615
vn -0.518380 0.471207 -0.713615
vn -0.990804 -0.135302 0.000000
vn -0.990804 -0.135302 0.000000
vn -0.990804 -0.135302 0.000000
vn -0.990804 -0.135302 0.000000
vn -0.373526 -0.582732 -0.721735
vn -0.373526 -0.582732 -0.721735
vn -0.373526 -0.582732 -0.721735
vn -0.373526 -0.582732 -0.721735
vn 0.159299 -0.987216 0.005411
vn 0.159299 -0.987216 0.005411
vn 0.159299 -0.987216 0.005411
vn 0.159299 -0.987216 0.005411
vn -0.373517 -0.593692 0.712752
vn -0.373517 -0.593692 0.712752
vn -0.373517 -0.593692 0.712752
vn -0.373517 -0.593692 0.712752
vn -0.374783 -0.594219 -0.711647
vn -0.374783 -0.594219 -0.711647
vn -0.374783 -0.594219 -0.711647
vn -0.374783 -0.594219 -0.711647
vn 0.159758 -0.987140 -0.005642
vn 0.159758 -0.987140 -0.005642
vn 0.159758 -0.987140 -0.005642
vn 0.159758 -0.987140 -0.005642
vn -0.373532 -0.593693 0.712743
vn -0.373532 -0.593693 0.712743
vn -0.373532 -0.593693 0.712743
vn -0.373532 -0.593693 0.712743
vn -0.990537 -0.137243 -0.000925
vn -0.990537 -0.137243 -0.000925
vn -0.990537 -0.137243 -0.000925
vn -0.990537 -0.137243 -0.000925
vn 0.000005 0.000000 1.000000
vn 0.000005 0.000000 1.000000
vn 0.000000 1.000000 -0.000000
vn 0.000005 0.000000 -1.000000
vn 0.000005 0.000000 -1.000000
vn 0.000000 -1.000000 -0.000001
vn 1.000000 0.000000 0.000000
vn 1.000000 0.000000 0.000000
vn -0.531700 -0.846933 0.000004
vn -0.531700 -0.846933 0.000004
vn -0.531700 -0.846933 0.000004
vn -0.531700 -0.846933 0.000004
vn -0.531696 -0.846935 0.000000
vn -0.531696 -0.846935 0.000000
vn -0.531696 -0.846935 0.000000
vn -0.531696 -0.846935 0.000000
vn 0.000000 -1.000000 0.000002
vn 1.000000 0.000000 0.000000
vn 1.000000 0.000000 0.000000
vn 0.000000 1.000000 -0.000003
vn -1.000000 0.000000 0.000000
vn -1.000000 0.000000 0.000000
vn -1.000000 0.000000 0.000000
vn -1.000000 0.000000 0.000000
vn -0.108780 -0.031017 -0.993582
vn -0.108780 -0.031017 -0.993582
vn -0.108817 -0.030973 0.993579
vn -0.108817 -0.030973 0.993579
vn 0.000008 0.000000 -1.000000
vn 0.000008 0.000000 -1.000000
vn 0.785668 -0.618648 0.000000
vn 0.785668 -0.618648 0.000000
vn -0.000004 0.000000 1.000000
vn -0.000004 0.000000 1.000000
vn -0.739317 0.673358 0.000000
vn -0.739317 0.673358 0.000000
vn 0.785664 -0.618653 0.000000
vn 0.785664 -0.618653 0.000000
vn 0.000008 0.000000 1.000000
vn 0.000008 0.000000 1.000000
vn -0.739318 0.673356 0.000000
vn -0.739318 0.673356 0.000000
vn 0.000008 0.000000 -1.000000
vn 0.000008 0.000000 -1.000000
vn 0.577361 -0.577329 0.577361
vn 0.577361 -0.577329 0.577361
vn 0.577361 -0.577329 0.577361
vn 0.577361 0.577329 0.577361
vn 0.577361 0.577329 0.577361
vn 0.577361 0.577329 0.577361
vn 0.577361 0.577329 -0.577361
vn 0.577361 0.577329 -0.577361
vn 0.577361 0.577329 -0.577361
vn 0.577361 -0.577329 -0.577361
vn 0.577361 -0.577329 -0.577361
vn 0.577361 -0.577329 -0.577361
vn -0.491835 0.792568 -0.360463
vn -0.306859 -0.848117 0.431898
vn -0.306859 -0.848117 0.431898
vn -0.306859 -0.848117 0.431898
vn -0.306859 -0.848117 0.431898
vn -0.306859 -0.848117 0.431898
vn -0.494183 0.792285 0.357864
vn -0.306056 -0.848956 -0.430817
vn -0.306056 -0.848956 -0.430817
vn -0.306056 -0.848956 -0.430817
vn -0.306056 -0.848956 -0.430817
vn -0.306056 -0.848956 -0.430817
vn -0.787458 -0.107532 -0.606916
vn -0.787458 -0.107532 -0.606916
vn -0.787458 -0.107532 -0.606916
vn 0.136856 -0.789863 -0.597818
vn 0.136856 -0.789863 -0.597818
vn 0.136856 -0.789863 -0.597818
vn 0.101494 -0.808980 0.579008
vn 0.101494 -0.808980 0.579008
vn 0.101494 -0.808980 0.579008
vn -0.787458 -0.107532 0.606916
vn -0.787458 -0.107532 0.606916
vn -0.787458 -0.107532 0.606916
vn 0.141437 -0.816257 -0.560107
vn 0.141437 -0.816257 -0.560107
vn 0.141437 -0.816257 -0.560107
vn 0.101470 -0.808986 0.579004
vn 0.101470 -0.808986 0.579004
vn 0.101470 -0.808986 0.579004
vn -0.787467 -0.107530 0.606905
vn -0.787467 -0.107530 0.606905
vn -0.787467 -0.107530 0.606905
vn -0.788643 -0.113656 -0.604256
vn -0.788643 -0.113656 -0.604256
vn -0.788643 -0.113656 -0.604256
s 1
g Nut1:potArm Nut1:pot Nut1:Nut
usemtl lambert69SG
f 1/170/1 4/174/2 91/183/3 90/175/4
s 2
f 2/169/5 1/170/6 64/171/7 63/172/8
s 1
f 3/173/9 2/169/10 7/181/11 6/182/12
s 3
f 4/393/13 3/394/14 9/395/15 8/396/16
s 4
f 5/7/17 7/15/18 70/9/19 69/3/20
s off
f 6/16/21 5/7/22 14/8/23 13/17/24
s 5
f 8/239/25 11/235/26 95/247/27 94/249/28
f 10/236/29 9/240/30 13/248/31 12/241/32
s 6
f 11/235/33 10/236/34 30/237/35 29/238/36
s 7
f 12/13/37 14/8/38 35/2/39 34/5/40
s 8
f 15/269/41 18/274/42 111/278/43 110/275/44
s 6
f 16/268/45 15/269/46 55/266/47 54/262/48
s 8
f 17/272/49 16/268/50 21/267/51 20/273/52
s 10
f 18/407/53 17/408/54 23/409/55 22/410/56
s 7
f 19/32/57 21/33/58 78/29/59 77/28/60
s off
f 20/35/61 19/32/62 28/31/63 27/36/64
s 12
f 22/218/65 25/213/66 99/219/67 98/222/68
f 24/211/69 23/216/70 27/217/71 26/212/72
s 2
f 25/213/73 24/211/74 39/206/75 38/208/76
s 4
f 26/34/77 28/31/78 44/27/79 43/30/80
s 15
f 29/238/81 33/245/82 83/251/83 82/246/84
s 6
f 31/243/85 30/237/35 34/242/86 37/250/87
s 15
f 32/48/88 31/50/89 47/41/90 50/37/91
s off
f 33/55/92 32/48/93 61/47/94 60/56/95
s 16
f 36/1/96 35/2/97 69/3/98 72/4/99
s 7
f 37/6/100 36/1/101 73/12/102 76/14/103
s 17
f 38/208/104 42/210/105 103/214/106 102/215/107
s 2
f 40/200/108 39/206/75 43/207/109 46/201/110
s 18
f 41/44/111 40/53/112 56/45/113 59/39/114
s off
f 42/51/115 41/44/116 52/43/117 51/52/118
s 16
f 45/23/119 44/27/120 77/28/121 80/24/122
s 4
f 46/26/123 45/23/124 65/19/125 68/22/126
s 6
f 48/258/127 47/255/128 76/254/129 75/259/130
s 15
f 49/38/131 48/42/132 53/49/133 52/43/134
s 20
f 50/37/135 49/38/136 59/39/137 58/40/138
s 15
f 51/264/139 55/266/140 107/270/141 106/271/142
s 6
f 54/262/48 53/261/143 79/260/144 78/263/145
s 2
f 57/192/146 56/196/147 68/197/148 67/193/149
s 18
f 58/40/150 57/46/151 62/54/152 61/47/153
s 21
f 60/177/154 64/171/155 87/176/156 86/186/157
s 2
f 63/172/8 62/179/158 71/187/159 70/180/160
s 16
f 66/11/161 65/19/162 74/20/163 73/12/164
s 4
f 67/18/165 66/11/166 72/4/167 71/10/168
s 7
f 75/21/169 74/20/170 80/24/171 79/25/172
s 15
f 81/66/173 84/67/174 114/61/175 113/57/176
s 6
f 82/69/177 81/66/178 96/65/179 95/70/180
s 23
f 84/421/181 83/422/182 86/423/183 85/424/184
s 21
f 85/424/185 88/429/186 118/430/187 117/427/188
s 2
f 88/184/189 87/176/190 90/175/191 89/185/192
s 1
f 89/405/193 92/401/194 121/404/195 120/406/196
s 3
f 92/401/197 91/400/198 94/399/199 93/402/200
s 5
f 93/68/201 96/65/202 124/60/203 123/64/204
s 12
f 97/415/205 100/419/206 126/420/207 125/417/208
s 10
f 98/413/209 97/415/210 112/416/211 111/414/212
s 2
f 100/223/213 99/219/214 102/215/215 101/220/216
s 17
f 101/439/217 104/431/218 130/438/219 129/440/220
s 25
f 104/431/221 103/432/222 106/433/223 105/434/224
s 15
f 105/81/225 108/76/226 133/72/227 132/75/228
s 6
f 108/76/229 107/82/230 110/83/231 109/77/232
s 8
f 109/77/233 112/84/234 136/78/235 135/73/236
s off
f 113/57/237 115/58/238 122/59/239 124/60/240
f 115/202/241 114/203/242 117/198/243 116/194/244
f 116/194/245 118/191/246 120/190/247 119/195/248
f 119/195/249 121/199/250 123/204/251 122/205/252
f 125/229/253 127/227/254 134/231/255 136/232/256
f 127/227/257 126/226/258 129/225/259 128/228/260
f 128/228/261 130/230/262 132/233/263 131/234/264
f 131/71/265 133/72/266 135/73/267 134/74/268
s 3
f 3/394/14 6/397/269 13/398/270 9/395/15
s 6
f 10/236/34 12/241/271 34/242/86 30/237/35
s 10
f 17/408/54 20/411/272 27/412/273 23/409/55
s 2
f 63/172/8 70/180/160 7/181/274 2/169/5
s 16
f 5/7/275 69/3/98 35/2/97 14/8/276
s off
f 115/58/277 116/62/278 119/63/279 122/59/280
f 127/79/281 128/80/282 131/71/283 134/74/284
s 2
f 24/211/74 26/212/285 43/207/109 39/206/75
s 16
f 77/28/121 44/27/120 28/31/286 19/32/287
s 6
f 54/262/48 78/263/145 21/267/288 16/268/45
s 20
f 50/37/135 58/40/138 61/47/289 32/48/290
s 2
f 57/192/146 67/193/149 71/187/159 62/179/158
s 16
f 36/1/96 72/4/99 66/11/161 73/12/164
s 6
f 31/243/85 37/250/87 76/254/129 47/255/128
s 20
f 52/43/291 41/44/292 59/39/137 49/38/136
s 6
f 48/258/127 75/259/130 79/260/144 53/261/143
s 16
f 74/20/163 65/19/162 45/23/119 80/24/122
s 2
f 40/200/108 46/201/110 68/197/148 56/196/147
s 23
f 33/425/293 60/426/294 86/423/183 83/422/182
s 2
f 64/171/7 1/170/6 90/175/191 87/176/190
s 3
f 4/393/13 8/396/16 94/399/199 91/400/198
s 6
f 11/235/33 29/238/36 82/246/177 95/247/180
s 2
f 25/213/73 38/208/76 102/215/215 99/219/214
s 25
f 42/435/295 51/436/296 106/433/223 103/432/222
s 6
f 55/266/47 15/269/46 110/275/231 107/270/230
s 10
f 18/407/53 22/410/56 98/413/209 111/414/212
s 23
f 84/421/181 85/424/184 117/427/297 114/428/298
s 2
f 88/184/189 89/185/192 120/190/299 118/191/300
s 3
f 92/401/197 93/402/200 123/403/301 121/404/302
s 6
f 96/65/179 81/66/178 113/57/303 124/60/304
s 2
f 100/223/213 101/220/216 129/225/305 126/226/306
s 25
f 104/431/221 105/434/224 132/437/307 130/438/308
s 6
f 108/76/229 109/77/232 135/73/309 133/72/310
s 10
f 112/416/211 97/415/210 125/417/311 136/418/312
s 1
f 1/170/1 2/169/10 3/173/9 4/174/2
s off
f 5/7/313 6/16/314 7/15/315
s 5
f 8/239/25 9/240/30 10/236/29 11/235/26
s off
f 12/13/316 13/17/317 14/8/318
s 8
f 15/269/41 16/268/50 17/272/49 18/274/42
s off
f 19/32/319 20/35/320 21/33/321
s 12
f 22/218/65 23/216/70 24/211/69 25/213/66
s off
f 26/34/322 27/36/323 28/31/324
s 15
f 29/238/81 30/237/325 31/243/89 32/244/88 33/245/82
s 7
f 34/5/40 35/2/39 36/1/101 37/6/100
s off
f 38/208/326 39/206/327 40/200/328 41/209/329 42/210/330
s 4
f 43/30/80 44/27/79 45/23/124 46/26/123
s 15
f 47/41/90 48/42/132 49/38/131 50/37/91
f 51/264/139 52/265/134 53/261/133 54/262/331 55/266/140
s 18
f 56/45/113 57/46/151 58/40/150 59/39/114
s off
f 60/177/332 61/178/333 62/179/334 63/172/335 64/171/336
s 4
f 65/19/125 66/11/166 67/18/165 68/22/126
f 69/3/20 70/9/19 71/10/168 72/4/167
s 7
f 73/12/102 74/20/170 75/21/169 76/14/103
f 77/28/60 78/29/59 79/25/172 80/24/171
s 15
f 81/256/173 82/246/84 83/251/83 84/257/174
s 21
f 85/189/185 86/186/157 87/176/156 88/184/186
s 1
f 89/185/193 90/175/4 91/183/3 92/188/194
s 5
f 93/252/201 94/249/28 95/247/27 96/253/202
s 12
f 97/224/205 98/222/68 99/219/67 100/223/206
s 17
f 101/220/217 102/215/107 103/214/106 104/221/218
s 15
f 105/276/225 106/271/142 107/270/141 108/277/226
s 8
f 109/279/233 110/275/44 111/278/43 112/280/234
s off
f 113/57/337 114/61/338 115/58/339
f 116/194/340 117/198/341 118/191/342
f 119/195/343 120/190/344 121/199/345
f 122/59/346 123/64/347 124/60/348
f 125/229/349 126/226/350 127/227/351
f 128/228/352 129/225/353 130/230/354
f 131/71/355 132/75/356 133/72/357
f 134/74/358 135/73/359 136/78/360
s 26
f 137/282/361 140/286/362 227/295/363 226/287/364
s 27
f 138/281/365 137/282/366 200/283/367 199/284/368
s 26
f 139/285/369 138/281/370 143/293/371 142/294/372
s 28
f 140/441/373 139/442/374 145/443/375 144/444/376
s 29
f 141/91/377 143/99/378 206/93/379 205/87/380
s off
f 142/100/381 141/91/382 150/92/383 149/101/384
s 30
f 144/351/385 147/347/386 231/359/387 230/361/388
f 146/348/389 145/352/390 149/360/391 148/353/392
s 31
f 147/347/393 146/348/394 166/349/395 165/350/396
s 32
f 148/97/397 150/92/398 171/86/399 170/89/400
s 33
f 151/381/401 154/386/402 247/390/403 246/387/404
s 31
f 152/380/405 151/381/406 191/378/407 190/374/408
s 33
f 153/384/409 152/380/410 157/379/411 156/385/412
s 35
f 154/455/413 153/456/414 159/457/415 158/458/416
s 32
f 155/116/417 157/117/418 214/113/419 213/112/420
s off
f 156/119/421 155/116/422 164/115/423 163/120/424
s 37
f 158/330/425 161/325/426 235/331/427 234/334/428
f 160/323/429 159/328/430 163/329/431 162/324/432
s 27
f 161/325/433 160/323/434 175/318/435 174/320/436
s 29
f 162/118/437 164/115/438 180/111/439 179/114/440
s 40
f 165/350/441 169/357/442 219/363/443 218/358/444
s 31
f 167/355/445 166/349/395 170/354/446 173/362/447
s 40
f 168/132/448 167/134/449 183/125/450 186/121/451
s off
f 169/139/452 168/132/453 197/131/454 196/140/455
s 41
f 172/85/456 171/86/457 205/87/458 208/88/459
s 32
f 173/90/460 172/85/461 209/96/462 212/98/463
s 42
f 174/320/464 178/322/465 239/326/466 238/327/467
s 27
f 176/312/468 175/318/435 179/319/469 182/313/470
s 43
f 177/128/471 176/137/472 192/129/473 195/123/474
s off
f 178/135/475 177/128/476 188/127/477 187/136/478
s 41
f 181/107/479 180/111/480 213/112/481 216/108/482
s 29
f 182/110/483 181/107/484 201/103/485 204/106/486
s 31
f 184/370/487 183/367/488 212/366/489 211/371/490
s 40
f 185/122/491 184/126/492 189/133/493 188/127/494
s 45
f 186/121/495 185/122/496 195/123/497 194/124/498
s 40
f 187/376/499 191/378/500 243/382/501 242/383/502
s 31
f 190/374/408 189/373/503 215/372/504 214/375/505
s 27
f 193/304/506 192/308/507 204/309/508 203/305/509
s 43
f 194/124/510 193/130/511 198/138/512 197/131/513
s 46
f 196/289/514 200/283/515 223/288/516 222/298/517
s 27
f 199/284/368 198/291/518 207/299/519 206/292/520
s 41
f 202/95/521 201/103/522 210/104/523 209/96/524
s 29
f 203/102/525 202/95/526 208/88/527 207/94/528
s 32
f 211/105/529 210/104/530 216/108/531 215/109/532
s 40
f 217/150/533 220/151/534 250/145/535 249/141/536
s 31
f 218/153/537 217/150/538 232/149/539 231/154/540
s 48
f 220/469/541 219/470/542 222/471/543 221/472/544
s 46
f 221/472/545 224/477/546 254/478/547 253/475/548
s 27
f 224/296/549 223/288/550 226/287/551 225/297/552
s 26
f 225/453/553 228/449/554 257/452/555 256/454/556
s 28
f 228/449/557 227/448/558 230/447/559 229/450/560
s 30
f 229/152/561 232/149/562 260/144/563 259/148/564
s 37
f 233/463/565 236/467/566 262/468/567 261/465/568
s 35
f 234/461/569 233/463/570 248/464/571 247/462/572
s 27
f 236/335/573 235/331/574 238/327/575 237/332/576
s 42
f 237/487/577 240/479/578 266/486/579 265/488/580
s 50
f 240/479/581 239/480/582 242/481/583 241/482/584
s 40
f 241/165/585 244/160/586 269/156/587 268/159/588
s 31
f 244/160/589 243/166/590 246/167/591 245/161/592
s 33
f 245/161/593 248/168/594 272/162/595 271/157/596
s off
f 249/141/597 251/142/598 258/143/599 260/144/600
f 251/314/601 250/315/602 253/310/603 252/306/604
f 252/306/605 254/303/606 256/302/607 255/307/608
f 255/307/609 257/311/610 259/316/611 258/317/612
f 261/341/613 263/339/614 270/343/615 272/344/616
f 263/339/617 262/338/618 265/337/619 264/340/620
f 264/340/621 266/342/622 268/345/623 267/346/624
f 267/155/625 269/156/626 271/157/627 270/158/628
s 28
f 139/442/374 142/445/629 149/446/630 145/443/375
s 31
f 146/348/394 148/353/631 170/354/446 166/349/395
s 35
f 153/456/414 156/459/632 163/460/633 159/457/415
s 27
f 199/284/368 206/292/520 143/293/634 138/281/365
s 41
f 141/91/635 205/87/458 171/86/457 150/92/636
s off
f 251/142/637 252/146/638 255/147/639 258/143/640
f 263/163/641 264/164/642 267/155/643 270/158/644
s 27
f 160/323/434 162/324/645 179/319/469 175/318/435
s 41
f 213/112/481 180/111/480 164/115/646 155/116/647
s 31
f 190/374/408 214/375/505 157/379/648 152/380/405
s 45
f 186/121/495 194/124/498 197/131/649 168/132/650
s 27
f 193/304/506 203/305/509 207/299/519 198/291/518
s 41
f 172/85/456 208/88/459 202/95/521 209/96/524
s 31
f 167/355/445 173/362/447 212/366/489 183/367/488
s 45
f 188/127/651 177/128/652 195/123/497 185/122/496
s 31
f 184/370/487 211/371/490 215/372/504 189/373/503
s 41
f 210/104/523 201/103/522 181/107/479 216/108/482
s 27
f 176/312/468 182/313/470 204/309/508 192/308/507
s 48
f 169/473/653 196/474/654 222/471/543 219/470/542
s 27
f 200/283/367 137/282/366 226/287/551 223/288/550
s 28
f 140/441/373 144/444/376 230/447/559 227/448/558
s 31
f 147/347/393 165/350/396 218/358/537 231/359/540
s 27
f 161/325/433 174/320/436 238/327/575 235/331/574
s 50
f 178/483/655 187/484/656 242/481/583 239/480/582
s 31
f 191/378/407 151/381/406 246/387/591 243/382/590
s 35
f 154/455/413 158/458/416 234/461/569 247/462/572
s 48
f 220/469/541 221/472/544 253/475/657 250/476/658
s 27
f 224/296/549 225/297/552 256/302/659 254/303/660
s 28
f 228/449/557 229/450/560 259/451/661 257/452/662
s 31
f 232/149/539 217/150/538 249/141/663 260/144/664
s 27
f 236/335/573 237/332/576 265/337/665 262/338/666
s 50
f 240/479/581 241/482/584 268/485/667 266/486/668
s 31
f 244/160/589 245/161/592 271/157/669 269/156/670
s 35
f 248/464/571 233/463/570 261/465/671 272/466/672
s 26
f 137/282/361 138/281/370 139/285/369 140/286/362
s off
f 141/91/673 142/100/674 143/99/675
s 30
f 144/351/385 145/352/390 146/348/389 147/347/386
s off
f 148/97/676 149/101/677 150/92/678
s 33
f 151/381/401 152/380/410 153/384/409 154/386/402
s off
f 155/116/679 156/119/680 157/117/681
s 37
f 158/330/425 159/328/430 160/323/429 161/325/426
s off
f 162/118/682 163/120/683 164/115/684
s 40
f 165/350/441 166/349/685 167/355/449 168/356/448 169/357/442
s 32
f 170/89/400 171/86/399 172/85/461 173/90/460
s off
f 174/320/686 175/318/687 176/312/688 177/321/689 178/322/690
s 29
f 179/114/440 180/111/439 181/107/484 182/110/483
s 40
f 183/125/450 184/126/492 185/122/491 186/121/451
f 187/376/499 188/377/494 189/373/493 190/374/691 191/378/500
s 43
f 192/129/473 193/130/511 194/124/510 195/123/474
s off
f 196/289/692 197/290/693 198/291/694 199/284/695 200/283/696
s 29
f 201/103/485 202/95/526 203/102/525 204/106/486
f 205/87/380 206/93/379 207/94/528 208/88/527
s 32
f 209/96/462 210/104/530 211/105/529 212/98/463
f 213/112/420 214/113/419 215/109/532 216/108/531
s 40
f 217/368/533 218/358/444 219/363/443 220/369/534
s 46
f 221/301/545 222/298/517 223/288/516 224/296/546
s 26
f 225/297/553 226/287/364 227/295/363 228/300/554
s 30
f 229/364/561 230/361/388 231/359/387 232/365/562
s 37
f 233/336/565 234/334/428 235/331/427 236/335/566
s 42
f 237/332/577 238/327/467 239/326/466 240/333/578
s 40
f 241/388/585 242/383/502 243/382/501 244/389/586
s 33
f 245/391/593 246/387/404 247/390/403 248/392/594
s off
f 249/141/697 250/145/698 251/142/699
f 252/306/700 253/310/701 254/303/702
f 255/307/703 256/302/704 257/311/705
f 258/143/706 259/148/707 260/144/708
f 261/341/709 262/338/710 263/339/711
f 264/340/712 265/337/713 266/342/714
f 267/155/715 268/159/716 269/156/717
f 270/158/718 271/157/719 272/162/720
g default
v 2.117877 4.583795 8.231961
v 2.204866 4.583795 8.781188
v 2.117876 4.583795 9.330418
v 1.865424 4.583795 9.825884
v 1.472219 4.583795 10.219092
v 0.976752 4.583795 10.471542
v 0.427524 4.583795 10.558535
v -0.121706 4.583795 10.471542
v -0.617173 4.583795 10.219092
v -1.010378 4.583795 9.825884
v -1.262831 4.583795 9.330418
v -1.349820 4.583795 8.781188
v -1.262831 4.583795 8.231961
v -1.010378 4.583795 7.736493
v -0.617173 4.583795 7.343286
v -0.121706 4.583795 7.090838
v 0.427524 4.583795 7.003847
v 0.976752 4.583795 7.090838
v 1.472219 4.583795 7.343286
v 1.865424 4.583795 7.736493
v 1.545885 5.344965 8.417810
v 1.603438 5.344965 8.781188
v 1.545884 5.344965 9.144567
v 1.378859 5.344965 9.472372
v 1.118708 5.344965 9.732527
v 0.790901 5.344965 9.899552
v 0.427524 5.344965 9.957103
v 0.064146 5.344965 9.899552
v -0.263662 5.344965 9.732527
v -0.523812 5.344965 9.472372
v -0.690839 5.344965 9.144567
v -0.748391 5.344965 8.781188
v -0.690839 5.344965 8.417810
v -0.523812 5.344965 8.090004
v -0.263662 5.344965 7.829855
v 0.064146 5.344965 7.662829
v 0.427524 5.344965 7.605271
v 0.790901 5.344965 7.662829
v 1.118709 5.344965 7.829855
v 1.378859 5.344965 8.090004
v 2.175702 4.229672 8.213172
v 2.265665 4.229672 8.781188
v 2.175699 4.229672 9.349205
v 1.914611 4.229672 9.861625
v 1.507955 4.229672 10.268278
v 0.995540 4.229672 10.529368
v 0.427524 4.229672 10.619333
v -0.140494 4.229672 10.529368
v -0.652910 4.229672 10.268278
v -1.059565 4.229672 9.861625
v -1.320653 4.229672 9.349205
v -1.410619 4.229672 8.781188
v -1.320653 4.229672 8.213172
v -1.059565 4.229672 7.700757
v -0.652910 4.229672 7.294099
v -0.140494 4.229672 7.033014
v 0.427524 4.229672 6.943043
v 0.995540 4.229672 7.033014
v 1.507957 4.229672 7.294098
v 1.914611 4.229672 7.700757
v 1.918163 4.952731 8.296854
v 1.994873 4.952731 8.781188
v 1.918162 4.952731 9.265524
v 1.695536 4.952731 9.702453
v 1.348788 4.952731 10.049202
v 0.911860 4.952731 10.271824
v 0.427524 4.952731 10.348541
v -0.056814 4.952731 10.271824
v -0.493741 4.952731 10.049202
v -0.840489 4.952731 9.702453
v -1.063115 4.952731 9.265524
v -1.139826 4.952731 8.781188
v -1.063115 4.952731 8.296854
v -0.840489 4.952731 7.859923
v -0.493741 4.952731 7.513174
v -0.056814 4.952731 7.290548
v 0.427524 4.952731 7.213836
v 0.911861 4.952731 7.290548
v 1.348789 4.952731 7.513174
v 1.695537 4.952731 7.859923
v 1.605874 5.534435 8.398320
v 1.666513 5.534435 8.781188
v 1.605873 5.534435 9.164057
v 1.429887 5.534435 9.509450
v 1.155783 5.534435 9.783554
v 0.810392 5.534435 9.959538
v 0.427524 5.534435 10.020181
v 0.044654 5.534435 9.959538
v -0.300737 5.534435 9.783554
v -0.574840 5.534435 9.509450
v -0.750827 5.534435 9.164057
v -0.811467 5.534435 8.781188
v -0.750827 5.534435 8.398320
v -0.574840 5.534435 8.052930
v -0.300737 5.534435 7.778824
v 0.044654 5.534435 7.602837
v 0.427524 5.534435 7.542196
v 0.810392 5.534435 7.602837
v 1.155785 5.534435 7.778824
v 1.429888 5.534435 8.052930
v 1.438387 5.534435 8.452739
v 1.490408 5.534435 8.781188
v 1.438386 5.534435 9.109638
v 1.287415 5.534435 9.405936
v 1.052271 5.534435 9.641079
v 0.755972 5.534435 9.792052
v 0.427524 5.534435 9.844073
v 0.099074 5.534435 9.792052
v -0.197225 5.534435 9.641079
v -0.432368 5.534435 9.405936
v -0.583341 5.534435 9.109638
v -0.635362 5.534435 8.781188
v -0.583341 5.534435 8.452739
v -0.432368 5.534435 8.156441
v -0.197225 5.534435 7.921295
v 0.099074 5.534435 7.770323
v 0.427524 5.534435 7.718301
v 0.755972 5.534435 7.770323
v 1.052272 5.534435 7.921295
v 1.287416 5.534435 8.156441
v 1.384336 5.313360 8.470300
v 1.433574 5.313360 8.781188
v 1.384336 5.313360 9.092076
v 1.241437 5.313360 9.372528
v 1.018865 5.313360 9.595099
v 0.738411 5.313360 9.737998
v 0.427524 5.313360 9.787240
v 0.116636 5.313360 9.737998
v -0.163819 5.313360 9.595099
v -0.386389 5.313360 9.372528
v -0.529289 5.313360 9.092076
v -0.578528 5.313360 8.781188
v -0.529289 5.313360 8.470300
v -0.386389 5.313360 8.189847
v -0.163819 5.313360 7.967275
v 0.116635 5.313360 7.824377
v 0.427524 5.313360 7.775135
v 0.738411 5.313360 7.824377
v 1.018866 5.313360 7.967275
v 1.241437 5.313360 8.189847
v 1.745329 3.202408 8.353012
v 1.548516 3.202408 7.966741
v 1.616879 3.308256 7.917075
v 1.825695 3.308256 8.326896
v 1.241972 3.202408 7.660199
v 1.291641 3.308256 7.591837
v 0.855704 3.202408 7.463386
v 0.881816 3.308256 7.383019
v 0.427524 3.202408 7.395568
v 0.427524 3.308256 7.311066
v -0.000658 3.202408 7.463386
v -0.026770 3.308256 7.383020
v -0.386924 3.202408 7.660199
v -0.436593 3.308256 7.591837
v -0.693468 3.202408 7.966741
v -0.761831 3.308256 7.917075
v -0.890282 3.202408 8.353012
v -0.970647 3.308256 8.326897
v -0.958097 3.202408 8.781190
v -1.042600 3.308256 8.781190
v -0.890282 3.202408 9.209374
v -0.970647 3.308256 9.235486
v -0.693468 3.202408 9.595641
v -0.761831 3.308256 9.645313
v -0.386924 3.202408 9.902185
v -0.436592 3.308256 9.970550
v -0.000658 3.202408 10.098993
v -0.026770 3.308256 10.179366
v 0.427524 3.202408 10.166813
v 0.427524 3.308256 10.251317
v 0.855704 3.202408 10.098993
v 0.881816 3.308256 10.179366
v 1.241972 3.202408 9.902185
v 1.291640 3.308256 9.970550
v 1.548516 3.202408 9.595641
v 1.616878 3.308256 9.645312
v 1.745329 3.202408 9.209374
v 1.825695 3.308256 9.235486
v 1.813146 3.202408 8.781190
v 1.897647 3.308256 8.781190
v 1.958271 3.483136 8.283817
v 2.037046 3.483136 8.781187
v 2.171068 3.790024 8.214676
v 2.260795 3.790024 8.781187
v 1.958271 3.483136 9.278562
v 2.171068 3.790024 9.347701
v 1.729655 3.483136 9.727240
v 1.910671 3.790024 9.858759
v 1.373577 3.483136 10.083319
v 1.505093 3.790024 10.264335
v 0.924893 3.483136 10.311937
v 0.994035 3.790024 10.524734
v 0.427524 3.483136 10.390713
v 0.427524 3.790024 10.614462
v -0.069847 3.483136 10.311937
v -0.138989 3.790024 10.524734
v -0.518530 3.483136 10.083319
v -0.650047 3.790024 10.264335
v -0.874609 3.483136 9.727247
v -1.055624 3.790024 9.858759
v -1.103223 3.483136 9.278562
v -1.316021 3.790024 9.347701
v -1.182000 3.483136 8.781187
v -1.405748 3.790024 8.781187
v -1.103223 3.483136 8.283817
v -1.316021 3.790024 8.214676
v -0.874609 3.483136 7.835135
v -1.055624 3.790024 7.703617
v -0.518530 3.483136 7.479055
v -0.650047 3.790024 7.298039
v -0.069847 3.483136 7.250438
v -0.138989 3.790024 7.037640
v 0.427524 3.483136 7.171663
v 0.427524 3.790024 6.947914
v 0.924893 3.483136 7.250438
v 0.994035 3.790024 7.037640
v 1.373578 3.483136 7.479054
v 1.505093 3.790024 7.298038
v 1.729656 3.483136 7.835135
v 1.910671 3.790024 7.703617
v 2.290331 4.210960 8.175926
v 2.386193 4.210960 8.781187
v 2.290329 4.210960 9.386451
v 2.012121 4.210960 9.932470
v 1.578800 4.210960 10.365787
v 1.032786 4.210960 10.643996
v 0.427524 4.210960 10.739859
v -0.177739 4.210960 10.643996
v -0.723754 4.210960 10.365787
v -1.157074 4.210960 9.932470
v -1.435282 4.210960 9.386451
v -1.531147 4.210960 8.781187
v -1.435282 4.210960 8.175926
v -1.157074 4.210960 7.629910
v -0.723754 4.210960 7.196589
v -0.177739 4.210960 6.918383
v 0.427524 4.210960 6.822515
v 1.032786 4.210960 6.918383
v 1.578801 4.210960 7.196589
v 2.012121 4.210960 7.629910
v 1.745329 3.059624 8.353007
v 1.548516 3.059624 7.966737
v 1.241972 3.059624 7.660195
v 0.855704 3.059624 7.463381
v 0.427524 3.059624 7.395564
v -0.000658 3.059624 7.463381
v -0.386924 3.059624 7.660195
v -0.693468 3.059624 7.966737
v -0.890282 3.059624 8.353007
v -0.958097 3.059624 8.781187
v -0.890282 3.059624 9.209371
v -0.693468 3.059624 9.595639
v -0.386924 3.059624 9.902180
v -0.000658 3.059624 10.098992
v 0.427524 3.059624 10.166809
v 0.855704 3.059624 10.098992
v 1.241972 3.059624 9.902180
v 1.548516 3.059624 9.595639
v 1.745329 3.059624 9.209371
v 1.813146 3.059624 8.781187
v 2.143283 3.891856 8.291297
v 2.231148 3.891856 8.781186
v 2.260074 4.109128 8.254934
v 2.353947 4.109128 8.781186
v 2.143283 3.891856 9.320758
v 2.215069 4.109128 9.327742
v 1.888286 3.891856 9.834053
v 1.469004 3.891856 10.214633
v 1.987633 4.109128 9.903220
v 1.541183 4.109128 10.309833
v 0.990659 3.891856 10.458982
v 1.028606 4.109128 10.570895
v 0.435895 3.891856 10.543180
v -0.120015 3.891856 10.458982
v 0.435895 4.109128 10.660850
v -0.157962 4.109128 10.570895
v -0.619329 3.891856 10.214633
v -0.691508 4.109128 10.309833
vt 0.789642 0.220678
vt 0.842759 0.338735
vt 0.825751 0.344028
vt 0.775508 0.230693
vt 0.855685 0.468492
vt 0.838611 0.468243
vt 0.827378 0.596484
vt 0.811925 0.590998
vt 0.761795 0.710766
vt 0.748093 0.699587
vt 0.661177 0.796442
vt 0.652790 0.782499
vt 0.539302 0.846785
vt 0.535890 0.830139
vt 0.408359 0.855637
vt 0.410502 0.838673
vt 0.281802 0.823579
vt 0.289462 0.807328
vt 0.171755 0.754408
vt 0.182964 0.742706
vt 0.089494 0.655057
vt 0.104674 0.646964
vt 0.041844 0.536057
vt 0.058695 0.532806
vt 0.032668 0.408911
vt 0.049869 0.410742
vt 0.061033 0.284402
vt 0.076704 0.291078
vt 0.127364 0.174789
vt 0.141003 0.186375
vt 0.224311 0.091620
vt 0.233350 0.106247
vt 0.342263 0.042472
vt 0.346433 0.059018
vt 0.469266 0.032731
vt 0.468432 0.050061
vt 0.593304 0.060284
vt 0.587583 0.076514
vt 0.704112 0.124210
vt 0.694479 0.137150
vt 0.679270 0.156930
vt 0.753830 0.245469
vt 0.723416 0.266429
vt 0.653514 0.190912
vt 0.578709 0.100770
vt 0.564535 0.138803
vt 0.466697 0.076297
vt 0.464665 0.112971
vt 0.352348 0.083812
vt 0.362237 0.121881
vt 0.246444 0.128481
vt 0.268929 0.162836
vt 0.159208 0.201782
vt 0.192758 0.231284
vt 0.100196 0.300661
vt 0.136406 0.316568
vt 0.075961 0.412922
vt 0.112286 0.416381
vt 0.083786 0.527562
vt 0.122561 0.519228
vt 0.127322 0.634343
vt 0.163109 0.613904
vt 0.199984 0.724266
vt 0.229214 0.693028
vt 0.300170 0.783544
vt 0.315642 0.750115
vt 0.413265 0.813349
vt 0.417001 0.773885
vt 0.530282 0.805367
vt 0.521199 0.766868
vt 0.639336 0.760839
vt 0.616244 0.723433
vt 0.727018 0.682446
vt 0.696495 0.656763
vt 0.787783 0.581898
vt 0.750658 0.567468
vt 0.813072 0.467429
vt 0.773207 0.465687
vt 0.801381 0.351369
vt 0.763315 0.362233
vt 0.646527 0.200233
vt 0.703730 0.261060
vt 0.685389 0.280227
vt 0.630002 0.221682
vt 0.568834 0.152692
vt 0.560886 0.173960
vt 0.548347 0.181725
vt 0.462963 0.163769
vt 0.365559 0.134763
vt 0.456959 0.125241
vt 0.459460 0.152159
vt 0.372254 0.161339
vt 0.285258 0.167860
vt 0.293334 0.192450
vt 0.294691 0.206151
vt 0.228672 0.262109
vt 0.147985 0.322434
vt 0.195452 0.247742
vt 0.215671 0.258459
vt 0.173347 0.333328
vt 0.126342 0.408235
vt 0.151080 0.417701
vt 0.163057 0.423301
vt 0.168417 0.510450
vt 0.200834 0.592844
vt 0.259493 0.660061
vt 0.334996 0.706952
vt 0.421800 0.727511
vt 0.510363 0.718777
vt 0.594191 0.687784
vt 0.661139 0.627710
vt 0.707726 0.551196
vt 0.726836 0.463975
vt 0.718496 0.375613
vt 0.682162 0.295501
vt 0.591464 0.269036
vt 0.640183 0.322926
vt 0.600865 0.348159
vt 0.561780 0.305845
vt 0.529314 0.232511
vt 0.512908 0.275785
vt 0.460028 0.216047
vt 0.457291 0.262139
vt 0.388777 0.223399
vt 0.399814 0.267067
vt 0.321961 0.249763
vt 0.347004 0.289818
vt 0.268128 0.296060
vt 0.303453 0.326499
vt 0.231577 0.358252
vt 0.274528 0.376150
vt 0.214960 0.428148
vt 0.260195 0.432123
vt 0.219564 0.499725
vt 0.264696 0.489727
vt 0.246788 0.566310
vt 0.287264 0.542502
vt 0.294328 0.620688
vt 0.325559 0.585604
vt 0.355843 0.658828
vt 0.374084 0.617461
vt 0.426351 0.676375
vt 0.430809 0.630886
vt 0.499325 0.671058
vt 0.488889 0.626029
vt 0.566272 0.642392
vt 0.542409 0.603236
vt 0.622619 0.595917
vt 0.585695 0.564991
vt 0.658359 0.532245
vt 0.615861 0.515700
vt 0.674672 0.461700
vt 0.629641 0.459074
vt 0.668597 0.389625
vt 0.624150 0.401203
vt 0.615079 0.240034
vt 0.671029 0.302849
vt 0.543577 0.194408
vt 0.462249 0.177139
vt 0.378783 0.186638
vt 0.301587 0.217381
vt 0.239296 0.271111
vt 0.197759 0.343091
vt 0.176272 0.424679
vt 0.181601 0.507770
vt 0.212710 0.586011
vt 0.268044 0.650358
vt 0.340360 0.694611
vt 0.422944 0.714304
vt 0.507508 0.706212
vt 0.587288 0.676378
vt 0.650918 0.619288
vt 0.695513 0.546483
vt 0.713501 0.463428
vt 0.705576 0.379299
vt 0.548621 0.381572
vt 0.523846 0.352199
vt 0.490198 0.333543
vt 0.452892 0.324715
vt 0.414762 0.326418
vt 0.380220 0.342588
vt 0.351227 0.367348
vt 0.331661 0.400227
vt 0.321323 0.437116
vt 0.325832 0.475052
vt 0.340821 0.510395
vt 0.364919 0.540578
vt 0.398205 0.560114
vt 0.435816 0.567822
vt 0.474164 0.565908
vt 0.509849 0.551219
vt 0.539698 0.526468
vt 0.558916 0.492812
vt 0.566969 0.455156
vt 0.563169 0.416925
vt 0.528182 0.394380
vt 0.507573 0.371739
vt 0.481918 0.354670
vt 0.451304 0.348431
vt 0.420928 0.351204
vt 0.392840 0.362809
vt 0.368981 0.382439
vt 0.353633 0.409358
vt 0.346798 0.439099
vt 0.348899 0.469566
vt 0.360419 0.498586
vt 0.381445 0.521291
vt 0.407351 0.537905
vt 0.437568 0.545420
vt 0.468672 0.542830
vt 0.497259 0.530706
vt 0.520125 0.510042
vt 0.536613 0.483975
vt 0.544357 0.453783
vt 0.540268 0.422829
vt 0.508814 0.406671
vt 0.492921 0.389310
vt 0.473304 0.375926
vt 0.449912 0.371166
vt 0.426438 0.373280
vt 0.404767 0.382296
vt 0.386951 0.397667
vt 0.374794 0.417901
vt 0.369504 0.440868
vt 0.370948 0.464498
vt 0.380199 0.486453
vt 0.396278 0.503952
vt 0.416213 0.516779
vt 0.439358 0.522499
vt 0.463247 0.520864
vt 0.485114 0.511241
vt 0.502589 0.495290
vt 0.515371 0.475354
vt 0.521405 0.452287
vt 0.518313 0.428497
vt 0.481074 0.424372
vt 0.472312 0.414160
vt 0.460726 0.407363
vt 0.447790 0.404193
vt 0.434502 0.405201
vt 0.422150 0.410225
vt 0.411883 0.418770
vt 0.405275 0.430326
vt 0.402455 0.443392
vt 0.403795 0.456700
vt 0.408671 0.469219
vt 0.417226 0.479558
vt 0.428829 0.486352
vt 0.441927 0.489341
vt 0.455278 0.488016
vt 0.467678 0.483107
vt 0.477903 0.474554
vt 0.484631 0.462988
vt 0.487415 0.449968
vt 0.486298 0.436715
vt 0.623182 0.230223
vt 0.375409 0.174009
vt 0.185955 0.338157
vt 0.806500 0.208550
vt 0.862500 0.332588
vt 0.876346 0.469042
vt 0.846895 0.603463
vt 0.777338 0.723381
vt 0.671853 0.814154
vt 0.543623 0.866973
vt 0.405881 0.876178
vt 0.272869 0.842270
vt 0.157482 0.769355
vt 0.071303 0.664980
vt 0.021511 0.540096
vt 0.012000 0.406989
vt 0.041876 0.276644
vt 0.111193 0.160997
vt 0.213597 0.073864
vt 0.337483 0.022355
vt 0.470555 0.012000
vt 0.600378 0.040788
vt 0.716498 0.107695
vt 0.760138 0.751994
vt 0.709125 0.812243
vt 0.729860 0.778078
vt 0.796993 0.736542
vt 0.699962 0.851142
vt 0.836820 0.733236
vt 0.703268 0.890969
vt 0.875720 0.742399
vt 0.718720 0.927825
vt 0.744804 0.958102
vt 0.909884 0.763134
vt 0.935969 0.793411
vt 0.778968 0.978837
vt 0.951420 0.830267
vt 0.817867 0.988000
vt 0.954726 0.870094
vt 0.857695 0.984694
vt 0.894551 0.969242
vt 0.945563 0.908994
vt 0.924828 0.943158
vn 0.743257 -0.623898 -0.241496
vn 0.632252 -0.623896 -0.459359
vn 0.632253 -0.623896 -0.459357
vn 0.743255 -0.623898 -0.241501
vn 0.632252 -0.623896 -0.459359
vn 0.459359 -0.623896 -0.632253
vn 0.459359 -0.623896 -0.632253
vn 0.632253 -0.623896 -0.459357
vn 0.459359 -0.623896 -0.632253
vn 0.241499 -0.623898 -0.743256
vn 0.241499 -0.623898 -0.743256
vn 0.459359 -0.623896 -0.632253
vn 0.241499 -0.623898 -0.743256
vn 0.000000 -0.623898 -0.781506
vn 0.000000 -0.623898 -0.781506
vn 0.241499 -0.623898 -0.743256
vn 0.000000 -0.623898 -0.781506
vn -0.241500 -0.623898 -0.743256
vn -0.241500 -0.623898 -0.743256
vn 0.000000 -0.623898 -0.781506
vn -0.241500 -0.623898 -0.743256
vn -0.459359 -0.623895 -0.632253
vn -0.459360 -0.623895 -0.632253
vn -0.241500 -0.623898 -0.743256
vn -0.459359 -0.623895 -0.632253
vn -0.632252 -0.623894 -0.459361
vn -0.632254 -0.623894 -0.459359
vn -0.459360 -0.623895 -0.632253
vn -0.632252 -0.623894 -0.459361
vn -0.743255 -0.623900 -0.241497
vn -0.743254 -0.623900 -0.241500
vn -0.632254 -0.623894 -0.459359
vn -0.743255 -0.623900 -0.241497
vn -0.781502 -0.623902 0.000000
vn -0.781503 -0.623902 0.000000
vn -0.743254 -0.623900 -0.241500
vn -0.781502 -0.623902 0.000000
vn -0.743254 -0.623902 0.241496
vn -0.743253 -0.623902 0.241496
vn -0.781503 -0.623902 0.000000
vn -0.743254 -0.623902 0.241496
vn -0.632249 -0.623903 0.459355
vn -0.632247 -0.623903 0.459357
vn -0.743253 -0.623902 0.241496
vn -0.632249 -0.623903 0.459355
vn -0.459351 -0.623909 0.632246
vn -0.459351 -0.623909 0.632246
vn -0.632247 -0.623903 0.459357
vn -0.459351 -0.623909 0.632246
vn -0.241495 -0.623915 0.743243
vn -0.241493 -0.623915 0.743244
vn -0.459351 -0.623909 0.632246
vn -0.241495 -0.623915 0.743243
vn 0.000000 -0.623917 0.781491
vn 0.000000 -0.623917 0.781491
vn -0.241493 -0.623915 0.743244
vn 0.000000 -0.623917 0.781491
vn 0.241494 -0.623914 0.743244
vn 0.241492 -0.623914 0.743245
vn 0.000000 -0.623917 0.781491
vn 0.241494 -0.623914 0.743244
vn 0.459352 -0.623907 0.632247
vn 0.459352 -0.623907 0.632247
vn 0.241492 -0.623914 0.743245
vn 0.459352 -0.623907 0.632247
vn 0.632252 -0.623899 0.459356
vn 0.632250 -0.623899 0.459358
vn 0.459352 -0.623907 0.632247
vn 0.632252 -0.623899 0.459356
vn 0.743259 -0.623895 0.241498
vn 0.743259 -0.623895 0.241498
vn 0.632250 -0.623899 0.459358
vn 0.743259 -0.623895 0.241498
vn 0.781508 -0.623895 0.000001
vn 0.781508 -0.623895 0.000001
vn 0.743259 -0.623895 0.241498
vn 0.781508 -0.623895 0.000001
vn 0.743257 -0.623898 -0.241496
vn 0.743255 -0.623898 -0.241501
vn 0.781508 -0.623895 0.000001
vn 0.799905 -0.600126 0.000000
vn 0.760755 -0.600127 -0.247184
vn 0.817742 -0.470194 -0.331987
vn 0.808040 -0.589127 0.000000
vn 0.760756 -0.600125 0.247185
vn 0.799905 -0.600126 0.000000
vn 0.808040 -0.589127 0.000000
vn 0.817742 -0.470194 0.331987
vn 0.647138 -0.600123 0.470174
vn 0.760756 -0.600125 0.247185
vn 0.817742 -0.470194 0.331987
vn 0.749240 -0.470195 0.466430
vn 0.470176 -0.600121 0.647139
vn 0.647138 -0.600123 0.470174
vn 0.749240 -0.470195 0.466430
vn 0.474954 -0.589129 0.653717
vn 0.247187 -0.600122 0.760758
vn 0.470176 -0.600121 0.647139
vn 0.474954 -0.589129 0.653717
vn 0.212074 -0.470194 0.856704
vn 0.000000 -0.600123 0.799908
vn 0.247187 -0.600122 0.760758
vn 0.212074 -0.470194 0.856704
vn 0.063043 -0.470194 0.880309
vn -0.247188 -0.600122 0.760758
vn 0.000000 -0.600123 0.799908
vn 0.063043 -0.470194 0.880309
vn -0.249700 -0.589129 0.768490
vn -0.470174 -0.600122 0.647140
vn -0.247188 -0.600122 0.760758
vn -0.249700 -0.589129 0.768490
vn -0.568434 -0.470195 0.675129
vn -0.647138 -0.600123 0.470175
vn -0.470174 -0.600122 0.647140
vn -0.568434 -0.470195 0.675129
vn -0.734824 -0.418336 0.533881
vn -0.760757 -0.600125 0.247184
vn -0.647138 -0.600123 0.470175
vn -0.734824 -0.418336 0.533881
vn -0.863838 -0.418335 0.280677
vn -0.799905 -0.600126 0.000000
vn -0.760757 -0.600125 0.247184
vn -0.863838 -0.418335 0.280677
vn -0.908293 -0.418335 0.000000
vn -0.760754 -0.600127 -0.247185
vn -0.799905 -0.600126 0.000000
vn -0.908293 -0.418335 0.000000
vn -0.863838 -0.418335 -0.280678
vn -0.647136 -0.600129 -0.470171
vn -0.760754 -0.600127 -0.247185
vn -0.863838 -0.418335 -0.280678
vn -0.734824 -0.418335 -0.533881
vn -0.470172 -0.600130 -0.647134
vn -0.647136 -0.600129 -0.470171
vn -0.734824 -0.418335 -0.533881
vn -0.533882 -0.418335 -0.734824
vn -0.247183 -0.600130 -0.760752
vn -0.470172 -0.600130 -0.647134
vn -0.533882 -0.418335 -0.734824
vn -0.280679 -0.418334 -0.863838
vn 0.000000 -0.600131 -0.799902
vn -0.247183 -0.600130 -0.760752
vn -0.280679 -0.418334 -0.863838
vn 0.000000 -0.418335 -0.908293
vn 0.247183 -0.600130 -0.760752
vn 0.000000 -0.600131 -0.799902
vn 0.000000 -0.418335 -0.908293
vn 0.280678 -0.418334 -0.863838
vn 0.470172 -0.600130 -0.647134
vn 0.247183 -0.600130 -0.760752
vn 0.280678 -0.418334 -0.863838
vn 0.533882 -0.418335 -0.734824
vn 0.647136 -0.600129 -0.470171
vn 0.470172 -0.600130 -0.647134
vn 0.533882 -0.418335 -0.734824
vn 0.734824 -0.418336 -0.533881
vn 0.760755 -0.600127 -0.247184
vn 0.647136 -0.600129 -0.470171
vn 0.734824 -0.418336 -0.533881
vn 0.817742 -0.470194 -0.331987
vn 0.891777 -0.452089 0.018684
vn 0.859801 -0.486924 -0.153777
vn 0.859801 -0.486924 -0.153777
vn 0.891606 -0.452492 0.017030
vn 0.895461 -0.403983 0.186940
vn 0.891777 -0.452089 0.018684
vn 0.891606 -0.452492 0.017030
vn 0.895461 -0.403983 0.186940
vn 0.749240 -0.470195 0.466430
vn 0.817742 -0.470194 0.331987
vn 0.854773 -0.282274 0.435528
vn 0.854773 -0.282274 0.435528
vn 0.499936 -0.480200 0.720744
vn 0.590614 -0.478821 0.649542
vn 0.590614 -0.478821 0.649542
vn 0.502505 -0.480247 0.718924
vn 0.399835 -0.474965 0.783926
vn 0.499936 -0.480200 0.720744
vn 0.502505 -0.480247 0.718924
vn 0.399835 -0.474965 0.783926
vn 0.063043 -0.470194 0.880309
vn 0.212074 -0.470194 0.856704
vn 0.150073 -0.282271 0.947524
vn 0.150073 -0.282271 0.947524
vn -0.260266 -0.477697 0.839087
vn -0.132025 -0.472040 0.871635
vn -0.132025 -0.472040 0.871635
vn -0.262147 -0.477718 0.838489
vn -0.386827 -0.474810 0.790519
vn -0.260266 -0.477697 0.839087
vn -0.262147 -0.477718 0.838489
vn -0.386826 -0.474810 0.790519
vn -0.734824 -0.418336 0.533881
vn -0.568434 -0.470195 0.675129
vn -0.678349 -0.282277 0.678353
vn -0.775342 -0.285509 0.563320
vn -0.863838 -0.418335 0.280677
vn -0.734824 -0.418336 0.533881
vn -0.775342 -0.285509 0.563320
vn -0.911471 -0.285507 0.296154
vn -0.908293 -0.418335 0.000000
vn -0.863838 -0.418335 0.280677
vn -0.911471 -0.285507 0.296154
vn -0.958377 -0.285506 0.000000
vn -0.863838 -0.418335 -0.280678
vn -0.908293 -0.418335 0.000000
vn -0.958377 -0.285506 0.000000
vn -0.911471 -0.285506 -0.296155
vn -0.734824 -0.418335 -0.533881
vn -0.863838 -0.418335 -0.280678
vn -0.911471 -0.285506 -0.296155
vn -0.775344 -0.285506 -0.563319
vn -0.533882 -0.418335 -0.734824
vn -0.734824 -0.418335 -0.533881
vn -0.775344 -0.285506 -0.563319
vn -0.563320 -0.285505 -0.775344
vn -0.280679 -0.418334 -0.863838
vn -0.533882 -0.418335 -0.734824
vn -0.563320 -0.285505 -0.775344
vn -0.296156 -0.285504 -0.911471
vn 0.000000 -0.418335 -0.908293
vn -0.280679 -0.418334 -0.863838
vn -0.296156 -0.285504 -0.911471
vn 0.000000 -0.285504 -0.958378
vn 0.280678 -0.418334 -0.863838
vn 0.000000 -0.418335 -0.908293
vn 0.000000 -0.285504 -0.958378
vn 0.296156 -0.285503 -0.911471
vn 0.533882 -0.418335 -0.734824
vn 0.280678 -0.418334 -0.863838
vn 0.296156 -0.285503 -0.911471
vn 0.563320 -0.285504 -0.775344
vn 0.734824 -0.418336 -0.533881
vn 0.533882 -0.418335 -0.734824
vn 0.563320 -0.285504 -0.775344
vn 0.775343 -0.285506 -0.563319
vn 0.817742 -0.470194 -0.331987
vn 0.734824 -0.418336 -0.533881
vn 0.775343 -0.285506 -0.563319
vn 0.854772 -0.282274 -0.435529
vn 0.940859 0.338799 0.000001
vn 0.894810 0.338800 -0.290741
vn 0.758638 0.603082 -0.246496
vn 0.797679 0.603082 0.000000
vn 0.894810 0.338799 0.290741
vn 0.940859 0.338799 0.000001
vn 0.797679 0.603082 0.000000
vn 0.758638 0.603082 0.246496
vn 0.761171 0.338801 0.553021
vn 0.894810 0.338799 0.290741
vn 0.758638 0.603082 0.246496
vn 0.645336 0.603082 0.468863
vn 0.553022 0.338802 0.761170
vn 0.761171 0.338801 0.553021
vn 0.645336 0.603082 0.468863
vn 0.468864 0.603083 0.645335
vn 0.290741 0.338802 0.894809
vn 0.553022 0.338802 0.761170
vn 0.468864 0.603083 0.645335
vn 0.246496 0.603083 0.758637
vn 0.000000 0.338803 0.940857
vn 0.290741 0.338802 0.894809
vn 0.246496 0.603083 0.758637
vn 0.000000 0.603083 0.797678
vn -0.290741 0.338803 0.894808
vn 0.000000 0.338803 0.940857
vn 0.000000 0.603083 0.797678
vn -0.246496 0.603083 0.758637
vn -0.553022 0.338803 0.761170
vn -0.290741 0.338803 0.894808
vn -0.246496 0.603083 0.758637
vn -0.468864 0.603083 0.645335
vn -0.761171 0.338801 0.553021
vn -0.553022 0.338803 0.761170
vn -0.468864 0.603083 0.645335
vn -0.645336 0.603083 0.468863
vn -0.894810 0.338800 0.290741
vn -0.761171 0.338801 0.553021
vn -0.645336 0.603083 0.468863
vn -0.758637 0.603083 0.246496
vn -0.940859 0.338799 0.000000
vn -0.894810 0.338800 0.290741
vn -0.758637 0.603083 0.246496
vn -0.797679 0.603083 0.000000
vn -0.894810 0.338799 -0.290742
vn -0.940859 0.338799 0.000000
vn -0.797679 0.603083 0.000000
vn -0.758638 0.603083 -0.246496
vn -0.761172 0.338799 -0.553021
vn -0.894810 0.338799 -0.290742
vn -0.758638 0.603083 -0.246496
vn -0.645336 0.603083 -0.468863
vn -0.553022 0.338798 -0.761171
vn -0.761172 0.338799 -0.553021
vn -0.645336 0.603083 -0.468863
vn -0.468863 0.603083 -0.645335
vn -0.290740 0.338798 -0.894811
vn -0.553022 0.338798 -0.761171
vn -0.468863 0.603083 -0.645335
vn -0.246496 0.603081 -0.758639
vn 0.000000 0.338798 -0.940859
vn -0.290740 0.338798 -0.894811
vn -0.246496 0.603081 -0.758639
vn -0.000000 0.603080 -0.797680
vn 0.290740 0.338798 -0.894811
vn 0.000000 0.338798 -0.940859
vn -0.000000 0.603080 -0.797680
vn 0.246497 0.603081 -0.758639
vn 0.553022 0.338799 -0.761171
vn 0.290740 0.338798 -0.894811
vn 0.246497 0.603081 -0.758639
vn 0.468863 0.603083 -0.645336
vn 0.761172 0.338800 -0.553021
vn 0.553022 0.338799 -0.761171
vn 0.468863 0.603083 -0.645336
vn 0.645336 0.603082 -0.468863
vn 0.894810 0.338800 -0.290741
vn 0.761172 0.338800 -0.553021
vn 0.645336 0.603082 -0.468863
vn 0.758638 0.603082 -0.246496
vn 0.985580 0.169213 0.000001
vn 0.937342 0.169215 -0.304561
vn 0.894810 0.338800 -0.290741
vn 0.940859 0.338799 0.000001
vn 0.937342 0.169214 0.304560
vn 0.985580 0.169213 0.000001
vn 0.940859 0.338799 0.000001
vn 0.894810 0.338799 0.290741
vn 0.797351 0.169215 0.579308
vn 0.937342 0.169214 0.304560
vn 0.894810 0.338799 0.290741
vn 0.761171 0.338801 0.553021
vn 0.579309 0.169215 0.797350
vn 0.797351 0.169215 0.579308
vn 0.761171 0.338801 0.553021
vn 0.553022 0.338802 0.761170
vn 0.304560 0.169215 0.937342
vn 0.579309 0.169215 0.797350
vn 0.553022 0.338802 0.761170
vn 0.290741 0.338802 0.894809
vn 0.000000 0.169215 0.985579
vn 0.304560 0.169215 0.937342
vn 0.290741 0.338802 0.894809
vn 0.000000 0.338803 0.940857
vn -0.304560 0.169215 0.937342
vn 0.000000 0.169215 0.985579
vn 0.000000 0.338803 0.940857
vn -0.290741 0.338803 0.894808
vn -0.579309 0.169215 0.797351
vn -0.304560 0.169215 0.937342
vn -0.290741 0.338803 0.894808
vn -0.553022 0.338803 0.761170
vn -0.797350 0.169215 0.579309
vn -0.579309 0.169215 0.797351
vn -0.553022 0.338803 0.761170
vn -0.761171 0.338801 0.553021
vn -0.937342 0.169213 0.304560
vn -0.797350 0.169215 0.579309
vn -0.761171 0.338801 0.553021
vn -0.894810 0.338800 0.290741
vn -0.985580 0.169212 0.000000
vn -0.937342 0.169213 0.304560
vn -0.894810 0.338800 0.290741
vn -0.940859 0.338799 0.000000
vn -0.937342 0.169212 -0.304562
vn -0.985580 0.169212 0.000000
vn -0.940859 0.338799 0.000000
vn -0.894810 0.338799 -0.290742
vn -0.797352 0.169212 -0.579308
vn -0.937342 0.169212 -0.304562
vn -0.894810 0.338799 -0.290742
vn -0.761172 0.338799 -0.553021
vn -0.579308 0.169213 -0.797351
vn -0.797352 0.169212 -0.579308
vn -0.761172 0.338799 -0.553021
vn -0.553022 0.338798 -0.761171
vn -0.304559 0.169216 -0.937342
vn -0.579308 0.169213 -0.797351
vn -0.553022 0.338798 -0.761171
vn -0.290740 0.338798 -0.894811
vn 0.000000 0.169220 -0.985578
vn -0.304559 0.169216 -0.937342
vn -0.290740 0.338798 -0.894811
vn 0.000000 0.338798 -0.940859
vn 0.304559 0.169217 -0.937342
vn 0.000000 0.169220 -0.985578
vn 0.000000 0.338798 -0.940859
vn 0.290740 0.338798 -0.894811
vn 0.579308 0.169214 -0.797351
vn 0.304559 0.169217 -0.937342
vn 0.290740 0.338798 -0.894811
vn 0.553022 0.338799 -0.761171
vn 0.797352 0.169214 -0.579307
vn 0.579308 0.169214 -0.797351
vn 0.553022 0.338799 -0.761171
vn 0.761172 0.338800 -0.553021
vn 0.937342 0.169215 -0.304561
vn 0.797352 0.169214 -0.579307
vn 0.761172 0.338800 -0.553021
vn 0.894810 0.338800 -0.290741
vn 0.781966 -0.623321 0.000001
vn 0.743693 -0.623322 -0.241640
vn 0.760755 -0.600127 -0.247184
vn 0.799905 -0.600126 0.000000
vn 0.743698 -0.623316 0.241642
vn 0.781966 -0.623321 0.000001
vn 0.799905 -0.600126 0.000000
vn 0.760756 -0.600125 0.247185
vn 0.632630 -0.623308 0.459637
vn 0.743698 -0.623316 0.241642
vn 0.760756 -0.600125 0.247185
vn 0.647138 -0.600123 0.470174
vn 0.459637 -0.623303 0.632636
vn 0.632630 -0.623308 0.459637
vn 0.647138 -0.600123 0.470174
vn 0.470176 -0.600121 0.647139
vn 0.241645 -0.623305 0.743706
vn 0.459637 -0.623303 0.632636
vn 0.470176 -0.600121 0.647139
vn 0.247187 -0.600122 0.760758
vn 0.000000 -0.623307 0.781977
vn 0.241645 -0.623305 0.743706
vn 0.247187 -0.600122 0.760758
vn 0.000000 -0.600123 0.799908
vn -0.241646 -0.623305 0.743706
vn 0.000000 -0.623307 0.781977
vn 0.000000 -0.600123 0.799908
vn -0.247188 -0.600122 0.760758
vn -0.459633 -0.623306 0.632635
vn -0.241646 -0.623305 0.743706
vn -0.247188 -0.600122 0.760758
vn -0.470174 -0.600122 0.647140
vn -0.632627 -0.623314 0.459633
vn -0.459633 -0.623306 0.632635
vn -0.470174 -0.600122 0.647140
vn -0.647138 -0.600123 0.470175
vn -0.743697 -0.623318 0.241640
vn -0.632627 -0.623314 0.459633
vn -0.647138 -0.600123 0.470175
vn -0.760757 -0.600125 0.247184
vn -0.781968 -0.623319 0.000001
vn -0.743697 -0.623318 0.241640
vn -0.760757 -0.600125 0.247184
vn -0.799905 -0.600126 0.000000
vn -0.743693 -0.623322 -0.241640
vn -0.781968 -0.623319 0.000001
vn -0.799905 -0.600126 0.000000
vn -0.760754 -0.600127 -0.247185
vn -0.632621 -0.623326 -0.459625
vn -0.743693 -0.623322 -0.241640
vn -0.760754 -0.600127 -0.247185
vn -0.647136 -0.600129 -0.470171
vn -0.459626 -0.623330 -0.632617
vn -0.632621 -0.623326 -0.459625
vn -0.647136 -0.600129 -0.470171
vn -0.470172 -0.600130 -0.647134
vn -0.241639 -0.623331 -0.743686
vn -0.459626 -0.623330 -0.632617
vn -0.470172 -0.600130 -0.647134
vn -0.247183 -0.600130 -0.760752
vn 0.000000 -0.623331 -0.781958
vn -0.241639 -0.623331 -0.743686
vn -0.247183 -0.600130 -0.760752
vn 0.000000 -0.600131 -0.799902
vn 0.241638 -0.623331 -0.743686
vn 0.000000 -0.623331 -0.781958
vn 0.000000 -0.600131 -0.799902
vn 0.247183 -0.600130 -0.760752
vn 0.459626 -0.623329 -0.632617
vn 0.241638 -0.623331 -0.743686
vn 0.247183 -0.600130 -0.760752
vn 0.470172 -0.600130 -0.647134
vn 0.632622 -0.623325 -0.459626
vn 0.459626 -0.623329 -0.632617
vn 0.470172 -0.600130 -0.647134
vn 0.647136 -0.600129 -0.470171
vn 0.743693 -0.623322 -0.241640
vn 0.632622 -0.623325 -0.459626
vn 0.647136 -0.600129 -0.470171
vn 0.760755 -0.600127 -0.247184
vn 0.797679 0.603082 0.000000
vn 0.758638 0.603082 -0.246496
vn 0.673184 0.706385 -0.218731
vn 0.707828 0.706385 0.000000
vn 0.758638 0.603082 0.246496
vn 0.797679 0.603082 0.000000
vn 0.707828 0.706385 0.000000
vn 0.673184 0.706385 0.218731
vn 0.645336 0.603082 0.468863
vn 0.758638 0.603082 0.246496
vn 0.673184 0.706385 0.218731
vn 0.572645 0.706385 0.416050
vn 0.468864 0.603083 0.645335
vn 0.645336 0.603082 0.468863
vn 0.572645 0.706385 0.416050
vn 0.416051 0.706384 0.572645
vn 0.246496 0.603083 0.758637
vn 0.468864 0.603083 0.645335
vn 0.416051 0.706384 0.572645
vn 0.218730 0.706384 0.673186
vn 0.000000 0.603083 0.797678
vn 0.246496 0.603083 0.758637
vn 0.218730 0.706384 0.673186
vn 0.000000 0.706385 0.707828
vn -0.246496 0.603083 0.758637
vn 0.000000 0.603083 0.797678
vn 0.000000 0.706385 0.707828
vn -0.218731 0.706383 0.673186
vn -0.468864 0.603083 0.645335
vn -0.246496 0.603083 0.758637
vn -0.218731 0.706383 0.673186
vn -0.416052 0.706384 0.572645
vn -0.645336 0.603083 0.468863
vn -0.468864 0.603083 0.645335
vn -0.416052 0.706384 0.572645
vn -0.572645 0.706385 0.416050
vn -0.758637 0.603083 0.246496
vn -0.645336 0.603083 0.468863
vn -0.572645 0.706385 0.416050
vn -0.673184 0.706385 0.218732
vn -0.797679 0.603083 0.000000
vn -0.758637 0.603083 0.246496
vn -0.673184 0.706385 0.218732
vn -0.707828 0.706385 0.000000
vn -0.758638 0.603083 -0.246496
vn -0.797679 0.603083 0.000000
vn -0.707828 0.706385 0.000000
vn -0.673184 0.706385 -0.218732
vn -0.645336 0.603083 -0.468863
vn -0.758638 0.603083 -0.246496
vn -0.673184 0.706385 -0.218732
vn -0.572644 0.706386 -0.416050
vn -0.468863 0.603083 -0.645335
vn -0.645336 0.603083 -0.468863
vn -0.572644 0.706386 -0.416050
vn -0.416050 0.706388 -0.572642
vn -0.246496 0.603081 -0.758639
vn -0.468863 0.603083 -0.645335
vn -0.416050 0.706388 -0.572642
vn -0.218733 0.706388 -0.673181
vn -0.000000 0.603080 -0.797680
vn -0.246496 0.603081 -0.758639
vn -0.218733 0.706388 -0.673181
vn -0.000000 0.706387 -0.707826
vn 0.246497 0.603081 -0.758639
vn -0.000000 0.603080 -0.797680
vn -0.000000 0.706387 -0.707826
vn 0.218732 0.706387 -0.673181
vn 0.468863 0.603083 -0.645336
vn 0.246497 0.603081 -0.758639
vn 0.218732 0.706387 -0.673181
vn 0.416049 0.706387 -0.572643
vn 0.645336 0.603082 -0.468863
vn 0.468863 0.603083 -0.645336
vn 0.416049 0.706387 -0.572643
vn 0.572644 0.706386 -0.416051
vn 0.758638 0.603082 -0.246496
vn 0.645336 0.603082 -0.468863
vn 0.572644 0.706386 -0.416051
vn 0.673184 0.706385 -0.218731
vn 0.938271 -0.312352 -0.148605
vn 0.938271 -0.312352 -0.148605
vn 0.938271 -0.312352 -0.148605
vn 0.938271 -0.312352 -0.148605
vn 0.938271 -0.312352 0.148606
vn 0.938271 -0.312352 0.148606
vn 0.938271 -0.312352 0.148606
vn 0.938271 -0.312352 0.148606
vn 0.846426 -0.312351 0.431276
vn 0.846426 -0.312351 0.431276
vn 0.846426 -0.312351 0.431276
vn 0.846426 -0.312351 0.431276
vn 0.671729 -0.312355 0.671725
vn 0.671729 -0.312355 0.671725
vn 0.671729 -0.312355 0.671725
vn 0.671729 -0.312355 0.671725
vn 0.431271 -0.312344 0.846431
vn 0.431271 -0.312344 0.846431
vn 0.431271 -0.312344 0.846432
vn 0.431271 -0.312344 0.846431
vn 0.148611 -0.312352 0.938270
vn 0.148611 -0.312352 0.938270
vn 0.148611 -0.312352 0.938270
vn 0.148611 -0.312352 0.938270
vn -0.148611 -0.312352 0.938270
vn -0.148611 -0.312352 0.938270
vn -0.148611 -0.312352 0.938270
vn -0.148611 -0.312352 0.938270
vn -0.431271 -0.312343 0.846432
vn -0.431272 -0.312343 0.846432
vn -0.431271 -0.312343 0.846432
vn -0.431271 -0.312343 0.846432
vn -0.671731 -0.312356 0.671722
vn -0.671731 -0.312356 0.671722
vn -0.671731 -0.312356 0.671722
vn -0.671731 -0.312356 0.671722
vn -0.846425 -0.312354 0.431277
vn -0.846425 -0.312354 0.431277
vn -0.846425 -0.312354 0.431277
vn -0.846425 -0.312354 0.431277
vn -0.938271 -0.312350 0.148607
vn -0.938272 -0.312350 0.148607
vn -0.938271 -0.312350 0.148607
vn -0.938272 -0.312350 0.148607
vn -0.938272 -0.312349 -0.148608
vn -0.938272 -0.312349 -0.148608
vn -0.938272 -0.312349 -0.148608
vn -0.938272 -0.312349 -0.148608
vn -0.846425 -0.312351 -0.431280
vn -0.846425 -0.312351 -0.431280
vn -0.846425 -0.312351 -0.431280
vn -0.846425 -0.312351 -0.431280
vn -0.671729 -0.312354 -0.671726
vn -0.671729 -0.312354 -0.671726
vn -0.671729 -0.312354 -0.671726
vn -0.671729 -0.312354 -0.671726
vn -0.431275 -0.312363 -0.846422
vn -0.431275 -0.312363 -0.846422
vn -0.431275 -0.312363 -0.846422
vn -0.431275 -0.312363 -0.846422
vn -0.148614 -0.312360 -0.938267
vn -0.148614 -0.312360 -0.938267
vn -0.148614 -0.312360 -0.938267
vn -0.148614 -0.312360 -0.938267
vn 0.148614 -0.312360 -0.938267
vn 0.148614 -0.312360 -0.938267
vn 0.148614 -0.312360 -0.938267
vn 0.148614 -0.312360 -0.938267
vn 0.431274 -0.312364 -0.846423
vn 0.431274 -0.312364 -0.846423
vn 0.431274 -0.312364 -0.846423
vn 0.431274 -0.312364 -0.846423
vn 0.671729 -0.312354 -0.671726
vn 0.671729 -0.312354 -0.671726
vn 0.671729 -0.312354 -0.671726
vn 0.671729 -0.312354 -0.671726
vn 0.846426 -0.312349 -0.431279
vn 0.846426 -0.312349 -0.431279
vn 0.846426 -0.312349 -0.431279
vn 0.846426 -0.312349 -0.431279
vn 0.000000 1.000000 0.000001
vn 0.000000 1.000000 0.000001
vn 0.000000 1.000000 0.000001
vn 0.000000 1.000000 0.000001
vn 0.000000 1.000000 0.000000
vn 0.000000 1.000000 0.000000
vn 0.000000 1.000000 0.000000
vn 0.000000 1.000000 0.000000
vn 0.000000 1.000000 0.000000
vn 0.000000 1.000000 0.000000
vn 0.000000 1.000000 0.000000
vn 0.000000 1.000000 0.000000
vn 0.000000 1.000000 0.000000
vn 0.000000 1.000000 0.000000
vn 0.000000 1.000000 0.000000
vn 0.000000 1.000000 0.000000
vn 0.000000 1.000000 -0.000001
vn 0.000000 1.000000 -0.000001
vn 0.000000 1.000000 -0.000001
vn 0.000000 1.000000 -0.000001
vn 0.000000 1.000000 -0.000003
vn 0.000000 1.000000 -0.000003
vn 0.000000 1.000000 -0.000003
vn 0.000000 1.000000 -0.000003
vn 0.000000 1.000000 -0.000001
vn 0.000000 1.000000 -0.000001
vn 0.000000 1.000000 -0.000001
vn 0.000000 1.000000 -0.000001
vn 0.000000 1.000000 -0.000001
vn 0.000000 1.000000 -0.000001
vn 0.000000 1.000000 -0.000001
vn 0.000000 1.000000 -0.000001
vn 0.000000 1.000000 0.000003
vn 0.000000 1.000000 0.000003
vn 0.000000 1.000000 0.000003
vn 0.000000 1.000000 0.000003
vn 0.000000 1.000000 0.000001
vn 0.000000 1.000000 0.000001
vn 0.000000 1.000000 0.000001
vn 0.000000 1.000000 0.000001
vn 0.000000 1.000000 -0.000001
vn 0.000000 1.000000 -0.000001
vn 0.000000 1.000000 -0.000001
vn 0.000000 1.000000 -0.000001
vn 0.000000 1.000000 0.000000
vn 0.000000 1.000000 0.000000
vn 0.000000 1.000000 0.000000
vn 0.000000 1.000000 0.000000
vn 0.000000 1.000000 0.000000
vn 0.000000 1.000000 0.000000
vn 0.000000 1.000000 0.000000
vn 0.000000 1.000000 0.000000
vn 0.000000 1.000000 -0.000001
vn 0.000000 1.000000 -0.000001
vn 0.000000 1.000000 -0.000001
vn 0.000000 1.000000 -0.000001
vn 0.000000 1.000000 0.000000
vn 0.000000 1.000000 0.000000
vn 0.000000 1.000000 0.000000
vn 0.000000 1.000000 0.000000
vn 0.000000 1.000000 0.000000
vn 0.000000 1.000000 0.000000
vn 0.000000 1.000000 0.000000
vn 0.000000 1.000000 0.000000
vn 0.000000 1.000000 0.000001
vn 0.000000 1.000000 0.000001
vn 0.000000 1.000000 0.000001
vn 0.000000 1.000000 0.000001
vn 0.000000 1.000000 0.000003
vn 0.000000 1.000000 0.000003
vn 0.000000 1.000000 0.000003
vn 0.000000 1.000000 0.000003
vn 0.000000 1.000000 0.000000
vn 0.000000 1.000000 0.000000
vn 0.000000 1.000000 0.000000
vn 0.000000 1.000000 0.000000
vn 0.000000 1.000000 0.000000
vn 0.000000 1.000000 0.000000
vn 0.000000 1.000000 0.000000
vn 0.000000 1.000000 0.000000
vn -0.957311 0.246104 0.151619
vn -0.957311 0.246104 0.151619
vn -0.957311 0.246104 0.151619
vn -0.957311 0.246104 0.151619
vn -0.957311 0.246104 -0.151622
vn -0.957311 0.246104 -0.151622
vn -0.957311 0.246104 -0.151622
vn -0.957311 0.246104 -0.151622
vn -0.863602 0.246102 -0.440029
vn -0.863602 0.246102 -0.440028
vn -0.863602 0.246102 -0.440029
vn -0.863602 0.246102 -0.440028
vn -0.685357 0.246105 -0.685359
vn -0.685357 0.246105 -0.685359
vn -0.685357 0.246105 -0.685359
vn -0.685357 0.246105 -0.685359
vn -0.440029 0.246109 -0.863600
vn -0.440029 0.246109 -0.863600
vn -0.440029 0.246109 -0.863600
vn -0.440029 0.246109 -0.863600
vn -0.151624 0.246107 -0.957310
vn -0.151624 0.246107 -0.957310
vn -0.151624 0.246107 -0.957310
vn -0.151624 0.246107 -0.957310
vn 0.151624 0.246107 -0.957310
vn 0.151624 0.246107 -0.957310
vn 0.151624 0.246107 -0.957310
vn 0.151624 0.246107 -0.957310
vn 0.440027 0.246109 -0.863601
vn 0.440027 0.246109 -0.863601
vn 0.440027 0.246109 -0.863601
vn 0.440027 0.246109 -0.863601
vn 0.685359 0.246108 -0.685357
vn 0.685359 0.246108 -0.685357
vn 0.685359 0.246108 -0.685357
vn 0.685359 0.246108 -0.685357
vn 0.863600 0.246105 -0.440031
vn 0.863600 0.246105 -0.440031
vn 0.863600 0.246105 -0.440031
vn 0.863600 0.246105 -0.440031
vn 0.957311 0.246103 -0.151623
vn 0.957311 0.246103 -0.151623
vn 0.957311 0.246103 -0.151623
vn 0.957311 0.246103 -0.151623
vn 0.957310 0.246105 0.151622
vn 0.957310 0.246105 0.151622
vn 0.957310 0.246105 0.151622
vn 0.957310 0.246105 0.151622
vn 0.863601 0.246100 0.440031
vn 0.863601 0.246100 0.440031
vn 0.863601 0.246100 0.440031
vn 0.863601 0.246100 0.440031
vn 0.685361 0.246104 0.685356
vn 0.685362 0.246104 0.685356
vn 0.685362 0.246104 0.685356
vn 0.685361 0.246104 0.685356
vn 0.440028 0.246107 0.863601
vn 0.440028 0.246107 0.863601
vn 0.440028 0.246107 0.863601
vn 0.440028 0.246107 0.863601
vn 0.151625 0.246110 0.957309
vn 0.151625 0.246110 0.957309
vn 0.151625 0.246110 0.957309
vn 0.151625 0.246110 0.957309
vn -0.151625 0.246110 0.957309
vn -0.151625 0.246110 0.957309
vn -0.151625 0.246110 0.957309
vn -0.151625 0.246110 0.957309
vn -0.440026 0.246109 0.863601
vn -0.440026 0.246109 0.863601
vn -0.440026 0.246109 0.863601
vn -0.440026 0.246109 0.863601
vn -0.685361 0.246104 0.685356
vn -0.685361 0.246104 0.685356
vn -0.685361 0.246104 0.685356
vn -0.685361 0.246104 0.685357
vn -0.863602 0.246102 0.440028
vn -0.863603 0.246102 0.440028
vn -0.863603 0.246102 0.440028
vn -0.863602 0.246102 0.440028
vn 0.153370 0.987870 -0.024291
vn 0.153370 0.987870 -0.024291
vn 0.153370 0.987870 -0.024291
vn 0.153370 0.987870 -0.024291
vn 0.153370 0.987870 0.024291
vn 0.153370 0.987870 0.024291
vn 0.153370 0.987870 0.024291
vn 0.153370 0.987870 0.024291
vn 0.138357 0.987870 0.070496
vn 0.138357 0.987870 0.070496
vn 0.138357 0.987870 0.070496
vn 0.138357 0.987870 0.070496
vn 0.109801 0.987870 0.109800
vn 0.109801 0.987870 0.109800
vn 0.109801 0.987870 0.109800
vn 0.109801 0.987870 0.109800
vn 0.070497 0.987870 0.138358
vn 0.070497 0.987870 0.138358
vn 0.070497 0.987870 0.138358
vn 0.070497 0.987870 0.138358
vn 0.024292 0.987870 0.153374
vn 0.024292 0.987870 0.153374
vn 0.024292 0.987870 0.153374
vn 0.024292 0.987870 0.153374
vn -0.024292 0.987870 0.153374
vn -0.024292 0.987870 0.153374
vn -0.024292 0.987870 0.153374
vn -0.024292 0.987870 0.153374
vn -0.070498 0.987870 0.138361
vn -0.070498 0.987870 0.138361
vn -0.070498 0.987870 0.138361
vn -0.070498 0.987870 0.138361
vn -0.109801 0.987870 0.109802
vn -0.109801 0.987870 0.109802
vn -0.109801 0.987870 0.109802
vn -0.109801 0.987870 0.109802
vn -0.138358 0.987870 0.070497
vn -0.138358 0.987870 0.070497
vn -0.138358 0.987870 0.070497
vn -0.138358 0.987870 0.070497
vn -0.153371 0.987870 0.024292
vn -0.153371 0.987870 0.024292
vn -0.153371 0.987870 0.024292
vn -0.153371 0.987870 0.024292
vn -0.153371 0.987870 -0.024292
vn -0.153371 0.987870 -0.024292
vn -0.153371 0.987870 -0.024292
vn -0.153371 0.987870 -0.024292
vn -0.138356 0.987871 -0.070495
vn -0.138356 0.987870 -0.070495
vn -0.138356 0.987871 -0.070495
vn -0.138356 0.987871 -0.070495
vn -0.109801 0.987870 -0.109800
vn -0.109801 0.987870 -0.109800
vn -0.109801 0.987870 -0.109800
vn -0.109801 0.987870 -0.109800
vn -0.070495 0.987870 -0.138358
vn -0.070495 0.987870 -0.138358
vn -0.070495 0.987870 -0.138358
vn -0.070495 0.987870 -0.138358
vn -0.024292 0.987870 -0.153370
vn -0.024292 0.987870 -0.153370
vn -0.024292 0.987870 -0.153370
vn -0.024292 0.987870 -0.153370
vn 0.024292 0.987870 -0.153370
vn 0.024292 0.987870 -0.153370
vn 0.024292 0.987870 -0.153370
vn 0.024292 0.987870 -0.153370
vn 0.070495 0.987871 -0.138355
vn 0.070495 0.987871 -0.138355
vn 0.070495 0.987871 -0.138355
vn 0.070495 0.987871 -0.138355
vn 0.109801 0.987871 -0.109798
vn 0.109801 0.987871 -0.109798
vn 0.109801 0.987871 -0.109798
vn 0.109801 0.987871 -0.109798
vn 0.138356 0.987870 -0.070496
vn 0.138356 0.987870 -0.070496
vn 0.138356 0.987870 -0.070496
vn 0.138356 0.987870 -0.070496
vn 0.891007 0.000014 -0.453989
vn 0.891007 0.000014 -0.453989
vn 0.891007 0.000014 -0.453989
vn 0.891007 0.000014 -0.453989
vn 0.707105 0.000020 -0.707109
vn 0.707105 0.000020 -0.707109
vn 0.707105 0.000020 -0.707109
vn 0.707105 0.000020 -0.707109
vn 0.453992 0.000025 -0.891006
vn 0.453992 0.000025 -0.891006
vn 0.453992 0.000025 -0.891006
vn 0.453992 0.000025 -0.891006
vn 0.156436 0.000029 -0.987688
vn 0.156436 0.000029 -0.987688
vn 0.156436 0.000029 -0.987688
vn 0.156436 0.000029 -0.987688
vn -0.156436 0.000029 -0.987688
vn -0.156436 0.000029 -0.987688
vn -0.156436 0.000029 -0.987688
vn -0.156436 0.000029 -0.987688
vn -0.453993 0.000023 -0.891005
vn -0.453993 0.000023 -0.891005
vn -0.453993 0.000023 -0.891005
vn -0.453993 0.000023 -0.891005
vn -0.707105 0.000019 -0.707109
vn -0.707105 0.000019 -0.707109
vn -0.707105 0.000019 -0.707109
vn -0.707105 0.000019 -0.707109
vn -0.891007 0.000018 -0.453990
vn -0.891007 0.000018 -0.453990
vn -0.891007 0.000018 -0.453990
vn -0.891007 0.000018 -0.453990
vn -0.987689 0.000004 -0.156430
vn -0.987689 0.000004 -0.156430
vn -0.987689 0.000004 -0.156430
vn -0.987689 0.000004 -0.156430
vn -0.987689 -0.000002 0.156429
vn -0.987689 -0.000002 0.156429
vn -0.987689 -0.000002 0.156429
vn -0.987689 -0.000002 0.156429
vn -0.891006 -0.000001 0.453991
vn -0.891006 -0.000001 0.453991
vn -0.891006 -0.000001 0.453991
vn -0.891006 -0.000001 0.453991
vn -0.707106 -0.000020 0.707108
vn -0.707106 -0.000020 0.707108
vn -0.707106 -0.000020 0.707107
vn -0.707106 -0.000020 0.707107
vn -0.453984 -0.000019 0.891010
vn -0.453984 -0.000019 0.891010
vn -0.453984 -0.000019 0.891010
vn -0.453984 -0.000019 0.891010
vn -0.156439 -0.000017 0.987688
vn -0.156439 -0.000017 0.987688
vn -0.156439 -0.000017 0.987688
vn -0.156439 -0.000017 0.987688
vn 0.156439 -0.000017 0.987688
vn 0.156439 -0.000017 0.987688
vn 0.156439 -0.000017 0.987688
vn 0.156439 -0.000017 0.987688
vn 0.453984 -0.000021 0.891010
vn 0.453984 -0.000021 0.891010
vn 0.453984 -0.000021 0.891010
vn 0.453984 -0.000021 0.891010
vn 0.707106 -0.000016 0.707108
vn 0.707106 -0.000016 0.707108
vn 0.707106 -0.000016 0.707107
vn 0.707106 -0.000016 0.707107
vn 0.891007 -0.000008 0.453989
vn 0.891007 -0.000008 0.453989
vn 0.891007 -0.000008 0.453989
vn 0.891007 -0.000008 0.453989
vn 0.987688 -0.000002 0.156434
vn 0.987688 -0.000002 0.156434
vn 0.987688 -0.000002 0.156434
vn 0.987688 -0.000002 0.156434
vn 0.987689 0.000005 -0.156433
vn 0.987689 0.000005 -0.156433
vn 0.987689 0.000005 -0.156433
vn 0.987689 0.000005 -0.156433
vn 0.000000 1.000000 0.000001
vn 0.000000 1.000000 0.000001
vn 0.000000 1.000000 0.000000
vn 0.933543 0.322287 -0.156938
vn 0.933543 0.322287 -0.156938
vn 0.933543 0.322287 -0.156938
vn 0.933543 0.322287 -0.156938
vn 0.896096 -0.292104 0.334198
vn 0.896096 -0.292104 0.334198
vn 0.896096 -0.292104 0.334198
vn 0.896096 -0.292104 0.334198
vn 0.925901 -0.344387 -0.155258
vn 0.925901 -0.344387 -0.155258
vn 0.925901 -0.344387 -0.155258
vn 0.925901 -0.344387 -0.155258
vn 0.945872 0.286815 0.151868
vn 0.945872 0.286815 0.151868
vn 0.945872 0.286815 0.151868
vn 0.945872 0.286815 0.151868
vn 0.849520 -0.498339 0.173132
vn 0.849520 -0.498339 0.173132
vn 0.849520 -0.498339 0.173132
vn 0.849520 -0.498339 0.173132
vn 0.633363 -0.134994 -0.761990
vn 0.633363 -0.134994 -0.761990
vn 0.633363 -0.134994 -0.761990
vn 0.633363 -0.134994 -0.761990
vn 0.626177 0.419816 0.657006
vn 0.626177 0.419816 0.657006
vn 0.626177 0.419816 0.657006
vn 0.626177 0.419816 0.657006
vn -0.751819 0.090322 0.653154
vn -0.751819 0.090322 0.653154
vn -0.751819 0.090322 0.653154
vn -0.751819 0.090322 0.653154
vn 0.614368 -0.456562 0.643509
vn 0.614368 -0.456562 0.643509
vn 0.614368 -0.456562 0.643509
vn 0.614368 -0.456562 0.643509
vn 0.390873 0.510083 0.766182
vn 0.390873 0.510083 0.766182
vn 0.390873 0.510083 0.766182
vn 0.390873 0.510083 0.766182
vn 0.379230 -0.549554 0.744429
vn 0.379230 -0.549554 0.744429
vn 0.379230 -0.549554 0.744429
vn 0.379230 -0.549554 0.744429
vn 0.993536 -0.099818 -0.054066
vn 0.993536 -0.099818 -0.054066
vn 0.993536 -0.099818 -0.054066
vn 0.993536 -0.099818 -0.054066
vn -0.126304 0.565393 0.815094
vn -0.126304 0.565393 0.815094
vn -0.126304 0.565393 0.815094
vn -0.126304 0.565393 0.815094
vn -0.992969 0.042132 -0.110620
vn -0.992969 0.042132 -0.110620
vn -0.992969 0.042132 -0.110620
vn -0.992969 0.042132 -0.110620
vn -0.121965 -0.604694 0.787064
vn -0.121965 -0.604694 0.787064
vn -0.121965 -0.604694 0.787064
vn -0.121965 -0.604694 0.787064
vn -0.380476 0.524580 0.761613
vn -0.380476 0.524580 0.761613
vn -0.380476 0.524580 0.761613
vn -0.380476 0.524580 0.761613
vn -0.369356 -0.562893 0.739410
vn -0.369356 -0.562893 0.739410
vn -0.369356 -0.562893 0.739410
vn -0.369356 -0.562893 0.739410
vn 0.858395 0.038597 0.511535
vn 0.858395 0.038597 0.511535
vn 0.858395 0.038597 0.511535
vn 0.858395 0.038597 0.511536
vn 0.000000 1.000000 0.000000
vn 0.000000 1.000000 0.000000
vn 0.000000 1.000000 0.000001
vn 0.000000 1.000000 0.000001
vn 0.000000 1.000000 0.000001
vn 0.000000 1.000000 0.000001
vn 0.000000 1.000000 0.000000
vn 0.000000 1.000000 0.000000
vn 0.000000 1.000000 0.000000
vn 0.000000 1.000000 0.000000
vn 0.000000 1.000000 0.000001
vn 0.000000 1.000000 0.000001
vn 0.000000 1.000000 -0.000001
vn 0.000000 1.000000 -0.000001
vn 0.000000 1.000000 -0.000001
vn 0.000000 1.000000 -0.000001
vn 0.000000 1.000000 -0.000001
vn 0.000000 1.000000 0.000000
vn 0.000000 1.000000 0.000000
vn 0.000000 1.000000 -0.000001
vn 0.000000 1.000000 -0.000001
vn 0.000000 1.000000 -0.000001
vn 0.000000 1.000000 -0.000001
vn 0.000000 1.000000 -0.000001
vn 0.000000 1.000000 -0.000001
vn 0.000000 1.000000 -0.000001
vn 0.000000 1.000000 0.000001
vn 0.000000 1.000000 0.000001
vn 0.000000 1.000000 -0.000001
vn 0.000000 1.000000 -0.000001
vn 0.000000 1.000000 0.000000
vn 0.000000 1.000000 0.000001
vn 0.000000 1.000000 0.000001
vn 0.000000 1.000000 -0.000001
vn 0.000000 1.000000 -0.000001
s off
g Nut1:pot Nut1:Nut Nut1:pot
usemtl lambert67SG
f 413/489/721 414/490/722 415/491/723 416/492/724
f 414/490/725 417/493/726 418/494/727 415/491/728
f 417/493/729 419/495/730 420/496/731 418/494/732
f 419/495/733 421/497/734 422/498/735 420/496/736
f 421/497/737 423/499/738 424/500/739 422/498/740
f 423/499/741 425/501/742 426/502/743 424/500/744
f 425/501/745 427/503/746 428/504/747 426/502/748
f 427/503/749 429/505/750 430/506/751 428/504/752
f 429/505/753 431/507/754 432/508/755 430/506/756
f 431/507/757 433/509/758 434/510/759 432/508/760
f 433/509/761 435/511/762 436/512/763 434/510/764
f 435/511/765 437/513/766 438/514/767 436/512/768
f 437/513/769 439/515/770 440/516/771 438/514/772
f 439/515/773 441/517/774 442/518/775 440/516/776
f 441/517/777 443/519/778 444/520/779 442/518/780
f 443/519/781 445/521/782 446/522/783 444/520/784
f 445/521/785 447/523/786 448/524/787 446/522/788
f 447/523/789 449/525/790 450/526/791 448/524/792
f 449/525/793 451/527/794 452/528/795 450/526/796
f 451/527/797 413/489/798 416/492/799 452/528/800
f 454/529/801 453/530/802 455/531/803 456/532/804
f 457/533/805 454/529/806 456/532/807 458/534/808
f 459/535/809 457/533/810 458/534/811 460/536/812
f 461/537/813 459/535/814 460/536/815 462/538/816
f 463/539/817 461/537/818 462/538/819 464/540/820
f 465/541/821 463/539/822 464/540/823 466/542/824
f 467/543/825 465/541/826 466/542/827 468/544/828
f 469/545/829 467/543/830 468/544/831 470/546/832
f 471/547/833 469/545/834 470/546/835 472/548/836
f 473/549/837 471/547/838 472/548/839 474/550/840
f 475/551/841 473/549/842 474/550/843 476/552/844
f 477/553/845 475/551/846 476/552/847 478/554/848
f 479/555/849 477/553/850 478/554/851 480/556/852
f 481/557/853 479/555/854 480/556/855 482/558/856
f 483/559/857 481/557/858 482/558/859 484/560/860
f 485/561/861 483/559/862 484/560/863 486/562/864
f 487/563/865 485/561/866 486/562/867 488/564/868
f 489/565/869 487/563/870 488/564/871 490/566/872
f 491/567/873 489/565/874 490/566/875 492/568/876
f 453/530/877 491/567/878 492/568/879 455/531/880
f 534/569/881 533/570/882 535/571/883 536/572/884
f 537/573/885 534/569/886 536/572/887 538/574/888
f 460/536/889 458/534/890 495/575/891 496/576/892
f 540/577/893 539/578/894 541/579/895 542/580/896
f 543/581/897 540/577/898 542/580/899 544/582/900
f 466/542/901 464/540/902 498/583/903 499/584/904
f 546/585/905 545/586/906 547/587/907 548/588/908
f 549/589/909 546/585/910 548/588/911 550/590/912
f 472/548/913 470/546/914 501/591/915 502/592/916
f 474/550/917 472/548/918 502/592/919 503/593/920
f 476/552/921 474/550/922 503/593/923 504/594/924
f 478/554/925 476/552/926 504/594/927 505/595/928
f 480/556/929 478/554/930 505/595/931 506/596/932
f 482/558/933 480/556/934 506/596/935 507/597/936
f 484/560/937 482/558/938 507/597/939 508/598/940
f 486/562/941 484/560/942 508/598/943 509/599/944
f 488/564/945 486/562/946 509/599/947 510/600/948
f 490/566/949 488/564/950 510/600/951 511/601/952
f 492/568/953 490/566/954 511/601/955 512/602/956
f 455/531/957 492/568/958 512/602/959 493/603/960
f 274/604/961 273/605/962 333/606/963 334/607/964
f 275/608/965 274/604/966 334/607/967 335/609/968
f 276/610/969 275/608/970 335/609/971 336/611/972
f 277/612/973 276/610/974 336/611/975 337/613/976
f 278/614/977 277/612/978 337/613/979 338/615/980
f 279/616/981 278/614/982 338/615/983 339/617/984
f 280/618/985 279/616/986 339/617/987 340/619/988
f 281/620/989 280/618/990 340/619/991 341/621/992
f 282/622/993 281/620/994 341/621/995 342/623/996
f 283/624/997 282/622/998 342/623/999 343/625/1000
f 284/626/1001 283/624/1002 343/625/1003 344/627/1004
f 285/628/1005 284/626/1006 344/627/1007 345/629/1008
f 286/630/1009 285/628/1010 345/629/1011 346/631/1012
f 287/632/1013 286/630/1014 346/631/1015 347/633/1016
f 288/634/1017 287/632/1018 347/633/1019 348/635/1020
f 289/636/1021 288/634/1022 348/635/1023 349/637/1024
f 290/638/1025 289/636/1026 349/637/1027 350/639/1028
f 291/640/1029 290/638/1030 350/639/1031 351/641/1032
f 292/642/1033 291/640/1034 351/641/1035 352/643/1036
f 273/605/1037 292/642/1038 352/643/1039 333/606/1040
f 314/644/1041 313/645/1042 273/605/1043 274/604/1044
f 315/646/1045 314/644/1046 274/604/1047 275/608/1048
f 316/647/1049 315/646/1050 275/608/1051 276/610/1052
f 317/648/1053 316/647/1054 276/610/1055 277/612/1056
f 318/649/1057 317/648/1058 277/612/1059 278/614/1060
f 319/650/1061 318/649/1062 278/614/1063 279/616/1064
f 320/651/1065 319/650/1066 279/616/1067 280/618/1068
f 321/652/1069 320/651/1070 280/618/1071 281/620/1072
f 322/653/1073 321/652/1074 281/620/1075 282/622/1076
f 323/654/1077 322/653/1078 282/622/1079 283/624/1080
f 324/655/1081 323/654/1082 283/624/1083 284/626/1084
f 325/656/1085 324/655/1086 284/626/1087 285/628/1088
f 326/657/1089 325/656/1090 285/628/1091 286/630/1092
f 327/658/1093 326/657/1094 286/630/1095 287/632/1096
f 328/659/1097 327/658/1098 287/632/1099 288/634/1100
f 329/660/1101 328/659/1102 288/634/1103 289/636/1104
f 330/661/1105 329/660/1106 289/636/1107 290/638/1108
f 331/662/1109 330/661/1110 290/638/1111 291/640/1112
f 332/663/1113 331/662/1114 291/640/1115 292/642/1116
f 313/645/1117 332/663/1118 292/642/1119 273/605/1120
f 452/528/1121 416/492/1122 453/530/1123 454/529/1124
f 450/526/1125 452/528/1126 454/529/1127 457/533/1128
f 448/524/1129 450/526/1130 457/533/1131 459/535/1132
f 446/522/1133 448/524/1134 459/535/1135 461/537/1136
f 444/520/1137 446/522/1138 461/537/1139 463/539/1140
f 442/518/1141 444/520/1142 463/539/1143 465/541/1144
f 440/516/1145 442/518/1146 465/541/1147 467/543/1148
f 438/514/1149 440/516/1150 467/543/1151 469/545/1152
f 436/512/1153 438/514/1154 469/545/1155 471/547/1156
f 434/510/1157 436/512/1158 471/547/1159 473/549/1160
f 432/508/1161 434/510/1162 473/549/1163 475/551/1164
f 430/506/1165 432/508/1166 475/551/1167 477/553/1168
f 428/504/1169 430/506/1170 477/553/1171 479/555/1172
f 426/502/1173 428/504/1174 479/555/1175 481/557/1176
f 424/500/1177 426/502/1178 481/557/1179 483/559/1180
f 422/498/1181 424/500/1182 483/559/1183 485/561/1184
f 420/496/1185 422/498/1186 485/561/1187 487/563/1188
f 418/494/1189 420/496/1190 487/563/1191 489/565/1192
f 415/491/1193 418/494/1194 489/565/1195 491/567/1196
f 416/492/1197 415/491/1198 491/567/1199 453/530/1200
f 334/607/1201 333/606/1202 293/664/1203 294/665/1204
f 335/609/1205 334/607/1206 294/665/1207 295/666/1208
f 336/611/1209 335/609/1210 295/666/1211 296/667/1212
f 337/613/1213 336/611/1214 296/667/1215 297/668/1216
f 338/615/1217 337/613/1218 297/668/1219 298/669/1220
f 339/617/1221 338/615/1222 298/669/1223 299/670/1224
f 340/619/1225 339/617/1226 299/670/1227 300/671/1228
f 341/621/1229 340/619/1230 300/671/1231 301/672/1232
f 342/623/1233 341/621/1234 301/672/1235 302/673/1236
f 343/625/1237 342/623/1238 302/673/1239 303/674/1240
f 344/627/1241 343/625/1242 303/674/1243 304/675/1244
f 345/629/1245 344/627/1246 304/675/1247 305/676/1248
f 346/631/1249 345/629/1250 305/676/1251 306/677/1252
f 347/633/1253 346/631/1254 306/677/1255 307/678/1256
f 348/635/1257 347/633/1258 307/678/1259 308/679/1260
f 349/637/1261 348/635/1262 308/679/1263 309/680/1264
f 350/639/1265 349/637/1266 309/680/1267 310/681/1268
f 351/641/1269 350/639/1270 310/681/1271 311/682/1272
f 352/643/1273 351/641/1274 311/682/1275 312/683/1276
f 333/606/1277 352/643/1278 312/683/1279 293/664/1280
f 294/665/1281 293/664/1282 353/684/1283 354/685/1284
f 295/666/1285 294/665/1286 354/685/1287 355/686/1288
f 296/667/1289 295/666/1290 355/686/1291 356/687/1292
f 297/668/1293 296/667/1294 356/687/1295 357/688/1296
f 298/669/1297 297/668/1298 357/688/1299 358/689/1300
f 299/670/1301 298/669/1302 358/689/1303 359/690/1304
f 300/671/1305 299/670/1306 359/690/1307 360/691/1308
f 301/672/1309 300/671/1310 360/691/1311 361/692/1312
f 302/673/1313 301/672/1314 361/692/1315 362/693/1316
f 303/674/1317 302/673/1318 362/693/1319 363/694/1320
f 304/675/1321 303/674/1322 363/694/1323 364/695/1324
f 305/676/1325 304/675/1326 364/695/1327 365/696/1328
f 306/677/1329 305/676/1330 365/696/1331 366/697/1332
f 307/678/1333 306/677/1334 366/697/1335 367/698/1336
f 308/679/1337 307/678/1338 367/698/1339 368/699/1340
f 309/680/1341 308/679/1342 368/699/1343 369/700/1344
f 310/681/1345 309/680/1346 369/700/1347 370/701/1348
f 311/682/1349 310/681/1350 370/701/1351 371/702/1352
f 312/683/1353 311/682/1354 371/702/1355 372/703/1356
f 293/664/1357 312/683/1358 372/703/1359 353/684/1360
f 354/685/1361 353/684/1362 373/704/1363 374/705/1364
f 355/686/1365 354/685/1366 374/705/1367 375/706/1368
f 356/687/1369 355/686/1370 375/706/1371 376/707/1372
f 357/688/1373 356/687/1374 376/707/1375 377/708/1376
f 358/689/1377 357/688/1378 377/708/1379 378/709/1380
f 359/690/1381 358/689/1382 378/709/1383 379/710/1384
f 360/691/1385 359/690/1386 379/710/1387 380/711/1388
f 361/692/1389 360/691/1390 380/711/1391 381/712/1392
f 362/693/1393 361/692/1394 381/712/1395 382/713/1396
f 363/694/1397 362/693/1398 382/713/1399 383/714/1400
f 364/695/1401 363/694/1402 383/714/1403 384/715/1404
f 365/696/1405 364/695/1406 384/715/1407 385/716/1408
f 366/697/1409 365/696/1410 385/716/1411 386/717/1412
f 367/698/1413 366/697/1414 386/717/1415 387/718/1416
f 368/699/1417 367/698/1418 387/718/1419 388/719/1420
f 369/700/1421 368/699/1422 388/719/1423 389/720/1424
f 370/701/1425 369/700/1426 389/720/1427 390/721/1428
f 371/702/1429 370/701/1430 390/721/1431 391/722/1432
f 372/703/1433 371/702/1434 391/722/1435 392/723/1436
f 353/684/1437 372/703/1438 392/723/1439 373/704/1440
f 374/705/1441 373/704/1442 393/724/1443 394/725/1444
f 375/706/1445 374/705/1446 394/725/1447 395/726/1448
f 376/707/1449 375/706/1450 395/726/1451 396/727/1452
f 377/708/1453 376/707/1454 396/727/1455 397/728/1456
f 378/709/1457 377/708/1458 397/728/1459 398/729/1460
f 379/710/1461 378/709/1462 398/729/1463 399/730/1464
f 380/711/1465 379/710/1466 399/730/1467 400/731/1468
f 381/712/1469 380/711/1470 400/731/1471 401/732/1472
f 382/713/1473 381/712/1474 401/732/1475 402/733/1476
f 383/714/1477 382/713/1478 402/733/1479 403/734/1480
f 384/715/1481 383/714/1482 403/734/1483 404/735/1484
f 385/716/1485 384/715/1486 404/735/1487 405/736/1488
f 386/717/1489 385/716/1490 405/736/1491 406/737/1492
f 387/718/1493 386/717/1494 406/737/1495 407/738/1496
f 388/719/1497 387/718/1498 407/738/1499 408/739/1500
f 389/720/1501 388/719/1502 408/739/1503 409/740/1504
f 390/721/1505 389/720/1506 409/740/1507 410/741/1508
f 391/722/1509 390/721/1510 410/741/1511 411/742/1512
f 392/723/1513 391/722/1514 411/742/1515 412/743/1516
f 373/704/1517 392/723/1518 412/743/1519 393/724/1520
f 313/645/1521 314/644/1522 494/744/1523 493/603/1524
f 314/644/1525 315/646/1526 495/575/1527 494/744/1528
f 315/646/1529 316/647/1530 496/576/1531 495/575/1532
f 316/647/1533 317/648/1534 497/745/1535 496/576/1536
f 317/648/1537 318/649/1538 498/583/1539 497/745/1540
f 318/649/1541 319/650/1542 499/584/1543 498/583/1544
f 319/650/1545 320/651/1546 500/746/1547 499/584/1548
f 320/651/1549 321/652/1550 501/591/1551 500/746/1552
f 321/652/1553 322/653/1554 502/592/1555 501/591/1556
f 322/653/1557 323/654/1558 503/593/1559 502/592/1560
f 323/654/1561 324/655/1562 504/594/1563 503/593/1564
f 324/655/1565 325/656/1566 505/595/1567 504/594/1568
f 325/656/1569 326/657/1570 506/596/1571 505/595/1572
f 326/657/1573 327/658/1574 507/597/1575 506/596/1576
f 327/658/1577 328/659/1578 508/598/1579 507/597/1580
f 328/659/1581 329/660/1582 509/599/1583 508/598/1584
f 329/660/1585 330/661/1586 510/600/1587 509/599/1588
f 330/661/1589 331/662/1590 511/601/1591 510/600/1592
f 331/662/1593 332/663/1594 512/602/1595 511/601/1596
f 332/663/1597 313/645/1598 493/603/1599 512/602/1600
f 414/490/1601 413/489/1602 513/747/1603 514/748/1604
f 417/493/1605 414/490/1606 514/748/1607 515/749/1608
f 419/495/1609 417/493/1610 515/749/1611 516/750/1612
f 421/497/1613 419/495/1614 516/750/1615 517/751/1616
f 423/499/1617 421/497/1618 517/751/1619 518/752/1620
f 425/501/1621 423/499/1622 518/752/1623 519/753/1624
f 427/503/1625 425/501/1626 519/753/1627 520/754/1628
f 429/505/1629 427/503/1630 520/754/1631 521/755/1632
f 431/507/1633 429/505/1634 521/755/1635 522/756/1636
f 433/509/1637 431/507/1638 522/756/1639 523/757/1640
f 435/511/1641 433/509/1642 523/757/1643 524/758/1644
f 437/513/1645 435/511/1646 524/758/1647 525/759/1648
f 439/515/1649 437/513/1650 525/759/1651 526/760/1652
f 441/517/1653 439/515/1654 526/760/1655 527/761/1656
f 443/519/1657 441/517/1658 527/761/1659 528/762/1660
f 445/521/1661 443/519/1662 528/762/1663 529/763/1664
f 447/523/1665 445/521/1666 529/763/1667 530/764/1668
f 449/525/1669 447/523/1670 530/764/1671 531/765/1672
f 451/527/1673 449/525/1674 531/765/1675 532/766/1676
f 413/489/1677 451/527/1678 532/766/1679 513/747/1680
f 408/767/1681 410/768/1682 409/769/1683
f 456/532/1684 455/531/1685 533/570/1686 534/569/1687
f 455/531/1688 493/603/1689 535/571/1690 533/570/1691
f 493/603/1692 494/744/1693 536/572/1694 535/571/1695
f 458/534/1696 456/532/1697 534/569/1698 537/573/1699
f 494/744/1700 495/575/1701 538/574/1702 536/572/1703
f 495/575/1704 458/534/1705 537/573/1706 538/574/1707
f 462/538/1708 460/536/1709 539/578/1710 540/577/1711
f 460/536/1712 496/576/1713 541/579/1714 539/578/1715
f 496/576/1716 497/745/1717 542/580/1718 541/579/1719
f 464/540/1720 462/538/1721 540/577/1722 543/581/1723
f 497/745/1724 498/583/1725 544/582/1726 542/580/1727
f 498/583/1728 464/540/1729 543/581/1730 544/582/1731
f 468/544/1732 466/542/1733 545/586/1734 546/585/1735
f 466/542/1736 499/584/1737 547/587/1738 545/586/1739
f 499/584/1740 500/746/1741 548/588/1742 547/587/1743
f 470/546/1744 468/544/1745 546/585/1746 549/589/1747
f 500/746/1748 501/591/1749 550/590/1750 548/588/1751
f 501/591/1752 470/546/1753 549/589/1754 550/590/1755
f 407/770/1756 411/771/1757 410/768/1758 408/767/1759
f 406/772/1760 412/773/1761 411/771/1762 407/770/1763
f 405/774/1764 393/775/1765 412/773/1766 406/772/1767
f 394/776/1768 404/777/1769 403/778/1770 395/779/1771
f 394/776/1772 393/775/1773 405/774/1774 404/777/1775
f 395/779/1776 403/778/1777 402/780/1778 396/781/1779
f 396/781/1780 402/780/1781 401/782/1782 397/783/1783
f 398/784/1784 400/785/1785 399/786/1786
f 397/783/1787 401/782/1788 400/785/1789 398/784/1790
g default
v -0.819593 3.239844 9.226442
v -0.856584 3.257515 9.211318
v -0.994971 3.041079 9.304334
v -0.981666 3.079340 9.290911
v -0.940451 3.067275 9.298536
v -0.953919 3.029466 9.313846
v -1.024146 3.384652 9.314442
v -1.031005 3.402569 9.352997
v -1.177688 3.129330 9.490025
v -1.168720 3.169616 9.480314
v -1.161319 3.159674 9.437654
v -1.170078 3.119371 9.448220
v -0.891723 3.402569 9.591006
v -0.854751 3.384652 9.603910
v -1.042860 3.119371 9.665612
v -1.029100 3.159724 9.663059
v -1.070176 3.169637 9.648676
v -1.083036 3.129330 9.651770
v -0.682771 3.257515 9.508333
v -0.677838 3.239844 9.468679
v -0.819832 3.029466 9.542976
v -0.799903 3.067326 9.538627
v -0.813429 3.079340 9.578398
v -0.831648 3.041079 9.583426
v -0.923016 2.740471 9.535743
v -0.903590 2.792003 9.526227
v -0.913459 2.798543 9.567283
v -0.938566 2.747475 9.581035
v -1.045256 2.747475 9.398719
v -1.021038 2.798623 9.383587
v -0.980326 2.792020 9.395090
v -0.998154 2.740471 9.407347
v -1.054512 2.782565 9.648887
v -1.039198 2.836250 9.636661
v -1.080350 2.844324 9.626293
v -1.098181 2.791273 9.638301
v -1.173364 2.791273 9.509827
v -1.154187 2.844278 9.500113
v -1.143040 2.836252 9.459206
v -1.161203 2.782565 9.466571
v -1.163982 2.464848 9.676910
v -1.129254 2.482548 9.656777
v -1.122871 2.517208 9.688890
v -1.157127 2.496124 9.708936
v -1.263817 2.496125 9.526621
v -1.229539 2.517445 9.506562
v -1.204543 2.482636 9.527960
v -1.239254 2.464848 9.548282
v -1.190310 2.606977 9.728354
v -1.155238 2.625095 9.707831
v -1.182848 2.658915 9.687782
v -1.216269 2.637864 9.707453
v -1.291491 2.637864 9.578911
v -1.257973 2.658915 9.559407
v -1.262001 2.625138 9.525558
v -1.297001 2.606977 9.546040
v -1.358042 2.475774 9.790467
v -1.295428 2.463377 9.753832
v -1.284706 2.494514 9.783595
v -1.328209 2.532947 9.809053
v -1.434900 2.532948 9.626738
v -1.391329 2.494654 9.601240
v -1.370615 2.463379 9.625239
v -1.433309 2.475774 9.661850
v -1.336630 2.605018 9.813981
v -1.297535 2.599320 9.791102
v -1.316327 2.630894 9.766010
v -1.352904 2.644151 9.787091
v -1.427848 2.644151 9.659025
v -1.391671 2.630889 9.637413
v -1.404091 2.599146 9.608708
v -1.443320 2.605018 9.631666
v -1.544121 2.715319 9.884415
v -1.531056 2.680084 9.883605
v -1.460947 2.669326 9.875035
v -1.503616 2.712253 9.895111
v -1.595612 2.712253 9.737905
v -1.563088 2.661146 9.701753
v -1.598866 2.680008 9.767553
v -1.606127 2.715320 9.778457
v -1.425799 2.707267 9.849328
v -1.404273 2.666230 9.841869
v -1.386661 2.671336 9.798754
v -1.410215 2.702248 9.809124
v -1.474897 2.702248 9.698593
v -1.448431 2.663098 9.671668
v -1.500098 2.657802 9.664891
v -1.517582 2.707267 9.692487
v -1.541852 2.823827 9.847810
v -1.564195 2.795847 9.877250
v -1.524425 2.798139 9.885913
v -1.597786 2.798139 9.760554
v -1.609580 2.795586 9.799608
v -1.573103 2.823827 9.794409
v -1.505316 2.821025 9.826166
v -1.472079 2.795089 9.855037
v -1.463399 2.798405 9.816694
v -1.536320 2.821021 9.773074
v -1.507547 2.798405 9.741253
v -1.545228 2.795089 9.730037
v -1.384055 2.588813 9.841734
v -1.445790 2.560640 9.841848
v -1.521008 2.560603 9.713228
v -1.490772 2.588825 9.659434
v -1.468068 2.628024 9.646147
v -1.436819 2.652409 9.664535
v -1.362099 2.652519 9.792495
v -1.361427 2.627976 9.828493
v -0.554429 3.239844 7.881449
v -0.555801 3.257515 7.841509
v -0.697378 3.041079 7.753423
v -0.679680 3.079340 7.760056
v -0.669737 3.067275 7.800772
v -0.689222 3.029466 7.794767
v -0.718558 3.384652 7.730957
v -0.756536 3.402569 7.740508
v -0.941657 3.129330 7.662903
v -0.929122 3.169616 7.667099
v -0.887179 3.159674 7.656361
v -0.900406 3.119371 7.652704
v -0.916516 3.402569 7.965129
v -0.913126 3.384652 8.004142
v -1.046529 3.119371 7.857868
v -1.038558 3.159724 7.869372
v -1.042281 3.169637 7.826008
v -1.050376 3.129330 7.815549
v -0.755442 3.257515 8.121815
v -0.717250 3.239844 8.110058
v -0.843234 3.029466 8.011006
v -0.831097 3.067326 8.027402
v -0.872916 3.079340 8.031371
v -0.884972 3.041079 8.016815
v -0.878942 2.740471 7.913929
v -0.862298 2.792003 7.927746
v -0.903791 2.798543 7.935579
v -0.926627 2.747475 7.918317
v -0.804082 2.747475 7.746256
v -0.780351 2.798623 7.762141
v -0.774150 2.792020 7.803990
v -0.792639 2.740471 7.792755
v -1.036051 2.782565 7.840382
v -1.018621 2.836250 7.849338
v -1.026037 2.844324 7.807552
v -1.044301 2.791273 7.796211
v -0.957945 2.791273 7.674965
v -0.941224 2.844278 7.688473
v -0.899342 2.836252 7.681869
v -0.913506 2.782565 7.668322
v -1.106493 2.464848 7.752025
v -1.073892 2.482548 7.775446
v -1.100565 2.517208 7.794434
v -1.132893 2.496124 7.771408
v -1.010348 2.496125 7.599348
v -0.977999 2.517445 7.622389
v -0.987267 2.482636 7.653961
v -1.020035 2.464848 7.630634
v -1.164211 2.606977 7.749104
v -1.131111 2.625095 7.772678
v -1.124145 2.658915 7.739276
v -1.155788 2.637864 7.716858
v -1.069387 2.637864 7.595546
v -1.037856 2.658915 7.618122
v -1.008634 2.625138 7.600569
v -1.041665 2.606977 7.577044
v -1.289631 2.475774 7.621584
v -1.230545 2.463377 7.663673
v -1.253295 2.494514 7.685656
v -1.294352 2.532947 7.656414
v -1.171807 2.532948 7.484353
v -1.130687 2.494654 7.513640
v -1.144084 2.463379 7.542374
v -1.203181 2.475774 7.500202
v -1.302299 2.605018 7.650755
v -1.265403 2.599320 7.677032
v -1.250221 2.630894 7.649603
v -1.284445 2.644151 7.624886
v -1.198365 2.644151 7.504024
v -1.163820 2.630889 7.528161
v -1.142731 2.599146 7.505062
v -1.179754 2.605018 7.478695
v -1.451611 2.715319 7.490381
v -1.445515 2.680084 7.501966
v -1.408954 2.669326 7.562398
v -1.444761 2.712253 7.531711
v -1.339093 2.712253 7.383349
v -1.292784 2.661146 7.398192
v -1.367469 2.680008 7.392537
v -1.380391 2.715320 7.390384
v -1.371098 2.707267 7.583916
v -1.355469 2.666230 7.600492
v -1.308924 2.671336 7.598877
v -1.328039 2.702248 7.581645
v -1.253744 2.702248 7.477334
v -1.218335 2.663098 7.490434
v -1.233337 2.657802 7.440532
v -1.265676 2.707267 7.435897
v -1.417295 2.823827 7.477443
v -1.453306 2.795847 7.469135
v -1.444902 2.798139 7.508961
v -1.360640 2.798139 7.390652
v -1.401097 2.795586 7.395907
v -1.381401 2.823827 7.427046
v -1.382573 2.821025 7.501894
v -1.395280 2.795089 7.544045
v -1.356748 2.798405 7.536241
v -1.346861 2.821021 7.451848
v -1.306040 2.798405 7.465045
v -1.311260 2.795089 7.426078
v -1.347056 2.588813 7.618876
v -1.372471 2.560640 7.562615
v -1.285998 2.560603 7.441276
v -1.224536 2.588825 7.446799
v -1.203109 2.628024 7.462060
v -1.207068 2.652409 7.498100
v -1.293144 2.652519 7.618715
v -1.325701 2.627976 7.634086
v 1.514023 3.239844 9.516156
v 1.521197 3.257515 9.555470
v 1.674094 3.041079 9.621994
v 1.655618 3.079340 9.618010
v 1.639851 3.067275 9.579176
v 1.660003 3.029466 9.582280
v 1.698321 3.384652 9.641136
v 1.734502 3.402569 9.626156
v 1.928953 3.129330 9.675970
v 1.915941 3.169616 9.673643
v 1.876009 3.159674 9.690377
v 1.889628 3.119371 9.692068
v 1.860059 3.402569 9.380628
v 1.851024 3.384652 9.342525
v 2.004309 3.119371 9.467809
v 1.994748 3.159724 9.457588
v 2.004747 3.169637 9.499947
v 2.014278 3.129330 9.509117
v 1.677882 3.257515 9.249073
v 1.641810 3.239844 9.266268
v 1.780877 3.029466 9.345913
v 1.766481 3.067326 9.331462
v 1.807276 3.079340 9.321443
v 1.821324 3.041079 9.334089
v 1.830344 2.740471 9.436755
v 1.811865 2.792003 9.425509
v 1.851774 2.798543 9.411718
v 1.876881 2.747475 9.425468
v 1.780704 2.747475 9.613543
v 1.754913 2.798623 9.601284
v 1.742683 2.792020 9.560785
v 1.762611 2.740471 9.569207
v 1.996490 2.782565 9.486635
v 1.977941 2.836250 9.480313
v 1.991364 2.844324 9.520573
v 2.011084 2.791273 9.529132
v 1.943311 2.791273 9.661664
v 1.924800 2.844278 9.650735
v 1.884326 2.836252 9.663369
v 1.900313 2.782565 9.674709
v 2.079050 2.464848 9.563788
v 2.043385 2.482548 9.545365
v 2.067007 2.517208 9.522695
v 2.102346 2.496124 9.540767
v 2.006168 2.496125 9.728841
v 1.970808 2.517445 9.710758
v 1.975379 2.482636 9.678173
v 2.011195 2.464848 9.696478
v 2.136577 2.606977 9.558272
v 2.100397 2.625095 9.539770
v 2.098371 2.658915 9.573831
v 2.132942 2.637864 9.591402
v 2.065132 2.637864 9.724003
v 2.030649 2.658915 9.706260
v 2.004295 2.625138 9.727883
v 2.040400 2.606977 9.746346
v 2.279235 2.475774 9.666165
v 2.214648 2.463377 9.633129
v 2.233954 2.494514 9.608068
v 2.278832 2.532947 9.631018
v 2.182655 2.532948 9.819092
v 2.137707 2.494654 9.796107
v 2.146776 2.463379 9.765729
v 2.211385 2.475774 9.798844
v 2.287518 2.605018 9.635459
v 2.247188 2.599320 9.614836
v 2.236164 2.630894 9.644183
v 2.273622 2.644151 9.663652
v 2.206063 2.644151 9.795764
v 2.168372 2.630889 9.776916
v 2.150873 2.599146 9.802840
v 2.191341 2.605018 9.823534
v 2.458597 2.715319 9.772374
v 2.450879 2.680084 9.761802
v 2.405905 2.669326 9.707340
v 2.445800 2.712253 9.732484
v 2.362868 2.712253 9.894655
v 2.314891 2.661146 9.886715
v 2.389603 2.680008 9.881432
v 2.402701 2.715320 9.881678
v 2.365319 2.707267 9.691564
v 2.347442 2.666230 9.677442
v 2.301628 2.671336 9.685818
v 2.323049 2.702248 9.700082
v 2.264740 2.702248 9.814103
v 2.227801 2.663098 9.806300
v 2.249911 2.657802 9.853486
v 2.282580 2.707267 9.853360
v 2.426531 2.823827 9.790173
v 2.463369 2.795847 9.793148
v 2.449254 2.798139 9.754970
v 2.383122 2.798139 9.884291
v 2.422382 2.795586 9.873199
v 2.398360 2.823827 9.845261
v 2.388619 2.821025 9.771040
v 2.395050 2.795089 9.727488
v 2.358065 2.798405 9.740821
v 2.360576 2.821021 9.825754
v 2.318269 2.798405 9.818643
v 2.329109 2.795089 9.856435
v 2.336441 2.588813 9.660478
v 2.369780 2.560640 9.712438
v 2.301902 2.560603 9.845078
v 2.240291 2.588825 9.848566
v 2.216870 2.628024 9.836589
v 2.215538 2.652409 9.800356
v 2.283127 2.652519 9.668491
v 2.313098 2.627976 9.648541
v 1.586885 3.239844 8.152509
v 1.624566 3.257515 8.165817
v 1.758271 3.041079 8.066188
v 1.745633 3.079340 8.080239
v 1.704097 3.067275 8.074627
v 1.716805 3.029466 8.058681
v 1.786920 3.384652 8.054672
v 1.791898 3.402569 8.015831
v 1.931748 3.129330 7.871836
v 1.923263 3.169616 7.881972
v 1.917944 3.159674 7.924941
v 1.926178 3.119371 7.913962
v 1.641214 3.402569 7.784870
v 1.603659 3.384652 7.773778
v 1.788548 3.119371 7.703008
v 1.774927 3.159724 7.706227
v 1.816654 3.169637 7.718597
v 1.829348 3.129330 7.714882
v 1.436526 3.257515 7.877599
v 1.433526 3.239844 7.917446
v 1.571743 3.029466 7.836337
v 1.552049 3.067326 7.841649
v 1.563625 3.079340 7.801268
v 1.581579 3.041079 7.795360
v 1.675156 2.740471 7.838547
v 1.656215 2.792003 7.848997
v 1.664078 2.798543 7.807509
v 1.688486 2.747475 7.792554
v 1.803909 2.747475 7.969469
v 1.780455 2.798623 7.985760
v 1.739233 2.792020 7.976250
v 1.756444 2.740471 7.963141
v 1.800999 2.782565 7.719148
v 1.786296 2.836250 7.732103
v 1.827904 2.844324 7.740460
v 1.845131 2.791273 7.727599
v 1.926467 2.791273 7.852268
v 1.907785 2.844278 7.862902
v 1.898639 2.836252 7.904303
v 1.916423 2.782565 7.896064
v 1.908977 2.464848 7.685838
v 1.875269 2.482548 7.707635
v 1.867332 2.517208 7.675870
v 1.900574 2.496124 7.654183
v 2.015998 2.496125 7.831098
v 1.982735 2.517445 7.852800
v 1.956728 2.482636 7.832641
v 1.990411 2.464848 7.810656
v 1.932775 2.606977 7.633175
v 1.898742 2.625095 7.655378
v 1.927293 2.658915 7.674062
v 1.959719 2.637864 7.652790
v 2.041098 2.637864 7.777525
v 2.008567 2.658915 7.798635
v 2.014235 2.625138 7.832249
v 2.048199 2.606977 7.810089
v 2.097290 2.475774 7.562985
v 2.036530 2.463377 7.602619
v 2.024374 2.494514 7.573414
v 2.066590 2.532947 7.545871
v 2.182013 2.532948 7.722786
v 2.139732 2.494654 7.750372
v 2.117877 2.463379 7.727407
v 2.178718 2.475774 7.687793
v 2.074761 2.605018 7.540540
v 2.036823 2.599320 7.565291
v 2.056813 2.630894 7.589440
v 2.092322 2.644151 7.566607
v 2.173401 2.644151 7.690881
v 2.138316 2.630889 7.714224
v 2.152117 2.599146 7.742292
v 2.190184 2.605018 7.717455
v 2.278584 2.715319 7.460107
v 2.265574 2.680084 7.461550
v 2.195964 2.669326 7.473517
v 2.237608 2.712253 7.451390
v 2.337134 2.712253 7.603941
v 2.306404 2.661146 7.641632
v 2.338943 2.680008 7.574171
v 2.345665 2.715320 7.562926
v 2.162107 2.707267 7.500901
v 2.140969 2.666230 7.509398
v 2.125473 2.671336 7.553318
v 2.148495 2.702248 7.541815
v 2.218472 2.702248 7.649073
v 2.193345 2.663098 7.677252
v 2.245280 2.657802 7.681510
v 2.261404 2.707267 7.653097
v 2.278097 2.823827 7.496778
v 2.298983 2.795847 7.466287
v 2.258839 2.798139 7.459567
v 2.338204 2.798139 7.581214
v 2.348086 2.795586 7.541632
v 2.311905 2.823827 7.548598
v 2.242655 2.821025 7.520172
v 2.208055 2.795089 7.492950
v 2.201248 2.798405 7.531670
v 2.276202 2.821021 7.571695
v 2.249010 2.798405 7.604877
v 2.287192 2.795089 7.614248
v 2.120781 2.588813 7.510516
v 2.182438 2.560640 7.507401
v 2.263817 2.560603 7.632214
v 2.236231 2.588825 7.687413
v 2.214199 2.628024 7.701788
v 2.182094 2.652409 7.684941
v 2.101244 2.652519 7.560763
v 2.098823 2.627976 7.524840
vt 0.598222 0.447568
vt 0.602718 0.458672
vt 0.532210 0.458687
vt 0.530933 0.447568
vt 0.552752 0.509350
vt 0.623890 0.509350
vt 0.520531 0.462215
vt 0.519054 0.450979
vt 0.535852 0.377832
vt 0.574363 0.377837
vt 0.541107 0.514540
vt 0.523795 0.379753
vt 0.533057 0.362699
vt 0.570763 0.362699
vt 0.519756 0.364756
vt 0.497513 0.286955
vt 0.535343 0.286980
vt 0.488083 0.297133
vt 0.499830 0.375061
vt 0.482520 0.328816
vt 0.491601 0.281757
vt 0.482196 0.290942
vt 0.476493 0.323496
vt 0.458066 0.321247
vt 0.460271 0.290469
vt 0.452794 0.301755
vt 0.451347 0.322920
vt 0.447085 0.329662
vt 0.443197 0.318161
vt 0.459244 0.334413
vt 0.457657 0.336870
vt 0.455819 0.342396
vt 0.443157 0.340896
vt 0.440966 0.352948
vt 0.452773 0.351474
vt 0.427521 0.354412
vt 0.433417 0.341806
vt 0.450550 0.379712
vt 0.439290 0.378739
vt 0.430223 0.379634
vt 0.485233 0.351474
vt 0.472705 0.379712
vt 0.043599 0.277765
vt 0.032276 0.272503
vt 0.068460 0.206434
vt 0.080988 0.209354
vt 0.001992 0.235167
vt 0.025366 0.182842
vt 0.083840 0.197523
vt 0.071563 0.194598
vt 0.130431 0.209360
vt 0.113495 0.277765
vt 0.029308 0.171606
vt 0.131340 0.197523
vt 0.074789 0.111455
vt 0.086803 0.113811
vt 0.052582 0.100404
vt 0.123858 0.113825
vt 0.089655 0.098245
vt 0.076952 0.095688
vt 0.057026 0.085383
vt 0.127384 0.098245
vt 0.094275 0.049456
vt 0.104215 0.059376
vt 0.088696 0.017830
vt 0.141915 0.059376
vt 0.109943 0.053194
vt 0.100290 0.044123
vt 0.094587 0.011569
vt 0.116500 0.011137
vt 0.118694 0.041823
vt 0.123989 0.022383
vt 0.125436 0.043548
vt 0.123549 0.001953
vt 0.134300 0.005593
vt 0.133590 0.038792
vt 0.129688 0.050304
vt 0.149388 0.030505
vt 0.172071 0.005592
vt 0.187160 0.030515
vt 0.165342 0.065570
vt 0.146018 0.060031
vt 0.199423 0.065592
vt 0.156635 0.075039
vt 0.168544 0.075940
vt 0.199661 0.075940
vt 0.174755 0.099512
vt 0.163286 0.100262
vt 0.197557 0.099589
vt 0.173229 0.107806
vt 0.188911 0.107806
vt 0.286838 0.514540
vt 0.275109 0.509350
vt 0.298801 0.458672
vt 0.310758 0.462215
vt 0.207973 0.509350
vt 0.232247 0.458687
vt 0.312706 0.450979
vt 0.300565 0.447569
vt 0.237061 0.447569
vt 0.297856 0.377837
vt 0.310146 0.379777
vt 0.261512 0.377833
vt 0.314811 0.364756
vt 0.301155 0.362699
vt 0.265570 0.362699
vt 0.337698 0.375061
vt 0.333719 0.390827
vt 0.341915 0.286981
vt 0.351187 0.297203
vt 0.306239 0.286955
vt 0.357595 0.328829
vt 0.357953 0.290942
vt 0.348766 0.281757
vt 0.364503 0.323496
vt 0.383123 0.290510
vt 0.385642 0.321196
vt 0.391724 0.301756
vt 0.393386 0.322921
vt 0.402753 0.318165
vt 0.398271 0.329677
vt 0.385947 0.334413
vt 0.378859 0.330518
vt 0.417027 0.339404
vt 0.404593 0.338422
vt 0.387687 0.336838
vt 0.421386 0.354412
vt 0.405954 0.352948
vt 0.389938 0.339977
vt 0.419241 0.379634
vt 0.408838 0.378739
vt 0.393785 0.351474
vt 0.397394 0.379712
vt 0.363152 0.351474
vt 0.358092 0.342396
vt 0.401270 0.386354
vt 0.376486 0.379712
vt 0.387069 0.272504
vt 0.375613 0.277766
vt 0.334757 0.209360
vt 0.347491 0.206449
vt 0.309648 0.277766
vt 0.288090 0.209354
vt 0.344113 0.194599
vt 0.331685 0.197523
vt 0.395066 0.182843
vt 0.421627 0.235168
vt 0.286857 0.197523
vt 0.390791 0.171607
vt 0.329337 0.113826
vt 0.341608 0.111455
vt 0.294367 0.113812
vt 0.366934 0.100381
vt 0.338978 0.095689
vt 0.326006 0.098246
vt 0.290400 0.098246
vt 0.361865 0.085384
vt 0.309286 0.059376
vt 0.319095 0.049444
vt 0.273707 0.059376
vt 0.325484 0.017761
vt 0.312172 0.044124
vt 0.302703 0.053194
vt 0.318722 0.011570
vt 0.291007 0.041875
vt 0.293539 0.011097
vt 0.284952 0.022383
vt 0.283290 0.043548
vt 0.274723 0.005593
vt 0.287084 0.001953
vt 0.278395 0.050290
vt 0.273928 0.038789
vt 0.257406 0.030516
vt 0.268529 0.061524
vt 0.257342 0.062434
vt 0.239595 0.065593
vt 0.239077 0.005593
vt 0.221772 0.030505
vt 0.248330 0.075040
vt 0.263662 0.073576
vt 0.236193 0.075941
vt 0.207459 0.065571
vt 0.251953 0.099367
vt 0.241649 0.100262
vt 0.206827 0.075941
vt 0.229954 0.099589
vt 0.208449 0.099513
vt 0.232393 0.107806
vt 0.217593 0.107806
vt 0.150923 0.514539
vt 0.139378 0.509350
vt 0.157885 0.458671
vt 0.169290 0.462214
vt 0.065994 0.509350
vt 0.085139 0.458686
vt 0.170460 0.450978
vt 0.158797 0.447568
vt 0.089383 0.447568
vt 0.152485 0.377837
vt 0.164378 0.379776
vt 0.112758 0.377832
vt 0.167978 0.364756
vt 0.154958 0.362699
vt 0.116060 0.362699
vt 0.186958 0.286980
vt 0.196527 0.297203
vt 0.147956 0.286954
vt 0.201838 0.290941
vt 0.192334 0.281757
vt 0.639604 0.446987
vt 0.638920 0.435156
vt 0.687920 0.435156
vt 0.690613 0.446993
vt 0.646331 0.351445
vt 0.684556 0.351458
vt 0.700051 0.432232
vt 0.703053 0.444082
vt 0.653550 0.515398
vt 0.725654 0.515398
vt 0.682043 0.335879
vt 0.643122 0.335879
vt 0.696379 0.349087
vt 0.739321 0.409239
vt 0.743035 0.420475
vt 0.736843 0.510137
vt 0.694523 0.333322
vt 0.630025 0.297009
vt 0.668916 0.297009
vt 0.716523 0.338014
vt 0.764287 0.472800
vt 0.678918 0.287077
vt 0.673485 0.281757
vt 0.663756 0.290827
vt 0.657630 0.825678
vt 0.669344 0.824777
vt 0.662741 0.850000
vt 0.651529 0.849327
vt 0.660735 0.815330
vt 0.676728 0.812171
vt 0.652403 0.857544
vt 0.625530 0.825678
vt 0.628021 0.849250
vt 0.625603 0.815308
vt 0.675231 0.780253
vt 0.690490 0.788527
vt 0.636225 0.857544
vt 0.636279 0.780243
vt 0.688820 0.755330
vt 0.699142 0.772121
vt 0.649856 0.755331
vt 0.698522 0.751690
vt 0.705882 0.760834
vt 0.280244 0.878058
vt 0.291773 0.879533
vt 0.292676 0.905323
vt 0.281577 0.906297
vt 0.277953 0.866561
vt 0.291810 0.865006
vt 0.246759 0.878058
vt 0.258723 0.906297
vt 0.242571 0.868981
vt 0.276207 0.863422
vt 0.286848 0.856261
vt 0.237482 0.863455
vt 0.274859 0.860997
vt 0.283014 0.849505
vt 0.236061 0.860997
vt 0.180335 0.684343
vt 0.185018 0.695447
vt 0.116599 0.695462
vt 0.115039 0.684343
vt 0.138859 0.746125
vt 0.207890 0.746125
vt 0.104741 0.698990
vt 0.103006 0.687753
vt 0.118757 0.614607
vt 0.156128 0.614612
vt 0.127157 0.751315
vt 0.106573 0.616528
vt 0.115689 0.599474
vt 0.152278 0.599474
vt 0.102181 0.601531
vt 0.077243 0.523729
vt 0.113954 0.523755
vt 0.084429 0.627602
vt 0.080625 0.611836
vt 0.067915 0.533908
vt 0.061897 0.565591
vt 0.070842 0.518531
vt 0.061546 0.527716
vt 0.055377 0.560271
vt 0.035441 0.558022
vt 0.037827 0.527243
vt 0.029738 0.538530
vt 0.028173 0.559695
vt 0.042533 0.567294
vt 0.035828 0.571188
vt 0.023562 0.566437
vt 0.019355 0.554936
vt 0.034112 0.573645
vt 0.019027 0.577671
vt 0.008490 0.578581
vt 0.031925 0.579171
vt 0.001992 0.591187
vt 0.016532 0.589723
vt 0.028547 0.588249
vt 0.014197 0.615514
vt 0.004393 0.616409
vt 0.025568 0.616487
vt 0.060045 0.588249
vt 0.047067 0.616487
vt 0.022191 0.623130
vt 0.473054 0.277765
vt 0.461647 0.272503
vt 0.499745 0.206434
vt 0.512364 0.209354
vt 0.429007 0.235167
vt 0.454139 0.182842
vt 0.515341 0.197523
vt 0.502970 0.194598
vt 0.560343 0.209360
vt 0.540880 0.277765
vt 0.458266 0.171606
vt 0.561434 0.197523
vt 0.505806 0.111455
vt 0.517965 0.113811
vt 0.481885 0.100404
vt 0.553922 0.113825
vt 0.521088 0.098245
vt 0.508226 0.095688
vt 0.486669 0.085383
vt 0.557699 0.098245
vt 0.526967 0.049456
vt 0.536838 0.059376
vt 0.520931 0.017830
vt 0.573421 0.059376
vt 0.543037 0.053194
vt 0.533474 0.044123
vt 0.527305 0.011569
vt 0.551011 0.011137
vt 0.553384 0.041823
vt 0.559112 0.022383
vt 0.560678 0.043548
vt 0.557755 0.001953
vt 0.569389 0.005593
vt 0.569500 0.038792
vt 0.565279 0.050304
vt 0.585711 0.030505
vt 0.582945 0.060031
vt 0.571234 0.059049
vt 0.606041 0.005592
vt 0.622365 0.030515
vt 0.602756 0.065570
vt 0.635830 0.065592
vt 0.594014 0.075039
vt 0.606059 0.075940
vt 0.636254 0.075940
vt 0.612312 0.099512
vt 0.600688 0.100262
vt 0.634439 0.099589
vt 0.610266 0.107806
vt 0.579578 0.073576
vt 0.590987 0.099366
vt 0.625484 0.107806
vt 0.046106 0.849434
vt 0.052018 0.859632
vt 0.014244 0.881737
vt 0.008276 0.871544
vt 0.074608 0.898234
vt 0.036844 0.920314
vt 0.007883 0.888951
vt 0.001992 0.878884
vt 0.061423 0.857619
vt 0.083348 0.895085
vt 0.085367 0.916622
vt 0.047596 0.938725
vt 0.029796 0.926397
vt 0.090825 0.907861
vt 0.743301 0.768890
vt 0.749078 0.759075
vt 0.786778 0.781137
vt 0.781050 0.790980
vt 0.737163 0.761266
vt 0.743190 0.750967
vt 0.763870 0.820400
vt 0.726105 0.798274
vt 0.718736 0.792755
vt 0.790704 0.792598
vt 0.772300 0.824047
vt 0.719914 0.809015
vt 0.757523 0.831024
vt 0.712017 0.804236
vt 0.765558 0.835568
vt 0.755905 0.833659
vt 0.718327 0.811716
vt 0.761305 0.842835
vt 0.753810 0.837069
vt 0.716489 0.818929
vt 0.755800 0.852242
vt 0.713444 0.825846
vt 0.745903 0.844841
vt 0.747696 0.857376
vt 0.361629 0.860694
vt 0.366746 0.849505
vt 0.382119 0.858572
vt 0.372358 0.867051
vt 0.355067 0.852049
vt 0.384668 0.869833
vt 0.352451 0.876377
vt 0.363253 0.882642
vt 0.371703 0.891987
vt 0.345203 0.886319
vt 0.360637 0.895281
vt 0.204531 0.840791
vt 0.194957 0.833913
vt 0.220347 0.798264
vt 0.229970 0.805115
vt 0.196698 0.846368
vt 0.187204 0.839606
vt 0.158527 0.807967
vt 0.183918 0.772345
vt 0.151846 0.814423
vt 0.141175 0.795607
vt 0.166563 0.759960
vt 0.223192 0.789077
vt 0.187852 0.763907
vt 0.175776 0.755306
vt 0.552901 0.794905
vt 0.546317 0.785612
vt 0.581897 0.760272
vt 0.588527 0.769531
vt 0.587052 0.751690
vt 0.593960 0.761390
vt 0.608316 0.797263
vt 0.572652 0.822637
vt 0.615099 0.791070
vt 0.579910 0.832687
vt 0.615404 0.807408
vt 0.543431 0.797378
vt 0.564597 0.827095
vt 0.572314 0.837931
vt 0.617144 0.809964
vt 0.581723 0.835242
vt 0.577209 0.844803
vt 0.619395 0.813273
vt 0.587548 0.839876
vt 0.587074 0.853545
vt 0.446860 0.876013
vt 0.438752 0.866757
vt 0.453325 0.856454
vt 0.457056 0.868832
vt 0.464641 0.858745
vt 0.457401 0.890813
vt 0.467544 0.883529
vt 0.479532 0.879654
vt 0.463498 0.901501
vt 0.477999 0.891097
vt 0.451617 0.899957
vt 0.104343 0.919621
vt 0.109753 0.909148
vt 0.148720 0.929074
vt 0.143345 0.939593
vt 0.097686 0.912684
vt 0.102993 0.902306
vt 0.130117 0.869326
vt 0.169057 0.889258
vt 0.122757 0.863657
vt 0.139818 0.850359
vt 0.178782 0.870285
vt 0.158224 0.930551
vt 0.177978 0.891922
vt 0.184728 0.878722
vt 0.527567 0.814682
vt 0.532727 0.824835
vt 0.493836 0.844723
vt 0.488626 0.834596
vt 0.487486 0.852462
vt 0.482064 0.841859
vt 0.473087 0.804278
vt 0.512066 0.784369
vt 0.465474 0.809417
vt 0.506349 0.773369
vt 0.467552 0.793209
vt 0.537296 0.813615
vt 0.520685 0.781132
vt 0.459396 0.797532
vt 0.514628 0.769288
vt 0.504928 0.770577
vt 0.510786 0.761776
vt 0.499839 0.765144
vt 0.502299 0.751690
vt 0.332170 0.877144
vt 0.338843 0.887482
vt 0.322925 0.895553
vt 0.321036 0.882763
vt 0.312064 0.891637
vt 0.323897 0.860967
vt 0.312801 0.866695
vt 0.300377 0.868783
vt 0.319422 0.849505
vt 0.303560 0.857685
vt 0.330952 0.852762
vt 0.045925 0.802811
vt 0.055825 0.796410
vt 0.079739 0.833066
vt 0.069848 0.839522
vt 0.093283 0.771971
vt 0.117172 0.808618
vt 0.087253 0.839069
vt 0.077485 0.845442
vt 0.053357 0.787114
vt 0.089713 0.763395
vt 0.111127 0.760332
vt 0.135039 0.796984
vt 0.123590 0.815362
vt 0.102111 0.755306
vt 0.843033 0.839377
vt 0.836786 0.848900
vt 0.800203 0.825032
vt 0.806402 0.815478
vt 0.848794 0.847290
vt 0.842273 0.857284
vt 0.824992 0.786928
vt 0.861637 0.810863
vt 0.868729 0.816734
vt 0.796839 0.813393
vt 0.816749 0.782876
vt 0.868342 0.800436
vt 0.831847 0.776625
vt 0.824043 0.771696
vt 0.833592 0.774072
vt 0.870059 0.797816
vt 0.828644 0.764644
vt 0.835849 0.770768
vt 0.872245 0.790700
vt 0.834599 0.755516
vt 0.875623 0.783939
vt 0.844125 0.763389
vt 0.842943 0.750781
vt 0.414546 0.884002
vt 0.408890 0.894930
vt 0.393976 0.885127
vt 0.404137 0.877132
vt 0.420679 0.892957
vt 0.424474 0.868784
vt 0.413989 0.862001
vt 0.391977 0.873756
vt 0.406003 0.852257
vt 0.432197 0.859206
vt 0.417216 0.849505
vt 0.897141 0.519231
vt 0.908004 0.524420
vt 0.872511 0.575098
vt 0.860408 0.571555
vt 0.856500 0.582792
vt 0.868556 0.586202
vt 0.860801 0.655933
vt 0.848845 0.653994
vt 0.841733 0.669014
vt 0.855566 0.671071
vt 0.794955 0.746790
vt 0.787615 0.736567
vt 0.310975 0.741591
vt 0.300117 0.746853
vt 0.247711 0.678447
vt 0.259774 0.675536
vt 0.255733 0.663686
vt 0.243935 0.666610
vt 0.323110 0.651930
vt 0.361480 0.704255
vt 0.317760 0.640694
vt 0.244723 0.582913
vt 0.256808 0.580542
vt 0.293734 0.569468
vt 0.252311 0.564776
vt 0.239487 0.567333
vt 0.286361 0.554471
vt 0.214623 0.528463
vt 0.222731 0.518531
vt 0.444500 0.750844
vt 0.453261 0.767634
vt 0.436861 0.784041
vt 0.418731 0.775767
vt 0.414280 0.807685
vt 0.393691 0.810844
vt 0.443506 0.795541
vt 0.430923 0.806776
vt 0.389854 0.821192
vt 0.401749 0.820291
vt 0.395638 0.845513
vt 0.383959 0.844840
vt 0.201425 0.890668
vt 0.191874 0.875659
vt 0.214789 0.877123
vt 0.219923 0.891650
vt 0.191235 0.850437
vt 0.206670 0.851333
vt 0.229330 0.900395
vt 0.222662 0.911906
vt 0.227324 0.878598
vt 0.217736 0.850359
vt 0.625794 0.614313
vt 0.620597 0.625549
vt 0.560973 0.602557
vt 0.564858 0.590721
vt 0.596230 0.696751
vt 0.561286 0.685700
vt 0.548859 0.599632
vt 0.552540 0.587801
vt 0.662174 0.561988
vt 0.614377 0.524652
vt 0.548986 0.683344
vt 0.603224 0.519390
vt 0.544076 0.698910
vt 0.557126 0.701467
vt 0.529190 0.747698
vt 0.520608 0.737779
vt 0.781297 0.741786
vt 0.770081 0.746975
vt 0.735582 0.694650
vt 0.747863 0.691122
vt 0.744299 0.680004
vt 0.732042 0.683414
vt 0.726515 0.612188
vt 0.738701 0.610268
vt 0.733813 0.595134
vt 0.719809 0.597191
vt 0.668729 0.529568
vt 0.676562 0.519390
vt 0.377824 0.828723
vt 0.368610 0.845513
vt 0.344289 0.820601
vt 0.362339 0.812313
vt 0.320364 0.785536
vt 0.342296 0.791075
vt 0.328697 0.776066
vt 0.316569 0.775166
vt 0.310488 0.751594
vt 0.322369 0.750844
vt 0.494578 0.868505
vt 0.507223 0.867031
vt 0.498792 0.895270
vt 0.487476 0.894296
vt 0.499168 0.856454
vt 0.512836 0.857953
vt 0.682868 0.179202
vt 0.688294 0.167966
vt 0.751589 0.190958
vt 0.747590 0.202794
vt 0.712027 0.096764
vt 0.750032 0.107815
vt 0.763138 0.193883
vt 0.759317 0.205714
vt 0.643392 0.231527
vt 0.695408 0.268863
vt 0.719602 0.081743
vt 0.754727 0.092048
vt 0.761918 0.110171
vt 0.706034 0.274125
vt 0.775430 0.014190
vt 0.785264 0.045816
vt 0.767355 0.094605
vt 0.785814 0.007929
vt 0.795867 0.040483
vt 0.793003 0.055736
vt 0.824443 0.007497
vt 0.828309 0.038184
vt 0.837643 0.018743
vt 0.840194 0.039908
vt 0.854569 0.035153
vt 0.847691 0.046664
vt 0.846080 0.001953
vt 0.872662 0.026865
vt 0.876476 0.056391
vt 0.857394 0.055409
vt 0.898417 0.061930
vt 0.890566 0.071400
vt 0.866988 0.069936
vt 0.902264 0.072300
vt 0.896514 0.096622
vt 0.880652 0.095726
vt 0.908044 0.095872
vt 0.775612 0.515239
vt 0.770423 0.504646
vt 0.822748 0.466646
vt 0.826276 0.478627
vt 0.837394 0.474399
vt 0.833984 0.462521
vt 0.905209 0.453579
vt 0.907130 0.465299
vt 0.922263 0.459872
vt 0.920207 0.446205
vt 0.894136 0.416527
vt 0.909902 0.411080
vt 0.987829 0.390371
vt 0.998008 0.397308
vt 0.956146 0.380565
vt 0.994021 0.379993
vt 0.961467 0.369940
vt 0.963715 0.337457
vt 0.994494 0.341344
vt 0.983207 0.328164
vt 0.962042 0.325613
vt 0.955300 0.318101
vt 0.966801 0.311246
vt 0.944066 0.308016
vt 0.943157 0.290847
vt 0.930550 0.279131
vt 0.932014 0.302766
vt 0.942566 0.321470
vt 0.933489 0.315179
vt 0.906224 0.294035
vt 0.905328 0.278117
vt 0.905250 0.304896
vt 0.892824 0.978341
vt 0.881759 0.973151
vt 0.916180 0.922473
vt 0.928378 0.926016
vt 0.932090 0.914780
vt 0.919912 0.911369
vt 0.926498 0.841638
vt 0.938604 0.843578
vt 0.945492 0.828557
vt 0.931553 0.826500
vt 0.990371 0.750781
vt 0.998008 0.761004
vt 0.417672 0.523793
vt 0.428700 0.518531
vt 0.480222 0.586937
vt 0.467968 0.589848
vt 0.471968 0.601698
vt 0.483950 0.598774
vt 0.405915 0.613454
vt 0.368590 0.561129
vt 0.411187 0.624690
vt 0.483526 0.682471
vt 0.471307 0.684842
vt 0.435415 0.695916
vt 0.475625 0.700608
vt 0.488585 0.698051
vt 0.512713 0.736921
vt 0.504329 0.746853
vt 0.245121 0.845513
vt 0.236105 0.828723
vt 0.252020 0.812317
vt 0.270127 0.820590
vt 0.274099 0.788673
vt 0.294541 0.785513
vt 0.298362 0.775166
vt 0.286328 0.776066
vt 0.292563 0.750844
vt 0.304353 0.751517
vt 0.520608 0.857537
vt 0.533216 0.859011
vt 0.540789 0.884801
vt 0.529576 0.885775
vt 0.548876 0.868605
vt 0.563884 0.857537
vt 0.562420 0.871972
vt 0.547894 0.880316
vn 0.088848 -0.447203 -0.890009
vn 0.088848 -0.447203 -0.890009
vn 0.088104 -0.437428 -0.894927
vn 0.087890 -0.434639 -0.896306
vn 0.151838 -0.337470 -0.929010
vn 0.155020 -0.335534 -0.929185
vn 0.165533 -0.326621 -0.930547
vn 0.165531 -0.326597 -0.930556
vn -0.598310 -0.023754 -0.800912
vn -0.626705 -0.119139 -0.770095
vn -0.627665 -0.116072 -0.769782
vn -0.601974 -0.025771 -0.798099
vn 0.822040 -0.304677 -0.481063
vn 0.684992 -0.608358 -0.400857
vn 0.685004 -0.608340 -0.400864
vn 0.822055 -0.304624 -0.481072
vn -0.882701 0.374760 -0.283538
vn -0.882701 0.374760 -0.283538
vn -0.893958 0.352791 -0.276365
vn -0.899498 0.341443 -0.272618
vn -0.977577 -0.056975 -0.202723
vn -0.977269 -0.063072 -0.202405
vn -0.974463 -0.026182 -0.223014
vn -0.974812 -0.034499 -0.220344
vn -0.695453 0.592210 0.406979
vn -0.863075 0.002671 0.505069
vn -0.863075 0.002658 0.505069
vn -0.695454 0.592209 0.406980
vn -0.184432 0.373995 0.908907
vn -0.184432 0.373995 0.908907
vn -0.202058 0.340869 0.918140
vn -0.196027 0.352325 0.915118
vn -0.302424 -0.062742 0.951106
vn -0.302243 -0.056660 0.951545
vn -0.285851 -0.034557 0.957651
vn -0.283298 -0.026070 0.958677
vn 0.400964 -0.025786 0.915731
vn 0.363719 -0.116136 0.924241
vn 0.364451 -0.119158 0.923568
vn 0.405238 -0.023758 0.913902
vn 0.819481 -0.447711 0.357779
vn 0.819481 -0.447711 0.357779
vn 0.824631 -0.434932 0.361688
vn 0.823492 -0.437801 0.360819
vn 0.886240 -0.335378 0.319532
vn 0.884546 -0.337293 0.322199
vn 0.892483 -0.326653 0.311082
vn 0.892475 -0.326680 0.311075
vn 0.825358 -0.446507 0.345565
vn 0.815257 -0.462058 0.349082
vn 0.790205 -0.491172 0.366507
vn 0.778806 -0.501164 0.377222
vn 0.829693 -0.275436 -0.485535
vn 0.660689 -0.643430 -0.386636
vn 0.660689 -0.643430 -0.386636
vn 0.829693 -0.275435 -0.485535
vn 0.503035 0.007327 0.864235
vn 0.384374 -0.115336 0.915945
vn 0.385081 -0.114541 0.915747
vn 0.503965 0.004001 0.863715
vn 0.094857 -0.462229 -0.881673
vn 0.102853 -0.446598 -0.888804
vn 0.052869 -0.501193 -0.863719
vn 0.067631 -0.491302 -0.868360
vn -0.610301 -0.115307 -0.783733
vn -0.507106 0.007279 -0.861853
vn -0.506185 0.003974 -0.862415
vn -0.609783 -0.114514 -0.784252
vn -0.147485 0.379888 0.913200
vn -0.143917 0.391134 0.909012
vn -0.093273 0.453870 0.886172
vn -0.067926 0.473310 0.878273
vn -0.724864 0.542819 0.424171
vn -0.863043 0.009753 0.505037
vn -0.863043 0.009767 0.505037
vn -0.724878 0.542793 0.424179
vn -0.862997 0.391462 -0.319366
vn -0.868410 0.380136 -0.318371
vn -0.799003 0.473727 -0.370376
vn -0.818369 0.454222 -0.352071
vn 0.435277 -0.685330 0.583829
vn 0.427276 -0.687796 0.586832
vn 0.302174 -0.641089 0.705475
vn 0.323606 -0.663723 0.674352
vn 0.606253 -0.711740 -0.354801
vn 0.085911 -0.995031 -0.050321
vn 0.085794 -0.995045 -0.050252
vn 0.606252 -0.711741 -0.354800
vn 0.505064 0.000004 0.863082
vn 0.505073 0.000001 0.863077
vn 0.505075 0.000001 0.863076
vn 0.505064 0.000004 0.863082
vn -0.302041 -0.687341 -0.660556
vn -0.295421 -0.684863 -0.666100
vn -0.429615 -0.663399 -0.612645
vn -0.466901 -0.640875 -0.609330
vn -0.505067 -0.000003 -0.863080
vn -0.505066 -0.000006 -0.863081
vn -0.505066 -0.000006 -0.863081
vn -0.505068 -0.000003 -0.863079
vn 0.263509 0.675137 0.689023
vn 0.271552 0.678751 0.682318
vn 0.379408 0.690225 0.616148
vn 0.367567 0.692567 0.620681
vn -0.153607 0.984035 0.089888
vn -0.644003 0.665754 0.376870
vn -0.644004 0.665753 0.376871
vn -0.153567 0.984043 0.089865
vn -0.462563 0.677607 -0.571737
vn -0.472223 0.674103 -0.567970
vn -0.362089 0.691097 -0.625521
vn -0.351867 0.688676 -0.633967
vn 0.185645 -0.442030 0.877579
vn 0.178603 -0.418091 0.890675
vn 0.138238 -0.334899 0.932058
vn 0.125502 -0.316159 0.940368
vn -0.041910 -0.998821 0.024508
vn -0.420648 -0.873194 0.246147
vn -0.420673 -0.873177 0.246162
vn -0.041889 -0.998822 0.024496
vn 0.505066 -0.000001 0.863080
vn 0.505066 0.000006 0.863081
vn 0.505066 0.000005 0.863081
vn 0.505065 -0.000008 0.863081
vn -0.688976 -0.418400 -0.591822
vn -0.673956 -0.442288 -0.591747
vn -0.764993 -0.382918 -0.517841
vn -0.749467 -0.380917 -0.541480
vn -0.505071 -0.000006 -0.863078
vn -0.505092 -0.000001 -0.863065
vn -0.505076 -0.000002 -0.863075
vn -0.505076 -0.000005 -0.863075
vn 0.560342 0.642817 0.522305
vn 0.612750 0.624813 0.483887
vn 0.686297 0.619992 0.380271
vn 0.691480 0.614643 0.379565
vn 0.326234 0.925794 -0.190992
vn 0.033861 0.999230 -0.019846
vn 0.033884 0.999228 -0.019859
vn 0.325559 0.926112 -0.190598
vn -0.121845 0.625099 -0.770977
vn -0.181687 0.642544 -0.744397
vn 0.040779 0.569125 -0.821239
vn 0.040946 0.569246 -0.821147
vn -0.188548 -0.051976 0.980688
vn -0.143616 -0.137054 0.980097
vn -0.233938 0.038058 0.971506
vn -0.233938 0.038058 0.971506
vn -0.705398 -0.576324 0.412632
vn -0.840205 -0.228954 0.491565
vn -0.840209 -0.228934 0.491567
vn -0.705371 -0.576367 0.412616
vn 0.506374 0.195987 0.839746
vn 0.495490 0.111104 0.861479
vn 0.472819 0.116151 0.873471
vn 0.507522 0.161837 0.846304
vn -0.942478 -0.108792 -0.316068
vn -0.954814 -0.038072 -0.294757
vn -0.962122 0.038566 -0.269877
vn -0.962122 0.038566 -0.269877
vn -0.479235 0.237590 -0.844917
vn -0.478895 0.230494 -0.847072
vn -0.474684 0.258281 -0.841407
vn -0.498337 0.094075 -0.861864
vn 0.853612 0.444622 0.271399
vn 0.848490 0.443545 0.288675
vn 0.823708 0.508748 0.250361
vn 0.694400 0.645105 0.318821
vn 0.727150 0.542252 -0.420970
vn 0.608682 0.712707 -0.348648
vn 0.602942 0.718940 -0.345813
vn 0.725439 0.545450 -0.419789
vn 0.153831 0.505093 -0.849245
vn 0.173269 0.479172 -0.860449
vn 0.061996 0.644979 -0.761681
vn 0.185239 0.508526 -0.840885
vn 0.306889 0.851854 0.424457
vn 0.306889 0.851854 0.424457
vn 0.334324 0.855784 0.394794
vn -0.549467 0.771890 0.319798
vn -0.549467 0.771890 0.319798
vn -0.549467 0.771890 0.319798
vn -0.549467 0.771890 0.319798
vn -0.220196 0.851670 -0.475575
vn -0.220196 0.851670 -0.475575
vn -0.180822 0.855583 -0.485058
vn 0.282369 0.944988 -0.165123
vn 0.721700 0.548464 -0.422298
vn 0.721669 0.548519 -0.422280
vn 0.282583 0.944902 -0.165248
vn -0.591936 -0.020263 -0.805730
vn -0.591936 -0.020263 -0.805730
vn -0.678472 0.618090 0.397040
vn -0.678472 0.618090 0.397040
vn 0.412583 -0.020259 0.910695
vn 0.412583 -0.020259 0.910695
vn 0.668880 -0.631971 -0.391423
vn 0.668880 -0.631971 -0.391423
vn 0.056834 0.997830 -0.033256
vn 0.056834 0.997830 -0.033256
vn -0.619867 -0.695868 0.362673
vn -0.619754 -0.696003 0.362607
vn 0.479207 0.071887 0.874753
vn 0.482828 0.062304 0.873496
vn 0.530822 0.788665 -0.310219
vn 0.530914 0.788574 -0.310292
vn -0.505063 -0.000005 -0.863082
vn -0.505064 -0.000005 -0.863082
vn -0.850842 -0.167807 0.497905
vn -0.850842 -0.167807 0.497905
vn 0.505617 0.212076 0.836287
vn 0.505617 0.212076 0.836287
vn -0.481457 0.212070 -0.850427
vn -0.481457 0.212070 -0.850427
vn 0.035778 -0.285470 0.957720
vn 0.089442 -0.279144 0.956075
vn -0.803523 -0.376064 -0.461439
vn -0.853169 -0.315115 -0.415698
vn 0.769949 0.529094 0.356704
vn 0.727950 0.578091 0.368645
vn 0.077668 0.566015 -0.820728
vn 0.094403 0.563017 -0.821036
vn -0.176417 0.776861 0.604453
vn -0.176417 0.776861 0.604453
vn -0.176417 0.776861 0.604453
vn -0.618541 0.773853 -0.136229
vn -0.618542 0.773853 -0.136229
vn -0.618541 0.773853 -0.136229
vn 0.848190 -0.447208 -0.283863
vn 0.848190 -0.447208 -0.283863
vn 0.852371 -0.437432 -0.286561
vn 0.853541 -0.434643 -0.287321
vn 0.909587 -0.337470 -0.242417
vn 0.911052 -0.335534 -0.239587
vn 0.916602 -0.326625 -0.230557
vn 0.916610 -0.326601 -0.230561
vn 0.485200 -0.023758 -0.874080
vn 0.445445 -0.119139 -0.887347
vn 0.444767 -0.116073 -0.888093
vn 0.481132 -0.025776 -0.876269
vn 0.775805 -0.304674 0.552540
vn 0.646461 -0.608358 0.460422
vn 0.646472 -0.608341 0.460430
vn 0.775819 -0.304620 0.552550
vn -0.103281 0.374735 -0.921361
vn -0.103281 0.374735 -0.921361
vn -0.114435 0.352768 -0.928687
vn -0.120123 0.341418 -0.932204
vn -0.215882 -0.056979 -0.974755
vn -0.216047 -0.063074 -0.974343
vn -0.196102 -0.026181 -0.980234
vn -0.198681 -0.034498 -0.979457
vn -0.656336 0.592209 -0.467452
vn -0.814527 0.002668 -0.580119
vn -0.814527 0.002653 -0.580119
vn -0.656338 0.592206 -0.467453
vn -0.904609 0.374004 0.204460
vn -0.904609 0.374004 0.204460
vn -0.920260 0.340874 0.192161
vn -0.915030 0.352332 0.196426
vn -0.991484 -0.062744 0.114115
vn -0.991811 -0.056662 0.114459
vn -0.990659 -0.034556 0.131914
vn -0.990548 -0.026069 0.134663
vn -0.670832 -0.025785 0.741161
vn -0.693865 -0.116135 0.710679
vn -0.692951 -0.119156 0.711070
vn -0.667412 -0.023756 0.744310
vn 0.009643 -0.447705 0.894129
vn 0.009643 -0.447705 0.894129
vn 0.008193 -0.434930 0.900427
vn 0.008518 -0.437798 0.899033
vn 0.071956 -0.335377 0.939332
vn 0.068826 -0.337293 0.938880
vn 0.082224 -0.326649 0.941562
vn 0.082226 -0.326677 0.941552
vn 0.023219 -0.446515 0.894475
vn 0.015869 -0.462067 0.886703
vn -0.010299 -0.491180 0.870997
vn -0.024745 -0.501172 0.864994
vn 0.783021 -0.275436 0.557685
vn 0.623525 -0.643429 0.444090
vn 0.623525 -0.643429 0.444090
vn 0.783022 -0.275435 0.557685
vn -0.582021 0.007328 0.813141
vn -0.677830 -0.115334 0.726116
vn -0.677360 -0.114539 0.726681
vn -0.581165 0.004004 0.813776
vn 0.843059 -0.462227 -0.274950
vn 0.852839 -0.446598 -0.270585
vn 0.809470 -0.501192 -0.305884
vn 0.819755 -0.491300 -0.294322
vn 0.464608 -0.115305 -0.877977
vn 0.578171 0.007279 -0.815883
vn 0.579063 0.003974 -0.815273
vn 0.465295 -0.114512 -0.877717
vn -0.893385 0.379882 0.239902
vn -0.888102 0.391128 0.241442
vn -0.846503 0.453867 0.278274
vn -0.828906 0.473309 0.298151
vn -0.684069 0.542820 -0.487233
vn -0.814483 0.009753 -0.580105
vn -0.814483 0.009767 -0.580105
vn -0.684082 0.542795 -0.487242
vn -0.062539 0.391469 -0.918064
vn -0.065663 0.380146 -0.922593
vn 0.010217 0.473732 -0.880610
vn -0.014420 0.454226 -0.890770
vn -0.354047 -0.685330 0.636375
vn -0.360064 -0.687796 0.630310
vn -0.519566 -0.641090 0.564849
vn -0.482395 -0.663723 0.571636
vn 0.572167 -0.711742 0.407491
vn 0.081121 -0.995031 0.057726
vn 0.081011 -0.995045 0.057647
vn 0.572166 -0.711742 0.407491
vn -0.580125 -0.000002 0.814527
vn -0.580125 0.000005 0.814527
vn -0.580126 0.000006 0.814527
vn -0.580126 -0.000002 0.814527
vn 0.478643 -0.687353 -0.546302
vn 0.486414 -0.684876 -0.542537
vn 0.382637 -0.663414 -0.643017
vn 0.364325 -0.640891 -0.675667
vn 0.580127 -0.000002 -0.814526
vn 0.580127 -0.000003 -0.814526
vn 0.580127 -0.000003 -0.814526
vn 0.580127 -0.000002 -0.814526
vn -0.520399 0.675155 0.522829
vn -0.510990 0.678767 0.527413
vn -0.406417 0.690239 0.598661
vn -0.415407 0.692582 0.589718
vn -0.144968 0.984035 -0.103248
vn -0.607776 0.665754 -0.432874
vn -0.607777 0.665753 -0.432874
vn -0.144928 0.984043 -0.103220
vn 0.331823 0.677612 -0.656305
vn 0.324426 0.674108 -0.663571
vn 0.422073 0.691100 -0.586715
vn 0.433966 0.688681 -0.580855
vn -0.724321 -0.442031 0.529120
vn -0.739154 -0.418092 0.528064
vn -0.793442 -0.334904 0.508221
vn -0.806241 -0.316164 0.500016
vn -0.039536 -0.998821 -0.028180
vn -0.396969 -0.873195 -0.282748
vn -0.396994 -0.873178 -0.282765
vn -0.039516 -0.998822 -0.028165
vn -0.580116 -0.000005 0.814534
vn -0.580126 -0.000003 0.814526
vn -0.580124 -0.000004 0.814528
vn -0.580127 -0.000002 0.814526
vn 0.257309 -0.418412 -0.871048
vn 0.263397 -0.442302 -0.857316
vn 0.158669 -0.382920 -0.910053
vn 0.186595 -0.380921 -0.905584
vn 0.580125 -0.000002 -0.814527
vn 0.580120 0.000006 -0.814531
vn 0.580129 0.000003 -0.814525
vn 0.580124 -0.000001 -0.814528
vn -0.246642 0.642821 0.725223
vn -0.190121 0.624816 0.757271
vn -0.065465 0.620000 0.781866
vn -0.062698 0.614650 0.786304
vn 0.307957 0.925793 0.219249
vn 0.031982 0.999230 0.022748
vn 0.032002 0.999229 0.022762
vn 0.307323 0.926110 0.218798
vn 0.653241 0.625110 -0.427215
vn 0.604461 0.642556 -0.470903
vn 0.765766 0.569125 -0.299499
vn 0.765750 0.569246 -0.299310
vn -0.971777 -0.051973 0.230103
vn -0.952819 -0.137053 0.270838
vn -0.982012 0.038060 0.184945
vn -0.982012 0.038060 0.184945
vn -0.665570 -0.576323 -0.474203
vn -0.792836 -0.228945 -0.564796
vn -0.792840 -0.228926 -0.564799
vn -0.665545 -0.576366 -0.474185
vn -0.558308 0.195982 0.806153
vn -0.582588 0.111108 0.805138
vn -0.602832 0.116149 0.789369
vn -0.563814 0.161835 0.809891
vn -0.098140 -0.108793 -0.989208
vn -0.122638 -0.038074 -0.991721
vn -0.148331 0.038565 -0.988186
vn -0.148331 0.038565 -0.988186
vn 0.574144 0.237592 -0.783523
vn 0.576263 0.230490 -0.784089
vn 0.572817 0.258279 -0.777929
vn 0.581773 0.094082 -0.807892
vn 0.102449 0.444618 0.889842
vn 0.084593 0.443542 0.892252
vn 0.109376 0.508737 0.853946
vn -0.006086 0.645101 0.764073
vn 0.682091 0.542248 0.490632
vn 0.567545 0.712717 0.412223
vn 0.562604 0.718952 0.408148
vn 0.680311 0.545446 0.489556
vn 0.837659 0.505093 -0.207868
vn 0.855847 0.479172 -0.194730
vn 0.720144 0.644979 -0.255722
vn 0.842913 0.508524 -0.175788
vn -0.261316 0.851851 0.453942
vn -0.261316 0.851851 0.453942
vn -0.223013 0.855780 0.466803
vn -0.516971 0.771882 -0.370053
vn -0.516971 0.771882 -0.370053
vn -0.516971 0.771882 -0.370053
vn -0.516971 0.771882 -0.370053
vn 0.343491 0.851676 -0.395806
vn 0.343491 0.851676 -0.395806
vn 0.368285 0.855588 -0.363780
vn 0.266374 0.944990 0.189840
vn 0.681068 0.548464 0.485112
vn 0.681039 0.548518 0.485091
vn 0.266574 0.944905 0.189983
vn 0.492208 -0.020265 -0.870242
vn 0.492208 -0.020265 -0.870242
vn -0.640308 0.618090 -0.456039
vn -0.640308 0.618090 -0.456039
vn -0.661475 -0.020256 0.749693
vn -0.661475 -0.020256 0.749693
vn 0.631250 -0.631973 0.449592
vn 0.631250 -0.631973 0.449592
vn 0.053632 0.997830 0.038203
vn 0.053632 0.997830 0.038203
vn -0.584935 -0.695867 -0.416678
vn -0.584828 -0.696002 -0.416602
vn -0.601386 0.071890 0.795718
vn -0.598755 0.062308 0.798505
vn 0.500575 0.788673 0.356959
vn 0.500681 0.788581 0.357014
vn 0.580131 0.000003 -0.814523
vn 0.580130 0.000004 -0.814524
vn -0.802978 -0.167790 -0.571903
vn -0.802978 -0.167790 -0.571903
vn -0.555465 0.212069 0.804043
vn -0.555465 0.212069 0.804043
vn 0.578276 0.212066 -0.787798
vn 0.578276 0.212066 -0.787798
vn -0.858852 -0.285478 0.425295
vn -0.835346 -0.279151 0.473574
vn 0.091431 -0.376063 -0.922072
vn 0.029357 -0.315117 -0.948599
vn -0.009659 0.529100 0.848505
vn -0.037771 0.578097 0.815093
vn 0.780423 0.566012 -0.265651
vn 0.787565 0.563015 -0.250512
vn -0.623663 0.776847 0.086906
vn -0.623663 0.776847 0.086906
vn -0.623663 0.776847 0.086906
vn -0.129376 0.773837 -0.620030
vn -0.129376 0.773837 -0.620030
vn -0.129376 0.773837 -0.620030
vn -0.797800 -0.447212 0.404372
vn -0.797800 -0.447212 0.404372
vn -0.801543 -0.437435 0.407651
vn -0.802590 -0.434645 0.408574
vn -0.864576 -0.337473 0.372318
vn -0.866437 -0.335538 0.369731
vn -0.873245 -0.326625 0.361605
vn -0.873252 -0.326601 0.361611
vn -0.352714 -0.023757 0.935429
vn -0.311453 -0.119140 0.942763
vn -0.310673 -0.116073 0.943403
vn -0.348371 -0.025774 0.937002
vn -0.848011 -0.304673 -0.433650
vn -0.706629 -0.608358 -0.361352
vn -0.706641 -0.608341 -0.361358
vn -0.848026 -0.304620 -0.433657
vn 0.236392 0.374739 0.896487
vn 0.236392 0.374739 0.896487
vn 0.248499 0.352772 0.902109
vn 0.254641 0.341424 0.904759
vn 0.355569 -0.056977 0.932912
vn 0.355670 -0.063073 0.932481
vn 0.336794 -0.026180 0.941214
vn 0.339232 -0.034497 0.940070
vn 0.717419 0.592212 0.366872
vn 0.890338 0.002671 0.455292
vn 0.890338 0.002657 0.455292
vn 0.717420 0.592210 0.366873
vn 0.865188 0.374001 -0.334024
vn 0.865188 0.374001 -0.334024
vn 0.882462 0.340875 -0.324138
vn 0.876666 0.352332 -0.327594
vn 0.964291 -0.062744 -0.257306
vn 0.964564 -0.056663 -0.257694
vn 0.960882 -0.034559 -0.274795
vn 0.960372 -0.026072 -0.277499
vn 0.555725 -0.025787 -0.830966
vn 0.582953 -0.116138 -0.804163
vn 0.581991 -0.119159 -0.804417
vn 0.551882 -0.023758 -0.833584
vn -0.139772 -0.447713 -0.883185
vn -0.139772 -0.447713 -0.883185
vn -0.139253 -0.434937 -0.889628
vn -0.139372 -0.437805 -0.888202
vn -0.207953 -0.335378 -0.918846
vn -0.204793 -0.337295 -0.918854
vn -0.218443 -0.326649 -0.919556
vn -0.218444 -0.326677 -0.919546
vn -0.153266 -0.446508 -0.881556
vn -0.144863 -0.462060 -0.874937
vn -0.116687 -0.491173 -0.863211
vn -0.101519 -0.501165 -0.859376
vn -0.855900 -0.275437 -0.437687
vn -0.681558 -0.643431 -0.348533
vn -0.681558 -0.643431 -0.348533
vn -0.855900 -0.275436 -0.437687
vn 0.457378 0.007330 -0.889242
vn 0.564840 -0.115334 -0.817101
vn 0.564292 -0.114539 -0.817591
vn 0.456439 0.004004 -0.889746
vn -0.794022 -0.462225 0.394814
vn -0.804334 -0.446594 0.391919
vn -0.756284 -0.501193 0.420525
vn -0.768143 -0.491300 0.410584
vn -0.331777 -0.115305 0.936285
vn -0.453168 0.007285 0.891395
vn -0.454139 0.003978 0.890922
vn -0.332494 -0.114511 0.936128
vn 0.848913 0.379888 -0.367468
vn 0.843462 0.391133 -0.368222
vn 0.796943 0.453870 -0.398602
vn 0.776639 0.473309 -0.415704
vn 0.747742 0.542820 0.382398
vn 0.890293 0.009752 0.455284
vn 0.890292 0.009766 0.455284
vn 0.747756 0.542795 0.382406
vn 0.195618 0.391463 0.899161
vn 0.199368 0.380141 0.903186
vn 0.118169 0.473727 0.872708
vn 0.144028 0.454220 0.879170
vn 0.257579 -0.685327 -0.681161
vn 0.264417 -0.687793 -0.676036
vn 0.431754 -0.641090 -0.634502
vn 0.393990 -0.663722 -0.635803
vn -0.625419 -0.711741 -0.319806
vn -0.088666 -0.995031 -0.045297
vn -0.088545 -0.995045 -0.045235
vn -0.625419 -0.711741 -0.319806
vn 0.455302 0.000001 -0.890337
vn 0.455306 0.000002 -0.890335
vn 0.455304 0.000002 -0.890336
vn 0.455301 0.000001 -0.890338
vn -0.393965 -0.687353 0.610195
vn -0.402202 -0.684875 0.607602
vn -0.284904 -0.663408 0.691896
vn -0.262039 -0.640884 0.721528
vn -0.455299 -0.000001 0.890338
vn -0.455299 -0.000001 0.890339
vn -0.455298 -0.000001 0.890339
vn -0.455299 -0.000001 0.890338
vn 0.438699 0.675151 -0.593055
vn 0.428722 0.678763 -0.596220
vn 0.314884 0.690238 -0.651475
vn 0.325081 0.692580 -0.643937
vn 0.158460 0.984035 0.081033
vn 0.664346 0.665752 0.339734
vn 0.664346 0.665752 0.339734
vn 0.158417 0.984043 0.081011
vn -0.232693 0.677613 0.697635
vn -0.224319 0.674110 0.703745
vn -0.332114 0.691102 0.641933
vn -0.344733 0.688683 0.637868
vn 0.639530 -0.442035 -0.628973
vn 0.654357 -0.418096 -0.630089
vn 0.710958 -0.334902 -0.618369
vn 0.724814 -0.316160 -0.612117
vn 0.043218 -0.998821 0.022119
vn 0.433918 -0.873195 0.221913
vn 0.433944 -0.873179 0.221926
vn 0.043196 -0.998822 0.022108
vn 0.455311 -0.000000 -0.890332
vn 0.455297 0.000001 -0.890340
vn 0.455299 0.000001 -0.890339
vn 0.455315 -0.000002 -0.890330
vn -0.127709 -0.418399 0.899240
vn -0.135736 -0.442289 0.886542
vn -0.024431 -0.382914 0.923461
vn -0.052711 -0.380913 0.923107
vn -0.455297 -0.000001 0.890340
vn -0.455294 0.000001 0.890341
vn -0.455303 0.000001 0.890337
vn -0.455296 -0.000001 0.890340
vn 0.138376 0.642824 -0.753412
vn 0.077786 0.624821 -0.776883
vn -0.049117 0.620004 -0.783060
vn -0.052502 0.614655 -0.787047
vn -0.336607 0.925794 -0.172053
vn -0.034954 0.999230 -0.017846
vn -0.034977 0.999229 -0.017858
vn -0.335911 0.926112 -0.171697
vn -0.584043 0.625111 0.517813
vn -0.529423 0.642555 0.553927
vn -0.713965 0.569136 0.407845
vn -0.713978 0.569257 0.407655
vn 0.927895 -0.051983 -0.369200
vn 0.903202 -0.137065 -0.406741
vn 0.944600 0.038053 -0.326011
vn 0.944600 0.038053 -0.326011
vn 0.727543 -0.576321 0.372204
vn 0.866644 -0.228946 0.443296
vn 0.866648 -0.228927 0.443299
vn 0.727515 -0.576365 0.372190
vn 0.434944 0.195980 -0.878872
vn 0.459108 0.111101 -0.881406
vn 0.481426 0.116142 -0.868758
vn 0.439846 0.161831 -0.883372
vn 0.241183 -0.108800 0.964362
vn 0.265789 -0.038078 0.963279
vn 0.290695 0.038564 0.956038
vn 0.290695 0.038564 0.956038
vn -0.453909 0.237594 0.858787
vn -0.455913 0.230496 0.859660
vn -0.453406 0.258284 0.853060
vn -0.457899 0.094077 0.884013
vn -0.230950 0.444615 -0.865436
vn -0.213635 0.443539 -0.870421
vn -0.232575 0.508738 -0.828912
vn -0.105260 0.645100 -0.756814
vn -0.746281 0.542247 -0.386047
vn -0.621535 0.712717 -0.325160
vn -0.616054 0.718951 -0.321850
vn -0.744364 0.545446 -0.385242
vn -0.798442 0.505103 0.327661
vn -0.818350 0.479182 0.317313
vn -0.675205 0.644990 0.357891
vn -0.808314 0.508532 0.296689
vn 0.192408 0.851850 -0.487165
vn 0.192408 0.851850 -0.487165
vn 0.152639 0.855780 -0.494309
vn 0.565353 0.771884 0.290813
vn 0.565353 0.771884 0.290813
vn 0.565353 0.771884 0.290813
vn 0.565353 0.771884 0.290813
vn -0.282166 0.851679 0.441617
vn -0.282166 0.851679 0.441617
vn -0.311365 0.855589 0.413544
vn -0.291183 0.944990 -0.149018
vn -0.744466 0.548461 -0.380737
vn -0.744434 0.548515 -0.380721
vn -0.291404 0.944904 -0.149131
vn -0.360206 -0.020265 0.932653
vn -0.360206 -0.020265 0.932653
vn 0.699899 0.618092 0.357916
vn 0.699899 0.618092 0.357916
vn 0.545224 -0.020257 -0.838045
vn 0.545224 -0.020257 -0.838045
vn -0.690004 -0.631973 -0.352852
vn -0.690004 -0.631973 -0.352852
vn -0.058626 0.997830 -0.029983
vn -0.058626 0.997830 -0.029983
vn 0.639386 -0.695868 0.327036
vn 0.639270 -0.696003 0.326976
vn 0.479072 0.071883 -0.874828
vn 0.476063 0.062302 -0.877201
vn -0.547230 0.788672 -0.280242
vn -0.547342 0.788581 -0.280281
vn -0.455303 -0.000003 0.890337
vn -0.455302 -0.000003 0.890337
vn 0.877712 -0.167802 0.448848
vn 0.877712 -0.167802 0.448848
vn 0.432438 0.212067 -0.876370
vn 0.432438 0.212067 -0.876370
vn -0.457361 0.212071 0.863624
vn -0.457361 0.212071 0.863624
vn 0.787741 -0.285478 -0.545862
vn 0.757459 -0.279144 -0.590199
vn 0.043843 -0.376061 0.925557
vn 0.109122 -0.315121 0.942757
vn -0.114021 0.529098 -0.840865
vn -0.081344 0.578098 -0.811903
vn -0.733400 0.566024 0.376486
vn -0.742670 0.563026 0.362551
vn 0.604348 0.776851 -0.176825
vn 0.604348 0.776851 -0.176825
vn 0.604348 0.776851 -0.176825
vn 0.218273 0.773849 0.594571
vn 0.218273 0.773849 0.594571
vn 0.218273 0.773849 0.594571
vn -0.045476 -0.447194 0.893280
vn -0.045476 -0.447194 0.893280
vn -0.044495 -0.437418 0.898157
vn -0.044215 -0.434628 0.899524
vn -0.106513 -0.337472 0.935290
vn -0.109682 -0.335537 0.935620
vn -0.120116 -0.326627 0.937490
vn -0.120114 -0.326602 0.937499
vn 0.636518 -0.023753 0.770896
vn 0.663388 -0.119139 0.738730
vn 0.664331 -0.116072 0.738371
vn 0.640041 -0.025770 0.767908
vn -0.797694 -0.304674 0.520440
vn -0.664703 -0.608360 0.433668
vn -0.664714 -0.608343 0.433676
vn -0.797709 -0.304621 0.520449
vn 0.895440 0.374750 0.240313
vn 0.895440 0.374750 0.240313
vn 0.906334 0.352782 0.232602
vn 0.911685 0.341434 0.228590
vn 0.986273 -0.056976 0.154982
vn 0.985950 -0.063072 0.154678
vn 0.984149 -0.026182 0.175400
vn 0.984367 -0.034499 0.172715
vn 0.674855 0.592210 -0.440294
vn 0.837511 0.002672 -0.546414
vn 0.837511 0.002658 -0.546414
vn 0.674856 0.592208 -0.440294
vn 0.140027 0.374003 -0.916796
vn 0.140027 0.374003 -0.916796
vn 0.157194 0.340875 -0.926873
vn 0.151313 0.352332 -0.923562
vn 0.255853 -0.062741 -0.964677
vn 0.255653 -0.056660 -0.965107
vn 0.238980 -0.034557 -0.970409
vn 0.236381 -0.026070 -0.971311
vn -0.444989 -0.025785 -0.895165
vn -0.408201 -0.116135 -0.905475
vn -0.408899 -0.119157 -0.904767
vn -0.449169 -0.023756 -0.893131
vn -0.835898 -0.447712 -0.317535
vn -0.835898 -0.447712 -0.317535
vn -0.841232 -0.434934 -0.321187
vn -0.840053 -0.437803 -0.320375
vn -0.900725 -0.335378 -0.276072
vn -0.899162 -0.337294 -0.278819
vn -0.906551 -0.326650 -0.267330
vn -0.906543 -0.326678 -0.267324
vn -0.841179 -0.446506 -0.305043
vn -0.831260 -0.462058 -0.309046
vn -0.807084 -0.491171 -0.327668
vn -0.796220 -0.501163 -0.338925
vn -0.805120 -0.275434 0.525278
vn -0.641120 -0.643433 0.418282
vn -0.641120 -0.643433 0.418282
vn -0.805121 -0.275434 0.525278
vn -0.544432 0.007323 -0.838773
vn -0.428428 -0.115336 -0.896185
vn -0.429125 -0.114542 -0.895953
vn -0.545335 0.003999 -0.838209
vn -0.051922 -0.462229 0.885239
vn -0.059559 -0.446598 0.892750
vn -0.010858 -0.501194 0.865267
vn -0.025377 -0.491302 0.870619
vn 0.647666 -0.115307 0.753149
vn 0.548387 0.007281 0.836193
vn 0.547494 0.003976 0.836800
vn 0.647174 -0.114514 0.753693
vn 0.102925 0.379888 -0.919289
vn 0.099562 0.391135 -0.914932
vn 0.050085 0.453871 -0.889659
vn 0.025156 0.473309 -0.880537
vn 0.703398 0.542817 -0.458891
vn 0.837481 0.009752 -0.546379
vn 0.837481 0.009766 -0.546379
vn 0.703412 0.542791 -0.458900
vn 0.877495 0.391462 0.277055
vn 0.882853 0.380138 0.275799
vn 0.816059 0.473722 0.331113
vn 0.834513 0.454218 0.311889
vn -0.463132 -0.685323 -0.561997
vn -0.455288 -0.687789 -0.565385
vn -0.336097 -0.641081 -0.689967
vn -0.355990 -0.663715 -0.657840
vn -0.588295 -0.711742 0.383839
vn -0.083365 -0.995031 0.054436
vn -0.083251 -0.995045 0.054361
vn -0.588295 -0.711742 0.383839
vn -0.546410 0.000001 -0.837518
vn -0.546410 -0.000000 -0.837518
vn -0.546411 -0.000000 -0.837517
vn -0.546410 0.000001 -0.837518
vn 0.333783 -0.687341 0.645098
vn 0.327439 -0.684863 0.650958
vn 0.458879 -0.663397 0.591045
vn 0.495957 -0.640875 0.585924
vn 0.546413 -0.000002 0.837516
vn 0.546412 -0.000003 0.837517
vn 0.546411 -0.000003 0.837517
vn 0.546412 -0.000001 0.837516
vn -0.296675 0.675141 -0.675402
vn -0.304382 0.678754 -0.668315
vn -0.408897 0.690229 -0.596982
vn -0.397290 0.692571 -0.602085
vn 0.149059 0.984035 -0.097250
vn 0.624932 0.665753 -0.407718
vn 0.624933 0.665751 -0.407718
vn 0.149020 0.984043 -0.097224
vn 0.489803 0.677601 0.548588
vn 0.499268 0.674097 0.544357
vn 0.392062 0.691093 0.607188
vn 0.382262 0.688674 0.616120
vn -0.228068 -0.442027 -0.867523
vn -0.221670 -0.418090 -0.880945
vn -0.183370 -0.334901 -0.924239
vn -0.171055 -0.316160 -0.933158
vn 0.040670 -0.998821 -0.026516
vn 0.408189 -0.873194 -0.266297
vn 0.408214 -0.873177 -0.266313
vn 0.040649 -0.998822 -0.026503
vn -0.546422 -0.000003 -0.837510
vn -0.546414 0.000001 -0.837515
vn -0.546416 0.000001 -0.837514
vn -0.546414 -0.000003 -0.837515
vn 0.716916 -0.418400 0.557650
vn 0.701910 -0.442288 0.558305
vn 0.789250 -0.382915 0.480063
vn 0.774891 -0.380915 0.504428
vn 0.546410 -0.000002 0.837518
vn 0.546417 -0.000004 0.837514
vn 0.546415 -0.000005 0.837515
vn 0.546411 -0.000002 0.837517
vn -0.585061 0.642817 -0.494459
vn -0.635544 0.624812 -0.453535
vn -0.703964 0.619993 -0.346473
vn -0.709107 0.614644 -0.345515
vn -0.316565 0.925794 0.206618
vn -0.032856 0.999230 0.021465
vn -0.032878 0.999228 0.021480
vn -0.315911 0.926113 0.206192
vn 0.159161 0.625104 0.764142
vn 0.217645 0.642551 0.734683
vn -0.000831 0.569124 0.822251
vn -0.001002 0.569245 0.822167
vn 0.140660 -0.051978 -0.988693
vn 0.095818 -0.137055 -0.985918
vn 0.186434 0.038054 -0.981730
vn 0.186434 0.038054 -0.981730
vn 0.684514 -0.576322 -0.446423
vn 0.815327 -0.228946 -0.531814
vn 0.815330 -0.228926 -0.531817
vn 0.684488 -0.576365 -0.446406
vn -0.546576 0.195988 -0.814152
vn -0.536773 0.111109 -0.836379
vn -0.514700 0.116153 -0.849466
vn -0.548049 0.161840 -0.820640
vn 0.956725 -0.108801 0.269889
vn 0.968011 -0.038080 0.248002
vn 0.974103 0.038558 0.222794
vn 0.974103 0.038558 0.222794
vn 0.519734 0.237584 0.820628
vn 0.519499 0.230492 0.822797
vn 0.515018 0.258276 0.817343
vn 0.539633 0.094074 0.836628
vn -0.865798 0.444609 -0.229600
vn -0.861520 0.443533 -0.247107
vn -0.834909 0.508734 -0.210040
vn -0.709080 0.645097 -0.284703
vn -0.705835 0.542251 0.455807
vn -0.591020 0.712709 0.377812
vn -0.585424 0.718942 0.374700
vn -0.704184 0.545449 0.454543
vn -0.112388 0.505091 0.855717
vn -0.131260 0.479169 0.867853
vn -0.024919 0.644978 0.763795
vn -0.144169 0.508520 0.848895
vn -0.327156 0.851853 -0.409042
vn -0.327156 0.851853 -0.409042
vn -0.353115 0.855782 -0.378083
vn 0.533277 0.771895 -0.346111
vn 0.533277 0.771896 -0.346111
vn 0.533277 0.771895 -0.346111
vn 0.533277 0.771895 -0.346111
vn 0.243043 0.851673 0.464310
vn 0.243043 0.851673 0.464310
vn 0.204174 0.855586 0.475696
vn -0.274012 0.944989 0.178644
vn -0.700327 0.548465 0.456867
vn -0.700298 0.548519 0.456847
vn -0.274221 0.944902 0.178780
vn 0.630385 -0.020262 0.776018
vn 0.630385 -0.020262 0.776018
vn 0.658377 0.618089 -0.429541
vn 0.658377 0.618089 -0.429541
vn -0.456348 -0.020257 -0.889571
vn -0.456348 -0.020257 -0.889571
vn -0.649068 -0.631974 0.423462
vn -0.649068 -0.631974 0.423462
vn -0.055152 0.997830 0.035972
vn -0.055152 0.997830 0.035972
vn 0.601513 -0.695867 -0.392367
vn 0.601403 -0.696002 -0.392295
vn -0.521141 0.071892 -0.850438
vn -0.524697 0.062309 -0.849006
vn -0.515120 0.788665 0.335647
vn -0.515209 0.788573 0.335726
vn 0.546413 -0.000004 0.837516
vn 0.546413 -0.000004 0.837516
vn 0.825643 -0.167807 -0.538661
vn 0.825643 -0.167807 -0.538661
vn -0.545648 0.212076 -0.810735
vn -0.545648 0.212076 -0.810735
vn 0.522220 0.212070 0.826022
vn 0.522220 0.212070 0.826022
vn -0.082277 -0.285472 -0.954849
vn -0.135805 -0.279144 -0.950597
vn 0.824993 -0.376062 0.421857
vn 0.872357 -0.315121 0.373754
vn -0.786371 0.529090 -0.318879
vn -0.744999 0.578091 -0.332846
vn -0.037698 0.566015 0.823532
vn -0.054399 0.563017 0.824653
vn 0.146843 0.776852 -0.612322
vn 0.146843 0.776852 -0.612322
vn 0.146843 0.776852 -0.612322
vn 0.624432 0.773852 0.106011
vn 0.624432 0.773852 0.106011
vn 0.624432 0.773852 0.106011
s 1
g Nut1:pot Nut1:Nut Nut1:potLeg
usemtl lambert68SG
f 552/1337/1791 551/1338/1792 555/1339/1793 554/1340/1794
f 553/1341/1795 556/1342/1796 581/1343/1797 580/1344/1798
s 2
f 554/834/1799 553/839/1800 562/836/1801 561/831/1802
s 3
f 556/787/1803 555/788/1804 572/789/1805 571/790/1806
s 4
f 558/829/1807 557/830/1808 561/831/1809 560/832/1810
f 559/835/1811 562/836/1812 589/841/1813 588/842/1814
s 5
f 560/832/1815 559/835/1816 568/840/1817 567/837/1818
s 6
f 564/1349/1819 563/1350/1820 567/1351/1821 566/1352/1822
f 565/1353/1823 568/1354/1824 585/1358/1825 584/1359/1826
s 7
f 566/1352/1827 565/1353/1828 574/1357/1829 573/1355/1830
s 8
f 570/791/1831 569/797/1832 573/793/1833 572/789/1834
f 571/790/1835 574/794/1836 577/798/1837 576/795/1838
f 575/799/1839 578/801/1840 593/804/1841 592/802/1842
s 3
f 576/795/1843 575/799/1844 582/800/1845 581/796/1846
s 7
f 578/1363/1847 577/1360/1848 584/1359/1849 583/1361/1850
s 1
f 579/1345/1851 582/1346/1852 597/1347/1853 596/1348/1854
s 2
f 580/843/1855 579/847/1856 590/846/1857 589/841/1858
s 6
f 583/1361/1859 586/1362/1860 601/1364/1861 600/1365/1862
s 5
f 586/848/1863 585/844/1864 588/842/1865 587/845/1866
s 4
f 587/845/1867 590/846/1868 605/849/1869 604/850/1870
s 8
f 591/1152/1871 594/1159/1872 609/1160/1873 608/1155/1874
s 3
f 592/1151/1875 591/1152/1876 598/1153/1877 597/1154/1878
s 7
f 594/808/1879 593/804/1880 600/806/1881 599/809/1882
s 1
f 595/1157/1883 598/1153/1884 613/1156/1885 612/1163/1886
s 2
f 596/851/1887 595/855/1888 606/854/1889 605/849/1890
s 6
f 599/1169/1891 602/1165/1892 617/1172/1893 616/1173/1894
s 5
f 602/1165/1895 601/1166/1896 604/1167/1897 603/1168/1898
s 4
f 603/1168/1899 606/1174/1900 621/1175/1901 620/1171/1902
s 8
f 607/1366/1903 610/1367/1904 651/1368/1905 652/1369/1906
s 3
f 608/1155/1907 607/1161/1908 614/1162/1909 613/1156/1910
s 7
f 610/812/1911 609/811/1912 616/810/1913 615/813/1914
s 1
f 611/858/1915 614/861/1916 653/864/1917 654/862/1918
s 2
f 612/856/1919 611/858/1920 622/859/1921 621/857/1922
s 6
f 615/813/1923 618/816/1924 657/817/1925 658/814/1926
s 5
f 618/1176/1927 617/1172/1928 620/1171/1929 619/1177/1930
s 4
f 619/1177/1931 622/1179/1932 655/1182/1933 656/1180/1934
s 8
f 623/1374/1935 626/1375/1936 641/1376/1937 640/1377/1938
s 3
f 624/869/1939 623/872/1940 630/871/1941 629/867/1942
s 7
f 626/822/1943 625/823/1944 632/819/1945 631/820/1946
s 1
f 627/870/1947 630/871/1948 643/873/1949 642/874/1950
s 2
f 628/1378/1951 627/1379/1952 638/1380/1953 637/1381/1954
s 6
f 631/820/1955 634/821/1956 647/824/1957 646/825/1958
s 5
f 634/1186/1959 633/1184/1960 636/1183/1961 635/1187/1962
s 4
f 635/1386/1963 638/1380/1964 650/1383/1965 649/1387/1966
s 6
f 639/1189/1967 641/1190/1968 646/1191/1958 645/1192/1969
s off
f 640/875/1970 639/877/1971 644/876/1972 643/873/1973
s 4
f 642/1198/1974 644/1195/1975 648/1196/1976 650/1199/1965
s 5
f 645/1192/1977 647/1194/1978 649/1197/1979 648/1196/1980
s 2
f 552/833/1981 554/834/1799 561/831/1802 557/830/1982
s 5
f 558/829/1983 560/832/1815 567/837/1818 563/838/1984
s 7
f 564/1349/1985 566/1352/1827 573/1355/1830 569/1356/1986
s 3
f 570/791/1987 572/789/1805 555/788/1804 551/792/1988
s 5
f 644/1195/1989 639/1189/1990 645/1192/1977 648/1196/1980
s 3
f 556/787/1803 571/790/1806 576/795/1843 581/796/1846
s 7
f 574/1357/1829 565/1353/1828 584/1359/1849 577/1360/1848
s 5
f 568/840/1817 559/835/1816 588/842/1865 585/844/1864
s 2
f 562/836/1801 553/839/1800 580/843/1855 589/841/1858
s 3
f 582/800/1845 575/799/1844 592/802/1875 597/803/1878
s 7
f 578/801/1847 583/805/1850 600/806/1881 593/804/1880
s 5
f 586/848/1863 587/845/1866 604/850/1897 601/852/1896
s 2
f 590/846/1857 579/847/1856 596/851/1887 605/849/1890
s 3
f 598/1153/1877 591/1152/1876 608/1155/1907 613/1156/1910
s 7
f 594/808/1879 599/809/1882 616/810/1913 609/811/1912
s 5
f 602/1165/1895 603/1168/1898 620/1171/1929 617/1172/1928
s 2
f 606/854/1889 595/855/1888 612/856/1919 621/857/1922
s 3
f 614/861/1909 607/865/1908 652/866/1991 653/864/1992
s 7
f 610/812/1911 615/813/1914 658/814/1993 651/815/1994
s 5
f 618/1176/1927 619/1177/1930 656/1180/1995 657/1181/1996
s 2
f 622/859/1921 611/858/1920 654/862/1997 655/863/1998
s 3
f 630/871/1941 623/872/1940 640/875/1999 643/873/2000
s 7
f 626/822/1943 631/820/1946 646/825/2001 641/826/2002
s 5
f 634/821/1959 635/827/1962 649/828/1979 647/824/1978
s 2
f 638/1380/1953 627/1379/1952 642/1382/2003 650/1383/2004
s 1
f 553/1341/1795 554/1340/1794 555/1339/1793 556/1342/1796
s 4
f 559/835/1811 560/832/1810 561/831/1809 562/836/1812
s 6
f 565/1353/1823 566/1352/1822 567/1351/1821 568/1354/1824
s 8
f 571/790/1835 572/789/1834 573/793/1833 574/794/1836
f 575/799/1839 576/795/1838 577/798/1837 578/801/1840
s 1
f 579/1345/1851 580/1344/1798 581/1343/1797 582/1346/1852
s 6
f 583/1361/1859 584/1359/1826 585/1358/1825 586/1362/1860
s 4
f 587/845/1867 588/842/1814 589/841/1813 590/846/1868
s 8
f 591/807/1871 592/802/1842 593/804/1841 594/808/1872
s 1
f 595/1157/1883 596/1158/1854 597/1154/1853 598/1153/1884
s 6
f 599/1169/1891 600/1170/1862 601/1166/1861 602/1165/1892
s 4
f 603/853/1899 604/850/1870 605/849/1869 606/854/1900
s 8
f 607/1161/1903 608/1155/1874 609/1160/1873 610/1164/1904
s 1
f 611/858/1915 612/856/1886 613/860/1885 614/861/1916
s 6
f 615/1178/1923 616/1173/1894 617/1172/1893 618/1176/1924
s 4
f 619/1177/1931 620/1171/1902 621/1175/1901 622/1179/1932
s 8
f 623/1374/1935 624/1371/2005 625/1370/2006 626/1375/1936
s 1
f 627/870/1947 628/868/2007 629/867/2008 630/871/1948
s 6
f 631/820/1955 632/819/2009 633/818/2010 634/821/1956
s 4
f 635/1187/1963 636/1183/2011 637/1185/2012 638/1188/1964
s off
f 639/1189/2013 640/1193/2014 641/1190/2015
f 642/874/2016 643/873/2017 644/876/2018
s 6
f 645/1192/1969 646/1191/1958 647/1194/1957
s 4
f 648/1196/1976 649/1197/1966 650/1199/1965
s 8
f 652/1369/1906 651/1368/1905 625/1370/2006 624/1371/2005
s 3
f 653/864/1992 652/866/1991 624/869/1939 629/867/1942
s 1
f 654/862/1918 653/864/1917 629/867/2008 628/868/2007
s 2
f 655/1384/1998 654/1385/1997 628/1378/1951 637/1381/1954
s 4
f 656/1180/1934 655/1182/1933 637/1185/2012 636/1183/2011
s 5
f 657/1181/1996 656/1180/1995 636/1183/1961 633/1184/1960
s 6
f 658/814/1926 657/817/1925 633/818/2010 632/819/2009
s 7
f 651/1368/1994 658/1372/1993 632/1373/1945 625/1370/1944
s 23
f 660/878/2019 659/879/2020 663/880/2021 662/881/2022
f 661/884/2023 664/885/2024 689/887/2025 688/888/2026
s 24
f 662/1388/2027 661/1389/2028 670/1390/2029 669/1391/2030
s 25
f 664/885/2031 663/880/2032 680/883/2033 679/886/2034
s 26
f 666/1399/2035 665/1397/2036 669/1391/2037 668/1395/2038
f 667/1394/2039 670/1390/2040 697/1393/2041 696/1398/2042
s 27
f 668/929/2043 667/934/2044 676/931/2045 675/926/2046
s 28
f 672/924/2047 671/925/2048 675/926/2049 674/927/2050
f 673/930/2051 676/931/2052 693/936/2053 692/937/2054
s 29
f 674/927/2055 673/930/2056 682/935/2057 681/932/2058
s 30
f 678/1404/2059 677/1405/2060 681/1406/2061 680/1407/2062
f 679/1408/2063 682/1409/2064 685/1410/2065 684/1411/2066
f 683/1412/2067 686/1413/2068 701/1414/2069 700/1415/2070
s 25
f 684/889/2071 683/892/2072 690/891/2073 689/887/2074
s 29
f 686/943/2075 685/939/2076 692/937/2077 691/940/2078
s 23
f 687/890/2079 690/891/2080 705/895/2081 704/896/2082
s 24
f 688/888/2083 687/890/2084 698/893/2085 697/894/2086
s 28
f 691/940/2087 694/941/2088 709/944/2089 708/945/2090
s 27
f 694/941/2091 693/936/2092 696/938/2093 695/942/2094
s 26
f 695/1400/2095 698/1401/2096 713/1402/2097 712/1403/2098
s 30
f 699/1201/2099 702/1205/2100 717/1208/2101 716/1206/2102
s 25
f 700/1200/2103 699/1201/2104 706/1202/2105 705/1203/2106
s 29
f 702/950/2107 701/947/2108 708/945/2109 707/948/2110
s 23
f 703/1211/2111 706/1202/2112 721/1207/2113 720/1212/2114
s 24
f 704/896/2115 703/899/2116 714/901/2117 713/898/2118
s 28
f 707/1225/2119 710/1214/2120 725/1221/2121 724/1226/2122
s 27
f 710/1214/2123 709/1215/2124 712/1216/2125 711/1217/2126
s 26
f 711/1217/2127 714/1219/2128 729/1222/2129 728/1220/2130
s 30
f 715/955/2131 718/953/2132 759/958/2133 760/959/2134
s 25
f 716/1206/2135 715/1209/2136 722/1210/2137 721/1207/2138
s 29
f 718/953/2139 717/952/2140 724/951/2141 723/954/2142
s 23
f 719/1416/2143 722/1417/2144 761/1418/2145 762/1419/2146
s 24
f 720/902/2147 719/904/2148 730/905/2149 729/903/2150
s 28
f 723/1227/2151 726/1223/2152 765/1229/2153 766/1230/2154
s 27
f 726/1223/2155 725/1221/2156 728/1220/2157 727/1224/2158
s 26
f 727/908/2159 730/905/2160 763/907/2161 764/912/2162
s 30
f 731/967/2163 734/965/2164 749/970/2165 748/972/2166
s 25
f 732/962/2167 731/967/2168 738/971/2169 737/968/2170
s 29
f 734/965/2171 733/961/2172 740/960/2173 739/966/2174
s 23
f 735/1422/2175 738/1423/2176 751/1424/2177 750/1425/2178
s 24
f 736/910/2179 735/913/2180 746/914/2181 745/911/2182
s 28
f 739/1426/2183 742/1427/2184 755/1428/2185 754/1429/2186
s 27
f 742/920/2187 741/921/2188 744/915/2189 743/918/2190
s 26
f 743/918/2191 746/914/2192 758/917/2193 757/919/2194
s 28
f 747/1234/2195 749/1235/2196 754/1236/2186 753/1237/2197
s off
f 748/972/2198 747/974/2199 752/975/2200 751/973/2201
s 26
f 750/1242/2202 752/1239/2203 756/1240/2204 758/1243/2193
s 27
f 753/1237/2205 755/1238/2206 757/1241/2207 756/1240/2208
s 24
f 660/1396/2209 662/1388/2027 669/1391/2030 665/1397/2210
s 27
f 666/928/2211 668/929/2043 675/926/2046 671/925/2212
s 29
f 672/924/2213 674/927/2055 681/932/2058 677/933/2214
s 25
f 678/882/2215 680/883/2033 663/880/2032 659/879/2216
s 27
f 752/1239/2217 747/1234/2218 753/1237/2205 756/1240/2208
s 25
f 664/885/2031 679/886/2034 684/889/2071 689/887/2074
s 29
f 682/935/2057 673/930/2056 692/937/2077 685/939/2076
s 27
f 676/931/2045 667/934/2044 696/938/2093 693/936/2092
s 24
f 670/1390/2029 661/1389/2028 688/1392/2083 697/1393/2086
s 25
f 690/891/2073 683/892/2072 700/897/2103 705/895/2106
s 29
f 686/943/2075 691/940/2078 708/945/2109 701/947/2108
s 27
f 694/941/2091 695/942/2094 712/946/2125 709/944/2124
s 24
f 698/893/2085 687/890/2084 704/896/2115 713/898/2118
s 25
f 706/1202/2105 699/1201/2104 716/1206/2135 721/1207/2138
s 29
f 702/950/2107 707/948/2110 724/951/2141 717/952/2140
s 27
f 710/1214/2123 711/1217/2126 728/1220/2157 725/1221/2156
s 24
f 714/901/2117 703/899/2116 720/902/2147 729/903/2150
s 25
f 722/963/2137 715/955/2136 760/959/2219 761/964/2220
s 29
f 718/953/2139 723/954/2142 766/957/2221 759/958/2222
s 27
f 726/1223/2155 727/1224/2158 764/1228/2223 765/1229/2224
s 24
f 730/905/2149 719/904/2148 762/906/2225 763/907/2226
s 25
f 738/971/2169 731/967/2168 748/972/2227 751/973/2228
s 29
f 734/965/2171 739/966/2174 754/969/2229 749/970/2230
s 27
f 742/920/2187 743/918/2190 757/919/2207 755/923/2206
s 24
f 746/914/2181 735/913/2180 750/916/2231 758/917/2232
s 23
f 661/884/2023 662/881/2022 663/880/2021 664/885/2024
s 26
f 667/1394/2039 668/1395/2038 669/1391/2037 670/1390/2040
s 28
f 673/930/2051 674/927/2050 675/926/2049 676/931/2052
s 30
f 679/1408/2063 680/1407/2062 681/1406/2061 682/1409/2064
f 683/1412/2067 684/1411/2066 685/1410/2065 686/1413/2068
s 23
f 687/890/2079 688/888/2026 689/887/2025 690/891/2080
s 28
f 691/940/2087 692/937/2054 693/936/2053 694/941/2088
s 26
f 695/1400/2095 696/1398/2042 697/1393/2041 698/1401/2096
s 30
f 699/1201/2099 700/1200/2070 701/1204/2069 702/1205/2100
s 23
f 703/899/2111 704/896/2082 705/895/2081 706/900/2112
s 28
f 707/948/2119 708/945/2090 709/944/2089 710/949/2120
s 26
f 711/1217/2127 712/1216/2098 713/1218/2097 714/1219/2128
s 30
f 715/955/2131 716/956/2102 717/952/2101 718/953/2132
s 23
f 719/1213/2143 720/1212/2114 721/1207/2113 722/1210/2144
s 28
f 723/1227/2151 724/1226/2122 725/1221/2121 726/1223/2152
s 26
f 727/908/2159 728/909/2130 729/903/2129 730/905/2160
s 30
f 731/967/2163 732/962/2233 733/961/2234 734/965/2164
s 23
f 735/1422/2175 736/1421/2235 737/1420/2236 738/1423/2176
s 28
f 739/1426/2183 740/1430/2237 741/1431/2238 742/1427/2184
s 26
f 743/918/2191 744/915/2239 745/911/2240 746/914/2192
s off
f 747/974/2241 748/972/2242 749/970/2243
f 750/1242/2244 751/1244/2245 752/1239/2246
s 28
f 753/1237/2197 754/1236/2186 755/1238/2185
s 26
f 756/922/2204 757/919/2194 758/917/2193
s 30
f 760/959/2134 759/958/2133 733/961/2234 732/962/2233
s 25
f 761/964/2220 760/959/2219 732/962/2167 737/968/2170
s 23
f 762/1419/2146 761/1418/2145 737/1420/2236 736/1421/2235
s 24
f 763/907/2226 762/906/2225 736/910/2179 745/911/2182
s 26
f 764/912/2162 763/907/2161 745/911/2240 744/915/2239
s 27
f 765/1229/2224 764/1228/2223 744/1231/2189 741/1232/2188
s 28
f 766/1230/2154 765/1229/2153 741/1232/2238 740/1233/2237
s 29
f 759/958/2222 766/957/2221 740/960/2173 733/961/2172
s 45
f 768/976/2247 767/977/2248 771/978/2249 770/979/2250
f 769/982/2251 772/983/2252 797/985/2253 796/986/2254
s 46
f 770/1432/2255 769/1433/2256 778/1434/2257 777/1435/2258
s 47
f 772/983/2259 771/978/2260 788/981/2261 787/984/2262
s 48
f 774/1445/2263 773/1441/2264 777/1435/2265 776/1439/2266
f 775/1438/2267 778/1434/2268 805/1437/2269 804/1444/2270
s 49
f 776/996/2271 775/997/2272 784/998/2273 783/999/2274
s 50
f 780/1011/2275 779/1005/2276 783/999/2277 782/1003/2278
f 781/1002/2279 784/998/2280 801/1001/2281 800/1008/2282
s 51
f 782/1003/2283 781/1002/2284 790/1009/2285 789/1010/2286
s 52
f 786/1469/2287 785/1470/2288 789/1471/2289 788/1472/2290
f 787/1473/2291 790/1474/2292 793/1475/2293 792/1476/2294
f 791/1477/2295 794/1478/2296 809/1481/2297 808/1482/2298
s 47
f 792/987/2299 791/990/2300 798/989/2301 797/985/2302
s 51
f 794/1478/2303 793/1475/2304 800/1479/2305 799/1480/2306
s 45
f 795/988/2307 798/989/2308 813/991/2309 812/992/2310
s 46
f 796/1436/2311 795/1442/2312 806/1443/2313 805/1437/2314
s 50
f 799/1012/2315 802/1006/2316 817/1014/2317 816/1017/2318
s 49
f 802/1006/2319 801/1001/2320 804/1000/2321 803/1007/2322
s 48
f 803/1448/2323 806/1443/2324 821/1447/2325 820/1451/2326
s 52
f 807/1246/2327 810/1250/2328 825/1253/2329 824/1251/2330
s 47
f 808/1245/2331 807/1246/2332 814/1247/2333 813/1248/2334
s 51
f 810/1484/2335 809/1481/2336 816/1483/2337 815/1485/2338
s 45
f 811/1256/2339 814/1247/2340 829/1252/2341 828/1257/2342
s 46
f 812/1446/2343 811/1449/2344 822/1450/2345 821/1447/2346
s 50
f 815/1270/2347 818/1259/2348 833/1266/2349 832/1271/2350
s 49
f 818/1259/2351 817/1260/2352 820/1261/2353 819/1262/2354
s 48
f 819/1262/2355 822/1264/2356 837/1267/2357 836/1265/2358
s 52
f 823/1034/2359 826/1035/2360 867/1031/2361 868/1030/2362
s 47
f 824/1251/2363 823/1254/2364 830/1255/2365 829/1252/2366
s 51
f 826/1488/2367 825/1487/2368 832/1486/2369 831/1489/2370
s 45
f 827/1454/2371 830/1458/2372 869/1459/2373 870/1456/2374
s 46
f 828/1452/2375 827/1454/2376 838/1455/2377 837/1453/2378
s 50
f 831/1273/2379 834/1268/2380 873/1274/2381 874/1275/2382
s 49
f 834/1268/2383 833/1266/2384 836/1265/2385 835/1269/2386
s 48
f 835/1051/2387 838/1052/2388 871/1049/2389 872/1048/2390
s 52
f 839/1020/2391 842/1021/2392 857/1022/2393 856/1023/2394
s 47
f 840/1024/2395 839/1020/2396 846/1027/2397 845/1029/2398
s 51
f 842/1494/2399 841/1493/2400 848/1492/2401 847/1495/2402
s 45
f 843/1463/2403 846/1465/2404 859/1468/2405 858/1466/2406
s 46
f 844/1460/2407 843/1463/2408 854/1464/2409 853/1461/2410
s 50
f 847/1495/2411 850/1497/2412 863/1500/2413 862/1498/2414
s 49
f 850/1045/2415 849/1047/2416 852/1043/2417 851/1039/2418
s 48
f 851/1039/2419 854/1040/2420 866/1041/2421 865/1042/2422
s 50
f 855/1278/2423 857/1279/2424 862/1280/2414 861/1281/2425
s off
f 856/1023/2426 855/1026/2427 860/1032/2428 859/1028/2429
s 48
f 858/1286/2430 860/1283/2431 864/1284/2432 866/1287/2421
s 49
f 861/1281/2433 863/1282/2434 865/1285/2435 864/1284/2436
s 46
f 768/1440/2437 770/1432/2255 777/1435/2258 773/1441/2438
s 49
f 774/1004/2439 776/996/2271 783/999/2274 779/1005/2440
s 51
f 780/1011/2441 782/1003/2283 789/1010/2286 785/1016/2442
s 47
f 786/980/2443 788/981/2261 771/978/2260 767/977/2444
s 49
f 860/1283/2445 855/1278/2446 861/1281/2433 864/1284/2436
s 47
f 772/983/2259 787/984/2262 792/987/2299 797/985/2302
s 51
f 790/1009/2285 781/1002/2284 800/1008/2305 793/1015/2304
s 49
f 784/998/2273 775/997/2272 804/1000/2321 801/1001/2320
s 46
f 778/1434/2257 769/1433/2256 796/1436/2311 805/1437/2314
s 47
f 798/989/2301 791/990/2300 808/993/2331 813/991/2334
s 51
f 794/1478/2303 799/1480/2306 816/1483/2337 809/1481/2336
s 49
f 802/1006/2319 803/1007/2322 820/1013/2353 817/1014/2352
s 46
f 806/1443/2313 795/1442/2312 812/1446/2343 821/1447/2346
s 47
f 814/1247/2333 807/1246/2332 824/1251/2363 829/1252/2366
s 51
f 810/1484/2335 815/1485/2338 832/1486/2369 825/1487/2368
s 49
f 818/1259/2351 819/1262/2354 836/1265/2385 833/1266/2384
s 46
f 822/1450/2345 811/1449/2344 828/1452/2375 837/1453/2378
s 47
f 830/1036/2365 823/1034/2364 868/1030/2447 869/1033/2448
s 51
f 826/1488/2367 831/1489/2370 874/1490/2449 867/1491/2450
s 49
f 834/1053/2383 835/1051/2386 872/1048/2451 873/1050/2452
s 46
f 838/1455/2377 827/1454/2376 870/1456/2453 871/1457/2454
s 47
f 846/1027/2397 839/1020/2396 856/1023/2455 859/1028/2456
s 51
f 842/1494/2399 847/1495/2402 862/1498/2457 857/1499/2458
s 49
f 850/1045/2415 851/1039/2418 865/1042/2435 863/1046/2434
s 46
f 854/1464/2409 843/1463/2408 858/1466/2459 866/1467/2460
s 45
f 769/982/2251 770/979/2250 771/978/2249 772/983/2252
s 48
f 775/1438/2267 776/1439/2266 777/1435/2265 778/1434/2268
s 50
f 781/1002/2279 782/1003/2278 783/999/2277 784/998/2280
s 52
f 787/1473/2291 788/1472/2290 789/1471/2289 790/1474/2292
f 791/1477/2295 792/1476/2294 793/1475/2293 794/1478/2296
s 45
f 795/988/2307 796/986/2254 797/985/2253 798/989/2308
s 50
f 799/1012/2315 800/1008/2282 801/1001/2281 802/1006/2316
s 48
f 803/1448/2323 804/1444/2270 805/1437/2269 806/1443/2324
s 52
f 807/1246/2327 808/1245/2298 809/1249/2297 810/1250/2328
s 45
f 811/994/2339 812/992/2310 813/991/2309 814/995/2340
s 50
f 815/1018/2347 816/1017/2318 817/1014/2317 818/1019/2348
s 48
f 819/1262/2355 820/1261/2326 821/1263/2325 822/1264/2356
s 52
f 823/1034/2359 824/1037/2330 825/1038/2329 826/1035/2360
s 45
f 827/1258/2371 828/1257/2342 829/1252/2341 830/1255/2372
s 50
f 831/1273/2379 832/1271/2350 833/1266/2349 834/1268/2380
s 48
f 835/1269/2387 836/1265/2358 837/1267/2357 838/1272/2388
s 52
f 839/1020/2391 840/1024/2461 841/1025/2462 842/1021/2392
s 45
f 843/1463/2403 844/1460/2463 845/1462/2464 846/1465/2404
s 50
f 847/1495/2411 848/1492/2465 849/1496/2466 850/1497/2412
s 48
f 851/1039/2419 852/1043/2467 853/1044/2468 854/1040/2420
s off
f 855/1026/2469 856/1023/2470 857/1022/2471
f 858/1286/2472 859/1288/2473 860/1283/2474
s 50
f 861/1281/2425 862/1280/2414 863/1282/2413
s 48
f 864/1284/2432 865/1285/2422 866/1287/2421
s 52
f 868/1030/2362 867/1031/2361 841/1025/2462 840/1024/2461
s 47
f 869/1033/2448 868/1030/2447 840/1024/2395 845/1029/2398
s 45
f 870/1456/2374 869/1459/2373 845/1462/2464 844/1460/2463
s 46
f 871/1457/2454 870/1456/2453 844/1460/2407 853/1461/2410
s 48
f 872/1048/2390 871/1049/2389 853/1044/2468 852/1043/2467
s 49
f 873/1050/2452 872/1048/2451 852/1043/2417 849/1047/2416
s 50
f 874/1275/2382 873/1274/2381 849/1276/2466 848/1277/2465
s 51
f 867/1491/2450 874/1490/2449 848/1492/2401 841/1493/2400
s 67
f 876/1501/2475 875/1502/2476 879/1503/2477 878/1504/2478
f 877/1505/2479 880/1506/2480 905/1507/2481 904/1508/2482
s 68
f 878/1104/2483 877/1109/2484 886/1106/2485 885/1101/2486
s 69
f 880/1054/2487 879/1055/2488 896/1056/2489 895/1057/2490
s 70
f 882/1099/2491 881/1100/2492 885/1101/2493 884/1102/2494
f 883/1105/2495 886/1106/2496 913/1111/2497 912/1112/2498
s 71
f 884/1102/2499 883/1105/2500 892/1110/2501 891/1107/2502
s 72
f 888/1513/2503 887/1514/2504 891/1515/2505 890/1516/2506
f 889/1517/2507 892/1518/2508 909/1522/2509 908/1523/2510
s 73
f 890/1516/2511 889/1517/2512 898/1521/2513 897/1519/2514
s 74
f 894/1058/2515 893/1064/2516 897/1060/2517 896/1056/2518
f 895/1057/2519 898/1061/2520 901/1065/2521 900/1062/2522
f 899/1066/2523 902/1068/2524 917/1073/2525 916/1069/2526
s 69
f 900/1062/2527 899/1066/2528 906/1067/2529 905/1063/2530
s 73
f 902/1068/2531 901/1065/2532 908/1071/2533 907/1072/2534
s 67
f 903/1509/2535 906/1510/2536 921/1511/2537 920/1512/2538
s 68
f 904/1113/2539 903/1117/2540 914/1116/2541 913/1111/2542
s 72
f 907/1525/2543 910/1526/2544 925/1527/2545 924/1528/2546
s 71
f 910/1118/2547 909/1114/2548 912/1112/2549 911/1115/2550
s 70
f 911/1115/2551 914/1116/2552 929/1119/2553 928/1120/2554
s 74
f 915/1290/2555 918/1297/2556 933/1298/2557 932/1293/2558
s 69
f 916/1289/2559 915/1290/2560 922/1291/2561 921/1292/2562
s 73
f 918/1076/2563 917/1073/2564 924/1074/2565 923/1077/2566
s 67
f 919/1295/2567 922/1291/2568 937/1294/2569 936/1301/2570
s 68
f 920/1121/2571 919/1125/2572 930/1124/2573 929/1119/2574
s 72
f 923/1307/2575 926/1303/2576 941/1310/2577 940/1311/2578
s 71
f 926/1303/2579 925/1304/2580 928/1305/2581 927/1306/2582
s 70
f 927/1306/2583 930/1312/2584 945/1313/2585 944/1309/2586
s 74
f 931/1529/2587 934/1530/2588 975/1531/2589 976/1532/2590
s 69
f 932/1293/2591 931/1299/2592 938/1300/2593 937/1294/2594
s 73
f 934/1080/2595 933/1079/2596 940/1078/2597 939/1081/2598
s 67
f 935/1128/2599 938/1131/2600 977/1134/2601 978/1132/2602
s 68
f 936/1126/2603 935/1128/2604 946/1129/2605 945/1127/2606
s 72
f 939/1081/2607 942/1083/2608 981/1086/2609 982/1084/2610
s 71
f 942/1314/2611 941/1310/2612 944/1309/2613 943/1315/2614
s 70
f 943/1315/2615 946/1316/2616 979/1319/2617 980/1317/2618
s 74
f 947/1535/2619 950/1536/2620 965/1537/2621 964/1538/2622
s 69
f 948/1140/2623 947/1143/2624 954/1142/2625 953/1139/2626
s 73
f 950/1090/2627 949/1088/2628 956/1087/2629 955/1091/2630
s 67
f 951/1141/2631 954/1142/2632 967/1144/2633 966/1145/2634
s 68
f 952/1543/2635 951/1544/2636 962/1545/2637 961/1546/2638
s 72
f 955/1091/2639 958/1092/2640 971/1095/2641 970/1093/2642
s 71
f 958/1323/2643 957/1321/2644 960/1320/2645 959/1324/2646
s 70
f 959/1539/2647 962/1540/2648 974/1541/2649 973/1542/2650
s 72
f 963/1326/2651 965/1327/2652 970/1328/2642 969/1329/2653
s off
f 964/1146/2654 963/1150/2655 968/1147/2656 967/1144/2657
s 70
f 966/1335/2658 968/1331/2659 972/1332/2660 974/1336/2649
s 71
f 969/1329/2661 971/1333/2662 973/1334/2663 972/1332/2664
s 68
f 876/1103/2665 878/1104/2483 885/1101/2486 881/1100/2666
s 71
f 882/1099/2667 884/1102/2499 891/1107/2502 887/1108/2668
s 73
f 888/1513/2669 890/1516/2511 897/1519/2514 893/1520/2670
s 69
f 894/1058/2671 896/1056/2489 879/1055/2488 875/1059/2672
s 71
f 968/1331/2673 963/1326/2674 969/1329/2661 972/1332/2664
s 69
f 880/1054/2487 895/1057/2490 900/1062/2527 905/1063/2530
s 73
f 898/1521/2513 889/1517/2512 908/1523/2533 901/1524/2532
s 71
f 892/1110/2501 883/1105/2500 912/1112/2549 909/1114/2548
s 68
f 886/1106/2485 877/1109/2484 904/1113/2539 913/1111/2542
s 69
f 906/1067/2529 899/1066/2528 916/1069/2559 921/1070/2562
s 73
f 902/1068/2531 907/1072/2534 924/1074/2565 917/1073/2564
s 71
f 910/1118/2547 911/1115/2550 928/1120/2581 925/1122/2580
s 68
f 914/1116/2541 903/1117/2540 920/1121/2571 929/1119/2574
s 69
f 922/1291/2561 915/1290/2560 932/1293/2591 937/1294/2594
s 73
f 918/1076/2563 923/1077/2566 940/1078/2597 933/1079/2596
s 71
f 926/1303/2579 927/1306/2582 944/1309/2613 941/1310/2612
s 68
f 930/1124/2573 919/1125/2572 936/1126/2603 945/1127/2606
s 69
f 938/1131/2593 931/1137/2592 976/1138/2675 977/1134/2676
s 73
f 934/1080/2595 939/1081/2598 982/1084/2677 975/1085/2678
s 71
f 942/1314/2611 943/1315/2614 980/1317/2679 981/1318/2680
s 68
f 946/1129/2605 935/1128/2604 978/1132/2681 979/1133/2682
s 69
f 954/1142/2625 947/1143/2624 964/1146/2683 967/1144/2684
s 73
f 950/1090/2627 955/1091/2630 970/1093/2685 965/1094/2686
s 71
f 958/1092/2643 959/1096/2646 973/1097/2663 971/1095/2662
s 68
f 962/1148/2637 951/1141/2636 966/1145/2687 974/1149/2688
s 67
f 877/1505/2479 878/1504/2478 879/1503/2477 880/1506/2480
s 70
f 883/1105/2495 884/1102/2494 885/1101/2493 886/1106/2496
s 72
f 889/1517/2507 890/1516/2506 891/1515/2505 892/1518/2508
s 74
f 895/1057/2519 896/1056/2518 897/1060/2517 898/1061/2520
f 899/1066/2523 900/1062/2522 901/1065/2521 902/1068/2524
s 67
f 903/1509/2535 904/1508/2482 905/1507/2481 906/1510/2536
s 72
f 907/1525/2543 908/1523/2510 909/1522/2509 910/1526/2544
s 70
f 911/1115/2551 912/1112/2498 913/1111/2497 914/1116/2552
s 74
f 915/1075/2555 916/1069/2526 917/1073/2525 918/1076/2556
s 67
f 919/1295/2567 920/1296/2538 921/1292/2537 922/1291/2568
s 72
f 923/1307/2575 924/1308/2546 925/1304/2545 926/1303/2576
s 70
f 927/1123/2583 928/1120/2554 929/1119/2553 930/1124/2584
s 74
f 931/1299/2587 932/1293/2558 933/1298/2557 934/1302/2588
s 67
f 935/1128/2599 936/1126/2570 937/1130/2569 938/1131/2600
s 72
f 939/1081/2607 940/1078/2578 941/1082/2577 942/1083/2608
s 70
f 943/1315/2615 944/1309/2586 945/1313/2585 946/1316/2616
s 74
f 947/1535/2619 948/1534/2689 949/1533/2690 950/1536/2620
s 67
f 951/1141/2631 952/1135/2691 953/1139/2692 954/1142/2632
s 72
f 955/1091/2639 956/1087/2693 957/1089/2694 958/1092/2640
s 70
f 959/1324/2647 960/1320/2695 961/1322/2696 962/1325/2648
s off
f 963/1326/2697 964/1330/2698 965/1327/2699
f 966/1145/2700 967/1144/2701 968/1147/2702
s 72
f 969/1098/2653 970/1093/2642 971/1095/2641
s 70
f 972/1332/2660 973/1334/2650 974/1336/2649
s 74
f 976/1532/2590 975/1531/2589 949/1533/2690 948/1534/2689
s 69
f 977/1134/2676 976/1138/2675 948/1140/2623 953/1139/2626
s 67
f 978/1132/2602 977/1134/2601 953/1139/2692 952/1135/2691
s 68
f 979/1133/2682 978/1132/2681 952/1135/2635 961/1136/2638
s 70
f 980/1317/2618 979/1319/2617 961/1322/2696 960/1320/2695
s 71
f 981/1318/2680 980/1317/2679 960/1320/2645 957/1321/2644
s 72
f 982/1084/2610 981/1086/2609 957/1089/2694 956/1087/2693
s 73
f 975/1085/2678 982/1084/2677 956/1087/2629 949/1088/2628
g default
v -0.541649 2.231720 9.050769
v -0.412677 2.215798 8.987825
v -0.297159 2.271308 8.924998
v -0.226042 2.383376 8.879127
v -0.218388 2.521972 8.862502
v -0.276243 2.649960 8.879573
v -0.649511 2.314807 9.096970
v -0.093537 2.504916 10.641767
v 0.035434 2.488993 10.578818
v 0.150955 2.544506 10.515991
v 0.222075 2.656576 10.470112
v 0.229731 2.795175 10.453488
v 0.171876 2.923164 10.470557
v -0.201403 2.588000 10.687970
v -0.014764 2.755581 10.579264
v 0.450193 2.630052 8.763530
v 0.307006 2.838128 8.826688
v 0.115076 2.925691 8.942638
v -0.074165 2.869286 9.080312
v -0.210013 2.684020 9.202824
v -0.256069 2.419540 9.277343
v 0.506277 2.357222 8.770091
v 1.755735 2.760780 10.369881
v 1.611505 2.933613 10.433164
v 1.419191 3.003567 10.549166
v 1.230333 2.951904 10.686795
v 1.095539 2.792461 10.809180
v 1.050914 2.567966 10.883534
v 1.813256 2.531382 10.376274
v 1.432089 2.549672 10.629898
v 0.655076 2.464181 8.767452
v 0.599582 2.561095 8.864535
v 0.552926 2.594268 8.999143
v 0.527612 2.554818 9.135213
v 0.530425 2.453310 9.236277
v 0.560605 2.316947 9.275263
v 0.704544 2.329501 8.733911
v 2.339432 2.639063 9.050482
v 2.283932 2.735976 9.147563
v 2.237276 2.769150 9.282176
v 2.211957 2.729699 9.418249
v 2.214770 2.628191 9.519319
v 2.244947 2.491828 9.558305
v 2.388900 2.504382 9.016936
v 2.316924 2.498105 9.287619
v 1.011877 2.465339 8.955048
v 0.992315 2.393846 8.786226
v 0.963902 2.421274 8.620391
v 0.934256 2.540270 8.501974
v 0.911321 2.718950 8.462713
v 0.901237 2.909438 8.513117
v 1.017354 2.616594 9.081616
v 2.480153 2.605199 8.762086
v 2.460586 2.533705 8.593265
v 2.432173 2.561135 8.427425
v 2.402523 2.680132 8.309004
v 2.379588 2.858815 8.269738
v 2.369502 3.049303 8.320143
v 2.485631 2.756449 8.888660
v 0.959294 2.763015 8.797369
v 2.427566 2.902876 8.604403
vt 0.172849 0.490083
vt 0.202292 0.490083
vt 0.202292 0.843024
vt 0.172849 0.843024
vt 0.231874 0.490083
vt 0.231874 0.843024
vt 0.143329 0.490083
vt 0.143329 0.843024
vt 0.198685 0.433836
vt 0.176021 0.455981
vt 0.147695 0.403621
vt 0.145766 0.464096
vt 0.207687 0.403595
vt 0.116028 0.456007
vt 0.094776 0.433881
vt 0.087703 0.403647
vt 0.531341 0.393618
vt 0.505099 0.424698
vt 0.469250 0.351163
vt 0.469250 0.436074
vt 0.540947 0.351163
vt 0.433401 0.424698
vt 0.407158 0.393618
vt 0.397552 0.351163
vt 0.083972 0.490083
vt 0.113660 0.490083
vt 0.113660 0.843024
vt 0.083972 0.843024
vt 0.054449 0.490083
vt 0.054449 0.843024
vt 0.470233 0.876349
vt 0.422800 0.876349
vt 0.422800 0.460581
vt 0.470233 0.460581
vt 0.374742 0.876349
vt 0.374742 0.460581
vt 0.519381 0.876349
vt 0.519381 0.460581
vt 0.324406 0.876349
vt 0.324406 0.460581
vt 0.177214 0.377366
vt 0.147774 0.377366
vt 0.147774 0.029030
vt 0.177214 0.029030
vt 0.118589 0.377366
vt 0.118589 0.029030
vt 0.206737 0.377366
vt 0.206737 0.029030
vt 0.089601 0.377366
vt 0.089601 0.029030
vt 0.361368 0.332088
vt 0.323102 0.332088
vt 0.323102 0.023289
vt 0.361368 0.023289
vt 0.287722 0.332088
vt 0.651845 0.023289
vt 0.402321 0.332088
vt 0.402321 0.023289
vt 0.616460 0.332088
vt 0.616460 0.023289
vt 0.537225 0.023289
vt 0.537225 0.332088
vt 0.469773 0.332088
vt 0.469773 0.023289
vt 0.191223 0.894563
vt 0.169626 0.915851
vt 0.142298 0.865861
vt 0.140706 0.923744
vt 0.199711 0.865584
vt 0.112212 0.916128
vt 0.091780 0.895042
vt 0.084885 0.866137
vt 0.060578 0.377366
vt 0.060578 0.029030
vt 0.236103 0.377366
vt 0.236103 0.029030
vt 0.578184 0.332088
vt 0.578184 0.023289
vt 0.272550 0.876349
vt 0.272550 0.460581
vt 0.350387 0.939332
vt 0.421935 0.896188
vt 0.570748 0.876349
vt 0.497062 0.938209
vt 0.506618 0.895541
vt 0.467377 0.969619
vt 0.425514 0.981352
vt 0.382693 0.970267
vt 0.570748 0.460581
vt 0.337251 0.896837
vt 0.651845 0.332088
vt 0.287722 0.023289
vn -0.034277 -0.983341 0.178508
vn -0.034277 -0.983341 0.178508
vn -0.034277 -0.983341 0.178508
vn -0.034277 -0.983341 0.178508
vn 0.445379 -0.894897 0.028223
vn 0.445379 -0.894897 0.028223
vn 0.445379 -0.894897 0.028223
vn 0.445379 -0.894897 0.028223
vn 0.811925 -0.568872 -0.131001
vn 0.811925 -0.568872 -0.131001
vn 0.811925 -0.568873 -0.131001
vn 0.811925 -0.568873 -0.131001
vn 0.962818 -0.083981 -0.256767
vn 0.962818 -0.083981 -0.256767
vn 0.962818 -0.083981 -0.256767
vn 0.962818 -0.083981 -0.256767
vn 0.849323 0.425579 -0.312302
vn 0.849323 0.425579 -0.312302
vn 0.849323 0.425579 -0.312302
vn 0.849323 0.425579 -0.312302
vn -0.506485 -0.814644 0.282538
vn -0.506485 -0.814644 0.282538
vn -0.506485 -0.814644 0.282538
vn -0.506485 -0.814644 0.282538
vn 0.445336 0.082364 0.891567
vn 0.445319 0.082362 0.891576
vn 0.445324 0.082366 0.891573
vn 0.445317 0.082371 0.891576
vn 0.445324 0.082359 0.891574
vn 0.445319 0.082362 0.891576
vn 0.445325 0.082388 0.891570
vn 0.445334 0.082363 0.891568
vn 0.588721 0.617411 -0.521738
vn 0.588721 0.617411 -0.521738
vn 0.588721 0.617411 -0.521738
vn 0.588721 0.617411 -0.521738
vn 0.238078 0.940092 -0.244019
vn 0.238078 0.940092 -0.244019
vn 0.238078 0.940092 -0.244019
vn 0.238078 0.940092 -0.244019
vn -0.197222 0.974001 0.111471
vn -0.197222 0.974001 0.111471
vn -0.197222 0.974001 0.111471
vn -0.197222 0.974001 0.111471
vn -0.554861 0.725236 0.407631
vn -0.554861 0.725236 0.407631
vn -0.554861 0.725236 0.407631
vn -0.554861 0.725236 0.407631
vn -0.748224 0.316316 0.583185
vn -0.748224 0.316316 0.583185
vn -0.748224 0.316316 0.583185
vn -0.748224 0.316316 0.583185
vn 0.759139 0.155417 -0.632103
vn 0.759139 0.155417 -0.632103
vn 0.759139 0.155417 -0.632103
vn 0.759139 0.155417 -0.632103
vn 0.552078 0.161206 0.818061
vn 0.552083 0.161190 0.818060
vn 0.552076 0.161201 0.818063
vn 0.552072 0.161193 0.818067
vn 0.552073 0.161195 0.818066
vn 0.552079 0.161202 0.818060
vn 0.552078 0.161207 0.818060
vn 0.552065 0.161226 0.818065
vn 0.041926 0.718980 -0.693765
vn 0.041926 0.718980 -0.693765
vn 0.041926 0.718980 -0.693765
vn 0.041926 0.718980 -0.693765
vn -0.056894 0.964617 -0.257442
vn -0.056894 0.964617 -0.257442
vn -0.056894 0.964617 -0.257442
vn -0.056894 0.964617 -0.257442
vn -0.141635 0.957503 0.251251
vn -0.141635 0.957503 0.251251
vn -0.141635 0.957503 0.251251
vn -0.141635 0.957503 0.251251
vn -0.189036 0.690208 0.698483
vn -0.189036 0.690208 0.698483
vn -0.189036 0.690208 0.698483
vn -0.189036 0.690208 0.698483
vn -0.184587 0.232182 0.954997
vn -0.184587 0.232182 0.954997
vn -0.184587 0.232182 0.954997
vn -0.184587 0.232182 0.954997
vn 0.130083 0.284350 -0.949855
vn 0.130083 0.284350 -0.949854
vn 0.130083 0.284350 -0.949855
vn 0.130083 0.284350 -0.949855
vn 0.926859 0.277450 0.252893
vn 0.926861 0.277449 0.252885
vn 0.926862 0.277443 0.252887
vn 0.926862 0.277443 0.252889
vn 0.926861 0.277450 0.252882
vn 0.926866 0.277437 0.252879
vn 0.926869 0.277414 0.252893
vn 0.926860 0.277446 0.252891
vn 0.136426 -0.917801 0.372866
vn 0.136426 -0.917801 0.372866
vn 0.136426 -0.917801 0.372866
vn 0.136426 -0.917801 0.372866
vn 0.070612 -0.982115 -0.174538
vn 0.070612 -0.982115 -0.174538
vn 0.070612 -0.982115 -0.174538
vn 0.070612 -0.982115 -0.174538
vn -0.025243 -0.708314 -0.705446
vn -0.025243 -0.708314 -0.705446
vn -0.025243 -0.708314 -0.705446
vn -0.025243 -0.708314 -0.705446
vn -0.105701 -0.226339 -0.968296
vn -0.105701 -0.226339 -0.968296
vn -0.105701 -0.226339 -0.968296
vn -0.105701 -0.226339 -0.968296
vn -0.149277 0.245543 -0.957823
vn -0.149277 0.245543 -0.957823
vn -0.149277 0.245543 -0.957823
vn -0.149277 0.245543 -0.957823
vn 0.159783 -0.636911 0.754197
vn 0.159783 -0.636911 0.754197
vn 0.159783 -0.636911 0.754197
vn 0.159783 -0.636911 0.754197
vn 0.983836 0.092623 -0.153254
vn 0.983838 0.092621 -0.153245
vn 0.983837 0.092624 -0.153247
vn 0.983838 0.092625 -0.153245
vn 0.983838 0.092620 -0.153247
vn 0.983839 0.092622 -0.153240
vn 0.983837 0.092638 -0.153243
vn 0.983836 0.092624 -0.153254
vn -0.023797 0.886748 0.461640
vn -0.023797 0.886748 0.461640
vn -0.023797 0.886748 0.461640
vn -0.023797 0.886748 0.461640
vn -0.023797 0.886748 0.461640
vn -0.023797 0.886748 0.461640
s off
g Nut1:pot Nut1:Nut Nut1:wood
usemtl lambert70SG
f 983/1571/2703 984/1572/2704 991/1573/2705 990/1574/2706
f 984/1572/2707 985/1553/2708 992/1554/2709 991/1573/2710
f 985/1553/2711 986/1547/2712 993/1550/2713 992/1554/2714
f 986/1547/2715 987/1548/2716 994/1549/2717 993/1550/2718
f 987/1548/2719 988/1551/2720 995/1552/2721 994/1549/2722
f 989/1575/2723 983/1571/2724 990/1574/2725 996/1576/2726
s 1
f 990/1611/2727 991/1612/2728 997/1613/2729
f 991/1612/2728 992/1614/2730 997/1613/2729
f 992/1614/2730 993/1616/2731 997/1613/2729
f 993/1616/2731 994/1617/2732 997/1613/2729
f 994/1617/2732 995/1618/2733 997/1613/2729
f 996/1615/2734 990/1611/2727 997/1613/2729
s off
f 998/1583/2735 999/1577/2736 1006/1580/2737 1005/1584/2738
f 999/1577/2739 1000/1578/2740 1007/1579/2741 1006/1580/2742
f 1000/1578/2743 1001/1581/2744 1008/1582/2745 1007/1579/2746
f 1001/1581/2747 1002/1585/2748 1009/1586/2749 1008/1582/2750
f 1002/1585/2751 1003/1625/2752 1010/1626/2753 1009/1586/2754
f 1004/1629/2755 998/1583/2756 1005/1584/2757 1011/1635/2758
s 2
f 1005/1630/2759 1006/1632/2760 1012/1628/2761
f 1006/1632/2760 1007/1633/2762 1012/1628/2761
f 1007/1633/2762 1008/1634/2763 1012/1628/2761
f 1008/1634/2763 1009/1627/2764 1012/1628/2761
f 1009/1627/2764 1010/1636/2765 1012/1628/2761
f 1011/1631/2766 1005/1630/2759 1012/1628/2761
s off
f 1013/1593/2767 1014/1587/2768 1021/1590/2769 1020/1594/2770
f 1014/1587/2771 1015/1588/2772 1022/1589/2773 1021/1590/2774
f 1015/1588/2775 1016/1591/2776 1023/1592/2777 1022/1589/2778
f 1016/1591/2779 1017/1595/2780 1024/1596/2781 1023/1592/2782
f 1017/1595/2783 1018/1619/2784 1025/1620/2785 1024/1596/2786
f 1019/1621/2787 1013/1593/2788 1020/1594/2789 1026/1622/2790
s 3
f 1020/1555/2791 1021/1556/2792 1027/1557/2793
f 1021/1556/2792 1022/1558/2794 1027/1557/2793
f 1022/1558/2794 1023/1560/2795 1027/1557/2793
f 1023/1560/2795 1024/1561/2796 1027/1557/2793
f 1024/1561/2796 1025/1562/2797 1027/1557/2793
f 1026/1559/2798 1020/1555/2791 1027/1557/2793
s off
f 1028/1597/2799 1029/1598/2800 1036/1599/2801 1035/1600/2802
f 1029/1598/2803 1030/1601/2804 1037/1638/2805 1036/1599/2806
f 1030/1637/2807 1031/1605/2808 1038/1606/2809 1037/1602/2810
f 1031/1605/2811 1032/1623/2812 1039/1624/2813 1038/1606/2814
f 1032/1623/2815 1033/1608/2816 1040/1607/2817 1039/1624/2818
f 1034/1603/2819 1028/1597/2820 1035/1600/2821 1041/1604/2822
s 4
f 1035/1563/2823 1036/1564/2824 1043/1565/2825
f 1036/1564/2824 1037/1566/2826 1043/1565/2825
f 1037/1566/2826 1038/1568/2827 1043/1565/2825
f 1038/1568/2827 1039/1569/2828 1043/1565/2825
f 1039/1569/2828 1040/1570/2829 1043/1565/2825
f 1041/1567/2830 1035/1563/2823 1043/1565/2825
s 5
f 1040/1607/2831 1033/1608/2832 1042/1609/2833 1043/1610/2834
f 1043/1610/2834 1042/1609/2833 1034/1603/2835 1041/1604/2836
g default
v 2.488084 2.277506 8.113660
v 2.177637 2.277506 7.504375
v 1.694103 2.277506 7.020842
v 1.084817 2.277506 6.710393
v 0.409418 2.277506 6.603421
v -0.265981 2.277506 6.710393
v -0.875268 2.277506 7.020842
v -1.358800 2.277506 7.504375
v -1.669247 2.277506 8.113660
v -1.776219 2.277506 8.789060
v -1.669247 2.277506 9.464460
v -1.358800 2.277506 10.073747
v -0.875267 2.277506 10.557277
v -0.265981 2.277506 10.867726
v 0.409418 2.277506 10.974698
v 1.084817 2.277506 10.867726
v 1.694103 2.277506 10.557277
v 2.177635 2.277506 10.073747
v 2.488082 2.277506 9.464460
v 2.595055 2.225039 8.789060
v 2.488084 2.493486 8.113660
v 2.177637 2.493486 7.504375
v 1.694103 2.493486 7.020842
v 1.084817 2.493486 6.710393
v 0.409418 2.493486 6.603421
v -0.265981 2.493486 6.710393
v -0.875268 2.493486 7.020842
v -1.358800 2.493486 7.504375
v -1.669247 2.493486 8.113660
v -1.776219 2.493486 8.789060
v -1.669247 2.493486 9.464460
v -1.358800 2.450994 10.073747
v -0.875267 2.438042 10.557277
v -0.265981 2.493486 10.867726
v 0.409418 2.493486 10.974698
v 1.084817 2.493486 10.867726
v 1.694103 2.493486 10.557277
v 2.177635 2.493486 10.073747
v 2.488082 2.493486 9.464460
v 2.595055 2.493486 8.789060
v 2.156911 2.493486 8.221267
v 1.895924 2.493486 7.709051
v 1.489428 2.493486 7.302552
v 0.977212 2.493486 7.041566
v 0.409418 2.493486 6.951639
v -0.158377 2.493486 7.041566
v -0.670592 2.493486 7.302552
v -1.077088 2.493486 7.709051
v -1.338075 2.493486 8.221267
v -1.428004 2.493486 8.789060
v -1.338075 2.493486 9.356855
v -1.077088 2.450994 9.869071
v -0.670592 2.493486 10.275568
v -0.158377 2.493486 10.536554
v 0.409418 2.493486 10.626484
v 0.977212 2.493486 10.536554
v 1.489427 2.493486 10.275568
v 1.895924 2.493486 9.869071
v 2.156910 2.493486 9.356855
v 2.246839 2.493486 8.789060
v 1.995177 2.364349 8.273814
v 1.758345 2.364349 7.809008
v 1.389471 2.364349 7.440131
v 0.924662 2.364349 7.203301
v 0.409418 2.364349 7.121693
v -0.105827 2.364349 7.203301
v -0.570635 2.364349 7.440131
v -0.939509 2.364349 7.809008
v -1.176341 2.364349 8.273815
v -1.257947 2.364349 8.789060
v -1.176341 2.364349 9.304304
v -0.939509 2.364349 9.769114
v -0.570635 2.364349 10.137989
v -0.105827 2.364349 10.374820
v 0.409418 2.364349 10.456426
v 0.924662 2.364349 10.374820
v 1.389470 2.364349 10.137989
v 1.758345 2.364349 9.769114
v 1.995176 2.364349 9.304304
v 2.076783 2.364349 8.789060
v 2.812414 2.254192 9.457463
v 2.975387 2.271580 8.796055
v 2.900900 2.464334 8.796055
v 2.737926 2.404454 9.457463
v 2.798486 2.277506 8.003440
v 2.481537 2.277506 7.305315
v 2.362413 2.493486 7.397512
v 2.679363 2.493486 8.003440
v 2.409043 2.248773 10.186332
v 2.719491 2.248773 9.577046
v 2.719491 2.345088 9.577046
v 2.409043 2.309151 10.186332
v 1.426111 2.264915 11.087695
v 1.786459 2.264915 10.777246
v 1.786459 2.340610 10.777246
v 1.426111 2.396280 11.087695
v -0.265981 2.277506 11.145859
v 0.409418 2.277506 11.252832
v 0.409418 2.354768 11.252832
v -0.265981 2.428580 11.145859
v 1.084817 2.277506 11.145859
v 1.084817 2.428580 11.145859
v -1.552814 2.277506 10.233111
v -1.069281 2.277506 10.716643
v -1.069281 2.332997 10.716643
v -1.552814 2.384578 10.233111
v 0.409418 2.364349 7.203301
v 0.409418 2.364349 7.440131
v 0.409418 2.364349 7.809008
v 0.409418 2.364349 8.273815
v 0.409418 2.364349 8.789060
v 0.409418 2.364349 9.304304
v 0.409418 2.364349 9.769114
v 0.409418 2.364349 10.137989
v 0.409418 2.364349 10.374820
v 0.409418 2.277506 10.867726
v 0.409418 2.277506 10.557277
v 0.409417 2.277506 10.073747
v 0.409418 2.277506 9.464460
v 0.406935 2.251302 8.789060
v 0.409418 2.277506 8.113660
v 0.409418 2.277506 7.504375
v 0.409418 2.277506 7.020842
v 0.409418 2.277506 6.710393
vt 0.409061 0.843842
vt 0.409061 0.779719
vt 0.431792 0.779719
vt 0.431792 0.843842
vt 0.409061 0.708638
vt 0.431792 0.708638
vt 0.409061 0.894731
vt 0.431792 0.894731
vt 0.409061 0.637557
vt 0.431792 0.637557
vt 0.409061 0.573433
vt 0.427320 0.573433
vt 0.409061 0.556661
vt 0.420330 0.556661
vt 0.409061 0.505773
vt 0.414901 0.505773
vt 0.223257 0.569896
vt 0.223257 0.505773
vt 0.233394 0.505773
vt 0.229612 0.569896
vt 0.239092 0.575382
vt 0.240922 0.505773
vt 0.261208 0.505773
vt 0.254906 0.575382
vt 0.266905 0.576854
vt 0.272427 0.505773
vt 0.295157 0.505773
vt 0.295157 0.576854
vt 0.330608 0.556661
vt 0.353339 0.556661
vt 0.337249 0.579811
vt 0.329283 0.579811
vt 0.330608 0.505773
vt 0.353339 0.505773
vt 0.329283 0.612484
vt 0.343108 0.612484
vt 0.124300 0.535045
vt 0.101570 0.535045
vt 0.101570 0.505773
vt 0.117469 0.505773
vt 0.073142 0.505773
vt 0.095872 0.505773
vt 0.089041 0.535045
vt 0.073142 0.535045
vt 0.045781 0.136838
vt 0.045781 0.272043
vt 0.013108 0.272043
vt 0.013108 0.200962
vt 0.096669 0.085950
vt 0.096669 0.272043
vt 0.045781 0.407247
vt 0.013108 0.343124
vt 0.001850 0.272043
vt 0.160792 0.053277
vt 0.160792 0.272043
vt 0.096669 0.458136
vt 0.231874 0.042019
vt 0.231874 0.272304
vt 0.160792 0.490808
vt 0.075720 0.053966
vt 0.149192 0.020610
vt 0.302955 0.053278
vt 0.302955 0.272043
vt 0.231874 0.502066
vt 0.367078 0.085950
vt 0.367078 0.272043
vt 0.302955 0.490808
vt 0.232610 0.001992
vt 0.302219 0.019144
vt 0.314804 0.028923
vt 0.378927 0.061596
vt 0.417967 0.272043
vt 0.417967 0.136838
vt 0.367078 0.458136
vt 0.417967 0.407247
vt 0.450639 0.272043
vt 0.450639 0.200962
vt 0.450639 0.343124
vt 0.434739 0.427666
vt 0.383850 0.478555
vt 0.441117 0.127119
vt 0.473789 0.165043
vt 0.461897 0.272043
vt 0.479911 0.200962
vt 0.491169 0.272043
vt 0.479911 0.343124
vt 0.872264 0.767985
vt 0.863675 0.767985
vt 0.863675 0.713759
vt 0.863675 0.822210
vt 0.838750 0.767985
vt 0.838750 0.664841
vt 0.880697 0.708228
vt 0.890161 0.767985
vt 0.838750 0.871128
vt 0.880697 0.827741
vt 0.799929 0.767985
vt 0.799929 0.626019
vt 0.853230 0.654321
vt 0.915550 0.696903
vt 0.926808 0.767985
vt 0.799929 0.909950
vt 0.853230 0.881648
vt 0.915550 0.839066
vt 0.751011 0.767985
vt 0.751011 0.601094
vt 0.810448 0.611540
vt 0.882878 0.632780
vt 0.751011 0.934875
vt 0.810448 0.924429
vt 0.882878 0.903189
vt 0.696785 0.592506
vt 0.696785 0.767985
vt 0.756541 0.584073
vt 0.831989 0.581891
vt 0.696785 0.943463
vt 0.756541 0.951896
vt 0.831989 0.954077
vt 0.696785 0.574608
vt 0.642559 0.767985
vt 0.642559 0.601094
vt 0.767866 0.549219
vt 0.696785 0.961361
vt 0.642559 0.934875
vt 0.767866 0.986750
vt 0.696785 0.537961
vt 0.637028 0.584073
vt 0.593641 0.767985
vt 0.593641 0.626019
vt 0.779466 0.529088
vt 0.843236 0.562445
vt 0.696785 0.998008
vt 0.637028 0.951896
vt 0.593641 0.909950
vt 0.625703 0.549219
vt 0.583121 0.611540
vt 0.554819 0.767985
vt 0.554819 0.664841
vt 0.779466 0.516551
vt 0.852939 0.549908
vt 0.625703 0.986750
vt 0.583121 0.924429
vt 0.554819 0.871128
vt 0.626440 0.522925
vt 0.696049 0.505773
vt 0.561580 0.581892
vt 0.540340 0.654321
vt 0.529894 0.767985
vt 0.529894 0.713759
vt 0.561580 0.954077
vt 0.540340 0.881648
vt 0.529894 0.822210
vt 0.549731 0.557538
vt 0.613855 0.524865
vt 0.510692 0.632780
vt 0.512873 0.708228
vt 0.521306 0.767985
vt 0.510692 0.903189
vt 0.512873 0.827741
vt 0.478019 0.696903
vt 0.503408 0.767985
vt 0.544808 0.974496
vt 0.493920 0.923608
vt 0.478019 0.839066
vt 0.454869 0.660984
vt 0.487542 0.623060
vt 0.466761 0.767985
vt 0.437489 0.767985
vt 0.448748 0.696903
vt 0.448748 0.839066
vt 0.403364 0.588645
vt 0.403364 0.652768
vt 0.380633 0.652768
vt 0.380633 0.588645
vt 0.403364 0.723849
vt 0.380633 0.723849
vt 0.403364 0.537756
vt 0.380633 0.537756
vt 0.403364 0.794931
vt 0.380633 0.794931
vt 0.380633 0.518310
vt 0.403364 0.505773
vt 0.403364 0.859054
vt 0.380633 0.859054
vt 0.300855 0.569896
vt 0.300855 0.505773
vt 0.323585 0.505773
vt 0.317750 0.569896
vt 0.306695 0.590315
vt 0.300855 0.590315
vt 0.359036 0.647935
vt 0.359036 0.576854
vt 0.367168 0.576854
vt 0.374936 0.647935
vt 0.359036 0.505773
vt 0.374936 0.505773
vt 0.217560 0.545800
vt 0.189308 0.545800
vt 0.192376 0.513612
vt 0.212662 0.505773
vt 0.183610 0.539907
vt 0.160880 0.539907
vt 0.158426 0.505773
vt 0.174240 0.513612
vt 0.152728 0.538441
vt 0.129998 0.538441
vt 0.129998 0.505773
vt 0.152728 0.518310
vt 0.043090 0.528503
vt 0.043090 0.505773
vt 0.067444 0.521391
vt 0.067444 0.531527
vt 0.013038 0.531527
vt 0.013038 0.508797
vt 0.037392 0.505773
vt 0.037392 0.512127
vt 0.001850 0.559290
vt 0.001850 0.536559
vt 0.025000 0.535234
vt 0.025000 0.549059
vn 0.774819 0.507738 -0.376639
vn 0.774819 0.507738 -0.376639
vn 0.774819 0.507738 -0.376639
vn 0.774819 0.507738 -0.376639
vn 0.707106 0.000000 -0.707108
vn 0.587786 0.000000 -0.809017
vn 0.587786 0.000000 -0.809017
vn 0.707106 0.000000 -0.707108
vn 0.309019 0.000000 -0.951056
vn 0.309019 0.000000 -0.951056
vn 0.000000 0.000000 -1.000000
vn 0.000000 0.000000 -1.000000
vn -0.309019 0.000000 -0.951056
vn -0.309019 0.000000 -0.951056
vn -0.587786 0.000000 -0.809017
vn -0.587786 0.000000 -0.809017
vn -0.809017 0.000000 -0.587786
vn -0.809017 0.000000 -0.587786
vn -0.951057 0.000000 -0.309017
vn -0.951057 0.000000 -0.309017
vn -1.000000 0.000000 0.000000
vn -1.000000 0.000000 0.000000
vn -0.953556 0.000000 0.301214
vn -0.954509 0.000000 0.298181
vn -0.891007 0.000000 0.453990
vn -0.891007 0.000000 0.453990
vn -0.707106 0.000000 0.707108
vn -0.707106 0.000000 0.707108
vn -0.707106 0.000000 0.707108
vn -0.707106 0.000000 0.707108
vn -0.453992 0.000000 0.891006
vn -0.453992 0.000000 0.891006
vn -0.453992 0.000000 0.891006
vn -0.453992 0.000000 0.891006
vn -0.156435 0.000000 0.987688
vn 0.000000 0.000000 1.000000
vn 0.000000 0.000000 1.000000
vn -0.156435 0.000000 0.987688
vn 0.156436 0.000000 0.987688
vn 0.156436 0.000000 0.987688
vn 0.652703 0.000000 0.757614
vn 0.652703 0.000000 0.757614
vn 0.652703 0.000000 0.757614
vn 0.652703 0.000000 0.757614
vn 0.707106 0.000000 0.707108
vn 0.707106 0.000000 0.707108
vn 0.707106 0.000000 0.707108
vn 0.707106 0.000000 0.707108
vn 0.891006 0.000000 0.453991
vn 0.891006 0.000000 0.453991
vn 0.891006 0.000000 0.453992
vn 0.891006 0.000000 0.453992
vn 0.889994 0.386532 0.241876
vn 0.889994 0.386532 0.241876
vn 0.889994 0.386532 0.241876
vn 0.889994 0.386532 0.241876
vn 0.987689 0.000000 -0.156432
vn 0.987689 0.000000 -0.156432
vn 0.987689 0.000000 -0.156432
vn 0.987689 0.000000 -0.156432
vn 0.000000 -1.000000 -0.000000
vn 0.000000 -1.000000 -0.000000
vn 0.000000 -1.000000 -0.000000
vn 0.000000 -1.000000 -0.000001
vn 0.000000 1.000000 0.000000
vn 0.000000 1.000000 0.000000
vn 0.000000 1.000000 -0.000001
vn 0.000000 1.000000 0.000000
vn 0.000000 1.000000 0.000000
vn 0.000000 1.000000 0.000000
vn 0.000000 1.000000 0.000000
vn 0.000000 1.000000 -0.000000
vn 0.000000 1.000000 -0.000000
vn 0.000000 1.000000 -0.000000
vn 0.000000 1.000000 -0.000000
vn 0.000000 1.000000 -0.000000
vn 0.000000 1.000000 -0.000000
vn 0.000000 1.000000 -0.000000
vn 0.000000 1.000000 -0.000000
vn 0.000000 1.000000 -0.000000
vn 0.000000 1.000000 -0.000000
vn 0.000000 1.000000 -0.000000
vn 0.000000 1.000000 -0.000000
vn 0.000000 1.000000 0.000000
vn 0.000000 1.000000 0.000000
vn 0.000000 1.000000 0.000000
vn 0.000000 1.000000 0.000000
vn 0.000000 1.000000 0.000000
vn 0.000000 1.000000 0.000000
vn 0.000000 1.000000 0.000000
vn 0.000000 1.000000 0.000000
vn 0.000000 1.000000 0.000001
vn 0.000000 1.000000 0.000001
vn 0.000000 1.000000 0.000001
vn 0.000000 1.000000 0.000001
vn 0.000000 1.000000 0.000000
vn 0.000000 1.000000 0.000000
vn 0.000000 1.000000 0.000000
vn 0.000000 1.000000 0.000000
vn 0.000000 1.000000 0.000000
vn 0.000000 1.000000 0.000000
vn 0.000000 1.000000 0.000000
vn 0.000000 1.000000 0.000000
vn 0.000000 1.000000 -0.000000
vn 0.000000 1.000000 -0.000000
vn 0.000000 1.000000 -0.000000
vn 0.000000 1.000000 -0.000000
vn 0.030583 0.997728 0.060023
vn 0.030583 0.997728 0.060023
vn 0.030583 0.997728 0.060023
vn 0.030583 0.997728 0.060023
vn -0.073333 0.996495 0.040260
vn -0.073333 0.996495 0.040260
vn -0.073333 0.996495 0.040260
vn -0.073333 0.996495 0.040260
vn -0.075525 0.995808 0.051605
vn -0.075525 0.995808 0.051605
vn -0.075525 0.995808 0.051605
vn -0.075525 0.995808 0.051605
vn 0.000000 1.000000 0.000000
vn 0.000000 1.000000 0.000000
vn 0.000000 1.000000 0.000000
vn 0.000000 1.000000 0.000000
vn 0.000000 1.000000 0.000000
vn 0.000000 1.000000 0.000000
vn 0.000000 1.000000 0.000000
vn 0.000000 1.000000 0.000000
vn 0.000000 1.000000 0.000000
vn 0.000000 1.000000 0.000000
vn 0.000000 1.000000 0.000000
vn 0.000000 1.000000 0.000000
vn 0.000000 1.000000 -0.000001
vn 0.000000 1.000000 -0.000001
vn 0.000000 1.000000 -0.000001
vn 0.000000 1.000000 -0.000001
vn 0.000000 1.000000 0.000000
vn 0.000000 1.000000 0.000000
vn 0.000000 1.000000 0.000000
vn 0.000000 1.000000 0.000000
vn 0.000000 1.000000 0.000000
vn 0.000000 1.000000 0.000000
vn 0.000000 1.000000 0.000000
vn 0.000000 1.000000 0.000000
vn 0.000000 1.000000 0.000000
vn 0.000000 1.000000 0.000000
vn 0.000000 1.000000 0.000000
vn 0.000000 1.000000 0.000000
vn -0.543086 0.792771 0.276717
vn -0.543086 0.792771 0.276717
vn -0.543086 0.792770 0.276717
vn -0.543086 0.792771 0.276717
vn -0.430996 0.792772 0.430993
vn -0.430996 0.792772 0.430993
vn -0.430996 0.792772 0.430993
vn -0.430996 0.792772 0.430993
vn -0.276714 0.792773 0.543084
vn -0.276714 0.792773 0.543084
vn -0.276714 0.792773 0.543084
vn -0.276714 0.792773 0.543085
vn -0.095350 0.792771 0.602016
vn -0.095350 0.792771 0.602016
vn -0.095350 0.792771 0.602016
vn -0.095350 0.792771 0.602016
vn 0.095349 0.792770 0.602016
vn 0.095349 0.792770 0.602016
vn 0.095349 0.792770 0.602016
vn 0.095349 0.792770 0.602016
vn 0.276714 0.792774 0.543083
vn 0.276714 0.792774 0.543083
vn 0.276714 0.792774 0.543083
vn 0.276714 0.792774 0.543083
vn 0.430996 0.792772 0.430993
vn 0.430996 0.792772 0.430993
vn 0.430996 0.792772 0.430993
vn 0.430996 0.792772 0.430993
vn 0.543086 0.792771 0.276716
vn 0.543086 0.792771 0.276716
vn 0.543086 0.792771 0.276716
vn 0.543086 0.792771 0.276716
vn 0.602015 0.792771 0.095349
vn 0.602015 0.792771 0.095349
vn 0.602015 0.792771 0.095349
vn 0.602015 0.792771 0.095349
vn 0.602016 0.792771 -0.095349
vn 0.602016 0.792771 -0.095349
vn 0.602016 0.792771 -0.095349
vn 0.602016 0.792771 -0.095349
vn 0.496089 0.840925 -0.216198
vn 0.496089 0.840925 -0.216198
vn 0.496089 0.840925 -0.216198
vn 0.496089 0.840925 -0.216198
vn 0.358918 0.840924 -0.405000
vn 0.358918 0.840924 -0.405000
vn 0.358918 0.840924 -0.405000
vn 0.358918 0.840924 -0.405000
vn 0.276715 0.792773 -0.543085
vn 0.276715 0.792772 -0.543085
vn 0.276715 0.792772 -0.543085
vn 0.276715 0.792772 -0.543085
vn 0.095349 0.792773 -0.602013
vn 0.095349 0.792773 -0.602013
vn 0.095349 0.792773 -0.602013
vn 0.095349 0.792773 -0.602013
vn -0.095349 0.792772 -0.602014
vn -0.095349 0.792772 -0.602014
vn -0.095349 0.792772 -0.602014
vn -0.095349 0.792772 -0.602014
vn -0.276714 0.792772 -0.543085
vn -0.276714 0.792772 -0.543085
vn -0.276714 0.792772 -0.543085
vn -0.276714 0.792772 -0.543085
vn -0.430996 0.792772 -0.430994
vn -0.430996 0.792772 -0.430994
vn -0.430996 0.792772 -0.430994
vn -0.430996 0.792772 -0.430994
vn -0.543085 0.792772 -0.276714
vn -0.543085 0.792772 -0.276714
vn -0.543085 0.792772 -0.276714
vn -0.543085 0.792772 -0.276714
vn -0.602014 0.792772 -0.095350
vn -0.602014 0.792772 -0.095350
vn -0.602014 0.792772 -0.095350
vn -0.602014 0.792772 -0.095350
vn -0.602016 0.792771 0.095349
vn -0.602015 0.792771 0.095349
vn -0.602016 0.792771 0.095349
vn -0.602016 0.792771 0.095349
vn 0.032925 -0.998917 0.032862
vn 0.032925 -0.998917 0.032862
vn 0.032925 -0.998917 0.032862
vn 0.032925 -0.998917 0.032862
vn 0.020300 0.003279 -0.999789
vn 0.020300 0.003279 -0.999789
vn 0.020300 0.003279 -0.999789
vn 0.020300 0.003279 -0.999789
vn 0.207268 0.974540 0.085508
vn 0.207268 0.974540 0.085508
vn 0.207268 0.974540 0.085508
vn 0.207268 0.974540 0.085508
vn 0.025371 0.005160 0.999665
vn 0.025371 0.005160 0.999665
vn 0.025371 0.005160 0.999665
vn 0.025371 0.005160 0.999665
vn 0.000000 -1.000000 -0.000000
vn 0.000000 -1.000000 -0.000000
vn 0.000000 -1.000000 -0.000000
vn 0.000000 -1.000000 -0.000000
vn -0.530305 0.034560 -0.847102
vn -0.530305 0.034560 -0.847102
vn -0.530305 0.034560 -0.847102
vn -0.530305 0.034560 -0.847102
vn 0.000000 1.000000 0.000000
vn 0.000000 1.000000 0.000000
vn 0.000000 1.000000 0.000000
vn 0.000000 1.000000 0.000000
vn 0.399827 0.110262 0.909934
vn 0.399827 0.110262 0.909934
vn 0.399827 0.110262 0.909934
vn 0.399827 0.110262 0.909934
vn -0.098887 -0.993822 -0.050386
vn -0.098887 -0.993822 -0.050386
vn -0.098887 -0.993822 -0.050386
vn -0.098887 -0.993822 -0.050386
vn 0.437495 0.000000 -0.899221
vn 0.437495 0.000000 -0.899221
vn 0.437495 0.000000 -0.899221
vn 0.437495 0.000000 -0.899221
vn 0.473918 0.839360 0.266227
vn 0.473918 0.839360 0.266227
vn 0.473918 0.839360 0.266227
vn 0.473918 0.839360 0.266227
vn -0.437494 0.000000 0.899221
vn -0.437494 0.000000 0.899221
vn -0.437494 0.000000 0.899221
vn -0.437494 0.000000 0.899221
vn -0.022451 -0.999133 -0.035061
vn -0.022451 -0.999133 -0.035061
vn -0.022451 -0.999133 -0.035061
vn -0.022451 -0.999133 -0.035061
vn 0.922027 0.000000 -0.387125
vn 0.922027 0.000000 -0.387125
vn 0.922027 0.000000 -0.387125
vn 0.922027 0.000000 -0.387125
vn 0.239333 0.926399 0.290698
vn 0.239333 0.926399 0.290698
vn 0.239333 0.926399 0.290698
vn 0.239333 0.926399 0.290698
vn -0.541742 0.000000 0.840545
vn -0.541742 0.000000 0.840545
vn -0.541742 0.000000 0.840545
vn -0.541742 0.000000 0.840545
vn 0.000000 -1.000000 0.000000
vn 0.000000 -1.000000 0.000000
vn 0.000000 -1.000000 0.000000
vn 0.000000 -1.000000 0.000000
vn -0.003132 0.939057 0.343747
vn -0.003132 0.939057 0.343747
vn -0.003132 0.939057 0.343747
vn -0.003132 0.939057 0.343747
vn -1.000000 0.000000 0.000000
vn -1.000000 0.000000 0.000000
vn -1.000000 0.000000 0.000000
vn -1.000000 0.000000 0.000000
vn 0.000000 -1.000000 0.000000
vn 0.000000 -1.000000 0.000000
vn 0.000000 -1.000000 0.000000
vn 0.000000 -1.000000 0.000000
vn 1.000000 0.000000 0.000000
vn 1.000000 0.000000 0.000000
vn 1.000000 0.000000 0.000000
vn 1.000000 0.000000 0.000000
vn 0.003132 0.939057 0.343748
vn 0.003132 0.939057 0.343748
vn 0.003132 0.939057 0.343748
vn 0.003132 0.939057 0.343748
vn 0.000000 -1.000000 0.000000
vn 0.000000 -1.000000 0.000000
vn 0.000000 -1.000000 0.000000
vn 0.000000 -1.000000 0.000000
vn 0.634731 0.000000 0.772733
vn 0.634731 0.000000 0.772733
vn 0.634731 0.000000 0.772733
vn 0.634731 0.000000 0.772733
vn -0.200520 0.943592 0.263489
vn -0.200520 0.943592 0.263489
vn -0.200520 0.943592 0.263489
vn -0.200520 0.943592 0.263489
vn -0.634729 0.000000 -0.772735
vn -0.634729 0.000000 -0.772735
vn -0.634729 0.000000 -0.772735
vn -0.634729 0.000000 -0.772735
vn 0.000000 1.000000 0.000000
vn 0.000000 1.000000 -0.000000
vn 0.000000 1.000000 -0.000000
vn 0.000000 1.000000 -0.000000
vn 0.000000 1.000000 0.000000
vn 0.000000 1.000000 -0.000000
vn 0.000000 1.000000 -0.000000
vn 0.000000 1.000000 0.000000
vn 0.000000 1.000000 0.000000
vn 0.000000 1.000000 -0.000000
vn 0.000000 1.000000 -0.000000
vn 0.000000 1.000000 -0.000000
vn 0.000000 1.000000 0.000000
vn 0.000000 1.000000 0.000001
vn 0.000000 1.000000 0.000000
vn 0.000000 1.000000 0.000000
vn 0.000000 1.000000 0.000000
vn 0.000000 -1.000000 0.000000
vn -0.004053 -0.999268 -0.038032
vn -0.003391 -0.999764 -0.021434
vn 0.000000 -1.000000 0.000000
vn 0.000000 -1.000000 0.000000
vn -0.004053 -0.999268 0.038032
vn -0.003391 -0.999765 0.021434
vn -0.006152 -0.999981 -0.000000
vn -0.006155 -0.999981 -0.000000
vn 0.000000 -1.000000 -0.000000
vn 0.000000 -1.000000 -0.000000
vn 0.000000 -1.000000 0.000000
vn 0.000000 -1.000000 -0.000000
vn 0.000000 -1.000000 0.000000
vn 0.000000 -1.000000 0.000000
vn 0.000000 -1.000000 -0.000001
vn 0.000000 1.000000 0.000002
vn 0.000000 1.000000 0.000000
vn 0.000000 1.000000 -0.000000
vn 0.000000 1.000000 0.000000
vn 0.000000 1.000000 0.000000
vn 0.000000 1.000000 -0.000000
vn 0.000000 1.000000 0.000000
vn 0.000000 1.000000 -0.000001
vn 0.000000 1.000000 0.000001
vn 0.000000 -1.000000 0.000001
vn 0.000000 -1.000000 -0.000000
vn 0.000000 -1.000000 -0.000000
vn -0.004050 -0.999906 0.013104
vn -0.006148 -0.999981 -0.000000
vn -0.004050 -0.999906 -0.013104
vn 0.000000 -1.000000 -0.000000
vn 0.000000 -1.000000 -0.000000
vn 0.000000 -1.000000 0.000001
s off
g Nut1:pot Nut1:Nut Nut1:campfire
usemtl lambert71SG
f 1128/1777/2837 1129/1778/2838 1130/1769/2839 1131/1768/2840
s 1
f 1045/1815/2841 1046/1809/2842 1066/1812/2843 1065/1816/2844
f 1046/1809/2842 1047/1810/2845 1067/1811/2846 1066/1812/2843
f 1047/1810/2845 1048/1813/2847 1068/1814/2848 1067/1811/2846
f 1048/1813/2847 1049/1817/2849 1069/1818/2850 1068/1814/2848
f 1049/1817/2849 1050/1821/2851 1070/1822/2852 1069/1818/2850
f 1050/1645/2851 1051/1639/2853 1071/1642/2854 1070/1646/2852
f 1051/1639/2853 1052/1640/2855 1072/1641/2856 1071/1642/2854
f 1052/1640/2855 1053/1643/2857 1073/1644/2858 1072/1641/2856
f 1053/1643/2857 1054/1647/2859 1074/1648/2860 1073/1644/2858
f 1054/1647/2859 1055/1649/2861 1075/1650/2862 1074/1648/2860
s off
f 1146/1651/2863 1147/1653/2864 1148/1654/2865 1149/1652/2866
f 1056/1823/2867 1057/1824/2868 1077/1825/2869 1076/1826/2870
s 2
f 1140/1829/2871 1141/1830/2872 1142/1831/2873 1143/1832/2874
f 1141/1830/2872 1144/1833/2875 1145/1834/2876 1142/1831/2873
s off
f 1136/1673/2877 1137/1670/2878 1138/1669/2879 1139/1674/2880
f 1060/1667/2881 1061/1671/2882 1081/1672/2883 1080/1668/2884
f 1132/1655/2885 1133/1656/2886 1134/1657/2887 1135/1658/2888
f 1124/1659/2889 1125/1660/2890 1126/1661/2891 1127/1662/2892
f 1063/1663/2893 1044/1664/2894 1064/1665/2895 1083/1666/2896
s 3
f 1046/1683/2897 1166/1684/2898 1167/1685/2899 1047/1686/2900
s 4
f 1108/1725/2901 1150/1726/2902 1107/1727/2903
s off
f 1064/1760/2904 1065/1753/2905 1085/1745/2906 1084/1752/2907
f 1065/1753/2908 1066/1746/2909 1086/1737/2910 1085/1745/2911
f 1066/1746/2912 1067/1738/2913 1087/1731/2914 1086/1737/2915
f 1067/1738/2916 1068/1739/2917 1088/1732/2918 1087/1731/2919
f 1068/1739/2920 1069/1742/2921 1089/1734/2922 1088/1732/2923
f 1069/1742/2924 1070/1749/2925 1090/1741/2926 1089/1734/2927
f 1070/1749/2928 1071/1756/2929 1091/1748/2930 1090/1741/2931
f 1071/1756/2932 1072/1763/2933 1092/1755/2934 1091/1748/2935
f 1072/1763/2936 1073/1770/2937 1093/1761/2938 1092/1755/2939
f 1073/1770/2940 1074/1779/2941 1094/1771/2942 1093/1761/2943
f 1074/1779/2944 1075/1788/2945 1095/1780/2946 1094/1771/2947
f 1075/1788/2948 1076/1796/2949 1096/1789/2950 1095/1780/2951
f 1076/1796/2952 1077/1802/2953 1097/1797/2954 1096/1789/2955
f 1077/1802/2956 1078/1805/2957 1098/1799/2958 1097/1797/2959
f 1078/1805/2960 1079/1798/2961 1099/1794/2962 1098/1799/2963
f 1079/1798/2964 1080/1793/2965 1100/1785/2966 1099/1794/2967
f 1080/1793/2968 1081/1784/2969 1101/1774/2970 1100/1785/2971
f 1081/1784/2972 1082/1773/2973 1102/1765/2974 1101/1774/2975
f 1082/1773/2976 1083/1764/2977 1103/1757/2978 1102/1765/2979
f 1083/1764/2980 1064/1760/2981 1084/1752/2982 1103/1757/2983
f 1084/1752/2984 1085/1745/2985 1105/1736/2986 1104/1744/2987
f 1085/1745/2988 1086/1737/2989 1106/1730/2990 1105/1736/2991
f 1086/1737/2992 1087/1731/2993 1107/1727/2994 1106/1730/2995
f 1087/1731/2996 1088/1732/2997 1108/1725/2998 1107/1727/2999
f 1088/1732/3000 1089/1734/3001 1109/1728/3002 1108/1725/3003
f 1089/1734/3004 1090/1741/3005 1110/1733/3006 1109/1728/3007
f 1090/1741/3008 1091/1748/3009 1111/1740/3010 1110/1733/3011
f 1091/1748/3012 1092/1755/3013 1112/1747/3014 1111/1740/3015
f 1092/1755/3016 1093/1761/3017 1113/1754/3018 1112/1747/3019
f 1093/1761/3020 1094/1771/3021 1114/1762/3022 1113/1754/3023
f 1094/1771/3024 1095/1780/3025 1115/1772/3026 1114/1762/3027
f 1095/1780/3028 1096/1789/3029 1116/1781/3030 1115/1772/3031
f 1096/1789/3032 1097/1797/3033 1117/1790/3034 1116/1781/3035
f 1097/1797/3036 1098/1799/3037 1118/1795/3038 1117/1790/3039
f 1098/1799/3040 1099/1794/3041 1119/1787/3042 1118/1795/3043
f 1099/1794/3044 1100/1785/3045 1120/1776/3046 1119/1787/3047
f 1100/1785/3048 1101/1774/3049 1121/1767/3050 1120/1776/3051
f 1101/1774/3052 1102/1765/3053 1122/1759/3054 1121/1767/3055
f 1102/1765/3056 1103/1757/3057 1123/1750/3058 1122/1759/3059
f 1103/1757/3060 1084/1752/3061 1104/1744/3062 1123/1750/3063
f 1062/1700/3064 1063/1695/3065 1125/1706/3066 1124/1707/3067
f 1063/1835/3068 1083/1836/3069 1126/1837/3070 1125/1838/3071
f 1083/1764/3072 1082/1773/3073 1127/1782/3074 1126/1783/3075
f 1082/1839/3076 1062/1840/3077 1124/1841/3078 1127/1842/3079
f 1044/1692/3080 1045/1687/3081 1129/1698/3082 1128/1699/3083
f 1045/1815/3084 1065/1816/3085 1130/1819/3086 1129/1820/3087
f 1065/1753/3088 1064/1760/3089 1131/1768/3090 1130/1769/3091
f 1064/1843/3092 1044/1844/3093 1128/1845/3094 1131/1846/3095
f 1061/1703/3096 1062/1700/3097 1133/1708/3098 1132/1709/3099
f 1062/1847/3100 1082/1848/3101 1134/1849/3102 1133/1850/3103
f 1082/1773/3104 1081/1784/3105 1135/1791/3106 1134/1792/3107
f 1081/1851/3108 1061/1852/3109 1132/1853/3110 1135/1854/3111
f 1059/1715/3112 1060/1711/3113 1137/1719/3114 1136/1720/3115
f 1060/1667/3116 1080/1668/3117 1138/1669/3118 1137/1670/3119
f 1080/1793/3120 1079/1798/3121 1139/1803/3122 1138/1804/3123
f 1079/1855/3124 1059/1856/3125 1136/1857/3126 1139/1858/3127
f 1057/1716/3128 1058/1721/3129 1141/1723/3130 1140/1724/3131
f 1078/1805/3132 1077/1802/3133 1143/1808/3134 1142/1806/3135
f 1077/1675/3136 1057/1676/3137 1140/1677/3138 1143/1678/3139
f 1058/1721/3140 1059/1715/3141 1144/1722/3142 1141/1723/3143
f 1059/1679/3144 1079/1680/3145 1145/1681/3146 1144/1682/3147
f 1079/1798/3148 1078/1805/3149 1142/1806/3150 1145/1807/3151
f 1055/1712/3152 1056/1713/3153 1147/1717/3154 1146/1718/3155
f 1056/1823/3156 1076/1826/3157 1148/1827/3158 1147/1828/3159
f 1076/1796/3160 1075/1788/3161 1149/1800/3162 1148/1801/3163
f 1075/1650/3164 1055/1649/3165 1146/1651/3166 1149/1652/3167
s 4
f 1151/1729/3168 1152/1735/3169 1105/1736/3170 1106/1730/3171
f 1150/1726/2902 1151/1729/3168 1106/1730/3171 1107/1727/2903
f 1123/1750/3172 1104/1744/3173 1153/1743/3174 1154/1751/3175
f 1152/1735/3169 1153/1743/3174 1104/1744/3173 1105/1736/3170
f 1122/1759/3176 1155/1758/3177 1156/1766/3178 1121/1767/3179
f 1123/1750/3172 1154/1751/3175 1155/1758/3177 1122/1759/3176
f 1121/1767/3179 1156/1766/3178 1157/1775/3180 1120/1776/3181
f 1119/1787/3182 1158/1786/3183 1118/1795/3184
f 1120/1776/3181 1157/1775/3180 1158/1786/3183 1119/1787/3182
s 3
f 1047/1686/2900 1167/1685/2899 1048/1691/3185
f 1044/1692/3186 1164/1693/3187 1165/1688/3188 1045/1687/3189
f 1045/1687/3189 1165/1688/3188 1166/1684/2898 1046/1683/2897
f 1062/1700/3190 1162/1701/3191 1163/1696/3192 1063/1695/3193
f 1063/1695/3193 1163/1696/3192 1164/1693/3187 1044/1692/3186
f 1160/1710/3194 1161/1704/3195 1061/1703/3196 1060/1711/3197
f 1062/1700/3190 1061/1703/3196 1161/1704/3195 1162/1701/3191
f 1058/1721/3198 1159/1714/3199 1059/1715/3200
f 1159/1714/3199 1160/1710/3194 1060/1711/3197 1059/1715/3200
s 4
f 1109/1728/3201 1150/1726/2902 1108/1725/2901
f 1110/1733/3202 1151/1729/3168 1150/1726/2902 1109/1728/3201
f 1111/1740/3203 1152/1735/3169 1151/1729/3168 1110/1733/3202
f 1112/1747/3204 1153/1743/3174 1152/1735/3169 1111/1740/3203
f 1154/1751/3175 1153/1743/3174 1112/1747/3204 1113/1754/3205
f 1155/1758/3177 1154/1751/3175 1113/1754/3205 1114/1762/3206
f 1156/1766/3178 1155/1758/3177 1114/1762/3206 1115/1772/3207
f 1157/1775/3180 1156/1766/3178 1115/1772/3207 1116/1781/3208
f 1158/1786/3183 1157/1775/3180 1116/1781/3208 1117/1790/3209
f 1118/1795/3184 1158/1786/3183 1117/1790/3209
s 3
f 1057/1716/3210 1159/1714/3199 1058/1721/3198
f 1056/1713/3211 1160/1710/3194 1159/1714/3199 1057/1716/3210
f 1055/1712/3212 1161/1704/3195 1160/1710/3194 1056/1713/3211
f 1162/1701/3191 1161/1704/3195 1055/1712/3212 1054/1705/3213
f 1163/1696/3192 1162/1701/3191 1054/1705/3213 1053/1702/3214
f 1164/1693/3187 1163/1696/3192 1053/1702/3214 1052/1697/3215
f 1165/1688/3188 1164/1693/3187 1052/1697/3215 1051/1694/3216
f 1166/1684/2898 1165/1688/3188 1051/1694/3216 1050/1689/3217
f 1167/1685/2899 1166/1684/2898 1050/1689/3217 1049/1690/3218
f 1048/1691/3185 1167/1685/2899 1049/1690/3218
