#File written by LIBUNFOLD3D. Compilation :Dec 22 2011,11:53:02
mtllib Sofa.mtl
#begin vertices
v 3.2777769999999999 -0.015141999999999999 3.6814339999999999
v -3.4639519999999999 -0.015141999999999999 3.5068250000000001
v 3.4267530000000002 0.74934299999999998 3.5487160000000002
v -3.6058569999999999 0.74934299999999998 3.3665729999999998
v 3.3412890000000002 0.74934299999999998 6.8485129999999996
v -3.6913209999999999 0.74934299999999998 6.6663699999999997
v 3.1993830000000001 -0.015141999999999999 6.7082610000000003
v -3.5423460000000002 -0.015141999999999999 6.5336509999999999
v -0.093088000000000004 -0.015141999999999999 3.5941299999999998
v -0.089551000000000006 0.74934299999999998 3.4576449999999999
v -0.175015 0.74934299999999998 6.757441
v -0.171482 -0.015141999999999999 6.6209559999999996
v 2.6326930000000002 -0.015141999999999999 3.6647270000000001
v 2.7234919999999998 0.74934199999999995 3.5305010000000001
v 2.6380279999999998 0.74934199999999995 6.830298
v 2.5542980000000002 -0.015141999999999999 6.6915529999999999
v -2.818867 -0.015141999999999999 3.5235319999999999
v -2.902596 0.74934199999999995 3.3847870000000002
v -2.9880599999999999 0.74934199999999995 6.6845840000000001
v -2.8972609999999999 -0.015141999999999999 6.5503590000000003
v 3.3583820000000002 0.74934199999999995 6.1885529999999997
v 3.2150620000000001 -0.015141999999999999 6.1028950000000002
v 2.6551209999999998 -0.015141999999999999 6.1703390000000002
v -0.15792400000000001 -0.015141999999999999 6.0974820000000003
v -2.9709680000000001 -0.015141999999999999 6.0246240000000002
v -3.5266670000000002 -0.015141999999999999 5.9282859999999999
v -3.674229 0.74934199999999995 6.0064099999999998
v -2.9657480000000001 0.74934199999999995 5.8230870000000001
v -0.15270400000000001 0.74934199999999995 5.8959440000000001
v 2.6603409999999998 0.74934199999999995 5.968801
v 2.7234919999999998 2.2729910000000002 3.5305010000000001
v 2.6574689999999999 2.2826749999999998 6.0796849999999996
v 2.6380279999999998 2.2826749999999998 6.830298
v -2.96862 2.2826749999999998 5.9339709999999997
v -2.902596 2.2729910000000002 3.3847870000000002
v -2.9880599999999999 2.2826749999999998 6.6845840000000001
v -0.175016 3.5870679999999999 6.757441
v -2.9880599999999999 3.5870679999999999 6.6845840000000001
v 2.6380279999999998 3.5870679999999999 6.830298
v -0.15854399999999999 2.2923619999999998 6.1214279999999999
v -0.175016 2.2923619999999998 6.757441
v -2.8032119999999998 1.3962030000000001 5.8416100000000002
v -2.7423310000000001 1.3928689999999999 3.4909729999999999
v 2.497064 1.3962030000000001 5.9788860000000001
v 2.5579450000000001 1.3928689999999999 3.6282489999999998
v 3.1838069999999998 2.255776 3.542424
v 3.2818200000000002 2.205819 3.5449619999999999
v 3.359604 2.128009 3.546977
v 3.409545 2.0299610000000001 3.54827
v 3.4267530000000002 1.9212769999999999 3.5487160000000002
v 3.0751580000000001 2.2729910000000002 3.5396100000000001
v 3.3583820000000002 1.9236740000000001 6.1885529999999997
v 3.3413539999999999 2.032187 6.1881120000000003
v 3.2919070000000001 2.1302620000000001 6.1868319999999999
v 3.2147999999999999 2.2084640000000002 6.1848349999999996
v 3.1174469999999999 2.2592720000000002 6.1823129999999997
v 3.0092150000000002 2.2777989999999999 6.1795099999999996
v 3.3242609999999999 2.032187 6.8480720000000002
v 3.2748140000000001 2.1302620000000001 6.8467909999999996
v 3.1977069999999999 2.2084640000000002 6.8447940000000003
v 3.1003539999999998 2.2592720000000002 6.8422729999999996
v 2.9921220000000002 2.2777989999999999 6.8394690000000002
v 3.3412890000000002 1.9236740000000001 6.8485129999999996
v -3.325062 2.2777989999999999 6.0154540000000001
v -3.4332940000000001 2.2592720000000002 6.0126499999999998
v -3.5306470000000001 2.2084640000000002 6.0101290000000001
v -3.6077539999999999 2.1302620000000001 6.0081319999999998
v -3.6572010000000001 2.032187 6.0068510000000002
v -3.674229 1.9236740000000001 6.0064099999999998
v -3.5886490000000002 2.0299610000000001 3.3670179999999998
v -3.5387080000000002 2.128009 3.368312
v -3.460925 2.205819 3.3703259999999999
v -3.362911 2.255776 3.372865
v -3.2542620000000002 2.2729910000000002 3.3756789999999999
v -3.6058569999999999 1.9212769999999999 3.3665729999999998
v -3.342155 2.2777989999999999 6.6754129999999998
v -3.4503870000000001 2.2592720000000002 6.6726099999999997
v -3.5477400000000001 2.2084640000000002 6.6700879999999998
v -3.6248469999999999 2.1302620000000001 6.6680910000000004
v -3.674293 2.032187 6.666811
v -3.6913209999999999 1.9236740000000001 6.6663699999999997
v -2.9283220000000001 0.75887099999999996 5.7918089999999998
v -2.866841 0.75887099999999996 3.4180250000000001
v -0.090387999999999996 0.75887099999999996 3.489935
v 2.686064 0.75887099999999996 3.5618439999999998
v 2.6245829999999999 0.75887099999999996 5.9356280000000003
v -0.151869 0.75887099999999996 5.8637189999999997
v -2.9569220000000001 0.77283299999999999 5.9017569999999999
v -2.8919160000000002 0.77616799999999997 3.3918629999999999
v -0.089727000000000001 0.77616799999999997 3.4644400000000002
v 2.7124600000000001 0.77616799999999997 3.5370149999999998
v 2.6474540000000002 0.77283299999999999 6.0469090000000003
v -0.15473400000000001 0.77283299999999999 5.9743329999999997
v 2.6465740000000002 2.2826749999999998 6.5003190000000002
v 2.6465740000000002 3.8353820000000001 6.5003190000000002
v -2.979514 2.2826749999999998 6.3546040000000001
v -2.979514 3.8353820000000001 6.3546040000000001
v -0.16647000000000001 3.8353820000000001 6.4274610000000001
v -0.15792400000000001 3.6703540000000001 6.0974820000000003
v -0.158249 3.733508 6.1100399999999997
v -0.15917500000000001 3.7870469999999998 6.1458009999999996
v -0.16056100000000001 3.8228200000000001 6.1993229999999997
v -0.16219600000000001 3.8353820000000001 6.2624550000000001
v -2.975241 3.8353820000000001 6.1895980000000002
v -2.9736050000000001 3.8228200000000001 6.1264649999999996
v -2.9722189999999999 3.7870469999999998 6.0729439999999997
v -2.9712930000000002 3.733508 6.0371819999999996
v -2.9709680000000001 3.6703540000000001 6.0246240000000002
v 2.6551209999999998 3.6703540000000001 6.1703390000000002
v 2.6547960000000002 3.733508 6.1828969999999996
v 2.6538689999999998 3.7870469999999998 6.2186589999999997
v 2.6524830000000001 3.8228200000000001 6.2721799999999996
v 2.6508479999999999 3.8353820000000001 6.3353120000000001
v -2.9839199999999999 3.8109120000000001 6.5247200000000003
v -0.170876 3.8109120000000001 6.5975780000000004
v 2.6421679999999999 3.8109120000000001 6.6704350000000003
v -2.987085 3.7421790000000001 6.6468980000000002
v -0.17404 3.7421790000000001 6.7197550000000001
v 2.6390039999999999 3.7421790000000001 6.7926120000000001
v 3.4267530000000002 0.12983600000000001 3.5487160000000002
v 3.3583820000000002 0.12983600000000001 6.1885529999999997
v 3.3412890000000002 0.12983600000000001 6.8485129999999996
v 2.6380279999999998 0.12983600000000001 6.830298
v -0.17501700000000001 0.12983600000000001 6.757441
v -2.9880599999999999 0.12983600000000001 6.6845840000000001
v -3.6913209999999999 0.12983600000000001 6.6663699999999997
v -3.674229 0.12983600000000001 6.0064099999999998
v -3.6058569999999999 0.12983600000000001 3.3665729999999998
v -2.902596 0.12983600000000001 3.3847870000000002
v -0.089552999999999994 0.12983600000000001 3.4576449999999999
v 2.7234919999999998 0.12983600000000001 3.5305010000000001
v -0.098173999999999997 0.77616799999999997 3.4642210000000002
v -0.117771 1.3928689999999999 3.5589490000000001
v -0.17865200000000001 1.3962030000000001 5.909586
v -0.16317999999999999 0.77283299999999999 5.9741140000000001
v -0.081281999999999993 0.77616799999999997 3.464658
v -0.066614999999999994 1.3928689999999999 3.5602740000000002
v -0.127496 1.3962030000000001 5.9109109999999996
v -0.146288 0.77283299999999999 5.9745520000000001
v 1.10381 1.2901530000000001 4.6646219999999996
v 1.098519 1.290443 4.8689260000000001
v 1.3266309999999999 1.290443 4.8748339999999999
v 1.3319220000000001 1.2901530000000001 4.6705300000000003
v -1.5771980000000001 1.290443 4.7996249999999998
v -1.3490850000000001 1.290443 4.8055329999999996
v -1.3437939999999999 1.2901530000000001 4.601229
v -1.571906 1.2901530000000001 4.5953210000000002
v 1.139734 1.3415840000000001 4.6985130000000002
v 1.1361490000000001 1.34178 4.8369400000000002
v 1.290707 1.34178 4.8409430000000002
v 1.294292 1.3415840000000001 4.7025160000000001
v -1.5395669999999999 1.3417809999999999 4.767639
v -1.3850089999999999 1.3417809999999999 4.7716419999999999
v -1.381424 1.3415840000000001 4.633216
v -1.535982 1.3415840000000001 4.629213
v 2.4401519999999999 1.5649500000000001 5.3452440000000001
v 2.1639010000000001 1.5116369999999999 5.285158
v 1.8663559999999999 1.4808669999999999 5.2686739999999999
v 1.586848 1.4665840000000001 5.282108
v 1.290664 1.467015 5.3271300000000004
v 1.0174449999999999 1.492251 5.4136259999999998
v 2.4919509999999998 1.8317030000000001 5.3515139999999999
v 2.1418810000000001 1.834881 5.2561179999999998
v 1.8356460000000001 1.8537840000000001 5.2338589999999998
v 1.576001 1.840516 5.2463389999999999
v 1.276818 1.7906770000000001 5.2976970000000003
v 0.93962500000000004 1.752381 5.426126
v 2.4962849999999999 2.081658 5.3928229999999999
v 2.0954640000000002 2.0918070000000002 5.2830000000000004
v 1.806888 2.095297 5.2593550000000002
v 1.5823560000000001 2.0838230000000002 5.2701469999999997
v 1.2992220000000001 2.0511200000000001 5.3212710000000003
v 0.91386500000000004 2.0007980000000001 5.4688809999999997
v 2.4873069999999999 2.3095020000000002 5.4524540000000004
v 2.0874890000000001 2.2942939999999998 5.3363480000000001
v 1.800459 2.262448 5.3033010000000003
v 1.5759270000000001 2.2509749999999999 5.3140929999999997
v 1.291631 2.2536260000000001 5.3746010000000002
v 0.90528799999999998 2.2286630000000001 5.5284930000000001
v 2.4645579999999998 2.5266199999999999 5.5362920000000004
v 2.1116160000000002 2.4974759999999998 5.427581
v 1.8062739999999999 2.439276 5.3835309999999996
v 1.55986 2.426685 5.3953749999999996
v 1.2558039999999999 2.4537450000000001 5.4687159999999997
v 0.91375399999999996 2.4473760000000002 5.6108310000000001
v 2.3660969999999999 2.8043689999999999 5.6937430000000004
v 2.098989 2.803293 5.656453
v 1.80999 2.7897979999999998 5.6453610000000003
v 1.545579 2.7762869999999999 5.6580700000000004
v 1.2591000000000001 2.7603749999999998 5.6968220000000001
v 0.99806399999999995 2.7344629999999999 5.7594979999999998
v 2.3607840000000002 2.8319930000000002 5.8401560000000003
v 2.0991249999999999 2.827442 5.8191829999999998
v 1.8148789999999999 2.8169900000000001 5.8173570000000003
v 1.5544260000000001 2.8036799999999999 5.8298750000000004
v 1.2720750000000001 2.7851819999999998 5.8589349999999998
v 1.0145230000000001 2.7631990000000002 5.9048639999999999
v 2.3675440000000001 2.8009469999999999 5.9592320000000001
v 2.1072440000000001 2.7945449999999998 5.9454979999999997
v 1.8229280000000001 2.7834469999999998 5.9461170000000001
v 1.562184 2.7701229999999999 5.9586499999999996
v 1.2794650000000001 2.752246 5.9852850000000002
v 1.0223770000000001 2.7322090000000001 6.0238860000000001
v 2.3811640000000001 2.709625 6.0563099999999999
v 2.1239789999999998 2.7033330000000002 6.0426200000000003
v 1.8365260000000001 2.6920600000000001 6.0434429999999999
v 1.567323 2.6783039999999998 6.0563820000000002
v 1.28146 2.6602809999999999 6.0831150000000003
v 1.0274639999999999 2.6404519999999998 6.1213749999999996
v 2.4810189999999999 2.423759 5.9299390000000001
v 2.2122470000000001 2.413907 5.9280910000000002
v 1.892741 2.3906239999999999 5.96915
v 1.535207 2.3723550000000002 5.9863340000000003
v 1.2125360000000001 2.3628230000000001 5.9761420000000003
v 0.94557000000000002 2.3452989999999998 6.0037399999999996
v 2.5126089999999999 2.204771 5.8549930000000003
v 2.2440709999999999 2.1866989999999999 5.8714269999999997
v 1.9201889999999999 2.145492 5.9425039999999996
v 1.530408 2.125575 5.961239
v 1.198709 2.1332819999999999 5.921672
v 0.929392 2.1238700000000001 5.9310890000000001
v 2.5214539999999999 1.976831 5.7949130000000002
v 2.2540930000000001 1.9333180000000001 5.8042030000000002
v 1.9312549999999999 1.873828 5.8710430000000002
v 1.540243 1.8538479999999999 5.8898359999999998
v 1.2081230000000001 1.8798699999999999 5.8544780000000003
v 0.93806699999999998 1.895921 5.8710180000000003
v 2.5083549999999999 1.729195 5.7469999999999999
v 2.2413539999999998 1.666747 5.7322569999999997
v 1.926129 1.6104909999999999 5.7463439999999997
v 1.5601700000000001 1.591791 5.7639329999999998
v 1.2409650000000001 1.6156280000000001 5.7803399999999998
v 0.971638 1.6506700000000001 5.820862
v 2.4526349999999999 1.4717279999999999 5.7190000000000003
v 2.1915309999999999 1.4100159999999999 5.6830299999999996
v 1.8947719999999999 1.3694489999999999 5.6747940000000003
v 1.6088899999999999 1.354841 5.6885349999999999
v 1.3116989999999999 1.365057 5.7253189999999998
v 1.0503180000000001 1.4000699999999999 5.7864019999999998
v 2.4603709999999999 1.501282 5.590185
v 2.1921930000000001 1.439497 5.5414539999999999
v 1.8897870000000001 1.398579 5.5288349999999999
v 1.5969009999999999 1.383613 5.5429120000000003
v 1.294503 1.393626 5.5846020000000003
v 1.0273300000000001 1.4280539999999999 5.6590639999999999
v 2.452299 1.53403 5.4646299999999997
v 2.1837300000000002 1.4745470000000001 5.4069019999999997
v 1.8807799999999999 1.435881 5.3908560000000003
v 1.5888279999999999 1.420963 5.4048889999999998
v 1.2864469999999999 1.428696 5.4500299999999999
v 1.0199819999999999 1.4608399999999999 5.533474
v 0.94500099999999998 1.6844969999999999 5.6826999999999996
v 0.93680699999999995 1.7192810000000001 5.5491970000000004
v 0.91293500000000005 1.932018 5.7290809999999999
v 0.90464800000000001 1.9673579999999999 5.5934530000000002
v 0.90444899999999995 2.1602220000000001 5.7891719999999998
v 0.89614199999999999 2.1956560000000001 5.6531830000000003
v 0.91954899999999995 2.3822290000000002 5.8674460000000002
v 0.91140100000000002 2.4168189999999998 5.7346909999999998
v 2.5180750000000001 1.76488 5.6070900000000004
v 2.5098799999999999 1.7996650000000001 5.4735880000000003
v 2.5290910000000002 2.014602 5.6514009999999999
v 2.5207290000000002 2.049938 5.5157769999999999
v 2.5200339999999999 2.2427769999999998 5.7115200000000002
v 2.5116480000000001 2.2782070000000001 5.5755340000000002
v 2.489992 2.4624779999999999 5.791963
v 2.4818440000000002 2.4970669999999999 5.6592079999999996
v 1.734324 2.1320320000000001 5.2734959999999997
v 1.752459 2.1512440000000002 5.2773890000000003
v 1.758394 2.1765300000000001 5.2836129999999999
v 1.7899890000000001 2.1066790000000002 5.2633999999999999
v 1.70885 2.124037 5.2729759999999999
v 1.737474 2.170423 5.3037809999999999
v 1.7334959999999999 2.1534770000000001 5.2996100000000004
v 1.721344 2.1406019999999999 5.2970009999999998
v 1.704272 2.1352440000000001 5.2966530000000001
v 1.632287 2.1451030000000002 5.2831650000000003
v 1.6518250000000001 2.1278160000000002 5.2774609999999997
v 1.677813 2.1224509999999999 5.2744679999999997
v 1.598319 2.0968849999999999 5.2726119999999996
v 1.624433 2.1696849999999999 5.2900510000000001
v 1.647699 2.165835 5.3080959999999999
v 1.6834720000000001 2.1341809999999999 5.2976530000000004
v 1.666056 2.1377769999999998 5.299658
v 1.652962 2.149362 5.3034800000000004
v 1.6485030000000001 2.2141829999999998 5.3001680000000002
v 1.630369 2.1949709999999998 5.2962759999999998
v 1.5928310000000001 2.2395719999999999 5.3101260000000003
v 1.673977 2.222178 5.3006880000000001
v 1.680901 2.2010139999999998 5.3152239999999997
v 1.6516770000000001 2.1827809999999999 5.3122670000000003
v 1.6638299999999999 2.1956560000000001 5.3148759999999999
v 1.7505409999999999 2.2011120000000002 5.2904999999999998
v 1.7310019999999999 2.2183989999999998 5.2962030000000002
v 1.7050149999999999 2.2237640000000001 5.2991960000000002
v 1.7845 2.2493660000000002 5.3009139999999997
v 1.7017009999999999 2.2020770000000001 5.3142240000000003
v 1.719117 2.1984819999999998 5.3122179999999997
v 1.7322109999999999 2.1868970000000001 5.3083960000000001
v 0.60360199999999997 1.528125 5.4355979999999997
v 0.32914900000000002 1.482307 5.3624980000000004
v 0.031988999999999997 1.4595720000000001 5.3319939999999999
v -0.24812400000000001 1.452814 5.3322529999999997
v -0.54597899999999999 1.461195 5.3633069999999998
v -0.82218599999999997 1.4937279999999999 5.4369170000000002
v 0.66219899999999998 1.7933829999999999 5.4447919999999996
v 0.317214 1.8060449999999999 5.3330580000000003
v 0.012983 1.833202 5.2964700000000002
v -0.247224 1.826924 5.29671
v -0.54972299999999996 1.7851300000000001 5.3338599999999996
v -0.89348799999999995 1.755852 5.446231
v 0.67130100000000004 2.0431050000000002 5.4867249999999999
v 0.27650599999999997 2.0641120000000002 5.3582080000000003
v -0.010442 2.075386 5.3210360000000003
v -0.23546 2.069957 5.3212440000000001
v -0.52146000000000003 2.0448599999999999 5.3589460000000004
v -0.91454500000000005 2.0048469999999998 5.4881919999999997
v 0.66565600000000003 2.2710729999999999 5.5462930000000004
v 0.27147500000000002 2.2667079999999999 5.4115000000000002
v -0.014435999999999999 2.2426240000000002 5.3649430000000002
v -0.239454 2.2371949999999998 5.365151
v -0.52610599999999996 2.2474660000000002 5.4122380000000003
v -0.91978899999999997 2.2328239999999999 5.5477600000000002
v 0.64483299999999999 2.4886740000000001 5.6293740000000003
v 0.29673699999999997 2.4691109999999998 5.5041450000000003
v -0.0076490000000000004 2.4191829999999999 5.4456870000000004
v -0.25459599999999999 2.4132250000000002 5.4459160000000004
v -0.56092799999999998 2.4484210000000002 5.5049390000000002
v -0.90932999999999997 2.4511810000000001 5.6308119999999997
v 0.54657699999999998 2.7688799999999998 5.7825420000000003
v 0.28158499999999997 2.77502 5.7327399999999997
v -0.0068300000000000001 2.76932 5.708056
v -0.271814 2.7629280000000001 5.7083009999999996
v -0.56012200000000001 2.7547139999999999 5.7335190000000003
v -0.82441799999999998 2.7358039999999999 5.783811
v 0.53512899999999997 2.7965490000000002 5.9285949999999996
v 0.27471899999999999 2.7990599999999999 5.8953420000000003
v -0.0093050000000000008 2.796268 5.8801410000000001
v -0.27032299999999998 2.7899699999999998 5.8803830000000001
v -0.55412300000000003 2.7790650000000001 5.896109
v -0.81404699999999997 2.7639999999999998 5.929843
v 0.53544599999999998 2.7652610000000002 6.0477990000000004
v 0.276001 2.7658800000000001 6.0218369999999997
v -0.0082240000000000004 2.7624430000000002 6.0090750000000002
v -0.26953300000000002 2.7561390000000001 6.0093170000000002
v -0.55357000000000001 2.7458670000000001 6.0226050000000004
v -0.812635 2.7327379999999999 6.0490459999999997
v 0.54202600000000001 2.6735479999999998 6.1452390000000001
v 0.285694 2.6741920000000001 6.1194680000000004
v -0.001678 2.6706650000000001 6.1067619999999998
v -0.27146500000000001 2.6641560000000002 6.1070120000000001
v -0.55864899999999995 2.6538219999999999 6.1202490000000003
v -0.81460500000000002 2.640819 6.1464939999999997
v 0.63999600000000001 2.3851710000000002 6.0231680000000001
v 0.37143900000000002 2.3825630000000002 6.0086740000000001
v 0.049846000000000001 2.3678689999999998 6.0346299999999999
v -0.30846200000000001 2.3592249999999999 6.0349620000000002
v -0.63043700000000003 2.358393 6.009601
v -0.89877899999999999 2.3480490000000001 6.024591
v 0.66917800000000005 2.165457 5.9493799999999997
v 0.39977600000000002 2.154614 5.953144
v 0.071919999999999998 2.1221030000000001 6.0088470000000003
v -0.31870599999999999 2.112679 6.0092080000000001
v -0.64785000000000004 2.12934 5.9541130000000004
v -0.91746799999999995 2.1271789999999999 5.9508479999999997
v 0.674709 1.937398 5.8893570000000004
v 0.406134 1.9010959999999999 5.885993
v 0.079028000000000001 1.850282 5.9374779999999996
v -0.31283 1.8408279999999999 5.9378399999999996
v -0.64210100000000003 1.875807 5.8869629999999997
v -0.912107 1.8991150000000001 5.8908259999999997
v 0.65722800000000003 1.6902330000000001 5.8404199999999999
v 0.38963300000000001 1.635008 5.8130300000000004
v 0.072696999999999998 1.587253 5.8121850000000004
v -0.29405399999999998 1.5784050000000001 5.8125239999999998
v -0.61292199999999997 1.6108210000000001 5.8139580000000004
v -0.88281799999999999 1.6530800000000001 5.8418460000000003
v 0.59598600000000002 1.4343760000000001 5.8093519999999996
v 0.33529900000000001 1.3797410000000001 5.7610390000000002
v 0.038272 1.3471850000000001 5.7387920000000001
v -0.24822900000000001 1.340274 5.7390569999999999
v -0.54643799999999998 1.3584689999999999 5.7618539999999996
v -0.80936799999999998 1.4004719999999999 5.8106530000000003
v 0.61056200000000005 1.463789 5.6810989999999997
v 0.34340900000000002 1.409278 5.6197059999999999
v 0.040940999999999998 1.3765270000000001 5.5928139999999997
v -0.25258000000000003 1.3694459999999999 5.5930859999999996
v -0.55622499999999997 1.387575 5.6205379999999998
v -0.82558200000000004 1.429141 5.6824279999999998
v 0.60928599999999999 1.4968170000000001 5.555364
v 0.34222799999999998 1.444623 5.4849699999999997
v 0.039437 1.4141410000000001 5.4546349999999997
v -0.25314700000000001 1.4070819999999999 5.4549050000000001
v -0.55699900000000002 1.42293 5.4858019999999996
v -0.82613300000000001 1.462188 5.556692
v -0.90200999999999998 1.687694 5.7026469999999998
v -0.90298 1.7227669999999999 5.5689719999999996
v -0.929558 1.935961 5.7479319999999996
v -0.93050500000000003 1.9715929999999999 5.6121309999999998
v -0.934724 2.1642749999999999 5.8079840000000003
v -0.93567199999999995 2.2000009999999999 5.6718200000000003
v -0.91736099999999998 2.385748 5.8872939999999998
v -0.91832499999999995 2.4206240000000001 5.7543680000000004
v 0.67447100000000004 1.725727 5.7011890000000003
v 0.67350100000000002 1.7607999999999999 5.5675129999999999
v 0.69009900000000002 1.9750350000000001 5.7464339999999998
v 0.68907499999999999 2.0106649999999999 5.6106319999999998
v 0.68435999999999997 2.203335 5.8064859999999996
v 0.68333299999999997 2.2390590000000001 5.6703219999999996
v 0.65648300000000004 2.4237169999999999 5.8858370000000004
v 0.65551899999999996 2.458593 5.7529120000000002
v -0.082575999999999997 2.1140539999999999 5.3318199999999996
v -0.064134999999999998 2.132768 5.3365960000000001
v -0.057820999999999997 2.1578810000000002 5.34314
v -0.027199999999999998 2.0872160000000002 5.3243029999999996
v -0.10820299999999999 2.1067480000000001 5.3300890000000001
v -0.085095000000000004 2.1522009999999998 5.3622959999999997
v -0.088830999999999993 2.137343 5.3584250000000004
v -0.099740999999999996 2.126271 5.3555989999999998
v -0.114902 2.1219489999999999 5.3545749999999996
v -0.18456700000000001 2.1298629999999998 5.3367079999999998
v -0.16525400000000001 2.1120589999999999 5.3318969999999997
v -0.13930799999999999 2.105998 5.3301179999999997
v -0.21928500000000001 2.0825819999999999 5.3244809999999996
v -0.19207199999999999 2.1546430000000001 5.3432639999999996
v -0.164521 2.1502840000000001 5.3623690000000002
v -0.13330400000000001 2.121505 5.3545920000000002
v -0.14865400000000001 2.1250909999999998 5.3556439999999998
v -0.16008 2.135624 5.3584909999999999
v -0.16731699999999999 2.1984699999999999 5.3545829999999999
v -0.18575900000000001 2.1797559999999998 5.3498070000000002
v -0.222694 2.2253430000000001 5.3619620000000001
v -0.14169100000000001 2.2057760000000002 5.3563140000000002
v -0.134714 2.180536 5.3700900000000003
v -0.16078500000000001 2.1651419999999999 5.3662400000000003
v -0.14987500000000001 2.1762139999999999 5.3690660000000001
v -0.065326999999999996 2.182661 5.3496959999999998
v -0.084640000000000007 2.2004649999999999 5.3545069999999999
v -0.110586 2.2065260000000002 5.3562849999999997
v -0.030609999999999998 2.229978 5.3617840000000001
v -0.116312 2.1809799999999999 5.3700729999999997
v -0.100962 2.1773940000000001 5.369021
v -0.089536000000000004 2.1668609999999999 5.3661750000000001
v -1.4073260000000001 1.4840930000000001 5.373678
v -1.6708369999999999 1.4481489999999999 5.2639620000000003
v -1.9617720000000001 1.436048 5.1935190000000002
v -2.239417 1.439282 5.1559460000000001
v -2.5382549999999999 1.458251 5.1465800000000002
v -2.820554 1.500551 5.1824339999999998
v -1.3412029999999999 1.7470840000000001 5.3921849999999996
v -1.667279 1.77213 5.2350029999999999
v -1.962636 1.810147 5.1578580000000001
v -2.2205509999999999 1.81315 5.1229560000000003
v -2.5265789999999999 1.782138 5.1187199999999997
v -2.8831850000000001 1.7650429999999999 5.1835190000000004
v -1.3290569999999999 1.996289 5.4363669999999997
v -1.7018960000000001 2.0314640000000002 5.2558829999999999
v -1.98062 2.0529920000000002 5.180402
v -2.2036560000000001 2.0555889999999999 5.15022
v -2.4928330000000001 2.0406749999999998 5.1488500000000004
v -2.9009320000000001 2.0145960000000001 5.2236549999999999
v -1.334662 2.2242639999999998 5.4959110000000004
v -1.706939 2.2340659999999999 5.3091480000000004
v -1.9846140000000001 2.2202299999999999 5.2243089999999999
v -2.2076500000000001 2.2228270000000001 5.1941269999999999
v -2.4974940000000001 2.2432729999999999 5.2021670000000002
v -2.9061400000000002 2.2425660000000001 5.2832530000000002
v -1.3588359999999999 2.4424009999999998 5.5766460000000002
v -1.687306 2.435365 5.4054909999999996
v -1.9825790000000001 2.3963679999999998 5.306222
v -2.2273510000000001 2.399219 5.2730990000000002
v -2.5374150000000002 2.4452660000000002 5.2904520000000002
v -2.8993069999999999 2.4603429999999999 5.3681840000000003
v -1.4669449999999999 2.725806 5.7167320000000004
v -1.7224029999999999 2.7414320000000001 5.6316699999999997
v -2.004864 2.746038 5.5682689999999999
v -2.2675130000000001 2.749098 5.5327260000000003
v -2.5566949999999999 2.7511480000000001 5.5187710000000001
v -2.8258619999999999 2.7416320000000001 5.5328390000000001
v -1.497028 2.753746 5.8600589999999997
v -1.750311 2.7655669999999999 5.7919910000000003
v -2.0296020000000001 2.7729159999999999 5.7385960000000003
v -2.2883200000000001 2.7759290000000001 5.7035850000000003
v -2.5718510000000001 2.775137 5.6808180000000004
v -2.834317 2.76932 5.6790909999999997
v -1.513911 2.722369 5.9780369999999996
v -1.76729 2.7322600000000001 5.9173150000000003
v -2.0471330000000001 2.738969 5.8663040000000004
v -2.3061389999999999 2.7419850000000001 5.8312540000000004
v -2.589553 2.7418360000000002 5.8060429999999998
v -2.8501159999999999 2.73793 5.7972169999999998
v -1.523782 2.6303999999999998 6.0749570000000004
v -1.7741039999999999 2.6402040000000002 6.0148429999999999
v -2.0570729999999999 2.6469360000000002 5.963463
v -2.3244829999999999 2.6500499999999998 5.927276
v -2.6110090000000001 2.6499510000000002 5.9015899999999997
v -2.8684620000000001 2.6460599999999999 5.8929900000000002
v -1.420444 2.3388140000000002 5.965598
v -1.6845079999999999 2.3457940000000002 5.9149909999999997
v -2.0069759999999999 2.3425539999999998 5.89724
v -2.3621279999999998 2.3466900000000002 5.8491790000000004
v -2.6775570000000002 2.3573599999999999 5.7806069999999998
v -2.9456630000000001 2.3565770000000001 5.7591999999999999
v -1.3893219999999999 2.1182590000000001 5.895187
v -1.6569780000000001 2.1170260000000001 5.8625100000000003
v -1.9902930000000001 2.0961780000000001 5.8732879999999996
v -2.3774769999999998 2.1006870000000002 5.8208929999999999
v -2.6953749999999999 2.1291190000000002 5.7219899999999999
v -2.9619900000000001 2.1365750000000001 5.6823680000000003
v -1.383772 1.8901969999999999 5.8351769999999998
v -1.6505430000000001 1.863497 5.7954059999999998
v -1.9831890000000001 1.824335 5.8020019999999999
v -2.3715959999999998 1.828859 5.749441
v -2.6895440000000002 1.875597 5.6548040000000004
v -2.9566080000000001 1.908514 5.6223349999999996
v -1.403179 1.643853 5.78294
v -1.666401 1.5982259999999999 5.7193880000000004
v -1.9818039999999999 1.5618019999999999 5.6755230000000001
v -2.3453240000000002 1.566036 5.6263300000000003
v -2.6601249999999999 1.609799 5.5849130000000002
v -2.9296570000000002 1.6616310000000001 5.576371
v -1.4686360000000001 1.390368 5.7424540000000004
v -1.722173 1.3451010000000001 5.6591050000000003
v -2.0144359999999999 1.323175 5.5968070000000001
v -2.298413 1.3264830000000001 5.5583780000000003
v -2.5961430000000001 1.35528 5.5408369999999998
v -2.8616090000000001 1.4065909999999999 5.5539519999999998
v -1.4358489999999999 1.4193469999999999 5.6175079999999999
v -1.694018 1.374447 5.520327
v -1.9910490000000001 1.3525229999999999 5.4526909999999997
v -2.281984 1.3559110000000001 5.4133199999999997
v -2.5857269999999999 1.3848320000000001 5.3996579999999996
v -2.8593410000000001 1.4359249999999999 5.4248750000000001
v -1.4189719999999999 1.4525030000000001 5.4929379999999997
v -1.6757500000000001 1.4099219999999999 5.3868650000000002
v -1.972556 1.39028 5.3157860000000001
v -2.262562 1.3936569999999999 5.2765409999999999
v -2.5670549999999999 1.4203030000000001 5.2662500000000003
v -2.841745 1.469074 5.3004030000000002
v -2.9286460000000001 1.697022 5.4360530000000002
v -2.9103219999999999 1.732216 5.303668
v -2.9532959999999999 1.9460759999999999 5.4786039999999998
v -2.9346420000000002 1.98183 5.3441190000000001
v -2.9584800000000002 2.1743790000000001 5.5386930000000003
v -2.939775 2.2102279999999999 5.4038490000000001
v -2.9441959999999998 2.3950279999999999 5.6208650000000002
v -2.9259740000000001 2.4300250000000001 5.4892219999999998
v -1.3660540000000001 1.678823 5.6475090000000003
v -1.347729 1.714018 5.5151240000000001
v -1.3479080000000001 1.927379 5.6958510000000002
v -1.3293299999999999 1.9631339999999999 5.561356
v -1.3536589999999999 2.1556890000000002 5.7558629999999997
v -1.3350329999999999 2.1915390000000001 5.6210089999999999
v -1.384217 2.3768600000000002 5.8319669999999997
v -1.3659950000000001 2.4118569999999999 5.7003250000000003
v -2.0521430000000001 2.094198 5.1815730000000002
v -2.033868 2.1122390000000002 5.1888990000000002
v -2.0276160000000001 2.1371060000000002 5.1963749999999997
v -1.997239 2.06541 5.1814450000000001
v -2.0775429999999999 2.087812 5.1763589999999997
v -2.0632429999999999 2.1324540000000001 5.2108549999999996
v -2.0663939999999998 2.1199219999999999 5.2070869999999996
v -2.0756039999999998 2.1108310000000001 5.2033950000000004
v -2.088403 2.1076130000000002 5.2007680000000001
v -2.1532390000000001 2.113629 5.1727449999999999
v -2.134093 2.0951529999999998 5.1704829999999999
v -2.1083729999999998 2.0881720000000001 5.1721870000000001
v -2.1876319999999998 2.0676269999999999 5.1556800000000003
v -2.1606839999999998 2.1386560000000001 5.1783679999999999
v -2.1303009999999998 2.1332339999999999 5.2017800000000003
v -2.1039400000000001 2.1077940000000002 5.1986660000000002
v -2.1169009999999999 2.1113119999999999 5.1978070000000001
v -2.1265489999999998 2.1206230000000001 5.1989470000000004
v -2.1361560000000002 2.1815639999999998 5.1931700000000003
v -2.1544310000000002 2.1635230000000001 5.1858440000000003
v -2.1910409999999998 2.210388 5.1931609999999999
v -2.1107559999999999 2.1879490000000001 5.1983829999999998
v -2.1051410000000002 2.1580750000000002 5.2118669999999998
v -2.1271499999999999 2.1457660000000001 5.2055480000000003
v -2.1179410000000001 2.1548569999999998 5.2092400000000003
v -2.0350600000000001 2.1621329999999999 5.2019979999999997
v -2.0542069999999999 2.180609 5.2042599999999997
v -2.0799259999999999 2.1875900000000001 5.2025550000000003
v -2.0006490000000001 2.2081710000000001 5.2189259999999997
v -2.089604 2.1578940000000002 5.2139689999999996
v -2.0766439999999999 2.1543760000000001 5.2148279999999998
v -2.0669949999999999 2.1450650000000002 5.2136880000000003
#end vertices

#begin 809 textures vertices 
vt 0.14949545955944896 0.74613680594778509 0
vt 0.59943988618933797 0.58256532641747072 0
vt 0.20243403423359543 0.58972998655669651 0
vt 0.64270809382294058 0.58972700832798131 0
vt 0.20242940900122633 0.41658775117052343 0
vt 0.64271017777993378 0.41658480754924504 0
vt 0.37336915765833389 0.01200018328057266 0
vt 0.019631268943514295 0.012000000000000455 0
vt 0.32636442780885572 0.74613677420785685 0
vt 0.34277005085705348 0.73318017516399292 0
vt 0.19650026974672605 0.054940364666549932 0
vt 0.19650018680979461 0.012000100122696648 0
vt 0.18334295667074338 0.74613677140357526 0
vt 0.49036896157191634 0.73377531433411303 0
vt 0.3441003721414963 0.054940376005861706 0
vt 0.33952160935930525 0.012000166081174957 0
vt 0.46938579614270515 0.74613676644737736 0
vt 0.19517105043425442 0.73258503656779594 0
vt 0.048900062756220497 0.054940251240478702 0
vt 0.053478818231111128 0.012000036668993255 0
vt 0.20243408194770282 0.45121698940683258 0
vt 0.24570129729491816 0.45551257663903305 0
vt 0.27496984914363726 0.45121541981944868 0
vt 0.42257010825705205 0.45121449732172692 0
vt 0.57017028882784115 0.45121349594197624 0
vt 0.59943887887162695 0.45551022423856913 0
vt 0.64270600751120033 0.45121406311069412 0
vt 0.19095682304906086 0.60471709130132656 0
vt 0.19610130535227471 0.40478266068656488 0
vt 0.4956139824260905 0.60594550291626326 0
vt 0.5702206912815394 0.73705173280529868 0
vt 0.57621175550097103 0.60342956399574244 0
vt 0.34410033502063853 0.1353672434805438 0
vt 0.11038195405489298 0.60155141808179147 0
vt 0.11529550029075883 0.73521754763492697 0
vt 0.048900030166953698 0.13536711862180931 0
vt 0.19650015397197532 0.20378561424924027 0
vt 0.048900001279034759 0.20378555276799673 0
vt 0.3441003064629462 0.20378567745252832 0
vt 0.19650009172427912 0.32298849018677733 0
vt 0.19650018272953826 0.13587528558874887 0
vt 0.953827297853306 0.71484353765333808 0
vt 0.93728574282215138 0.85243033502669818 0
vt 0.74396173816840083 0.71493139772722147 0
vt 0.75972402991666765 0.85235640964616755 0
vt 0.11787485343095283 0.58973673732681031 0
vt 0.12364690690294236 0.58973305353080874 0
vt 0.1294189952338034 0.58973129781059974 0
vt 0.13519116082440324 0.58973083870591025 0
vt 0.14096315222951242 0.58973090462183464 0
vt 0.11210280136214849 0.58974313716841076 0
vt 0.14083897976423673 0.45122247159801887 0
vt 0.13507789347938959 0.45122324490657667 0
vt 0.12931679069515495 0.45122436768716151 0
vt 0.12355577303441466 0.4512263307058697 0
vt 0.11779465223751219 0.45122964309808994 0
vt 0.1120335243761582 0.45123461846685503 0
vt 0.38010692191171469 0.1222285862799137 0
vt 0.37751243964861153 0.12737284582334979 0
vt 0.37346664083969133 0.13147471976041564 0
vt 0.36835853753498027 0.13413971441498898 0
vt 0.11201491871358489 0.41660982940751817 0
vt 0.14082730828851267 0.41659613119888117 0
vt 0.73310652584124947 0.45123017831234735 0
vt 0.72734537389066545 0.4512253731080052 0
vt 0.72158425283699179 0.45122220810257668 0
vt 0.7158232336840985 0.45122031055118006 0
vt 0.71006212024455639 0.45121924310409695 0
vt 0.70430102005796891 0.45121854102578363 0
vt 0.70995109080243568 0.58972691286848167 0
vt 0.71572326413110654 0.58972726768462158 0
vt 0.72149532165171004 0.58972893172685936 0
vt 0.72726742946139111 0.58973251813149374 0
vt 0.73303948656519102 0.58973881731890165 0
vt 0.70417909262260614 0.5897270607619276 0
vt 0.73312424778856966 0.41660545000909122 0
vt 0.024641777011777645 0.13413956784237968 0
vt 0.019533674589764734 0.1314745686243371 0
vt 0.015487879293670823 0.12737269106398835 0
vt 0.012893455259117712 0.12222842918182508 0
vt 0.70431225937679354 0.41659230799086133 0
vt 0.19299538083365941 0.60634170342742977 0
vt 0.19709810060594776 0.73082633779025363 0
vt 0.34277713683343192 0.73141376274348113 0
vt 0.48845613642572583 0.73200111198476769 0
vt 0.49356232924367616 0.60755360034096306 0
vt 0.33831889003545346 0.59615318837673936 0
vt 0.92395997358019932 0.72618325364099467 0
vt 0.90618196089758518 0.8366106643953396 0
vt 0.82636739170531881 0.9525244937659787 0
vt 0.7905582992970005 0.83615610976962995 0
vt 0.77352933896574139 0.72677977070650734 0
vt 0.84886121178694729 0.60325984459622284 0
vt 0.093442662918526515 0.43393825716268675 0
vt 0.012000000000000455 0.43399744357449804 0
vt 0.75169693111358216 0.43393346166568592 0
vt 0.83313959380832781 0.43399052411674283 0
vt 0.1965001232768048 0.22853105115513858 0
vt 0.19650009554439354 0.25069869829826807 0
vt 0.19650010959765091 0.24732122661044287 0
vt 0.19650012128059161 0.24394379792714802 0
vt 0.1965001333703148 0.24056632774497871 0
vt 0.19650014010340544 0.23718890094646322 0
vt 0.048899934767136215 0.23718883281817227 0
vt 0.048899979065273491 0.24056631237758824 0
vt 0.048899968378027722 0.24394373896326124 0
vt 0.048899955216211197 0.24732119677706044 0
vt 0.048899941264112158 0.25069866846609512 0
vt 0.34410030080441739 0.25069874826728011 0
vt 0.017355523807220028 0.45064882912981136 0
vt 0.014545928538862716 0.44877440086957221 0
vt 0.012667529312301412 0.44596748947730813 0
vt 0.34410029288654781 0.23718896464946723 0
vt 0.83186224985724744 0.42506357010896617 0
vt 0.19650012617129764 0.21951321997083678 0
vt 0.013277111445241071 0.42507045630612666 0
vt 0.82826147261183203 0.41865033520202199 0
vt 0.19650014749251432 0.21215839226411934 0
vt 0.016877721693289285 0.4186571810777216 0
vt 0.1418641857413461 0.75658249444180392 0
vt 0.23492805404106779 0.45121585006270648 0
vt 0.38100042962206071 0.022445874168596607 0
vt 0.34410038880412824 0.022445850613211058 0
vt 0.19650017836267117 0.022445787865160889 0
vt 0.048900075436374237 0.022445726468882508 0
vt 0.012000036933468603 0.022445713720863222 0
vt 0.61021205696820469 0.45121336953817109 0
vt 0.61021322317053139 0.58972686580371436 0
vt 0.47396452798486327 0.75658244874277181 0
vt 0.32636442554134348 0.75658246204329449 0
vt 0.17876422258587019 0.75658249937904298 0
vt 0.82667151119769455 0.95217405512788222 0
vt 0.85226490981276548 0.97364017509312617 0
vt 0.88183841149851427 0.58963477204571446 0
vt 0.84934324287458729 0.60333616183628014 0
vt 0.87254409627015705 0.94958996487379921 0
vt 0.84743143370725382 0.97162006860204653 0
vt 0.81542579448852393 0.59045312050385379 0
vt 0.84837946198919145 0.60333905954792755 0
vt 0.60262228033888321 0.80739346599783957 0
vt 0.60269582413439216 0.81832554672823243 0
vt 0.59052637916328898 0.81839844669414341 0
vt 0.59047115413756468 0.80744134339728313 0
vt 0.65387130926166215 0.68272481337894464 0
vt 0.64177096421619295 0.68274741301711184 0
vt 0.64176352834304173 0.67179422225712027 0
vt 0.65387107401183675 0.67181738615637088 0
vt 0.60011656249409995 0.8097359866443955 0
vt 0.60000086042269785 0.81578953413779076 0
vt 0.59321711456137582 0.81608223507307553 0
vt 0.59298148820501384 0.8099604740891333 0
vt 0.65122798036311491 0.68039385111022654 0
vt 0.64443696415384977 0.68024685018523456 0
vt 0.64426055439358021 0.67429068585346186 0
vt 0.65134821419980515 0.67417286163811241 0
vt 0.022303480313835399 0.83753788628800618 0
vt 0.036289631926750762 0.83336898851111785 0
vt 0.052035620260178675 0.83087608077100872 0
vt 0.067020008283130816 0.83006835317729688 0
vt 0.082945233260818554 0.83091877715628815 0
vt 0.097304163596901638 0.83367040915504953 0
vt 0.019377762281330702 0.85100808702144315 0
vt 0.038247111401200067 0.85029009564194957 0
vt 0.053918984008512361 0.85060756676877269 0
vt 0.067213319847585995 0.84999251126166375 0
vt 0.082754614794557965 0.84800258046027943 0
vt 0.10159243728994734 0.84680634660504039 0
vt 0.018819945868224164 0.8644011094700812 0
vt 0.040706510257976877 0.86355849266437534 0
vt 0.055465747738120783 0.86323301078157189 0
vt 0.06694083637326062 0.86266782273324405 0
vt 0.081656539069659459 0.86148211398991703 0
vt 0.10350445368825179 0.86009767550707128 0
vt 0.019562654299001728 0.87691202764170806 0
vt 0.041221700252472161 0.87437456012118564 0
vt 0.05591734955148793 0.87229316473301854 0
vt 0.067414059868499687 0.87175446538075319 0
vt 0.082234687820891314 0.87231185006258338 0
vt 0.10402548519117676 0.87263824633713016 0
vt 0.021145153232495655 0.88909194306502026 0
vt 0.040185875061947665 0.88585182586464195 0
vt 0.055827599076189359 0.88237274940132793 0
vt 0.068508884783709867 0.88179000473959246 0
vt 0.084418897437739449 0.88363302706476454 0
vt 0.10367521490935769 0.8849259696808971 0
vt 0.026642848586119039 0.90535884054360916 0
vt 0.040438895079260753 0.90585772767124884 0
vt 0.056120271831862877 0.90562008354622281 0
vt 0.070522612809948371 0.90480298834711104 0
vt 0.086149213108329001 0.90354854083636416 0
vt 0.099833883235167536 0.90166862867839814 0
vt 0.02381745178182279 0.91250200885670962 0
vt 0.03929628258457131 0.91453971927984767 0
vt 0.056070896099057528 0.91482938999489927 0
vt 0.071473247573339005 0.91413158102181202 0
vt 0.08815825894109644 0.9120805564538198 0
vt 0.10335829322583981 0.90849627401943966 0
vt 0.38172652145816705 0.87893313263875439 0
vt 0.37158917633312644 0.8783019900010367 0
vt 0.35910653675720305 0.87695597749637466 0
vt 0.34776148284825414 0.8762746085862676 0
vt 0.3358690923622481 0.87576659529988943 0
vt 0.32619439752975021 0.87450906643102977 0
vt 0.33223646412679314 0.97940151370678108 0
vt 0.31971844528636695 0.98095232224492968 0
vt 0.30426952729073564 0.98089077104341627 0
vt 0.28956765706752907 0.98003259986398217 0
vt 0.27419197420880481 0.97857896884244 0
vt 0.26190711667805244 0.97580398165750037 0
vt 0.33865848911313451 0.9646524576418628 0
vt 0.32413043754673643 0.96405228406601584 0
vt 0.30719036018670465 0.96410854505782873 0
vt 0.28836670492544636 0.96314007118649092 0
vt 0.27151407213938911 0.96137309001096605 0
vt 0.25700495186789529 0.96052284668994437 0
vt 0.34083709148016822 0.95262089931516813 0
vt 0.32629335253120278 0.95195614102465487 0
vt 0.30860931968816935 0.95098278738763398 0
vt 0.28826615988452903 0.94997050894792234 0
vt 0.27056766431208068 0.94914627331892842 0
vt 0.25603056097101751 0.94835832189423519 0
vt 0.34131849510589995 0.94003934938376388 0
vt 0.32680019161477381 0.93840732335171595 0
vt 0.30927821699320307 0.93620919755009069 0
vt 0.28907201735982518 0.93521634513774166 0
vt 0.27141378998168414 0.93564213420898623 0
vt 0.25679729358805092 0.93580428940051752 0
vt 0.33992116900486891 0.92685242198046924 0
vt 0.32546572701393878 0.9242204095385238 0
vt 0.30940048575029289 0.92065709727856293 0
vt 0.29049634984860817 0.91975466304385778 0
vt 0.27414605590720248 0.92168015014119853 0
vt 0.25949755540387559 0.92285278274307447 0
vt 0.33532760683837215 0.91524302703066163 0
vt 0.32361505419390751 0.90999085897801368 0
vt 0.3081892827703695 0.90715649543879984 0
vt 0.29302811772193121 0.90635759129551963 0
vt 0.27739458482442103 0.90772316357876914 0
vt 0.26522793983876369 0.91176058931152326 0
vt 0.34031395543692811 0.91084157460397652 0
vt 0.32599162205098831 0.90280736853034127 0
vt 0.30916285715238834 0.89933038804770526 0
vt 0.29275691250153546 0.89856843254542607 0
vt 0.27573414410868685 0.90036209762324548 0
vt 0.26067785247069247 0.90690741542685993 0
vt 0.39675945934867074 0.81433643723669602 0
vt 0.38139614234952951 0.80469008817605847 0
vt 0.36436372777411369 0.80165501031995978 0
vt 0.34928574631460058 0.80088286499246331 0
vt 0.33271631551520342 0.80188929801622555 0
vt 0.31455767262086531 0.80817795768554601 0
vt 0.25230206158052876 0.92067607554645947 0
vt 0.30573655668959243 0.82491607888456597 0
vt 0.24909357250059022 0.93479270490296018 0
vt 0.30360140454145473 0.8393208279944836 0
vt 0.24811668973174253 0.94810392872069393 0
vt 0.3032105840024823 0.85201791653358827 0
vt 0.24918097291432448 0.96147149957283906 0
vt 0.30496937019482301 0.86589007057412881 0
vt 0.34728333509985471 0.9254079778770995 0
vt 0.4044600888289393 0.83008001340616822 0
vt 0.34908619722630829 0.93976096582307023 0
vt 0.4055240978441122 0.84428417048403026 0
vt 0.34874108937272574 0.9531310009169236 0
vt 0.40486933399281566 0.85642437032800289 0
vt 0.34635736567322539 0.96636442865145666 0
vt 0.40262838887864694 0.86937781694702232 0
vt 0.059180911829254133 0.86515903229308566 0
vt 0.058241733412293613 0.8662453504306441 0
vt 0.05796092565616124 0.86765341620937886 0
vt 0.05633105090648325 0.86383907767276247 0
vt 0.060505029866662438 0.86471023411053516 0
vt 0.059331120320333379 0.86758866202957174 0
vt 0.059514579498407209 0.86676192547964737 0
vt 0.060077894699856568 0.86614921170797687 0
vt 0.060869751216192938 0.86590377301561905 0
vt 0.064487914865887272 0.86594465160085621 0
vt 0.063446070448671482 0.86495513042038352 0
vt 0.062088981959527445 0.86463865891462166 0
vt 0.066142591774384724 0.86335787423297439 0
vt 0.06490834575622878 0.86732071202331995 0
vt 0.063538106653997617 0.86738687104471124 0
vt 0.061836989009804715 0.8658454731299684 0
vt 0.062650912257763786 0.86602277716881448 0
vt 0.063274363128336536 0.86658002789541988 0
vt 0.063689812937897716 0.8698193313745759 0
vt 0.064629206304664844 0.86873179495557917 0
vt 0.066545731198129621 0.87114542274572027 0
vt 0.062363922051136937 0.87026688794414675 0
vt 0.061999619969462731 0.86907271798147956 0
vt 0.063355170399013755 0.86821455459124908 0
vt 0.06279181928939645 0.86882768559163925 0
vt 0.058379098137459777 0.8690273894081203 0
vt 0.059420286828968598 0.87001689809159455 0
vt 0.060778025643870338 0.87033530440282214 0
vt 0.056718073209720582 0.87160577872242329 0
vt 0.061031855254026261 0.86913021206416641 0
vt 0.060217596307362516 0.86895226314735363 0
vt 0.059594277276895362 0.86839487765630397 0
vt 0.69203270765689373 0.88633536593146223 0
vt 0.70614505307502962 0.88253946385719284 0
vt 0.72195985480237113 0.88054366125382788 0
vt 0.73695939210082295 0.88011794244059405 0
vt 0.75284893056461344 0.8814687108662973 0
vt 0.76710802759836205 0.88460134525173939 0
vt 0.6887270763045138 0.89974686667609471 0
vt 0.7075981684793009 0.89953702367720179 0
vt 0.72325152275007165 0.90030708160168627 0
vt 0.73655306630697226 0.90005735637007434 0
vt 0.75214655057307223 0.89851262142716037 0
vt 0.77101994327886747 0.89782215490452133 0
vt 0.68780223732820567 0.91314613873164296 0
vt 0.70969273750366313 0.91289184091201458 0
vt 0.72445350226397887 0.91298042803602975 0
vt 0.73592317289461362 0.91271737620878557 0
vt 0.75067532049848373 0.91193030259074348 0
vt 0.77256433046303596 0.91113145031433573 0
vt 0.68821353614436198 0.92569772059217592 0
vt 0.70991867743929515 0.92373232273179628 0
vt 0.72466429872668081 0.92204605326826228 0
vt 0.73615321571764014 0.92177785295367376 0
vt 0.7509623874967265 0.92274977914847334 0
vt 0.77275149623466399 0.92365258934682226 0
vt 0.68948246341842534 0.93793799596896033 0
vt 0.70858754823383352 0.93519648033014335 0
vt 0.72430367781440708 0.93209814445038219 0
vt 0.73699043568110545 0.93186732267384265 0
vt 0.75285487803322704 0.93410357373173325 0
vt 0.77208472234815839 0.935900606740108 0
vt 0.69457376533837345 0.95437064313310738 0
vt 0.70836196669702778 0.95523111780747827 0
vt 0.72403846758312673 0.95534541251813565 0
vt 0.73845678922321201 0.9549269490890977 0
vt 0.75411018140327057 0.95402481705541797 0
vt 0.76782817978698947 0.95250589326615354 0
vt 0.69156796881282701 0.96144216164630136 0
vt 0.70700764472161615 0.96389481515247466 0
vt 0.72381620020197446 0.96470007070457298 0
vt 0.73922318162709066 0.96412432759887345 0
vt 0.75591062480661464 0.96259066215467348 0
vt 0.77117856755855929 0.95941761899531908 0
vt 0.091158315695184261 0.79643132061525646 0
vt 0.081008863285211369 0.79605142850405819 0
vt 0.068497457313513047 0.79501558492922431 0
vt 0.057139498008612059 0.79461663976156605 0
vt 0.045238523243484943 0.79440555048540618 0
vt 0.035535499863719393 0.7933912068752409 0
vt 0.19530894193596354 0.97087163515585317 0
vt 0.18284310205218612 0.97273882384872135 0
vt 0.16740153233769881 0.97304299456518295 0
vt 0.15268034985456191 0.97275261671650859 0
vt 0.137270659035621 0.97166883199605025 0
vt 0.12491012345984528 0.96920825350022122 0
vt 0.20133144394800104 0.9559784510879491 0
vt 0.18679448203463733 0.95575876880466526 0
vt 0.16986479667105819 0.95629615535206436 0
vt 0.15102094807733221 0.95579243092481359 0
vt 0.13412394737072766 0.95450856951579055 0
vt 0.11959617617905256 0.95404081897921011 0
vt 0.20319087753609058 0.9439082158713451 0
vt 0.18863352699544914 0.94362069466165344 0
vt 0.17092569671526631 0.94311263323075412 0
vt 0.15055980756580783 0.94265590199381111 0
vt 0.13285081130665766 0.94229974273124717 0
vt 0.11829980285641087 0.94189068300832091 0
vt 0.20334351715257501 0.93133107392809689 0
vt 0.18878523351844656 0.93007687259726268 0
vt 0.17120636376904239 0.92835294438403937 0
vt 0.15098200742053877 0.92786089776247105 0
vt 0.13334390351026992 0.92876395869903006 0
vt 0.11873884525391144 0.92930718818911107 0
vt 0.20160748330623207 0.91819615435356872 0
vt 0.18708617099341951 0.91593823887222758 0
vt 0.17093319504540219 0.91279608144126068 0
vt 0.15201277088544526 0.912375115722591 0
vt 0.13571735678536043 0.91472714111240716 0
vt 0.12110611476211511 0.91627821320929426 0
vt 0.19672111999058861 0.90671532049146908 0
vt 0.18487854693708827 0.90176680000697196 0
vt 0.16938581871086869 0.89933044592120048 0
vt 0.1542086141005401 0.89891855299941137 0
vt 0.13861472942753056 0.90068596663602651 0
vt 0.12655436792571675 0.90503562400330939 0
vt 0.20159639302835011 0.9021907526760603 0
vt 0.18707659947583549 0.89452736983306935 0
vt 0.17016623287336669 0.89148266348748384 0
vt 0.15374629556687311 0.89113854705715223 0
vt 0.13677265087953305 0.89336757051391213 0
vt 0.12188490166369766 0.90029766958138358 0
vt 0.10459528921099419 0.73146368273497808 0
vt 0.088976656537982854 0.72218875796104931 0
vt 0.071835969981791425 0.71948852105295114 0
vt 0.05676096509478086 0.7193534799948712 0
vt 0.040263523960517487 0.72065527681807628 0
vt 0.022267365228318119 0.72736531290239226 0
vt 0.1138590584584085 0.91428400033656843 0
vt 0.013858233994268145 0.74431319281072561 0
vt 0.11101286770335968 0.92849136778221031 0
vt 0.012077205170386195 0.75876741923870916 0
vt 0.11038195405489297 0.94183937744106205 0
vt 0.012000000000000455 0.77147232322662129 0
vt 0.11179880336428125 0.95519275608399368 0
vt 0.01410261280601716 0.78530051823344804 0
vt 0.20893197551891465 0.91656633206825655 0
vt 0.11268490210437394 0.74702338212151409 0
vt 0.21110249936876099 0.93085612926247951 0
vt 0.11409688457489571 0.76120090858199008 0
vt 0.2111051662100317 0.94421615328973119 0
vt 0.1137403138427113 0.77335568491154438 0
vt 0.20907127818139887 0.95749081019122106 0
vt 0.11181818435949564 0.7863618667197525 0
vt 0.72811480199125289 0.91501507714488439 0
vt 0.72715408636986956 0.91606736750629458 0
vt 0.72683569984642327 0.91745923120405626 0
vt 0.72530269470146258 0.91361091434325015 0
vt 0.72944376066559458 0.91460397971029495 0
vt 0.72841998399598185 0.91742275353034219 0
vt 0.72860264911934036 0.91668909521177477 0
vt 0.72911949990109559 0.91615383744877188 0
vt 0.72983155036600222 0.91595249026604497 0
vt 0.73337690537839062 0.91592695411974689 0
vt 0.73236955703422191 0.91492166956471188 0
vt 0.73102793374538833 0.91457285269191813 0
vt 0.73510651472695643 0.91338705423453426 0
vt 0.7337606304370603 0.91730143175450773 0
vt 0.73217528739408366 0.91733946172682412 0
vt 0.73069626007398525 0.91592373004045513 0
vt 0.73141703303909478 0.91610073796893687 0
vt 0.73195942196252484 0.91661345958861429 0
vt 0.73248550757537634 0.91974510243608476 0
vt 0.73344459492111702 0.91869300079698912 0
vt 0.73530179921072547 0.92114743026168133 0
vt 0.73115836936984757 0.92015666512930683 0
vt 0.73076470958378248 0.91882016011529988 0
vt 0.73199327899433186 0.91807446873813348 0
vt 0.73147671041911633 0.91861225600466456 0
vt 0.72721832777998152 0.91883478982690892 0
vt 0.72822716426301337 0.91984131596451391 0
vt 0.72957289095435351 0.92019003882932926 0
vt 0.72548369872720431 0.92137584680124862 0
vt 0.72990060502304355 0.91882799192573961 0
vt 0.72917834822500049 0.91865791527065033 0
vt 0.7286355326759294 0.91814766020996152 0
vt 0.41373967251868016 0.8904868872564321 0
vt 0.42796332543674265 0.88718974871995049 0
vt 0.44383568609515284 0.88565658881916953 0
vt 0.4588360199402115 0.8859137206121046 0
vt 0.47467065991198404 0.88772388285437087 0
vt 0.48882329670748165 0.89135331695331366 0
vt 0.40997263903643488 0.90376196199289949 0
vt 0.42884877780547997 0.90423017929504379 0
vt 0.44446126018546839 0.90558411547825179 0
vt 0.45775773350378485 0.90569798891287523 0
vt 0.47340017193207135 0.90473023024849786 0
vt 0.492276488460893 0.90471391437072457 0
vt 0.40857808485024655 0.9171043560129637 0
vt 0.43047304996420671 0.91763434146421763 0
vt 0.44523331054342807 0.91825374853547348 0
vt 0.4566977149826642 0.91837314436846518 0
vt 0.47145906548907773 0.91810108256110756 0
vt 0.49335331956224299 0.91808318598502947 0
vt 0.40854460194931952 0.9296450523716776 0
vt 0.43031738118061869 0.92845561804427879 0
vt 0.44512031527132812 0.92727748610895877 0
vt 0.45660370499535147 0.9274446267019556 0
vt 0.47136520247501745 0.92893811201036558 0
vt 0.49309710167503124 0.9306184708533155 0
vt 0.40937323281610999 0.9419051317689886 0
vt 0.42857499824051665 0.93984571581759491 0
vt 0.44440091274296672 0.93733577530484746 0
vt 0.45708392689572092 0.93753730496750864 0
vt 0.47284861163841752 0.9403690303232014 0
vt 0.49199088353284437 0.94285094093704414 0
vt 0.41386086251958071 0.95848408094104331 0
vt 0.42759873187237069 0.95983147944977787 0
vt 0.44326190126700865 0.96056030222254418 0
vt 0.45768347089801054 0.96063435366263572 0
vt 0.47335609892218672 0.96034870541224526 0
vt 0.48712999626439557 0.9593171297512515 0
vt 0.41060334853827224 0.96544195242915731 0
vt 0.4259271084927379 0.96842736104802229 0
vt 0.44264962034996952 0.96974957397038275 0
vt 0.45806206378269415 0.97000360428300603 0
vt 0.474839954126687 0.96898704947384273 0
vt 0.49023003890914968 0.96634565885847457 0
vt 0.26543952900801143 0.87714223204824504 0
vt 0.25528307603741629 0.87709931633751459 0
vt 0.24274413193860067 0.87647915050238767 0
vt 0.23137922826050344 0.87645726211063779 0
vt 0.21947780748952486 0.87664116916982593 0
vt 0.20974647460569371 0.87594930408732019 0
vt 0.60554647600810474 0.96507089176861205 0
vt 0.59315210202091495 0.96737684830612514 0
vt 0.57772959092247622 0.96821639964294359 0
vt 0.56301102428882999 0.96846194280162134 0
vt 0.54757053016165791 0.96790733942946883 0
vt 0.53513321329764407 0.96588286551341795 0
vt 0.61104012535939434 0.9499775555321075 0
vt 0.59650466021907855 0.95027009380219229 0
vt 0.57959978469794959 0.95137814694811595 0
vt 0.56075120274473489 0.95158287651235474 0
vt 0.54382406859593135 0.95086693122089827 0
vt 0.52928924742057837 0.95091056950448194 0
vt 0.61247273228640819 0.93785220873847164 0
vt 0.59791506052250387 0.93808085598475011 0
vt 0.58020294851267529 0.93822292672591578 0
vt 0.5598349785873723 0.93841198590793418 0
vt 0.54212255468533599 0.93870419302477848 0
vt 0.52756560203505054 0.93881191207174242 0
vt 0.61218257005812826 0.9252797984629243 0
vt 0.5975892565969958 0.92453660213936162 0
vt 0.57996472396596743 0.92341309616840572 0
vt 0.55973736041099398 0.92365875652519935 0
vt 0.54213813758878315 0.92516345087970353 0
vt 0.52756086779411115 0.92621968081522466 0
vt 0.60998867882816776 0.91221666392343548 0
vt 0.59539855593534829 0.91046886865485788 0
vt 0.5791449543131223 0.90790208915054982 0
vt 0.56021875229362739 0.90811848078809865 0
vt 0.54401814394029469 0.91104934691471107 0
vt 0.52946933818434072 0.9131137121580154 0
vt 0.60470525918713591 0.90091630925060806 0
vt 0.59269776819436526 0.89638643305804244 0
vt 0.5771312382782483 0.89449225470796845 0
vt 0.56194799903304438 0.89459951740480714 0
vt 0.54642172226283314 0.8969116198965903 0
vt 0.53452024034526502 0.90168432291963529 0
vt 0.60941988739352881 0.89622478444177145 0
vt 0.59464393908647328 0.88907541355123221 0
vt 0.57764101864236939 0.88662149980067018 0
vt 0.56121770040671348 0.88684077177693976 0
vt 0.54432588609034227 0.88966166701416616 0
vt 0.52968714653016213 0.8971131346401946 0
vt 0.27671345899486999 0.8117645082923105 0
vt 0.26079566662926523 0.8030129406887454 0
vt 0.2435748315387227 0.8008828650539439 0
vt 0.22850369107015758 0.80124817225220457 0
vt 0.21205848814119396 0.80309646929322098 0
vt 0.194294939013021 0.81040005369806689 0
vt 0.52215624262633575 0.91137634313755111 0
vt 0.18645267526704704 0.82761748782076827 0
vt 0.5198109888356478 0.92567775431563704 0
vt 0.1851522391366113 0.84212290207984475 0
vt 0.51965088292324579 0.93904137208864236 0
vt 0.18549661688480593 0.85482338800291346 0
vt 0.52153783796120068 0.95233825430882268 0
vt 0.18805686499527463 0.86857425386450526 0
vt 0.61725158189771634 0.91033138035741379 0
vt 0.28531486516026566 0.82704721635927991 0
vt 0.61992034081245195 0.92453232996769108 0
vt 0.28719639399720248 0.84117010213135568 0
vt 0.62039286542808914 0.93788027694004239 0
vt 0.28724340156104289 0.85333000772174983 0
vt 0.6188286889219623 0.95121451462034667 0
vt 0.2857539604371242 0.8663928231390311 0
vt 0.44881861167807541 0.92041795471979404 0
vt 0.44782829482808856 0.92142512544131427 0
vt 0.44746086164875926 0.92279322119992879 0
vt 0.44605960865643784 0.91891289459043557 0
vt 0.45015318640194502 0.92005571710978107 0
vt 0.44930017617536144 0.92281657015177498 0
vt 0.4494790464408579 0.92219108340931588 0
vt 0.44993949992323684 0.92174400586219107 0
vt 0.45055754656519414 0.92158655245193144 0
vt 0.45403172287929278 0.92149985085852404 0
vt 0.45306445380379201 0.92046732594302627 0
vt 0.45173765841171554 0.9200754754114937 0
vt 0.45585658238576765 0.91901683291961456 0
vt 0.45436740449028012 0.92288125344529781 0
vt 0.45252938602094278 0.92285965216188814 0
vt 0.45130016383306265 0.92160527799268444 0
vt 0.45191555662489546 0.92177383279916303 0
vt 0.45236626856471296 0.92222998567781822 0
vt 0.45300882109647705 0.92526406604030942 0
vt 0.45400090559434803 0.92425475939919155 0
vt 0.4557743806454308 0.92678051693360275 0
vt 0.45167014067891997 0.92562355306616917 0
vt 0.4512715661280492 0.92408193230435687 0
vt 0.45235067402716289 0.9234847787813818 0
vt 0.45189007323514679 0.92393007820706052 0
vt 0.44779402981873218 0.9241700765837878 0
vt 0.44875915072522471 0.92520158564878785 0
vt 0.45008382417300929 0.92559677896171699 0
vt 0.4459634086006834 0.92663834834143866 0
vt 0.45052726039867902 0.92407986149438437 0
vt 0.44991287475349889 0.92390517724102195 0
vt 0.44946275248289125 0.92344667347278941 0
vt 0.24570213325663115 0.58256770894843246 0
vt 0.42257100224830274 0.58256558920510804 0
vt 0.49811723864528273 0.86809291939248612 0
vt 0.27954966876676796 0.58256700781755533 0
vt 0.72736195436329676 0.41660193602678441 0
vt 0.27954822672337404 0.4237486826878295 0
vt 0.26536042077752037 0.82288173839980261 0
vt 0.7100746506783614 0.41659417293736667 0
vt 0.23492886915722813 0.58972938797664542 0
vt 0.51086456466445207 0.75658243859429997 0
vt 0.24569990938854336 0.42374849360694217 0
vt 0.50734128880387019 0.86139124189034855 0
vt 0.50323334511788698 0.74613674549855724 0
vt 0.13506481965571399 0.41659813379045874 0
vt 0.23492571836586457 0.41658693493118804 0
vt 0.56559226702370768 0.58256514876824594 0
vt 0.25529121809107574 0.81926983857937252 0
vt 0.012000000000000455 0.11653667067827789 0
vt 0.56559156499782537 0.42374678009157801 0
vt 0.21605741119372018 0.81952954039367876 0
vt 0.82514908527115638 0.95139962513385834 0
vt 0.42256993371880963 0.42374785497214529 0
vt 0.030320699153829043 0.13511135405963712 0
vt 0.59943985363589025 0.42374618790240959 0
vt 0.50326002394100944 0.86547255768548359 0
vt 0.36267961329267262 0.13511149556314922 0
vt 0.61021390348650784 0.41658444403884642 0
vt 0.093650903879874514 0.58976936913925548 0
vt 0.17876421701420886 0.86899594255009927 0
vt 0.50015179461573545 0.91741442467712098 0
vt 0.17876422560032706 0.78907702340546915 0
vt 0.72159948042985111 0.41659886587581491 0
vt 0.34449816582494985 0.40427743996161097 0
vt 0.20233351318606174 0.84278280516332249 0
vt 0.34422214585939054 0.32364088005888081 0
vt 0.093459115596832648 0.45601113285856304 0
vt 0.20246783514526276 0.85297509280656958 0
vt 0.47396453314414433 0.78907697315609493 0
vt 0.24243833178114241 0.81827094846660642 0
vt 0.92122527241997509 0.7304924766447024 0
vt 0.47396455422635686 0.86899589233062802 0
vt 0.75149138811914273 0.58976467321775738 0
vt 0.49825623776960387 0.94528409208465591 0
vt 0.75168103012265564 0.45600630589675734 0
vt 0.048778067984566964 0.32364079685476554 0
vt 0.20367043308416455 0.86253190750003228 0
vt 0.048502017086114874 0.40427735666883835 0
vt 0.20279275168388441 0.83165647849335644 0
vt 0.19689882486529589 0.40478266097585319 0
vt 0.34846319642964996 0.59443607640988572 0
vt 0.33819555841833288 0.5943943369673772 0
vt 0.4985865510868086 0.90240027060917594 0
vt 0.19650008116626549 0.32298849025009452 0
vt 0.2701688699594556 0.85251026168831689 0
vt 0.82012689539344441 0.41666723751168877 0
vt 0.27011848306120079 0.84245702179631843 0
vt 0.75170776836742104 0.41661917451955183 0
vt 0.26915910082690037 0.83215071828665266 0
vt 0.093431391367278474 0.41662403136916748 0
vt 0.50003391818144594 0.9313207144833906 0
vt 0.025012247948272989 0.41667386927832034 0
vt 0.40179726991668802 0.91627394646583882 0
vt 0.34832572963799574 0.59619387954490599 0
vt 0.85275432368534221 0.60761747667856791 0
vt 0.84488432976208483 0.60753328710266619 0
vt 0.32636432660641085 0.78907703956476005 0
vt 0.49241643605673613 0.86899588750679413 0
vt 0.90457632822796685 0.83601756916811154 0
vt 0.77627189329136292 0.7312768144439391 0
vt 0.79213355690414644 0.83545935407036831 0
vt 0.14186417935245862 0.85054772479279084 0
vt 0.14276708136452779 0.85624845242851111 0
vt 0.14538747980322572 0.86139129740417264 0
vt 0.14946879912209335 0.86547261255241026 0
vt 0.15461153105555689 0.86809297344459679 0
vt 0.16031233380186649 0.86899594065509433 0
vt 0.012000024796360153 0.054940290172291052 0
vt 0.50996168776928719 0.85624839650044771 0
vt 0.51086458750305774 0.85054766872323784 0
vt 0.14186418525866928 0.7890770719424931 0
vt 0.3810003820909566 0.11653682860914823 0
vt 0.38100041178937 0.05494044965978806 0
vt 0.51086457165700394 0.78907701589799528 0
vt 0.12930229236413468 0.41660047689940444 0
vt 0.12353985116086585 0.416603216326077 0
vt 0.11777734620089585 0.41660626506625498 0
vt 0.7158370752372708 0.4165963439607045 0
vt 0.71698790564089276 0.73913468622787648 0
vt 0.26962410937807546 0.86256474708440833 0
vt 0.71691718981700681 0.61539302862478096 0
vt 0.40305531818580553 0.9441990723669097 0
vt 0.66569759210490087 0.75100279005752757 0
vt 0.52752386645181071 0.75094385257735075 0
vt 0.52752143924763728 0.87483516840811848 0
vt 0.66570058778897323 0.87477810084269603 0
vt 0.34410027728335885 0.22853106243580798 0
vt 0.3441002786578734 0.21951328315931198 0
vt 0.3441002999956867 0.21215845545808087 0
vt 0.04889994237827 0.2121583304753494 0
vt 0.048899972169168832 0.21951320508072966 0
vt 0.048899970491365213 0.2285309843801408 0
vt 0.83247237675354424 0.44596058664497584 0
vt 0.83313358262935089 0.44264843866471715 0
vt 0.83059405073134562 0.44876754702023947 0
vt 0.82778450424601857 0.45064204729417878 0
vt 0.82447147445014735 0.45129868586633637 0
vt 0.012006237038595047 0.44265541239630757 0
vt 0.020668570488229537 0.45130538114284019 0
vt 0.34410031495399473 0.24732127658504144 0
vt 0.34410027543417426 0.24394381802250181 0
vt 0.34410028620471705 0.24056639144344852 0
vt 0.57887163019191878 0.61523539848232955 0
vt 0.57868005535618128 0.73915983856969503 0
vt 0.37331686905625205 0.89412294094796718 0
vt 0.39109325238147225 0.89090822392885538 0
vt 0.35830153453090036 0.89304588697518228 0
vt 0.34622516571657136 0.89227539246944898 0
vt 0.33193554696822197 0.8911938159883892 0
vt 0.31627496351863837 0.88594188155577713 0
vt 0.31971109536979725 0.98800000000000054 0
vt 0.33487498454940462 0.98566989108856617 0
vt 0.30376241744861171 0.98796084634940373 0
vt 0.28926633855668066 0.98715299331836026 0
vt 0.27348403957304429 0.98557001320380633 0
vt 0.25864596792658479 0.98177226570400378 0
vt 0.37493962734541936 0.82058206548129764 0
vt 0.38477929804579086 0.82477414092584378 0
vt 0.36218008225851323 0.81881471951994833 0
vt 0.34930905025636061 0.81832680957222115 0
vt 0.33576518922272053 0.8185383207644612 0
vt 0.32506715274987186 0.8202734094008397 0
vt 0.033013178099793761 0.82735470643875475 0
vt 0.017622809501904375 0.83345580834941047 0
vt 0.050622999388200959 0.82410791554758756 0
vt 0.067670785242618964 0.8230640376301418 0
vt 0.08558735383737423 0.82459781128293363 0
vt 0.10154951781973102 0.82913844098567346 0
vt 0.3218181660718023 0.82988610336330748 0
vt 0.10774594587500938 0.84410378749953263 0
vt 0.32071664491521618 0.84096725430590835 0
vt 0.11024801529401804 0.85900961980409341 0
vt 0.32025992626735617 0.85114975886834054 0
vt 0.11099246733998215 0.87291224741219853 0
vt 0.32090542607334321 0.8607601822476898 0
vt 0.11007798067139536 0.88697109749803515 0
vt 0.38803670152547176 0.83424385659761968 0
vt 0.012983546367087191 0.84893608442637758 0
vt 0.3883999569417087 0.84458467451211416 0
vt 0.012000000000000455 0.86399216794721001 0
vt 0.38787013489239247 0.85462113746825907 0
vt 0.012657060303031658 0.87788238372333172 0
vt 0.38674591837329136 0.86462491295839783 0
vt 0.014979645469852577 0.89176863423678199 0
vt 0.083124819046824006 0.81182508820163368 0
vt 0.10081627278969985 0.8081723429674974 0
vt 0.068088057979740407 0.81112036232438744 0
vt 0.05599719691300719 0.8106500090482186 0
vt 0.041686579477420278 0.80992454042482132 0
vt 0.025901784440358275 0.80506553979080553 0
vt 0.18302949451342945 0.97977554963135083 0
vt 0.19811274264532927 0.97706555725528799 0
vt 0.16712229066068807 0.98013887576354852 0
vt 0.15261107792437914 0.97986591744387075 0
vt 0.13675737188847437 0.97868539847599634 0
vt 0.12180998965447545 0.97526413205204687 0
vt 0.082935805469277021 0.73825411453127254 0
vt 0.09287963500671359 0.74219810602953851 0
vt 0.070123144620807376 0.73682930337185892 0
vt 0.057244833140456149 0.73665992410349734 0
vt 0.043714994036305951 0.73721191659126728 0
vt 0.033066930179877323 0.73920303198364745 0
vt 0.70304384806947684 0.87643108978527817 0
vt 0.68746600721219253 0.8821275771774858 0
vt 0.72078356718241166 0.87359879505903038 0
vt 0.73785918981211507 0.87327185765803361 0
vt 0.75567406202172227 0.87522926686620006 0
vt 0.77147652710745651 0.88018690180425307 0
vt 0.03005524310883936 0.74889203937719928 0
vt 0.77724579860540521 0.89528782564076326 0
vt 0.029227081968260051 0.75999698978817365 0
vt 0.77933606698732016 0.91022382733869223 0
vt 0.029023170581917085 0.7701881555072706 0
vt 0.77971007647134893 0.92410991323933689 0
vt 0.029908005509593862 0.77977956662335512 0
vt 0.77843349511796911 0.93811044534925059 0
vt 0.096368688317895648 0.75158804748029973 0
vt 0.6823926813073391 0.89750230493665806 0
vt 0.096985567798974395 0.76192047040289446 0
vt 0.68099728757326949 0.91255543665415229 0
vt 0.096702336114194695 0.77196986147063917 0
vt 0.68128618579496658 0.92648586846923253 0
vt 0.095824284064866663 0.78200071290224293 0
vt 0.68325074503088967 0.94045412668270456 0
vt 0.25792120883969338 0.89279417819823503 0
vt 0.27548165748842257 0.88855626313665825 0
vt 0.24286931179858559 0.89258856050658342 0
vt 0.23076955251676171 0.89251968994400088 0
vt 0.21644273059687014 0.89226945291218174 0
vt 0.20050542097694868 0.88793686565889174 0
vt 0.59358853520226729 0.9744039842507809 0
vt 0.60856885366174385 0.97116035087691654 0
vt 0.57770353905316207 0.97534533322059003 0
vt 0.56317812587637861 0.97554685564953558 0
vt 0.54730312762021571 0.97493497504435855 0
vt 0.53224932104707523 0.97204512331859905 0
vt 0.2295615013497124 0.81852891924652682 0
vt 0.20548129339501275 0.8218728615924199 0
vt 0.42507399196833501 0.88098088746626446 0
vt 0.4093237989934046 0.88612030478622061 0
vt 0.44286636704518051 0.8788210013640827 0
vt 0.45994051765493088 0.87895624187210941 0
vt 0.47770702271942767 0.88158199232321877 0
vt 0.49334362745003463 0.88709543267088053 0
vt 0.40372043155093007 0.90129511365552484 0
vt 0.40159253805737483 0.93018829908800593 0
vt 0.81396570465865481 0.46544000765378146 0
vt 0.87989564756625482 0.4645410815153817 0
vt 0.84687172687352641 0.46057958337603105 0
vt 0.87285449255247516 0.94993466166194895 0
vt 0.84642789823201192 0.4605853820733683 0
vt 0.87405362213932092 0.94878649501976342 0
vt 0.8473156258950677 0.4605733815068267 0
#end 809 textures vertices 

#begin 762 normals 
vn 0.018849000000000001 -0.68557999999999997 -0.72775400000000001
vn 0.018849000000000001 -0.68557900000000005 -0.72775400000000001
vn 0.025516 -0.169548 -0.98519199999999996
vn 0.025554 -0.16079499999999999 -0.98665700000000001
vn -0.025554 -0.16079599999999999 0.98665700000000001
vn -0.025516 -0.169548 0.98519199999999996
vn -0.018849000000000001 -0.68557900000000005 0.72775400000000001
vn -0.018849000000000001 -0.68557900000000005 0.72775400000000001
vn 0 -1 0
vn -0 -1 0
vn -0 -1 -0
vn 0 -1 0
vn -0.70562599999999998 -0.70834799999999998 -0.018276000000000001
vn -0.70562599999999998 -0.70834799999999998 -0.018276000000000001
vn -0.98446699999999998 -0.17371 -0.025496999999999999
vn -0.98665199999999997 -0.16082399999999999 -0.025554
vn 0.98665199999999997 -0.16082399999999999 0.025554
vn 0.98446699999999998 -0.17371 0.025496999999999999
vn 0.70562599999999998 -0.70834900000000001 0.018276000000000001
vn 0.70562599999999998 -0.70834900000000001 0.018276000000000001
vn 0.025516 -0.169548 -0.98519199999999996
vn 0.025498 -0.17366100000000001 -0.98447499999999999
vn 0.018849000000000001 -0.68557900000000005 -0.72775400000000001
vn 0.018849000000000001 -0.68557900000000005 -0.72775400000000001
vn -0.018849000000000001 -0.68557900000000005 0.72775400000000001
vn -0.025498 -0.17366100000000001 0.98447499999999999
vn -0.025516 -0.169548 0.98519199999999996
vn -0.018849000000000001 -0.68557900000000005 0.72775400000000001
vn 0 -1 -0
vn -0 -1 0
vn 0 -1 -0
vn 0 -1 -0
vn 3.6000000000000001e-005 0.99999899999999997 -0.0014159999999999999
vn 3.6000000000000001e-005 0.99999899999999997 -0.0014159999999999999
vn 3.6000000000000001e-005 0.99999899999999997 -0.0014159999999999999
vn 3.6000000000000001e-005 0.99999899999999997 -0.0014159999999999999
vn 0.025554 -0.16079499999999999 -0.98665700000000001
vn 0.018849000000000001 -0.68557999999999997 -0.72775400000000001
vn -0.025554 -0.16079599999999999 0.98665700000000001
vn -0.018849000000000001 -0.68557900000000005 0.72775400000000001
vn 0 -1 0
vn 0 -1 0
vn 0.70562599999999998 -0.70834799999999998 0.018276000000000001
vn 0.98665199999999997 -0.16082399999999999 0.025554
vn 0 -1 0
vn -0 -1 0
vn -0 -1 0
vn 0 -1 0
vn 0 -1 0
vn -0.98665199999999997 -0.16082399999999999 -0.025554
vn -0.70562599999999998 -0.70834900000000001 -0.018275
vn -0.99966500000000003 0 -0.025891000000000001
vn -0.99966500000000003 0 -0.025891000000000001
vn -0.99966500000000003 0 -0.025891000000000001
vn -0.99966500000000003 0 -0.025891000000000001
vn 0.99966500000000003 0 0.025891000000000001
vn 0.99966500000000003 0 0.025891000000000001
vn 0.99966500000000003 0 0.025891000000000001
vn 0.99966500000000003 0 0.025891000000000001
vn 0.025738 0.10872800000000001 -0.99373800000000001
vn 0.045782999999999997 0.108706 -0.99301899999999999
vn 0.046011999999999997 0.069723999999999994 -0.99650499999999997
vn 0.025831 0.067971000000000004 -0.99735300000000005
vn -0.025891000000000001 -0 0.99966500000000003
vn -0.025891000000000001 -0 0.99966500000000003
vn -0.025891000000000001 0 0.99966500000000003
vn -0.025891000000000001 0 0.99966500000000003
vn 0.0056820000000000004 0.108706 -0.994058
vn 0.0056340000000000001 0.069723999999999994 -0.99755000000000005
vn -0.025891000000000001 -0 0.99966500000000003
vn -0.025891000000000001 0 0.99966500000000003
vn -0.025891000000000001 -0 0.99966500000000003
vn -0.025891000000000001 -0 0.99966500000000003
vn -0.025891000000000001 -0 0.99966500000000003
vn -0.007339 0.95898700000000003 0.283356
vn -0.007339 0.95898700000000003 0.283356
vn -0.0074409999999999997 -0.95781400000000005 0.28729199999999999
vn -0.0082159999999999993 -0.94830999999999999 0.31724000000000002
vn 0.0073249999999999999 0.95914200000000005 -0.28283199999999997
vn 0.0073249999999999999 0.95914200000000005 -0.28283199999999997
vn 0.024368000000000001 0.337926 -0.94085700000000005
vn 0.025085 0.24760099999999999 -0.96853699999999998
vn -0.25182300000000002 0.96775100000000003 -0.006522
vn -0.25182300000000002 0.96775100000000003 -0.006522
vn -0.98306099999999996 0.181397 -0.026197000000000002
vn -0.85518899999999998 0.517818 -0.022716
vn -0.007339 0.95898700000000003 0.283356
vn -0.007339 0.95898700000000003 0.283356
vn -0.0082159999999999993 -0.94830999999999999 0.317241
vn -0.0074409999999999997 -0.95781400000000005 0.28729199999999999
vn 0.25182500000000002 0.96775100000000003 0.006522
vn 0.25182500000000002 0.96775100000000003 0.006522
vn 0.85522200000000004 0.51781200000000005 0.021583000000000001
vn 0.983101 0.18138799999999999 0.024726000000000001
vn 0.0073249999999999999 0.95914200000000005 -0.28283199999999997
vn 0.0073249999999999999 0.95914100000000002 -0.28283199999999997
vn 0.025085 0.24760099999999999 -0.96853699999999998
vn 0.024368000000000001 0.337926 -0.94085700000000005
vn 0.99957700000000005 0.013298000000000001 0.025874000000000001
vn 0.95128299999999999 0.30736200000000002 0.024285000000000001
vn 0.95116400000000001 0.30772500000000003 0.024351999999999999
vn 0.99957499999999999 0.013391 0.025877000000000001
vn 0.81059300000000001 0.58526 0.020258999999999999
vn 0.81052400000000002 0.58535000000000004 0.020403000000000001
vn 0.59128899999999995 0.80633500000000002 0.014175
vn 0.591333 0.80629799999999996 0.014402999999999999
vn 0.31466100000000002 0.94918100000000005 0.0066239999999999997
vn 0.314834 0.94912099999999999 0.0069329999999999999
vn 0.044888999999999998 0.99899099999999996 -0.001372
vn 0.051998000000000003 0.99864699999999995 -0.000359
vn -0.99957499999999999 0.013391 -0.025901
vn -0.95114900000000002 0.30772500000000003 -0.024917999999999999
vn -0.951264 0.30736200000000002 -0.024990999999999999
vn -0.99957600000000002 0.013298000000000001 -0.025902999999999999
vn -0.81049300000000002 0.58535000000000004 -0.021580999999999999
vn -0.81055500000000003 0.58526 -0.021728999999999998
vn -0.59128599999999998 0.80629799999999996 -0.016226999999999998
vn -0.59123000000000003 0.80633500000000002 -0.016452000000000001
vn -0.31477100000000002 0.94912099999999999 -0.0093740000000000004
vn -0.31458199999999997 0.94918100000000005 -0.0096729999999999993
vn -0.051909999999999998 0.99864699999999995 -0.0030500000000000002
vn -0.044757999999999999 0.99899099999999996 -0.0036939999999999998
vn 0.0073350000000000004 0.99997000000000003 -0.0026059999999999998
vn 0.0081340000000000006 0.99996399999999996 -0.002238
vn -0.0080070000000000002 0.99996399999999996 -0.0026559999999999999
vn -0.0071900000000000002 0.99997000000000003 -0.002983
vn -0.048689000000000003 0.99881299999999995 -0.001261
vn -0.013759 0.99990500000000004 -0.00035599999999999998
vn -0.013759 0.99990500000000004 -0.00035599999999999998
vn 0.013759 0.99990500000000004 0.00035599999999999998
vn 0.048689000000000003 0.99881299999999995 0.001261
vn 0.013759 0.99990500000000004 0.00035599999999999998
vn 0.99966500000000003 -0 0.025891000000000001
vn 0.99966500000000003 -0 0.025891000000000001
vn 0.99966500000000003 0 0.025891000000000001
vn 0.99957700000000005 0.013277000000000001 0.025888999999999999
vn -0.99966500000000003 -0 -0.025891000000000001
vn -0.99966500000000003 -0 -0.025891000000000001
vn -0.99966500000000003 0 -0.025891000000000001
vn -0.99957700000000005 0.013277000000000001 -0.025888999999999999
vn 0.025891000000000001 0 -0.99966500000000003
vn 0.025891000000000001 0 -0.99966500000000003
vn 0.025891000000000001 0 -0.99966500000000003
vn 0.025891000000000001 0 -0.99966500000000003
vn 0.025891000000000001 0 -0.99966500000000003
vn 0.025891000000000001 0 -0.99966500000000003
vn 0.025891000000000001 -0 -0.99966500000000003
vn 0.025891000000000001 0 -0.99966500000000003
vn 0.025891000000000001 0 -0.99966500000000003
vn -0.025891000000000001 0 0.99966500000000003
vn -0.025891000000000001 0 0.99966500000000003
vn -0.025891000000000001 0 0.99966500000000003
vn -0.025891000000000001 0 0.99966500000000003
vn -0.025891000000000001 0 0.99966500000000003
vn -0.025891000000000001 0 0.99966500000000003
vn -0.025891000000000001 0 0.99966500000000003
vn -0.025891000000000001 0 0.99966500000000003
vn 0.025891000000000001 0 -0.99966500000000003
vn 0.025891000000000001 0 -0.99966500000000003
vn 0.025891000000000001 0 -0.99966500000000003
vn 0.025891000000000001 0 -0.99966500000000003
vn 0.025891000000000001 0 -0.99966500000000003
vn 0.025891000000000001 0 -0.99966500000000003
vn 0.025891000000000001 -0 -0.99966500000000003
vn 0.025891000000000001 0 -0.99966500000000003
vn 0.025891000000000001 0 -0.99966500000000003
vn -0.025891000000000001 0 0.99966500000000003
vn -0.025891000000000001 0 0.99966500000000003
vn -0.025891000000000001 0 0.99966500000000003
vn -0.025891000000000001 0 0.99966500000000003
vn -0.025891000000000001 0 0.99966500000000003
vn -0.025891000000000001 0 0.99966500000000003
vn -0.025891000000000001 0 0.99966500000000003
vn -0.025891000000000001 0 0.99966500000000003
vn 0.31937199999999999 0.94759300000000002 0.0082719999999999998
vn 0.59424399999999999 0.80413699999999999 0.015391
vn 0.81196699999999999 0.58332399999999995 0.02103
vn 0.95158399999999999 0.306398 0.024646000000000001
vn -0.95158399999999999 0.306398 -0.024646000000000001
vn -0.81196699999999999 0.58332399999999995 -0.02103
vn -0.59424399999999999 0.80413699999999999 -0.015391
vn -0.31937199999999999 0.94759300000000002 -0.0082719999999999998
vn -0.97433599999999998 0.22367699999999999 -0.025243999999999999
vn -0.97881399999999996 0.20317099999999999 -0.025373
vn 0.025729999999999999 0.111567 -0.99342399999999997
vn 0.025836000000000001 0.065138000000000001 -0.99754200000000004
vn 0.014533000000000001 -0.82761200000000001 -0.56111200000000006
vn 0.014533000000000001 -0.82761200000000001 -0.56111200000000006
vn 0.025836000000000001 0.065138000000000001 -0.99754200000000004
vn 0.025728999999999998 0.111567 -0.99342399999999997
vn 0.97881600000000002 0.20317099999999999 0.025329000000000001
vn 0.97433700000000001 0.22367699999999999 0.025225999999999998
vn -0.025828 -0.070027000000000006 0.99721099999999996
vn -0.025107999999999998 -0.24412500000000001 0.96941900000000003
vn -0.003241 -0.99213200000000001 0.12515200000000001
vn -0.003241 -0.99213200000000001 0.12515200000000001
vn -0.025107999999999998 -0.24412500000000001 0.96941900000000003
vn -0.025828 -0.070027000000000006 0.99721099999999996
vn -0.97087900000000005 0.23824699999999999 -0.025146000000000002
vn -0.97087900000000005 0.23824699999999999 -0.025146000000000002
vn 0.025588 0.15256900000000001 -0.98796200000000001
vn 0.025588 0.15256900000000001 -0.98796200000000001
vn 0.97087900000000005 0.23824699999999999 0.025145000000000001
vn 0.97087900000000005 0.23824699999999999 0.025145000000000001
vn -0.025755 0.102299 0.99441999999999997
vn -0.025755 0.102299 0.99441999999999997
vn 0.99966500000000003 0 0.025891999999999998
vn 0.99966500000000003 -0 0.025891000000000001
vn 0.99966500000000003 -0 0.025891000000000001
vn 0.99966500000000003 0 0.025891999999999998
vn 0.99966500000000003 0 0.025891999999999998
vn 0.99966500000000003 0 0.025891999999999998
vn -0.99966500000000003 -0 -0.025891000000000001
vn -0.99966500000000003 -0 -0.025891000000000001
vn -0.99966500000000003 0 -0.025891000000000001
vn -0.99966500000000003 0 -0.025891000000000001
vn -0.99966500000000003 0 -0.025891000000000001
vn -0.99966500000000003 0 -0.025891000000000001
vn -0.001885 0.99734599999999995 0.072777999999999995
vn -0.001885 0.99734599999999995 0.072777999999999995
vn -0.0078630000000000002 0.95276499999999997 0.30360500000000001
vn -0.0078630000000000002 0.95276499999999997 0.30360500000000001
vn -0.0078630000000000002 0.95276499999999997 0.30360500000000001
vn -0.001885 0.99734599999999995 0.072777999999999995
vn 0.001423 0.99848800000000004 -0.054942999999999999
vn 0.0099080000000000001 0.92388000000000003 -0.38255499999999998
vn 0.0099080000000000001 0.92388000000000003 -0.38255499999999998
vn 0.001423 0.99848800000000004 -0.054942999999999999
vn 0.018308000000000001 0.70710799999999996 -0.70686899999999997
vn 0.018308000000000001 0.70710799999999996 -0.70686899999999997
vn 0.02392 0.38268400000000002 -0.92357
vn 0.02392 0.38268400000000002 -0.92357
vn 0.025878000000000002 0.031746000000000003 -0.99916099999999997
vn 0.045293 0.031739999999999997 -0.99846900000000005
vn 0.001423 0.99848800000000004 -0.054942999999999999
vn 0.0064530000000000004 0.031739999999999997 -0.999475
vn -0.99966500000000003 -0 -0.025891000000000001
vn -0.99966500000000003 -0 -0.025891000000000001
vn -0.99966500000000003 -0 -0.025891000000000001
vn -0.99966500000000003 -0 -0.025891000000000001
vn -0.99966500000000003 -0 -0.025891000000000001
vn -0.99966500000000003 -0 -0.025891000000000001
vn 0.99966500000000003 -0 0.025891000000000001
vn 0.99966500000000003 -0 0.025891000000000001
vn 0.99966500000000003 -0 0.025891000000000001
vn 0.99966500000000003 -0 0.025891000000000001
vn 0.99966500000000003 -0 0.025891000000000001
vn 0.99966500000000003 -0 0.025891000000000001
vn 0.0099080000000000001 0.92388000000000003 -0.38255499999999998
vn 0.018308000000000001 0.70710799999999996 -0.70686899999999997
vn 0.02392 0.38268400000000002 -0.92357
vn -0.021066999999999999 0.58130800000000005 0.813411
vn -0.021066999999999999 0.58130800000000005 0.813411
vn -0.021066999999999999 0.58130800000000005 0.813411
vn -0.025159000000000001 0.23617099999999999 0.97138599999999997
vn -0.025159000000000001 0.23617099999999999 0.97138599999999997
vn -0.025159000000000001 0.23617099999999999 0.97138599999999997
vn 0.025891000000000001 -0 -0.99966500000000003
vn 0.025588 0.15256900000000001 -0.98796200000000001
vn 0.025588 0.15256900000000001 -0.98796200000000001
vn 3.6000000000000001e-005 0.99999899999999997 -0.001418
vn 3.6000000000000001e-005 0.99999899999999997 -0.001418
vn 3.6000000000000001e-005 0.99999899999999997 -0.001418
vn 3.6000000000000001e-005 0.99999899999999997 -0.001418
vn -0.025755 0.102299 0.99441999999999997
vn -0.025755 0.102299 0.99441999999999997
vn -4.0000000000000003e-005 0.99999899999999997 0.0013270000000000001
vn -4.0000000000000003e-005 0.99999899999999997 0.0013270000000000001
vn -4.0000000000000003e-005 0.99999899999999997 0.0013270000000000001
vn -4.0000000000000003e-005 0.99999899999999997 0.0013270000000000001
vn -2.9e-005 0.99999899999999997 0.001328
vn -2.9e-005 0.99999899999999997 0.001328
vn -2.9e-005 0.99999899999999997 0.001328
vn -2.9e-005 0.99999899999999997 0.001328
vn 0.99928300000000003 0.027629000000000001 0.025881000000000001
vn 0.99928300000000003 0.027629000000000001 0.025881000000000001
vn 0.99928300000000003 0.027629000000000001 0.025881000000000001
vn 0.99928300000000003 0.027629000000000001 0.025881000000000001
vn -0.99928300000000003 0.027629000000000001 -0.025881000000000001
vn -0.99928300000000003 0.027629000000000001 -0.025881000000000001
vn -0.99928300000000003 0.027629000000000001 -0.025881000000000001
vn -0.99928300000000003 0.027629000000000001 -0.025881000000000001
vn 0.028389000000000001 0.99762899999999999 0.062701999999999994
vn 0.031570000000000001 0.997444 -0.064093999999999998
vn 0.049565999999999999 0.99784600000000001 -0.042959999999999998
vn 0.047313000000000001 0.99796799999999997 0.042678000000000001
vn -0.028209999999999999 0.997444 -0.065642000000000006
vn -0.047275999999999999 0.99784600000000001 -0.045468000000000001
vn -0.031597 0.99762799999999996 0.061148000000000001
vn -0.049458000000000002 0.99796799999999997 0.040171999999999999
vn 0.031570000000000001 0.997444 -0.064092999999999997
vn -0.028209999999999999 0.997444 -0.065642000000000006
vn -0.047275999999999999 0.99784600000000001 -0.045468000000000001
vn 0.049565999999999999 0.99784700000000004 -0.042958999999999997
vn -0.031597 0.99762799999999996 0.061148000000000001
vn -0.049458000000000002 0.99796799999999997 0.040171999999999999
vn 0.028389000000000001 0.99762799999999996 0.062701999999999994
vn 0.047312 0.99796799999999997 0.042678000000000001
vn -0.81279100000000004 0.58214399999999999 -0.021876
vn -0.81279100000000004 0.58214399999999999 -0.021876
vn -0.81279100000000004 0.58214399999999999 -0.021876
vn -0.81279100000000004 0.58214399999999999 -0.021876
vn -0.021788999999999999 0.54014399999999996 0.84128999999999998
vn -0.021788999999999999 0.54014399999999996 0.84128999999999998
vn -0.021788999999999999 0.54014399999999996 0.84128999999999998
vn -0.021788999999999999 0.54014399999999996 0.84128999999999998
vn 0.81283399999999995 0.58214500000000002 0.020226999999999998
vn 0.81283399999999995 0.58214399999999999 0.020226999999999998
vn 0.81283399999999995 0.58214500000000002 0.020226999999999998
vn 0.81283399999999995 0.58214399999999999 0.020226999999999998
vn 0.021801000000000001 0.53944800000000004 -0.84173600000000004
vn 0.021801000000000001 0.53944800000000004 -0.84173600000000004
vn 0.021801000000000001 0.53944800000000004 -0.84173600000000004
vn 0.021801000000000001 0.53944800000000004 -0.84173600000000004
vn -0.021788999999999999 0.54014499999999999 0.84128999999999998
vn -0.021788999999999999 0.54014499999999999 0.84128999999999998
vn -0.021788999999999999 0.54014499999999999 0.84128999999999998
vn -0.021788999999999999 0.54014499999999999 0.84128999999999998
vn 0.81283399999999995 0.58214399999999999 0.020226000000000001
vn 0.81283399999999995 0.58214399999999999 0.020226000000000001
vn 0.81283399999999995 0.58214399999999999 0.020226000000000001
vn 0.81283399999999995 0.58214399999999999 0.020226000000000001
vn 0.0218 0.53944999999999999 -0.84173600000000004
vn 0.0218 0.53944999999999999 -0.84173600000000004
vn 0.0218 0.53944999999999999 -0.84173600000000004
vn 0.0218 0.53944999999999999 -0.84173600000000004
vn -0.81279000000000001 0.58214600000000005 -0.021878000000000002
vn -0.81279000000000001 0.58214600000000005 -0.021878000000000002
vn -0.81279000000000001 0.58214600000000005 -0.021878000000000002
vn -0.81279000000000001 0.58214600000000005 -0.021878000000000002
vn 0.53782399999999997 -0.39287 -0.74592199999999997
vn 0.186831 -0.31091299999999999 -0.931894
vn 0.16442699999999999 0.030175 -0.98592800000000003
vn 0.46872799999999998 0.016759 -0.88318399999999997
vn 0.033675999999999998 -0.33195000000000002 -0.94269599999999998
vn 0.015350000000000001 -0.0018220000000000001 -0.99987999999999999
vn -0.089763999999999997 -0.338258 -0.93676199999999998
vn -0.110662 -0.0082609999999999992 -0.99382400000000004
vn -0.24252599999999999 -0.33285300000000001 -0.91125699999999998
vn -0.26019799999999998 0.0084770000000000002 -0.96551799999999999
vn -0.56395499999999998 -0.44916899999999998 -0.69296599999999997
vn -0.55032499999999995 -0.035312999999999997 -0.83420300000000003
vn 0.17846699999999999 0.19139400000000001 -0.96515200000000001
vn 0.469194 0.18324099999999999 -0.86387499999999995
vn 0.032807000000000003 0.15767300000000001 -0.98694599999999999
vn -0.142931 0.14869299999999999 -0.97849900000000001
vn -0.28850799999999999 0.16753199999999999 -0.94270699999999996
vn -0.56586999999999998 0.13034999999999999 -0.81412499999999999
vn 0.170873 0.32309900000000003 -0.93081100000000006
vn 0.46032099999999998 0.30632199999999998 -0.83323000000000003
vn 0.026408999999999998 0.35052800000000001 -0.93618000000000001
vn -0.29109800000000002 0.29949300000000001 -0.90860700000000005
vn -0.15135299999999999 0.341445 -0.92763600000000002
vn -0.56667000000000001 0.25384400000000001 -0.78386800000000001
vn 0.112026 0.50761999999999996 -0.854267
vn 0.41483700000000001 0.50227100000000002 -0.75870599999999999
vn -0.019251999999999998 0.52996900000000002 -0.84779800000000005
vn -0.11593299999999999 0.52502899999999997 -0.84315099999999998
vn -0.24427099999999999 0.48941299999999999 -0.83714200000000005
vn -0.53443099999999999 0.453764 -0.71307900000000002
vn 0.069678000000000004 0.72606599999999999 -0.68408599999999997
vn 0.43226100000000001 0.74213499999999999 -0.51223600000000002
vn -0.036158999999999997 0.73857799999999996 -0.67319700000000005
vn -0.103703 0.73512699999999997 -0.66995099999999996
vn -0.20827300000000001 0.71186300000000002 -0.67072600000000004
vn -0.55250200000000005 0.69181499999999996 -0.46490199999999998
vn -0.023390000000000001 0.99966900000000003 0.010694
vn 0.646706 0.76115699999999997 0.049100999999999999
vn -0.043929999999999997 0.99895999999999996 0.012198000000000001
vn -0.056925000000000003 0.99829599999999996 0.012824
vn -0.077479999999999993 0.99690500000000004 0.013294
vn -0.71308300000000002 0.69167299999999998 0.11445900000000001
vn -0.038460000000000001 0.87708200000000003 0.478798
vn 0.67327000000000004 0.65178700000000001 0.34911599999999998
vn -0.027507 0.87910299999999997 0.47583700000000001
vn -0.016646999999999999 0.87965700000000002 0.47531699999999999
vn -0.005313 0.87877499999999997 0.47720600000000002
vn -0.69956399999999996 0.58163600000000004 0.41510200000000003
vn 0.019390999999999999 -0.022558999999999999 0.99955700000000003
vn 0.319828 -0.035386000000000001 0.94681400000000004
vn 0.050185 0.031248000000000001 0.998251
vn 0.042619999999999998 0.030861 0.998614
vn 0.078709000000000001 -0.019526999999999999 0.99670599999999998
vn -0.222525 -0.063100000000000003 0.97288300000000005
vn 0.073242000000000002 -0.28027999999999997 0.95711999999999997
vn 0.52878499999999995 -0.15707099999999999 0.83409599999999995
vn 0.091909000000000005 -0.194187 0.97664899999999999
vn 0.022165000000000001 -0.19775100000000001 0.98000200000000004
vn 0.047536000000000002 -0.28159299999999998 0.95835599999999999
vn -0.427842 -0.205955 0.88007599999999997
vn 0.14482800000000001 -0.227988 0.96283200000000002
vn 0.53039099999999995 -0.18412700000000001 0.82751600000000003
vn 0.12792600000000001 -0.192719 0.97287900000000005
vn -0.01401 -0.19997200000000001 0.97970199999999996
vn -0.028121 -0.23682500000000001 0.97114500000000004
vn -0.427311 -0.23306399999999999 0.87354799999999999
vn 0.14187 -0.26887899999999998 0.95266799999999996
vn 0.52547600000000005 -0.20898800000000001 0.82474199999999998
vn 0.127169 -0.32039299999999998 0.93871000000000004
vn -0.0035439999999999998 -0.32707199999999997 0.94499299999999997
vn -0.022005 -0.27725300000000003 0.96054499999999998
vn -0.420182 -0.25730999999999998 0.87019500000000005
vn 0.061156000000000002 -0.24909200000000001 0.96654700000000005
vn 0.491614 -0.23697399999999999 0.83794900000000005
vn 0.087592000000000003 -0.33688699999999999 0.93746200000000002
vn 0.037201999999999999 -0.33946199999999999 0.93988400000000005
vn 0.057234 -0.24929299999999999 0.96673500000000001
vn -0.38254199999999999 -0.28164299999999998 0.879965
vn 0.111707 -0.67643799999999998 0.72797900000000004
vn 0.33580399999999999 -0.50225500000000001 0.79685300000000003
vn 0.092214000000000004 -0.71191800000000005 0.69618199999999997
vn 0.047684999999999998 -0.71419299999999997 0.69832300000000003
vn 0.027817999999999999 -0.680724 0.732012
vn -0.205211 -0.52989900000000001 0.82285799999999998
vn 0.194495 -0.95293600000000001 -0.23256099999999999
vn 0.71651100000000001 -0.68183199999999999 -0.147371
vn 0.089379 -0.96844699999999995 -0.23264099999999999
vn -0.012269 -0.97364099999999998 -0.22775500000000001
vn -0.117924 -0.96889999999999998 -0.21754499999999999
vn -0.65424899999999997 -0.75187700000000002 -0.081484000000000001
vn 0.19112100000000001 -0.93867500000000004 -0.28698699999999999
vn 0.70946600000000004 -0.66458600000000001 -0.234486
vn 0.083584000000000006 -0.94937199999999999 -0.30283199999999999
vn -0.015185000000000001 -0.95441900000000002 -0.29808499999999999
vn -0.121241 -0.95463600000000004 -0.27197500000000002
vn -0.65736099999999997 -0.734429 -0.168791
vn -0.97189599999999998 -0.22823599999999999 0.057671
vn -0.97708300000000003 -0.20956 -0.037336000000000001
vn -0.99045899999999998 -0.10525 0.088959999999999997
vn -0.99684600000000001 -0.076178999999999997 -0.022248
vn -0.99368999999999996 -0.018860999999999999 0.110559
vn -0.99994799999999995 0.010168 1.1e-005
vn -0.97936599999999996 0.13675599999999999 0.14879400000000001
vn -0.98375599999999996 0.169595 0.058827999999999998
vn 0.99110500000000001 -0.12792799999999999 -0.036679999999999997
vn 0.98525300000000005 -0.10928599999999999 -0.13165499999999999
vn 0.99997100000000005 -0.0035409999999999999 -0.0067089999999999997
vn 0.99270099999999994 0.025485000000000001 -0.11787499999999999
vn 0.996452 0.082834000000000005 0.014904000000000001
vn 0.98912100000000003 0.111807 -0.095592999999999997
vn 0.97009900000000004 0.236372 0.055093999999999997
vn 0.96250100000000005 0.26904800000000001 -0.034720000000000001
vn -0.058209999999999998 0.25337799999999999 -0.96561399999999997
vn -0.051429000000000002 0.33911400000000003 -0.93933900000000004
vn -0.073418999999999998 0.33799000000000001 -0.93828199999999995
vn -0.060499999999999998 0.25326100000000001 -0.96550400000000003
vn -0.058083999999999997 0.250116 -0.966472
vn 0.035340999999999997 0.25538300000000003 -0.966194
vn -0.060373999999999997 0.25 -0.96636200000000005
vn -0.066655000000000006 0.16214700000000001 -0.98451299999999997
vn -0.044665000000000003 0.16327 -0.98556999999999995
vn -0.153393 0.24573999999999999 -0.95712200000000003
vn -0.073745000000000005 0.34185700000000002 -0.93685399999999996
vn -0.051360999999999997 0.34300000000000003 -0.93793000000000004
vn -0.044291999999999998 0.15921099999999999 -0.98625099999999999
vn -0.066675999999999999 0.15806799999999999 -0.98517500000000002
vn -0.33030199999999998 0.37338399999999999 -0.86688200000000004
vn -0.14291799999999999 0.29289100000000001 -0.94540400000000002
vn -0.15395300000000001 0.245697 -0.95704299999999998
vn -0.23561299999999999 0.50534699999999999 -0.83012699999999995
vn -0.109107 0.32886700000000002 -0.938052
vn 0.102504 0.52262200000000003 -0.84638000000000002
vn -0.015139 0.33366899999999999 -0.94256899999999999
vn 0.20616999999999999 0.40079700000000001 -0.89266800000000002
vn 0.021297 0.30128300000000002 -0.95329699999999995
vn 0.035909000000000003 0.25539899999999999 -0.96616899999999994
vn 0.21753400000000001 0.105312 -0.97035499999999997
vn 0.024878000000000001 0.20819499999999999 -0.97777099999999995
vn 0.12378400000000001 -0.030632 -0.99183600000000005
vn -0.0089289999999999994 0.17219400000000001 -0.98502299999999998
vn -0.21433199999999999 -0.047907999999999999 -0.97558500000000004
vn -0.102896 0.16739200000000001 -0.98050599999999999
vn -0.31893700000000003 0.077897999999999995 -0.94456899999999999
vn -0.13933899999999999 0.19980400000000001 -0.96987800000000002
vn 0.56155100000000002 -0.40676499999999999 -0.720557
vn 0.222021 -0.315274 -0.92266400000000004
vn 0.21135699999999999 0.026325999999999999 -0.97705399999999998
vn 0.51002000000000003 0.0046579999999999998 -0.86014999999999997
vn 0.069032999999999997 -0.33217200000000002 -0.940689
vn 0.062295999999999997 -0.0016360000000000001 -0.99805600000000005
vn -0.054674 -0.33515699999999998 -0.94057500000000005
vn -0.063990000000000005 -0.0046820000000000004 -0.99794000000000005
vn -0.20826600000000001 -0.32565499999999997 -0.92226600000000003
vn -0.21418799999999999 0.016060000000000001 -0.976661
vn -0.54261400000000004 -0.43340299999999998 -0.71953599999999995
vn -0.51124099999999995 -0.019979 -0.859205
vn 0.22873199999999999 0.18709600000000001 -0.955341
vn 0.51405100000000004 0.17105500000000001 -0.84053100000000003
vn 0.083405000000000007 0.15732399999999999 -0.98401899999999998
vn -0.092714000000000005 0.15307499999999999 -0.98385599999999995
vn -0.23925399999999999 0.17580599999999999 -0.95490799999999998
vn -0.52325500000000003 0.14602999999999999 -0.83957099999999996
vn 0.22307399999999999 0.318938 -0.92115000000000002
vn 0.50705699999999998 0.29431200000000002 -0.81010700000000002
vn 0.079811999999999994 0.35025000000000001 -0.933249
vn -0.239897 0.30776900000000001 -0.92072100000000001
vn -0.098335000000000006 0.34595300000000001 -0.93308500000000005
vn -0.52215699999999998 0.26948299999999997 -0.80915499999999996
vn 0.16567299999999999 0.50492999999999999 -0.84711199999999998
vn 0.46340300000000001 0.49136999999999997 -0.73743700000000001
vn 0.034883999999999998 0.53080300000000002 -0.846777
vn -0.062005999999999999 0.52846599999999999 -0.84668699999999997
vn -0.19139500000000001 0.49631599999999998 -0.84678100000000001
vn -0.48792099999999999 0.46842 -0.73655700000000002
vn 0.121255 0.72433499999999995 -0.678701
vn 0.475657 0.73053100000000004 -0.48997400000000002
vn 0.015398 0.73968699999999998 -0.67277500000000001
vn -0.052292999999999999 0.73805399999999999 -0.67271199999999998
vn -0.15729799999999999 0.717615 -0.67844300000000002
vn -0.51123799999999997 0.70672199999999996 -0.48905999999999999
vn 0.003006 0.99992999999999999 0.011447000000000001
vn 0.66390300000000002 0.74343400000000004 0.080853999999999995
vn -0.017593000000000001 0.99977300000000002 0.011983000000000001
vn -0.030616000000000001 0.99945899999999999 0.011996
vn -0.051200000000000002 0.99862200000000001 0.011497
vn -0.69882999999999995 0.71055800000000002 0.082114999999999994
vn -0.037346999999999998 0.87751299999999999 0.47809600000000002
vn 0.67338200000000004 0.63320799999999999 0.38158199999999998
vn -0.026217000000000001 0.87924000000000002 0.475657
vn -0.015332999999999999 0.87950200000000001 0.47564899999999999
vn -0.0041279999999999997 0.87831400000000004 0.47806700000000002
vn -0.70242599999999999 0.60001700000000002 0.382855
vn -0.028244999999999999 -0.023671999999999999 0.99932100000000001
vn 0.27388699999999999 -0.044553000000000002 0.96072900000000006
vn 0.0040109999999999998 0.029287000000000001 0.99956299999999998
vn -0.0035699999999999998 0.029104000000000001 0.99956999999999996
vn 0.031202000000000001 -0.022237 0.99926599999999999
vn -0.26964100000000002 -0.057666000000000002 0.961233
vn 0.020596 -0.28272399999999998 0.95898000000000005
vn 0.484566 -0.17175499999999999 0.85772700000000002
vn 0.040631 -0.19717699999999999 0.97952600000000001
vn -0.029263999999999998 -0.19886300000000001 0.97958999999999996
vn -0.0051650000000000003 -0.28334500000000001 0.95900399999999997
vn -0.474132 -0.194884 0.85861399999999999
vn 0.093214000000000005 -0.23238200000000001 0.96814800000000001
vn 0.48575200000000002 -0.19883999999999999 0.85118000000000005
vn 0.076812000000000005 -0.19667699999999999 0.97745499999999996
vn -0.065431000000000003 -0.20010900000000001 0.97758599999999996
vn -0.080110000000000001 -0.236563 0.96830799999999995
vn -0.47402300000000003 -0.221994 0.85206800000000005
vn 0.089638999999999996 -0.27317200000000003 0.95777999999999996
vn 0.48030699999999998 -0.22355800000000001 0.848132
vn 0.074231000000000005 -0.32426300000000002 0.94305000000000005
vn -0.056764000000000002 -0.32742399999999999 0.94317099999999998
vn -0.074591000000000005 -0.27713500000000002 0.95793099999999998
vn -0.46739900000000001 -0.246421 0.84900799999999998
vn 0.0089230000000000004 -0.25122800000000001 0.96788700000000005
vn 0.44512099999999999 -0.25063000000000002 0.85968100000000003
vn 0.034327999999999997 -0.33968500000000001 0.93991199999999997
vn -0.01617 -0.34090300000000001 0.93995899999999999
vn 0.0049919999999999999 -0.25132300000000002 0.96789000000000003
vn -0.430927 -0.27176499999999998 0.86049100000000001
vn 0.059132999999999998 -0.67963700000000005 0.73116099999999995
vn 0.28434399999999999 -0.51159399999999999 0.81081400000000003
vn 0.040210999999999997 -0.71455999999999997 0.69841699999999995
vn -0.0044149999999999997 -0.71563600000000005 0.69845900000000005
vn -0.024937999999999998 -0.68166499999999997 0.73124
vn -0.25784299999999999 -0.52467299999999994 0.81131699999999995
vn 0.179535 -0.95768900000000001 -0.224942
vn 0.70406500000000005 -0.700793 -0.114811
vn 0.074161000000000005 -0.97036299999999998 -0.229989
vn -0.027706999999999999 -0.97282100000000005 -0.22989499999999999
vn -0.13356000000000001 -0.96524299999999996 -0.22465199999999999
vn -0.66966300000000001 -0.733935 -0.113539
vn 0.17910899999999999 -0.94330999999999998 -0.27943899999999999
vn 0.70159099999999996 -0.683311 -0.202128
vn 0.072187000000000001 -0.95109699999999997 -0.30033900000000002
vn -0.026794999999999999 -0.95348500000000003 -0.30024800000000001
vn -0.13392899999999999 -0.95086199999999999 -0.27915000000000001
vn -0.66819700000000004 -0.71635700000000002 -0.20086300000000001
vn -0.97931500000000005 -0.202012 0.011513000000000001
vn -0.97952499999999998 -0.183146 -0.083597000000000005
vn -0.99601700000000004 -0.078589999999999993 0.042124000000000002
vn -0.99638400000000005 -0.04929 -0.069206000000000004
vn -0.99793799999999999 0.007842 0.063709000000000002
vn -0.99820799999999998 0.037095000000000003 -0.046956999999999999
vn -0.98124999999999996 0.162994 0.102865
vn -0.98052099999999998 0.195993 0.012853
vn 0.98793699999999995 -0.15455199999999999 0.0096930000000000002
vn 0.98706099999999997 -0.13570199999999999 -0.085417000000000007
vn 0.99872399999999995 -0.030467000000000001 0.040279000000000002
vn 0.99747200000000003 -0.001189 -0.071051000000000003
vn 0.99651500000000004 0.055958000000000001 0.061864000000000002
vn 0.99516899999999997 0.085184999999999997 -0.048800999999999997
vn 0.972437 0.21012700000000001 0.101058
vn 0.96995100000000001 0.24304899999999999 0.011047
vn -0.0059100000000000003 0.25543199999999999 -0.96680900000000003
vn 0.001415 0.33552799999999999 -0.94202900000000001
vn -0.019335999999999999 0.33502700000000002 -0.94201000000000001
vn -0.0082050000000000005 0.25537700000000002 -0.96680699999999997
vn -0.0058310000000000002 0.25216899999999998 -0.96766600000000003
vn 0.080759999999999998 0.254911 -0.96358600000000005
vn -0.0081259999999999995 0.252114 -0.96766300000000005
vn -0.015398 0.17014299999999999 -0.98529900000000004
vn 0.0053540000000000003 0.17064399999999999 -0.98531800000000003
vn -0.094742000000000007 0.25067800000000001 -0.96342300000000003
vn -0.022647 0.35985400000000001 -0.93273399999999995
vn 0.0035430000000000001 0.36048599999999997 -0.93275799999999998
vn 0.0087019999999999997 0.14447399999999999 -0.98946999999999996
vn -0.017488 0.143843 -0.98944600000000005
vn -0.25179600000000002 0.37049300000000002 -0.89405500000000004
vn -0.104393 0.30441299999999999 -0.94680200000000003
vn -0.118018 0.249525 -0.96114999999999995
vn -0.16597200000000001 0.48745300000000003 -0.85723000000000005
vn -0.064288999999999999 0.34573300000000001 -0.93612799999999996
vn 0.14068700000000001 0.49484800000000001 -0.85751500000000003
vn 0.045811999999999999 0.348389 -0.93623000000000001
vn 0.23198299999999999 0.382164 -0.89450200000000002
vn 0.087843000000000004 0.30905100000000002 -0.94698000000000004
vn 0.104072 0.25488300000000003 -0.96135499999999996
vn 0.238314 0.117034 -0.96411100000000005
vn 0.090448000000000001 0.19997200000000001 -0.97561799999999999
vn 0.152584 -0.0032450000000000001 -0.98828499999999997
vn 0.050344 0.15859300000000001 -0.98606000000000005
vn -0.15407399999999999 -0.010642 -0.98800200000000005
vn -0.059755999999999997 0.15593599999999999 -0.985958
vn -0.24546399999999999 0.105362 -0.96366300000000005
vn -0.101789 0.19533500000000001 -0.97543999999999997
vn 0.63902700000000001 -0.42593700000000001 -0.640486
vn 0.33333099999999999 -0.32223299999999999 -0.88603399999999999
vn 0.34214499999999998 0.019574999999999999 -0.93944300000000003
vn 0.62133700000000003 -0.012822999999999999 -0.78343799999999997
vn 0.18367800000000001 -0.33365099999999998 -0.92462900000000003
vn 0.19639300000000001 -0.0030370000000000002 -0.98051999999999995
vn 0.061060999999999997 -0.33222299999999999 -0.941222
vn 0.071221000000000007 -0.0015790000000000001 -0.99745899999999998
vn -0.093165999999999999 -0.31726599999999999 -0.94374899999999995
vn -0.079649999999999999 0.024486999999999998 -0.99652200000000002
vn -0.45541100000000001 -0.41319 -0.78859000000000001
vn -0.390926 -0.001034 -0.92042199999999996
vn 0.36208000000000001 0.17960599999999999 -0.91468000000000005
vn 0.62853999999999999 0.153308 -0.76251899999999995
vn 0.220998 0.155057 -0.96286899999999997
vn 0.046432000000000001 0.15709000000000001 -0.98649200000000004
vn -0.101783 0.18500800000000001 -0.97745199999999999
vn -0.39962700000000001 0.16528200000000001 -0.90165399999999996
vn 0.35650399999999999 0.31153700000000001 -0.88082300000000002
vn 0.62184799999999996 0.27671099999999998 -0.73262300000000002
vn 0.21737999999999999 0.34794799999999998 -0.911964
vn -0.10238899999999999 0.31688100000000002 -0.94292200000000004
vn 0.040802999999999999 0.35000399999999998 -0.935859
vn -0.39829999999999999 0.28859200000000002 -0.87067300000000003
vn 0.29621700000000001 0.49939699999999998 -0.81416100000000002
vn 0.57574800000000004 0.47514000000000001 -0.66539999999999999
vn 0.167574 0.52991600000000005 -0.83132899999999998
vn 0.071538000000000004 0.53103500000000003 -0.84432499999999999
vn -0.057704999999999999 0.50351900000000005 -0.86205500000000002
vn -0.36719499999999999 0.486122 -0.79300199999999998
vn 0.23722099999999999 0.72010799999999997 -0.65205100000000005
vn 0.56289 0.71350899999999995 -0.41720400000000002
vn 0.13214000000000001 0.73921999999999999 -0.66037400000000002
vn 0.065045000000000006 0.74000100000000002 -0.66945299999999996
vn -0.038878000000000003 0.72332399999999997 -0.68941399999999997
vn -0.41531099999999999 0.72490100000000002 -0.54957699999999998
vn 0.036645999999999998 0.99917699999999998 0.017374000000000001
vn 0.67267100000000002 0.71922399999999997 0.17386599999999999
vn 0.01617 0.99975499999999995 0.015125
vn 0.003261 0.99990500000000004 0.013379
vn -0.017083999999999998 0.999803 0.010102999999999999
vn -0.67805700000000002 0.73495500000000002 -0.0089200000000000008
vn -0.070635000000000003 0.87789399999999995 0.47361599999999998
vn 0.63756900000000005 0.60848400000000002 0.472497
vn -0.059222999999999998 0.87922500000000003 0.47271099999999999
vn -0.048434999999999999 0.87909899999999996 0.47417300000000001
vn -0.037707999999999998 0.87751000000000001 0.47807300000000003
vn -0.72611800000000004 0.62436499999999995 0.28795900000000002
vn -0.16373799999999999 -0.023469 0.98622500000000002
vn 0.13991300000000001 -0.055078000000000002 0.98863100000000004
vn -0.129965 0.028306000000000001 0.99111400000000005
vn -0.13747999999999999 0.028393000000000002 0.99009800000000003
vn -0.10481500000000001 -0.024154999999999999 0.99419800000000003
vn -0.39882699999999999 -0.048804 0.91572699999999996
vn -0.119051 -0.28406500000000001 0.95138500000000004
vn 0.35796 -0.18962599999999999 0.91427899999999995
vn -0.098974000000000006 -0.19930400000000001 0.97492699999999999
vn -0.16825200000000001 -0.19849700000000001 0.96555199999999997
vn -0.14458499999999999 -0.28376800000000002 0.94793000000000005
vn -0.59229299999999996 -0.17856 0.78568800000000005
vn -0.046607999999999997 -0.23635200000000001 0.970549
vn 0.35906500000000002 -0.21673100000000001 0.90780000000000005
vn -0.062849000000000002 -0.20009299999999999 0.97775900000000004
vn -0.20383899999999999 -0.19845099999999999 0.95867999999999998
vn -0.21840499999999999 -0.234351 0.94730099999999995
vn -0.592256 -0.205651 0.77906399999999998
vn -0.050183999999999999 -0.27698 0.95956399999999997
vn 0.353213 -0.24123700000000001 0.90390599999999999
vn -0.065252000000000004 -0.32747700000000002 0.94260299999999997
vn -0.19509399999999999 -0.325965 0.92503199999999997
vn -0.21296799999999999 -0.27508500000000002 0.93753600000000004
vn -0.58614299999999997 -0.230296 0.77678800000000003
vn -0.13070300000000001 -0.25218000000000002 0.95881300000000003
vn 0.315859 -0.26704600000000001 0.91044999999999998
vn -0.10488400000000001 -0.34146399999999999 0.93402399999999997
vn -0.15493799999999999 -0.34088099999999999 0.92725100000000005
vn -0.134599 -0.252135 0.95828599999999997
vn -0.55247199999999996 -0.256934 0.79294399999999998
vn -0.064106999999999997 -0.68191299999999999 0.72861799999999999
vn 0.15406300000000001 -0.52207199999999998 0.83887199999999995
vn -0.079653000000000002 -0.71611199999999997 0.69342499999999996
vn -0.123886 -0.71559600000000001 0.68744000000000005
vn -0.14743700000000001 -0.68094200000000005 0.71734299999999995
vn -0.38334800000000002 -0.51581200000000005 0.76614800000000005
vn 0.174425 -0.96329600000000004 -0.20404800000000001
vn 0.68799900000000003 -0.725356 -0.022714999999999999
vn 0.070317000000000005 -0.97220200000000001 -0.22333800000000001
vn -0.030653 -0.97102599999999994 -0.23700099999999999
vn -0.13591200000000001 -0.95968200000000004 -0.24604400000000001
vn -0.67362699999999998 -0.70949899999999999 -0.20697399999999999
vn 0.181868 -0.94886700000000002 -0.258023
vn 0.69795499999999999 -0.70772500000000005 -0.109468
vn 0.078539999999999999 -0.95281899999999997 -0.29320099999999999
vn -0.019570000000000001 -0.951677 -0.30647799999999997
vn -0.128412 -0.94525300000000001 -0.30001299999999997
vn -0.65976500000000005 -0.691913 -0.29320200000000002
vn -0.97840199999999999 -0.16697699999999999 -0.121851
vn -0.96510300000000004 -0.148037 -0.21601300000000001
vn -0.99472700000000003 -0.043062999999999997 -0.093078999999999995
vn -0.97902599999999995 -0.013677 -0.20327400000000001
vn -0.99650000000000005 0.043365000000000001 -0.071465000000000001
vn -0.98079400000000005 0.072700000000000001 -0.18098900000000001
vn -0.97979899999999998 0.197792 -0.029543
vn -0.96576099999999998 0.23081699999999999 -0.118447
vn 0.97151900000000002 -0.18968599999999999 0.14202000000000001
vn 0.98415799999999998 -0.170739 0.047768999999999999
vn 0.98243999999999998 -0.066089999999999996 0.174479
vn 0.99726499999999996 -0.036693999999999997 0.064165
vn 0.98038199999999998 0.020341999999999999 0.19605500000000001
vn 0.99502199999999996 0.049688999999999997 0.086386000000000004
vn 0.956677 0.17523900000000001 0.23250899999999999
vn 0.96752899999999997 0.20830299999999999 0.14317199999999999
vn 0.13369 0.25627299999999997 -0.95731500000000003
vn 0.13994699999999999 0.33040599999999998 -0.93340599999999996
vn 0.120727 0.33062900000000001 -0.93600700000000003
vn 0.131415 0.25629999999999997 -0.95762199999999997
vn 0.133768 0.25301000000000001 -0.95817099999999999
vn 0.21227299999999999 0.25288899999999997 -0.94392100000000001
vn 0.131493 0.25303700000000001 -0.95847899999999997
vn 0.12439 0.17727699999999999 -0.97626800000000002
vn 0.14360999999999999 0.17705299999999999 -0.97366799999999998
vn 0.052041999999999998 0.25475599999999998 -0.96560400000000002
vn 0.112524 0.38380900000000001 -0.91653099999999998
vn 0.14389399999999999 0.38344400000000001 -0.91228600000000004
vn 0.150168 0.120717 -0.981263
vn 0.118799 0.121083 -0.98550800000000005
vn -0.089191000000000006 0.36747800000000003 -0.92574500000000004
vn 0.015225000000000001 0.31946600000000003 -0.94747499999999996
vn -0.00077700000000000002 0.25391999999999998 -0.967225
vn -0.014513 0.46986 -0.88262200000000002
vn 0.062764 0.36812299999999998 -0.92765600000000004
vn 0.25928499999999999 0.466669 -0.84557199999999999
vn 0.19444900000000001 0.366589 -0.90983599999999998
vn 0.34037699999999999 0.36247499999999999 -0.86761500000000003
vn 0.244421 0.316797 -0.91646000000000005
vn 0.26359199999999999 0.25084099999999998 -0.93144899999999997
vn 0.34602899999999998 0.125804 -0.92975099999999999
vn 0.24756400000000001 0.18524199999999999 -0.95099800000000001
vn 0.26993699999999998 0.020705000000000001 -0.96265500000000004
vn 0.19994400000000001 0.13644000000000001 -0.97026100000000004
vn -0.0038609999999999998 0.023895 -0.99970700000000001
vn 0.068261000000000002 0.13797200000000001 -0.98808099999999999
vn -0.083540000000000003 0.13080600000000001 -0.98788200000000004
vn 0.018366 0.18791099999999999 -0.98201400000000005
#end 762 normals 

#begin 554 faces
usemtl initialShadingGroup
g Sofa:pCube1 Sofa1
s 1
f 1/1/1 13/13/2 131/131/3 120/120/4 
s 2
f 122/122/5 123/123/6 16/16/7 7/7/8 
s 3
f 22/22/9 23/23/10 13/591/11 1/588/12 
s 4
f 2/2/13 26/26/14 127/127/15 128/128/16 
s 5
f 120/596/17 121/121/18 22/22/19 1/588/20 
s 1
f 129/129/21 130/130/22 9/9/23 17/17/24 
s 2
f 12/12/25 124/124/26 125/125/27 20/20/28 
s 3
f 9/589/29 24/24/30 25/25/31 17/603/32 
s 1
f 130/130/22 131/131/3 13/13/2 9/9/23 
s off
f 148/148/33 149/149/34 150/150/35 151/151/36 
s 2
f 16/16/7 123/123/6 124/124/26 12/12/25 
s 3
f 13/591/11 23/23/10 24/24/30 9/589/29 
s 1
f 128/597/37 129/129/21 17/17/24 2/600/38 
s 2
f 20/20/28 125/125/27 126/126/39 8/8/40 
s 3
f 17/603/32 25/25/31 26/26/41 2/2/42 
s 5
f 7/598/43 22/22/19 121/121/18 122/602/44 
s 3
f 7/598/45 16/593/46 23/23/10 22/22/9 
f 24/24/30 23/23/10 16/593/46 12/609/47 
f 25/25/31 24/24/30 12/609/47 20/606/48 
f 26/26/41 25/25/31 20/606/48 8/611/49 
s 4
f 126/614/50 127/127/15 26/26/14 8/611/51 
s off
f 14/14/52 30/30/53 32/32/54 31/31/55 
f 28/28/56 18/18/57 35/35/58 34/34/59 
s 7
f 29/29/60 28/634/61 34/632/62 40/40/63 
s 2
f 36/36/64 41/41/65 37/37/66 38/38/67 
s 7
f 30/620/68 29/636/60 40/640/63 32/622/69 
s 2
f 41/41/65 33/33/70 39/39/71 37/37/66 
f 19/19/72 11/11/73 41/41/65 36/36/64 
f 11/11/73 15/15/74 33/33/70 41/41/65 
s 9
f 28/28/75 29/638/76 87/87/77 82/82/78 
s 10
f 10/10/79 18/18/80 83/83/81 84/84/82 
s 11
f 18/18/83 28/28/84 82/82/85 83/83/86 
s 12
f 29/637/87 30/30/88 86/86/89 87/650/90 
s 13
f 30/30/91 14/14/92 85/85/93 86/86/94 
s 14
f 14/14/95 10/10/96 84/84/97 85/85/98 
s 5
f 50/50/99 49/49/100 53/53/101 52/52/102 
f 49/49/100 48/48/103 54/54/104 53/53/101 
f 48/48/103 47/47/105 55/55/106 54/54/104 
f 47/47/105 46/46/107 56/56/108 55/55/106 
f 46/46/107 51/51/109 57/57/110 56/56/108 
s 4
f 69/69/111 68/68/112 70/70/113 75/75/114 
f 68/68/112 67/67/115 71/71/116 70/70/113 
f 67/67/115 66/66/117 72/72/118 71/71/116 
f 66/66/117 65/65/119 73/73/120 72/72/118 
f 65/65/119 64/64/121 74/74/122 73/73/120 
s 5
f 57/57/110 51/51/109 31/615/123 32/623/124 
s 4
f 34/631/125 35/629/126 74/74/122 64/64/121 
f 76/76/127 36/644/128 96/96/129 34/631/125 64/64/121 
s 5
f 33/646/130 62/62/131 57/57/110 32/623/124 94/94/132 
f 21/21/133 3/3/134 50/50/99 52/52/102 
f 5/5/135 21/21/133 52/52/102 63/63/136 
s 4
f 4/4/137 27/27/138 69/69/111 75/75/114 
f 27/27/138 6/6/139 81/81/140 69/69/111 
s 1
f 46/662/141 47/661/142 48/660/143 49/659/144 50/658/145 3/667/146 14/618/147 31/616/148 51/663/149 
s 2
f 58/58/150 59/59/151 60/60/152 61/61/153 62/613/154 33/33/155 15/15/74 5/669/156 63/668/157 
s 1
f 70/665/158 71/599/159 72/612/160 73/590/161 74/654/162 35/628/163 18/625/164 4/670/165 75/666/166 
s 2
f 6/664/167 19/19/72 36/36/168 76/610/169 77/77/170 78/78/171 79/79/172 80/80/173 81/605/174 
s 5
f 56/56/108 57/57/110 62/62/131 61/673/175 
f 55/55/106 56/56/108 61/673/175 60/672/176 
f 54/54/104 55/55/106 60/672/176 59/671/177 
f 52/52/102 53/53/101 58/601/178 63/63/136 
f 53/53/101 54/54/104 59/671/177 58/601/178 
s 4
f 68/68/112 69/69/111 81/81/140 80/595/179 
f 67/67/115 68/68/112 80/595/179 79/674/180 
f 66/66/117 67/67/115 79/674/180 78/619/181 
f 64/64/121 65/65/119 77/592/182 76/76/127 
f 65/65/119 66/66/117 78/619/181 77/592/182 
s 11
f 83/655/86 82/627/85 88/88/183 89/89/184 
s 10
f 84/608/82 83/655/81 89/89/185 132/132/186 90/90/187 
s 14
f 85/657/98 84/808/97 90/806/188 136/136/189 91/91/190 
s 13
f 86/656/94 85/657/93 91/91/191 92/92/192 
s 12
f 87/651/90 86/656/89 92/92/193 139/139/194 93/93/195 
s 9
f 82/627/78 87/652/77 93/93/196 135/135/197 88/88/198 
s 11
f 89/89/184 88/88/183 42/42/199 43/43/200 
s 14
f 91/91/190 136/136/189 137/137/201 45/45/202 
s 13
f 92/92/192 91/91/191 45/45/203 44/44/204 
s 12
f 138/138/205 139/139/194 92/92/193 44/44/206 
s 17
f 33/646/207 94/94/208 95/95/209 116/116/210 119/119/211 39/648/212 
s 18
f 97/97/213 96/96/214 36/644/215 38/642/216 117/117/217 114/114/218 
s 7
f 98/98/219 97/688/220 114/687/221 115/115/222 
f 115/115/222 116/684/223 95/683/224 98/98/219 
f 103/103/225 102/102/226 105/105/227 104/104/228 
f 102/102/226 101/101/229 106/106/230 105/105/227 
f 101/101/229 100/100/231 107/107/232 106/106/230 
f 100/100/231 99/99/233 108/108/234 107/107/232 
f 103/103/225 104/104/228 97/688/220 98/98/219 
f 98/98/219 95/683/224 113/113/235 103/103/225 
f 40/40/63 34/632/62 108/108/234 99/99/233 
f 32/622/69 40/640/63 99/99/233 109/109/236 
s 18
f 34/631/237 96/96/214 97/97/213 104/690/238 105/689/239 106/691/240 107/692/241 108/693/242 
s 17
f 95/95/209 94/94/208 32/623/243 109/695/244 110/110/245 111/111/246 112/112/247 113/694/248 
s 7
f 102/102/226 103/103/225 113/113/235 112/698/249 
f 101/101/229 102/102/226 112/698/249 111/697/250 
f 99/99/233 100/100/231 110/696/251 109/109/236 
f 100/100/231 101/101/229 111/697/250 110/696/251 
f 115/115/222 114/687/221 117/686/252 118/118/253 
f 118/118/253 119/685/254 116/684/223 115/115/222 
f 118/118/253 117/686/252 38/38/255 37/37/256 
f 39/39/257 119/685/254 118/118/253 37/37/256 
s 5
f 21/21/133 121/121/18 120/596/17 3/3/134 
f 122/602/44 121/121/18 21/21/133 5/5/135 
s 2
f 5/669/156 15/15/74 123/123/6 122/122/5 
f 124/124/26 123/123/6 15/15/74 11/11/73 
f 125/125/27 124/124/26 11/11/73 19/19/72 
f 126/126/39 125/125/27 19/19/72 6/664/167 
s 4
f 27/27/138 127/127/15 126/614/50 6/6/139 
f 128/128/16 127/127/15 27/27/138 4/4/137 
s 1
f 18/625/164 129/129/21 128/597/37 4/670/165 
f 10/653/258 130/130/22 129/129/21 18/625/164 
f 14/618/147 131/131/3 130/130/22 10/653/258 
f 120/120/4 131/131/3 14/618/147 3/667/146 
s 10
f 133/133/259 132/132/186 89/89/185 43/43/260 
s off
f 152/152/261 153/153/262 154/154/263 155/155/264 
s 9
f 88/88/198 135/135/197 134/134/265 42/42/266 
s off
f 135/135/267 93/93/268 90/805/269 132/809/270 
f 136/807/271 90/805/272 93/93/273 139/139/274 
f 133/804/275 134/134/276 135/135/277 132/809/278 
f 138/138/279 137/803/280 136/807/281 139/139/282 
s 21
f 137/679/283 138/682/284 141/141/285 140/140/286 
f 138/682/284 44/681/287 142/142/288 141/141/285 
f 44/681/287 45/680/289 143/143/290 142/142/288 
f 45/680/289 137/679/283 140/140/286 143/143/290 
s 22
f 42/675/291 134/700/292 145/145/293 144/144/294 
f 134/700/292 133/699/295 146/146/296 145/145/293 
f 133/699/295 43/677/297 147/147/298 146/146/296 
f 43/677/297 42/675/291 144/144/294 147/147/298 
s off
f 140/140/299 141/141/300 149/149/301 148/148/302 
f 141/141/303 142/142/304 150/150/305 149/149/306 
f 142/142/307 143/143/308 151/151/309 150/150/310 
f 143/143/311 140/140/312 148/148/313 151/151/314 
f 144/144/315 145/145/316 153/153/317 152/152/318 
f 145/145/319 146/146/320 154/154/321 153/153/322 
f 146/146/323 147/147/324 155/155/325 154/154/326 
f 147/147/327 144/144/328 152/152/329 155/155/330 
usemtl initialShadingGroup
g Sofa1 Sofa:pCube6
s 1
f 156/156/331 157/157/332 163/163/333 162/162/334 
f 157/157/332 158/158/335 164/164/336 163/163/333 
f 158/158/335 159/159/337 165/165/338 164/164/336 
f 159/159/337 160/160/339 166/166/340 165/165/338 
f 160/160/339 161/161/341 167/167/342 166/166/340 
f 162/162/334 163/163/333 169/169/343 168/168/344 
f 163/163/333 164/164/336 170/170/345 169/169/343 
f 164/164/336 165/165/338 171/171/346 170/170/345 
f 165/165/338 166/166/340 172/172/347 171/171/346 
f 166/166/340 167/167/342 173/173/348 172/172/347 
f 168/168/344 169/169/343 175/175/349 174/174/350 
f 169/169/343 170/170/345 176/176/351 175/175/349 
f 171/171/346 172/172/347 178/178/352 177/177/353 
f 172/172/347 173/173/348 179/179/354 178/178/352 
f 174/174/350 175/175/349 181/181/355 180/180/356 
f 175/175/349 176/176/351 182/182/357 181/181/355 
f 176/176/351 177/177/353 183/183/358 182/182/357 
f 177/177/353 178/178/352 184/184/359 183/183/358 
f 178/178/352 179/179/354 185/185/360 184/184/359 
f 180/180/356 181/181/355 187/187/361 186/186/362 
f 181/181/355 182/182/357 188/188/363 187/187/361 
f 182/182/357 183/183/358 189/189/364 188/188/363 
f 183/183/358 184/184/359 190/190/365 189/189/364 
f 184/184/359 185/185/360 191/191/366 190/190/365 
f 186/186/362 187/187/361 193/193/367 192/192/368 
f 187/187/361 188/188/363 194/194/369 193/193/367 
f 188/188/363 189/189/364 195/195/370 194/194/369 
f 189/189/364 190/190/365 196/196/371 195/195/370 
f 190/190/365 191/191/366 197/197/372 196/196/371 
f 192/702/368 193/701/367 199/199/373 198/198/374 
f 193/701/367 194/703/369 200/200/375 199/199/373 
f 194/703/369 195/704/370 201/201/376 200/200/375 
f 195/704/370 196/705/371 202/202/377 201/201/376 
f 196/705/371 197/706/372 203/203/378 202/202/377 
f 198/708/374 199/707/373 205/205/379 204/204/380 
f 199/707/373 200/709/375 206/206/381 205/205/379 
f 200/709/375 201/710/376 207/207/382 206/206/381 
f 201/710/376 202/711/377 208/208/383 207/207/382 
f 202/711/377 203/712/378 209/209/384 208/208/383 
f 204/204/380 205/205/379 211/211/385 210/210/386 
f 205/205/379 206/206/381 212/212/387 211/211/385 
f 206/206/381 207/207/382 213/213/388 212/212/387 
f 207/207/382 208/208/383 214/214/389 213/213/388 
f 208/208/383 209/209/384 215/215/390 214/214/389 
f 210/210/386 211/211/385 217/217/391 216/216/392 
f 211/211/385 212/212/387 218/218/393 217/217/391 
f 212/212/387 213/213/388 219/219/394 218/218/393 
f 213/213/388 214/214/389 220/220/395 219/219/394 
f 214/214/389 215/215/390 221/221/396 220/220/395 
f 216/216/392 217/217/391 223/223/397 222/222/398 
f 217/217/391 218/218/393 224/224/399 223/223/397 
f 218/218/393 219/219/394 225/225/400 224/224/399 
f 219/219/394 220/220/395 226/226/401 225/225/400 
f 220/220/395 221/221/396 227/227/402 226/226/401 
f 222/222/398 223/223/397 229/229/403 228/228/404 
f 223/223/397 224/224/399 230/230/405 229/229/403 
f 224/224/399 225/225/400 231/231/406 230/230/405 
f 225/225/400 226/226/401 232/232/407 231/231/406 
f 226/226/401 227/227/402 233/233/408 232/232/407 
f 228/228/404 229/229/403 235/235/409 234/234/410 
f 229/229/403 230/230/405 236/236/411 235/235/409 
f 230/230/405 231/231/406 237/237/412 236/236/411 
f 231/231/406 232/232/407 238/238/413 237/237/412 
f 232/232/407 233/233/408 239/239/414 238/238/413 
f 234/234/410 235/235/409 241/241/415 240/240/416 
f 235/235/409 236/236/411 242/242/417 241/241/415 
f 236/236/411 237/237/412 243/243/418 242/242/417 
f 237/237/412 238/238/413 244/244/419 243/243/418 
f 238/238/413 239/239/414 245/245/420 244/244/419 
f 240/714/416 241/713/415 247/247/421 246/246/422 
f 241/713/415 242/715/417 248/248/423 247/247/421 
f 242/715/417 243/716/418 249/249/424 248/248/423 
f 243/716/418 244/717/419 250/250/425 249/249/424 
f 244/717/419 245/718/420 251/251/426 250/250/425 
f 246/720/422 247/719/421 157/157/332 156/156/331 
f 247/719/421 248/721/423 158/158/335 157/157/332 
f 248/721/423 249/722/424 159/159/337 158/158/335 
f 249/722/424 250/723/425 160/160/339 159/159/337 
f 250/723/425 251/724/426 161/161/341 160/160/339 
f 245/245/420 239/239/414 233/233/408 252/252/427 
f 251/251/426 245/718/420 252/725/427 253/253/428 
f 161/161/341 251/724/426 253/726/428 167/167/342 
f 252/252/427 233/233/408 227/227/402 254/254/429 
f 253/253/428 252/725/427 254/727/429 255/255/430 
f 167/167/342 253/726/428 255/728/430 173/173/348 
f 254/254/429 227/227/402 221/221/396 256/256/431 
f 255/255/430 254/727/429 256/729/431 257/257/432 
f 173/173/348 255/728/430 257/730/432 179/179/354 
f 256/256/431 221/221/396 215/215/390 258/258/433 
f 257/257/432 256/729/431 258/731/433 259/259/434 
f 179/179/354 257/730/432 259/732/434 185/185/360 
f 258/258/433 215/215/390 209/209/384 203/712/378 
f 259/259/434 258/731/433 203/203/378 197/706/372 
f 185/185/360 259/732/434 197/197/372 191/191/366 
f 234/234/410 240/240/416 260/260/435 228/228/404 
f 240/714/416 246/246/422 261/261/436 260/733/435 
f 246/720/422 156/156/331 162/162/334 261/734/436 
f 228/228/404 260/260/435 262/262/437 222/222/398 
f 260/733/435 261/261/436 263/263/438 262/735/437 
f 261/734/436 162/162/334 168/168/344 263/736/438 
f 222/222/398 262/262/437 264/264/439 216/216/392 
f 262/735/437 263/263/438 265/265/440 264/737/439 
f 263/736/438 168/168/344 174/174/350 265/738/440 
f 216/216/392 264/264/439 266/266/441 210/210/386 
f 264/737/439 265/265/440 267/267/442 266/739/441 
f 265/738/440 174/174/350 180/180/356 267/740/442 
f 210/210/386 266/266/441 198/708/374 204/204/380 
f 266/739/441 267/267/442 192/702/368 198/198/374 
f 267/740/442 180/180/356 186/186/362 192/192/368 
f 170/170/345 171/171/346 280/280/443 279/279/444 272/272/445 271/271/446 
f 171/171/346 177/177/353 288/288/447 281/281/448 280/280/443 
f 177/177/353 176/176/351 296/296/449 295/295/450 289/289/451 288/288/447 
f 176/176/351 170/170/345 271/271/446 270/270/452 296/296/449 
f 276/276/453 272/272/445 279/279/444 283/283/454 
f 290/290/455 289/289/451 295/295/450 297/297/456 
f 270/270/452 269/269/457 274/274/458 273/273/459 
f 269/269/457 268/268/460 275/275/461 274/274/458 
f 268/268/460 272/272/445 276/276/453 275/275/461 
f 279/279/444 278/278/462 284/284/463 283/283/454 
f 278/278/462 277/277/464 285/285/465 284/284/463 
f 277/277/464 281/281/448 282/282/466 285/285/465 
f 281/281/448 287/287/467 291/291/468 282/282/466 
f 287/287/467 286/286/469 292/292/470 291/291/468 
f 286/286/469 289/289/451 290/290/455 292/292/470 
f 295/295/450 294/294/471 298/298/472 297/297/456 
f 294/294/471 293/293/473 299/299/474 298/298/472 
f 293/293/473 270/270/452 273/273/459 299/299/474 
f 271/271/446 272/272/445 268/268/460 
f 271/271/446 268/268/460 269/269/457 
f 271/271/446 269/269/457 270/270/452 
f 280/280/443 281/281/448 277/277/464 
f 280/280/443 277/277/464 278/278/462 
f 280/280/443 278/278/462 279/279/444 
f 288/288/447 289/289/451 286/286/469 
f 288/288/447 286/286/469 287/287/467 
f 288/288/447 287/287/467 281/281/448 
f 296/296/449 270/270/452 293/293/473 
f 296/296/449 293/293/473 294/294/471 
f 296/296/449 294/294/471 295/295/450 
f 273/273/459 274/274/458 275/275/461 276/276/453 283/283/454 284/284/463 285/285/465 282/282/466 291/291/468 292/292/470 290/290/455 297/297/456 298/298/472 299/299/474 
usemtl initialShadingGroup
g Sofa1 Sofa:pCube4
s 1
f 300/300/475 301/301/476 307/307/477 306/306/478 
f 301/301/476 302/302/479 308/308/480 307/307/477 
f 302/302/479 303/303/481 309/309/482 308/308/480 
f 303/303/481 304/304/483 310/310/484 309/309/482 
f 304/304/483 305/305/485 311/311/486 310/310/484 
f 306/306/478 307/307/477 313/313/487 312/312/488 
f 307/307/477 308/308/480 314/314/489 313/313/487 
f 308/308/480 309/309/482 315/315/490 314/314/489 
f 309/309/482 310/310/484 316/316/491 315/315/490 
f 310/310/484 311/311/486 317/317/492 316/316/491 
f 312/312/488 313/313/487 319/319/493 318/318/494 
f 313/313/487 314/314/489 320/320/495 319/319/493 
f 315/315/490 316/316/491 322/322/496 321/321/497 
f 316/316/491 317/317/492 323/323/498 322/322/496 
f 318/318/494 319/319/493 325/325/499 324/324/500 
f 319/319/493 320/320/495 326/326/501 325/325/499 
f 320/320/495 321/321/497 327/327/502 326/326/501 
f 321/321/497 322/322/496 328/328/503 327/327/502 
f 322/322/496 323/323/498 329/329/504 328/328/503 
f 324/324/500 325/325/499 331/331/505 330/330/506 
f 325/325/499 326/326/501 332/332/507 331/331/505 
f 326/326/501 327/327/502 333/333/508 332/332/507 
f 327/327/502 328/328/503 334/334/509 333/333/508 
f 328/328/503 329/329/504 335/335/510 334/334/509 
f 330/330/506 331/331/505 337/337/511 336/336/512 
f 331/331/505 332/332/507 338/338/513 337/337/511 
f 332/332/507 333/333/508 339/339/514 338/338/513 
f 333/333/508 334/334/509 340/340/515 339/339/514 
f 334/334/509 335/335/510 341/341/516 340/340/515 
f 336/742/512 337/741/511 343/343/517 342/342/518 
f 337/741/511 338/743/513 344/344/519 343/343/517 
f 338/743/513 339/744/514 345/345/520 344/344/519 
f 339/744/514 340/745/515 346/346/521 345/345/520 
f 340/745/515 341/746/516 347/347/522 346/346/521 
f 342/748/518 343/747/517 349/349/523 348/348/524 
f 343/747/517 344/749/519 350/350/525 349/349/523 
f 344/749/519 345/750/520 351/351/526 350/350/525 
f 345/750/520 346/751/521 352/352/527 351/351/526 
f 346/751/521 347/752/522 353/353/528 352/352/527 
f 348/348/524 349/349/523 355/355/529 354/354/530 
f 349/349/523 350/350/525 356/356/531 355/355/529 
f 350/350/525 351/351/526 357/357/532 356/356/531 
f 351/351/526 352/352/527 358/358/533 357/357/532 
f 352/352/527 353/353/528 359/359/534 358/358/533 
f 354/354/530 355/355/529 361/361/535 360/360/536 
f 355/355/529 356/356/531 362/362/537 361/361/535 
f 356/356/531 357/357/532 363/363/538 362/362/537 
f 357/357/532 358/358/533 364/364/539 363/363/538 
f 358/358/533 359/359/534 365/365/540 364/364/539 
f 360/360/536 361/361/535 367/367/541 366/366/542 
f 361/361/535 362/362/537 368/368/543 367/367/541 
f 362/362/537 363/363/538 369/369/544 368/368/543 
f 363/363/538 364/364/539 370/370/545 369/369/544 
f 364/364/539 365/365/540 371/371/546 370/370/545 
f 366/366/542 367/367/541 373/373/547 372/372/548 
f 367/367/541 368/368/543 374/374/549 373/373/547 
f 368/368/543 369/369/544 375/375/550 374/374/549 
f 369/369/544 370/370/545 376/376/551 375/375/550 
f 370/370/545 371/371/546 377/377/552 376/376/551 
f 372/372/548 373/373/547 379/379/553 378/378/554 
f 373/373/547 374/374/549 380/380/555 379/379/553 
f 374/374/549 375/375/550 381/381/556 380/380/555 
f 375/375/550 376/376/551 382/382/557 381/381/556 
f 376/376/551 377/377/552 383/383/558 382/382/557 
f 378/378/554 379/379/553 385/385/559 384/384/560 
f 379/379/553 380/380/555 386/386/561 385/385/559 
f 380/380/555 381/381/556 387/387/562 386/386/561 
f 381/381/556 382/382/557 388/388/563 387/387/562 
f 382/382/557 383/383/558 389/389/564 388/388/563 
f 384/754/560 385/753/559 391/391/565 390/390/566 
f 385/753/559 386/755/561 392/392/567 391/391/565 
f 386/755/561 387/756/562 393/393/568 392/392/567 
f 387/756/562 388/757/563 394/394/569 393/393/568 
f 388/757/563 389/758/564 395/395/570 394/394/569 
f 390/760/566 391/759/565 301/301/476 300/300/475 
f 391/759/565 392/761/567 302/302/479 301/301/476 
f 392/761/567 393/762/568 303/303/481 302/302/479 
f 393/762/568 394/763/569 304/304/483 303/303/481 
f 394/763/569 395/764/570 305/305/485 304/304/483 
f 389/389/564 383/383/558 377/377/552 396/396/571 
f 395/395/570 389/758/564 396/765/571 397/397/572 
f 305/305/485 395/764/570 397/766/572 311/311/486 
f 396/396/571 377/377/552 371/371/546 398/398/573 
f 397/397/572 396/765/571 398/767/573 399/399/574 
f 311/311/486 397/766/572 399/768/574 317/317/492 
f 398/398/573 371/371/546 365/365/540 400/400/575 
f 399/399/574 398/767/573 400/769/575 401/401/576 
f 317/317/492 399/768/574 401/770/576 323/323/498 
f 400/400/575 365/365/540 359/359/534 402/402/577 
f 401/401/576 400/769/575 402/771/577 403/403/578 
f 323/323/498 401/770/576 403/772/578 329/329/504 
f 402/402/577 359/359/534 353/353/528 347/752/522 
f 403/403/578 402/771/577 347/347/522 341/746/516 
f 329/329/504 403/772/578 341/341/516 335/335/510 
f 378/378/554 384/384/560 404/404/579 372/372/548 
f 384/754/560 390/390/566 405/405/580 404/773/579 
f 390/760/566 300/300/475 306/306/478 405/774/580 
f 372/372/548 404/404/579 406/406/581 366/366/542 
f 404/773/579 405/405/580 407/407/582 406/775/581 
f 405/774/580 306/306/478 312/312/488 407/776/582 
f 366/366/542 406/406/581 408/408/583 360/360/536 
f 406/775/581 407/407/582 409/409/584 408/777/583 
f 407/776/582 312/312/488 318/318/494 409/778/584 
f 360/360/536 408/408/583 410/410/585 354/354/530 
f 408/777/583 409/409/584 411/411/586 410/779/585 
f 409/778/584 318/318/494 324/324/500 411/780/586 
f 354/354/530 410/410/585 342/748/518 348/348/524 
f 410/779/585 411/411/586 336/742/512 342/342/518 
f 411/780/586 324/324/500 330/330/506 336/336/512 
f 314/314/489 315/315/490 424/424/587 423/423/588 416/416/589 415/415/590 
f 315/315/490 321/321/497 432/432/591 425/425/592 424/424/587 
f 321/321/497 320/320/495 440/440/593 439/439/594 433/433/595 432/432/591 
f 320/320/495 314/314/489 415/415/590 414/414/596 440/440/593 
f 420/420/597 416/416/589 423/423/588 427/427/598 
f 434/434/599 433/433/595 439/439/594 441/441/600 
f 414/414/596 413/413/601 418/418/602 417/417/603 
f 413/413/601 412/412/604 419/419/605 418/418/602 
f 412/412/604 416/416/589 420/420/597 419/419/605 
f 423/423/588 422/422/606 428/428/607 427/427/598 
f 422/422/606 421/421/608 429/429/609 428/428/607 
f 421/421/608 425/425/592 426/426/610 429/429/609 
f 425/425/592 431/431/611 435/435/612 426/426/610 
f 431/431/611 430/430/613 436/436/614 435/435/612 
f 430/430/613 433/433/595 434/434/599 436/436/614 
f 439/439/594 438/438/615 442/442/616 441/441/600 
f 438/438/615 437/437/617 443/443/618 442/442/616 
f 437/437/617 414/414/596 417/417/603 443/443/618 
f 415/415/590 416/416/589 412/412/604 
f 415/415/590 412/412/604 413/413/601 
f 415/415/590 413/413/601 414/414/596 
f 424/424/587 425/425/592 421/421/608 
f 424/424/587 421/421/608 422/422/606 
f 424/424/587 422/422/606 423/423/588 
f 432/432/591 433/433/595 430/430/613 
f 432/432/591 430/430/613 431/431/611 
f 432/432/591 431/431/611 425/425/592 
f 440/440/593 414/414/596 437/437/617 
f 440/440/593 437/437/617 438/438/615 
f 440/440/593 438/438/615 439/439/594 
f 417/417/603 418/418/602 419/419/605 420/420/597 427/427/598 428/428/607 429/429/609 426/426/610 435/435/612 436/436/614 434/434/599 441/441/600 442/442/616 443/443/618 
usemtl initialShadingGroup
g Sofa1 Sofa:pCube5
s 1
f 444/444/619 445/445/620 451/451/621 450/450/622 
f 445/445/620 446/446/623 452/452/624 451/451/621 
f 446/446/623 447/447/625 453/453/626 452/452/624 
f 447/447/625 448/448/627 454/454/628 453/453/626 
f 448/448/627 449/449/629 455/455/630 454/454/628 
f 450/450/622 451/451/621 457/457/631 456/456/632 
f 451/451/621 452/452/624 458/458/633 457/457/631 
f 452/452/624 453/453/626 459/459/634 458/458/633 
f 453/453/626 454/454/628 460/460/635 459/459/634 
f 454/454/628 455/455/630 461/461/636 460/460/635 
f 456/456/632 457/457/631 463/463/637 462/462/638 
f 457/457/631 458/458/633 464/464/639 463/463/637 
f 459/459/634 460/460/635 466/466/640 465/465/641 
f 460/460/635 461/461/636 467/467/642 466/466/640 
f 462/462/638 463/463/637 469/469/643 468/468/644 
f 463/463/637 464/464/639 470/470/645 469/469/643 
f 464/464/639 465/465/641 471/471/646 470/470/645 
f 465/465/641 466/466/640 472/472/647 471/471/646 
f 466/466/640 467/467/642 473/473/648 472/472/647 
f 468/468/644 469/469/643 475/475/649 474/474/650 
f 469/469/643 470/470/645 476/476/651 475/475/649 
f 470/470/645 471/471/646 477/477/652 476/476/651 
f 471/471/646 472/472/647 478/478/653 477/477/652 
f 472/472/647 473/473/648 479/479/654 478/478/653 
f 474/474/650 475/475/649 481/481/655 480/480/656 
f 475/475/649 476/476/651 482/482/657 481/481/655 
f 476/476/651 477/477/652 483/483/658 482/482/657 
f 477/477/652 478/478/653 484/484/659 483/483/658 
f 478/478/653 479/479/654 485/485/660 484/484/659 
f 480/782/656 481/781/655 487/487/661 486/486/662 
f 481/781/655 482/783/657 488/488/663 487/487/661 
f 482/783/657 483/784/658 489/489/664 488/488/663 
f 483/784/658 484/785/659 490/490/665 489/489/664 
f 484/785/659 485/786/660 491/491/666 490/490/665 
f 486/788/662 487/787/661 493/493/667 492/492/668 
f 487/787/661 488/789/663 494/494/669 493/493/667 
f 488/789/663 489/790/664 495/495/670 494/494/669 
f 489/790/664 490/791/665 496/496/671 495/495/670 
f 490/791/665 491/792/666 497/497/672 496/496/671 
f 492/492/668 493/493/667 499/499/673 498/498/674 
f 493/493/667 494/494/669 500/500/675 499/499/673 
f 494/494/669 495/495/670 501/501/676 500/500/675 
f 495/495/670 496/496/671 502/502/677 501/501/676 
f 496/496/671 497/497/672 503/503/678 502/502/677 
f 498/498/674 499/499/673 505/505/679 504/504/680 
f 499/499/673 500/500/675 506/506/681 505/505/679 
f 500/500/675 501/501/676 507/507/682 506/506/681 
f 501/501/676 502/502/677 508/508/683 507/507/682 
f 502/502/677 503/503/678 509/509/684 508/508/683 
f 504/504/680 505/505/679 511/511/685 510/510/686 
f 505/505/679 506/506/681 512/512/687 511/511/685 
f 506/506/681 507/507/682 513/513/688 512/512/687 
f 507/507/682 508/508/683 514/514/689 513/513/688 
f 508/508/683 509/509/684 515/515/690 514/514/689 
f 510/510/686 511/511/685 517/517/691 516/516/692 
f 511/511/685 512/512/687 518/518/693 517/517/691 
f 512/512/687 513/513/688 519/519/694 518/518/693 
f 513/513/688 514/514/689 520/520/695 519/519/694 
f 514/514/689 515/515/690 521/521/696 520/520/695 
f 516/516/692 517/517/691 523/523/697 522/522/698 
f 517/517/691 518/518/693 524/524/699 523/523/697 
f 518/518/693 519/519/694 525/525/700 524/524/699 
f 519/519/694 520/520/695 526/526/701 525/525/700 
f 520/520/695 521/521/696 527/527/702 526/526/701 
f 522/522/698 523/523/697 529/529/703 528/528/704 
f 523/523/697 524/524/699 530/530/705 529/529/703 
f 524/524/699 525/525/700 531/531/706 530/530/705 
f 525/525/700 526/526/701 532/532/707 531/531/706 
f 526/526/701 527/527/702 533/533/708 532/532/707 
f 528/594/704 529/604/703 535/535/709 534/534/710 
f 529/604/703 530/626/705 536/536/711 535/535/709 
f 530/626/705 531/793/706 537/537/712 536/536/711 
f 531/793/706 532/607/707 538/538/713 537/537/712 
f 532/607/707 533/794/708 539/539/714 538/538/713 
f 534/796/710 535/795/709 445/445/620 444/444/619 
f 535/795/709 536/797/711 446/446/623 445/445/620 
f 536/797/711 537/798/712 447/447/625 446/446/623 
f 537/798/712 538/799/713 448/448/627 447/447/625 
f 538/799/713 539/800/714 449/449/629 448/448/627 
f 533/533/708 527/527/702 521/521/696 540/540/715 
f 539/539/714 533/794/708 540/635/715 541/541/716 
f 449/449/629 539/800/714 541/639/716 455/455/630 
f 540/540/715 521/521/696 515/515/690 542/542/717 
f 541/541/716 540/635/715 542/621/717 543/543/718 
f 455/455/630 541/639/716 543/617/718 461/461/636 
f 542/542/717 515/515/690 509/509/684 544/544/719 
f 543/543/718 542/621/717 544/624/719 545/545/720 
f 461/461/636 543/617/718 545/647/720 467/467/642 
f 544/544/719 509/509/684 503/503/678 546/546/721 
f 545/545/720 544/624/719 546/633/721 547/547/722 
f 467/467/642 545/647/720 547/630/722 473/473/648 
f 546/546/721 503/503/678 497/497/672 491/792/666 
f 547/547/722 546/633/721 491/491/666 485/786/660 
f 473/473/648 547/630/722 485/485/660 479/479/654 
f 522/522/698 528/528/704 548/548/723 516/516/692 
f 528/594/704 534/534/710 549/549/724 548/645/723 
f 534/796/710 444/444/619 450/450/622 549/801/724 
f 516/516/692 548/548/723 550/550/725 510/510/686 
f 548/645/723 549/549/724 551/551/726 550/643/725 
f 549/801/724 450/450/622 456/456/632 551/649/726 
f 510/510/686 550/550/725 552/552/727 504/504/680 
f 550/643/725 551/551/726 553/553/728 552/641/727 
f 551/649/726 456/456/632 462/462/638 553/802/728 
f 504/504/680 552/552/727 554/554/729 498/498/674 
f 552/641/727 553/553/728 555/555/730 554/676/729 
f 553/802/728 462/462/638 468/468/644 555/678/730 
f 498/498/674 554/554/729 486/788/662 492/492/668 
f 554/676/729 555/555/730 480/782/656 486/486/662 
f 555/678/730 468/468/644 474/474/650 480/480/656 
f 458/458/633 459/459/634 568/568/731 567/567/732 560/560/733 559/559/734 
f 459/459/634 465/465/641 576/576/735 569/569/736 568/568/731 
f 465/465/641 464/464/639 584/584/737 583/583/738 577/577/739 576/576/735 
f 464/464/639 458/458/633 559/559/734 558/558/740 584/584/737 
f 564/564/741 560/560/733 567/567/732 571/571/742 
f 578/578/743 577/577/739 583/583/738 585/585/744 
f 558/558/740 557/557/745 562/562/746 561/561/747 
f 557/557/745 556/556/748 563/563/749 562/562/746 
f 556/556/748 560/560/733 564/564/741 563/563/749 
f 567/567/732 566/566/750 572/572/751 571/571/742 
f 566/566/750 565/565/752 573/573/753 572/572/751 
f 565/565/752 569/569/736 570/570/754 573/573/753 
f 569/569/736 575/575/755 579/579/756 570/570/754 
f 575/575/755 574/574/757 580/580/758 579/579/756 
f 574/574/757 577/577/739 578/578/743 580/580/758 
f 583/583/738 582/582/759 586/586/760 585/585/744 
f 582/582/759 581/581/761 587/587/762 586/586/760 
f 581/581/761 558/558/740 561/561/747 587/587/762 
f 559/559/734 560/560/733 556/556/748 
f 559/559/734 556/556/748 557/557/745 
f 559/559/734 557/557/745 558/558/740 
f 568/568/731 569/569/736 565/565/752 
f 568/568/731 565/565/752 566/566/750 
f 568/568/731 566/566/750 567/567/732 
f 576/576/735 577/577/739 574/574/757 
f 576/576/735 574/574/757 575/575/755 
f 576/576/735 575/575/755 569/569/736 
f 584/584/737 558/558/740 581/581/761 
f 584/584/737 581/581/761 582/582/759 
f 584/584/737 582/582/759 583/583/738 
f 561/561/747 562/562/746 563/563/749 564/564/741 571/571/742 572/572/751 573/573/753 570/570/754 579/579/756 580/580/758 578/578/743 585/585/744 586/586/760 587/587/762 
#end 554 faces
#begin 2 properties
#U3D EDG SEL 137 138
#U3D SYM 0 0 0 1 0 0 0.0001 0
#end 2 properties
