# This file uses centimeters as units for non-parametric coordinates.

mtllib tree1.mtl
g default
v 10.754923 4.910202 -6.874643
v 10.759532 4.883788 -6.898459
v 10.774652 4.906981 -6.921256
v 10.770041 4.933396 -6.897439
v 11.002949 4.832961 -6.791923
v 10.853385 4.898767 -6.841343
v 10.859266 4.880759 -6.856038
v 10.870995 4.895627 -6.870082
v 10.865344 4.913673 -6.855741
v 10.888027 4.878382 -6.828677
v 10.892248 4.863775 -6.840905
v 10.901602 4.875995 -6.852529
v 10.897517 4.890614 -6.840529
v 10.945242 4.854421 -6.808322
v 10.945835 4.845448 -6.816958
v 10.953588 4.852965 -6.823548
v 10.952935 4.861631 -6.815072
v 10.694977 5.508323 -6.893652
v 10.721628 5.481818 -6.893965
v 10.748033 5.508323 -6.890314
v 10.721379 5.534831 -6.890001
v 10.707982 5.468553 -6.677076
v 10.698509 5.512421 -6.809220
v 10.716154 5.494792 -6.806955
v 10.733255 5.512113 -6.802920
v 10.716038 5.529820 -6.805103
v 10.699821 5.496937 -6.777856
v 10.714238 5.482549 -6.776515
v 10.728271 5.496739 -6.773437
v 10.714127 5.511164 -6.774733
v 10.701948 5.481406 -6.727038
v 10.711187 5.472246 -6.728024
v 10.719990 5.481297 -6.724465
v 10.710905 5.490132 -6.723539
v 10.741636 6.123298 -6.896424
v 10.718264 6.101097 -6.894792
v 10.696401 6.123542 -6.902543
v 10.719774 6.145745 -6.904174
v 10.750001 6.052952 -7.131347
v 10.746560 6.112608 -6.989799
v 10.731316 6.097423 -6.991429
v 10.717314 6.111811 -6.998301
v 10.732201 6.127055 -6.996787
v 10.748091 6.094099 -7.022870
v 10.735588 6.081792 -7.023643
v 10.724078 6.093617 -7.029023
v 10.736351 6.105952 -7.028316
v 10.750739 6.072279 -7.077363
v 10.742556 6.064755 -7.075834
v 10.735490 6.072027 -7.081013
v 10.743529 6.079285 -7.082452
v 10.078094 4.714417 -6.718924
v 10.846800 5.245145 -6.709722
v 10.023788 4.848156 -7.167687
v 10.821490 5.367524 -7.053493
v 9.824886 4.704327 -6.938886
v 10.576230 5.179831 -6.888097
v 9.926976 4.758093 -6.822814
v 10.785975 5.284469 -6.775542
v 9.914000 4.827540 -7.038039
v 10.768533 5.359670 -6.974213
v 10.598405 5.081502 -6.528874
v 10.455351 5.139825 -6.745604
v 10.432760 5.091750 -6.896985
v 10.430789 5.233866 -7.006869
v 10.508395 5.303174 -7.234339
v 10.284145 4.834996 -6.673935
v 10.232756 4.904823 -6.788702
v 10.102790 4.833463 -6.934030
v 10.213088 4.988786 -7.053563
v 10.213294 4.988211 -7.198152
v 10.349349 5.022719 -6.767676
v 10.504856 4.942095 -6.559100
v 10.419052 5.153408 -7.268161
v 10.329326 5.106536 -7.032537
v 10.273437 4.967037 -6.914872
v 10.212903 4.769623 -6.653890
v 10.069081 4.802870 -6.799280
v 9.967653 4.769444 -6.936755
v 10.049798 4.886987 -7.064141
v 10.144365 4.938418 -7.220273
v 10.707187 4.605555 -6.879769
v 10.731218 4.578937 -6.880119
v 10.750369 4.595896 -6.854983
v 10.726336 4.622516 -6.854634
v 10.591470 4.452946 -6.685744
v 10.659908 4.563176 -6.796683
v 10.674356 4.544155 -6.794606
v 10.685760 4.554374 -6.776681
v 10.671626 4.573355 -6.778474
v 10.643090 4.532783 -6.772821
v 10.655195 4.517529 -6.771602
v 10.664693 4.526021 -6.757123
v 10.652792 4.541240 -6.758174
v 10.615421 4.491770 -6.730225
v 10.624271 4.483039 -6.731165
v 10.629257 4.487620 -6.720479
v 10.620588 4.496080 -6.719666
v 11.067296 6.415387 -6.766320
v 10.727848 6.698965 -7.068858
v 10.899612 6.464093 -6.559831
v 10.591575 6.747217 -6.916773
v 11.081150 6.401859 -6.574803
v 10.768969 6.657093 -6.888522
v 11.083474 6.437374 -6.661681
v 10.723298 6.718657 -7.016479
v 10.997456 6.463427 -6.567832
v 10.645394 6.749161 -6.927316
v 10.911221 6.623607 -7.044889
v 10.877688 6.646489 -6.897706
v 10.828735 6.609955 -6.828870
v 10.776200 6.683882 -6.779923
v 10.648766 6.706801 -6.718080
v 10.994838 6.481781 -6.865130
v 10.964807 6.515466 -6.796055
v 10.963016 6.468750 -6.686517
v 10.860534 6.546766 -6.679095
v 10.802137 6.537148 -6.620982
v 10.918879 6.581036 -6.848819
v 10.945515 6.544619 -6.998408
v 10.680569 6.621577 -6.672149
v 10.814757 6.612262 -6.731717
v 10.893572 6.541775 -6.760135
v 11.035754 6.447626 -6.845950
v 11.032906 6.460825 -6.727864
v 11.020391 6.435503 -6.632081
v 10.928468 6.492205 -6.611057
v 10.824121 6.509098 -6.585341
v 10.737482 6.632473 -6.902455
v 10.742782 6.624501 -6.908212
v 10.745528 6.631979 -6.916041
v 10.740229 6.639952 -6.910285
v 10.813856 6.642716 -6.866780
v 10.765637 6.642055 -6.889179
v 10.769971 6.637002 -6.892563
v 10.772293 6.642057 -6.897357
v 10.768037 6.647134 -6.894077
v 10.777327 6.640787 -6.883344
v 10.780697 6.636612 -6.886197
v 10.782527 6.640729 -6.890168
v 10.779204 6.644915 -6.887383
v 10.795575 6.641444 -6.874396
v 10.797118 6.638601 -6.876544
v 10.798796 6.641390 -6.878765
v 10.797275 6.644133 -6.876653
v 10.762264 5.604101 -6.902963
v 10.733330 5.584468 -6.910932
v 10.714904 5.614441 -6.917880
v 10.743839 5.634076 -6.909911
v 10.812852 5.575870 -7.169364
v 10.786722 5.611116 -7.004388
v 10.768343 5.598114 -7.012633
v 10.756969 5.617722 -7.019119
v 10.774998 5.630880 -7.011050
v 10.792916 5.597830 -7.043900
v 10.777739 5.587208 -7.050024
v 10.768328 5.603268 -7.055069
v 10.783277 5.613978 -7.049050
v 10.804576 5.585234 -7.106887
v 10.794271 5.578429 -7.108596
v 10.788913 5.588692 -7.113694
v 10.799003 5.595222 -7.111980
v 10.856484 5.092131 -6.294233
v 10.908196 5.569799 -6.984203
v 10.450315 5.212500 -6.270817
v 10.597973 5.679944 -6.980897
v 10.644592 5.083050 -6.079222
v 10.732678 5.511015 -6.751245
v 10.754623 5.131441 -6.164365
v 10.845634 5.605192 -6.933288
v 10.560565 5.193944 -6.164872
v 10.666193 5.672875 -6.928847
v 11.056602 5.422518 -6.750861
v 10.853841 5.475009 -6.634612
v 10.716586 5.431740 -6.622876
v 10.617771 5.559649 -6.627316
v 10.417833 5.622027 -6.709882
v 10.908541 5.200655 -6.476777
v 10.802547 5.263502 -6.437102
v 10.664660 5.199275 -6.328574
v 10.563524 5.339070 -6.434405
v 10.433659 5.338552 -6.442761
v 10.828023 5.369611 -6.540644
v 11.024165 5.297047 -6.668540
v 10.382403 5.487234 -6.631541
v 10.588981 5.445049 -6.537627
v 10.691514 5.319496 -6.480775
v 10.922521 5.141819 -6.411651
v 10.783794 5.171741 -6.290680
v 10.654575 5.141658 -6.207341
v 10.544794 5.247449 -6.288327
v 10.409893 5.293737 -6.382097
v 10.731517 6.282780 -6.923253
v 10.732786 6.281997 -6.898250
v 10.734747 6.294639 -6.910500
v 10.599330 6.299021 -6.903487
v 10.682677 6.297974 -6.916131
v 10.681046 6.297977 -6.899493
v 10.683798 6.306027 -6.907556
v 10.662116 6.295962 -6.913602
v 10.661223 6.295872 -6.900027
v 10.663174 6.302509 -6.906619
v 10.630162 6.297006 -6.909438
v 10.629733 6.296920 -6.900844
v 10.629891 6.301269 -6.904968
v 10.754862 5.135272 -6.910995
v 10.733730 5.111499 -6.916482
v 10.714108 5.132373 -6.931352
v 10.735240 5.156147 -6.925864
v 10.843184 5.065753 -7.129109
v 10.790339 5.124980 -6.997558
v 10.777472 5.108772 -7.003671
v 10.765519 5.122155 -7.014998
v 10.778083 5.138396 -7.009112
v 10.803674 5.106633 -7.027958
v 10.792929 5.093487 -7.032441
v 10.783016 5.104485 -7.041499
v 10.793564 5.117643 -7.037153
v 10.825191 5.085067 -7.078201
v 10.817468 5.076993 -7.079223
v 10.811987 5.083757 -7.086559
v 10.819564 5.091557 -7.085494
v 10.839855 4.901325 -7.322428
v 10.689920 5.170012 -6.996961
v 11.036083 4.896574 -7.210378
v 10.838293 5.176003 -6.903658
v 10.990052 4.857072 -7.359388
v 10.822544 5.105915 -7.055491
v 10.926195 4.901513 -7.349156
v 10.736298 5.176589 -6.999737
v 11.017316 4.902083 -7.290063
v 10.823440 5.182003 -6.946635
v 10.672664 5.113007 -7.152877
v 10.799658 5.104042 -7.144187
v 10.854599 5.059754 -7.113585
v 10.914066 5.108893 -7.075269
v 10.983978 5.110607 -6.977841
v 10.781323 4.969514 -7.248324
v 10.846885 4.983342 -7.232009
v 10.926903 4.925785 -7.245887
v 10.959866 4.983238 -7.160802
v 11.012239 4.962349 -7.120473
v 10.822015 5.043971 -7.185886
v 10.691475 5.041995 -7.188830
v 11.001520 5.034491 -7.011788
v 10.935078 5.043789 -7.114825
v 10.889510 4.995068 -7.177465
v 10.785465 4.940206 -7.285274
v 10.883417 4.929948 -7.298249
v 10.957580 4.891762 -7.301050
v 10.996310 4.929928 -7.226884
v 11.033124 4.934212 -7.143855
v 11.334855 2.253979 -7.325847
v 11.176417 2.253979 -7.484285
v 10.755464 2.253979 -7.621060
v 10.534156 2.253979 -7.586009
v 10.176073 2.253979 -7.325847
v 10.074349 2.253979 -7.126202
v 10.074349 2.253979 -6.683585
v 10.176073 2.253979 -6.483941
v 10.534156 2.253979 -6.223778
v 10.755464 2.253979 -6.188726
v 10.976772 2.253979 -6.223778
v 11.176417 2.253979 -6.325501
v 11.436579 2.253979 -6.683585
v 11.471630 2.253979 -6.904893
v 11.611458 3.804474 -7.526158
v 11.377626 3.804474 -7.759991
v 10.756361 3.804474 -7.961852
v 10.429743 3.804474 -7.910120
v 9.901265 3.804474 -7.526158
v 9.751134 3.804474 -7.231511
v 9.751134 3.804474 -6.578276
v 9.901265 3.804474 -6.283629
v 10.429743 3.804474 -5.899667
v 10.756361 3.804474 -5.847936
v 11.082980 3.804474 -5.899667
v 11.377626 3.804474 -6.049796
v 11.761588 3.804474 -6.578276
v 11.813319 3.804474 -6.904893
v 11.741060 3.599860 -6.904893
v 11.692865 3.599860 -6.600605
v 11.335152 3.498071 -6.108256
v 11.060649 3.498071 -5.968390
v 10.756361 3.498071 -5.920196
v 10.452073 3.498071 -5.968390
v 9.959724 3.498071 -6.326102
v 9.819858 3.498071 -6.600605
v 9.819858 3.498071 -7.209182
v 9.959724 3.498071 -7.483685
v 10.452073 3.498071 -7.841397
v 10.756361 3.498071 -7.889592
v 11.335153 3.498071 -7.701531
v 11.552999 3.498071 -7.483685
v 11.817674 3.623139 -6.904893
v 11.895556 3.816393 -6.904893
v 11.765729 3.623139 -6.576930
v 11.839799 3.816393 -6.552863
v 11.380185 3.521835 -6.046273
v 11.425963 3.816393 -5.983266
v 11.084325 3.521835 -5.895525
v 11.108391 3.816393 -5.821455
v 10.756361 3.521835 -5.843581
v 10.756361 3.816393 -5.765698
v 10.428398 3.521835 -5.895526
v 10.404331 3.816393 -5.821455
v 9.897742 3.521835 -6.281070
v 9.834733 3.816393 -6.235291
v 9.746993 3.521835 -6.576930
v 9.672923 3.816393 -6.552863
v 9.746993 3.521835 -7.232858
v 9.672923 3.816393 -7.256924
v 9.897742 3.521835 -7.528718
v 9.834733 3.816393 -7.574495
v 10.428398 3.521835 -7.914262
v 10.404331 3.816393 -7.988332
v 10.756361 3.521835 -7.966207
v 10.756361 3.816393 -8.044088
v 11.380186 3.521835 -7.763514
v 11.425963 3.816393 -7.826522
v 11.614982 3.521835 -7.528718
v 11.677989 3.816393 -7.574495
v 11.611458 3.697147 -7.526158
v 11.377626 3.697147 -7.759991
v 10.756361 3.715256 -7.961852
v 10.429743 3.715256 -7.910120
v 9.901265 3.693623 -7.526158
v 9.751134 3.736335 -7.231511
v 9.751134 3.695754 -6.578276
v 9.901265 3.702142 -6.283629
v 10.429743 3.702142 -5.899667
v 10.756361 3.653042 -5.847936
v 11.082980 3.653042 -5.899667
v 11.377626 3.653042 -6.049796
v 11.761588 3.653042 -6.578276
v 11.813319 3.653042 -6.904893
v 11.521774 3.697147 -7.458965
v 11.313231 3.669670 -7.667508
v 10.759159 3.687779 -7.847537
v 10.467866 3.715256 -7.801400
v 9.996544 3.640713 -7.458965
v 9.862651 3.726196 -7.196186
v 9.862651 3.738525 -6.613601
v 9.996544 3.735651 -6.350821
v 10.467866 3.735651 -6.008387
v 10.759159 3.653042 -5.962250
v 11.050452 3.688316 -6.008387
v 11.313231 3.688316 -6.142280
v 11.655666 3.653042 -6.613601
v 11.701802 3.653042 -6.904893
v 11.450859 3.675372 -7.405836
v 11.262314 3.647895 -7.594382
v 10.761371 3.625565 -7.757149
v 10.498009 3.653042 -7.715436
v 10.071882 3.600132 -7.405836
v 9.950828 3.642903 -7.168254
v 9.950828 3.695812 -6.641532
v 10.071882 3.686550 -6.403951
v 10.498009 3.686550 -6.094351
v 10.761371 3.653042 -6.052638
v 11.024732 3.688316 -6.094351
v 11.262313 3.688316 -6.215405
v 11.571913 3.653042 -6.641532
v 11.613626 3.653042 -6.904893
v 11.336147 3.647421 -7.319892
v 11.179948 3.658451 -7.476090
v 10.764949 3.680214 -6.904893
v 10.764949 3.636121 -7.610932
v 10.546770 3.653042 -7.576376
v 10.193752 3.653042 -7.319892
v 10.093466 3.653042 -7.123071
v 10.093466 3.717849 -6.686715
v 10.193752 3.717849 -6.489894
v 10.546770 3.620733 -6.233411
v 10.764949 3.620733 -6.198855
v 10.983127 3.653042 -6.233411
v 11.179948 3.692586 -6.333696
v 11.436431 3.692586 -6.686715
v 11.470988 3.625091 -6.904893
v 10.607419 4.330157 -6.531659
v 10.791569 4.652053 -6.863494
v 10.408872 4.308894 -6.683936
v 10.641706 4.646836 -6.987920
v 10.441834 4.265240 -6.513759
v 10.644163 4.566267 -6.819597
v 10.508828 4.321023 -6.514896
v 10.739626 4.654662 -6.867133
v 10.417368 4.314435 -6.593337
v 10.651169 4.653643 -6.938311
v 10.793756 4.585983 -6.690232
v 10.656627 4.563777 -6.718597
v 10.605305 4.510277 -6.761113
v 10.540607 4.559919 -6.811203
v 10.477840 4.557849 -6.928726
v 10.675389 4.413619 -6.603512
v 10.604426 4.422928 -6.630868
v 10.520515 4.350927 -6.628310
v 10.490808 4.413799 -6.725870
v 10.441323 4.386733 -6.778323
v 10.632195 4.493852 -6.676979
v 10.775161 4.504479 -6.654607
v 10.461449 4.470885 -6.895211
v 10.518476 4.484623 -6.771832
v 10.564364 4.433336 -6.696990
v 10.668489 4.379670 -6.563928
v 10.560216 4.358247 -6.564195
v 10.482355 4.308589 -6.572644
v 10.446710 4.349224 -6.659354
v 10.417902 4.352833 -6.756118
v 10.208917 5.955178 -6.811215
v 10.922572 6.404814 -6.708789
v 10.249614 6.032406 -7.231011
v 10.969422 6.481323 -7.029166
v 10.022820 5.933728 -7.052176
v 10.710236 6.338423 -6.911085
v 10.095862 5.990040 -6.935328
v 10.882697 6.436038 -6.781997
v 10.127319 6.031352 -7.134716
v 10.907534 6.484406 -6.968081
v 10.659237 6.285330 -6.579810
v 10.574604 6.321609 -6.803699
v 10.578988 6.263682 -6.937558
v 10.605534 6.380900 -7.048270
v 10.719765 6.417239 -7.241648
v 10.391243 6.060452 -6.744113
v 10.370414 6.113862 -6.861712
v 10.276813 6.039791 -7.008042
v 10.405747 6.163491 -7.107635
v 10.432008 6.148242 -7.235595
v 10.477337 6.217828 -6.832220
v 10.573192 6.160087 -6.611192
v 10.637495 6.282111 -7.274483
v 10.512344 6.267341 -7.078196
v 10.433084 6.155578 -6.971591
v 10.320366 6.006295 -6.733614
v 10.220675 6.027225 -6.892167
v 10.153296 5.987074 -7.029714
v 10.256359 6.076980 -7.138032
v 10.371730 6.103766 -7.263438
v 10.724024 4.810099 -6.950540
v 10.718870 4.787491 -6.928086
v 10.697508 4.806819 -6.913527
v 10.702662 4.829429 -6.935983
v 10.539621 4.695307 -7.064671
v 10.648059 4.781463 -6.998152
v 10.642518 4.765496 -6.984735
v 10.627192 4.777510 -6.976307
v 10.632454 4.793493 -6.989465
v 10.623969 4.756896 -7.014112
v 10.619882 4.744054 -7.002851
v 10.607513 4.753983 -6.995796
v 10.611433 4.766825 -7.006887
v 10.582617 4.724917 -7.040944
v 10.581587 4.717434 -7.032645
v 10.572378 4.723172 -7.029195
v 10.573470 4.730404 -7.037311
v 10.181481 5.625189 -6.751525
v 10.723831 5.980882 -6.827813
v 10.172088 5.603508 -7.080227
v 10.728263 5.977455 -7.083461
v 10.017999 5.563338 -6.907973
v 10.545013 5.892803 -6.944766
v 10.083001 5.627503 -6.839067
v 10.685921 5.990239 -6.883994
v 10.087671 5.620677 -6.997209
v 10.686584 5.991172 -7.032992
v 10.537827 5.915725 -6.685052
v 10.451838 5.900302 -6.849330
v 10.444370 5.831869 -6.937871
v 10.451511 5.898335 -7.044193
v 10.519989 5.889101 -7.204828
v 10.324037 5.716643 -6.738955
v 10.296023 5.734180 -6.833919
v 10.213087 5.651177 -6.919343
v 10.299175 5.724770 -7.028392
v 10.307857 5.689289 -7.122640
v 10.377656 5.817411 -6.841743
v 10.472481 5.816326 -6.676628
v 10.457639 5.782068 -7.195987
v 10.380557 5.807903 -7.036201
v 10.332696 5.744623 -6.928926
v 10.272307 5.678143 -6.714315
v 10.181212 5.663597 -6.825982
v 10.118225 5.607574 -6.913756
v 10.184633 5.654291 -7.020469
v 10.260452 5.650779 -7.129169
v 10.777858 3.445593 -6.980115
v 10.698779 3.445593 -6.980115
v 10.659241 3.445593 -6.911631
v 10.698779 3.445593 -6.843146
v 10.777858 3.445593 -6.843146
v 10.817397 3.445593 -6.911632
v 10.738318 6.917384 -6.911632
v 11.217085 4.650267 -6.809102
v 10.845718 4.948800 -6.952655
v 11.106525 4.644989 -6.583690
v 10.752607 4.955457 -6.781615
v 11.268549 4.601099 -6.645129
v 10.919874 4.877584 -6.809674
v 11.252748 4.650477 -6.715226
v 10.852032 4.956109 -6.901422
v 11.193578 4.651110 -6.610061
v 10.799228 4.962124 -6.801085
v 11.017406 4.885463 -6.982669
v 11.016631 4.875503 -6.841240
v 10.986530 4.826295 -6.778182
v 10.948192 4.880893 -6.709565
v 10.845033 4.882797 -6.625243
v 11.130829 4.726033 -6.868836
v 11.117311 4.741396 -6.794998
v 11.138282 4.677446 -6.707235
v 11.046233 4.741281 -6.664746
v 11.005168 4.718071 -6.603856
v 11.064431 4.808759 -6.819358
v 11.058588 4.806564 -6.964318
v 10.883900 4.798226 -6.608160
v 10.993521 4.808557 -6.689026
v 11.059803 4.754424 -6.743926
v 11.172091 4.693469 -6.866822
v 11.193313 4.682070 -6.759110
v 11.201593 4.639643 -6.677068
v 11.122054 4.682048 -6.628945
v 11.032553 4.686808 -6.582330
v 10.538083 5.306687 -7.499331
v 10.660518 5.701890 -6.903250
v 10.901920 5.282597 -7.532682
v 10.944312 5.698082 -6.916172
v 10.700160 5.237967 -7.691531
v 10.777730 5.604027 -7.109698
v 10.628285 5.309258 -7.614643
v 10.720171 5.712286 -6.949208
v 10.803972 5.301674 -7.620498
v 10.885439 5.713323 -6.958868
v 10.489234 5.629495 -7.099547
v 10.665400 5.612360 -7.206360
v 10.763062 5.536325 -7.220819
v 10.881459 5.610175 -7.220319
v 11.064363 5.599913 -7.155592
v 10.534089 5.408299 -7.340377
v 10.637440 5.427785 -7.378066
v 10.726378 5.335561 -7.475993
v 10.853308 5.417329 -7.388140
v 10.958425 5.377907 -7.385089
v 10.651811 5.520261 -7.288091
v 10.475334 5.519054 -7.171420
v 11.050208 5.480992 -7.224115
v 10.867645 5.509697 -7.298442
v 10.745349 5.439388 -7.344028
v 10.503159 5.365523 -7.396019
v 10.620628 5.349361 -7.504825
v 10.713565 5.287116 -7.580794
v 10.836531 5.339021 -7.514602
v 10.962357 5.335120 -7.438111
v 10.405306 4.612132 -7.015579
v 10.703547 4.905609 -6.855815
v 10.530213 4.607371 -7.203883
v 10.805969 4.912097 -6.998025
v 10.381091 4.560375 -7.165973
v 10.657864 4.833345 -6.989284
v 10.384401 4.607600 -7.103395
v 10.703469 4.910352 -6.902497
v 10.449272 4.608596 -7.190494
v 10.761820 4.915949 -6.986203
v 10.550498 4.839706 -6.846349
v 10.568113 4.826796 -6.972073
v 10.604874 4.782567 -7.023150
v 10.644060 4.831843 -7.081932
v 10.745638 4.837106 -7.145471
v 10.471175 4.686813 -6.955155
v 10.490953 4.699290 -7.020031
v 10.485865 4.638181 -7.098441
v 10.569381 4.699587 -7.128125
v 10.614266 4.679391 -7.176943
v 10.531636 4.763503 -6.994668
v 10.520159 4.765982 -6.864609
v 10.717517 4.758460 -7.162135
v 10.609928 4.763710 -7.102850
v 10.547411 4.712852 -7.059504
v 10.436391 4.655145 -6.960496
v 10.430577 4.640634 -7.058598
v 10.434978 4.599741 -7.131223
v 10.509150 4.641027 -7.166597
v 10.594036 4.649136 -7.198154
v 11.217085 5.590222 -6.890246
v 10.845718 5.888754 -7.033800
v 11.106525 5.584944 -6.664835
v 10.752607 5.895411 -6.862761
v 11.268549 5.541054 -6.726274
v 10.919874 5.817537 -6.890819
v 11.252748 5.590430 -6.796371
v 10.852032 5.896061 -6.982566
v 11.193578 5.591063 -6.691205
v 10.799228 5.902077 -6.882231
v 11.017406 5.825417 -7.063814
v 11.016631 5.815457 -6.922385
v 10.986530 5.766249 -6.859326
v 10.948192 5.820847 -6.790711
v 10.845033 5.822750 -6.706389
v 11.130829 5.665986 -6.949983
v 11.117311 5.681349 -6.876143
v 11.138282 5.617399 -6.788381
v 11.046233 5.681234 -6.745893
v 11.005168 5.658024 -6.685000
v 11.064431 5.748712 -6.900503
v 11.058588 5.746517 -7.045463
v 10.883900 5.738179 -6.689305
v 10.993521 5.748510 -6.770171
v 11.059803 5.694378 -6.825070
v 11.172091 5.633421 -6.947967
v 11.193313 5.622024 -6.840256
v 11.201593 5.579596 -6.758212
v 11.122054 5.622001 -6.710090
v 11.032553 5.626761 -6.663475
v 10.731513 5.176840 -6.939839
v 10.733719 5.147390 -6.910308
v 10.731513 5.176840 -6.880774
v 10.729306 5.206293 -6.910308
v 10.492262 5.132651 -6.910308
v 10.638134 5.181392 -6.930032
v 10.636853 5.161805 -6.910308
v 10.633572 5.181051 -6.891063
v 10.634791 5.200725 -6.910308
v 10.603446 5.164189 -6.926389
v 10.602965 5.148203 -6.910308
v 10.600531 5.163970 -6.894533
v 10.600981 5.179996 -6.910308
v 10.547242 5.146933 -6.920484
v 10.548981 5.136755 -6.910308
v 10.545649 5.146812 -6.900298
v 10.543988 5.156628 -6.910308
v 10.729839 5.892869 -6.919190
v 10.721046 5.875199 -6.893651
v 10.713763 5.902175 -6.877492
v 10.722557 5.919847 -6.903033
v 10.493404 5.867460 -6.979688
v 10.640117 5.899182 -6.946893
v 10.631671 5.887481 -6.930849
v 10.625202 5.905128 -6.921000
v 10.633469 5.916971 -6.936738
v 10.604975 5.887225 -6.954689
v 10.598616 5.877665 -6.941401
v 10.593553 5.892119 -6.933234
v 10.599804 5.901759 -6.946321
v 10.549055 5.875888 -6.968722
v 10.546939 5.869763 -6.959561
v 10.542057 5.879000 -6.955037
v 10.544166 5.884877 -6.964004
v 10.766967 5.880377 -7.327014
v 10.617032 6.149064 -7.001548
v 10.963194 5.875627 -7.214964
v 10.765405 6.155055 -6.908244
v 10.917164 5.836125 -7.363975
v 10.749655 6.084967 -7.060078
v 10.853306 5.880565 -7.353744
v 10.663409 6.155641 -7.004323
v 10.944427 5.881135 -7.294650
v 10.750551 6.161056 -6.951221
v 10.599774 6.092059 -7.157462
v 10.726769 6.083095 -7.148772
v 10.781710 6.038806 -7.118171
v 10.841178 6.087946 -7.079856
v 10.911090 6.089659 -6.982427
v 10.708434 5.948567 -7.252911
v 10.773996 5.962395 -7.236595
v 10.854014 5.904838 -7.250472
v 10.886977 5.962291 -7.165388
v 10.939351 5.941402 -7.125060
v 10.749126 6.023023 -7.190473
v 10.618586 6.021048 -7.193417
v 10.928631 6.013543 -7.016374
v 10.862189 6.022841 -7.119411
v 10.816622 5.974121 -7.182052
v 10.712577 5.919259 -7.289861
v 10.810528 5.909000 -7.302835
v 10.884691 5.870815 -7.305636
v 10.923421 5.908980 -7.231471
v 10.960235 5.913264 -7.148442
vt 0.283133 0.858180
vt 0.280373 0.859010
vt 0.279331 0.846178
vt 0.281201 0.845985
vt 0.276923 0.858671
vt 0.277306 0.845722
vt 0.279103 0.841874
vt 0.280622 0.841643
vt 0.277429 0.841533
vt 0.278664 0.834915
vt 0.279605 0.834501
vt 0.277638 0.834466
vt 0.277843 0.827517
vt 0.278470 0.834064
vt 0.274000 0.857674
vt 0.275599 0.845421
vt 0.270754 0.857815
vt 0.273401 0.845755
vt 0.276024 0.841215
vt 0.274236 0.841454
vt 0.276830 0.834016
vt 0.275672 0.834385
vt 0.784959 0.830012
vt 0.781318 0.830579
vt 0.781247 0.821785
vt 0.783657 0.821861
vt 0.795242 0.825710
vt 0.792040 0.827532
vt 0.787794 0.820022
vt 0.789828 0.818813
vt 0.788536 0.828859
vt 0.785862 0.821245
vt 0.780773 0.818388
vt 0.782775 0.818583
vt 0.786518 0.817028
vt 0.788133 0.815851
vt 0.784830 0.818216
vt 0.780593 0.813420
vt 0.781862 0.813474
vt 0.784171 0.812539
vt 0.785232 0.811826
vt 0.783086 0.813139
vt 0.781454 0.808386
vt 0.265652 0.633542
vt 0.268703 0.632987
vt 0.269368 0.642711
vt 0.267211 0.642595
vt 0.271793 0.633116
vt 0.271479 0.642736
vt 0.274911 0.633553
vt 0.273550 0.642566
vt 0.278037 0.633996
vt 0.275599 0.642902
vt 0.269600 0.646364
vt 0.267932 0.646111
vt 0.271273 0.646222
vt 0.272979 0.646016
vt 0.274643 0.646510
vt 0.269910 0.651706
vt 0.268824 0.651875
vt 0.271008 0.651804
vt 0.272064 0.651907
vt 0.273148 0.652083
vt 0.270725 0.657255
vt 0.472225 0.801465
vt 0.477385 0.815686
vt 0.460775 0.804285
vt 0.458744 0.789646
vt 0.435570 0.790404
vt 0.432745 0.804882
vt 0.416776 0.814099
vt 0.422596 0.800170
vt 0.447623 0.793379
vt 0.447989 0.778060
vt 0.460131 0.855096
vt 0.483506 0.865529
vt 0.464690 0.894221
vt 0.456243 0.889778
vt 0.446136 0.849129
vt 0.445973 0.866260
vt 0.430716 0.856048
vt 0.433579 0.890737
vt 0.408179 0.864211
vt 0.425811 0.895900
vt 0.459971 0.839873
vt 0.485566 0.848596
vt 0.446637 0.828952
vt 0.431573 0.840386
vt 0.406748 0.846446
vt 0.460259 0.823466
vt 0.474457 0.824522
vt 0.418029 0.822313
vt 0.432180 0.823998
vt 0.447232 0.807808
vt 0.170905 0.836578
vt 0.174264 0.835817
vt 0.175469 0.846578
vt 0.173069 0.846553
vt 0.177701 0.835812
vt 0.177813 0.846505
vt 0.181182 0.836148
vt 0.180104 0.846218
vt 0.184675 0.836490
vt 0.182394 0.846493
vt 0.175900 0.850622
vt 0.174037 0.850421
vt 0.177751 0.850385
vt 0.179635 0.850075
vt 0.181505 0.850544
vt 0.176499 0.856537
vt 0.175303 0.856777
vt 0.177724 0.856594
vt 0.178901 0.856658
vt 0.180113 0.856801
vt 0.177670 0.862658
vt 0.456935 0.626556
vt 0.460256 0.635492
vt 0.451226 0.625936
vt 0.450481 0.616695
vt 0.436375 0.615337
vt 0.433888 0.624051
vt 0.423341 0.629695
vt 0.427686 0.621962
vt 0.443058 0.618944
vt 0.443818 0.609681
vt 0.451035 0.651545
vt 0.464771 0.661224
vt 0.451387 0.676863
vt 0.447109 0.672869
vt 0.441859 0.649497
vt 0.441358 0.658882
vt 0.433868 0.649360
vt 0.434025 0.671295
vt 0.418721 0.653735
vt 0.428787 0.674431
vt 0.450802 0.644434
vt 0.464146 0.654824
vt 0.442104 0.638982
vt 0.433468 0.642501
vt 0.417931 0.647567
vt 0.450672 0.636648
vt 0.458300 0.640126
vt 0.424177 0.634281
vt 0.433335 0.634739
vt 0.442366 0.627720
vt 0.475959 0.645575
vt 0.475046 0.645446
vt 0.474743 0.641760
vt 0.475362 0.641953
vt 0.474064 0.645703
vt 0.474127 0.641855
vt 0.473109 0.645801
vt 0.473522 0.642029
vt 0.472174 0.645513
vt 0.472890 0.641913
vt 0.474642 0.640292
vt 0.475145 0.640428
vt 0.474151 0.640381
vt 0.473670 0.640501
vt 0.474726 0.642049
vt 0.474627 0.640517
vt 0.474479 0.638053
vt 0.474791 0.638059
vt 0.474189 0.638039
vt 0.473920 0.638036
vt 0.474458 0.638045
vt 0.474226 0.635773
vt 0.679062 0.809038
vt 0.682421 0.808277
vt 0.683625 0.819038
vt 0.681225 0.819013
vt 0.685858 0.808272
vt 0.685970 0.818965
vt 0.689339 0.808608
vt 0.688261 0.818678
vt 0.692832 0.808950
vt 0.690551 0.818953
vt 0.684057 0.823082
vt 0.682194 0.822881
vt 0.685908 0.822845
vt 0.687792 0.822535
vt 0.689662 0.823004
vt 0.684656 0.828997
vt 0.683459 0.829237
vt 0.685881 0.829054
vt 0.687058 0.829118
vt 0.688270 0.829261
vt 0.685827 0.835118
vt 0.771199 0.810446
vt 0.776260 0.823086
vt 0.760983 0.813320
vt 0.758724 0.800212
vt 0.737901 0.801577
vt 0.735787 0.814683
vt 0.721694 0.823445
vt 0.726519 0.810744
vt 0.748831 0.803898
vt 0.748709 0.790107
vt 0.761901 0.859045
vt 0.783235 0.867741
vt 0.767156 0.894104
vt 0.759427 0.890357
vt 0.749136 0.854090
vt 0.749495 0.869505
vt 0.735470 0.860768
vt 0.739068 0.891888
vt 0.715438 0.868776
vt 0.732232 0.896761
vt 0.761309 0.845357
vt 0.784589 0.852449
vt 0.748993 0.835926
vt 0.735779 0.846655
vt 0.713627 0.852838
vt 0.761084 0.830589
vt 0.773887 0.831121
vt 0.723063 0.830797
vt 0.735842 0.831896
vt 0.748905 0.816888
vt 0.385457 0.604586
vt 0.386887 0.604357
vt 0.386543 0.610302
vt 0.385603 0.610623
vt 0.388375 0.604734
vt 0.387544 0.610433
vt 0.386434 0.612709
vt 0.385665 0.612936
vt 0.387249 0.612832
vt 0.386241 0.616592
vt 0.385760 0.616611
vt 0.386763 0.616561
vt 0.386069 0.620158
vt 0.575631 0.852464
vt 0.574175 0.851086
vt 0.574231 0.840582
vt 0.577059 0.841815
vt 0.572453 0.849927
vt 0.571215 0.839614
vt 0.569769 0.851283
vt 0.569444 0.840796
vt 0.578580 0.851330
vt 0.579016 0.840847
vt 0.574252 0.836683
vt 0.575802 0.837622
vt 0.572550 0.835922
vt 0.577399 0.836863
vt 0.574284 0.830595
vt 0.574769 0.830962
vt 0.573706 0.829918
vt 0.571103 0.836829
vt 0.572803 0.830275
vt 0.575768 0.830291
vt 0.574317 0.824294
vt 0.555355 0.832939
vt 0.557791 0.839771
vt 0.549858 0.834261
vt 0.548923 0.827237
vt 0.537811 0.827538
vt 0.536418 0.834472
vt 0.528737 0.838848
vt 0.531565 0.832186
vt 0.543582 0.828997
vt 0.543798 0.821653
vt 0.549413 0.858620
vt 0.560593 0.863684
vt 0.551495 0.877390
vt 0.547457 0.875237
vt 0.542720 0.855721
vt 0.542596 0.863935
vt 0.535308 0.858997
vt 0.536588 0.875636
vt 0.524481 0.862851
vt 0.532850 0.878091
vt 0.549378 0.851321
vt 0.561625 0.855571
vt 0.543014 0.846049
vt 0.535761 0.851491
vt 0.523843 0.854330
vt 0.549559 0.843455
vt 0.556364 0.844000
vt 0.529316 0.842790
vt 0.536096 0.843636
vt 0.543356 0.835913
vt 0.785309 0.251079
vt 0.741848 0.134624
vt 0.781260 0.116877
vt 0.839499 0.226677
vt 0.800234 0.105978
vt 0.865587 0.211692
vt 0.835425 0.080881
vt 0.913973 0.177184
vt 0.430688 0.095736
vt 0.448994 0.107722
vt 0.384353 0.213859
vt 0.359183 0.197378
vt 0.487297 0.127750
vt 0.437018 0.241397
vt 0.507586 0.135944
vt 0.464915 0.252663
vt 0.549056 0.148131
vt 0.521934 0.269419
vt 0.570553 0.152213
vt 0.551492 0.275033
vt 0.592273 0.154869
vt 0.581355 0.278684
vt 0.614120 0.156084
vt 0.611394 0.280355
vt 0.657304 0.154231
vt 0.671220 0.287545
vt 0.678987 0.151296
vt 0.701033 0.283511
vt 0.721110 0.141604
vt 0.756795 0.260676
vt 0.547965 0.392240
vt 0.554171 0.412599
vt 0.486340 0.422489
vt 0.546766 0.454242
vt 0.534160 0.471385
vt 0.496163 0.489417
vt 0.475017 0.489918
vt 0.437307 0.470429
vt 0.424980 0.453178
vt 0.419436 0.410650
vt 0.425861 0.390800
vt 0.438483 0.373746
vt 0.455950 0.361345
vt 0.497338 0.355736
vt 0.518236 0.362396
vt 0.914902 0.460262
vt 0.896615 0.452946
vt 0.897587 0.388238
vt 0.926369 0.382257
vt 0.879242 0.481268
vt 0.894375 0.494401
vt 0.832853 0.539641
vt 0.823457 0.512945
vt 0.792592 0.515675
vt 0.791199 0.544479
vt 0.761989 0.508325
vt 0.751038 0.535041
vt 0.735076 0.492159
vt 0.715734 0.513358
vt 0.674241 0.448158
vt 0.702008 0.439448
vt 0.699107 0.408665
vt 0.670464 0.406166
vt 0.698767 0.333858
vt 0.722439 0.350954
vt 0.745358 0.330115
vt 0.730202 0.305674
vt 0.805116 0.284988
vt 0.805505 0.314091
vt 0.835915 0.320459
vt 0.846586 0.293767
vt 0.908060 0.342703
vt 0.884574 0.360051
vt 0.889201 0.450152
vt 0.890604 0.390388
vt 0.873326 0.476100
vt 0.540888 0.320690
vt 0.504960 0.308322
vt 0.506576 0.300305
vt 0.544768 0.313500
vt 0.435003 0.318037
vt 0.431279 0.310750
vt 0.821846 0.505747
vt 0.793189 0.508072
vt 0.404127 0.339362
vt 0.398403 0.333577
vt 0.764964 0.501246
vt 0.382523 0.369414
vt 0.375165 0.366003
vt 0.739942 0.486308
vt 0.372886 0.405243
vt 0.364826 0.404046
vt 0.383690 0.473749
vt 0.376454 0.477510
vt 0.709369 0.437686
vt 0.706735 0.409072
vt 0.404669 0.503933
vt 0.398824 0.509638
vt 0.466557 0.534149
vt 0.465373 0.542217
vt 0.728287 0.355848
vt 0.749587 0.336477
vt 0.503342 0.536013
vt 0.504357 0.544124
vt 0.564417 0.504694
vt 0.570269 0.510387
vt 0.805035 0.321648
vt 0.833258 0.327627
vt 0.585942 0.475412
vt 0.593074 0.479398
vt 0.598373 0.407909
vt 0.606436 0.406746
vt 0.878134 0.364167
vt 0.587602 0.372670
vt 0.595130 0.369446
vt 0.587894 0.408346
vt 0.578844 0.377672
vt 0.578191 0.472152
vt 0.558957 0.498088
vt 0.500898 0.525629
vt 0.468212 0.527851
vt 0.411381 0.495834
vt 0.392640 0.470284
vt 0.382759 0.405642
vt 0.395392 0.375431
vt 0.414202 0.349681
vt 0.440230 0.331423
vt 0.503586 0.322773
vt 0.532804 0.332999
vt 0.576841 0.409837
vt 0.568901 0.382354
vt 0.568246 0.466451
vt 0.551381 0.489775
vt 0.499449 0.513552
vt 0.469880 0.516293
vt 0.420051 0.487706
vt 0.402980 0.464689
vt 0.394246 0.408101
vt 0.405018 0.380521
vt 0.422376 0.357596
vt 0.445478 0.341517
vt 0.501643 0.333373
vt 0.528178 0.342515
vt 0.568037 0.410995
vt 0.560862 0.386182
vt 0.558975 0.461208
vt 0.544045 0.481938
vt 0.498188 0.504085
vt 0.472924 0.504439
vt 0.427091 0.480926
vt 0.411968 0.460000
vt 0.404099 0.409203
vt 0.412806 0.384428
vt 0.428458 0.363617
vt 0.449454 0.349096
vt 0.500172 0.341741
vt 0.524474 0.350032
vt 0.152571 0.829307
vt 0.155788 0.836696
vt 0.146577 0.831188
vt 0.145009 0.823473
vt 0.132714 0.824649
vt 0.131695 0.832440
vt 0.123512 0.837873
vt 0.126142 0.830273
vt 0.139221 0.825828
vt 0.138905 0.817671
vt 0.147929 0.858224
vt 0.160705 0.862991
vt 0.151658 0.878873
vt 0.147019 0.876793
vt 0.140290 0.855518
vt 0.140774 0.864632
vt 0.132322 0.859711
vt 0.135001 0.878059
vt 0.120613 0.864803
vt 0.131043 0.881062
vt 0.147337 0.850136
vt 0.161235 0.853920
vt 0.139883 0.844774
vt 0.132256 0.851355
vt 0.119259 0.855405
vt 0.146942 0.841403
vt 0.154526 0.841491
vt 0.124452 0.842199
vt 0.132032 0.842623
vt 0.139495 0.833513
vt 0.370617 0.606784
vt 0.377209 0.620387
vt 0.361512 0.606668
vt 0.358939 0.592195
vt 0.336471 0.592184
vt 0.333861 0.606313
vt 0.318066 0.616815
vt 0.323756 0.603953
vt 0.347563 0.596867
vt 0.347364 0.582131
vt 0.365080 0.647119
vt 0.388222 0.660320
vt 0.369459 0.687027
vt 0.362104 0.681369
vt 0.350287 0.645272
vt 0.350913 0.660162
vt 0.337653 0.646264
vt 0.341214 0.680861
vt 0.314405 0.655457
vt 0.333421 0.686602
vt 0.363637 0.635929
vt 0.386269 0.650314
vt 0.349084 0.628639
vt 0.335985 0.635497
vt 0.312227 0.645841
vt 0.362255 0.623661
vt 0.374821 0.627997
vt 0.320078 0.623926
vt 0.334603 0.623266
vt 0.347796 0.610824
vt 0.370162 0.838285
vt 0.373212 0.837730
vt 0.373878 0.847454
vt 0.371721 0.847338
vt 0.376302 0.837859
vt 0.375989 0.847479
vt 0.379420 0.838296
vt 0.378060 0.847309
vt 0.382547 0.838739
vt 0.380109 0.847645
vt 0.374110 0.851107
vt 0.372442 0.850854
vt 0.375783 0.850965
vt 0.377490 0.850760
vt 0.379153 0.851254
vt 0.374420 0.856449
vt 0.373334 0.856618
vt 0.375518 0.856547
vt 0.376574 0.856650
vt 0.377658 0.856826
vt 0.375235 0.861998
vt 0.876672 0.824381
vt 0.880550 0.834220
vt 0.868725 0.826571
vt 0.867025 0.816380
vt 0.850845 0.817354
vt 0.849149 0.827525
vt 0.838166 0.834272
vt 0.841966 0.824427
vt 0.859325 0.819202
vt 0.859288 0.808490
vt 0.869247 0.862090
vt 0.885782 0.868933
vt 0.873183 0.889344
vt 0.867195 0.886401
vt 0.859354 0.858189
vt 0.859568 0.870164
vt 0.848710 0.863319
vt 0.851376 0.887505
vt 0.833118 0.869455
vt 0.846046 0.891262
vt 0.868844 0.851456
vt 0.886897 0.857061
vt 0.859318 0.844080
vt 0.849010 0.852358
vt 0.831778 0.857068
vt 0.868731 0.839985
vt 0.878673 0.840451
vt 0.839199 0.839988
vt 0.849120 0.840895
vt 0.859329 0.829293
vt 0.208013 0.113307
vt 0.216105 0.113165
vt 0.218303 0.468525
vt 0.223113 0.113260
vt 0.230121 0.113355
vt 0.238207 0.113716
vt 0.194012 0.113989
vt 0.201013 0.113648
vt 0.253299 0.825858
vt 0.256468 0.833268
vt 0.247293 0.827700
vt 0.245776 0.819975
vt 0.233473 0.821070
vt 0.232403 0.828854
vt 0.224185 0.834233
vt 0.226864 0.826651
vt 0.239973 0.822292
vt 0.239710 0.814133
vt 0.248468 0.854744
vt 0.261212 0.859595
vt 0.252061 0.875417
vt 0.247436 0.873306
vt 0.240846 0.851988
vt 0.241271 0.861105
vt 0.232851 0.856128
vt 0.235410 0.874493
vt 0.221108 0.861143
vt 0.231432 0.877471
vt 0.247928 0.846652
vt 0.261802 0.850527
vt 0.240510 0.841242
vt 0.232840 0.847773
vt 0.219817 0.851737
vt 0.247591 0.837917
vt 0.255175 0.838055
vt 0.225096 0.838565
vt 0.232673 0.839039
vt 0.240196 0.829978
vt 0.672267 0.818661
vt 0.676764 0.829517
vt 0.663480 0.821247
vt 0.661396 0.809958
vt 0.643440 0.811351
vt 0.641751 0.822683
vt 0.629680 0.830389
vt 0.633712 0.819379
vt 0.652896 0.813241
vt 0.652649 0.801341
vt 0.664744 0.860696
vt 0.683245 0.867980
vt 0.669641 0.890896
vt 0.662932 0.887743
vt 0.653678 0.856551
vt 0.654146 0.869850
vt 0.641953 0.862455
vt 0.645379 0.889273
vt 0.624749 0.869573
vt 0.639530 0.893549
vt 0.664092 0.848889
vt 0.684255 0.854769
vt 0.653367 0.840878
vt 0.642074 0.850273
vt 0.623022 0.855837
vt 0.663745 0.836148
vt 0.674800 0.836475
vt 0.630937 0.836720
vt 0.641976 0.837536
vt 0.653094 0.824451
vt 0.352786 0.832890
vt 0.355633 0.839564
vt 0.347413 0.834543
vt 0.346111 0.827567
vt 0.335057 0.828452
vt 0.333982 0.835444
vt 0.326530 0.840157
vt 0.329089 0.833396
vt 0.340871 0.829597
vt 0.340772 0.822262
vt 0.348427 0.858751
vt 0.359804 0.862929
vt 0.351831 0.877224
vt 0.347625 0.875368
vt 0.341613 0.856491
vt 0.342088 0.864496
vt 0.334347 0.860413
vt 0.337262 0.876424
vt 0.323821 0.865175
vt 0.333786 0.879341
vt 0.348040 0.851615
vt 0.360306 0.854837
vt 0.341268 0.846783
vt 0.334280 0.852721
vt 0.322536 0.856147
vt 0.347665 0.843762
vt 0.354421 0.843827
vt 0.327297 0.844071
vt 0.334147 0.844685
vt 0.340988 0.836542
vt 0.161461 0.625237
vt 0.164540 0.632684
vt 0.155434 0.627005
vt 0.154011 0.619261
vt 0.141695 0.620207
vt 0.140530 0.627977
vt 0.132247 0.633256
vt 0.135019 0.625707
vt 0.148180 0.621508
vt 0.148017 0.613347
vt 0.156278 0.654061
vt 0.168962 0.659068
vt 0.159619 0.674777
vt 0.155019 0.672610
vt 0.148691 0.651213
vt 0.149004 0.660334
vt 0.140646 0.655255
vt 0.142980 0.673650
vt 0.128843 0.660126
vt 0.138966 0.676579
vt 0.155837 0.645964
vt 0.169663 0.650008
vt 0.148486 0.640463
vt 0.140736 0.646900
vt 0.127666 0.650705
vt 0.155607 0.637225
vt 0.163188 0.637455
vt 0.133106 0.637598
vt 0.140676 0.638164
vt 0.148309 0.629196
vt 0.478739 0.799113
vt 0.482531 0.797925
vt 0.484141 0.807686
vt 0.481331 0.807897
vt 0.486480 0.797806
vt 0.486887 0.807386
vt 0.490533 0.798169
vt 0.489528 0.807071
vt 0.494602 0.798601
vt 0.492149 0.807527
vt 0.484743 0.811404
vt 0.482591 0.811272
vt 0.486845 0.810940
vt 0.489056 0.810576
vt 0.491207 0.811286
vt 0.485549 0.816664
vt 0.484167 0.816985
vt 0.486954 0.816546
vt 0.488320 0.816555
vt 0.489678 0.816903
vt 0.487003 0.822051
vt 0.814695 0.839253
vt 0.817891 0.839019
vt 0.818008 0.850500
vt 0.815864 0.850329
vt 0.819831 0.839055
vt 0.819595 0.850750
vt 0.822853 0.839414
vt 0.821914 0.850673
vt 0.824954 0.839460
vt 0.823340 0.850479
vt 0.818400 0.854597
vt 0.816655 0.854524
vt 0.819514 0.854768
vt 0.821221 0.854766
vt 0.822381 0.854640
vt 0.818833 0.861079
vt 0.817735 0.861276
vt 0.819381 0.861397
vt 0.820274 0.861625
vt 0.821029 0.861343
vt 0.819250 0.867858
vt 0.252239 0.627845
vt 0.254904 0.634591
vt 0.246790 0.629352
vt 0.245618 0.622364
vt 0.234522 0.623041
vt 0.233364 0.630018
vt 0.225836 0.634652
vt 0.228436 0.627898
vt 0.240338 0.624304
vt 0.240306 0.616957
vt 0.247170 0.653712
vt 0.258514 0.658395
vt 0.249886 0.672401
vt 0.245777 0.670386
vt 0.240382 0.651042
vt 0.240536 0.659255
vt 0.233086 0.654567
vt 0.234929 0.671154
vt 0.222395 0.658786
vt 0.231275 0.673733
vt 0.246887 0.646419
vt 0.259272 0.650252
vt 0.240349 0.641366
vt 0.233284 0.647050
vt 0.221469 0.650291
vt 0.246802 0.638551
vt 0.253621 0.638865
vt 0.226548 0.638572
vt 0.233353 0.639188
vt 0.240347 0.631224
vn -0.308758 -0.663638 0.681362
vn -0.308758 -0.663638 0.681362
vn -0.373716 -0.658902 0.652829
vn -0.351141 -0.660943 0.663215
vn 0.235651 -0.756608 -0.609929
vn 0.235651 -0.756608 -0.609929
vn 0.186960 -0.746626 -0.638433
vn 0.187201 -0.746681 -0.638297
vn 0.415235 0.645761 -0.640760
vn 0.415235 0.645761 -0.640760
vn 0.454431 0.639767 -0.619832
vn 0.475040 0.636029 -0.608115
vn -0.136055 0.739870 0.658848
vn -0.136055 0.739870 0.658848
vn -0.085505 0.724854 0.683576
vn -0.084406 0.724501 0.684086
vn -0.516259 -0.629767 0.580405
vn -0.530200 -0.627872 0.569794
vn 0.027801 -0.696076 -0.717430
vn 0.033518 -0.697909 -0.715402
vn 0.616638 0.594100 -0.516529
vn 0.603780 0.597222 -0.527992
vn 0.059744 0.666344 0.743247
vn 0.064572 0.664389 0.744592
vn -0.466736 -0.636415 0.614113
vn -0.467453 -0.636291 0.613696
vn 0.091335 -0.715635 -0.692477
vn 0.087687 -0.714500 -0.694119
vn 0.577843 0.599437 -0.553871
vn 0.578072 0.599222 -0.553864
vn 0.024907 0.677004 0.735558
vn 0.025591 0.676014 0.736444
vn -0.420969 -0.643320 0.639472
vn 0.135210 -0.728350 -0.671732
vn 0.592041 0.585916 -0.553343
vn 0.034234 0.663365 0.747512
vn -0.705819 -0.705650 0.062276
vn -0.705819 -0.705650 0.062276
vn -0.702541 -0.711123 -0.027192
vn -0.704312 -0.709882 0.003658
vn 0.688739 -0.709703 0.148189
vn 0.688739 -0.709703 0.148189
vn 0.701724 -0.707919 0.080213
vn 0.702757 -0.707582 0.073893
vn 0.705274 0.703534 0.087343
vn 0.705274 0.703534 0.087343
vn 0.697800 0.701572 0.144471
vn 0.693081 0.699667 0.173505
vn -0.706598 0.707605 -0.003736
vn -0.706598 0.707605 -0.003736
vn -0.712947 0.697432 0.072773
vn -0.712686 0.698162 0.068181
vn -0.677871 -0.695667 -0.237779
vn -0.670718 -0.694144 -0.261345
vn 0.722219 -0.672027 -0.163641
vn 0.722764 -0.674530 -0.150404
vn 0.640815 0.661345 0.389845
vn 0.649709 0.665062 0.368199
vn -0.710444 0.646588 0.277838
vn -0.708969 0.643479 0.288614
vn -0.696135 -0.699329 -0.162282
vn -0.695539 -0.699107 -0.165757
vn 0.722753 -0.687309 -0.072353
vn 0.722818 -0.687085 -0.073816
vn 0.668587 0.667874 0.327011
vn 0.668758 0.667254 0.327925
vn -0.717937 0.655461 0.234387
vn -0.718078 0.655160 0.234795
vn -0.705878 -0.701897 -0.095274
vn 0.718079 -0.695942 -0.005302
vn 0.672033 0.654517 0.346380
vn -0.724021 0.641880 0.252554
vn 0.690582 -0.713356 0.119247
vn 0.690582 -0.713356 0.119247
vn 0.680459 -0.707881 0.189422
vn 0.684403 -0.710210 0.164909
vn -0.701462 -0.709548 -0.067019
vn -0.701462 -0.709548 -0.067019
vn -0.715444 -0.698557 -0.012556
vn -0.715381 -0.698617 -0.012822
vn -0.680643 0.694689 -0.232663
vn -0.680643 0.694689 -0.232663
vn -0.671183 0.688005 -0.275975
vn -0.665564 0.683859 -0.298933
vn 0.721255 0.691400 -0.041920
vn 0.721255 0.691400 -0.041920
vn 0.730770 0.675671 -0.097178
vn 0.730949 0.675304 -0.098374
vn 0.650114 -0.676501 0.345973
vn 0.643680 -0.674149 0.362214
vn -0.746277 -0.645685 0.161744
vn -0.745953 -0.647544 0.155695
vn -0.617420 0.638419 -0.459581
vn -0.624869 0.642073 -0.444164
vn 0.746154 0.615842 -0.252967
vn 0.746042 0.613897 -0.257976
vn 0.669134 -0.684500 0.289344
vn 0.668929 -0.684362 0.290142
vn -0.740267 -0.665726 0.093880
vn -0.740817 -0.664545 0.097832
vn -0.642860 0.645533 -0.412332
vn -0.642930 0.645322 -0.412554
vn 0.748654 0.626323 -0.217340
vn 0.749255 0.625293 -0.218232
vn 0.681081 -0.692262 0.238543
vn -0.732634 -0.679060 0.046094
vn -0.647107 0.632182 -0.426143
vn 0.756717 0.612150 -0.229462
vn -0.430771 0.582391 0.689390
vn -0.445226 0.647350 0.618637
vn -0.476644 0.792830 0.379779
vn -0.396206 0.908458 0.133139
vn -0.356915 0.814225 0.457875
vn -0.498189 0.836930 0.226618
vn -0.542882 0.837651 -0.060163
vn -0.535991 0.825872 -0.175070
vn -0.386918 0.870700 0.303605
vn -0.339679 0.890332 0.303194
vn -0.541622 0.768738 0.340128
vn -0.448354 0.699336 0.556694
vn -0.268568 0.833988 0.482011
vn -0.300199 0.862768 0.406830
vn -0.573520 0.758437 0.309594
vn -0.430942 0.834582 0.343165
vn -0.561197 0.780085 0.276633
vn -0.324995 0.923312 0.204628
vn -0.534008 0.845452 0.006848
vn -0.310592 0.944678 0.105432
vn -0.683277 0.605787 0.407621
vn -0.655691 0.439151 0.614179
vn -0.662510 0.697455 0.273199
vn -0.724375 0.673444 0.147491
vn -0.759568 0.639557 -0.118422
vn -0.599543 0.683749 0.415977
vn -0.545084 0.569642 0.615135
vn -0.623335 0.780122 -0.053513
vn -0.631617 0.757836 0.163537
vn -0.521230 0.801605 0.292829
vn -0.595440 -0.525051 -0.608090
vn -0.595440 -0.525051 -0.608090
vn -0.557634 -0.499789 -0.662763
vn -0.571218 -0.508939 -0.643965
vn 0.601322 -0.795444 0.075370
vn 0.601322 -0.795444 0.075370
vn 0.636383 -0.770458 0.037564
vn 0.636216 -0.770587 0.037750
vn 0.540035 0.474026 0.695458
vn 0.540035 0.474026 0.695458
vn 0.513713 0.455829 0.726856
vn 0.499198 0.445711 0.743063
vn -0.663976 0.747740 0.004602
vn -0.663976 0.747740 0.004602
vn -0.695355 0.717371 0.043133
vn -0.696008 0.716687 0.043966
vn -0.465846 -0.426674 -0.775201
vn -0.453340 -0.420439 -0.785948
vn 0.736166 -0.671749 -0.082546
vn 0.733379 -0.675318 -0.078108
vn 0.389274 0.360854 0.847496
vn 0.402398 0.367886 0.838293
vn -0.773581 0.615512 0.150724
vn -0.775549 0.612114 0.154401
vn -0.506324 -0.448767 -0.736372
vn -0.505810 -0.448420 -0.736937
vn 0.702777 -0.710628 -0.033361
vn 0.704902 -0.708383 -0.036149
vn 0.431792 0.378189 0.818858
vn 0.431761 0.377912 0.819002
vn -0.761202 0.636789 0.122763
vn -0.762134 0.635640 0.122942
vn -0.537954 -0.469955 -0.699820
vn 0.676190 -0.736728 0.000304
vn 0.429768 0.360805 0.827719
vn -0.773767 0.620976 0.125192
vn 0.723249 0.674147 -0.149791
vn 0.676453 0.731358 -0.086755
vn 0.514446 0.850415 0.110180
vn 0.271725 0.934080 0.231648
vn 0.482971 0.875166 -0.028693
vn 0.416966 0.877992 0.235096
vn 0.246510 0.848555 0.468175
vn 0.162143 0.823694 0.543359
vn 0.389284 0.915273 0.103598
vn 0.353670 0.932652 0.071253
vn 0.534831 0.824897 0.183032
vn 0.629347 0.776166 -0.038580
vn 0.435739 0.893631 -0.107498
vn 0.401887 0.915169 -0.030873
vn 0.536876 0.812647 0.226646
vn 0.452000 0.885770 0.105391
vn 0.502654 0.829911 0.242048
vn 0.270374 0.953723 0.131565
vn 0.286570 0.863415 0.415201
vn 0.188124 0.963201 0.191971
vn 0.699733 0.676862 0.228540
vn 0.844040 0.533349 0.055986
vn 0.580476 0.751920 0.312513
vn 0.538120 0.716715 0.443562
vn 0.379501 0.654846 0.653571
vn 0.638221 0.751544 0.166898
vn 0.752671 0.658176 -0.017047
vn 0.314020 0.795700 0.517931
vn 0.474986 0.798237 0.370413
vn 0.483613 0.851343 0.203306
vn -0.141985 -0.636792 0.757850
vn -0.141985 -0.636792 0.757850
vn -0.199699 -0.660506 0.723776
vn -0.179566 -0.652567 0.736147
vn 0.572959 -0.685011 -0.449974
vn 0.572959 -0.685011 -0.449974
vn 0.528372 -0.697823 -0.483598
vn 0.528597 -0.697765 -0.483435
vn 0.241096 0.665595 -0.706298
vn 0.241096 0.665595 -0.706298
vn 0.276532 0.677491 -0.681568
vn 0.295269 0.683299 -0.667771
vn -0.481814 0.713292 0.508988
vn -0.481814 0.713292 0.508988
vn -0.433190 0.721678 0.539933
vn -0.432117 0.721833 0.540585
vn -0.331677 -0.696719 0.636061
vn -0.343766 -0.701555 0.624216
vn 0.374265 -0.721338 -0.582750
vn 0.379916 -0.720602 -0.579997
vn 0.428350 0.709737 -0.559277
vn 0.416953 0.706294 -0.572100
vn -0.286401 0.730209 0.620297
vn -0.281428 0.730400 0.622345
vn -0.288226 -0.679903 0.674283
vn -0.288867 -0.680111 0.673798
vn 0.436492 -0.712195 -0.549775
vn 0.432940 -0.712722 -0.551896
vn 0.395805 0.695276 -0.599941
vn 0.396095 0.695166 -0.599877
vn -0.321338 0.725896 0.608125
vn -0.320482 0.725351 0.609227
vn -0.247000 -0.665669 0.704185
vn 0.478615 -0.704883 -0.523515
vn 0.413657 0.688335 -0.595888
vn -0.309562 0.718295 0.623076
vn 0.548422 -0.832754 0.075850
vn 0.548422 -0.832755 0.075850
vn 0.525292 -0.838850 0.142824
vn 0.533709 -0.837195 0.119412
vn -0.764214 -0.550433 -0.336156
vn -0.764214 -0.550433 -0.336156
vn -0.787186 -0.547567 -0.283741
vn -0.787077 -0.547586 -0.284006
vn -0.518577 0.834269 -0.187282
vn -0.518577 0.834268 -0.187282
vn -0.501641 0.834272 -0.228795
vn -0.492159 0.833585 -0.250831
vn 0.802803 0.549768 0.230787
vn 0.802803 0.549768 0.230787
vn 0.820943 0.543264 0.175831
vn 0.821306 0.543102 0.174633
vn 0.468752 -0.832586 0.295079
vn 0.459589 -0.832225 0.310128
vn -0.844737 -0.523787 -0.109852
vn -0.843460 -0.524514 -0.116020
vn -0.419484 0.811368 -0.407082
vn -0.429289 0.813320 -0.392711
vn 0.858837 0.512011 0.015630
vn 0.859467 0.511086 0.010368
vn 0.497437 -0.833045 0.242058
vn 0.497096 -0.833025 0.242827
vn -0.828046 -0.531505 -0.178443
vn -0.829203 -0.531017 -0.174480
vn -0.452624 0.813870 -0.364346
vn -0.452676 0.813719 -0.364618
vn 0.855572 0.515006 0.052576
vn 0.856201 0.514061 0.051593
vn 0.518134 -0.833120 0.193515
vn -0.812971 -0.536666 -0.225983
vn -0.455793 0.804324 -0.381203
vn 0.863979 0.502004 0.039157
vn 0.660968 0.582398 0.473216
vn 0.589459 0.647347 0.483198
vn 0.349099 0.792829 0.499551
vn 0.108008 0.908454 0.403788
vn 0.434551 0.814225 0.384971
vn 0.194886 0.836930 0.511436
vn -0.094140 0.837652 0.538030
vn -0.208386 0.825869 0.523942
vn 0.278711 0.870698 0.405222
vn 0.281268 0.890329 0.358053
vn 0.305446 0.768738 0.561912
vn 0.527440 0.699337 0.482426
vn 0.464192 0.833990 0.298305
vn 0.387174 0.862770 0.325153
vn 0.272968 0.758436 0.591830
vn 0.315426 0.834581 0.451642
vn 0.240845 0.780084 0.577462
vn 0.183817 0.923312 0.337204
vn -0.026699 0.845453 0.533383
vn 0.085721 0.944678 0.316600
vn 0.363911 0.605785 0.707526
vn 0.571794 0.439148 0.692965
vn 0.231056 0.697455 0.678358
vn 0.101710 0.673444 0.732208
vn -0.165888 0.639559 0.750630
vn 0.377507 0.683748 0.624482
vn 0.579694 0.569638 0.582639
vn -0.092553 0.780122 0.618744
vn 0.123551 0.757836 0.640640
vn 0.259524 0.801607 0.538585
vn 0.189333 0.665552 0.721937
vn 0.189333 0.665552 0.721937
vn 0.146119 0.677467 0.720894
vn 0.122862 0.683286 0.719739
vn 0.120359 0.713279 -0.690468
vn 0.120359 0.713279 -0.690468
vn 0.062728 0.721657 -0.689403
vn 0.061476 0.721812 -0.689354
vn -0.048032 0.709802 0.702762
vn -0.031434 0.706364 0.707150
vn -0.104045 0.730154 -0.675314
vn -0.109320 0.730346 -0.674273
vn 0.001628 0.695355 0.718664
vn 0.001353 0.695246 0.718770
vn -0.068210 0.725864 -0.684448
vn -0.069537 0.725323 -0.684888
vn -0.015481 0.688429 0.725138
vn -0.086299 0.718347 -0.690311
vn 0.660649 -0.663616 0.350936
vn 0.660649 -0.663616 0.350936
vn 0.628083 -0.658890 0.413975
vn 0.639869 -0.660928 0.392099
vn -0.593941 -0.756595 -0.273494
vn -0.593941 -0.756595 -0.273494
vn -0.625442 -0.746616 -0.226687
vn -0.625295 -0.746670 -0.226915
vn -0.613410 0.645783 -0.454635
vn -0.613410 0.645783 -0.454635
vn -0.613410 0.645783 -0.454635
vn -0.613410 0.645783 -0.454635
vn 0.649019 0.739857 0.177161
vn 0.649019 0.739857 0.177161
vn 0.676871 0.724841 0.128265
vn 0.677447 0.724489 0.127205
vn 0.546833 -0.629778 0.551682
vn 0.535361 -0.627884 0.564934
vn -0.714267 -0.696078 -0.072784
vn -0.711882 -0.697913 -0.078366
vn 0.745567 0.666306 -0.012933
vn 0.747208 0.664356 -0.017665
vn 0.583600 -0.636410 0.504375
vn 0.583138 -0.636286 0.505065
vn -0.685347 -0.715667 -0.134614
vn -0.687218 -0.714527 -0.131080
vn -0.516957 0.603743 -0.606835
vn -0.516957 0.603743 -0.606835
vn -0.516556 0.599401 -0.611464
vn -0.516535 0.599186 -0.611692
vn 0.735734 0.676933 0.021353
vn 0.736664 0.675942 0.020726
vn 0.611794 -0.643288 0.460313
vn -0.661850 -0.728432 -0.177035
vn -0.515184 0.585836 -0.625605
vn 0.748266 0.663275 0.012801
vn -0.105453 0.730476 -0.674748
vn -0.025224 0.770285 -0.637201
vn 0.214833 0.835597 -0.505594
vn 0.386422 0.877757 -0.283234
vn 0.090980 0.887354 -0.452023
vn 0.355870 0.830533 -0.428452
vn 0.599673 0.742830 -0.297651
vn 0.679381 0.697852 -0.226814
vn 0.241284 0.893175 -0.379500
vn 0.219188 0.914958 -0.338833
vn 0.276503 0.796433 -0.537812
vn 0.038052 0.801146 -0.597258
vn 0.026049 0.919369 -0.392533
vn 0.109693 0.922247 -0.370714
vn 0.315588 0.775366 -0.547002
vn 0.227229 0.867564 -0.442380
vn 0.339316 0.787009 -0.515249
vn 0.294373 0.918028 -0.265648
vn 0.545844 0.770808 -0.328496
vn 0.366966 0.909829 -0.193770
vn 0.263549 0.651715 -0.711203
vn 0.044333 0.556388 -0.829740
vn 0.378679 0.700414 -0.604998
vn 0.503722 0.635921 -0.584695
vn 0.716458 0.522118 -0.462689
vn 0.229536 0.734139 -0.639025
vn 0.014705 0.688455 -0.725130
vn 0.626084 0.684549 -0.373378
vn 0.460348 0.727368 -0.508935
vn 0.309460 0.815044 -0.489835
vn 0.446020 -0.208883 -0.870307
vn 0.442083 -0.208737 -0.872348
vn 0.154948 -0.208545 -0.965661
vn 0.150896 -0.208674 -0.966274
vn 0.154948 -0.208545 -0.965661
vn -0.445961 -0.208125 -0.870519
vn -0.441983 -0.208271 -0.872510
vn 0.150896 -0.208674 -0.966274
vn -0.441983 -0.208271 -0.872510
vn -0.445961 -0.208125 -0.870519
vn -0.690226 -0.207960 -0.693066
vn -0.693149 -0.208093 -0.690103
vn -0.690226 -0.207960 -0.693066
vn -0.966460 -0.207767 -0.150959
vn -0.965754 -0.207907 -0.155224
vn -0.693149 -0.208093 -0.690103
vn -0.965754 -0.207907 -0.155224
vn -0.966460 -0.207767 -0.150959
vn -0.966460 -0.207767 0.150959
vn -0.965754 -0.207907 0.155224
vn -0.966460 -0.207767 0.150959
vn -0.690226 -0.207960 0.693067
vn -0.693148 -0.208092 0.690104
vn -0.965754 -0.207907 0.155224
vn -0.693148 -0.208092 0.690104
vn -0.690226 -0.207960 0.693067
vn -0.445959 -0.208124 0.870520
vn -0.441982 -0.208271 0.872511
vn -0.445959 -0.208124 0.870520
vn -0.000067 -0.210986 0.977489
vn 0.000070 -0.210986 0.977489
vn -0.441982 -0.208271 0.872511
vn -0.000067 -0.210986 0.977489
vn 0.301984 -0.211194 0.929625
vn 0.302108 -0.211194 0.929585
vn 0.000070 -0.210986 0.977489
vn 0.301984 -0.211194 0.929625
vn 0.705557 -0.203899 0.678686
vn 0.710150 -0.203573 0.673977
vn 0.302108 -0.211194 0.929585
vn 0.710150 -0.203573 0.673977
vn 0.705557 -0.203899 0.678686
vn 0.879829 -0.198335 0.431932
vn 0.886619 -0.198534 0.417721
vn 0.879829 -0.198335 0.431932
vn 0.970232 -0.198397 -0.138880
vn 0.972293 -0.198592 -0.123319
vn 0.886619 -0.198534 0.417721
vn 0.972293 -0.198592 -0.123319
vn 0.970232 -0.198397 -0.138880
vn 0.880741 -0.204019 -0.427401
vn 0.883635 -0.203693 -0.421542
vn 0.072268 0.997171 0.020673
vn 0.002329 0.999335 -0.036382
vn 0.020464 0.999685 -0.014569
vn 0.020464 0.999685 -0.014569
vn 0.002329 0.999335 -0.036382
vn 0.004054 0.998048 -0.062328
vn 0.004054 0.998048 -0.062328
vn 0.010240 0.998990 -0.043751
vn 0.020464 0.999685 -0.014569
vn 0.020464 0.999685 -0.014569
vn 0.010240 0.998990 -0.043751
vn -0.027826 0.999245 -0.027124
vn -0.027826 0.999245 -0.027124
vn -0.007984 0.995021 -0.099346
vn 0.020464 0.999685 -0.014569
vn 0.020464 0.999685 -0.014569
vn -0.007984 0.995021 -0.099346
vn 0.022677 0.994550 -0.101770
vn 0.022677 0.994550 -0.101770
vn 0.123545 0.989081 0.080347
vn 0.020464 0.999685 -0.014569
vn 0.020464 0.999685 -0.014569
vn 0.123545 0.989081 0.080347
vn 0.100545 0.987650 0.120156
vn 0.100545 0.987650 0.120156
vn -0.073353 0.993786 0.083721
vn 0.020464 0.999685 -0.014569
vn -0.073353 0.993786 0.083721
vn -0.142648 0.986009 0.086248
vn 0.020464 0.999685 -0.014569
vn -0.142648 0.986009 0.086248
vn -0.066666 0.997415 0.026831
vn 0.020464 0.999685 -0.014569
vn 0.020464 0.999685 -0.014569
vn -0.066666 0.997415 0.026831
vn 0.019537 0.993006 -0.116441
vn 0.019537 0.993006 -0.116441
vn 0.077512 0.992814 -0.091167
vn 0.020464 0.999685 -0.014569
vn 0.020464 0.999685 -0.014569
vn 0.077512 0.992814 -0.091167
vn 0.072268 0.997171 0.020673
vn 0.935000 -0.320551 -0.151728
vn 0.933761 -0.317601 -0.164985
vn 0.847942 -0.283254 -0.448064
vn 0.850232 -0.283587 -0.443490
vn 0.837074 -0.317607 0.445458
vn 0.933761 -0.317601 -0.164985
vn 0.935000 -0.320551 -0.151728
vn 0.842349 -0.320557 0.433233
vn 0.842349 -0.320557 0.433233
vn 0.671572 -0.283593 0.684518
vn 0.667980 -0.283260 0.688162
vn 0.837074 -0.317607 0.445458
vn 0.298751 -0.255618 0.919460
vn 0.667980 -0.283260 0.688162
vn 0.671572 -0.283593 0.684518
vn 0.298750 -0.255618 0.919461
vn -0.000001 -0.255619 0.966778
vn 0.298751 -0.255618 0.919460
vn 0.298750 -0.255618 0.919461
vn -0.000001 -0.255620 0.966777
vn -0.441460 -0.252579 0.860998
vn -0.000001 -0.255619 0.966778
vn -0.000001 -0.255620 0.966777
vn -0.436861 -0.252778 0.863282
vn -0.436861 -0.252778 0.863282
vn -0.686033 -0.252777 0.682248
vn -0.682439 -0.252578 0.685916
vn -0.441460 -0.252579 0.860998
vn -0.956046 -0.252577 0.148932
vn -0.682439 -0.252578 0.685916
vn -0.686033 -0.252777 0.682248
vn -0.955191 -0.252776 0.153996
vn -0.955191 -0.252776 0.153996
vn -0.955191 -0.252776 -0.153996
vn -0.956046 -0.252577 -0.148933
vn -0.956046 -0.252577 0.148932
vn -0.682439 -0.252576 -0.685917
vn -0.956046 -0.252577 -0.148933
vn -0.955191 -0.252776 -0.153996
vn -0.686033 -0.252775 -0.682249
vn -0.686033 -0.252775 -0.682249
vn -0.436861 -0.252775 -0.863283
vn -0.441460 -0.252577 -0.860998
vn -0.682439 -0.252576 -0.685917
vn 0.153790 -0.252577 -0.955277
vn -0.441460 -0.252577 -0.860998
vn -0.436861 -0.252775 -0.863283
vn 0.148710 -0.252776 -0.956028
vn 0.148710 -0.252776 -0.956028
vn 0.441629 -0.252775 -0.860854
vn 0.437078 -0.252576 -0.863231
vn 0.153790 -0.252577 -0.955277
vn 0.847942 -0.283254 -0.448064
vn 0.437078 -0.252576 -0.863231
vn 0.441629 -0.252775 -0.860854
vn 0.850232 -0.283587 -0.443490
vn 0.335501 -0.940720 0.049855
vn 0.335501 -0.940720 0.049855
vn 0.335501 -0.940720 0.049855
vn 0.335501 -0.940720 0.049855
vn 0.290417 -0.955794 0.045998
vn 0.290417 -0.955794 0.045998
vn 0.290417 -0.955794 0.045998
vn 0.290417 -0.955794 0.045998
vn -0.143403 0.989404 -0.022713
vn -0.143403 0.989404 -0.022713
vn -0.143403 0.989404 -0.022713
vn -0.143403 0.989404 -0.022713
vn -0.121888 0.988585 -0.088558
vn -0.121888 0.988585 -0.088558
vn -0.121888 0.988585 -0.088558
vn -0.121888 0.988585 -0.088558
vn 0.334484 -0.940720 0.056269
vn 0.334484 -0.940720 0.056269
vn 0.334484 -0.940720 0.056269
vn 0.334484 -0.940720 0.056269
vn 0.136023 -0.954060 0.266958
vn 0.136023 -0.954060 0.266958
vn 0.136023 -0.954060 0.266958
vn 0.136023 -0.954060 0.266958
vn -0.065917 0.989403 -0.129369
vn -0.065917 0.989403 -0.129369
vn -0.065917 0.989403 -0.129369
vn -0.065917 0.989403 -0.129369
vn 0.046870 -0.954062 0.295922
vn 0.046870 -0.954062 0.295922
vn 0.046870 -0.954062 0.295922
vn 0.046870 -0.954062 0.295922
vn -0.022713 0.989404 -0.143404
vn -0.022713 0.989404 -0.143404
vn -0.022713 0.989404 -0.143404
vn -0.022713 0.989404 -0.143404
vn -0.046871 -0.954060 0.295928
vn -0.046871 -0.954060 0.295928
vn -0.046871 -0.954060 0.295928
vn -0.046871 -0.954060 0.295928
vn 0.022713 0.989404 -0.143404
vn 0.022713 0.989404 -0.143404
vn 0.022713 0.989404 -0.143404
vn 0.022713 0.989404 -0.143404
vn 0.088556 0.988585 -0.121889
vn 0.088556 0.988585 -0.121889
vn 0.088556 0.988585 -0.121889
vn 0.088556 0.988585 -0.121889
vn -0.182251 -0.950715 0.250848
vn -0.182251 -0.950715 0.250848
vn -0.182251 -0.950715 0.250848
vn -0.182251 -0.950715 0.250848
vn -0.266961 -0.954060 0.136023
vn -0.266961 -0.954060 0.136023
vn -0.266961 -0.954060 0.136023
vn -0.266961 -0.954060 0.136023
vn 0.129369 0.989403 -0.065916
vn 0.129369 0.989403 -0.065916
vn 0.129369 0.989403 -0.065916
vn 0.129369 0.989403 -0.065916
vn 0.150662 0.988585 0.000000
vn 0.150662 0.988585 0.000000
vn 0.150662 0.988585 0.000000
vn 0.150662 0.988585 0.000000
vn -0.310067 -0.950715 0.000000
vn -0.310067 -0.950715 0.000000
vn -0.310067 -0.950715 0.000000
vn -0.310067 -0.950715 0.000000
vn -0.266961 -0.954060 -0.136021
vn -0.266961 -0.954060 -0.136021
vn -0.266961 -0.954060 -0.136021
vn -0.266961 -0.954060 -0.136021
vn 0.129369 0.989403 0.065917
vn 0.129369 0.989403 0.065917
vn 0.129369 0.989403 0.065917
vn 0.129369 0.989403 0.065917
vn 0.088556 0.988586 0.121885
vn 0.088556 0.988586 0.121885
vn 0.088556 0.988586 0.121885
vn 0.088556 0.988586 0.121885
vn -0.182251 -0.950716 -0.250848
vn -0.182251 -0.950716 -0.250848
vn -0.182251 -0.950716 -0.250848
vn -0.182251 -0.950716 -0.250848
vn -0.046871 -0.954060 -0.295928
vn -0.046871 -0.954060 -0.295928
vn -0.046871 -0.954060 -0.295928
vn -0.046871 -0.954060 -0.295928
vn 0.022714 0.989404 0.143404
vn 0.022714 0.989404 0.143404
vn 0.022714 0.989404 0.143404
vn 0.022714 0.989404 0.143404
vn -0.046557 0.988585 0.143288
vn -0.046557 0.988585 0.143288
vn -0.046557 0.988585 0.143288
vn -0.046557 0.988585 0.143288
vn 0.095817 -0.950716 -0.294888
vn 0.095817 -0.950716 -0.294888
vn 0.095817 -0.950716 -0.294888
vn 0.095817 -0.950716 -0.294888
vn 0.211859 -0.954060 -0.211860
vn 0.211859 -0.954060 -0.211860
vn 0.211859 -0.954060 -0.211860
vn 0.211859 -0.954060 -0.211860
vn -0.102668 0.989403 0.102670
vn -0.102668 0.989403 0.102670
vn -0.102668 0.989403 0.102670
vn -0.102668 0.989403 0.102670
vn -0.143288 0.988585 0.046558
vn -0.143288 0.988585 0.046558
vn -0.143288 0.988585 0.046558
vn -0.143288 0.988585 0.046558
vn -0.707107 0.000000 0.707107
vn -0.707107 0.000000 0.707107
vn -0.707107 0.000000 0.707107
vn -0.707107 0.000000 0.707107
vn -0.309018 0.000000 0.951056
vn -0.309018 0.000000 0.951056
vn -0.309018 0.000000 0.951056
vn -0.309018 0.000000 0.951056
vn 0.156437 0.000000 0.987688
vn 0.156437 0.000000 0.987688
vn 0.156437 0.000000 0.987688
vn 0.156437 0.000000 0.987688
vn 0.587785 0.000000 0.809017
vn 0.587785 0.000000 0.809017
vn 0.587785 0.000000 0.809017
vn 0.587785 0.000000 0.809017
vn 0.891007 0.000000 0.453990
vn 0.891007 0.000000 0.453990
vn 0.891007 0.000000 0.453990
vn 0.891007 0.000000 0.453990
vn 1.000000 0.000000 0.000000
vn 1.000000 0.000000 0.000000
vn 1.000000 0.000000 0.000000
vn 1.000000 0.000000 0.000000
vn 0.891006 0.000000 -0.453992
vn 0.891006 0.000000 -0.453992
vn 0.891006 0.000000 -0.453992
vn 0.891006 0.000000 -0.453992
vn 0.587786 0.000000 -0.809016
vn 0.587786 0.000000 -0.809016
vn 0.587786 0.000000 -0.809016
vn 0.587786 0.000000 -0.809016
vn 0.156435 0.000000 -0.987688
vn 0.156435 0.000000 -0.987688
vn 0.156435 0.000000 -0.987688
vn 0.156435 0.000000 -0.987688
vn -0.156434 0.000000 -0.987688
vn -0.156434 0.000000 -0.987688
vn -0.156434 0.000000 -0.987688
vn -0.156434 0.000000 -0.987688
vn -0.453991 0.000000 -0.891006
vn -0.453991 0.000000 -0.891006
vn -0.453991 0.000000 -0.891006
vn -0.453991 0.000000 -0.891006
vn -0.809018 0.000000 -0.587784
vn -0.809018 0.000000 -0.587784
vn -0.809018 0.000000 -0.587784
vn -0.809018 0.000000 -0.587784
vn -0.987688 0.000000 -0.156434
vn -0.987688 0.000000 -0.156434
vn -0.987688 0.000000 -0.156434
vn -0.987688 0.000000 -0.156434
vn -0.951057 0.000000 0.309015
vn -0.951057 0.000000 0.309015
vn -0.951057 0.000000 0.309015
vn -0.951057 0.000000 0.309015
vn -0.118157 0.991382 0.056582
vn -0.118157 0.991382 0.056582
vn -0.118157 0.991382 0.056582
vn -0.118157 0.991382 0.056582
vn -0.049050 0.968826 0.242837
vn -0.049050 0.968826 0.242837
vn -0.049050 0.968826 0.242837
vn -0.049050 0.968826 0.242837
vn 0.061671 0.991918 0.110885
vn 0.061671 0.991918 0.110885
vn 0.061671 0.991918 0.110885
vn 0.061671 0.991918 0.110885
vn 0.076453 0.969331 0.233564
vn 0.076453 0.969331 0.233564
vn 0.076453 0.969331 0.233564
vn 0.076453 0.969331 0.233564
vn 0.316648 0.946864 -0.056415
vn 0.316648 0.946864 -0.056415
vn 0.316648 0.946864 -0.056415
vn 0.316648 0.946864 -0.056415
vn -0.144728 0.989213 0.022615
vn -0.144728 0.989213 0.022615
vn -0.144728 0.989213 0.022615
vn -0.144728 0.989213 0.022615
vn -0.281971 0.949492 0.137685
vn -0.281971 0.949492 0.137685
vn -0.281971 0.949492 0.137685
vn -0.281971 0.949492 0.137685
vn -0.170765 0.956869 0.235036
vn -0.170765 0.956869 0.235036
vn -0.170765 0.956869 0.235036
vn -0.170765 0.956869 0.235036
vn 0.178080 0.967770 0.178072
vn 0.178080 0.967770 0.178072
vn 0.178080 0.967770 0.178072
vn 0.178080 0.967770 0.178072
vn -0.030954 0.986606 0.160160
vn -0.030954 0.986606 0.160160
vn -0.030954 0.986606 0.160160
vn -0.030954 0.986606 0.160160
vn 0.136782 0.953534 0.268448
vn 0.136782 0.953534 0.268448
vn 0.136782 0.953534 0.268448
vn 0.136782 0.953534 0.268448
vn 0.149064 0.986091 0.073510
vn 0.149064 0.986091 0.073510
vn 0.149064 0.986091 0.073510
vn 0.149064 0.986091 0.073510
vn 0.000000 1.000000 0.000000
vn 0.000000 1.000000 0.000000
vn 0.000000 1.000000 0.000000
vn 0.000000 1.000000 0.000000
vn 0.022553 0.997462 0.067532
vn 0.022553 0.997462 0.067532
vn 0.022553 0.997462 0.067532
vn 0.022553 0.997462 0.067532
vn -0.237565 0.965799 0.103902
vn -0.237565 0.965799 0.103902
vn -0.237565 0.965799 0.103902
vn -0.237565 0.965799 0.103902
vn -0.139782 0.897087 0.419161
vn -0.139782 0.897087 0.419161
vn -0.139782 0.897087 0.419161
vn -0.139782 0.897087 0.419161
vn 0.167944 0.819737 0.547564
vn 0.167944 0.819737 0.547564
vn 0.167944 0.819737 0.547564
vn 0.167944 0.819737 0.547564
vn 0.218112 0.856583 0.467647
vn 0.218112 0.856583 0.467647
vn 0.218112 0.856583 0.467647
vn 0.218112 0.856583 0.467647
vn 0.574835 0.813919 0.084265
vn 0.574835 0.813919 0.084265
vn 0.574835 0.813919 0.084265
vn 0.574835 0.813919 0.084265
vn 0.580691 0.812720 -0.047796
vn 0.580691 0.812720 -0.047796
vn 0.580691 0.812720 -0.047796
vn 0.580691 0.812720 -0.047796
vn 0.408985 0.893233 -0.186723
vn 0.408985 0.893233 -0.186723
vn 0.408985 0.893233 -0.186723
vn 0.408985 0.893233 -0.186723
vn 0.288231 0.871516 -0.396714
vn 0.288231 0.871516 -0.396714
vn 0.288231 0.871516 -0.396714
vn 0.288231 0.871516 -0.396714
vn 0.233240 0.947003 -0.220874
vn 0.233240 0.947002 -0.220874
vn 0.233240 0.947003 -0.220874
vn 0.233240 0.947003 -0.220874
vn -0.123591 0.992197 0.016474
vn -0.123591 0.992197 0.016474
vn -0.123591 0.992197 0.016474
vn -0.123591 0.992197 0.016474
vn 0.000000 1.000000 0.000001
vn 0.000000 1.000000 0.000001
vn 0.000000 1.000000 0.000001
vn 0.000000 1.000000 0.000001
vn 0.038099 0.997983 -0.050771
vn 0.038099 0.997983 -0.050771
vn 0.038099 0.997983 -0.050771
vn 0.038099 0.997983 -0.050771
vn 0.000000 1.000000 0.000000
vn 0.000000 1.000000 0.000000
vn 0.000000 1.000000 0.000000
vn 0.000000 1.000000 0.000000
vn -0.103458 0.989995 0.095955
vn -0.103458 0.989995 0.095955
vn -0.103458 0.989995 0.095955
vn -0.103458 0.989995 0.095955
vn -0.067456 0.997524 0.019867
vn -0.067456 0.997524 0.019867
vn -0.067456 0.997524 0.019867
vn -0.067456 0.997524 0.019867
vn -0.020728 0.996107 -0.085682
vn -0.020728 0.996107 -0.085682
vn -0.020728 0.996107 -0.085682
vn -0.020728 0.996107 -0.085682
vn 0.083493 0.995143 -0.052145
vn 0.083493 0.995143 -0.052145
vn 0.083493 0.995143 -0.052145
vn 0.083493 0.995143 -0.052145
vn -0.151115 0.981658 -0.116239
vn -0.151115 0.981658 -0.116239
vn -0.151115 0.981658 -0.116239
vn -0.151115 0.981658 -0.116239
vn -0.147419 0.974175 -0.171031
vn -0.147419 0.974174 -0.171031
vn -0.147419 0.974175 -0.171031
vn -0.147419 0.974174 -0.171031
vn -0.111261 0.986450 -0.120573
vn -0.111261 0.986450 -0.120573
vn -0.111261 0.986450 -0.120573
vn -0.111261 0.986450 -0.120573
vn -0.150081 0.983859 0.097449
vn -0.150081 0.983859 0.097449
vn -0.150081 0.983859 0.097449
vn -0.150081 0.983859 0.097449
vn 0.150389 0.987915 -0.037512
vn 0.150389 0.987915 -0.037512
vn 0.150389 0.987915 -0.037512
vn 0.150389 0.987915 -0.037512
vn 0.114014 0.945706 -0.304371
vn 0.114014 0.945706 -0.304371
vn 0.114014 0.945706 -0.304371
vn 0.114014 0.945706 -0.304371
vn -0.167926 0.964037 -0.205993
vn -0.167926 0.964037 -0.205993
vn -0.167926 0.964037 -0.205993
vn -0.167926 0.964037 -0.205993
vn -0.121247 0.990749 -0.060952
vn -0.121247 0.990749 -0.060952
vn -0.121247 0.990749 -0.060952
vn -0.121247 0.990749 -0.060952
vn 0.150104 0.986571 0.064392
vn 0.150104 0.986571 0.064392
vn 0.150104 0.986571 0.064392
vn 0.150104 0.986571 0.064392
vn 0.062191 0.989709 -0.128873
vn 0.062191 0.989709 -0.128873
vn 0.062191 0.989709 -0.128873
vn 0.062191 0.989709 -0.128873
vn -0.177367 0.978491 0.105342
vn -0.177367 0.978491 0.105342
vn -0.177367 0.978491 0.105342
vn -0.177367 0.978491 0.105342
vn 0.446020 -0.208883 -0.870307
vn 0.883635 -0.203693 -0.421542
vn 0.880741 -0.204019 -0.427401
vn 0.442083 -0.208737 -0.872348
vn -0.050775 0.718329 0.693848
vn -0.128757 0.751857 0.646632
vn -0.354593 0.799105 0.485485
vn -0.498902 0.831871 0.243079
vn -0.230080 0.863114 0.449552
vn -0.483317 0.783619 0.390315
vn -0.698937 0.678162 0.227121
vn -0.764261 0.628237 0.145687
vn -0.369566 0.857512 0.357902
vn -0.344455 0.882274 0.320847
vn -0.416077 0.753747 0.508670
vn -0.188835 0.778033 0.599171
vn -0.161180 0.902384 0.399655
vn -0.241183 0.898402 0.367021
vn -0.453930 0.729047 0.512286
vn -0.361541 0.831552 0.421674
vn -0.474288 0.739394 0.477857
vn -0.409439 0.880637 0.238409
vn -0.652380 0.709969 0.265226
vn -0.470994 0.867971 0.157453
vn -0.412584 0.606094 0.680018
vn -0.202844 0.527458 0.825010
vn -0.516889 0.647223 0.560293
vn -0.631771 0.572448 0.522656
vn -0.815467 0.443525 0.371887
vn -0.377174 0.693147 0.614237
vn -0.172107 0.664438 0.727256
vn -0.729516 0.615733 0.297791
vn -0.587481 0.669416 0.454695
vn -0.444074 0.770649 0.457055
vn -0.520037 0.674163 0.524468
vn -0.515876 0.731356 0.446084
vn -0.489658 0.850415 0.192429
vn -0.354477 0.934079 -0.042926
vn -0.386695 0.875165 0.290781
vn -0.477434 0.877992 0.034446
vn -0.464145 0.848561 -0.253996
vn -0.435375 0.823692 -0.363292
vn -0.381706 0.915272 0.128755
vn -0.334152 0.932651 0.136032
vn -0.546907 0.824897 0.142963
vn -0.503238 0.776168 0.379888
vn -0.303788 0.893634 0.330349
vn -0.317911 0.915171 0.247781
vn -0.572711 0.812645 0.107751
vn -0.434967 0.885770 0.161913
vn -0.552697 0.829910 0.075995
vn -0.298051 0.953723 0.039733
vn -0.468268 0.863415 -0.187719
vn -0.262874 0.963200 -0.056061
vn -0.709492 0.676866 0.196148
vn -0.734426 0.533357 0.419701
vn -0.656498 0.751917 0.060268
vn -0.693607 0.716710 -0.072361
vn -0.677441 0.654840 -0.335050
vn -0.624165 0.751544 0.213540
vn -0.617918 0.658180 0.430088
vn -0.547912 0.795700 -0.258172
vn -0.600565 0.798235 -0.046280
vn -0.515419 0.851343 0.097771
vn 0.567544 -0.639529 -0.518552
vn 0.567544 -0.639530 -0.518552
vn 0.622125 -0.620844 -0.476984
vn 0.603341 -0.627755 -0.491837
vn -0.245951 -0.743760 0.621554
vn -0.245951 -0.743760 0.621554
vn -0.207794 -0.722957 0.658905
vn -0.207987 -0.723066 0.658723
vn -0.656810 0.599418 0.457491
vn -0.656810 0.599418 0.457491
vn -0.688345 0.584811 0.429160
vn -0.704655 0.576509 0.413642
vn 0.165074 0.705440 -0.689279
vn 0.165074 0.705440 -0.689279
vn 0.125073 0.679628 -0.722816
vn 0.124203 0.679044 -0.723514
vn 0.736480 -0.560765 -0.378337
vn 0.746977 -0.555595 -0.365158
vn -0.082693 -0.638368 0.765277
vn -0.087382 -0.641369 0.762240
vn -0.811414 0.502776 0.298033
vn -0.802361 0.509013 0.311645
vn 0.009949 0.591157 -0.806495
vn 0.005975 0.588257 -0.808652
vn 0.698218 -0.578812 -0.421269
vn 0.698784 -0.578528 -0.420721
vn -0.134346 -0.671080 0.729111
vn -0.131434 -0.669177 0.731388
vn -0.784071 0.517776 0.342258
vn -0.784253 0.517522 0.342226
vn 0.039686 0.608607 -0.792479
vn 0.039407 0.607454 -0.793377
vn 0.661581 -0.595907 -0.455198
vn -0.169290 -0.693133 0.700648
vn -0.795282 0.501808 0.340169
vn 0.035871 0.592762 -0.804578
vn -0.475589 0.781078 0.404640
vn -0.482683 0.817272 0.314776
vn -0.490829 0.870404 0.038529
vn -0.387501 0.894000 -0.224958
vn -0.377726 0.918827 0.114368
vn -0.498446 0.858340 -0.121674
vn -0.518702 0.758953 -0.393623
vn -0.502372 0.708060 -0.496260
vn -0.393422 0.917894 -0.051874
vn -0.345931 0.936647 -0.054992
vn -0.552697 0.833372 0.004239
vn -0.479505 0.844472 0.238627
vn -0.291350 0.946655 0.137696
vn -0.315919 0.947204 0.054767
vn -0.582099 0.812779 -0.023458
vn -0.441352 0.897313 -0.006211
vn -0.566598 0.821756 -0.060686
vn -0.322290 0.933494 -0.157221
vn -0.515373 0.789633 -0.332972
vn -0.299121 0.919225 -0.256031
vn -0.702834 0.702551 0.111565
vn -0.696204 0.618324 0.364657
vn -0.668918 0.742034 -0.043979
vn -0.720410 0.675220 -0.158394
vn -0.733676 0.550724 -0.398024
vn -0.618541 0.779420 0.099555
vn -0.583449 0.742155 0.329838
vn -0.600587 0.706484 -0.374401
vn -0.627644 0.760885 -0.164675
vn -0.527713 0.847975 -0.049572
vn 0.000000 0.019722 -0.999806
vn 0.000000 0.019722 -0.999806
vn 0.000000 0.019722 -0.999806
vn -0.865866 0.019721 -0.499888
vn -0.865866 0.019721 -0.499888
vn -0.865866 0.019721 -0.499888
vn -0.865862 0.019722 0.499894
vn -0.865862 0.019722 0.499894
vn -0.865862 0.019722 0.499894
vn 0.000000 0.019722 0.999806
vn 0.000000 0.019722 0.999806
vn 0.000000 0.019722 0.999806
vn 0.865860 0.019722 0.499897
vn 0.865860 0.019722 0.499897
vn 0.865860 0.019722 0.499897
vn 0.865857 0.019722 -0.499903
vn 0.865857 0.019722 -0.499903
vn 0.865857 0.019722 -0.499903
vn 0.666800 0.730470 -0.147620
vn 0.634359 0.770286 -0.065175
vn 0.518094 0.835593 0.182655
vn 0.306935 0.877763 0.367863
vn 0.456847 0.887352 0.062418
vn 0.449950 0.830537 0.328259
vn 0.334726 0.742825 0.579802
vn 0.269025 0.697869 0.663781
vn 0.393900 0.893177 0.216975
vn 0.351923 0.914961 0.197477
vn 0.554114 0.796432 0.242188
vn 0.598469 0.801146 0.000469
vn 0.393397 0.919368 0.001343
vn 0.376873 0.922246 0.086194
vn 0.565743 0.775364 0.280617
vn 0.455776 0.867563 0.199003
vn 0.535540 0.787007 0.306295
vn 0.283608 0.918027 0.277114
vn 0.362121 0.770804 0.524147
vn 0.216428 0.909828 0.354079
vn 0.726352 0.651710 0.218373
vn 0.830886 0.556387 -0.007856
vn 0.627586 0.700410 0.339944
vn 0.615171 0.635924 0.466009
vn 0.506763 0.522116 0.685993
vn 0.652179 0.734137 0.188961
vn 0.724623 0.688455 -0.030849
vn 0.411955 0.684557 0.601395
vn 0.536836 0.727372 0.427478
vn 0.508305 0.815043 0.278084
vn -0.433700 0.781081 -0.449240
vn -0.344468 0.817271 -0.461962
vn -0.069267 0.870406 -0.487438
vn 0.200194 0.894000 -0.400856
vn -0.137867 0.918828 -0.369796
vn 0.090130 0.858341 -0.505102
vn 0.360270 0.758949 -0.542403
vn 0.463728 0.708060 -0.532549
vn 0.027069 0.917896 -0.395897
vn 0.033163 0.936649 -0.348696
vn -0.038940 0.833371 -0.551341
vn -0.268266 0.844472 -0.463573
vn -0.155715 0.946657 -0.282124
vn -0.074493 0.947205 -0.311854
vn -0.013144 0.812777 -0.582426
vn -0.021520 0.897311 -0.440874
vn 0.024987 0.821757 -0.569289
vn 0.136670 0.933494 -0.331526
vn 0.299952 0.789636 -0.535261
vn 0.236739 0.919226 -0.314607
vn -0.155483 0.702548 -0.694443
vn -0.407661 0.618318 -0.671934
vn 0.001887 0.742031 -0.670363
vn 0.112845 0.675220 -0.728933
vn 0.351170 0.550728 -0.757217
vn -0.138202 0.779421 -0.611067
vn -0.365828 0.742156 -0.561581
vn 0.335947 0.706483 -0.622913
vn 0.124934 0.760884 -0.636748
vn 0.016337 0.847977 -0.529781
vn -0.722494 0.690585 0.033096
vn -0.682146 0.729764 -0.046071
vn -0.539024 0.794534 -0.279586
vn -0.308666 0.844277 -0.438089
vn -0.496966 0.853872 -0.154682
vn -0.452531 0.789263 -0.415066
vn -0.300864 0.701225 -0.646347
vn -0.222329 0.657950 -0.719494
vn -0.415102 0.858836 -0.300151
vn -0.377358 0.883869 -0.276365
vn -0.564691 0.751283 -0.341610
vn -0.640005 0.760768 -0.107822
vn -0.443925 0.891791 -0.087401
vn -0.416814 0.893044 -0.169526
vn -0.570001 0.728314 -0.380339
vn -0.477140 0.829890 -0.289173
vn -0.537488 0.741056 -0.402420
vn -0.299654 0.888793 -0.346777
vn -0.336809 0.729135 -0.595753
vn -0.222757 0.882491 -0.414234
vn -0.729648 0.596659 -0.334085
vn -0.856587 0.502017 -0.119323
vn -0.619126 0.647720 -0.444007
vn -0.586765 0.580220 -0.564847
vn -0.444360 0.466712 -0.764672
vn -0.664918 0.684547 -0.298796
vn -0.762213 0.641277 -0.088290
vn -0.371066 0.637471 -0.675234
vn -0.519627 0.677664 -0.520346
vn -0.515835 0.771647 -0.372123
vn 0.666789 0.730481 -0.147614
vn 0.634361 0.770284 -0.065184
vn 0.518089 0.835595 0.182661
vn 0.306927 0.877766 0.367863
vn 0.456846 0.887354 0.062413
vn 0.449954 0.830536 0.328255
vn 0.334731 0.742822 0.579803
vn 0.269021 0.697876 0.663775
vn 0.393901 0.893176 0.216977
vn 0.351920 0.914961 0.197480
vn 0.554112 0.796433 0.242186
vn 0.598468 0.801147 0.000471
vn 0.393392 0.919370 0.001350
vn 0.376868 0.922247 0.086201
vn 0.565740 0.775365 0.280619
vn 0.455770 0.867567 0.199003
vn 0.535538 0.787010 0.306292
vn 0.283600 0.918030 0.277112
vn 0.362119 0.770806 0.524144
vn 0.216422 0.909831 0.354075
vn 0.726354 0.651709 0.218368
vn 0.830888 0.556384 -0.007860
vn 0.627588 0.700410 0.339940
vn 0.615167 0.635924 0.466016
vn 0.506761 0.522121 0.685990
vn 0.652183 0.734134 0.188956
vn 0.724626 0.688451 -0.030854
vn 0.411953 0.684554 0.601399
vn 0.536836 0.727370 0.427481
vn 0.508307 0.815041 0.278088
vn -0.106459 -0.705641 -0.700527
vn -0.106459 -0.705641 -0.700527
vn -0.016971 -0.711114 -0.702872
vn -0.047870 -0.709872 -0.702702
vn -0.104645 -0.709675 0.696714
vn -0.104645 -0.709675 0.696714
vn -0.035986 -0.707903 0.705393
vn -0.029616 -0.707567 0.706026
vn -0.042883 0.703507 0.709394
vn -0.042883 0.703507 0.709394
vn -0.100370 0.701551 0.705515
vn -0.129645 0.699650 0.702625
vn -0.040648 0.707615 -0.705428
vn -0.040648 0.707615 -0.705428
vn -0.117393 0.697440 -0.706962
vn -0.112795 0.698171 -0.706990
vn 0.194732 -0.695686 -0.691448
vn 0.218696 -0.694157 -0.685797
vn 0.208668 -0.672042 0.710505
vn 0.195493 -0.674539 0.711884
vn -0.348847 0.661355 0.664015
vn -0.326688 0.665070 0.671533
vn -0.321888 0.646591 -0.691598
vn -0.332545 0.643484 -0.689451
vn 0.118257 -0.699322 -0.704957
vn 0.121759 -0.699105 -0.704576
vn 0.117597 -0.687360 0.716733
vn 0.119060 -0.687133 0.716710
vn -0.284381 0.667900 0.687777
vn -0.285280 0.667284 0.688002
vn -0.279017 0.655456 -0.701803
vn -0.279433 0.655156 -0.701918
vn 0.050789 -0.701787 -0.710575
vn 0.050380 -0.696171 0.716106
vn -0.303426 0.654629 0.692383
vn -0.297545 0.641864 -0.706737
vn 0.110142 -0.832775 -0.542544
vn 0.110142 -0.832775 -0.542544
vn 0.175524 -0.838869 -0.515258
vn 0.152687 -0.837214 -0.525127
vn -0.383498 -0.550422 0.741596
vn -0.383498 -0.550422 0.741596
vn -0.332630 -0.547553 0.767817
vn -0.332887 -0.547572 0.767692
vn -0.219476 0.834272 0.505787
vn -0.219476 0.834272 0.505787
vn -0.259843 0.834275 0.486279
vn -0.281235 0.833588 0.475434
vn 0.280742 0.549773 -0.786724
vn 0.280742 0.549773 -0.786723
vn 0.227040 0.543257 -0.808285
vn 0.225862 0.543095 -0.808724
vn 0.323925 -0.832613 -0.449253
vn 0.338365 -0.832249 -0.439170
vn -0.162685 -0.523728 0.836207
vn -0.168760 -0.524453 0.834547
vn -0.432633 0.811348 0.393120
vn -0.418915 0.813290 0.403818
vn 0.069529 0.511991 -0.856173
vn 0.064319 0.511062 -0.857134
vn 0.272826 -0.833079 -0.481191
vn 0.273568 -0.833059 -0.480804
vn -0.230104 -0.531452 0.815237
vn -0.226220 -0.530958 0.816645
vn -0.392097 0.813812 0.428916
vn -0.392371 0.813662 0.428951
vn 0.106200 0.515024 -0.850572
vn 0.105263 0.514081 -0.851258
vn 0.225676 -0.833152 -0.504904
vn -0.276631 -0.536691 0.797144
vn -0.409122 0.804252 0.431042
vn 0.093393 0.502057 -0.859777
vn -0.105450 0.730479 -0.674745
vn -0.025211 0.770291 -0.637194
vn 0.214830 0.835596 -0.505597
vn 0.386408 0.877764 -0.283230
vn 0.090972 0.887348 -0.452038
vn 0.355865 0.830537 -0.428448
vn 0.599670 0.742831 -0.297654
vn 0.679369 0.697864 -0.226810
vn 0.241278 0.893175 -0.379503
vn 0.219187 0.914959 -0.338833
vn 0.276503 0.796433 -0.537811
vn 0.038052 0.801144 -0.597261
vn 0.026053 0.919366 -0.392540
vn 0.109696 0.922244 -0.370719
vn 0.315589 0.775364 -0.547005
vn 0.227228 0.867562 -0.442383
vn 0.339321 0.787007 -0.515248
vn 0.294373 0.918030 -0.265641
vn 0.545847 0.770810 -0.328486
vn 0.366964 0.909832 -0.193762
vn 0.263550 0.651717 -0.711200
vn 0.044328 0.556393 -0.829736
vn 0.378686 0.700412 -0.604997
vn 0.503727 0.635920 -0.584692
vn 0.716467 0.522115 -0.462679
vn 0.229542 0.734136 -0.639026
vn 0.014710 0.688456 -0.725129
vn 0.626084 0.684552 -0.373373
vn 0.460349 0.727373 -0.508928
vn 0.309454 0.815044 -0.489838
s 1
g Nut1:plant Nut1:Nut
usemtl lambert65SG
f 1/1/1 2/2/2 7/3/3 6/4/4
s 2
f 2/2/5 3/5/6 8/6/7 7/3/8
s 3
f 3/5/9 4/15/10 9/16/11 8/6/12
s 4
f 4/15/13 1/17/14 6/18/15 9/16/16
s 1
f 6/4/4 7/3/3 11/7/17 10/8/18
s 2
f 7/3/8 8/6/7 12/9/19 11/7/20
s 3
f 8/6/12 9/16/11 13/19/21 12/9/22
s 4
f 9/16/16 6/18/15 10/20/23 13/19/24
s 1
f 10/8/18 11/7/17 15/10/25 14/11/26
s 2
f 11/7/20 12/9/19 16/12/27 15/10/28
s 3
f 12/9/22 13/19/21 17/21/29 16/12/30
s 4
f 13/19/24 10/20/23 14/22/31 17/21/32
s 1
f 14/11/26 15/10/25 5/13/33
s 2
f 15/10/28 16/12/27 5/13/34
s 3
f 16/12/30 17/21/29 5/13/35
s 4
f 17/14/32 14/11/31 5/13/36
s 5
f 18/23/37 19/24/38 24/25/39 23/26/40
s 6
f 19/27/41 20/28/42 25/29/43 24/30/44
s 7
f 20/28/45 21/31/46 26/32/47 25/29/48
s 8
f 21/31/49 18/23/50 23/26/51 26/32/52
s 5
f 23/26/40 24/25/39 28/33/53 27/34/54
s 6
f 24/30/44 25/29/43 29/35/55 28/36/56
s 7
f 25/29/48 26/32/47 30/37/57 29/35/58
s 8
f 26/32/52 23/26/51 27/34/59 30/37/60
s 5
f 27/34/54 28/33/53 32/38/61 31/39/62
s 6
f 28/36/56 29/35/55 33/40/63 32/41/64
s 7
f 29/35/58 30/37/57 34/42/65 33/40/66
s 8
f 30/37/60 27/34/59 31/39/67 34/42/68
s 5
f 31/39/62 32/38/61 22/43/69
s 6
f 32/41/64 33/40/63 22/43/70
s 7
f 33/40/66 34/42/65 22/43/71
s 8
f 34/42/68 31/39/67 22/43/72
s 9
f 35/44/73 36/45/74 41/46/75 40/47/76
s 10
f 36/45/77 37/48/78 42/49/79 41/46/80
s 11
f 37/48/81 38/50/82 43/51/83 42/49/84
s 12
f 38/50/85 35/52/86 40/53/87 43/51/88
s 9
f 40/47/76 41/46/75 45/54/89 44/55/90
s 10
f 41/46/80 42/49/79 46/56/91 45/54/92
s 11
f 42/49/84 43/51/83 47/57/93 46/56/94
s 12
f 43/51/88 40/53/87 44/58/95 47/57/96
s 9
f 44/55/90 45/54/89 49/59/97 48/60/98
s 10
f 45/54/92 46/56/91 50/61/99 49/59/100
s 11
f 46/56/94 47/57/93 51/62/101 50/61/102
s 12
f 47/57/96 44/58/95 48/63/103 51/62/104
s 9
f 48/60/98 49/59/97 39/64/105
s 10
f 49/59/100 50/61/99 39/64/106
s 11
f 50/61/102 51/62/101 39/64/107
s 12
f 51/62/104 48/63/103 39/64/108
s 13
f 52/65/109 77/66/110 78/67/111 58/68/112
f 60/69/113 80/70/114 81/71/115 54/72/116
f 58/68/112 78/67/111 79/73/117 56/74/118
f 56/74/118 79/73/117 80/70/114 60/69/113
f 63/75/119 62/76/120 53/77/121 59/78/122
f 64/79/123 63/75/119 59/78/122 57/80/124
f 65/81/125 64/79/123 57/80/124 61/82/126
f 66/83/127 65/81/125 61/82/126 55/84/128
f 72/85/129 73/86/130 62/76/120 63/75/119
f 76/87/131 72/85/129 63/75/119 64/79/123
f 75/88/132 76/87/131 64/79/123 65/81/125
f 74/89/133 75/88/132 65/81/125 66/83/127
f 68/90/134 67/91/135 73/86/130 72/85/129
f 71/92/136 70/93/137 75/88/132 74/89/133
f 70/93/137 69/94/138 76/87/131 75/88/132
f 69/94/138 68/90/134 72/85/129 76/87/131
f 78/67/111 77/66/110 67/91/135 68/90/134
f 79/73/117 78/67/111 68/90/134 69/94/138
f 80/70/114 79/73/117 69/94/138 70/93/137
f 81/71/115 80/70/114 70/93/137 71/92/136
s 16
f 82/95/139 83/96/140 88/97/141 87/98/142
s 17
f 83/96/143 84/99/144 89/100/145 88/97/146
s 18
f 84/99/147 85/101/148 90/102/149 89/100/150
s 19
f 85/101/151 82/103/152 87/104/153 90/102/154
s 16
f 87/98/142 88/97/141 92/105/155 91/106/156
s 17
f 88/97/146 89/100/145 93/107/157 92/105/158
s 18
f 89/100/150 90/102/149 94/108/159 93/107/160
s 19
f 90/102/154 87/104/153 91/109/161 94/108/162
s 16
f 91/106/156 92/105/155 96/110/163 95/111/164
s 17
f 92/105/158 93/107/157 97/112/165 96/110/166
s 18
f 93/107/160 94/108/159 98/113/167 97/112/168
s 19
f 94/108/162 91/109/161 95/114/169 98/113/170
s 16
f 95/111/164 96/110/163 86/115/171
s 17
f 96/110/166 97/112/165 86/115/172
s 18
f 97/112/168 98/113/167 86/115/173
s 19
f 98/113/170 95/114/169 86/115/174
s 20
f 99/116/175 124/117/176 125/118/177 105/119/178
f 107/120/179 127/121/180 128/122/181 101/123/182
f 105/119/178 125/118/177 126/124/183 103/125/184
f 103/125/184 126/124/183 127/121/180 107/120/179
f 110/126/185 109/127/186 100/128/187 106/129/188
f 111/130/189 110/126/185 106/129/188 104/131/190
f 112/132/191 111/130/189 104/131/190 108/133/192
f 113/134/193 112/132/191 108/133/192 102/135/194
f 119/136/195 120/137/196 109/127/186 110/126/185
f 123/138/197 119/136/195 110/126/185 111/130/189
f 122/139/198 123/138/197 111/130/189 112/132/191
f 121/140/199 122/139/198 112/132/191 113/134/193
f 115/141/200 114/142/201 120/137/196 119/136/195
f 118/143/202 117/144/203 122/139/198 121/140/199
f 117/144/203 116/145/204 123/138/197 122/139/198
f 116/145/204 115/141/200 119/136/195 123/138/197
f 125/118/177 124/117/176 114/142/201 115/141/200
f 126/124/183 125/118/177 115/141/200 116/145/204
f 127/121/180 126/124/183 116/145/204 117/144/203
f 128/122/181 127/121/180 117/144/203 118/143/202
s 23
f 129/146/205 130/147/206 135/148/207 134/149/208
s 24
f 130/147/209 131/150/210 136/151/211 135/148/212
s 25
f 131/150/213 132/152/214 137/153/215 136/151/216
s 26
f 132/152/217 129/154/218 134/155/219 137/153/220
s 23
f 134/149/208 135/148/207 139/156/221 138/157/222
s 24
f 135/148/212 136/151/211 140/158/223 139/156/224
s 25
f 136/151/216 137/153/215 141/159/225 140/158/226
s 26
f 137/160/220 134/149/219 138/157/227 141/161/228
s 23
f 138/157/222 139/156/221 143/162/229 142/163/230
s 24
f 139/156/224 140/158/223 144/164/231 143/162/232
s 25
f 140/158/226 141/159/225 145/165/233 144/164/234
s 26
f 141/161/228 138/157/227 142/163/235 145/166/236
s 23
f 142/163/230 143/162/229 133/167/237
s 24
f 143/162/232 144/164/231 133/167/238
s 25
f 144/164/234 145/165/233 133/167/239
s 26
f 145/166/236 142/163/235 133/167/240
s 27
f 146/168/241 147/169/242 152/170/243 151/171/244
s 28
f 147/169/245 148/172/246 153/173/247 152/170/248
s 29
f 148/172/249 149/174/250 154/175/251 153/173/252
s 30
f 149/174/253 146/176/254 151/177/255 154/175/256
s 27
f 151/171/244 152/170/243 156/178/257 155/179/258
s 28
f 152/170/248 153/173/247 157/180/259 156/178/260
s 29
f 153/173/252 154/175/251 158/181/261 157/180/262
s 30
f 154/175/256 151/177/255 155/182/263 158/181/264
s 27
f 155/179/258 156/178/257 160/183/265 159/184/266
s 28
f 156/178/260 157/180/259 161/185/267 160/183/268
s 29
f 157/180/262 158/181/261 162/186/269 161/185/270
s 30
f 158/181/264 155/182/263 159/187/271 162/186/272
s 27
f 159/184/266 160/183/265 150/188/273
s 28
f 160/183/268 161/185/267 150/188/274
s 29
f 161/185/270 162/186/269 150/188/275
s 30
f 162/186/272 159/187/271 150/188/276
s 31
f 163/189/277 188/190/278 189/191/279 169/192/280
f 171/193/281 191/194/282 192/195/283 165/196/284
f 169/192/280 189/191/279 190/197/285 167/198/286
f 167/198/286 190/197/285 191/194/282 171/193/281
f 174/199/287 173/200/288 164/201/289 170/202/290
f 175/203/291 174/199/287 170/202/290 168/204/292
f 176/205/293 175/203/291 168/204/292 172/206/294
f 177/207/295 176/205/293 172/206/294 166/208/296
f 183/209/297 184/210/298 173/200/288 174/199/287
f 187/211/299 183/209/297 174/199/287 175/203/291
f 186/212/300 187/211/299 175/203/291 176/205/293
f 185/213/301 186/212/300 176/205/293 177/207/295
f 179/214/302 178/215/303 184/210/298 183/209/297
f 182/216/304 181/217/305 186/212/300 185/213/301
f 181/217/305 180/218/306 187/211/299 186/212/300
f 180/218/306 179/214/302 183/209/297 187/211/299
f 189/191/279 188/190/278 178/215/303 179/214/302
f 190/197/285 189/191/279 179/214/302 180/218/306
f 191/194/282 190/197/285 180/218/306 181/217/305
f 192/195/283 191/194/282 181/217/305 182/216/304
s 34
f 194/219/307 195/220/308 199/221/309 198/222/310
s 35
f 195/220/311 193/223/312 197/224/313 199/221/314
s 34
f 198/222/310 199/221/309 202/225/315 201/226/316
s 35
f 199/221/314 197/224/313 200/227/317 202/225/318
s 34
f 201/226/316 202/225/315 205/228/319 204/229/320
s 35
f 202/225/318 200/227/317 203/230/321 205/228/322
s 34
f 204/229/320 205/228/319 196/231/323
s 35
f 205/228/322 203/230/321 196/231/324
s 36
f 206/232/325 207/233/326 212/234/327 211/235/328
s 37
f 207/233/329 208/236/330 213/237/331 212/234/332
s off
f 208/236/333 209/238/334 214/239/335 213/237/336
s 38
f 209/240/337 206/232/338 211/235/339 214/241/340
s 36
f 211/235/328 212/234/327 216/242/341 215/243/342
s 37
f 212/234/332 213/237/331 217/244/343 216/242/344
s 38
f 214/241/340 211/235/339 215/243/345 218/245/346
s 36
f 215/243/342 216/242/341 220/246/347 219/247/348
s 37
f 216/242/344 217/244/343 221/248/349 220/246/350
s 39
f 217/244/351 218/249/352 222/250/353 221/248/354
s 38
f 218/245/346 215/243/345 219/247/355 222/251/356
s 36
f 219/247/348 220/246/347 210/252/357
s 37
f 220/246/350 221/248/349 210/252/358
s 39
f 221/248/354 222/250/353 210/252/359
s 38
f 222/251/356 219/247/355 210/252/360
s 40
f 223/253/361 248/254/362 249/255/363 229/256/364
f 231/257/365 251/258/366 252/259/367 225/260/368
f 229/256/364 249/255/363 250/261/369 227/262/370
f 227/262/370 250/261/369 251/258/366 231/257/365
f 234/263/371 233/264/372 224/265/373 230/266/374
f 235/267/375 234/263/371 230/266/374 228/268/376
f 236/269/377 235/267/375 228/268/376 232/270/378
f 237/271/379 236/269/377 232/270/378 226/272/380
f 243/273/381 244/274/382 233/264/372 234/263/371
f 247/275/383 243/273/381 234/263/371 235/267/375
f 246/276/384 247/275/383 235/267/375 236/269/377
f 245/277/385 246/276/384 236/269/377 237/271/379
f 239/278/386 238/279/387 244/274/382 243/273/381
f 242/280/388 241/281/389 246/276/384 245/277/385
f 241/281/389 240/282/390 247/275/383 246/276/384
f 240/282/390 239/278/386 243/273/381 247/275/383
f 249/255/363 248/254/362 238/279/387 239/278/386
f 250/261/369 249/255/363 239/278/386 240/282/390
f 251/258/366 250/261/369 240/282/390 241/281/389
f 252/259/367 251/258/366 241/281/389 242/280/388
s off
f 293/283/391 254/284/392 255/285/393 292/286/394
f 255/285/395 256/287/396 291/288/397 292/286/398
f 291/288/399 256/287/400 257/289/401 290/290/402
f 257/291/403 258/292/404 289/293/405 290/294/406
f 289/293/407 258/292/408 259/295/409 288/296/410
f 259/295/411 260/297/412 287/298/413 288/296/414
f 287/298/415 260/297/416 261/299/417 286/300/418
f 261/299/419 262/301/420 285/302/421 286/300/422
f 262/301/423 263/303/424 284/304/425 285/302/426
f 263/303/427 264/305/428 283/306/429 284/304/430
f 283/306/431 264/305/432 265/307/433 282/308/434
f 265/307/435 266/309/436 281/310/437 282/308/438
f 281/310/439 266/309/440 253/311/441 294/312/442
f 365/313/443 366/314/444 367/315/445
f 367/315/446 366/314/447 368/316/448
f 368/316/449 369/317/450 367/315/451
f 367/315/452 369/317/453 370/318/454
f 370/318/455 371/319/456 367/315/457
f 367/315/458 371/319/459 372/320/460
f 372/320/461 373/321/462 367/315/463
f 367/315/464 373/321/465 374/322/466
f 374/322/467 375/323/468 367/315/469
f 375/323/470 376/324/471 367/315/472
f 376/324/473 377/325/474 367/315/475
f 367/315/476 377/325/477 378/326/478
f 378/326/479 379/327/480 367/315/481
f 367/315/482 379/327/483 365/313/484
f 296/328/485 295/329/486 321/330/487 322/331/488
f 297/332/489 295/329/490 296/328/491 298/333/492
f 298/333/493 300/334/494 299/335/495 297/332/496
f 301/336/497 299/335/498 300/334/499 302/337/500
f 303/338/501 301/336/502 302/337/503 304/339/504
f 305/340/505 303/338/506 304/339/507 306/341/508
f 306/341/509 308/342/510 307/343/511 305/340/512
f 309/344/513 307/343/514 308/342/515 310/345/516
f 310/345/517 312/346/518 311/347/519 309/344/520
f 313/348/521 311/347/522 312/346/523 314/349/524
f 314/349/525 316/350/526 315/351/527 313/348/528
f 317/352/529 315/351/530 316/350/531 318/353/532
f 318/353/533 320/354/534 319/355/535 317/352/536
f 321/330/537 319/355/538 320/354/539 322/331/540
f 295/329/541 281/356/542 294/357/543 321/330/544
f 282/358/545 281/356/546 295/329/547 297/332/548
f 280/359/549 279/360/550 298/361/551 296/362/552
f 298/361/553 279/360/554 278/363/555 300/364/556
f 297/332/557 299/335/558 283/365/559 282/358/560
f 284/366/561 283/365/562 299/335/563 301/336/564
f 278/363/565 277/367/566 302/368/567 300/364/568
f 285/369/569 284/366/570 301/336/571 303/338/572
f 277/367/573 276/370/574 304/371/575 302/368/576
f 286/372/577 285/369/578 303/338/579 305/340/580
f 276/370/581 275/373/582 306/374/583 304/371/584
f 306/374/585 275/373/586 274/375/587 308/376/588
f 305/340/589 307/343/590 287/377/591 286/372/592
f 288/378/593 287/377/594 307/343/595 309/344/596
f 274/375/597 273/379/598 310/380/599 308/376/600
f 310/380/601 273/379/602 272/381/603 312/382/604
f 309/344/605 311/347/606 289/383/607 288/378/608
f 290/384/609 289/383/610 311/347/611 313/348/612
f 272/381/613 271/385/614 314/386/615 312/382/616
f 314/386/617 271/385/618 270/387/619 316/388/620
f 313/348/621 315/351/622 291/389/623 290/384/624
f 292/390/625 291/389/626 315/351/627 317/352/628
f 270/387/629 269/391/630 318/392/631 316/388/632
f 318/392/633 269/391/634 268/393/635 320/394/636
f 317/352/637 319/355/638 293/395/639 292/390/640
f 294/357/641 293/395/642 319/355/643 321/330/644
f 268/393/645 267/396/646 322/397/647 320/394/648
f 296/362/649 322/397/650 267/396/651 280/359/652
f 267/396/653 268/393/654 324/398/655 323/399/656
f 268/393/657 269/391/658 325/400/659 324/398/660
f 269/391/661 270/387/662 326/401/663 325/400/664
f 270/387/665 271/385/666 327/402/667 326/401/668
f 271/385/669 272/381/670 328/403/671 327/402/672
f 272/381/673 273/379/674 329/404/675 328/403/676
f 273/379/677 274/375/678 330/405/679 329/404/680
f 274/375/681 275/373/682 331/406/683 330/405/684
f 275/373/685 276/370/686 332/407/687 331/406/688
f 276/370/689 277/367/690 333/408/691 332/407/692
f 277/367/693 278/363/694 334/409/695 333/408/696
f 278/363/697 279/360/698 335/410/699 334/409/700
f 279/360/701 280/359/702 336/411/703 335/410/704
f 280/359/705 267/396/706 323/399/707 336/411/708
f 323/399/709 324/398/710 338/412/711 337/413/712
f 324/398/713 325/400/714 339/414/715 338/412/716
f 325/400/717 326/401/718 340/415/719 339/414/720
f 326/401/721 327/402/722 341/416/723 340/415/724
f 327/402/725 328/403/726 342/417/727 341/416/728
f 328/403/729 329/404/730 343/418/731 342/417/732
f 329/404/733 330/405/734 344/419/735 343/418/736
f 330/405/737 331/406/738 345/420/739 344/419/740
f 331/406/741 332/407/742 346/421/743 345/420/744
f 332/407/745 333/408/746 347/422/747 346/421/748
f 333/408/749 334/409/750 348/423/751 347/422/752
f 334/409/753 335/410/754 349/424/755 348/423/756
f 335/410/757 336/411/758 350/425/759 349/424/760
f 336/411/761 323/399/762 337/413/763 350/425/764
f 337/413/765 338/412/766 352/426/767 351/427/768
f 338/412/769 339/414/770 353/428/771 352/426/772
f 339/414/773 340/415/774 354/429/775 353/428/776
f 340/415/777 341/416/778 355/430/779 354/429/780
f 341/416/781 342/417/782 356/431/783 355/430/784
f 342/417/785 343/418/786 357/432/787 356/431/788
f 343/418/789 344/419/790 358/433/791 357/432/792
f 344/419/793 345/420/794 359/434/795 358/433/796
f 345/420/797 346/421/798 360/435/799 359/434/800
f 346/421/801 347/422/802 361/436/803 360/435/804
f 347/422/805 348/423/806 362/437/807 361/436/808
f 348/423/809 349/424/810 363/438/811 362/437/812
f 349/424/813 350/425/814 364/439/815 363/438/816
f 350/425/817 337/413/818 351/427/819 364/439/820
f 351/427/821 352/426/822 366/314/823 365/313/824
f 352/426/825 353/428/826 368/316/827 366/314/828
f 353/428/829 354/429/830 369/317/831 368/316/832
f 354/429/833 355/430/834 370/318/835 369/317/836
f 355/430/837 356/431/838 371/319/839 370/318/840
f 356/431/841 357/432/842 372/320/843 371/319/844
f 357/432/845 358/433/846 373/321/847 372/320/848
f 358/433/849 359/434/850 374/322/851 373/321/852
f 359/434/853 360/435/854 375/323/855 374/322/856
f 360/435/857 361/436/858 376/324/859 375/323/860
f 361/436/861 362/437/862 377/325/863 376/324/864
f 362/437/865 363/438/866 378/326/867 377/325/868
f 363/438/869 364/439/870 379/327/871 378/326/872
f 364/439/873 351/427/874 365/313/875 379/327/876
f 293/283/877 294/312/878 253/311/879 254/284/880
s 43
f 380/440/881 405/441/882 406/442/883 386/443/884
f 388/444/885 408/445/886 409/446/887 382/447/888
f 386/443/884 406/442/883 407/448/889 384/449/890
f 384/449/890 407/448/889 408/445/886 388/444/885
f 391/450/891 390/451/892 381/452/893 387/453/894
f 392/454/895 391/450/891 387/453/894 385/455/896
f 393/456/897 392/454/895 385/455/896 389/457/898
f 394/458/899 393/456/897 389/457/898 383/459/900
f 400/460/901 401/461/902 390/451/892 391/450/891
f 404/462/903 400/460/901 391/450/891 392/454/895
f 403/463/904 404/462/903 392/454/895 393/456/897
f 402/464/905 403/463/904 393/456/897 394/458/899
f 396/465/906 395/466/907 401/461/902 400/460/901
f 399/467/908 398/468/909 403/463/904 402/464/905
f 398/468/909 397/469/910 404/462/903 403/463/904
f 397/469/910 396/465/906 400/460/901 404/462/903
f 406/442/883 405/441/882 395/466/907 396/465/906
f 407/448/889 406/442/883 396/465/906 397/469/910
f 408/445/886 407/448/889 397/469/910 398/468/909
f 409/446/887 408/445/886 398/468/909 399/467/908
s 46
f 410/470/911 435/471/912 436/472/913 416/473/914
f 418/474/915 438/475/916 439/476/917 412/477/918
f 416/473/914 436/472/913 437/478/919 414/479/920
f 414/479/920 437/478/919 438/475/916 418/474/915
f 421/480/921 420/481/922 411/482/923 417/483/924
f 422/484/925 421/480/921 417/483/924 415/485/926
f 423/486/927 422/484/925 415/485/926 419/487/928
f 424/488/929 423/486/927 419/487/928 413/489/930
f 430/490/931 431/491/932 420/481/922 421/480/921
f 434/492/933 430/490/931 421/480/921 422/484/925
f 433/493/934 434/492/933 422/484/925 423/486/927
f 432/494/935 433/493/934 423/486/927 424/488/929
f 426/495/936 425/496/937 431/491/932 430/490/931
f 429/497/938 428/498/939 433/493/934 432/494/935
f 428/498/939 427/499/940 434/492/933 433/493/934
f 427/499/940 426/495/936 430/490/931 434/492/933
f 436/472/913 435/471/912 425/496/937 426/495/936
f 437/478/919 436/472/913 426/495/936 427/499/940
f 438/475/916 437/478/919 427/499/940 428/498/939
f 439/476/917 438/475/916 428/498/939 429/497/938
s 49
f 440/500/941 441/501/942 446/502/943 445/503/944
s 50
f 441/501/945 442/504/946 447/505/947 446/502/948
s 51
f 442/504/949 443/506/950 448/507/951 447/505/952
s 52
f 443/506/953 440/508/954 445/509/955 448/507/956
s 49
f 445/503/944 446/502/943 450/510/957 449/511/958
s 50
f 446/502/948 447/505/947 451/512/959 450/510/960
s 51
f 447/505/952 448/507/951 452/513/961 451/512/962
s 52
f 448/507/956 445/509/955 449/514/963 452/513/964
s 49
f 449/511/958 450/510/957 454/515/965 453/516/966
s 50
f 450/510/960 451/512/959 455/517/967 454/515/968
s 51
f 451/512/962 452/513/961 456/518/969 455/517/970
s 52
f 452/513/964 449/514/963 453/519/971 456/518/972
s 49
f 453/516/966 454/515/965 444/520/973
s 50
f 454/515/968 455/517/967 444/520/974
s 51
f 455/517/970 456/518/969 444/520/975
s 52
f 456/518/972 453/519/971 444/520/976
s 53
f 457/521/977 482/522/978 483/523/979 463/524/980
f 465/525/981 485/526/982 486/527/983 459/528/984
f 463/524/980 483/523/979 484/529/985 461/530/986
f 461/530/986 484/529/985 485/526/982 465/525/981
f 468/531/987 467/532/988 458/533/989 464/534/990
f 469/535/991 468/531/987 464/534/990 462/536/992
f 470/537/993 469/535/991 462/536/992 466/538/994
f 471/539/995 470/537/993 466/538/994 460/540/996
f 477/541/997 478/542/998 467/532/988 468/531/987
f 481/543/999 477/541/997 468/531/987 469/535/991
f 480/544/1000 481/543/999 469/535/991 470/537/993
f 479/545/1001 480/544/1000 470/537/993 471/539/995
f 473/546/1002 472/547/1003 478/542/998 477/541/997
f 476/548/1004 475/549/1005 480/544/1000 479/545/1001
f 475/549/1005 474/550/1006 481/543/999 480/544/1000
f 474/550/1006 473/546/1002 477/541/997 481/543/999
f 483/523/979 482/522/978 472/547/1003 473/546/1002
f 484/529/985 483/523/979 473/546/1002 474/550/1006
f 485/526/982 484/529/985 474/550/1006 475/549/1005
f 486/527/983 485/526/982 475/549/1005 476/548/1004
s off
f 487/551/1007 488/552/1008 493/553/1009
f 488/552/1010 489/554/1011 493/553/1012
f 489/554/1013 490/555/1014 493/553/1015
f 490/555/1016 491/556/1017 493/553/1018
f 491/557/1019 492/558/1020 493/553/1021
f 492/558/1022 487/551/1023 493/553/1024
s 56
f 494/559/1025 519/560/1026 520/561/1027 500/562/1028
f 502/563/1029 522/564/1030 523/565/1031 496/566/1032
f 500/562/1028 520/561/1027 521/567/1033 498/568/1034
f 498/568/1034 521/567/1033 522/564/1030 502/563/1029
f 505/569/1035 504/570/1036 495/571/1037 501/572/1038
f 506/573/1039 505/569/1035 501/572/1038 499/574/1040
f 507/575/1041 506/573/1039 499/574/1040 503/576/1042
f 508/577/1043 507/575/1041 503/576/1042 497/578/1044
f 514/579/1045 515/580/1046 504/570/1036 505/569/1035
f 518/581/1047 514/579/1045 505/569/1035 506/573/1039
f 517/582/1048 518/581/1047 506/573/1039 507/575/1041
f 516/583/1049 517/582/1048 507/575/1041 508/577/1043
f 510/584/1050 509/585/1051 515/580/1046 514/579/1045
f 513/586/1052 512/587/1053 517/582/1048 516/583/1049
f 512/587/1053 511/588/1054 518/581/1047 517/582/1048
f 511/588/1054 510/584/1050 514/579/1045 518/581/1047
f 520/561/1027 519/560/1026 509/585/1051 510/584/1050
f 521/567/1033 520/561/1027 510/584/1050 511/588/1054
f 522/564/1030 521/567/1033 511/588/1054 512/587/1053
f 523/565/1031 522/564/1030 512/587/1053 513/586/1052
s 59
f 524/589/1055 549/590/1056 550/591/1057 530/592/1058
f 532/593/1059 552/594/1060 553/595/1061 526/596/1062
f 530/592/1058 550/591/1057 551/597/1063 528/598/1064
f 528/598/1064 551/597/1063 552/594/1060 532/593/1059
f 535/599/1065 534/600/1066 525/601/1067 531/602/1068
f 536/603/1069 535/599/1065 531/602/1068 529/604/1070
f 537/605/1071 536/603/1069 529/604/1070 533/606/1072
f 538/607/1073 537/605/1071 533/606/1072 527/608/1074
f 544/609/1075 545/610/1076 534/600/1066 535/599/1065
f 548/611/1077 544/609/1075 535/599/1065 536/603/1069
f 547/612/1078 548/611/1077 536/603/1069 537/605/1071
f 546/613/1079 547/612/1078 537/605/1071 538/607/1073
f 540/614/1080 539/615/1081 545/610/1076 544/609/1075
f 543/616/1082 542/617/1083 547/612/1078 546/613/1079
f 542/617/1083 541/618/1084 548/611/1077 547/612/1078
f 541/618/1084 540/614/1080 544/609/1075 548/611/1077
f 550/591/1057 549/590/1056 539/615/1081 540/614/1080
f 551/597/1063 550/591/1057 540/614/1080 541/618/1084
f 552/594/1060 551/597/1063 541/618/1084 542/617/1083
f 553/595/1061 552/594/1060 542/617/1083 543/616/1082
s 62
f 554/619/1085 579/620/1086 580/621/1087 560/622/1088
f 562/623/1089 582/624/1090 583/625/1091 556/626/1092
f 560/622/1088 580/621/1087 581/627/1093 558/628/1094
f 558/628/1094 581/627/1093 582/624/1090 562/623/1089
f 565/629/1095 564/630/1096 555/631/1097 561/632/1098
f 566/633/1099 565/629/1095 561/632/1098 559/634/1100
f 567/635/1101 566/633/1099 559/634/1100 563/636/1102
f 568/637/1103 567/635/1101 563/636/1102 557/638/1104
f 574/639/1105 575/640/1106 564/630/1096 565/629/1095
f 578/641/1107 574/639/1105 565/629/1095 566/633/1099
f 577/642/1108 578/641/1107 566/633/1099 567/635/1101
f 576/643/1109 577/642/1108 567/635/1101 568/637/1103
f 570/644/1110 569/645/1111 575/640/1106 574/639/1105
f 573/646/1112 572/647/1113 577/642/1108 576/643/1109
f 572/647/1113 571/648/1114 578/641/1107 577/642/1108
f 571/648/1114 570/644/1110 574/639/1105 578/641/1107
f 580/621/1087 579/620/1086 569/645/1111 570/644/1110
f 581/627/1093 580/621/1087 570/644/1110 571/648/1114
f 582/624/1090 581/627/1093 571/648/1114 572/647/1113
f 583/625/1091 582/624/1090 572/647/1113 573/646/1112
s 65
f 584/649/1115 609/650/1116 610/651/1117 590/652/1118
f 592/653/1119 612/654/1120 613/655/1121 586/656/1122
f 590/652/1118 610/651/1117 611/657/1123 588/658/1124
f 588/658/1124 611/657/1123 612/654/1120 592/653/1119
f 595/659/1125 594/660/1126 585/661/1127 591/662/1128
f 596/663/1129 595/659/1125 591/662/1128 589/664/1130
f 597/665/1131 596/663/1129 589/664/1130 593/666/1132
f 598/667/1133 597/665/1131 593/666/1132 587/668/1134
f 604/669/1135 605/670/1136 594/660/1126 595/659/1125
f 608/671/1137 604/669/1135 595/659/1125 596/663/1129
f 607/672/1138 608/671/1137 596/663/1129 597/665/1131
f 606/673/1139 607/672/1138 597/665/1131 598/667/1133
f 600/674/1140 599/675/1141 605/670/1136 604/669/1135
f 603/676/1142 602/677/1143 607/672/1138 606/673/1139
f 602/677/1143 601/678/1144 608/671/1137 607/672/1138
f 601/678/1144 600/674/1140 604/669/1135 608/671/1137
f 610/651/1117 609/650/1116 599/675/1141 600/674/1140
f 611/657/1123 610/651/1117 600/674/1140 601/678/1144
f 612/654/1120 611/657/1123 601/678/1144 602/677/1143
f 613/655/1121 612/654/1120 602/677/1143 603/676/1142
s 68
f 614/679/1145 615/680/1146 620/681/1147 619/682/1148
s 69
f 615/680/1149 616/683/1150 621/684/1151 620/681/1152
s 70
f 616/683/1153 617/685/1154 622/686/1155 621/684/1156
s 71
f 617/685/1157 614/687/1158 619/688/1159 622/686/1160
s 68
f 619/682/1148 620/681/1147 624/689/1161 623/690/1162
s 69
f 620/681/1152 621/684/1151 625/691/1163 624/689/1164
s 70
f 621/684/1156 622/686/1155 626/692/1165 625/691/1166
s 71
f 622/686/1160 619/688/1159 623/693/1167 626/692/1168
s 68
f 623/690/1162 624/689/1161 628/694/1169 627/695/1170
s 69
f 624/689/1164 625/691/1163 629/696/1171 628/694/1172
s 70
f 625/691/1166 626/692/1165 630/697/1173 629/696/1174
s 71
f 626/692/1168 623/693/1167 627/698/1175 630/697/1176
s 68
f 627/695/1170 628/694/1169 618/699/1177
s 69
f 628/694/1172 629/696/1171 618/699/1178
s 70
f 629/696/1174 630/697/1173 618/699/1179
s 71
f 630/697/1176 627/698/1175 618/699/1180
s 72
f 631/700/1181 632/701/1182 637/702/1183 636/703/1184
s 73
f 632/701/1185 633/704/1186 638/705/1187 637/702/1188
s 74
f 633/704/1189 634/706/1190 639/707/1191 638/705/1192
s 75
f 634/706/1193 631/708/1194 636/709/1195 639/707/1196
s 72
f 636/703/1184 637/702/1183 641/710/1197 640/711/1198
s 73
f 637/702/1188 638/705/1187 642/712/1199 641/710/1200
s 74
f 638/705/1192 639/707/1191 643/713/1201 642/712/1202
s 75
f 639/707/1196 636/709/1195 640/714/1203 643/713/1204
s 72
f 640/711/1198 641/710/1197 645/715/1205 644/716/1206
s 73
f 641/710/1200 642/712/1199 646/717/1207 645/715/1208
s 74
f 642/712/1202 643/713/1201 647/718/1209 646/717/1210
s 75
f 643/713/1204 640/714/1203 644/719/1211 647/718/1212
s 72
f 644/716/1206 645/715/1205 635/720/1213
s 73
f 645/715/1208 646/717/1207 635/720/1214
s 74
f 646/717/1210 647/718/1209 635/720/1215
s 75
f 647/718/1212 644/719/1211 635/720/1216
s 76
f 648/721/1217 673/722/1218 674/723/1219 654/724/1220
f 656/725/1221 676/726/1222 677/727/1223 650/728/1224
f 654/724/1220 674/723/1219 675/729/1225 652/730/1226
f 652/730/1226 675/729/1225 676/726/1222 656/725/1221
f 659/731/1227 658/732/1228 649/733/1229 655/734/1230
f 660/735/1231 659/731/1227 655/734/1230 653/736/1232
f 661/737/1233 660/735/1231 653/736/1232 657/738/1234
f 662/739/1235 661/737/1233 657/738/1234 651/740/1236
f 668/741/1237 669/742/1238 658/732/1228 659/731/1227
f 672/743/1239 668/741/1237 659/731/1227 660/735/1231
f 671/744/1240 672/743/1239 660/735/1231 661/737/1233
f 670/745/1241 671/744/1240 661/737/1233 662/739/1235
f 664/746/1242 663/747/1243 669/742/1238 668/741/1237
f 667/748/1244 666/749/1245 671/744/1240 670/745/1241
f 666/749/1245 665/750/1246 672/743/1239 671/744/1240
f 665/750/1246 664/746/1242 668/741/1237 672/743/1239
f 674/723/1219 673/722/1218 663/747/1243 664/746/1242
f 675/729/1225 674/723/1219 664/746/1242 665/750/1246
f 676/726/1222 675/729/1225 665/750/1246 666/749/1245
f 677/727/1223 676/726/1222 666/749/1245 667/748/1244
