# Blender 5.0.0
# www.blender.org
mtllib BlueMug.mtl
o BlueMug_cell
v -0.148096 0.517290 -0.468784
v 0.127448 0.517290 -0.379254
v -0.003417 0.517290 -0.445279
v 0.230682 0.517290 -0.275198
v -0.148096 0.517290 -0.519441
v 0.012217 0.517290 -0.493396
v 0.157222 0.517290 -0.420235
v 0.271610 0.517290 -0.304935
v 0.283862 0.506499 -0.171841
v 0.283864 0.517290 -0.171837
v 0.325937 0.512365 -0.199351
v 0.283800 0.444013 -0.171963
v 0.325868 0.443395 -0.199486
v 0.162886 0.090602 -0.343534
v 0.213066 0.107452 -0.363946
v 0.230682 0.249260 -0.275198
v 0.271610 0.244460 -0.304935
v 0.122901 0.000617 -0.381548
v 0.127448 0.007988 -0.379254
v 0.167488 0.001197 -0.409888
v -0.167120 -0.001124 -0.465694
v -0.148098 -0.000944 -0.468784
v -0.178110 -0.000844 -0.514565
v -0.148098 -0.000561 -0.519441
v -0.003417 0.000064 -0.445279
v 0.012217 0.000557 -0.493396
v 0.157222 0.001191 -0.420235
v -0.226399 0.066348 -0.456063
v -0.249722 0.080666 -0.502931
v -0.253862 0.098040 -0.451601
v -0.265796 0.099215 -0.500319
v -0.254061 0.162813 -0.451569
v -0.265913 0.137127 -0.500300
v -0.254093 0.183578 -0.451564
v -0.265932 0.149281 -0.500297
v -0.253866 0.517290 -0.451601
v -0.265681 0.517290 -0.500338
v 0.283862 0.506499 -0.171841
v 0.283864 0.517290 -0.171837
v 0.283864 0.517290 -0.171837
v 0.325937 0.512365 -0.199351
v 0.325937 0.512365 -0.199351
v 0.325868 0.443395 -0.199486
v 0.283800 0.444013 -0.171963
v 0.271610 0.517290 -0.304935
v 0.271610 0.244460 -0.304935
v 0.230682 0.249260 -0.275198
v 0.162886 0.090602 -0.343534
v 0.213066 0.107452 -0.363946
v 0.167488 0.001197 -0.409888
v 0.127448 0.007988 -0.379254
v 0.122901 0.000617 -0.381548
v 0.012217 0.000557 -0.493396
v 0.157222 0.001191 -0.420235
v -0.003417 0.000064 -0.445279
v -0.148098 -0.000944 -0.468784
v -0.167120 -0.001124 -0.465694
v -0.178110 -0.000844 -0.514565
v -0.148098 -0.000561 -0.519441
v -0.249722 0.080666 -0.502931
v -0.226399 0.066348 -0.456063
v -0.265796 0.099215 -0.500319
v -0.253862 0.098040 -0.451601
v -0.265913 0.137127 -0.500300
v -0.254061 0.162813 -0.451569
v -0.265932 0.149281 -0.500297
v -0.254093 0.183578 -0.451564
v -0.253866 0.517290 -0.451601
v -0.253866 0.517290 -0.451601
v -0.265681 0.517290 -0.500338
v -0.265681 0.517290 -0.500338
v -0.148096 0.517290 -0.519441
v 0.012217 0.517290 -0.493396
v 0.157222 0.517290 -0.420235
v -0.148096 0.517290 -0.468784
v -0.003417 0.517290 -0.445279
v 0.127448 0.517290 -0.379254
v 0.230682 0.517290 -0.275198
vn 0.5473 -0.0004 0.8369
vn 0.5474 -0.0022 0.8368
vn 0.4656 -0.5119 0.7220
vn 0.0082 -0.9999 -0.0076
vn -0.7301 -0.6643 0.1604
vn -0.7340 -0.6591 0.1639
vn -0.9713 -0.0031 0.2379
vn -0.9715 -0.0015 0.2371
vn -0.9718 0.0007 0.2356
vn -0.0000 -0.0000 -1.0000
vn -0.0008 -0.0000 -1.0000
vn -0.1604 -0.0000 -0.9871
vn 0.4655 -0.5103 0.7231
vn 0.8078 -0.0000 -0.5895
vn 0.8892 -0.0000 -0.4575
vn 0.7456 -0.0000 -0.6664
vn 0.0094 1.0000 -0.0009
vn -0.8090 -0.0000 0.5878
vn -0.7456 -0.0000 0.6664
vn -0.8892 -0.0000 0.4575
vn -0.4504 -0.0000 0.8928
vn -0.5002 -0.0000 0.8659
vn -0.5878 -0.0000 0.8090
vn -0.3090 -0.0000 0.9511
vn -0.3085 -0.0000 0.9512
vn 0.3090 -0.0000 -0.9511
vn 0.3085 -0.0000 -0.9512
vn -0.7099 -0.0000 0.7043
vn 0.5876 -0.0000 -0.8091
vn 0.5878 -0.0000 -0.8090
vn 0.7099 -0.0000 -0.7043
vn -0.0000 -0.0000 1.0000
vn 0.0008 -0.0000 1.0000
vn 0.1604 -0.0000 0.9871
vt 0.907888 0.483525
vt 1.000000 0.483506
vt 0.957960 0.533693
vt 0.533389 0.000000
vt 0.533685 0.533685
vt 0.483506 0.483506
vt 0.483239 0.000000
vt 0.528796 0.000000
vt 0.393627 0.393627
vt 0.333288 0.333288
vt 0.438383 0.027240
vt 0.445123 0.000000
vt 0.559389 0.515762
vt 0.528796 0.528796
vt 0.445123 0.445123
vt 0.633659 0.261250
vt 0.703354 0.032373
vt 0.694254 0.000000
vt 0.838689 0.000000
vt 0.853048 0.051079
vt 0.775821 0.304688
vt 0.838689 0.838689
vt 0.694254 0.694254
vt 0.665922 0.000000
vt 0.804463 0.000000
vt 0.804463 0.804463
vt 0.665922 0.665922
vt 1.000000 0.734188
vt 1.000000 0.844419
vt 1.000000 0.896152
vt 0.844419 0.844419
vt 0.734187 0.734187
vt 1.000000 0.822575
vt 0.896153 0.896153
vt 0.822575 0.822575
vt 1.000000 0.822610
vt 1.000000 0.896173
vt 0.896173 0.896173
vt 0.822610 0.822610
vt 0.822773 0.106934
vt 0.896352 0.106944
vt 0.649936 0.001744
vt 0.649936 0.151679
vt 0.641246 0.151761
vt 0.620512 0.128161
vt 0.615858 0.122791
vt 0.615825 0.111814
vt 0.615819 0.108295
vt 0.615891 0.001744
vt 0.742027 0.466278
vt 0.533389 0.533389
vt 0.483239 0.483239
vt 0.701261 0.417421
vt 1.000000 0.333289
vt 1.000000 0.393627
vt 0.954698 0.301289
vt 0.924128 0.299863
vt 0.924167 0.279894
vt 0.954698 0.222296
vt 0.194088 0.281063
vt 0.231977 0.261946
vt 0.261866 0.231818
vt 0.277264 0.201892
vt 0.289446 0.196734
vt 0.273717 0.240428
vt 0.240598 0.273811
vt 0.198614 0.294994
vt 0.152198 0.287868
vt 0.118153 0.282337
vt 0.121574 0.282893
vt 0.152198 0.302534
vt 0.234145 0.591594
vt 0.234145 0.513991
vt 0.264034 0.570378
vt 0.264070 0.588470
vt 0.264071 0.591594
vt 0.588008 0.440754
vt 0.589324 0.442889
vt 0.589324 0.590348
vt 0.551434 0.590348
vt 0.551434 0.440594
vt 0.696352 0.001744
vt 0.696352 0.151355
vt 0.649936 0.151679
vt 0.204017 0.591594
vt 0.204017 0.444135
vt 0.214359 0.468054
vt 0.234145 0.513991
vt 0.988082 0.151862
vt 0.988082 0.301289
vt 0.971784 0.182628
vt 0.985086 0.151863
vt 0.509545 0.590348
vt 0.509545 0.440302
vt 0.738336 0.001744
vt 0.738336 0.151172
vt 0.696352 0.151355
vt 0.478923 0.468962
vt 0.486874 0.459786
vt 0.504037 0.440250
vt 0.509545 0.440302
vt 0.478921 0.590348
vt 0.478856 0.493728
vt 0.478865 0.487715
s 0
usemtl lambert2SG.001
f 39/1/1 38/2/1 41/3/1
f 43/4/2 41/5/2 38/6/2 44/7/2
f 50/8/3 49/9/3 48/10/3 51/11/3 52/12/3
f 54/13/4 50/14/4 52/15/4 55/16/4 56/17/4 57/18/4 58/19/4 59/20/4 53/21/4
f 58/22/5 57/23/5 61/24/5 60/25/5
f 60/26/6 61/27/6 63/28/6 62/29/6
f 64/30/7 62/31/7 63/32/7 65/33/7
f 64/34/8 65/35/8 67/36/8 66/37/8
f 66/38/9 67/39/9 68/40/9 70/41/9
s 1
f 72/42/10 24/43/11 23/44/12 29/45/12 31/46/12 33/47/12 35/48/12 71/49/12
s 0
f 46/50/13 43/51/13 44/52/13 47/53/13 48/54/13 49/55/13
s 1
f 45/56/14 42/57/15 13/58/15 17/59/16
f 76/60/17 77/61/17 78/62/17 40/63/17 11/64/17 8/65/17 74/66/17 73/67/17 5/68/17 37/69/17 69/70/17 75/71/17
f 4/72/18 16/73/19 12/74/20 9/75/20 10/76/20
f 18/77/21 19/78/22 2/79/23 3/80/24 25/81/25
f 72/42/10 6/82/26 26/83/27 24/84/11
f 2/85/23 19/86/22 14/87/28 16/88/19 4/72/18
f 27/89/29 7/90/30 45/56/14 17/59/16 15/91/31 20/92/31
f 25/81/25 3/80/24 1/93/32 22/94/33
f 6/82/26 7/95/30 27/96/29 26/97/27
f 30/98/34 28/99/34 21/100/34 22/101/33 1/93/32 36/102/34 34/103/34 32/104/34
o BlueMug_cell.001
v -0.593938 0.517290 -0.144862
v -0.423642 0.517290 -0.379254
v -0.148096 0.517290 0.468785
v -0.423642 0.517290 0.379256
v -0.593938 0.517290 0.144863
v -0.526875 0.517290 -0.275198
v -0.292778 0.517290 -0.445279
v -0.292778 0.517290 0.445280
v -0.526875 0.517290 0.275199
v -0.616293 0.517290 0.000001
v -0.642115 0.517290 -0.160515
v -0.567804 0.517290 -0.304935
v -0.453416 0.517290 -0.420235
v -0.308411 0.517290 -0.493396
v -0.148096 0.517290 0.519441
v -0.308411 0.517290 0.493397
v -0.453416 0.517290 0.420236
v -0.567804 0.517290 0.304936
v -0.642114 0.517290 0.160517
v -0.666885 0.517290 0.000001
v -0.567804 0.115223 0.304936
v -0.573367 0.110862 0.294124
v -0.448321 0.143164 0.354380
v -0.487575 0.151125 0.385804
v -0.666885 0.119480 0.000001
v -0.616293 0.116360 0.000001
v -0.642115 0.116396 0.160517
v -0.642115 0.119509 -0.160515
v -0.593938 0.116386 -0.144862
v -0.526876 0.113515 -0.275198
v -0.567804 0.116327 -0.304935
v -0.526875 0.108178 0.275199
v -0.593938 0.113577 0.144863
v -0.453416 0.166590 0.420236
v -0.423642 0.154337 0.379256
v -0.292778 0.189704 0.445280
v -0.308411 0.205779 0.493397
v -0.156481 0.209639 0.467423
v -0.153519 0.228434 0.518560
v -0.423642 0.108219 -0.379254
v -0.453416 0.110453 -0.420235
v -0.292778 0.100864 -0.445279
v -0.308411 0.102304 -0.493396
v -0.265451 0.099235 -0.449719
v -0.273026 0.100194 -0.499145
v -0.266979 0.099841 -0.500127
v -0.255161 0.098634 -0.451390
v -0.152430 0.235632 0.518737
v -0.154288 0.224136 0.467779
v -0.148098 0.265190 0.519441
v -0.127462 0.407328 0.465432
v -0.148098 0.266372 0.468785
v -0.123358 0.434175 0.515422
v -0.255179 0.440505 -0.451387
v -0.267000 0.492673 -0.500124
v -0.255260 0.517290 -0.451374
v -0.267025 0.517290 -0.500120
v -0.119434 0.461715 0.514785
v -0.119922 0.460244 0.464208
v -0.119304 0.517290 0.514764
v -0.119788 0.517290 0.464186
v -0.567804 0.115223 0.304936
v -0.487575 0.151125 0.385804
v -0.573367 0.110862 0.294124
v -0.526875 0.108178 0.275199
v -0.593938 0.113577 0.144863
v -0.642115 0.116396 0.160517
v -0.666885 0.119480 0.000001
v -0.642115 0.119509 -0.160515
v -0.567804 0.116327 -0.304935
v -0.448321 0.143164 0.354380
v -0.593938 0.116386 -0.144862
v -0.526876 0.113515 -0.275198
v -0.616293 0.116360 0.000001
v -0.308411 0.205779 0.493397
v -0.153519 0.228434 0.518560
v -0.453416 0.166590 0.420236
v -0.423642 0.154337 0.379256
v -0.292778 0.189704 0.445280
v -0.156481 0.209639 0.467423
v -0.423642 0.108219 -0.379254
v -0.453416 0.110453 -0.420235
v -0.308411 0.102304 -0.493396
v -0.273026 0.100194 -0.499145
v -0.292778 0.100864 -0.445279
v -0.265451 0.099235 -0.449719
v -0.255161 0.098634 -0.451390
v -0.266979 0.099841 -0.500127
v -0.152430 0.235632 0.518737
v -0.154288 0.224136 0.467779
v -0.148098 0.265190 0.519441
v -0.123358 0.434175 0.515422
v -0.148098 0.266372 0.468785
v -0.127462 0.407328 0.465432
v -0.255179 0.440505 -0.451387
v -0.267000 0.492673 -0.500124
v -0.255260 0.517290 -0.451374
v -0.255260 0.517290 -0.451374
v -0.267025 0.517290 -0.500120
v -0.267025 0.517290 -0.500120
v -0.119434 0.461715 0.514785
v -0.119922 0.460244 0.464208
v -0.119304 0.517290 0.514764
v -0.119304 0.517290 0.514764
v -0.119788 0.517290 0.464186
v -0.119788 0.517290 0.464186
v -0.642115 0.517290 -0.160515
v -0.567804 0.517290 -0.304935
v -0.453416 0.517290 -0.420235
v -0.308411 0.517290 -0.493396
v -0.148096 0.517290 0.519441
v -0.308411 0.517290 0.493397
v -0.453416 0.517290 0.420236
v -0.567804 0.517290 0.304936
v -0.642114 0.517290 0.160517
v -0.593938 0.517290 -0.144862
v -0.526875 0.517290 -0.275198
v -0.423642 0.517290 -0.379254
v -0.292778 0.517290 -0.445279
v -0.148096 0.517290 0.468785
v -0.292778 0.517290 0.445280
v -0.423642 0.517290 0.379256
v -0.526875 0.517290 0.275199
v -0.593938 0.517290 0.144863
v -0.666885 0.517290 0.000001
v -0.616293 0.517290 0.000001
vn 0.0806 -0.9385 0.3358
vn -1.0000 -0.0000 0.0009
vn -1.0000 -0.0000 -0.0000
vn -0.9511 -0.0000 -0.3090
vn -0.9507 -0.0000 -0.3100
vn 0.0819 -0.9370 0.3396
vn -0.0600 -0.9981 -0.0102
vn 0.9888 -0.1495 -0.0023
vn 0.9894 -0.1449 -0.0034
vn 0.9718 0.0001 -0.2356
vn 0.9721 0.0011 -0.2346
vn 0.9900 -0.1412 -0.0054
vn 1.0000 -0.0023 -0.0096
vn 0.9511 -0.0000 0.3090
vn 1.0000 -0.0000 -0.0000
vn 1.0000 -0.0000 -0.0009
vn 0.9507 -0.0000 0.3100
vn 0.3039 -0.0000 0.9527
vn 0.3090 -0.0000 0.9511
vn 0.5878 -0.0000 0.8090
vn 0.5842 -0.0000 0.8116
vn -0.5878 -0.0000 -0.8090
vn -0.3090 -0.0000 -0.9511
vn -0.3039 -0.0000 -0.9527
vn -0.5842 -0.0000 -0.8116
vn 0.3262 -0.0000 -0.9453
vn 0.3090 -0.0000 -0.9511
vn -0.0000 -0.0000 -1.0000
vn 0.1457 -0.0000 -0.9893
vn 0.1604 -0.0000 -0.9871
vn -0.9502 -0.0000 0.3117
vn -0.9511 -0.0000 0.3090
vn -0.8090 -0.0000 -0.5878
vn -0.8074 -0.0000 -0.5900
vn -0.8090 -0.0000 0.5878
vn -0.8892 -0.0000 0.4575
vn -0.8271 -0.0000 0.5620
vn 0.8074 -0.0000 0.5900
vn 0.8090 -0.0000 0.5878
vn -0.0614 -0.9981 -0.0098
vn 0.9511 -0.0000 -0.3090
vn 0.9502 -0.0000 -0.3117
vn -0.0000 -0.0000 1.0000
vn -0.3090 -0.0000 0.9511
vn -0.3262 -0.0000 0.9453
vn -0.1604 -0.0000 0.9871
vn -0.1457 -0.0000 0.9893
vn 0.1604 -0.0000 0.9871
vn 0.8176 -0.0000 -0.5758
vn 0.8090 -0.0000 -0.5878
vn 0.5878 -0.0000 -0.8090
vn 0.6099 -0.0000 -0.7925
vn 0.7099 -0.0000 -0.7043
vn -0.1604 -0.0000 -0.9871
vn -0.5878 -0.0000 0.8090
vn -0.6099 -0.0000 0.7925
vn -0.0000 1.0000 -0.0000
vn -0.7099 -0.0000 0.7043
vt 0.576294 0.000000
vt 0.723959 0.664287
vt 0.734178 0.734178
vt 0.647754 0.647754
vt 0.503765 0.000000
vt 0.431794 0.186110
vt 0.431794 0.301289
vt 0.385319 0.301289
vt 0.385319 0.186119
vt 0.445806 0.174873
vt 0.863610 0.344113
vt 1.000000 0.423706
vt 1.000000 0.496235
vt 0.901461 0.438730
vt 0.524406 0.286000
vt 0.234629 0.234629
vt 0.116494 0.116494
vt 0.169847 0.169847
vt 0.099808 0.099808
vt 0.156021 0.000000
vt 0.265508 0.000000
vt 0.927533 0.000000
vt 1.000000 0.116494
vt 1.000000 0.234629
vt 0.854046 0.000000
vt 0.849822 0.000000
vt 0.921841 0.000000
vt 0.928414 0.792424
vt 0.927533 0.927533
vt 0.854046 0.854046
vt 0.855304 0.660986
vt 0.156557 0.000000
vt 0.265974 0.000000
vt 1.000000 0.734492
vt 1.000000 0.843979
vt 0.265974 0.265974
vt 0.156558 0.156558
vt 0.139516 0.104922
vt 0.212821 0.104916
vt 0.884311 0.000000
vt 1.000000 0.078159
vt 1.000000 0.150179
vt 0.777709 0.000000
vt 0.884125 0.347106
vt 0.884311 0.884311
vt 0.777709 0.777709
vt 0.777518 0.226290
vt 0.747208 0.590348
vt 0.705266 0.590348
vt 0.705266 0.474266
vt 0.747208 0.474274
vt 0.467655 0.469779
vt 0.467655 0.590348
vt 0.429766 0.590348
vt 0.429765 0.471909
vt 0.561536 0.001744
vt 0.603520 0.001744
vt 0.603520 0.121897
vt 0.561536 0.119537
vt 0.076213 0.401373
vt 0.076213 0.306526
vt 0.118102 0.306526
vt 0.118102 0.379175
vt 0.116310 0.391403
vt 0.115675 0.395600
vt 0.431794 0.186110
vt 0.478268 0.185217
vt 0.478268 0.301289
vt 0.343505 0.301289
vt 0.310121 0.301289
vt 0.310121 0.183497
vt 0.343505 0.185197
vt 0.520082 0.301289
vt 0.478268 0.185217
vt 0.516952 0.183615
vt 0.520082 0.184878
vt 0.784945 0.473442
vt 0.784945 0.590348
vt 0.351513 0.076335
vt 0.555274 0.211477
vt 0.916208 0.107926
vt 1.000000 0.099808
vt 1.000000 0.169847
vt 0.935290 0.176117
vt 0.609555 0.269567
vt 0.401491 0.050686
vt 0.514154 0.286992
vt 0.661899 0.475799
vt 0.828945 0.601340
vt 1.000000 0.647754
vt 1.000000 0.734178
vt 0.825156 0.686495
vt 0.640059 0.547387
vt 0.476349 0.338180
vt 0.663324 0.590348
vt 0.663324 0.473460
vt 0.909608 0.604825
vt 0.863192 0.604825
vt 0.863192 0.514633
vt 0.908038 0.521192
vt 0.908354 0.523276
vt 0.909608 0.531834
vt 0.815073 0.471909
vt 0.815073 0.590348
vt 0.467655 0.469779
vt 0.475567 0.469308
vt 0.478546 0.469134
vt 0.478541 0.568117
vt 0.478518 0.590348
vt 0.625587 0.471897
vt 0.625587 0.590348
vt 0.595459 0.590348
vt 0.595459 0.485262
vt 0.602661 0.482026
vt 0.663324 0.473460
vt 0.124077 0.338363
vt 0.118102 0.379175
vt 0.126298 0.306526
vt 0.126260 0.323042
vt 0.038323 0.411612
vt 0.038323 0.306526
vt 0.076213 0.401373
vt 0.821208 0.604825
vt 0.821208 0.503286
vt 0.863192 0.514633
vt 0.615502 0.001744
vt 0.615510 0.008871
vt 0.615516 0.122610
vt 0.613765 0.122508
vt 0.603520 0.121897
vt 0.023112 0.110197
vt 0.016640 0.152139
vt 0.023112 0.194082
vt 0.042529 0.231818
vt 0.072419 0.261946
vt 0.110308 0.281063
vt 0.121171 0.282828
vt 0.117764 0.282274
vt 0.105782 0.278779
vt 0.063798 0.253257
vt 0.030679 0.208788
vt 0.009164 0.198614
vt 0.001992 0.152139
vt 0.009164 0.105665
vt 0.030679 0.063851
vt 0.063798 0.030467
vt 0.105782 0.009285
vt 0.152198 0.016411
vt 0.160534 0.017765
vt 0.160394 0.017742
vt 0.152198 0.001744
vt 0.110308 0.023216
vt 0.072419 0.042333
vt 0.042529 0.072461
vt 0.553466 0.301289
vt 0.543497 0.195272
vt 0.553466 0.199750
vt 0.909608 0.531834
vt 0.916771 0.580761
vt 0.917907 0.588734
vt 0.917944 0.604825
s 0
usemtl lambert2SG.001
f 141/105/35 140/106/35 142/107/35 143/108/35 149/109/35
s 1
f 146/110/36 203/111/37 185/112/38 147/113/39
s 0
f 153/114/40 155/115/40 141/116/40 149/117/40 156/118/40 157/119/40 158/120/40 154/121/40
f 164/122/41 162/123/41 166/124/41 165/125/41
f 167/126/42 154/127/42 158/128/42 168/129/42
f 172/130/43 170/131/43 169/132/43 167/133/43 168/134/43 171/135/43
f 174/136/44 173/137/44 165/138/44 166/139/44
f 173/140/45 174/141/45 177/142/45 175/143/45
f 179/144/46 170/145/46 172/146/46 180/147/46
f 181/148/47 179/149/47 180/150/47 183/151/47
s 1
f 194/152/48 204/153/49 152/154/50 150/155/51
f 120/156/52 197/157/53 196/158/54 118/159/55
f 187/160/56 188/161/57 161/162/58 160/163/59
f 114/164/60 199/165/61 198/166/62 130/167/63 127/168/64 116/169/64
f 203/111/37 146/170/36 145/171/65 193/172/66
f 186/173/67 187/174/56 160/175/59 148/176/68
f 96/177/69 193/172/66 145/178/65 100/179/70 99/180/71
f 151/181/72 195/182/73 194/152/48 150/155/51
f 147/113/39 185/112/38 186/173/67 148/176/68
s 0
f 109/183/74 119/184/74 121/185/74 162/186/74 164/187/74 163/188/74 159/189/74 108/190/74 107/191/74 104/192/74 144/193/74 143/194/74 142/195/74 105/196/74 103/197/74 106/198/74
s 1
f 204/153/49 202/199/75 111/200/76 152/154/50
f 93/201/77 190/202/78 115/203/79 117/204/80 126/205/80 128/206/81
f 118/207/55 196/208/54 195/182/73 151/181/72
f 197/157/53 120/209/52 122/210/82 125/211/82 132/212/82 176/213/82
f 110/214/83 201/215/84 200/216/85 113/217/86 101/218/87
f 111/219/76 202/199/75 201/215/84 110/214/83
f 129/220/88 130/221/63 198/166/62 184/222/88 137/223/88
f 113/224/86 200/225/85 199/165/61 114/226/60
f 190/202/78 191/227/89 112/228/90 115/229/79
f 188/161/57 178/230/88 133/231/88 124/232/88 123/233/88 161/234/58
f 83/235/91 88/236/91 79/237/91 84/238/91 80/239/91 85/240/91 134/241/91 135/242/91 92/243/91 91/244/91 90/245/91 89/246/91 98/247/91 97/248/91 192/249/91 95/250/91 94/251/91 189/252/91 182/253/91 139/254/91 81/255/91 86/256/91 82/257/91 87/258/91
f 191/259/89 96/177/69 99/180/71 102/260/92 112/261/90
f 93/201/77 128/262/81 131/263/82 136/264/82 138/265/82
o BlueMug_cell.002
v 0.370690 -0.195066 0.000001
v 0.358873 -0.239075 -0.076583
v 0.372867 -0.220207 -0.001047
v 0.362164 -0.254982 -0.056091
v 0.557105 0.165839 0.055338
v 0.527387 0.151936 0.000280
v 0.556754 0.165335 -0.055010
v 0.584069 0.174820 -0.063280
v 0.611017 0.185176 -0.055366
v 0.645213 0.194076 -0.000296
v 0.611474 0.185386 0.055005
v 0.584607 0.175292 0.063264
v 0.574468 0.074557 0.055262
v 0.541981 0.070104 0.000087
v 0.574330 0.074216 -0.055169
v 0.603222 0.077128 -0.063333
v 0.631937 0.080580 -0.055300
v 0.666860 0.082863 -0.000110
v 0.632106 0.080608 0.055160
v 0.603423 0.077369 0.063309
v 0.574313 -0.024243 0.055186
v 0.541973 -0.019973 -0.000106
v 0.574434 -0.024583 -0.055327
v 0.603402 -0.027500 -0.063385
v 0.632168 -0.030216 -0.055234
v 0.666885 -0.033337 0.000077
v 0.632012 -0.030186 0.055315
v 0.603214 -0.027258 0.063355
v 0.556687 -0.115390 0.055112
v 0.527358 -0.101850 -0.000298
v 0.557024 -0.115891 -0.055484
v 0.584556 -0.125458 -0.063435
v 0.611681 -0.135082 -0.055166
v 0.645265 -0.144631 0.000266
v 0.611237 -0.134871 0.055472
v 0.584032 -0.124989 0.063403
v 0.524650 -0.185586 0.055040
v 0.503275 -0.161874 -0.000488
v 0.525028 -0.186421 -0.055639
v 0.547850 -0.204487 -0.063483
v 0.569910 -0.222655 -0.055095
v 0.599521 -0.241417 0.000458
v 0.569337 -0.222052 0.055632
v 0.547209 -0.203536 0.063452
v 0.482682 -0.229108 0.054970
v 0.475409 -0.197743 -0.000677
v 0.482824 -0.230322 -0.055792
v 0.495862 -0.256374 -0.063528
v 0.507784 -0.282283 -0.055021
v 0.528015 -0.310895 0.000653
v 0.507367 -0.281195 0.055794
v 0.495480 -0.254844 0.063504
v 0.429263 -0.249421 0.054902
v 0.435060 -0.216329 -0.000864
v 0.429139 -0.250918 -0.055942
v 0.432687 -0.280112 -0.063571
v 0.434839 -0.308880 -0.054945
v 0.432639 -0.278135 0.063559
v 0.510529 0.193914 0.000415
v 0.525635 0.217856 0.043346
v 0.523280 0.194487 -0.020255
v 0.530343 0.224861 0.055402
v 0.543376 0.194662 -0.054944
v 0.615438 0.257022 -0.000417
v 0.602082 0.238234 -0.031478
v 0.578612 0.253850 0.054884
v 0.572897 0.251032 0.056726
v 0.592227 0.224026 -0.055395
v 0.568885 0.207208 -0.063259
v 0.553757 0.241709 0.063226
v 0.249146 0.148835 0.327579
v 0.271610 0.154601 0.304936
v 0.345920 0.149677 0.160517
v 0.360635 0.080665 -0.065162
v 0.370690 0.109241 0.000001
v 0.156629 0.100367 0.349843
v 0.230682 0.119506 0.275199
v 0.297744 0.115135 0.144864
v 0.163575 0.126720 0.413832
v 0.247940 -0.048807 -0.241656
v 0.320099 0.078596 0.000001
v 0.345920 0.038747 -0.160515
v 0.297744 0.014913 -0.144862
v 0.281819 -0.043265 -0.285094
v 0.230682 -0.006018 0.275199
v 0.320099 -0.229190 0.000001
v 0.314421 -0.242792 -0.036792
v 0.271610 -0.028483 0.304936
v 0.297744 -0.134468 0.144863
v 0.364275 -0.247086 0.044509
v 0.375818 -0.252422 0.054849
v 0.360553 -0.232817 0.065694
v 0.443270 -0.342159 0.000858
v 0.438681 -0.320016 0.035869
v 0.435731 -0.307018 0.055958
v 0.410004 -0.279431 0.063577
v 0.417808 -0.330211 -0.021604
v 0.345920 -0.170814 0.160517
v 0.297744 -0.154105 -0.144862
v 0.345920 -0.178789 -0.160515
v 0.362525 -0.263343 -0.058222
v 0.358873 -0.246731 -0.077909
v 0.393586 -0.282590 -0.063595
v 0.356688 -0.236051 -0.090738
v 0.421894 -0.309707 -0.054931
v 0.592227 0.224026 -0.055395
v 0.592227 0.224026 -0.055395
v 0.568885 0.207208 -0.063259
v 0.568885 0.207208 -0.063259
v 0.543376 0.194662 -0.054944
v 0.543376 0.194662 -0.054944
v 0.523280 0.194487 -0.020255
v 0.510529 0.193914 0.000415
v 0.510529 0.193914 0.000415
v 0.525635 0.217856 0.043346
v 0.530343 0.224861 0.055402
v 0.530343 0.224861 0.055402
v 0.553757 0.241709 0.063226
v 0.553757 0.241709 0.063226
v 0.572897 0.251032 0.056726
v 0.578612 0.253850 0.054884
v 0.578612 0.253850 0.054884
v 0.615438 0.257022 -0.000417
v 0.615438 0.257022 -0.000417
v 0.602082 0.238234 -0.031478
v 0.360635 0.080665 -0.065162
v 0.370690 0.109241 0.000001
v 0.249146 0.148835 0.327579
v 0.271610 0.154601 0.304936
v 0.345920 0.149677 0.160517
v 0.345920 0.038747 -0.160515
v 0.281819 -0.043265 -0.285094
v 0.247940 -0.048807 -0.241656
v 0.297744 0.014913 -0.144862
v 0.438681 -0.320016 0.035869
v 0.435731 -0.307018 0.055958
v 0.435731 -0.307018 0.055958
v 0.320099 0.078596 0.000001
v 0.410004 -0.279431 0.063577
v 0.410004 -0.279431 0.063577
v 0.297744 0.115135 0.144864
v 0.230682 0.119506 0.275199
v 0.156629 0.100367 0.349843
v 0.163575 0.126720 0.413832
v 0.528015 -0.310895 0.000653
v 0.443270 -0.342159 0.000858
v 0.443270 -0.342159 0.000858
v 0.375818 -0.252422 0.054849
v 0.375818 -0.252422 0.054849
v 0.364275 -0.247086 0.044509
v 0.360553 -0.232817 0.065694
v 0.345920 -0.170814 0.160517
v 0.271610 -0.028483 0.304936
v 0.230682 -0.006018 0.275199
v 0.297744 -0.134468 0.144863
v 0.320099 -0.229190 0.000001
v 0.314421 -0.242792 -0.036792
v 0.417808 -0.330211 -0.021604
v 0.393586 -0.282590 -0.063595
v 0.393586 -0.282590 -0.063595
v 0.421894 -0.309707 -0.054931
v 0.421894 -0.309707 -0.054931
v 0.362525 -0.263343 -0.058222
v 0.358873 -0.246731 -0.077909
v 0.297744 -0.154105 -0.144862
v 0.345920 -0.178789 -0.160515
v 0.356688 -0.236051 -0.090738
v 0.435060 -0.216329 -0.000864
v 0.429263 -0.249421 0.054902
v 0.429139 -0.250918 -0.055942
v 0.432687 -0.280112 -0.063571
v 0.434839 -0.308880 -0.054945
v 0.432639 -0.278135 0.063559
v 0.527387 0.151936 0.000280
v 0.557105 0.165839 0.055338
v 0.556754 0.165335 -0.055010
v 0.584069 0.174820 -0.063280
v 0.611017 0.185176 -0.055366
v 0.645213 0.194076 -0.000296
v 0.611474 0.185386 0.055005
v 0.584607 0.175292 0.063264
v 0.574468 0.074557 0.055262
v 0.541981 0.070104 0.000087
v 0.574330 0.074216 -0.055169
v 0.603222 0.077128 -0.063333
v 0.631937 0.080580 -0.055300
v 0.666860 0.082863 -0.000110
v 0.632106 0.080608 0.055160
v 0.603423 0.077369 0.063309
v 0.574313 -0.024243 0.055186
v 0.541973 -0.019973 -0.000106
v 0.574434 -0.024583 -0.055327
v 0.603402 -0.027500 -0.063385
v 0.632168 -0.030216 -0.055234
v 0.666885 -0.033337 0.000077
v 0.632012 -0.030186 0.055315
v 0.603214 -0.027258 0.063355
v 0.556687 -0.115390 0.055112
v 0.527358 -0.101850 -0.000298
v 0.557024 -0.115891 -0.055484
v 0.584556 -0.125458 -0.063435
v 0.611681 -0.135082 -0.055166
v 0.645265 -0.144631 0.000266
v 0.611237 -0.134871 0.055472
v 0.584032 -0.124989 0.063403
v 0.524650 -0.185586 0.055040
v 0.503275 -0.161874 -0.000488
v 0.525028 -0.186421 -0.055639
v 0.547850 -0.204487 -0.063483
v 0.569910 -0.222655 -0.055095
v 0.599521 -0.241417 0.000458
v 0.569337 -0.222052 0.055632
v 0.547209 -0.203536 0.063452
v 0.482682 -0.229108 0.054970
v 0.475409 -0.197743 -0.000677
v 0.482824 -0.230322 -0.055792
v 0.495862 -0.256374 -0.063528
v 0.507784 -0.282283 -0.055021
v 0.507367 -0.281195 0.055794
v 0.495480 -0.254844 0.063504
vn -0.4960 0.8208 -0.2832
vn -0.4962 0.8207 -0.2833
vn -0.4977 0.8197 -0.2836
vn -0.6339 -0.6885 0.3524
vn -0.5182 -0.6986 -0.4933
vn 0.8512 -0.0000 0.5248
vn 0.8136 -0.0000 0.5814
vn 0.7099 -0.0000 0.7043
vn 0.9703 -0.0000 0.2417
vn 0.9462 -0.0000 0.3235
vn 0.9862 0.0141 0.1652
vn 0.9999 0.0138 0.0020
vn 0.9994 -0.0000 0.0338
vn 0.9654 -0.0000 -0.2606
vn 0.9720 -0.0000 -0.2350
vn 0.8892 -0.0000 -0.4575
vn 0.9877 0.0227 -0.1546
vn 0.9898 0.0421 -0.1359
vn 0.9884 0.0039 -0.1517
vn -0.7099 -0.0000 -0.7043
vn -0.8136 -0.0000 -0.5814
vn -0.8512 -0.0000 -0.5248
vn -0.9462 -0.0000 -0.3234
vn -0.9703 -0.0000 -0.2417
vn -0.9988 -0.0000 0.0488
vn -0.9994 -0.0000 -0.0339
vn 0.9883 -0.0000 -0.1525
vn -0.9654 -0.0000 0.2606
vn -0.8892 -0.0000 0.4575
vn -0.9720 -0.0000 0.2350
vn -0.9883 -0.0000 0.1525
vn 0.7760 0.6305 -0.0145
vn 0.7450 0.3438 -0.5716
vn 0.6044 0.6366 0.4790
vn 0.4182 0.2333 -0.8779
vn -0.0520 0.8627 0.5030
vn -0.1788 0.8498 0.4958
vn -0.2153 0.8434 0.4922
vn -0.2126 0.8313 -0.5135
vn -0.1745 0.8374 -0.5179
vn -0.0540 0.2454 -0.9679
vn -0.0497 0.2459 -0.9680
vn -0.0139 0.2492 -0.9683
vn 0.0184 -0.2864 -0.9579
vn 0.0629 -0.2798 -0.9580
vn 0.0561 -0.2808 -0.9581
vn 0.0555 -0.8537 -0.5178
vn 0.1742 -0.8343 -0.5231
vn 0.2226 -0.8227 -0.5230
vn 0.0664 -0.2465 0.9669
vn 0.0550 -0.2480 0.9672
vn 0.0153 -0.2530 0.9674
vn -0.0167 0.2875 0.9576
vn -0.0569 0.2804 0.9582
vn -0.0616 0.2795 0.9582
vn -0.8266 -0.2488 0.5049
vn -0.8239 -0.2579 0.5046
vn -0.7937 -0.3474 0.4994
vn -0.8297 -0.2492 -0.4995
vn -0.8317 -0.2419 -0.4997
vn -0.8030 -0.3323 -0.4947
vn -0.2532 -0.1158 -0.9604
vn -0.2616 -0.0840 -0.9615
vn -0.2618 -0.0832 -0.9615
vn 0.2405 0.1146 -0.9639
vn 0.2516 0.0843 -0.9642
vn 0.2522 0.0825 -0.9641
vn 0.7611 0.3647 -0.5364
vn 0.8001 0.2629 -0.5392
vn 0.7986 0.2676 -0.5392
vn 0.7662 0.3662 0.5281
vn 0.8026 0.2686 0.5326
vn 0.8040 0.2641 0.5327
vn 0.2635 0.0871 0.9607
vn 0.2631 0.0889 0.9607
vn 0.2553 0.1223 0.9591
vn -0.2517 -0.0802 0.9645
vn -0.2514 -0.0810 0.9645
vn -0.2410 -0.1109 0.9642
vn -0.8583 -0.0777 0.5072
vn -0.8581 -0.0801 0.5072
vn -0.8596 -0.0794 -0.5047
vn -0.8597 -0.0778 -0.5048
vn -0.2700 -0.0254 -0.9625
vn -0.2700 -0.0253 -0.9625
vn 0.2671 0.0266 -0.9633
vn 0.2672 0.0259 -0.9633
vn 0.8401 0.0809 -0.5363
vn 0.8399 0.0828 -0.5363
vn 0.8415 0.0831 0.5339
vn 0.8416 0.0815 0.5339
vn 0.2711 0.0268 0.9622
vn 0.2711 0.0274 0.9622
vn -0.2659 -0.0249 0.9637
vn -0.2659 -0.0250 0.9637
vn -0.8598 0.0782 0.5046
vn -0.8597 0.0801 0.5045
vn -0.8583 0.0808 -0.5068
vn -0.8585 0.0781 -0.5068
vn -0.2659 0.0260 -0.9636
vn -0.2660 0.0258 -0.9636
vn 0.2710 -0.0261 -0.9622
vn 0.8415 -0.0813 -0.5341
vn 0.8415 -0.0815 -0.5341
vn 0.8401 -0.0812 0.5363
vn 0.8402 -0.0807 0.5363
vn 0.2672 -0.0252 0.9633
vn 0.2672 -0.0253 0.9633
vn -0.2698 0.0263 0.9625
vn -0.2698 0.0265 0.9625
vn -0.8329 0.2486 0.4944
vn -0.8309 0.2567 0.4937
vn -0.8267 0.2568 -0.5007
vn -0.8291 0.2475 -0.5013
vn -0.2513 0.0821 -0.9644
vn -0.2517 0.0812 -0.9644
vn 0.2637 -0.0873 -0.9607
vn 0.2639 -0.0863 -0.9607
vn 0.8038 -0.2637 -0.5333
vn 0.8029 -0.2664 -0.5333
vn 0.7989 -0.2647 0.5401
vn 0.7999 -0.2617 0.5401
vn 0.2529 -0.0818 0.9640
vn 0.2526 -0.0830 0.9640
vn -0.2630 0.0849 0.9611
vn -0.2628 0.0859 0.9610
vn -0.7490 0.4586 0.4782
vn -0.7372 0.4793 0.4763
vn -0.7303 0.4777 -0.4882
vn -0.7434 0.4554 -0.4898
vn -0.2138 0.1513 -0.9651
vn -0.2160 0.1482 -0.9651
vn 0.2295 -0.1672 -0.9589
vn 0.2317 -0.1634 -0.9590
vn 0.6880 -0.4918 -0.5336
vn 0.6847 -0.4965 -0.5335
vn 0.6792 -0.4917 0.5449
vn 0.6827 -0.4869 0.5449
vn 0.2164 -0.1509 0.9646
vn 0.2138 -0.1545 0.9646
vn -0.2325 0.1596 0.9594
vn -0.2305 0.1630 0.9593
vn -0.5335 0.6986 0.4768
vn -0.4933 0.7265 0.4784
vn -0.4853 0.7203 -0.4957
vn -0.5284 0.6910 -0.4933
vn -0.1357 0.2169 -0.9667
vn -0.1427 0.2130 -0.9666
vn 0.1483 -0.2447 -0.9582
vn 0.1568 -0.2394 -0.9582
vn 0.4517 -0.7167 -0.5314
vn 0.4463 -0.7201 -0.5313
vn 0.4422 -0.7105 0.5474
vn 0.4476 -0.7071 0.5474
vn 0.1430 -0.2155 0.9660
vn 0.1348 -0.2199 0.9662
vn -0.1581 0.2361 0.9588
vn -0.1507 0.2409 0.9588
vn 0.2911 -0.7903 0.5391
vt 0.444515 0.198500
vt 0.451806 0.151109
vt 0.482259 0.142854
vt 0.500405 0.136231
vt 0.538112 0.213756
vt 0.548700 0.236548
vt 0.555581 0.296021
vt 0.549881 0.331310
vt 0.548266 0.341950
vt 0.499719 0.365620
vt 0.472438 0.304205
vt 0.451430 0.257856
vt 0.442952 0.000000
vt 0.787668 0.000000
vt 0.843047 0.075273
vt 0.872621 0.231647
vt 0.634142 0.134030
vt 0.565832 0.000000
vt 0.652152 0.000000
vt 0.564263 0.221694
vt 0.549437 0.461155
vt 0.634609 0.621510
vt 0.816247 0.682715
vt 1.000000 0.654697
vt 1.000000 0.755292
vt 0.787668 0.787668
vt 0.442952 0.442952
vt 0.452711 0.285332
vt 0.566708 0.131991
vt 0.537419 0.122569
vt 0.559164 0.152899
vt 0.670945 0.307816
vt 0.763379 0.555971
vt 0.755292 0.755292
vt 0.654696 0.654696
vt 0.660240 0.518071
vt 0.576818 0.294115
vt 0.406047 0.057446
vt 0.345687 0.000000
vt 0.521742 0.000000
vt 0.591490 0.029907
vt 0.633980 0.086916
vt 0.656738 0.120691
vt 0.630146 0.137911
vt 0.548763 0.488272
vt 0.521742 0.521742
vt 0.345687 0.345687
vt 0.379745 0.191431
vt 0.347848 0.000000
vt 0.434168 0.000000
vt 0.475224 0.246383
vt 0.453235 0.345981
vt 0.449559 0.364607
vt 0.444453 0.393646
vt 0.503221 0.434698
vt 0.778121 0.143270
vt 0.778121 0.196279
vt 0.771565 0.194610
vt 0.746592 0.188206
vt 0.819935 0.102060
vt 0.819935 0.194853
vt 0.819935 0.194853
vt 0.819935 0.102060
vt 0.847389 0.084109
vt 0.866410 0.095039
vt 0.866410 0.183146
vt 0.912884 0.162735
vt 0.912884 0.099752
vt 0.948953 0.138990
vt 0.888583 0.082297
vt 0.888967 0.080080
vt 0.892681 0.083172
vt 0.415114 0.470881
vt 0.393502 0.476423
vt 0.393502 0.440079
vt 0.393502 0.476423
vt 0.355766 0.475157
vt 0.355766 0.402889
vt 0.313823 0.375464
vt 0.313823 0.464578
vt 0.866410 0.183146
vt 0.892681 0.083172
vt 0.885277 0.174872
vt 0.271881 0.446140
vt 0.243856 0.427690
vt 0.271881 0.397203
vt 0.271881 0.446140
vt 0.303170 0.371526
vt 0.866713 0.087760
vt 0.882650 0.077691
vt 0.853523 0.079977
vt 0.847389 0.084109
vt 0.888967 0.080080
vt 0.884199 0.076123
vt 0.838915 0.640652
vt 0.825725 0.643140
vt 0.822731 0.639798
vt 0.822715 0.624324
vt 0.838861 0.622645
vt 0.854809 0.624360
vt 0.854851 0.643751
vt 0.553740 0.782677
vt 0.573132 0.781500
vt 0.574159 0.789952
vt 0.562838 0.790670
vt 0.553845 0.785098
vt 0.574782 0.798281
vt 0.571034 0.798521
vt 0.571034 0.798521
vt 0.577223 0.807917
vt 0.569780 0.803789
vt 0.670175 0.606269
vt 0.669624 0.614250
vt 0.663070 0.613875
vt 0.668646 0.622563
vt 0.653172 0.621694
vt 0.760972 0.705015
vt 0.776913 0.709041
vt 0.776931 0.726130
vt 0.773377 0.724009
vt 0.761011 0.717170
vt 0.744964 0.708895
vt 0.761011 0.717170
vt 0.755130 0.717190
vt 0.744983 0.717386
vt 0.613593 0.648858
vt 0.617989 0.658235
vt 0.610081 0.660981
vt 0.606208 0.652490
vt 0.620351 0.643988
vt 0.625792 0.655236
vt 0.613593 0.648858
vt 0.627071 0.634435
vt 0.635692 0.652660
vt 0.620351 0.643988
vt 0.623283 0.639930
vt 0.711887 0.768277
vt 0.721402 0.748454
vt 0.731171 0.750970
vt 0.722551 0.769195
vt 0.713623 0.745531
vt 0.710286 0.767662
vt 0.704691 0.764761
vt 0.705661 0.742794
vt 0.704691 0.764761
vt 0.697912 0.759883
vt 0.760916 0.681323
vt 0.776891 0.682612
vt 0.744918 0.682513
vt 0.623534 0.686520
vt 0.615170 0.687363
vt 0.631849 0.685521
vt 0.641960 0.684859
vt 0.727376 0.718117
vt 0.737438 0.718770
vt 0.719071 0.717180
vt 0.710688 0.716365
vt 0.760860 0.655242
vt 0.776869 0.654006
vt 0.744872 0.653908
vt 0.623587 0.716813
vt 0.615200 0.715968
vt 0.631915 0.717600
vt 0.641967 0.718503
vt 0.727349 0.686039
vt 0.737445 0.685126
vt 0.719011 0.686886
vt 0.710643 0.687760
vt 0.760805 0.631536
vt 0.776848 0.627616
vt 0.744827 0.627471
vt 0.618130 0.745175
vt 0.610159 0.742405
vt 0.625984 0.747962
vt 0.635707 0.750726
vt 0.721334 0.655729
vt 0.731186 0.652903
vt 0.713457 0.658590
vt 0.705540 0.661370
vt 0.760750 0.614157
vt 0.776827 0.607292
vt 0.744782 0.607050
vt 0.607502 0.768057
vt 0.600895 0.762826
vt 0.613890 0.773317
vt 0.622463 0.778749
vt 0.709202 0.630487
vt 0.717941 0.624880
vt 0.702795 0.635848
vt 0.696264 0.641045
vt 0.760695 0.603772
vt 0.776807 0.594691
vt 0.744738 0.594340
vt 0.592450 0.783079
vt 0.588675 0.775536
vt 0.595902 0.790581
vt 0.601760 0.798865
vt 0.691260 0.613363
vt 0.697238 0.604765
vt 0.687818 0.620993
vt 0.684113 0.628444
vt 0.822696 0.608857
vt 0.838807 0.610963
vt 0.854765 0.608816
vt 0.577923 0.807870
vt 0.673402 0.595760
vt 0.670557 0.605787
vt 0.671373 0.602124
vt 0.670519 0.605887
s 0
usemtl lambert2SG.001
f 312/266/93 314/267/93 316/268/93 317/269/93 319/270/93 320/271/93 322/272/93 324/273/93 325/274/93 327/275/93 329/276/93 310/277/93
f 330/278/94 332/279/94 333/280/94 334/281/94 331/282/94
f 336/283/95 337/284/95 338/285/95 342/286/95 345/287/95 346/288/95 347/289/95 348/290/95 332/291/95 330/292/95 335/293/95
f 352/294/96 354/295/96 355/296/96 356/297/96 357/298/96 348/299/96 347/300/96 358/301/96 359/302/96 360/303/96 361/304/96 362/305/96 351/306/96 339/307/96 341/308/96 343/309/96
f 365/310/97 362/311/97 361/312/97 369/313/97 337/314/97 336/315/97 370/316/97 371/317/97 368/318/97 367/319/97 363/320/97
s 1
f 292/321/98 276/322/99 275/323/100 283/324/100
f 302/325/101 277/326/102 276/322/99 292/321/98
f 277/327/102 302/328/101 296/329/103 205/330/104 279/331/105
f 286/332/106 304/333/107 288/334/108
f 206/335/109 306/336/110 308/337/111
f 280/338/112 281/339/113 289/340/114
f 281/341/113 282/342/115 293/343/116 289/340/114
f 290/344/117 293/343/116 282/342/115 285/345/118
f 279/346/105 205/330/104 206/335/109 308/347/111 304/333/107 286/332/106 278/348/119
f 287/349/120 284/350/121 303/351/122
f 285/345/118 287/352/120 303/351/122 291/353/123 290/344/117
f 206/335/109 205/330/104 207/354/124 208/355/125
f 294/356/126 207/354/124 205/330/104 296/357/103
f 306/358/110 206/335/109 208/355/125 305/359/127
f 207/360/124 294/361/126 353/362/128 373/363/129 372/364/130
f 258/364/131 374/365/132 208/366/125 207/360/124
f 208/367/125 259/368/133 375/369/134 364/370/135 305/371/127
f 307/370/136 260/369/137 261/372/138 366/373/136
f 309/374/139 376/372/140 350/375/141 301/376/139
f 340/377/142 377/378/143 344/379/144
f 300/379/145 262/378/146 257/380/147 295/381/145
f 378/382/148 379/383/149 321/384/150 264/385/150 318/386/150
f 380/387/151 210/382/152 263/388/153 265/389/153 315/390/153
f 313/391/154 381/392/155 211/393/156 267/394/154
f 311/395/157 382/396/158 212/392/159 273/397/157
f 328/398/160 383/399/161 213/396/162 272/400/160 269/401/160
f 326/402/163 384/403/164 214/404/165 268/405/163
f 385/406/166 215/403/167 270/402/168 271/407/168 323/408/168
f 209/409/169 216/406/170 274/410/171 266/411/171
f 379/383/149 378/382/148 387/412/172 386/413/173
f 210/382/152 380/387/151 388/414/174 218/412/175
f 211/393/156 381/392/155 389/415/176 219/416/177
f 212/392/159 382/396/158 390/417/178 220/415/179
f 213/396/162 383/399/161 391/418/180 221/417/181
f 214/404/165 384/403/164 392/419/182 222/420/183
f 215/403/167 385/406/166 393/421/184 223/419/185
f 216/406/170 209/409/169 217/422/186 224/421/187
f 386/413/173 387/412/172 395/423/188 394/424/189
f 218/412/175 388/414/174 396/425/190 226/423/191
f 219/416/177 389/415/176 397/426/192 227/427/193
f 220/415/179 390/417/178 398/428/194 228/426/194
f 221/417/181 391/418/180 399/429/195 229/428/196
f 222/420/183 392/419/182 400/430/197 230/431/198
f 223/419/185 393/421/184 401/432/199 231/430/200
f 224/421/187 217/422/186 225/433/201 232/432/202
f 394/424/189 395/423/188 403/434/203 402/435/204
f 226/423/191 396/425/190 404/436/205 234/434/206
f 227/427/193 397/426/192 405/437/207 235/438/208
f 228/426/194 398/428/194 406/439/209 236/437/210
f 229/428/196 399/429/195 407/440/211 237/439/212
f 230/431/198 400/430/197 408/441/213 238/442/214
f 231/430/200 401/432/199 409/443/215 239/441/216
f 232/432/202 225/433/201 233/444/217 240/443/218
f 402/435/204 403/434/203 411/445/219 410/446/220
f 234/434/206 404/436/205 412/447/221 242/445/222
f 235/438/208 405/437/207 413/448/223 243/449/224
f 236/437/210 406/439/209 414/450/225 244/448/226
f 237/439/212 407/440/211 415/451/227 245/450/228
f 238/442/214 408/441/213 416/452/229 246/453/230
f 239/441/216 409/443/215 417/454/231 247/452/232
f 240/443/218 233/444/217 241/455/233 248/454/234
f 410/446/220 411/445/219 419/456/235 418/457/236
f 242/445/222 412/447/221 420/458/237 250/456/238
f 243/449/224 413/448/223 421/459/239 251/460/240
f 244/448/226 414/450/225 422/461/241 252/459/242
f 245/450/228 415/451/227 349/462/243 253/461/244
f 246/453/230 416/452/229 423/463/245 254/464/246
f 247/452/232 417/454/231 424/465/247 255/463/248
f 248/454/234 241/455/233 249/466/249 256/465/250
f 418/467/236 419/468/235 372/364/130 373/363/129
f 250/468/238 420/469/237 374/365/132 258/364/131
f 251/460/240 421/459/239 375/369/134 259/368/133
f 252/459/242 422/461/241 261/372/138 260/369/137
f 253/461/244 349/462/243 350/470/141 376/372/140
f 297/471/251 254/464/246 423/463/245 299/472/251 298/473/251
f 340/474/142 255/463/248 424/465/247 377/378/143
f 256/465/250 249/466/249 257/380/147 262/378/146
o BlueMug_cell.003
v -0.420717 -0.436522 0.375230
v -0.286634 -0.467290 0.426372
v -0.510790 -0.467290 0.263512
v -0.423642 -0.344218 0.379256
v -0.291242 -0.436522 0.440554
v -0.411940 -0.467290 0.363151
v -0.522853 -0.436522 0.272278
v -0.526875 -0.344218 0.275199
v -0.292776 -0.344218 0.445280
v -0.306665 -0.449413 0.488023
v -0.296479 -0.517290 0.456677
v -0.450086 -0.449444 0.415653
v -0.430694 -0.517290 0.388961
v -0.563233 -0.449413 0.301614
v -0.536569 -0.517290 0.282241
v -0.453416 -0.345581 0.420236
v -0.567804 -0.345579 0.304936
v -0.308411 -0.345579 0.493396
v -0.149341 -0.517290 -0.007826
v -0.149316 -0.467290 -0.015168
v -0.148774 -0.449443 0.513665
v -0.148813 -0.517290 0.480666
v -0.148752 -0.345581 0.519332
v -0.148833 -0.467290 0.448758
v -0.148815 -0.436522 0.463693
v -0.148796 -0.344218 0.468671
v -0.627731 -0.210699 0.188472
v -0.624196 -0.345581 0.195339
v -0.616775 -0.449436 0.197546
v -0.575637 -0.436522 0.169696
v -0.587610 -0.517290 0.183045
v -0.582185 -0.344218 0.167704
v -0.584749 -0.246369 0.162722
v -0.562438 -0.467290 0.163138
v -0.258299 -0.517290 -0.032855
v -0.318547 -0.467290 0.003240
v -0.165157 -0.517290 -0.029879
v -0.181025 -0.467290 -0.059382
v -0.196428 -0.517290 -0.073340
v -0.194412 -0.467290 -0.077988
v -0.148731 0.199914 0.468682
v -0.151740 0.224667 0.518849
v -0.154913 0.206115 0.467678
v -0.487327 0.149258 0.386055
v -0.453416 0.164298 0.420236
v -0.423642 0.152133 0.379256
v -0.448050 0.141308 0.354653
v -0.292778 0.186628 0.445280
v -0.308411 0.202522 0.493397
v -0.567804 0.113186 0.304936
v -0.572873 0.109207 0.295085
v -0.525769 0.106471 0.276314
v -0.585678 -0.210110 0.160916
v -0.628358 -0.186231 0.187253
v -0.574694 0.099686 0.291546
v -0.528623 0.093886 0.271803
v -0.148813 -0.517290 0.480666
v -0.149341 -0.517290 -0.007826
v -0.148774 -0.449443 0.513665
v -0.148752 -0.345581 0.519332
v -0.528623 0.093886 0.271803
v -0.525769 0.106471 0.276314
v -0.149316 -0.467290 -0.015168
v -0.148833 -0.467290 0.448758
v -0.148815 -0.436522 0.463693
v -0.148796 -0.344218 0.468671
v -0.587610 -0.517290 0.183045
v -0.258299 -0.517290 -0.032855
v -0.616775 -0.449436 0.197546
v -0.624196 -0.345581 0.195339
v -0.627731 -0.210699 0.188472
v -0.582185 -0.344218 0.167704
v -0.584749 -0.246369 0.162722
v -0.575637 -0.436522 0.169696
v -0.562438 -0.467290 0.163138
v -0.318547 -0.467290 0.003240
v -0.165157 -0.517290 -0.029879
v -0.181025 -0.467290 -0.059382
v -0.194412 -0.467290 -0.077988
v -0.196428 -0.517290 -0.073340
v -0.151740 0.224667 0.518849
v -0.148731 0.199914 0.468682
v -0.154913 0.206115 0.467678
v -0.423642 0.152133 0.379256
v -0.292778 0.186628 0.445280
v -0.448050 0.141308 0.354653
v -0.487327 0.149258 0.386055
v -0.453416 0.164298 0.420236
v -0.308411 0.202522 0.493397
v -0.567804 0.113186 0.304936
v -0.572873 0.109207 0.295085
v -0.628358 -0.186231 0.187253
v -0.585678 -0.210110 0.160916
v -0.574694 0.099686 0.291546
vn 0.9999 0.0010 0.0130
vn -0.5474 -0.0569 -0.8349
vn 0.8096 -0.0857 -0.5807
vn 0.8087 -0.0867 -0.5818
vn 0.7020 0.6544 -0.2808
vn -0.0782 0.9388 -0.3355
vn -0.0801 0.9379 -0.3376
vn -0.5467 -0.0556 -0.8355
vn -0.3226 0.3834 -0.8654
vn -0.1555 -0.2430 0.9575
vn -0.2995 -0.2460 0.9218
vn -0.1748 -0.8246 0.5381
vn -0.0918 -0.8198 0.5652
vn -0.5697 -0.2461 0.7841
vn -0.3334 -0.8235 0.4589
vn -0.7842 -0.2460 0.5697
vn -0.4577 -0.8246 0.3326
vn -0.4591 -0.8564 0.2362
vn -0.8622 -0.2445 0.4436
vn -0.0000 -1.0000 -0.0000
vn -0.5647 -0.0000 0.8253
vn -0.7099 -0.0000 0.7043
vn -0.7896 -0.0000 0.6137
vn -0.8087 -0.0271 0.5876
vn -0.5876 -0.0272 0.8087
vn -0.2912 -0.0000 0.9567
vn -0.3089 -0.0271 0.9507
vn -0.1603 -0.0268 0.9867
vn -0.1604 -0.0000 0.9871
vn -0.3242 0.3773 -0.8675
vn -0.8889 -0.0259 0.4574
vn 0.1749 0.8243 -0.5384
vn 0.2996 0.2454 -0.9220
vn 0.1556 0.2424 -0.9576
vn 0.0919 0.8196 -0.5655
vn 0.3336 0.8233 -0.4592
vn 0.5698 0.2454 -0.7843
vn 0.4580 0.8243 -0.3328
vn 0.7843 0.2454 -0.5698
vn 0.8624 0.2438 -0.4437
vn 0.4594 0.8562 -0.2364
vn 0.7459 -0.0000 -0.6660
vn 0.8084 0.0268 -0.5880
vn 0.8882 0.0256 -0.4587
vn 0.8879 -0.0000 -0.4600
vn 0.3089 0.0268 -0.9507
vn 0.5876 0.0269 -0.8087
vn 0.5647 -0.0000 -0.8253
vn 0.2912 -0.0000 -0.9567
vn 0.1603 0.0265 -0.9867
vn 0.1604 -0.0000 -0.9871
vn 0.7099 -0.0000 -0.7043
vn -0.0000 1.0000 -0.0000
vn -0.8892 -0.0000 0.4575
vt 0.891520 0.000000
vt 0.917334 0.671235
vt 0.907901 0.793138
vt 0.853686 0.840668
vt 0.185121 0.000000
vt 0.371154 0.000000
vt 0.801417 0.744029
vt 0.825953 0.722442
vt 0.834241 0.614041
vt 0.781395 0.000000
vt 0.884533 0.000000
vt 0.883412 0.634427
vt 0.725896 0.533097
vt 0.484936 0.306306
vt 0.172010 0.000000
vt 0.254909 0.000000
vt 0.481918 0.222208
vt 0.696078 0.423867
vt 0.767502 0.469863
vt 0.768332 0.000000
vt 1.000000 0.628846
vt 1.000000 0.814879
vt 0.637311 0.637311
vt 0.272835 0.272835
vt 0.362360 0.000000
vt 0.727024 0.000000
vt 1.000000 0.272835
vt 1.000000 0.637311
vt 0.891520 0.891520
vt 0.781395 0.781395
vt 1.000000 0.765162
vt 0.560161 0.097173
vt 0.503233 0.000000
vt 0.575738 0.000000
vt 0.654831 0.135006
vt 0.824280 0.551506
vt 0.883465 0.883465
vt 0.765162 0.765162
vt 0.713080 0.473050
vt 0.734348 0.000000
vt 0.724930 0.054649
vt 0.575738 0.575738
vt 0.503232 0.503232
vt 0.647312 0.000000
vt 1.000000 0.745091
vt 1.000000 0.827990
vt 0.831001 0.831001
vt 0.749554 0.749554
vt 1.000000 0.231668
vt 0.272976 0.000000
vt 0.637639 0.000000
vt 1.000000 0.115467
vt 0.331322 0.331322
vt 0.250138 0.250138
vt 0.265652 0.000000
vt 0.346211 0.091270
vt 0.909412 0.324924
vt 0.863697 0.324933
vt 0.866647 0.305280
vt 0.909400 0.305280
vt 0.822172 0.324924
vt 0.827787 0.305280
vt 0.552139 0.021388
vt 0.519121 0.021397
vt 0.513512 0.001745
vt 0.544410 0.001745
vt 0.484791 0.001745
vt 0.488989 0.021390
vt 0.109112 0.734787
vt 0.127025 0.720692
vt 0.136079 0.734787
vt 0.140658 0.734787
vt 0.140811 0.792090
vt 0.098058 0.792674
vt 0.059198 0.847404
vt 0.028544 0.816505
vt 0.013766 0.787784
vt 0.553466 0.199087
vt 0.543569 0.194732
vt 0.520082 0.184288
vt 0.520082 0.051460
vt 0.553465 0.051460
vt 0.863192 0.513690
vt 0.863192 0.354996
vt 0.909418 0.354995
vt 0.908554 0.520101
vt 1.000000 0.831001
vt 0.250138 0.000000
vt 0.331322 0.000000
vt 1.000000 0.749553
vt 0.488350 0.051459
vt 0.909412 0.324924
vt 0.909418 0.354995
vt 0.863192 0.513690
vt 0.821208 0.502623
vt 0.821208 0.354995
vt 0.077991 0.591594
vt 0.076657 0.582685
vt 0.117894 0.582685
vt 0.117889 0.591594
vt 0.041711 0.591594
vt 0.039170 0.582685
vt 0.596625 0.314189
vt 0.600122 0.305280
vt 0.628971 0.305280
vt 0.626433 0.314189
vt 0.656134 0.314189
vt 0.658033 0.305280
vt 0.625587 0.470404
vt 0.625587 0.340914
vt 0.656711 0.340914
vt 0.658153 0.369244
vt 0.658676 0.379742
vt 0.626570 0.467759
vt 0.076213 0.555960
vt 0.038323 0.555960
vt 0.038323 0.412251
vt 0.076213 0.402263
vt 0.117899 0.555960
vt 0.116129 0.396621
vt 0.117919 0.398416
vt 0.595459 0.340914
vt 0.656711 0.340914
vt 0.656134 0.314189
vt 0.625264 0.471403
vt 0.602582 0.481489
vt 0.595459 0.484623
vt 0.376425 0.602101
vt 0.416322 0.668247
vt 0.416182 0.725550
vt 0.407001 0.739675
vt 0.403125 0.739650
vt 0.367185 0.711112
vt 0.296571 0.685933
vt 0.311524 0.649255
vt 0.340144 0.657896
vt 0.517230 0.183136
vt 0.516205 0.180379
vt 0.486009 0.097597
vt 0.486362 0.090513
vt 0.488350 0.051459
s 0
usemtl lambert2SG.001
f 505/475/252 484/476/252 483/477/252 481/478/252 482/479/252 487/480/252 488/481/252 489/482/252 490/483/252 506/484/252
f 492/485/253 491/486/253 493/487/253 494/488/253 495/489/253 497/490/253 496/491/253 498/492/253 499/493/253 500/494/253
f 487/495/254 482/496/254 501/497/254 502/498/254
f 504/499/255 503/500/255 502/501/255 501/502/255
f 505/503/256 506/504/256 507/505/256
f 508/506/257 510/507/257 511/508/257 512/509/257 513/510/257 505/511/257 507/512/257 509/513/257
f 515/514/258 514/515/258 511/516/258 510/517/258 476/518/258
f 497/519/259 495/520/259 516/521/259 517/522/259
f 500/523/259 503/524/259 504/525/259 492/526/259
f 485/527/260 518/528/260 515/529/260 476/530/260
s 1
f 445/531/261 434/532/262 435/533/263 446/534/264
f 434/532/262 436/535/265 437/536/266 435/533/263
f 436/537/265 438/538/267 439/539/268 437/540/266
f 455/541/269 439/539/268 438/538/267 453/542/270
f 459/543/271 463/544/271 461/545/271 443/546/271 446/547/264 435/548/263 437/549/266 439/550/268 455/551/269
f 469/552/272 468/553/273 474/554/274 441/555/275 440/556/276
f 473/557/277 442/558/278 447/559/279 466/560/280
f 436/537/265 440/556/276 441/555/275 438/538/267
s 0
f 516/561/281 518/562/281 485/563/281 517/564/281
s 1
f 438/538/267 441/555/275 452/565/282 453/542/270
f 442/558/278 434/532/262 445/566/261 447/567/279
f 442/558/278 473/568/277 469/569/272 440/570/276
f 434/532/262 442/558/278 440/570/276 436/535/265
f 426/571/283 429/572/284 449/573/285 448/574/286
f 429/572/284 426/571/283 430/575/287 425/576/288
f 425/577/288 430/578/287 427/579/289 431/580/290
f 454/581/291 431/580/290 427/579/289 458/582/292
f 486/583/293 432/584/294 456/585/295 457/586/296 477/587/296 480/588/296
f 433/589/297 428/590/298 470/591/299 472/592/300
f 450/593/301 433/589/297 472/592/300 467/594/302 465/595/302
f 425/577/288 431/580/290 432/584/294 428/596/298
f 456/597/295 432/584/294 431/580/290 454/598/291
f 449/573/285 429/572/284 433/589/297 450/593/301
f 429/572/284 425/576/288 428/590/298 433/589/297
f 428/596/298 432/584/294 486/599/293 471/600/303 470/601/299
f 426/602/283 448/603/286 444/604/304 462/605/304 464/606/304 460/607/304 458/608/292 427/609/289 430/610/287
f 441/555/275 474/554/274 475/611/305 479/612/305 478/613/305 451/614/305 452/615/282
o BlueMug_cell.004
v -0.589206 -0.436522 -0.143324
v -0.420717 -0.436522 -0.375228
v -0.593938 -0.344218 -0.144862
v -0.423642 -0.344218 -0.379254
v -0.510790 -0.467290 -0.263511
v -0.286634 -0.467290 -0.426371
v -0.522854 -0.436522 -0.272276
v -0.411940 -0.467290 -0.363149
v -0.575006 -0.467290 -0.138710
v -0.291242 -0.436522 -0.440553
v -0.616293 -0.344218 0.000001
v -0.292778 -0.344218 -0.445279
v -0.526876 -0.344218 -0.275198
v -0.536568 -0.517290 -0.282241
v -0.430694 -0.517290 -0.388960
v -0.636726 -0.449444 -0.158764
v -0.563233 -0.449413 -0.301613
v -0.450086 -0.449444 -0.415652
v -0.306666 -0.449413 -0.488021
v -0.666884 -0.345579 0.000001
v -0.642114 -0.345581 -0.160515
v -0.453416 -0.345581 -0.420235
v -0.308411 -0.345579 -0.493394
v -0.567804 -0.345579 -0.304935
v -0.666885 0.117099 0.000001
v -0.616293 0.114041 0.000001
v -0.642115 0.114012 0.160517
v -0.642115 0.117192 -0.160515
v -0.593938 0.114124 -0.144862
v -0.423642 0.106152 -0.379254
v -0.453416 0.108358 -0.420235
v -0.526876 0.111362 -0.275198
v -0.567804 0.114130 -0.304935
v -0.574019 0.108493 0.292857
v -0.593938 0.111234 0.144863
v -0.265029 0.097204 -0.449787
v -0.272650 0.098178 -0.499206
v -0.292778 0.098857 -0.445279
v -0.308411 0.100308 -0.493396
v -0.527362 0.105827 0.274252
v -0.266753 0.097800 -0.500164
v -0.254979 0.096558 -0.451420
v -0.250516 0.079341 -0.502802
v -0.227309 0.065101 -0.455915
v -0.168323 -0.002630 -0.465498
v -0.179297 -0.002437 -0.514372
v -0.280822 -0.467290 -0.427315
v -0.286353 -0.517290 -0.394104
v -0.233225 -0.467290 -0.216863
v -0.300092 -0.517290 -0.454853
v -0.276339 -0.436522 -0.442974
v -0.254202 -0.344218 -0.451546
v -0.298451 -0.504158 -0.462739
v -0.290484 -0.449416 -0.490649
v -0.265595 -0.345580 -0.500350
v -0.665817 -0.365182 0.000001
v -0.663749 -0.345580 0.020315
v -0.642115 -0.210052 0.160517
v -0.647618 -0.449430 -0.088204
v -0.615251 -0.363566 0.000001
v -0.613199 -0.344218 0.020051
v -0.579585 -0.467290 -0.109035
v -0.599276 -0.517290 -0.160371
v -0.599535 -0.436522 -0.076380
v -0.609801 -0.507665 -0.150014
v -0.629197 -0.185515 0.185622
v -0.593938 -0.223584 0.144863
v -0.586467 -0.209393 0.159384
v -0.211745 -0.467290 -0.121169
v -0.236582 -0.517290 -0.172377
v -0.556538 -0.050523 0.217550
v -0.596018 -0.009397 0.250103
v -0.575779 0.098829 0.289438
v -0.529696 0.093010 0.269717
v -0.593938 0.114124 -0.144862
v -0.526876 0.111362 -0.275198
v -0.423642 0.106152 -0.379254
v -0.453416 0.108358 -0.420235
v -0.567804 0.114130 -0.304935
v -0.642115 0.117192 -0.160515
v -0.666885 0.117099 0.000001
v -0.642115 0.114012 0.160517
v -0.616293 0.114041 0.000001
v -0.593938 0.111234 0.144863
v -0.574019 0.108493 0.292857
v -0.527362 0.105827 0.274252
v -0.272650 0.098178 -0.499206
v -0.308411 0.100308 -0.493396
v -0.292778 0.098857 -0.445279
v -0.265029 0.097204 -0.449787
v -0.266753 0.097800 -0.500164
v -0.254979 0.096558 -0.451420
v -0.250516 0.079341 -0.502802
v -0.227309 0.065101 -0.455915
v -0.179297 -0.002437 -0.514372
v -0.168323 -0.002630 -0.465498
v -0.254202 -0.344218 -0.451546
v -0.276339 -0.436522 -0.442974
v -0.280822 -0.467290 -0.427315
v -0.233225 -0.467290 -0.216863
v -0.286353 -0.517290 -0.394104
v -0.300092 -0.517290 -0.454853
v -0.298451 -0.504158 -0.462739
v -0.290484 -0.449416 -0.490649
v -0.265595 -0.345580 -0.500350
v -0.642115 -0.210052 0.160517
v -0.663749 -0.345580 0.020315
v -0.665817 -0.365182 0.000001
v -0.647618 -0.449430 -0.088204
v -0.609801 -0.507665 -0.150014
v -0.599276 -0.517290 -0.160371
v -0.211745 -0.467290 -0.121169
v -0.579585 -0.467290 -0.109035
v -0.599535 -0.436522 -0.076380
v -0.615251 -0.363566 0.000001
v -0.613199 -0.344218 0.020051
v -0.629197 -0.185515 0.185622
v -0.593938 -0.223584 0.144863
v -0.586467 -0.209393 0.159384
v -0.236582 -0.517290 -0.172377
v -0.556538 -0.050523 0.217550
v -0.596018 -0.009397 0.250103
v -0.575779 0.098829 0.289438
v -0.529696 0.093010 0.269717
vn 0.0605 0.9981 0.0100
vn 0.0656 0.9978 0.0096
vn 0.7299 0.6648 -0.1594
vn 0.7327 0.6610 -0.1619
vn 0.0229 -0.7206 0.6929
vn 0.9453 -0.2465 -0.2136
vn 0.3215 -0.3784 0.8680
vn 0.3240 -0.3761 0.8681
vn 0.3263 -0.3675 0.8709
vn 0.9442 -0.2520 -0.2119
vn 0.9507 0.0269 0.3089
vn 0.9996 0.0268 -0.0000
vn 0.9958 0.0536 0.0742
vn 0.9775 0.1474 0.1508
vn 0.9220 0.2454 0.2996
vn -0.6437 -0.6899 -0.3312
vn -0.8333 -0.4364 -0.3395
vn -0.9218 -0.2461 -0.2995
vn -0.7842 -0.2460 -0.5697
vn -0.4577 -0.8246 -0.3326
vn -0.5697 -0.2461 -0.7841
vn -0.3334 -0.8235 -0.4589
vn -0.2810 -0.7816 -0.5569
vn -0.2995 -0.2460 -0.9218
vn -0.3850 -0.4340 -0.8145
vn -0.1564 -0.2208 -0.9627
vn -0.9774 -0.1481 -0.1508
vn -0.9958 -0.0542 -0.0743
vn -0.9996 -0.0271 -0.0000
vn -0.9507 -0.0272 -0.3089
vn -0.8892 -0.0000 0.4575
vn -0.9520 -0.0000 0.3062
vn -0.9716 -0.0000 0.2367
vn -0.3141 -0.0000 -0.9494
vn -0.1604 -0.0000 -0.9871
vn -0.1603 -0.0226 -0.9868
vn -0.3089 -0.0271 -0.9507
vn -0.8106 -0.0000 -0.5856
vn -0.5914 -0.0000 -0.8064
vn -0.5876 -0.0272 -0.8087
vn -0.8087 -0.0271 -0.5876
vn -0.9882 -0.0131 0.1525
vn 0.8087 0.0268 0.5876
vn 0.8106 -0.0000 0.5856
vn 0.9513 -0.0000 0.3081
vn 0.0889 0.8322 0.5474
vn 0.1749 0.8243 0.5384
vn 0.3336 0.8233 0.4592
vn 0.4580 0.8243 0.3328
vn 0.5398 0.8233 0.1754
vn 0.6563 0.7477 0.1013
vn -0.0000 1.0000 -0.0000
vn 0.7843 0.2454 0.5698
vn 0.5698 0.2454 0.7843
vn 0.2996 0.2454 0.9220
vn 0.1564 0.2202 0.9628
vn 0.5876 0.0269 0.8087
vn 0.5914 -0.0000 0.8064
vn 0.9716 -0.0000 -0.2367
vn 0.9520 -0.0000 -0.3062
vn 0.8892 -0.0000 -0.4575
vn 0.9882 0.0130 -0.1525
vn 1.0000 -0.0000 0.0010
vn 0.3089 0.0268 0.9507
vn 0.1603 0.0224 0.9868
vn -1.0000 -0.0000 -0.0010
vn 0.3141 -0.0000 0.9494
vn -0.0000 -1.0000 -0.0000
vn -0.9513 -0.0000 -0.3081
vn 0.1604 -0.0000 0.9871
vt 0.263871 0.000000
vt 0.349954 0.000000
vt 0.268919 0.208923
vt 0.380674 0.148328
vt 0.538303 0.254408
vt 0.680081 0.241509
vt 0.793223 0.116533
vt 0.950559 0.838699
vt 1.000000 0.829914
vt 1.000000 0.900197
vt 0.936284 0.911518
vt 0.837850 0.229845
vt 0.712482 0.368323
vt 0.555384 0.382622
vt 0.380722 0.265078
vt 0.206014 0.033211
vt 1.000000 0.843987
vt 0.900197 0.900197
vt 0.829914 0.829914
vt 1.000000 0.734121
vt 1.000000 0.803909
vt 0.843987 0.843987
vt 0.734121 0.734121
vt 1.000000 0.665818
vt 0.803909 0.803909
vt 0.665819 0.665819
vt 0.693051 0.000000
vt 0.836789 0.000000
vt 0.374515 0.115789
vt 0.363618 0.000000
vt 0.725348 0.000000
vt 0.533920 0.231906
vt 0.561537 0.303276
vt 0.696445 0.472587
vt 0.745892 0.517506
vt 0.895995 0.751050
vt 1.000000 0.750421
vt 1.000000 0.831894
vt 0.993956 0.828870
vt 0.631636 0.514213
vt 0.581563 0.468705
vt 0.425885 0.273187
vt 0.373739 0.138104
vt 0.693051 0.693051
vt 0.757353 0.335208
vt 0.739781 0.167455
vt 0.707667 0.105142
vt 0.276021 0.000000
vt 0.639554 0.000000
vt 0.764152 0.030350
vt 0.780327 0.057547
vt 0.837565 0.168439
vt 0.857452 0.357179
vt 0.836789 0.836789
vt 0.693791 0.000000
vt 0.769114 0.000000
vt 0.831894 0.831894
vt 0.750421 0.750421
vt 1.000000 0.751264
vt 0.769114 0.769114
vt 0.693791 0.693791
vt 1.000000 0.670118
vt 0.670118 0.670118
vt 1.000000 0.650046
vt 1.000000 0.736129
vt 0.751264 0.751264
vt 0.636382 0.000000
vt 0.639554 0.639554
vt 0.276021 0.276021
vt 0.274652 0.000000
vt 0.747208 0.340914
vt 0.705266 0.340914
vt 0.705266 0.335312
vt 0.727381 0.314189
vt 0.746763 0.314189
vt 0.385360 0.001745
vt 0.388359 0.004532
vt 0.385826 0.021388
vt 0.344466 0.021397
vt 0.350075 0.001745
vt 0.311448 0.021388
vt 0.319177 0.001745
vt 0.605929 0.301289
vt 0.568115 0.301289
vt 0.562500 0.281645
vt 0.604026 0.281636
vt 0.606404 0.297487
vt 0.608711 0.281637
vt 0.406256 0.021392
vt 0.388359 0.004532
vt 0.431794 0.045784
vt 0.431794 0.051460
vt 0.385319 0.051460
vt 0.516585 0.182929
vt 0.478268 0.184527
vt 0.478268 0.090700
vt 0.485537 0.097804
vt 0.504206 0.148796
vt 0.515595 0.180131
vt 0.603520 0.122474
vt 0.613874 0.123091
vt 0.615581 0.123201
vt 0.620282 0.128545
vt 0.640903 0.152222
vt 0.615917 0.251573
vt 0.603520 0.251573
vt 0.343505 0.184561
vt 0.310121 0.182890
vt 0.310122 0.051460
vt 0.343505 0.051461
vt 0.437675 0.051460
vt 0.431794 0.045784
vt 0.784945 0.340914
vt 0.784945 0.472819
vt 0.747208 0.473619
vt 0.561536 0.251574
vt 0.608711 0.281637
vt 0.378108 0.849271
vt 0.376425 0.782250
vt 0.340144 0.793204
vt 0.311524 0.762930
vt 0.292931 0.765711
vt 0.291605 0.757120
vt 0.398107 0.753678
vt 0.391888 0.781336
vt 0.745427 0.305280
vt 0.781561 0.305280
vt 0.784099 0.314189
vt 0.810410 0.305280
vt 0.813907 0.314189
vt 0.430612 0.314189
vt 0.433153 0.305280
vt 0.469434 0.305280
vt 0.468100 0.314189
vt 0.471117 0.305280
vt 0.472415 0.314189
vt 0.736835 0.305280
vt 0.727381 0.314189
vt 0.815073 0.340914
vt 0.815073 0.471310
vt 0.784945 0.472819
vt 0.663324 0.375841
vt 0.663324 0.472782
vt 0.625861 0.471216
vt 0.627174 0.467505
vt 0.642278 0.425948
vt 0.659120 0.379950
vt 0.699461 0.340914
vt 0.705266 0.473594
vt 0.663324 0.472782
vt 0.663324 0.375841
vt 0.467655 0.340914
vt 0.429766 0.340914
vt 0.478824 0.340914
vt 0.431794 0.185421
vt 0.437675 0.051460
vt 0.467655 0.469198
vt 0.429765 0.471310
vt 0.010389 0.692065
vt 0.028544 0.653069
vt 0.059198 0.663578
vt 0.097012 0.676541
vt 0.100990 0.630826
vt 0.115400 0.706753
vt 0.385319 0.185448
vt 0.467655 0.469198
vt 0.503689 0.439814
vt 0.486611 0.459425
vt 0.478599 0.468533
vt 0.475689 0.468719
vt 0.385319 0.185448
vt 0.561536 0.120144
vt 0.603520 0.122474
s 0
usemtl lambert2SG.001
f 603/616/306 604/617/306 602/618/306 601/619/306 593/620/306 594/621/306 595/622/306 607/623/306 608/624/306 605/625/306 606/626/306 596/627/306 597/628/306 598/629/306 599/630/306 600/631/306
f 609/632/307 605/633/307 608/634/307 610/635/307
f 611/636/308 609/637/308 610/638/308 612/639/308
f 611/640/309 612/641/309 614/642/309 613/643/309
f 629/644/310 638/645/310 630/646/310 631/647/310 632/648/310 633/649/310 634/650/310 636/651/310 637/652/310 635/653/310 624/654/310 625/655/310 626/656/310 627/657/310 628/658/310
f 614/659/311 615/660/311 616/661/311 617/662/311 618/663/311 619/664/311 620/665/311 621/666/311 622/667/311 623/668/311 613/669/311
f 639/670/312 640/671/312 635/672/312 637/673/312
f 641/674/313 640/675/313 639/676/313 642/677/313
f 642/678/314 604/679/314 603/680/314 641/681/314
f 638/682/315 619/683/315 618/684/315 630/685/315
s 1
f 521/686/316 529/687/317 578/688/318 582/689/319 519/690/320
f 581/691/321 583/692/322 534/693/323 535/694/324 532/695/325
f 535/694/324 536/696/326 533/697/327 532/695/325
f 568/698/328 533/699/327 536/700/326 537/701/329 571/702/330
f 537/701/329 572/703/331 571/702/330
f 577/704/332 534/693/323 583/705/322
f 574/706/333 538/707/334 539/708/335 534/693/323 577/704/332
f 552/709/336 545/710/337 576/711/338 584/712/336 590/713/336 591/714/336
f 557/715/339 555/716/340 559/717/340 561/718/340 564/719/340 573/720/341 541/721/342
f 551/722/343 549/723/344 540/724/345 542/725/346
f 575/726/347 538/707/334 574/727/333
f 521/686/316 531/728/348 550/729/349 547/730/350
f 536/700/326 540/731/345 541/721/342 537/701/329
f 537/701/329 541/721/342 573/720/341 572/732/331
f 534/693/323 539/708/335 542/725/346 535/694/324
f 535/694/324 542/725/346 540/724/345 536/696/326
f 565/733/351 524/734/352 526/735/353 523/736/354 527/737/355 580/738/356 587/739/357 567/740/357
f 519/690/320 527/741/355 523/742/354 525/743/358
f 525/743/358 523/742/354 526/744/353 520/745/359
f 520/746/359 526/747/353 524/748/352 528/749/360
f 528/749/360 524/748/352 565/750/351 569/751/361
f 580/752/356 527/741/355 519/690/320 582/753/319
f 531/728/348 522/754/362 548/755/363 550/756/349
f 585/757/364 553/758/365 558/759/366 592/760/366 589/761/366 586/762/366
f 579/763/367 529/687/317 544/764/368 553/765/365 585/766/364
f 578/688/318 529/687/317 579/763/367
f 520/746/359 528/749/360 530/767/369 522/768/362
f 570/769/370 530/767/369 528/749/360 569/751/361
f 519/690/320 525/743/358 531/728/348 521/686/316
f 525/743/358 520/745/359 522/754/362 531/728/348
f 576/711/338 545/710/337 543/770/371 538/707/334 575/771/347
f 522/768/362 530/767/369 556/772/372 548/773/363
f 581/774/321 532/775/325 533/776/327 568/777/328 566/778/373 588/779/373
f 543/770/371 546/780/374 539/708/335 538/707/334
f 521/686/316 547/730/350 544/764/368 529/687/317
f 556/781/372 530/767/369 570/769/370 563/782/375 562/783/375 560/784/375 554/785/375
f 546/786/374 551/722/343 542/725/346 539/708/335
f 549/787/344 557/788/339 541/721/342 540/731/345
o BlueMug_cell.005
v 0.297744 0.517290 -0.144862
v 0.297744 0.517290 0.144864
v 0.127448 0.517290 0.379256
v 0.320099 0.517290 0.000001
v 0.230682 0.517290 0.275199
v -0.003417 0.517290 0.445280
v 0.345920 0.517290 -0.160515
v 0.370690 0.517290 0.000001
v 0.345920 0.517290 0.160517
v 0.271610 0.517290 0.304936
v 0.157222 0.517290 0.420236
v 0.012217 0.517290 0.493397
v 0.284609 0.507438 -0.170390
v 0.284601 0.517290 -0.170405
v 0.326661 0.513279 -0.197945
v 0.284755 0.445122 -0.170107
v 0.326821 0.444505 -0.197633
v -0.117894 0.463079 0.514534
v -0.118286 0.461630 0.463942
v 0.297744 0.445898 -0.144862
v 0.320099 0.450135 0.000001
v 0.345920 0.445646 -0.160515
v -0.117910 0.517290 0.514537
v -0.118303 0.517290 0.463945
v -0.003417 0.461565 0.445280
v 0.012217 0.463017 0.493397
v 0.127448 0.460223 0.379256
v 0.157222 0.461529 0.420236
v 0.271610 0.458698 0.304936
v 0.230682 0.457668 0.275199
v 0.297744 0.454203 0.144864
v 0.345920 0.454859 0.160517
v 0.370690 0.450345 0.000001
v 0.284609 0.507438 -0.170390
v 0.284601 0.517290 -0.170405
v 0.284601 0.517290 -0.170405
v 0.284755 0.445122 -0.170107
v 0.326661 0.513279 -0.197945
v 0.326661 0.513279 -0.197945
v 0.326821 0.444505 -0.197633
v 0.345920 0.517290 -0.160515
v 0.297744 0.445898 -0.144862
v 0.320099 0.450135 0.000001
v 0.345920 0.445646 -0.160515
v -0.117910 0.517290 0.514537
v -0.117910 0.517290 0.514537
v -0.118303 0.517290 0.463945
v -0.118303 0.517290 0.463945
v -0.118286 0.461630 0.463942
v -0.117894 0.463079 0.514534
v 0.127448 0.460223 0.379256
v 0.230682 0.457668 0.275199
v 0.297744 0.454203 0.144864
v 0.370690 0.450345 0.000001
v 0.345920 0.454859 0.160517
v 0.271610 0.458698 0.304936
v 0.157222 0.461529 0.420236
v 0.012217 0.463017 0.493397
v -0.003417 0.461565 0.445280
v 0.345920 0.517290 0.160517
v 0.271610 0.517290 0.304936
v 0.157222 0.517290 0.420236
v 0.012217 0.517290 0.493397
v 0.297744 0.517290 -0.144862
v 0.297744 0.517290 0.144864
v 0.230682 0.517290 0.275199
v 0.127448 0.517290 0.379256
v -0.003417 0.517290 0.445280
v 0.370690 0.517290 0.000001
v 0.320099 0.517290 0.000001
vn -0.5479 -0.0017 -0.8365
vn -0.5476 -0.0051 -0.8367
vn 0.0042 -0.9996 0.0287
vn 1.0000 -0.0000 -0.0000
vn 0.9511 -0.0000 0.3090
vn 0.9519 -0.0000 0.3065
vn 1.0000 -0.0000 -0.0028
vn -1.0000 -0.0003 0.0078
vn 0.8892 -0.0000 -0.4575
vn 0.9526 -0.0000 -0.3042
vn 0.9502 -0.0000 -0.3118
vn 0.8090 -0.0000 0.5878
vn 0.8102 -0.0000 0.5862
vn 0.5878 -0.0000 0.8090
vn 0.5889 -0.0000 0.8082
vn 0.3090 -0.0000 0.9511
vn 0.3095 -0.0000 0.9509
vn 0.1604 -0.0000 0.9871
vn -0.9511 -0.0000 0.3090
vn -0.8892 -0.0000 0.4575
vn -0.9502 -0.0000 0.3118
vn -1.0000 -0.0000 0.0028
vn -1.0000 -0.0000 -0.0000
vn -0.8102 -0.0000 -0.5862
vn -0.8090 -0.0000 -0.5878
vn -0.9511 -0.0000 -0.3090
vn -0.9519 -0.0000 -0.3065
vn -0.5889 -0.0000 -0.8082
vn -0.5878 -0.0000 -0.8090
vn -0.3095 -0.0000 -0.9509
vn -0.3090 -0.0000 -0.9511
vn -0.1604 -0.0000 -0.9871
vn 0.0004 1.0000 -0.0026
vt 1.000000 0.465420
vt 1.000000 0.515620
vt 0.914920 0.430580
vt 0.515620 0.515620
vt 0.465420 0.465420
vt 1.000000 0.465721
vt 1.000000 0.515893
vt 0.847438 0.264592
vt 0.903014 0.400470
vt 0.475518 0.069781
vt 0.500711 0.429858
vt 0.515893 0.515893
vt 0.465721 0.465721
vt 0.443399 0.339222
vt 0.967033 0.551833
vt 0.816914 0.372134
vt 0.755333 0.221574
vt 0.783944 0.113138
vt 0.904396 0.059810
vt 1.000000 0.115663
vt 1.000000 0.222431
vt 0.981968 0.118605
vt 0.873258 0.166730
vt 0.866410 0.301289
vt 0.819935 0.301289
vt 0.819935 0.283213
vt 0.866410 0.281907
vt 0.766705 0.222150
vt 0.222431 0.222431
vt 0.115663 0.115663
vt 0.645760 0.115389
vt 0.923723 0.301289
vt 0.912884 0.301289
vt 0.912884 0.280545
vt 0.923631 0.280215
vt 0.778121 0.301289
vt 0.778121 0.284325
vt 0.744738 0.301289
vt 0.744738 0.285144
vt 0.998008 0.588680
vt 0.998008 0.604825
vt 0.956024 0.604825
vt 0.956024 0.589111
vt 0.918353 0.589129
vt 0.956024 0.589111
vt 0.918348 0.604825
vt 0.271881 0.591594
vt 0.264486 0.591594
vt 0.264490 0.588741
vt 0.264572 0.570699
vt 0.271881 0.570924
vt 0.313823 0.572150
vt 0.313823 0.591594
vt 0.393502 0.574332
vt 0.393502 0.591594
vt 0.355766 0.591594
vt 0.355766 0.573328
vt 0.423630 0.575071
vt 0.423630 0.591594
vt 0.393502 0.574332
vt 0.159992 0.322660
vt 0.159992 0.306526
vt 0.197882 0.306526
vt 0.197882 0.323049
vt 0.126733 0.322641
vt 0.126728 0.306526
vt 0.281283 0.194082
vt 0.287756 0.152139
vt 0.281283 0.110197
vt 0.261866 0.072461
vt 0.231977 0.042333
vt 0.194088 0.023216
vt 0.160824 0.017812
vt 0.160938 0.017831
vt 0.198614 0.025500
vt 0.240597 0.051022
vt 0.273716 0.095491
vt 0.295232 0.105665
vt 0.302404 0.152139
vt 0.295232 0.198614
vt 0.289655 0.196802
vt 0.277478 0.201477
vt 0.912884 0.280545
s 0
usemtl lambert2SG.001
f 680/789/376 676/790/376 677/791/376
f 676/792/377 680/793/377 682/794/377 679/795/377
f 694/796/378 695/797/378 685/798/378 684/799/378 679/800/378 682/801/378 686/802/378 696/803/378 697/804/378 698/805/378 699/806/378 700/807/378 692/808/378 691/809/378 701/810/378 693/811/378
s 1
f 711/812/379 702/813/380 674/814/381 675/815/382
s 0
f 689/816/383 691/817/383 692/818/383 687/819/383
s 1
f 681/820/384 683/821/385 664/822/386 659/823/384
f 674/814/381 702/813/380 703/824/387 671/825/388
f 671/825/388 703/824/387 704/826/389 670/827/390
f 670/828/390 704/829/389 705/830/391 668/831/392
f 660/832/393 668/833/392 705/830/391 688/834/393
f 706/835/394 678/836/395 655/837/395 658/838/395 662/839/396
f 663/840/397 712/841/398 706/835/394 662/839/396
f 672/842/399 708/843/400 707/844/401 673/845/402
f 669/846/403 709/847/404 708/843/400 672/848/399
f 667/849/405 710/850/406 709/851/404 669/852/403
f 661/853/407 690/854/407 710/850/406 667/849/405
f 673/845/402 707/844/401 712/841/398 663/840/397
f 643/855/408 646/856/408 644/857/408 647/858/408 645/859/408 648/860/408 666/861/408 665/862/408 654/863/408 653/864/408 652/865/408 651/866/408 650/867/408 649/868/408 657/869/408 656/870/408
f 683/821/385 711/812/379 675/815/382 664/871/386
o BlueMug_cell.006
v -0.148096 -0.436522 -0.463807
v 0.124524 -0.436522 -0.375228
v 0.293012 -0.436522 -0.143324
v 0.297744 -0.344218 -0.144862
v 0.127448 -0.344218 -0.379254
v -0.148096 -0.344218 -0.468784
v -0.148096 -0.467290 -0.448878
v -0.004953 -0.436522 -0.440553
v 0.115748 -0.467290 -0.363149
v 0.226660 -0.436522 -0.272276
v 0.278813 -0.467290 -0.138710
v -0.009560 -0.467290 -0.426371
v 0.214596 -0.467290 -0.263511
v 0.230682 -0.344218 -0.275198
v -0.003417 -0.344218 -0.445279
v -0.296480 -0.517290 -0.456675
v -0.148098 -0.517290 -0.480782
v -0.148096 -0.449443 -0.513774
v 0.010471 -0.449413 -0.488021
v 0.000286 -0.517290 -0.456675
v 0.153892 -0.449444 -0.415652
v 0.134499 -0.517290 -0.388960
v 0.267039 -0.449413 -0.301613
v 0.240375 -0.517290 -0.282240
v 0.340532 -0.449443 -0.158764
v 0.309154 -0.517290 -0.148569
v 0.332081 -0.517290 0.000001
v 0.345920 -0.221145 -0.160515
v 0.345919 -0.345581 -0.160515
v 0.157222 -0.345581 -0.420235
v 0.271610 -0.345579 -0.304935
v -0.148096 -0.345581 -0.519439
v 0.012216 -0.345579 -0.493394
v 0.358871 -0.327521 -0.076583
v 0.352786 -0.449428 -0.079382
v 0.358873 -0.283298 -0.084241
v 0.345920 -0.283364 -0.160515
v 0.362964 -0.313474 -0.054867
v 0.363439 -0.284500 -0.063613
v 0.297744 -0.156972 -0.144862
v 0.246782 -0.049406 -0.243907
v 0.312965 -0.237791 -0.046228
v 0.345920 -0.181594 -0.160515
v 0.280683 -0.043899 -0.287302
v 0.362626 -0.265674 -0.058816
v 0.361366 -0.261849 -0.062918
v 0.358873 -0.249138 -0.078326
v 0.390313 -0.282797 -0.063597
v 0.355996 -0.235093 -0.095224
v 0.416322 -0.322016 -0.035282
v 0.418687 -0.309912 -0.054927
v 0.314279 -0.244908 -0.037710
v 0.414560 -0.329582 -0.022993
v -0.234079 -0.517290 -0.171750
v -0.209659 -0.467290 -0.120586
v -0.284176 -0.517290 -0.392574
v -0.230953 -0.467290 -0.214449
v -0.267065 -0.467290 -0.374025
v -0.297672 -0.510896 -0.459511
v -0.279112 -0.467290 -0.427593
v -0.274603 -0.436522 -0.443256
v -0.252439 -0.344218 -0.451832
v -0.185484 -0.034683 -0.513367
v -0.288693 -0.449416 -0.490940
v -0.263773 -0.345580 -0.500646
v -0.181502 -0.062516 -0.463357
v -0.177602 -0.003619 -0.514648
v -0.166616 -0.003849 -0.465775
v -0.148098 -0.003652 -0.468784
v -0.148098 -0.003304 -0.519441
v -0.003417 -0.002433 -0.445279
v 0.012217 -0.001953 -0.493396
v 0.157222 -0.001072 -0.420235
v 0.123291 -0.001662 -0.381351
v 0.167796 -0.001044 -0.409577
v 0.137426 -0.006254 -0.369196
v 0.182989 -0.006490 -0.394263
v 0.271610 -0.038657 -0.304935
v 0.230682 -0.040103 -0.275198
v 0.313605 -0.436522 -0.009869
v 0.310109 -0.444058 -0.008857
v 0.359182 -0.459762 -0.005396
v 0.316516 -0.344218 -0.023218
v 0.368400 -0.332083 -0.023737
v 0.366815 -0.349261 -0.021278
v 0.363993 -0.449414 -0.006785
v 0.366591 -0.360540 -0.019644
v -0.147576 -0.517290 -0.009742
v -0.147646 -0.467290 -0.016889
v 0.299322 -0.467290 -0.005805
v 0.340064 -0.500849 0.000001
v -0.193140 -0.467290 -0.079451
v -0.195215 -0.517290 -0.074973
v -0.188078 -0.517290 -0.064980
v -0.178935 -0.467290 -0.059560
v 0.390313 -0.282797 -0.063597
v 0.390313 -0.282797 -0.063597
v 0.418687 -0.309912 -0.054927
v 0.418687 -0.309912 -0.054927
v 0.362626 -0.265674 -0.058816
v 0.361366 -0.261849 -0.062918
v 0.358873 -0.249138 -0.078326
v 0.355996 -0.235093 -0.095224
v 0.345920 -0.181594 -0.160515
v 0.280683 -0.043899 -0.287302
v 0.297744 -0.156972 -0.144862
v 0.246782 -0.049406 -0.243907
v -0.284176 -0.517290 -0.392574
v -0.296480 -0.517290 -0.456675
v 0.312965 -0.237791 -0.046228
v 0.416322 -0.322016 -0.035282
v 0.414560 -0.329582 -0.022993
v 0.314279 -0.244908 -0.037710
v -0.234079 -0.517290 -0.171750
v -0.230953 -0.467290 -0.214449
v -0.209659 -0.467290 -0.120586
v -0.267065 -0.467290 -0.374025
v -0.279112 -0.467290 -0.427593
v -0.274603 -0.436522 -0.443256
v -0.252439 -0.344218 -0.451832
v -0.181502 -0.062516 -0.463357
v -0.297672 -0.510896 -0.459511
v -0.288693 -0.449416 -0.490940
v -0.147576 -0.517290 -0.009742
v 0.332081 -0.517290 0.000001
v -0.185484 -0.034683 -0.513367
v -0.263773 -0.345580 -0.500646
v -0.166616 -0.003849 -0.465775
v -0.177602 -0.003619 -0.514648
v -0.148098 -0.003304 -0.519441
v -0.148098 -0.003652 -0.468784
v -0.003417 -0.002433 -0.445279
v 0.123291 -0.001662 -0.381351
v 0.157222 -0.001072 -0.420235
v 0.167796 -0.001044 -0.409577
v 0.012217 -0.001953 -0.493396
v 0.182989 -0.006490 -0.394263
v 0.137426 -0.006254 -0.369196
v 0.230682 -0.040103 -0.275198
v 0.271610 -0.038657 -0.304935
v 0.368400 -0.332083 -0.023737
v 0.316516 -0.344218 -0.023218
v 0.313605 -0.436522 -0.009869
v 0.310109 -0.444058 -0.008857
v 0.359182 -0.459762 -0.005396
v 0.363993 -0.449414 -0.006785
v 0.366591 -0.360540 -0.019644
v 0.366815 -0.349261 -0.021278
v 0.340064 -0.500849 0.000001
v 0.299322 -0.467290 -0.005805
v -0.147646 -0.467290 -0.016889
v -0.193140 -0.467290 -0.079451
v -0.195215 -0.517290 -0.074973
v -0.178935 -0.467290 -0.059560
v -0.188078 -0.517290 -0.064980
vn 0.5176 0.6993 0.4931
vn 0.5138 0.6957 0.5020
vn -0.9461 0.2424 0.2146
vn -0.9487 0.2332 0.2136
vn -0.9455 0.2468 0.2126
vn -0.9448 0.2485 0.2136
vn -0.0095 0.9999 0.0069
vn 0.1257 0.9675 0.2194
vn 0.1271 0.9667 0.2220
vn -0.0237 0.1438 0.9893
vn -0.0239 0.1213 0.9923
vn -0.9256 0.0717 0.3717
vn -0.8108 0.0855 0.5791
vn -0.8037 0.0831 0.5893
vn 0.8910 -0.4327 -0.1375
vn 0.5673 -0.8189 -0.0875
vn 0.5395 -0.8235 -0.1753
vn 0.9225 -0.2451 -0.2982
vn 0.9581 -0.2456 -0.1475
vn 0.9546 -0.2576 -0.1493
vn -0.0001 -0.2461 -0.9693
vn -0.0001 -0.8235 -0.5673
vn -0.0890 -0.8325 -0.5468
vn -0.1448 -0.4326 -0.8899
vn -0.1543 -0.2758 -0.9488
vn 0.2995 -0.2460 -0.9218
vn 0.1748 -0.8246 -0.5381
vn 0.5697 -0.2461 -0.7841
vn 0.3334 -0.8235 -0.4589
vn 0.7842 -0.2460 -0.5697
vn 0.4577 -0.8246 -0.3326
vn -0.0000 -0.0272 -0.9996
vn 0.0010 -0.0000 -1.0000
vn 0.3097 -0.0000 -0.9508
vn 0.3089 -0.0271 -0.9507
vn -0.1749 0.8243 0.5384
vn -0.0000 0.8233 0.5676
vn 0.0812 0.8622 0.5000
vn -0.0000 1.0000 -0.0000
vn -0.5491 0.8315 0.0847
vn -0.5399 0.8233 0.1754
vn -0.4580 0.8243 0.3328
vn -0.3336 0.8233 0.4592
vn 0.9874 0.0094 -0.1577
vn 0.9506 0.0024 -0.3103
vn 0.9261 -0.0000 -0.3773
vn -0.5871 0.0268 0.8091
vn -0.8080 0.0268 0.5886
vn -0.7922 -0.0001 0.6103
vn -0.7062 -0.0002 0.7080
vn -0.5739 -0.0001 0.8190
vn 0.5881 -0.0000 -0.8088
vn 0.5876 -0.0272 -0.8087
vn 0.7099 -0.0000 -0.7043
vn 0.7940 -0.0000 -0.6079
vn 0.8087 -0.0271 -0.5876
vn 0.9507 -0.0303 -0.3087
vn 0.9856 -0.0411 -0.1640
vn 0.9857 0.0033 -0.1682
vn 0.9501 -0.0001 -0.3119
vn 0.9861 0.0272 -0.1640
vn 0.8892 -0.0000 -0.4575
vn -0.1603 -0.0311 -0.9866
vn -0.0000 0.2454 0.9694
vn 0.1542 0.2751 0.9490
vn -0.2996 0.2453 0.9220
vn -0.5698 0.2454 0.7843
vn -0.7843 0.2454 0.5698
vn -0.9220 0.2454 0.2996
vn -0.0000 -1.0000 -0.0000
vn -0.3089 0.0268 0.9507
vn -0.3097 -0.0000 0.9508
vn -0.0000 0.0269 0.9996
vn -0.0010 -0.0000 1.0000
vn 0.1604 -0.0000 0.9871
vn 0.1603 0.0308 0.9866
vn -0.9507 0.0269 0.3089
vn 0.9854 -0.0515 -0.1622
vn -0.9545 0.2595 0.1473
vn -0.8913 0.4320 0.1375
vn -0.1604 -0.0000 -0.9871
vn -0.9879 0.0290 0.1524
vn -0.9883 -0.0000 0.1525
vn -0.9261 -0.0000 0.3773
vn -0.8892 -0.0000 0.4575
vn 0.7514 -0.3603 -0.5528
vn 0.7450 -0.5198 -0.4181
vn 0.9825 -0.0599 -0.1765
vn 0.6933 -0.0157 -0.7205
vn 0.9829 0.0591 -0.1744
vn 0.8335 0.1479 -0.5324
vn -0.0150 0.2463 -0.9691
vn 0.0179 -0.2884 -0.9574
vn 0.0541 -0.8531 -0.5190
vt 0.952911 0.431931
vt 0.967121 0.395552
vt 0.959810 0.388772
vt 0.931911 0.366704
vt 0.901342 0.342285
vt 0.783027 0.249513
vt 0.562185 0.000000
vt 0.648742 0.000000
vt 0.821263 0.194917
vt 1.000000 0.335064
vt 1.000000 0.505029
vt 0.963346 0.485310
vt 0.519821 0.000000
vt 0.505029 0.505029
vt 0.335064 0.335064
vt 0.349105 0.000000
vt 1.000000 0.636783
vt 0.367294 0.000000
vt 0.731065 0.000000
vt 1.000000 0.270669
vt 1.000000 0.630273
vt 1.000000 0.792137
vt 0.925194 0.778987
vt 0.636783 0.636783
vt 0.270669 0.270669
vt 0.792137 0.792137
vt 0.630273 0.630273
vt 0.731669 0.683196
vt 0.761280 0.644053
vt 0.777403 0.488674
vt 0.798878 0.000000
vt 0.893507 0.000000
vt 0.869801 0.539317
vt 0.851554 0.714053
vt 1.000000 0.693307
vt 1.000000 0.837607
vt 0.893506 0.893506
vt 0.798878 0.798878
vt 0.837607 0.837607
vt 0.693307 0.693307
vt 0.702229 0.670731
vt 0.633107 0.372867
vt 0.444579 0.000000
vt 0.528020 0.000000
vt 0.559472 0.044871
vt 0.775229 0.471587
vt 0.851821 0.801638
vt 0.482872 0.000000
vt 0.528020 0.528020
vt 0.438402 0.346784
vt 0.408751 0.000000
vt 0.884322 0.376026
vt 1.000000 0.351258
vt 1.000000 0.437815
vt 0.934812 0.451773
vt 0.482872 0.482872
vt 0.408751 0.408751
vt 1.000000 0.480179
vt 1.000000 0.650895
vt 0.779998 0.330797
vt 0.566002 0.028097
vt 0.542319 0.000000
vt 0.600427 0.000000
vt 0.632966 0.038591
vt 0.838622 0.329832
vt 0.864520 0.366685
vt 0.906333 0.424099
vt 0.815388 0.000000
vt 0.813928 0.567834
vt 0.752910 0.577710
vt 0.600427 0.600427
vt 0.542319 0.542319
vt 0.628538 0.529501
vt 0.629900 0.000000
vt 0.731072 0.000000
vt 1.000000 0.268935
vt 1.000000 0.632706
vt 0.367311 0.000000
vt 0.371788 0.000000
vt 0.731072 0.731072
vt 0.367311 0.367311
vt 0.186797 0.000000
vt 1.000000 0.370100
vt 0.371788 0.371788
vt 0.186797 0.186797
vt 1.000000 0.184612
vt 0.866410 0.006505
vt 0.866410 0.001745
vt 0.909426 0.001745
vt 0.912377 0.021388
vt 0.889394 0.021393
vt 0.868375 0.021397
vt 0.867973 0.018401
vt 0.649936 0.281645
vt 0.649936 0.301289
vt 0.606975 0.301289
vt 0.606661 0.299194
vt 0.609230 0.281637
vt 0.695847 0.281636
vt 0.692898 0.301289
vt 0.737372 0.281645
vt 0.731757 0.301289
vt 0.986755 0.021388
vt 0.953737 0.021397
vt 0.948128 0.001745
vt 0.979027 0.001745
vt 0.649936 0.251574
vt 0.649936 0.152473
vt 0.696352 0.152082
vt 0.696352 0.251573
vt 0.456646 0.848998
vt 0.416535 0.782865
vt 0.378603 0.849352
vt 0.382091 0.780728
vt 0.392546 0.781377
vt 0.398711 0.753686
vt 0.403494 0.739652
vt 0.407606 0.739678
vt 0.416665 0.725550
vt 0.546078 0.725550
vt 0.540140 0.765711
vt 0.521547 0.801845
vt 0.492927 0.793204
vt 0.893980 0.083450
vt 0.912884 0.087488
vt 0.912884 0.098939
vt 0.204017 0.342159
vt 0.234145 0.342159
vt 0.234145 0.430211
vt 0.206929 0.440011
vt 0.204017 0.441047
vt 0.696352 0.152082
vt 0.738336 0.151827
vt 0.738336 0.251574
vt 0.988082 0.151207
vt 0.984996 0.151215
vt 0.980562 0.149638
vt 0.954698 0.140324
vt 0.954698 0.051461
vt 0.988082 0.051460
vt 0.912884 0.051460
vt 0.888583 0.056689
vt 0.890801 0.069493
vt 0.912884 0.069474
vt 0.893980 0.083450
vt 0.889088 0.079383
vt 0.954698 0.140324
vt 0.949593 0.138806
vt 0.912884 0.098939
vt 0.616444 0.251573
vt 0.471612 0.305280
vt 0.509545 0.305280
vt 0.509545 0.314189
vt 0.472917 0.314189
vt 0.549656 0.305280
vt 0.550990 0.314189
vt 0.585936 0.305280
vt 0.588477 0.314189
vt 0.205182 0.315434
vt 0.208680 0.306526
vt 0.237528 0.306526
vt 0.234990 0.315434
vt 0.273662 0.306526
vt 0.272326 0.315434
vt 0.273408 0.691771
vt 0.279950 0.735408
vt 0.141170 0.734787
vt 0.129443 0.720676
vt 0.127376 0.720690
vt 0.116125 0.706744
vt 0.101620 0.636900
vt 0.098058 0.602565
vt 0.141019 0.595585
vt 0.183981 0.676899
vt 0.222840 0.622170
vt 0.253494 0.653069
vt 0.551434 0.340914
vt 0.589324 0.340914
vt 0.588120 0.440095
vt 0.551434 0.439872
vt 0.509545 0.340914
vt 0.509545 0.439519
vt 0.504183 0.439461
vt 0.499873 0.422475
vt 0.479334 0.340914
vt 0.271881 0.342159
vt 0.868375 0.021397
vt 0.872098 0.047128
vt 0.310965 0.315434
vt 0.312142 0.306526
vt 0.311258 0.313252
vt 0.616444 0.251573
vt 0.639111 0.161558
vt 0.641394 0.152564
vt 0.307100 0.342159
vt 0.302904 0.370913
vt 0.300438 0.372973
vt 0.271881 0.396373
vt 0.307100 0.342159
vt 0.243205 0.427517
vt 0.882296 0.060756
vt 0.873283 0.055368
vt 0.872557 0.050359
vt 0.884828 0.069145
vt 0.884632 0.075686
vt 0.883439 0.074595
vt 0.561891 0.790730
vt 0.554110 0.791223
vt 0.553874 0.785773
vt 0.570105 0.798580
vt 0.553972 0.799612
vt 0.570105 0.798580
vt 0.569303 0.800971
vt 0.568821 0.803425
vt 0.555546 0.805000
vt 0.551434 0.439872
s 0
usemtl lambert2SG.001
f 808/872/409 812/873/409 813/874/409 814/875/409 815/876/409 816/877/409 817/878/409 819/879/409 818/880/409 822/881/409 823/882/409 810/883/409
f 824/884/410 823/885/410 822/886/410 825/887/410
f 820/888/411 826/889/411 828/890/411 827/891/411
f 829/892/412 834/893/412 821/894/412 820/895/412 827/896/412
f 834/897/413 829/898/413 830/899/413 831/900/413 832/901/413 833/902/413 838/903/413 839/904/413 835/905/413
f 840/906/414 841/907/414 838/908/414 833/909/414
f 841/910/415 840/911/415 843/912/415 844/913/415 845/914/415 847/915/415 846/916/415 848/917/415 842/918/415
f 849/919/416 847/920/416 845/921/416 850/922/416
f 851/923/417 819/924/417 817/925/417 852/926/417 849/927/417 850/928/417
f 824/929/418 825/930/418 854/931/418 855/932/418 856/933/418 857/934/418 858/935/418 859/936/418 860/937/418 853/938/418
f 836/939/419 837/940/419 861/941/419 857/942/419 856/943/419 862/944/419 863/945/419
f 864/946/420 828/947/420 826/948/420 865/949/420
f 866/950/421 864/951/421 865/952/421 867/953/421
f 863/954/422 866/955/422 867/956/422 836/957/422
s 1
f 803/958/423 739/959/424 738/960/425 737/961/426 747/962/427 798/963/428 794/964/423
f 730/965/429 729/966/430 728/967/431 771/968/432 776/969/433
f 730/965/429 731/970/434 732/971/435 729/966/430
f 731/970/434 733/972/436 734/973/437 732/971/435
f 733/974/436 735/975/438 736/976/439 734/977/437
f 735/975/438 737/961/426 738/960/425 736/976/439
f 744/978/440 782/979/441 784/980/442 745/981/443
f 724/982/444 719/983/445 772/984/446 770/985/447 769/986/447 767/987/447 804/988/447 807/989/447 801/990/447 802/991/448 723/992/449 725/993/450 721/994/451
f 761/995/452 740/996/453 755/997/454
f 717/998/455 726/999/456 791/1000/457 788/1001/458 786/1002/459
f 784/1003/442 785/1004/460 742/1005/461 745/981/443
f 785/1006/460 787/1007/462 789/1008/462 790/1009/463 743/1010/464 742/1011/461
f 737/961/426 741/1012/465 746/1013/466 747/962/427
f 748/1014/467 749/1015/468 740/996/453 761/1016/452 759/1017/469
f 733/974/436 742/1011/461 743/1010/464 735/975/438
f 735/975/438 743/1010/464 741/1012/465 737/961/426
f 730/965/429 744/978/440 745/981/443 731/970/434
f 743/1010/464 790/1018/463 756/1019/470 755/1020/454 740/996/453 749/1015/468 741/1012/465
f 731/970/434 745/981/443 742/1005/461 733/972/436
f 777/1021/471 744/978/440 730/965/429 776/969/433
f 772/1022/446 719/1023/445 713/1024/472 773/1025/473
f 713/1024/472 719/1023/445 724/1026/444 720/1027/474
f 720/1027/474 724/1026/444 721/1028/451 714/1029/475
f 714/1030/475 721/1031/451 725/1032/450 722/1033/476
f 722/1033/476 725/1032/450 723/1034/449 715/1035/477
f 738/1036/425 739/1037/424 800/1038/478 806/1039/478 805/1040/478 766/1041/478 768/1042/478 728/1043/431 729/1044/430 732/1045/435 734/1046/437 736/1047/439
f 727/1048/479 717/1049/455 786/1050/459 783/1051/480
f 718/1052/481 781/1053/482 780/1054/483 778/1055/483 774/1056/484
f 714/1030/475 722/1033/476 726/999/456 717/998/455
f 722/1033/476 715/1035/477 716/1057/485 726/999/456
f 713/1024/472 720/1027/474 727/1048/479 718/1052/481
f 720/1027/474 714/1029/475 717/1049/455 727/1048/479
f 713/1024/472 718/1052/481 774/1056/484 773/1025/473
f 798/1058/428 747/962/427 746/1013/466 799/1059/486
f 792/1060/487 715/1035/477 723/1034/449 802/1061/448 793/1062/488
f 782/979/441 744/978/440 777/1063/471 775/1064/489 779/1065/489
f 716/1057/485 795/1066/490 764/1067/491 754/1068/491 752/1069/492
f 795/1070/490 716/1057/485 715/1035/477 792/1060/487
f 741/1012/465 749/1015/468 748/1014/467 746/1013/466
f 726/999/456 716/1057/485 752/1069/492 753/1071/493 791/1000/457
f 746/1013/466 750/1072/494 796/1073/495 797/1074/496 799/1059/486
f 751/1075/497 748/1014/467 759/1017/469 758/1076/498 757/1077/499
f 746/1013/466 748/1014/467 751/1075/497 750/1072/494
f 809/1078/500 751/1079/497 757/1080/499
f 811/1081/501 750/1082/494 751/1079/497 760/1078/501
f 750/1082/494 763/1083/502 762/1084/502 765/1085/502 796/1086/495
f 718/1052/481 727/1048/479 783/1087/480 781/1053/482
o BlueMug_cell.007
v 0.345920 0.271144 -0.160515
v 0.370690 0.244746 0.000001
v 0.345920 0.271144 0.160517
v 0.345920 0.394217 0.160517
v 0.370690 0.420615 0.000001
v 0.345920 0.394217 -0.160515
v 0.358940 0.376648 0.076155
v 0.358938 0.288714 0.076155
v 0.358940 0.376648 -0.076153
v 0.358938 0.288714 -0.076153
v 0.358938 0.332682 -0.083768
v 0.345920 0.332681 -0.160515
v 0.345920 0.332681 0.160517
v 0.358938 0.332682 0.083770
v 0.372876 0.269858 0.001048
v 0.362234 0.304609 0.055637
v 0.372876 0.395505 -0.001046
v 0.362234 0.360754 -0.055635
v 0.362395 0.362559 0.054382
v 0.363505 0.333882 0.063078
v 0.362395 0.302802 -0.054380
v 0.363505 0.331479 -0.063076
v 0.429217 0.300681 0.055563
v 0.435075 0.266119 0.000857
v 0.429337 0.299180 -0.054536
v 0.432706 0.327698 -0.063126
v 0.434076 0.356778 -0.055566
v 0.445824 0.390910 -0.000857
v 0.434275 0.358251 0.054539
v 0.432757 0.329674 0.063126
v 0.482936 0.280173 0.055489
v 0.475453 0.247644 0.000665
v 0.482788 0.278954 -0.054693
v 0.495558 0.304532 -0.063177
v 0.506832 0.330955 -0.055498
v 0.528073 0.360032 -0.000669
v 0.507265 0.332041 0.054696
v 0.495946 0.306063 0.063173
v 0.525144 0.236327 0.055414
v 0.503316 0.211874 0.000473
v 0.524754 0.235486 -0.054851
v 0.547275 0.253303 -0.063228
v 0.568948 0.272157 -0.055432
v 0.599497 0.290723 -0.000482
v 0.569538 0.272754 0.054851
v 0.547927 0.254259 0.063219
v 0.230682 0.246423 -0.275198
v 0.278218 0.265897 -0.292093
v 0.271610 0.241655 -0.304935
v 0.326481 0.442569 -0.198295
v 0.284434 0.443194 -0.170729
v 0.163549 0.089237 -0.342866
v 0.213602 0.105858 -0.363406
v 0.297744 0.452413 0.144864
v 0.297744 0.444000 -0.144862
v 0.370690 0.448512 0.000001
v 0.345920 0.453069 0.160517
v 0.320099 0.448300 0.000001
v 0.345920 0.443747 -0.160515
v 0.127448 0.004150 -0.379254
v 0.169026 0.000794 -0.408338
v 0.211235 -0.014773 -0.365791
v 0.175196 -0.017964 -0.331126
v 0.230682 -0.038033 -0.275198
v -0.148098 0.223735 0.519441
v -0.153444 0.207538 0.467917
v -0.148098 0.201993 0.468785
v -0.125525 0.217784 0.515774
v -0.103660 0.191064 0.461566
v -0.148098 0.242173 0.519441
v -0.130668 0.372991 0.465953
v -0.148098 0.246264 0.468785
v -0.124211 0.415850 0.515560
v -0.117700 0.460907 0.514503
v -0.118167 0.459497 0.463923
v 0.012217 0.460951 0.493397
v -0.003417 0.459536 0.445280
v 0.157222 0.459619 0.420236
v 0.127448 0.458334 0.379256
v 0.248513 0.457502 0.328218
v 0.205144 0.456532 0.300941
v 0.230682 0.455902 0.275199
v 0.271610 0.456932 0.304936
v 0.560179 0.204580 -0.060560
v 0.568258 0.208546 -0.063258
v 0.614764 0.258448 -0.000420
v 0.601126 0.239213 -0.032169
v 0.591566 0.225393 -0.055397
v 0.577949 0.255231 0.054882
v 0.247132 -0.047503 -0.243226
v 0.281039 -0.042039 -0.286609
v 0.271610 -0.036611 -0.304935
v 0.292382 0.117589 0.155286
v 0.297744 0.117222 0.144864
v 0.297744 0.017051 -0.144862
v 0.320099 0.080628 0.000001
v 0.345920 0.151709 0.160517
v 0.345920 0.040713 -0.160515
v 0.370690 0.111160 0.000001
v 0.509952 0.195351 0.000420
v 0.521703 0.195861 -0.018618
v 0.525574 0.220136 0.044836
v 0.529700 0.226279 0.055403
v 0.572652 0.252612 0.056590
v 0.553106 0.243110 0.063225
v 0.542761 0.196011 -0.054940
v 0.154872 0.102705 0.351614
v 0.230682 0.121933 0.275199
v 0.271610 0.156902 0.304936
v 0.161778 0.129045 0.415644
v 0.012217 0.186224 0.493397
v -0.003417 0.168096 0.445280
v 0.157222 0.131740 0.420236
v 0.127448 0.118926 0.379256
v 0.278218 0.265897 -0.292093
v 0.271610 0.241655 -0.304935
v 0.230682 0.246423 -0.275198
v 0.284434 0.443194 -0.170729
v 0.326481 0.442569 -0.198295
v 0.163549 0.089237 -0.342866
v 0.213602 0.105858 -0.363406
v 0.345920 0.443747 -0.160515
v 0.297744 0.444000 -0.144862
v 0.320099 0.448300 0.000001
v 0.297744 0.452413 0.144864
v -0.148098 0.223735 0.519441
v -0.125525 0.217784 0.515774
v -0.148098 0.201993 0.468785
v -0.103660 0.191064 0.461566
v 0.370690 0.448512 0.000001
v 0.345920 0.453069 0.160517
v 0.127448 0.004150 -0.379254
v 0.169026 0.000794 -0.408338
v 0.211235 -0.014773 -0.365791
v 0.175196 -0.017964 -0.331126
v 0.230682 -0.038033 -0.275198
v 0.577949 0.255231 0.054882
v 0.577949 0.255231 0.054882
v 0.572652 0.252612 0.056590
v -0.153444 0.207538 0.467917
v -0.148098 0.246264 0.468785
v -0.148098 0.242173 0.519441
v -0.124211 0.415850 0.515560
v -0.130668 0.372991 0.465953
v -0.118167 0.459497 0.463923
v -0.117700 0.460907 0.514503
v 0.012217 0.460951 0.493397
v 0.157222 0.459619 0.420236
v 0.248513 0.457502 0.328218
v 0.127448 0.458334 0.379256
v 0.205144 0.456532 0.300941
v -0.003417 0.459536 0.445280
v 0.271610 0.456932 0.304936
v 0.230682 0.455902 0.275199
v 0.601126 0.239213 -0.032169
v 0.591566 0.225393 -0.055397
v 0.591566 0.225393 -0.055397
v 0.614764 0.258448 -0.000420
v 0.614764 0.258448 -0.000420
v 0.560179 0.204580 -0.060560
v 0.568258 0.208546 -0.063258
v 0.568258 0.208546 -0.063258
v 0.247132 -0.047503 -0.243226
v 0.271610 -0.036611 -0.304935
v 0.281039 -0.042039 -0.286609
v 0.292382 0.117589 0.155286
v 0.297744 0.117222 0.144864
v 0.320099 0.080628 0.000001
v 0.297744 0.017051 -0.144862
v 0.345920 0.040713 -0.160515
v 0.370690 0.111160 0.000001
v 0.345920 0.151709 0.160517
v 0.529700 0.226279 0.055403
v 0.529700 0.226279 0.055403
v 0.553106 0.243110 0.063225
v 0.553106 0.243110 0.063225
v 0.525574 0.220136 0.044836
v 0.509952 0.195351 0.000420
v 0.509952 0.195351 0.000420
v 0.521703 0.195861 -0.018618
v 0.542761 0.196011 -0.054940
v 0.542761 0.196011 -0.054940
v 0.154872 0.102705 0.351614
v 0.230682 0.121933 0.275199
v 0.271610 0.156902 0.304936
v 0.161778 0.129045 0.415644
v 0.157222 0.131740 0.420236
v 0.012217 0.186224 0.493397
v -0.003417 0.168096 0.445280
v 0.127448 0.118926 0.379256
v 0.429217 0.300681 0.055563
v 0.435075 0.266119 0.000857
v 0.429337 0.299180 -0.054536
v 0.432706 0.327698 -0.063126
v 0.434076 0.356778 -0.055566
v 0.445824 0.390910 -0.000857
v 0.434275 0.358251 0.054539
v 0.432757 0.329674 0.063126
v 0.482936 0.280173 0.055489
v 0.475453 0.247644 0.000665
v 0.482788 0.278954 -0.054693
v 0.495558 0.304532 -0.063177
v 0.506832 0.330955 -0.055498
v 0.528073 0.360032 -0.000669
v 0.507265 0.332041 0.054696
v 0.495946 0.306063 0.063173
v 0.525144 0.236327 0.055414
v 0.503316 0.211874 0.000473
v 0.524754 0.235486 -0.054851
v 0.547275 0.253303 -0.063228
v 0.568948 0.272157 -0.055432
v 0.599497 0.290723 -0.000482
v 0.569538 0.272754 0.054851
v 0.547927 0.254259 0.063219
vn -0.4660 0.5106 -0.7226
vn 0.4953 -0.8210 0.2841
vn -0.4660 0.5076 -0.7247
vn -0.1814 -0.9588 -0.2184
vn 0.9863 -0.0193 0.1638
vn 0.9507 -0.0025 0.3102
vn 0.9551 -0.0000 0.2963
vn 0.9995 -0.0000 -0.0305
vn 0.9999 -0.0125 -0.0013
vn -0.7131 -0.6442 0.2765
vn -0.1661 -0.9079 0.3849
vn -0.9915 0.1294 0.0159
vn -0.9897 0.1431 0.0052
vn -0.0049 0.9996 -0.0278
vn 0.4972 -0.8201 0.2833
vn 0.4955 -0.8210 0.2838
vn -0.1451 -0.9094 0.3898
vn -0.9502 -0.0000 -0.3116
vn -1.0000 -0.0000 -0.0028
vn -0.9995 -0.0000 0.0305
vn -0.9551 -0.0000 -0.2963
vn 0.9501 -0.0000 -0.3118
vn 0.9507 -0.0025 -0.3102
vn 0.9356 -0.0000 -0.3531
vn 0.8892 -0.0000 -0.4575
vn 0.8234 -0.0000 -0.5675
vn 0.8639 -0.0000 -0.5036
vn 0.9520 -0.0000 -0.3062
vn 0.9507 0.0025 -0.3102
vn 1.0000 -0.0000 0.0028
vn 0.9999 0.0125 0.0013
vn 0.9863 0.0192 -0.1638
vn 0.9502 -0.0000 0.3116
vn 0.9507 0.0025 0.3102
vn 0.9865 0.0186 0.1630
vn -0.8639 -0.0000 0.5036
vn -0.8234 -0.0000 0.5675
vn -0.8892 -0.0000 0.4575
vn -0.9356 -0.0000 0.3531
vn -0.9520 -0.0000 0.3062
vn -0.1270 -0.9670 -0.2210
vn 0.9501 -0.0000 0.3118
vn 0.8078 -0.0000 0.5894
vn 0.8051 -0.0000 0.5932
vn 0.7099 -0.0000 -0.7043
vn -0.8051 -0.0000 -0.5932
vn -0.8078 -0.0000 -0.5894
vn -0.8892 -0.0000 -0.4575
vn 0.6168 -0.0000 0.7871
vn 0.5868 -0.0000 0.8098
vn 0.3087 -0.0000 0.9512
vn 0.3336 -0.0000 0.9427
vn -0.0042 0.9996 -0.0290
vn -0.5868 -0.0000 -0.8098
vn -0.6168 -0.0000 -0.7871
vn -0.3336 -0.0000 -0.9427
vn -0.3086 -0.0000 -0.9512
vn -0.0650 -0.0000 -0.9979
vn 0.1604 -0.0000 -0.9871
vn -0.1465 -0.0000 -0.9892
vn 0.7099 -0.0000 0.7043
vn -0.7099 -0.0000 0.7043
vn 0.1604 -0.0000 0.9871
vn 0.9867 0.0005 -0.1628
vn -0.7099 -0.0000 -0.7043
vn 0.9867 -0.0005 0.1628
vn -0.1604 -0.0000 -0.9871
vn 0.9865 -0.0186 -0.1630
vn 0.7791 -0.6267 0.0161
vn 0.7376 -0.3413 0.5826
vn 0.8161 0.5778 -0.0147
vn 0.7576 0.3373 -0.5589
vn 0.7575 0.3521 0.5497
vn 0.6958 0.0207 0.7179
vn 0.7364 -0.3580 -0.5741
vn 0.6949 -0.0087 -0.7190
vn -0.2107 -0.8302 0.5161
vn -0.1729 -0.8361 0.5206
vn -0.1773 -0.8487 -0.4983
vn -0.2135 -0.8425 -0.4946
vn -0.0576 -0.2804 -0.9581
vn -0.0622 -0.2795 -0.9581
vn 0.0474 0.2473 -0.9678
vn 0.0546 0.2469 -0.9675
vn 0.1768 0.8194 -0.5452
vn 0.1660 0.8218 -0.5451
vn 0.1683 0.8350 0.5238
vn 0.1789 0.8326 0.5242
vn 0.0614 0.2819 0.9575
vn 0.0536 0.2832 0.9576
vn -0.0547 -0.2446 0.9681
vn -0.0505 -0.2450 0.9682
vn -0.5268 -0.6906 0.4954
vn -0.4840 -0.7196 0.4979
vn -0.4922 -0.7259 -0.4804
vn -0.5321 -0.6983 -0.4787
vn -0.1517 -0.2402 -0.9588
vn -0.1588 -0.2355 -0.9588
vn 0.1329 0.2221 -0.9659
vn 0.1423 0.2171 -0.9657
vn 0.4470 0.7063 -0.5488
vn 0.4392 0.7112 -0.5489
vn 0.4441 0.7205 0.5326
vn 0.4519 0.7156 0.5326
vn 0.1564 0.2411 0.9578
vn 0.1467 0.2471 0.9578
vn -0.1433 -0.2123 0.9666
vn -0.1364 -0.2161 0.9668
vn -0.7529 -0.4490 0.4813
vn -0.7383 -0.4722 0.4816
vn -0.7362 -0.4858 -0.4712
vn -0.7479 -0.4669 -0.4719
vn -0.2322 -0.1628 -0.9590
vn -0.2341 -0.1596 -0.9590
vn 0.2137 0.1570 -0.9642
vn 0.2169 0.1525 -0.9642
vn 0.6823 0.4861 -0.5461
vn 0.6772 0.4932 -0.5460
vn 0.6826 0.4985 0.5344
vn 0.6874 0.4916 0.5346
vn 0.2351 0.1651 0.9578
vn 0.2319 0.1699 0.9578
vn -0.2169 -0.1476 0.9650
vn -0.2148 -0.1505 0.9650
vn -0.8151 -0.3319 0.4748
vn -0.8044 -0.3613 -0.4716
vn -0.2582 -0.1189 -0.9587
vn 0.2433 0.1158 -0.9630
vn 0.7601 0.3607 -0.5406
vn 0.7647 0.3646 0.5313
vn 0.2627 0.1232 0.9570
vn -0.2422 -0.1114 0.9638
vt 0.512178 0.325356
vt 0.606009 0.000000
vt 0.666317 0.000000
vt 0.545864 0.537717
vt 0.484413 0.000000
vt 0.534579 0.000000
vt 0.491957 0.491957
vt 1.000000 0.341782
vt 0.814877 0.461981
vt 1.000000 0.650500
vt 0.982693 0.635920
vt 0.807029 0.549283
vt 0.686977 0.562065
vt 0.649531 0.649531
vt 0.563076 0.563076
vt 0.611077 0.450950
vt 0.744102 0.436788
vt 0.938747 0.532785
vt 0.731799 0.415330
vt 1.000000 0.241190
vt 0.985393 0.558834
vt 0.666317 0.666317
vt 0.606009 0.606009
vt 1.000000 0.473289
vt 0.555276 0.555276
vt 0.473290 0.473290
vt 0.413151 0.000000
vt 0.483530 0.000000
vt 0.844361 0.235109
vt 0.819935 0.230022
vt 0.819935 0.195442
vt 0.866410 0.183702
vt 0.866410 0.222379
vt 0.218707 0.218707
vt 0.116316 0.000000
vt 0.234066 0.000000
vt 1.000000 0.218707
vt 0.830366 0.000000
vt 0.915468 0.000000
vt 1.000000 0.108986
vt 0.234066 0.234066
vt 0.116316 0.116316
vt 0.188792 0.115461
vt 1.000000 0.124146
vt 1.000000 0.238350
vt 0.408085 0.232013
vt 0.238351 0.238351
vt 0.124146 0.124146
vt 0.115989 0.000000
vt 0.222691 0.000000
vt 0.334155 0.160585
vt 0.682913 0.315002
vt 1.000000 0.509170
vt 1.000000 0.566688
vt 0.730134 0.401435
vt 0.415390 0.262082
vt 0.222691 0.222691
vt 0.115989 0.115989
vt 0.528385 0.174901
vt 0.500484 0.221294
vt 0.452026 0.021048
vt 0.450798 0.000000
vt 0.553404 0.000000
vt 0.555753 0.038922
vt 0.548798 0.142895
vt 0.602867 0.097334
vt 0.597213 0.103814
vt 0.571311 0.127231
vt 0.537263 0.096247
vt 0.473996 0.040163
vt 0.446596 0.000000
vt 0.550653 0.002127
vt 0.581738 0.047282
vt 0.241190 0.241190
vt 0.249498 0.233986
vt 0.604435 0.119381
vt 1.000000 0.084532
vt 1.000000 0.169634
vt 0.712124 0.194997
vt 0.391795 0.298422
vt 0.341782 0.341782
vt 0.355766 0.572810
vt 0.313823 0.571619
vt 0.313823 0.465166
vt 0.355766 0.475762
vt 0.912884 0.247839
vt 0.912884 0.230022
vt 0.912884 0.163305
vt 0.949392 0.139345
vt 0.954698 0.140917
vt 0.954698 0.221484
vt 0.950980 0.228503
vt 0.923822 0.279655
vt 0.912884 0.279996
vt 0.912884 0.265655
vt 0.866410 0.281376
vt 0.866410 0.273299
vt 0.888459 0.260569
vt 0.819935 0.282695
vt 0.819935 0.265655
vt 0.844361 0.260569
vt 0.234145 0.513169
vt 0.234145 0.430810
vt 0.243402 0.428068
vt 0.271881 0.446759
vt 0.271881 0.570374
vt 0.264392 0.570141
vt 0.413151 0.413151
vt 0.826639 0.300006
vt 0.563076 0.000000
vt 0.649531 0.000000
vt 0.586712 0.042260
vt 0.483529 0.483529
vt 0.819935 0.247839
vt 0.819935 0.282695
vt 0.778121 0.283813
vt 0.778121 0.196945
vt 0.984637 0.151747
vt 0.971628 0.182166
vt 0.954698 0.221484
vt 0.954698 0.140917
vt 0.972318 0.147240
vt 0.393502 0.477125
vt 0.393502 0.573820
vt 0.358783 0.475868
vt 0.998008 0.493196
vt 0.998008 0.588127
vt 0.956024 0.588513
vt 0.956024 0.508971
vt 0.674596 0.498345
vt 0.557466 0.126871
vt 0.587138 0.323745
vt 0.557731 0.499178
vt 0.534579 0.534579
vt 0.484413 0.484413
vt 0.500265 0.460175
vt 0.526805 0.301850
vt 0.500026 0.124174
vt 0.749595 0.554720
vt 0.566688 0.566688
vt 0.509170 0.509170
vt 0.313823 0.465166
vt 0.197882 0.323596
vt 0.197881 0.421865
vt 0.159992 0.407629
vt 0.159992 0.323248
vt 0.118102 0.397815
vt 0.116554 0.396209
vt 0.118102 0.384997
vt 0.778121 0.196945
vt 0.771380 0.283978
vt 0.744738 0.284591
vt 0.744738 0.189660
vt 0.746068 0.188880
vt 0.234145 0.513169
vt 0.214553 0.467659
vt 0.204017 0.441719
vt 0.217952 0.436621
vt 0.918409 0.588500
vt 0.916524 0.575455
vt 0.909608 0.525170
vt 0.909833 0.519567
vt 0.916144 0.518108
vt 0.956024 0.508971
vt 0.890664 0.247839
vt 0.415627 0.471558
vt 0.423630 0.476255
vt 0.423630 0.574524
vt 0.400955 0.574003
vt 0.842156 0.247839
vt 0.130968 0.400979
vt 0.118102 0.397815
vt 0.118102 0.384997
vt 0.123148 0.348305
vt 0.126768 0.323259
vt 0.159992 0.323248
vt 0.888459 0.235109
vt 0.866107 0.229649
vt 0.850301 0.239711
vt 0.866713 0.266028
vt 0.882518 0.255967
vt 0.850665 0.256490
vt 0.848147 0.248187
vt 0.882155 0.239188
vt 0.884673 0.247491
vt 0.815661 0.629287
vt 0.799856 0.626206
vt 0.799800 0.608197
vt 0.815640 0.609893
vt 0.783808 0.629240
vt 0.783762 0.609858
vt 0.553807 0.621180
vt 0.554129 0.612877
vt 0.574165 0.613972
vt 0.573189 0.622228
vt 0.553761 0.604401
vt 0.574561 0.605552
vt 0.556842 0.594340
vt 0.577962 0.595670
vt 0.652320 0.809290
vt 0.649286 0.799751
vt 0.670097 0.798504
vt 0.673441 0.807960
vt 0.649607 0.791448
vt 0.669658 0.790230
vt 0.649239 0.782973
vt 0.668633 0.781835
vt 0.799745 0.596506
vt 0.815618 0.594340
vt 0.783717 0.594382
vt 0.592362 0.620679
vt 0.588665 0.628084
vt 0.595626 0.613028
vt 0.601777 0.604610
vt 0.691230 0.790915
vt 0.697255 0.799020
vt 0.687953 0.783394
vt 0.684186 0.775898
vt 0.776957 0.742144
vt 0.761084 0.732726
vt 0.761028 0.722370
vt 0.776935 0.729450
vt 0.745056 0.741792
vt 0.745010 0.729206
vt 0.607336 0.635512
vt 0.600816 0.640670
vt 0.613611 0.630053
vt 0.622456 0.624677
vt 0.709260 0.773750
vt 0.717935 0.778952
vt 0.703003 0.768395
vt 0.696407 0.763203
vt 0.761013 0.717586
vt 0.773815 0.724679
vt 0.776932 0.726541
vt 0.744984 0.717777
vt 0.755600 0.717594
vt 0.613411 0.648470
vt 0.610966 0.650016
vt 0.606030 0.652099
vt 0.620160 0.643592
vt 0.620160 0.643592
vt 0.626876 0.634022
vt 0.623006 0.639646
vt 0.722355 0.769607
vt 0.711695 0.768676
vt 0.704502 0.765167
vt 0.710470 0.768203
vt 0.697726 0.760294
vt 0.912884 0.163305
s 0
usemtl lambert2SG.001
f 983/1088/503 988/1089/503 987/1090/503 984/1091/503 985/1092/503 986/1093/503 982/1094/503
f 1050/1095/504 1051/1096/504 1033/1097/504 1034/1098/504 1035/1099/504 1036/1100/504 957/1101/504 958/1102/504 1037/1103/504 1038/1104/504 1039/1105/504 1052/1106/504 1053/1107/504
f 999/1108/505 987/1109/505 988/1110/505 1000/1111/505
f 999/1112/506 1000/1113/506 1001/1114/506 1002/1115/506
s 1
f 875/1116/507 870/1117/508 964/1118/509 966/1119/510 869/1120/511
s 0
f 995/1121/512 993/1122/512 1007/1123/512
f 995/1124/513 996/1125/513 994/1126/513 993/1127/513
f 1007/1128/514 993/1129/514 1009/1130/514 1010/1131/514 1011/1132/514 1008/1133/514
f 1011/1134/515 1010/1135/515 1013/1136/515 1012/1137/515
f 1014/1138/516 1015/1139/516 1016/1140/516 1018/1141/516 1017/1142/516 1019/1143/516 1012/1144/516 1013/1145/516
f 1022/1146/517 1025/1147/517 1004/1148/517 1006/1149/517 1027/1150/517 1028/1151/517 1023/1152/517
f 1040/1153/518 1044/1154/518 1045/1155/518 1047/1156/518 1048/1157/518 1027/1158/518 1006/1159/518 1042/1160/518
f 1053/1161/519 1054/1162/519 1055/1163/519 994/1164/519 996/1165/519 1056/1166/519 1057/1167/519 1050/1168/519
s 1
f 992/1169/520 925/1170/521 963/1171/522 961/1172/523
f 879/1173/524 868/1174/525 965/1175/526 1032/1176/527 959/1177/528 916/1178/529 915/1179/527 917/1180/527 989/1181/530 873/1182/531
f 997/1183/532 872/1184/533 876/1185/534 873/1182/531 989/1181/530
f 998/1186/535 871/1187/536 874/1188/537 872/1184/533 997/1183/532
f 914/1189/538 931/1190/539 1030/1191/540 962/1192/541 990/1193/542 918/1194/540
s 0
f 1001/1195/543 1031/1196/543 958/1197/543 957/1198/543 1003/1199/543 1002/1200/543
s 1
f 870/1117/508 880/1201/544 871/1187/536 998/1202/535 950/1203/545 976/1204/546 964/1118/509
f 928/1205/547 920/1206/547 916/1207/529 959/1208/528 929/1209/547
f 975/1210/548 1021/1211/549 992/1169/520 961/1172/523 960/1212/550
f 980/1213/551 945/1214/552 943/1215/553 978/1216/554
s 0
f 1020/1217/555 924/1218/555 923/1219/555 926/1220/555 986/1221/555 985/1222/555 922/1223/555 991/1224/555 921/1225/555 949/1226/555 1018/1227/555 1016/1228/555
s 1
f 990/1193/542 962/1192/541 963/1229/522 925/1170/521
f 946/1230/556 981/1231/557 979/1232/558 944/1233/559
f 934/1234/560 933/1235/561 939/1236/562
f 976/1237/546 950/1203/545 947/1238/563 945/1239/552 980/1240/551 977/1241/563
f 914/1242/538 919/1243/564 927/1244/564 930/1245/564 931/1190/539
f 943/1215/553 941/1246/565 940/1247/565 937/1248/565 932/1249/565 935/1250/565 978/1251/554
f 876/1185/534 878/1252/566 879/1173/524 873/1182/531
f 1021/1211/549 975/1210/548 974/1253/567 981/1254/557 946/1255/556 948/1256/567
f 880/1201/544 881/1257/568 874/1188/537 871/1187/536
f 936/1258/569 934/1259/560 939/1260/562 938/1261/569 942/1262/569 944/1263/559 979/1232/558
f 879/1173/524 878/1252/566 877/1264/570 868/1174/525
f 870/1117/508 875/1116/507 881/1257/568 880/1201/544
f 875/1116/507 869/1120/511 882/1265/571 883/1266/572
f 876/1185/534 872/1184/533 884/1267/573 885/1268/574
f 872/1184/533 874/1188/537 886/1269/575 884/1267/573
f 874/1188/537 881/1257/568 887/1270/576 886/1269/575
f 869/1120/511 877/1264/570 888/1271/577 882/1265/571
f 878/1252/566 876/1185/534 885/1268/574 889/1272/578
f 877/1264/570 878/1252/566 889/1272/578 888/1271/577
f 881/1257/568 875/1116/507 883/1266/572 887/1270/576
f 883/1273/572 882/1274/571 1059/1275/579 1058/1276/580
f 882/1274/571 888/1277/577 1060/1278/581 891/1275/582
f 888/1279/577 889/1280/578 1061/1281/583 892/1282/584
f 889/1280/578 885/1283/574 1062/1284/585 893/1281/586
f 885/1283/574 884/1285/573 1063/1286/587 894/1284/588
f 884/1287/573 886/1288/575 1064/1289/589 895/1290/590
f 886/1288/575 887/1291/576 1065/1292/591 896/1289/592
f 887/1291/576 883/1293/572 890/1294/593 897/1292/594
f 1058/1276/580 1059/1275/579 1067/1295/595 1066/1296/596
f 891/1275/582 1060/1278/581 1068/1297/597 899/1295/598
f 892/1282/584 1061/1281/583 1069/1298/599 900/1299/600
f 893/1281/586 1062/1284/585 1070/1300/601 901/1298/602
f 894/1284/588 1063/1286/587 1071/1301/603 902/1300/604
f 895/1290/590 1064/1289/589 1072/1302/605 903/1303/606
f 896/1289/592 1065/1292/591 1073/1304/607 904/1302/608
f 897/1292/594 890/1294/593 898/1305/609 905/1304/610
f 1066/1306/596 1067/1307/595 1075/1308/611 1074/1309/612
f 899/1307/598 1068/1310/597 1076/1311/613 907/1308/614
f 900/1299/600 1069/1298/599 1077/1312/615 908/1313/616
f 901/1298/602 1070/1300/601 1078/1314/617 909/1312/618
f 902/1300/604 1071/1301/603 1079/1315/619 910/1314/620
f 903/1303/606 1072/1302/605 1080/1316/621 911/1317/622
f 904/1302/608 1073/1304/607 1081/1318/623 912/1316/624
f 905/1304/610 898/1305/609 906/1319/625 913/1318/626
f 1074/1309/612 1075/1308/611 1046/1320/627 969/1321/627 1041/1322/627
f 907/1308/614 1076/1311/613 1049/1323/628 968/1324/628 967/1320/628
f 908/1313/616 1077/1312/615 1029/1325/629 951/1326/629 973/1327/629
f 909/1312/618 1078/1314/617 1024/1328/630 952/1325/630
f 955/1329/631 910/1314/620 1079/1315/619 1026/1330/631 954/1331/631
f 953/1332/632 911/1317/622 1080/1316/621 1005/1333/632
f 912/1316/624 1081/1318/623 1043/1334/633 971/1335/633 956/1333/633
f 913/1318/626 906/1319/625 970/1336/634 972/1334/634
f 877/1264/570 869/1120/511 966/1119/510 965/1337/526 868/1174/525
o BlueMug_cell.008
v -0.589206 -0.436522 0.143326
v -0.596411 -0.467290 0.000001
v -0.593938 -0.344218 0.144863
v -0.575006 -0.467290 0.138712
v -0.611322 -0.436522 0.000001
v -0.605350 -0.517290 -0.148567
v -0.636726 -0.449444 0.158766
v -0.605348 -0.517290 0.148571
v -0.661234 -0.449413 0.000001
v -0.628275 -0.517290 0.000000
v -0.642114 -0.345581 0.160517
v -0.525758 -0.517290 -0.160960
v -0.332919 -0.467290 -0.115545
v -0.211097 -0.467290 -0.119693
v -0.235705 -0.517290 -0.170838
v -0.194734 -0.467290 -0.079259
v -0.196746 -0.517290 -0.074567
v -0.629032 -0.187855 0.185944
v -0.586340 -0.211685 0.159629
v -0.624937 -0.345581 0.193901
v -0.617538 -0.449436 0.196062
v -0.576371 -0.436522 0.168269
v -0.588372 -0.517290 0.181562
v -0.582899 -0.344218 0.166316
v -0.563172 -0.467290 0.161711
v -0.665691 -0.367499 0.000001
v -0.663371 -0.345580 0.022763
v -0.642115 -0.212689 0.160517
v -0.647959 -0.449429 -0.085998
v -0.615130 -0.365815 0.000001
v -0.612832 -0.344218 0.022428
v -0.579903 -0.467290 -0.106974
v -0.593938 -0.226106 0.144863
v -0.599869 -0.436522 -0.074216
v -0.600304 -0.517290 -0.158373
v -0.609035 -0.509321 -0.149765
v -0.525758 -0.517290 -0.160960
v -0.235705 -0.517290 -0.170838
v -0.332919 -0.467290 -0.115545
v -0.211097 -0.467290 -0.119693
v -0.194734 -0.467290 -0.079259
v -0.196746 -0.517290 -0.074567
v -0.586340 -0.211685 0.159629
v -0.582899 -0.344218 0.166316
v -0.588372 -0.517290 0.181562
v -0.576371 -0.436522 0.168269
v -0.624937 -0.345581 0.193901
v -0.629032 -0.187855 0.185944
v -0.617538 -0.449436 0.196062
v -0.563172 -0.467290 0.161711
v -0.579903 -0.467290 -0.106974
v -0.599869 -0.436522 -0.074216
v -0.600304 -0.517290 -0.158373
v -0.609035 -0.509321 -0.149765
v -0.647959 -0.449429 -0.085998
v -0.665691 -0.367499 0.000001
v -0.663371 -0.345580 0.022763
v -0.642115 -0.212689 0.160517
v -0.593938 -0.226106 0.144863
v -0.612832 -0.344218 0.022428
v -0.615130 -0.365815 0.000001
vn -0.0236 0.7205 -0.6930
vn 0.9245 -0.0723 -0.3741
vn 0.9220 0.2454 -0.2996
vn 0.9694 0.2453 -0.0000
vn 0.9958 0.0536 -0.0743
vn 0.9875 0.0403 -0.1524
vn 0.9507 0.0269 -0.3089
vn -0.0240 0.7213 -0.6922
vn 0.5661 0.8243 -0.0000
vn 0.3105 0.9494 0.0479
vn 0.9274 0.3457 0.1431
vn -0.8739 -0.4363 -0.2143
vn -0.2139 -0.9706 -0.1101
vn -0.5395 -0.8235 -0.1753
vn -0.8606 -0.2516 0.4428
vn -0.9218 -0.2461 0.2995
vn -0.5395 -0.8235 0.1753
vn -0.4888 -0.8354 0.2515
vn -0.0000 -1.0000 -0.0000
vn -0.5658 -0.8246 -0.0000
vn -0.9507 -0.0272 0.3089
vn -0.9875 -0.0407 0.1524
vn -0.9958 -0.0542 0.0743
vn -0.9693 -0.2460 -0.0000
vn 0.8889 0.0275 -0.4574
vn 0.9243 -0.0000 -0.3816
vn 0.8892 -0.0000 -0.4575
vn -0.0000 1.0000 -0.0000
vn 0.5398 0.8233 -0.1754
vn 0.4891 0.8352 -0.2517
vn -0.9243 -0.0000 0.3816
vn -0.8889 -0.0278 0.4573
vn -0.8892 -0.0000 0.4575
vn 0.8608 0.2509 -0.4429
vn -0.9271 -0.3464 -0.1431
vn 0.5465 0.0564 0.8356
vt 1.000000 0.266422
vt 1.000000 0.634337
vt 0.365020 0.000000
vt 0.733309 0.000000
vt 0.634337 0.634337
vt 0.266422 0.266422
vt 0.266368 0.000000
vt 0.634209 0.000000
vt 0.663769 0.314189
vt 0.705266 0.314189
vt 0.705266 0.334661
vt 0.698773 0.340914
vt 0.663324 0.340914
vt 0.850329 0.588774
vt 1.000000 0.266691
vt 1.000000 0.634980
vt 0.954826 0.732192
vt 0.930909 0.724960
vt 0.767344 0.635794
vt 0.565111 0.467505
vt 0.515289 0.413270
vt 0.217581 0.075081
vt 0.167468 0.000000
vt 0.249031 0.000000
vt 0.278133 0.043600
vt 0.542733 0.344183
vt 0.591816 0.397636
vt 0.766320 0.542927
vt 0.705266 0.305280
vt 0.736238 0.305280
vt 0.726755 0.314189
vt 0.388431 0.004052
vt 0.385939 0.001745
vt 0.388778 0.001745
vt 0.488560 0.021390
vt 0.477761 0.021388
vt 0.474809 0.001745
vt 0.484361 0.001745
vt 0.008630 0.691772
vt 0.010091 0.692015
vt 0.031674 0.695608
vt 0.115654 0.706750
vt 0.126933 0.720693
vt 0.013545 0.787355
vt 0.008630 0.777803
vt 0.001992 0.734787
vt 0.478268 0.051459
vt 0.438384 0.051460
vt 0.431794 0.045114
vt 0.431794 0.021397
vt 0.657112 0.340914
vt 0.663324 0.375111
vt 0.659049 0.379286
vt 0.403032 0.739649
vt 0.398294 0.753681
vt 0.363023 0.755227
vt 0.291513 0.756523
vt 0.286734 0.725550
vt 0.292932 0.685389
vt 0.296358 0.685901
vt 0.478268 0.089936
vt 0.487934 0.051459
vt 0.485630 0.097126
vt 0.487934 0.051459
vt 0.431793 0.001745
vt 0.658446 0.305280
vt 0.665105 0.305280
vt 0.656547 0.314189
vt 0.705266 0.334661
vt 0.406894 0.021393
vt 0.388431 0.004052
vt 0.479456 0.258374
vt 0.750969 0.000000
vt 0.832533 0.000000
vt 0.482601 0.177237
vt 0.725105 0.191593
vt 0.883566 0.247935
vt 0.634209 0.634209
vt 0.266368 0.266368
vt 0.766840 0.296539
vt 0.694987 0.271040
vt 0.657112 0.340914
vt 0.656547 0.314189
vt 0.478268 0.089936
vt 0.438384 0.051460
vt 0.431794 0.045114
s 0
usemtl lambert2SG.001
f 1121/1338/635 1119/1339/635 1118/1340/635 1120/1341/635
f 1119/1342/636 1121/1343/636 1122/1344/636 1123/1345/636
s 1
f 1082/1346/637 1086/1347/638 1142/1348/639 1112/1349/640 1084/1350/641
s 0
f 1132/1351/642 1120/1352/642 1118/1353/642 1134/1354/642 1135/1355/642 1136/1356/642 1137/1357/642 1138/1358/642 1139/1359/642 1129/1360/642 1100/1361/642 1140/1362/642 1141/1363/642 1111/1364/642 1133/1365/642
s 1
f 1086/1347/638 1083/1366/643 1113/1367/644 1115/1368/645
f 1117/1369/646 1116/1370/647 1087/1371/648
f 1130/1372/649 1088/1373/650 1089/1374/651 1126/1375/652
f 1087/1376/648 1116/1377/647 1093/1378/653 1096/1379/653 1098/1380/653 1126/1381/652 1089/1382/651 1091/1383/654
f 1088/1373/650 1092/1384/655 1108/1385/656 1107/1386/657 1090/1387/658
f 1125/1388/659 1084/1350/641 1114/1389/660 1124/1390/661
f 1097/1391/662 1095/1392/662 1094/1393/662 1113/1394/644 1083/1395/643 1085/1396/663 1131/1397/664
f 1109/1398/665 1092/1384/655 1128/1399/666 1099/1400/667
f 1128/1401/666 1092/1384/655 1088/1373/650 1130/1372/649
f 1088/1373/650 1090/1387/658 1091/1402/654 1089/1374/651
f 1131/1403/664 1085/1404/663 1082/1346/637 1103/1405/668
f 1082/1346/637 1085/1404/663 1083/1366/643 1086/1347/638
f 1114/1389/660 1084/1350/641 1112/1349/640
f 1142/1406/639 1086/1347/638 1115/1368/645
f 1090/1387/658 1110/1407/669 1117/1408/646 1087/1371/648 1091/1402/654
s 0
f 1105/1409/670 1100/1410/670 1129/1411/670 1101/1412/670 1102/1413/670 1104/1414/670 1123/1415/670 1122/1416/670 1106/1417/670 1127/1418/670
s 1
f 1082/1346/637 1084/1350/641 1125/1419/659 1103/1420/668
f 1109/1421/665 1108/1422/656 1092/1384/655
f 1110/1407/669 1090/1387/658 1107/1423/657
o BlueMug_cell.009
v 0.293012 -0.436522 0.143326
v 0.124524 -0.436522 0.375230
v 0.300218 -0.467290 0.000001
v 0.214596 -0.467290 0.263512
v -0.009560 -0.467290 0.426372
v 0.127448 -0.344218 0.379256
v 0.297744 -0.344218 0.144864
v 0.315128 -0.436522 0.000001
v 0.278813 -0.467290 0.138712
v 0.226660 -0.436522 0.272278
v 0.115748 -0.467290 0.363151
v -0.004953 -0.436522 0.440554
v -0.003417 -0.344218 0.445280
v 0.230682 -0.344218 0.275199
v 0.320099 -0.344218 0.000001
v 0.365040 -0.449413 0.000001
v 0.340532 -0.449444 0.158766
v 0.309154 -0.517290 0.148571
v 0.267039 -0.449413 0.301614
v 0.240374 -0.517290 0.282243
v 0.153892 -0.449443 0.415653
v 0.134500 -0.517290 0.388961
v 0.010471 -0.449413 0.488023
v 0.000286 -0.517290 0.456677
v 0.345920 -0.221145 0.160517
v 0.157222 -0.345581 0.420236
v 0.012216 -0.345579 0.493396
v 0.345919 -0.345581 0.160517
v 0.271609 -0.345579 0.304936
v 0.369255 -0.371932 0.000001
v 0.358873 -0.239075 0.076585
v 0.358871 -0.327521 0.076585
v 0.352786 -0.449428 0.079384
v 0.345920 -0.283364 0.160517
v 0.358873 -0.283298 0.084243
v 0.362327 -0.253179 0.054836
v 0.362821 -0.311665 0.056126
v 0.372729 -0.346901 0.001049
v 0.363440 -0.282096 0.063615
v -0.147489 0.170849 0.519342
v -0.146744 -0.517290 0.480563
v -0.146788 -0.449443 0.513562
v -0.146901 -0.345581 0.519245
v -0.147457 0.098900 0.468681
v -0.146833 -0.467290 0.448673
v -0.146853 -0.436522 0.463607
v -0.146953 -0.344218 0.468599
v -0.147186 -0.517290 0.034802
v -0.147208 -0.467290 0.070008
v -0.138230 0.196979 0.467182
v -0.003417 0.165785 0.445280
v 0.012217 0.183815 0.493397
v 0.104031 0.125216 0.391070
v 0.123222 0.141903 0.437391
v -0.147431 0.220752 0.519333
v -0.147342 0.199079 0.468662
v -0.147477 0.197987 0.519340
v -0.147433 0.153380 0.468677
v -0.147133 -0.517290 -0.007929
v -0.147101 -0.467290 -0.015210
v 0.360133 -0.458397 -0.003528
v 0.347867 -0.484781 0.000001
v 0.331415 -0.517290 0.004315
v 0.311100 -0.442578 -0.007086
v 0.314607 -0.244521 -0.035589
v 0.345920 -0.173350 0.160517
v 0.360261 -0.233907 0.067592
v 0.320099 -0.231430 0.000001
v 0.363297 -0.246442 0.048479
v 0.373472 -0.252553 0.054847
v 0.417003 -0.330965 -0.020447
v 0.433793 -0.307455 0.055962
v 0.441144 -0.342302 0.000863
v 0.407685 -0.279563 0.063579
v 0.230682 -0.008962 0.275199
v 0.161458 0.126409 0.415967
v 0.154584 0.100085 0.351903
v 0.297744 -0.137030 0.144863
v 0.271610 -0.031438 0.304936
v 0.157222 0.128938 0.420236
v 0.127448 0.116288 0.379256
v 0.313911 -0.436522 -0.007887
v 0.316837 -0.344218 -0.021137
v 0.368821 -0.333523 -0.021330
v 0.367110 -0.352000 -0.018707
v 0.366912 -0.361910 -0.017281
v -0.146744 -0.517290 0.480563
v -0.147186 -0.517290 0.034802
v -0.146788 -0.449443 0.513562
v -0.146901 -0.345581 0.519245
v -0.147101 -0.467290 -0.015210
v 0.300218 -0.467290 0.000001
v -0.147489 0.170849 0.519342
v -0.147457 0.098900 0.468681
v -0.146953 -0.344218 0.468599
v -0.146853 -0.436522 0.463607
v -0.146833 -0.467290 0.448673
v -0.147208 -0.467290 0.070008
v -0.003417 0.165785 0.445280
v 0.104031 0.125216 0.391070
v -0.138230 0.196979 0.467182
v 0.012217 0.183815 0.493397
v 0.123222 0.141903 0.437391
v -0.147342 0.199079 0.468662
v -0.147431 0.220752 0.519333
v -0.147477 0.197987 0.519340
v -0.147433 0.153380 0.468677
v -0.147133 -0.517290 -0.007929
v 0.360133 -0.458397 -0.003528
v 0.347867 -0.484781 0.000001
v 0.331415 -0.517290 0.004315
v 0.433793 -0.307455 0.055962
v 0.433793 -0.307455 0.055962
v 0.441144 -0.342302 0.000863
v 0.441144 -0.342302 0.000863
v 0.417003 -0.330965 -0.020447
v 0.314607 -0.244521 -0.035589
v 0.320099 -0.231430 0.000001
v 0.363297 -0.246442 0.048479
v 0.373472 -0.252553 0.054847
v 0.373472 -0.252553 0.054847
v 0.365040 -0.449413 0.000001
v 0.366912 -0.361910 -0.017281
v 0.345920 -0.173350 0.160517
v 0.360261 -0.233907 0.067592
v 0.407685 -0.279563 0.063579
v 0.407685 -0.279563 0.063579
v 0.230682 -0.008962 0.275199
v 0.154584 0.100085 0.351903
v 0.161458 0.126409 0.415967
v 0.271610 -0.031438 0.304936
v 0.297744 -0.137030 0.144863
v 0.127448 0.116288 0.379256
v 0.157222 0.128938 0.420236
v 0.311100 -0.442578 -0.007086
v 0.313911 -0.436522 -0.007887
v 0.316837 -0.344218 -0.021137
v 0.368821 -0.333523 -0.021330
v 0.367110 -0.352000 -0.018707
vn -1.0000 -0.0011 0.0010
vn 0.1473 0.9095 -0.3887
vn 0.1465 0.9096 -0.3888
vn -1.0000 0.0020 -0.0026
vn -1.0000 0.0004 -0.0013
vn 0.0236 -0.1111 -0.9935
vn 0.1500 0.9087 -0.3895
vn 0.0469 -0.1442 -0.9884
vn 0.9225 -0.2451 0.2982
vn 0.7842 -0.2460 0.5697
vn 0.4577 -0.8246 0.3326
vn 0.5395 -0.8235 0.1753
vn 0.5697 -0.2461 0.7841
vn 0.3334 -0.8235 0.4589
vn 0.2995 -0.2460 0.9218
vn 0.1748 -0.8246 0.5381
vn 0.0918 -0.8201 0.5648
vn 0.1555 -0.2430 0.9575
vn 0.7644 -0.0000 0.6447
vn 0.7099 -0.0000 0.7043
vn 0.5563 -0.0000 0.8310
vn 0.5876 -0.0272 0.8087
vn 0.8087 -0.0271 0.5876
vn 0.3089 -0.0271 0.9507
vn 0.9580 -0.2458 0.1476
vn 0.5768 -0.8120 0.0890
vn 0.8923 -0.4333 0.1270
vn 0.9622 -0.2506 0.1067
vn 0.9295 -0.0000 0.3689
vn 0.9507 0.0025 0.3103
vn 0.9874 0.0135 0.1577
vn 0.9881 0.0024 0.1538
vn 0.1603 -0.0268 0.9867
vn 0.9507 -0.0303 0.3087
vn 0.9976 -0.0680 -0.0104
vn 0.9847 -0.0452 0.1681
vn -0.9220 0.2454 -0.2996
vn -0.5399 0.8233 -0.1754
vn -0.4580 0.8243 -0.3328
vn -0.7843 0.2454 -0.5698
vn -0.3336 0.8233 -0.4592
vn -0.5698 0.2454 -0.7843
vn -0.1749 0.8243 -0.5384
vn -0.2996 0.2453 -0.9220
vn -0.1556 0.2423 -0.9576
vn -0.0918 0.8199 -0.5651
vn 0.6337 0.6892 -0.3513
vn -0.8087 0.0268 -0.5876
vn -0.5876 0.0269 -0.8087
vn -0.5563 -0.0000 -0.8310
vn -0.7099 -0.0000 -0.7043
vn -0.7644 -0.0000 -0.6447
vn -0.3089 0.0268 -0.9507
vn -0.2824 -0.0000 -0.9593
vn -0.4504 -0.0000 -0.8928
vn 0.4505 -0.0000 0.8928
vn 0.2824 -0.0000 0.9593
vn -0.1603 0.0265 -0.9867
vn -0.1604 -0.0000 -0.9871
vn -0.5958 0.8004 -0.0668
vn -0.0000 1.0000 -0.0000
vn -0.9507 0.0269 -0.3089
vn -0.9295 -0.0000 -0.3689
vn 0.9501 -0.0000 0.3118
vn 0.9860 0.0007 0.1670
vn -0.9694 0.2453 -0.0000
vn 0.1604 -0.0000 0.9871
vn -0.9996 0.0268 -0.0000
vn -0.9991 -0.0000 -0.0422
vn 0.9727 -0.0954 -0.2117
vn 0.8910 -0.4327 -0.1375
vn -0.0000 -1.0000 -0.0000
vn -0.9604 0.2359 0.1482
vn -0.8913 0.4319 0.1376
vn -0.9880 0.0242 0.1525
vn -0.9883 -0.0000 0.1525
vn 0.7055 0.3133 0.6357
vn 0.7623 0.3828 0.5219
vn 0.7936 -0.6084 0.0008
vn 0.7464 -0.3487 0.5668
vn 0.6943 0.0121 0.7196
vn 0.9669 -0.1114 -0.2296
vn 0.5103 -0.6980 -0.5024
vn -0.0394 0.6888 0.7239
vn 0.0555 -0.8534 -0.5184
vn 0.0544 -0.8386 0.5420
vn 0.0162 -0.2475 0.9688
vn -0.0161 0.2895 0.9570
vt 0.937907 0.000000
vt 0.937783 0.781906
vt 0.854009 0.755991
vt 0.725777 0.637677
vt 0.088184 0.000000
vt 0.177027 0.000000
vt 0.724109 0.547157
vt 0.838070 0.652405
vt 0.876061 0.664212
vt 0.876166 0.000000
vt 0.276758 0.000000
vt 0.591832 0.399066
vt 1.000000 0.841076
vt 1.000000 0.920834
vt 0.530381 0.412279
vt 0.204877 0.000000
vt 1.000000 0.781767
vt 0.920834 0.920834
vt 0.841076 0.841076
vt 0.891290 0.891290
vt 0.781767 0.781767
vt 1.000000 0.834496
vt 1.000000 0.917556
vt 1.000000 0.911816
vt 0.917556 0.917556
vt 0.834496 0.834496
vt 1.000000 0.822973
vt 1.000000 0.062093
vt 1.000000 0.123834
vt 0.632370 0.000000
vt 0.815662 0.000000
vt 0.632370 0.632370
vt 0.633653 0.104131
vt 0.543093 0.000000
vt 0.601225 0.000000
vt 0.697908 0.111203
vt 0.817036 0.249806
vt 0.815662 0.815662
vt 1.000000 0.723242
vt 1.000000 0.795123
vt 0.789246 0.765522
vt 0.758461 0.758461
vt 0.657621 0.657621
vt 0.854847 0.702856
vt 0.977250 0.437749
vt 0.672549 0.222329
vt 0.349129 0.000000
vt 0.523648 0.000000
vt 0.582798 0.098268
vt 0.644979 0.143549
vt 0.677570 0.166455
vt 0.966242 0.370339
vt 1.000000 0.398775
vt 1.000000 0.456907
vt 0.820442 0.021388
vt 0.779083 0.021397
vt 0.784691 0.001745
vt 0.823394 0.001745
vt 0.746065 0.021388
vt 0.753793 0.001745
vt 0.997044 0.324924
vt 0.955519 0.324933
vt 0.952570 0.305280
vt 0.991429 0.305280
vt 0.909999 0.305280
vt 0.909987 0.324924
vt 0.778121 0.142415
vt 0.745974 0.188116
vt 0.744738 0.188849
vt 0.744738 0.051460
vt 0.778121 0.051461
vt 0.998008 0.354995
vt 0.956024 0.354996
vt 0.843426 0.021393
vt 0.865161 0.001745
vt 0.866410 0.011157
vt 0.866410 0.021397
vt 0.819935 0.101326
vt 0.819935 0.087488
vt 0.844236 0.082297
vt 0.846840 0.083793
vt 0.909987 0.324924
vt 0.909954 0.354995
vt 0.819935 0.051460
vt 0.866410 0.043830
vt 0.844236 0.056689
vt 0.355321 0.315434
vt 0.353985 0.306526
vt 0.390119 0.306526
vt 0.392656 0.315434
vt 0.418967 0.306526
vt 0.422464 0.315434
vt 0.197035 0.582685
vt 0.194494 0.591594
vt 0.158213 0.591594
vt 0.159547 0.582685
vt 0.118463 0.582685
vt 0.118468 0.591594
vt 0.657621 0.000000
vt 0.758461 0.000000
vt 0.583506 0.226499
vt 0.960361 0.350665
vt 0.755801 0.176600
vt 0.708154 0.136609
vt 0.705429 0.149681
vt 0.654079 0.156408
vt 0.587830 0.135387
vt 0.468826 0.032489
vt 0.476352 0.000000
vt 0.650871 0.000000
vt 0.707416 0.063691
vt 0.331474 0.306860
vt 0.536755 0.156475
vt 0.393502 0.342159
vt 0.423630 0.342159
vt 0.423630 0.475491
vt 0.415710 0.470800
vt 0.393502 0.439227
vt 0.197882 0.555960
vt 0.159992 0.555960
vt 0.159992 0.408298
vt 0.191101 0.420044
vt 0.197881 0.422629
vt 0.998008 0.492385
vt 0.988164 0.496138
vt 0.956024 0.508273
vt 0.159992 0.408298
vt 0.118433 0.555960
vt 0.118288 0.427663
vt 0.118295 0.411890
vt 0.118321 0.398658
vt 0.120959 0.399266
vt 0.456646 0.602101
vt 0.492927 0.620406
vt 0.521547 0.649255
vt 0.540139 0.685389
vt 0.546168 0.725550
vt 0.416823 0.725550
vt 0.416792 0.697181
vt 0.416902 0.595644
vt 0.355766 0.342159
vt 0.393502 0.439227
vt 0.355766 0.402147
vt 0.819935 0.069474
vt 0.842019 0.069493
vt 0.313823 0.306526
vt 0.313823 0.315434
vt 0.956024 0.508273
vt 0.909801 0.518968
vt 0.909788 0.512377
vt 0.909784 0.504519
vt 0.313823 0.342159
vt 0.355766 0.402147
vt 0.313823 0.374815
vt 0.867776 0.021397
vt 0.871414 0.046732
vt 0.867432 0.018796
vt 0.819935 0.101326
vt 0.778121 0.142415
vt 0.141282 0.748971
vt 0.141298 0.734787
vt 0.279853 0.736036
vt 0.273408 0.777803
vt 0.253494 0.816506
vt 0.222840 0.847404
vt 0.183981 0.867010
vt 0.141410 0.873925
vt 0.311539 0.315434
vt 0.311771 0.313681
vt 0.307703 0.342159
vt 0.313823 0.374815
vt 0.303519 0.371025
vt 0.307703 0.342159
vt 0.846840 0.083793
vt 0.850533 0.078213
vt 0.852376 0.080176
vt 0.866106 0.051078
vt 0.850160 0.061280
vt 0.847992 0.069841
vt 0.871813 0.049568
vt 0.872586 0.054951
vt 0.825207 0.643238
vt 0.822735 0.643704
vt 0.822732 0.640477
vt 0.569547 0.804007
vt 0.576608 0.807958
vt 0.556799 0.809290
vt 0.555668 0.805417
vt 0.649409 0.604542
vt 0.652278 0.594340
vt 0.672087 0.595672
vt 0.669958 0.605760
vt 0.662399 0.613836
vt 0.649588 0.613103
vt 0.669958 0.605760
vt 0.652493 0.621656
vt 0.649266 0.621475
vt 0.662399 0.613836
s 0
usemtl lambert2SG.001
f 1230/1424/671 1229/1425/671 1231/1426/671 1232/1427/671 1235/1428/671 1236/1429/671 1237/1430/671 1238/1431/671 1239/1432/671 1240/1433/671
f 1242/1434/672 1241/1435/672 1243/1436/672 1247/1437/672 1244/1438/672 1245/1439/672
f 1246/1440/673 1247/1441/673 1243/1442/673
f 1247/1443/674 1246/1444/674 1249/1445/674 1248/1446/674
f 1235/1447/675 1248/1448/675 1249/1449/675 1236/1450/675
f 1230/1451/675 1240/1452/675 1233/1453/675 1250/1454/675
f 1233/1455/676 1234/1456/676 1277/1457/676 1251/1458/676 1252/1459/676 1253/1460/676 1250/1461/676
f 1242/1462/677 1245/1463/677 1276/1464/677 1272/1465/677 1271/1466/677 1275/1467/677
f 1278/1468/678 1279/1469/678 1259/1470/678 1258/1471/678 1280/1472/678 1281/1473/678 1265/1474/678 1264/1475/678 1251/1476/678 1277/1477/678
s 1
f 1159/1478/679 1161/1479/680 1162/1480/681 1160/1481/682
f 1161/1479/680 1163/1482/683 1164/1483/684 1162/1480/681
f 1163/1484/683 1165/1485/685 1166/1486/686 1164/1487/684
f 1183/1488/687 1166/1486/686 1165/1485/685 1184/1489/688
f 1273/1490/689 1218/1491/690 1222/1492/691 1168/1493/692 1171/1494/693
f 1163/1484/683 1168/1495/692 1169/1496/694 1165/1485/685
f 1175/1497/695 1159/1478/679 1160/1481/682 1205/1498/696 1204/1499/697 1158/1500/698
f 1266/1501/699 1167/1502/700 1173/1503/701 1267/1504/702
f 1184/1505/688 1165/1485/685 1169/1496/694 1185/1506/703
f 1159/1478/679 1170/1507/704 1171/1494/693 1161/1479/680
f 1161/1479/680 1171/1494/693 1168/1493/692 1163/1482/683
f 1158/1500/698 1172/1508/705 1174/1509/706 1175/1497/695
f 1143/1510/707 1151/1511/708 1146/1512/709 1152/1513/710
f 1152/1513/710 1146/1512/709 1153/1514/711 1144/1515/712
f 1144/1516/712 1153/1517/711 1147/1518/713 1154/1519/714
f 1188/1520/715 1154/1519/714 1147/1518/713 1187/1521/716
s 0
f 1271/1522/717 1272/1523/717 1221/1524/717 1208/1525/717 1209/1526/717 1261/1527/717 1262/1528/717 1268/1529/717 1254/1530/717 1256/1531/717 1258/1532/717 1259/1533/717 1260/1534/717 1274/1535/717 1270/1536/717
s 1
f 1156/1537/718 1148/1538/719 1223/1539/720 1219/1540/721 1217/1541/722
f 1148/1542/719 1155/1543/723 1193/1544/724 1195/1545/725 1223/1546/720
f 1168/1495/692 1222/1547/691 1196/1548/726 1194/1549/727 1169/1496/694
f 1193/1550/724 1155/1543/723 1189/1551/728 1186/1552/729 1200/1553/729 1198/1554/729 1192/1555/729
f 1147/1556/713 1153/1557/711 1146/1558/709 1151/1559/708 1145/1560/730 1202/1561/731 1191/1562/731 1187/1563/716
f 1149/1564/732 1156/1537/718 1217/1565/722 1220/1566/733
f 1144/1516/712 1154/1519/714 1155/1543/723 1148/1542/719
f 1189/1551/728 1155/1543/723 1154/1519/714 1188/1520/715
f 1143/1510/707 1152/1513/710 1156/1537/718 1149/1564/732
f 1152/1513/710 1144/1515/712 1148/1538/719 1156/1537/718
f 1176/1567/734 1177/1568/735 1173/1503/701 1167/1502/700
f 1175/1497/695 1174/1509/706 1170/1507/704 1159/1478/679
f 1145/1569/730 1151/1511/708 1143/1510/707 1150/1570/736
f 1185/1506/703 1169/1496/694 1194/1571/727 1197/1572/737 1199/1573/737 1182/1574/737
f 1157/1575/738 1149/1564/732 1220/1576/733 1210/1577/739
f 1172/1508/705 1158/1578/698 1228/1579/740
f 1158/1500/698 1204/1499/697 1203/1580/741
f 1170/1507/704 1176/1567/734 1167/1502/700 1266/1581/699 1273/1582/689 1171/1494/693
f 1190/1583/742 1201/1584/742 1205/1585/696 1160/1586/682 1162/1587/681 1164/1588/684 1166/1589/686 1183/1590/687
f 1145/1569/730 1150/1570/736 1224/1591/743 1206/1592/744
f 1150/1570/736 1157/1575/738 1225/1593/745 1224/1591/743
f 1157/1575/738 1210/1594/739 1207/1595/746 1225/1596/745
f 1174/1509/706 1177/1568/735 1176/1567/734 1170/1507/704
f 1267/1597/702 1173/1503/701 1178/1598/747 1211/1599/748
f 1174/1509/706 1172/1508/705 1180/1600/749 1179/1601/750
f 1173/1503/701 1177/1568/735 1181/1602/751 1178/1598/747
f 1227/1603/752 1226/1604/753 1180/1600/749 1172/1508/705 1228/1579/740
f 1177/1568/735 1174/1509/706 1179/1601/750 1181/1602/751
f 1211/1605/748 1178/1606/747 1263/1607/754
f 1213/1608/755 1257/1609/755 1180/1610/749 1226/1611/753
f 1179/1612/750 1180/1613/749 1215/1614/756 1255/1615/756
f 1269/1616/757 1181/1617/751 1179/1612/750 1214/1618/757
f 1212/1619/758 1178/1620/747 1181/1617/751 1216/1621/758
f 1150/1570/736 1143/1510/707 1149/1564/732 1157/1575/738
