# Blender 4.4.1
# www.blender.org
mtllib ToyGun.mtl
o ToyGun_(1)
v -0.643575 0.019546 0.089946
v -0.489195 -0.012755 0.126168
v -0.337374 -0.026819 0.131345
v -0.171442 -0.039324 0.131345
v -0.001031 -0.050000 0.131345
v 0.123542 -0.036186 0.130828
v 0.241784 -0.064383 0.128554
v 0.465439 -0.175131 0.123377
v 0.689230 -0.211865 0.089199
v 0.852549 -0.200899 0.080633
v 0.934731 -0.200104 0.069935
v -0.654175 0.098260 0.132521
v -0.520121 0.117144 0.137698
v -0.393153 0.144123 0.137698
v -0.229281 0.147553 0.132521
v 0.007613 0.143966 0.131345
v 0.184510 0.146953 0.132521
v 0.339977 0.143076 0.137698
v 0.522302 0.110600 0.137698
v 0.698326 0.032159 0.132521
v 0.865084 -0.087833 0.124992
v 1.000753 -0.135417 0.083221
v -0.667487 0.166031 0.138874
v -0.544659 0.211336 0.138874
v -0.411214 0.228553 0.132521
v -0.246755 0.237478 0.076122
v 0.012480 0.220754 0.063051
v 0.228640 0.222671 0.076122
v 0.365702 0.227238 0.132521
v 0.526333 0.214621 0.138874
v 0.698326 0.137838 0.138874
v 0.876604 0.040093 0.131345
v 1.062963 -0.025973 0.084398
v -0.683824 0.226617 0.138874
v -0.556614 0.273564 0.138874
v -0.414986 0.283216 0.131345
v -0.295996 0.284343 0.063051
v 0.287671 0.275497 0.063051
v 0.370365 0.281192 0.131345
v 0.521853 0.267571 0.138874
v 0.697308 0.200188 0.138874
v 0.881695 0.137866 0.131345
v 1.090457 0.077468 0.084398
v -0.707576 0.285138 0.131345
v -0.554299 0.334878 0.131345
v -0.397331 0.344707 0.124992
v -0.267889 0.338803 0.070966
v 0.007009 0.348871 0.055521
v 0.226627 0.339035 0.070966
v 0.352161 0.338262 0.124992
v 0.490842 0.314568 0.131345
v 0.690547 0.257267 0.131345
v 0.880737 0.217905 0.124992
v 1.085287 0.171252 0.083221
v -0.722597 0.343213 0.084398
v -0.497906 0.406500 0.084398
v -0.301957 0.422183 0.083221
v -0.233592 0.393993 0.078045
v 0.003618 0.398428 0.076869
v 0.189544 0.402939 0.078045
v 0.310630 0.397511 0.083221
v 0.436626 0.358206 0.084398
v 0.679489 0.305707 0.084398
v 0.875797 0.285124 0.083221
v 1.042223 0.247315 0.070884
v -0.722597 0.343213 -0.079894
v -0.497906 0.406500 -0.079894
v -0.301957 0.422183 -0.079894
v -0.233592 0.393993 -0.079894
v 0.003618 0.398428 -0.079894
v 0.189544 0.402939 -0.079894
v 0.310630 0.397511 -0.079894
v 0.436626 0.358206 -0.079894
v 0.679489 0.305707 -0.079894
v 0.875797 0.285124 -0.078717
v 1.042223 0.247315 -0.066380
v -0.707576 0.285138 -0.126841
v -0.554300 0.334878 -0.126841
v -0.397331 0.344707 -0.126841
v -0.267889 0.338804 -0.105133
v 0.007009 0.348871 -0.091676
v 0.226627 0.339035 -0.105133
v 0.352161 0.338262 -0.126841
v 0.490842 0.314568 -0.126841
v 0.690547 0.257267 -0.126841
v 0.880737 0.217905 -0.120488
v 1.085287 0.171252 -0.078717
v -0.683824 0.226617 -0.134370
v -0.556614 0.273564 -0.134370
v -0.414986 0.283216 -0.134370
v -0.295996 0.284343 -0.099205
v 0.287671 0.275497 -0.099205
v 0.370365 0.281192 -0.134370
v 0.521853 0.267570 -0.134370
v 0.697308 0.200188 -0.134370
v 0.881695 0.137866 -0.126841
v 1.090457 0.077468 -0.079894
v -0.667487 0.166031 -0.134370
v -0.544659 0.211336 -0.134370
v -0.411214 0.228553 -0.134370
v -0.246755 0.237478 -0.110289
v 0.012480 0.220754 -0.099205
v 0.228640 0.222671 -0.110289
v 0.365702 0.227238 -0.134370
v 0.526333 0.214621 -0.134370
v 0.698326 0.137838 -0.134370
v 0.876604 0.040093 -0.126841
v 1.062963 -0.025973 -0.079894
v -0.654175 0.098261 -0.128017
v -0.520121 0.117144 -0.133194
v -0.393153 0.144123 -0.134370
v -0.229281 0.147553 -0.134370
v 0.007613 0.143966 -0.134370
v 0.184510 0.146953 -0.134370
v 0.339977 0.143076 -0.134370
v 0.522302 0.110600 -0.133194
v 0.698326 0.032159 -0.129194
v 0.865084 -0.087833 -0.125664
v 1.000753 -0.135417 -0.079894
v -0.643575 0.019546 -0.085442
v -0.489195 -0.012755 -0.121664
v -0.337374 -0.026819 -0.126841
v -0.171442 -0.039324 -0.128017
v -0.001031 -0.050000 -0.133194
v 0.123542 -0.036186 -0.132677
v 0.241784 -0.064383 -0.125226
v 0.465439 -0.175131 -0.118873
v 0.689230 -0.211865 -0.089056
v 0.852549 -0.200899 -0.104082
v 0.934731 -0.200104 -0.075359
v -0.775188 0.065771 -0.079894
v -0.775188 0.065771 0.084398
v -0.773637 0.115384 0.131345
v -0.773637 0.115384 -0.126841
v -0.773207 0.160010 0.138874
v -0.773207 0.160010 -0.134370
v -0.773567 0.200608 0.138874
v -0.773567 0.200608 -0.134370
v -0.775471 0.241841 0.131345
v -0.775471 0.241841 -0.126841
v -0.776109 0.288429 0.084398
v -0.776109 0.288429 -0.079894
v -0.905951 0.110764 -0.078717
v -0.905951 0.110764 0.083221
v -0.903905 0.155805 0.124992
v -0.903905 0.155805 -0.120488
v -0.901170 0.193995 0.131345
v -0.901170 0.193995 -0.126841
v -0.898095 0.227717 0.131345
v -0.898095 0.227717 -0.126841
v -0.893527 0.258215 0.124992
v -0.893527 0.258215 -0.120488
v -0.887219 0.280572 0.083221
v -0.887219 0.280572 -0.078717
v -0.961514 0.141774 -0.066380
v -0.961514 0.141774 0.070884
v -0.965288 0.173218 0.083221
v -0.965288 0.173218 -0.078717
v -0.963753 0.200206 0.084398
v -0.963754 0.200206 -0.079894
v -0.962995 0.224036 0.084398
v -0.962995 0.224036 -0.079894
v -0.958385 0.246722 0.083221
v -0.958385 0.246722 -0.078717
v -0.947080 0.266965 0.070884
v -0.947080 0.266965 -0.066380
v -0.573673 -0.068850 -0.066380
v -0.501796 -0.135914 -0.078717
v -0.501796 -0.135914 0.083221
v -0.573673 -0.068850 0.070884
v -0.386144 -0.175361 -0.081876
v -0.386144 -0.175361 0.086380
v -0.219029 -0.159816 -0.085839
v -0.219029 -0.159816 0.085982
v -0.057379 -0.159740 -0.111023
v -0.057379 -0.159740 0.081221
v 0.098348 -0.174885 -0.108749
v 0.098348 -0.174885 0.078947
v 0.171758 -0.229634 -0.070767
v 0.171758 -0.229634 0.070877
v 0.189358 -0.405049 -0.057810
v 0.189358 -0.405049 0.062314
v 0.596128 -0.323854 -0.071267
v 0.596128 -0.323854 0.075771
v 0.229273 -0.445066 -0.069057
v 0.586975 -0.412496 -0.071848
v 0.586975 -0.412496 0.076352
v 0.229273 -0.445066 0.073561
v 0.432227 -0.625398 -0.072365
v 0.695704 -0.574406 -0.072365
v 0.695704 -0.574406 0.076869
v 0.432227 -0.625398 0.076869
v 0.451661 -0.758987 -0.071145
v 0.742276 -0.709663 -0.071145
v 0.742276 -0.709663 0.075649
v 0.451661 -0.758987 0.075649
v 0.511565 -0.831935 -0.059409
v 0.715228 -0.810625 -0.059409
v 0.715228 -0.810625 0.063913
v 0.511565 -0.831935 0.063913
v 0.135039 -0.281227 -0.054503
v 0.133840 -0.341600 -0.054672
v 0.133840 -0.341599 0.057705
v 0.135039 -0.281227 0.058749
v 0.050843 -0.274022 -0.054503
v 0.048676 -0.316721 -0.054672
v 0.048676 -0.316721 0.057705
v 0.050843 -0.274022 0.058749
v 0.018003 -0.265975 -0.048508
v 0.016351 -0.313542 -0.048559
v 0.016351 -0.313542 0.052636
v 0.018003 -0.265975 0.052935
v -0.345473 -0.241191 -0.072365
v -0.272824 -0.218124 -0.072365
v -0.272824 -0.218124 0.076869
v -0.345473 -0.241191 0.076869
v -0.294853 -0.314690 -0.072365
v -0.262169 -0.288800 -0.072365
v -0.262169 -0.288800 0.076869
v -0.294853 -0.314690 0.076869
v -0.177676 -0.382921 -0.071848
v -0.178080 -0.347019 -0.070090
v -0.178080 -0.347019 0.074594
v -0.177676 -0.382921 0.076352
v 0.375454 -0.521394 -0.072365
v 0.375454 -0.521394 0.076869
v 0.634524 -0.481651 0.076869
v 0.634524 -0.481651 -0.072365
v -0.484592 0.420806 0.002252
v -0.725023 0.354457 0.002252
v -0.776157 0.297699 0.002252
v -0.885932 0.284560 0.002252
v -0.951532 0.267231 0.002252
v -0.967693 0.242568 0.002252
v -0.972313 0.221373 0.002252
v -0.972546 0.199790 0.002252
v -0.973808 0.175349 0.002252
v -0.966351 0.140790 0.002252
v -0.906317 0.101760 0.002252
v -0.775537 0.055961 0.002252
v -0.661638 0.013086 0.002252
v -0.576056 -0.070381 0.002252
v -0.506304 -0.159152 0.002252
v -0.417219 -0.196052 0.002252
v -0.361984 -0.246433 0.002252
v -0.302282 -0.320575 0.002252
v -0.177445 -0.391218 0.002252
v 0.239234 -0.455036 0.002252
v 0.316573 -0.530426 0.002252
v 0.372347 -0.636987 0.002252
v 0.385613 -0.770197 0.002252
v 0.479973 -0.843079 0.002252
v 0.750371 -0.818407 0.002252
v 0.808323 -0.698453 0.002252
v 0.755586 -0.562817 0.002252
v 0.693405 -0.472619 0.002252
v 0.650910 -0.404438 0.002252
v 0.662063 -0.313845 0.002252
v 0.719176 -0.245191 -0.001513
v 0.850132 -0.221831 -0.014312
v 0.935485 -0.207831 -0.001513
v 1.025669 -0.140907 0.002252
v 1.099398 -0.037227 0.002252
v 1.131985 0.065663 0.002252
v 1.125855 0.161593 0.002252
v 1.059700 0.251512 0.002252
v 0.874708 0.297677 0.002252
v 0.677207 0.314734 0.002252
v 0.425323 0.366569 0.002252
v 0.301742 0.409062 0.002252
v 0.183680 0.415038 0.002252
v 0.002848 0.409691 0.002252
v -0.227995 0.404435 0.002252
v -0.280094 0.437845 0.002252
v 0.192696 -0.408174 0.002252
v 0.139583 -0.361018 0.001250
v 0.040610 -0.327829 0.001250
v 0.003687 -0.324245 0.002067
v 0.006146 -0.248861 0.002252
v 0.044188 -0.257326 0.002252
v 0.141564 -0.261334 0.002252
v 0.170781 -0.222768 -0.001513
v 0.097169 -0.196669 -0.018077
v -0.070487 -0.175950 -0.018077
v -0.204859 -0.171260 -0.001513
v -0.256313 -0.212882 0.002252
v -0.254741 -0.282916 0.002252
v -0.176232 -0.340769 0.002252
v -0.714411 0.036988 0.002252
v -0.660080 0.013581 0.046234
v -0.712740 0.047115 0.084886
v -0.775502 0.056942 0.045840
v -0.713348 0.102109 0.131462
v -0.774419 0.087998 0.113398
v -0.712740 0.047115 -0.080382
v -0.774419 0.087998 -0.108894
v -0.713347 0.102109 -0.126958
v -0.718829 0.155896 0.138874
v -0.773286 0.139044 0.138121
v -0.773286 0.139044 -0.133617
v -0.718829 0.155896 -0.134370
v -0.727759 0.206638 0.138874
v -0.773211 0.180569 0.138874
v -0.773211 0.180569 -0.134370
v -0.727759 0.206638 -0.134370
v -0.743221 0.257147 0.131345
v -0.774495 0.220094 0.138121
v -0.774495 0.220094 -0.133617
v -0.743221 0.257147 -0.126841
v -0.757296 0.310731 0.084398
v -0.775960 0.267455 0.113398
v -0.759892 0.321260 0.002252
v -0.776153 0.296772 0.045840
v -0.775960 0.267455 -0.108894
v -0.757296 0.310731 -0.079894
v -0.844591 0.078443 0.002252
v -0.844189 0.088008 0.084280
v -0.906280 0.102660 0.045723
v -0.842005 0.135908 0.130709
v -0.905102 0.131117 0.109634
v -0.844189 0.088008 -0.079776
v -0.905102 0.131116 -0.105130
v -0.842005 0.135908 -0.126205
v -0.839281 0.176779 0.138121
v -0.902573 0.176366 0.130709
v -0.902573 0.176366 -0.126205
v -0.839281 0.176779 -0.133617
v -0.836130 0.212987 0.138121
v -0.899715 0.211099 0.131345
v -0.899715 0.211099 -0.126841
v -0.836130 0.212987 -0.133617
v -0.832216 0.247961 0.130709
v -0.896146 0.243506 0.130709
v -0.896146 0.243506 -0.126205
v -0.832216 0.247961 -0.126205
v -0.826707 0.281750 0.084280
v -0.890117 0.271318 0.109634
v -0.825571 0.288255 0.002252
v -0.886061 0.284161 0.045723
v -0.890117 0.271318 -0.105130
v -0.826707 0.281750 -0.079776
v -0.945934 0.122185 0.002252
v -0.945194 0.129395 0.079709
v -0.965751 0.140904 0.044501
v -0.944156 0.167727 0.109634
v -0.965336 0.155730 0.079709
v -0.945194 0.129395 -0.075205
v -0.965336 0.155730 -0.075205
v -0.944156 0.167727 -0.105130
v -0.942019 0.200316 0.113398
v -0.964430 0.187748 0.084280
v -0.964430 0.187748 -0.079776
v -0.942019 0.200316 -0.108894
v -0.940104 0.229093 0.113398
v -0.963540 0.212293 0.084398
v -0.963540 0.212293 -0.079894
v -0.940104 0.229093 -0.108894
v -0.935514 0.255182 0.109634
v -0.961275 0.235308 0.084280
v -0.961275 0.235308 -0.079776
v -0.935514 0.255182 -0.105130
v -0.928488 0.274430 0.079709
v -0.954081 0.258453 0.079709
v -0.927725 0.277587 0.002252
v -0.950980 0.267194 0.044501
v -0.954081 0.258453 -0.075205
v -0.928488 0.274430 -0.075205
v -0.492603 -0.082700 -0.105247
v -0.544958 -0.100981 -0.075205
v -0.598077 -0.032355 -0.075764
v -0.598077 -0.032355 0.080268
v -0.492602 -0.082700 0.109751
v -0.615484 -0.024005 0.002252
v -0.353402 -0.107398 -0.109237
v -0.448831 -0.156632 -0.079946
v -0.353402 -0.107398 0.113741
v -0.186395 -0.110615 -0.112778
v -0.300317 -0.164454 -0.091974
v -0.300317 -0.164454 0.096115
v -0.186395 -0.110615 0.113695
v -0.028670 -0.120237 -0.128906
v -0.135428 -0.154216 0.082698
v -0.028670 -0.120237 0.113081
v 0.105893 -0.119555 -0.127304
v 0.025761 -0.166369 0.080523
v 0.105893 -0.119555 0.111479
v 0.199762 -0.160825 -0.103839
v 0.144852 -0.189532 0.075174
v 0.199762 -0.160826 0.104752
v 0.367994 -0.282196 -0.096219
v 0.195522 -0.291370 -0.073892
v 0.195522 -0.291370 0.077901
v 0.367994 -0.282196 0.100722
v 0.630242 -0.277675 -0.075461
v 0.440986 -0.348482 -0.079551
v 0.681365 -0.274210 0.001876
v 0.630242 -0.277675 0.079555
v 0.655469 -0.314846 0.044978
v 0.440986 -0.348482 0.084055
v 0.582482 -0.369791 -0.070880
v 0.439745 -0.430110 -0.081886
v 0.650706 -0.360142 0.002252
v 0.582482 -0.369791 0.075384
v 0.644516 -0.405244 0.045036
v 0.439745 -0.430110 0.086390
v 0.606388 -0.447600 -0.072313
v 0.504989 -0.501523 -0.083419
v 0.333959 -0.482455 -0.072096
v 0.666998 -0.439623 0.002252
v 0.606388 -0.447600 0.076817
v 0.687517 -0.473522 0.045087
v 0.333959 -0.482455 0.076600
v 0.504989 -0.501523 0.087923
v 0.278839 -0.490583 0.002252
v 0.322461 -0.529523 0.045087
v 0.563966 -0.599902 -0.083419
v 0.723167 -0.639615 -0.072243
v 0.596969 -0.734325 -0.082019
v 0.443316 -0.693170 -0.072243
v 0.786770 -0.627443 0.002252
v 0.749597 -0.563976 0.045087
v 0.723167 -0.639615 0.076747
v 0.801719 -0.699574 0.044387
v 0.563966 -0.599902 0.087923
v 0.443316 -0.693170 0.076747
v 0.596969 -0.734325 0.086523
v 0.378336 -0.635828 0.045087
v 0.379715 -0.705342 0.002252
v 0.392219 -0.769076 0.044387
v 0.744738 -0.773086 -0.067660
v 0.614730 -0.828393 -0.064373
v 0.470647 -0.808782 -0.067660
v 0.807064 -0.766226 0.002252
v 0.744738 -0.773086 0.072164
v 0.470647 -0.808782 0.072164
v 0.408685 -0.817577 0.002252
v 0.162269 -0.358753 -0.054983
v 0.132997 -0.311469 -0.062928
v 0.159982 -0.268897 -0.055946
v 0.171789 -0.384446 0.001677
v 0.137315 -0.357209 -0.030880
v 0.159982 -0.268897 0.059888
v 0.132997 -0.311469 0.066600
v 0.162269 -0.358753 0.058641
v 0.168573 -0.243912 0.001876
v 0.139141 -0.265325 -0.030329
v 0.090592 -0.326174 -0.054697
v 0.051492 -0.296029 -0.062928
v 0.092663 -0.281211 -0.054503
v 0.089230 -0.339345 0.001102
v 0.043565 -0.326139 -0.030880
v 0.092663 -0.281211 0.058711
v 0.051492 -0.296029 0.066600
v 0.090592 -0.326174 0.057512
v 0.092648 -0.265104 0.002252
v 0.046863 -0.261152 -0.030329
v 0.025492 -0.317299 -0.053860
v 0.027595 -0.265208 -0.053758
v 0.013838 -0.331101 0.001658
v 0.027595 -0.265208 0.058107
v 0.017243 -0.290059 0.057347
v 0.025492 -0.317299 0.057476
v 0.017304 -0.244637 0.002252
v -0.261459 -0.189777 -0.073557
v -0.309149 -0.229657 -0.083419
v -0.363997 -0.211087 -0.073193
v -0.239969 -0.186309 0.001876
v -0.257965 -0.213406 -0.040583
v -0.363998 -0.211087 0.077697
v -0.309149 -0.229657 0.087923
v -0.261459 -0.189777 0.077651
v -0.386936 -0.217374 0.002252
v -0.360332 -0.245909 0.045087
v -0.270723 -0.253016 -0.072365
v -0.278511 -0.301745 -0.083419
v -0.321563 -0.276869 -0.072365
v -0.259169 -0.247595 0.002252
v -0.255484 -0.283504 -0.040583
v -0.321563 -0.276869 0.076869
v -0.278511 -0.301745 0.087923
v -0.270723 -0.253016 0.076869
v -0.333117 -0.282290 0.002252
v -0.301539 -0.319986 0.045087
v -0.245977 -0.319245 -0.072137
v -0.178123 -0.364730 -0.081817
v -0.262336 -0.349999 -0.072313
v -0.242066 -0.312446 0.002252
v -0.177004 -0.340816 -0.039033
v -0.262336 -0.349999 0.076817
v -0.178123 -0.364730 0.086321
v -0.245977 -0.319245 0.076641
v -0.266040 -0.357002 0.002252
v -0.177468 -0.390388 0.045036
v -0.020093 -0.375664 -0.064860
v -0.000625 -0.414359 -0.070659
v -0.018118 -0.373170 0.002252
v -0.000625 -0.414359 0.075163
v -0.020093 -0.375664 0.069364
v 0.004257 -0.423605 0.002252
v 0.349906 -0.578540 0.002252
v 0.408301 -0.568153 0.076869
v 0.665246 -0.522450 0.076869
v 0.723641 -0.512062 0.002252
v 0.665246 -0.522450 -0.072365
v 0.408301 -0.568153 -0.072365
v 0.007626 0.339861 -0.021089
v -0.246411 0.330605 -0.020976
v 0.213614 0.329381 -0.020976
v -0.221402 0.245282 -0.020976
v 0.013606 0.227730 -0.021089
v 0.214971 0.228711 -0.020976
v -0.278415 0.284548 -0.021089
v 0.277186 0.274392 -0.021089
v -0.962968 0.254941 0.002252
v -0.966763 0.242984 0.045723
v -0.970648 0.231646 0.002252
v -0.971381 0.221639 0.045840
v -0.972615 0.210737 0.002252
v -0.971666 0.199832 0.045840
v -0.973058 0.188508 0.002252
v -0.972957 0.175136 0.045723
v -0.973497 0.158975 0.002252
v -0.485925 0.419375 -0.041336
v -0.724780 0.353333 -0.041336
v -0.776153 0.296772 -0.041336
v -0.886061 0.284161 -0.041219
v -0.950980 0.267195 -0.039997
v -0.966763 0.242984 -0.041219
v -0.971381 0.221639 -0.041336
v -0.971666 0.199832 -0.041336
v -0.972957 0.175136 -0.041219
v -0.965751 0.140904 -0.039997
v -0.906280 0.102660 -0.041219
v -0.775502 0.056942 -0.041336
v -0.660080 0.013581 -0.041730
v -0.575801 -0.070213 -0.039997
v -0.505853 -0.156829 -0.041219
v -0.414538 -0.194196 -0.041412
v -0.360332 -0.245909 -0.040583
v -0.301539 -0.319986 -0.040583
v -0.177468 -0.390388 -0.040532
v 0.322461 -0.529523 -0.040583
v 0.378336 -0.635828 -0.040583
v 0.392219 -0.769076 -0.039883
v 0.483873 -0.841715 -0.036173
v 0.746028 -0.817421 -0.036173
v 0.801719 -0.699574 -0.039883
v 0.749597 -0.563976 -0.040583
v 0.687517 -0.473522 -0.040583
v 0.644516 -0.405244 -0.040532
v 0.655469 -0.314846 -0.040474
v 0.716406 -0.242437 -0.046995
v 0.850374 -0.219737 -0.065289
v 0.935424 -0.206882 -0.045871
v 1.023178 -0.140358 -0.041336
v 1.095755 -0.036102 -0.041336
v 1.127831 0.066844 -0.041336
v 1.121799 0.162559 -0.041219
v 1.057546 0.250985 -0.039997
v 0.874816 0.296421 -0.041219
v 0.677435 0.313831 -0.041336
v 0.426454 0.365733 -0.041336
v 0.302630 0.407906 -0.041336
v 0.184266 0.413828 -0.041336
v 0.002925 0.408565 -0.041336
v -0.228555 0.403391 -0.041336
v -0.282281 0.436279 -0.041336
v 0.137315 -0.357209 0.033511
v 0.043565 -0.326138 0.033511
v 0.008577 -0.322505 0.033959
v 0.010848 -0.253294 0.034211
v 0.046863 -0.261152 0.034808
v 0.139141 -0.265325 0.034808
v 0.167780 -0.226245 0.035324
v 0.096740 -0.195068 0.033808
v -0.069178 -0.174329 0.035358
v -0.206057 -0.170292 0.043988
v -0.257965 -0.213406 0.045087
v -0.255484 -0.283504 0.045087
v -0.177004 -0.340816 0.043537
v -0.565806 0.001554 0.113588
v -0.501409 0.055632 0.134474
v -0.587881 0.104404 0.135109
v -0.649635 0.060658 0.117235
v -0.413898 -0.021320 0.130827
v -0.359711 0.063859 0.138003
v -0.456967 0.132215 0.138639
v -0.256617 -0.032483 0.131345
v -0.195580 0.056957 0.137486
v -0.320955 0.148358 0.135109
v -0.083340 -0.047074 0.131345
v 0.007972 0.049978 0.137368
v -0.111627 0.145315 0.131462
v 0.067258 -0.043597 0.131293
v 0.153352 0.061820 0.137434
v 0.104077 0.145070 0.131462
v 0.174220 -0.038649 0.129691
v 0.294861 0.047104 0.137724
v 0.260339 0.147289 0.135109
v 0.345120 -0.120625 0.127623
v 0.509521 -0.026726 0.134195
v 0.429338 0.131405 0.138639
v 0.580476 -0.197800 0.111923
v 0.697381 -0.084191 0.117149
v 0.611926 0.078836 0.135109
v 0.781083 -0.196453 0.082937
v 0.858057 -0.152754 0.109375
v 0.782639 -0.030207 0.130827
v 0.903627 -0.204158 0.077858
v 0.962899 -0.177916 0.079600
v 0.943336 -0.120997 0.109634
v -0.534721 0.169068 0.138756
v -0.608602 0.188540 0.138874
v -0.660345 0.133259 0.138239
v -0.408211 0.195573 0.135109
v -0.479417 0.223223 0.138239
v -0.241654 0.203282 0.116036
v -0.337067 0.233284 0.116036
v 0.009513 0.197727 0.111264
v -0.116989 0.226575 0.064160
v 0.206862 0.195614 0.116036
v 0.125596 0.217539 0.064160
v 0.360118 0.197355 0.135109
v 0.298458 0.224889 0.116036
v 0.525929 0.182359 0.138756
v 0.442632 0.226835 0.138239
v 0.698326 0.100078 0.138239
v 0.612329 0.182847 0.138874
v 0.871507 -0.021389 0.130709
v 0.783791 0.087991 0.138121
v 1.035441 -0.082295 0.084280
v 0.980200 0.000442 0.113398
v -0.551209 0.244838 0.138874
v -0.625110 0.252331 0.138874
v -0.674837 0.197077 0.138874
v -0.412936 0.256553 0.131462
v -0.485968 0.282046 0.138121
v -0.285719 0.261499 0.064160
v -0.346573 0.283780 0.111264
v 0.369440 0.254188 0.131462
v 0.319009 0.278499 0.111264
v 0.275306 0.248136 0.064160
v 0.525885 0.241775 0.138874
v 0.440044 0.280255 0.138121
v 0.698224 0.169945 0.138874
v 0.609173 0.237108 0.138874
v 0.879964 0.092571 0.131345
v 0.784198 0.168427 0.138121
v 1.081113 0.027446 0.084398
v 0.996493 0.104284 0.113398
v -0.561341 0.302035 0.138121
v -0.639835 0.313537 0.131345
v -0.695609 0.255153 0.138121
v -0.415133 0.310957 0.130709
v -0.470599 0.343996 0.130709
v -0.300376 0.310098 0.063705
v -0.337560 0.342008 0.108710
v 0.365364 0.308486 0.130709
v 0.293142 0.340094 0.108710
v 0.274461 0.305772 0.063705
v 0.510868 0.291139 0.138121
v 0.414579 0.331110 0.130709
v 0.694839 0.228987 0.138121
v 0.588088 0.286435 0.131345
v 0.881956 0.178757 0.130709
v 0.783426 0.236877 0.130709
v 1.091866 0.124749 0.084280
v 0.993430 0.192917 0.109634
v -0.526976 0.374158 0.113398
v -0.625694 0.377832 0.084398
v -0.716825 0.317616 0.113398
v -0.349976 0.386870 0.109634
v -0.381014 0.421978 0.084280
v -0.246716 0.370225 0.090764
v -0.273042 0.408103 0.080633
v -0.133016 0.347071 0.056834
v 0.005314 0.373649 0.085788
v -0.127240 0.393010 0.076986
v 0.124205 0.348532 0.056834
v 0.203403 0.375395 0.090764
v 0.108735 0.401669 0.076986
v 0.330424 0.371257 0.109634
v 0.255309 0.403033 0.080633
v 0.461943 0.339123 0.113398
v 0.362462 0.382043 0.084280
v 0.684610 0.284975 0.113398
v 0.553253 0.329565 0.084398
v 0.878211 0.256311 0.109634
v 0.781826 0.294263 0.084280
v 1.069551 0.216895 0.079709
v 0.976050 0.267593 0.079709
v -0.485924 0.419375 0.045840
v -0.621618 0.390421 0.002252
v -0.724780 0.353333 0.045840
v -0.282281 0.436279 0.045723
v -0.360421 0.437757 0.002252
v -0.228555 0.403391 0.045205
v -0.258359 0.421157 0.002252
v 0.002925 0.408564 0.045087
v -0.126054 0.403270 0.002252
v 0.184266 0.413828 0.045205
v 0.105395 0.413532 0.002252
v 0.302630 0.407906 0.045723
v 0.247923 0.415195 0.002252
v 0.426454 0.365733 0.045840
v 0.351366 0.391944 0.002252
v 0.677435 0.313831 0.045840
v 0.546053 0.337686 0.002252
v 0.874816 0.296421 0.045723
v 0.781489 0.304951 0.002252
v 1.057546 0.250985 0.044501
v 0.974831 0.280808 0.002252
v -0.625694 0.377832 -0.079894
v -0.526976 0.374158 -0.108894
v -0.639834 0.313537 -0.126841
v -0.716825 0.317616 -0.108894
v -0.381014 0.421978 -0.079894
v -0.349976 0.386870 -0.108894
v -0.470598 0.343996 -0.126841
v -0.273042 0.408103 -0.079894
v -0.246716 0.370225 -0.106970
v -0.337560 0.342008 -0.124916
v -0.127240 0.393010 -0.079894
v 0.005314 0.373649 -0.105378
v -0.133016 0.347071 -0.092828
v 0.108735 0.401669 -0.079894
v 0.203403 0.375395 -0.106970
v 0.124205 0.348533 -0.092828
v 0.255309 0.403033 -0.079894
v 0.330424 0.371257 -0.108894
v 0.293142 0.340094 -0.124916
v 0.362462 0.382043 -0.079894
v 0.461943 0.339123 -0.108894
v 0.414579 0.331110 -0.126841
v 0.553253 0.329565 -0.079894
v 0.684610 0.284975 -0.108894
v 0.588088 0.286435 -0.126841
v 0.781826 0.294263 -0.079776
v 0.878211 0.256311 -0.105130
v 0.783426 0.236877 -0.126205
v 0.976050 0.267593 -0.075205
v 1.069551 0.216895 -0.075205
v 0.993430 0.192917 -0.105130
v -0.561341 0.302035 -0.133617
v -0.625110 0.252331 -0.134370
v -0.695609 0.255153 -0.133617
v -0.415133 0.310957 -0.133617
v -0.485968 0.282046 -0.134370
v -0.300376 0.310098 -0.099699
v -0.346573 0.283779 -0.130853
v 0.365364 0.308486 -0.133617
v 0.319009 0.278499 -0.130853
v 0.274461 0.305772 -0.099699
v 0.510868 0.291139 -0.133617
v 0.440044 0.280255 -0.134370
v 0.694839 0.228987 -0.133617
v 0.609173 0.237108 -0.134370
v 0.881956 0.178756 -0.126205
v 0.784198 0.168427 -0.133617
v 1.091866 0.124749 -0.079776
v 0.996493 0.104284 -0.108894
v -0.551209 0.244838 -0.134370
v -0.608602 0.188540 -0.134370
v -0.674836 0.197076 -0.134370
v -0.412936 0.256554 -0.134370
v -0.479417 0.223223 -0.134370
v -0.285719 0.261499 -0.100154
v -0.337067 0.233284 -0.132243
v 0.369440 0.254188 -0.134370
v 0.298458 0.224889 -0.132242
v 0.275306 0.248136 -0.100154
v 0.525885 0.241775 -0.134370
v 0.442632 0.226835 -0.134370
v 0.698224 0.169945 -0.134370
v 0.612329 0.182847 -0.134370
v 0.879964 0.092571 -0.126841
v 0.783791 0.087991 -0.133617
v 1.081113 0.027446 -0.079894
v 0.980200 0.000442 -0.108894
v -0.534721 0.169068 -0.134252
v -0.587881 0.104404 -0.130605
v -0.660345 0.133259 -0.133735
v -0.408211 0.195573 -0.134370
v -0.456967 0.132215 -0.134252
v -0.241654 0.203282 -0.132243
v -0.320955 0.148358 -0.134370
v -0.116989 0.226575 -0.100154
v 0.009513 0.197727 -0.130853
v -0.111627 0.145315 -0.134370
v 0.125596 0.217539 -0.100154
v 0.206862 0.195614 -0.132243
v 0.104077 0.145070 -0.134370
v 0.360118 0.197355 -0.134370
v 0.260339 0.147289 -0.134370
v 0.525929 0.182359 -0.134252
v 0.429338 0.131405 -0.134252
v 0.698326 0.100078 -0.133852
v 0.611926 0.078837 -0.130723
v 0.871507 -0.021389 -0.126723
v 0.782639 -0.030207 -0.129970
v 1.035441 -0.082295 -0.079894
v 0.943336 -0.120997 -0.108777
v -0.501409 0.055632 -0.129970
v -0.565806 0.001554 -0.109084
v -0.649635 0.060658 -0.112731
v -0.359711 0.063860 -0.133617
v -0.413898 -0.021320 -0.126323
v -0.195580 0.056957 -0.133735
v -0.256617 -0.032483 -0.126958
v 0.007972 0.049978 -0.134252
v -0.083340 -0.047074 -0.130605
v 0.153352 0.061820 -0.134201
v 0.067258 -0.043597 -0.134083
v 0.294861 0.047104 -0.133456
v 0.174220 -0.038649 -0.128951
v 0.509521 -0.026726 -0.129691
v 0.345120 -0.120626 -0.123236
v 0.697381 -0.084191 -0.116232
v 0.580476 -0.197800 -0.107782
v 0.858057 -0.152754 -0.121435
v 0.781083 -0.196453 -0.097949
v 0.962899 -0.177916 -0.079339
v 0.903627 -0.204158 -0.093433
v -0.542492 -0.119296 0.002252
v -0.505853 -0.156829 0.045723
v -0.544958 -0.100981 0.079709
v -0.575801 -0.070213 0.044501
v -0.460750 -0.180942 0.002252
v -0.414538 -0.194196 0.045916
v -0.448830 -0.156632 0.084450
v 0.207750 -0.423517 -0.073165
v 0.188606 -0.404164 -0.030660
v 0.188606 -0.404164 0.035164
v 0.207750 -0.423517 0.077669
v 0.238237 -0.454039 0.044757
v 0.238237 -0.454039 -0.040253
v -0.135428 -0.154216 -0.098345
v -0.069178 -0.174329 -0.070877
v -0.147121 -0.169372 -0.009795
v -0.206057 -0.170292 -0.046717
v 0.025761 -0.166369 -0.115407
v 0.096740 -0.195068 -0.069327
v 0.017815 -0.185762 -0.021089
v 0.144852 -0.189532 -0.090823
v 0.167780 -0.226245 -0.038058
v 0.148037 -0.207797 -0.009795
v 0.017243 -0.290059 -0.053020
v 0.008577 -0.322505 -0.029820
v 0.001778 -0.286229 0.002233
v 0.010848 -0.253294 -0.029716
v 0.617661 -0.844016 0.002252
v 0.746028 -0.817421 0.040677
v 0.614730 -0.828393 0.068877
v 0.483873 -0.841715 0.040677
v 0.783228 -0.228973 -0.009418
v 0.850374 -0.219737 0.037182
v 0.716406 -0.242437 0.044265
v 0.897037 -0.218246 -0.009418
v 0.935424 -0.206882 0.042532
v 0.979708 -0.181304 0.001876
v 1.023178 -0.140358 0.045723
v 1.066781 -0.091009 0.002252
v 1.095755 -0.036102 0.045840
v 1.120910 0.015310 0.002252
v 1.127831 0.066844 0.045840
v 1.133654 0.113864 0.002252
v 1.121799 0.162559 0.045723
v 1.106229 0.209611 0.002252
v -0.576798 0.055464 0.126281
v -0.430353 0.060126 0.137745
v -0.283656 0.062154 0.137745
v -0.092300 0.051487 0.137380
v 0.087558 0.055371 0.137375
v 0.217075 0.061862 0.137579
v 0.398516 0.012426 0.137424
v 0.608129 -0.055682 0.126114
v 0.781843 -0.119197 0.113206
v 0.920888 -0.171170 0.099830
v -0.598804 0.149056 0.138498
v -0.472550 0.184885 0.138486
v -0.335297 0.201510 0.126482
v -0.118198 0.200854 0.111735
v 0.116904 0.195727 0.111735
v 0.284602 0.196561 0.126482
v 0.441002 0.195471 0.138486
v 0.612288 0.150053 0.138498
v 0.783281 0.037445 0.137392
v 0.963892 -0.060869 0.113022
v -0.616711 0.222219 0.138874
v -0.483200 0.254306 0.138133
v -0.341982 0.259000 0.111735
v 0.312859 0.251123 0.111735
v 0.442700 0.254006 0.138133
v 0.612013 0.210534 0.138874
v 0.784117 0.130652 0.138121
v 0.990956 0.055319 0.113398
v -0.634947 0.281673 0.138121
v -0.486814 0.310122 0.137380
v -0.349624 0.310603 0.111016
v 0.311695 0.307749 0.111016
v 0.431805 0.305134 0.137380
v 0.601511 0.261984 0.138121
v 0.783978 0.203251 0.137380
v 0.997328 0.149306 0.113022
v -0.634282 0.349246 0.113398
v -0.426214 0.386409 0.113022
v -0.305344 0.378515 0.101041
v -0.129990 0.370324 0.086293
v 0.116234 0.375435 0.086293
v 0.272074 0.375331 0.101041
v 0.387202 0.359524 0.113022
v 0.569407 0.310960 0.113398
v 0.782580 0.269714 0.113022
v 0.985066 0.235847 0.100017
v -0.622026 0.389162 0.045840
v -0.362480 0.436179 0.045829
v -0.259827 0.419852 0.045464
v -0.126172 0.402244 0.045099
v 0.105729 0.412346 0.045099
v 0.248661 0.413979 0.045464
v 0.352476 0.390953 0.045829
v 0.546773 0.336874 0.045840
v 0.781524 0.303883 0.045829
v 0.974815 0.279513 0.045339
v -0.634282 0.349246 -0.108894
v -0.426214 0.386409 -0.108894
v -0.305344 0.378515 -0.108647
v -0.129990 0.370324 -0.105570
v 0.116234 0.375435 -0.105570
v 0.272074 0.375331 -0.108647
v 0.387202 0.359524 -0.108894
v 0.569407 0.310960 -0.108894
v 0.782580 0.269714 -0.108518
v 0.985066 0.235847 -0.095513
v -0.634947 0.281673 -0.133617
v -0.486814 0.310122 -0.133617
v -0.349624 0.310603 -0.130293
v 0.311695 0.307750 -0.130293
v 0.431805 0.305134 -0.133617
v 0.601511 0.261984 -0.133617
v 0.783978 0.203251 -0.132876
v 0.997328 0.149306 -0.108518
v -0.616711 0.222219 -0.134370
v -0.483200 0.254306 -0.134370
v -0.341982 0.259000 -0.131012
v 0.312859 0.251123 -0.131012
v 0.442700 0.254006 -0.134370
v 0.612013 0.210534 -0.134370
v 0.784117 0.130652 -0.133617
v 0.990956 0.055319 -0.108894
v -0.598804 0.149056 -0.133994
v -0.472550 0.184885 -0.134358
v -0.335297 0.201510 -0.134089
v -0.118198 0.200854 -0.131012
v 0.116904 0.195727 -0.131012
v 0.284602 0.196561 -0.134089
v 0.441002 0.195471 -0.134358
v 0.612288 0.150053 -0.134005
v 0.783281 0.037445 -0.133252
v 0.963892 -0.060869 -0.108883
v -0.576798 0.055464 -0.121777
v -0.430353 0.060126 -0.133252
v -0.283656 0.062154 -0.133629
v -0.092300 0.051487 -0.133994
v 0.087558 0.055371 -0.134341
v 0.217075 0.061862 -0.133828
v 0.398516 0.012426 -0.132944
v 0.608129 -0.055682 -0.121956
v 0.781843 -0.119197 -0.120343
v 0.920888 -0.171170 -0.107061
v -0.542697 -0.117520 0.045339
v -0.459503 -0.178545 0.045857
v 0.211532 -0.427240 0.002252
v -0.146063 -0.167889 -0.058843
v 0.018555 -0.183880 -0.075098
v 0.145983 -0.207892 -0.053840
v 0.006960 -0.287642 -0.030135
v 0.617368 -0.842449 0.040640
v 0.782898 -0.225812 0.039883
v 0.897652 -0.216833 0.039317
v 0.978078 -0.180919 0.045140
v 1.063646 -0.090138 0.045829
v 1.116930 0.016524 0.045840
v 1.129475 0.114952 0.045829
v 1.102581 0.210281 0.045339
v -0.714170 0.037963 0.045914
v -0.712633 0.071805 0.113766
v -0.712633 0.071805 -0.109262
v -0.715569 0.129944 0.138133
v -0.715569 0.129944 -0.133629
v -0.722632 0.181576 0.138874
v -0.722632 0.181576 -0.134370
v -0.734933 0.230905 0.138121
v -0.734933 0.230905 -0.133617
v -0.751319 0.286841 0.113398
v -0.759631 0.320207 0.045840
v -0.751319 0.286841 -0.108894
v -0.844550 0.079400 0.045829
v -0.843262 0.109634 0.113022
v -0.843262 0.109634 -0.108518
v -0.840685 0.157876 0.137380
v -0.840685 0.157876 -0.132876
v -0.837748 0.195141 0.138121
v -0.837748 0.195141 -0.133617
v -0.834426 0.230166 0.137380
v -0.834426 0.230166 -0.132876
v -0.829255 0.266923 0.113022
v -0.825686 0.287605 0.045829
v -0.829255 0.266923 -0.108518
v -0.945828 0.122887 0.045339
v -0.944991 0.146665 0.100017
v -0.944991 0.146665 -0.095513
v -0.943060 0.185273 0.113022
v -0.943060 0.185273 -0.108518
v -0.941187 0.214912 0.113398
v -0.941187 0.214912 -0.108894
v -0.938269 0.242573 0.113022
v -0.938269 0.242573 -0.108518
v -0.931866 0.266495 0.100017
v -0.927766 0.277283 0.045339
v -0.931866 0.266495 -0.095513
v -0.553117 -0.056332 -0.095893
v -0.553117 -0.056332 0.100397
v -0.613846 -0.024728 0.045424
v -0.426408 -0.099075 -0.108558
v -0.426408 -0.099075 0.113062
v -0.270852 -0.108928 -0.110330
v -0.270852 -0.108928 0.114488
v -0.105435 -0.115616 -0.120754
v -0.105435 -0.115616 0.113241
v 0.044189 -0.119648 -0.131710
v 0.044189 -0.119648 0.112873
v 0.151691 -0.128499 -0.115586
v 0.151691 -0.128499 0.108072
v 0.269761 -0.223548 -0.099601
v 0.269761 -0.223548 0.103747
v 0.511433 -0.288584 -0.091865
v 0.676311 -0.274452 0.045199
v 0.511433 -0.288584 0.096316
v 0.424775 -0.392187 -0.079462
v 0.643885 -0.361107 0.044939
v 0.424775 -0.392187 0.083966
v 0.211532 -0.427240 0.002252
v 0.472092 -0.465112 -0.083248
v 0.660937 -0.440420 0.045082
v 0.472092 -0.465112 0.087752
v 0.283979 -0.489759 0.045046
v 0.583242 -0.666392 -0.083279
v 0.780410 -0.628660 0.045017
v 0.583242 -0.666392 0.087783
v 0.386074 -0.704124 0.045017
v 0.607813 -0.791579 -0.077795
v 0.800826 -0.766835 0.042739
v 0.607813 -0.791579 0.082299
v 0.414862 -0.816646 0.042739
v 0.160159 -0.311915 -0.063977
v 0.167916 -0.379305 -0.030687
v 0.160159 -0.311915 0.067940
v 0.164907 -0.248916 -0.031127
v 0.091789 -0.304038 -0.062930
v 0.089626 -0.337002 -0.030961
v 0.091789 -0.304038 0.066479
v 0.092777 -0.268570 -0.030329
v 0.028921 -0.292024 -0.061928
v 0.018192 -0.329004 -0.030553
v 0.028921 -0.292024 0.065937
v 0.021388 -0.249351 -0.030227
v -0.312419 -0.199965 -0.084277
v -0.242043 -0.186605 -0.041225
v -0.312419 -0.199965 0.088729
v -0.384668 -0.216691 0.045210
v -0.296143 -0.264943 -0.083419
v -0.260324 -0.248138 -0.040583
v -0.296143 -0.264943 0.087923
v -0.331962 -0.281748 0.045087
v -0.254181 -0.334598 -0.083259
v -0.242516 -0.313068 -0.040428
v -0.254181 -0.334598 0.087763
v -0.265669 -0.356302 0.045082
v -0.011165 -0.394217 -0.078132
v -0.020251 -0.371513 -0.035467
v -0.011165 -0.394217 0.082636
v 0.003770 -0.422680 0.044917
v 0.355745 -0.577502 0.045087
v 0.536774 -0.545301 0.087923
v 0.717802 -0.513101 0.045087
v 0.536774 -0.545301 -0.083419
v -0.132026 0.338778 -0.021070
v 0.125629 0.338939 -0.021070
v -0.114335 0.234345 -0.021070
v 0.127092 0.224019 -0.021070
v -0.266171 0.262821 -0.021070
v -0.283112 0.309425 -0.021070
v 0.262255 0.304359 -0.021070
v 0.263119 0.247540 -0.021070
v -0.962084 0.255277 0.045339
v -0.969709 0.232012 0.045829
v -0.971707 0.210893 0.045840
v -0.972195 0.188432 0.045828
v -0.972679 0.158674 0.045339
v -0.622026 0.389162 -0.041336
v -0.759631 0.320207 -0.041336
v -0.825686 0.287605 -0.041325
v -0.927766 0.277283 -0.040835
v -0.962084 0.255277 -0.040835
v -0.969710 0.232012 -0.041325
v -0.971707 0.210893 -0.041336
v -0.972195 0.188432 -0.041325
v -0.972679 0.158674 -0.040835
v -0.945828 0.122887 -0.040835
v -0.844550 0.079399 -0.041325
v -0.714170 0.037963 -0.041410
v -0.613846 -0.024728 -0.040920
v -0.542697 -0.117520 -0.040835
v -0.459503 -0.178545 -0.041353
v -0.384668 -0.216691 -0.040706
v -0.331962 -0.281748 -0.040583
v -0.265669 -0.356302 -0.040578
v 0.003770 -0.422680 -0.040413
v 0.283979 -0.489759 -0.040542
v 0.355745 -0.577502 -0.040583
v 0.386074 -0.704124 -0.040513
v 0.414862 -0.816646 -0.038235
v 0.617368 -0.842449 -0.036136
v 0.800826 -0.766835 -0.038235
v 0.780410 -0.628660 -0.040513
v 0.717802 -0.513101 -0.040583
v 0.660937 -0.440420 -0.040578
v 0.643885 -0.361107 -0.040435
v 0.676311 -0.274452 -0.041406
v 0.782898 -0.225812 -0.058326
v 0.897652 -0.216833 -0.057853
v 0.978078 -0.180919 -0.041735
v 1.063646 -0.090138 -0.041336
v 1.116930 0.016524 -0.041336
v 1.129475 0.114952 -0.041325
v 1.102581 0.210281 -0.040835
v 0.974815 0.279513 -0.040835
v 0.781524 0.303883 -0.041325
v 0.546773 0.336874 -0.041336
v 0.352476 0.390954 -0.041336
v 0.248661 0.413979 -0.041336
v 0.105729 0.412346 -0.041336
v -0.126172 0.402244 -0.041336
v -0.259827 0.419852 -0.041336
v -0.362480 0.436179 -0.041336
v 0.167916 -0.379305 0.034116
v 0.089626 -0.337002 0.033315
v 0.018192 -0.329004 0.033945
v 0.006960 -0.287642 0.034590
v 0.021388 -0.249351 0.034716
v 0.092777 -0.268570 0.034804
v 0.164907 -0.248916 0.034904
v 0.145983 -0.207892 0.034656
v 0.018555 -0.183880 0.033650
v -0.146063 -0.167889 0.039659
v -0.242043 -0.186605 0.045018
v -0.260324 -0.248137 0.045087
v -0.242516 -0.313068 0.044932
v -0.020251 -0.371513 0.039971
v -0.610308 0.034491 0.112439
v -0.532371 0.025049 0.126451
v -0.546220 0.083311 0.134168
v -0.617870 0.079223 0.128521
v -0.456214 0.020540 0.133980
v -0.382381 0.019258 0.135862
v -0.411021 0.103089 0.138686
v -0.476912 0.092647 0.137933
v -0.306394 0.016550 0.135862
v -0.224314 0.010819 0.135862
v -0.261212 0.107041 0.136803
v -0.341835 0.108292 0.137933
v -0.132749 0.003512 0.135862
v -0.038029 -0.001770 0.135862
v -0.045412 0.100424 0.135862
v -0.159587 0.103258 0.136051
v 0.043799 0.000716 0.135862
v 0.108768 0.009108 0.135780
v 0.134025 0.105944 0.136051
v 0.054825 0.101589 0.135862
v 0.164996 0.013936 0.135449
v 0.227506 0.004703 0.134953
v 0.278107 0.105149 0.137933
v 0.204466 0.108830 0.136803
v 0.318225 -0.030118 0.134622
v 0.434195 -0.081352 0.132740
v 0.467815 0.062624 0.137933
v 0.366586 0.089373 0.138686
v 0.547566 -0.119127 0.125541
v 0.647840 -0.140253 0.111995
v 0.655448 -0.000931 0.128521
v 0.565986 0.032683 0.134168
v 0.739215 -0.155295 0.101657
v 0.820045 -0.171112 0.098336
v 0.822669 -0.099318 0.121745
v 0.740719 -0.046957 0.124757
v 0.885392 -0.186313 0.094571
v 0.931881 -0.191484 0.084555
v 0.960194 -0.154577 0.095512
v 0.898513 -0.137123 0.113463
v -0.625890 0.120541 0.136803
v -0.560530 0.135521 0.137933
v -0.572206 0.180928 0.138874
v -0.634669 0.158661 0.138874
v -0.496922 0.152901 0.138686
v -0.435194 0.167684 0.137933
v -0.444159 0.209891 0.136803
v -0.508531 0.199367 0.138874
v -0.368697 0.176672 0.134168
v -0.287708 0.179525 0.128521
v -0.293591 0.220983 0.110580
v -0.375054 0.216471 0.128521
v -0.179432 0.178769 0.124757
v -0.052638 0.176666 0.123815
v -0.052299 0.214113 0.091679
v -0.183419 0.219524 0.095265
v 0.062336 0.175223 0.123815
v 0.155261 0.175117 0.124757
v 0.171659 0.209445 0.095265
v 0.068831 0.210273 0.091679
v 0.236021 0.175694 0.128521
v 0.313231 0.175656 0.134168
v 0.327469 0.212976 0.128521
v 0.255872 0.211095 0.110580
v 0.394247 0.173059 0.137933
v 0.480714 0.163468 0.138686
v 0.483938 0.209173 0.138874
v 0.402254 0.214314 0.136803
v 0.568565 0.139956 0.137933
v 0.655448 0.098877 0.136803
v 0.655448 0.146515 0.138874
v 0.569210 0.187268 0.138874
v 0.740719 0.039866 0.136051
v 0.825429 -0.025936 0.133039
v 0.827758 0.036114 0.135862
v 0.740719 0.093025 0.138874
v 0.912319 -0.075877 0.121745
v 0.990564 -0.102585 0.099277
v 1.016181 -0.043949 0.100218
v 0.923962 -0.011704 0.123815
v -0.643004 0.193154 0.138874
v -0.580975 0.218519 0.138874
v -0.587950 0.249735 0.138874
v -0.651365 0.224478 0.138874
v -0.515138 0.235575 0.138874
v -0.447221 0.241468 0.136051
v -0.449431 0.269549 0.135862
v -0.519452 0.265385 0.138874
v -0.375807 0.244571 0.124757
v -0.302960 0.248368 0.095265
v -0.314932 0.272067 0.091679
v -0.378098 0.270557 0.123815
v 0.279058 0.236383 0.095265
v 0.335323 0.239428 0.124757
v 0.341452 0.266326 0.123815
v 0.298497 0.262897 0.091679
v 0.403826 0.241464 0.136051
v 0.483938 0.236497 0.138874
v 0.482309 0.263204 0.138874
v 0.404269 0.268407 0.135862
v 0.569210 0.214593 0.138874
v 0.655448 0.176176 0.138874
v 0.654634 0.204776 0.138874
v 0.567582 0.241299 0.138874
v 0.740719 0.132031 0.138874
v 0.829457 0.088439 0.135862
v 0.830466 0.133126 0.135862
v 0.740557 0.167220 0.138874
v 0.932457 0.047175 0.123815
v 1.034871 0.013079 0.100218
v 1.045969 0.064934 0.100218
v 0.937501 0.097900 0.123815
v -0.661900 0.253988 0.138874
v -0.595635 0.278464 0.138874
v -0.600126 0.308638 0.135862
v -0.673075 0.283833 0.135862
v -0.523505 0.292990 0.138874
v -0.451586 0.296641 0.135862
v -0.444794 0.326915 0.133039
v -0.520540 0.323137 0.135862
v -0.381323 0.296717 0.123815
v -0.321331 0.296832 0.091679
v -0.316600 0.324839 0.092795
v -0.376929 0.326253 0.121745
v 0.298178 0.291501 0.091679
v 0.340654 0.293986 0.123815
v 0.330781 0.323552 0.121745
v 0.277295 0.322854 0.092795
v 0.400983 0.294612 0.135862
v 0.475795 0.288057 0.138874
v 0.461360 0.311871 0.135862
v 0.390946 0.321234 0.133039
v 0.561066 0.266152 0.138874
v 0.651375 0.231957 0.138874
v 0.644664 0.258122 0.135862
v 0.547440 0.289584 0.135862
v 0.739905 0.199759 0.138874
v 0.830861 0.172738 0.135862
v 0.830670 0.209681 0.133039
v 0.738564 0.230856 0.135862
v 0.939474 0.142974 0.123815
v 1.050307 0.112739 0.100218
v 1.048222 0.158257 0.099277
v 0.938526 0.185015 0.121745
v -0.679672 0.316962 0.123815
v -0.591106 0.344223 0.123815
v -0.571548 0.379984 0.100218
v -0.680956 0.348922 0.100218
v -0.495011 0.361125 0.123815
v -0.410481 0.366210 0.121745
v -0.357452 0.408055 0.099277
v -0.453715 0.400922 0.100218
v -0.348432 0.363272 0.113463
v -0.294629 0.357166 0.096064
v -0.269061 0.388464 0.089865
v -0.303279 0.401626 0.095512
v -0.199081 0.355946 0.080749
v -0.061644 0.359067 0.076620
v -0.061328 0.384817 0.085159
v -0.190014 0.381988 0.086100
v 0.066579 0.360864 0.076620
v 0.169895 0.359462 0.080748
v 0.156239 0.390439 0.086100
v 0.061825 0.388771 0.085159
v 0.250093 0.357917 0.096064
v 0.312727 0.357006 0.113463
v 0.292095 0.389327 0.095512
v 0.230680 0.391181 0.089865
v 0.370728 0.351114 0.121745
v 0.436196 0.337510 0.123815
v 0.406597 0.361980 0.100218
v 0.345600 0.380183 0.099277
v 0.525513 0.313696 0.123815
v 0.634105 0.284438 0.123815
v 0.622338 0.307923 0.100218
v 0.500766 0.335874 0.100218
v 0.736452 0.261765 0.123815
v 0.829883 0.246200 0.121745
v 0.828813 0.278592 0.099277
v 0.734097 0.289084 0.100218
v 0.934581 0.226760 0.113463
v 1.039544 0.203896 0.095512
v 1.023355 0.243376 0.085098
v 0.929234 0.263956 0.095512
v -0.680662 0.367864 0.066062
v -0.557703 0.401475 0.066062
v -0.554242 0.406848 0.024361
v -0.680590 0.372599 0.024361
v -0.425784 0.425161 0.066062
v -0.321893 0.433673 0.065874
v -0.313002 0.440077 0.024361
v -0.418802 0.431221 0.024361
v -0.272856 0.424905 0.065121
v -0.253261 0.406957 0.063992
v -0.249310 0.411580 0.024361
v -0.265249 0.430726 0.024361
v -0.185446 0.398126 0.063239
v -0.061116 0.401984 0.063051
v -0.061064 0.406276 0.024361
v -0.184303 0.402161 0.024361
v 0.058655 0.407376 0.063051
v 0.148738 0.409651 0.063239
v 0.146863 0.414453 0.024361
v 0.057862 0.412027 0.024361
v 0.219946 0.410661 0.063992
v 0.279202 0.408494 0.065121
v 0.275978 0.413285 0.024361
v 0.217261 0.415532 0.024361
v 0.329542 0.397463 0.065874
v 0.387951 0.376428 0.066062
v 0.383288 0.380041 0.024361
v 0.325527 0.401782 0.024361
v 0.485354 0.348795 0.066062
v 0.615036 0.321448 0.066062
v 0.613212 0.324830 0.024361
v 0.481502 0.352025 0.024361
v 0.732637 0.304758 0.066062
v 0.828115 0.297201 0.065874
v 0.827940 0.301853 0.024361
v 0.732273 0.308676 0.024361
v 0.925745 0.285363 0.065121
v 1.017076 0.263751 0.061989
v 1.020975 0.267794 0.024361
v 0.924872 0.290715 0.024361
v -0.680956 0.348922 -0.095714
v -0.571548 0.379984 -0.095714
v -0.591106 0.344223 -0.119311
v -0.679672 0.316962 -0.119311
v -0.453715 0.400922 -0.095714
v -0.357452 0.408055 -0.095714
v -0.410481 0.366210 -0.119311
v -0.495012 0.361125 -0.119311
v -0.303279 0.401626 -0.095714
v -0.269061 0.388464 -0.095714
v -0.294629 0.357166 -0.115352
v -0.348432 0.363272 -0.119311
v -0.190014 0.381988 -0.095714
v -0.061328 0.384817 -0.095714
v -0.061644 0.359067 -0.105245
v -0.199081 0.355946 -0.108319
v 0.061825 0.388771 -0.095714
v 0.156238 0.390439 -0.095714
v 0.169895 0.359462 -0.108319
v 0.066579 0.360864 -0.105245
v 0.230680 0.391181 -0.095714
v 0.292095 0.389327 -0.095714
v 0.312727 0.357006 -0.119311
v 0.250093 0.357917 -0.115352
v 0.345600 0.380183 -0.095714
v 0.406597 0.361980 -0.095714
v 0.436196 0.337510 -0.119311
v 0.370728 0.351114 -0.119311
v 0.500766 0.335874 -0.095714
v 0.622338 0.307923 -0.095714
v 0.634105 0.284438 -0.119311
v 0.525513 0.313695 -0.119311
v 0.734097 0.289084 -0.095714
v 0.828813 0.278592 -0.094773
v 0.829883 0.246200 -0.117241
v 0.736452 0.261765 -0.119311
v 0.929234 0.263956 -0.091008
v 1.023355 0.243377 -0.080594
v 1.039544 0.203896 -0.091008
v 0.934581 0.226760 -0.108959
v -0.673075 0.283834 -0.131358
v -0.600126 0.308638 -0.131358
v -0.595635 0.278464 -0.134370
v -0.661901 0.253988 -0.134370
v -0.520540 0.323137 -0.131358
v -0.444794 0.326915 -0.131358
v -0.451586 0.296641 -0.134370
v -0.523505 0.292990 -0.134370
v -0.376929 0.326253 -0.131358
v -0.316600 0.324839 -0.120366
v -0.321331 0.296832 -0.120304
v -0.381323 0.296717 -0.134370
v 0.277295 0.322854 -0.120366
v 0.330781 0.323552 -0.131358
v 0.340654 0.293986 -0.134370
v 0.298178 0.291502 -0.120304
v 0.390946 0.321234 -0.131358
v 0.461360 0.311871 -0.131358
v 0.475795 0.288057 -0.134370
v 0.400983 0.294612 -0.134370
v 0.547440 0.289584 -0.131358
v 0.644664 0.258122 -0.131358
v 0.651375 0.231957 -0.134370
v 0.561066 0.266152 -0.134370
v 0.738564 0.230856 -0.131358
v 0.830670 0.209681 -0.128535
v 0.830861 0.172738 -0.131358
v 0.739905 0.199759 -0.134370
v 0.938526 0.185015 -0.117241
v 1.048222 0.158257 -0.094773
v 1.050307 0.112739 -0.095714
v 0.939474 0.142974 -0.119311
v -0.651365 0.224478 -0.134370
v -0.587950 0.249735 -0.134370
v -0.580975 0.218519 -0.134370
v -0.643004 0.193154 -0.134370
v -0.519452 0.265385 -0.134370
v -0.449431 0.269549 -0.134370
v -0.447221 0.241468 -0.134370
v -0.515138 0.235575 -0.134370
v -0.378098 0.270557 -0.134370
v -0.314932 0.272068 -0.120304
v -0.302960 0.248368 -0.122836
v -0.375807 0.244571 -0.134370
v 0.298497 0.262897 -0.120304
v 0.341452 0.266327 -0.134370
v 0.335323 0.239428 -0.134370
v 0.279058 0.236383 -0.122836
v 0.404269 0.268407 -0.134370
v 0.482309 0.263204 -0.134370
v 0.483938 0.236497 -0.134370
v 0.403826 0.241464 -0.134370
v 0.567582 0.241299 -0.134370
v 0.654634 0.204776 -0.134370
v 0.655448 0.176176 -0.134370
v 0.569210 0.214593 -0.134370
v 0.740557 0.167220 -0.134370
v 0.830466 0.133126 -0.131358
v 0.829457 0.088439 -0.131358
v 0.740719 0.132031 -0.134370
v 0.937501 0.097900 -0.119311
v 1.045969 0.064934 -0.095714
v 1.034871 0.013079 -0.095714
v 0.932457 0.047175 -0.119311
v -0.634669 0.158661 -0.134370
v -0.572206 0.180928 -0.134370
v -0.560530 0.135521 -0.133429
v -0.625890 0.120541 -0.132299
v -0.508531 0.199367 -0.134370
v -0.444159 0.209891 -0.134370
v -0.435194 0.167684 -0.134370
v -0.496922 0.152901 -0.134182
v -0.375054 0.216471 -0.134370
v -0.293591 0.220983 -0.129869
v -0.287708 0.179525 -0.134370
v -0.368697 0.176672 -0.134370
v -0.183419 0.219524 -0.122836
v -0.052299 0.214113 -0.120304
v -0.052638 0.176666 -0.134370
v -0.179432 0.178769 -0.134370
v 0.068831 0.210273 -0.120304
v 0.171659 0.209445 -0.122836
v 0.155261 0.175117 -0.134370
v 0.062336 0.175223 -0.134370
v 0.255872 0.211095 -0.129869
v 0.327469 0.212976 -0.134370
v 0.313231 0.175656 -0.134370
v 0.236021 0.175694 -0.134370
v 0.402254 0.214314 -0.134370
v 0.483938 0.209173 -0.134370
v 0.480714 0.163468 -0.134182
v 0.394247 0.173059 -0.134370
v 0.569210 0.187268 -0.134370
v 0.655448 0.146515 -0.134370
v 0.655448 0.098877 -0.132488
v 0.568565 0.139956 -0.133429
v 0.740719 0.093025 -0.134370
v 0.827758 0.036113 -0.131358
v 0.825429 -0.025936 -0.130417
v 0.740719 0.039866 -0.132488
v 0.923962 -0.011704 -0.119311
v 1.016181 -0.043949 -0.095714
v 0.990564 -0.102585 -0.095714
v 0.912319 -0.075877 -0.119123
v -0.617869 0.079223 -0.124017
v -0.546220 0.083311 -0.129664
v -0.532371 0.025049 -0.121947
v -0.610308 0.034491 -0.107935
v -0.476912 0.092647 -0.133429
v -0.411021 0.103090 -0.134370
v -0.382381 0.019258 -0.131358
v -0.456214 0.020540 -0.129476
v -0.341835 0.108292 -0.134370
v -0.261212 0.107041 -0.134370
v -0.224314 0.010818 -0.131547
v -0.306394 0.016550 -0.131358
v -0.159587 0.103258 -0.134370
v -0.045412 0.100424 -0.134370
v -0.038029 -0.001770 -0.133429
v -0.132749 0.003512 -0.132299
v 0.054825 0.101589 -0.134370
v 0.134025 0.105944 -0.134370
v 0.108768 0.009108 -0.134099
v 0.043799 0.000716 -0.134182
v 0.204466 0.108830 -0.134370
v 0.278107 0.105149 -0.134370
v 0.227506 0.004703 -0.131390
v 0.164996 0.013936 -0.133015
v 0.366586 0.089373 -0.134370
v 0.467815 0.062624 -0.133429
v 0.434195 -0.081352 -0.128236
v 0.318225 -0.030118 -0.130306
v 0.565986 0.032683 -0.129664
v 0.655448 -0.000931 -0.124958
v 0.647840 -0.140253 -0.109088
v 0.547566 -0.119127 -0.121037
v 0.740719 -0.046957 -0.124958
v 0.822669 -0.099318 -0.126652
v 0.820045 -0.171112 -0.114537
v 0.739215 -0.155295 -0.107031
v 0.898513 -0.137123 -0.118370
v 0.960194 -0.154577 -0.095714
v 0.931881 -0.191484 -0.091428
v 0.885392 -0.186313 -0.110773
v -0.558991 -0.095195 0.024361
v -0.525335 -0.141132 0.024361
v -0.525105 -0.132491 0.065121
v -0.559550 -0.091118 0.061989
v -0.484174 -0.171806 0.024361
v -0.437831 -0.188408 0.024361
v -0.429638 -0.179503 0.066515
v -0.481055 -0.162142 0.065874
v 0.222347 -0.438117 -0.046948
v 0.198368 -0.414052 -0.040994
v 0.195449 -0.411015 0.002252
v 0.198368 -0.414052 0.045498
v 0.222347 -0.438117 0.051452
v 0.232307 -0.448087 0.002252
v -0.178735 -0.163608 -0.073335
v -0.105254 -0.165743 -0.087440
v -0.110854 -0.171962 -0.040562
v -0.178663 -0.168899 -0.029268
v -0.022267 -0.173555 -0.096852
v 0.061620 -0.183058 -0.096025
v 0.059948 -0.191276 -0.047761
v -0.026647 -0.180618 -0.048092
v 0.124478 -0.194695 -0.083306
v 0.159178 -0.214623 -0.063584
v 0.161722 -0.215534 -0.025630
v 0.125893 -0.202507 -0.038908
v 0.012735 -0.272096 -0.042358
v 0.011650 -0.305589 -0.042387
v 0.003412 -0.307779 -0.014622
v 0.004732 -0.265701 -0.014564
v 0.544044 -0.846749 0.022193
v 0.690033 -0.834646 0.022193
v 0.680077 -0.828980 0.055650
v 0.551788 -0.840618 0.055650
v 0.749061 -0.235653 0.018714
v 0.818110 -0.224561 0.013067
v 0.818497 -0.213871 0.061168
v 0.743387 -0.222510 0.064866
v 0.875721 -0.220192 0.013067
v 0.916238 -0.214592 0.018714
v 0.917955 -0.209840 0.059563
v 0.877655 -0.213416 0.060415
v 0.953567 -0.194063 0.061445
v 0.956937 -0.196561 0.023231
v 1.002913 -0.162579 0.024361
v 0.994370 -0.160979 0.065121
v 1.035785 -0.113963 0.065874
v 1.047090 -0.116807 0.024361
v 1.084349 -0.064240 0.024361
v 1.070714 -0.060182 0.066062
v 1.096201 -0.005945 0.066062
v 1.111535 -0.010701 0.024361
v 1.127676 0.040775 0.024361
v 1.111334 0.045607 0.066062
v 1.117251 0.094504 0.066062
v 1.133987 0.089945 0.024361
v 1.130952 0.137666 0.024361
v 1.114407 0.141784 0.065874
v 1.102573 0.189492 0.065121
v 1.118330 0.185892 0.024361
v 1.087402 0.231801 0.024361
v 1.075200 0.232257 0.061989
v -0.743802 0.046448 0.024361
v -0.687107 0.026296 0.024361
v -0.683541 0.029690 0.067238
v -0.743689 0.050454 0.066062
v -0.680988 0.049209 0.102146
v -0.683006 0.082327 0.124757
v -0.742722 0.093361 0.123815
v -0.743234 0.066478 0.100218
v -0.683006 0.082327 -0.120253
v -0.680988 0.049209 -0.097642
v -0.743234 0.066478 -0.095714
v -0.742722 0.093360 -0.119311
v -0.686094 0.114752 0.136051
v -0.690861 0.144717 0.138874
v -0.744082 0.144730 0.138874
v -0.742950 0.120770 0.135862
v -0.690861 0.144717 -0.134370
v -0.686094 0.114752 -0.131547
v -0.742949 0.120770 -0.131358
v -0.744082 0.144730 -0.134370
v -0.696357 0.173554 0.138874
v -0.702805 0.201701 0.138874
v -0.747731 0.190315 0.138874
v -0.745649 0.167622 0.138874
v -0.702805 0.201701 -0.134370
v -0.696357 0.173554 -0.134370
v -0.745649 0.167622 -0.134370
v -0.747731 0.190315 -0.134370
v -0.711604 0.228711 0.138874
v -0.722470 0.255840 0.135862
v -0.755246 0.234590 0.135862
v -0.750961 0.212169 0.138874
v -0.722470 0.255840 -0.131358
v -0.711604 0.228711 -0.134370
v -0.750961 0.212169 -0.134370
v -0.755246 0.234590 -0.131358
v -0.733438 0.286050 0.123815
v -0.742483 0.315335 0.100218
v -0.763622 0.287749 0.100218
v -0.759770 0.261027 0.123815
v -0.747526 0.332722 0.066062
v -0.748788 0.337068 0.024361
v -0.766344 0.307861 0.024361
v -0.765800 0.303839 0.066062
v -0.742483 0.315335 -0.095714
v -0.733438 0.286050 -0.119311
v -0.759769 0.261027 -0.119311
v -0.763622 0.287749 -0.095714
v -0.877478 0.090280 0.024361
v -0.809873 0.066815 0.024361
v -0.809717 0.070690 0.066062
v -0.877319 0.094026 0.065874
v -0.809096 0.086189 0.100218
v -0.808052 0.111857 0.123815
v -0.875561 0.133740 0.121745
v -0.876689 0.109010 0.099277
v -0.808052 0.111857 -0.119311
v -0.809096 0.086189 -0.095714
v -0.876689 0.109010 -0.094773
v -0.875561 0.133740 -0.117241
v -0.806980 0.137033 0.135862
v -0.806010 0.157821 0.138874
v -0.872763 0.177236 0.135862
v -0.874210 0.157742 0.133039
v -0.806009 0.157821 -0.134370
v -0.806980 0.137033 -0.131358
v -0.874210 0.157742 -0.128535
v -0.872763 0.177236 -0.131358
v -0.805001 0.177088 0.138874
v -0.803972 0.196053 0.138874
v -0.869511 0.212721 0.135862
v -0.871202 0.195138 0.135862
v -0.803972 0.196053 -0.134370
v -0.805001 0.177088 -0.134370
v -0.871202 0.195138 -0.131358
v -0.869511 0.212721 -0.131358
v -0.803093 0.214282 0.138874
v -0.802175 0.232836 0.135862
v -0.865438 0.245873 0.133039
v -0.867664 0.229611 0.135862
v -0.802175 0.232836 -0.131358
v -0.803093 0.214282 -0.134370
v -0.867664 0.229611 -0.131358
v -0.865438 0.245873 -0.128535
v -0.800670 0.254266 0.123815
v -0.798816 0.275613 0.100218
v -0.859089 0.276191 0.099277
v -0.862395 0.262003 0.121745
v -0.797633 0.288404 0.066062
v -0.797338 0.291602 0.024361
v -0.856542 0.286346 0.024361
v -0.857051 0.284315 0.065874
v -0.798816 0.275613 -0.095714
v -0.800670 0.254266 -0.119311
v -0.862395 0.262003 -0.117241
v -0.859089 0.276191 -0.094773
v -0.958178 0.131598 0.024361
v -0.928891 0.112317 0.024361
v -0.928764 0.115679 0.065121
v -0.956814 0.133310 0.061989
v -0.928255 0.129126 0.095512
v -0.927327 0.151320 0.113463
v -0.957185 0.161609 0.095512
v -0.956510 0.143300 0.085098
v -0.927327 0.151320 -0.108959
v -0.928255 0.129126 -0.091008
v -0.956510 0.143300 -0.080594
v -0.957185 0.161610 -0.091008
v -0.926161 0.172860 0.121745
v -0.924911 0.190355 0.123815
v -0.955342 0.193953 0.100218
v -0.956292 0.179457 0.099277
v -0.924911 0.190355 -0.119311
v -0.926161 0.172860 -0.117241
v -0.956292 0.179457 -0.094773
v -0.955343 0.193953 -0.095714
v -0.923718 0.206421 0.123815
v -0.922485 0.222200 0.123815
v -0.954157 0.220339 0.100218
v -0.954700 0.207265 0.100218
v -0.922485 0.222200 -0.119311
v -0.923718 0.206421 -0.119311
v -0.954701 0.207265 -0.095714
v -0.954157 0.220339 -0.095714
v -0.920885 0.237358 0.123815
v -0.918628 0.251533 0.121745
v -0.950621 0.244950 0.099277
v -0.952924 0.232898 0.100218
v -0.918628 0.251533 -0.117241
v -0.920885 0.237358 -0.119311
v -0.952924 0.232898 -0.095714
v -0.950621 0.244950 -0.094773
v -0.915463 0.264337 0.113463
v -0.912048 0.274560 0.095512
v -0.942491 0.266929 0.085098
v -0.947272 0.256782 0.095512
v -0.909950 0.280178 0.065121
v -0.909426 0.281583 0.024361
v -0.941526 0.272746 0.024361
v -0.940583 0.271962 0.061989
v -0.912048 0.274560 -0.091008
v -0.915463 0.264337 -0.108959
v -0.947272 0.256782 -0.091008
v -0.942491 0.266929 -0.080594
v -0.591756 -0.016726 -0.093125
v -0.524894 -0.038769 -0.109900
v -0.524179 -0.097928 -0.091008
v -0.568604 -0.065827 -0.080594
v -0.524894 -0.038769 0.114404
v -0.591756 -0.016726 0.097629
v -0.568604 -0.065827 0.085098
v -0.524179 -0.097928 0.095512
v -0.630467 -0.004764 0.066485
v -0.637747 -0.003928 0.024361
v -0.594904 -0.046403 0.024361
v -0.590974 -0.048425 0.061989
v -0.453634 -0.056021 -0.117429
v -0.380059 -0.065750 -0.119311
v -0.405385 -0.138444 -0.096167
v -0.468582 -0.123484 -0.094773
v -0.380059 -0.065750 0.123815
v -0.453635 -0.056021 0.121933
v -0.468582 -0.123484 0.099277
v -0.405385 -0.138444 0.100671
v -0.301124 -0.071235 -0.119311
v -0.217339 -0.075612 -0.120253
v -0.243706 -0.137823 -0.100466
v -0.328824 -0.141757 -0.098930
v -0.217339 -0.075612 0.123815
v -0.301124 -0.071235 0.123815
v -0.328824 -0.141757 0.103434
v -0.243706 -0.137823 0.103374
v -0.132773 -0.081872 -0.124017
v -0.051488 -0.088176 -0.129664
v -0.082853 -0.140870 -0.117455
v -0.161268 -0.137233 -0.105608
v -0.051488 -0.088176 0.123815
v -0.132773 -0.081872 0.123815
v -0.161268 -0.137233 0.100234
v -0.082853 -0.140870 0.099183
v 0.022470 -0.087854 -0.133429
v 0.086003 -0.082367 -0.133015
v 0.069765 -0.148641 -0.124534
v -0.004754 -0.145307 -0.125361
v 0.086003 -0.082367 0.123402
v 0.022470 -0.087854 0.123815
v -0.004754 -0.145307 0.098806
v 0.069765 -0.148641 0.097979
v 0.136971 -0.081310 -0.127597
v 0.186765 -0.096869 -0.119469
v 0.165302 -0.178018 -0.095857
v 0.126107 -0.155740 -0.113320
v 0.186765 -0.096869 0.119267
v 0.136971 -0.081310 0.121748
v 0.126107 -0.155740 0.095048
v 0.165302 -0.178018 0.090478
v 0.260302 -0.143829 -0.114050
v 0.364203 -0.207685 -0.111227
v 0.253873 -0.303022 -0.082657
v 0.205994 -0.227756 -0.086746
v 0.364203 -0.207685 0.115731
v 0.260302 -0.143829 0.117613
v 0.205995 -0.227756 0.089618
v 0.253873 -0.303022 0.087130
v 0.486792 -0.244647 -0.105352
v 0.608276 -0.249463 -0.091870
v 0.550998 -0.310316 -0.081226
v 0.378962 -0.333248 -0.082862
v 0.670208 -0.292898 0.024361
v 0.697151 -0.258176 0.023231
v 0.681202 -0.253086 0.065665
v 0.646367 -0.296382 0.063165
v 0.608276 -0.249463 0.095531
v 0.486792 -0.244647 0.109856
v 0.378962 -0.333248 0.087366
v 0.550998 -0.310316 0.085730
v 0.316628 -0.390980 -0.074248
v 0.518421 -0.357028 -0.077462
v 0.516273 -0.400738 -0.078588
v 0.327976 -0.423199 -0.078457
v 0.648991 -0.383131 0.024361
v 0.655313 -0.336653 0.024361
v 0.627934 -0.340728 0.062412
v 0.622447 -0.386652 0.062637
v 0.518421 -0.357027 0.081966
v 0.316628 -0.390980 0.078753
v 0.327976 -0.423199 0.082961
v 0.516273 -0.400738 0.083092
v 0.198368 -0.414052 0.045498
v 0.195449 -0.411015 0.002252
v 0.198368 -0.414052 -0.040994
v 0.222347 -0.438117 -0.046948
v 0.232307 -0.448087 0.002252
v 0.222347 -0.438117 0.051452
v 0.369007 -0.456662 -0.079663
v 0.533131 -0.438522 -0.080242
v 0.560205 -0.472654 -0.080655
v 0.417215 -0.492861 -0.080655
v 0.679362 -0.455815 0.024361
v 0.657214 -0.422883 0.024361
v 0.632398 -0.426011 0.062968
v 0.655530 -0.459183 0.063051
v 0.533131 -0.438522 0.084746
v 0.369007 -0.456662 0.084167
v 0.417215 -0.492861 0.085159
v 0.560205 -0.472654 0.085159
v 0.269243 -0.468980 0.062389
v 0.259153 -0.472541 0.024361
v 0.298058 -0.509699 0.024361
v 0.321889 -0.506332 0.063051
v 0.500534 -0.646607 -0.080655
v 0.648476 -0.617781 -0.080655
v 0.668884 -0.686616 -0.080113
v 0.512300 -0.715287 -0.080113
v 0.799373 -0.662723 0.024216
v 0.771760 -0.593759 0.024361
v 0.747104 -0.598564 0.063051
v 0.773274 -0.667501 0.062653
v 0.648476 -0.617781 0.085159
v 0.500534 -0.646607 0.085159
v 0.512300 -0.715287 0.084617
v 0.668884 -0.686616 0.084617
v 0.401907 -0.665824 0.063051
v 0.377250 -0.670628 0.024361
v 0.381811 -0.739180 0.024216
v 0.407909 -0.734402 0.062653
v 0.524188 -0.776772 -0.077945
v 0.681385 -0.753162 -0.077945
v 0.677784 -0.803891 -0.070491
v 0.545365 -0.819253 -0.070491
v 0.787888 -0.795067 0.022771
v 0.812382 -0.733488 0.023638
v 0.786181 -0.737423 0.061063
v 0.765698 -0.794348 0.056951
v 0.681385 -0.753162 0.082449
v 0.524188 -0.776772 0.082449
v 0.545365 -0.819253 0.074995
v 0.677784 -0.803891 0.074995
v 0.419391 -0.792512 0.061063
v 0.393191 -0.796447 0.023638
v 0.436232 -0.833238 0.022771
v 0.457452 -0.828796 0.056951
v 0.170733 -0.276452 -0.066221
v 0.174951 -0.342034 -0.063658
v 0.147902 -0.332478 -0.060864
v 0.148026 -0.293918 -0.060809
v 0.176460 -0.386597 -0.044754
v 0.181541 -0.394943 -0.014795
v 0.156804 -0.371709 -0.015199
v 0.151822 -0.360770 -0.044268
v 0.174951 -0.342034 0.067786
v 0.170733 -0.276452 0.069693
v 0.148026 -0.293918 0.064893
v 0.147902 -0.332478 0.064419
v 0.157185 -0.254789 -0.014564
v 0.171535 -0.234233 -0.016777
v 0.167425 -0.243182 -0.048697
v 0.152131 -0.265672 -0.043993
v 0.114223 -0.294411 -0.060809
v 0.113270 -0.321858 -0.060884
v 0.069400 -0.310869 -0.060884
v 0.070560 -0.288377 -0.060809
v 0.113943 -0.341611 -0.044368
v 0.115391 -0.348917 -0.015430
v 0.063711 -0.331416 -0.015430
v 0.066545 -0.326333 -0.044368
v 0.113270 -0.321858 0.064094
v 0.114223 -0.294411 0.064741
v 0.070560 -0.288377 0.064741
v 0.069401 -0.310869 0.064094
v 0.067231 -0.263218 -0.014564
v 0.118282 -0.265695 -0.014564
v 0.116296 -0.273922 -0.043993
v 0.069408 -0.270864 -0.043993
v 0.038181 -0.280660 -0.060809
v 0.037021 -0.306123 -0.060864
v 0.021569 -0.304684 -0.057101
v 0.022597 -0.276962 -0.057072
v 0.031667 -0.323284 -0.044268
v 0.025710 -0.328607 -0.015199
v 0.008710 -0.330514 -0.014853
v 0.015959 -0.324082 -0.042487
v 0.037021 -0.306123 0.064419
v 0.038181 -0.280660 0.064893
v 0.022597 -0.276962 0.061379
v 0.021569 -0.304684 0.061130
v 0.011789 -0.244242 -0.014564
v 0.029230 -0.251400 -0.014564
v 0.034531 -0.260487 -0.043993
v 0.018476 -0.254641 -0.042358
v -0.344029 -0.189671 -0.084120
v -0.274170 -0.179091 -0.084903
v -0.289018 -0.208522 -0.080655
v -0.335638 -0.220760 -0.080655
v -0.232500 -0.175926 -0.062418
v -0.225080 -0.177176 -0.021739
v -0.250168 -0.198323 -0.019857
v -0.257937 -0.200363 -0.058547
v -0.274170 -0.179091 0.088564
v -0.344029 -0.189671 0.088624
v -0.335638 -0.220760 0.085159
v -0.289018 -0.208522 0.085159
v -0.390180 -0.200778 0.065009
v -0.400718 -0.205722 0.024361
v -0.374489 -0.230959 0.024361
v -0.366718 -0.228920 0.063051
v -0.320227 -0.253093 -0.080655
v -0.286858 -0.240305 -0.080655
v -0.276293 -0.276864 -0.080655
v -0.298882 -0.290268 -0.080655
v -0.264610 -0.231780 -0.058547
v -0.259049 -0.229648 -0.019857
v -0.257467 -0.265694 -0.019857
v -0.261232 -0.267928 -0.058547
v -0.286858 -0.240305 0.085159
v -0.320227 -0.253093 0.085159
v -0.298882 -0.290268 0.085159
v -0.276293 -0.276864 0.085159
v -0.342473 -0.261618 0.063051
v -0.348035 -0.263749 0.024361
v -0.317707 -0.301438 0.024361
v -0.313943 -0.299204 0.063051
v -0.276213 -0.326318 -0.080655
v -0.262888 -0.310999 -0.080655
v -0.223642 -0.340729 -0.079828
v -0.228067 -0.359033 -0.080242
v -0.254004 -0.300786 -0.058547
v -0.251783 -0.298233 -0.019857
v -0.219156 -0.326261 -0.019526
v -0.220366 -0.328847 -0.057720
v -0.262888 -0.310999 0.085159
v -0.276213 -0.326318 0.085159
v -0.228067 -0.359033 0.084746
v -0.223642 -0.340729 0.084332
v -0.285096 -0.336530 0.063051
v -0.287317 -0.339084 0.024361
v -0.231673 -0.374367 0.024361
v -0.230952 -0.371301 0.062968
v -0.101537 -0.389964 -0.078588
v -0.106992 -0.369294 -0.076521
v 0.087051 -0.398199 -0.070732
v 0.103626 -0.420136 -0.075694
v -0.108998 -0.357118 -0.054412
v -0.107545 -0.356000 -0.018203
v 0.082822 -0.389354 -0.015887
v 0.079912 -0.387425 -0.048623
v -0.106992 -0.369294 0.081025
v -0.101536 -0.389964 0.083092
v 0.103626 -0.420136 0.080198
v 0.087051 -0.398199 0.075236
v -0.097573 -0.404065 0.062637
v -0.096582 -0.407590 0.024361
v 0.118417 -0.439380 0.024361
v 0.115458 -0.435531 0.062058
v 0.357533 -0.549419 0.063051
v 0.334154 -0.553301 0.024361
v 0.362934 -0.606363 0.024361
v 0.386469 -0.601951 0.063051
v 0.591325 -0.510601 0.085159
v 0.451051 -0.533892 0.085159
v 0.480607 -0.584300 0.085159
v 0.621815 -0.557824 0.085159
v 0.739488 -0.535761 0.024361
v 0.708222 -0.491192 0.024361
v 0.684843 -0.495073 0.063051
v 0.715952 -0.540174 0.063051
v 0.451051 -0.533892 -0.080655
v 0.591325 -0.510601 -0.080655
v 0.621815 -0.557824 -0.080655
v 0.480607 -0.584300 -0.080655
v -0.199218 0.338069 -0.064102
v -0.061854 0.341900 -0.061028
v -0.061853 0.341900 0.020356
v -0.199218 0.338069 0.023731
v 0.069749 0.342259 -0.061028
v 0.175329 0.338194 -0.064102
v 0.175329 0.338194 0.023731
v 0.069749 0.342259 0.020356
v -0.050583 0.228823 -0.064040
v -0.176951 0.237190 -0.066572
v -0.176951 0.237190 0.026201
v -0.050583 0.228823 0.023368
v 0.176575 0.223302 -0.066572
v 0.072527 0.223586 -0.064040
v 0.072527 0.223586 0.023368
v 0.176575 0.223302 0.026201
v -0.278664 0.273075 -0.064040
v -0.278664 0.273075 0.023368
v -0.255898 0.252325 0.026201
v -0.255898 0.252325 -0.066572
v -0.277963 0.322150 -0.065608
v -0.277963 0.322150 0.025237
v -0.287392 0.296908 0.023368
v -0.287392 0.296908 -0.064040
v 0.245772 0.319532 0.025237
v 0.245772 0.319532 -0.065608
v 0.276261 0.289640 -0.064040
v 0.276261 0.289640 0.023368
v 0.276698 0.260569 0.023368
v 0.276698 0.260569 -0.064040
v 0.247018 0.236054 -0.066572
v 0.247018 0.236054 0.026201
v -0.955385 0.261873 0.061989
v -0.958444 0.261216 0.024361
v -0.965815 0.248645 0.024361
v -0.962107 0.250272 0.065121
v -0.965576 0.238551 0.065874
v -0.969316 0.236951 0.024361
v -0.971657 0.226502 0.024361
v -0.967911 0.227782 0.066062
v -0.968899 0.216954 0.066062
v -0.972584 0.216108 0.024360
v -0.972553 0.205288 0.024360
v -0.968983 0.205684 0.066062
v -0.969257 0.194208 0.066062
v -0.972736 0.194272 0.024360
v -0.973437 0.182275 0.024360
v -0.970009 0.181711 0.065874
v -0.970716 0.166325 0.065121
v -0.974099 0.167505 0.024361
v -0.971186 0.149993 0.024361
v -0.968196 0.149406 0.061989
v -0.680590 0.372600 -0.019857
v -0.554242 0.406848 -0.019857
v -0.557703 0.401475 -0.061558
v -0.680663 0.367864 -0.061558
v -0.766344 0.307861 -0.019857
v -0.748788 0.337068 -0.019857
v -0.747526 0.332721 -0.061558
v -0.765800 0.303839 -0.061558
v -0.856542 0.286346 -0.019857
v -0.797338 0.291602 -0.019857
v -0.797633 0.288404 -0.061558
v -0.857051 0.284315 -0.061370
v -0.941526 0.272746 -0.019857
v -0.909426 0.281583 -0.019857
v -0.909950 0.280178 -0.060617
v -0.940583 0.271962 -0.057485
v -0.965815 0.248645 -0.019857
v -0.958444 0.261216 -0.019857
v -0.955385 0.261873 -0.057485
v -0.962107 0.250272 -0.060617
v -0.971657 0.226502 -0.019857
v -0.969316 0.236952 -0.019857
v -0.965576 0.238551 -0.061370
v -0.967911 0.227782 -0.061558
v -0.972553 0.205288 -0.019857
v -0.972584 0.216108 -0.019857
v -0.968899 0.216954 -0.061558
v -0.968984 0.205684 -0.061558
v -0.973437 0.182275 -0.019857
v -0.972736 0.194271 -0.019857
v -0.969257 0.194208 -0.061558
v -0.970009 0.181711 -0.061370
v -0.971186 0.149993 -0.019857
v -0.974100 0.167504 -0.019857
v -0.970716 0.166326 -0.060617
v -0.968196 0.149406 -0.057485
v -0.928764 0.115679 -0.060617
v -0.928891 0.112317 -0.019857
v -0.958178 0.131598 -0.019857
v -0.956814 0.133310 -0.057485
v -0.809717 0.070690 -0.061558
v -0.809873 0.066815 -0.019857
v -0.877478 0.090280 -0.019857
v -0.877319 0.094026 -0.061370
v -0.683541 0.029690 -0.062734
v -0.687107 0.026296 -0.019857
v -0.743802 0.046448 -0.019857
v -0.743689 0.050454 -0.061558
v -0.594904 -0.046403 -0.019857
v -0.637747 -0.003928 -0.019857
v -0.630467 -0.004764 -0.061981
v -0.590974 -0.048425 -0.057485
v -0.559550 -0.091118 -0.057485
v -0.525105 -0.132491 -0.060617
v -0.525335 -0.141132 -0.019857
v -0.558991 -0.095195 -0.019857
v -0.481055 -0.162142 -0.061370
v -0.429638 -0.179503 -0.062011
v -0.437831 -0.188408 -0.019857
v -0.484174 -0.171806 -0.019857
v -0.374489 -0.230959 -0.019857
v -0.400718 -0.205722 -0.019857
v -0.390180 -0.200778 -0.060505
v -0.366718 -0.228920 -0.058547
v -0.317707 -0.301438 -0.019857
v -0.348035 -0.263749 -0.019857
v -0.342473 -0.261618 -0.058547
v -0.313943 -0.299204 -0.058547
v -0.231673 -0.374368 -0.019857
v -0.287317 -0.339084 -0.019857
v -0.285096 -0.336530 -0.058547
v -0.230952 -0.371301 -0.058464
v 0.118417 -0.439380 -0.019857
v -0.096582 -0.407590 -0.019857
v -0.097573 -0.404065 -0.058133
v 0.115458 -0.435531 -0.057554
v 0.298058 -0.509699 -0.019857
v 0.259153 -0.472541 -0.019857
v 0.269243 -0.468980 -0.057885
v 0.321889 -0.506332 -0.058547
v 0.362934 -0.606363 -0.019857
v 0.334154 -0.553301 -0.019857
v 0.357533 -0.549419 -0.058547
v 0.386469 -0.601951 -0.058547
v 0.381811 -0.739180 -0.019712
v 0.377250 -0.670628 -0.019857
v 0.401907 -0.665824 -0.058547
v 0.407909 -0.734402 -0.058149
v 0.436232 -0.833238 -0.018267
v 0.393191 -0.796447 -0.019134
v 0.419391 -0.792512 -0.056559
v 0.457452 -0.828796 -0.052447
v 0.551788 -0.840618 -0.051146
v 0.680077 -0.828980 -0.051146
v 0.690033 -0.834646 -0.017689
v 0.544044 -0.846749 -0.017689
v 0.786181 -0.737423 -0.056559
v 0.812382 -0.733488 -0.019134
v 0.787888 -0.795067 -0.018267
v 0.765698 -0.794348 -0.052447
v 0.747104 -0.598564 -0.058547
v 0.771760 -0.593759 -0.019857
v 0.799373 -0.662723 -0.019712
v 0.773274 -0.667501 -0.058149
v 0.684843 -0.495073 -0.058547
v 0.708222 -0.491192 -0.019857
v 0.739488 -0.535761 -0.019857
v 0.715952 -0.540174 -0.058547
v 0.632398 -0.426011 -0.058464
v 0.657214 -0.422883 -0.019857
v 0.679362 -0.455815 -0.019857
v 0.655530 -0.459183 -0.058547
v 0.627934 -0.340728 -0.057908
v 0.655313 -0.336653 -0.019857
v 0.648991 -0.383131 -0.019857
v 0.622447 -0.386652 -0.058133
v 0.681202 -0.253086 -0.063510
v 0.697151 -0.258176 -0.021739
v 0.670208 -0.292898 -0.019857
v 0.646367 -0.296382 -0.058661
v 0.743387 -0.222510 -0.074005
v 0.818497 -0.213871 -0.084899
v 0.818110 -0.224561 -0.038680
v 0.749061 -0.235653 -0.029268
v 0.877655 -0.213416 -0.084146
v 0.917955 -0.209840 -0.070201
v 0.916238 -0.214592 -0.029268
v 0.875721 -0.220192 -0.038680
v 1.002913 -0.162579 -0.019857
v 0.956937 -0.196561 -0.021739
v 0.953567 -0.194063 -0.061542
v 0.994370 -0.160979 -0.061558
v 1.084349 -0.064240 -0.019857
v 1.047090 -0.116807 -0.019857
v 1.035785 -0.113963 -0.061558
v 1.070714 -0.060182 -0.061558
v 1.127676 0.040775 -0.019857
v 1.111535 -0.010701 -0.019857
v 1.096201 -0.005945 -0.061558
v 1.111334 0.045607 -0.061558
v 1.130952 0.137665 -0.019857
v 1.133987 0.089945 -0.019857
v 1.117251 0.094503 -0.061558
v 1.114407 0.141784 -0.061370
v 1.087402 0.231801 -0.019857
v 1.118330 0.185892 -0.019857
v 1.102573 0.189492 -0.060617
v 1.075200 0.232257 -0.057485
v 0.924872 0.290715 -0.019857
v 1.020975 0.267794 -0.019857
v 1.017076 0.263751 -0.057485
v 0.925745 0.285363 -0.060617
v 0.732273 0.308676 -0.019857
v 0.827940 0.301853 -0.019857
v 0.828115 0.297201 -0.061370
v 0.732637 0.304758 -0.061558
v 0.481502 0.352025 -0.019857
v 0.613212 0.324830 -0.019857
v 0.615036 0.321448 -0.061558
v 0.485354 0.348795 -0.061558
v 0.325527 0.401782 -0.019857
v 0.383288 0.380040 -0.019857
v 0.387951 0.376428 -0.061558
v 0.329542 0.397463 -0.061558
v 0.217261 0.415532 -0.019857
v 0.275978 0.413285 -0.019857
v 0.279202 0.408493 -0.061558
v 0.219946 0.410661 -0.061558
v 0.057862 0.412027 -0.019857
v 0.146863 0.414453 -0.019857
v 0.148738 0.409650 -0.061558
v 0.058655 0.407376 -0.061558
v -0.184303 0.402161 -0.019857
v -0.061064 0.406276 -0.019857
v -0.061116 0.401984 -0.061558
v -0.185446 0.398126 -0.061558
v -0.265249 0.430725 -0.019857
v -0.249310 0.411580 -0.019857
v -0.253261 0.406957 -0.061558
v -0.272856 0.424905 -0.061558
v -0.418802 0.431221 -0.019857
v -0.313002 0.440077 -0.019857
v -0.321892 0.433673 -0.061558
v -0.425784 0.425161 -0.061558
v 0.156804 -0.371710 0.018097
v 0.181541 -0.394943 0.018715
v 0.176460 -0.386597 0.048753
v 0.151822 -0.360770 0.047382
v 0.063711 -0.331416 0.017744
v 0.115391 -0.348918 0.017744
v 0.113943 -0.341611 0.046977
v 0.066545 -0.326333 0.046977
v 0.008710 -0.330514 0.018627
v 0.025710 -0.328607 0.018097
v 0.031667 -0.323285 0.047382
v 0.015959 -0.324082 0.046316
v 0.004732 -0.265701 0.019068
v 0.003412 -0.307779 0.018980
v 0.011650 -0.305590 0.046690
v 0.012735 -0.272096 0.046818
v 0.034531 -0.260487 0.048413
v 0.029230 -0.251400 0.019068
v 0.011789 -0.244242 0.019068
v 0.018476 -0.254641 0.046818
v 0.116296 -0.273922 0.048382
v 0.118282 -0.265695 0.019068
v 0.067231 -0.263218 0.019068
v 0.069408 -0.270864 0.048382
v 0.167425 -0.243182 0.050817
v 0.171535 -0.234233 0.018270
v 0.157185 -0.254789 0.019068
v 0.152131 -0.265672 0.048413
v 0.125893 -0.202508 0.010283
v 0.161722 -0.215534 0.015075
v 0.159178 -0.214623 0.054440
v 0.124478 -0.194695 0.056751
v -0.026647 -0.180618 0.007420
v 0.059948 -0.191276 0.007089
v 0.061620 -0.183058 0.058177
v -0.022267 -0.173555 0.059004
v -0.178663 -0.168899 0.018714
v -0.110854 -0.171962 0.011937
v -0.105254 -0.165743 0.060886
v -0.178735 -0.163608 0.064196
v -0.250168 -0.198323 0.024361
v -0.225080 -0.177176 0.023231
v -0.232500 -0.175926 0.064573
v -0.257937 -0.200363 0.063051
v -0.257467 -0.265694 0.024361
v -0.259049 -0.229648 0.024361
v -0.264610 -0.231780 0.063051
v -0.261232 -0.267928 0.063051
v -0.219156 -0.326261 0.024030
v -0.251783 -0.298233 0.024361
v -0.254004 -0.300786 0.063051
v -0.220366 -0.328847 0.062224
v 0.082822 -0.389354 0.020391
v -0.107545 -0.356000 0.022707
v -0.108998 -0.357118 0.058916
v 0.079912 -0.387425 0.053127
v -0.571465 0.029231 0.120124
v -0.538869 0.054905 0.130827
v -0.582306 0.080490 0.131345
v -0.614144 0.057338 0.121395
v -0.419287 0.019787 0.135392
v -0.395335 0.062449 0.138074
v -0.443959 0.098127 0.138592
v -0.465473 0.057613 0.136662
v -0.266327 0.013972 0.135862
v -0.241543 0.059802 0.137603
v -0.303552 0.108228 0.137368
v -0.322764 0.063634 0.137886
v -0.084781 0.000259 0.135862
v -0.040427 0.049962 0.137368
v -0.102412 0.101532 0.135909
v -0.144925 0.054002 0.137415
v 0.077884 0.004766 0.135842
v 0.121491 0.058920 0.137394
v 0.096288 0.103659 0.135909
v 0.050176 0.052086 0.137368
v 0.194095 0.011797 0.135201
v 0.253157 0.056868 0.137658
v 0.240158 0.108155 0.137368
v 0.184510 0.063157 0.137500
v 0.374793 -0.055550 0.134110
v 0.454574 -0.007771 0.136352
v 0.416595 0.076884 0.138592
v 0.344296 0.031504 0.137764
v 0.598914 -0.130303 0.119455
v 0.653546 -0.069373 0.121284
v 0.611523 0.016881 0.131345
v 0.560413 -0.042081 0.130600
v 0.781251 -0.162102 0.099731
v 0.821280 -0.137129 0.111657
v 0.782283 -0.073651 0.123533
v 0.740344 -0.101175 0.114746
v 0.911101 -0.190151 0.090749
v 0.945065 -0.175455 0.091361
v 0.931959 -0.147812 0.105869
v 0.891573 -0.163852 0.105634
v -0.593423 0.127307 0.137368
v -0.566713 0.159138 0.138639
v -0.603906 0.169514 0.138874
v -0.630260 0.140027 0.138356
v -0.466238 0.160817 0.138592
v -0.440995 0.190851 0.137368
v -0.476684 0.205370 0.138356
v -0.503564 0.177637 0.138827
v -0.330814 0.178707 0.131345
v -0.291983 0.202948 0.120930
v -0.336570 0.219000 0.120930
v -0.373508 0.199089 0.131345
v -0.116453 0.177760 0.124051
v -0.053027 0.199235 0.111264
v -0.118165 0.216586 0.092576
v -0.182401 0.202394 0.113148
v 0.110937 0.175044 0.124051
v 0.163761 0.195470 0.113148
v 0.122018 0.209266 0.092576
v 0.065823 0.196518 0.111264
v 0.274611 0.175873 0.131345
v 0.322055 0.197069 0.131345
v 0.291942 0.212004 0.120930
v 0.246674 0.196026 0.120930
v 0.437054 0.169571 0.138592
v 0.483132 0.190915 0.138827
v 0.442440 0.213196 0.138356
v 0.399881 0.197220 0.137368
v 0.612167 0.121636 0.137368
v 0.655448 0.127080 0.138356
v 0.612329 0.168866 0.138874
v 0.569048 0.168609 0.138639
v 0.782973 0.006398 0.135203
v 0.826661 0.006405 0.135156
v 0.783556 0.064215 0.138121
v 0.740719 0.069434 0.138168
v 0.954047 -0.091642 0.111893
v 1.004103 -0.073582 0.099983
v 0.972675 -0.029801 0.113398
v 0.918471 -0.043643 0.123298
v -0.612770 0.205995 0.138874
v -0.584530 0.234681 0.138874
v -0.620724 0.237552 0.138874
v -0.647047 0.209127 0.138874
v -0.481527 0.239394 0.138168
v -0.448382 0.255789 0.135909
v -0.484619 0.268383 0.138121
v -0.517454 0.251018 0.138874
v -0.339216 0.246470 0.113148
v -0.310498 0.260315 0.092576
v -0.344323 0.271312 0.111264
v -0.376799 0.257685 0.124051
v 0.305986 0.237903 0.113148
v 0.338928 0.252802 0.124051
v 0.317411 0.264627 0.111264
v 0.291278 0.249437 0.092576
v 0.442834 0.240477 0.138168
v 0.483530 0.250005 0.138874
v 0.441886 0.267304 0.138121
v 0.404350 0.254995 0.135909
v 0.612329 0.196774 0.138874
v 0.655244 0.190631 0.138874
v 0.611066 0.224016 0.138874
v 0.568802 0.228100 0.138874
v 0.783980 0.110055 0.138121
v 0.830043 0.111577 0.135862
v 0.784192 0.150027 0.138121
v 0.740680 0.150030 0.138874
v 0.986269 0.028737 0.113398
v 1.041317 0.039583 0.100218
v 0.994339 0.080423 0.113398
v 0.935388 0.073400 0.123815
v -0.630170 0.266898 0.138874
v -0.598925 0.293123 0.138121
v -0.638488 0.297079 0.135862
v -0.667733 0.268684 0.138121
v -0.487429 0.295719 0.138121
v -0.450468 0.311015 0.135156
v -0.481935 0.325974 0.135156
v -0.523871 0.307415 0.138121
v -0.349056 0.296775 0.111264
v -0.321909 0.310388 0.091958
v -0.346119 0.325571 0.110272
v -0.381108 0.310806 0.123298
v 0.317016 0.292821 0.111264
v 0.336797 0.308406 0.123298
v 0.303310 0.323443 0.110272
v 0.290438 0.306811 0.091958
v 0.436830 0.292743 0.138121
v 0.469743 0.299915 0.138121
v 0.424534 0.317801 0.135156
v 0.397022 0.307693 0.135156
v 0.606018 0.249698 0.138874
v 0.648477 0.245094 0.138121
v 0.595563 0.274164 0.135862
v 0.555216 0.277914 0.138121
v 0.784128 0.186096 0.138121
v 0.830840 0.191403 0.135156
v 0.783744 0.220106 0.135156
v 0.739326 0.215409 0.138121
v 0.997495 0.127135 0.113398
v 1.050077 0.135633 0.099983
v 0.995977 0.171125 0.111893
v 0.939370 0.164203 0.123298
v -0.638035 0.331468 0.123815
v -0.581629 0.362985 0.113398
v -0.629770 0.365243 0.100218
v -0.680744 0.333829 0.113398
v -0.450619 0.364908 0.123298
v -0.384045 0.387988 0.111893
v -0.401606 0.406199 0.099983
v -0.474515 0.381882 0.113398
v -0.322962 0.360245 0.106007
v -0.281379 0.373705 0.095590
v -0.287724 0.395048 0.092689
v -0.325975 0.383308 0.105869
v -0.131828 0.357669 0.077652
v -0.061485 0.371942 0.085788
v -0.128427 0.382751 0.085395
v -0.193994 0.369426 0.087808
v 0.120693 0.360794 0.077652
v 0.162464 0.375491 0.087808
v 0.112076 0.389806 0.085395
v 0.064201 0.374818 0.085788
v 0.282476 0.357898 0.106007
v 0.302089 0.374059 0.105869
v 0.262696 0.390872 0.092689
v 0.239559 0.375559 0.095590
v 0.401505 0.345432 0.123298
v 0.420991 0.350444 0.113398
v 0.373557 0.372142 0.099983
v 0.357904 0.366437 0.111893
v 0.578994 0.298995 0.123815
v 0.628017 0.296980 0.113398
v 0.560452 0.321445 0.100218
v 0.512733 0.325484 0.113398
v 0.783020 0.253781 0.123298
v 0.829341 0.263515 0.111893
v 0.782164 0.283575 0.099983
v 0.735233 0.276377 0.113398
v 0.989666 0.215013 0.105869
v 1.032493 0.225341 0.091497
v 0.980004 0.253854 0.091497
v 0.931880 0.246629 0.105869
v -0.623249 0.385386 0.066062
v -0.555107 0.405505 0.045840
v -0.621618 0.390421 0.024361
v -0.680609 0.371416 0.045840
v -0.368658 0.431445 0.066015
v -0.315225 0.438476 0.045793
v -0.360421 0.437757 0.024361
v -0.420547 0.429706 0.045840
v -0.264232 0.415935 0.064557
v -0.250298 0.410425 0.045323
v -0.258359 0.421157 0.024361
v -0.267151 0.429271 0.045605
v -0.126529 0.399167 0.063098
v -0.061076 0.405203 0.045087
v -0.126054 0.403270 0.024361
v -0.184588 0.401152 0.045134
v 0.106731 0.408787 0.063098
v 0.147331 0.413253 0.045134
v 0.105395 0.413532 0.024361
v 0.058061 0.410865 0.045087
v 0.250877 0.410330 0.064557
v 0.276784 0.412087 0.045605
v 0.247923 0.415195 0.024361
v 0.217933 0.414314 0.045323
v 0.355805 0.387983 0.066015
v 0.384455 0.379138 0.045840
v 0.351366 0.391944 0.024361
v 0.326531 0.400703 0.045793
v 0.548933 0.334438 0.066062
v 0.613667 0.323984 0.045840
v 0.546053 0.337686 0.024361
v 0.482465 0.351218 0.045840
v 0.781624 0.300676 0.066015
v 0.827983 0.300690 0.045793
v 0.781489 0.304951 0.024361
v 0.732364 0.307697 0.045840
v 0.974771 0.275627 0.064056
v 1.020000 0.266783 0.044822
v 0.974831 0.280808 0.024361
v 0.925090 0.289377 0.045605
v -0.629770 0.365243 -0.095714
v -0.581629 0.362985 -0.108894
v -0.638036 0.331468 -0.119311
v -0.680744 0.333828 -0.108894
v -0.401606 0.406199 -0.095714
v -0.384045 0.387988 -0.108894
v -0.450619 0.364908 -0.119311
v -0.474515 0.381882 -0.108894
v -0.287724 0.395048 -0.095714
v -0.281379 0.373704 -0.107905
v -0.322962 0.360245 -0.118322
v -0.325975 0.383308 -0.108894
v -0.128427 0.382751 -0.095714
v -0.061485 0.371942 -0.105378
v -0.131828 0.357669 -0.106014
v -0.193994 0.369426 -0.106146
v 0.112076 0.389806 -0.095714
v 0.162464 0.375491 -0.106146
v 0.120693 0.360794 -0.106014
v 0.064201 0.374818 -0.105378
v 0.262696 0.390872 -0.095714
v 0.302089 0.374059 -0.108894
v 0.282476 0.357898 -0.118322
v 0.239559 0.375559 -0.107905
v 0.373557 0.372142 -0.095714
v 0.420991 0.350444 -0.108894
v 0.401505 0.345432 -0.119311
v 0.357904 0.366436 -0.108894
v 0.560452 0.321445 -0.095714
v 0.628017 0.296980 -0.108894
v 0.578994 0.298995 -0.119311
v 0.512733 0.325484 -0.108894
v 0.782164 0.283575 -0.095479
v 0.829341 0.263515 -0.107389
v 0.783020 0.253781 -0.118794
v 0.735233 0.276377 -0.108894
v 0.980004 0.253853 -0.086993
v 1.032493 0.225341 -0.086993
v 0.989666 0.215013 -0.101365
v 0.931880 0.246629 -0.101365
v -0.638488 0.297079 -0.131358
v -0.598925 0.293123 -0.133617
v -0.630170 0.266898 -0.134370
v -0.667732 0.268684 -0.133617
v -0.481935 0.325974 -0.131358
v -0.450468 0.311015 -0.133617
v -0.487430 0.295719 -0.134370
v -0.523871 0.307415 -0.133617
v -0.346119 0.325571 -0.128610
v -0.321909 0.310388 -0.120320
v -0.349057 0.296775 -0.130853
v -0.381108 0.310806 -0.133617
v 0.303310 0.323443 -0.128610
v 0.336797 0.308406 -0.133617
v 0.317016 0.292821 -0.130853
v 0.290438 0.306811 -0.120320
v 0.424534 0.317801 -0.131358
v 0.469743 0.299915 -0.133617
v 0.436830 0.292743 -0.134370
v 0.397022 0.307693 -0.133617
v 0.595563 0.274164 -0.131358
v 0.648477 0.245094 -0.133617
v 0.606018 0.249698 -0.134370
v 0.555216 0.277914 -0.133617
v 0.783744 0.220106 -0.130652
v 0.830840 0.191403 -0.130652
v 0.784128 0.186096 -0.133617
v 0.739326 0.215409 -0.133617
v 0.995977 0.171124 -0.107389
v 1.050077 0.135633 -0.095479
v 0.997495 0.127135 -0.108894
v 0.939370 0.164203 -0.118794
v -0.620724 0.237552 -0.134370
v -0.584530 0.234681 -0.134370
v -0.612770 0.205995 -0.134370
v -0.647047 0.209127 -0.134370
v -0.484618 0.268383 -0.134370
v -0.448382 0.255789 -0.134370
v -0.481527 0.239394 -0.134370
v -0.517454 0.251018 -0.134370
v -0.344323 0.271312 -0.130853
v -0.310498 0.260315 -0.120937
v -0.339216 0.246470 -0.131486
v -0.376799 0.257685 -0.134370
v 0.317411 0.264628 -0.130853
v 0.338928 0.252802 -0.134370
v 0.305986 0.237903 -0.131486
v 0.291278 0.249437 -0.120937
v 0.441886 0.267304 -0.134370
v 0.483530 0.250005 -0.134370
v 0.442834 0.240477 -0.134370
v 0.404350 0.254995 -0.134370
v 0.611066 0.224016 -0.134370
v 0.655244 0.190631 -0.134370
v 0.612329 0.196774 -0.134370
v 0.568802 0.228100 -0.134370
v 0.784192 0.150027 -0.133617
v 0.830043 0.111577 -0.131358
v 0.783980 0.110055 -0.133617
v 0.740680 0.150030 -0.134370
v 0.994339 0.080423 -0.108894
v 1.041317 0.039583 -0.095714
v 0.986269 0.028737 -0.108894
v 0.935388 0.073400 -0.119311
v -0.603906 0.169514 -0.134370
v -0.566713 0.159138 -0.134135
v -0.593423 0.127307 -0.132864
v -0.630260 0.140028 -0.133852
v -0.476684 0.205370 -0.134370
v -0.440995 0.190851 -0.134370
v -0.466238 0.160817 -0.134323
v -0.503564 0.177637 -0.134323
v -0.336570 0.219000 -0.133245
v -0.291983 0.202948 -0.133245
v -0.330814 0.178707 -0.134370
v -0.373508 0.199089 -0.134370
v -0.118165 0.216586 -0.120937
v -0.053027 0.199235 -0.130853
v -0.116453 0.177760 -0.134370
v -0.182401 0.202394 -0.131486
v 0.122018 0.209266 -0.120937
v 0.163761 0.195470 -0.131486
v 0.110937 0.175044 -0.134370
v 0.065823 0.196518 -0.130853
v 0.291942 0.212004 -0.133245
v 0.322055 0.197069 -0.134370
v 0.274611 0.175873 -0.134370
v 0.246674 0.196026 -0.133245
v 0.442440 0.213196 -0.134370
v 0.483132 0.190915 -0.134323
v 0.437054 0.169571 -0.134323
v 0.399881 0.197220 -0.134370
v 0.612329 0.168866 -0.134370
v 0.655448 0.127080 -0.133899
v 0.612167 0.121635 -0.132911
v 0.569048 0.168609 -0.134135
v 0.783556 0.064215 -0.133617
v 0.826661 0.006405 -0.131123
v 0.782973 0.006398 -0.132158
v 0.740719 0.069434 -0.133899
v 0.972675 -0.029801 -0.108894
v 1.004103 -0.073582 -0.095714
v 0.954047 -0.091642 -0.108847
v 0.918471 -0.043643 -0.119264
v -0.582306 0.080490 -0.126841
v -0.538869 0.054905 -0.126323
v -0.571465 0.029231 -0.115620
v -0.614144 0.057339 -0.116891
v -0.443959 0.098127 -0.134135
v -0.395335 0.062449 -0.133617
v -0.419287 0.019787 -0.130888
v -0.465473 0.057613 -0.132158
v -0.303552 0.108228 -0.134370
v -0.241543 0.059802 -0.133664
v -0.266327 0.013972 -0.131405
v -0.322764 0.063634 -0.133617
v -0.102412 0.101532 -0.134370
v -0.040427 0.049962 -0.134135
v -0.084781 0.000259 -0.132864
v -0.144925 0.054002 -0.133852
v 0.096288 0.103659 -0.134370
v 0.121491 0.058920 -0.134302
v 0.077884 0.004766 -0.134255
v 0.050176 0.052086 -0.134323
v 0.240158 0.108155 -0.134370
v 0.253157 0.056868 -0.133625
v 0.194095 0.011798 -0.132203
v 0.184510 0.063157 -0.134031
v 0.416595 0.076884 -0.134135
v 0.454574 -0.007770 -0.131848
v 0.374793 -0.055550 -0.129653
v 0.344296 0.031504 -0.133354
v 0.611523 0.016881 -0.127076
v 0.653546 -0.069373 -0.118167
v 0.598914 -0.130303 -0.115350
v 0.560413 -0.042081 -0.126096
v 0.782283 -0.073651 -0.126323
v 0.821280 -0.137129 -0.122212
v 0.781251 -0.162102 -0.111155
v 0.740344 -0.101175 -0.117653
v 0.931959 -0.147812 -0.108659
v 0.945065 -0.175455 -0.094643
v 0.911101 -0.190151 -0.102548
v 0.891573 -0.163852 -0.116188
v -0.542492 -0.119296 0.024361
v -0.525278 -0.138972 0.045605
v -0.543308 -0.112194 0.064056
v -0.559132 -0.094176 0.044822
v -0.460749 -0.180942 0.024361
v -0.435782 -0.186182 0.045954
v -0.455769 -0.171354 0.066129
v -0.483395 -0.169390 0.045793
v 0.209902 -0.425635 -0.040322
v 0.198338 -0.413965 -0.016968
v 0.198338 -0.413965 0.021472
v 0.209902 -0.425635 0.044826
v 0.226356 -0.442120 0.025606
v 0.226356 -0.442120 -0.021102
v -0.142887 -0.163440 -0.080385
v -0.109454 -0.170407 -0.065407
v -0.147121 -0.169372 -0.034915
v -0.178681 -0.167576 -0.052280
v 0.020933 -0.178067 -0.097822
v 0.060274 -0.189318 -0.073539
v 0.017793 -0.185786 -0.048950
v -0.025552 -0.178852 -0.074159
v 0.144869 -0.202881 -0.073605
v 0.160113 -0.216311 -0.045294
v 0.147316 -0.208554 -0.032269
v 0.125084 -0.201036 -0.062306
v 0.011845 -0.288860 -0.043182
v 0.006992 -0.307316 -0.029962
v 0.003301 -0.286660 -0.014579
v 0.008232 -0.268076 -0.029921
v 0.617661 -0.844016 0.022120
v 0.687544 -0.833229 0.040527
v 0.616486 -0.837748 0.056460
v 0.545980 -0.845217 0.040527
v 0.783228 -0.228973 0.015608
v 0.818206 -0.221889 0.038029
v 0.781907 -0.216331 0.062657
v 0.747642 -0.232367 0.042247
v 0.897037 -0.218246 0.015608
v 0.916667 -0.213404 0.040921
v 0.899497 -0.212594 0.060390
v 0.876204 -0.218498 0.037840
v 0.956095 -0.195936 0.044027
v 0.979708 -0.181304 0.024078
v 1.000778 -0.162179 0.045605
v 0.973189 -0.179763 0.063920
v 1.044263 -0.116096 0.045793
v 1.066781 -0.091009 0.024361
v 1.080939 -0.063225 0.045840
v 1.054245 -0.087524 0.066015
v 1.107701 -0.009512 0.045840
v 1.120910 0.015310 0.024361
v 1.123590 0.041983 0.045840
v 1.104991 0.020165 0.066062
v 1.129804 0.091084 0.045840
v 1.133654 0.113864 0.024361
v 1.126816 0.138695 0.045793
v 1.116939 0.118218 0.066015
v 1.114391 0.186792 0.045605
v 1.106229 0.209611 0.024361
v 1.084352 0.231915 0.044822
v 1.091633 0.212292 0.064056
v -0.714411 0.036988 0.024361
v -0.686216 0.027144 0.046134
v -0.713449 0.040890 0.066356
v -0.743773 0.047449 0.045840
v -0.681999 0.065551 0.114869
v -0.712852 0.086882 0.124051
v -0.742934 0.079208 0.113398
v -0.712531 0.057985 0.100700
v -0.681999 0.065551 -0.110365
v -0.712531 0.057985 -0.096196
v -0.742934 0.079208 -0.108894
v -0.712852 0.086882 -0.119547
v -0.688327 0.129959 0.138168
v -0.717113 0.143034 0.138874
v -0.743432 0.133033 0.138121
v -0.714282 0.116383 0.135909
v -0.688327 0.129959 -0.133664
v -0.714282 0.116383 -0.131405
v -0.743432 0.133033 -0.133617
v -0.717113 0.143034 -0.134370
v -0.699374 0.187741 0.138874
v -0.724969 0.194226 0.138874
v -0.746587 0.179034 0.138874
v -0.720628 0.168771 0.138874
v -0.699374 0.187742 -0.134370
v -0.720628 0.168771 -0.134370
v -0.746587 0.179034 -0.134370
v -0.724969 0.194226 -0.134370
v -0.716903 0.242075 0.138121
v -0.739013 0.243575 0.135862
v -0.753022 0.223093 0.138121
v -0.731132 0.218728 0.138874
v -0.716903 0.242075 -0.133617
v -0.731132 0.218728 -0.134370
v -0.753022 0.223093 -0.133617
v -0.739013 0.243575 -0.131358
v -0.738332 0.301494 0.113398
v -0.754700 0.300201 0.100218
v -0.761844 0.275035 0.113398
v -0.747409 0.272029 0.123815
v -0.748472 0.335981 0.045840
v -0.759892 0.321260 0.024361
v -0.766209 0.306856 0.045840
v -0.758854 0.317048 0.066062
v -0.738332 0.301494 -0.108894
v -0.747409 0.272029 -0.119311
v -0.761844 0.275035 -0.108894
v -0.754700 0.300201 -0.095714
v -0.844590 0.078443 0.024361
v -0.809834 0.067784 0.045840
v -0.844429 0.082269 0.066015
v -0.877438 0.091216 0.045793
v -0.808602 0.098418 0.113398
v -0.842654 0.122856 0.123298
v -0.876169 0.120811 0.111893
v -0.843785 0.097574 0.099983
v -0.808602 0.098418 -0.108894
v -0.843785 0.097574 -0.095479
v -0.876169 0.120811 -0.107389
v -0.842654 0.122856 -0.118794
v -0.806492 0.147796 0.138121
v -0.839997 0.167527 0.138121
v -0.873500 0.167870 0.135156
v -0.841351 0.147459 0.135156
v -0.806492 0.147796 -0.133617
v -0.841351 0.147459 -0.130652
v -0.873500 0.167870 -0.130652
v -0.839997 0.167527 -0.133617
v -0.804480 0.186635 0.138874
v -0.836946 0.204153 0.138121
v -0.870375 0.203993 0.135862
v -0.838530 0.186000 0.138121
v -0.804480 0.186635 -0.134370
v -0.838530 0.186000 -0.133617
v -0.870375 0.203993 -0.131358
v -0.836946 0.204153 -0.133617
v -0.802672 0.223359 0.138121
v -0.833414 0.238891 0.135156
v -0.866626 0.237789 0.135156
v -0.835311 0.221595 0.138121
v -0.802672 0.223359 -0.133617
v -0.835311 0.221595 -0.133617
v -0.866626 0.237789 -0.130652
v -0.833414 0.238891 -0.130652
v -0.799723 0.265479 0.113398
v -0.827842 0.275246 0.099983
v -0.860679 0.269598 0.111893
v -0.830771 0.257566 0.123298
v -0.797413 0.290802 0.045840
v -0.825573 0.288255 0.024361
v -0.856669 0.285838 0.045793
v -0.826026 0.285654 0.066015
v -0.799723 0.265480 -0.108894
v -0.830771 0.257566 -0.118794
v -0.860679 0.269598 -0.107389
v -0.827842 0.275245 -0.095479
v -0.945934 0.122185 0.024361
v -0.928860 0.113157 0.045605
v -0.945510 0.124991 0.064056
v -0.957836 0.132026 0.044822
v -0.927833 0.139717 0.105869
v -0.944646 0.157268 0.105869
v -0.957209 0.152016 0.091497
v -0.945098 0.136997 0.091497
v -0.927833 0.139717 -0.101365
v -0.945098 0.136997 -0.086993
v -0.957209 0.152016 -0.086993
v -0.944646 0.157268 -0.101365
v -0.925537 0.181949 0.123298
v -0.942516 0.192958 0.113398
v -0.955803 0.186989 0.099982
v -0.943617 0.176963 0.111892
v -0.925537 0.181949 -0.118794
v -0.943617 0.176963 -0.107389
v -0.955803 0.186989 -0.095479
v -0.942516 0.192958 -0.108894
v -0.923127 0.214367 0.123815
v -0.940710 0.222073 0.113398
v -0.954466 0.213849 0.100218
v -0.941600 0.207647 0.113398
v -0.923127 0.214367 -0.119311
v -0.941600 0.207647 -0.108894
v -0.954466 0.213849 -0.095714
v -0.940710 0.222073 -0.108894
v -0.919854 0.244593 0.123298
v -0.937014 0.248996 0.111893
v -0.951904 0.238970 0.099983
v -0.939294 0.235932 0.113398
v -0.919854 0.244593 -0.118794
v -0.939294 0.235932 -0.108894
v -0.951904 0.238969 -0.095479
v -0.937014 0.248996 -0.107389
v -0.913690 0.269898 0.105869
v -0.929961 0.271036 0.091497
v -0.945110 0.262268 0.091497
v -0.933758 0.261112 0.105869
v -0.909557 0.281232 0.045605
v -0.927725 0.277587 0.024361
v -0.941291 0.272550 0.044822
v -0.927888 0.276372 0.064056
v -0.913690 0.269898 -0.101365
v -0.933758 0.261112 -0.101365
v -0.945110 0.262268 -0.086993
v -0.929961 0.271036 -0.086993
v -0.559324 -0.027800 -0.102883
v -0.524012 -0.070177 -0.101600
v -0.548278 -0.081543 -0.086993
v -0.578638 -0.042946 -0.087522
v -0.559324 -0.027800 0.107387
v -0.578638 -0.042946 0.092026
v -0.548278 -0.081543 0.091497
v -0.524012 -0.070177 0.106104
v -0.635926 -0.004137 0.045946
v -0.615484 -0.024005 0.024361
v -0.593922 -0.046909 0.044822
v -0.608928 -0.026897 0.064397
v -0.417328 -0.061621 -0.118841
v -0.391025 -0.104193 -0.109008
v -0.437976 -0.131642 -0.095592
v -0.460168 -0.092121 -0.107436
v -0.417328 -0.061621 0.123345
v -0.460168 -0.092121 0.111940
v -0.437976 -0.131642 0.100096
v -0.391025 -0.104193 0.113512
v -0.259583 -0.073375 -0.119547
v -0.228448 -0.109452 -0.111071
v -0.286056 -0.139368 -0.100470
v -0.312924 -0.108610 -0.109699
v -0.259583 -0.073375 0.123815
v -0.312924 -0.108610 0.114203
v -0.286056 -0.139368 0.104575
v -0.228448 -0.109452 0.114187
v -0.091468 -0.085435 -0.126841
v -0.066611 -0.118369 -0.125200
v -0.121516 -0.138409 -0.111529
v -0.145376 -0.112851 -0.116309
v -0.091468 -0.085435 0.123815
v -0.145376 -0.112851 0.113402
v -0.121516 -0.138409 0.099587
v -0.066611 -0.118369 0.113140
v 0.055674 -0.085157 -0.133796
v 0.076970 -0.119070 -0.130489
v 0.033866 -0.146808 -0.126142
v 0.008619 -0.120350 -0.131129
v 0.055674 -0.085157 0.123712
v 0.008619 -0.120350 0.113045
v 0.033866 -0.146808 0.098552
v 0.076970 -0.119070 0.112405
v 0.160458 -0.086089 -0.123533
v 0.174029 -0.140890 -0.109096
v 0.146808 -0.163859 -0.104749
v 0.129889 -0.122043 -0.121996
v 0.160458 -0.086089 0.120508
v 0.129889 -0.122043 0.109935
v 0.146808 -0.163859 0.092806
v 0.174029 -0.140890 0.106188
v 0.309187 -0.176382 -0.112667
v 0.313599 -0.257099 -0.097895
v 0.229612 -0.262851 -0.085694
v 0.231745 -0.189918 -0.101128
v 0.309187 -0.176382 0.116936
v 0.231745 -0.189918 0.104236
v 0.229612 -0.262851 0.089752
v 0.313599 -0.257099 0.102391
v 0.549416 -0.248993 -0.099778
v 0.577978 -0.283232 -0.085713
v 0.472224 -0.321274 -0.084570
v 0.437689 -0.290465 -0.094788
v 0.681365 -0.274210 0.024078
v 0.693163 -0.256903 0.045082
v 0.661146 -0.275177 0.064155
v 0.664248 -0.293769 0.045116
v 0.549416 -0.248993 0.104071
v 0.437689 -0.290465 0.099292
v 0.472224 -0.321274 0.089074
v 0.577978 -0.283232 0.090006
v 0.426906 -0.371628 -0.078464
v 0.514257 -0.379440 -0.077686
v 0.429382 -0.411635 -0.080699
v 0.320069 -0.407268 -0.077298
v 0.650706 -0.360142 0.024361
v 0.648468 -0.337672 0.044928
v 0.623416 -0.364002 0.062457
v 0.642354 -0.384011 0.044984
v 0.426906 -0.371628 0.082968
v 0.320069 -0.407268 0.081802
v 0.429382 -0.411635 0.085203
v 0.514257 -0.379440 0.082190
v 0.198338 -0.413965 0.021472
v 0.198338 -0.413965 -0.016968
v 0.209902 -0.425635 -0.040322
v 0.226356 -0.442120 -0.021102
v 0.226356 -0.442120 0.025606
v 0.209902 -0.425635 0.044826
v 0.454876 -0.447749 -0.082737
v 0.545776 -0.455578 -0.080552
v 0.488709 -0.482757 -0.083419
v 0.396503 -0.474568 -0.080407
v 0.666998 -0.439623 0.024361
v 0.651010 -0.423665 0.045067
v 0.642754 -0.442814 0.063030
v 0.673405 -0.456657 0.045087
v 0.454876 -0.447749 0.087241
v 0.396503 -0.474568 0.084911
v 0.488709 -0.482757 0.087923
v 0.545776 -0.455578 0.085056
v 0.261676 -0.471651 0.044922
v 0.278839 -0.490583 0.024361
v 0.304015 -0.508858 0.045087
v 0.299401 -0.487284 0.062885
v 0.574505 -0.632194 -0.083419
v 0.659565 -0.651786 -0.080520
v 0.590591 -0.700951 -0.082859
v 0.506920 -0.680998 -0.080520
v 0.786770 -0.627443 0.024324
v 0.765596 -0.594960 0.045087
v 0.761330 -0.632312 0.062951
v 0.792849 -0.663917 0.044807
v 0.574505 -0.632194 0.087923
v 0.506920 -0.680998 0.085024
v 0.590591 -0.700951 0.087363
v 0.659565 -0.651786 0.085024
v 0.383413 -0.669427 0.045087
v 0.379715 -0.705342 0.024324
v 0.388335 -0.737985 0.044807
v 0.405155 -0.700473 0.062951
v 0.602787 -0.764967 -0.080619
v 0.682518 -0.781497 -0.075269
v 0.611817 -0.812862 -0.072683
v 0.532989 -0.801016 -0.075269
v 0.807064 -0.766226 0.023204
v 0.805831 -0.734472 0.043687
v 0.782113 -0.768660 0.059439
v 0.782341 -0.794887 0.041575
v 0.602787 -0.764967 0.085123
v 0.532989 -0.801016 0.079773
v 0.611817 -0.812862 0.077187
v 0.682518 -0.781497 0.079773
v 0.399741 -0.795463 0.043687
v 0.408685 -0.817577 0.023204
v 0.441537 -0.832128 0.041575
v 0.433393 -0.813854 0.059439
v 0.174275 -0.306182 -0.067143
v 0.160872 -0.337063 -0.061555
v 0.147463 -0.313196 -0.062925
v 0.159600 -0.288310 -0.062162
v 0.178864 -0.391508 -0.030658
v 0.170563 -0.383289 -0.015012
v 0.154558 -0.368008 -0.030778
v 0.164885 -0.371980 -0.044352
v 0.174275 -0.306182 0.071143
v 0.159600 -0.288310 0.066151
v 0.147463 -0.313196 0.066751
v 0.160872 -0.337063 0.065383
v 0.167404 -0.244998 -0.015117
v 0.169287 -0.237644 -0.033519
v 0.162091 -0.256324 -0.045169
v 0.154915 -0.258465 -0.030329
v 0.113575 -0.308181 -0.062930
v 0.091194 -0.315996 -0.060886
v 0.070230 -0.299751 -0.062930
v 0.092303 -0.291907 -0.060809
v 0.114710 -0.346499 -0.030941
v 0.089337 -0.338918 -0.015459
v 0.064951 -0.329841 -0.030941
v 0.090056 -0.332965 -0.044381
v 0.113575 -0.308181 0.066510
v 0.092303 -0.291907 0.064722
v 0.070230 -0.299751 0.066510
v 0.091194 -0.315996 0.064053
v 0.092701 -0.265877 -0.014564
v 0.117418 -0.268528 -0.030329
v 0.092793 -0.273557 -0.043993
v 0.068249 -0.265946 -0.030329
v 0.038163 -0.293580 -0.062925
v 0.027795 -0.305771 -0.059916
v 0.022442 -0.290982 -0.058948
v 0.028922 -0.277899 -0.059875
v 0.028354 -0.327018 -0.030778
v 0.015165 -0.330806 -0.015026
v 0.011955 -0.328617 -0.030125
v 0.021962 -0.324772 -0.043785
v 0.038163 -0.293580 0.066751
v 0.028922 -0.277899 0.064072
v 0.022442 -0.290982 0.063131
v 0.027795 -0.305771 0.063719
v 0.018576 -0.245741 -0.014564
v 0.031652 -0.254683 -0.030329
v 0.024739 -0.255766 -0.043584
v 0.014845 -0.247970 -0.029921
v -0.308760 -0.183945 -0.086853
v -0.284448 -0.194265 -0.081717
v -0.312327 -0.214641 -0.083419
v -0.340560 -0.205883 -0.081521
v -0.226935 -0.176863 -0.043151
v -0.239969 -0.186309 -0.020327
v -0.252110 -0.198833 -0.040583
v -0.248265 -0.187492 -0.059514
v -0.308760 -0.183945 0.091146
v -0.340560 -0.205883 0.086025
v -0.312327 -0.214641 0.087923
v -0.284448 -0.194265 0.086010
v -0.398084 -0.204486 0.045577
v -0.386937 -0.217374 0.024361
v -0.372546 -0.230449 0.045087
v -0.377861 -0.214642 0.063540
v -0.303541 -0.246699 -0.083419
v -0.282277 -0.258437 -0.080655
v -0.287587 -0.283566 -0.083419
v -0.310008 -0.271448 -0.080655
v -0.260440 -0.230181 -0.040583
v -0.259169 -0.247595 -0.019857
v -0.258409 -0.266252 -0.040583
v -0.263790 -0.249764 -0.058547
v -0.303541 -0.246699 0.087923
v -0.310008 -0.271448 0.085159
v -0.287587 -0.283566 0.087923
v -0.282277 -0.258437 0.085159
v -0.346644 -0.263217 0.045087
v -0.333117 -0.282290 0.024361
v -0.316767 -0.300879 0.045087
v -0.328495 -0.280122 0.063051
v -0.269550 -0.318658 -0.083419
v -0.249719 -0.326212 -0.080449
v -0.225880 -0.349857 -0.082778
v -0.258632 -0.342996 -0.080552
v -0.252338 -0.298871 -0.040583
v -0.242090 -0.312422 -0.019774
v -0.219558 -0.326812 -0.039963
v -0.243694 -0.315103 -0.058340
v -0.269550 -0.318658 0.087923
v -0.258632 -0.342996 0.085056
v -0.225880 -0.349857 0.087282
v -0.249719 -0.326212 0.084953
v -0.286762 -0.338445 0.045087
v -0.266040 -0.357002 0.024361
v -0.231494 -0.373601 0.045067
v -0.264558 -0.354201 0.063030
v -0.104385 -0.379508 -0.080214
v -0.016419 -0.383718 -0.073833
v 0.095045 -0.408879 -0.075728
v -0.005507 -0.405113 -0.077244
v -0.108397 -0.355798 -0.037482
v -0.018925 -0.372376 -0.017128
v 0.080921 -0.387716 -0.033141
v -0.021005 -0.372102 -0.051724
v -0.104385 -0.379508 0.084718
v -0.005507 -0.405113 0.081748
v 0.095045 -0.408879 0.080232
v -0.016419 -0.383718 0.078337
v -0.096830 -0.406709 0.044984
v 0.004257 -0.423605 0.024361
v 0.117677 -0.438418 0.044839
v 0.002304 -0.419906 0.062368
v 0.339998 -0.552330 0.045087
v 0.349906 -0.578541 0.024361
v 0.368818 -0.605260 0.045087
v 0.373264 -0.574386 0.063051
v 0.521189 -0.522246 0.087923
v 0.466699 -0.557766 0.085159
v 0.551210 -0.571062 0.087923
v 0.606849 -0.532837 0.085159
v 0.723641 -0.512062 0.024361
v 0.702377 -0.492162 0.045087
v 0.700283 -0.516217 0.063051
v 0.733603 -0.536864 0.045087
v 0.521189 -0.522246 -0.083419
v 0.606849 -0.532837 -0.080655
v 0.551210 -0.571062 -0.083419
v 0.466699 -0.557766 -0.080655
v -0.132620 0.340818 -0.061797
v -0.061880 0.339754 -0.021089
v -0.132620 0.340818 0.021200
v -0.196465 0.336099 -0.021014
v 0.125521 0.341299 -0.061797
v 0.174029 0.335844 -0.021014
v 0.125521 0.341299 0.021200
v 0.070145 0.339934 -0.021089
v -0.115306 0.232442 -0.064673
v -0.173696 0.239082 -0.021014
v -0.115306 0.232442 0.024076
v -0.050368 0.230662 -0.021089
v 0.126963 0.222424 -0.064673
v 0.072989 0.225250 -0.021089
v 0.126963 0.222424 0.024076
v 0.175235 0.224838 -0.021014
v -0.274131 0.273201 -0.021089
v -0.271008 0.262424 0.024076
v -0.250411 0.253355 -0.021014
v -0.271008 0.262424 -0.064673
v -0.273081 0.321184 -0.021014
v -0.287435 0.309672 0.023835
v -0.283149 0.296918 -0.021089
v -0.287435 0.309672 -0.064432
v 0.242654 0.318286 -0.021014
v 0.265203 0.304816 -0.064432
v 0.273522 0.289407 -0.021089
v 0.265203 0.304816 0.023835
v 0.273973 0.260279 -0.021089
v 0.266060 0.247610 -0.064673
v 0.243858 0.236648 -0.021014
v 0.266060 0.247610 0.024076
v -0.957680 0.261381 0.044822
v -0.962968 0.254941 0.024361
v -0.964888 0.249051 0.045605
v -0.959430 0.256285 0.064056
v -0.968382 0.237351 0.045793
v -0.970648 0.231646 0.024361
v -0.970720 0.226822 0.045840
v -0.966899 0.233110 0.066015
v -0.971663 0.216319 0.045840
v -0.972615 0.210737 0.024360
v -0.971662 0.205387 0.045840
v -0.968986 0.211360 0.066062
v -0.971867 0.194256 0.045840
v -0.973058 0.188508 0.024360
v -0.972581 0.182134 0.045793
v -0.969606 0.188204 0.066015
v -0.973254 0.167210 0.045605
v -0.973496 0.158975 0.024361
v -0.970437 0.149846 0.044822
v -0.970225 0.157771 0.064056
v -0.621618 0.390421 -0.019857
v -0.555107 0.405505 -0.041336
v -0.623249 0.385386 -0.061558
v -0.680609 0.371416 -0.041336
v -0.759892 0.321260 -0.019857
v -0.748472 0.335981 -0.041336
v -0.758854 0.317048 -0.061558
v -0.766209 0.306856 -0.041336
v -0.825573 0.288255 -0.019857
v -0.797413 0.290802 -0.041336
v -0.826026 0.285654 -0.061511
v -0.856669 0.285838 -0.041289
v -0.927725 0.277587 -0.019857
v -0.909557 0.281232 -0.041101
v -0.927888 0.276372 -0.059552
v -0.941291 0.272550 -0.040318
v -0.962968 0.254941 -0.019857
v -0.957680 0.261381 -0.040318
v -0.959430 0.256285 -0.059552
v -0.964888 0.249051 -0.041101
v -0.970648 0.231646 -0.019857
v -0.968381 0.237351 -0.041289
v -0.966899 0.233111 -0.061511
v -0.970720 0.226822 -0.041336
v -0.972615 0.210737 -0.019857
v -0.971663 0.216319 -0.041336
v -0.968986 0.211360 -0.061558
v -0.971662 0.205387 -0.041336
v -0.973058 0.188508 -0.019857
v -0.971867 0.194256 -0.041336
v -0.969606 0.188204 -0.061511
v -0.972581 0.182134 -0.041289
v -0.973496 0.158975 -0.019857
v -0.973254 0.167210 -0.041101
v -0.970225 0.157771 -0.059552
v -0.970437 0.149846 -0.040318
v -0.928860 0.113157 -0.041101
v -0.945934 0.122185 -0.019857
v -0.957836 0.132026 -0.040318
v -0.945510 0.124991 -0.059552
v -0.809834 0.067784 -0.041336
v -0.844590 0.078443 -0.019857
v -0.877438 0.091216 -0.041289
v -0.844429 0.082269 -0.061511
v -0.686216 0.027144 -0.041630
v -0.714411 0.036988 -0.019857
v -0.743773 0.047449 -0.041336
v -0.713449 0.040890 -0.061852
v -0.615484 -0.024005 -0.019857
v -0.635926 -0.004137 -0.041442
v -0.608928 -0.026897 -0.059893
v -0.593922 -0.046909 -0.040318
v -0.543308 -0.112194 -0.059552
v -0.525278 -0.138972 -0.041101
v -0.542492 -0.119296 -0.019857
v -0.559132 -0.094176 -0.040318
v -0.455769 -0.171354 -0.061625
v -0.435782 -0.186182 -0.041450
v -0.460750 -0.180942 -0.019857
v -0.483395 -0.169390 -0.041289
v -0.386937 -0.217374 -0.019857
v -0.398084 -0.204486 -0.041073
v -0.377861 -0.214642 -0.059036
v -0.372546 -0.230449 -0.040583
v -0.333117 -0.282290 -0.019857
v -0.346644 -0.263217 -0.040583
v -0.328495 -0.280122 -0.058547
v -0.316767 -0.300879 -0.040583
v -0.266040 -0.357002 -0.019857
v -0.286762 -0.338445 -0.040583
v -0.264558 -0.354201 -0.058526
v -0.231494 -0.373601 -0.040563
v 0.004257 -0.423605 -0.019857
v -0.096830 -0.406709 -0.040480
v 0.002304 -0.419906 -0.057864
v 0.117677 -0.438418 -0.040335
v 0.278839 -0.490583 -0.019857
v 0.261676 -0.471651 -0.040418
v 0.299401 -0.487284 -0.058381
v 0.304015 -0.508858 -0.040583
v 0.349906 -0.578541 -0.019857
v 0.339998 -0.552330 -0.040583
v 0.373264 -0.574386 -0.058547
v 0.368818 -0.605260 -0.040583
v 0.379715 -0.705342 -0.019820
v 0.383413 -0.669427 -0.040583
v 0.405155 -0.700473 -0.058447
v 0.388335 -0.737985 -0.040303
v 0.408685 -0.817577 -0.018700
v 0.399741 -0.795463 -0.039183
v 0.433393 -0.813854 -0.054935
v 0.441537 -0.832128 -0.037071
v 0.616486 -0.837748 -0.051956
v 0.687544 -0.833229 -0.036023
v 0.617661 -0.844016 -0.017616
v 0.545980 -0.845217 -0.036023
v 0.805831 -0.734472 -0.039183
v 0.807064 -0.766226 -0.018700
v 0.782341 -0.794887 -0.037071
v 0.782113 -0.768660 -0.054935
v 0.765596 -0.594960 -0.040583
v 0.786770 -0.627443 -0.019820
v 0.792849 -0.663917 -0.040303
v 0.761330 -0.632312 -0.058447
v 0.702377 -0.492162 -0.040583
v 0.723641 -0.512062 -0.019857
v 0.733603 -0.536864 -0.040583
v 0.700283 -0.516217 -0.058547
v 0.651010 -0.423665 -0.040563
v 0.666998 -0.439622 -0.019857
v 0.673405 -0.456657 -0.040583
v 0.642754 -0.442814 -0.058526
v 0.648468 -0.337672 -0.040424
v 0.650706 -0.360142 -0.019857
v 0.642354 -0.384011 -0.040480
v 0.623416 -0.364002 -0.057953
v 0.693163 -0.256903 -0.043424
v 0.681365 -0.274210 -0.020327
v 0.664248 -0.293769 -0.040612
v 0.661146 -0.275177 -0.060238
v 0.781907 -0.216331 -0.079917
v 0.818206 -0.221889 -0.063171
v 0.783228 -0.228973 -0.034445
v 0.747642 -0.232367 -0.052448
v 0.899497 -0.212594 -0.078025
v 0.916667 -0.213404 -0.051497
v 0.897037 -0.218246 -0.034445
v 0.876204 -0.218498 -0.062983
v 0.979708 -0.181304 -0.020327
v 0.956095 -0.195936 -0.042932
v 0.973189 -0.179763 -0.061554
v 1.000778 -0.162179 -0.041336
v 1.066781 -0.091009 -0.019857
v 1.044263 -0.116096 -0.041336
v 1.054245 -0.087524 -0.061558
v 1.080939 -0.063225 -0.041336
v 1.120910 0.015310 -0.019857
v 1.107701 -0.009512 -0.041336
v 1.104991 0.020165 -0.061558
v 1.123590 0.041983 -0.041336
v 1.133654 0.113864 -0.019857
v 1.129804 0.091084 -0.041336
v 1.116939 0.118218 -0.061511
v 1.126816 0.138695 -0.041289
v 1.106229 0.209611 -0.019857
v 1.114391 0.186792 -0.041101
v 1.091633 0.212292 -0.059552
v 1.084352 0.231915 -0.040318
v 0.974831 0.280808 -0.019857
v 1.020000 0.266783 -0.040318
v 0.974771 0.275627 -0.059552
v 0.925090 0.289377 -0.041101
v 0.781489 0.304951 -0.019857
v 0.827983 0.300690 -0.041289
v 0.781624 0.300676 -0.061511
v 0.732364 0.307697 -0.041336
v 0.546053 0.337686 -0.019857
v 0.613667 0.323984 -0.041336
v 0.548933 0.334438 -0.061558
v 0.482465 0.351218 -0.041336
v 0.351366 0.391944 -0.019857
v 0.384455 0.379138 -0.041336
v 0.355805 0.387983 -0.061558
v 0.326531 0.400703 -0.041336
v 0.247923 0.415195 -0.019857
v 0.276784 0.412087 -0.041336
v 0.250877 0.410330 -0.061558
v 0.217933 0.414314 -0.041336
v 0.105395 0.413532 -0.019857
v 0.147331 0.413253 -0.041336
v 0.106731 0.408787 -0.061558
v 0.058061 0.410865 -0.041336
v -0.126054 0.403270 -0.019857
v -0.061076 0.405203 -0.041336
v -0.126529 0.399167 -0.061558
v -0.184588 0.401152 -0.041336
v -0.258359 0.421157 -0.019857
v -0.250298 0.410425 -0.041336
v -0.264232 0.415936 -0.061558
v -0.267151 0.429271 -0.041336
v -0.360421 0.437757 -0.019857
v -0.315225 0.438476 -0.041336
v -0.368658 0.431445 -0.061558
v -0.420547 0.429706 -0.041336
v 0.170563 -0.383289 0.018384
v 0.178864 -0.391508 0.034607
v 0.164885 -0.371980 0.047877
v 0.154558 -0.368008 0.033756
v 0.089337 -0.338918 0.017700
v 0.114710 -0.346499 0.033364
v 0.090056 -0.332965 0.046926
v 0.064949 -0.329841 0.033364
v 0.015165 -0.330806 0.018362
v 0.028354 -0.327018 0.033756
v 0.021962 -0.324772 0.047267
v 0.011955 -0.328617 0.033925
v 0.003301 -0.286660 0.019046
v 0.006992 -0.307316 0.034309
v 0.011845 -0.288860 0.047595
v 0.008232 -0.268076 0.034414
v 0.031652 -0.254683 0.034812
v 0.018576 -0.245741 0.019068
v 0.014845 -0.247970 0.034414
v 0.024739 -0.255766 0.048025
v 0.117418 -0.268528 0.034805
v 0.092701 -0.265877 0.019068
v 0.068249 -0.265946 0.034805
v 0.092793 -0.273557 0.048378
v 0.169287 -0.237644 0.035168
v 0.167404 -0.244998 0.018869
v 0.154915 -0.258465 0.034812
v 0.162091 -0.256324 0.049025
v 0.147316 -0.208554 0.012679
v 0.160113 -0.216311 0.035093
v 0.144869 -0.202881 0.055639
v 0.125084 -0.201036 0.034198
v 0.017793 -0.185786 0.006772
v 0.060274 -0.189318 0.033573
v 0.020933 -0.178067 0.058562
v -0.025552 -0.178852 0.034193
v -0.147121 -0.169372 0.015325
v -0.109454 -0.170407 0.037299
v -0.142887 -0.163440 0.062419
v -0.178681 -0.167576 0.042080
v -0.239969 -0.186309 0.024078
v -0.226935 -0.176863 0.044809
v -0.248265 -0.187492 0.063431
v -0.252110 -0.198833 0.045087
v -0.259169 -0.247595 0.024361
v -0.260440 -0.230181 0.045087
v -0.263790 -0.249764 0.063051
v -0.258409 -0.266252 0.045087
v -0.242090 -0.312422 0.024278
v -0.252338 -0.298871 0.045087
v -0.243694 -0.315103 0.062844
v -0.219558 -0.326812 0.044467
v -0.018925 -0.372376 0.021632
v -0.108397 -0.355798 0.041986
v -0.021005 -0.372102 0.056228
v 0.080921 -0.387716 0.037645
v -0.603723 0.010022 0.103802
v -0.527467 -0.006196 0.120992
v -0.493722 0.022101 0.131156
v -0.510719 0.087444 0.136521
v -0.553686 0.110203 0.136521
v -0.621710 0.100255 0.133698
v -0.651807 0.079755 0.126168
v -0.647337 0.041070 0.105684
v -0.451484 -0.017646 0.129274
v -0.376006 -0.024228 0.131345
v -0.344936 0.018373 0.135862
v -0.377260 0.106742 0.138403
v -0.425591 0.138920 0.138403
v -0.488178 0.124718 0.138403
v -0.297565 -0.029544 0.131345
v -0.214564 -0.035716 0.131345
v -0.179929 0.007272 0.135862
v -0.213623 0.105221 0.136333
v -0.278281 0.148346 0.133698
v -0.358761 0.147109 0.136521
v -0.127288 -0.043387 0.131345
v -0.040840 -0.049555 0.131345
v 0.005500 -0.001857 0.135862
v 0.008103 0.100316 0.135862
v -0.050358 0.144398 0.131345
v -0.172499 0.146454 0.131815
v 0.034846 -0.047578 0.131345
v 0.096667 -0.039364 0.131138
v 0.137467 0.012559 0.135656
v 0.169573 0.107862 0.136333
v 0.145553 0.146052 0.131815
v 0.058596 0.144282 0.131345
v 0.148343 -0.035372 0.130311
v 0.204318 -0.047743 0.129071
v 0.267968 -0.008789 0.134746
v 0.319763 0.099119 0.138403
v 0.299188 0.145946 0.136521
v 0.222443 0.147495 0.133698
v 0.289762 -0.090295 0.128244
v 0.404723 -0.150522 0.126173
v 0.492946 -0.103789 0.130040
v 0.518270 0.047567 0.136521
v 0.475877 0.122236 0.138403
v 0.383699 0.138290 0.138403
v 0.524132 -0.189600 0.118718
v 0.634147 -0.203605 0.102722
v 0.694543 -0.148682 0.105337
v 0.698326 -0.021847 0.126168
v 0.655448 0.057631 0.133698
v 0.567597 0.096313 0.136521
v 0.739507 -0.199135 0.085144
v 0.819077 -0.197837 0.081574
v 0.854967 -0.179968 0.096830
v 0.861527 -0.121346 0.118639
v 0.824090 -0.061110 0.128804
v 0.740719 0.001881 0.131815
v 0.880556 -0.203253 0.079692
v 0.922296 -0.202875 0.074240
v 0.946461 -0.192169 0.075087
v 0.981554 -0.158578 0.082045
v 0.975839 -0.129927 0.097865
v 0.905624 -0.107380 0.118639
v -0.528074 0.144336 0.138403
v -0.540203 0.191386 0.138874
v -0.576970 0.200764 0.138874
v -0.638968 0.176388 0.138874
v -0.663865 0.149890 0.138874
v -0.657068 0.116073 0.136333
v -0.402958 0.173102 0.136521
v -0.410451 0.213426 0.133698
v -0.445846 0.226273 0.136333
v -0.512247 0.218533 0.138874
v -0.237781 0.179441 0.126168
v -0.243437 0.221474 0.100887
v -0.296073 0.235500 0.100887
v -0.375200 0.230929 0.126168
v 0.008223 0.175737 0.123815
v 0.011070 0.212033 0.091679
v -0.051227 0.223307 0.063051
v -0.181826 0.230882 0.067488
v 0.196546 0.175361 0.126168
v 0.216646 0.210244 0.100887
v 0.176686 0.218302 0.067488
v 0.071140 0.218594 0.063051
v 0.352804 0.174799 0.136521
v 0.363792 0.213812 0.133698
v 0.331286 0.226165 0.126168
v 0.265903 0.223635 0.100887
v 0.524720 0.153885 0.138403
v 0.526333 0.200959 0.138874
v 0.483938 0.222835 0.138874
v 0.403017 0.227882 0.136333
v 0.698326 0.071636 0.136333
v 0.698326 0.120980 0.138874
v 0.655448 0.161455 0.138874
v 0.569210 0.200930 0.138874
v 0.868431 -0.054305 0.128804
v 0.874251 0.010286 0.131345
v 0.828699 0.063391 0.135862
v 0.740719 0.113078 0.138874
v 1.018827 -0.109696 0.083927
v 1.050264 -0.054094 0.084398
v 1.026526 -0.014718 0.100218
v 0.928665 0.018911 0.123815
v -0.548227 0.228966 0.138874
v -0.553905 0.259516 0.138874
v -0.591546 0.264167 0.138874
v -0.656226 0.239375 0.138874
v -0.679013 0.212024 0.138874
v -0.671069 0.181753 0.138874
v -0.412040 0.242845 0.131815
v -0.413916 0.269927 0.131345
v -0.450465 0.283062 0.135862
v -0.521385 0.279201 0.138874
v -0.273150 0.250306 0.067488
v -0.292265 0.272697 0.063051
v -0.317971 0.284087 0.091679
v -0.379633 0.283472 0.123815
v 0.367720 0.240700 0.131815
v 0.370459 0.267688 0.131345
v 0.342243 0.280042 0.123815
v 0.300777 0.276879 0.091679
v 0.284874 0.261442 0.063051
v 0.258187 0.235542 0.067488
v 0.526333 0.228283 0.138874
v 0.524541 0.254928 0.138874
v 0.479867 0.275939 0.138874
v 0.403255 0.281635 0.135862
v 0.698326 0.154145 0.138874
v 0.697918 0.185278 0.138874
v 0.653412 0.218567 0.138874
v 0.565137 0.254035 0.138874
v 0.878500 0.067405 0.131345
v 0.881021 0.115941 0.131345
v 0.830736 0.153406 0.135862
v 0.740313 0.183748 0.138874
v 1.073203 0.001189 0.084398
v 1.086823 0.052854 0.084398
v 1.048931 0.089273 0.100218
v 0.938848 0.120987 0.123815
v -0.559634 0.287543 0.138874
v -0.560105 0.317620 0.135862
v -0.597951 0.325506 0.131345
v -0.677272 0.299803 0.131345
v -0.701774 0.269791 0.135862
v -0.689490 0.240877 0.138874
v -0.416157 0.296670 0.131345
v -0.409623 0.326747 0.128804
v -0.432239 0.345070 0.128804
v -0.511567 0.340820 0.131345
v -0.300118 0.296879 0.063051
v -0.292503 0.323788 0.065666
v -0.306981 0.340370 0.094171
v -0.366725 0.343570 0.118639
v 0.368756 0.294686 0.131345
v 0.359921 0.322906 0.128804
v 0.322721 0.339669 0.118639
v 0.262574 0.339825 0.094171
v 0.256771 0.321609 0.065666
v 0.284480 0.290338 0.063051
v 0.517373 0.279534 0.138874
v 0.502103 0.302710 0.135862
v 0.450294 0.324283 0.131345
v 0.382324 0.335589 0.128804
v 0.696290 0.214716 0.138874
v 0.692934 0.243129 0.135862
v 0.639891 0.271188 0.131345
v 0.537588 0.301424 0.131345
v 0.882008 0.158694 0.131345
v 0.881534 0.198383 0.128804
v 0.830352 0.227853 0.128804
v 0.737608 0.246256 0.131345
v 1.092147 0.101342 0.084398
v 1.089587 0.147961 0.083927
v 1.044716 0.180911 0.097865
v 0.936933 0.205754 0.118639
v -0.542296 0.354389 0.123815
v -0.511218 0.392193 0.100218
v -0.562895 0.393416 0.084398
v -0.680773 0.360761 0.084398
v -0.720172 0.331969 0.100218
v -0.712609 0.301543 0.123815
v -0.375964 0.365507 0.118639
v -0.323821 0.406521 0.097865
v -0.335228 0.424066 0.083927
v -0.436259 0.416071 0.084398
v -0.255861 0.355308 0.086641
v -0.239190 0.383552 0.087512
v -0.259186 0.400022 0.079221
v -0.284264 0.416176 0.082045
v -0.201937 0.344507 0.060772
v -0.061774 0.348337 0.055521
v 0.006239 0.360134 0.076620
v 0.004389 0.387165 0.085159
v -0.061195 0.395547 0.076869
v -0.187159 0.392074 0.077339
v 0.068560 0.349236 0.055521
v 0.175270 0.345861 0.060772
v 0.213319 0.358094 0.086641
v 0.195408 0.390841 0.087512
v 0.151550 0.402446 0.077339
v 0.059843 0.400399 0.076869
v 0.341818 0.354868 0.118639
v 0.319516 0.385960 0.097865
v 0.284037 0.401306 0.082045
v 0.223971 0.403356 0.079221
v 0.476851 0.327035 0.123815
v 0.447930 0.349843 0.100218
v 0.394943 0.371010 0.084398
v 0.335565 0.390983 0.083927
v 0.687654 0.271527 0.123815
v 0.681770 0.296680 0.100218
v 0.617774 0.316376 0.084398
v 0.491134 0.343950 0.084398
v 0.879561 0.237651 0.118639
v 0.876887 0.272572 0.097865
v 0.828376 0.290223 0.083927
v 0.733185 0.298880 0.084398
v 1.078938 0.194894 0.082045
v 1.056138 0.235264 0.075526
v 1.016695 0.256635 0.075526
v 0.927053 0.277335 0.082045
v -0.489918 0.415083 0.066062
v -0.484592 0.420806 0.024361
v -0.554242 0.406848 0.002252
v -0.680590 0.372600 0.002252
v -0.725023 0.354457 0.024361
v -0.724052 0.349960 0.066062
v -0.288839 0.431581 0.065592
v -0.280094 0.437845 0.024361
v -0.313002 0.440077 0.002252
v -0.418802 0.431221 0.002252
v -0.230234 0.400258 0.063521
v -0.227995 0.404435 0.024361
v -0.249310 0.411580 0.002252
v -0.265249 0.430726 0.002252
v 0.003156 0.405186 0.063051
v 0.002848 0.409691 0.024361
v -0.061064 0.406276 0.002252
v -0.184303 0.402161 0.002252
v 0.186026 0.410198 0.063521
v 0.183680 0.415037 0.024361
v 0.146863 0.414453 0.002252
v 0.057862 0.412027 0.002252
v 0.305297 0.404441 0.065592
v 0.301742 0.409061 0.024361
v 0.275978 0.413285 0.002252
v 0.217261 0.415532 0.002252
v 0.429845 0.363224 0.066062
v 0.425323 0.366569 0.024361
v 0.383288 0.380041 0.002252
v 0.325527 0.401782 0.002252
v 0.678120 0.311123 0.066062
v 0.677207 0.314734 0.024361
v 0.613212 0.324830 0.002252
v 0.481502 0.352025 0.002252
v 0.875144 0.292656 0.065592
v 0.874708 0.297677 0.024361
v 0.827940 0.301853 0.002252
v 0.732273 0.308676 0.002252
v 1.051077 0.249404 0.060705
v 1.059700 0.251512 0.024361
v 1.020975 0.267794 0.002252
v 0.924872 0.290715 0.002252
v -0.680773 0.360761 -0.079894
v -0.562895 0.393416 -0.079894
v -0.511218 0.392193 -0.095714
v -0.542296 0.354389 -0.119311
v -0.597949 0.325506 -0.126841
v -0.677272 0.299803 -0.126841
v -0.712609 0.301543 -0.119311
v -0.720172 0.331969 -0.095714
v -0.436259 0.416071 -0.079894
v -0.335228 0.424066 -0.079894
v -0.323821 0.406521 -0.095714
v -0.375964 0.365507 -0.119311
v -0.432239 0.345070 -0.126841
v -0.511567 0.340820 -0.126841
v -0.284264 0.416176 -0.079894
v -0.259186 0.400022 -0.079894
v -0.239190 0.383552 -0.095714
v -0.255861 0.355308 -0.111615
v -0.306981 0.340370 -0.119144
v -0.366725 0.343570 -0.126841
v -0.187159 0.392074 -0.079894
v -0.061195 0.395547 -0.079894
v 0.004389 0.387165 -0.095714
v 0.006239 0.360134 -0.105245
v -0.061774 0.348337 -0.091676
v -0.201937 0.344507 -0.096287
v 0.059843 0.400399 -0.079894
v 0.151550 0.402446 -0.079894
v 0.195408 0.390841 -0.095714
v 0.213319 0.358094 -0.111615
v 0.175270 0.345861 -0.096287
v 0.068560 0.349236 -0.091676
v 0.223971 0.403356 -0.079894
v 0.284037 0.401306 -0.079894
v 0.319516 0.385960 -0.095714
v 0.341818 0.354868 -0.119311
v 0.322721 0.339669 -0.126841
v 0.262574 0.339825 -0.119144
v 0.335565 0.390983 -0.079894
v 0.394943 0.371010 -0.079894
v 0.447930 0.349843 -0.095714
v 0.476851 0.327035 -0.119311
v 0.450294 0.324283 -0.126841
v 0.382324 0.335589 -0.126841
v 0.491134 0.343950 -0.079894
v 0.617774 0.316376 -0.079894
v 0.681770 0.296680 -0.095714
v 0.687654 0.271527 -0.119311
v 0.639891 0.271188 -0.126841
v 0.537588 0.301423 -0.126841
v 0.733185 0.298880 -0.079894
v 0.828376 0.290223 -0.079423
v 0.876887 0.272572 -0.093361
v 0.879561 0.237651 -0.114135
v 0.830352 0.227853 -0.124300
v 0.737608 0.246256 -0.126841
v 0.927053 0.277335 -0.077541
v 1.016695 0.256635 -0.071022
v 1.056138 0.235264 -0.071022
v 1.078938 0.194894 -0.077541
v 1.044716 0.180911 -0.093361
v 0.936933 0.205754 -0.114135
v -0.560105 0.317620 -0.131358
v -0.559634 0.287543 -0.134370
v -0.591546 0.264167 -0.134370
v -0.656226 0.239375 -0.134370
v -0.689490 0.240877 -0.134370
v -0.701774 0.269791 -0.131358
v -0.409623 0.326747 -0.131358
v -0.416157 0.296670 -0.134370
v -0.450465 0.283062 -0.134370
v -0.521385 0.279201 -0.134370
v -0.292503 0.323788 -0.101181
v -0.300118 0.296879 -0.099205
v -0.317971 0.284087 -0.120304
v -0.379633 0.283472 -0.134370
v 0.359921 0.322906 -0.131358
v 0.368756 0.294686 -0.134370
v 0.342243 0.280042 -0.134370
v 0.300777 0.276879 -0.120304
v 0.284480 0.290338 -0.099205
v 0.256771 0.321608 -0.101181
v 0.502103 0.302710 -0.131358
v 0.517373 0.279534 -0.134370
v 0.479867 0.275939 -0.134370
v 0.403255 0.281635 -0.134370
v 0.692934 0.243129 -0.131358
v 0.696290 0.214716 -0.134370
v 0.653412 0.218567 -0.134370
v 0.565137 0.254035 -0.134370
v 0.881534 0.198383 -0.124300
v 0.882008 0.158694 -0.126841
v 0.830736 0.153406 -0.131358
v 0.740313 0.183748 -0.134370
v 1.089587 0.147961 -0.079423
v 1.092147 0.101342 -0.079894
v 1.048931 0.089272 -0.095714
v 0.938848 0.120987 -0.119311
v -0.553905 0.259516 -0.134370
v -0.548227 0.228966 -0.134370
v -0.576970 0.200764 -0.134370
v -0.638968 0.176388 -0.134370
v -0.671069 0.181753 -0.134370
v -0.679013 0.212024 -0.134370
v -0.413916 0.269927 -0.134370
v -0.412040 0.242845 -0.134370
v -0.445846 0.226273 -0.134370
v -0.512247 0.218533 -0.134370
v -0.292265 0.272697 -0.099205
v -0.273150 0.250306 -0.103003
v -0.296073 0.235500 -0.125860
v -0.375200 0.230929 -0.134370
v 0.370459 0.267688 -0.134370
v 0.367720 0.240700 -0.134370
v 0.331286 0.226165 -0.134370
v 0.265903 0.223635 -0.125860
v 0.258187 0.235542 -0.103003
v 0.284874 0.261442 -0.099205
v 0.524541 0.254928 -0.134370
v 0.526333 0.228283 -0.134370
v 0.483938 0.222835 -0.134370
v 0.403017 0.227882 -0.134370
v 0.697918 0.185278 -0.134370
v 0.698326 0.154145 -0.134370
v 0.655448 0.161455 -0.134370
v 0.569210 0.200930 -0.134370
v 0.881021 0.115941 -0.126841
v 0.878500 0.067405 -0.126841
v 0.828699 0.063391 -0.131358
v 0.740719 0.113078 -0.134370
v 1.086823 0.052854 -0.079894
v 1.073203 0.001189 -0.079894
v 1.026526 -0.014718 -0.095714
v 0.928665 0.018911 -0.119311
v -0.540203 0.191386 -0.134370
v -0.528074 0.144336 -0.133899
v -0.553686 0.110203 -0.132017
v -0.621710 0.100254 -0.129194
v -0.657068 0.116073 -0.131829
v -0.663865 0.149890 -0.134370
v -0.410451 0.213426 -0.134370
v -0.402958 0.173102 -0.134370
v -0.425591 0.138920 -0.134370
v -0.488178 0.124718 -0.133899
v -0.243437 0.221474 -0.125860
v -0.237781 0.179441 -0.134370
v -0.278281 0.148346 -0.134370
v -0.358761 0.147109 -0.134370
v -0.181826 0.230882 -0.103003
v -0.051227 0.223307 -0.099205
v 0.011070 0.212033 -0.120304
v 0.008223 0.175737 -0.134370
v -0.050358 0.144398 -0.134370
v -0.172499 0.146454 -0.134370
v 0.071140 0.218594 -0.099205
v 0.176686 0.218302 -0.103003
v 0.216646 0.210244 -0.125860
v 0.196546 0.175361 -0.134370
v 0.145553 0.146052 -0.134370
v 0.058596 0.144282 -0.134370
v 0.363792 0.213812 -0.134370
v 0.352804 0.174799 -0.134370
v 0.299188 0.145946 -0.134370
v 0.222443 0.147495 -0.134370
v 0.526333 0.200958 -0.134370
v 0.524720 0.153885 -0.133899
v 0.475877 0.122236 -0.133899
v 0.383699 0.138290 -0.134370
v 0.698326 0.120980 -0.134370
v 0.698326 0.071636 -0.132299
v 0.655448 0.057631 -0.129664
v 0.567597 0.096313 -0.132017
v 0.874251 0.010286 -0.126841
v 0.868431 -0.054305 -0.126370
v 0.824090 -0.061110 -0.129005
v 0.740719 0.001881 -0.129664
v 1.050264 -0.054094 -0.079894
v 1.018827 -0.109696 -0.079894
v 0.975839 -0.129927 -0.095714
v 0.905624 -0.107380 -0.118841
v -0.510719 0.087444 -0.132017
v -0.493722 0.022101 -0.126652
v -0.527467 -0.006196 -0.116488
v -0.603723 0.010022 -0.099298
v -0.647337 0.041070 -0.101180
v -0.651807 0.079755 -0.121664
v -0.377260 0.106742 -0.134370
v -0.344936 0.018373 -0.131358
v -0.376006 -0.024228 -0.126841
v -0.451484 -0.017646 -0.124770
v -0.213623 0.105221 -0.134370
v -0.179929 0.007272 -0.131829
v -0.214564 -0.035716 -0.127311
v -0.297565 -0.029544 -0.126841
v 0.008103 0.100316 -0.134370
v 0.005500 -0.001857 -0.133899
v -0.040840 -0.049555 -0.132017
v -0.127288 -0.043387 -0.129194
v 0.169573 0.107862 -0.134370
v 0.137467 0.012559 -0.133693
v 0.096667 -0.039364 -0.133693
v 0.034846 -0.047578 -0.133899
v 0.319763 0.099119 -0.134370
v 0.267967 -0.008789 -0.130713
v 0.204318 -0.047743 -0.126920
v 0.148343 -0.035372 -0.130983
v 0.518270 0.047567 -0.132017
v 0.492946 -0.103789 -0.125536
v 0.404723 -0.150522 -0.121669
v 0.289762 -0.090295 -0.124210
v 0.698326 -0.021847 -0.124017
v 0.694543 -0.148682 -0.105298
v 0.634147 -0.203605 -0.099671
v 0.524132 -0.189600 -0.114214
v 0.861527 -0.121346 -0.124488
v 0.854967 -0.179968 -0.115102
v 0.819077 -0.197837 -0.102482
v 0.739507 -0.199135 -0.092635
v 0.981554 -0.158578 -0.079894
v 0.946461 -0.192169 -0.077673
v 0.922296 -0.202875 -0.083979
v 0.880556 -0.203253 -0.100599
v -0.558991 -0.095195 0.002252
v -0.525335 -0.141132 0.002252
v -0.506304 -0.159152 0.024361
v -0.504500 -0.149857 0.065592
v -0.524757 -0.119530 0.082045
v -0.562094 -0.082757 0.075526
v -0.575038 -0.069711 0.060705
v -0.576056 -0.070380 0.024361
v -0.484174 -0.171806 0.002252
v -0.437831 -0.188408 0.002252
v -0.417219 -0.196052 0.024361
v -0.406496 -0.188631 0.066365
v -0.419478 -0.164787 0.085077
v -0.476377 -0.147645 0.083927
v 0.219313 -0.435096 -0.074040
v 0.196972 -0.412708 -0.067424
v 0.187292 -0.402918 -0.045316
v 0.191131 -0.406633 -0.014564
v 0.191131 -0.406633 0.019068
v 0.187292 -0.402918 0.049820
v 0.196972 -0.412708 0.071928
v 0.219313 -0.435096 0.078544
v 0.235250 -0.451048 0.061728
v 0.239234 -0.455036 0.024361
v 0.239234 -0.455036 -0.019857
v 0.235250 -0.451048 -0.057224
v -0.174403 -0.154369 -0.091442
v -0.096853 -0.156416 -0.105258
v -0.065245 -0.169466 -0.093323
v -0.070487 -0.175950 -0.045268
v -0.110854 -0.171962 -0.014312
v -0.178663 -0.168899 -0.005277
v -0.204859 -0.171260 -0.024562
v -0.209653 -0.167389 -0.067083
v -0.015700 -0.162962 -0.114482
v 0.064584 -0.170248 -0.113572
v 0.097048 -0.188581 -0.091255
v 0.096940 -0.196910 -0.044441
v 0.060039 -0.191180 -0.020336
v -0.026647 -0.180618 -0.020336
v 0.124634 -0.180568 -0.100710
v 0.160410 -0.204010 -0.080453
v 0.166874 -0.228522 -0.054771
v 0.169624 -0.223932 -0.020097
v 0.162695 -0.214529 -0.005277
v 0.126348 -0.202026 -0.014312
v 0.017703 -0.275734 -0.051525
v 0.016727 -0.304184 -0.051548
v 0.012804 -0.318569 -0.041609
v 0.005178 -0.324062 -0.014709
v 0.001891 -0.307695 0.002178
v 0.003234 -0.264925 0.002252
v 0.007599 -0.249897 -0.014564
v 0.014791 -0.259341 -0.041540
v 0.544044 -0.846749 0.002252
v 0.690033 -0.834646 0.002252
v 0.750371 -0.818407 0.022410
v 0.733000 -0.814463 0.055166
v 0.674526 -0.819875 0.067245
v 0.554055 -0.832211 0.067245
v 0.495580 -0.837622 0.055166
v 0.479973 -0.843079 0.022410
v 0.749061 -0.235653 -0.005277
v 0.818110 -0.224561 -0.012807
v 0.850132 -0.221831 0.011937
v 0.851099 -0.213458 0.060415
v 0.708097 -0.234174 0.066350
v 0.719176 -0.245191 0.021537
v 0.875721 -0.220192 -0.012807
v 0.916238 -0.214592 -0.005277
v 0.935485 -0.207830 0.021537
v 0.935242 -0.204036 0.059419
v 0.956937 -0.196561 0.000746
v 1.002913 -0.162579 0.002252
v 1.025669 -0.140907 0.024361
v 1.015703 -0.138711 0.065592
v 1.047090 -0.116808 0.002252
v 1.084349 -0.064240 0.002252
v 1.099398 -0.037228 0.024361
v 1.084824 -0.032726 0.066062
v 1.111535 -0.010701 0.002252
v 1.127676 0.040775 0.002252
v 1.131985 0.065663 0.024361
v 1.115374 0.070385 0.066062
v 1.133987 0.089945 0.002252
v 1.130952 0.137665 0.002252
v 1.125855 0.161593 0.024361
v 1.109628 0.165457 0.065592
v 1.118330 0.185892 0.002252
v 1.087402 0.231801 0.002252
v -0.743802 0.046448 0.002252
v -0.687107 0.026296 0.002252
v -0.661638 0.013086 0.024361
v -0.655402 0.015067 0.067638
v -0.681121 0.036266 0.086349
v -0.743518 0.056463 0.084398
v -0.775397 0.059885 0.066062
v -0.775537 0.055961 0.024361
v -0.684281 0.098930 0.131815
v -0.742694 0.107645 0.131345
v -0.773994 0.101705 0.123815
v -0.774839 0.075581 0.100218
v -0.681121 0.036266 -0.081845
v -0.743518 0.056463 -0.079894
v -0.774839 0.075581 -0.095714
v -0.773994 0.101705 -0.119311
v -0.742694 0.107645 -0.126841
v -0.684281 0.098930 -0.127311
v -0.693577 0.159194 0.138874
v -0.744842 0.156161 0.138874
v -0.773229 0.149696 0.138874
v -0.773411 0.127719 0.135862
v -0.773411 0.127719 -0.131358
v -0.773229 0.149696 -0.134370
v -0.744842 0.156161 -0.134370
v -0.693577 0.159194 -0.134370
v -0.706823 0.215376 0.138874
v -0.749164 0.201387 0.138874
v -0.773323 0.190685 0.138874
v -0.773187 0.170322 0.138874
v -0.773187 0.170322 -0.134370
v -0.773323 0.190685 -0.134370
v -0.749164 0.201387 -0.134370
v -0.706823 0.215376 -0.134370
v -0.728065 0.270374 0.131345
v -0.757529 0.247091 0.131345
v -0.775018 0.230479 0.135862
v -0.773986 0.210274 0.138874
v -0.773986 0.210274 -0.134370
v -0.775018 0.230479 -0.131358
v -0.757529 0.247091 -0.126841
v -0.728065 0.270374 -0.126841
v -0.745635 0.326202 0.084398
v -0.764983 0.297805 0.084398
v -0.776059 0.279159 0.100218
v -0.775773 0.254591 0.123815
v -0.748788 0.337068 0.002252
v -0.766344 0.307861 0.002252
v -0.776157 0.297699 0.024361
v -0.776137 0.293991 0.066062
v -0.775773 0.254591 -0.119311
v -0.776059 0.279159 -0.095714
v -0.764983 0.297805 -0.079894
v -0.745635 0.326202 -0.079894
v -0.877478 0.090280 0.002252
v -0.809873 0.066815 0.002252
v -0.809484 0.076502 0.084398
v -0.877083 0.099645 0.083927
v -0.906170 0.105361 0.065592
v -0.906316 0.101760 0.024361
v -0.807495 0.125173 0.131345
v -0.874896 0.146487 0.128804
v -0.904531 0.143548 0.118639
v -0.905584 0.119769 0.097865
v -0.809484 0.076502 -0.079894
v -0.877083 0.099644 -0.079423
v -0.905584 0.119769 -0.093361
v -0.904531 0.143548 -0.114135
v -0.874896 0.146487 -0.124300
v -0.807495 0.125173 -0.126841
v -0.805519 0.167465 0.138874
v -0.871998 0.186204 0.135862
v -0.901877 0.185372 0.131345
v -0.903250 0.166627 0.128804
v -0.903250 0.166627 -0.124300
v -0.901877 0.185372 -0.126841
v -0.871998 0.186204 -0.131358
v -0.805519 0.167465 -0.134370
v -0.803503 0.205286 0.138874
v -0.868608 0.221275 0.135862
v -0.898934 0.219491 0.131345
v -0.900455 0.202585 0.131345
v -0.900455 0.202585 -0.126841
v -0.898934 0.219491 -0.126841
v -0.868608 0.221275 -0.131358
v -0.803503 0.205286 -0.134370
v -0.801530 0.243032 0.131345
v -0.864045 0.253923 0.128804
v -0.894942 0.251010 0.128804
v -0.897181 0.235732 0.131345
v -0.897181 0.235732 -0.126841
v -0.894942 0.251010 -0.124300
v -0.864045 0.253923 -0.124300
v -0.801530 0.243032 -0.126841
v -0.798077 0.283608 0.084398
v -0.857816 0.281269 0.083927
v -0.888508 0.276584 0.097865
v -0.891854 0.265089 0.118639
v -0.797338 0.291602 0.002252
v -0.856542 0.286346 0.002252
v -0.885932 0.284560 0.024361
v -0.886447 0.282965 0.065592
v -0.891854 0.265089 -0.114135
v -0.888508 0.276584 -0.093361
v -0.857815 0.281269 -0.079423
v -0.798077 0.283608 -0.079894
v -0.958178 0.131598 0.002252
v -0.928891 0.112317 0.002252
v -0.928574 0.120721 0.082045
v -0.956056 0.136664 0.075526
v -0.963950 0.141246 0.060705
v -0.966351 0.140790 0.024361
v -0.926763 0.162759 0.118639
v -0.956768 0.171088 0.097865
v -0.965643 0.164557 0.082045
v -0.963779 0.147585 0.075526
v -0.928574 0.120721 -0.077541
v -0.956056 0.136664 -0.071022
v -0.963779 0.147586 -0.071022
v -0.965643 0.164557 -0.077541
v -0.956768 0.171088 -0.093361
v -0.926763 0.162759 -0.114135
v -0.924299 0.198403 0.123815
v -0.954961 0.200621 0.100218
v -0.964040 0.194112 0.084398
v -0.964866 0.180866 0.083927
v -0.964866 0.180866 -0.079423
v -0.964040 0.194112 -0.079894
v -0.954961 0.200621 -0.095714
v -0.924300 0.198403 -0.119311
v -0.921751 0.229877 0.123815
v -0.953675 0.226700 0.100218
v -0.963369 0.218223 0.084398
v -0.963628 0.206277 0.084398
v -0.963628 0.206277 -0.079894
v -0.963370 0.218223 -0.079894
v -0.953675 0.226700 -0.095714
v -0.921751 0.229877 -0.119311
v -0.917174 0.258131 0.118639
v -0.949076 0.250876 0.097865
v -0.959969 0.240951 0.083927
v -0.962291 0.229700 0.084398
v -0.962291 0.229700 -0.079894
v -0.959969 0.240951 -0.079423
v -0.949076 0.250876 -0.093361
v -0.917174 0.258131 -0.114135
v -0.910737 0.278071 0.082045
v -0.940590 0.270311 0.075526
v -0.950633 0.263466 0.075526
v -0.956544 0.252713 0.082045
v -0.909427 0.281583 0.002252
v -0.941526 0.272746 0.002252
v -0.951532 0.267232 0.024361
v -0.949323 0.267084 0.060705
v -0.956544 0.252713 -0.077541
v -0.950633 0.263466 -0.071022
v -0.940590 0.270311 -0.071022
v -0.910737 0.278071 -0.077541
v -0.489364 -0.048540 -0.114606
v -0.497289 -0.112676 -0.093361
v -0.524757 -0.119530 -0.077541
v -0.562094 -0.082757 -0.071022
v -0.583415 -0.053787 -0.071022
v -0.617149 -0.008172 -0.079775
v -0.617149 -0.008172 0.084279
v -0.583415 -0.053787 0.075526
v -0.497289 -0.112676 0.097865
v -0.489364 -0.048540 0.119110
v -0.637747 -0.003928 0.002252
v -0.594904 -0.046403 0.002252
v -0.341453 -0.068818 -0.119311
v -0.369454 -0.142335 -0.097084
v -0.419478 -0.164787 -0.080573
v -0.476377 -0.147645 -0.079423
v -0.369454 -0.142335 0.101588
v -0.341453 -0.068818 0.123815
v -0.174898 -0.078319 -0.121664
v -0.202026 -0.137114 -0.101364
v -0.259988 -0.160958 -0.090917
v -0.341600 -0.169253 -0.089555
v -0.341600 -0.169253 0.094059
v -0.259988 -0.160958 0.093968
v -0.202026 -0.137114 0.101403
v -0.174898 -0.078319 0.123815
v -0.013339 -0.089260 -0.132017
v -0.044269 -0.143530 -0.122396
v -0.174403 -0.154369 0.083951
v -0.096853 -0.156416 0.081810
v -0.044269 -0.143530 0.098947
v -0.013339 -0.089260 0.123815
v 0.113192 -0.080685 -0.130983
v 0.101121 -0.151416 -0.120329
v -0.015700 -0.162962 0.080868
v 0.064584 -0.170248 0.079959
v 0.101121 -0.151416 0.096880
v 0.113192 -0.080685 0.122782
v 0.219007 -0.115501 -0.116082
v 0.184173 -0.199042 -0.089053
v 0.124634 -0.180568 0.077261
v 0.160410 -0.204010 0.072956
v 0.184173 -0.199042 0.089077
v 0.219007 -0.115501 0.118234
v 0.423891 -0.232265 -0.109024
v 0.297435 -0.331932 -0.080693
v 0.201999 -0.334863 -0.069812
v 0.185004 -0.256786 -0.074058
v 0.185004 -0.256786 0.077017
v 0.201999 -0.334863 0.074184
v 0.297435 -0.331932 0.085189
v 0.423891 -0.232265 0.113528
v 0.654997 -0.249635 -0.080243
v 0.610602 -0.301607 -0.072650
v 0.530192 -0.333864 -0.078460
v 0.331609 -0.368314 -0.074404
v 0.670208 -0.292898 0.002252
v 0.697151 -0.258176 0.000746
v 0.654997 -0.249635 0.083105
v 0.610602 -0.301607 0.077154
v 0.635688 -0.317849 0.062612
v 0.662063 -0.313845 0.024361
v 0.331609 -0.368314 0.078908
v 0.530192 -0.333864 0.082964
v 0.586867 -0.346840 -0.070768
v 0.582632 -0.391934 -0.071331
v 0.523040 -0.420553 -0.079622
v 0.343306 -0.439441 -0.078865
v 0.648991 -0.383131 0.002252
v 0.655313 -0.336653 0.002252
v 0.586867 -0.346840 0.075272
v 0.582632 -0.391934 0.075835
v 0.625337 -0.407661 0.062844
v 0.650910 -0.404438 0.024361
v 0.343306 -0.439441 0.083369
v 0.523040 -0.420553 0.084126
v 0.595172 -0.430703 -0.072158
v 0.619783 -0.464235 -0.072365
v 0.575644 -0.490684 -0.080655
v 0.434334 -0.512361 -0.080655
v 0.357636 -0.501280 -0.072365
v 0.299230 -0.464120 -0.071289
v 0.679362 -0.455815 0.002252
v 0.657214 -0.422883 0.002252
v 0.595172 -0.430703 0.076662
v 0.619783 -0.464235 0.076869
v 0.669853 -0.476232 0.063051
v 0.693405 -0.472619 0.024361
v 0.299230 -0.464120 0.075793
v 0.357636 -0.501280 0.076869
v 0.434334 -0.512361 0.085159
v 0.575644 -0.490684 0.085159
v 0.259153 -0.472541 0.002252
v 0.298058 -0.509699 0.002252
v 0.316573 -0.530426 0.024361
v 0.340125 -0.526813 0.063051
v 0.492108 -0.613809 -0.080655
v 0.635824 -0.585995 -0.080655
v 0.710118 -0.605770 -0.072365
v 0.734128 -0.674669 -0.071877
v 0.676227 -0.720873 -0.079300
v 0.517711 -0.747777 -0.079300
v 0.447056 -0.727234 -0.071877
v 0.438892 -0.658617 -0.072365
v 0.799373 -0.662723 0.002252
v 0.771760 -0.593759 0.002252
v 0.755586 -0.562817 0.024361
v 0.731633 -0.567452 0.063051
v 0.710118 -0.605770 0.076869
v 0.734128 -0.674669 0.076381
v 0.781905 -0.702937 0.062057
v 0.808323 -0.698453 0.023999
v 0.635824 -0.585995 0.085159
v 0.492108 -0.613809 0.085159
v 0.438892 -0.658618 0.076869
v 0.447056 -0.727234 0.076381
v 0.517711 -0.747777 0.083804
v 0.676227 -0.720873 0.083804
v 0.396299 -0.632351 0.063051
v 0.372347 -0.636987 0.024361
v 0.377250 -0.670628 0.002252
v 0.381811 -0.739180 0.002252
v 0.385613 -0.770197 0.023999
v 0.412032 -0.765713 0.062057
v 0.746882 -0.743325 -0.069926
v 0.732626 -0.796374 -0.063789
v 0.674526 -0.819875 -0.062741
v 0.554055 -0.832211 -0.062741
v 0.490041 -0.824188 -0.063789
v 0.458690 -0.786609 -0.069926
v 0.787888 -0.795067 0.002252
v 0.812382 -0.733488 0.002252
v 0.746882 -0.743325 0.074430
v 0.732626 -0.796374 0.068293
v 0.458690 -0.786609 0.074430
v 0.490041 -0.824188 0.068293
v 0.393191 -0.796447 0.002252
v 0.436232 -0.833238 0.002252
v 0.174949 -0.372632 -0.056087
v 0.149352 -0.349194 -0.054641
v 0.133036 -0.327627 -0.060876
v 0.133678 -0.295283 -0.060809
v 0.149586 -0.277220 -0.054503
v 0.167418 -0.254800 -0.060276
v 0.182948 -0.396291 0.001955
v 0.157804 -0.372676 0.001436
v 0.138878 -0.360240 -0.015344
v 0.135450 -0.351228 -0.044331
v 0.167418 -0.254800 0.063048
v 0.149586 -0.277220 0.058797
v 0.133678 -0.295283 0.064798
v 0.133036 -0.327627 0.064216
v 0.149352 -0.349194 0.057946
v 0.174949 -0.372632 0.060148
v 0.158191 -0.253834 0.002252
v 0.172755 -0.233059 0.000746
v 0.137036 -0.271460 -0.043993
v 0.140826 -0.262168 -0.014564
v 0.113372 -0.333612 -0.054691
v 0.068146 -0.320229 -0.054691
v 0.050479 -0.307302 -0.060876
v 0.051640 -0.284426 -0.060809
v 0.070312 -0.278248 -0.054503
v 0.115151 -0.282381 -0.054503
v 0.115710 -0.349509 0.001139
v 0.063182 -0.331720 0.001139
v 0.041506 -0.327587 -0.015344
v 0.046164 -0.322758 -0.044331
v 0.115151 -0.282381 0.058721
v 0.070312 -0.278248 0.058721
v 0.051640 -0.284426 0.064798
v 0.050479 -0.307302 0.064216
v 0.068146 -0.320229 0.057561
v 0.113372 -0.333612 0.057561
v 0.066759 -0.262402 0.002252
v 0.118649 -0.264919 0.002252
v 0.049026 -0.266341 -0.043993
v 0.045026 -0.258225 -0.014564
v 0.034828 -0.316591 -0.054641
v 0.019551 -0.316306 -0.051593
v 0.021465 -0.264293 -0.051525
v 0.036996 -0.269063 -0.054503
v 0.024555 -0.328865 0.001436
v 0.007276 -0.330804 0.001881
v 0.036996 -0.269063 0.058797
v 0.021465 -0.264293 0.055925
v 0.017703 -0.275734 0.055925
v 0.016727 -0.304184 0.055754
v 0.019551 -0.316306 0.055488
v 0.034828 -0.316591 0.057946
v 0.010406 -0.243113 0.002252
v 0.028134 -0.250390 0.002252
v -0.246628 -0.176092 -0.077136
v -0.269592 -0.203422 -0.072365
v -0.289335 -0.223367 -0.080655
v -0.328962 -0.235948 -0.080655
v -0.355063 -0.225860 -0.072365
v -0.373372 -0.195529 -0.075679
v -0.225080 -0.177176 0.000746
v -0.250168 -0.198323 0.002252
v -0.256313 -0.212882 -0.019857
v -0.262918 -0.214979 -0.058547
v -0.373372 -0.195529 0.080183
v -0.355063 -0.225860 0.076869
v -0.328962 -0.235948 0.085159
v -0.289335 -0.223367 0.085159
v -0.269592 -0.203422 0.076869
v -0.246628 -0.176092 0.079999
v -0.400718 -0.205722 0.002252
v -0.374489 -0.230959 0.002252
v -0.361983 -0.246433 0.024361
v -0.355379 -0.244336 0.063051
v -0.272953 -0.234977 -0.072365
v -0.266879 -0.271279 -0.072365
v -0.269597 -0.294684 -0.080655
v -0.287425 -0.308806 -0.080655
v -0.308294 -0.295853 -0.072365
v -0.334130 -0.258421 -0.072365
v -0.259049 -0.229648 0.002252
v -0.257467 -0.265694 0.002252
v -0.254741 -0.282916 -0.019857
v -0.257711 -0.285269 -0.058547
v -0.334130 -0.258421 0.076869
v -0.308294 -0.295853 0.076869
v -0.287425 -0.308806 0.085159
v -0.269597 -0.294684 0.085159
v -0.266879 -0.271279 0.076869
v -0.272953 -0.234977 0.076869
v -0.348035 -0.263749 0.002252
v -0.317707 -0.301438 0.002252
v -0.302281 -0.320575 0.024361
v -0.299311 -0.318221 0.063051
v -0.257336 -0.304616 -0.072365
v -0.221692 -0.333206 -0.071455
v -0.178215 -0.354955 -0.078588
v -0.177906 -0.374625 -0.079622
v -0.229871 -0.366701 -0.072158
v -0.281766 -0.332701 -0.072365
v -0.251783 -0.298233 0.002252
v -0.219058 -0.326358 0.002252
v -0.176476 -0.340528 -0.019030
v -0.177607 -0.342643 -0.056479
v -0.281766 -0.332701 0.076869
v -0.229871 -0.366701 0.076662
v -0.177906 -0.374625 0.084126
v -0.178215 -0.354955 0.083092
v -0.221692 -0.333206 0.075959
v -0.257336 -0.304616 0.076869
v -0.287317 -0.339084 0.002252
v -0.231673 -0.374368 0.002252
v -0.177445 -0.391218 0.024361
v -0.177538 -0.387899 0.062844
v -0.108734 -0.361203 -0.067816
v 0.081416 -0.390310 -0.061449
v 0.111021 -0.429758 -0.069884
v -0.099059 -0.398777 -0.071331
v -0.107056 -0.356482 0.002252
v 0.083995 -0.390509 0.002252
v -0.099059 -0.398777 0.075835
v 0.111021 -0.429758 0.074388
v 0.081416 -0.390310 0.065953
v -0.108734 -0.361203 0.072320
v -0.096582 -0.407590 0.002252
v 0.118417 -0.439380 0.002252
v 0.334154 -0.553301 0.002252
v 0.362934 -0.606363 0.002252
v 0.421770 -0.595332 0.076869
v 0.392603 -0.543596 0.076869
v 0.680651 -0.546793 0.076869
v 0.649775 -0.500896 0.076869
v 0.739488 -0.535761 0.002252
v 0.708222 -0.491192 0.002252
v 0.649775 -0.500896 -0.072365
v 0.680651 -0.546793 -0.072365
v 0.421770 -0.595332 -0.072365
v 0.392603 -0.543596 -0.072365
v 0.007470 0.342113 -0.061028
v 0.007470 0.342113 0.020356
v -0.251162 0.332297 0.025796
v -0.251162 0.332297 -0.066016
v 0.216353 0.331440 -0.066016
v 0.216353 0.331440 0.025796
v -0.226743 0.243630 -0.067838
v -0.226743 0.243630 0.027618
v 0.013325 0.225986 0.023368
v 0.013325 0.225986 -0.064040
v 0.217786 0.227439 0.027618
v 0.217786 0.227439 -0.067838
v -0.282809 0.284497 -0.064040
v -0.282809 0.284497 0.023368
v 0.279807 0.274668 -0.064040
v 0.279807 0.274668 0.023368
v -0.958444 0.261216 0.002252
v -0.965815 0.248645 0.002252
v -0.967694 0.242568 0.024361
v -0.963970 0.244230 0.065592
v -0.969316 0.236951 0.002252
v -0.971657 0.226502 0.002252
v -0.972313 0.221373 0.024361
v -0.968586 0.222438 0.066062
v -0.972584 0.216108 0.002252
v -0.972553 0.205288 0.002252
v -0.972546 0.199790 0.024360
v -0.969028 0.199957 0.066062
v -0.972736 0.194271 0.002252
v -0.973437 0.182275 0.002252
v -0.973808 0.175349 0.024361
v -0.970401 0.174496 0.065592
v -0.974099 0.167504 0.002252
v -0.971186 0.149993 0.002252
v -0.484592 0.420806 -0.019857
v -0.489918 0.415083 -0.061558
v -0.724052 0.349960 -0.061558
v -0.725023 0.354457 -0.019857
v -0.776137 0.293991 -0.061558
v -0.776157 0.297699 -0.019857
v -0.886447 0.282965 -0.061088
v -0.885932 0.284560 -0.019857
v -0.949323 0.267084 -0.056201
v -0.951532 0.267232 -0.019857
v -0.963970 0.244230 -0.061088
v -0.967694 0.242568 -0.019857
v -0.968586 0.222438 -0.061558
v -0.972314 0.221373 -0.019857
v -0.969028 0.199957 -0.061558
v -0.972546 0.199790 -0.019857
v -0.970401 0.174496 -0.061088
v -0.973808 0.175349 -0.019857
v -0.963950 0.141246 -0.056201
v -0.966351 0.140789 -0.019857
v -0.906170 0.105361 -0.061088
v -0.906316 0.101760 -0.019857
v -0.775398 0.059885 -0.061558
v -0.775537 0.055961 -0.019857
v -0.655402 0.015067 -0.063134
v -0.661638 0.013086 -0.019857
v -0.575038 -0.069711 -0.056201
v -0.576056 -0.070380 -0.019857
v -0.504500 -0.149857 -0.061088
v -0.506304 -0.159152 -0.019857
v -0.406496 -0.188631 -0.061861
v -0.417219 -0.196052 -0.019857
v -0.355379 -0.244336 -0.058547
v -0.361983 -0.246433 -0.019857
v -0.299311 -0.318221 -0.058547
v -0.302281 -0.320575 -0.019857
v -0.177539 -0.387899 -0.058340
v -0.177445 -0.391218 -0.019857
v 0.340125 -0.526813 -0.058547
v 0.316573 -0.530426 -0.019857
v 0.396299 -0.632351 -0.058547
v 0.372347 -0.636987 -0.019857
v 0.412032 -0.765713 -0.057553
v 0.385613 -0.770197 -0.019495
v 0.495580 -0.837622 -0.050662
v 0.479973 -0.843079 -0.017906
v 0.733000 -0.814463 -0.050662
v 0.750371 -0.818407 -0.017906
v 0.781905 -0.702937 -0.057553
v 0.808323 -0.698453 -0.019495
v 0.731633 -0.567452 -0.058547
v 0.755586 -0.562817 -0.019857
v 0.669853 -0.476232 -0.058547
v 0.693405 -0.472619 -0.019857
v 0.625337 -0.407661 -0.058340
v 0.650910 -0.404438 -0.019857
v 0.635688 -0.317849 -0.058108
v 0.662063 -0.313845 -0.019857
v 0.708097 -0.234174 -0.068193
v 0.719176 -0.245191 -0.024562
v 0.851099 -0.213458 -0.086970
v 0.850132 -0.221831 -0.040562
v 0.935242 -0.204036 -0.063699
v 0.935485 -0.207831 -0.024562
v 1.015703 -0.138711 -0.061558
v 1.025669 -0.140907 -0.019857
v 1.084824 -0.032726 -0.061558
v 1.099398 -0.037228 -0.019857
v 1.115374 0.070385 -0.061558
v 1.131985 0.065663 -0.019857
v 1.109628 0.165457 -0.061088
v 1.125855 0.161593 -0.019857
v 1.051077 0.249404 -0.056201
v 1.059700 0.251512 -0.019857
v 0.875144 0.292656 -0.061088
v 0.874708 0.297676 -0.019857
v 0.678120 0.311123 -0.061558
v 0.677207 0.314734 -0.019857
v 0.429845 0.363224 -0.061558
v 0.425323 0.366569 -0.019857
v 0.305297 0.404441 -0.061558
v 0.301742 0.409061 -0.019857
v 0.186026 0.410198 -0.061558
v 0.183680 0.415037 -0.019857
v 0.003156 0.405186 -0.061558
v 0.002848 0.409691 -0.019857
v -0.230234 0.400258 -0.061558
v -0.227995 0.404435 -0.019857
v -0.288839 0.431581 -0.061558
v -0.280094 0.437845 -0.019857
v 0.135450 -0.351228 0.047129
v 0.138878 -0.360240 0.017877
v 0.046164 -0.322758 0.047129
v 0.041506 -0.327587 0.017877
v 0.012804 -0.318569 0.045724
v 0.005178 -0.324062 0.018848
v 0.014791 -0.259341 0.046009
v 0.007599 -0.249897 0.019068
v 0.049026 -0.266341 0.048394
v 0.045026 -0.258225 0.019068
v 0.137036 -0.271460 0.048394
v 0.140826 -0.262168 0.019068
v 0.166874 -0.228522 0.052913
v 0.169624 -0.223932 0.017072
v 0.097048 -0.188581 0.057642
v 0.096940 -0.196910 0.008287
v -0.065245 -0.169466 0.059710
v -0.070487 -0.175950 0.009114
v -0.209653 -0.167389 0.065239
v -0.204859 -0.171260 0.021537
v -0.262918 -0.214979 0.063051
v -0.256313 -0.212882 0.024361
v -0.257711 -0.285269 0.063051
v -0.254741 -0.282916 0.024361
v -0.177607 -0.342643 0.060983
v -0.176476 -0.340528 0.023534
vn -0.4255 -0.6455 0.6343
vn -0.3473 -0.4097 0.8435
vn -0.2481 -0.4052 0.8799
vn -0.2579 -0.5472 0.7963
vn -0.2612 -0.2707 0.9266
vn -0.2019 -0.2704 0.9413
vn -0.1342 -0.2438 0.9605
vn -0.1497 -0.3537 0.9233
vn -0.1510 -0.4650 0.8723
vn -0.1907 -0.2061 0.9598
vn -0.1531 -0.1887 0.9700
vn -0.1281 -0.1743 0.9763
vn -0.1033 -0.1395 0.9848
vn -0.0750 -0.1042 0.9917
vn -0.1080 -0.1597 0.9812
vn -0.0636 -0.1222 0.9905
vn -0.0724 -0.1944 0.9782
vn -0.0467 -0.0708 0.9964
vn -0.0230 -0.0443 0.9988
vn -0.0283 -0.0824 0.9962
vn -0.0283 -0.1348 0.9905
vn -0.0768 -0.2836 0.9559
vn -0.0796 -0.3743 0.9239
vn -0.0272 -0.1991 0.9796
vn -0.0302 -0.2673 0.9631
vn -0.0755 -0.1572 0.9847
vn -0.0583 -0.1091 0.9923
vn -0.0376 -0.1470 0.9884
vn -0.0262 -0.0903 0.9956
vn -0.0169 -0.0466 0.9988
vn -0.0416 -0.0682 0.9968
vn -0.0156 -0.1410 0.9899
vn -0.0076 -0.0790 0.9968
vn -0.0087 -0.1379 0.9904
vn -0.0022 -0.0735 0.9973
vn 0.0041 -0.0261 0.9997
vn -0.0015 -0.0341 0.9994
vn 0.0039 -0.0023 1.0000
vn -0.0089 -0.0163 0.9998
vn 0.0121 0.0109 0.9999
vn 0.0254 0.0411 0.9988
vn 0.0124 0.0177 0.9998
vn -0.0004 -0.0003 1.0000
vn -0.0260 -0.0368 0.9990
vn -0.0122 -0.0184 0.9998
vn -0.0087 -0.1372 0.9905
vn -0.0031 -0.0707 0.9975
vn -0.0092 -0.1376 0.9904
vn -0.0038 -0.0680 0.9977
vn 0.0042 -0.0134 0.9999
vn 0.0044 -0.0198 0.9998
vn -0.0101 -0.1385 0.9903
vn -0.0042 -0.0657 0.9978
vn -0.0114 -0.1385 0.9903
vn -0.0046 -0.0635 0.9980
vn 0.0023 -0.0029 1.0000
vn 0.0036 -0.0077 1.0000
vn 0.0146 0.0514 0.9986
vn 0.0166 0.0393 0.9991
vn 0.0103 0.0595 0.9982
vn 0.0211 0.1425 0.9896
vn 0.0306 0.1254 0.9916
vn 0.0354 0.1000 0.9944
vn 0.0158 0.0249 0.9996
vn 0.0340 0.0702 0.9970
vn -0.0116 -0.1379 0.9904
vn -0.0044 -0.0616 0.9981
vn -0.0095 -0.1368 0.9905
vn -0.0034 -0.0602 0.9982
vn 0.0004 0.0006 1.0000
vn 0.0011 -0.0006 1.0000
vn -0.0048 -0.1362 0.9907
vn -0.0015 -0.0594 0.9982
vn 0.0032 -0.1368 0.9906
vn 0.0018 -0.0596 0.9982
vn 0.0001 0.0010 1.0000
vn 0.0012 0.0650 0.9979
vn 0.0033 0.0647 0.9979
vn -0.0005 0.0656 0.9978
vn 0.0004 0.1601 0.9871
vn 0.0031 0.1578 0.9875
vn 0.0068 0.1558 0.9878
vn 0.0061 0.0632 0.9980
vn 0.0124 0.1515 0.9884
vn 0.0125 -0.1375 0.9904
vn 0.0059 -0.0604 0.9982
vn 0.0200 -0.1382 0.9902
vn 0.0093 -0.0622 0.9980
vn 0.0001 0.0007 1.0000
vn 0.0003 0.0012 1.0000
vn 0.0247 -0.1396 0.9899
vn 0.0114 -0.0649 0.9978
vn 0.0254 -0.1418 0.9896
vn 0.0113 -0.0686 0.9976
vn -0.0017 -0.0048 1.0000
vn -0.0005 -0.0010 1.0000
vn -0.0096 0.0686 0.9976
vn -0.0057 0.0686 0.9976
vn -0.0140 0.0642 0.9978
vn -0.0279 0.1603 0.9867
vn -0.0171 0.1679 0.9857
vn -0.0086 0.1677 0.9858
vn -0.0026 0.0672 0.9977
vn -0.0028 0.1640 0.9865
vn 0.0144 -0.1433 0.9896
vn 0.0060 -0.0724 0.9974
vn -0.0093 -0.1410 0.9900
vn -0.0044 -0.0740 0.9973
vn -0.0062 -0.0181 0.9998
vn -0.0037 -0.0108 0.9999
vn -0.0347 -0.1343 0.9903
vn -0.0155 -0.0728 0.9972
vn -0.0534 -0.1244 0.9908
vn -0.0241 -0.0692 0.9973
vn -0.0108 -0.0283 0.9995
vn -0.0088 -0.0245 0.9997
vn -0.0133 0.0199 0.9997
vn -0.0161 0.0377 0.9992
vn -0.0094 0.0052 0.9999
vn -0.0197 0.0348 0.9992
vn -0.0302 0.0684 0.9972
vn -0.0363 0.1067 0.9936
vn -0.0168 0.0538 0.9984
vn -0.0361 0.1400 0.9895
vn -0.0564 -0.1175 0.9915
vn -0.0245 -0.0667 0.9975
vn -0.0442 -0.1166 0.9922
vn -0.0149 -0.0683 0.9976
vn -0.0003 -0.0348 0.9994
vn -0.0085 -0.0310 0.9995
vn -0.0211 -0.1227 0.9922
vn 0.0034 -0.0740 0.9973
vn 0.0162 -0.1380 0.9903
vn 0.0339 -0.0851 0.9958
vn 0.0369 -0.0514 0.9980
vn 0.0141 -0.0411 0.9991
vn 0.0149 -0.0197 0.9997
vn 0.0040 -0.0120 0.9999
vn 0.0295 -0.0306 0.9991
vn 0.0172 -0.0204 0.9996
vn 0.0094 -0.0095 0.9999
vn 0.0008 -0.0001 1.0000
vn -0.0039 -0.0047 1.0000
vn -0.0087 0.0128 0.9999
vn 0.0645 -0.1571 0.9855
vn 0.0711 -0.1014 0.9923
vn 0.1134 -0.1787 0.9774
vn 0.1028 -0.1244 0.9869
vn 0.0738 -0.0903 0.9932
vn 0.0610 -0.0669 0.9959
vn 0.1599 -0.2219 0.9619
vn 0.1172 -0.1639 0.9795
vn 0.1933 -0.3400 0.9203
vn 0.0900 -0.2172 0.9720
vn 0.0229 -0.1610 0.9867
vn 0.0646 -0.1223 0.9904
vn 0.0220 -0.0969 0.9951
vn 0.0403 -0.0690 0.9968
vn -0.0173 -0.1279 0.9916
vn -0.0387 -0.1044 0.9938
vn -0.0070 -0.0807 0.9967
vn 0.0125 -0.0569 0.9983
vn 0.0413 -0.0468 0.9981
vn 0.0200 -0.0362 0.9991
vn 0.1096 -0.4459 0.8883
vn 0.0290 -0.2810 0.9593
vn 0.0332 -0.5513 0.8337
vn -0.0295 -0.3550 0.9344
vn -0.0663 -0.2518 0.9655
vn -0.0303 -0.2045 0.9784
vn -0.0227 -0.6421 0.7663
vn -0.0648 -0.4285 0.9012
vn -0.0443 -0.7154 0.6973
vn -0.0602 -0.4906 0.8693
vn -0.0424 -0.3344 0.9415
vn -0.0763 -0.2978 0.9516
vn -0.0623 -0.2120 0.9753
vn -0.0769 -0.1882 0.9791
vn -0.0060 -0.2288 0.9735
vn 0.0356 -0.1528 0.9876
vn -0.0313 -0.1479 0.9885
vn -0.0651 -0.1394 0.9881
vn -0.0592 -0.1591 0.9855
vn -0.0659 -0.1247 0.9900
vn -0.0169 -0.7649 0.6439
vn -0.0045 -0.5340 0.8455
vn 0.0727 -0.8003 0.5952
vn 0.1040 -0.5749 0.8116
vn 0.1529 -0.3929 0.9068
vn 0.0368 -0.3594 0.9325
vn 0.2127 -0.8248 0.5239
vn 0.2592 -0.6318 0.7305
vn 0.3564 -0.8387 0.4118
vn 0.4290 -0.7337 0.5269
vn 0.4831 -0.6159 0.6223
vn 0.3088 -0.4720 0.8257
vn 0.3359 -0.3514 0.8739
vn 0.1941 -0.2712 0.9427
vn 0.5084 -0.5061 0.6967
vn 0.5106 -0.4151 0.7530
vn 0.3432 -0.2676 0.9003
vn 0.2190 -0.1913 0.9568
vn 0.0834 -0.2417 0.9668
vn 0.1218 -0.1615 0.9793
vn -0.0015 -0.1156 0.9933
vn -0.0027 -0.1587 0.9873
vn -0.0045 -0.0773 0.9970
vn 0.0031 -0.0349 0.9994
vn 0.0058 -0.0527 0.9986
vn 0.0056 -0.0732 0.9973
vn -0.0076 -0.0469 0.9989
vn -0.0077 -0.0250 0.9997
vn -0.0012 -0.0115 0.9999
vn 0.0002 -0.0214 0.9998
vn 0.0007 -0.0053 1.0000
vn 0.0018 -0.0091 1.0000
vn 0.0001 -0.0028 1.0000
vn -0.0000 -0.0000 1.0000
vn 0.0027 -0.0133 0.9999
vn 0.0029 -0.0188 0.9998
vn -0.0019 -0.0089 1.0000
vn 0.0098 0.0070 0.9999
vn 0.0195 0.0121 0.9997
vn 0.0039 -0.0025 1.0000
vn 0.0266 0.0305 0.9992
vn 0.0474 0.0680 0.9966
vn 0.0757 0.0886 0.9932
vn 0.0442 0.0399 0.9982
vn 0.0625 0.0421 0.9972
vn 0.0282 0.0142 0.9995
vn 0.1061 0.0935 0.9900
vn 0.1333 0.0770 0.9881
vn 0.0782 0.0353 0.9963
vn 0.0356 0.0129 0.9993
vn 0.0070 0.0016 1.0000
vn 0.0087 0.0027 1.0000
vn 0.0631 0.1202 0.9907
vn 0.0659 0.1815 0.9812
vn 0.1136 0.2789 0.9536
vn 0.1026 0.1658 0.9808
vn 0.0570 0.2425 0.9685
vn 0.0391 0.2903 0.9561
vn 0.0702 0.5185 0.8522
vn 0.1013 0.4107 0.9061
vn 0.1733 0.5853 0.7921
vn 0.1807 0.3488 0.9196
vn 0.1227 0.7587 0.6398
vn 0.1989 0.9076 0.3698
vn 0.2747 0.6603 0.6989
vn 0.2646 0.3389 0.9028
vn 0.1501 0.1863 0.9710
vn 0.1998 0.1610 0.9665
vn 0.0233 0.3193 0.9474
vn 0.0140 0.3359 0.9418
vn 0.0297 0.6265 0.7789
vn 0.0447 0.5856 0.8093
vn 0.0082 0.3454 0.9384
vn 0.0049 0.3530 0.9356
vn 0.0157 0.6642 0.7474
vn 0.0200 0.6498 0.7599
vn 0.0351 0.8922 0.4502
vn 0.0500 0.8750 0.4815
vn 0.0288 0.9015 0.4317
vn 0.0375 0.9788 0.2014
vn 0.0450 0.9761 0.2126
vn 0.0624 0.9712 0.2300
vn 0.0776 0.8372 0.5413
vn 0.0986 0.9593 0.2645
vn 0.0005 0.3617 0.9323
vn -0.0095 0.3676 0.9299
vn -0.0087 0.6787 0.7343
vn 0.0092 0.6758 0.7370
vn -0.0261 0.3635 0.9312
vn -0.0497 0.3403 0.9390
vn -0.0837 0.6140 0.7849
vn -0.0390 0.6627 0.7479
vn -0.0568 0.8946 0.4432
vn -0.0071 0.9084 0.4181
vn -0.1328 0.8494 0.5107
vn -0.2069 0.9438 0.2579
vn -0.0657 0.9776 0.2002
vn -0.0039 0.9818 0.1899
vn 0.0195 0.9078 0.4189
vn 0.0263 0.9808 0.1931
vn -0.0702 0.2883 0.9550
vn -0.0743 0.2107 0.9747
vn -0.1373 0.3521 0.9258
vn -0.1279 0.5097 0.8508
vn -0.0631 0.1302 0.9895
vn -0.0422 0.0659 0.9969
vn -0.0730 0.0971 0.9926
vn -0.1115 0.1999 0.9734
vn -0.1717 0.2467 0.9538
vn -0.2243 0.4654 0.8562
vn -0.1073 0.1135 0.9877
vn -0.1399 0.0995 0.9852
vn -0.2363 0.2337 0.9432
vn -0.3301 0.4797 0.8130
vn -0.2148 0.7200 0.6599
vn -0.3271 0.7792 0.5347
vn -0.0215 0.0258 0.9994
vn -0.0070 0.0048 1.0000
vn -0.0155 0.0099 0.9998
vn -0.0384 0.0388 0.9985
vn 0.0022 -0.0065 1.0000
vn 0.0059 -0.0164 0.9998
vn 0.0005 -0.0106 0.9999
vn -0.0029 -0.0030 1.0000
vn -0.0058 0.0008 1.0000
vn -0.0235 0.0130 0.9996
vn -0.0004 -0.0035 1.0000
vn -0.0073 0.0018 1.0000
vn -0.0307 0.0112 0.9995
vn -0.0565 0.0453 0.9974
vn -0.0731 0.0382 0.9966
vn 0.0039 -0.0296 0.9996
vn -0.0052 -0.0465 0.9989
vn -0.0092 -0.0306 0.9995
vn -0.0025 -0.0196 0.9998
vn -0.0211 -0.0646 0.9977
vn -0.0422 -0.0802 0.9959
vn -0.0287 -0.0486 0.9984
vn -0.0186 -0.0413 0.9990
vn -0.0069 -0.0138 0.9999
vn -0.0040 -0.0105 0.9999
vn -0.0093 -0.0155 0.9998
vn -0.0017 -0.0068 1.0000
vn -0.0533 -0.0903 0.9945
vn -0.0362 -0.0938 0.9949
vn -0.0012 -0.0494 0.9988
vn -0.0268 -0.0510 0.9983
vn 0.0082 -0.0932 0.9956
vn 0.0735 -0.0942 0.9928
vn 0.1002 -0.0503 0.9937
vn 0.0434 -0.0475 0.9979
vn 0.0655 -0.0156 0.9977
vn 0.0253 -0.0147 0.9996
vn 0.1139 -0.0218 0.9932
vn 0.1162 -0.0103 0.9932
vn 0.0724 -0.0032 0.9974
vn 0.0349 -0.0006 0.9994
vn -0.0013 -0.0156 0.9999
vn 0.0095 -0.0000 1.0000
vn 0.1475 -0.1043 0.9835
vn 0.2293 -0.1355 0.9639
vn 0.2303 -0.0953 0.9684
vn 0.1610 -0.0635 0.9849
vn 0.3378 -0.2055 0.9185
vn 0.5001 -0.3390 0.7969
vn 0.4847 -0.2776 0.8295
vn 0.3268 -0.1588 0.9316
vn 0.3144 -0.1242 0.9411
vn 0.2259 -0.0679 0.9718
vn 0.4691 -0.2279 0.8532
vn 0.4567 -0.1870 0.8697
vn 0.3029 -0.0998 0.9478
vn 0.2188 -0.0523 0.9744
vn 0.1649 -0.0372 0.9856
vn 0.1622 -0.0250 0.9864
vn 0.0101 0.0022 0.9999
vn 0.0400 0.0096 0.9992
vn 0.0419 0.0066 0.9991
vn 0.0105 0.0017 0.9999
vn 0.0880 0.0243 0.9958
vn 0.1514 0.0511 0.9872
vn 0.1609 0.0312 0.9865
vn 0.0930 0.0153 0.9955
vn 0.0947 0.0096 0.9955
vn 0.0424 0.0047 0.9991
vn 0.1654 0.0191 0.9860
vn 0.1675 0.0159 0.9857
vn 0.0949 0.0081 0.9955
vn 0.0422 0.0042 0.9991
vn 0.0106 0.0014 0.9999
vn 0.0106 0.0013 0.9999
vn 0.2376 0.1114 0.9650
vn 0.3443 0.2682 0.8997
vn 0.4059 0.1826 0.8955
vn 0.2614 0.0708 0.9626
vn 0.4181 0.5828 0.6968
vn 0.4111 0.8275 0.3824
vn 0.6516 0.6325 0.4188
vn 0.5627 0.4026 0.7220
vn 0.6475 0.2345 0.7251
vn 0.4428 0.1097 0.8899
vn 0.8092 0.3806 0.4475
vn 0.8537 0.2752 0.4420
vn 0.6772 0.1779 0.7139
vn 0.4590 0.0896 0.8839
vn 0.2741 0.0444 0.9607
vn 0.2807 0.0379 0.9591
vn -0.4790 0.7167 0.5069
vn -0.4228 0.8758 0.2328
vn -0.4339 0.4152 0.7996
vn -0.5257 0.3049 0.7942
vn -0.6532 0.5569 0.5130
vn -0.6560 0.7159 0.2392
vn -0.2881 0.1799 0.9406
vn -0.1621 0.0685 0.9844
vn -0.1772 0.0400 0.9834
vn -0.3264 0.1204 0.9375
vn -0.3490 0.0548 0.9355
vn -0.5856 0.1508 0.7965
vn -0.1864 0.0130 0.9824
vn -0.1914 -0.0123 0.9814
vn -0.3564 -0.0115 0.9343
vn -0.5996 -0.0108 0.8002
vn -0.7897 0.2917 0.5398
vn -0.8723 0.4030 0.2769
vn -0.8290 -0.0110 0.5592
vn -0.9529 -0.0124 0.3030
vn -0.0832 0.0239 0.9962
vn -0.0344 0.0063 0.9994
vn -0.0374 0.0019 0.9993
vn -0.0898 0.0112 0.9959
vn -0.0083 0.0009 1.0000
vn -0.0088 -0.0000 1.0000
vn -0.0091 -0.0009 1.0000
vn -0.0385 -0.0025 0.9993
vn -0.0093 -0.0020 1.0000
vn -0.0394 -0.0069 0.9992
vn -0.0937 -0.0005 0.9956
vn -0.0965 -0.0112 0.9953
vn 0.0092 -0.0000 1.0000
vn 0.0346 -0.0005 0.9994
vn 0.0344 -0.0004 0.9994
vn 0.0090 -0.0000 1.0000
vn 0.0714 -0.0027 0.9974
vn 0.1138 -0.0087 0.9935
vn 0.1121 -0.0069 0.9937
vn 0.0707 -0.0021 0.9975
vn 0.0702 -0.0015 0.9975
vn 0.0341 -0.0002 0.9994
vn 0.1111 -0.0050 0.9938
vn 0.1107 -0.0030 0.9938
vn 0.0700 -0.0009 0.9975
vn 0.0340 -0.0000 0.9994
vn 0.0091 -0.0000 1.0000
vn 0.0092 0.0001 1.0000
vn 0.1582 -0.0209 0.9872
vn 0.2123 -0.0427 0.9763
vn 0.2087 -0.0334 0.9774
vn 0.1552 -0.0165 0.9877
vn 0.2947 -0.0806 0.9522
vn 0.4489 -0.1506 0.8808
vn 0.4458 -0.1164 0.8876
vn 0.2904 -0.0623 0.9549
vn 0.2891 -0.0443 0.9563
vn 0.2071 -0.0239 0.9780
vn 0.4464 -0.0824 0.8910
vn 0.4497 -0.0487 0.8919
vn 0.2902 -0.0262 0.9566
vn 0.2072 -0.0141 0.9782
vn 0.1537 -0.0118 0.9880
vn 0.1535 -0.0071 0.9881
vn -0.0099 0.0224 0.9997
vn -0.0119 0.0222 0.9997
vn -0.0085 0.0233 0.9997
vn -0.0327 0.0927 0.9952
vn -0.0387 0.0886 0.9953
vn -0.0475 0.0862 0.9951
vn -0.0072 0.0251 0.9997
vn -0.0053 0.0267 0.9996
vn -0.0196 0.1012 0.9947
vn -0.0269 0.0974 0.9949
vn -0.0552 0.2089 0.9764
vn -0.0684 0.2011 0.9772
vn -0.0399 0.2127 0.9763
vn -0.0624 0.3408 0.9381
vn -0.0864 0.3420 0.9357
vn -0.1086 0.3338 0.9364
vn -0.0829 0.1924 0.9778
vn -0.1056 0.1846 0.9771
vn -0.1344 0.3206 0.9376
vn -0.1770 0.3038 0.9361
vn 0.0068 0.0276 0.9996
vn 0.0391 0.0277 0.9989
vn 0.0330 0.0925 0.9952
vn -0.0024 0.1007 0.9949
vn 0.0921 0.0257 0.9954
vn 0.1661 0.0253 0.9858
vn 0.1631 0.0513 0.9853
vn 0.0875 0.0748 0.9934
vn 0.0800 0.1450 0.9862
vn 0.0239 0.1844 0.9826
vn 0.1574 0.0901 0.9834
vn 0.1470 0.1387 0.9794
vn 0.0682 0.2255 0.9719
vn 0.0115 0.2863 0.9581
vn -0.0155 0.2062 0.9784
vn -0.0309 0.3235 0.9457
vn 0.2815 0.0342 0.9589
vn 0.4621 0.0575 0.8850
vn 0.4503 -0.0293 0.8924
vn 0.2788 0.0238 0.9600
vn 0.6872 0.0948 0.7202
vn 0.8813 0.1405 0.4512
vn 0.8429 -0.2769 0.4613
vn 0.6613 -0.1395 0.7371
vn 0.5459 -0.3926 0.7401
vn 0.4161 -0.1149 0.9020
vn 0.5629 -0.7081 0.4264
vn 0.2581 -0.8682 0.4237
vn 0.4013 -0.4845 0.7773
vn 0.3628 -0.1509 0.9196
vn 0.2711 0.0151 0.9624
vn 0.2560 0.0176 0.9665
vn -0.7783 -0.2761 0.5640
vn -0.8729 -0.3830 0.3023
vn -0.5779 -0.1455 0.8030
vn -0.5260 -0.2274 0.8196
vn -0.6685 -0.4679 0.5781
vn -0.7054 -0.6432 0.2977
vn -0.3527 -0.0556 0.9341
vn -0.1933 -0.0145 0.9810
vn -0.1901 0.0267 0.9814
vn -0.3371 -0.0565 0.9398
vn -0.3071 -0.0111 0.9516
vn -0.4554 -0.2319 0.8595
vn -0.1762 0.1079 0.9784
vn -0.1451 0.2227 0.9640
vn -0.2600 0.0813 0.9622
vn -0.3721 -0.1490 0.9162
vn -0.5396 -0.5542 0.6337
vn -0.5156 -0.7903 0.3309
vn -0.4185 -0.5222 0.7431
vn -0.3096 -0.8523 0.4216
vn -0.0978 0.0045 0.9952
vn -0.0377 0.0189 0.9991
vn -0.0272 0.1066 0.9939
vn -0.0941 0.0713 0.9930
vn -0.0033 0.0313 0.9995
vn 0.0104 0.0374 0.9992
vn 0.0417 0.1557 0.9869
vn 0.0169 0.1370 0.9904
vn 0.0540 0.3079 0.9499
vn -0.0024 0.2496 0.9683
vn 0.0910 0.3455 0.9340
vn 0.1449 0.5518 0.8213
vn 0.1050 0.5047 0.8569
vn 0.0405 0.4242 0.9047
vn -0.0788 0.1836 0.9798
vn -0.0446 0.3284 0.9435
vn 0.0127 0.0372 0.9992
vn 0.0127 0.0344 0.9993
vn 0.0493 0.1428 0.9885
vn 0.0501 0.1557 0.9865
vn 0.0112 0.0303 0.9995
vn 0.0090 0.0266 0.9996
vn 0.0344 0.1094 0.9934
vn 0.0430 0.1254 0.9912
vn 0.0863 0.2775 0.9568
vn 0.1004 0.3159 0.9435
vn 0.0687 0.2432 0.9676
vn 0.1013 0.4062 0.9081
vn 0.1271 0.4556 0.8811
vn 0.1479 0.5088 0.8481
vn 0.1047 0.3452 0.9327
vn 0.1571 0.5488 0.8211
vn 0.0161 0.0240 0.9996
vn 0.0395 0.0213 0.9990
vn 0.0546 0.0866 0.9947
vn 0.0356 0.0973 0.9946
vn 0.0743 0.0181 0.9971
vn 0.1143 0.0143 0.9933
vn 0.1237 0.0637 0.9903
vn 0.0862 0.0755 0.9934
vn 0.1006 0.1702 0.9803
vn 0.0737 0.1938 0.9783
vn 0.1346 0.1447 0.9803
vn 0.1412 0.2502 0.9578
vn 0.1112 0.2925 0.9498
vn 0.0899 0.3303 0.9396
vn 0.0614 0.2168 0.9743
vn 0.0851 0.3663 0.9266
vn 0.1563 0.0097 0.9877
vn 0.2101 0.0042 0.9777
vn 0.2161 0.0408 0.9755
vn 0.1637 0.0516 0.9852
vn 0.2940 -0.0022 0.9558
vn 0.4556 -0.0108 0.8901
vn 0.4630 0.0354 0.8856
vn 0.2998 0.0341 0.9534
vn 0.3042 0.0818 0.9491
vn 0.2214 0.0952 0.9705
vn 0.4688 0.0886 0.8788
vn 0.4702 0.1457 0.8705
vn 0.3034 0.1380 0.9428
vn 0.2217 0.1638 0.9613
vn 0.1716 0.1183 0.9780
vn 0.1749 0.2052 0.9630
vn -0.1806 0.4497 0.8747
vn -0.2444 0.4235 0.8723
vn -0.1438 0.4654 0.8734
vn -0.1756 0.5950 0.7843
vn -0.2219 0.5781 0.7852
vn -0.3058 0.5436 0.7817
vn -0.1138 0.4713 0.8746
vn -0.0831 0.4637 0.8821
vn -0.1049 0.5892 0.8011
vn -0.1399 0.5994 0.7881
vn -0.1670 0.7336 0.6587
vn -0.2071 0.7288 0.6526
vn -0.1292 0.7255 0.6760
vn -0.1534 0.8635 0.4805
vn -0.1933 0.8647 0.4635
vn -0.2371 0.8572 0.4572
vn -0.2619 0.7108 0.6528
vn -0.3648 0.6682 0.6484
vn -0.2991 0.8378 0.4568
vn -0.4186 0.7874 0.4525
vn -0.0469 0.4374 0.8981
vn -0.0030 0.3903 0.9207
vn -0.0214 0.5137 0.8577
vn -0.0661 0.5610 0.8252
vn 0.0538 0.3177 0.9467
vn 0.1345 0.2107 0.9683
vn 0.1211 0.3316 0.9356
vn 0.0360 0.4420 0.8963
vn 0.0192 0.6029 0.7976
vn -0.0419 0.6633 0.7472
vn 0.1177 0.5015 0.8571
vn 0.1390 0.7217 0.6781
vn 0.0084 0.7962 0.6050
vn -0.0615 0.8320 0.5513
vn -0.0884 0.7023 0.7064
vn -0.1111 0.8527 0.5104
vn 0.2374 0.0626 0.9694
vn 0.3057 -0.1007 0.9468
vn 0.2644 0.0655 0.9622
vn 0.2237 0.1812 0.9577
vn 0.2846 -0.3716 0.8837
vn 0.1601 -0.6170 0.7705
vn 0.1045 -0.1301 0.9860
vn 0.2050 -0.0232 0.9785
vn 0.2083 0.3438 0.9157
vn 0.2866 0.2914 0.9127
vn 0.0910 0.3929 0.9151
vn 0.1062 0.7780 0.6193
vn 0.2902 0.6614 0.6916
vn 0.4204 0.5122 0.7489
vn 0.2455 0.3513 0.9035
vn 0.3437 0.5638 0.7510
vn 0.0853 -0.9463 0.3117
vn 0.0762 -0.7281 0.6812
vn 0.0354 -0.9566 0.2891
vn 0.0363 -0.7792 0.6257
vn 0.0225 -0.2899 0.9568
vn 0.0465 -0.2243 0.9734
vn 0.0144 -0.9562 0.2924
vn 0.0176 -0.7858 0.6183
vn 0.0066 -0.9530 0.3029
vn 0.0099 -0.7763 0.6302
vn 0.0054 -0.3053 0.9522
vn 0.0103 -0.3103 0.9506
vn -0.0110 0.3534 0.9354
vn -0.0009 0.3756 0.9268
vn -0.0119 0.3372 0.9414
vn -0.0311 0.7747 0.6316
vn -0.0320 0.7888 0.6139
vn -0.0194 0.8023 0.5966
vn 0.0248 0.3984 0.9169
vn 0.0146 0.8072 0.5901
vn -0.0057 -0.9499 0.3124
vn -0.0023 -0.7635 0.6458
vn -0.0441 -0.9453 0.3233
vn -0.0382 -0.7395 0.6721
vn -0.0230 -0.2625 0.9647
vn -0.0018 -0.2929 0.9562
vn -0.1265 -0.9290 0.3477
vn -0.1064 -0.6819 0.7236
vn -0.2053 -0.5653 0.7989
vn -0.1131 -0.0904 0.9895
vn -0.0595 -0.1984 0.9783
vn -0.0315 0.3489 0.9366
vn -0.0170 0.3285 0.9444
vn -0.0567 0.3937 0.9175
vn -0.0285 0.7715 0.6356
vn -0.0216 0.7610 0.6484
vn -0.0207 0.7584 0.6514
vn -0.0111 0.3268 0.9450
vn -0.0244 0.7634 0.6454
vn -0.2960 -0.3222 0.8992
vn -0.2741 0.0091 0.9617
vn -0.1641 0.2552 0.9529
vn -0.1635 0.0694 0.9841
vn -0.1941 0.2196 0.9561
vn -0.0933 0.3652 0.9262
vn -0.0164 0.5418 0.8403
vn -0.1082 0.4152 0.9033
vn -0.0173 0.6445 0.7644
vn -0.0669 0.5552 0.8290
vn 0.0751 0.7292 0.6802
vn 0.1547 0.8819 0.4454
vn 0.0558 0.8521 0.5204
vn -0.0034 0.8193 0.5733
vn -0.0771 0.4659 0.8815
vn -0.0288 0.7910 0.6111
vn 0.0108 0.4866 0.8736
vn 0.0993 0.5924 0.7995
vn 0.1718 0.7414 0.6487
vn 0.0903 0.6540 0.7511
vn 0.1591 0.6709 0.7243
vn 0.1876 0.7091 0.6797
vn 0.2204 0.8187 0.5303
vn 0.2130 0.7966 0.5657
vn 0.2604 0.8804 0.3964
vn 0.2444 0.8517 0.4635
vn 0.2456 0.8923 0.3788
vn 0.2635 0.9367 0.2307
vn 0.2956 0.9261 0.2346
vn 0.3010 0.9133 0.2744
vn 0.1806 0.8026 0.5685
vn 0.2558 0.9009 0.3506
vn 0.1909 0.7027 0.6854
vn 0.1771 0.6648 0.7257
vn 0.1922 0.7819 0.5931
vn 0.2108 0.8108 0.5460
vn 0.1530 0.6124 0.7756
vn 0.1227 0.5604 0.8191
vn 0.1334 0.6971 0.7045
vn 0.1663 0.7408 0.6509
vn 0.1732 0.8473 0.5021
vn 0.2004 0.8719 0.4468
vn 0.1385 0.8191 0.5567
vn 0.1407 0.9183 0.3701
vn 0.1768 0.9283 0.3272
vn 0.2050 0.9361 0.2857
vn 0.2234 0.8881 0.4017
vn 0.2315 0.9397 0.2518
vn 0.0994 0.5148 0.8515
vn 0.0972 0.4716 0.8764
vn 0.0963 0.6133 0.7839
vn 0.1047 0.6554 0.7480
vn 0.1134 0.4247 0.8982
vn 0.1402 0.3705 0.9182
vn 0.1337 0.5099 0.8498
vn 0.1083 0.5660 0.8173
vn 0.1000 0.7195 0.6873
vn 0.0912 0.7574 0.6466
vn 0.1265 0.6736 0.7282
vn 0.1223 0.8452 0.5202
vn 0.0920 0.8703 0.4838
vn 0.0849 0.8903 0.4473
vn 0.1050 0.7897 0.6044
vn 0.1033 0.9061 0.4103
vn 0.1715 0.3111 0.9348
vn 0.2166 0.2548 0.9424
vn 0.2121 0.3887 0.8966
vn 0.1653 0.4474 0.8790
vn 0.2984 0.2186 0.9291
vn 0.4676 0.2301 0.8535
vn 0.4573 0.3797 0.8041
vn 0.2953 0.3553 0.8869
vn 0.2912 0.5388 0.7905
vn 0.2129 0.5726 0.7917
vn 0.4266 0.5634 0.7075
vn 0.3862 0.7329 0.5601
vn 0.2961 0.7554 0.5845
vn 0.2206 0.7858 0.5777
vn 0.1616 0.6217 0.7664
vn 0.1639 0.8165 0.5536
vn -0.3208 0.9138 0.2492
vn -0.4500 0.8584 0.2465
vn -0.2549 0.9342 0.2495
vn -0.2603 0.9597 0.1056
vn -0.3272 0.9390 0.1055
vn -0.4597 0.8819 0.1043
vn -0.2095 0.9444 0.2534
vn -0.1692 0.9496 0.2641
vn -0.1749 0.9782 0.1120
vn -0.2149 0.9707 0.1073
vn -0.2162 0.9760 0.0260
vn -0.2615 0.9649 0.0255
vn -0.1765 0.9839 0.0270
vn -0.1771 0.9842 -0.0000
vn -0.2167 0.9762 -0.0000
vn -0.2616 0.9652 -0.0000
vn -0.3283 0.9442 0.0254
vn -0.4616 0.8867 0.0251
vn -0.3285 0.9445 -0.0000
vn -0.4621 0.8868 -0.0000
vn -0.1264 0.9507 0.2833
vn -0.0746 0.9476 0.3105
vn -0.0801 0.9879 0.1327
vn -0.1325 0.9838 0.1205
vn 0.0039 0.9373 0.3484
vn 0.1721 0.8965 0.4082
vn 0.1914 0.9648 0.1805
vn 0.0023 0.9886 0.1503
vn 0.0007 0.9993 0.0363
vn -0.0822 0.9961 0.0320
vn 0.1950 0.9798 0.0440
vn 0.1922 0.9814 -0.0000
vn -0.0011 1.0000 -0.0000
vn -0.0834 0.9965 -0.0000
vn -0.1345 0.9905 0.0290
vn -0.1353 0.9908 -0.0000
vn 0.4843 0.7353 0.4741
vn 0.6100 0.6507 0.4522
vn 0.7242 0.6621 0.1928
vn 0.5740 0.7905 0.2135
vn 0.3937 0.8390 0.3757
vn 0.1256 0.9448 0.3027
vn 0.1371 0.9837 0.1167
vn 0.4549 0.8775 0.1516
vn 0.4778 0.8778 0.0350
vn 0.7624 0.6455 0.0453
vn 0.1420 0.9895 0.0266
vn 0.1434 0.9897 -0.0000
vn 0.4824 0.8759 -0.0000
vn 0.7685 0.6398 -0.0000
vn 0.6050 0.7945 0.0521
vn 0.6090 0.7932 -0.0000
vn 0.0114 0.9605 0.2781
vn -0.0290 0.9595 0.2801
vn -0.0323 0.9938 0.1060
vn 0.0111 0.9943 0.1057
vn -0.0439 0.9557 0.2909
vn -0.0425 0.9519 0.3034
vn -0.0468 0.9922 0.1154
vn -0.0482 0.9927 0.1103
vn -0.0495 0.9985 0.0250
vn -0.0332 0.9992 0.0241
vn -0.0480 0.9985 0.0264
vn -0.0482 0.9988 -0.0000
vn -0.0498 0.9988 -0.0000
vn -0.0332 0.9994 -0.0000
vn 0.0112 0.9996 0.0240
vn 0.0114 0.9999 -0.0000
vn -0.0329 0.9490 0.3136
vn -0.0246 0.9473 0.3193
vn -0.0265 0.9921 0.1223
vn -0.0363 0.9922 0.1196
vn -0.0190 0.9470 0.3206
vn -0.0178 0.9480 0.3177
vn -0.0154 0.9922 0.1236
vn -0.0189 0.9922 0.1235
vn -0.0191 0.9994 0.0283
vn -0.0271 0.9992 0.0279
vn -0.0153 0.9995 0.0285
vn -0.0153 0.9999 -0.0000
vn -0.0190 0.9998 -0.0000
vn -0.0273 0.9996 -0.0000
vn -0.0373 0.9989 0.0272
vn -0.0374 0.9993 -0.0000
vn -0.0086 0.9509 0.3094
vn 0.0268 0.9557 0.2931
vn 0.0358 0.9924 0.1173
vn -0.0034 0.9925 0.1221
vn 0.0952 0.9593 0.2660
vn 0.2005 0.9539 0.2234
vn 0.2183 0.9717 0.0900
vn 0.1086 0.9883 0.1075
vn 0.1123 0.9934 0.0253
vn 0.0378 0.9989 0.0274
vn 0.2243 0.9743 0.0211
vn 0.2261 0.9741 -0.0000
vn 0.1133 0.9936 -0.0000
vn 0.0383 0.9993 -0.0000
vn -0.0026 0.9996 0.0282
vn -0.0023 1.0000 -0.0000
vn 0.2995 0.9388 0.1704
vn 0.3330 0.9337 0.1319
vn 0.3468 0.9365 0.0526
vn 0.3180 0.9457 0.0679
vn 0.3145 0.9423 0.1150
vn 0.2719 0.9552 0.1169
vn 0.2745 0.9604 0.0484
vn 0.3223 0.9455 0.0466
vn 0.3245 0.9458 0.0111
vn 0.3516 0.9361 0.0125
vn 0.2747 0.9615 0.0116
vn 0.2743 0.9616 -0.0000
vn 0.3246 0.9459 -0.0000
vn 0.3526 0.9358 -0.0000
vn 0.3244 0.9458 0.0159
vn 0.3261 0.9453 -0.0000
vn 0.2340 0.9635 0.1302
vn 0.2052 0.9673 0.1489
vn 0.2037 0.9771 0.0623
vn 0.2337 0.9708 0.0544
vn 0.1762 0.9693 0.1716
vn 0.1391 0.9707 0.1958
vn 0.1364 0.9873 0.0820
vn 0.1741 0.9821 0.0719
vn 0.1728 0.9848 0.0173
vn 0.2029 0.9791 0.0152
vn 0.1349 0.9907 0.0197
vn 0.1344 0.9909 -0.0000
vn 0.1723 0.9850 -0.0000
vn 0.2021 0.9794 -0.0000
vn 0.2331 0.9724 0.0131
vn 0.2327 0.9725 -0.0000
vn 0.0994 0.9706 0.2192
vn 0.0785 0.9673 0.2413
vn 0.0737 0.9921 0.1015
vn 0.0956 0.9911 0.0921
vn 0.0851 0.9610 0.2630
vn 0.1188 0.9516 0.2834
vn 0.1158 0.9862 0.1186
vn 0.0803 0.9906 0.1106
vn 0.0782 0.9966 0.0266
vn 0.0716 0.9971 0.0243
vn 0.1143 0.9930 0.0283
vn 0.1142 0.9935 -0.0000
vn 0.0778 0.9970 -0.0000
vn 0.0713 0.9975 -0.0000
vn 0.0939 0.9953 0.0221
vn 0.0933 0.9956 -0.0000
vn 0.1659 0.9396 0.2993
vn 0.2274 0.9231 0.3100
vn 0.2304 0.9649 0.1256
vn 0.1660 0.9783 0.1236
vn 0.3129 0.8962 0.3145
vn 0.4452 0.8259 0.3459
vn 0.4749 0.8663 0.1548
vn 0.3251 0.9365 0.1315
vn 0.3264 0.9448 0.0298
vn 0.2316 0.9724 0.0291
vn 0.4784 0.8774 0.0348
vn 0.4764 0.8792 -0.0000
vn 0.3263 0.9453 -0.0000
vn 0.2320 0.9727 -0.0000
vn 0.1660 0.9857 0.0291
vn 0.1661 0.9861 -0.0000
vn -0.4186 0.7875 -0.4524
vn -0.2991 0.8378 -0.4568
vn -0.2619 0.7108 -0.6528
vn -0.3648 0.6682 -0.6484
vn -0.2371 0.8572 -0.4572
vn -0.2072 0.7288 -0.6527
vn -0.1756 0.5950 -0.7843
vn -0.2219 0.5781 -0.7852
vn -0.3058 0.5436 -0.7817
vn -0.1933 0.8648 -0.4635
vn -0.1670 0.7336 -0.6587
vn -0.1534 0.8635 -0.4805
vn -0.1292 0.7255 -0.6760
vn -0.1049 0.5892 -0.8012
vn -0.1399 0.5994 -0.7881
vn -0.1138 0.4713 -0.8746
vn -0.1438 0.4654 -0.8734
vn -0.0831 0.4636 -0.8821
vn -0.0624 0.3408 -0.9381
vn -0.0864 0.3420 -0.9357
vn -0.1086 0.3338 -0.9364
vn -0.1806 0.4497 -0.8747
vn -0.2444 0.4235 -0.8723
vn -0.1344 0.3206 -0.9376
vn -0.1770 0.3038 -0.9361
vn -0.1119 0.8534 -0.5091
vn -0.0906 0.7043 -0.7041
vn -0.0653 0.8357 -0.5453
vn -0.0511 0.6747 -0.7363
vn -0.0378 0.5343 -0.8445
vn -0.0700 0.5649 -0.8222
vn -0.0018 0.8091 -0.5876
vn -0.0047 0.6390 -0.7692
vn 0.1161 0.7581 -0.6417
vn 0.0666 0.5917 -0.8034
vn 0.0356 0.4729 -0.8804
vn -0.0052 0.5030 -0.8643
vn -0.0049 0.3954 -0.9185
vn -0.0271 0.4177 -0.9082
vn 0.0169 0.3804 -0.9247
vn 0.0068 0.2935 -0.9559
vn -0.0042 0.2997 -0.9540
vn -0.0187 0.3129 -0.9496
vn -0.0527 0.4428 -0.8951
vn -0.0380 0.3287 -0.9437
vn 0.3098 0.6487 -0.6952
vn 0.1688 0.5289 -0.8317
vn 0.3910 0.6348 -0.6664
vn 0.2156 0.5392 -0.8141
vn 0.1306 0.4233 -0.8965
vn 0.0921 0.4383 -0.8941
vn 0.2669 0.7792 -0.5672
vn 0.1605 0.6354 -0.7553
vn 0.0935 0.8758 -0.4735
vn 0.0641 0.7179 -0.6932
vn 0.0556 0.4321 -0.9001
vn 0.1110 0.4314 -0.8953
vn 0.1591 0.0940 -0.9828
vn 0.1157 0.2924 -0.9493
vn 0.1154 -0.1944 -0.9741
vn 0.2574 -0.7938 -0.5510
vn 0.2721 -0.1721 -0.9468
vn 0.1359 0.1748 -0.9752
vn 0.0570 0.3545 -0.9333
vn 0.0436 0.2708 -0.9616
vn 0.0080 0.8994 -0.4371
vn 0.0072 0.7473 -0.6645
vn -0.0243 0.8994 -0.4366
vn -0.0160 0.7456 -0.6662
vn 0.0003 0.3780 -0.9258
vn 0.0180 0.4133 -0.9104
vn -0.0364 0.8924 -0.4498
vn -0.0247 0.7323 -0.6805
vn -0.0347 0.8840 -0.4661
vn -0.0235 0.7168 -0.6969
vn -0.0091 0.3305 -0.9438
vn -0.0081 0.3485 -0.9373
vn 0.0119 -0.4960 -0.8682
vn 0.0300 -0.4691 -0.8826
vn 0.0052 -0.4892 -0.8722
vn 0.0060 -0.9271 -0.3746
vn 0.0140 -0.9318 -0.3628
vn 0.0355 -0.9321 -0.3605
vn 0.0637 -0.3614 -0.9302
vn 0.0864 -0.9147 -0.3947
vn -0.0267 0.8770 -0.4798
vn -0.0177 0.7039 -0.7101
vn -0.0192 0.8723 -0.4887
vn -0.0132 0.6961 -0.7178
vn -0.0139 0.3299 -0.9439
vn -0.0087 0.3217 -0.9468
vn -0.0135 0.8694 -0.4939
vn -0.0106 0.6934 -0.7205
vn -0.0107 0.8677 -0.4970
vn -0.0106 0.6958 -0.7182
vn -0.0321 0.4140 -0.9097
vn -0.0228 0.3611 -0.9322
vn -0.0825 -0.3279 -0.9411
vn -0.0341 -0.4284 -0.9029
vn -0.1315 -0.1569 -0.9788
vn -0.3013 -0.7830 -0.5442
vn -0.1268 -0.8902 -0.4376
vn -0.0447 -0.9152 -0.4005
vn -0.0046 -0.4715 -0.8818
vn -0.0062 -0.9225 -0.3860
vn -0.0014 0.8680 -0.4966
vn -0.0051 0.7056 -0.7086
vn 0.0291 0.8726 -0.4875
vn 0.0184 0.7226 -0.6910
vn -0.0089 0.5489 -0.8358
vn -0.0331 0.4819 -0.8756
vn 0.0863 0.8822 -0.4630
vn 0.0639 0.7460 -0.6628
vn 0.1756 0.8938 -0.4126
vn 0.1341 0.7784 -0.6132
vn 0.0908 0.6438 -0.7598
vn 0.0368 0.6002 -0.7990
vn 0.0071 0.4579 -0.8890
vn -0.0607 0.3648 -0.9291
vn 0.0547 0.5067 -0.8604
vn 0.0282 0.3689 -0.9291
vn -0.0209 0.3190 -0.9475
vn -0.1280 0.1813 -0.9751
vn -0.1377 0.1260 -0.9824
vn -0.2885 -0.2278 -0.9300
vn 0.2654 0.9034 -0.3368
vn 0.2095 0.8187 -0.5347
vn 0.3041 0.9135 -0.2703
vn 0.2541 0.8552 -0.4517
vn 0.1923 0.7539 -0.6282
vn 0.1467 0.6967 -0.7022
vn 0.2962 0.9260 -0.2339
vn 0.2623 0.8808 -0.3941
vn 0.2635 0.9367 -0.2307
vn 0.2456 0.8923 -0.3788
vn 0.2204 0.8187 -0.5303
vn 0.2172 0.7986 -0.5613
vn 0.1659 0.6756 -0.7184
vn 0.1312 0.6168 -0.7761
vn 0.1875 0.7091 -0.6797
vn 0.1449 0.5518 -0.8213
vn 0.1139 0.5114 -0.8518
vn 0.0799 0.4550 -0.8869
vn 0.0916 0.5552 -0.8266
vn 0.0504 0.4047 -0.9131
vn 0.2315 0.9397 -0.2518
vn 0.2234 0.8881 -0.4017
vn 0.2050 0.9361 -0.2857
vn 0.2004 0.8719 -0.4468
vn 0.1922 0.7819 -0.5931
vn 0.2108 0.8108 -0.5461
vn 0.1768 0.9283 -0.3272
vn 0.1732 0.8473 -0.5021
vn 0.1407 0.9183 -0.3701
vn 0.1385 0.8191 -0.5567
vn 0.1334 0.6971 -0.7045
vn 0.1663 0.7408 -0.6509
vn 0.1530 0.6124 -0.7756
vn 0.1771 0.6648 -0.7257
vn 0.1227 0.5604 -0.8191
vn 0.1013 0.4063 -0.9081
vn 0.1271 0.4556 -0.8811
vn 0.1479 0.5089 -0.8481
vn 0.1909 0.7028 -0.6853
vn 0.1571 0.5488 -0.8211
vn 0.1033 0.9061 -0.4103
vn 0.1050 0.7897 -0.6044
vn 0.0849 0.8904 -0.4473
vn 0.0912 0.7574 -0.6466
vn 0.0963 0.6133 -0.7839
vn 0.1047 0.6554 -0.7480
vn 0.0922 0.8702 -0.4841
vn 0.1000 0.7195 -0.6872
vn 0.1223 0.8452 -0.5202
vn 0.1265 0.6736 -0.7282
vn 0.1337 0.5099 -0.8498
vn 0.1083 0.5660 -0.8173
vn 0.1134 0.4247 -0.8982
vn 0.0972 0.4718 -0.8764
vn 0.1402 0.3705 -0.9182
vn 0.1412 0.2502 -0.9578
vn 0.1111 0.2925 -0.9498
vn 0.0899 0.3304 -0.9395
vn 0.0994 0.5148 -0.8515
vn 0.0851 0.3663 -0.9266
vn 0.1639 0.8165 -0.5536
vn 0.1616 0.6217 -0.7664
vn 0.2206 0.7859 -0.5777
vn 0.2129 0.5726 -0.7917
vn 0.2121 0.3887 -0.8966
vn 0.1653 0.4474 -0.8790
vn 0.2961 0.7554 -0.5845
vn 0.2912 0.5388 -0.7905
vn 0.3862 0.7329 -0.5601
vn 0.4266 0.5634 -0.7075
vn 0.4573 0.3797 -0.8041
vn 0.2953 0.3553 -0.8869
vn 0.2984 0.2186 -0.9291
vn 0.2165 0.2547 -0.9425
vn 0.4676 0.2301 -0.8535
vn 0.4702 0.1457 -0.8705
vn 0.3034 0.1380 -0.9428
vn 0.2216 0.1639 -0.9613
vn 0.1715 0.3111 -0.9348
vn 0.1749 0.2052 -0.9630
vn -0.0829 0.1925 -0.9778
vn -0.1056 0.1846 -0.9771
vn -0.0684 0.2011 -0.9772
vn -0.0327 0.0927 -0.9952
vn -0.0387 0.0886 -0.9953
vn -0.0475 0.0862 -0.9951
vn -0.0552 0.2089 -0.9764
vn -0.0399 0.2127 -0.9763
vn -0.0196 0.1012 -0.9947
vn -0.0269 0.0974 -0.9949
vn -0.0072 0.0251 -0.9997
vn -0.0085 0.0233 -0.9997
vn -0.0053 0.0267 -0.9996
vn -0.0000 -0.0000 -1.0000
vn -0.0099 0.0224 -0.9997
vn -0.0119 0.0222 -0.9997
vn -0.0238 0.2098 -0.9775
vn -0.0113 0.2037 -0.9790
vn -0.0054 0.1013 -0.9948
vn -0.0116 0.1022 -0.9947
vn -0.0027 0.1984 -0.9801
vn 0.0022 0.1964 -0.9805
vn 0.0004 0.0995 -0.9950
vn -0.0014 0.1001 -0.9950
vn -0.0004 0.0272 -0.9996
vn -0.0014 0.0274 -0.9996
vn -0.0000 0.0269 -0.9996
vn -0.0031 0.0273 -0.9996
vn 0.0422 0.1779 -0.9831
vn 0.1706 0.0836 -0.9818
vn 0.2002 0.0442 -0.9788
vn 0.0453 0.0906 -0.9949
vn 0.3945 -0.2100 -0.8946
vn 0.5385 -0.6602 -0.5236
vn 0.7990 -0.2571 -0.5436
vn 0.4874 -0.0772 -0.8698
vn 0.5227 0.0781 -0.8489
vn 0.2173 0.0423 -0.9752
vn 0.8391 0.1359 -0.5267
vn 0.8162 0.2651 -0.5133
vn 0.5232 0.1402 -0.8406
vn 0.2209 0.0453 -0.9742
vn 0.0488 0.0295 -0.9984
vn 0.0509 0.0079 -0.9987
vn -0.4243 -0.3784 -0.8227
vn -0.5017 -0.7614 -0.4107
vn -0.1990 0.0206 -0.9798
vn -0.2576 -0.0594 -0.9644
vn -0.5494 -0.3660 -0.7511
vn -0.6897 -0.6286 -0.3594
vn -0.0446 0.1834 -0.9820
vn 0.0107 0.2285 -0.9735
vn 0.0023 0.1081 -0.9941
vn -0.0591 0.0762 -0.9953
vn -0.0644 0.0123 -0.9979
vn -0.2935 -0.0610 -0.9540
vn 0.0001 0.0277 -0.9996
vn -0.0644 -0.0016 -0.9979
vn -0.3053 -0.0058 -0.9523
vn -0.6474 -0.2258 -0.7280
vn -0.8533 -0.3752 -0.3621
vn -0.6919 -0.0100 -0.7219
vn -0.9320 -0.0122 -0.3624
vn 0.0223 0.2487 -0.9683
vn 0.0401 0.2782 -0.9597
vn 0.0154 0.1278 -0.9917
vn 0.0072 0.1160 -0.9932
vn 0.0641 0.3149 -0.9470
vn 0.0910 0.3455 -0.9340
vn 0.0417 0.1556 -0.9869
vn 0.0271 0.1423 -0.9895
vn 0.0065 0.0348 -0.9994
vn 0.0034 0.0320 -0.9995
vn 0.0104 0.0374 -0.9992
vn 0.0013 0.0295 -0.9996
vn 0.1047 0.3452 -0.9327
vn 0.1004 0.3159 -0.9435
vn 0.0493 0.1428 -0.9885
vn 0.0501 0.1557 -0.9865
vn 0.0863 0.2775 -0.9568
vn 0.0687 0.2432 -0.9675
vn 0.0344 0.1094 -0.9934
vn 0.0430 0.1255 -0.9912
vn 0.0112 0.0303 -0.9995
vn 0.0127 0.0344 -0.9993
vn 0.0090 0.0266 -0.9996
vn 0.0127 0.0372 -0.9992
vn 0.0614 0.2168 -0.9743
vn 0.0736 0.1937 -0.9783
vn 0.0546 0.0866 -0.9947
vn 0.0357 0.0973 -0.9946
vn 0.1006 0.1702 -0.9803
vn 0.1346 0.1446 -0.9803
vn 0.1237 0.0637 -0.9903
vn 0.0862 0.0755 -0.9934
vn 0.0743 0.0181 -0.9971
vn 0.0395 0.0213 -0.9990
vn 0.1143 0.0143 -0.9933
vn 0.1107 -0.0030 -0.9938
vn 0.0700 -0.0009 -0.9975
vn 0.0340 -0.0000 -0.9994
vn 0.0158 0.0239 -0.9996
vn 0.0092 0.0001 -1.0000
vn 0.1716 0.1183 -0.9780
vn 0.2214 0.0952 -0.9705
vn 0.2160 0.0408 -0.9755
vn 0.1636 0.0517 -0.9852
vn 0.3042 0.0818 -0.9491
vn 0.4688 0.0886 -0.8788
vn 0.4630 0.0354 -0.8857
vn 0.2998 0.0341 -0.9534
vn 0.2940 -0.0022 -0.9558
vn 0.2101 0.0042 -0.9777
vn 0.4556 -0.0108 -0.8901
vn 0.4497 -0.0487 -0.8919
vn 0.2901 -0.0262 -0.9566
vn 0.2071 -0.0141 -0.9782
vn 0.1564 0.0096 -0.9876
vn 0.1534 -0.0070 -0.9881
vn 0.0491 0.0087 -0.9988
vn 0.2099 0.0547 -0.9762
vn 0.1850 0.0898 -0.9786
vn 0.0451 0.0126 -0.9989
vn 0.4926 0.1825 -0.8509
vn 0.7708 0.3655 -0.5218
vn 0.6208 0.6094 -0.4931
vn 0.4206 0.3115 -0.8521
vn 0.3098 0.4433 -0.8411
vn 0.1464 0.1187 -0.9821
vn 0.3908 0.7960 -0.4622
vn 0.1919 0.8660 -0.4618
vn 0.1917 0.4665 -0.8635
vn 0.0992 0.1198 -0.9878
vn 0.0374 0.0165 -0.9992
vn 0.0264 0.0178 -0.9995
vn -0.6644 0.2465 -0.7056
vn -0.8552 0.3977 -0.3325
vn -0.2982 0.0778 -0.9513
vn -0.2627 0.1560 -0.9522
vn -0.5520 0.4767 -0.6841
vn -0.6435 0.7087 -0.2892
vn -0.0630 0.0113 -0.9980
vn -0.0575 0.0228 -0.9981
vn -0.0471 0.0296 -0.9985
vn -0.2039 0.1982 -0.9587
vn -0.0331 0.0298 -0.9990
vn -0.1365 0.1899 -0.9723
vn -0.4002 0.6016 -0.6913
vn -0.4124 0.8643 -0.2880
vn -0.2596 0.6140 -0.7454
vn -0.2023 0.9221 -0.3299
vn 0.0091 -0.0000 -1.0000
vn 0.0342 -0.0002 -0.9994
vn 0.0344 -0.0004 -0.9994
vn 0.0090 -0.0000 -1.0000
vn 0.0702 -0.0015 -0.9975
vn 0.1111 -0.0050 -0.9938
vn 0.1121 -0.0069 -0.9937
vn 0.0707 -0.0021 -0.9975
vn 0.0714 -0.0027 -0.9974
vn 0.0346 -0.0005 -0.9994
vn 0.1138 -0.0087 -0.9935
vn 0.1162 -0.0103 -0.9932
vn 0.0724 -0.0032 -0.9974
vn 0.0349 -0.0006 -0.9994
vn 0.0092 -0.0000 -1.0000
vn 0.0095 -0.0000 -1.0000
vn 0.1537 -0.0118 -0.9880
vn 0.2072 -0.0239 -0.9780
vn 0.2087 -0.0333 -0.9774
vn 0.1551 -0.0164 -0.9878
vn 0.2891 -0.0443 -0.9563
vn 0.4464 -0.0824 -0.8910
vn 0.4458 -0.1164 -0.8876
vn 0.2904 -0.0623 -0.9549
vn 0.2946 -0.0806 -0.9522
vn 0.2123 -0.0427 -0.9763
vn 0.4489 -0.1506 -0.8808
vn 0.4567 -0.1870 -0.8697
vn 0.3029 -0.0998 -0.9478
vn 0.2187 -0.0522 -0.9744
vn 0.1582 -0.0209 -0.9872
vn 0.1626 -0.0252 -0.9864
vn 0.0028 -0.0137 -0.9999
vn 0.0029 -0.0188 -0.9998
vn 0.0018 -0.0091 -1.0000
vn 0.0031 -0.0349 -0.9994
vn 0.0058 -0.0527 -0.9986
vn 0.0058 -0.0730 -0.9973
vn 0.0007 -0.0053 -1.0000
vn 0.0001 -0.0028 -1.0000
vn -0.0012 -0.0115 -0.9999
vn 0.0002 -0.0214 -0.9998
vn -0.0076 -0.0469 -0.9989
vn -0.0045 -0.0773 -0.9970
vn -0.0077 -0.0250 -0.9997
vn -0.0230 -0.0443 -0.9988
vn -0.0283 -0.0824 -0.9962
vn -0.0283 -0.1348 -0.9905
vn -0.0015 -0.1156 -0.9933
vn -0.0027 -0.1586 -0.9873
vn -0.0273 -0.1991 -0.9796
vn -0.0302 -0.2672 -0.9632
vn -0.0001 -0.0013 -1.0000
vn -0.0001 -0.0004 -1.0000
vn -0.0007 -0.0017 -1.0000
vn -0.0012 -0.0050 -1.0000
vn -0.0000 -0.0001 -1.0000
vn -0.0002 -0.0003 -1.0000
vn -0.0008 -0.0008 -1.0000
vn -0.0027 -0.0038 -1.0000
vn -0.0019 -0.0015 -1.0000
vn -0.0068 -0.0070 -1.0000
vn -0.0054 -0.0113 -0.9999
vn -0.0142 -0.0199 -0.9997
vn 0.0136 0.0152 -0.9998
vn 0.0504 0.0924 -0.9944
vn 0.0173 0.0451 -0.9988
vn 0.0050 0.0080 -1.0000
vn 0.0887 0.3098 -0.9467
vn 0.0871 0.5514 -0.8297
vn 0.0239 0.2036 -0.9788
vn 0.0254 0.1192 -0.9926
vn 0.0042 0.0243 -0.9997
vn 0.0029 0.0096 -0.9999
vn 0.0038 0.0403 -0.9992
vn 0.0008 0.0016 -1.0000
vn 0.0976 0.9417 -0.3219
vn 0.0658 0.6865 -0.7241
vn 0.0622 0.9588 -0.2771
vn 0.0450 0.7594 -0.6491
vn 0.0158 0.3213 -0.9469
vn 0.0203 0.2723 -0.9620
vn 0.0449 0.9658 -0.2556
vn 0.0318 0.7916 -0.6103
vn 0.0373 0.9695 -0.2421
vn 0.0263 0.8080 -0.5886
vn 0.0091 0.3637 -0.9315
vn 0.0112 0.3491 -0.9370
vn 0.0016 0.0646 -0.9979
vn 0.0023 0.0605 -0.9982
vn 0.0012 0.0669 -0.9978
vn 0.0030 0.0525 -0.9986
vn 0.0262 0.9723 -0.2324
vn 0.0178 0.8177 -0.5754
vn -0.0040 0.9733 -0.2296
vn -0.0069 0.8144 -0.5802
vn -0.0038 0.3667 -0.9303
vn 0.0058 0.3726 -0.9280
vn -0.0655 0.9670 -0.2462
vn -0.0493 0.7787 -0.6254
vn -0.0996 0.6831 -0.7235
vn -0.0294 0.2618 -0.9647
vn -0.0172 0.3322 -0.9431
vn -0.0028 0.0622 -0.9981
vn -0.0008 0.0683 -0.9977
vn -0.0046 0.0489 -0.9988
vn 0.0006 0.0688 -0.9976
vn -0.1278 0.4443 -0.8867
vn -0.0685 0.1369 -0.9882
vn -0.0227 0.0619 -0.9978
vn -0.0345 0.1603 -0.9865
vn -0.0168 0.0221 -0.9996
vn -0.0057 0.0103 -0.9999
vn -0.0010 0.0022 -1.0000
vn -0.0036 0.0118 -0.9999
vn -0.0054 0.0301 -0.9995
vn 0.0001 -0.0005 -1.0000
vn 0.0007 -0.0016 -1.0000
vn 0.0002 -0.0003 -1.0000
vn 0.0001 -0.0014 -1.0000
vn -0.0004 -0.0035 -1.0000
vn 0.0005 -0.0107 -0.9999
vn 0.0011 -0.0049 -1.0000
vn 0.0044 -0.0078 -1.0000
vn 0.0024 -0.0030 -1.0000
vn 0.0060 -0.0164 -0.9998
vn 0.0172 -0.0204 -0.9996
vn 0.0106 -0.0102 -0.9999
vn 0.0051 -0.0041 -1.0000
vn 0.0006 -0.0006 -1.0000
vn 0.0016 -0.0011 -1.0000
vn -0.0017 -0.0067 -1.0000
vn -0.0040 -0.0101 -0.9999
vn -0.0093 -0.0293 -0.9995
vn -0.0026 -0.0194 -0.9998
vn -0.0064 -0.0125 -0.9999
vn -0.0080 -0.0127 -0.9999
vn -0.0255 -0.0391 -0.9989
vn -0.0179 -0.0370 -0.9992
vn -0.0229 -0.0579 -0.9981
vn -0.0067 -0.0444 -0.9990
vn -0.0416 -0.0643 -0.9971
vn -0.0492 -0.0835 -0.9953
vn -0.0157 -0.0722 -0.9973
vn 0.0080 -0.0543 -0.9985
vn 0.0034 -0.0293 -0.9996
vn 0.0189 -0.0358 -0.9992
vn 0.0014 -0.0106 -0.9999
vn 0.0291 -0.0081 -0.9995
vn 0.0118 -0.0254 -0.9996
vn -0.0190 -0.0343 -0.9992
vn 0.0700 -0.0079 -0.9975
vn 0.1180 -0.0141 -0.9929
vn 0.1163 -0.0211 -0.9930
vn 0.0597 -0.0192 -0.9980
vn 0.0399 -0.0348 -0.9986
vn -0.0154 -0.0483 -0.9987
vn 0.1093 -0.0311 -0.9935
vn 0.0950 -0.0441 -0.9945
vn 0.0100 -0.0539 -0.9985
vn -0.0483 -0.0715 -0.9963
vn -0.0450 -0.0604 -0.9972
vn -0.0692 -0.0832 -0.9941
vn 0.1685 -0.0306 -0.9852
vn 0.2283 -0.0629 -0.9716
vn 0.2410 -0.0760 -0.9675
vn 0.1746 -0.0378 -0.9839
vn 0.3161 -0.1211 -0.9410
vn 0.4702 -0.2265 -0.8530
vn 0.4898 -0.2728 -0.8281
vn 0.3349 -0.1473 -0.9307
vn 0.3597 -0.1818 -0.9152
vn 0.2572 -0.0933 -0.9618
vn 0.5138 -0.3303 -0.7918
vn 0.5389 -0.4041 -0.7391
vn 0.3907 -0.2301 -0.8913
vn 0.2773 -0.1174 -0.9536
vn 0.1805 -0.0474 -0.9824
vn 0.1854 -0.0602 -0.9808
vn -0.0768 -0.2836 -0.9559
vn -0.0796 -0.3743 -0.9239
vn -0.0724 -0.1944 -0.9782
vn -0.1342 -0.2438 -0.9605
vn -0.1497 -0.3536 -0.9233
vn -0.1510 -0.4650 -0.8723
vn -0.0635 -0.1222 -0.9905
vn -0.0467 -0.0708 -0.9964
vn -0.0750 -0.1042 -0.9917
vn -0.1080 -0.1597 -0.9812
vn -0.1531 -0.1887 -0.9700
vn -0.2019 -0.2705 -0.9413
vn -0.1033 -0.1395 -0.9848
vn -0.1279 -0.1743 -0.9764
vn -0.1907 -0.2061 -0.9598
vn -0.2612 -0.2707 -0.9266
vn -0.2481 -0.4052 -0.8799
vn -0.2578 -0.5472 -0.7963
vn -0.3473 -0.4097 -0.8435
vn -0.4255 -0.6455 -0.6342
vn -0.0269 -0.0379 -0.9989
vn -0.0119 -0.0198 -0.9997
vn -0.0177 -0.0484 -0.9987
vn -0.0419 -0.0685 -0.9968
vn -0.0025 -0.0116 -0.9999
vn 0.0005 -0.0091 -1.0000
vn 0.0002 -0.0339 -0.9994
vn -0.0036 -0.0378 -0.9993
vn -0.0080 -0.0798 -0.9968
vn -0.0263 -0.0906 -0.9955
vn -0.0029 -0.0752 -0.9972
vn -0.0087 -0.1379 -0.9904
vn -0.0156 -0.1410 -0.9899
vn -0.0377 -0.1470 -0.9884
vn -0.0584 -0.1091 -0.9923
vn -0.0755 -0.1572 -0.9847
vn -0.0000 -0.0088 -1.0000
vn -0.0003 -0.0081 -1.0000
vn -0.0024 -0.0318 -0.9995
vn -0.0012 -0.0330 -0.9995
vn -0.0006 -0.0077 -1.0000
vn -0.0008 -0.0069 -1.0000
vn -0.0045 -0.0264 -0.9996
vn -0.0036 -0.0301 -0.9995
vn -0.0107 -0.0678 -0.9976
vn -0.0075 -0.0717 -0.9974
vn -0.0142 -0.0603 -0.9981
vn -0.0324 -0.1143 -0.9929
vn -0.0228 -0.1283 -0.9915
vn -0.0152 -0.1345 -0.9908
vn -0.0047 -0.0736 -0.9973
vn -0.0103 -0.1365 -0.9906
vn -0.0009 -0.0059 -1.0000
vn -0.0008 -0.0041 -1.0000
vn -0.0049 -0.0158 -0.9999
vn -0.0050 -0.0215 -0.9998
vn -0.0007 -0.0025 -1.0000
vn -0.0005 -0.0013 -1.0000
vn -0.0031 -0.0049 -1.0000
vn -0.0042 -0.0097 -0.9999
vn -0.0141 -0.0213 -0.9997
vn -0.0160 -0.0349 -0.9993
vn -0.0108 -0.0106 -0.9999
vn -0.0255 -0.0174 -0.9995
vn -0.0343 -0.0371 -0.9987
vn -0.0389 -0.0638 -0.9972
vn -0.0163 -0.0490 -0.9987
vn -0.0388 -0.0916 -0.9950
vn -0.0002 -0.0006 -1.0000
vn 0.0009 -0.0020 -1.0000
vn -0.0015 -0.0022 -1.0000
vn 0.0006 -0.0012 -1.0000
vn 0.0012 -0.0026 -1.0000
vn 0.0076 -0.0105 -0.9999
vn 0.0038 -0.0044 -1.0000
vn 0.0128 -0.0109 -0.9999
vn 0.0024 -0.0045 -1.0000
vn 0.0245 -0.0243 -0.9994
vn 0.0583 -0.0463 -0.9972
vn 0.0297 -0.0219 -0.9993
vn 0.0054 -0.0090 -0.9999
vn -0.0051 -0.0046 -1.0000
vn -0.0124 -0.0077 -0.9999
vn 0.0014 -0.0049 -1.0000
vn 0.0009 -0.0068 -1.0000
vn 0.0060 -0.0251 -0.9997
vn 0.0087 -0.0180 -0.9998
vn -0.0002 -0.0085 -1.0000
vn -0.0014 -0.0091 -1.0000
vn -0.0052 -0.0310 -0.9995
vn 0.0006 -0.0298 -0.9996
vn 0.0041 -0.0646 -0.9979
vn 0.0206 -0.0565 -0.9982
vn -0.0128 -0.0659 -0.9977
vn -0.0270 -0.1186 -0.9926
vn 0.0122 -0.1175 -0.9930
vn 0.0515 -0.1034 -0.9933
vn 0.0293 -0.0419 -0.9987
vn 0.0713 -0.0774 -0.9944
vn 0.0002 -0.0103 -0.9999
vn 0.0058 -0.0137 -0.9999
vn 0.0009 -0.0352 -0.9994
vn -0.0058 -0.0321 -0.9995
vn 0.0153 -0.0200 -0.9997
vn 0.0295 -0.0306 -0.9991
vn 0.0369 -0.0514 -0.9980
vn 0.0143 -0.0412 -0.9990
vn 0.0039 -0.0739 -0.9973
vn -0.0128 -0.0682 -0.9976
vn 0.0339 -0.0851 -0.9958
vn 0.0162 -0.1380 -0.9903
vn -0.0202 -0.1230 -0.9922
vn -0.0399 -0.1168 -0.9924
vn -0.0190 -0.0659 -0.9976
vn -0.0446 -0.1163 -0.9922
vn 0.0390 -0.0462 -0.9982
vn 0.0313 -0.0662 -0.9973
vn 0.0609 -0.0877 -0.9943
vn 0.0580 -0.0667 -0.9961
vn 0.0025 -0.0878 -0.9961
vn -0.0483 -0.1049 -0.9933
vn -0.0349 -0.1398 -0.9896
vn 0.0335 -0.1144 -0.9929
vn 0.0802 -0.1584 -0.9841
vn 0.0887 -0.1219 -0.9886
vn 0.0099 -0.2019 -0.9794
vn 0.1149 -0.3446 -0.9317
vn 0.1283 -0.2228 -0.9664
vn 0.1017 -0.1770 -0.9789
vn 0.0678 -0.1006 -0.9926
vn 0.0617 -0.1563 -0.9858
vn -0.0904 -0.1110 -0.9897
vn -0.0854 -0.1044 -0.9909
vn -0.1208 -0.1629 -0.9792
vn -0.1034 -0.1564 -0.9823
vn -0.0320 -0.0890 -0.9955
vn 0.0657 -0.0789 -0.9947
vn 0.0208 -0.1647 -0.9861
vn -0.0820 -0.1616 -0.9834
vn -0.1169 -0.2964 -0.9479
vn -0.1347 -0.2683 -0.9539
vn -0.0223 -0.3318 -0.9431
vn -0.0362 -0.6202 -0.7836
vn -0.1074 -0.5498 -0.8284
vn -0.1037 -0.4856 -0.8680
vn -0.0887 -0.2386 -0.9671
vn -0.0321 -0.4204 -0.9068
vn 0.1811 -0.0977 -0.9786
vn 0.2946 -0.1674 -0.9409
vn 0.2983 -0.2742 -0.9142
vn 0.1608 -0.1947 -0.9676
vn 0.4211 -0.3025 -0.8551
vn 0.5568 -0.4933 -0.6683
vn 0.5542 -0.5973 -0.5798
vn 0.4368 -0.4157 -0.7978
vn 0.4181 -0.5735 -0.7044
vn 0.2799 -0.4695 -0.8374
vn 0.5188 -0.7062 -0.4819
vn 0.4517 -0.8103 -0.3733
vn 0.3574 -0.7891 -0.4997
vn 0.2311 -0.7498 -0.6200
vn 0.1288 -0.3859 -0.9135
vn 0.0941 -0.6900 -0.7176
vn -0.8055 -0.5926 -0.0000
vn -0.8246 -0.5658 -0.0000
vn -0.8233 -0.5675 0.0122
vn -0.8053 -0.5928 0.0089
vn -0.8067 -0.5910 -0.0000
vn -0.8039 -0.5944 0.0213
vn -0.7900 -0.6054 0.0966
vn -0.8165 -0.5746 0.0561
vn -0.8047 -0.5923 0.0409
vn -0.7403 -0.6722 -0.0000
vn -0.7361 -0.6760 0.0346
vn -0.5976 -0.8018 -0.0000
vn -0.5930 -0.8038 0.0484
vn -0.5693 -0.7969 0.2021
vn -0.7152 -0.6826 0.1504
vn -0.6459 -0.6659 0.3734
vn -0.7431 -0.6142 0.2658
vn -0.4950 -0.7368 0.4605
vn -0.3591 -0.5726 0.7370
vn -0.4957 -0.5558 0.6674
vn -0.6212 -0.5538 0.5544
vn -0.7930 -0.5863 0.1655
vn -0.8004 -0.5890 0.1116
vn -0.7175 -0.5584 0.4163
vn -0.7759 -0.5711 0.2680
vn -0.4314 -0.9022 -0.0000
vn -0.4287 -0.9016 0.0572
vn -0.3372 -0.9414 -0.0000
vn -0.3355 -0.9401 0.0612
vn -0.3217 -0.9136 0.2488
vn -0.4096 -0.8816 0.2345
vn -0.3279 -0.9447 -0.0000
vn -0.3273 -0.9428 0.0628
vn -0.4228 -0.9062 -0.0000
vn -0.4231 -0.9039 0.0633
vn -0.4189 -0.8693 0.2622
vn -0.3178 -0.9129 0.2561
vn -0.2703 -0.7825 0.5610
vn -0.2729 -0.8000 0.5343
vn -0.3571 -0.7188 0.5964
vn -0.1765 -0.4417 0.8796
vn -0.1716 -0.5485 0.8184
vn -0.1869 -0.5828 0.7908
vn -0.3485 -0.7858 0.5109
vn -0.2454 -0.5857 0.7725
vn -0.1082 -0.5923 -0.7984
vn -0.0445 -0.1889 -0.9810
vn 0.7078 0.7064 -0.0005
vn -0.2051 -0.9261 -0.3168
vn -0.0280 0.1905 -0.9813
vn 0.7084 0.7058 -0.0008
vn 0.7090 0.7052 -0.0000
vn 0.7081 0.7061 -0.0002
vn -0.2286 -0.9683 -0.1006
vn -0.0718 0.3355 -0.9393
vn -0.0304 0.9944 -0.1011
vn 0.7092 0.7050 -0.0017
vn -0.0388 0.4416 -0.8964
vn 0.0368 0.9959 0.0828
vn 0.7102 0.7040 -0.0011
vn 0.0631 0.9980 -0.0000
vn 0.0563 0.9943 -0.0903
vn 0.7114 0.7028 -0.0000
vn 0.0570 0.9943 0.0902
vn 0.0354 0.9959 -0.0828
vn 0.7102 0.7040 0.0011
vn -0.0734 0.3359 0.9390
vn -0.0389 0.4417 0.8963
vn 0.7092 0.7050 0.0017
vn -0.0330 0.9943 0.1016
vn -0.0280 0.1905 0.9813
vn 0.7084 0.7058 0.0008
vn -0.1082 -0.5923 0.7984
vn -0.2051 -0.9261 0.3167
vn 0.7079 0.7064 0.0005
vn -0.0444 -0.1889 0.9810
vn -0.2285 -0.9683 0.1005
vn 0.7081 0.7061 0.0002
vn -0.2294 -0.9733 -0.0000
vn -0.2314 -0.9726 -0.0223
vn 0.7083 0.7060 -0.0000
vn -0.2314 -0.9726 0.0223
vn 0.0923 -0.6844 -0.7233
vn -0.0610 -0.7303 -0.6804
vn 0.0019 -0.9459 -0.3245
vn 0.1580 -0.9369 -0.3120
vn -0.1402 -0.7159 -0.6840
vn -0.0933 -0.9323 -0.3494
vn -0.0631 -0.9891 -0.1334
vn 0.0190 -0.9926 -0.1198
vn 0.1693 -0.9795 -0.1087
vn -0.1615 -0.6971 -0.6985
vn -0.1320 -0.9217 -0.3649
vn -0.1361 -0.6914 -0.7096
vn -0.1289 -0.9184 -0.3740
vn -0.1139 -0.9825 -0.1471
vn -0.1040 -0.9843 -0.1424
vn -0.0898 -0.9954 -0.0328
vn -0.0498 -0.9983 -0.0307
vn -0.1050 -0.9939 -0.0339
vn -0.1021 -0.9948 -0.0000
vn -0.0857 -0.9963 -0.0000
vn -0.0457 -0.9990 -0.0000
vn 0.0283 -0.9992 -0.0276
vn 0.1718 -0.9848 -0.0246
vn 0.0316 -0.9995 -0.0000
vn 0.1740 -0.9847 -0.0000
vn -0.0927 -0.6820 -0.7254
vn -0.1105 -0.9149 -0.3883
vn -0.0517 -0.6627 -0.7471
vn -0.0965 -0.9066 -0.4109
vn -0.1164 -0.9798 -0.1626
vn -0.1130 -0.9817 -0.1534
vn -0.0046 -0.6410 -0.7675
vn -0.0828 -0.8965 -0.4352
vn 0.0604 -0.6228 -0.7800
vn -0.0661 -0.8877 -0.4556
vn -0.1423 -0.9746 -0.1730
vn -0.1246 -0.9774 -0.1705
vn -0.1366 -0.9900 -0.0349
vn -0.1212 -0.9920 -0.0361
vn -0.1639 -0.9861 -0.0287
vn -0.1646 -0.9864 0.0004
vn -0.1376 -0.9905 0.0001
vn -0.1217 -0.9926 -0.0000
vn -0.1115 -0.9931 -0.0352
vn -0.1106 -0.9939 -0.0000
vn 0.1092 -0.6115 -0.7836
vn -0.0857 -0.8837 -0.4601
vn 0.0364 -0.6159 -0.7870
vn -0.2564 -0.8721 -0.4167
vn -0.3707 -0.9243 -0.0909
vn -0.2008 -0.9671 -0.1561
vn -0.2543 -0.5622 -0.7869
vn -0.6761 -0.6937 -0.2484
vn -0.5498 -0.2837 -0.7857
vn -0.9548 -0.2764 -0.1092
vn -0.9351 -0.3378 0.1071
vn -0.6686 -0.7431 0.0268
vn -0.6025 -0.7947 0.0737
vn -0.3566 -0.9340 0.0225
vn -0.9000 -0.4229 0.1054
vn -0.8764 -0.4816 -0.0040
vn -0.5568 -0.8307 0.0005
vn -0.3333 -0.9428 0.0013
vn -0.2242 -0.9745 -0.0120
vn -0.2194 -0.9756 0.0009
vn -0.7644 0.2415 -0.5978
vn -0.8105 0.1236 -0.5726
vn -0.9010 0.1085 -0.4200
vn -0.8393 0.2710 -0.4713
vn -0.8252 0.0289 -0.5641
vn -0.9113 0.0301 -0.4107
vn -0.9582 0.0307 -0.2845
vn -0.9492 0.1123 -0.2939
vn -0.8949 0.3006 -0.3298
vn -0.8278 -0.0649 -0.5572
vn -0.9121 -0.0473 -0.4072
vn -0.8081 -0.1779 -0.5615
vn -0.8781 -0.2017 -0.4339
vn -0.9289 -0.2205 -0.2974
vn -0.9578 -0.0481 -0.2835
vn -0.9866 -0.0490 -0.1554
vn -0.9871 0.0315 -0.1571
vn -0.9617 -0.2249 -0.1568
vn -0.9743 -0.2252 0.0010
vn -0.9988 -0.0499 0.0001
vn -0.9995 0.0320 -0.0000
vn -0.9801 0.1156 -0.1613
vn -0.9335 0.3124 -0.1759
vn -0.9931 0.1173 -0.0000
vn -0.9491 0.3150 -0.0000
vn -0.1249 -0.9922 -0.0000
vn -0.0070 -1.0000 -0.0000
vn -0.0080 -0.9992 0.0403
vn -0.1292 -0.9905 0.0481
vn 0.0828 -0.9966 -0.0000
vn 0.0831 -0.9957 0.0411
vn 0.0840 -0.9799 0.1809
vn -0.0077 -0.9838 0.1790
vn -0.1270 -0.9685 0.2142
vn 0.1897 -0.9818 -0.0000
vn 0.1919 -0.9803 0.0477
vn 0.3759 -0.9267 -0.0000
vn 0.3823 -0.9218 0.0648
vn 0.3680 -0.8860 0.2822
vn 0.1911 -0.9583 0.2125
vn 0.1683 -0.8625 0.4772
vn 0.0818 -0.8901 0.4483
vn 0.2943 -0.7715 0.5642
vn 0.2055 -0.5794 0.7887
vn 0.1327 -0.6043 0.7856
vn 0.0653 -0.6322 0.7721
vn 0.0018 -0.9054 0.4246
vn -0.0991 -0.8804 0.4637
vn -0.0003 -0.6575 0.7535
vn -0.0641 -0.6897 0.7212
vn 0.3964 -0.9181 -0.0000
vn 0.2443 -0.9697 -0.0000
vn 0.2479 -0.9660 0.0728
vn 0.4007 -0.9128 0.0791
vn 0.1580 -0.9874 -0.0000
vn 0.1593 -0.9852 0.0632
vn 0.1513 -0.9539 0.2593
vn 0.2458 -0.9241 0.2927
vn 0.3993 -0.8602 0.3172
vn 0.1059 -0.9944 -0.0000
vn 0.1043 -0.9932 0.0516
vn 0.0756 -0.9971 -0.0000
vn 0.0717 -0.9966 0.0410
vn 0.0516 -0.9831 0.1758
vn 0.0889 -0.9722 0.2168
vn 0.0422 -0.8704 0.4905
vn 0.1090 -0.8151 0.5690
vn 0.0057 -0.9102 0.4141
vn 0.2056 -0.7445 0.6352
vn 0.3364 -0.6578 0.6739
vn 0.0761 -0.9971 -0.0000
vn 0.0704 -0.9970 0.0334
vn 0.1360 -0.9907 -0.0000
vn 0.1295 -0.9912 0.0279
vn 0.1100 -0.9863 0.1226
vn 0.0493 -0.9882 0.1449
vn 0.2599 -0.9656 -0.0000
vn 0.2548 -0.9667 0.0234
vn 0.4040 -0.9148 -0.0000
vn 0.4021 -0.9154 0.0211
vn 0.3961 -0.9134 0.0938
vn 0.2409 -0.9650 0.1036
vn 0.2186 -0.9399 0.2624
vn 0.0821 -0.9464 0.3123
vn 0.3843 -0.8958 0.2234
vn 0.0116 -0.9344 0.3561
vn 0.5064 -0.8212 0.2629
vn 0.5151 -0.8508 0.1035
vn 0.5991 -0.7897 0.1325
vn 0.5827 -0.7406 0.3348
vn 0.5147 -0.8570 0.0234
vn 0.5140 -0.8578 -0.0000
vn 0.5943 -0.8043 -0.0000
vn 0.5961 -0.8023 0.0304
vn 0.6622 -0.7483 0.0400
vn 0.6624 -0.7295 0.1705
vn 0.6601 -0.7512 -0.0000
vn 0.7195 -0.6945 -0.0000
vn 0.7210 -0.6911 0.0504
vn 0.7149 -0.6669 0.2102
vn 0.6311 -0.6598 0.4080
vn 0.6599 -0.5808 0.4766
vn 0.6749 -0.5055 0.5376
vn 0.7574 -0.6040 0.2483
vn 0.7909 -0.5425 0.2830
vn 0.6803 -0.4377 0.5879
vn 0.7725 -0.6322 0.0606
vn 0.7717 -0.6360 -0.0000
vn 0.8160 -0.5781 -0.0000
vn 0.8156 -0.5744 0.0699
vn 0.8538 -0.5147 0.0783
vn 0.8188 -0.4812 0.3129
vn 0.8551 -0.5184 -0.0000
vn 0.8917 -0.4527 -0.0000
vn 0.8894 -0.4492 0.0853
vn 0.8443 -0.4164 0.3372
vn 0.6816 -0.3757 0.6279
vn 0.6831 -0.3170 0.6579
vn 0.6867 -0.2589 0.6793
vn 0.8682 -0.3462 0.3556
vn 0.8891 -0.2723 0.3678
vn 0.6924 -0.2012 0.6928
vn 0.9223 -0.3758 0.0908
vn 0.9254 -0.3789 -0.0000
vn 0.9542 -0.2991 -0.0000
vn 0.9503 -0.2968 0.0944
vn 0.9722 -0.2133 0.0965
vn 0.9064 -0.1953 0.3745
vn 0.9767 -0.2147 -0.0000
vn 0.9919 -0.1273 -0.0000
vn 0.9872 -0.1266 0.0970
vn 0.9192 -0.1161 0.3762
vn 0.6995 -0.1434 0.7001
vn 0.7073 -0.0850 0.7018
vn 0.7156 -0.0228 0.6981
vn 0.9274 -0.0323 0.3727
vn 0.9295 0.0572 0.3643
vn 0.7230 0.0460 0.6893
vn 0.9948 -0.0349 0.0960
vn 0.9994 -0.0342 -0.0000
vn 0.9980 0.0634 -0.0000
vn 0.9937 0.0621 0.0934
vn 0.9832 0.1589 0.0894
vn 0.9245 0.1478 0.3515
vn 0.9869 0.1613 -0.0000
vn 0.9674 0.2532 -0.0000
vn 0.9645 0.2504 0.0841
vn 0.9125 0.2346 0.3351
vn 0.7274 0.1185 0.6759
vn 0.7273 0.1913 0.6592
vn 0.7193 0.2949 0.6290
vn 0.8838 0.3525 0.3078
vn 0.8066 0.5307 0.2604
vn 0.6814 0.4654 0.5649
vn 0.9245 0.3736 0.0757
vn 0.9257 0.3784 -0.0000
vn 0.8293 0.5587 -0.0000
vn 0.8310 0.5528 0.0619
vn 0.6722 0.7389 0.0463
vn 0.6611 0.7227 0.2018
vn 0.6692 0.7431 -0.0000
vn 0.5897 0.6646 0.4589
vn -0.2946 -0.9556 -0.0000
vn -0.2968 -0.9549 -0.0000
vn -0.2963 -0.9548 0.0223
vn -0.2943 -0.9555 0.0219
vn -0.3350 -0.9422 -0.0000
vn -0.3345 -0.9421 0.0234
vn -0.3314 -0.9385 0.0972
vn -0.2943 -0.9512 0.0927
vn -0.2927 -0.9519 0.0907
vn -0.4125 -0.9109 -0.0000
vn -0.4120 -0.9108 0.0255
vn -0.5221 -0.8529 -0.0000
vn -0.5224 -0.8523 0.0261
vn -0.5248 -0.8443 0.1084
vn -0.4086 -0.9067 0.1045
vn -0.3952 -0.8808 0.2610
vn -0.3197 -0.9184 0.2331
vn -0.5153 -0.8079 0.2860
vn -0.3383 -0.7898 0.5116
vn -0.2845 -0.8499 0.4435
vn -0.2861 -0.9323 0.2215
vn -0.2857 -0.9336 0.2163
vn -0.2616 -0.8704 0.4170
vn -0.2652 -0.8744 0.4062
vn -0.2393 -0.6613 0.7109
vn -0.1516 -0.5554 0.8176
vn -0.1604 -0.6143 0.7726
vn -0.2228 -0.7318 0.6440
vn -0.0890 -0.4492 0.8890
vn -0.0430 -0.3279 0.9437
vn -0.0657 -0.3722 0.9258
vn -0.1086 -0.4988 0.8599
vn -0.1315 -0.5259 0.8403
vn -0.1740 -0.6441 0.7449
vn -0.0910 -0.4000 0.9120
vn -0.1129 -0.4154 0.9026
vn -0.1526 -0.5385 0.8287
vn -0.1913 -0.6544 0.7316
vn -0.2192 -0.7615 0.6100
vn -0.2300 -0.7694 0.5959
vn -0.0890 -0.4491 -0.8890
vn -0.0430 -0.3279 -0.9437
vn -0.1515 -0.5554 -0.8177
vn -0.1604 -0.6143 -0.7726
vn -0.1086 -0.4988 -0.8599
vn -0.0657 -0.3722 -0.9258
vn -0.2393 -0.6613 -0.7109
vn -0.3383 -0.7898 -0.5116
vn -0.2847 -0.8499 -0.4435
vn -0.2228 -0.7318 -0.6440
vn -0.2192 -0.7615 -0.6100
vn -0.1740 -0.6441 -0.7449
vn -0.2617 -0.8704 -0.4170
vn -0.2652 -0.8745 -0.4062
vn -0.2300 -0.7694 -0.5959
vn -0.1913 -0.6544 -0.7316
vn -0.1315 -0.5259 -0.8403
vn -0.0910 -0.4000 -0.9120
vn -0.1526 -0.5385 -0.8287
vn -0.1129 -0.4154 -0.9026
vn -0.0126 -0.2004 0.9796
vn 0.0007 -0.0939 0.9956
vn -0.0094 -0.1125 0.9936
vn -0.0309 -0.2346 0.9716
vn 0.0017 -0.0247 0.9997
vn -0.0012 -0.0299 0.9996
vn -0.0049 -0.0340 0.9994
vn -0.0217 -0.1269 0.9917
vn -0.0084 -0.0370 0.9993
vn -0.0329 -0.1366 0.9901
vn -0.0520 -0.2590 0.9645
vn -0.0705 -0.2743 0.9591
vn 0.0017 -0.0247 -0.9997
vn 0.0006 -0.0938 -0.9956
vn -0.0094 -0.1125 -0.9936
vn -0.0012 -0.0299 -0.9996
vn -0.0126 -0.2004 -0.9796
vn -0.0309 -0.2346 -0.9716
vn -0.0520 -0.2590 -0.9645
vn -0.0217 -0.1269 -0.9917
vn -0.0705 -0.2743 -0.9591
vn -0.0329 -0.1366 -0.9901
vn -0.0049 -0.0340 -0.9994
vn -0.0084 -0.0370 -0.9993
vn -0.0129 0.0226 0.9997
vn -0.0559 0.0876 0.9946
vn -0.0539 0.0986 0.9937
vn -0.0117 0.0252 0.9996
vn -0.1313 0.1826 0.9744
vn -0.2312 0.2902 0.9286
vn -0.2484 0.3100 0.9177
vn -0.1339 0.2023 0.9701
vn -0.0902 0.2440 0.9656
vn -0.0340 0.1186 0.9924
vn -0.1774 0.3725 0.9109
vn -0.0426 0.4383 0.8978
vn -0.0127 0.2868 0.9579
vn -0.0008 0.1388 0.9903
vn -0.0069 0.0296 0.9995
vn 0.0005 0.0346 0.9994
vn -0.1312 0.1826 -0.9744
vn -0.2312 0.2902 -0.9286
vn -0.0559 0.0876 -0.9946
vn -0.0539 0.0987 -0.9937
vn -0.1339 0.2023 -0.9701
vn -0.2483 0.3100 -0.9177
vn -0.0129 0.0226 -0.9997
vn -0.0117 0.0253 -0.9996
vn -0.0069 0.0296 -0.9995
vn -0.0341 0.1183 -0.9924
vn 0.0005 0.0346 -0.9994
vn -0.0008 0.1388 -0.9903
vn -0.0902 0.2440 -0.9656
vn -0.1774 0.3725 -0.9109
vn -0.0127 0.2868 -0.9579
vn -0.0426 0.4383 -0.8978
vn -0.3348 0.3908 0.8574
vn -0.4361 0.4856 0.7576
vn -0.5234 0.4616 0.7163
vn -0.3811 0.3971 0.8349
vn -0.5333 0.5789 0.6168
vn -0.6177 0.6639 0.4216
vn -0.7696 0.5291 0.3573
vn -0.6606 0.5053 0.5552
vn -0.5873 0.5987 0.5447
vn -0.4331 0.5534 0.7115
vn -0.7182 0.6074 0.3395
vn -0.3646 0.8536 0.3722
vn -0.2669 0.7796 0.5665
vn -0.1705 0.6798 0.7133
vn -0.2916 0.4761 0.8296
vn -0.0943 0.5664 0.8187
vn -0.6667 0.7104 0.2254
vn -0.6838 0.7235 0.0945
vn -0.8495 0.5224 0.0736
vn -0.8283 0.5303 0.1808
vn -0.6883 0.7251 0.0227
vn -0.6896 0.7242 -0.0000
vn -0.8571 0.5152 -0.0000
vn -0.8557 0.5171 0.0173
vn -0.8224 0.5686 0.0157
vn -0.8149 0.5758 0.0667
vn -0.8229 0.5682 -0.0000
vn -0.4646 0.8855 -0.0000
vn -0.4643 0.8855 0.0183
vn -0.4557 0.8867 0.0782
vn -0.7883 0.5923 0.1665
vn -0.4278 0.8836 0.1906
vn -0.5333 0.5789 -0.6168
vn -0.6177 0.6639 -0.4216
vn -0.4361 0.4856 -0.7576
vn -0.5234 0.4616 -0.7163
vn -0.6606 0.5053 -0.5552
vn -0.7696 0.5291 -0.3573
vn -0.3348 0.3908 -0.8574
vn -0.3810 0.3971 -0.8350
vn -0.2916 0.4761 -0.8296
vn -0.4331 0.5534 -0.7115
vn -0.0943 0.5664 -0.8187
vn -0.1705 0.6798 -0.7133
vn -0.5873 0.5987 -0.5447
vn -0.7182 0.6074 -0.3395
vn -0.2669 0.7796 -0.5665
vn -0.3646 0.8536 -0.3722
vn -0.3940 -0.9191 -0.0000
vn -0.3534 -0.9355 -0.0000
vn -0.3531 -0.9354 0.0204
vn -0.3934 -0.9192 0.0193
vn -0.3281 -0.9446 -0.0000
vn -0.3279 -0.9445 0.0213
vn -0.3261 -0.9413 0.0876
vn -0.3510 -0.9325 0.0853
vn -0.3906 -0.9169 0.0814
vn -0.3095 -0.9509 -0.0000
vn -0.3093 -0.9507 0.0217
vn -0.3079 -0.9472 0.0891
vn -0.3013 -0.9294 0.2130
vn -0.3193 -0.9241 0.2098
vn -0.2814 -0.8718 0.4010
vn -0.2997 -0.8675 0.3970
vn -0.3438 -0.9163 0.2055
vn -0.3820 -0.9026 0.1985
vn -0.3241 -0.8606 0.3929
vn -0.3618 -0.8484 0.3865
vn -0.2471 -0.7689 0.5897
vn -0.2100 -0.6560 0.7250
vn -0.2320 -0.6520 0.7218
vn -0.2666 -0.7652 0.5861
vn -0.1731 -0.5422 0.8222
vn -0.1348 -0.4213 0.8968
vn -0.1653 -0.4182 0.8932
vn -0.1991 -0.5381 0.8190
vn -0.2356 -0.5230 0.8191
vn -0.2618 -0.6401 0.7223
vn -0.2100 -0.4026 0.8910
vn -0.2848 -0.3686 0.8849
vn -0.2954 -0.4904 0.8199
vn -0.3091 -0.6151 0.7253
vn -0.2922 -0.7568 0.5847
vn -0.3322 -0.7405 0.5843
vn -0.1731 -0.5422 -0.8222
vn -0.1348 -0.4213 -0.8968
vn -0.2100 -0.6560 -0.7249
vn -0.2320 -0.6521 -0.7218
vn -0.1991 -0.5381 -0.8190
vn -0.1653 -0.4182 -0.8932
vn -0.2471 -0.7689 -0.5897
vn -0.2814 -0.8718 -0.4010
vn -0.2997 -0.8675 -0.3970
vn -0.2666 -0.7652 -0.5860
vn -0.2922 -0.7568 -0.5847
vn -0.2618 -0.6401 -0.7223
vn -0.3241 -0.8606 -0.3929
vn -0.3618 -0.8484 -0.3865
vn -0.3322 -0.7405 -0.5843
vn -0.3092 -0.6151 -0.7253
vn -0.2356 -0.5230 -0.8191
vn -0.2100 -0.4026 -0.8910
vn -0.2954 -0.4904 -0.8199
vn -0.2848 -0.3686 -0.8849
vn -0.0917 -0.2808 0.9554
vn -0.0504 -0.1406 0.9888
vn -0.0849 -0.1386 0.9867
vn -0.1255 -0.2789 0.9521
vn -0.0213 -0.0372 0.9991
vn -0.0110 0.0007 0.9999
vn -0.0440 0.0035 0.9990
vn -0.0548 -0.0348 0.9979
vn -0.1159 -0.0280 0.9929
vn -0.1431 -0.1292 0.9812
vn -0.1057 0.0089 0.9944
vn -0.2183 0.0177 0.9757
vn -0.2259 -0.0157 0.9740
vn -0.2455 -0.1094 0.9632
vn -0.1781 -0.2660 0.9474
vn -0.2681 -0.2376 0.9336
vn -0.0213 -0.0374 -0.9991
vn -0.0110 0.0007 -0.9999
vn -0.0504 -0.1406 -0.9888
vn -0.0849 -0.1387 -0.9867
vn -0.0549 -0.0346 -0.9979
vn -0.0440 0.0035 -0.9990
vn -0.0917 -0.2808 -0.9554
vn -0.1255 -0.2789 -0.9521
vn -0.1781 -0.2660 -0.9474
vn -0.1432 -0.1291 -0.9812
vn -0.2681 -0.2376 -0.9336
vn -0.2455 -0.1094 -0.9632
vn -0.1159 -0.0279 -0.9929
vn -0.1057 0.0089 -0.9944
vn -0.2259 -0.0157 -0.9740
vn -0.2183 0.0177 -0.9757
vn -0.0110 0.0008 0.9999
vn -0.0111 0.0008 0.9999
vn -0.0445 0.0038 0.9990
vn -0.0443 0.0036 0.9990
vn -0.0112 0.0008 0.9999
vn -0.0113 0.0008 0.9999
vn -0.0447 0.0042 0.9990
vn -0.0445 0.0040 0.9990
vn -0.1055 0.0104 0.9944
vn -0.1056 0.0098 0.9944
vn -0.1056 0.0112 0.9943
vn -0.2157 0.0232 0.9762
vn -0.2163 0.0207 0.9761
vn -0.2170 0.0190 0.9760
vn -0.1056 0.0093 0.9944
vn -0.2177 0.0180 0.9758
vn -0.0112 0.0008 -0.9999
vn -0.0113 0.0008 -0.9999
vn -0.0111 0.0008 -0.9999
vn -0.0449 0.0039 -0.9990
vn -0.0445 0.0040 -0.9990
vn -0.0449 0.0042 -0.9990
vn -0.0110 0.0008 -0.9999
vn -0.0443 0.0036 -0.9990
vn -0.1056 0.0093 -0.9944
vn -0.1056 0.0098 -0.9944
vn -0.2178 0.0180 -0.9758
vn -0.2170 0.0190 -0.9760
vn -0.1056 0.0104 -0.9944
vn -0.1056 0.0112 -0.9943
vn -0.2163 0.0207 -0.9761
vn -0.2158 0.0232 -0.9762
vn -0.0047 0.0403 0.9992
vn 0.0130 0.1551 0.9878
vn -0.0081 0.1671 0.9859
vn -0.0357 0.0459 0.9983
vn 0.0324 0.3185 0.9474
vn 0.0388 0.4841 0.8742
vn 0.0538 0.5248 0.8495
vn 0.0276 0.3433 0.9388
vn -0.0236 0.3649 0.9307
vn -0.0664 0.1782 0.9817
vn 0.0163 0.5632 0.8262
vn -0.1011 0.5870 0.8032
vn -0.1479 0.3785 0.9137
vn -0.1861 0.1892 0.9641
vn -0.0956 0.0539 0.9940
vn -0.2083 0.0666 0.9758
vn 0.0324 0.3185 -0.9474
vn 0.0388 0.4841 -0.8742
vn 0.0130 0.1551 -0.9878
vn -0.0081 0.1672 -0.9859
vn 0.0276 0.3433 -0.9388
vn 0.0538 0.5248 -0.8495
vn -0.0047 0.0403 -0.9992
vn -0.0357 0.0459 -0.9983
vn -0.0956 0.0539 -0.9940
vn -0.0664 0.1782 -0.9817
vn -0.2083 0.0666 -0.9758
vn -0.1861 0.1892 -0.9641
vn -0.0236 0.3649 -0.9307
vn 0.0163 0.5632 -0.8262
vn -0.1479 0.3785 -0.9137
vn -0.1011 0.5870 -0.8032
vn 0.0234 0.6220 0.7827
vn -0.0135 0.7423 0.6700
vn 0.0366 0.7912 0.6104
vn 0.0566 0.6722 0.7382
vn -0.0659 0.8484 0.5252
vn -0.1205 0.9314 0.3435
vn -0.0369 0.9554 0.2930
vn 0.0014 0.8870 0.4617
vn 0.0067 0.9184 0.3955
vn 0.0290 0.8362 0.5476
vn -0.0207 0.9701 0.2417
vn -0.0638 0.9777 0.2003
vn -0.0511 0.9385 0.3415
vn -0.0485 0.8670 0.4959
vn 0.0346 0.7206 0.6925
vn -0.0645 0.7534 0.6544
vn -0.1595 0.9712 0.1771
vn -0.1794 0.9811 0.0732
vn -0.0812 0.9948 0.0613
vn -0.0656 0.9866 0.1491
vn -0.1866 0.9823 0.0175
vn -0.1877 0.9822 -0.0000
vn -0.0886 0.9961 -0.0000
vn -0.0874 0.9961 0.0147
vn -0.0601 0.9981 0.0119
vn -0.0551 0.9973 0.0493
vn -0.0611 0.9981 -0.0000
vn -0.0897 0.9960 -0.0000
vn -0.0889 0.9960 0.0093
vn -0.0853 0.9956 0.0394
vn -0.0426 0.9918 0.1207
vn -0.0769 0.9922 0.0977
vn -0.0659 0.8484 -0.5252
vn -0.1205 0.9314 -0.3435
vn -0.0136 0.7422 -0.6700
vn 0.0366 0.7912 -0.6104
vn 0.0014 0.8870 -0.4617
vn -0.0369 0.9554 -0.2931
vn 0.0234 0.6220 -0.7827
vn 0.0566 0.6721 -0.7382
vn 0.0347 0.7206 -0.6925
vn 0.0290 0.8362 -0.5477
vn -0.0645 0.7534 -0.6544
vn -0.0485 0.8670 -0.4959
vn 0.0067 0.9185 -0.3955
vn -0.0208 0.9701 -0.2416
vn -0.0511 0.9385 -0.3415
vn -0.0638 0.9777 -0.2003
vn -0.8165 -0.5774 -0.0000
vn -0.6736 -0.7391 -0.0000
vn -0.6726 -0.7399 0.0131
vn -0.8167 -0.5770 0.0131
vn -0.5499 -0.8352 -0.0000
vn -0.5485 -0.8360 0.0151
vn -0.5434 -0.8369 0.0657
vn -0.6693 -0.7407 0.0581
vn -0.8156 -0.5756 0.0586
vn -0.4583 -0.8888 -0.0000
vn -0.4573 -0.8892 0.0175
vn -0.4531 -0.8883 0.0747
vn -0.4430 -0.8769 0.1865
vn -0.5341 -0.8283 0.1692
vn -0.4244 -0.8241 0.3752
vn -0.5251 -0.7743 0.3531
vn -0.6602 -0.7367 0.1463
vn -0.8087 -0.5719 0.1375
vn -0.6599 -0.6854 0.3078
vn -0.7906 -0.5608 0.2460
vn -0.4022 -0.7079 0.5806
vn -0.3936 -0.5666 0.7239
vn -0.5359 -0.4816 0.6934
vn -0.5228 -0.6448 0.5576
vn -0.3995 -0.4290 0.8101
vn -0.4098 -0.3069 0.8590
vn -0.5853 -0.2127 0.7824
vn -0.5603 -0.3290 0.7601
vn -0.7581 -0.1976 0.6215
vn -0.7306 -0.3566 0.5822
vn -0.7787 -0.0997 0.6195
vn -0.9183 -0.0097 0.3957
vn -0.9122 -0.0839 0.4010
vn -0.8942 -0.2355 0.3807
vn -0.6930 -0.5371 0.4809
vn -0.8532 -0.4097 0.3229
vn -0.3995 -0.4290 -0.8101
vn -0.4098 -0.3069 -0.8590
vn -0.3936 -0.5666 -0.7239
vn -0.5360 -0.4816 -0.6934
vn -0.5603 -0.3290 -0.7601
vn -0.5853 -0.2127 -0.7824
vn -0.4022 -0.7079 -0.5806
vn -0.4244 -0.8241 -0.3752
vn -0.5251 -0.7743 -0.3531
vn -0.5228 -0.6448 -0.5576
vn -0.6930 -0.5371 -0.4809
vn -0.7306 -0.3566 -0.5822
vn -0.6599 -0.6854 -0.3078
vn -0.7906 -0.5607 -0.2460
vn -0.8532 -0.4096 -0.3229
vn -0.8942 -0.2355 -0.3807
vn -0.7581 -0.1975 -0.6215
vn -0.7787 -0.0997 -0.6195
vn -0.9122 -0.0840 -0.4011
vn -0.9183 -0.0097 -0.3957
vn -0.4131 -0.1884 0.8910
vn -0.4069 -0.0773 0.9102
vn -0.6052 -0.0341 0.7953
vn -0.6008 -0.1175 0.7907
vn -0.3981 0.0018 0.9173
vn -0.3940 0.0288 0.9187
vn -0.6021 0.0371 0.7976
vn -0.6039 0.0217 0.7967
vn -0.7962 0.0381 0.6038
vn -0.7957 0.0104 0.6056
vn -0.7952 0.0383 0.6052
vn -0.9225 0.0323 0.3847
vn -0.9228 0.0464 0.3826
vn -0.9226 0.0416 0.3835
vn -0.7910 -0.0383 0.6107
vn -0.9215 0.0213 0.3877
vn -0.3981 0.0018 -0.9173
vn -0.3939 0.0288 -0.9187
vn -0.4069 -0.0773 -0.9102
vn -0.6052 -0.0341 -0.7953
vn -0.6039 0.0216 -0.7968
vn -0.6021 0.0371 -0.7976
vn -0.4131 -0.1884 -0.8910
vn -0.6008 -0.1175 -0.7907
vn -0.7910 -0.0383 -0.6107
vn -0.7956 0.0104 -0.6057
vn -0.9215 0.0213 -0.3877
vn -0.9226 0.0416 -0.3836
vn -0.7962 0.0381 -0.6038
vn -0.7951 0.0383 -0.6052
vn -0.9228 0.0464 -0.3825
vn -0.9224 0.0323 -0.3848
vn -0.3926 0.0282 0.9193
vn -0.3909 0.0299 0.9200
vn -0.5968 0.0362 0.8016
vn -0.5997 0.0336 0.7995
vn -0.3892 0.0341 0.9205
vn -0.3883 0.0411 0.9206
vn -0.5936 0.0610 0.8025
vn -0.5943 0.0451 0.8029
vn -0.7870 0.0486 0.6151
vn -0.7894 0.0329 0.6130
vn -0.7864 0.0776 0.6129
vn -0.9159 0.0861 0.3921
vn -0.9176 0.0435 0.3951
vn -0.9192 0.0211 0.3932
vn -0.7925 0.0296 0.6091
vn -0.9210 0.0176 0.3891
vn -0.3892 0.0341 -0.9205
vn -0.3883 0.0413 -0.9206
vn -0.3909 0.0299 -0.9200
vn -0.5968 0.0362 -0.8016
vn -0.5943 0.0452 -0.8029
vn -0.5936 0.0610 -0.8025
vn -0.3926 0.0282 -0.9193
vn -0.5997 0.0336 -0.7995
vn -0.7925 0.0296 -0.6091
vn -0.7893 0.0329 -0.6131
vn -0.9210 0.0176 -0.3891
vn -0.9192 0.0211 -0.3933
vn -0.7870 0.0486 -0.6150
vn -0.7864 0.0776 -0.6129
vn -0.9176 0.0436 -0.3951
vn -0.9159 0.0861 -0.3920
vn -0.3856 0.0833 0.9189
vn -0.3764 0.1939 0.9059
vn -0.5914 0.1945 0.7826
vn -0.5936 0.1037 0.7980
vn -0.3524 0.3661 0.8613
vn -0.3074 0.5653 0.7655
vn -0.5393 0.4888 0.6857
vn -0.5770 0.3288 0.7476
vn -0.7733 0.2873 0.5652
vn -0.7840 0.1965 0.5889
vn -0.7477 0.3903 0.5373
vn -0.8820 0.3198 0.3460
vn -0.8966 0.2628 0.3565
vn -0.9066 0.2024 0.3704
vn -0.7863 0.1252 0.6051
vn -0.9125 0.1423 0.3835
vn -0.3524 0.3661 -0.8613
vn -0.3074 0.5653 -0.7655
vn -0.3764 0.1939 -0.9059
vn -0.5914 0.1945 -0.7826
vn -0.5770 0.3288 -0.7476
vn -0.5393 0.4888 -0.6857
vn -0.3856 0.0833 -0.9189
vn -0.5936 0.1037 -0.7980
vn -0.7863 0.1252 -0.6051
vn -0.7840 0.1965 -0.5889
vn -0.9125 0.1422 -0.3836
vn -0.9066 0.2024 -0.3704
vn -0.7733 0.2873 -0.5652
vn -0.7477 0.3903 -0.5373
vn -0.8966 0.2628 -0.3564
vn -0.8820 0.3198 -0.3461
vn -0.2505 0.7385 0.6260
vn -0.2008 0.8613 0.4667
vn -0.3929 0.8018 0.4502
vn -0.4735 0.6558 0.5880
vn -0.1697 0.9350 0.3113
vn -0.1578 0.9717 0.1757
vn -0.2780 0.9461 0.1659
vn -0.3219 0.8980 0.2999
vn -0.5017 0.8211 0.2724
vn -0.6057 0.6911 0.3944
vn -0.4198 0.8945 0.1540
vn -0.5564 0.8194 0.1380
vn -0.6606 0.7233 0.2012
vn -0.7680 0.5783 0.2753
vn -0.6945 0.5263 0.4906
vn -0.8480 0.4160 0.3285
vn -0.1581 0.9839 0.0830
vn -0.1617 0.9863 0.0327
vn -0.2629 0.9644 0.0290
vn -0.2631 0.9618 0.0758
vn -0.1639 0.9864 0.0077
vn -0.1646 0.9864 -0.0000
vn -0.2654 0.9641 -0.0000
vn -0.2647 0.9643 0.0067
vn -0.3987 0.9171 0.0065
vn -0.3985 0.9167 0.0290
vn -0.3989 0.9170 -0.0000
vn -0.5632 0.8264 -0.0000
vn -0.5637 0.8259 0.0078
vn -0.5640 0.8251 0.0350
vn -0.3975 0.9148 0.0723
vn -0.5614 0.8236 0.0805
vn -0.1697 0.9350 -0.3113
vn -0.1578 0.9717 -0.1757
vn -0.2008 0.8613 -0.4667
vn -0.3929 0.8018 -0.4502
vn -0.3219 0.8980 -0.2999
vn -0.2780 0.9461 -0.1660
vn -0.2505 0.7385 -0.6260
vn -0.4735 0.6558 -0.5880
vn -0.6945 0.5263 -0.4906
vn -0.6057 0.6911 -0.3944
vn -0.8480 0.4160 -0.3285
vn -0.7680 0.5783 -0.2753
vn -0.5017 0.8211 -0.2724
vn -0.4198 0.8945 -0.1540
vn -0.6606 0.7233 -0.2012
vn -0.5564 0.8194 -0.1380
vn -0.4328 -0.3963 -0.8097
vn -0.5631 -0.5795 -0.5892
vn -0.3127 -0.2803 -0.9076
vn -0.3744 -0.3294 -0.8668
vn -0.5190 -0.4207 -0.7441
vn -0.6672 -0.5670 -0.4831
vn -0.2229 -0.2334 -0.9465
vn -0.1512 -0.2185 -0.9641
vn -0.1828 -0.2880 -0.9400
vn -0.2658 -0.2945 -0.9180
vn -0.3466 -0.4007 -0.8481
vn -0.4713 -0.4250 -0.7728
vn -0.2426 -0.3989 -0.8843
vn -0.3591 -0.5726 -0.7370
vn -0.4957 -0.5558 -0.6674
vn -0.6212 -0.5538 -0.5544
vn -0.6064 -0.4751 -0.6377
vn -0.7324 -0.5633 -0.3826
vn -0.7175 -0.5584 -0.4163
vn -0.7759 -0.5711 -0.2680
vn -0.2228 -0.2334 0.9465
vn -0.1512 -0.2185 0.9641
vn -0.3127 -0.2803 0.9076
vn -0.3744 -0.3294 0.8668
vn -0.2658 -0.2945 0.9180
vn -0.1828 -0.2880 0.9400
vn -0.4328 -0.3963 0.8097
vn -0.5631 -0.5795 0.5892
vn -0.6672 -0.5670 0.4831
vn -0.5190 -0.4207 0.7441
vn -0.6064 -0.4751 0.6377
vn -0.4713 -0.4250 0.7728
vn -0.7324 -0.5633 0.3826
vn -0.3466 -0.4007 0.8481
vn -0.2426 -0.3989 0.8843
vn -0.6386 -0.7200 0.2715
vn -0.6357 -0.7659 0.0967
vn -0.7118 -0.6985 0.0733
vn -0.7180 -0.6645 0.2074
vn -0.6277 -0.7782 0.0226
vn -0.6262 -0.7797 -0.0000
vn -0.7040 -0.7102 -0.0000
vn -0.7053 -0.7087 0.0165
vn -0.7625 -0.6469 0.0110
vn -0.7660 -0.6408 0.0508
vn -0.7618 -0.6478 -0.0000
vn -0.7688 -0.6222 0.1476
vn -0.0939 -0.2148 -0.9721
vn -0.0524 -0.2139 -0.9754
vn -0.0744 -0.2916 -0.9536
vn -0.1187 -0.2907 -0.9494
vn -0.0266 -0.2128 -0.9767
vn -0.0157 -0.2111 -0.9773
vn -0.0279 -0.2792 -0.9598
vn -0.0452 -0.2872 -0.9568
vn -0.0895 -0.3786 -0.9212
vn -0.1150 -0.4003 -0.9092
vn -0.0653 -0.3417 -0.9375
vn -0.1765 -0.4417 -0.8796
vn -0.1716 -0.5485 -0.8184
vn -0.1869 -0.5828 -0.7908
vn -0.1625 -0.4034 -0.9005
vn -0.2454 -0.5857 -0.7725
vn -0.0266 -0.2128 0.9767
vn -0.0157 -0.2111 0.9773
vn -0.0524 -0.2139 0.9754
vn -0.0744 -0.2916 0.9536
vn -0.0452 -0.2872 0.9568
vn -0.0279 -0.2792 0.9598
vn -0.0938 -0.2147 0.9722
vn -0.1187 -0.2907 0.9494
vn -0.1625 -0.4034 0.9005
vn -0.1150 -0.4003 0.9092
vn -0.0894 -0.3786 0.9212
vn -0.0653 -0.3417 0.9375
vn -0.0150 -0.2098 -0.9776
vn -0.0204 -0.2096 -0.9776
vn -0.0151 -0.2792 -0.9601
vn -0.0192 -0.2729 -0.9618
vn -0.0335 -0.2063 -0.9779
vn -0.0554 -0.1895 -0.9803
vn -0.0672 -0.2884 -0.9551
vn -0.0279 -0.2933 -0.9556
vn 0.0150 -0.3979 -0.9173
vn -0.0002 -0.3273 -0.9449
vn -0.0382 -0.4464 -0.8940
vn 0.0844 -0.4502 -0.8890
vn 0.0127 -0.3175 -0.9482
vn -0.0327 -0.3141 -0.9488
vn -0.0701 -0.3120 -0.9475
vn -0.0099 -0.2263 0.9740
vn -0.0144 -0.2364 0.9716
vn -0.0096 -0.2164 0.9763
vn -0.0000 -0.2884 0.9575
vn 0.0073 -0.3204 0.9473
vn -0.0013 -0.3553 0.9348
vn -0.0121 -0.2112 0.9774
vn -0.0153 -0.2750 0.9613
vn -0.0287 -0.3159 0.9484
vn 0.0166 -0.3357 0.9418
vn -0.0670 -0.3124 0.9476
vn 0.0276 -0.3195 0.9472
vn 0.0565 -0.4215 0.9051
vn 0.0489 -0.5128 0.8571
vn 0.1207 -0.4532 0.8832
vn 0.1632 -0.6990 0.6963
vn -0.0727 -0.1560 -0.9851
vn -0.0760 -0.1129 -0.9907
vn -0.1192 -0.2075 -0.9710
vn -0.1055 -0.2557 -0.9610
vn -0.0680 -0.0721 -0.9951
vn -0.0491 -0.0448 -0.9978
vn -0.0783 -0.1364 -0.9876
vn -0.1096 -0.1621 -0.9807
vn -0.1491 -0.3640 -0.9194
vn -0.1505 -0.3992 -0.9044
vn -0.1113 -0.3487 -0.9306
vn -0.1118 -0.4378 -0.8921
vn -0.0117 -0.2502 0.9681
vn 0.0006 -0.2517 0.9678
vn -0.0177 -0.2479 0.9686
vn -0.0230 -0.4011 0.9157
vn -0.0223 -0.4098 0.9119
vn -0.0104 -0.4115 0.9114
vn -0.0183 -0.2437 0.9697
vn -0.0147 -0.3832 0.9236
vn 0.0126 -0.5718 0.8203
vn -0.0193 -0.6026 0.7978
vn 0.0592 -0.7939 0.6051
vn -0.0109 -0.8192 0.5734
vn -0.0352 -0.6142 0.7884
vn -0.0317 -0.6133 0.7893
vn -0.0487 -0.8219 0.5675
vn -0.0588 -0.8181 0.5721
vn -0.0226 -0.0339 -0.9992
vn 0.0102 -0.0385 -0.9992
vn 0.0109 -0.1331 -0.9910
vn -0.0360 -0.1286 -0.9910
vn 0.0524 -0.0567 -0.9970
vn 0.1041 -0.0886 -0.9906
vn 0.1397 -0.1746 -0.9747
vn 0.0676 -0.1481 -0.9867
vn 0.0552 -0.3316 -0.9418
vn -0.0062 -0.3343 -0.9425
vn 0.1361 -0.3368 -0.9317
vn -0.0591 -0.3412 -0.9381
vn 0.0309 -0.2374 0.9709
vn 0.0330 -0.2329 0.9719
vn 0.0245 -0.2438 0.9695
vn 0.0133 -0.3849 0.9229
vn 0.0186 -0.3655 0.9306
vn 0.0207 -0.3493 0.9368
vn 0.0144 -0.2495 0.9683
vn 0.0039 -0.4024 0.9155
vn -0.0219 -0.5968 0.8021
vn -0.0172 -0.5686 0.8225
vn -0.0576 -0.8040 0.5918
vn -0.0614 -0.7799 0.6229
vn -0.0167 -0.5372 0.8433
vn -0.0203 -0.5088 0.8606
vn -0.0708 -0.7512 0.6562
vn -0.0893 -0.7225 0.6856
vn 0.1335 -0.1302 -0.9825
vn 0.1015 -0.1680 -0.9806
vn 0.1538 -0.2530 -0.9552
vn 0.1904 -0.2122 -0.9585
vn 0.0259 -0.1889 -0.9817
vn -0.0502 -0.1849 -0.9815
vn -0.0933 -0.2515 -0.9634
vn 0.0346 -0.2752 -0.9608
vn -0.0120 -0.3885 -0.9214
vn 0.1640 -0.3797 -0.9105
vn -0.2088 -0.3085 -0.9280
vn 0.2015 -0.3518 -0.9141
vn -0.0696 -0.2086 0.9755
vn -0.1015 -0.1875 0.9770
vn -0.0236 -0.2224 0.9747
vn -0.0600 -0.3172 0.9465
vn -0.1328 -0.2866 0.9488
vn -0.1785 -0.2405 0.9541
vn 0.0172 -0.2294 0.9732
vn 0.0004 -0.3353 0.9421
vn -0.0532 -0.4810 0.8751
vn -0.1465 -0.4435 0.8842
vn -0.1514 -0.6902 0.7077
vn -0.3091 -0.6347 0.7083
vn -0.2681 -0.3747 0.8875
vn -0.3302 -0.2691 0.9047
vn -0.5293 -0.4878 0.6942
vn -0.6239 -0.2226 0.7491
vn -0.0836 -0.1723 -0.9815
vn -0.0781 -0.1661 -0.9830
vn -0.1226 -0.1876 -0.9746
vn -0.1411 -0.2105 -0.9674
vn -0.0536 -0.1732 -0.9834
vn -0.0125 -0.1962 -0.9805
vn -0.0389 -0.2273 -0.9730
vn -0.0853 -0.1950 -0.9771
vn -0.1157 -0.1779 -0.9772
vn -0.1740 -0.1728 -0.9695
vn -0.0661 -0.2072 -0.9761
vn -0.1409 -0.1600 -0.9770
vn -0.2210 -0.1305 -0.9665
vn -0.2418 -0.2100 -0.9473
vn -0.3642 -0.1437 -0.9202
vn -0.0551 -0.1725 0.9835
vn -0.0125 -0.1962 0.9805
vn -0.0854 -0.1640 0.9828
vn -0.1327 -0.1818 0.9743
vn -0.0875 -0.1934 0.9772
vn -0.0390 -0.2273 0.9730
vn -0.1049 -0.1701 0.9798
vn -0.1728 -0.1997 0.9645
vn -0.2795 -0.1868 0.9418
vn -0.1853 -0.1630 0.9691
vn -0.3891 -0.1121 0.9143
vn -0.2304 -0.1190 0.9658
vn -0.1184 -0.1754 0.9774
vn -0.0665 -0.2069 0.9761
vn -0.1446 -0.1574 0.9769
vn 0.0398 -0.2216 -0.9743
vn 0.0938 -0.2438 -0.9653
vn 0.0714 -0.2789 -0.9577
vn 0.0137 -0.2593 -0.9657
vn 0.1579 -0.2870 -0.9448
vn 0.2548 -0.3928 -0.8836
vn 0.2870 -0.3776 -0.8803
vn 0.1487 -0.3053 -0.9406
vn 0.1170 -0.2574 -0.9592
vn 0.0410 -0.2537 -0.9664
vn 0.2564 -0.2872 -0.9229
vn 0.2131 -0.1660 -0.9628
vn 0.0776 -0.1448 -0.9864
vn 0.0051 -0.1355 -0.9908
vn -0.0146 -0.2383 -0.9711
vn -0.0522 -0.1242 -0.9909
vn 0.9466 -0.3223 -0.0000
vn 0.8990 -0.4379 -0.0000
vn 0.8886 -0.4439 0.1156
vn 0.9359 -0.3253 0.1349
vn 0.7898 -0.6134 -0.0000
vn 0.7827 -0.6152 0.0941
vn 0.7196 -0.5840 0.3757
vn 0.7849 -0.4293 0.4468
vn 0.8026 -0.3038 0.5133
vn 0.6079 -0.7940 -0.0000
vn 0.6084 -0.7893 0.0828
vn 0.5868 -0.7366 0.3364
vn 0.4661 -0.5668 0.6793
vn 0.5251 -0.4800 0.7028
vn 0.2855 -0.3723 0.8831
vn 0.2939 -0.3592 0.8858
vn 0.5139 -0.3557 0.7806
vn 0.4804 -0.2288 0.8467
vn 0.2569 -0.2806 0.9248
vn 0.2131 -0.1660 0.9628
vn 0.1734 -0.2793 0.9444
vn 0.1000 -0.2431 0.9648
vn 0.0732 -0.2774 0.9580
vn 0.1527 -0.2977 0.9424
vn 0.0411 -0.2218 0.9742
vn 0.0140 -0.2592 0.9657
vn -0.0146 -0.2382 0.9711
vn 0.0412 -0.2533 0.9665
vn -0.0523 -0.1241 0.9909
vn 0.0051 -0.1354 0.9908
vn 0.1174 -0.2549 0.9598
vn 0.0776 -0.1448 0.9864
vn -0.0982 0.2134 -0.9720
vn -0.0389 0.4416 -0.8963
vn -0.0207 0.0217 -0.9996
vn -0.0159 0.0655 -0.9977
vn -0.0522 0.1164 -0.9918
vn -0.0280 0.1906 -0.9813
vn 0.0521 -0.0302 -0.9982
vn 0.1845 -0.0669 -0.9806
vn 0.1755 -0.0016 -0.9845
vn 0.0476 0.0294 -0.9984
vn 0.0514 0.0563 -0.9971
vn -0.0090 0.0478 -0.9988
vn 0.1783 0.0467 -0.9829
vn 0.1855 0.0853 -0.9789
vn 0.0576 0.0662 -0.9961
vn -0.0092 0.0357 -0.9993
vn -0.0374 -0.0391 -0.9985
vn -0.0445 -0.1890 -0.9810
vn -0.0566 -0.0792 -0.9953
vn 0.9793 0.2026 -0.0000
vn 1.0000 0.0046 -0.0000
vn 0.9880 0.0062 0.1545
vn 0.9674 0.2039 0.1505
vn 0.9909 -0.1347 -0.0000
vn 0.9791 -0.1337 0.1533
vn 0.8123 -0.1062 0.5735
vn 0.8172 0.0171 0.5762
vn 0.8053 0.1837 0.5637
vn 0.9712 -0.2384 -0.0000
vn 0.9599 -0.2386 0.1472
vn 0.8059 -0.2075 0.5545
vn 0.4544 -0.1283 0.8815
vn 0.4461 -0.0468 0.8938
vn 0.1845 -0.0669 0.9806
vn 0.1755 -0.0016 0.9845
vn 0.4483 0.0335 0.8933
vn 0.4504 0.1275 0.8837
vn 0.1783 0.0467 0.9829
vn 0.1855 0.0853 0.9789
vn 0.0521 -0.0302 0.9982
vn -0.0207 0.0217 0.9996
vn -0.0160 0.0655 0.9977
vn 0.0476 0.0294 0.9984
vn -0.0982 0.2134 0.9720
vn -0.0389 0.4416 0.8963
vn -0.0280 0.1906 0.9813
vn -0.0523 0.1163 0.9918
vn -0.0374 -0.0391 0.9985
vn -0.0090 0.0478 0.9988
vn -0.0445 -0.1890 0.9810
vn -0.0566 -0.0792 0.9953
vn -0.0092 0.0357 0.9993
vn 0.0514 0.0563 0.9971
vn 0.0576 0.0662 0.9961
vn -0.0735 0.3358 0.9391
vn -0.0330 0.9943 0.1015
vn -0.7092 -0.7050 -0.0017
vn -0.0388 0.4417 0.8963
vn -0.7102 -0.7040 -0.0011
vn -0.7090 -0.7052 -0.0000
vn -0.7084 -0.7058 -0.0008
vn 0.0630 0.9980 -0.0000
vn 0.0570 0.9943 0.0903
vn -0.7114 -0.7028 -0.0000
vn 0.0367 0.9959 0.0827
vn -0.7102 -0.7040 0.0011
vn -0.0719 0.3354 -0.9393
vn -0.7092 -0.7050 0.0017
vn -0.7084 -0.7058 0.0008
vn -0.2051 -0.9261 -0.3167
vn -0.7079 -0.7064 0.0005
vn -0.0444 -0.1889 -0.9810
vn -0.2286 -0.9683 -0.1005
vn -0.7081 -0.7061 0.0002
vn -0.7083 -0.7060 -0.0000
vn -0.2285 -0.9683 0.1006
vn -0.7081 -0.7061 -0.0002
vn -0.0445 -0.1889 0.9810
vn -0.7078 -0.7064 -0.0005
vn -0.2051 -0.9261 0.3168
vn -0.0668 -0.0669 -0.9955
vn -0.1494 -0.2617 -0.9535
vn -0.0075 0.0233 -0.9997
vn -0.0036 0.0117 -0.9999
vn -0.0702 -0.0646 -0.9954
vn -0.1774 -0.2277 -0.9574
vn 0.0644 0.0672 -0.9957
vn 0.1923 0.1205 -0.9739
vn 0.1956 0.1489 -0.9693
vn 0.0698 0.0665 -0.9953
vn 0.0729 0.0643 -0.9953
vn -0.0013 0.0025 -1.0000
vn 0.1972 0.1637 -0.9666
vn 0.1993 0.1632 -0.9662
vn 0.0744 0.0613 -0.9953
vn -0.0007 -0.0001 -1.0000
vn -0.0735 -0.0654 -0.9952
vn -0.1915 -0.1893 -0.9631
vn -0.0760 -0.0620 -0.9952
vn -0.2016 -0.1656 -0.9654
vn 0.7749 0.6321 -0.0000
vn 0.7808 0.6248 -0.0000
vn 0.7742 0.6213 0.1206
vn 0.7696 0.6272 0.1194
vn 0.8298 0.5581 -0.0000
vn 0.8211 0.5563 0.1275
vn 0.7159 0.4916 0.4958
vn 0.6853 0.5524 0.4745
vn 0.6839 0.5572 0.4709
vn 0.9095 0.4158 -0.0000
vn 0.8987 0.4160 0.1393
vn 0.7649 0.3650 0.5308
vn 0.4481 0.2304 0.8638
vn 0.4405 0.3109 0.8422
vn 0.1923 0.1205 0.9739
vn 0.1956 0.1489 0.9693
vn 0.4348 0.3534 0.8283
vn 0.4368 0.3565 0.8259
vn 0.1972 0.1637 0.9666
vn 0.1993 0.1632 0.9662
vn 0.0644 0.0672 0.9957
vn -0.0075 0.0233 0.9997
vn -0.0036 0.0117 0.9999
vn 0.0698 0.0665 0.9953
vn -0.0668 -0.0669 0.9955
vn -0.1494 -0.2617 0.9535
vn -0.1774 -0.2277 0.9574
vn -0.0702 -0.0646 0.9954
vn -0.0735 -0.0654 0.9951
vn -0.0013 0.0025 1.0000
vn -0.1915 -0.1893 0.9631
vn -0.2016 -0.1656 0.9654
vn -0.0760 -0.0619 0.9952
vn -0.0007 -0.0001 1.0000
vn 0.0729 0.0643 0.9953
vn 0.0744 0.0613 0.9953
vn -0.2052 -0.9261 0.3167
vn -0.3909 -0.7402 0.5471
vn -0.2286 -0.9683 0.1006
vn -0.5818 -0.7847 0.2141
vn -0.6023 -0.7156 0.3539
vn -0.3945 -0.5345 0.7474
vn -0.6537 -0.7550 0.0515
vn -0.6679 -0.7442 -0.0000
vn -0.6906 -0.7233 -0.0000
vn -0.6795 -0.7283 0.0885
vn -0.7187 -0.6866 0.1098
vn -0.6410 -0.6315 0.4361
vn -0.7258 -0.6879 -0.0000
vn -0.7703 -0.6377 -0.0000
vn -0.7639 -0.6344 0.1185
vn -0.6799 -0.5652 0.4672
vn -0.4169 -0.4247 0.8036
vn -0.4377 -0.3620 0.8230
vn -0.2095 -0.0566 -0.9762
vn -0.0773 -0.0237 -0.9967
vn -0.0766 -0.0179 -0.9969
vn -0.2092 -0.0362 -0.9772
vn 0.0005 0.0015 -1.0000
vn 0.0009 -0.0004 -1.0000
vn 0.0020 -0.0065 -1.0000
vn -0.0743 -0.0197 -0.9970
vn -0.2052 -0.0315 -0.9782
vn 0.0772 0.0355 -0.9964
vn 0.0768 0.0268 -0.9967
vn 0.2049 0.1026 -0.9734
vn 0.2036 0.0841 -0.9754
vn 0.2022 0.0637 -0.9773
vn 0.0766 0.0159 -0.9969
vn 0.0773 0.0018 -0.9970
vn 0.0036 -0.0169 -0.9999
vn 0.2022 0.0399 -0.9785
vn 0.2044 0.0102 -0.9788
vn 0.0792 -0.0172 -0.9967
vn 0.0062 -0.0333 -0.9994
vn -0.0709 -0.0289 -0.9971
vn -0.1993 -0.0415 -0.9791
vn -0.0669 -0.0475 -0.9966
vn -0.1923 -0.0695 -0.9789
vn 0.9834 0.1812 -0.0000
vn 0.9569 0.2905 -0.0000
vn 0.9463 0.2852 0.1521
vn 0.9718 0.1772 0.1556
vn 0.9282 0.3720 -0.0000
vn 0.9191 0.3657 0.1466
vn 0.7795 0.3032 0.5482
vn 0.7942 0.2318 0.5617
vn 0.8101 0.1396 0.5694
vn 0.9006 0.4346 -0.0000
vn 0.8925 0.4285 0.1406
vn 0.8738 0.4863 -0.0000
vn 0.8667 0.4802 0.1346
vn 0.7515 0.4110 0.5161
vn 0.7658 0.3613 0.5321
vn 0.4571 0.2066 0.8651
vn 0.4567 0.1672 0.8738
vn 0.4569 0.2425 0.8558
vn 0.2049 0.1026 0.9734
vn 0.2036 0.0841 0.9754
vn 0.2022 0.0637 0.9773
vn 0.4582 0.1215 0.8805
vn 0.4633 0.0652 0.8838
vn 0.2022 0.0399 0.9785
vn 0.2044 0.0102 0.9788
vn 0.0772 0.0355 0.9964
vn 0.0768 0.0268 0.9967
vn 0.0005 0.0015 1.0000
vn 0.0009 -0.0004 1.0000
vn 0.0017 -0.0065 1.0000
vn 0.0766 0.0159 0.9969
vn -0.0773 -0.0237 0.9967
vn -0.0766 -0.0179 0.9969
vn -0.2095 -0.0566 0.9762
vn -0.2092 -0.0362 0.9772
vn -0.2052 -0.0315 0.9782
vn -0.0743 -0.0197 0.9970
vn -0.0709 -0.0289 0.9971
vn 0.0036 -0.0169 0.9999
vn -0.1993 -0.0415 0.9791
vn -0.1923 -0.0695 0.9789
vn -0.0669 -0.0475 0.9966
vn 0.0062 -0.0333 0.9994
vn 0.0774 0.0018 0.9970
vn 0.0792 -0.0172 0.9967
vn -0.4801 -0.1173 0.8694
vn -0.4823 -0.0654 0.8736
vn -0.8208 -0.1887 0.5392
vn -0.8317 -0.0967 0.5468
vn -0.8293 -0.0639 0.5552
vn -0.4763 -0.0482 0.8780
vn -0.9659 -0.2165 0.1423
vn -0.9835 -0.1072 0.1454
vn -0.9761 -0.2174 -0.0000
vn -0.9942 -0.1073 -0.0000
vn -0.9978 -0.0663 -0.0000
vn -0.9866 -0.0673 0.1488
vn -0.9840 -0.0917 0.1528
vn -0.8211 -0.0851 0.5644
vn -0.9959 -0.0905 -0.0000
vn -0.9809 -0.1944 -0.0000
vn -0.9686 -0.1939 0.1554
vn -0.8043 -0.1707 0.5692
vn -0.4663 -0.0623 0.8825
vn -0.4535 -0.1138 0.8839
vn -0.0606 -0.0918 -0.9939
vn -0.1830 -0.1362 -0.9736
vn 0.0114 -0.0709 -0.9974
vn 0.0217 -0.1584 -0.9871
vn -0.0488 -0.1927 -0.9800
vn -0.1605 -0.2773 -0.9473
vn 0.0847 -0.0569 -0.9948
vn 0.2133 -0.0448 -0.9760
vn 0.2258 -0.1647 -0.9601
vn 0.0961 -0.1486 -0.9842
vn 0.1082 -0.3161 -0.9425
vn 0.0396 -0.3344 -0.9416
vn 0.2210 -0.3513 -0.9098
vn 0.2055 -0.5794 -0.7887
vn 0.1327 -0.6042 -0.7857
vn 0.0653 -0.6322 -0.7721
vn -0.0259 -0.3657 -0.9304
vn -0.1136 -0.4720 -0.8742
vn -0.0003 -0.6575 -0.7535
vn -0.0641 -0.6897 -0.7212
vn 0.6788 -0.7344 -0.0000
vn 0.6843 -0.7225 0.0988
vn 0.9300 -0.3675 -0.0000
vn 0.9246 -0.3562 0.1351
vn 0.7992 -0.3143 0.5124
vn 0.6259 -0.6676 0.4031
vn 0.9999 -0.0173 -0.0000
vn 0.9881 -0.0162 0.1527
vn 0.8282 -0.0211 0.5600
vn 0.4787 -0.0323 0.8774
vn 0.4858 -0.2271 0.8440
vn 0.2133 -0.0448 0.9760
vn 0.2258 -0.1647 0.9601
vn 0.4304 -0.5135 0.7424
vn 0.2210 -0.3513 0.9098
vn 0.0847 -0.0569 0.9948
vn 0.0114 -0.0709 0.9974
vn 0.0217 -0.1584 0.9871
vn 0.0961 -0.1486 0.9842
vn -0.0606 -0.0918 0.9939
vn -0.1830 -0.1362 0.9736
vn -0.1605 -0.2773 0.9473
vn -0.0488 -0.1927 0.9800
vn -0.0259 -0.3657 0.9304
vn 0.0396 -0.3344 0.9416
vn -0.1136 -0.4720 0.8742
vn 0.1082 -0.3161 0.9425
vn -0.4326 -0.2365 0.8700
vn -0.7516 -0.3680 0.5474
vn -0.5877 -0.6658 0.4597
vn -0.3688 -0.4622 0.8064
vn -0.8916 -0.4279 0.1478
vn -0.8998 -0.4363 -0.0000
vn -0.6514 -0.7587 -0.0000
vn -0.6570 -0.7449 0.1160
vn -0.3473 -0.9349 0.0735
vn -0.3315 -0.8887 0.3167
vn -0.3382 -0.9411 -0.0000
vn -0.2409 -0.7191 0.6518
vn -0.4304 -0.0066 -0.9026
vn -0.7806 0.0548 -0.6226
vn -0.2422 -0.0783 -0.9671
vn -0.1739 -0.0355 -0.9841
vn -0.3192 0.1306 -0.9387
vn -0.6358 0.3536 -0.6861
vn -0.2473 -0.1494 -0.9574
vn -0.3810 -0.2382 -0.8934
vn -0.3967 -0.4091 -0.8218
vn -0.1971 -0.1868 -0.9624
vn -0.1172 -0.2289 -0.9664
vn -0.0575 -0.0121 -0.9983
vn -0.3025 -0.5054 -0.8081
vn -0.2471 -0.5782 -0.7776
vn -0.0893 -0.2710 -0.9584
vn -0.0107 -0.0021 -0.9999
vn -0.1115 0.2143 -0.9704
vn -0.2892 0.5108 -0.8096
vn -0.0104 0.2654 -0.9641
vn -0.0828 0.5799 -0.8105
vn -0.0303 0.9944 -0.1011
vn -0.8180 -0.5350 -0.2113
vn 0.0368 0.9959 0.0827
vn -0.7766 -0.6288 -0.0388
vn -0.6991 -0.7048 -0.1202
vn -0.6594 -0.6392 -0.3958
vn -0.7562 -0.6543 0.0013
vn 0.0630 0.9980 -0.0001
vn -0.7520 -0.6591 0.0001
vn -0.6874 -0.7263 0.0001
vn -0.6895 -0.7237 -0.0278
vn -0.5892 -0.8061 -0.0542
vn -0.5767 -0.7950 -0.1883
vn -0.5911 -0.8066 -0.0000
vn -0.4842 -0.8750 -0.0000
vn -0.4809 -0.8741 -0.0688
vn -0.4618 -0.8615 -0.2110
vn -0.5078 -0.7310 -0.4559
vn -0.3964 -0.7951 -0.4590
vn -0.2604 -0.1470 0.9542
vn -0.3966 -0.2364 0.8870
vn -0.2471 -0.0698 0.9665
vn -0.1794 -0.0367 0.9831
vn -0.2162 -0.1915 0.9574
vn -0.4202 -0.4118 0.8086
vn -0.4262 0.0190 0.9044
vn -0.7698 0.0960 0.6310
vn -0.6053 0.3672 0.7063
vn -0.3031 0.1357 0.9433
vn -0.1109 0.2039 0.9727
vn -0.0686 -0.0245 0.9973
vn -0.2783 0.5051 0.8170
vn -0.0841 0.5705 0.8169
vn -0.0154 0.2485 0.9685
vn -0.0212 -0.0220 0.9995
vn -0.1373 -0.2416 0.9606
vn -0.3238 -0.5128 0.7951
vn -0.1044 -0.2896 0.9514
vn -0.2608 -0.5885 0.7652
vn -0.2745 0.9616 -0.0000
vn -0.5500 0.8352 -0.0000
vn -0.5488 0.8338 -0.0589
vn -0.2698 0.9581 -0.0963
vn -0.8277 0.5611 -0.0012
vn -0.8289 0.5593 0.0084
vn -0.8366 0.5452 -0.0546
vn -0.5370 0.8200 -0.1980
vn -0.2474 0.9330 -0.2615
vn -0.9962 0.0869 -0.0039
vn -0.9909 0.1098 0.0775
vn -0.9879 0.1366 0.0729
vn -0.9862 0.1329 -0.0987
vn -0.8259 0.5022 -0.2564
vn -0.4739 0.7491 -0.4629
vn -0.1857 0.8350 -0.5181
vn 0.0194 0.3045 -0.9523
vn 0.0011 0.6297 -0.7768
vn -0.0074 0.0001 -1.0000
vn -0.0043 0.0025 -1.0000
vn 0.0429 0.3383 -0.9401
vn 0.0612 0.6676 -0.7420
vn -0.0897 -0.3060 -0.9478
vn -0.2226 -0.6281 -0.7456
vn -0.1983 -0.6710 -0.7145
vn -0.0876 -0.3380 -0.9371
vn -0.0771 -0.3569 -0.9309
vn -0.0006 0.0043 -1.0000
vn -0.1588 -0.6995 -0.6968
vn -0.0819 -0.7106 -0.6988
vn -0.0503 -0.3549 -0.9335
vn 0.0051 0.0062 -1.0000
vn 0.0639 0.3577 -0.9317
vn 0.1166 0.6861 -0.7181
vn 0.0857 0.3560 -0.9306
vn 0.1840 0.6807 -0.7091
vn -0.3330 -0.8358 -0.4364
vn -0.3796 -0.9013 -0.2087
vn -0.3100 -0.9295 -0.2001
vn -0.2784 -0.8678 -0.4116
vn -0.3937 -0.9163 -0.0735
vn -0.3962 -0.9182 -0.0000
vn -0.3209 -0.9471 -0.0000
vn -0.3194 -0.9448 -0.0730
vn -0.2295 -0.9708 -0.0695
vn -0.2254 -0.9553 -0.1912
vn -0.2295 -0.9733 -0.0000
vn -0.0697 -0.9976 -0.0000
vn -0.0723 -0.9957 -0.0586
vn -0.0774 -0.9813 -0.1764
vn -0.2088 -0.8945 -0.3954
vn -0.0848 -0.9186 -0.3859
vn -0.0997 -0.3288 0.9391
vn -0.2305 -0.6400 0.7330
vn -0.0150 -0.0248 0.9996
vn -0.0101 -0.0271 0.9996
vn -0.0940 -0.3637 0.9268
vn -0.2020 -0.6835 0.7015
vn 0.0155 0.2836 0.9588
vn -0.0001 0.6194 0.7851
vn 0.0600 0.6572 0.7513
vn 0.0395 0.3149 0.9483
vn 0.0614 0.3342 0.9405
vn -0.0037 -0.0266 0.9996
vn 0.1157 0.6764 0.7274
vn 0.1838 0.6722 0.7171
vn 0.0857 0.3350 0.9383
vn 0.0075 -0.0217 0.9997
vn -0.0790 -0.3835 0.9202
vn -0.1583 -0.7123 0.6838
vn -0.0445 -0.3801 0.9239
vn -0.0746 -0.7236 0.6862
vn 0.3005 0.9538 -0.0000
vn 0.1598 0.9871 -0.0000
vn 0.1588 0.9823 -0.0994
vn 0.2977 0.9507 -0.0865
vn 0.0486 0.9988 -0.0000
vn 0.0492 0.9932 -0.1054
vn 0.0524 0.9660 -0.2531
vn 0.1556 0.9586 -0.2386
vn 0.2868 0.9328 -0.2180
vn -0.0781 0.9969 -0.0000
vn -0.0757 0.9914 -0.1067
vn -0.0647 0.9620 -0.2652
vn -0.0376 0.8670 -0.4968
vn 0.0592 0.8826 -0.4664
vn 0.1458 0.8849 -0.4424
vn 0.2559 0.8695 -0.4225
vn 0.0628 0.3343 -0.9404
vn 0.2209 0.6552 -0.7225
vn -0.0334 0.0076 -0.9994
vn -0.2284 0.0144 -0.9735
vn -0.1363 0.2997 -0.9442
vn 0.0560 0.6228 -0.7804
vn -0.0559 -0.3316 -0.9418
vn -0.0119 -0.6965 -0.7174
vn -0.1459 -0.6349 -0.7587
vn -0.2332 -0.2775 -0.9320
vn -0.5884 -0.1599 -0.7926
vn -0.5897 0.0248 -0.8072
vn -0.5338 -0.4350 -0.7252
vn -0.5391 0.2103 -0.8155
vn -0.4019 0.4864 -0.7758
vn 0.0606 -0.9221 -0.3822
vn 0.1046 -0.9822 -0.1559
vn 0.0778 -0.9803 -0.1817
vn -0.0072 -0.8999 -0.4361
vn 0.1206 -0.9918 -0.0416
vn 0.1245 -0.9922 -0.0000
vn 0.1053 -0.9944 -0.0002
vn 0.1029 -0.9935 -0.0497
vn -0.5623 -0.8161 -0.1335
vn -0.5392 -0.7859 -0.3028
vn -0.5765 -0.8171 -0.0006
vn -0.5145 -0.6858 -0.5147
vn -0.0386 -0.3534 0.9347
vn 0.0063 -0.7089 0.7053
vn -0.0225 -0.0144 0.9996
vn -0.2103 -0.0013 0.9776
vn -0.2072 -0.2965 0.9323
vn -0.1170 -0.6497 0.7512
vn 0.0673 0.3179 0.9457
vn 0.2222 0.6481 0.7284
vn 0.0599 0.6174 0.7844
vn -0.1263 0.2887 0.9491
vn -0.5297 0.2051 0.8230
vn -0.5764 0.0157 0.8170
vn -0.3968 0.4840 0.7799
vn -0.7622 0.2406 0.6010
vn -0.8078 0.1216 0.5768
vn -0.8215 0.0248 0.5696
vn -0.5701 -0.1745 0.8028
vn -0.5085 -0.4552 0.7309
vn -0.8228 -0.0720 0.5637
vn -0.8002 -0.1897 0.5690
vn -0.3718 0.9283 -0.0000
vn -0.3537 0.9181 -0.1789
vn 0.3727 0.9280 -0.0000
vn 0.3711 0.9246 -0.0856
vn 0.3472 0.9084 -0.2329
vn -0.3304 0.8664 -0.3745
vn 0.4288 0.9034 -0.0000
vn 0.4255 0.9021 -0.0715
vn 0.4082 0.8911 -0.1982
vn 0.3517 0.8393 -0.4147
vn 0.2537 0.8404 -0.4788
vn -0.3208 0.7429 -0.5875
vn -0.1237 -0.2556 -0.9588
vn -0.3075 -0.3973 -0.8646
vn 0.0172 -0.2440 -0.9696
vn 0.0106 -0.1388 -0.9903
vn -0.1750 -0.1766 -0.9686
vn -0.4164 -0.3477 -0.8401
vn 0.1617 -0.3999 -0.9022
vn 0.3041 -0.6779 -0.6694
vn 0.4807 -0.5225 -0.7042
vn 0.2187 -0.2517 -0.9428
vn 0.2489 -0.0840 -0.9649
vn -0.0013 -0.0475 -0.9989
vn 0.5836 -0.2627 -0.7684
vn 0.6400 -0.0651 -0.7656
vn 0.2767 0.0108 -0.9609
vn -0.0047 -0.0142 -0.9999
vn -0.2235 -0.1292 -0.9661
vn -0.4910 -0.3265 -0.8077
vn -0.2579 -0.1331 -0.9570
vn -0.5401 -0.3473 -0.7666
vn 0.3888 -0.8687 -0.3068
vn 0.3953 -0.9123 -0.1071
vn 0.6419 -0.7573 -0.1206
vn 0.6221 -0.7100 -0.3300
vn 0.3915 -0.9199 -0.0238
vn 0.3928 -0.9196 -0.0000
vn 0.6440 -0.7650 -0.0000
vn 0.6421 -0.7662 -0.0268
vn 0.8511 -0.5240 -0.0321
vn 0.8483 -0.5096 -0.1438
vn 0.8517 -0.5241 -0.0000
vn 0.9621 -0.2728 -0.0000
vn 0.9622 -0.2704 -0.0339
vn 0.9563 -0.2500 -0.1515
vn 0.8067 -0.4455 -0.3884
vn 0.8973 -0.1857 -0.4004
vn 0.1836 -0.3805 0.9064
vn 0.3414 -0.6522 0.6768
vn 0.0267 -0.2369 0.9712
vn 0.0140 -0.1306 0.9913
vn 0.2248 -0.2298 0.9469
vn 0.4932 -0.4926 0.7170
vn -0.1215 -0.2544 0.9594
vn -0.3075 -0.3974 0.8646
vn -0.4164 -0.3477 0.8401
vn -0.1740 -0.1749 0.9691
vn -0.2234 -0.1287 0.9662
vn -0.0009 -0.0450 0.9990
vn -0.4910 -0.3265 0.8077
vn -0.5401 -0.3472 0.7666
vn -0.2579 -0.1332 0.9569
vn -0.0047 -0.0142 0.9999
vn 0.2491 -0.0773 0.9654
vn 0.5842 -0.2512 0.7717
vn 0.2767 0.0108 0.9609
vn 0.6400 -0.0651 0.7656
vn -0.5171 -0.6233 0.5866
vn -0.5823 -0.7732 0.2510
vn -0.6982 -0.6816 0.2189
vn -0.6380 -0.5669 0.5212
vn -0.5789 -0.8132 0.0589
vn -0.5758 -0.8176 -0.0000
vn -0.6934 -0.7206 -0.0000
vn -0.6962 -0.7161 0.0502
vn -0.7600 -0.6485 0.0430
vn -0.7575 -0.6251 0.1882
vn -0.7587 -0.6515 -0.0000
vn -0.7783 -0.6279 -0.0000
vn -0.7792 -0.6256 0.0376
vn -0.7764 -0.6082 0.1652
vn -0.7031 -0.5350 0.4685
vn -0.7317 -0.5369 0.4200
vn -0.2866 -0.1622 -0.9442
vn -0.5752 -0.3855 -0.7215
vn -0.0034 -0.0133 -0.9999
vn -0.0030 -0.0130 -0.9999
vn -0.3201 -0.1924 -0.9276
vn -0.6100 -0.4209 -0.6714
vn 0.3102 0.0540 -0.9491
vn 0.6853 0.0427 -0.7270
vn 0.7274 0.1224 -0.6752
vn 0.3488 0.0922 -0.9327
vn 0.3922 0.1283 -0.9109
vn -0.0035 -0.0135 -0.9999
vn 0.7663 0.1836 -0.6156
vn 0.8019 0.2298 -0.5515
vn 0.4398 0.1632 -0.8831
vn -0.0055 -0.0153 -0.9999
vn -0.3582 -0.2249 -0.9061
vn -0.6424 -0.4537 -0.6176
vn -0.4003 -0.2601 -0.8787
vn -0.6711 -0.4833 -0.5622
vn 0.9288 -0.0183 -0.3701
vn 0.9881 -0.0624 -0.1403
vn 0.9905 0.0604 -0.1233
vn 0.9401 0.0926 -0.3281
vn 0.9964 -0.0792 -0.0315
vn 0.9966 -0.0820 -0.0000
vn 0.9990 0.0439 -0.0000
vn 0.9985 0.0465 -0.0278
vn 0.9916 0.1269 -0.0238
vn 0.9846 0.1392 -0.1055
vn 0.9922 0.1247 -0.0000
vn 0.9851 0.1721 -0.0000
vn 0.9844 0.1746 -0.0198
vn 0.9784 0.1866 -0.0884
vn 0.9442 0.1662 -0.2842
vn 0.9467 0.2129 -0.2416
vn 0.3102 0.0540 0.9491
vn 0.6852 0.0427 0.7271
vn -0.0034 -0.0133 0.9999
vn -0.0030 -0.0130 0.9999
vn 0.3488 0.0922 0.9327
vn 0.7274 0.1224 0.6752
vn -0.2865 -0.1621 0.9443
vn -0.5752 -0.3855 0.7215
vn -0.6100 -0.4209 0.6714
vn -0.3201 -0.1924 0.9276
vn -0.3582 -0.2249 0.9061
vn -0.0035 -0.0135 0.9999
vn -0.6424 -0.4537 0.6176
vn -0.6711 -0.4833 0.5622
vn -0.4003 -0.2601 0.8787
vn -0.0055 -0.0153 0.9999
vn 0.3922 0.1283 0.9109
vn 0.7663 0.1836 0.6156
vn 0.4398 0.1632 0.8831
vn 0.8019 0.2298 0.5515
vn -0.7432 -0.5536 0.3757
vn -0.7779 -0.6113 0.1455
vn -0.7789 -0.6141 0.1277
vn -0.7528 -0.5675 0.3335
vn -0.7797 -0.6252 0.0331
vn -0.7789 -0.6271 -0.0000
vn -0.7791 -0.6269 -0.0000
vn -0.7798 -0.6253 0.0291
vn -0.7795 -0.6259 0.0254
vn -0.7792 -0.6167 0.1117
vn -0.7788 -0.6273 -0.0000
vn -0.7781 -0.6281 -0.0000
vn -0.7787 -0.6270 0.0225
vn -0.7790 -0.6193 0.0978
vn -0.7604 -0.5790 0.2944
vn -0.7657 -0.5887 0.2591
vn -0.4030 -0.3475 -0.8466
vn -0.6311 -0.5832 -0.5115
vn -0.0202 -0.0241 -0.9995
vn -0.0051 -0.0241 -0.9997
vn -0.3033 -0.4569 -0.8362
vn -0.4757 -0.7300 -0.4907
vn 0.4226 0.2598 -0.8683
vn 0.7558 0.3985 -0.5195
vn 0.5469 0.6647 -0.5089
vn 0.3218 0.4041 -0.8563
vn 0.2194 0.4971 -0.8395
vn 0.0175 0.0065 -0.9998
vn 0.3432 0.7998 -0.4924
vn 0.2270 0.8483 -0.4784
vn 0.1551 0.5460 -0.8233
vn 0.0313 0.0581 -0.9978
vn -0.1871 -0.4967 -0.8475
vn -0.3123 -0.8107 -0.4952
vn -0.1071 -0.4744 -0.8738
vn -0.2004 -0.8316 -0.5180
vn 0.8825 0.4143 -0.2227
vn 0.9123 0.4013 -0.0814
vn 0.6479 0.7574 -0.0806
vn 0.6288 0.7457 -0.2204
vn 0.9186 0.3946 -0.0183
vn 0.9191 0.3940 -0.0000
vn 0.6522 0.7581 -0.0000
vn 0.6520 0.7580 -0.0176
vn 0.3942 0.9189 -0.0129
vn 0.3913 0.9174 -0.0728
vn 0.3949 0.9187 -0.0000
vn 0.2589 0.9659 -0.0000
vn 0.2575 0.9663 -0.0029
vn 0.2541 0.9654 -0.0579
vn 0.3826 0.8998 -0.2098
vn 0.2485 0.9489 -0.1946
vn 0.4226 0.2598 0.8683
vn 0.7558 0.3985 0.5195
vn -0.0202 -0.0241 0.9995
vn -0.0051 -0.0241 0.9997
vn 0.3218 0.4041 0.8563
vn 0.5469 0.6647 0.5089
vn -0.4030 -0.3475 0.8466
vn -0.6311 -0.5831 0.5115
vn -0.4757 -0.7300 0.4907
vn -0.3033 -0.4569 0.8362
vn -0.1871 -0.4967 0.8475
vn 0.0175 0.0064 0.9998
vn -0.3123 -0.8107 0.4952
vn -0.2004 -0.8316 0.5180
vn -0.1071 -0.4744 0.8738
vn 0.0313 0.0581 0.9978
vn 0.2194 0.4971 0.8395
vn 0.3432 0.7999 0.4924
vn 0.1551 0.5460 0.8233
vn 0.2270 0.8483 0.4784
vn -0.7006 -0.6752 0.2310
vn -0.7097 -0.6991 0.0870
vn -0.5352 -0.8408 0.0817
vn -0.5273 -0.8213 0.2179
vn -0.7093 -0.7046 0.0198
vn -0.7089 -0.7053 -0.0000
vn -0.5355 -0.8445 -0.0000
vn -0.5356 -0.8442 0.0186
vn -0.3601 -0.9327 0.0183
vn -0.3591 -0.9298 0.0808
vn -0.3603 -0.9328 -0.0000
vn -0.2388 -0.9711 -0.0000
vn -0.2386 -0.9709 0.0187
vn -0.2375 -0.9678 0.0830
vn -0.3518 -0.9106 0.2171
vn -0.2314 -0.9465 0.2247
vn -0.0641 -0.4243 -0.9033
vn -0.1424 -0.8252 -0.5466
vn 0.0403 0.1176 -0.9922
vn 0.0480 0.1859 -0.9814
vn -0.0405 -0.3587 -0.9326
vn -0.1147 -0.8084 -0.5773
vn 0.1256 0.5801 -0.8048
vn 0.1742 0.8704 -0.4604
vn 0.1515 0.8882 -0.4338
vn 0.1142 0.6155 -0.7798
vn 0.1109 0.6546 -0.7478
vn 0.0560 0.2606 -0.9638
vn 0.1413 0.9064 -0.3980
vn -0.0718 0.3354 -0.9393
vn -0.0389 0.4417 -0.8963
vn -0.0243 -0.2826 -0.9589
vn -0.1002 -0.7872 -0.6085
vn -0.0444 -0.1890 -0.9810
vn 0.1886 0.9671 -0.1707
vn 0.1934 0.9805 -0.0341
vn 0.1666 0.9860 0.0006
vn 0.1622 0.9775 -0.1350
vn 0.1976 0.9802 0.0129
vn 0.1994 0.9799 -0.0000
vn 0.1738 0.9848 -0.0000
vn 0.1714 0.9845 0.0360
vn 0.1589 0.9851 0.0662
vn 0.1534 0.9871 0.0459
vn 0.1620 0.9868 -0.0000
vn 0.0571 0.9943 0.0902
vn 0.1494 0.9849 -0.0879
vn 0.1256 0.5801 0.8048
vn 0.1742 0.8704 0.4605
vn 0.0403 0.1176 0.9922
vn 0.0480 0.1859 0.9814
vn 0.1142 0.6155 0.7798
vn 0.1515 0.8882 0.4338
vn -0.0641 -0.4243 0.9033
vn -0.1424 -0.8252 0.5466
vn -0.1147 -0.8084 0.5773
vn -0.0405 -0.3587 0.9326
vn -0.0243 -0.2826 0.9589
vn 0.0560 0.2606 0.9638
vn -0.1002 -0.7872 0.6085
vn -0.0444 -0.1890 0.9810
vn 0.1109 0.6546 0.7478
vn 0.1413 0.9064 0.3980
vn -0.0734 0.3358 0.9391
vn -0.1692 -0.9572 0.2346
vn -0.1744 -0.9809 0.0859
vn -0.1454 -0.9854 0.0884
vn -0.1406 -0.9595 0.2442
vn -0.1753 -0.9843 0.0193
vn -0.1755 -0.9845 -0.0000
vn -0.1464 -0.9892 -0.0000
vn -0.1461 -0.9891 0.0197
vn -0.1325 -0.9910 0.0202
vn -0.1318 -0.9871 0.0904
vn -0.1327 -0.9912 -0.0000
vn -0.2293 -0.9734 -0.0000
vn -0.1271 -0.9591 0.2530
vn -0.4504 -0.3139 0.8358
vn -0.2045 -0.1427 0.9684
vn -0.7170 -0.5002 0.4856
vn -0.7567 -0.4148 0.5054
vn -0.4629 -0.2554 0.8488
vn -0.2071 -0.1160 0.9714
vn -0.8146 -0.5666 0.1243
vn -0.8220 -0.5695 -0.0000
vn -0.8790 -0.4768 -0.0000
vn -0.8705 -0.4744 0.1309
vn -0.9241 -0.3567 0.1371
vn -0.7933 -0.3097 0.5241
vn -0.9335 -0.3585 -0.0000
vn -0.4734 -0.1889 0.8603
vn -0.2089 -0.0869 0.9741
vn 0.0755 0.0565 0.9955
vn 0.2017 0.1521 0.9676
vn -0.0004 0.0005 1.0000
vn -0.0000 0.0010 1.0000
vn 0.0764 0.0502 0.9958
vn 0.2038 0.1374 0.9693
vn -0.0767 -0.0538 0.9956
vn -0.0772 -0.0443 0.9960
vn -0.0775 -0.0341 0.9964
vn 0.0003 0.0013 1.0000
vn 0.0771 0.0431 0.9961
vn 0.2051 0.1205 0.9713
vn 0.8463 0.5327 -0.0000
vn 0.8401 0.5268 0.1294
vn 0.8187 0.5743 -0.0000
vn 0.8130 0.5687 0.1250
vn 0.7165 0.4983 0.4882
vn 0.7351 0.4568 0.5010
vn 0.7935 0.6085 -0.0000
vn 0.7883 0.6031 0.1216
vn 0.6985 0.5328 0.4778
vn 0.4430 0.3366 0.8309
vn 0.4494 0.3092 0.8381
vn 0.4546 0.2771 0.8465
vn -0.0767 -0.0538 -0.9956
vn -0.2045 -0.1427 -0.9684
vn -0.0004 0.0005 -1.0000
vn -0.0000 0.0010 -1.0000
vn -0.0772 -0.0443 -0.9960
vn -0.2071 -0.1160 -0.9714
vn 0.0755 0.0565 -0.9955
vn 0.2017 0.1521 -0.9676
vn 0.2038 0.1374 -0.9693
vn 0.0764 0.0502 -0.9958
vn 0.0771 0.0431 -0.9961
vn 0.0002 0.0013 -1.0000
vn 0.2051 0.1205 -0.9713
vn -0.0775 -0.0341 -0.9964
vn -0.2089 -0.0869 -0.9741
vn 0.0765 -0.9897 -0.1214
vn 0.1973 -0.9699 -0.1430
vn 0.0304 -0.9927 -0.1166
vn 0.0283 -0.9996 -0.0000
vn 0.0720 -0.9974 -0.0000
vn 0.1899 -0.9818 -0.0000
vn 0.0102 -0.9927 -0.1205
vn 0.0032 -0.9920 -0.1258
vn 0.0020 -1.0000 -0.0001
vn 0.0087 -1.0000 -0.0001
vn 0.0103 -0.9937 0.1112
vn 0.0305 -0.9937 0.1074
vn 0.0033 -0.9932 0.1161
vn 0.0767 -0.9908 0.1115
vn 0.1983 -0.9714 0.1308
vn -0.0073 -0.9916 -0.1294
vn -0.0417 -0.9904 -0.1315
vn -0.0403 -0.9992 -0.0001
vn -0.0077 -1.0000 -0.0001
vn -0.1157 -0.9837 -0.1374
vn -0.2607 -0.9544 -0.1457
vn -0.2506 -0.9681 -0.0000
vn -0.1098 -0.9940 -0.0000
vn -0.1160 -0.9852 0.1262
vn -0.0418 -0.9918 0.1211
vn -0.2616 -0.9559 0.1334
vn -0.0073 -0.9928 0.1194
vn 0.0497 0.9943 -0.0943
vn 0.0418 0.9951 -0.0897
vn 0.0667 0.9927 -0.1006
vn 0.0676 0.9977 -0.0000
vn 0.0510 0.9987 -0.0000
vn 0.0432 0.9991 -0.0000
vn 0.1012 0.9884 -0.1130
vn 0.1827 0.9738 -0.1350
vn 0.1813 0.9834 -0.0000
vn 0.1009 0.9949 -0.0000
vn 0.1015 0.9893 0.1045
vn 0.0667 0.9934 0.0933
vn 0.1839 0.9751 0.1243
vn 0.0496 0.9949 0.0876
vn 0.0418 0.9957 0.0833
vn -0.0595 0.9947 -0.0834
vn -0.1782 0.9798 -0.0903
vn 0.0005 0.9966 -0.0822
vn 0.0026 1.0000 -0.0000
vn -0.0549 0.9985 -0.0000
vn -0.1711 0.9853 -0.0000
vn 0.0303 0.9959 -0.0855
vn 0.0318 0.9995 -0.0000
vn 0.0303 0.9964 0.0794
vn 0.0004 0.9971 0.0763
vn -0.0598 0.9952 0.0771
vn -0.1793 0.9803 0.0831
vn 0.9201 0.3317 -0.2082
vn 0.8621 0.4620 -0.2081
vn 0.9369 0.3496 -0.0000
vn 0.8737 0.4865 -0.0001
vn 0.6467 0.7627 -0.0001
vn 0.6528 0.7347 -0.1844
vn 0.9230 0.3322 0.1940
vn 0.8651 0.4628 0.1933
vn 0.6552 0.7359 0.1708
vn 0.3829 0.9117 0.1493
vn 0.3661 0.9306 -0.0000
vn 0.3813 0.9101 -0.1621
vn 0.5224 -0.8326 -0.1841
vn 0.5016 -0.8651 -0.0000
vn 0.9258 -0.3779 -0.0001
vn 0.9100 -0.3522 -0.2187
vn 0.5235 -0.8351 0.1689
vn 0.9131 -0.3541 0.2022
vn 0.9646 0.1727 0.1991
vn 0.9830 0.1838 -0.0001
vn 0.9613 0.1729 -0.2144
vn -0.4792 -0.8683 0.1281
vn -0.4630 -0.8864 -0.0000
vn -0.6871 -0.7266 -0.0000
vn -0.6945 -0.7096 0.1187
vn -0.4785 -0.8670 -0.1394
vn -0.6935 -0.7090 -0.1283
vn -0.8923 -0.4310 -0.1347
vn -0.8959 -0.4442 -0.0000
vn -0.9904 -0.0139 -0.1372
vn -0.9999 -0.0144 -0.0000
vn -0.8936 -0.4312 0.1249
vn -0.9918 -0.0139 0.1273
vn -0.8853 0.4512 0.1121
vn -0.8857 0.4643 -0.0000
vn -0.6197 0.7849 -0.0000
vn -0.6307 0.7707 0.0911
vn -0.8841 0.4514 -0.1209
vn -0.6294 0.7708 -0.0983
vn -0.3825 0.9192 -0.0941
vn -0.3677 0.9300 -0.0000
vn -0.3836 0.9194 0.0867
vn -0.7188 0.6864 0.1106
vn -0.7311 0.6808 0.0462
vn -0.8610 0.5051 0.0598
vn -0.8405 0.5210 0.1484
vn -0.7329 0.6802 0.0105
vn -0.7322 0.6811 -0.0000
vn -0.8627 0.5058 -0.0000
vn -0.8633 0.5045 0.0138
vn -0.9343 0.3561 0.0166
vn -0.9317 0.3564 0.0705
vn -0.9342 0.3569 -0.0000
vn -0.9581 0.2864 -0.0000
vn -0.9580 0.2863 0.0181
vn -0.9550 0.2869 0.0750
vn -0.9136 0.3678 0.1734
vn -0.9387 0.2926 0.1820
vn -0.9481 0.2573 0.1866
vn -0.9628 0.2588 0.0771
vn -0.9732 0.2155 0.0804
vn -0.9582 0.2102 0.1938
vn -0.9654 0.2603 0.0185
vn -0.9653 0.2610 -0.0000
vn -0.9758 0.2187 -0.0000
vn -0.9758 0.2179 0.0192
vn -0.9870 0.1593 0.0203
vn -0.9839 0.1578 0.0839
vn -0.9871 0.1601 -0.0000
vn -0.9960 0.0888 -0.0000
vn -0.9958 0.0887 0.0207
vn -0.9923 0.0889 0.0866
vn -0.9675 0.1528 0.2016
vn -0.9742 0.0887 0.2073
vn -0.9771 0.0362 0.2096
vn -0.9957 0.0310 0.0876
vn -0.9962 0.0011 0.0870
vn -0.9780 0.0088 0.2083
vn -0.9994 0.0290 0.0212
vn -0.9996 0.0286 -0.0000
vn -1.0000 -0.0027 -0.0000
vn -0.9998 -0.0021 0.0211
vn -0.9998 -0.0057 0.0208
vn -0.9963 -0.0025 0.0859
vn -1.0000 -0.0064 -0.0000
vn -0.9999 0.0166 -0.0000
vn -0.9996 0.0171 0.0205
vn -0.9962 0.0193 0.0846
vn -0.9786 0.0052 0.2056
vn -0.9789 0.0246 0.2029
vn -0.9784 0.0476 0.2012
vn -0.9954 0.0464 0.0839
vn -0.9948 0.0581 0.0835
vn -0.9780 0.0549 0.2010
vn -0.9988 0.0453 0.0203
vn -0.9990 0.0451 -0.0000
vn -0.9983 0.0582 -0.0000
vn -0.9981 0.0585 0.0199
vn -0.9982 0.0572 0.0201
vn -0.9949 0.0558 0.0835
vn -0.9984 0.0571 -0.0000
vn -0.9990 0.0448 -0.0000
vn -0.9988 0.0448 0.0199
vn -0.9956 0.0431 0.0838
vn -0.9782 0.0484 0.2021
vn -0.9784 0.0318 0.2044
vn -0.9784 -0.0309 0.2043
vn -0.9964 -0.0186 0.0822
vn -0.9839 -0.1613 0.0764
vn -0.9654 -0.1751 0.1933
vn -0.9996 -0.0183 0.0193
vn -0.9998 -0.0191 -0.0000
vn -0.9864 -0.1642 -0.0000
vn -0.9865 -0.1626 0.0175
vn -0.9312 -0.3643 0.0151
vn -0.9295 -0.3628 0.0669
vn -0.9307 -0.3657 -0.0000
vn -0.9163 -0.3654 0.1640
vn -0.3283 0.9442 -0.0254
vn -0.4616 0.8867 -0.0251
vn -0.2614 0.9649 -0.0254
vn -0.2603 0.9597 -0.1056
vn -0.3272 0.9390 -0.1055
vn -0.4597 0.8819 -0.1043
vn -0.2162 0.9760 -0.0260
vn -0.1765 0.9839 -0.0270
vn -0.1749 0.9782 -0.1121
vn -0.2149 0.9707 -0.1073
vn -0.2095 0.9444 -0.2534
vn -0.2549 0.9342 -0.2494
vn -0.1692 0.9495 -0.2641
vn -0.3208 0.9138 -0.2492
vn -0.4500 0.8584 -0.2465
vn -0.8224 0.5686 -0.0157
vn -0.4643 0.8855 -0.0186
vn -0.8557 0.5171 -0.0174
vn -0.8495 0.5224 -0.0736
vn -0.8149 0.5758 -0.0667
vn -0.4557 0.8867 -0.0782
vn -0.6883 0.7251 -0.0227
vn -0.6838 0.7235 -0.0945
vn -0.6667 0.7104 -0.2254
vn -0.8283 0.5303 -0.1809
vn -0.7884 0.5923 -0.1664
vn -0.4278 0.8836 -0.1906
vn -0.0601 0.9981 -0.0119
vn -0.0889 0.9960 -0.0093
vn -0.0873 0.9961 -0.0146
vn -0.0812 0.9948 -0.0613
vn -0.0551 0.9973 -0.0494
vn -0.0853 0.9956 -0.0394
vn -0.1866 0.9823 -0.0175
vn -0.1794 0.9811 -0.0732
vn -0.1596 0.9712 -0.1772
vn -0.0656 0.9866 -0.1491
vn -0.0426 0.9918 -0.1207
vn -0.0768 0.9922 -0.0977
vn -0.3987 0.9171 -0.0065
vn -0.5637 0.8259 -0.0078
vn -0.2647 0.9643 -0.0067
vn -0.2630 0.9644 -0.0290
vn -0.3985 0.9167 -0.0290
vn -0.5640 0.8251 -0.0350
vn -0.1639 0.9864 -0.0077
vn -0.1617 0.9863 -0.0327
vn -0.1581 0.9839 -0.0830
vn -0.2632 0.9618 -0.0758
vn -0.3975 0.9148 -0.0723
vn -0.5614 0.8236 -0.0805
vn -0.9343 0.3560 -0.0166
vn -0.9579 0.2867 -0.0178
vn -0.8633 0.5045 -0.0138
vn -0.8610 0.5051 -0.0598
vn -0.9317 0.3564 -0.0705
vn -0.9550 0.2869 -0.0750
vn -0.7329 0.6802 -0.0105
vn -0.7310 0.6808 -0.0462
vn -0.7188 0.6864 -0.1106
vn -0.8405 0.5210 -0.1484
vn -0.9136 0.3678 -0.1734
vn -0.9387 0.2926 -0.1820
vn -0.9870 0.1593 -0.0203
vn -0.9958 0.0891 -0.0210
vn -0.9758 0.2180 -0.0192
vn -0.9732 0.2156 -0.0804
vn -0.9839 0.1577 -0.0839
vn -0.9923 0.0889 -0.0867
vn -0.9653 0.2606 -0.0183
vn -0.9628 0.2588 -0.0771
vn -0.9481 0.2573 -0.1865
vn -0.9582 0.2102 -0.1938
vn -0.9675 0.1528 -0.2016
vn -0.9742 0.0887 -0.2073
vn -0.9998 -0.0057 -0.0208
vn -0.9996 0.0171 -0.0205
vn -0.9998 -0.0021 -0.0211
vn -0.9962 0.0011 -0.0871
vn -0.9963 -0.0025 -0.0860
vn -0.9962 0.0193 -0.0848
vn -0.9994 0.0288 -0.0209
vn -0.9957 0.0310 -0.0877
vn -0.9771 0.0362 -0.2096
vn -0.9780 0.0088 -0.2083
vn -0.9786 0.0052 -0.2057
vn -0.9789 0.0246 -0.2030
vn -0.9982 0.0571 -0.0201
vn -0.9988 0.0448 -0.0199
vn -0.9981 0.0583 -0.0202
vn -0.9948 0.0581 -0.0834
vn -0.9949 0.0558 -0.0835
vn -0.9955 0.0431 -0.0838
vn -0.9988 0.0453 -0.0203
vn -0.9954 0.0464 -0.0839
vn -0.9784 0.0476 -0.2013
vn -0.9780 0.0549 -0.2010
vn -0.9782 0.0484 -0.2020
vn -0.9784 0.0318 -0.2045
vn -0.9312 -0.3643 -0.0151
vn -0.8166 -0.5770 -0.0131
vn -0.9865 -0.1626 -0.0176
vn -0.9839 -0.1614 -0.0764
vn -0.9295 -0.3628 -0.0669
vn -0.8156 -0.5756 -0.0586
vn -0.9996 -0.0183 -0.0193
vn -0.9964 -0.0186 -0.0822
vn -0.9784 -0.0309 -0.2043
vn -0.9654 -0.1751 -0.1933
vn -0.9163 -0.3654 -0.1640
vn -0.8087 -0.5719 -0.1375
vn -0.3820 -0.9026 -0.1985
vn -0.4430 -0.8769 -0.1865
vn -0.3906 -0.9170 -0.0813
vn -0.4531 -0.8883 -0.0747
vn -0.5434 -0.8369 -0.0657
vn -0.5341 -0.8283 -0.1692
vn -0.3934 -0.9192 -0.0193
vn -0.4572 -0.8892 -0.0175
vn -0.5485 -0.8360 -0.0151
vn -0.6726 -0.7399 -0.0131
vn -0.6694 -0.7407 -0.0581
vn -0.6602 -0.7367 -0.1463
vn -0.2857 -0.9336 -0.2163
vn -0.3013 -0.9295 -0.2129
vn -0.2927 -0.9519 -0.0907
vn -0.3079 -0.9472 -0.0891
vn -0.3261 -0.9413 -0.0876
vn -0.3193 -0.9241 -0.2098
vn -0.2943 -0.9555 -0.0219
vn -0.3093 -0.9507 -0.0217
vn -0.3279 -0.9445 -0.0213
vn -0.3531 -0.9354 -0.0204
vn -0.3510 -0.9325 -0.0853
vn -0.3438 -0.9163 -0.2056
vn -0.5153 -0.8079 -0.2860
vn -0.3951 -0.8808 -0.2609
vn -0.5248 -0.8443 -0.1083
vn -0.4085 -0.9067 -0.1046
vn -0.3314 -0.9385 -0.0972
vn -0.3198 -0.9184 -0.2330
vn -0.5223 -0.8524 -0.0261
vn -0.4117 -0.9110 -0.0254
vn -0.3345 -0.9421 -0.0234
vn -0.2961 -0.9549 -0.0222
vn -0.2943 -0.9512 -0.0927
vn -0.2861 -0.9322 -0.2216
vn -0.7625 -0.6469 -0.0110
vn -0.8054 -0.5927 -0.0091
vn -0.7053 -0.7087 -0.0165
vn -0.7118 -0.6985 -0.0733
vn -0.7660 -0.6408 -0.0508
vn -0.8047 -0.5923 -0.0409
vn -0.6277 -0.7782 -0.0226
vn -0.6356 -0.7659 -0.0967
vn -0.6386 -0.7200 -0.2715
vn -0.7180 -0.6645 -0.2074
vn -0.7688 -0.6222 -0.1476
vn -0.8004 -0.5890 -0.1116
vn -0.7930 -0.5863 -0.1655
vn -0.7430 -0.6142 -0.2658
vn -0.7900 -0.6054 -0.0966
vn -0.8165 -0.5746 -0.0561
vn -0.6459 -0.6659 -0.3734
vn -0.4950 -0.7368 -0.4605
vn -0.5693 -0.7969 -0.2022
vn -0.7151 -0.6826 -0.1505
vn -0.7361 -0.6760 -0.0346
vn -0.8039 -0.5944 -0.0213
vn -0.5929 -0.8038 -0.0484
vn -0.8233 -0.5675 -0.0122
vn -0.3485 -0.7858 -0.5109
vn -0.2729 -0.8000 -0.5343
vn -0.3217 -0.9136 -0.2488
vn -0.4097 -0.8816 -0.2345
vn -0.2703 -0.7825 -0.5610
vn -0.3571 -0.7188 -0.5964
vn -0.4189 -0.8693 -0.2622
vn -0.3178 -0.9129 -0.2562
vn -0.3272 -0.9429 -0.0628
vn -0.3356 -0.9400 -0.0612
vn -0.4231 -0.9039 -0.0633
vn -0.4286 -0.9017 -0.0574
vn -0.7600 -0.6485 -0.0430
vn -0.7792 -0.6256 -0.0376
vn -0.6962 -0.7161 -0.0503
vn -0.6982 -0.6816 -0.2188
vn -0.7575 -0.6251 -0.1882
vn -0.7764 -0.6082 -0.1652
vn -0.5789 -0.8132 -0.0589
vn -0.5823 -0.7732 -0.2510
vn -0.5171 -0.6233 -0.5866
vn -0.6379 -0.5669 -0.5212
vn -0.7031 -0.5350 -0.4685
vn -0.7317 -0.5369 -0.4200
vn -0.7795 -0.6259 -0.0255
vn -0.7787 -0.6270 -0.0223
vn -0.7798 -0.6253 -0.0292
vn -0.7789 -0.6141 -0.1277
vn -0.7792 -0.6167 -0.1117
vn -0.7790 -0.6193 -0.0978
vn -0.7797 -0.6252 -0.0331
vn -0.7779 -0.6113 -0.1455
vn -0.7432 -0.5536 -0.3757
vn -0.7529 -0.5675 -0.3334
vn -0.7604 -0.5790 -0.2944
vn -0.7657 -0.5887 -0.2591
vn -0.3601 -0.9327 -0.0183
vn -0.2386 -0.9709 -0.0187
vn -0.5356 -0.8443 -0.0186
vn -0.5352 -0.8408 -0.0817
vn -0.3591 -0.9298 -0.0808
vn -0.2375 -0.9678 -0.0830
vn -0.7093 -0.7046 -0.0198
vn -0.7097 -0.6991 -0.0870
vn -0.7006 -0.6752 -0.2309
vn -0.5273 -0.8213 -0.2179
vn -0.3518 -0.9106 -0.2171
vn -0.2314 -0.9465 -0.2247
vn -0.1325 -0.9910 -0.0201
vn -0.1461 -0.9891 -0.0197
vn -0.1454 -0.9854 -0.0885
vn -0.1318 -0.9871 -0.0905
vn -0.2285 -0.9683 -0.1005
vn -0.1753 -0.9843 -0.0193
vn -0.1744 -0.9809 -0.0859
vn -0.1692 -0.9573 -0.2345
vn -0.1406 -0.9595 -0.2442
vn -0.1271 -0.9591 -0.2530
vn -0.7187 -0.6866 -0.1098
vn -0.7639 -0.6344 -0.1185
vn -0.6796 -0.7283 -0.0885
vn -0.6023 -0.7156 -0.3539
vn -0.6410 -0.6315 -0.4362
vn -0.6799 -0.5652 -0.4673
vn -0.6538 -0.7550 -0.0513
vn -0.5817 -0.7847 -0.2141
vn -0.3909 -0.7402 -0.5471
vn -0.3945 -0.5345 -0.7474
vn -0.2052 -0.9261 -0.3167
vn -0.4169 -0.4247 -0.8036
vn -0.4377 -0.3620 -0.8230
vn -0.9241 -0.3567 -0.1371
vn -0.9659 -0.2165 -0.1423
vn -0.8705 -0.4744 -0.1308
vn -0.7567 -0.4148 -0.5054
vn -0.7933 -0.3097 -0.5241
vn -0.8208 -0.1887 -0.5392
vn -0.8146 -0.5666 -0.1243
vn -0.7170 -0.5002 -0.4856
vn -0.4504 -0.3139 -0.8358
vn -0.4629 -0.2554 -0.8488
vn -0.4734 -0.1889 -0.8603
vn -0.4801 -0.1172 -0.8694
vn -0.9840 -0.0916 -0.1528
vn -0.9686 -0.1939 -0.1554
vn -0.9866 -0.0673 -0.1488
vn -0.8293 -0.0639 -0.5552
vn -0.8211 -0.0851 -0.5644
vn -0.8043 -0.1707 -0.5692
vn -0.9836 -0.1072 -0.1454
vn -0.8317 -0.0967 -0.5468
vn -0.4823 -0.0654 -0.8736
vn -0.4763 -0.0482 -0.8780
vn -0.4663 -0.0622 -0.8825
vn -0.4535 -0.1138 -0.8839
vn -0.3473 -0.9349 -0.0735
vn -0.1292 -0.9905 -0.0481
vn -0.6571 -0.7449 -0.1160
vn -0.5877 -0.6658 -0.4597
vn -0.3315 -0.8887 -0.3167
vn -0.1270 -0.9685 -0.2142
vn -0.8917 -0.4279 -0.1478
vn -0.7516 -0.3680 -0.5474
vn -0.4326 -0.2365 -0.8700
vn -0.3688 -0.4622 -0.8064
vn -0.2409 -0.7191 -0.6518
vn -0.0991 -0.8804 -0.4637
vn 0.0018 -0.9054 -0.4246
vn 0.0818 -0.8901 -0.4483
vn 0.0840 -0.9799 -0.1809
vn -0.0077 -0.9838 -0.1790
vn 0.1683 -0.8625 -0.4772
vn 0.2943 -0.7715 -0.5642
vn 0.3680 -0.8860 -0.2822
vn 0.1911 -0.9583 -0.2125
vn 0.1919 -0.9803 -0.0477
vn 0.0831 -0.9957 -0.0411
vn 0.3823 -0.9218 -0.0648
vn -0.0080 -0.9992 -0.0403
vn 0.4633 0.0652 -0.8838
vn 0.4787 -0.0323 -0.8774
vn 0.8101 0.1396 -0.5694
vn 0.8282 -0.0211 -0.5600
vn 0.7992 -0.3143 -0.5124
vn 0.4858 -0.2271 -0.8440
vn 0.9718 0.1772 -0.1555
vn 0.9881 -0.0162 -0.1527
vn 0.9246 -0.3562 -0.1350
vn 0.6843 -0.7225 -0.0988
vn 0.6259 -0.6676 -0.4031
vn 0.4304 -0.5135 -0.7424
vn 0.4569 0.2425 -0.8558
vn 0.4571 0.2066 -0.8651
vn 0.7515 0.4110 -0.5161
vn 0.7658 0.3613 -0.5321
vn 0.7795 0.3032 -0.5482
vn 0.4567 0.1672 -0.8738
vn 0.8667 0.4803 -0.1346
vn 0.8925 0.4285 -0.1406
vn 0.9191 0.3657 -0.1467
vn 0.9463 0.2851 -0.1522
vn 0.7942 0.2318 -0.5617
vn 0.4582 0.1215 -0.8805
vn 0.4369 0.3566 -0.8258
vn 0.4430 0.3366 -0.8309
vn 0.6839 0.5572 -0.4709
vn 0.6985 0.5328 -0.4778
vn 0.7165 0.4983 -0.4882
vn 0.4494 0.3092 -0.8381
vn 0.7696 0.6272 -0.1194
vn 0.7883 0.6031 -0.1217
vn 0.8130 0.5687 -0.1251
vn 0.8400 0.5269 -0.1294
vn 0.7351 0.4568 -0.5010
vn 0.4546 0.2771 -0.8465
vn 0.4504 0.1275 -0.8837
vn 0.4481 0.2304 -0.8638
vn 0.8053 0.1837 -0.5637
vn 0.7649 0.3650 -0.5308
vn 0.7159 0.4916 -0.4958
vn 0.4405 0.3109 -0.8422
vn 0.9674 0.2039 -0.1505
vn 0.8987 0.4160 -0.1393
vn 0.8211 0.5563 -0.1275
vn 0.7742 0.6213 -0.1206
vn 0.6853 0.5524 -0.4745
vn 0.4348 0.3534 -0.8283
vn 0.4804 -0.2288 -0.8467
vn 0.4544 -0.1283 -0.8815
vn 0.8026 -0.3038 -0.5133
vn 0.8059 -0.2075 -0.5545
vn 0.8123 -0.1062 -0.5735
vn 0.4461 -0.0468 -0.8938
vn 0.9359 -0.3254 -0.1349
vn 0.9599 -0.2386 -0.1472
vn 0.9791 -0.1337 -0.1534
vn 0.9880 0.0061 -0.1545
vn 0.8172 0.0171 -0.5762
vn 0.4483 0.0335 -0.8933
vn 0.2486 -0.6889 -0.6809
vn 0.4244 -0.6009 -0.6774
vn 0.3470 -0.8836 -0.3144
vn 0.5572 -0.7615 -0.3312
vn 0.7081 -0.6013 -0.3703
vn 0.5128 -0.5043 -0.6947
vn 0.3867 -0.9190 -0.0766
vn 0.5998 -0.7961 -0.0804
vn 0.7790 -0.6202 -0.0922
vn 0.8879 -0.4456 -0.1143
vn 0.7829 -0.4360 -0.4438
vn 0.5126 -0.3650 -0.7772
vn 0.0846 -0.7524 -0.6532
vn -0.0041 -0.7983 -0.6023
vn 0.0969 -0.9580 -0.2700
vn 0.1834 -0.9371 -0.2969
vn -0.0292 -0.8448 -0.5343
vn 0.0010 -0.8876 -0.4607
vn 0.0485 -0.9807 -0.1893
vn 0.0555 -0.9715 -0.2304
vn 0.0962 -0.9939 -0.0545
vn 0.1456 -0.9872 -0.0652
vn 0.0708 -0.9965 -0.0443
vn 0.2316 -0.9701 -0.0729
vn 0.0769 -0.9192 -0.3862
vn 0.1786 -0.9317 -0.3162
vn 0.1517 -0.9808 -0.1227
vn 0.0772 -0.9854 -0.1519
vn 0.3023 -0.9207 -0.2467
vn 0.4338 -0.8773 -0.2053
vn 0.4170 -0.9046 -0.0883
vn 0.2770 -0.9557 -0.0992
vn 0.2631 -0.9645 -0.0223
vn 0.1393 -0.9899 -0.0278
vn 0.4066 -0.9134 -0.0200
vn 0.0771 -0.9964 -0.0349
vn 0.6625 -0.7480 -0.0396
vn 0.7210 -0.6911 -0.0503
vn 0.5973 -0.8015 -0.0299
vn 0.6049 -0.7859 -0.1282
vn 0.6649 -0.7281 -0.1666
vn 0.7159 -0.6665 -0.2079
vn 0.5170 -0.8557 -0.0227
vn 0.5262 -0.8446 -0.0991
vn 0.5383 -0.8067 -0.2441
vn 0.6047 -0.7315 -0.3150
vn 0.6449 -0.6561 -0.3920
vn 0.6684 -0.5786 -0.4674
vn 0.8538 -0.5146 -0.0785
vn 0.8894 -0.4491 -0.0854
vn 0.8156 -0.5744 -0.0699
vn 0.7912 -0.5423 -0.2826
vn 0.8189 -0.4811 -0.3128
vn 0.8443 -0.4164 -0.3372
vn 0.7725 -0.6322 -0.0606
vn 0.7582 -0.6034 -0.2472
vn 0.6796 -0.5035 -0.5335
vn 0.6822 -0.4365 -0.5866
vn 0.6820 -0.3753 -0.6277
vn 0.6831 -0.3170 -0.6579
vn 0.9722 -0.2133 -0.0965
vn 0.9872 -0.1266 -0.0970
vn 0.9503 -0.2968 -0.0944
vn 0.8891 -0.2723 -0.3678
vn 0.9064 -0.1953 -0.3745
vn 0.9192 -0.1161 -0.3762
vn 0.9223 -0.3757 -0.0908
vn 0.8682 -0.3462 -0.3556
vn 0.6867 -0.2589 -0.6793
vn 0.6924 -0.2012 -0.6928
vn 0.6995 -0.1434 -0.7001
vn 0.7073 -0.0850 -0.7018
vn 0.9832 0.1590 -0.0893
vn 0.9645 0.2505 -0.0841
vn 0.9937 0.0621 -0.0934
vn 0.9295 0.0572 -0.3643
vn 0.9245 0.1478 -0.3514
vn 0.9125 0.2346 -0.3351
vn 0.9948 -0.0349 -0.0960
vn 0.9274 -0.0323 -0.3727
vn 0.7156 -0.0228 -0.6981
vn 0.7230 0.0460 -0.6893
vn 0.7274 0.1186 -0.6759
vn 0.7273 0.1913 -0.6592
vn 0.6722 0.7389 -0.0463
vn 0.4784 0.8774 -0.0348
vn 0.8310 0.5528 -0.0619
vn 0.8066 0.5307 -0.2604
vn 0.6611 0.7227 -0.2018
vn 0.4749 0.8663 -0.1549
vn 0.9245 0.3735 -0.0757
vn 0.8837 0.3525 -0.3079
vn 0.7193 0.2949 -0.6290
vn 0.6814 0.4654 -0.5649
vn 0.5897 0.6646 -0.4589
vn 0.4452 0.8259 -0.3459
vn 0.1660 0.9857 -0.0293
vn 0.1143 0.9930 -0.0284
vn 0.2316 0.9724 -0.0291
vn 0.2304 0.9649 -0.1256
vn 0.1660 0.9783 -0.1236
vn 0.1158 0.9862 -0.1186
vn 0.3264 0.9448 -0.0298
vn 0.3251 0.9365 -0.1315
vn 0.3129 0.8962 -0.3145
vn 0.2274 0.9231 -0.3100
vn 0.1659 0.9396 -0.2994
vn 0.1188 0.9516 -0.2833
vn 0.0938 0.9953 -0.0221
vn 0.1349 0.9907 -0.0197
vn 0.0716 0.9971 -0.0243
vn 0.0737 0.9921 -0.1015
vn 0.0957 0.9911 -0.0920
vn 0.1364 0.9872 -0.0820
vn 0.0782 0.9966 -0.0264
vn 0.0803 0.9906 -0.1106
vn 0.0851 0.9610 -0.2630
vn 0.0785 0.9673 -0.2413
vn 0.0994 0.9706 -0.2192
vn 0.1391 0.9707 -0.1958
vn 0.2332 0.9723 -0.0131
vn 0.2748 0.9614 -0.0116
vn 0.2029 0.9791 -0.0152
vn 0.2037 0.9770 -0.0624
vn 0.2337 0.9708 -0.0543
vn 0.2745 0.9604 -0.0484
vn 0.1729 0.9848 -0.0173
vn 0.1741 0.9821 -0.0719
vn 0.1762 0.9693 -0.1716
vn 0.2052 0.9673 -0.1490
vn 0.2339 0.9635 -0.1301
vn 0.2719 0.9552 -0.1169
vn 0.3245 0.9458 -0.0159
vn 0.2243 0.9743 -0.0211
vn 0.3516 0.9361 -0.0124
vn 0.3469 0.9364 -0.0524
vn 0.3182 0.9456 -0.0675
vn 0.2187 0.9717 -0.0887
vn 0.3245 0.9458 -0.0111
vn 0.3223 0.9455 -0.0466
vn 0.3147 0.9422 -0.1149
vn 0.3337 0.9335 -0.1311
vn 0.3013 0.9387 -0.1675
vn 0.2046 0.9549 -0.2152
vn -0.0025 0.9996 -0.0279
vn -0.0152 0.9995 -0.0283
vn 0.0378 0.9989 -0.0271
vn 0.0368 0.9929 -0.1130
vn -0.0025 0.9932 -0.1162
vn -0.0148 0.9931 -0.1163
vn 0.1122 0.9934 -0.0251
vn 0.1093 0.9885 -0.1048
vn 0.1019 0.9629 -0.2499
vn 0.0342 0.9630 -0.2673
vn -0.0022 0.9618 -0.2739
vn -0.0135 0.9616 -0.2743
vn -0.0373 0.9989 -0.0267
vn -0.0480 0.9985 -0.0258
vn -0.0268 0.9993 -0.0277
vn -0.0264 0.9932 -0.1138
vn -0.0362 0.9931 -0.1111
vn -0.0468 0.9931 -0.1072
vn -0.0191 0.9994 -0.0278
vn -0.0186 0.9931 -0.1154
vn -0.0169 0.9621 -0.2721
vn -0.0240 0.9629 -0.2686
vn -0.0331 0.9643 -0.2628
vn -0.0430 0.9663 -0.2538
vn 0.0112 0.9997 -0.0236
vn 0.1418 0.9895 -0.0262
vn -0.0332 0.9992 -0.0237
vn -0.0324 0.9946 -0.0985
vn 0.0108 0.9951 -0.0986
vn 0.1360 0.9846 -0.1095
vn -0.0496 0.9985 -0.0249
vn -0.0483 0.9936 -0.1024
vn -0.0445 0.9690 -0.2432
vn -0.0299 0.9716 -0.2346
vn 0.0098 0.9720 -0.2348
vn 0.1210 0.9582 -0.2592
vn 0.6051 0.7945 -0.0519
vn 0.1951 0.9798 -0.0439
vn 0.7621 0.6459 -0.0449
vn 0.7215 0.6670 -0.1859
vn 0.5724 0.7929 -0.2089
vn 0.1907 0.9653 -0.1783
vn 0.4774 0.8780 -0.0346
vn 0.4518 0.8805 -0.1438
vn 0.3829 0.8622 -0.3315
vn 0.5992 0.6831 -0.4175
vn 0.4740 0.7563 -0.4510
vn 0.1660 0.9033 -0.3957
vn -0.1345 0.9905 -0.0290
vn -0.0823 0.9961 -0.0320
vn -0.0802 0.9879 -0.1324
vn -0.1325 0.9838 -0.1204
vn 0.0007 0.9993 -0.0363
vn 0.0020 0.9888 -0.1494
vn 0.0014 0.9393 -0.3431
vn -0.0755 0.9481 -0.3088
vn -0.1265 0.9507 -0.2830
vn -0.5902 -0.8055 0.0538
vn -0.4817 -0.8737 0.0683
vn -0.6901 -0.7231 0.0278
vn -0.7014 -0.7028 0.1186
vn -0.5802 -0.7930 0.1856
vn -0.4644 -0.8608 0.2084
vn -0.7562 -0.6543 -0.0011
vn 0.0564 0.9943 -0.0904
vn 0.0355 0.9959 -0.0828
vn -0.7772 -0.6280 0.0385
vn -0.8202 -0.5326 0.2089
vn -0.6684 -0.6354 0.3866
vn -0.5181 -0.7296 0.4464
vn -0.4033 -0.7963 0.4509
vn -0.2290 -0.9710 0.0691
vn -0.0713 -0.9958 0.0583
vn -0.3194 -0.9448 0.0726
vn -0.3101 -0.9299 0.1980
vn -0.2244 -0.9560 0.1891
vn -0.0746 -0.9819 0.1743
vn -0.3941 -0.9162 0.0730
vn -0.3809 -0.9013 0.2064
vn -0.3364 -0.8382 0.4293
vn -0.2793 -0.8707 0.4049
vn -0.2073 -0.8976 0.3889
vn -0.0794 -0.9219 0.3793
vn -0.5564 -0.8203 0.1325
vn -0.9608 -0.2285 0.1571
vn 0.1052 -0.9932 0.0490
vn 0.0867 -0.9801 0.1784
vn -0.5261 -0.7952 0.3014
vn -0.9269 -0.2272 0.2988
vn 0.1219 -0.9917 0.0413
vn 0.1095 -0.9820 0.1536
vn 0.0720 -0.9243 0.3748
vn 0.0130 -0.9037 0.4280
vn -0.4932 -0.7015 0.5144
vn -0.8740 -0.2110 0.4377
vn -0.9801 0.1155 0.1613
vn -0.9335 0.3124 0.1759
vn -0.9871 0.0310 0.1572
vn -0.9581 0.0297 0.2850
vn -0.9491 0.1120 0.2943
vn -0.8948 0.3006 0.3302
vn -0.9865 -0.0504 0.1555
vn -0.9574 -0.0506 0.2842
vn -0.9108 -0.0513 0.4096
vn -0.9105 0.0280 0.4125
vn -0.9005 0.1077 0.4214
vn -0.8386 0.2708 0.4726
vn 0.2560 0.8679 0.4257
vn 0.3521 0.8379 0.4170
vn 0.2869 0.9327 0.2187
vn 0.4083 0.8910 0.1987
vn 0.3474 0.9082 0.2333
vn 0.2546 0.8392 0.4806
vn 0.2977 0.9507 0.0866
vn 0.4255 0.9021 0.0715
vn 0.3711 0.9246 0.0856
vn -0.3537 0.9181 0.1790
vn -0.3302 0.8663 0.3749
vn -0.3195 0.7422 0.5891
vn -0.1860 0.8327 0.5215
vn -0.0378 0.8648 0.5008
vn -0.2476 0.9327 0.2623
vn -0.0648 0.9618 0.2661
vn 0.0524 0.9658 0.2541
vn 0.0590 0.8805 0.4704
vn -0.2698 0.9581 0.0964
vn -0.0756 0.9914 0.1068
vn 0.0492 0.9932 0.1055
vn 0.1588 0.9823 0.0995
vn 0.1556 0.9584 0.2394
vn 0.1457 0.8830 0.4461
vn -0.9555 -0.2716 0.1151
vn -0.9840 0.1424 0.1075
vn -0.9158 -0.3884 -0.1023
vn -0.9905 0.1151 -0.0759
vn -0.8339 0.5490 0.0570
vn -0.8130 0.5160 0.2697
vn -0.8753 -0.4715 -0.1075
vn -0.9927 0.0864 -0.0841
vn -0.8293 0.5587 -0.0096
vn -0.5474 0.8348 0.0597
vn -0.5325 0.8222 0.2011
vn -0.4644 0.7505 0.4702
vn -0.2271 -0.9738 0.0121
vn -0.1686 -0.9853 0.0272
vn -0.3455 -0.9382 -0.0184
vn -0.4065 -0.9094 0.0884
vn -0.2496 -0.9574 0.1453
vn -0.1737 -0.9716 0.1607
vn -0.5676 -0.8206 -0.0665
vn -0.6549 -0.7556 -0.0156
vn -0.7435 -0.6309 0.2218
vn -0.4376 -0.8249 0.3577
vn -0.2387 -0.8819 0.4065
vn -0.1527 -0.9022 0.4034
vn -0.1092 -0.9934 0.0341
vn -0.1002 -0.9944 0.0328
vn -0.1213 -0.9920 0.0349
vn -0.1167 -0.9815 0.1519
vn -0.1031 -0.9843 0.1431
vn -0.0936 -0.9862 0.1367
vn -0.1391 -0.9897 0.0334
vn -0.1377 -0.9776 0.1593
vn -0.1182 -0.9160 0.3834
vn -0.0989 -0.9280 0.3592
vn -0.0873 -0.9376 0.3366
vn -0.0807 -0.9433 0.3219
vn 0.0360 -0.9990 0.0283
vn 0.1777 -0.9837 0.0258
vn -0.0417 -0.9987 0.0307
vn -0.0303 -0.9914 0.1271
vn 0.0495 -0.9918 0.1177
vn 0.1928 -0.9751 0.1100
vn -0.0829 -0.9960 0.0320
vn -0.0747 -0.9883 0.1332
vn -0.0626 -0.9469 0.3154
vn -0.0154 -0.9509 0.3090
vn 0.0712 -0.9506 0.3022
vn 0.2103 -0.9287 0.3053
vn 0.8516 -0.5232 0.0326
vn 0.9622 -0.2704 0.0339
vn 0.6442 -0.7644 0.0275
vn 0.6496 -0.7503 0.1229
vn 0.8501 -0.5062 0.1453
vn 0.9563 -0.2500 0.1515
vn 0.3955 -0.9181 0.0247
vn 0.4107 -0.9052 0.1093
vn 0.4214 -0.8519 0.3109
vn 0.6368 -0.6935 0.3370
vn 0.8094 -0.4374 0.3917
vn 0.8973 -0.1857 0.4004
vn 0.9916 0.1269 0.0238
vn 0.9844 0.1746 0.0198
vn 0.9985 0.0465 0.0278
vn 0.9905 0.0604 0.1233
vn 0.9846 0.1392 0.1055
vn 0.9784 0.1866 0.0884
vn 0.9964 -0.0792 0.0316
vn 0.9881 -0.0624 0.1403
vn 0.9288 -0.0183 0.3701
vn 0.9401 0.0926 0.3281
vn 0.9442 0.1662 0.2842
vn 0.9468 0.2129 0.2416
vn 0.3942 0.9189 0.0129
vn 0.2575 0.9663 0.0029
vn 0.6520 0.7580 0.0176
vn 0.6479 0.7574 0.0806
vn 0.3913 0.9174 0.0728
vn 0.2541 0.9654 0.0579
vn 0.9187 0.3946 0.0183
vn 0.9123 0.4013 0.0814
vn 0.8825 0.4143 0.2227
vn 0.6288 0.7457 0.2204
vn 0.3827 0.8998 0.2098
vn 0.2485 0.9489 0.1946
vn 0.1590 0.9851 -0.0657
vn 0.0564 0.9943 -0.0903
vn 0.1714 0.9845 -0.0359
vn 0.1666 0.9860 -0.0006
vn 0.1534 0.9871 -0.0459
vn 0.1976 0.9802 -0.0129
vn 0.1934 0.9805 0.0342
vn 0.1886 0.9671 0.1707
vn 0.1622 0.9775 0.1350
vn 0.1494 0.9849 0.0879
vt 0.283031 0.574949
vt 0.279887 0.561794
vt 0.287964 0.563967
vt 0.290136 0.576191
vt 0.277092 0.549278
vt 0.286228 0.551145
vt 0.294887 0.552906
vt 0.295506 0.565234
vt 0.296602 0.576949
vt 0.274533 0.536622
vt 0.284847 0.538241
vt 0.272368 0.523988
vt 0.283874 0.525483
vt 0.294943 0.528020
vt 0.294703 0.540386
vt 0.304079 0.542812
vt 0.303148 0.554724
vt 0.305444 0.531094
vt 0.315248 0.534197
vt 0.312956 0.545277
vt 0.311042 0.556565
vt 0.302730 0.566464
vt 0.302906 0.577666
vt 0.309673 0.567731
vt 0.309014 0.578448
vt 0.270754 0.511540
vt 0.283359 0.513101
vt 0.269541 0.499133
vt 0.283110 0.500912
vt 0.296426 0.504565
vt 0.295597 0.516158
vt 0.268581 0.486625
vt 0.282936 0.488730
vt 0.267726 0.473873
vt 0.282644 0.476369
vt 0.297658 0.481246
vt 0.297193 0.493006
vt 0.310608 0.498184
vt 0.308970 0.509056
vt 0.311814 0.487039
vt 0.324153 0.492285
vt 0.322436 0.502993
vt 0.320222 0.513350
vt 0.307161 0.519934
vt 0.317748 0.523653
vt 0.266826 0.460732
vt 0.282042 0.463646
vt 0.265856 0.447215
vt 0.281191 0.450420
vt 0.297096 0.456141
vt 0.297584 0.469050
vt 0.264789 0.433334
vt 0.280150 0.436552
vt 0.263598 0.419099
vt 0.278979 0.421901
vt 0.295380 0.427067
vt 0.296319 0.442239
vt 0.311913 0.448732
vt 0.312304 0.462708
vt 0.311312 0.433023
vt 0.325285 0.438192
vt 0.325547 0.454367
vt 0.325551 0.468453
vt 0.312326 0.475346
vt 0.325139 0.480932
vt 0.262257 0.404524
vt 0.277738 0.406327
vt 0.261040 0.390017
vt 0.276664 0.390492
vt 0.293574 0.392975
vt 0.294405 0.410346
vt 0.260221 0.375988
vt 0.275994 0.375060
vt 0.260074 0.362847
vt 0.275966 0.360691
vt 0.293076 0.359875
vt 0.293071 0.375852
vt 0.309728 0.377497
vt 0.310094 0.396313
vt 0.309693 0.359832
vt 0.324101 0.359993
vt 0.324244 0.379130
vt 0.324547 0.399354
vt 0.310664 0.415186
vt 0.324923 0.419448
vt 0.260873 0.351004
vt 0.276815 0.348049
vt 0.262187 0.340305
vt 0.278152 0.336798
vt 0.294856 0.333604
vt 0.293772 0.345944
vt 0.263585 0.330597
vt 0.279585 0.326602
vt 0.264634 0.321726
vt 0.280724 0.317129
vt 0.296985 0.311886
vt 0.296028 0.322403
vt 0.311550 0.318266
vt 0.310796 0.330722
vt 0.312184 0.306531
vt 0.325087 0.301600
vt 0.324790 0.314460
vt 0.324466 0.328151
vt 0.310113 0.344409
vt 0.324206 0.343164
vt 0.264903 0.313539
vt 0.281179 0.308042
vt 0.263821 0.304997
vt 0.280473 0.298437
vt 0.296999 0.290851
vt 0.297427 0.301600
vt 0.260819 0.295062
vt 0.278131 0.287408
vt 0.255326 0.282694
vt 0.273677 0.274051
vt 0.292128 0.265174
vt 0.295351 0.278940
vt 0.311288 0.270705
vt 0.312280 0.283231
vt 0.309298 0.256954
vt 0.323808 0.250281
vt 0.324755 0.263746
vt 0.325198 0.276570
vt 0.312503 0.295013
vt 0.325266 0.289079
vt 0.246773 0.266857
vt 0.266637 0.257462
vt 0.236761 0.248583
vt 0.258242 0.238788
vt 0.280680 0.230958
vt 0.286978 0.248855
vt 0.226892 0.228909
vt 0.249725 0.219180
vt 0.218768 0.208867
vt 0.242318 0.199787
vt 0.267756 0.194315
vt 0.274013 0.212453
vt 0.297251 0.208082
vt 0.301958 0.224990
vt 0.292280 0.191427
vt 0.313087 0.190096
vt 0.316928 0.205421
vt 0.319955 0.220784
vt 0.306080 0.241498
vt 0.322228 0.235849
vt 0.213992 0.189492
vt 0.237255 0.181757
vt 0.211285 0.170893
vt 0.233566 0.164807
vt 0.258198 0.161765
vt 0.262688 0.177516
vt 0.209369 0.153177
vt 0.230282 0.148656
vt 0.206643 0.134994
vt 0.227499 0.133240
vt 0.248788 0.132303
vt 0.253679 0.146773
vt 0.276271 0.146145
vt 0.282151 0.160645
vt 0.269367 0.131992
vt 0.287194 0.131992
vt 0.295602 0.146145
vt 0.302602 0.160512
vt 0.287367 0.175677
vt 0.308371 0.175144
vt 0.210845 0.118398
vt 0.225316 0.118494
vt 0.211730 0.104674
vt 0.223069 0.104618
vt 0.237232 0.104423
vt 0.243181 0.118121
vt 0.211273 0.092132
vt 0.220095 0.091812
vt 0.319724 0.725664
vt 0.319413 0.714615
vt 0.324760 0.713817
vt 0.325257 0.725345
vt 0.217172 0.080285
vt 0.226155 0.079264
vt 0.231313 0.091404
vt 0.243794 0.090946
vt 0.252267 0.104277
vt 0.236523 0.078119
vt 0.247585 0.076945
vt 0.256406 0.090477
vt 0.266607 0.104160
vt 0.261078 0.117997
vt 0.277200 0.117997
vt 0.319103 0.705370
vt 0.324014 0.703774
vt 0.318497 0.697754
vt 0.322753 0.695287
vt 0.215077 0.070242
vt 0.213810 0.061755
vt 0.220076 0.058524
vt 0.222492 0.068201
vt 0.317303 0.691592
vt 0.320708 0.688428
vt 0.315882 0.687487
vt 0.317583 0.683615
vt 0.319072 0.678189
vt 0.322955 0.684076
vt 0.325750 0.692057
vt 0.218662 0.050544
vt 0.225553 0.045550
vt 0.227786 0.054870
vt 0.217849 0.044657
vt 0.224233 0.038499
vt 0.231878 0.032161
vt 0.233690 0.040385
vt 0.236638 0.051114
vt 0.231315 0.065910
vt 0.241133 0.063563
vt 0.316369 0.569111
vt 0.314894 0.579403
vt 0.318602 0.558394
vt 0.325782 0.560170
vt 0.322801 0.570554
vt 0.320567 0.580485
vt 0.321314 0.547536
vt 0.324224 0.536822
vt 0.332387 0.539017
vt 0.329110 0.549577
vt 0.336302 0.551390
vt 0.332535 0.561854
vt 0.339755 0.540826
vt 0.346340 0.542297
vt 0.342850 0.552963
vt 0.338815 0.563404
vt 0.328952 0.572009
vt 0.326057 0.581647
vt 0.334804 0.573428
vt 0.331385 0.582842
vt 0.327051 0.526539
vt 0.329664 0.516411
vt 0.337609 0.518494
vt 0.335216 0.528732
vt 0.331931 0.506163
vt 0.333719 0.495522
vt 0.341137 0.497256
vt 0.339578 0.508078
vt 0.345863 0.509122
vt 0.344371 0.519859
vt 0.347030 0.497995
vt 0.352023 0.498247
vt 0.351271 0.509679
vt 0.350264 0.520761
vt 0.342389 0.530371
vt 0.348716 0.531598
vt 0.334898 0.484213
vt 0.335569 0.471708
vt 0.343096 0.473187
vt 0.342297 0.485801
vt 0.335839 0.457478
vt 0.335812 0.440997
vt 0.343681 0.442276
vt 0.343571 0.458889
vt 0.349524 0.459420
vt 0.348870 0.473607
vt 0.766069 0.875577
vt 0.767684 0.858964
vt 0.772685 0.859552
vt 0.769485 0.876108
vt 0.780860 0.860647
vt 0.772685 0.876927
vt 0.354317 0.460239
vt 0.353585 0.473771
vt 0.348035 0.486311
vt 0.352808 0.486359
vt 0.335590 0.421737
vt 0.335257 0.400948
vt 0.342880 0.401524
vt 0.343388 0.422717
vt 0.334896 0.379883
vt 0.334589 0.359792
vt 0.341848 0.359367
vt 0.342346 0.380011
vt 0.769104 0.818211
vt 0.769260 0.796699
vt 0.775725 0.796458
vt 0.775428 0.818200
vt 0.769260 0.776054
vt 0.775725 0.775540
vt 0.785175 0.775075
vt 0.785175 0.796104
vt 0.784809 0.817812
vt 0.768638 0.839404
vt 0.774541 0.839741
vt 0.783710 0.839214
vt 0.334419 0.341930
vt 0.334360 0.325886
vt 0.765117 0.758618
vt 0.765039 0.742574
vt 0.769104 0.740605
vt 0.769260 0.757466
vt 0.765117 0.776480
vt 0.334384 0.311255
vt 0.334465 0.297628
vt 0.341150 0.294222
vt 0.341103 0.308449
vt 0.764806 0.727943
vt 0.768638 0.725137
vt 0.774541 0.722530
vt 0.775428 0.738917
vt 0.767684 0.710910
vt 0.772685 0.707680
vt 0.780860 0.703721
vt 0.783710 0.720871
vt 0.784809 0.737735
vt 0.775725 0.756473
vt 0.785175 0.755711
vt 0.334575 0.284597
vt 0.334634 0.271859
vt 0.341463 0.268560
vt 0.341286 0.281080
vt 0.334562 0.259110
vt 0.334279 0.246047
vt 0.341725 0.243633
vt 0.341631 0.256197
vt 0.346881 0.254410
vt 0.346561 0.266138
vt 0.347157 0.242420
vt 0.351589 0.241790
vt 0.351235 0.253150
vt 0.350814 0.263986
vt 0.766069 0.697768
vt 0.769485 0.694732
vt 0.764236 0.685248
vt 0.766069 0.682825
vt 0.767684 0.680674
vt 0.772685 0.691421
vt 0.333705 0.232367
vt 0.332554 0.218237
vt 0.341103 0.216933
vt 0.341680 0.230507
vt 0.330539 0.203825
vt 0.327376 0.189298
vt 0.336775 0.188899
vt 0.339599 0.203026
vt 0.345626 0.202760
vt 0.346954 0.216458
vt 0.342915 0.188766
vt 0.347424 0.188766
vt 0.350136 0.202760
vt 0.351456 0.216395
vt 0.347323 0.229724
vt 0.351802 0.229472
vt 0.322778 0.174825
vt 0.316730 0.160432
vt 0.326111 0.160392
vt 0.332236 0.174665
vt 0.309218 0.146145
vt 0.300225 0.131992
vt 0.309614 0.131992
vt 0.318527 0.146145
vt 0.324943 0.146145
vt 0.332321 0.160379
vt 0.316514 0.131992
vt 0.322079 0.131992
vt 0.329874 0.146145
vt 0.336936 0.160379
vt 0.338395 0.174612
vt 0.342905 0.174612
vt 0.289738 0.117997
vt 0.278691 0.104049
vt 0.288939 0.103948
vt 0.299499 0.117997
vt 0.268017 0.090035
vt 0.258653 0.075840
vt 0.269518 0.074825
vt 0.278693 0.089628
vt 0.288500 0.089266
vt 0.297776 0.103857
vt 0.279974 0.073919
vt 0.289813 0.073142
vt 0.297504 0.088956
vt 0.305624 0.103780
vt 0.307286 0.117997
vt 0.313905 0.117997
vt 0.251532 0.061353
vt 0.246328 0.047579
vt 0.256486 0.044329
vt 0.262172 0.059322
vt 0.242716 0.035524
vt 0.240368 0.026195
vt 0.249413 0.020711
vt 0.252289 0.031055
vt 0.262071 0.027069
vt 0.266741 0.041429
vt 0.258722 0.015817
vt 0.268005 0.011626
vt 0.271720 0.023653
vt 0.276725 0.038945
vt 0.272715 0.057510
vt 0.282821 0.055957
vt 0.340338 0.574761
vt 0.336575 0.584025
vt 0.344577 0.564780
vt 0.349933 0.566081
vt 0.345611 0.576095
vt 0.341633 0.585269
vt 0.348711 0.554285
vt 0.352160 0.543475
vt 0.357399 0.544459
vt 0.354046 0.555458
vt 0.359015 0.556587
vt 0.354994 0.567406
vt 0.362244 0.545349
vt 0.366881 0.546243
vt 0.363779 0.557774
vt 0.359872 0.568853
vt 0.350678 0.577520
vt 0.346567 0.586647
vt 0.355596 0.579125
vt 0.351384 0.588235
vt 0.354341 0.532552
vt 0.355602 0.521457
vt 0.360524 0.522010
vt 0.359439 0.533317
vt 0.356287 0.510133
vt 0.356741 0.498520
vt 0.361266 0.498816
vt 0.361014 0.510516
vt 0.365556 0.510863
vt 0.365171 0.522478
vt 0.365681 0.499139
vt 0.370067 0.499492
vt 0.370017 0.511204
vt 0.369681 0.522923
vt 0.364181 0.533976
vt 0.368742 0.534615
vt 0.357311 0.486559
vt 0.357938 0.474481
vt 0.362074 0.475394
vt 0.361640 0.486887
vt 0.358564 0.462513
vt 0.783710 0.869361
vt 0.774541 0.879201
vt 0.062715 0.749557
vt 0.063355 0.740388
vt 0.067049 0.739289
vt 0.066658 0.748669
vt 0.362508 0.465001
vt 0.066224 0.754993
vt 0.070538 0.748373
vt 0.070289 0.754838
vt 0.070746 0.738923
vt 0.074590 0.738923
vt 0.074506 0.748373
vt 0.074404 0.754838
vt 0.365889 0.487316
vt 0.366138 0.476167
vt 0.370254 0.476909
vt 0.370152 0.487822
vt 0.774541 0.687078
vt 0.783710 0.693967
vt 0.768638 0.678189
vt 0.094231 0.684092
vt 0.094733 0.678189
vt 0.099097 0.678656
vt 0.098540 0.684980
vt 0.093954 0.693261
vt 0.098111 0.694360
vt 0.355613 0.251817
vt 0.355110 0.261501
vt 0.356033 0.241124
vt 0.360485 0.240555
vt 0.360028 0.250627
vt 0.359474 0.259233
vt 0.364492 0.249795
vt 0.363931 0.257730
vt 0.364942 0.240219
vt 0.369399 0.240250
vt 0.369020 0.249533
vt 0.368510 0.257203
vt 0.102983 0.685276
vt 0.102503 0.694726
vt 0.103554 0.678811
vt 0.108134 0.678811
vt 0.107599 0.685276
vt 0.107143 0.694726
vt 0.356285 0.229205
vt 0.355959 0.216329
vt 0.360425 0.216373
vt 0.360752 0.229032
vt 0.354646 0.202760
vt 0.351934 0.188766
vt 0.356388 0.188914
vt 0.359105 0.202895
vt 0.363462 0.203298
vt 0.364815 0.216642
vt 0.360730 0.189357
vt 0.364903 0.190244
vt 0.367665 0.204104
vt 0.369090 0.217249
vt 0.365179 0.229058
vt 0.369545 0.229394
vt 0.347415 0.174612
vt 0.341533 0.160379
vt 0.346075 0.160483
vt 0.351874 0.174747
vt 0.334734 0.146145
vt 0.327461 0.131992
vt 0.332677 0.132025
vt 0.339505 0.146212
vt 0.344175 0.146414
vt 0.350526 0.160795
vt 0.337738 0.132126
vt 0.342660 0.132328
vt 0.348727 0.146817
vt 0.354847 0.161420
vt 0.356231 0.175150
vt 0.360435 0.175956
vt 0.320162 0.117997
vt 0.312907 0.103717
vt 0.319707 0.103672
vt 0.326103 0.118011
vt 0.305772 0.088705
vt 0.298829 0.072517
vt 0.307136 0.072033
vt 0.313410 0.088512
vt 0.320523 0.088372
vt 0.326102 0.103647
vt 0.314850 0.071684
vt 0.322088 0.071462
vt 0.327217 0.088283
vt 0.332176 0.103645
vt 0.331778 0.118051
vt 0.337233 0.118132
vt 0.292151 0.054705
vt 0.286065 0.036942
vt 0.294839 0.035395
vt 0.300808 0.053738
vt 0.280896 0.020899
vt 0.276971 0.008246
vt 0.285639 0.005634
vt 0.289645 0.018771
vt 0.298013 0.017236
vt 0.303126 0.034278
vt 0.294026 0.003750
vt 0.302151 0.002550
vt 0.306047 0.016258
vt 0.311002 0.033567
vt 0.308895 0.053040
vt 0.316516 0.052596
vt 0.360419 0.580998
vt 0.356091 0.590105
vt 0.364681 0.570524
vt 0.369558 0.572101
vt 0.365270 0.582923
vt 0.360804 0.592125
vt 0.368499 0.559124
vt 0.371496 0.547240
vt 0.376280 0.547804
vt 0.373338 0.560210
vt 0.378459 0.560607
vt 0.374644 0.573269
vt 0.381424 0.547396
vt 0.387121 0.545479
vt 0.384027 0.559888
vt 0.380076 0.573715
vt 0.370271 0.584687
vt 0.365636 0.594160
vt 0.375543 0.586072
vt 0.370702 0.596075
vt 0.373294 0.535314
vt 0.374195 0.523405
vt 0.378949 0.523203
vt 0.378055 0.535435
vt 0.374499 0.511574
vt 0.374509 0.499879
vt 0.379225 0.499541
vt 0.379244 0.511205
vt 0.384492 0.509332
vt 0.384182 0.521592
vt 0.384437 0.497722
vt 0.390365 0.493665
vt 0.390485 0.505187
vt 0.390131 0.517850
vt 0.383245 0.534336
vt 0.389082 0.531374
vt 0.374524 0.488380
vt 0.374543 0.477729
vt 0.379108 0.477916
vt 0.379175 0.488309
vt 0.078713 0.748373
vt 0.078694 0.754838
vt 0.078728 0.738923
vt 0.083092 0.739139
vt 0.083187 0.748465
vt 0.083258 0.754756
vt 0.087958 0.748741
vt 0.088199 0.754511
vt 0.087611 0.739786
vt 0.757403 0.874232
vt 0.748448 0.866278
vt 0.750197 0.858153
vt 0.757857 0.871057
vt 0.384049 0.476759
vt 0.383807 0.467015
vt 0.388934 0.463840
vt 0.389475 0.473934
vt 0.384274 0.486930
vt 0.389990 0.483561
vt 0.112425 0.685276
vt 0.112042 0.694726
vt 0.112861 0.678811
vt 0.117789 0.678893
vt 0.117479 0.685184
vt 0.117136 0.694510
vt 0.373623 0.250058
vt 0.373238 0.257861
vt 0.373854 0.240781
vt 0.378409 0.241901
vt 0.378383 0.251331
vt 0.378166 0.259617
vt 0.383382 0.253317
vt 0.383346 0.262385
vt 0.383169 0.243698
vt 0.388238 0.246259
vt 0.388702 0.255978
vt 0.388843 0.265741
vt 0.122775 0.684908
vt 0.122364 0.693863
vt 0.122969 0.679139
vt 0.383152 0.270972
vt 0.388754 0.275832
vt 0.748448 0.684964
vt 0.757403 0.678189
vt 0.757857 0.683048
vt 0.750197 0.694914
vt 0.373829 0.230144
vt 0.373212 0.218311
vt 0.377302 0.219969
vt 0.378147 0.231451
vt 0.371665 0.205448
vt 0.368852 0.191723
vt 0.372683 0.193870
vt 0.375580 0.207446
vt 0.379526 0.210213
vt 0.381484 0.222369
vt 0.376502 0.196764
vt 0.380417 0.200481
vt 0.383624 0.213866
vt 0.385877 0.225655
vt 0.382617 0.233456
vt 0.387356 0.236303
vt 0.364435 0.177301
vt 0.359003 0.162462
vt 0.363059 0.163950
vt 0.368317 0.179231
vt 0.353147 0.147490
vt 0.347456 0.132664
vt 0.352167 0.133142
vt 0.357483 0.148447
vt 0.361784 0.149705
vt 0.367079 0.165913
vt 0.356835 0.133771
vt 0.361502 0.134559
vt 0.366097 0.151281
vt 0.371130 0.168381
vt 0.372170 0.181799
vt 0.376078 0.185050
vt 0.342519 0.118266
vt 0.338008 0.103669
vt 0.343671 0.103718
vt 0.347684 0.118458
vt 0.333599 0.088242
vt 0.328963 0.071359
vt 0.335586 0.071376
vt 0.339760 0.088249
vt 0.345794 0.088305
vt 0.349235 0.103795
vt 0.342064 0.071515
vt 0.348508 0.071778
vt 0.351792 0.088410
vt 0.354771 0.103900
vt 0.352784 0.118709
vt 0.357867 0.119024
vt 0.323774 0.052389
vt 0.318546 0.033237
vt 0.325864 0.033292
vt 0.330782 0.052424
vt 0.313794 0.015803
vt 0.310031 0.001992
vt 0.317758 0.002085
vt 0.321351 0.015879
vt 0.328819 0.016492
vt 0.333067 0.033737
vt 0.325420 0.002837
vt 0.333109 0.004257
vt 0.336297 0.017649
vt 0.340260 0.034579
vt 0.337652 0.052702
vt 0.344497 0.053228
vt 0.381207 0.586865
vt 0.376117 0.597737
vt 0.385995 0.573120
vt 0.839889 0.581270
vt 0.839889 0.567526
vt 0.843327 0.566287
vt 0.843327 0.581624
vt 0.386775 0.587218
vt 0.381423 0.599128
vt 0.390206 0.557629
vt 0.393561 0.541517
vt 0.839889 0.552035
vt 0.839889 0.535923
vt 0.843327 0.530865
vt 0.843327 0.548906
vt 0.847678 0.545578
vt 0.847678 0.564798
vt 0.847678 0.525664
vt 0.852900 0.521269
vt 0.852900 0.542722
vt 0.852900 0.563452
vt 0.843327 0.593534
vt 0.847678 0.581694
vt 0.847678 0.594639
vt 0.852900 0.581633
vt 0.852900 0.595439
vt 0.395785 0.525908
vt 0.397034 0.511255
vt 0.404131 0.503199
vt 0.402637 0.519143
vt 0.839889 0.520314
vt 0.843327 0.513548
vt 0.397464 0.498005
vt 0.397231 0.486611
vt 0.404283 0.478033
vt 0.404652 0.489279
vt 0.843451 0.497604
vt 0.843824 0.483684
vt 0.847988 0.474906
vt 0.847755 0.489481
vt 0.410770 0.469399
vt 0.411276 0.480501
vt 0.848455 0.463805
vt 0.853289 0.456587
vt 0.853055 0.467570
vt 0.852939 0.482684
vt 0.847678 0.506682
vt 0.852900 0.500920
vt 0.396494 0.477523
vt 0.395495 0.469115
vt 0.401525 0.463300
vt 0.403107 0.470110
vt 0.394478 0.459763
vt 0.755371 0.854183
vt 0.758482 0.866980
vt 0.393865 0.446966
vt 0.398789 0.443947
vt 0.399938 0.455389
vt 0.404810 0.451323
vt 0.406983 0.457484
vt 0.403188 0.441463
vt 0.851095 0.445729
vt 0.851872 0.435868
vt 0.854997 0.434020
vt 0.854609 0.442469
vt 0.408625 0.448063
vt 0.411292 0.452637
vt 0.409154 0.462618
vt 0.413957 0.456341
vt 0.415940 0.462182
vt 0.746832 0.836382
vt 0.753426 0.835440
vt 0.745532 0.813632
vt 0.752404 0.813240
vt 0.755257 0.812633
vt 0.755757 0.833760
vt 0.394075 0.428223
vt 0.398525 0.426543
vt 0.745099 0.790115
vt 0.752064 0.790072
vt 0.745099 0.767410
vt 0.752064 0.767664
vt 0.755090 0.767970
vt 0.755090 0.790020
vt 0.398822 0.405416
vt 0.399356 0.382803
vt 0.403606 0.382751
vt 0.402924 0.404900
vt 0.399919 0.360753
vt 0.404381 0.361058
vt 0.852649 0.377156
vt 0.852649 0.355464
vt 0.855385 0.355718
vt 0.855385 0.377113
vt 0.852571 0.399305
vt 0.855347 0.398914
vt 0.402672 0.425230
vt 0.852338 0.419635
vt 0.855230 0.418693
vt 0.745099 0.747092
vt 0.752064 0.747746
vt 0.745532 0.728724
vt 0.752404 0.729883
vt 0.755257 0.731355
vt 0.755090 0.748531
vt 0.746832 0.711867
vt 0.753426 0.713642
vt 0.755371 0.699308
vt 0.395236 0.306425
vt 0.394784 0.292091
vt 0.400495 0.295364
vt 0.400527 0.308878
vt 0.395676 0.322666
vt 0.400509 0.324138
vt 0.405461 0.310933
vt 0.405252 0.325511
vt 0.405594 0.298003
vt 0.852338 0.305338
vt 0.851872 0.292409
vt 0.854997 0.294344
vt 0.855230 0.306886
vt 0.852571 0.319916
vt 0.855347 0.321019
vt 0.400305 0.341314
vt 0.404911 0.342099
vt 0.852649 0.336504
vt 0.855385 0.337158
vt 0.758482 0.687169
vt 0.394720 0.269262
vt 0.394726 0.279952
vt 0.400474 0.272696
vt 0.400550 0.283429
vt 0.394425 0.259277
vt 0.393720 0.249674
vt 0.399130 0.253435
vt 0.400054 0.262788
vt 0.405094 0.266087
vt 0.405604 0.275791
vt 0.845812 0.257194
vt 0.844570 0.247840
vt 0.848455 0.251441
vt 0.849231 0.260492
vt 0.853289 0.254374
vt 0.853677 0.263153
vt 0.850163 0.270197
vt 0.854143 0.272635
vt 0.405706 0.286360
vt 0.851095 0.280765
vt 0.854609 0.282980
vt 0.392480 0.240130
vt 0.390605 0.229971
vt 0.840572 0.234536
vt 0.840059 0.224376
vt 0.843451 0.229098
vt 0.843824 0.238769
vt 0.841597 0.244079
vt 0.837613 0.220061
vt 0.837403 0.208271
vt 0.839889 0.212925
vt 0.837403 0.194887
vt 0.839889 0.199505
vt 0.843327 0.204426
vt 0.843327 0.217945
vt 0.847678 0.222696
vt 0.847755 0.233602
vt 0.847678 0.209052
vt 0.852900 0.212783
vt 0.852900 0.226543
vt 0.852939 0.237264
vt 0.847988 0.242831
vt 0.853055 0.246143
vt 0.837403 0.179456
vt 0.839889 0.183442
vt 0.837403 0.162786
vt 0.839889 0.165788
vt 0.843327 0.168953
vt 0.843327 0.187661
vt 0.837403 0.145686
vt 0.839889 0.147596
vt 0.837403 0.128965
vt 0.839889 0.129920
vt 0.843327 0.130924
vt 0.843327 0.149606
vt 0.847678 0.151480
vt 0.847678 0.171909
vt 0.847678 0.131862
vt 0.852900 0.132615
vt 0.852900 0.152987
vt 0.852900 0.174285
vt 0.847678 0.191611
vt 0.852900 0.194790
vt 0.362987 0.119406
vt 0.366209 0.135514
vt 0.360351 0.104034
vt 0.839889 0.113812
vt 0.840059 0.098440
vt 0.843451 0.098585
vt 0.843327 0.114214
vt 0.357849 0.088565
vt 0.355027 0.072166
vt 0.361186 0.072612
vt 0.363564 0.088743
vt 0.840572 0.082970
vt 0.843824 0.083149
vt 0.847988 0.083324
vt 0.847755 0.098722
vt 0.844570 0.067018
vt 0.848455 0.067454
vt 0.853289 0.067814
vt 0.853055 0.083468
vt 0.852939 0.098834
vt 0.847678 0.114589
vt 0.852900 0.114890
vt 0.351431 0.054004
vt 0.347554 0.035821
vt 0.354431 0.037339
vt 0.357990 0.054896
vt 0.343884 0.019356
vt 0.340913 0.006353
vt 0.348175 0.009451
vt 0.350963 0.021684
vt 0.356916 0.024700
vt 0.360375 0.039010
vt 0.354239 0.013879
vt 0.852669 0.019106
vt 0.855829 0.008284
vt 0.857361 0.012877
vt 0.855829 0.021304
vt 0.850557 0.033416
vt 0.854448 0.034721
vt 0.845812 0.049302
vt 0.849231 0.050175
vt 0.363710 0.055769
vt 0.853677 0.050895
vt 0.858953 0.581597
vt 0.858953 0.595920
vt 0.858953 0.562645
vt 0.865628 0.562241
vt 0.865628 0.581579
vt 0.865628 0.596160
vt 0.858953 0.541008
vt 0.858953 0.518633
vt 0.865628 0.517314
vt 0.865628 0.540152
vt 0.872718 0.539866
vt 0.872718 0.562107
vt 0.872718 0.516875
vt 0.880016 0.516875
vt 0.880016 0.539866
vt 0.880016 0.562107
vt 0.872718 0.581573
vt 0.872718 0.596240
vt 0.880016 0.581573
vt 0.880016 0.596240
vt 0.858953 0.497462
vt 0.858968 0.478605
vt 0.865632 0.476566
vt 0.865628 0.495734
vt 0.859015 0.463168
vt 0.859108 0.452257
vt 0.865667 0.450092
vt 0.865643 0.460967
vt 0.872718 0.460233
vt 0.872718 0.475886
vt 0.872718 0.449371
vt 0.880016 0.449371
vt 0.880016 0.460233
vt 0.880016 0.475886
vt 0.872718 0.495158
vt 0.880016 0.495158
vt 0.853677 0.450747
vt 0.859263 0.446981
vt 0.854143 0.447042
vt 0.859450 0.444134
vt 0.865752 0.442680
vt 0.865705 0.445098
vt 0.859636 0.440513
vt 0.859791 0.432912
vt 0.865837 0.432357
vt 0.865799 0.439535
vt 0.872718 0.439209
vt 0.872718 0.442196
vt 0.872718 0.432173
vt 0.880016 0.432173
vt 0.880016 0.439209
vt 0.880016 0.442196
vt 0.872718 0.444470
vt 0.880016 0.444470
vt 0.859885 0.418127
vt 0.859931 0.398679
vt 0.865873 0.398561
vt 0.865861 0.417844
vt 0.859947 0.377087
vt 0.859947 0.355871
vt 0.865876 0.355947
vt 0.865876 0.377073
vt 0.872718 0.377069
vt 0.872718 0.398522
vt 0.872718 0.355972
vt 0.880016 0.355972
vt 0.880016 0.377069
vt 0.880016 0.398522
vt 0.872718 0.417750
vt 0.880016 0.417750
vt 0.859947 0.337551
vt 0.859931 0.321680
vt 0.865873 0.322011
vt 0.865876 0.337747
vt 0.859885 0.307814
vt 0.859791 0.295506
vt 0.865837 0.296086
vt 0.865861 0.308279
vt 0.872718 0.308433
vt 0.872718 0.322121
vt 0.872718 0.296280
vt 0.880016 0.296280
vt 0.880016 0.308433
vt 0.880016 0.322121
vt 0.872718 0.337812
vt 0.880016 0.337812
vt 0.859636 0.284309
vt 0.859450 0.274098
vt 0.865752 0.274830
vt 0.865799 0.284973
vt 0.859263 0.264749
vt 0.859108 0.256135
vt 0.865667 0.257015
vt 0.865705 0.265547
vt 0.872718 0.265813
vt 0.872718 0.275074
vt 0.872718 0.257308
vt 0.880016 0.257308
vt 0.880016 0.265813
vt 0.880016 0.275074
vt 0.872718 0.285195
vt 0.880016 0.285195
vt 0.859015 0.248131
vt 0.858968 0.239462
vt 0.865632 0.240561
vt 0.865643 0.249125
vt 0.858953 0.228851
vt 0.858953 0.215022
vt 0.865628 0.216141
vt 0.865628 0.230005
vt 0.872718 0.230390
vt 0.872718 0.240927
vt 0.872718 0.216514
vt 0.880016 0.216514
vt 0.880016 0.230390
vt 0.880016 0.240927
vt 0.872718 0.249457
vt 0.880016 0.249457
vt 0.858953 0.196698
vt 0.858953 0.175711
vt 0.865628 0.176424
vt 0.865628 0.197652
vt 0.858953 0.153891
vt 0.858953 0.133067
vt 0.865628 0.133293
vt 0.865628 0.154342
vt 0.872718 0.154493
vt 0.872718 0.176662
vt 0.872718 0.133368
vt 0.880016 0.133368
vt 0.880016 0.154493
vt 0.880016 0.176662
vt 0.872718 0.197970
vt 0.880016 0.197970
vt 0.858953 0.115071
vt 0.858968 0.098900
vt 0.865632 0.098934
vt 0.865628 0.115161
vt 0.859015 0.083554
vt 0.859108 0.068030
vt 0.865667 0.068138
vt 0.865643 0.083597
vt 0.872718 0.083612
vt 0.872718 0.098945
vt 0.872718 0.068174
vt 0.880016 0.068174
vt 0.880016 0.083612
vt 0.880016 0.098945
vt 0.872718 0.115191
vt 0.880016 0.115191
vt 0.859263 0.051327
vt 0.859615 0.035143
vt 0.865793 0.035129
vt 0.865705 0.051543
vt 0.860297 0.021179
vt 0.860721 0.009955
vt 0.866070 0.007820
vt 0.865964 0.020213
vt 0.872718 0.019892
vt 0.872718 0.035124
vt 0.872718 0.007108
vt 0.880016 0.007108
vt 0.880016 0.019892
vt 0.880016 0.035124
vt 0.872718 0.051615
vt 0.880016 0.051615
vt 0.907132 0.595439
vt 0.907132 0.581633
vt 0.912354 0.581694
vt 0.912354 0.594639
vt 0.907132 0.563452
vt 0.912354 0.564798
vt 0.916705 0.566287
vt 0.916705 0.581624
vt 0.916705 0.593534
vt 0.907132 0.542722
vt 0.912354 0.545578
vt 0.907132 0.521269
vt 0.912354 0.525664
vt 0.916705 0.530865
vt 0.916705 0.548906
vt 0.920144 0.552035
vt 0.920144 0.567526
vt 0.920144 0.535923
vt 0.443033 0.557629
vt 0.439678 0.541517
vt 0.446118 0.545480
vt 0.449212 0.559888
vt 0.447244 0.573120
vt 0.453163 0.573714
vt 0.451816 0.599128
vt 0.446465 0.587218
vt 0.452032 0.586865
vt 0.457122 0.597737
vt 0.920144 0.581270
vt 0.457696 0.586072
vt 0.462537 0.596075
vt 0.907132 0.500920
vt 0.912354 0.506682
vt 0.907132 0.482684
vt 0.912354 0.489481
vt 0.916705 0.497604
vt 0.916705 0.513548
vt 0.907132 0.467570
vt 0.912354 0.474906
vt 0.907132 0.456587
vt 0.912354 0.463805
vt 0.916705 0.472438
vt 0.916705 0.483684
vt 0.429108 0.503199
vt 0.428587 0.489279
vt 0.435775 0.498005
vt 0.436205 0.511254
vt 0.428956 0.478032
vt 0.436007 0.486611
vt 0.442874 0.493665
vt 0.442754 0.505187
vt 0.443108 0.517850
vt 0.920144 0.520314
vt 0.430602 0.519142
vt 0.437454 0.525909
vt 0.444157 0.531374
vt 0.907132 0.450747
vt 0.912354 0.457024
vt 0.907132 0.447042
vt 0.912354 0.451889
vt 0.424085 0.462618
vt 0.426256 0.457484
vt 0.431714 0.463300
vt 0.430131 0.470110
vt 0.422469 0.469399
vt 0.907132 0.442469
vt 0.912354 0.445729
vt 0.907132 0.434020
vt 0.912354 0.435868
vt 0.916070 0.438353
vt 0.916379 0.449794
vt 0.916624 0.457705
vt 0.433302 0.455389
vt 0.438761 0.459763
vt 0.437744 0.469115
vt 0.434450 0.443947
vt 0.439374 0.446966
vt 0.444822 0.450936
vt 0.444305 0.463840
vt 0.443764 0.473934
vt 0.436745 0.477523
vt 0.443249 0.483561
vt 0.907132 0.418693
vt 0.912354 0.419635
vt 0.907132 0.398914
vt 0.912354 0.399305
vt 0.915608 0.399821
vt 0.915798 0.420949
vt 0.907132 0.377113
vt 0.912354 0.377156
vt 0.907132 0.355718
vt 0.912354 0.355464
vt 0.915545 0.355158
vt 0.915545 0.377208
vt 0.434417 0.405416
vt 0.433883 0.382803
vt 0.438133 0.382855
vt 0.438595 0.406023
vt 0.433320 0.360753
vt 0.437781 0.360447
vt 0.692030 0.790072
vt 0.692030 0.767664
vt 0.696509 0.767410
vt 0.696509 0.790115
vt 0.691777 0.813240
vt 0.696129 0.813632
vt 0.434714 0.426543
vt 0.439164 0.428223
vt 0.691016 0.835440
vt 0.694987 0.836382
vt 0.689928 0.854183
vt 0.692067 0.858153
vt 0.907132 0.337158
vt 0.912354 0.336504
vt 0.907132 0.321019
vt 0.912354 0.319916
vt 0.915608 0.318544
vt 0.915545 0.335720
vt 0.907132 0.306886
vt 0.912354 0.305339
vt 0.907132 0.294344
vt 0.912354 0.292409
vt 0.916070 0.289769
vt 0.915798 0.303283
vt 0.432730 0.324138
vt 0.432712 0.308878
vt 0.438003 0.306425
vt 0.437563 0.322666
vt 0.432743 0.295364
vt 0.438455 0.292091
vt 0.691016 0.713642
vt 0.689928 0.699308
vt 0.692067 0.694914
vt 0.694987 0.711867
vt 0.691777 0.729883
vt 0.696129 0.728724
vt 0.432934 0.341314
vt 0.437540 0.340529
vt 0.692030 0.747746
vt 0.696509 0.747092
vt 0.907132 0.282980
vt 0.912354 0.280765
vt 0.907132 0.272635
vt 0.912354 0.270197
vt 0.916624 0.267102
vt 0.916379 0.277834
vt 0.907132 0.263153
vt 0.912354 0.260492
vt 0.907132 0.254374
vt 0.912354 0.251441
vt 0.916705 0.247840
vt 0.916705 0.257194
vt 0.920144 0.253682
vt 0.919817 0.263668
vt 0.920144 0.244079
vt 0.438814 0.259277
vt 0.439519 0.249674
vt 0.445001 0.246259
vt 0.444537 0.255978
vt 0.438519 0.269262
vt 0.444396 0.265741
vt 0.432689 0.283429
vt 0.438513 0.279952
vt 0.432765 0.272696
vt 0.444485 0.275832
vt 0.444746 0.287698
vt 0.907132 0.246143
vt 0.912354 0.242831
vt 0.907132 0.237264
vt 0.912354 0.233602
vt 0.916705 0.229098
vt 0.916705 0.238769
vt 0.907132 0.226543
vt 0.912354 0.222696
vt 0.907132 0.212783
vt 0.912354 0.209052
vt 0.916705 0.204426
vt 0.916705 0.217945
vt 0.920144 0.212925
vt 0.920144 0.224376
vt 0.920144 0.199505
vt 0.922629 0.194887
vt 0.922629 0.208271
vt 0.922629 0.220061
vt 0.920144 0.234536
vt 0.922629 0.230708
vt 0.440759 0.240130
vt 0.445883 0.236302
vt 0.907132 0.194790
vt 0.912354 0.191611
vt 0.907132 0.174285
vt 0.912354 0.171909
vt 0.916705 0.168953
vt 0.916705 0.187661
vt 0.907132 0.152987
vt 0.912354 0.151480
vt 0.907132 0.132615
vt 0.912354 0.131862
vt 0.916705 0.130924
vt 0.916705 0.149606
vt 0.920144 0.147596
vt 0.920144 0.165788
vt 0.920144 0.129920
vt 0.922629 0.128965
vt 0.922629 0.145686
vt 0.922629 0.162786
vt 0.920144 0.183442
vt 0.922629 0.179456
vt 0.907132 0.114890
vt 0.912354 0.114589
vt 0.907093 0.098834
vt 0.912277 0.098722
vt 0.916581 0.098585
vt 0.916705 0.114214
vt 0.906977 0.083468
vt 0.912044 0.083324
vt 0.906744 0.067814
vt 0.911578 0.067454
vt 0.915463 0.067018
vt 0.916208 0.083149
vt 0.919460 0.082970
vt 0.919973 0.098440
vt 0.469675 0.088743
vt 0.472053 0.072612
vt 0.478212 0.072166
vt 0.475390 0.088565
vt 0.484730 0.071778
vt 0.481447 0.088410
vt 0.472888 0.104034
vt 0.478468 0.103900
vt 0.920144 0.113812
vt 0.470252 0.119406
vt 0.475372 0.119024
vt 0.467030 0.135514
vt 0.471737 0.134559
vt 0.906356 0.050895
vt 0.910801 0.050175
vt 0.905585 0.034721
vt 0.909476 0.033416
vt 0.469529 0.055770
vt 0.472864 0.039010
vt 0.478808 0.037339
vt 0.475249 0.054896
vt 0.914220 0.049302
vt 0.904204 0.021304
vt 0.907363 0.019106
vt 0.902671 0.012877
vt 0.904204 0.008284
vt 0.476322 0.024700
vt 0.479000 0.013879
vt 0.485064 0.009451
vt 0.482276 0.021684
vt 0.489355 0.019356
vt 0.485685 0.035821
vt 0.492326 0.006353
vt 0.500130 0.004257
vt 0.496942 0.017649
vt 0.492979 0.034579
vt 0.481808 0.054004
vt 0.488741 0.053228
vt 0.462968 0.584687
vt 0.467603 0.594160
vt 0.458595 0.573269
vt 0.463681 0.572101
vt 0.467968 0.582923
vt 0.472435 0.592125
vt 0.454780 0.560607
vt 0.451815 0.547396
vt 0.456959 0.547804
vt 0.459901 0.560210
vt 0.464740 0.559124
vt 0.468558 0.570524
vt 0.461743 0.547240
vt 0.466358 0.546243
vt 0.469460 0.557774
vt 0.473367 0.568853
vt 0.472820 0.580998
vt 0.477148 0.590105
vt 0.477643 0.579125
vt 0.481855 0.588235
vt 0.449994 0.534336
vt 0.449057 0.521592
vt 0.454290 0.523203
vt 0.455183 0.535435
vt 0.448747 0.509332
vt 0.448802 0.497722
vt 0.454014 0.499541
vt 0.453995 0.511205
vt 0.458740 0.511574
vt 0.459044 0.523406
vt 0.458730 0.499879
vt 0.463171 0.499492
vt 0.463222 0.511204
vt 0.463558 0.522923
vt 0.459945 0.535314
vt 0.464497 0.534615
vt 0.448965 0.486930
vt 0.449190 0.476759
vt 0.454131 0.477916
vt 0.454064 0.488310
vt 0.449432 0.467015
vt 0.687442 0.871057
vt 0.693372 0.866278
vt 0.687039 0.874232
vt 0.087958 0.678378
vt 0.087611 0.684711
vt 0.083092 0.685200
vt 0.083187 0.678393
vt 0.454202 0.468768
vt 0.458677 0.468577
vt 0.458696 0.477730
vt 0.078728 0.685363
vt 0.078713 0.678398
vt 0.074590 0.685363
vt 0.074506 0.678398
vt 0.462884 0.467468
vt 0.462986 0.476909
vt 0.458715 0.488380
vt 0.463087 0.487822
vt 0.687442 0.683048
vt 0.687039 0.678189
vt 0.693372 0.684964
vt 0.449893 0.262385
vt 0.450087 0.270972
vt 0.455073 0.259617
vt 0.455383 0.266634
vt 0.122364 0.748939
vt 0.122775 0.755271
vt 0.117479 0.755256
vt 0.117136 0.748449
vt 0.449857 0.253317
vt 0.450070 0.243698
vt 0.454830 0.241901
vt 0.454856 0.251331
vt 0.459616 0.250058
vt 0.460001 0.257861
vt 0.459385 0.240781
vt 0.463840 0.240250
vt 0.464219 0.249533
vt 0.464729 0.257203
vt 0.112426 0.755251
vt 0.112042 0.748286
vt 0.460436 0.264079
vt 0.465263 0.263221
vt 0.107599 0.755251
vt 0.107143 0.748286
vt 0.450622 0.233456
vt 0.447362 0.225655
vt 0.451755 0.222369
vt 0.455936 0.219969
vt 0.455092 0.231451
vt 0.449615 0.213866
vt 0.453713 0.210213
vt 0.452822 0.200481
vt 0.456737 0.196764
vt 0.460556 0.193870
vt 0.457659 0.207446
vt 0.461573 0.205448
vt 0.460027 0.218311
vt 0.464387 0.191723
vt 0.468336 0.190244
vt 0.465574 0.204104
vt 0.464149 0.217249
vt 0.459410 0.230144
vt 0.463693 0.229394
vt 0.457161 0.185050
vt 0.461069 0.181799
vt 0.462109 0.168381
vt 0.466160 0.165913
vt 0.470180 0.163950
vt 0.464922 0.179231
vt 0.467142 0.151281
vt 0.471455 0.149705
vt 0.476404 0.133771
vt 0.481072 0.133142
vt 0.475756 0.148447
vt 0.480092 0.147490
vt 0.474236 0.162462
vt 0.485783 0.132664
vt 0.490579 0.132328
vt 0.484512 0.146817
vt 0.478392 0.161420
vt 0.468804 0.177301
vt 0.472804 0.175956
vt 0.480455 0.118709
vt 0.484004 0.103795
vt 0.489568 0.103718
vt 0.485554 0.118458
vt 0.487445 0.088305
vt 0.491175 0.071515
vt 0.497653 0.071376
vt 0.493479 0.088249
vt 0.499640 0.088242
vt 0.495231 0.103668
vt 0.504276 0.071359
vt 0.511151 0.071462
vt 0.506021 0.088283
vt 0.501063 0.103645
vt 0.490720 0.118266
vt 0.496006 0.118132
vt 0.495587 0.052702
vt 0.500173 0.033737
vt 0.507375 0.033291
vt 0.502457 0.052424
vt 0.504420 0.016492
vt 0.507819 0.002837
vt 0.515481 0.002085
vt 0.511888 0.015879
vt 0.519445 0.015803
vt 0.514693 0.033237
vt 0.523208 0.001992
vt 0.531088 0.002550
vt 0.527192 0.016258
vt 0.522236 0.033567
vt 0.509465 0.052389
vt 0.516723 0.052596
vt 0.482561 0.577520
vt 0.486672 0.586647
vt 0.478245 0.567406
vt 0.483306 0.566081
vt 0.487628 0.576095
vt 0.491606 0.585268
vt 0.474224 0.556587
vt 0.470995 0.545349
vt 0.475840 0.544459
vt 0.479193 0.555458
vt 0.484528 0.554285
vt 0.488662 0.564780
vt 0.481079 0.543475
vt 0.486899 0.542297
vt 0.490389 0.552963
vt 0.494424 0.563404
vt 0.492901 0.574760
vt 0.496664 0.584025
vt 0.498435 0.573428
vt 0.501854 0.582842
vt 0.469057 0.533976
vt 0.468068 0.522478
vt 0.472715 0.522010
vt 0.473800 0.533317
vt 0.467683 0.510863
vt 0.467558 0.499139
vt 0.471973 0.498816
vt 0.472225 0.510517
vt 0.476952 0.510133
vt 0.477637 0.521458
vt 0.476498 0.498520
vt 0.481216 0.498247
vt 0.481968 0.509679
vt 0.482975 0.520761
vt 0.478898 0.532552
vt 0.484523 0.531598
vt 0.467350 0.487316
vt 0.467101 0.476167
vt 0.471165 0.475394
vt 0.471599 0.486887
vt 0.466851 0.466465
vt 0.070746 0.685363
vt 0.070538 0.678398
vt 0.067049 0.685050
vt 0.066658 0.678189
vt 0.470731 0.465001
vt 0.474675 0.462513
vt 0.475301 0.474481
vt 0.845908 0.881689
vt 0.839048 0.873509
vt 0.839988 0.869361
vt 0.846535 0.879201
vt 0.842394 0.860647
vt 0.847534 0.876927
vt 0.478922 0.460239
vt 0.479654 0.473771
vt 0.475928 0.486559
vt 0.480431 0.486359
vt 0.102983 0.755251
vt 0.102503 0.748286
vt 0.469307 0.257730
vt 0.469879 0.263974
vt 0.473765 0.259233
vt 0.474322 0.266357
vt 0.098540 0.755460
vt 0.098111 0.748599
vt 0.468747 0.249795
vt 0.468297 0.240219
vt 0.472754 0.240556
vt 0.473211 0.250627
vt 0.477626 0.251817
vt 0.478129 0.261501
vt 0.477206 0.241124
vt 0.481650 0.241790
vt 0.482004 0.253150
vt 0.482425 0.263986
vt 0.094231 0.756087
vt 0.093954 0.749540
vt 0.478631 0.270390
vt 0.482839 0.274733
vt 0.839988 0.693967
vt 0.846535 0.687078
vt 0.847534 0.691421
vt 0.842394 0.703721
vt 0.468060 0.229059
vt 0.468424 0.216642
vt 0.472814 0.216373
vt 0.472487 0.229032
vt 0.469777 0.203298
vt 0.472509 0.189357
vt 0.476851 0.188914
vt 0.474134 0.202895
vt 0.478593 0.202760
vt 0.477280 0.216329
vt 0.481305 0.188766
vt 0.485815 0.188766
vt 0.483103 0.202760
vt 0.481783 0.216395
vt 0.476954 0.229205
vt 0.481437 0.229472
vt 0.477008 0.175150
vt 0.482713 0.160796
vt 0.487164 0.160483
vt 0.481365 0.174747
vt 0.489064 0.146414
vt 0.495501 0.132126
vt 0.500562 0.132025
vt 0.493734 0.146212
vt 0.498505 0.146145
vt 0.491706 0.160379
vt 0.505777 0.131992
vt 0.511160 0.131992
vt 0.503365 0.146145
vt 0.496303 0.160379
vt 0.485824 0.174612
vt 0.490334 0.174612
vt 0.501461 0.118051
vt 0.507137 0.103647
vt 0.513532 0.103672
vt 0.507136 0.118011
vt 0.512716 0.088372
vt 0.518389 0.071684
vt 0.526103 0.072033
vt 0.519829 0.088512
vt 0.527467 0.088705
vt 0.520331 0.103717
vt 0.534410 0.072517
vt 0.543426 0.073143
vt 0.535735 0.088956
vt 0.527615 0.103780
vt 0.513077 0.117997
vt 0.519334 0.117997
vt 0.524344 0.053040
vt 0.530113 0.034278
vt 0.538400 0.035395
vt 0.532431 0.053738
vt 0.535226 0.017236
vt 0.539213 0.003750
vt 0.547600 0.005634
vt 0.543594 0.018771
vt 0.552343 0.020899
vt 0.547174 0.036942
vt 0.556268 0.008246
vt 0.565234 0.011626
vt 0.561519 0.023653
vt 0.556514 0.038945
vt 0.541088 0.054705
vt 0.550418 0.055957
vt 0.504287 0.572009
vt 0.507182 0.581647
vt 0.500704 0.561854
vt 0.507457 0.560170
vt 0.510437 0.570554
vt 0.512672 0.580485
vt 0.496937 0.551390
vt 0.493484 0.540826
vt 0.500851 0.539017
vt 0.504129 0.549577
vt 0.511925 0.547536
vt 0.514637 0.558394
vt 0.509015 0.536822
vt 0.517991 0.534197
vt 0.520283 0.545277
vt 0.522197 0.556565
vt 0.516870 0.569111
vt 0.518345 0.579403
vt 0.523567 0.567731
vt 0.524225 0.578448
vt 0.490850 0.530371
vt 0.488868 0.519859
vt 0.495630 0.518494
vt 0.498023 0.528732
vt 0.487376 0.509122
vt 0.486209 0.497995
vt 0.492102 0.497256
vt 0.493661 0.508078
vt 0.501308 0.506163
vt 0.503575 0.516411
vt 0.499520 0.495522
vt 0.509086 0.492285
vt 0.510803 0.502993
vt 0.513017 0.513350
vt 0.506188 0.526539
vt 0.515491 0.523653
vt 0.485204 0.486311
vt 0.484369 0.473607
vt 0.490142 0.473187
vt 0.490942 0.485801
vt 0.483714 0.459420
vt 0.847534 0.859552
vt 0.848857 0.876108
vt 0.483552 0.442864
vt 0.489558 0.442276
vt 0.489668 0.458889
vt 0.497400 0.457478
vt 0.497670 0.471708
vt 0.497427 0.440997
vt 0.507953 0.438192
vt 0.507692 0.454367
vt 0.507688 0.468453
vt 0.498341 0.484213
vt 0.508100 0.480932
vt 0.839988 0.839214
vt 0.846535 0.839741
vt 0.839048 0.817812
vt 0.845908 0.818200
vt 0.484196 0.423053
vt 0.485166 0.401513
vt 0.490359 0.401524
vt 0.489851 0.422717
vt 0.838735 0.796104
vt 0.845699 0.796458
vt 0.838735 0.775075
vt 0.845699 0.775540
vt 0.849182 0.776054
vt 0.849182 0.796699
vt 0.849234 0.818211
vt 0.490893 0.380011
vt 0.498343 0.379883
vt 0.497982 0.400948
vt 0.491391 0.359367
vt 0.498650 0.359792
vt 0.509137 0.359994
vt 0.508995 0.379130
vt 0.508692 0.399354
vt 0.497649 0.421737
vt 0.508316 0.419448
vt 0.838735 0.755711
vt 0.845699 0.756473
vt 0.839048 0.737735
vt 0.845908 0.738917
vt 0.849234 0.740605
vt 0.849182 0.757466
vt 0.839988 0.720871
vt 0.846535 0.722530
vt 0.847534 0.707680
vt 0.487523 0.305842
vt 0.487259 0.290992
vt 0.492089 0.294222
vt 0.492136 0.308450
vt 0.849391 0.725137
vt 0.492051 0.323917
vt 0.498855 0.311255
vt 0.498879 0.325887
vt 0.498774 0.297628
vt 0.508151 0.301600
vt 0.508449 0.314460
vt 0.508773 0.328151
vt 0.491790 0.340779
vt 0.498820 0.341930
vt 0.509033 0.343165
vt 0.848857 0.694732
vt 0.486678 0.266138
vt 0.486978 0.278044
vt 0.491776 0.268560
vt 0.491953 0.281081
vt 0.486357 0.254410
vt 0.486082 0.242420
vt 0.491514 0.243633
vt 0.491608 0.256197
vt 0.498677 0.259110
vt 0.498605 0.271859
vt 0.498960 0.246047
vt 0.509431 0.250281
vt 0.508484 0.263746
vt 0.508041 0.276570
vt 0.498664 0.284597
vt 0.507973 0.289079
vt 0.485916 0.229724
vt 0.486285 0.216458
vt 0.492136 0.216933
vt 0.491559 0.230507
vt 0.487613 0.202760
vt 0.490325 0.188766
vt 0.496464 0.188899
vt 0.493640 0.203026
vt 0.502700 0.203825
vt 0.500685 0.218237
vt 0.505863 0.189298
vt 0.520151 0.190096
vt 0.516311 0.205421
vt 0.513284 0.220784
vt 0.499534 0.232367
vt 0.511011 0.235849
vt 0.494844 0.174612
vt 0.500918 0.160379
vt 0.507128 0.160392
vt 0.501003 0.174666
vt 0.508296 0.146145
vt 0.516725 0.131992
vt 0.523625 0.131992
vt 0.514711 0.146145
vt 0.524021 0.146145
vt 0.516509 0.160432
vt 0.533013 0.131992
vt 0.546045 0.131992
vt 0.537637 0.146145
vt 0.530636 0.160512
vt 0.510461 0.174825
vt 0.524868 0.175144
vt 0.525953 0.117997
vt 0.535463 0.103857
vt 0.544300 0.103948
vt 0.533740 0.117997
vt 0.544739 0.089266
vt 0.553265 0.073919
vt 0.563721 0.074825
vt 0.554546 0.089629
vt 0.565222 0.090035
vt 0.554548 0.104049
vt 0.574586 0.075840
vt 0.585654 0.076945
vt 0.576833 0.090477
vt 0.566631 0.104160
vt 0.543501 0.117997
vt 0.556039 0.117997
vt 0.560524 0.057510
vt 0.566498 0.041429
vt 0.576753 0.044329
vt 0.571067 0.059322
vt 0.571168 0.027069
vt 0.574516 0.015818
vt 0.583826 0.020711
vt 0.580949 0.031055
vt 0.590523 0.035524
vt 0.586911 0.047579
vt 0.592870 0.026195
vt 0.601361 0.032161
vt 0.599549 0.040385
vt 0.596601 0.051114
vt 0.581707 0.061353
vt 0.592106 0.063563
vt 0.530509 0.566464
vt 0.530333 0.577666
vt 0.530091 0.554724
vt 0.538352 0.552906
vt 0.537733 0.565234
vt 0.536637 0.576950
vt 0.529160 0.542812
vt 0.527795 0.531094
vt 0.538296 0.528020
vt 0.538536 0.540385
vt 0.548392 0.538241
vt 0.547011 0.551145
vt 0.549365 0.525483
vt 0.560871 0.523988
vt 0.558706 0.536622
vt 0.556147 0.549278
vt 0.545275 0.563967
vt 0.543103 0.576190
vt 0.553352 0.561794
vt 0.550208 0.574949
vt 0.526078 0.519934
vt 0.524269 0.509056
vt 0.536813 0.504565
vt 0.537642 0.516158
vt 0.522631 0.498184
vt 0.521425 0.487039
vt 0.535580 0.481246
vt 0.536046 0.493006
vt 0.550303 0.488730
vt 0.550129 0.500912
vt 0.550595 0.476369
vt 0.565513 0.473873
vt 0.564658 0.486625
vt 0.563698 0.499133
vt 0.549880 0.513101
vt 0.562485 0.511540
vt 0.520913 0.475346
vt 0.520935 0.462708
vt 0.536143 0.456141
vt 0.535655 0.469050
vt 0.521326 0.448732
vt 0.521927 0.433023
vt 0.537859 0.427067
vt 0.536920 0.442239
vt 0.553089 0.436552
vt 0.552048 0.450420
vt 0.554260 0.421901
vt 0.569641 0.419099
vt 0.568450 0.433334
vt 0.567383 0.447215
vt 0.551197 0.463646
vt 0.566413 0.460732
vt 0.522575 0.415186
vt 0.523145 0.396313
vt 0.539665 0.392975
vt 0.538834 0.410346
vt 0.523511 0.377497
vt 0.523546 0.359832
vt 0.540163 0.359875
vt 0.540168 0.375852
vt 0.557244 0.375060
vt 0.556575 0.390492
vt 0.557273 0.360691
vt 0.573165 0.362847
vt 0.573018 0.375988
vt 0.572199 0.390017
vt 0.555501 0.406327
vt 0.570982 0.404524
vt 0.523126 0.344409
vt 0.522443 0.330723
vt 0.538382 0.333604
vt 0.539467 0.345944
vt 0.521689 0.318266
vt 0.521055 0.306531
vt 0.536254 0.311886
vt 0.537211 0.322403
vt 0.553654 0.326602
vt 0.555087 0.336798
vt 0.552515 0.317129
vt 0.568605 0.321726
vt 0.569654 0.330597
vt 0.571051 0.340305
vt 0.556424 0.348049
vt 0.572366 0.351004
vt 0.520736 0.295013
vt 0.520959 0.283231
vt 0.536240 0.290851
vt 0.535812 0.301600
vt 0.521951 0.270705
vt 0.523941 0.256954
vt 0.541111 0.265174
vt 0.537888 0.278940
vt 0.555108 0.287408
vt 0.552766 0.298437
vt 0.559562 0.274051
vt 0.577913 0.282694
vt 0.572420 0.295062
vt 0.569418 0.304997
vt 0.552060 0.308042
vt 0.568336 0.313539
vt 0.527158 0.241498
vt 0.531281 0.224990
vt 0.552559 0.230958
vt 0.546261 0.248855
vt 0.535988 0.208082
vt 0.540959 0.191427
vt 0.565482 0.194315
vt 0.559225 0.212453
vt 0.583514 0.219180
vt 0.574997 0.238788
vt 0.590921 0.199787
vt 0.614471 0.208867
vt 0.606347 0.228909
vt 0.596479 0.248583
vt 0.566602 0.257462
vt 0.586466 0.266857
vt 0.545872 0.175677
vt 0.551088 0.160645
vt 0.575041 0.161765
vt 0.570551 0.177516
vt 0.556968 0.146145
vt 0.563872 0.131992
vt 0.584451 0.132303
vt 0.579560 0.146773
vt 0.602957 0.148656
vt 0.599673 0.164807
vt 0.605740 0.133240
vt 0.626596 0.134994
vt 0.623870 0.153177
vt 0.621953 0.170893
vt 0.595984 0.181757
vt 0.619247 0.189492
vt 0.572161 0.117997
vt 0.580972 0.104277
vt 0.596007 0.104423
vt 0.590058 0.118122
vt 0.589445 0.090946
vt 0.596716 0.078119
vt 0.607084 0.079264
vt 0.601926 0.091404
vt 0.613144 0.091812
vt 0.610170 0.104618
vt 0.616067 0.080285
vt 0.622976 0.081083
vt 0.621966 0.092132
vt 0.621509 0.104674
vt 0.607923 0.118494
vt 0.622394 0.118398
vt 0.601924 0.065910
vt 0.605453 0.054870
vt 0.613163 0.058524
vt 0.610747 0.068201
vt 0.607686 0.045550
vt 0.609006 0.038499
vt 0.572537 0.692048
vt 0.567315 0.690727
vt 0.567132 0.684344
vt 0.572184 0.685156
vt 0.614577 0.050544
vt 0.619869 0.054895
vt 0.619429 0.061755
vt 0.566582 0.679639
vt 0.571123 0.679865
vt 0.262617 0.688428
vt 0.267157 0.683615
vt 0.267921 0.687487
vt 0.265076 0.691592
vt 0.258946 0.695287
vt 0.261955 0.697754
vt 0.618162 0.070242
vt 0.256231 0.703774
vt 0.259589 0.705370
vt 0.623753 0.071838
vt 0.895583 0.875912
vt 0.895583 0.870279
vt 0.902882 0.870279
vt 0.902882 0.875912
vt 0.895583 0.864833
vt 0.902882 0.864833
vt 0.909806 0.864901
vt 0.909636 0.870326
vt 0.909530 0.875828
vt 0.895583 0.859170
vt 0.902882 0.859170
vt 0.895583 0.852887
vt 0.902882 0.852887
vt 0.909933 0.852738
vt 0.909894 0.859151
vt 0.916336 0.859093
vt 0.915985 0.865103
vt 0.916492 0.852292
vt 0.922311 0.851399
vt 0.921923 0.858979
vt 0.921152 0.865647
vt 0.915302 0.870464
vt 0.914879 0.875576
vt 0.919771 0.871303
vt 0.918239 0.875126
vt 0.895583 0.845582
vt 0.902882 0.845582
vt 0.895583 0.837850
vt 0.902882 0.837850
vt 0.909977 0.837439
vt 0.909956 0.845325
vt 0.895583 0.830285
vt 0.902882 0.830285
vt 0.895583 0.823481
vt 0.902882 0.823481
vt 0.909997 0.822596
vt 0.910009 0.829609
vt 0.916796 0.827580
vt 0.916669 0.836206
vt 0.916747 0.819941
vt 0.923354 0.813223
vt 0.922924 0.824227
vt 0.922717 0.833915
vt 0.916585 0.844553
vt 0.922544 0.843009
vt 0.100393 0.761475
vt 0.103684 0.759830
vt 0.102687 0.768773
vt 0.098419 0.765381
vt 0.107506 0.760119
vt 0.106807 0.770961
vt 0.106277 0.785014
vt 0.101366 0.777305
vt 0.097431 0.770983
vt 0.113603 0.765188
vt 0.114306 0.769312
vt 0.110631 0.770739
vt 0.111074 0.762014
vt 0.113895 0.774150
vt 0.110660 0.778670
vt 0.112571 0.785014
vt 0.113080 0.790565
vt 0.111633 0.785014
vt 0.113080 0.779463
vt 0.113895 0.795878
vt 0.110660 0.791359
vt 0.113603 0.804840
vt 0.111074 0.808014
vt 0.110631 0.799289
vt 0.114306 0.800716
vt 0.107506 0.809909
vt 0.106807 0.799068
vt 0.100393 0.808553
vt 0.098419 0.804647
vt 0.102687 0.801255
vt 0.103684 0.810198
vt 0.097431 0.799045
vt 0.101366 0.792723
vt 0.097102 0.785014
vt 0.097102 0.777716
vt 0.099396 0.785014
vt 0.097102 0.792312
vt 0.441613 0.805056
vt 0.439763 0.790325
vt 0.445741 0.791755
vt 0.447804 0.801961
vt 0.437485 0.777460
vt 0.443413 0.779922
vt 0.450524 0.780970
vt 0.452691 0.791737
vt 0.454527 0.800774
vt 0.435203 0.764726
vt 0.441085 0.767499
vt 0.433300 0.751696
vt 0.439143 0.754292
vt 0.446552 0.755590
vt 0.448358 0.768886
vt 0.456559 0.769348
vt 0.458423 0.781319
vt 0.455005 0.756023
vt 0.463981 0.756023
vt 0.465224 0.769348
vt 0.466715 0.781319
vt 0.460287 0.791731
vt 0.461840 0.800378
vt 0.468206 0.791731
vt 0.469449 0.800378
vt 0.432158 0.737938
vt 0.437978 0.740105
vt 0.431853 0.724252
vt 0.437657 0.725845
vt 0.445159 0.726630
vt 0.445469 0.741189
vt 0.432458 0.711436
vt 0.438251 0.712415
vt 0.434051 0.700291
vt 0.439825 0.700720
vt 0.447064 0.700822
vt 0.445673 0.712859
vt 0.454182 0.712967
vt 0.453790 0.726882
vt 0.455278 0.700755
vt 0.463981 0.700680
vt 0.463235 0.712936
vt 0.462987 0.726875
vt 0.454073 0.741551
vt 0.463235 0.741551
vt 0.436704 0.691614
vt 0.442449 0.691665
vt 0.439968 0.684940
vt 0.445651 0.684934
vt 0.452176 0.684567
vt 0.449381 0.691465
vt 0.443391 0.679804
vt 0.448959 0.680211
vt 0.086543 0.811811
vt 0.078085 0.808613
vt 0.078452 0.803333
vt 0.083040 0.806242
vt 0.079204 0.797816
vt 0.082483 0.800205
vt 0.086916 0.809550
vt 0.085262 0.803026
vt 0.454997 0.679902
vt 0.461488 0.679371
vt 0.459296 0.684127
vt 0.079967 0.791887
vt 0.082739 0.793714
vt 0.080351 0.785753
vt 0.083071 0.786995
vt 0.468206 0.679050
vt 0.466715 0.683889
vt 0.457105 0.691198
vt 0.465224 0.691048
vt 0.261078 0.820422
vt 0.257857 0.821418
vt 0.259058 0.818392
vt 0.263268 0.818121
vt 0.253128 0.821911
vt 0.253524 0.818663
vt 0.253926 0.814357
vt 0.260385 0.814286
vt 0.265264 0.814218
vt 0.248466 0.821425
vt 0.248002 0.818401
vt 0.245377 0.820438
vt 0.243717 0.818144
vt 0.242418 0.814253
vt 0.247432 0.814300
vt 0.247279 0.809236
vt 0.254250 0.809222
vt 0.241904 0.809265
vt 0.241844 0.803727
vt 0.247307 0.803690
vt 0.254393 0.803672
vt 0.261169 0.809217
vt 0.266386 0.809217
vt 0.261425 0.803666
vt 0.266728 0.803666
vt 0.401410 0.778000
vt 0.401410 0.756850
vt 0.407993 0.756850
vt 0.408064 0.778000
vt 0.401410 0.732549
vt 0.407969 0.732549
vt 0.414082 0.732646
vt 0.414045 0.756211
vt 0.414094 0.776712
vt 0.401410 0.708659
vt 0.407993 0.708659
vt 0.401410 0.688742
vt 0.408064 0.688742
vt 0.414094 0.690176
vt 0.414045 0.709481
vt 0.419037 0.711946
vt 0.419304 0.732937
vt 0.418877 0.694476
vt 0.421764 0.700343
vt 0.422864 0.713778
vt 0.423403 0.733517
vt 0.419037 0.754294
vt 0.418877 0.772848
vt 0.422864 0.753546
vt 0.421764 0.767571
vt 0.292297 0.758641
vt 0.291055 0.748776
vt 0.298974 0.748776
vt 0.299906 0.758641
vt 0.289688 0.737498
vt 0.297949 0.737498
vt 0.305962 0.737607
vt 0.306742 0.749245
vt 0.307408 0.759555
vt 0.288569 0.725984
vt 0.297110 0.725984
vt 0.288072 0.715413
vt 0.296737 0.715413
vt 0.305070 0.715333
vt 0.305350 0.725952
vt 0.312988 0.725856
vt 0.313480 0.737934
vt 0.312740 0.715094
vt 0.320174 0.738206
vt 0.314209 0.750649
vt 0.314699 0.762298
vt 0.320902 0.751930
vt 0.322241 0.768526
vt 0.288569 0.706966
vt 0.297110 0.706966
vt 0.289688 0.699930
vt 0.297949 0.699930
vt 0.305775 0.699727
vt 0.305288 0.706807
vt 0.291055 0.693591
vt 0.298974 0.693591
vt 0.292297 0.687238
vt 0.299906 0.687238
vt 0.306836 0.687258
vt 0.306305 0.693450
vt 0.312458 0.693025
vt 0.312731 0.699118
vt 0.312411 0.687319
vt 0.312740 0.706328
vt 0.313080 0.681270
vt 0.307330 0.680435
vt 0.520660 0.679014
vt 0.526409 0.678395
vt 0.526042 0.683353
vt 0.519843 0.683734
vt 0.516156 0.679639
vt 0.514667 0.684344
vt 0.300465 0.680157
vt 0.293043 0.680157
vt 0.533274 0.678189
vt 0.540696 0.678189
vt 0.540323 0.683225
vt 0.532994 0.683225
vt 0.532901 0.689406
vt 0.525888 0.689539
vt 0.540199 0.689406
vt 0.540199 0.696560
vt 0.532901 0.696560
vt 0.525849 0.696742
vt 0.519446 0.689935
vt 0.513860 0.690727
vt 0.519291 0.697285
vt 0.513471 0.698373
vt 0.519198 0.705454
vt 0.513238 0.706863
vt 0.525826 0.704750
vt 0.525814 0.713319
vt 0.519151 0.714182
vt 0.513122 0.715908
vt 0.532901 0.704516
vt 0.540199 0.704515
vt 0.540199 0.713032
vt 0.532901 0.713032
vt 0.532901 0.721868
vt 0.525811 0.722203
vt 0.540199 0.721868
vt 0.540199 0.730785
vt 0.532901 0.730784
vt 0.525811 0.731156
vt 0.519136 0.723207
vt 0.513083 0.725217
vt 0.519136 0.732271
vt 0.513083 0.734500
vt 0.519136 0.741111
vt 0.513083 0.743466
vt 0.525811 0.739933
vt 0.525811 0.748528
vt 0.519136 0.749730
vt 0.513083 0.752133
vt 0.532901 0.739541
vt 0.540199 0.739541
vt 0.540199 0.748127
vt 0.532901 0.748127
vt 0.532901 0.756533
vt 0.525811 0.756932
vt 0.540199 0.756533
vt 0.540199 0.764748
vt 0.532901 0.764748
vt 0.525811 0.765138
vt 0.519136 0.758128
vt 0.513083 0.760520
vt 0.519136 0.766307
vt 0.513083 0.768645
vt 0.519136 0.774269
vt 0.513083 0.776526
vt 0.525811 0.773140
vt 0.525814 0.781019
vt 0.519151 0.782097
vt 0.513122 0.784253
vt 0.532901 0.772764
vt 0.540199 0.772764
vt 0.540199 0.780659
vt 0.532901 0.780659
vt 0.532901 0.788516
vt 0.525826 0.788856
vt 0.540199 0.788516
vt 0.540199 0.796415
vt 0.532901 0.796415
vt 0.525849 0.796734
vt 0.519198 0.789876
vt 0.513238 0.791915
vt 0.519291 0.797690
vt 0.513471 0.799603
vt 0.519446 0.805624
vt 0.513860 0.807407
vt 0.525888 0.804733
vt 0.525976 0.812486
vt 0.519798 0.813150
vt 0.514631 0.814670
vt 0.532901 0.804436
vt 0.540199 0.804436
vt 0.540199 0.812265
vt 0.532901 0.812265
vt 0.532901 0.819590
vt 0.526147 0.819628
vt 0.540199 0.819590
vt 0.540199 0.826097
vt 0.532901 0.826097
vt 0.526253 0.825923
vt 0.520480 0.819741
vt 0.516011 0.820733
vt 0.520904 0.825401
vt 0.860297 0.001992
vt 0.895583 0.941761
vt 0.895583 0.931285
vt 0.902882 0.931285
vt 0.902882 0.941761
vt 0.895583 0.921583
vt 0.902882 0.921583
vt 0.909996 0.921504
vt 0.909972 0.931275
vt 0.909972 0.941749
vt 0.895583 0.912570
vt 0.902882 0.912570
vt 0.895583 0.904163
vt 0.902882 0.904163
vt 0.910102 0.903648
vt 0.910069 0.912276
vt 0.917035 0.911393
vt 0.916744 0.921266
vt 0.917167 0.902104
vt 0.924531 0.898200
vt 0.923344 0.910594
vt 0.922861 0.921031
vt 0.916647 0.931247
vt 0.916647 0.941714
vt 0.922700 0.931191
vt 0.922700 0.941645
vt 0.929726 0.899442
vt 0.928558 0.910550
vt 0.933539 0.900201
vt 0.932758 0.910884
vt 0.932394 0.920996
vt 0.928081 0.920963
vt 0.303755 0.587965
vt 0.298217 0.587633
vt 0.309235 0.588386
vt 0.310285 0.597981
vt 0.305258 0.597817
vt 0.936022 0.911216
vt 0.935789 0.921068
vt 0.935711 0.930928
vt 0.932272 0.930999
vt 0.312112 0.607668
vt 0.307397 0.607677
vt 0.314667 0.617882
vt 0.310151 0.618000
vt 0.935711 0.941251
vt 0.932272 0.941391
vt 0.927922 0.931097
vt 0.927922 0.941530
vt 0.529484 0.587965
vt 0.524004 0.588386
vt 0.535022 0.587633
vt 0.855145 0.911216
vt 0.858409 0.910884
vt 0.858773 0.920996
vt 0.855378 0.921068
vt 0.527981 0.597817
vt 0.522954 0.597980
vt 0.857628 0.900201
vt 0.861441 0.899442
vt 0.862609 0.910550
vt 0.866636 0.898200
vt 0.867823 0.910594
vt 0.868306 0.921031
vt 0.863086 0.920963
vt 0.863245 0.931097
vt 0.858894 0.930999
vt 0.868467 0.931191
vt 0.868467 0.941645
vt 0.863245 0.941530
vt 0.858894 0.941391
vt 0.525842 0.607677
vt 0.521127 0.607668
vt 0.855456 0.930928
vt 0.855456 0.941251
vt 0.523088 0.618000
vt 0.518572 0.617882
vt 0.314458 0.588984
vt 0.319478 0.589721
vt 0.319473 0.598714
vt 0.314996 0.598289
vt 0.324349 0.590558
vt 0.329128 0.591454
vt 0.328039 0.599790
vt 0.323794 0.599224
vt 0.324354 0.608126
vt 0.320492 0.607912
vt 0.328127 0.608377
vt 0.329397 0.617740
vt 0.325993 0.617747
vt 0.322477 0.617766
vt 0.316444 0.607752
vt 0.318738 0.617807
vt 0.508890 0.590558
vt 0.504111 0.591454
vt 0.513761 0.589721
vt 0.513766 0.598714
vt 0.509445 0.599224
vt 0.505199 0.599790
vt 0.518781 0.588984
vt 0.518243 0.598289
vt 0.516795 0.607752
vt 0.512747 0.607911
vt 0.514501 0.617807
vt 0.510762 0.617766
vt 0.508885 0.608126
vt 0.505112 0.608377
vt 0.507246 0.617747
vt 0.503841 0.617740
vt 0.333868 0.592372
vt 0.338551 0.593368
vt 0.336516 0.601045
vt 0.332289 0.600384
vt 0.343160 0.594500
vt 0.347674 0.595827
vt 0.344789 0.602738
vt 0.340692 0.601817
vt 0.339401 0.609331
vt 0.335677 0.608953
vt 0.343056 0.609803
vt 0.342799 0.617859
vt 0.339523 0.617778
vt 0.336184 0.617742
vt 0.331910 0.608643
vt 0.332801 0.617733
vt 0.490079 0.594500
vt 0.485565 0.595827
vt 0.494687 0.593368
vt 0.496723 0.601045
vt 0.492547 0.601817
vt 0.488450 0.602738
vt 0.499371 0.592372
vt 0.500950 0.600384
vt 0.501329 0.608643
vt 0.497562 0.608953
vt 0.500437 0.617733
vt 0.497055 0.617741
vt 0.493838 0.609331
vt 0.490183 0.609803
vt 0.493716 0.617778
vt 0.490440 0.617859
vt 0.352076 0.597405
vt 0.356487 0.599154
vt 0.352800 0.605106
vt 0.348780 0.603851
vt 0.361031 0.600992
vt 0.365828 0.602839
vt 0.361462 0.607842
vt 0.356982 0.606453
vt 0.354016 0.611811
vt 0.350221 0.611077
vt 0.358143 0.612565
vt 0.356410 0.618487
vt 0.352659 0.618338
vt 0.349231 0.618165
vt 0.346615 0.610397
vt 0.345990 0.617997
vt 0.472208 0.600992
vt 0.467411 0.602839
vt 0.476752 0.599154
vt 0.480439 0.605106
vt 0.476257 0.606452
vt 0.471777 0.607842
vt 0.481163 0.597405
vt 0.484459 0.603851
vt 0.486624 0.610397
vt 0.483018 0.611077
vt 0.487249 0.617997
vt 0.484008 0.618165
vt 0.479223 0.611811
vt 0.475096 0.612565
vt 0.480580 0.618338
vt 0.476829 0.618487
vt 0.371003 0.604613
vt 0.376101 0.606228
vt 0.371264 0.610515
vt 0.366375 0.609224
vt 0.847678 0.602004
vt 0.843327 0.600633
vt 0.852900 0.603044
vt 0.044046 0.682540
vt 0.047634 0.687762
vt 0.042527 0.687762
vt 0.039051 0.682540
vt 0.039478 0.678189
vt 0.034641 0.678189
vt 0.034940 0.682540
vt 0.030744 0.678189
vt 0.038260 0.687762
vt 0.035165 0.687762
vt 0.032105 0.682540
vt 0.249792 0.684113
vt 0.249205 0.688464
vt 0.245099 0.688464
vt 0.245132 0.684113
vt 0.362743 0.613305
vt 0.367367 0.613989
vt 0.250476 0.680675
vt 0.245194 0.680675
vt 0.360618 0.618587
vt 0.053249 0.687762
vt 0.055476 0.693815
vt 0.049786 0.693815
vt 0.056589 0.700490
vt 0.050862 0.700490
vt 0.045655 0.700490
vt 0.044612 0.693815
vt 0.056960 0.707580
vt 0.051220 0.707580
vt 0.056960 0.714878
vt 0.051220 0.714878
vt 0.046002 0.714878
vt 0.046002 0.707580
vt 0.041579 0.707580
vt 0.041248 0.700490
vt 0.041579 0.714878
vt 0.038225 0.714878
vt 0.038225 0.707580
vt 0.037919 0.700490
vt 0.040252 0.693815
vt 0.037001 0.693815
vt 0.912354 0.602004
vt 0.907132 0.603044
vt 0.916705 0.600633
vt 0.044046 0.747216
vt 0.039478 0.751567
vt 0.034641 0.751567
vt 0.039051 0.747216
vt 0.047634 0.741994
vt 0.042527 0.741994
vt 0.462236 0.604613
vt 0.457138 0.606228
vt 0.466864 0.609224
vt 0.461975 0.610515
vt 0.470496 0.613304
vt 0.465872 0.613989
vt 0.472621 0.618587
vt 0.249792 0.757491
vt 0.250477 0.760930
vt 0.245194 0.760930
vt 0.245132 0.757491
vt 0.034940 0.747216
vt 0.038260 0.741994
vt 0.030744 0.751567
vt 0.249205 0.753141
vt 0.245099 0.753141
vt 0.032105 0.747216
vt 0.035165 0.741994
vt 0.895583 0.984930
vt 0.895583 0.975411
vt 0.902882 0.975411
vt 0.902882 0.984930
vt 0.895583 0.964555
vt 0.902882 0.964555
vt 0.909968 0.964542
vt 0.909956 0.975398
vt 0.909933 0.984918
vt 0.895583 0.953095
vt 0.902882 0.953095
vt 0.909972 0.953082
vt 0.916647 0.953043
vt 0.916631 0.964502
vt 0.922700 0.952966
vt 0.922661 0.964422
vt 0.916585 0.975359
vt 0.916492 0.984882
vt 0.922544 0.975280
vt 0.922311 0.984810
vt 0.927922 0.952838
vt 0.932272 0.952675
vt 0.932148 0.964116
vt 0.927844 0.964289
vt 0.935711 0.952494
vt 0.317898 0.629059
vt 0.313502 0.629242
vt 0.321441 0.640450
vt 0.317133 0.640664
vt 0.935540 0.963916
vt 0.935028 0.974778
vt 0.931776 0.974979
vt 0.324934 0.651307
vt 0.320726 0.651527
vt 0.328009 0.660883
vt 0.323963 0.661090
vt 0.934002 0.984341
vt 0.931030 0.984529
vt 0.927611 0.975150
vt 0.927145 0.984689
vt 0.519737 0.629242
vt 0.515341 0.629059
vt 0.858894 0.952675
vt 0.855456 0.952494
vt 0.859019 0.964116
vt 0.855627 0.963916
vt 0.516106 0.640664
vt 0.511797 0.640450
vt 0.863245 0.952838
vt 0.868467 0.952966
vt 0.868506 0.964422
vt 0.863323 0.964289
vt 0.863556 0.975150
vt 0.859391 0.974979
vt 0.868623 0.975280
vt 0.868856 0.984810
vt 0.864022 0.984689
vt 0.860137 0.984529
vt 0.512513 0.651527
vt 0.508305 0.651307
vt 0.856139 0.974778
vt 0.857164 0.984341
vt 0.509275 0.661090
vt 0.505229 0.660883
vt 0.321813 0.628889
vt 0.325366 0.628727
vt 0.328693 0.640014
vt 0.325254 0.640234
vt 0.328675 0.628568
vt 0.331858 0.628406
vt 0.334933 0.639551
vt 0.331879 0.639787
vt 0.335084 0.650603
vt 0.331992 0.650846
vt 0.338044 0.650351
vt 0.340616 0.659980
vt 0.337769 0.660214
vt 0.334797 0.660443
vt 0.328649 0.651081
vt 0.331582 0.660667
vt 0.504564 0.628568
vt 0.501381 0.628406
vt 0.507873 0.628727
vt 0.504546 0.640014
vt 0.501360 0.639787
vt 0.498306 0.639551
vt 0.511426 0.628889
vt 0.507985 0.640234
vt 0.504590 0.651081
vt 0.501247 0.650846
vt 0.501657 0.660667
vt 0.498442 0.660443
vt 0.498155 0.650603
vt 0.495195 0.650350
vt 0.495470 0.660214
vt 0.492623 0.659980
vt 0.335035 0.628235
vt 0.338186 0.628063
vt 0.340994 0.639045
vt 0.337977 0.639303
vt 0.341295 0.627896
vt 0.344343 0.627741
vt 0.346885 0.638511
vt 0.343969 0.638780
vt 0.346797 0.649529
vt 0.343916 0.649815
vt 0.349621 0.649231
vt 0.351747 0.658965
vt 0.349032 0.659242
vt 0.346262 0.659500
vt 0.340993 0.650088
vt 0.343451 0.659744
vt 0.491944 0.627896
vt 0.488896 0.627741
vt 0.495053 0.628063
vt 0.492245 0.639045
vt 0.489270 0.638780
vt 0.486354 0.638511
vt 0.498204 0.628235
vt 0.495262 0.639303
vt 0.492246 0.650088
vt 0.489323 0.649815
vt 0.489788 0.659744
vt 0.486977 0.659500
vt 0.486442 0.649529
vt 0.483618 0.649231
vt 0.484207 0.659242
vt 0.481492 0.658965
vt 0.347313 0.627605
vt 0.350309 0.627466
vt 0.352556 0.637948
vt 0.349726 0.638240
vt 0.353437 0.627302
vt 0.356803 0.627089
vt 0.358430 0.637219
vt 0.355436 0.637614
vt 0.357741 0.648185
vt 0.355072 0.648577
vt 0.360398 0.647726
vt 0.361815 0.657457
vt 0.359436 0.657925
vt 0.356959 0.658322
vt 0.352373 0.648920
vt 0.354393 0.658663
vt 0.479802 0.627302
vt 0.476436 0.627089
vt 0.482930 0.627467
vt 0.480683 0.637948
vt 0.477803 0.637614
vt 0.474809 0.637219
vt 0.485926 0.627605
vt 0.483512 0.638240
vt 0.480866 0.648920
vt 0.478167 0.648577
vt 0.478846 0.658663
vt 0.476280 0.658322
vt 0.475498 0.648185
vt 0.472841 0.647726
vt 0.473803 0.657924
vt 0.471424 0.657457
vt 0.245294 0.678189
vt 0.236976 0.680675
vt 0.236692 0.678189
vt 0.237288 0.684113
vt 0.227540 0.684238
vt 0.227039 0.680845
vt 0.226562 0.678399
vt 0.237588 0.688464
vt 0.245083 0.693686
vt 0.237832 0.693686
vt 0.228381 0.693725
vt 0.228006 0.688542
vt 0.217692 0.688775
vt 0.217167 0.684610
vt 0.218112 0.693842
vt 0.208406 0.694075
vt 0.207981 0.689241
vt 0.207450 0.685356
vt 0.216600 0.681358
vt 0.216055 0.679028
vt 0.206876 0.682383
vt 0.206324 0.680286
vt 0.245074 0.699739
vt 0.237978 0.699739
vt 0.245069 0.706414
vt 0.238051 0.706414
vt 0.228718 0.706418
vt 0.228606 0.699754
vt 0.245067 0.713504
vt 0.238075 0.713504
vt 0.245067 0.720802
vt 0.238075 0.720802
vt 0.228756 0.720802
vt 0.228755 0.713504
vt 0.218533 0.713504
vt 0.218490 0.706430
vt 0.218533 0.720802
vt 0.208831 0.720802
vt 0.208831 0.713504
vt 0.208788 0.706453
vt 0.218365 0.699801
vt 0.208661 0.699894
vt 0.245083 0.747918
vt 0.237588 0.753141
vt 0.237832 0.747918
vt 0.237288 0.757491
vt 0.227540 0.757367
vt 0.228006 0.753063
vt 0.228381 0.747880
vt 0.236976 0.760930
vt 0.245294 0.763416
vt 0.236692 0.763416
vt 0.226562 0.763206
vt 0.227039 0.760759
vt 0.216600 0.760247
vt 0.217167 0.756994
vt 0.216055 0.762577
vt 0.206324 0.761318
vt 0.206876 0.759221
vt 0.207450 0.756249
vt 0.217692 0.752830
vt 0.218112 0.747763
vt 0.207981 0.752364
vt 0.208406 0.747530
vt 0.138123 0.718317
vt 0.135088 0.718317
vt 0.135088 0.711019
vt 0.138123 0.711019
vt 0.131981 0.718317
vt 0.131981 0.711019
vt 0.132213 0.704094
vt 0.135230 0.704264
vt 0.138160 0.704370
vt 0.128724 0.718317
vt 0.128724 0.711019
vt 0.895583 0.992382
vt 0.902882 0.992382
vt 0.909894 0.992372
vt 0.902882 0.998008
vt 0.909806 0.997973
vt 0.916336 0.992340
vt 0.915985 0.997868
vt 0.921923 0.992277
vt 0.921152 0.997764
vt 0.135653 0.698598
vt 0.138273 0.699022
vt 0.132907 0.697915
vt 0.134361 0.692748
vt 0.136760 0.694129
vt 0.138447 0.695661
vt 0.926368 0.992172
vt 0.929787 0.992033
vt 0.927855 0.997697
vt 0.925043 0.997732
vt 0.932294 0.991866
vt 0.330305 0.668428
vt 0.326529 0.668615
vt 0.331945 0.674170
vt 0.328492 0.674331
vt 0.322699 0.668781
vt 0.324992 0.674446
vt 0.140062 0.686045
vt 0.143562 0.684113
vt 0.144995 0.687532
vt 0.141828 0.688857
vt 0.147014 0.682870
vt 0.148124 0.686755
vt 0.148827 0.691589
vt 0.145968 0.691977
vt 0.143054 0.692748
vt 0.136870 0.688857
vt 0.138951 0.690969
vt 0.140365 0.694129
vt 0.506710 0.668615
vt 0.502934 0.668428
vt 0.861380 0.992033
vt 0.858873 0.991866
vt 0.510540 0.668781
vt 0.508247 0.674446
vt 0.504747 0.674331
vt 0.501294 0.674170
vt 0.864799 0.992172
vt 0.869244 0.992277
vt 0.870015 0.997764
vt 0.866124 0.997732
vt 0.863311 0.997697
vt 0.140062 0.750589
vt 0.136870 0.747776
vt 0.138951 0.745664
vt 0.141828 0.747776
vt 0.134361 0.743885
vt 0.136760 0.742504
vt 0.138447 0.740972
vt 0.140366 0.742504
vt 0.143054 0.743885
vt 0.147014 0.753763
vt 0.143562 0.752520
vt 0.144995 0.749102
vt 0.148124 0.749878
vt 0.145968 0.744656
vt 0.148827 0.745044
vt 0.333639 0.668230
vt 0.336639 0.668024
vt 0.148709 0.678872
vt 0.151709 0.678360
vt 0.152806 0.681752
vt 0.150063 0.682125
vt 0.145374 0.679898
vt 0.339414 0.667817
vt 0.342071 0.667615
vt 0.154484 0.678189
vt 0.157140 0.678189
vt 0.157772 0.681628
vt 0.155343 0.681628
vt 0.155671 0.685978
vt 0.153373 0.686056
vt 0.157873 0.685978
vt 0.157736 0.691200
vt 0.155724 0.691200
vt 0.153623 0.691240
vt 0.150886 0.686289
vt 0.151352 0.691356
vt 0.493825 0.667817
vt 0.491168 0.667616
vt 0.496599 0.668024
vt 0.154484 0.758444
vt 0.151709 0.758274
vt 0.152806 0.754882
vt 0.155343 0.755006
vt 0.157140 0.758444
vt 0.157772 0.755006
vt 0.499600 0.668229
vt 0.148709 0.757761
vt 0.145374 0.756736
vt 0.150063 0.754509
vt 0.150886 0.750344
vt 0.153373 0.750577
vt 0.151352 0.745277
vt 0.153623 0.745394
vt 0.155671 0.750655
vt 0.157873 0.750655
vt 0.155724 0.745433
vt 0.157736 0.745433
vt 0.344718 0.667423
vt 0.347341 0.667228
vt 0.159787 0.678189
vt 0.162410 0.678189
vt 0.162590 0.681628
vt 0.160192 0.681628
vt 0.349926 0.667016
vt 0.352460 0.666774
vt 0.352202 0.672832
vt 0.349884 0.673032
vt 0.347520 0.673190
vt 0.164954 0.681628
vt 0.164381 0.685978
vt 0.162239 0.685978
vt 0.167271 0.681628
vt 0.166481 0.685978
vt 0.165602 0.691200
vt 0.163683 0.691200
vt 0.161725 0.691200
vt 0.160066 0.685978
vt 0.159740 0.691200
vt 0.483313 0.667016
vt 0.480779 0.666774
vt 0.485898 0.667228
vt 0.485718 0.673189
vt 0.483355 0.673032
vt 0.481037 0.672832
vt 0.488521 0.667423
vt 0.159787 0.758444
vt 0.160192 0.755006
vt 0.162410 0.758444
vt 0.162590 0.755006
vt 0.160066 0.750655
vt 0.162239 0.750655
vt 0.159740 0.745433
vt 0.161725 0.745433
vt 0.167271 0.755006
vt 0.164954 0.755006
vt 0.164381 0.750655
vt 0.166481 0.750655
vt 0.163683 0.745433
vt 0.165602 0.745433
vt 0.354930 0.666488
vt 0.357318 0.666148
vt 0.356651 0.672226
vt 0.354459 0.672565
vt 0.359609 0.665743
vt 0.361787 0.665263
vt 0.360814 0.671317
vt 0.358772 0.671812
vt 0.171721 0.681752
vt 0.173841 0.682125
vt 0.172505 0.686289
vt 0.170531 0.686056
vt 0.175883 0.682870
vt 0.174462 0.686755
vt 0.173090 0.691589
vt 0.171185 0.691356
vt 0.169323 0.691240
vt 0.169529 0.681628
vt 0.168527 0.685978
vt 0.167471 0.691200
vt 0.473630 0.665743
vt 0.471452 0.665263
vt 0.475921 0.666148
vt 0.476588 0.672226
vt 0.474467 0.671812
vt 0.472425 0.671317
vt 0.478309 0.666488
vt 0.478780 0.672565
vt 0.171721 0.754882
vt 0.169529 0.755006
vt 0.168527 0.750655
vt 0.170531 0.750577
vt 0.167471 0.745433
vt 0.169323 0.745394
vt 0.175883 0.753763
vt 0.173841 0.754509
vt 0.172505 0.750344
vt 0.174462 0.749878
vt 0.171185 0.745277
vt 0.173090 0.745044
vt 0.199083 0.684092
vt 0.198518 0.682383
vt 0.199668 0.686599
vt 0.193668 0.688530
vt 0.193044 0.686599
vt 0.192464 0.685356
vt 0.200210 0.690017
vt 0.200643 0.694463
vt 0.194783 0.695234
vt 0.194297 0.691343
vt 0.190161 0.693455
vt 0.189296 0.691343
vt 0.190789 0.696615
vt 0.179761 0.690969
vt 0.180877 0.694129
vt 0.179772 0.695661
vt 0.178618 0.694129
vt 0.178222 0.688857
vt 0.176963 0.692748
vt 0.177840 0.684113
vt 0.176411 0.687532
vt 0.179617 0.686045
vt 0.175068 0.691977
vt 0.200902 0.700050
vt 0.201032 0.706492
vt 0.195022 0.706579
vt 0.194981 0.700401
vt 0.201076 0.713504
vt 0.201075 0.720802
vt 0.195035 0.720802
vt 0.195035 0.713504
vt 0.190479 0.713504
vt 0.190557 0.706750
vt 0.190479 0.720802
vt 0.187176 0.720802
vt 0.187176 0.713504
vt 0.187358 0.706856
vt 0.190790 0.701083
vt 0.187906 0.701507
vt 0.181422 0.698598
vt 0.179812 0.699022
vt 0.200210 0.751587
vt 0.200643 0.747142
vt 0.199668 0.755006
vt 0.193668 0.753074
vt 0.194297 0.750262
vt 0.194783 0.746371
vt 0.199083 0.757513
vt 0.198518 0.759221
vt 0.192464 0.756249
vt 0.193044 0.755006
vt 0.179617 0.750589
vt 0.177840 0.752520
vt 0.176411 0.749102
vt 0.178222 0.747776
vt 0.175068 0.744656
vt 0.176963 0.743885
vt 0.190161 0.748150
vt 0.190789 0.744990
vt 0.189296 0.750262
vt 0.179761 0.745664
vt 0.178618 0.742504
vt 0.180877 0.742504
vt 0.179772 0.740972
vt 0.562181 0.557843
vt 0.559358 0.566226
vt 0.565837 0.547138
vt 0.575255 0.545089
vt 0.570837 0.553514
vt 0.567341 0.559930
vt 0.569458 0.535773
vt 0.572683 0.524044
vt 0.583959 0.525114
vt 0.579825 0.535481
vt 0.588986 0.535537
vt 0.583577 0.543491
vt 0.593854 0.526660
vt 0.601525 0.528148
vt 0.596117 0.535728
vt 0.589994 0.542396
vt 0.869831 0.883181
vt 0.865949 0.876765
vt 0.868236 0.873452
vt 0.871396 0.878342
vt 0.578390 0.550201
vt 0.866124 0.866743
vt 0.870015 0.865647
vt 0.871396 0.871303
vt 0.872928 0.875126
vt 0.263781 0.535772
vt 0.260556 0.524044
vt 0.267402 0.547138
vt 0.257984 0.545089
vt 0.253413 0.535481
vt 0.249280 0.525113
vt 0.271057 0.557843
vt 0.273881 0.566226
vt 0.265898 0.559930
vt 0.262402 0.553514
vt 0.254849 0.550201
vt 0.249662 0.543492
vt 0.925218 0.876765
vt 0.921336 0.883181
vt 0.919771 0.878342
vt 0.922931 0.873452
vt 0.925043 0.866743
vt 0.244253 0.535537
vt 0.239385 0.526660
vt 0.243245 0.542396
vt 0.237122 0.535728
vt 0.231714 0.528148
vt 0.916787 0.893873
vt 0.922660 0.889477
vt 0.910007 0.895675
vt 0.909834 0.888387
vt 0.916097 0.886763
vt 0.902882 0.896276
vt 0.895583 0.896276
vt 0.895583 0.888928
vt 0.902882 0.888928
vt 0.902882 0.882134
vt 0.909636 0.881810
vt 0.895583 0.882134
vt 0.915302 0.880837
vt 0.575153 0.512250
vt 0.577001 0.500265
vt 0.589365 0.503263
vt 0.587069 0.514407
vt 0.578364 0.487963
vt 0.579377 0.475219
vt 0.592112 0.479164
vt 0.591054 0.491583
vt 0.602360 0.496323
vt 0.600115 0.507081
vt 0.603645 0.484462
vt 0.614546 0.489971
vt 0.611056 0.500975
vt 0.608364 0.510664
vt 0.597422 0.517184
vt 0.605397 0.519757
vt 0.254875 0.487963
vt 0.253862 0.475219
vt 0.256238 0.500265
vt 0.243874 0.503263
vt 0.242185 0.491583
vt 0.241127 0.479164
vt 0.258086 0.512250
vt 0.246170 0.514407
vt 0.235817 0.517184
vt 0.233124 0.507081
vt 0.227841 0.519757
vt 0.224875 0.510664
vt 0.230879 0.496323
vt 0.229594 0.484463
vt 0.222183 0.500975
vt 0.218693 0.489972
vt 0.580175 0.461907
vt 0.580881 0.448194
vt 0.592617 0.451914
vt 0.592512 0.465802
vt 0.581620 0.434250
vt 0.582513 0.420240
vt 0.593174 0.424035
vt 0.592790 0.437916
vt 0.602155 0.442953
vt 0.602665 0.456933
vt 0.601921 0.429195
vt 0.436785 0.813201
vt 0.436488 0.799443
vt 0.439937 0.818576
vt 0.609792 0.448328
vt 0.610946 0.461640
vt 0.603454 0.471051
vt 0.612530 0.475268
vt 0.251619 0.434249
vt 0.250726 0.420240
vt 0.252358 0.448194
vt 0.240622 0.451914
vt 0.240449 0.437917
vt 0.240065 0.424035
vt 0.253064 0.461907
vt 0.240727 0.465802
vt 0.229785 0.471051
vt 0.230574 0.456933
vt 0.220709 0.475268
vt 0.222293 0.461640
vt 0.231084 0.442953
vt 0.231318 0.429195
vt 0.223447 0.448328
vt 0.503421 0.799443
vt 0.504072 0.813201
vt 0.500967 0.818576
vt 0.498331 0.805056
vt 0.583686 0.406335
vt 0.584862 0.392700
vt 0.594825 0.397311
vt 0.593912 0.410495
vt 0.585767 0.379503
vt 0.586125 0.366910
vt 0.596350 0.371971
vt 0.595733 0.384495
vt 0.603161 0.389856
vt 0.602349 0.402619
vt 0.604039 0.377120
vt 0.609390 0.381447
vt 0.608293 0.394478
vt 0.433133 0.772867
vt 0.431177 0.760105
vt 0.601960 0.415741
vt 0.435087 0.785989
vt 0.247472 0.379503
vt 0.247114 0.366910
vt 0.248377 0.392700
vt 0.238414 0.397311
vt 0.237505 0.384495
vt 0.236889 0.371971
vt 0.249553 0.406335
vt 0.239327 0.410495
vt 0.231278 0.415741
vt 0.230890 0.402619
vt 0.503035 0.785989
vt 0.497660 0.790325
vt 0.502822 0.772867
vt 0.497247 0.777460
vt 0.507276 0.742219
vt 0.507295 0.754743
vt 0.502688 0.760105
vt 0.502610 0.747368
vt 0.507329 0.767559
vt 0.496953 0.764726
vt 0.496759 0.751696
vt 0.585661 0.355090
vt 0.584770 0.344129
vt 0.596156 0.347920
vt 0.596387 0.359661
vt 0.583849 0.334117
vt 0.583294 0.325143
vt 0.596125 0.327551
vt 0.595965 0.337099
vt 0.605726 0.339477
vt 0.605121 0.351328
vt 0.606642 0.329127
vt 0.614389 0.330042
vt 0.612859 0.341188
vt 0.611578 0.354003
vt 0.604626 0.364076
vt 0.610454 0.367689
vt 0.249390 0.334117
vt 0.249945 0.325142
vt 0.248469 0.344129
vt 0.237083 0.347920
vt 0.237274 0.337099
vt 0.237114 0.327552
vt 0.247578 0.355090
vt 0.236851 0.359661
vt 0.228613 0.364076
vt 0.228118 0.351328
vt 0.507264 0.729910
vt 0.502564 0.734324
vt 0.496643 0.737938
vt 0.502480 0.721576
vt 0.496529 0.724252
vt 0.227513 0.339477
vt 0.226597 0.329127
vt 0.502291 0.709726
vt 0.496342 0.711436
vt 0.501928 0.699375
vt 0.496008 0.700291
vt 0.583500 0.317293
vt 0.585078 0.309540
vt 0.599077 0.312434
vt 0.596946 0.319631
vt 0.588637 0.300856
vt 0.594787 0.290213
vt 0.609748 0.296566
vt 0.603168 0.305060
vt 0.615424 0.307941
vt 0.610750 0.314046
vt 0.622364 0.301712
vt 0.632462 0.305810
vt 0.624003 0.309556
vt 0.619224 0.314692
vt 0.608070 0.320879
vt 0.616265 0.321366
vt 0.244603 0.300856
vt 0.238452 0.290213
vt 0.248161 0.309540
vt 0.234162 0.312434
vt 0.230071 0.305060
vt 0.223490 0.296566
vt 0.249738 0.317293
vt 0.236293 0.319631
vt 0.225169 0.320879
vt 0.222489 0.314046
vt 0.501323 0.691127
vt 0.495452 0.691614
vt 0.500583 0.684294
vt 0.494763 0.684940
vt 0.217815 0.307941
vt 0.210876 0.301712
vt 0.499815 0.678189
vt 0.494031 0.679804
vt 0.209236 0.309556
vt 0.200777 0.305810
vt 0.604138 0.276582
vt 0.614883 0.260445
vt 0.630453 0.273459
vt 0.619352 0.286009
vt 0.625216 0.242284
vt 0.633330 0.222581
vt 0.649812 0.241033
vt 0.641528 0.258989
vt 0.656687 0.278704
vt 0.643427 0.286712
vt 0.666230 0.264325
vt 0.690366 0.300000
vt 0.667197 0.295828
vt 0.652841 0.297965
vt 0.631842 0.294509
vt 0.641424 0.301437
vt 0.208022 0.242284
vt 0.199909 0.222581
vt 0.218356 0.260445
vt 0.202786 0.273459
vt 0.191711 0.258989
vt 0.183427 0.241033
vt 0.229101 0.276582
vt 0.213887 0.286008
vt 0.201397 0.294509
vt 0.189812 0.286712
vt 0.191814 0.301437
vt 0.180398 0.297965
vt 0.176552 0.278704
vt 0.167009 0.264324
vt 0.166041 0.295828
vt 0.142873 0.300000
vt 0.637417 0.201818
vt 0.638852 0.181146
vt 0.651921 0.193684
vt 0.652542 0.218027
vt 0.639007 0.161716
vt 0.639064 0.146294
vt 0.648320 0.154465
vt 0.650154 0.171718
vt 0.659095 0.180624
vt 0.662712 0.206627
vt 0.656220 0.160949
vt 0.663563 0.165727
vt 0.666868 0.187492
vt 0.671693 0.216939
vt 0.666664 0.237413
vt 0.678240 0.253044
vt 0.659577 0.844744
vt 0.659577 0.851658
vt 0.652279 0.851658
vt 0.652279 0.844744
vt 0.659701 0.857827
vt 0.652372 0.857827
vt 0.645400 0.857747
vt 0.645428 0.851371
vt 0.645473 0.844413
vt 0.660074 0.863120
vt 0.652652 0.863120
vt 0.660820 0.867406
vt 0.653211 0.867406
vt 0.645709 0.868315
vt 0.645439 0.863540
vt 0.638645 0.864800
vt 0.639143 0.857508
vt 0.307678 0.767228
vt 0.314473 0.771176
vt 0.320229 0.779826
vt 0.185744 0.144265
vt 0.193036 0.137644
vt 0.194175 0.146294
vt 0.184919 0.154465
vt 0.639470 0.850508
vt 0.639652 0.843422
vt 0.178744 0.149143
vt 0.177019 0.160949
vt 0.171658 0.152668
vt 0.169675 0.165727
vt 0.194232 0.161716
vt 0.194387 0.181146
vt 0.181318 0.193684
vt 0.183085 0.171718
vt 0.195821 0.201818
vt 0.180697 0.218027
vt 0.166575 0.237413
vt 0.170527 0.206627
vt 0.154999 0.253044
vt 0.161546 0.216939
vt 0.174144 0.180624
vt 0.166371 0.187492
vt 0.685722 0.257989
vt 0.692894 0.297487
vt 0.679334 0.221586
vt 0.686120 0.222290
vt 0.691098 0.256853
vt 0.696462 0.293929
vt 0.674514 0.191377
vt 0.671151 0.168783
vt 0.678727 0.170231
vt 0.681912 0.192752
vt 0.688943 0.192087
vt 0.692540 0.220769
vt 0.686036 0.170182
vt 0.692824 0.168748
vt 0.695484 0.189853
vt 0.698638 0.217348
vt 0.696357 0.254243
vt 0.700284 0.290112
vt 0.701718 0.249183
vt 0.703575 0.286824
vt 0.659577 0.814839
vt 0.659577 0.821872
vt 0.652279 0.821872
vt 0.652279 0.814839
vt 0.659577 0.829461
vt 0.652279 0.829461
vt 0.645486 0.829143
vt 0.645471 0.821582
vt 0.645454 0.814573
vt 0.659577 0.837215
vt 0.652279 0.837215
vt 0.645490 0.836878
vt 0.639718 0.835870
vt 0.639703 0.828187
vt 0.164105 0.155227
vt 0.162088 0.168783
vt 0.156423 0.156719
vt 0.154512 0.170231
vt 0.639644 0.820710
vt 0.639576 0.813775
vt 0.148946 0.157039
vt 0.147202 0.170182
vt 0.142011 0.156085
vt 0.140415 0.168748
vt 0.158725 0.191377
vt 0.153905 0.221586
vt 0.147119 0.222290
vt 0.151327 0.192752
vt 0.147517 0.257989
vt 0.140345 0.297487
vt 0.136777 0.293929
vt 0.142141 0.256853
vt 0.136882 0.254243
vt 0.140699 0.220769
vt 0.132955 0.290112
vt 0.129664 0.286824
vt 0.131521 0.249183
vt 0.134601 0.217348
vt 0.144296 0.192087
vt 0.137755 0.189853
vt 0.137365 0.767545
vt 0.138069 0.771670
vt 0.134394 0.773096
vt 0.134837 0.764372
vt 0.137658 0.776508
vt 0.134422 0.781027
vt 0.130040 0.787372
vt 0.130570 0.773318
vt 0.131269 0.762477
vt 0.136334 0.787372
vt 0.136843 0.792923
vt 0.135396 0.787372
vt 0.136843 0.781821
vt 0.137658 0.798236
vt 0.134422 0.793716
vt 0.137365 0.807198
vt 0.134837 0.810372
vt 0.134394 0.801647
vt 0.138069 0.803074
vt 0.131269 0.812267
vt 0.130570 0.801425
vt 0.124156 0.810911
vt 0.122181 0.807005
vt 0.126450 0.803612
vt 0.127447 0.812555
vt 0.121194 0.801403
vt 0.125128 0.795081
vt 0.120865 0.787372
vt 0.120865 0.780074
vt 0.123159 0.787372
vt 0.120865 0.794670
vt 0.121194 0.773341
vt 0.125128 0.779663
vt 0.124156 0.763833
vt 0.127447 0.762188
vt 0.126450 0.771131
vt 0.122181 0.767739
vt 0.707403 0.240698
vt 0.709865 0.263732
vt 0.704461 0.212354
vt 0.710192 0.206671
vt 0.713314 0.231622
vt 0.715917 0.252268
vt 0.701415 0.186522
vt 0.698834 0.166042
vt 0.704412 0.162340
vt 0.707045 0.182347
vt 0.712682 0.177585
vt 0.716017 0.201185
vt 0.709903 0.157918
vt 0.715652 0.153052
vt 0.718634 0.172488
vt 0.722211 0.195811
vt 0.719352 0.224785
vt 0.722131 0.244452
vt 0.725789 0.219134
vt 0.728771 0.238571
vt 0.659577 0.792333
vt 0.659577 0.797880
vt 0.652279 0.797880
vt 0.652279 0.792333
vt 0.659577 0.803225
vt 0.652279 0.803225
vt 0.645439 0.802962
vt 0.645437 0.797602
vt 0.645437 0.792035
vt 0.659577 0.808750
vt 0.652279 0.808750
vt 0.645444 0.808492
vt 0.639535 0.807718
vt 0.639514 0.802171
vt 0.135954 0.153754
vt 0.134405 0.166042
vt 0.130407 0.150336
vt 0.128827 0.162340
vt 0.639507 0.796768
vt 0.639507 0.791140
vt 0.125004 0.146118
vt 0.123336 0.157918
vt 0.119376 0.141390
vt 0.117587 0.153052
vt 0.131824 0.186522
vt 0.128778 0.212354
vt 0.123047 0.206671
vt 0.126194 0.182347
vt 0.125836 0.240698
vt 0.123374 0.263732
vt 0.117322 0.252268
vt 0.119925 0.231622
vt 0.113887 0.224785
vt 0.117222 0.201185
vt 0.111108 0.244452
vt 0.104468 0.238571
vt 0.107450 0.219134
vt 0.111027 0.195811
vt 0.120557 0.177585
vt 0.114605 0.172488
vt 0.127689 0.284852
vt 0.121770 0.273630
vt 0.371207 0.799179
vt 0.365605 0.798192
vt 0.365659 0.792378
vt 0.371425 0.793260
vt 0.365700 0.786401
vt 0.371589 0.787218
vt 0.115728 0.263675
vt 0.358872 0.797863
vt 0.358872 0.792084
vt 0.351574 0.797863
vt 0.351574 0.792084
vt 0.351574 0.786129
vt 0.358872 0.786129
vt 0.358872 0.779819
vt 0.365714 0.780096
vt 0.351574 0.779819
vt 0.351574 0.772977
vt 0.358872 0.772977
vt 0.365714 0.773275
vt 0.109440 0.256252
vt 0.371644 0.780930
vt 0.371644 0.774169
vt 0.102679 0.250232
vt 0.763102 0.219830
vt 0.759277 0.200063
vt 0.770103 0.197282
vt 0.774068 0.217630
vt 0.754686 0.176343
vt 0.765346 0.172864
vt 0.776634 0.169980
vt 0.781456 0.195174
vt 0.785474 0.216169
vt 0.750095 0.152623
vt 0.760588 0.148447
vt 0.746270 0.132857
vt 0.756623 0.128099
vt 0.767795 0.123791
vt 0.771813 0.144786
vt 0.783310 0.141710
vt 0.788042 0.167554
vt 0.779367 0.120173
vt 0.790918 0.117484
vt 0.794618 0.139286
vt 0.799059 0.165449
vt 0.792774 0.193398
vt 0.796718 0.214935
vt 0.803499 0.191612
vt 0.807200 0.213415
vt 0.659577 0.717786
vt 0.659577 0.729580
vt 0.652327 0.729580
vt 0.652398 0.717786
vt 0.659577 0.741226
vt 0.652291 0.741226
vt 0.645460 0.740824
vt 0.645530 0.729186
vt 0.645668 0.717416
vt 0.659577 0.752345
vt 0.652279 0.752345
vt 0.659577 0.762559
vt 0.652279 0.762559
vt 0.645437 0.762176
vt 0.645437 0.751948
vt 0.639507 0.750759
vt 0.639540 0.739618
vt 0.639507 0.761029
vt 0.078994 0.115890
vt 0.089265 0.120997
vt 0.086969 0.132857
vt 0.076616 0.128099
vt 0.067854 0.111194
vt 0.065444 0.123791
vt 0.639639 0.728003
vt 0.639836 0.716305
vt 0.056239 0.107251
vt 0.053872 0.120173
vt 0.044541 0.104402
vt 0.042321 0.117484
vt 0.083143 0.152623
vt 0.072651 0.148447
vt 0.078553 0.176343
vt 0.067893 0.172864
vt 0.056605 0.169980
vt 0.061426 0.144786
vt 0.073962 0.200063
vt 0.063136 0.197282
vt 0.070137 0.219830
vt 0.059171 0.217630
vt 0.047765 0.216169
vt 0.051783 0.195174
vt 0.040465 0.193398
vt 0.045197 0.167554
vt 0.036521 0.214935
vt 0.026039 0.213415
vt 0.029740 0.191612
vt 0.034180 0.165449
vt 0.049929 0.141710
vt 0.038621 0.139286
vt 0.067842 0.231689
vt 0.056792 0.229839
vt 0.371644 0.739332
vt 0.365714 0.738184
vt 0.365714 0.727093
vt 0.371644 0.728282
vt 0.365691 0.715640
vt 0.371611 0.716845
vt 0.045355 0.228766
vt 0.358872 0.737801
vt 0.358872 0.726697
vt 0.351574 0.737801
vt 0.351574 0.726697
vt 0.351574 0.715238
vt 0.358860 0.715238
vt 0.358824 0.704068
vt 0.365621 0.704462
vt 0.351574 0.704068
vt 0.351574 0.693829
vt 0.358753 0.693829
vt 0.365483 0.694199
vt 0.034155 0.227857
vt 0.371512 0.705645
vt 0.371316 0.695309
vt 0.023819 0.226496
vt 0.813070 0.189474
vt 0.816317 0.211095
vt 0.809174 0.163529
vt 0.817958 0.161869
vt 0.821073 0.186569
vt 0.823637 0.207148
vt 0.805277 0.137584
vt 0.802030 0.115963
vt 0.811854 0.116671
vt 0.814630 0.137210
vt 0.822022 0.138772
vt 0.824984 0.160548
vt 0.819541 0.120669
vt 0.824245 0.126412
vt 0.827299 0.139848
vt 0.830110 0.159586
vt 0.827093 0.182483
vt 0.828722 0.200746
vt 0.831371 0.179615
vt 0.379610 0.774676
vt 0.377398 0.756414
vt 0.379956 0.753546
vt 0.381056 0.767571
vt 0.659577 0.678189
vt 0.659577 0.685894
vt 0.652804 0.685894
vt 0.652923 0.678189
vt 0.659577 0.695414
vt 0.652661 0.695414
vt 0.646212 0.695213
vt 0.646597 0.685953
vt 0.646893 0.678515
vt 0.659577 0.706221
vt 0.652518 0.706221
vt 0.645899 0.705896
vt 0.640164 0.704922
vt 0.640700 0.694610
vt 0.033158 0.102990
vt 0.031209 0.115963
vt 0.022846 0.104334
vt 0.021385 0.116671
vt 0.414391 0.678189
vt 0.419466 0.683683
vt 0.641521 0.686131
vt 0.014367 0.109752
vt 0.013698 0.120669
vt 0.423210 0.694600
vt 0.027962 0.137584
vt 0.024065 0.163529
vt 0.015281 0.161869
vt 0.018609 0.137210
vt 0.020169 0.189474
vt 0.016921 0.211095
vt 0.009602 0.207148
vt 0.012166 0.186569
vt 0.006146 0.182483
vt 0.008255 0.160548
vt 0.004517 0.200746
vt 0.425422 0.756414
vt 0.423210 0.774676
vt 0.001868 0.179615
vt 0.003129 0.159586
vt 0.011217 0.138772
vt 0.005940 0.139848
vt 0.008994 0.126412
vt 0.014973 0.224067
vt 0.365252 0.685489
vt 0.370987 0.686463
vt 0.364939 0.678496
vt 0.370451 0.679418
vt 0.007928 0.219445
vt 0.358634 0.685164
vt 0.351574 0.685164
vt 0.351574 0.678189
vt 0.358490 0.678189
vt 0.414775 0.799493
vt 0.408326 0.801532
vt 0.408183 0.792439
vt 0.414391 0.790688
vt 0.401410 0.801532
vt 0.401410 0.792439
vt 0.002996 0.211503
vt 0.420287 0.793375
vt 0.419466 0.785434
vt 0.069122 0.809700
vt 0.062630 0.807113
vt 0.069778 0.805150
vt 0.657730 0.304979
vt 0.647916 0.306148
vt 0.659622 0.309638
vt 0.651830 0.309823
vt 0.058716 0.805773
vt 0.065124 0.803721
vt 0.669565 0.304756
vt 0.679665 0.304757
vt 0.675083 0.308942
vt 0.667924 0.309404
vt 0.666410 0.313685
vt 0.660045 0.313830
vt 0.671928 0.313206
vt 0.669421 0.318327
vt 0.664809 0.318592
vt 0.659475 0.318605
vt 0.645422 0.309697
vt 0.653682 0.313644
vt 0.648170 0.313129
vt 0.654132 0.318380
vt 0.649493 0.317931
vt 0.275440 0.823222
vt 0.276144 0.819098
vt 0.281531 0.818913
vt 0.286141 0.822654
vt 0.275732 0.814260
vt 0.279910 0.814260
vt 0.283938 0.814269
vt 0.286356 0.818780
vt 0.290722 0.822289
vt 0.274917 0.808947
vt 0.278776 0.809023
vt 0.274409 0.803396
vt 0.278331 0.803494
vt 0.282241 0.803586
vt 0.282623 0.809095
vt 0.286446 0.809157
vt 0.287667 0.814299
vt 0.286127 0.803666
vt 0.289975 0.803727
vt 0.290232 0.809205
vt 0.291232 0.814333
vt 0.290057 0.818752
vt 0.293878 0.822176
vt 0.197639 0.768062
vt 0.202092 0.767159
vt 0.202058 0.772851
vt 0.197618 0.773467
vt 0.194215 0.768878
vt 0.194204 0.773998
vt 0.163674 0.304756
vt 0.153574 0.304757
vt 0.175509 0.304979
vt 0.173616 0.309638
vt 0.165315 0.309403
vt 0.158155 0.308942
vt 0.185323 0.306148
vt 0.069122 0.759830
vt 0.078085 0.761857
vt 0.069778 0.764441
vt 0.062630 0.762248
vt 0.065124 0.765485
vt 0.058716 0.763417
vt 0.181408 0.309823
vt 0.179557 0.313644
vt 0.173194 0.313830
vt 0.187817 0.309697
vt 0.185069 0.313129
vt 0.183746 0.317931
vt 0.179107 0.318380
vt 0.173764 0.318605
vt 0.166829 0.313685
vt 0.161311 0.313206
vt 0.168430 0.318592
vt 0.163818 0.318327
vt 0.165274 0.772647
vt 0.165274 0.767159
vt 0.170825 0.767491
vt 0.170825 0.772891
vt 0.070097 0.784510
vt 0.073372 0.784634
vt 0.073013 0.790243
vt 0.069781 0.790061
vt 0.071720 0.795528
vt 0.068568 0.795265
vt 0.176029 0.768241
vt 0.176029 0.773447
vt 0.076954 0.785007
vt 0.076567 0.790791
vt 0.075441 0.796318
vt 0.073613 0.801328
vt 0.069275 0.800164
vt 0.180539 0.769159
vt 0.180539 0.774142
vt 0.066189 0.799775
vt 0.062377 0.803245
vt 0.184008 0.770000
vt 0.184008 0.774801
vt 0.653844 0.324802
vt 0.649873 0.324495
vt 0.658390 0.325016
vt 0.657022 0.332207
vt 0.653018 0.332038
vt 0.649487 0.331919
vt 0.662905 0.325117
vt 0.666785 0.325083
vt 0.664329 0.332602
vt 0.660970 0.332404
vt 0.659277 0.339598
vt 0.655607 0.339324
vt 0.192153 0.788075
vt 0.194196 0.788274
vt 0.194198 0.795684
vt 0.192154 0.795270
vt 0.194204 0.802110
vt 0.192156 0.801516
vt 0.658100 0.345844
vt 0.654379 0.345509
vt 0.184008 0.788790
vt 0.186090 0.788908
vt 0.186090 0.796086
vt 0.184008 0.796167
vt 0.651853 0.339215
vt 0.650549 0.345461
vt 0.186090 0.802331
vt 0.184008 0.802594
vt 0.197606 0.780566
vt 0.194198 0.780755
vt 0.202038 0.780313
vt 0.202031 0.788593
vt 0.197601 0.788451
vt 0.207186 0.772335
vt 0.207158 0.780088
vt 0.212664 0.772103
vt 0.212627 0.779983
vt 0.212615 0.788724
vt 0.207148 0.788688
vt 0.207158 0.797147
vt 0.202038 0.796738
vt 0.212627 0.797322
vt 0.212664 0.804773
vt 0.207186 0.804478
vt 0.202058 0.803798
vt 0.197606 0.796212
vt 0.197618 0.802940
vt 0.170334 0.325117
vt 0.166454 0.325083
vt 0.174849 0.325016
vt 0.176217 0.332207
vt 0.172269 0.332404
vt 0.231252 0.780755
vt 0.233409 0.780788
vt 0.233395 0.788075
vt 0.231236 0.788274
vt 0.179394 0.324802
vt 0.183366 0.324496
vt 0.183752 0.331919
vt 0.180221 0.332038
vt 0.181386 0.339215
vt 0.177632 0.339324
vt 0.184730 0.339297
vt 0.144646 0.796086
vt 0.146634 0.796167
vt 0.146624 0.802594
vt 0.144628 0.802331
vt 0.182691 0.345461
vt 0.178860 0.345509
vt 0.233409 0.795269
vt 0.231252 0.795684
vt 0.173962 0.339598
vt 0.175139 0.345844
vt 0.233449 0.801516
vt 0.231300 0.802110
vt 0.165274 0.804791
vt 0.165274 0.797340
vt 0.170825 0.797184
vt 0.170825 0.804515
vt 0.165274 0.788795
vt 0.170825 0.788777
vt 0.176029 0.788752
vt 0.176029 0.796849
vt 0.176029 0.803908
vt 0.165274 0.780211
vt 0.170825 0.780333
vt 0.176029 0.780618
vt 0.180539 0.780988
vt 0.180539 0.788747
vt 0.184008 0.781366
vt 0.180539 0.796466
vt 0.180539 0.803194
vt 0.186090 0.806774
vt 0.184008 0.807165
vt 0.653570 0.349909
vt 0.649305 0.349903
vt 0.653057 0.352960
vt 0.648394 0.352960
vt 0.645477 0.350295
vt 0.644205 0.353398
vt 0.657710 0.350286
vt 0.194215 0.806682
vt 0.192160 0.805958
vt 0.661166 0.351010
vt 0.661400 0.354092
vt 0.657594 0.353332
vt 0.657236 0.355387
vt 0.652713 0.355099
vt 0.661072 0.356053
vt 0.248301 0.823258
vt 0.244464 0.821440
vt 0.252824 0.823868
vt 0.648085 0.355047
vt 0.643903 0.355421
vt 0.257452 0.823249
vt 0.261634 0.821418
vt 0.197639 0.807725
vt 0.202092 0.808819
vt 0.202166 0.812173
vt 0.197798 0.810929
vt 0.194472 0.809764
vt 0.207234 0.809691
vt 0.212725 0.810073
vt 0.212799 0.813611
vt 0.207291 0.813172
vt 0.207348 0.815303
vt 0.202307 0.814232
vt 0.212872 0.815777
vt 0.239774 0.809312
vt 0.239679 0.803788
vt 0.240401 0.814353
vt 0.198227 0.812911
vt 0.195221 0.811725
vt 0.241898 0.818434
vt 0.233516 0.805958
vt 0.231379 0.806682
vt 0.179669 0.349909
vt 0.175528 0.350286
vt 0.180182 0.352960
vt 0.175645 0.353332
vt 0.172073 0.351010
vt 0.171839 0.354092
vt 0.183934 0.349903
vt 0.186125 0.345723
vt 0.187762 0.350295
vt 0.189034 0.353398
vt 0.184845 0.352959
vt 0.185154 0.355047
vt 0.180526 0.355099
vt 0.189336 0.355421
vt 0.257452 0.784148
vt 0.261634 0.785949
vt 0.261078 0.786936
vt 0.257857 0.785949
vt 0.252824 0.783570
vt 0.253128 0.785479
vt 0.176003 0.355387
vt 0.172167 0.356053
vt 0.248301 0.784230
vt 0.248466 0.786005
vt 0.244464 0.786093
vt 0.245377 0.787034
vt 0.268625 0.803666
vt 0.268252 0.809217
vt 0.165274 0.815942
vt 0.165274 0.813665
vt 0.170825 0.813246
vt 0.170825 0.815486
vt 0.175995 0.812317
vt 0.175894 0.814477
vt 0.267022 0.814286
vt 0.165274 0.810090
vt 0.170825 0.809728
vt 0.176029 0.808929
vt 0.180539 0.807979
vt 0.180404 0.811211
vt 0.183763 0.810268
vt 0.264820 0.818392
vt 0.179999 0.813279
vt 0.183025 0.812292
vt 0.619270 0.476070
vt 0.621204 0.485756
vt 0.617380 0.464427
vt 0.622668 0.465635
vt 0.624622 0.474924
vt 0.626340 0.482661
vt 0.615778 0.453009
vt 0.444486 0.814166
vt 0.441922 0.823258
vt 0.614788 0.443918
vt 0.619305 0.448814
vt 0.620787 0.456402
vt 0.625493 0.457911
vt 0.627513 0.465605
vt 0.623809 0.451498
vt 0.628662 0.452565
vt 0.630393 0.458016
vt 0.632469 0.464556
vt 0.629532 0.473300
vt 0.631216 0.479712
vt 0.634546 0.471096
vt 0.636277 0.476546
vt 0.449344 0.809503
vt 0.455704 0.807666
vt 0.052347 0.761331
vt 0.052038 0.767691
vt 0.048822 0.768326
vt 0.048529 0.762289
vt 0.052292 0.756472
vt 0.047775 0.757654
vt 0.462772 0.807053
vt 0.470194 0.807053
vt 0.051934 0.774759
vt 0.051934 0.782181
vt 0.048920 0.782554
vt 0.048920 0.775225
vt 0.044954 0.775380
vt 0.044786 0.768538
vt 0.044954 0.782678
vt 0.040148 0.782678
vt 0.040148 0.775380
vt 0.039975 0.768538
vt 0.044281 0.762609
vt 0.043271 0.758047
vt 0.039456 0.762609
vt 0.038418 0.758047
vt 0.499183 0.823258
vt 0.496356 0.814166
vt 0.215859 0.464427
vt 0.217461 0.453009
vt 0.210571 0.465635
vt 0.212452 0.456402
vt 0.218451 0.443918
vt 0.213934 0.448814
vt 0.213969 0.476070
vt 0.212035 0.485756
vt 0.206899 0.482662
vt 0.208617 0.474924
vt 0.203706 0.473300
vt 0.205726 0.465605
vt 0.202023 0.479712
vt 0.196962 0.476546
vt 0.198693 0.471096
vt 0.200770 0.464556
vt 0.207746 0.457911
vt 0.209430 0.451498
vt 0.202846 0.458015
vt 0.204577 0.452565
vt 0.916299 0.814555
vt 0.921308 0.809007
vt 0.909885 0.817164
vt 0.909764 0.812736
vt 0.915814 0.810489
vt 0.210302 0.491304
vt 0.205726 0.487238
vt 0.902882 0.818034
vt 0.895583 0.818034
vt 0.895583 0.813485
vt 0.902882 0.813485
vt 0.902882 0.809376
vt 0.909723 0.808735
vt 0.895583 0.809376
vt 0.895583 0.805248
vt 0.902882 0.805248
vt 0.909723 0.804703
vt 0.201013 0.483559
vt 0.915653 0.806811
vt 0.915653 0.803068
vt 0.195924 0.479816
vt 0.640206 0.468212
vt 0.641964 0.472802
vt 0.638095 0.462705
vt 0.644117 0.460262
vt 0.646264 0.464840
vt 0.648054 0.468653
vt 0.635984 0.457197
vt 0.634226 0.452608
vt 0.031096 0.755311
vt 0.032855 0.758047
vt 0.026900 0.758047
vt 0.025111 0.755311
vt 0.641970 0.455686
vt 0.648052 0.453710
vt 0.650265 0.457438
vt 0.020871 0.758047
vt 0.019028 0.755311
vt 0.015088 0.758047
vt 0.013146 0.755311
vt 0.653935 0.451500
vt 0.656265 0.454443
vt 0.652477 0.461167
vt 0.654320 0.464274
vt 0.658596 0.457385
vt 0.660539 0.459837
vt 0.033910 0.762609
vt 0.034438 0.768538
vt 0.028510 0.768538
vt 0.027973 0.762609
vt 0.034614 0.775380
vt 0.034614 0.782678
vt 0.028689 0.782678
vt 0.028689 0.775380
vt 0.022715 0.775380
vt 0.022531 0.768538
vt 0.022715 0.782678
vt 0.017030 0.782678
vt 0.017030 0.775380
vt 0.016836 0.768538
vt 0.021978 0.762609
vt 0.016253 0.762609
vt 0.197255 0.457198
vt 0.199013 0.452608
vt 0.195144 0.462705
vt 0.189122 0.460262
vt 0.191269 0.455686
vt 0.032855 0.807309
vt 0.031096 0.810045
vt 0.025111 0.810045
vt 0.026900 0.807309
vt 0.193033 0.468212
vt 0.191275 0.472802
vt 0.185185 0.468654
vt 0.186974 0.464840
vt 0.180762 0.461167
vt 0.182974 0.457438
vt 0.178918 0.464274
vt 0.172700 0.459837
vt 0.174643 0.457385
vt 0.176974 0.454443
vt 0.019028 0.810045
vt 0.020871 0.807309
vt 0.185187 0.453710
vt 0.179304 0.451500
vt 0.013146 0.810045
vt 0.015088 0.807309
vt 0.190219 0.475556
vt 0.909723 0.800184
vt 0.915653 0.798808
vt 0.909723 0.795337
vt 0.915653 0.794193
vt 0.920214 0.796054
vt 0.920214 0.791905
vt 0.902882 0.800643
vt 0.895583 0.800643
vt 0.895583 0.795719
vt 0.902882 0.795719
vt 0.902882 0.790632
vt 0.909723 0.790322
vt 0.895583 0.790632
vt 0.895583 0.785541
vt 0.902882 0.785540
vt 0.909723 0.785295
vt 0.915653 0.789389
vt 0.920214 0.787525
vt 0.915653 0.784559
vt 0.920214 0.783088
vt 0.664377 0.453684
vt 0.666484 0.455517
vt 0.661848 0.451485
vt 0.667110 0.446411
vt 0.669882 0.447880
vt 0.870953 0.778768
vt 0.868216 0.776935
vt 0.868250 0.771132
vt 0.870970 0.772354
vt 0.659320 0.449285
vt 0.009867 0.758047
vt 0.007760 0.755311
vt 0.005038 0.758123
vt 0.002738 0.755379
vt 0.664342 0.444938
vt 0.669134 0.436330
vt 0.672147 0.437069
vt 0.632890 0.829198
vt 0.630147 0.827963
vt 0.629921 0.819947
vt 0.632685 0.820591
vt 0.629471 0.805550
vt 0.632276 0.805595
vt 0.673830 0.421335
vt 0.677056 0.421304
vt 0.868352 0.761042
vt 0.871021 0.761638
vt 0.675176 0.437791
vt 0.680323 0.421233
vt 0.868557 0.744484
vt 0.871123 0.744408
vt 0.011131 0.762609
vt 0.011763 0.768538
vt 0.007077 0.768590
vt 0.006405 0.762677
vt 0.011974 0.775380
vt 0.011974 0.782678
vt 0.007282 0.782678
vt 0.007290 0.775407
vt 0.002722 0.775489
vt 0.002540 0.768743
vt 0.002690 0.782678
vt 0.612780 0.819110
vt 0.605591 0.819078
vt 0.605591 0.804941
vt 0.612616 0.805021
vt 0.619526 0.819242
vt 0.619219 0.805195
vt 0.625592 0.827210
vt 0.625388 0.819509
vt 0.001868 0.762881
vt 0.624978 0.805394
vt 0.007760 0.810045
vt 0.009867 0.807309
vt 0.171391 0.451485
vt 0.173919 0.449285
vt 0.166129 0.446411
vt 0.168897 0.444938
vt 0.002738 0.809977
vt 0.005038 0.807234
vt 0.168862 0.453684
vt 0.166755 0.455517
vt 0.922951 0.776935
vt 0.920214 0.778768
vt 0.920197 0.772354
vt 0.922917 0.771132
vt 0.163357 0.447880
vt 0.158063 0.437791
vt 0.161092 0.437069
vt 0.920146 0.761638
vt 0.922814 0.761042
vt 0.920044 0.744408
vt 0.922610 0.744484
vt 0.152916 0.421233
vt 0.156182 0.421304
vt 0.581035 0.827963
vt 0.578292 0.829198
vt 0.578497 0.820591
vt 0.581260 0.819947
vt 0.164105 0.436330
vt 0.159409 0.421335
vt 0.578906 0.805595
vt 0.581711 0.805550
vt 0.915653 0.779868
vt 0.909723 0.780418
vt 0.909721 0.773454
vt 0.915646 0.773088
vt 0.902882 0.780601
vt 0.895583 0.780601
vt 0.895583 0.773577
vt 0.902882 0.773577
vt 0.902882 0.762233
vt 0.909717 0.762173
vt 0.895583 0.762233
vt 0.895583 0.744332
vt 0.902882 0.744332
vt 0.909706 0.744340
vt 0.915626 0.761995
vt 0.915585 0.744363
vt 0.868898 0.719275
vt 0.871294 0.718457
vt 0.681935 0.396964
vt 0.685386 0.396024
vt 0.686790 0.366192
vt 0.690387 0.364325
vt 0.869342 0.687576
vt 0.871516 0.685964
vt 0.678563 0.397824
vt 0.628720 0.782660
vt 0.631594 0.782085
vt 0.627744 0.753399
vt 0.630706 0.752187
vt 0.683325 0.367927
vt 0.688105 0.333771
vt 0.691630 0.331132
vt 0.626618 0.719892
vt 0.629683 0.718032
vt 0.625417 0.684261
vt 0.628591 0.681747
vt 0.631332 0.715393
vt 0.630486 0.678189
vt 0.869854 0.651551
vt 0.871772 0.649110
vt 0.695346 0.328300
vt 0.870400 0.613364
vt 0.872045 0.610076
vt 0.624296 0.782747
vt 0.618707 0.782549
vt 0.618042 0.753452
vt 0.623408 0.753700
vt 0.612343 0.782267
vt 0.605591 0.782106
vt 0.605591 0.752747
vt 0.611988 0.753014
vt 0.611579 0.719428
vt 0.617274 0.720055
vt 0.605591 0.719041
vt 0.605591 0.683159
vt 0.611142 0.683675
vt 0.616455 0.684509
vt 0.622385 0.720388
vt 0.621293 0.684942
vt 0.579588 0.782085
vt 0.582462 0.782660
vt 0.151304 0.396964
vt 0.154676 0.397824
vt 0.146449 0.366192
vt 0.149915 0.367927
vt 0.580476 0.752187
vt 0.583438 0.753399
vt 0.147853 0.396023
vt 0.919873 0.718457
vt 0.922268 0.719275
vt 0.919651 0.685964
vt 0.921825 0.687576
vt 0.142852 0.364325
vt 0.137893 0.328300
vt 0.141609 0.331132
vt 0.919395 0.649110
vt 0.921313 0.651551
vt 0.919122 0.610076
vt 0.920767 0.613364
vt 0.581499 0.718032
vt 0.584563 0.719892
vt 0.145134 0.333771
vt 0.579850 0.715393
vt 0.580696 0.678189
vt 0.582591 0.681747
vt 0.585765 0.684261
vt 0.915516 0.717967
vt 0.909689 0.717721
vt 0.909667 0.684514
vt 0.915428 0.684997
vt 0.902882 0.717640
vt 0.895583 0.717640
vt 0.895583 0.684353
vt 0.902882 0.684353
vt 0.902882 0.646669
vt 0.909641 0.646913
vt 0.895583 0.646669
vt 0.895583 0.606788
vt 0.902882 0.606788
vt 0.909614 0.607117
vt 0.915325 0.647645
vt 0.915216 0.608103
vt 0.095217 0.244486
vt 0.097139 0.232910
vt 0.365714 0.765746
vt 0.371644 0.766707
vt 0.365714 0.757437
vt 0.371644 0.758466
vt 0.086976 0.239293
vt 0.089033 0.227728
vt 0.358872 0.765426
vt 0.351574 0.765426
vt 0.351574 0.757095
vt 0.358872 0.757094
vt 0.358872 0.747910
vt 0.365714 0.748274
vt 0.351574 0.747910
vt 0.077876 0.234935
vt 0.080061 0.223281
vt 0.371644 0.749367
vt 0.108031 0.167312
vt 0.111234 0.148018
vt 0.104187 0.190464
vt 0.096576 0.185319
vt 0.100691 0.162188
vt 0.104120 0.142911
vt 0.100343 0.213616
vt 0.092462 0.208451
vt 0.083703 0.203860
vt 0.088073 0.180554
vt 0.092443 0.157248
vt 0.096084 0.137826
vt 0.659577 0.771490
vt 0.652279 0.771490
vt 0.659577 0.779313
vt 0.652279 0.779313
vt 0.645437 0.778970
vt 0.645437 0.771126
vt 0.659577 0.786202
vt 0.652279 0.786202
vt 0.645437 0.785882
vt 0.639507 0.784921
vt 0.639507 0.777941
vt 0.113157 0.136442
vt 0.106177 0.131345
vt 0.639507 0.770033
vt 0.098269 0.126173
vt 0.732896 0.213616
vt 0.736100 0.232910
vt 0.729052 0.190464
vt 0.736663 0.185319
vt 0.740777 0.208451
vt 0.744206 0.227728
vt 0.725208 0.167312
vt 0.722005 0.148018
vt 0.729119 0.142911
vt 0.732548 0.162188
vt 0.740796 0.157248
vt 0.745166 0.180554
vt 0.737155 0.137826
vt 0.749536 0.203860
vt 0.753178 0.223281
vt 0.705612 0.835485
vt 0.704980 0.852631
vt 0.706372 0.813501
vt 0.719816 0.813305
vt 0.719835 0.834576
vt 0.719847 0.851063
vt 0.706626 0.790142
vt 0.706626 0.767258
vt 0.719810 0.767206
vt 0.719810 0.790150
vt 0.733491 0.790141
vt 0.733770 0.813501
vt 0.733491 0.767258
vt 0.734605 0.835485
vt 0.735287 0.852631
vt 0.706626 0.746700
vt 0.706372 0.728290
vt 0.719816 0.728254
vt 0.719810 0.746569
vt 0.705612 0.711848
vt 0.704980 0.698306
vt 0.719847 0.699210
vt 0.719835 0.712277
vt 0.734605 0.711848
vt 0.733770 0.728290
vt 0.735287 0.698306
vt 0.733491 0.746700
vt 0.827127 0.795892
vt 0.827127 0.774796
vt 0.827336 0.817256
vt 0.812943 0.816936
vt 0.812949 0.795821
vt 0.812949 0.774703
vt 0.827963 0.837606
vt 0.828381 0.854041
vt 0.812912 0.852279
vt 0.812924 0.836531
vt 0.797339 0.837606
vt 0.798040 0.817256
vt 0.796871 0.854041
vt 0.798274 0.795892
vt 0.798274 0.774796
vt 0.827963 0.720908
vt 0.828381 0.707304
vt 0.827336 0.737284
vt 0.812943 0.737241
vt 0.812924 0.721350
vt 0.812912 0.708233
vt 0.827127 0.755254
vt 0.812949 0.755101
vt 0.798274 0.755254
vt 0.798040 0.737284
vt 0.797339 0.720908
vt 0.796871 0.707304
vt 0.074641 0.696971
vt 0.070870 0.696971
vt 0.074658 0.711149
vt 0.070912 0.711149
vt 0.067486 0.711155
vt 0.067355 0.696762
vt 0.074641 0.725824
vt 0.070870 0.725824
vt 0.067355 0.726057
vt 0.064021 0.726759
vt 0.064361 0.711173
vt 0.797339 0.863666
vt 0.812924 0.861854
vt 0.064021 0.696135
vt 0.063355 0.684109
vt 0.827963 0.863666
vt 0.705115 0.861478
vt 0.719835 0.859867
vt 0.087070 0.696453
vt 0.086751 0.711173
vt 0.082869 0.711155
vt 0.082951 0.696841
vt 0.735102 0.861478
vt 0.087070 0.726441
vt 0.082951 0.725978
vt 0.078738 0.725824
vt 0.078741 0.711149
vt 0.078738 0.696971
vt 0.735102 0.688595
vt 0.719835 0.689624
vt 0.121678 0.707208
vt 0.121267 0.722476
vt 0.116670 0.722494
vt 0.116821 0.707671
vt 0.705115 0.688595
vt 0.121678 0.737196
vt 0.116821 0.736808
vt 0.111811 0.736678
vt 0.111734 0.722500
vt 0.106869 0.736678
vt 0.106778 0.722500
vt 0.111811 0.707825
vt 0.106869 0.707825
vt 0.102215 0.707825
vt 0.102119 0.722500
vt 0.097914 0.722494
vt 0.097937 0.707592
vt 0.102215 0.736678
vt 0.097937 0.736887
vt 0.094123 0.737514
vt 0.094319 0.722476
vt 0.827963 0.697655
vt 0.812924 0.698697
vt 0.094123 0.706890
vt 0.797339 0.697655
vt 0.178092 0.698598
vt 0.179848 0.704370
vt 0.177929 0.704264
vt 0.175914 0.704094
vt 0.176247 0.697915
vt 0.179861 0.711019
vt 0.177875 0.711019
vt 0.179860 0.718317
vt 0.177875 0.718317
vt 0.175803 0.718317
vt 0.175803 0.711019
vt 0.173725 0.711019
vt 0.173859 0.704006
vt 0.173725 0.718317
vt 0.171719 0.718317
vt 0.171719 0.711019
vt 0.171856 0.703967
vt 0.174262 0.697564
vt 0.172268 0.697408
vt 0.170393 0.697315
vt 0.169997 0.703944
vt 0.168235 0.703932
vt 0.168597 0.697269
vt 0.169865 0.711019
vt 0.169865 0.718317
vt 0.168114 0.718317
vt 0.168114 0.711019
vt 0.166416 0.711019
vt 0.166521 0.703928
vt 0.166416 0.718317
vt 0.164723 0.718317
vt 0.164723 0.711019
vt 0.164811 0.703928
vt 0.166838 0.697253
vt 0.165074 0.697253
vt 0.163264 0.697253
vt 0.163054 0.703928
vt 0.161263 0.703928
vt 0.161417 0.697253
vt 0.162985 0.711019
vt 0.162985 0.718317
vt 0.161212 0.718317
vt 0.161212 0.711019
vt 0.159413 0.711019
vt 0.159446 0.703928
vt 0.159413 0.718317
vt 0.157598 0.718317
vt 0.157598 0.711019
vt 0.157612 0.703928
vt 0.159544 0.697253
vt 0.157653 0.697253
vt 0.155756 0.697253
vt 0.155771 0.703928
vt 0.153849 0.703932
vt 0.153774 0.697269
vt 0.155777 0.711019
vt 0.155776 0.718317
vt 0.153874 0.718317
vt 0.153874 0.711019
vt 0.151817 0.711019
vt 0.151770 0.703944
vt 0.151817 0.718317
vt 0.149530 0.718317
vt 0.149530 0.711019
vt 0.149460 0.703967
vt 0.151630 0.697315
vt 0.149249 0.697408
vt 0.146552 0.697564
vt 0.146844 0.704006
vt 0.144026 0.704094
vt 0.143728 0.697915
vt 0.146941 0.711019
vt 0.146941 0.718317
vt 0.144125 0.718317
vt 0.144125 0.711019
vt 0.141160 0.711019
vt 0.141112 0.704264
vt 0.141160 0.718317
vt 0.140967 0.698598
vt 0.887314 0.581573
vt 0.887314 0.596240
vt 0.887314 0.562107
vt 0.894404 0.562241
vt 0.894404 0.581579
vt 0.894404 0.596160
vt 0.887314 0.539866
vt 0.887314 0.516875
vt 0.894404 0.517314
vt 0.894404 0.540152
vt 0.901080 0.541008
vt 0.901080 0.562645
vt 0.901080 0.518633
vt 0.901080 0.581597
vt 0.901080 0.595920
vt 0.041579 0.722176
vt 0.038225 0.722176
vt 0.046002 0.722176
vt 0.045655 0.729266
vt 0.041248 0.729266
vt 0.037919 0.729266
vt 0.051220 0.722176
vt 0.056960 0.722176
vt 0.056589 0.729266
vt 0.050862 0.729266
vt 0.049785 0.735942
vt 0.044612 0.735942
vt 0.055476 0.735942
vt 0.053249 0.741994
vt 0.040252 0.735942
vt 0.037001 0.735942
vt 0.218533 0.728100
vt 0.208831 0.728100
vt 0.228755 0.728100
vt 0.228718 0.735187
vt 0.218490 0.735175
vt 0.208788 0.735152
vt 0.238075 0.728100
vt 0.245067 0.728100
vt 0.245069 0.735191
vt 0.238051 0.735191
vt 0.237978 0.741866
vt 0.228606 0.741850
vt 0.245074 0.741866
vt 0.218365 0.741804
vt 0.208661 0.741711
vt 0.190479 0.728100
vt 0.187176 0.728100
vt 0.195035 0.728100
vt 0.195022 0.735025
vt 0.190557 0.734855
vt 0.187358 0.734749
vt 0.201076 0.728100
vt 0.201032 0.735113
vt 0.200902 0.741555
vt 0.194981 0.741204
vt 0.190790 0.740521
vt 0.187906 0.740097
vt 0.179812 0.737612
vt 0.181422 0.738036
vt 0.173725 0.725615
vt 0.171719 0.725615
vt 0.175803 0.725615
vt 0.175914 0.732540
vt 0.173859 0.732627
vt 0.171856 0.732666
vt 0.177875 0.725615
vt 0.179861 0.725615
vt 0.179848 0.732263
vt 0.177929 0.732369
vt 0.178092 0.738036
vt 0.176247 0.738718
vt 0.174262 0.739070
vt 0.172268 0.739225
vt 0.166416 0.725615
vt 0.164723 0.725615
vt 0.168114 0.725615
vt 0.168235 0.732701
vt 0.166521 0.732705
vt 0.164811 0.732705
vt 0.169865 0.725615
vt 0.169997 0.732689
vt 0.170393 0.739318
vt 0.168597 0.739365
vt 0.166838 0.739380
vt 0.165074 0.739380
vt 0.159413 0.725615
vt 0.157598 0.725615
vt 0.161212 0.725615
vt 0.161263 0.732705
vt 0.159446 0.732705
vt 0.157612 0.732705
vt 0.162985 0.725615
vt 0.163054 0.732705
vt 0.163264 0.739380
vt 0.161417 0.739380
vt 0.159544 0.739380
vt 0.157653 0.739380
vt 0.151817 0.725615
vt 0.149530 0.725615
vt 0.153874 0.725615
vt 0.153849 0.732701
vt 0.151770 0.732689
vt 0.149460 0.732666
vt 0.155776 0.725615
vt 0.155771 0.732705
vt 0.155756 0.739380
vt 0.153774 0.739365
vt 0.151630 0.739318
vt 0.149249 0.739225
vt 0.141160 0.725615
vt 0.138122 0.725615
vt 0.144125 0.725615
vt 0.144026 0.732540
vt 0.141112 0.732369
vt 0.138160 0.732263
vt 0.146941 0.725615
vt 0.146844 0.732627
vt 0.146552 0.739070
vt 0.143728 0.738718
vt 0.140967 0.738036
vt 0.138273 0.737612
vt 0.874675 0.984882
vt 0.874830 0.992340
vt 0.881234 0.984918
vt 0.881273 0.992372
vt 0.881361 0.997973
vt 0.875182 0.997868
vt 0.888285 0.984930
vt 0.888285 0.992382
vt 0.128724 0.725615
vt 0.131981 0.725615
vt 0.888285 0.998008
vt 0.132213 0.732540
vt 0.135088 0.725615
vt 0.135230 0.732369
vt 0.132907 0.738718
vt 0.135653 0.738036
vt 0.874520 0.941715
vt 0.874520 0.953043
vt 0.881195 0.941749
vt 0.881195 0.953082
vt 0.881199 0.964542
vt 0.874535 0.964502
vt 0.888285 0.941761
vt 0.888285 0.953095
vt 0.888285 0.964555
vt 0.888285 0.975411
vt 0.881211 0.975398
vt 0.874582 0.975359
vt 0.874000 0.902104
vt 0.874132 0.911393
vt 0.881065 0.903648
vt 0.881098 0.912276
vt 0.881171 0.921504
vt 0.874423 0.921266
vt 0.888285 0.904163
vt 0.888285 0.912570
vt 0.888285 0.921583
vt 0.888285 0.931285
vt 0.881195 0.931275
vt 0.874520 0.931247
vt 0.888285 0.882134
vt 0.888285 0.875912
vt 0.888285 0.888928
vt 0.881332 0.888387
vt 0.881531 0.881810
vt 0.881637 0.875828
vt 0.888285 0.896276
vt 0.881160 0.895675
vt 0.874380 0.893873
vt 0.875070 0.886763
vt 0.868507 0.889477
vt 0.875864 0.880837
vt 0.876288 0.875576
vt 0.875864 0.870464
vt 0.875182 0.865103
vt 0.881361 0.864901
vt 0.881531 0.870326
vt 0.869244 0.858979
vt 0.874830 0.859093
vt 0.868856 0.851399
vt 0.874675 0.852292
vt 0.881234 0.852738
vt 0.881273 0.859151
vt 0.888285 0.859170
vt 0.888285 0.864833
vt 0.888285 0.852887
vt 0.888285 0.870279
vt 0.868623 0.843009
vt 0.874582 0.844553
vt 0.868450 0.833916
vt 0.874498 0.836206
vt 0.881190 0.837439
vt 0.881211 0.845325
vt 0.868243 0.824227
vt 0.874370 0.827580
vt 0.867813 0.813223
vt 0.874420 0.819941
vt 0.881170 0.822596
vt 0.881158 0.829609
vt 0.888285 0.830285
vt 0.888285 0.837850
vt 0.888285 0.823481
vt 0.888285 0.845582
vt 0.888285 0.809376
vt 0.888285 0.805248
vt 0.888285 0.813485
vt 0.881403 0.812736
vt 0.881444 0.808735
vt 0.881444 0.804703
vt 0.888285 0.818034
vt 0.881282 0.817164
vt 0.874867 0.814555
vt 0.875352 0.810489
vt 0.869859 0.809007
vt 0.627513 0.487238
vt 0.622937 0.491304
vt 0.875514 0.806811
vt 0.875514 0.803068
vt 0.632226 0.483559
vt 0.637315 0.479816
vt 0.888285 0.790632
vt 0.888285 0.785540
vt 0.888285 0.795719
vt 0.881444 0.795337
vt 0.881444 0.790322
vt 0.881444 0.785295
vt 0.888285 0.800643
vt 0.881444 0.800184
vt 0.875514 0.798808
vt 0.875514 0.794193
vt 0.643020 0.475556
vt 0.870953 0.796054
vt 0.870953 0.791905
vt 0.875514 0.789389
vt 0.875514 0.784559
vt 0.870953 0.787525
vt 0.870953 0.783088
vt 0.888285 0.762233
vt 0.888285 0.744332
vt 0.888285 0.773577
vt 0.881445 0.773454
vt 0.881450 0.762173
vt 0.881461 0.744340
vt 0.888285 0.780601
vt 0.881444 0.780418
vt 0.875514 0.779868
vt 0.875521 0.773088
vt 0.875541 0.761995
vt 0.875582 0.744363
vt 0.888285 0.646669
vt 0.888285 0.606788
vt 0.888285 0.684353
vt 0.881500 0.684514
vt 0.881526 0.646913
vt 0.881553 0.607117
vt 0.888285 0.717640
vt 0.881478 0.717721
vt 0.875651 0.717967
vt 0.875739 0.684997
vt 0.875842 0.647645
vt 0.875951 0.608103
vt 0.344276 0.779819
vt 0.344276 0.772977
vt 0.344276 0.786129
vt 0.337448 0.786401
vt 0.337434 0.780096
vt 0.337434 0.773275
vt 0.344276 0.792084
vt 0.344276 0.797863
vt 0.337543 0.798192
vt 0.337489 0.792378
vt 0.331723 0.793260
vt 0.331559 0.787218
vt 0.331941 0.799179
vt 0.711469 0.273630
vt 0.705550 0.284851
vt 0.717511 0.263675
vt 0.331505 0.780930
vt 0.331505 0.774169
vt 0.723799 0.256252
vt 0.730560 0.250232
vt 0.344276 0.747910
vt 0.344276 0.737801
vt 0.344276 0.757094
vt 0.337434 0.757437
vt 0.337434 0.748274
vt 0.337434 0.738184
vt 0.344276 0.765426
vt 0.337434 0.765746
vt 0.331505 0.766707
vt 0.331505 0.758466
vt 0.738022 0.244486
vt 0.746263 0.239293
vt 0.331505 0.749367
vt 0.331505 0.739332
vt 0.755362 0.234935
vt 0.765397 0.231689
vt 0.344324 0.704068
vt 0.344396 0.693829
vt 0.344288 0.715238
vt 0.337458 0.715640
vt 0.337527 0.704462
vt 0.337665 0.694199
vt 0.344276 0.726697
vt 0.337434 0.727093
vt 0.331505 0.728282
vt 0.331538 0.716845
vt 0.776447 0.229839
vt 0.787884 0.228766
vt 0.331636 0.705645
vt 0.331833 0.695309
vt 0.799084 0.227857
vt 0.809420 0.226496
vt 0.394637 0.792439
vt 0.394756 0.778000
vt 0.394494 0.801532
vt 0.388045 0.799493
vt 0.388430 0.790688
vt 0.388726 0.776712
vt 0.344515 0.685164
vt 0.344658 0.678189
vt 0.337897 0.685489
vt 0.338209 0.678496
vt 0.332161 0.686463
vt 0.332697 0.679418
vt 0.818266 0.224067
vt 0.825311 0.219445
vt 0.383354 0.785434
vt 0.383943 0.772848
vt 0.382533 0.793375
vt 0.830243 0.211503
vt 0.383784 0.754294
vt 0.379417 0.733517
vt 0.383516 0.732937
vt 0.388738 0.732646
vt 0.388776 0.756211
vt 0.379956 0.713778
vt 0.383784 0.711946
vt 0.381056 0.700343
vt 0.383943 0.694476
vt 0.388726 0.690176
vt 0.388776 0.709481
vt 0.394828 0.708659
vt 0.394852 0.732549
vt 0.394756 0.688742
vt 0.394828 0.756850
vt 0.788698 0.104402
vt 0.800081 0.102991
vt 0.679318 0.716305
vt 0.673486 0.717416
vt 0.673255 0.705896
vt 0.678990 0.704922
vt 0.672942 0.695213
vt 0.678454 0.694610
vt 0.810393 0.104334
vt 0.666756 0.717786
vt 0.666636 0.706221
vt 0.666493 0.695414
vt 0.666350 0.685894
vt 0.672557 0.685953
vt 0.666231 0.678189
vt 0.672261 0.678515
vt 0.818872 0.109752
vt 0.677633 0.686131
vt 0.383354 0.683683
vt 0.388430 0.678189
vt 0.379610 0.694600
vt 0.743974 0.120997
vt 0.754244 0.115890
vt 0.679646 0.761029
vt 0.673717 0.762176
vt 0.673717 0.751948
vt 0.679646 0.750759
vt 0.673694 0.740824
vt 0.679614 0.739618
vt 0.765385 0.111194
vt 0.666875 0.762559
vt 0.666875 0.752345
vt 0.666863 0.741226
vt 0.666827 0.729580
vt 0.673624 0.729186
vt 0.777000 0.107251
vt 0.679515 0.728003
vt 0.713863 0.141390
vt 0.720082 0.136442
vt 0.679646 0.791140
vt 0.673717 0.792035
vt 0.673717 0.785882
vt 0.679646 0.784921
vt 0.673717 0.778970
vt 0.679646 0.777941
vt 0.727062 0.131345
vt 0.666875 0.792333
vt 0.666875 0.786202
vt 0.666875 0.779313
vt 0.666875 0.771490
vt 0.673717 0.771126
vt 0.734970 0.126173
vt 0.679646 0.770033
vt 0.691228 0.156085
vt 0.697285 0.153754
vt 0.679578 0.813775
vt 0.673700 0.814573
vt 0.673710 0.808492
vt 0.679619 0.807718
vt 0.673715 0.802962
vt 0.679640 0.802171
vt 0.702832 0.150336
vt 0.666875 0.814839
vt 0.666875 0.808750
vt 0.666875 0.803225
vt 0.666875 0.797880
vt 0.673717 0.797602
vt 0.708235 0.146118
vt 0.679646 0.796768
vt 0.661581 0.152668
vt 0.669134 0.155227
vt 0.679502 0.843422
vt 0.673681 0.844413
vt 0.673664 0.836878
vt 0.679436 0.835870
vt 0.673668 0.829143
vt 0.679451 0.828187
vt 0.676816 0.156719
vt 0.666875 0.844744
vt 0.666875 0.837215
vt 0.666875 0.829461
vt 0.666875 0.821872
vt 0.673683 0.821582
vt 0.684293 0.157039
vt 0.679510 0.820710
vt 0.263400 0.768526
vt 0.270286 0.762298
vt 0.271832 0.771176
vt 0.266309 0.779826
vt 0.277284 0.759555
vt 0.278463 0.767228
vt 0.681285 0.864800
vt 0.674654 0.863540
vt 0.673988 0.857747
vt 0.680205 0.857508
vt 0.640203 0.137644
vt 0.647495 0.144264
vt 0.284689 0.758641
vt 0.285621 0.765912
vt 0.668428 0.867406
vt 0.667496 0.863120
vt 0.667030 0.857827
vt 0.666875 0.851658
vt 0.673726 0.851371
vt 0.654495 0.149143
vt 0.679684 0.850508
vt 0.262218 0.751930
vt 0.268368 0.750649
vt 0.260464 0.738206
vt 0.266416 0.737934
vt 0.273543 0.737607
vt 0.275484 0.749245
vt 0.258968 0.725664
vt 0.264772 0.725856
vt 0.258440 0.714615
vt 0.264088 0.715094
vt 0.271245 0.715333
vt 0.271944 0.725952
vt 0.280029 0.725984
vt 0.281427 0.737498
vt 0.279407 0.715413
vt 0.283135 0.748776
vt 0.265020 0.706328
vt 0.267041 0.699118
vt 0.273700 0.699727
vt 0.272006 0.706807
vt 0.269624 0.693025
vt 0.271770 0.687319
vt 0.277655 0.687258
vt 0.275798 0.693450
vt 0.283135 0.693591
vt 0.281427 0.699930
vt 0.284689 0.687238
vt 0.280029 0.706966
vt 0.547497 0.689406
vt 0.547497 0.696560
vt 0.547652 0.683225
vt 0.554719 0.683353
vt 0.554587 0.689539
vt 0.554587 0.696742
vt 0.548118 0.678189
vt 0.285621 0.680157
vt 0.278625 0.680435
vt 0.555114 0.678395
vt 0.561257 0.679014
vt 0.561261 0.683734
vt 0.272482 0.681270
vt 0.561263 0.689935
vt 0.561263 0.697285
vt 0.567315 0.698373
vt 0.547497 0.721868
vt 0.547497 0.730784
vt 0.547497 0.713032
vt 0.554587 0.713319
vt 0.554587 0.722203
vt 0.554587 0.731156
vt 0.547497 0.704516
vt 0.554587 0.704750
vt 0.561263 0.705454
vt 0.561263 0.714182
vt 0.567315 0.706863
vt 0.567315 0.715908
vt 0.561263 0.723207
vt 0.561263 0.732271
vt 0.567315 0.725217
vt 0.567315 0.734500
vt 0.547497 0.756533
vt 0.547497 0.764748
vt 0.547497 0.748127
vt 0.554587 0.748528
vt 0.554587 0.756932
vt 0.554587 0.765138
vt 0.547497 0.739541
vt 0.554587 0.739933
vt 0.561263 0.741111
vt 0.561263 0.749730
vt 0.567315 0.743466
vt 0.567315 0.752133
vt 0.561263 0.758128
vt 0.561263 0.766307
vt 0.567315 0.760520
vt 0.567315 0.768645
vt 0.547497 0.788516
vt 0.547497 0.796415
vt 0.547497 0.780659
vt 0.554584 0.781019
vt 0.554572 0.788856
vt 0.554549 0.796734
vt 0.547497 0.772764
vt 0.554587 0.773140
vt 0.561263 0.774268
vt 0.561247 0.782097
vt 0.567315 0.776526
vt 0.567276 0.784253
vt 0.561200 0.789876
vt 0.561107 0.797690
vt 0.567160 0.791915
vt 0.566927 0.799603
vt 0.547497 0.819590
vt 0.547497 0.826097
vt 0.547497 0.812265
vt 0.554422 0.812486
vt 0.554251 0.819628
vt 0.554145 0.825923
vt 0.547497 0.804436
vt 0.554510 0.804733
vt 0.560952 0.805624
vt 0.560600 0.813150
vt 0.566538 0.807407
vt 0.565767 0.814670
vt 0.559918 0.819741
vt 0.559494 0.825401
vt 0.564387 0.820733
vt 0.899311 0.009955
vt 0.899735 0.001992
vt 0.887314 0.051615
vt 0.887314 0.068174
vt 0.887314 0.035124
vt 0.894239 0.035129
vt 0.894327 0.051543
vt 0.894366 0.068138
vt 0.887314 0.019892
vt 0.887314 0.007108
vt 0.893962 0.007820
vt 0.894068 0.020213
vt 0.899735 0.021179
vt 0.900418 0.035143
vt 0.900769 0.051327
vt 0.900925 0.068030
vt 0.887314 0.115191
vt 0.887314 0.133368
vt 0.887314 0.098945
vt 0.894401 0.098934
vt 0.894404 0.115161
vt 0.894404 0.133293
vt 0.887314 0.083612
vt 0.894389 0.083597
vt 0.901018 0.083554
vt 0.901064 0.098900
vt 0.901080 0.115071
vt 0.901080 0.133067
vt 0.887314 0.197970
vt 0.887314 0.216514
vt 0.887314 0.176662
vt 0.894404 0.176424
vt 0.894404 0.197652
vt 0.894404 0.216141
vt 0.887314 0.154493
vt 0.894404 0.154342
vt 0.901080 0.153891
vt 0.901080 0.175711
vt 0.901080 0.196698
vt 0.901080 0.215022
vt 0.887314 0.249457
vt 0.887314 0.257308
vt 0.887314 0.240927
vt 0.894404 0.240561
vt 0.894404 0.249125
vt 0.894404 0.257015
vt 0.887314 0.230390
vt 0.894404 0.230005
vt 0.901080 0.228851
vt 0.901080 0.239462
vt 0.901080 0.248131
vt 0.901080 0.256135
vt 0.887314 0.285195
vt 0.887314 0.296280
vt 0.887314 0.275074
vt 0.894404 0.274830
vt 0.894404 0.284973
vt 0.894404 0.296086
vt 0.887314 0.265813
vt 0.894404 0.265547
vt 0.901080 0.264749
vt 0.901080 0.274098
vt 0.901080 0.284309
vt 0.901080 0.295506
vt 0.887314 0.337812
vt 0.887314 0.355972
vt 0.887314 0.322121
vt 0.894404 0.322011
vt 0.894404 0.337747
vt 0.894404 0.355947
vt 0.887314 0.308433
vt 0.894404 0.308279
vt 0.901080 0.307814
vt 0.901080 0.321680
vt 0.901080 0.337551
vt 0.901080 0.355871
vt 0.887314 0.417750
vt 0.887314 0.432173
vt 0.887314 0.398522
vt 0.894404 0.398561
vt 0.894404 0.417844
vt 0.894404 0.432357
vt 0.887314 0.377069
vt 0.894404 0.377073
vt 0.901080 0.377087
vt 0.901080 0.398679
vt 0.901080 0.418127
vt 0.901080 0.432912
vt 0.887314 0.444470
vt 0.887314 0.449371
vt 0.887314 0.442196
vt 0.894404 0.442680
vt 0.894404 0.445098
vt 0.894404 0.450092
vt 0.887314 0.439209
vt 0.894404 0.439535
vt 0.901080 0.440513
vt 0.901080 0.444134
vt 0.901080 0.446981
vt 0.901080 0.452257
vt 0.887314 0.495158
vt 0.887314 0.475886
vt 0.894404 0.476566
vt 0.894404 0.495734
vt 0.887314 0.460233
vt 0.894404 0.460967
vt 0.901080 0.463168
vt 0.901080 0.478605
vt 0.901080 0.497462
vt 0.286445 0.798166
vt 0.290232 0.798238
vt 0.282623 0.798071
vt 0.283938 0.792878
vt 0.287667 0.792997
vt 0.291232 0.793078
vt 0.278776 0.797962
vt 0.274917 0.797845
vt 0.275732 0.792532
vt 0.279910 0.792716
vt 0.281531 0.788046
vt 0.286356 0.788336
vt 0.276144 0.787694
vt 0.275440 0.783570
vt 0.286141 0.784285
vt 0.290722 0.784782
vt 0.223313 0.772851
vt 0.223394 0.767159
vt 0.227892 0.768062
vt 0.227808 0.773467
vt 0.290057 0.788499
vt 0.293878 0.785012
vt 0.231379 0.768878
vt 0.231300 0.773998
vt 0.218109 0.797147
vt 0.218152 0.804478
vt 0.218094 0.788688
vt 0.223249 0.788593
vt 0.223265 0.796739
vt 0.223313 0.803798
vt 0.218109 0.780088
vt 0.218152 0.772335
vt 0.223265 0.780313
vt 0.227758 0.780566
vt 0.227741 0.788451
vt 0.227758 0.796212
vt 0.227808 0.802940
vt 0.239774 0.798261
vt 0.241904 0.798188
vt 0.218313 0.813172
vt 0.218400 0.815303
vt 0.223456 0.812173
vt 0.223450 0.814232
vt 0.240401 0.793211
vt 0.242418 0.793200
vt 0.218225 0.809691
vt 0.223394 0.808819
vt 0.227892 0.807725
vt 0.227854 0.810929
vt 0.231224 0.809764
vt 0.241898 0.789120
vt 0.243717 0.789316
vt 0.227540 0.812911
vt 0.230568 0.811725
vt 0.261169 0.798115
vt 0.266386 0.798115
vt 0.254250 0.798122
vt 0.253926 0.792991
vt 0.260385 0.793049
vt 0.265264 0.793116
vt 0.247279 0.798144
vt 0.247432 0.793084
vt 0.248002 0.788997
vt 0.253524 0.788698
vt 0.259058 0.788955
vt 0.263268 0.789222
vt 0.150042 0.803194
vt 0.150036 0.807979
vt 0.146608 0.807165
vt 0.154527 0.803908
vt 0.154526 0.808929
vt 0.154558 0.812317
vt 0.150164 0.811211
vt 0.146836 0.810268
vt 0.159723 0.804515
vt 0.159723 0.809728
vt 0.159723 0.813246
vt 0.159723 0.815486
vt 0.154657 0.814477
vt 0.268252 0.798115
vt 0.267022 0.793049
vt 0.150563 0.813279
vt 0.147557 0.812292
vt 0.264820 0.788955
vt 0.146624 0.774801
vt 0.150042 0.774142
vt 0.150046 0.780988
vt 0.146634 0.781366
vt 0.154527 0.773447
vt 0.154528 0.780618
vt 0.154528 0.788752
vt 0.150048 0.788747
vt 0.146637 0.788790
vt 0.159723 0.772891
vt 0.159723 0.780333
vt 0.159723 0.788777
vt 0.159723 0.797184
vt 0.154528 0.796849
vt 0.150046 0.796466
vt 0.078452 0.767787
vt 0.073613 0.768479
vt 0.079204 0.773593
vt 0.075441 0.773645
vt 0.071720 0.773732
vt 0.069275 0.769070
vt 0.079967 0.779618
vt 0.076567 0.779222
vt 0.073013 0.779025
vt 0.069781 0.778959
vt 0.068568 0.773762
vt 0.159723 0.767491
vt 0.154526 0.768241
vt 0.066189 0.769272
vt 0.062377 0.765845
vt 0.150036 0.769159
vt 0.146608 0.770000
vt 0.473343 0.691198
vt 0.472684 0.700755
vt 0.474134 0.684127
vt 0.481388 0.684567
vt 0.481237 0.691465
vt 0.481108 0.700822
vt 0.474924 0.679371
vt 0.082739 0.780277
vt 0.082483 0.773669
vt 0.481532 0.679902
vt 0.085262 0.773814
vt 0.083040 0.767283
vt 0.086916 0.766887
vt 0.086543 0.761171
vt 0.091322 0.760439
vt 0.488682 0.691665
vt 0.488976 0.700720
vt 0.488314 0.684934
vt 0.472398 0.741551
vt 0.472957 0.756023
vt 0.472184 0.726882
vt 0.481056 0.726630
vt 0.481235 0.741189
vt 0.481620 0.755590
vt 0.472288 0.712967
vt 0.481031 0.712859
vt 0.489152 0.712415
vt 0.489279 0.725845
vt 0.489425 0.740105
vt 0.489658 0.754292
vt 0.476126 0.791731
vt 0.477058 0.800378
vt 0.475007 0.781319
vt 0.483040 0.780970
vt 0.483839 0.791737
vt 0.484469 0.800774
vt 0.473889 0.769348
vt 0.482260 0.768886
vt 0.490046 0.767499
vt 0.490553 0.779922
vt 0.491139 0.791755
vt 0.491483 0.801961
vt 0.044954 0.789976
vt 0.040148 0.789976
vt 0.048920 0.789883
vt 0.048822 0.796795
vt 0.044786 0.796818
vt 0.039975 0.796818
vt 0.051934 0.789603
vt 0.477617 0.807053
vt 0.484740 0.807666
vt 0.052038 0.796726
vt 0.052347 0.803250
vt 0.048529 0.802873
vt 0.491264 0.809503
vt 0.052292 0.808342
vt 0.047775 0.807567
vt 0.044281 0.802748
vt 0.039456 0.802748
vt 0.043271 0.807309
vt 0.038418 0.807309
vt 0.022715 0.789976
vt 0.017030 0.789976
vt 0.028689 0.789976
vt 0.028511 0.796818
vt 0.022531 0.796818
vt 0.016836 0.796818
vt 0.034614 0.789976
vt 0.034438 0.796818
vt 0.033910 0.802748
vt 0.027973 0.802748
vt 0.021978 0.802748
vt 0.016253 0.802748
vt 0.598402 0.819110
vt 0.598566 0.805021
vt 0.007290 0.789949
vt 0.002722 0.789867
vt 0.007077 0.796767
vt 0.002540 0.796613
vt 0.591656 0.819242
vt 0.591963 0.805195
vt 0.011974 0.789976
vt 0.011763 0.796818
vt 0.011131 0.802748
vt 0.006405 0.802679
vt 0.585794 0.819509
vt 0.586204 0.805394
vt 0.001868 0.802475
vt 0.585590 0.827210
vt 0.599603 0.719428
vt 0.600040 0.683675
vt 0.599194 0.753014
vt 0.593140 0.753452
vt 0.593908 0.720055
vt 0.594727 0.684509
vt 0.598839 0.782267
vt 0.592475 0.782549
vt 0.586886 0.782747
vt 0.587774 0.753700
vt 0.588797 0.720388
vt 0.589889 0.684942
s 1
usemtl initialShadingGroup
f 1/1/1 3505/2/2 1161/3/3 3512/4/4
f 3505/2/2 581/5/5 2333/6/6 1161/3/3
f 1161/3/3 2333/6/6 869/7/7 2336/8/8
f 3512/4/4 1161/3/3 2336/8/8 584/9/9
f 581/5/5 3506/10/10 1162/11/11 2333/6/6
f 3506/10/10 2/12/12 3507/13/13 1162/11/11
f 1162/11/11 3507/13/13 582/14/14 2334/15/15
f 2333/6/6 1162/11/11 2334/15/15 869/7/7
f 869/7/7 2334/15/15 1163/16/16 2335/17/17
f 2334/15/15 582/14/14 3508/18/18 1163/16/16
f 1163/16/16 3508/18/18 13/19/19 3509/20/20
f 2335/17/17 1163/16/16 3509/20/20 583/21/21
f 584/9/9 2336/8/8 1164/22/22 3511/23/23
f 2336/8/8 869/7/7 2335/17/17 1164/22/22
f 1164/22/22 2335/17/17 583/21/21 3510/24/24
f 3511/23/23 1164/22/22 3510/24/24 12/25/25
f 2/12/12 3513/26/26 1165/27/27 3507/13/13
f 3513/26/26 585/28/28 2337/29/29 1165/27/27
f 1165/27/27 2337/29/29 870/30/30 2340/31/31
f 3507/13/13 1165/27/27 2340/31/31 582/14/14
f 585/28/28 3514/32/32 1166/33/33 2337/29/29
f 3514/32/32 3/34/34 3515/35/35 1166/33/33
f 1166/33/33 3515/35/35 586/36/36 2338/37/37
f 2337/29/29 1166/33/33 2338/37/37 870/30/30
f 870/30/30 2338/37/37 1167/38/38 2339/39/39
f 2338/37/37 586/36/36 3516/40/40 1167/38/38
f 1167/38/38 3516/40/40 14/41/41 3517/42/42
f 2339/39/39 1167/38/38 3517/42/42 587/43/43
f 582/14/14 2340/31/31 1168/44/44 3508/18/18
f 2340/31/31 870/30/30 2339/39/39 1168/44/44
f 1168/44/44 2339/39/39 587/43/43 3518/45/45
f 3508/18/18 1168/44/44 3518/45/45 13/19/19
f 3/34/34 3519/46/46 1169/47/47 3515/35/35
f 3519/46/46 588/48/48 2341/49/49 1169/47/47
f 1169/47/47 2341/49/49 871/50/50 2344/51/51
f 3515/35/35 1169/47/47 2344/51/51 586/36/36
f 588/48/48 3520/52/52 1170/53/53 2341/49/49
f 3520/52/52 4/54/54 3521/55/55 1170/53/53
f 1170/53/53 3521/55/55 589/56/56 2342/57/57
f 2341/49/49 1170/53/53 2342/57/57 871/50/50
f 871/50/50 2342/57/57 1171/58/58 2343/59/59
f 2342/57/57 589/56/56 3522/60/60 1171/58/58
f 1171/58/58 3522/60/60 15/61/61 3523/62/62
f 2343/59/59 1171/58/58 3523/62/62 590/63/63
f 586/36/36 2344/51/51 1172/64/64 3516/40/40
f 2344/51/51 871/50/50 2343/59/59 1172/64/64
f 1172/64/64 2343/59/59 590/63/63 3524/65/65
f 3516/40/40 1172/64/64 3524/65/65 14/41/41
f 4/54/54 3525/66/66 1173/67/67 3521/55/55
f 3525/66/66 591/68/68 2345/69/69 1173/67/67
f 1173/67/67 2345/69/69 872/70/70 2348/71/71
f 3521/55/55 1173/67/67 2348/71/71 589/56/56
f 591/68/68 3526/72/72 1174/73/73 2345/69/69
f 3526/72/72 5/74/74 3527/75/75 1174/73/73
f 1174/73/73 3527/75/75 592/76/76 2346/77/76
f 2345/69/69 1174/73/73 2346/77/76 872/70/70
f 872/70/70 2346/77/76 1175/78/77 2347/79/78
f 2346/77/76 592/76/76 3528/80/79 1175/78/77
f 1175/78/77 3528/80/79 16/81/80 3529/82/81
f 2347/79/78 1175/78/77 3529/82/81 593/83/82
f 589/56/56 2348/71/71 1176/84/83 3522/60/60
f 2348/71/71 872/70/70 2347/79/78 1176/84/83
f 1176/84/83 2347/79/78 593/83/82 3530/85/84
f 3522/60/60 1176/84/83 3530/85/84 15/61/61
f 5/74/74 3531/86/85 1177/87/86 3527/75/75
f 3531/86/85 594/88/87 2349/89/88 1177/87/86
f 1177/87/86 2349/89/88 873/90/89 2352/91/90
f 3527/75/75 1177/87/86 2352/91/90 592/76/76
f 594/88/87 3532/92/91 1178/93/92 2349/89/88
f 3532/92/91 6/94/93 3533/95/94 1178/93/92
f 1178/93/92 3533/95/94 595/96/95 2350/97/96
f 2349/89/88 1178/93/92 2350/97/96 873/90/89
f 873/90/89 2350/97/96 1179/98/97 2351/99/98
f 2350/97/96 595/96/95 3534/100/99 1179/98/97
f 1179/98/97 3534/100/99 17/101/100 3535/102/101
f 2351/99/98 1179/98/97 3535/102/101 596/103/102
f 592/76/76 2352/91/90 1180/104/103 3528/80/79
f 2352/91/90 873/90/89 2351/99/98 1180/104/103
f 1180/104/103 2351/99/98 596/103/102 3536/105/104
f 3528/80/79 1180/104/103 3536/105/104 16/81/80
f 6/94/93 3537/106/105 1181/107/106 3533/95/94
f 3537/106/105 597/108/107 2353/109/108 1181/107/106
f 1181/107/106 2353/109/108 874/110/109 2356/111/110
f 3533/95/94 1181/107/106 2356/111/110 595/96/95
f 597/108/107 3538/112/111 1182/113/112 2353/109/108
f 3538/112/111 7/114/113 3539/115/114 1182/113/112
f 1182/113/112 3539/115/114 598/116/115 2354/117/116
f 2353/109/108 1182/113/112 2354/117/116 874/110/109
f 874/110/109 2354/117/116 1183/118/117 2355/119/118
f 2354/117/116 598/116/115 3540/120/119 1183/118/117
f 1183/118/117 3540/120/119 18/121/120 3541/122/121
f 2355/119/118 1183/118/117 3541/122/121 599/123/122
f 595/96/95 2356/111/110 1184/124/123 3534/100/99
f 2356/111/110 874/110/109 2355/119/118 1184/124/123
f 1184/124/123 2355/119/118 599/123/122 3542/125/124
f 3534/100/99 1184/124/123 3542/125/124 17/101/100
f 7/114/113 3543/126/125 1185/127/126 3539/115/114
f 3543/126/125 600/128/127 2357/129/128 1185/127/126
f 1185/127/126 2357/129/128 875/130/129 2360/131/130
f 3539/115/114 1185/127/126 2360/131/130 598/116/115
f 600/128/127 3544/132/131 1186/133/132 2357/129/128
f 3544/132/131 8/134/133 3545/135/134 1186/133/132
f 1186/133/132 3545/135/134 601/136/135 2358/137/136
f 2357/129/128 1186/133/132 2358/137/136 875/130/129
f 875/130/129 2358/137/136 1187/138/137 2359/139/138
f 2358/137/136 601/136/135 3546/140/139 1187/138/137
f 1187/138/137 3546/140/139 19/141/140 3547/142/141
f 2359/139/138 1187/138/137 3547/142/141 602/143/142
f 598/116/115 2360/131/130 1188/144/143 3540/120/119
f 2360/131/130 875/130/129 2359/139/138 1188/144/143
f 1188/144/143 2359/139/138 602/143/142 3548/145/144
f 3540/120/119 1188/144/143 3548/145/144 18/121/120
f 8/134/133 3549/146/145 1189/147/146 3545/135/134
f 3549/146/145 603/148/147 2361/149/148 1189/147/146
f 1189/147/146 2361/149/148 876/150/149 2364/151/150
f 3545/135/134 1189/147/146 2364/151/150 601/136/135
f 603/148/147 3550/152/151 1190/153/152 2361/149/148
f 3550/152/151 9/154/153 3551/155/154 1190/153/152
f 1190/153/152 3551/155/154 604/156/155 2362/157/156
f 2361/149/148 1190/153/152 2362/157/156 876/150/149
f 876/150/149 2362/157/156 1191/158/157 2363/159/158
f 2362/157/156 604/156/155 3552/160/159 1191/158/157
f 1191/158/157 3552/160/159 20/161/160 3553/162/161
f 2363/159/158 1191/158/157 3553/162/161 605/163/162
f 601/136/135 2364/151/150 1192/164/163 3546/140/139
f 2364/151/150 876/150/149 2363/159/158 1192/164/163
f 1192/164/163 2363/159/158 605/163/162 3554/165/164
f 3546/140/139 1192/164/163 3554/165/164 19/141/140
f 9/154/153 3555/166/165 1193/167/166 3551/155/154
f 3555/166/165 606/168/167 2365/169/168 1193/167/166
f 1193/167/166 2365/169/168 877/170/169 2368/171/170
f 3551/155/154 1193/167/166 2368/171/170 604/156/155
f 606/168/167 3556/172/171 1194/173/172 2365/169/168
f 3556/174/171 10/175/173 3557/176/174 1194/177/172
f 1194/173/172 3557/178/174 607/179/175 2366/180/176
f 2365/169/168 1194/173/172 2366/180/176 877/170/169
f 877/170/169 2366/180/176 1195/181/177 2367/182/178
f 2366/180/176 607/179/175 3558/183/179 1195/181/177
f 1195/181/177 3558/183/179 21/184/180 3559/185/181
f 2367/182/178 1195/181/177 3559/185/181 608/186/182
f 604/156/155 2368/171/170 1196/187/183 3552/160/159
f 2368/171/170 877/170/169 2367/182/178 1196/187/183
f 1196/187/183 2367/182/178 608/186/182 3560/188/184
f 3552/160/159 1196/187/183 3560/188/184 20/161/160
f 10/175/173 3561/189/185 1197/190/186 3557/176/174
f 3561/189/185 609/191/187 2369/192/188 1197/190/186
f 1197/193/186 2369/194/188 878/195/189 2372/196/190
f 3557/178/174 1197/193/186 2372/196/190 607/179/175
f 609/191/187 3562/197/191 1198/198/192 2369/192/188
f 3562/197/191 11/199/193 3563/200/194 1198/198/192
f 1198/198/192 3563/200/194 610/201/195 2370/202/196
f 2369/192/188 1198/198/192 2370/202/196 878/203/189
f 878/195/189 2370/204/196 1199/205/197 2371/206/198
f 2370/204/196 610/207/195 3564/208/199 1199/205/197
f 1199/205/197 3564/208/199 22/209/200 3565/210/201
f 2371/206/198 1199/205/197 3565/210/201 611/211/202
f 607/179/175 2372/196/190 1200/212/203 3558/183/179
f 2372/196/190 878/195/189 2371/206/198 1200/212/203
f 1200/212/203 2371/206/198 611/211/202 3566/213/204
f 3558/183/179 1200/212/203 3566/213/204 21/184/180
f 12/25/25 3510/24/24 1201/214/205 3572/215/206
f 3510/24/24 583/21/21 2373/216/207 1201/214/205
f 1201/214/205 2373/216/207 879/217/208 2376/218/209
f 3572/215/206 1201/214/205 2376/218/209 614/219/210
f 583/21/21 3509/20/20 1202/220/211 2373/216/207
f 3509/20/20 13/19/19 3567/221/212 1202/220/211
f 1202/220/211 3567/221/212 612/222/213 2374/223/214
f 2373/216/207 1202/220/211 2374/223/214 879/217/208
f 879/217/208 2374/223/214 1203/224/215 2375/225/216
f 2374/223/214 612/222/213 3568/226/217 1203/224/215
f 1203/224/215 3568/226/217 24/227/218 3569/228/218
f 2375/225/216 1203/224/215 3569/228/218 613/229/218
f 614/219/210 2376/218/209 1204/230/219 3571/231/220
f 2376/218/209 879/217/208 2375/225/216 1204/230/219
f 1204/230/219 2375/225/216 613/229/218 3570/232/218
f 3571/231/220 1204/230/219 3570/232/218 23/233/218
f 13/19/19 3518/45/45 1205/234/221 3567/221/212
f 3518/45/45 587/43/43 2377/235/222 1205/234/221
f 1205/234/221 2377/235/222 880/236/223 2380/237/224
f 3567/221/212 1205/234/221 2380/237/224 612/222/213
f 587/43/43 3517/42/42 1206/238/225 2377/235/222
f 3517/42/42 14/41/41 3573/239/226 1206/238/225
f 1206/238/225 3573/239/226 615/240/227 2378/241/228
f 2377/235/222 1206/238/225 2378/241/228 880/236/223
f 880/236/223 2378/241/228 1207/242/229 2379/243/230
f 2378/241/228 615/240/227 3574/244/231 1207/242/229
f 1207/242/229 3574/244/231 25/245/232 3575/246/233
f 2379/243/230 1207/242/229 3575/246/233 616/247/234
f 612/222/213 2380/237/224 1208/248/235 3568/226/217
f 2380/237/224 880/236/223 2379/243/230 1208/248/235
f 1208/248/235 2379/243/230 616/247/234 3576/249/236
f 3568/226/217 1208/248/235 3576/249/236 24/227/218
f 14/41/41 3524/65/65 1209/250/237 3573/239/226
f 3524/65/65 590/63/63 2381/251/238 1209/250/237
f 1209/250/237 2381/251/238 881/252/239 2384/253/240
f 3573/239/226 1209/250/237 2384/253/240 615/240/227
f 590/63/63 3523/62/62 1210/254/241 2381/251/238
f 3523/62/62 15/61/61 3577/255/242 1210/254/241
f 1210/254/241 3577/255/242 617/256/243 2382/257/244
f 2381/251/238 1210/254/241 2382/257/244 881/252/239
f 881/252/239 2382/257/244 1211/258/245 2383/259/246
f 2382/260/244 617/261/243 3578/262/247 1211/263/245
f 1211/263/245 3578/262/247 26/264/248 3579/265/249
f 2383/259/246 1211/258/245 3579/266/249 618/267/250
f 615/240/227 2384/253/240 1212/268/251 3574/244/231
f 2384/253/240 881/252/239 2383/259/246 1212/268/251
f 1212/268/251 2383/259/246 618/267/250 3580/269/252
f 3574/244/231 1212/268/251 3580/269/252 25/245/232
f 15/61/61 3530/85/84 1213/270/253 3577/255/242
f 3530/85/84 593/83/82 2385/271/254 1213/270/253
f 1213/270/253 2385/271/254 882/272/255 2388/273/256
f 3577/255/242 1213/270/253 2388/273/256 617/256/243
f 593/83/82 3529/82/81 1214/274/257 2385/271/254
f 3529/82/81 16/81/80 3581/275/258 1214/274/257
f 1214/274/257 3581/275/258 619/276/259 2386/277/260
f 2385/271/254 1214/274/257 2386/277/260 882/272/255
f 882/278/255 2386/279/260 1215/280/261 2387/281/262
f 2386/279/260 619/282/259 3582/283/263 1215/280/261
f 1215/280/261 3582/283/263 27/284/264 3583/285/265
f 2387/281/262 1215/280/261 3583/285/265 620/286/266
f 617/261/243 2388/287/256 1216/288/267 3578/262/247
f 2388/287/256 882/278/255 2387/281/262 1216/288/267
f 1216/288/267 2387/281/262 620/286/266 3584/289/268
f 3578/262/247 1216/288/267 3584/289/268 26/264/248
f 16/81/80 3536/105/104 1217/290/269 3581/275/258
f 3536/105/104 596/103/102 2389/291/270 1217/290/269
f 1217/292/269 2389/293/270 883/294/271 2392/295/272
f 3581/296/258 1217/292/269 2392/295/272 619/282/259
f 596/103/102 3535/102/101 1218/297/273 2389/291/270
f 3535/102/101 17/101/100 3585/298/274 1218/297/273
f 1218/297/273 3585/298/274 621/299/275 2390/300/276
f 2389/293/270 1218/301/273 2390/302/276 883/294/271
f 883/294/271 2390/302/276 1219/303/277 2391/304/278
f 2390/302/276 621/305/275 3586/306/279 1219/303/277
f 1219/303/277 3586/306/279 28/307/280 3587/308/281
f 2391/304/278 1219/303/277 3587/308/281 622/309/282
f 619/282/259 2392/295/272 1220/310/283 3582/283/263
f 2392/295/272 883/294/271 2391/304/278 1220/310/283
f 1220/310/283 2391/304/278 622/309/282 3588/311/284
f 3582/283/263 1220/310/283 3588/311/284 27/284/264
f 17/101/100 3542/125/124 1221/312/285 3585/298/274
f 3542/125/124 599/123/122 2393/313/286 1221/312/285
f 1221/312/285 2393/313/286 884/314/287 2396/315/288
f 3585/298/274 1221/312/285 2396/315/288 621/299/275
f 599/123/122 3541/122/121 1222/316/289 2393/313/286
f 3541/122/121 18/121/120 3589/317/290 1222/316/289
f 1222/316/289 3589/317/290 623/318/291 2394/319/292
f 2393/313/286 1222/316/289 2394/319/292 884/314/287
f 884/314/287 2394/319/292 1223/320/293 2395/321/294
f 2394/319/292 623/318/291 3590/322/295 1223/320/293
f 1223/320/293 3590/322/295 29/323/296 3591/324/297
f 2395/321/294 1223/320/293 3591/324/297 624/325/298
f 621/305/275 2396/326/288 1224/327/299 3586/306/279
f 2396/326/288 884/328/287 2395/329/294 1224/327/299
f 1224/327/299 2395/329/294 624/330/298 3592/331/300
f 3586/306/279 1224/327/299 3592/331/300 28/307/280
f 18/121/120 3548/145/144 1225/332/301 3589/317/290
f 3548/145/144 602/143/142 2397/333/302 1225/332/301
f 1225/332/301 2397/333/302 885/334/303 2400/335/304
f 3589/317/290 1225/332/301 2400/335/304 623/318/291
f 602/143/142 3547/142/141 1226/336/305 2397/333/302
f 3547/142/141 19/141/140 3593/337/306 1226/336/305
f 1226/336/305 3593/337/306 625/338/307 2398/339/308
f 2397/333/302 1226/336/305 2398/339/308 885/334/303
f 885/334/303 2398/339/308 1227/340/309 2399/341/310
f 2398/339/308 625/338/307 3594/342/311 1227/340/309
f 1227/340/309 3594/342/311 30/343/218 3595/344/312
f 2399/341/310 1227/340/309 3595/344/312 626/345/313
f 623/318/291 2400/335/304 1228/346/314 3590/322/295
f 2400/335/304 885/334/303 2399/341/310 1228/346/314
f 1228/346/314 2399/341/310 626/345/313 3596/347/315
f 3590/322/295 1228/346/314 3596/347/315 29/323/296
f 19/141/140 3554/165/164 1229/348/316 3593/337/306
f 3554/165/164 605/163/162 2401/349/317 1229/348/316
f 1229/348/316 2401/349/317 886/350/318 2404/351/319
f 3593/337/306 1229/348/316 2404/351/319 625/338/307
f 605/163/162 3553/162/161 1230/352/320 2401/349/317
f 3553/162/161 20/161/160 3597/353/321 1230/352/320
f 1230/352/320 3597/353/321 627/354/322 2402/355/323
f 2401/349/317 1230/352/320 2402/355/323 886/350/318
f 886/350/318 2402/355/323 1231/356/324 2403/357/325
f 2402/355/323 627/354/322 3598/358/326 1231/356/324
f 1231/356/324 3598/358/326 31/359/218 3599/360/218
f 2403/357/325 1231/356/324 3599/360/218 628/361/218
f 625/338/307 2404/351/319 1232/362/327 3594/342/311
f 2404/351/319 886/350/318 2403/357/325 1232/362/327
f 1232/362/327 2403/357/325 628/361/218 3600/363/218
f 3594/342/311 1232/362/327 3600/363/218 30/343/218
f 20/161/160 3560/188/184 1233/364/328 3597/353/321
f 3560/188/184 608/186/182 2405/365/329 1233/364/328
f 1233/364/328 2405/365/329 887/366/330 2408/367/331
f 3597/353/321 1233/364/328 2408/367/331 627/354/322
f 608/186/182 3559/185/181 1234/368/332 2405/365/329
f 3559/185/181 21/184/180 3601/369/333 1234/368/332
f 1234/368/332 3601/369/333 629/370/334 2406/371/335
f 2405/365/329 1234/368/332 2406/371/335 887/366/330
f 887/366/330 2406/371/335 1235/372/336 2407/373/337
f 2406/371/335 629/370/334 3602/374/338 1235/372/336
f 1235/372/336 3602/374/338 32/375/339 3603/376/340
f 2407/373/337 1235/372/336 3603/376/340 630/377/341
f 627/354/322 2408/367/331 1236/378/342 3598/358/326
f 2408/367/331 887/366/330 2407/373/337 1236/378/342
f 1236/378/342 2407/373/337 630/377/341 3604/379/343
f 3598/358/326 1236/378/342 3604/379/343 31/359/218
f 21/184/180 3566/213/204 1237/380/344 3601/369/333
f 3566/213/204 611/211/202 2409/381/345 1237/380/344
f 1237/380/344 2409/381/345 888/382/346 2412/383/347
f 3601/369/333 1237/380/344 2412/383/347 629/370/334
f 611/211/202 3565/210/201 1238/384/348 2409/381/345
f 3565/210/201 22/209/200 3605/385/349 1238/384/348
f 1238/384/348 3605/385/349 631/386/350 2410/387/351
f 2409/381/345 1238/384/348 2410/387/351 888/382/346
f 888/382/346 2410/387/351 1239/388/352 2411/389/353
f 2410/387/351 631/386/350 3606/390/354 1239/388/352
f 1239/388/352 3606/390/354 33/391/355 3607/392/356
f 2411/389/353 1239/388/352 3607/392/356 632/393/357
f 629/370/334 2412/383/347 1240/394/358 3602/374/338
f 2412/383/347 888/382/346 2411/389/353 1240/394/358
f 1240/394/358 2411/389/353 632/393/357 3608/395/359
f 3602/374/338 1240/394/358 3608/395/359 32/375/339
f 23/233/218 3570/232/218 1241/396/218 3614/397/218
f 3570/232/218 613/229/218 2413/398/218 1241/396/218
f 1241/396/218 2413/398/218 889/399/218 2416/400/218
f 3614/397/218 1241/396/218 2416/400/218 635/401/218
f 613/229/218 3569/228/218 1242/402/218 2413/398/218
f 3569/228/218 24/227/218 3609/403/218 1242/402/218
f 1242/402/218 3609/403/218 633/404/218 2414/405/218
f 2413/398/218 1242/402/218 2414/405/218 889/399/218
f 889/399/218 2414/405/218 1243/406/218 2415/407/218
f 2414/405/218 633/404/218 3610/408/218 1243/406/218
f 1243/406/218 3610/408/218 35/409/218 3611/410/218
f 2415/407/218 1243/406/218 3611/410/218 634/411/218
f 635/401/218 2416/400/218 1244/412/218 3613/413/218
f 2416/400/218 889/399/218 2415/407/218 1244/412/218
f 1244/412/218 2415/407/218 634/411/218 3612/414/218
f 3613/413/218 1244/412/218 3612/414/218 34/415/218
f 24/227/218 3576/249/236 1245/416/360 3609/403/218
f 3576/249/236 616/247/234 2417/417/361 1245/416/360
f 1245/416/360 2417/417/361 890/418/362 2420/419/363
f 3609/403/218 1245/416/360 2420/419/363 633/404/218
f 616/247/234 3575/246/233 1246/420/364 2417/417/361
f 3575/246/233 25/245/232 3615/421/365 1246/420/364
f 1246/420/364 3615/421/365 636/422/366 2418/423/367
f 2417/417/361 1246/420/364 2418/423/367 890/418/362
f 890/418/362 2418/423/367 1247/424/368 2419/425/369
f 2418/423/367 636/422/366 3616/426/370 1247/424/368
f 1247/424/368 3616/426/370 36/427/371 3617/428/372
f 2419/425/369 1247/424/368 3617/428/372 637/429/373
f 633/404/218 2420/419/363 1248/430/374 3610/408/218
f 2420/419/363 890/418/362 2419/425/369 1248/430/374
f 1248/430/374 2419/425/369 637/429/373 3618/431/375
f 3610/408/218 1248/430/374 3618/431/375 35/409/218
f 25/245/232 3580/269/252 1249/432/376 3615/421/365
f 3580/269/252 618/267/250 2421/433/377 1249/432/376
f 1249/432/376 2421/433/377 891/434/378 2424/435/379
f 3615/421/365 1249/432/376 2424/435/379 636/422/366
f 618/267/250 3579/266/249 1250/436/380 2421/433/377
f 3579/265/249 26/264/248 3619/437/381 1250/438/380
f 1250/439/380 3619/440/381 638/441/382 2422/442/383
f 2421/433/377 1250/436/380 2422/443/383 891/434/378
f 891/444/378 2422/442/383 1251/445/384 2423/446/385
f 2422/442/383 638/441/382 3620/447/386 1251/445/384
f 1251/445/384 3620/447/386 37/448/387 3621/449/388
f 2423/446/385 1251/445/384 3621/449/388 639/450/389
f 636/422/366 2424/435/379 1252/451/390 3616/426/370
f 2424/435/379 891/434/378 2423/452/385 1252/451/390
f 1252/451/390 2423/452/385 639/453/389 3622/454/391
f 3616/426/370 1252/451/390 3622/454/391 36/427/371
f 28/307/280 3592/331/300 1253/455/392 3628/456/393
f 3592/331/300 624/330/298 2425/457/394 1253/455/392
f 1253/458/392 2425/459/394 892/460/395 2428/461/396
f 3628/462/393 1253/458/392 2428/461/396 642/463/397
f 624/325/298 3591/324/297 1254/464/398 2425/465/394
f 3591/324/297 29/323/296 3623/466/399 1254/464/398
f 1254/464/398 3623/466/399 640/467/400 2426/468/401
f 2425/465/394 1254/464/398 2426/468/401 892/469/395
f 892/469/395 2426/468/401 1255/470/402 2427/471/403
f 2426/468/401 640/467/400 3624/472/404 1255/470/402
f 1255/470/402 3624/472/404 39/473/405 3625/474/406
f 2427/471/403 1255/470/402 3625/474/406 641/475/407
f 642/463/397 2428/461/396 1256/476/408 3627/477/409
f 2428/461/396 892/460/395 2427/478/403 1256/476/408
f 1256/476/408 2427/478/403 641/479/407 3626/480/410
f 3627/477/409 1256/476/408 3626/480/410 38/481/411
f 29/323/296 3596/347/315 1257/482/412 3623/466/399
f 3596/347/315 626/345/313 2429/483/413 1257/482/412
f 1257/482/412 2429/483/413 893/484/414 2432/485/415
f 3623/466/399 1257/482/412 2432/485/415 640/467/400
f 626/345/313 3595/344/312 1258/486/416 2429/483/413
f 3595/344/312 30/343/218 3629/487/218 1258/486/416
f 1258/486/416 3629/487/218 643/488/218 2430/489/417
f 2429/483/413 1258/486/416 2430/489/417 893/484/414
f 893/484/414 2430/489/417 1259/490/418 2431/491/419
f 2430/489/417 643/488/218 3630/492/218 1259/490/418
f 1259/490/418 3630/492/218 40/493/218 3631/494/420
f 2431/491/419 1259/490/418 3631/494/420 644/495/421
f 640/467/400 2432/485/415 1260/496/422 3624/472/404
f 2432/485/415 893/484/414 2431/491/419 1260/496/422
f 1260/496/422 2431/491/419 644/495/421 3632/497/423
f 3624/472/404 1260/496/422 3632/497/423 39/473/405
f 30/343/218 3600/363/218 1261/498/218 3629/487/218
f 3600/363/218 628/361/218 2433/499/218 1261/498/218
f 1261/498/218 2433/499/218 894/500/218 2436/501/218
f 3629/487/218 1261/498/218 2436/501/218 643/488/218
f 628/361/218 3599/360/218 1262/502/218 2433/499/218
f 3599/360/218 31/359/218 3633/503/218 1262/502/218
f 1262/502/218 3633/503/218 645/504/218 2434/505/218
f 2433/499/218 1262/502/218 2434/505/218 894/500/218
f 894/500/218 2434/505/218 1263/506/218 2435/507/218
f 2434/505/218 645/504/218 3634/508/218 1263/506/218
f 1263/506/218 3634/508/218 41/509/218 3635/510/218
f 2435/507/218 1263/506/218 3635/510/218 646/511/218
f 643/488/218 2436/501/218 1264/512/218 3630/492/218
f 2436/501/218 894/500/218 2435/507/218 1264/512/218
f 1264/512/218 2435/507/218 646/511/218 3636/513/218
f 3630/492/218 1264/512/218 3636/513/218 40/493/218
f 31/359/218 3604/379/343 1265/514/424 3633/503/218
f 3604/379/343 630/377/341 2437/515/425 1265/514/424
f 1265/514/424 2437/515/425 895/516/426 2440/517/427
f 3633/503/218 1265/514/424 2440/517/427 645/504/218
f 630/377/341 3603/376/340 1266/518/428 2437/515/425
f 3603/376/340 32/375/339 3637/519/429 1266/518/428
f 1266/518/428 3637/519/429 647/520/430 2438/521/431
f 2437/515/425 1266/518/428 2438/521/431 895/516/426
f 895/516/426 2438/521/431 1267/522/432 2439/523/433
f 2438/521/431 647/520/430 3638/524/434 1267/522/432
f 1267/522/432 3638/524/434 42/525/435 3639/526/436
f 2439/523/433 1267/522/432 3639/526/436 648/527/437
f 645/504/218 2440/517/427 1268/528/438 3634/508/218
f 2440/517/427 895/516/426 2439/523/433 1268/528/438
f 1268/528/438 2439/523/433 648/527/437 3640/529/439
f 3634/508/218 1268/528/438 3640/529/439 41/509/218
f 32/375/339 3608/395/359 1269/530/440 3637/519/429
f 3608/395/359 632/393/357 2441/531/441 1269/530/440
f 1269/530/440 2441/531/441 896/532/442 2444/533/443
f 3637/519/429 1269/530/440 2444/533/443 647/520/430
f 632/393/357 3607/392/356 1270/534/444 2441/531/441
f 3607/392/356 33/391/355 3641/535/445 1270/534/444
f 1270/534/444 3641/535/445 649/536/446 2442/537/447
f 2441/531/441 1270/534/444 2442/537/447 896/532/442
f 896/532/442 2442/537/447 1271/538/448 2443/539/449
f 2442/537/447 649/536/446 3642/540/450 1271/538/448
f 1271/538/448 3642/540/450 43/541/451 3643/542/452
f 2443/539/449 1271/538/448 3643/542/452 650/543/453
f 647/520/430 2444/533/443 1272/544/454 3638/524/434
f 2444/533/443 896/532/442 2443/539/449 1272/544/454
f 1272/544/454 2443/539/449 650/543/453 3644/545/455
f 3638/524/434 1272/544/454 3644/545/455 42/525/435
f 34/415/218 3612/414/218 1273/546/456 3650/547/457
f 3612/414/218 634/411/218 2445/548/458 1273/546/456
f 1273/546/456 2445/548/458 897/549/459 2448/550/460
f 3650/547/457 1273/546/456 2448/550/460 653/551/461
f 634/411/218 3611/410/218 1274/552/462 2445/548/458
f 3611/410/218 35/409/218 3645/553/463 1274/552/462
f 1274/552/462 3645/553/463 651/554/464 2446/555/465
f 2445/548/458 1274/552/462 2446/555/465 897/549/459
f 897/549/459 2446/555/465 1275/556/466 2447/557/467
f 2446/555/465 651/554/464 3646/558/468 1275/556/466
f 1275/556/466 3646/558/468 45/559/469 3647/560/470
f 2447/557/467 1275/556/466 3647/560/470 652/561/471
f 653/551/461 2448/550/460 1276/562/472 3649/563/473
f 2448/550/460 897/549/459 2447/557/467 1276/562/472
f 1276/562/472 2447/557/467 652/561/471 3648/564/474
f 3649/563/473 1276/562/472 3648/564/474 44/565/475
f 35/409/218 3618/431/375 1277/566/476 3645/553/463
f 3618/431/375 637/429/373 2449/567/477 1277/566/476
f 1277/566/476 2449/567/477 898/568/478 2452/569/479
f 3645/553/463 1277/566/476 2452/569/479 651/554/464
f 637/429/373 3617/428/372 1278/570/480 2449/567/477
f 3617/428/372 36/427/371 3651/571/481 1278/570/480
f 1278/570/480 3651/571/481 654/572/482 2450/573/483
f 2449/567/477 1278/570/480 2450/573/483 898/568/478
f 898/568/478 2450/573/483 1279/574/484 2451/575/485
f 2450/573/483 654/572/482 3652/576/486 1279/574/484
f 1279/574/484 3652/576/486 46/577/487 3653/578/488
f 2451/575/485 1279/574/484 3653/578/488 655/579/489
f 651/554/464 2452/569/479 1280/580/490 3646/558/468
f 2452/569/479 898/568/478 2451/575/485 1280/580/490
f 1280/580/490 2451/575/485 655/579/489 3654/581/491
f 3646/558/468 1280/580/490 3654/581/491 45/559/469
f 36/427/371 3622/454/391 1281/582/492 3651/571/481
f 3622/454/391 639/453/389 2453/583/493 1281/582/492
f 1281/582/492 2453/583/493 899/584/494 2456/585/495
f 3651/571/481 1281/582/492 2456/585/495 654/572/482
f 639/450/389 3621/449/388 1282/586/496 2453/587/493
f 3621/449/388 37/448/387 3655/588/497 1282/586/496
f 1282/586/496 3655/588/497 656/589/498 2454/590/499
f 2453/587/493 1282/586/496 2454/590/499 899/591/494
f 899/591/494 2454/590/499 1283/592/500 2455/593/501
f 2454/590/499 656/589/498 3656/594/502 1283/592/500
f 1283/595/500 3656/596/502 47/597/503 3657/598/504
f 2455/599/501 1283/600/500 3657/601/504 657/602/505
f 654/572/482 2456/585/495 1284/603/506 3652/576/486
f 2456/585/495 899/584/494 2455/599/501 1284/603/506
f 1284/603/506 2455/599/501 657/602/505 3658/604/507
f 3652/576/486 1284/603/506 3658/604/507 46/577/487
f 38/481/411 3626/480/410 1285/605/508 3664/606/509
f 3626/480/410 641/479/407 2457/607/510 1285/605/508
f 1285/605/508 2457/607/510 900/608/511 2460/609/512
f 3664/606/509 1285/605/508 2460/609/512 660/610/513
f 641/475/407 3625/474/406 1286/611/514 2457/612/510
f 3625/474/406 39/473/405 3659/613/515 1286/611/514
f 1286/611/514 3659/613/515 658/614/516 2458/615/517
f 2457/612/510 1286/611/514 2458/615/517 900/616/511
f 900/616/511 2458/615/517 1287/617/518 2459/618/519
f 2458/615/517 658/614/516 3660/619/520 1287/617/518
f 1287/617/518 3660/619/520 50/620/521 3661/621/522
f 2459/618/519 1287/617/518 3661/621/522 659/622/523
f 660/610/513 2460/609/512 1288/623/524 3663/624/525
f 2460/609/512 900/608/511 2459/625/519 1288/623/524
f 1288/626/524 2459/618/519 659/622/523 3662/627/526
f 3663/628/525 1288/629/524 3662/630/526 49/631/527
f 39/473/405 3632/497/423 1289/632/528 3659/613/515
f 3632/497/423 644/495/421 2461/633/529 1289/632/528
f 1289/632/528 2461/633/529 901/634/530 2464/635/531
f 3659/613/515 1289/632/528 2464/635/531 658/614/516
f 644/495/421 3631/494/420 1290/636/532 2461/633/529
f 3631/494/420 40/493/218 3665/637/533 1290/636/532
f 1290/636/532 3665/637/533 661/638/534 2462/639/535
f 2461/633/529 1290/636/532 2462/639/535 901/634/530
f 901/634/530 2462/639/535 1291/640/536 2463/641/537
f 2462/639/535 661/638/534 3666/642/538 1291/640/536
f 1291/640/536 3666/642/538 51/643/539 3667/644/540
f 2463/641/537 1291/640/536 3667/644/540 662/645/541
f 658/614/516 2464/635/531 1292/646/542 3660/619/520
f 2464/635/531 901/634/530 2463/641/537 1292/646/542
f 1292/646/542 2463/641/537 662/645/541 3668/647/543
f 3660/619/520 1292/646/542 3668/647/543 50/620/521
f 40/493/218 3636/513/218 1293/648/544 3665/637/533
f 3636/513/218 646/511/218 2465/649/545 1293/648/544
f 1293/648/544 2465/649/545 902/650/546 2468/651/547
f 3665/637/533 1293/648/544 2468/651/547 661/638/534
f 646/511/218 3635/510/218 1294/652/548 2465/649/545
f 3635/510/218 41/509/218 3669/653/549 1294/652/548
f 1294/652/548 3669/653/549 663/654/550 2466/655/551
f 2465/649/545 1294/652/548 2466/655/551 902/650/546
f 902/650/546 2466/655/551 1295/656/552 2467/657/553
f 2466/655/551 663/654/550 3670/658/554 1295/656/552
f 1295/656/552 3670/658/554 52/659/555 3671/660/556
f 2467/657/553 1295/656/552 3671/660/556 664/661/557
f 661/638/534 2468/651/547 1296/662/558 3666/642/538
f 2468/651/547 902/650/546 2467/657/553 1296/662/558
f 1296/662/558 2467/657/553 664/661/557 3672/663/559
f 3666/642/538 1296/662/558 3672/663/559 51/643/539
f 41/509/218 3640/529/439 1297/664/560 3669/653/549
f 3640/529/439 648/527/437 2469/665/561 1297/664/560
f 1297/664/560 2469/665/561 903/666/562 2472/667/563
f 3669/653/549 1297/664/560 2472/667/563 663/654/550
f 648/527/437 3639/526/436 1298/668/564 2469/665/561
f 3639/526/436 42/525/435 3673/669/565 1298/668/564
f 1298/668/564 3673/669/565 665/670/566 2470/671/567
f 2469/665/561 1298/668/564 2470/671/567 903/666/562
f 903/666/562 2470/671/567 1299/672/568 2471/673/569
f 2470/671/567 665/670/566 3674/674/570 1299/672/568
f 1299/672/568 3674/674/570 53/675/571 3675/676/572
f 2471/673/569 1299/672/568 3675/676/572 666/677/573
f 663/654/550 2472/667/563 1300/678/574 3670/658/554
f 2472/667/563 903/666/562 2471/673/569 1300/678/574
f 1300/678/574 2471/673/569 666/677/573 3676/679/575
f 3670/658/554 1300/678/574 3676/679/575 52/659/555
f 42/525/435 3644/545/455 1301/680/576 3673/669/565
f 3644/545/455 650/543/453 2473/681/577 1301/680/576
f 1301/680/576 2473/681/577 904/682/578 2476/683/579
f 3673/669/565 1301/680/576 2476/683/579 665/670/566
f 650/543/453 3643/542/452 1302/684/580 2473/681/577
f 3643/542/452 43/541/451 3677/685/581 1302/684/580
f 1302/684/580 3677/685/581 667/686/582 2474/687/583
f 2473/681/577 1302/684/580 2474/687/583 904/682/578
f 904/682/578 2474/687/583 1303/688/584 2475/689/585
f 2474/687/583 667/686/582 3678/690/586 1303/688/584
f 1303/688/584 3678/690/586 54/691/587 3679/692/588
f 2475/689/585 1303/688/584 3679/692/588 668/693/589
f 665/670/566 2476/683/579 1304/694/590 3674/674/570
f 2476/683/579 904/682/578 2475/689/585 1304/694/590
f 1304/694/590 2475/689/585 668/693/589 3680/695/591
f 3674/674/570 1304/694/590 3680/695/591 53/675/571
f 44/565/475 3648/564/474 1305/696/592 3686/697/593
f 3648/564/474 652/561/471 2477/698/594 1305/696/592
f 1305/699/592 2477/700/594 905/701/595 2480/702/596
f 3686/697/593 1305/696/592 2480/703/596 671/704/597
f 652/561/471 3647/560/470 1306/705/598 2477/698/594
f 3647/560/470 45/559/469 3681/706/599 1306/705/598
f 1306/707/598 3681/708/599 669/709/600 2478/710/601
f 2477/700/594 1306/707/598 2478/710/601 905/701/595
f 905/701/595 2478/710/601 1307/711/602 2479/712/603
f 2478/710/601 669/709/600 3682/713/604 1307/711/602
f 1307/711/602 3682/713/604 56/714/605 3683/715/606
f 2479/712/603 1307/711/602 3683/715/606 670/716/607
f 671/717/597 2480/702/596 1308/718/608 3685/719/609
f 2480/702/596 905/701/595 2479/712/603 1308/718/608
f 1308/718/608 2479/712/603 670/716/607 3684/720/610
f 3685/719/609 1308/718/608 3684/720/610 55/721/611
f 45/559/469 3654/581/491 1309/722/612 3681/706/599
f 3654/581/491 655/579/489 2481/723/613 1309/722/612
f 1309/722/612 2481/723/613 906/724/614 2484/725/615
f 3681/708/599 1309/726/612 2484/727/615 669/709/600
f 655/579/489 3653/578/488 1310/728/616 2481/723/613
f 3653/578/488 46/577/487 3687/729/617 1310/728/616
f 1310/728/616 3687/729/617 672/730/618 2482/731/619
f 2481/723/613 1310/728/616 2482/731/619 906/724/614
f 906/732/614 2482/733/619 1311/734/620 2483/735/621
f 2482/731/619 672/730/618 3688/736/622 1311/737/620
f 1311/734/620 3688/738/622 57/739/623 3689/740/624
f 2483/735/621 1311/734/620 3689/740/624 673/741/625
f 669/709/600 2484/727/615 1312/742/626 3682/713/604
f 2484/727/615 906/732/614 2483/735/621 1312/742/626
f 1312/742/626 2483/735/621 673/741/625 3690/743/627
f 3682/713/604 1312/742/626 3690/743/627 56/714/605
f 46/577/487 3658/604/507 1313/744/628 3687/729/617
f 3658/604/507 657/602/505 2485/745/629 1313/744/628
f 1313/744/628 2485/745/629 907/746/630 2488/747/631
f 3687/729/617 1313/744/628 2488/747/631 672/730/618
f 657/602/505 3657/601/504 1314/748/632 2485/745/629
f 3657/598/504 47/597/503 3691/749/633 1314/750/632
f 1314/748/632 3691/751/633 674/752/634 2486/753/635
f 2485/745/629 1314/748/632 2486/753/635 907/746/630
f 907/746/630 2486/753/635 1315/754/636 2487/755/637
f 2486/753/635 674/752/634 3692/756/638 1315/754/636
f 1315/757/636 3692/758/638 58/759/639 3693/760/640
f 2487/755/637 1315/754/636 3693/761/640 675/762/641
f 672/730/618 2488/747/631 1316/763/642 3688/736/622
f 2488/747/631 907/746/630 2487/755/637 1316/763/642
f 1316/763/642 2487/755/637 675/762/641 3694/764/643
f 3688/736/622 1316/763/642 3694/764/643 57/765/623
f 47/597/503 3695/766/644 1317/767/645 3691/749/633
f 3695/766/644 676/768/646 2489/769/647 1317/767/645
f 1317/767/645 2489/769/647 908/770/648 2492/771/649
f 3691/751/633 1317/772/645 2492/773/649 674/752/634
f 676/768/646 3696/774/650 1318/775/651 2489/769/647
f 3696/774/650 48/776/652 3697/777/653 1318/775/651
f 1318/775/651 3697/777/653 677/778/654 2490/779/655
f 2489/769/647 1318/775/651 2490/779/655 908/770/648
f 908/780/648 2490/781/655 1319/782/656 2491/783/657
f 2490/781/655 677/784/654 3698/785/658 1319/782/656
f 1319/786/656 3698/787/658 59/788/659 3699/789/660
f 2491/790/657 1319/786/656 3699/789/660 678/791/661
f 674/752/634 2492/773/649 1320/792/662 3692/756/638
f 2492/773/649 908/780/648 2491/783/657 1320/792/662
f 1320/793/662 2491/790/657 678/791/661 3700/794/663
f 3692/758/638 1320/793/662 3700/794/663 58/759/639
f 48/776/652 3701/795/664 1321/796/665 3697/777/653
f 3701/795/664 679/797/666 2493/798/667 1321/796/665
f 1321/796/665 2493/798/667 909/799/668 2496/800/669
f 3697/777/653 1321/796/665 2496/800/669 677/778/654
f 679/797/666 3702/801/670 1322/802/671 2493/798/667
f 3702/801/670 49/631/527 3703/803/672 1322/802/671
f 1322/804/671 3703/805/672 680/806/673 2494/807/674
f 2493/808/667 1322/804/671 2494/807/674 909/809/668
f 909/809/668 2494/807/674 1323/810/675 2495/811/676
f 2494/807/674 680/806/673 3704/812/677 1323/810/675
f 1323/813/675 3704/814/677 60/815/678 3705/816/679
f 2495/817/676 1323/813/675 3705/816/679 681/818/680
f 677/784/654 2496/819/669 1324/820/681 3698/785/658
f 2496/819/669 909/809/668 2495/811/676 1324/820/681
f 1324/821/681 2495/817/676 681/818/680 3706/822/682
f 3698/787/658 1324/821/681 3706/822/682 59/788/659
f 49/631/527 3662/630/526 1325/823/683 3703/803/672
f 3662/627/526 659/622/523 2497/824/684 1325/825/683
f 1325/825/683 2497/824/684 910/826/685 2500/827/686
f 3703/805/672 1325/825/683 2500/827/686 680/806/673
f 659/622/523 3661/621/522 1326/828/687 2497/824/684
f 3661/621/522 50/620/521 3707/829/688 1326/828/687
f 1326/828/687 3707/829/688 682/830/689 2498/831/690
f 2497/824/684 1326/828/687 2498/831/690 910/826/685
f 910/826/685 2498/831/690 1327/832/691 2499/833/692
f 2498/834/690 682/835/689 3708/836/693 1327/837/691
f 1327/837/691 3708/836/693 61/838/694 3709/839/695
f 2499/840/692 1327/837/691 3709/839/695 683/841/696
f 680/806/673 2500/827/686 1328/842/697 3704/812/677
f 2500/827/686 910/826/685 2499/833/692 1328/842/697
f 1328/843/697 2499/840/692 683/841/696 3710/844/698
f 3704/814/677 1328/843/697 3710/844/698 60/815/678
f 50/620/521 3668/647/543 1329/845/699 3707/829/688
f 3668/647/543 662/645/541 2501/846/700 1329/845/699
f 1329/847/699 2501/848/700 911/849/701 2504/850/702
f 3707/851/688 1329/847/699 2504/850/702 682/835/689
f 662/852/541 3667/853/540 1330/854/703 2501/848/700
f 3667/853/540 51/855/539 3711/856/704 1330/854/703
f 1330/854/703 3711/856/704 684/857/705 2502/858/706
f 2501/848/700 1330/854/703 2502/858/706 911/849/701
f 911/849/701 2502/858/706 1331/859/707 2503/860/708
f 2502/858/706 684/857/705 3712/861/709 1331/859/707
f 1331/859/707 3712/861/709 62/862/710 3713/863/711
f 2503/860/708 1331/859/707 3713/863/711 685/864/712
f 682/835/689 2504/850/702 1332/865/713 3708/836/693
f 2504/850/702 911/849/701 2503/860/708 1332/865/713
f 1332/865/713 2503/860/708 685/864/712 3714/866/714
f 3708/836/693 1332/865/713 3714/866/714 61/838/694
f 51/855/539 3672/867/559 1333/868/715 3711/856/704
f 3672/867/559 664/869/557 2505/870/716 1333/868/715
f 1333/868/715 2505/870/716 912/871/717 2508/872/718
f 3711/856/704 1333/868/715 2508/872/718 684/857/705
f 664/869/557 3671/873/556 1334/874/719 2505/870/716
f 3671/873/556 52/875/555 3715/876/720 1334/874/719
f 1334/874/719 3715/876/720 686/877/721 2506/878/722
f 2505/870/716 1334/874/719 2506/878/722 912/871/717
f 912/871/717 2506/878/722 1335/879/723 2507/880/724
f 2506/878/722 686/877/721 3716/881/725 1335/879/723
f 1335/879/723 3716/881/725 63/882/726 3717/883/727
f 2507/880/724 1335/879/723 3717/883/727 687/884/728
f 684/857/705 2508/872/718 1336/885/729 3712/861/709
f 2508/872/718 912/871/717 2507/880/724 1336/885/729
f 1336/885/729 2507/880/724 687/884/728 3718/886/730
f 3712/861/709 1336/885/729 3718/886/730 62/862/710
f 52/659/555 3676/679/575 1337/887/731 3715/888/720
f 3676/679/575 666/677/573 2509/889/732 1337/887/731
f 1337/890/731 2509/891/732 913/892/733 2512/893/734
f 3715/876/720 1337/890/731 2512/893/734 686/877/721
f 666/677/573 3675/676/572 1338/894/735 2509/889/732
f 3675/676/572 53/675/571 3719/895/736 1338/894/735
f 1338/894/735 3719/895/736 688/896/737 2510/897/738
f 2509/891/732 1338/898/735 2510/899/738 913/892/733
f 913/892/733 2510/899/738 1339/900/739 2511/901/740
f 2510/899/738 688/902/737 3720/903/741 1339/900/739
f 1339/900/739 3720/903/741 64/904/742 3721/905/743
f 2511/901/740 1339/900/739 3721/905/743 689/906/744
f 686/877/721 2512/893/734 1340/907/745 3716/881/725
f 2512/893/734 913/892/733 2511/901/740 1340/907/745
f 1340/907/745 2511/901/740 689/906/744 3722/908/746
f 3716/881/725 1340/907/745 3722/908/746 63/882/726
f 53/675/571 3680/695/591 1341/909/747 3719/895/736
f 3680/695/591 668/693/589 2513/910/748 1341/909/747
f 1341/909/747 2513/910/748 914/911/749 2516/912/750
f 3719/895/736 1341/909/747 2516/912/750 688/896/737
f 668/693/589 3679/692/588 1342/913/751 2513/910/748
f 3679/692/588 54/691/587 3723/914/752 1342/913/751
f 1342/913/751 3723/914/752 690/915/753 2514/916/754
f 2513/910/748 1342/913/751 2514/916/754 914/911/749
f 914/911/749 2514/916/754 1343/917/755 2515/918/756
f 2514/916/754 690/915/753 3724/919/757 1343/917/755
f 1343/920/755 3724/921/757 65/922/758 3725/923/759
f 2515/924/756 1343/920/755 3725/923/759 691/925/760
f 688/902/737 2516/926/750 1344/927/761 3720/903/741
f 2516/912/750 914/911/749 2515/918/756 1344/928/761
f 1344/927/761 2515/924/756 691/925/760 3726/929/762
f 3720/903/741 1344/927/761 3726/929/762 64/904/742
f 55/721/611 3684/720/610 1345/930/763 3732/931/764
f 3684/720/610 670/716/607 2517/932/765 1345/930/763
f 1345/930/763 2517/932/765 915/933/766 2520/934/767
f 3732/931/764 1345/930/763 2520/934/767 694/935/768
f 670/716/607 3683/715/606 1346/936/769 2517/932/765
f 3683/715/606 56/714/605 3727/937/770 1346/936/769
f 1346/936/769 3727/937/770 692/938/771 2518/939/772
f 2517/932/765 1346/936/769 2518/939/772 915/933/766
f 915/933/766 2518/939/772 1347/940/773 2519/941/774
f 2518/939/772 692/938/771 3728/942/775 1347/940/773
f 1347/940/773 3728/942/775 229/943/776 3729/944/777
f 2519/941/774 1347/940/773 3729/944/777 693/945/778
f 694/935/768 2520/934/767 1348/946/779 3731/947/780
f 2520/934/767 915/933/766 2519/941/774 1348/946/779
f 1348/946/779 2519/941/774 693/945/778 3730/948/781
f 3731/947/780 1348/946/779 3730/948/781 230/949/782
f 56/714/605 3690/743/627 1349/950/783 3727/937/770
f 3690/743/627 673/741/625 2521/951/784 1349/950/783
f 1349/950/783 2521/951/784 916/952/785 2524/953/786
f 3727/937/770 1349/950/783 2524/953/786 692/938/771
f 673/741/625 3689/740/624 1350/954/787 2521/951/784
f 3689/740/624 57/739/623 3733/955/788 1350/954/787
f 1350/954/787 3733/955/788 695/956/789 2522/957/790
f 2521/951/784 1350/954/787 2522/957/790 916/952/785
f 916/952/785 2522/957/790 1351/958/791 2523/959/792
f 2522/957/790 695/956/789 3734/960/793 1351/958/791
f 1351/958/791 3734/960/793 274/961/794 3735/962/795
f 2523/959/792 1351/958/791 3735/962/795 696/963/796
f 692/938/771 2524/953/786 1352/964/797 3728/942/775
f 2524/953/786 916/952/785 2523/959/792 1352/964/797
f 1352/964/797 2523/959/792 696/963/796 3736/965/798
f 3728/942/775 1352/964/797 3736/965/798 229/943/776
f 57/739/623 3694/966/643 1353/967/799 3733/955/788
f 3694/966/643 675/968/641 2525/969/800 1353/967/799
f 1353/967/799 2525/969/800 917/970/801 2528/971/802
f 3733/955/788 1353/967/799 2528/971/802 695/956/789
f 675/968/641 3693/760/640 1354/972/803 2525/969/800
f 3693/760/640 58/759/639 3737/973/804 1354/972/803
f 1354/972/803 3737/973/804 697/974/805 2526/975/806
f 2525/969/800 1354/972/803 2526/975/806 917/970/801
f 917/970/801 2526/975/806 1355/976/807 2527/977/808
f 2526/975/806 697/974/805 3738/978/809 1355/976/807
f 1355/976/807 3738/978/809 273/979/810 3739/980/811
f 2527/977/808 1355/976/807 3739/980/811 698/981/812
f 695/956/789 2528/971/802 1356/982/813 3734/960/793
f 2528/971/802 917/970/801 2527/977/808 1356/982/813
f 1356/982/813 2527/977/808 698/981/812 3740/983/814
f 3734/960/793 1356/982/813 3740/983/814 274/961/794
f 58/759/639 3700/794/663 1357/984/815 3737/973/804
f 3700/794/663 678/791/661 2529/985/816 1357/984/815
f 1357/984/815 2529/985/816 918/986/817 2532/987/818
f 3737/973/804 1357/984/815 2532/987/818 697/974/805
f 678/791/661 3699/789/660 1358/988/819 2529/985/816
f 3699/789/660 59/788/659 3741/989/820 1358/988/819
f 1358/988/819 3741/989/820 699/990/821 2530/991/822
f 2529/985/816 1358/988/819 2530/991/822 918/986/817
f 918/986/817 2530/991/822 1359/992/823 2531/993/824
f 2530/991/822 699/990/821 3742/994/825 1359/992/823
f 1359/992/823 3742/994/825 272/995/826 3743/996/827
f 2531/993/824 1359/992/823 3743/996/827 700/997/828
f 697/974/805 2532/987/818 1360/998/829 3738/978/809
f 2532/987/818 918/986/817 2531/993/824 1360/998/829
f 1360/998/829 2531/993/824 700/997/828 3744/999/830
f 3738/978/809 1360/998/829 3744/999/830 273/979/810
f 59/788/659 3706/822/682 1361/1000/831 3741/989/820
f 3706/822/682 681/818/680 2533/1001/832 1361/1000/831
f 1361/1000/831 2533/1001/832 919/1002/833 2536/1003/834
f 3741/989/820 1361/1000/831 2536/1003/834 699/990/821
f 681/818/680 3705/816/679 1362/1004/835 2533/1001/832
f 3705/816/679 60/815/678 3745/1005/836 1362/1004/835
f 1362/1004/835 3745/1005/836 701/1006/837 2534/1007/838
f 2533/1001/832 1362/1004/835 2534/1007/838 919/1002/833
f 919/1002/833 2534/1007/838 1363/1008/839 2535/1009/840
f 2534/1007/838 701/1006/837 3746/1010/841 1363/1008/839
f 1363/1008/839 3746/1010/841 271/1011/842 3747/1012/843
f 2535/1009/840 1363/1008/839 3747/1012/843 702/1013/844
f 699/990/821 2536/1003/834 1364/1014/845 3742/994/825
f 2536/1003/834 919/1002/833 2535/1009/840 1364/1014/845
f 1364/1014/845 2535/1009/840 702/1013/844 3748/1015/846
f 3742/994/825 1364/1014/845 3748/1015/846 272/995/826
f 60/815/678 3710/844/698 1365/1016/847 3745/1005/836
f 3710/844/698 683/841/696 2537/1017/848 1365/1016/847
f 1365/1016/847 2537/1017/848 920/1018/849 2540/1019/850
f 3745/1005/836 1365/1016/847 2540/1019/850 701/1006/837
f 683/841/696 3709/839/695 1366/1020/851 2537/1017/848
f 3709/839/695 61/838/694 3749/1021/852 1366/1020/851
f 1366/1020/851 3749/1021/852 703/1022/853 2538/1023/854
f 2537/1017/848 1366/1020/851 2538/1023/854 920/1018/849
f 920/1018/849 2538/1023/854 1367/1024/855 2539/1025/856
f 2538/1023/854 703/1022/853 3750/1026/857 1367/1024/855
f 1367/1024/855 3750/1026/857 270/1027/858 3751/1028/859
f 2539/1025/856 1367/1024/855 3751/1028/859 704/1029/860
f 701/1006/837 2540/1019/850 1368/1030/861 3746/1010/841
f 2540/1019/850 920/1018/849 2539/1025/856 1368/1030/861
f 1368/1030/861 2539/1025/856 704/1029/860 3752/1031/862
f 3746/1010/841 1368/1030/861 3752/1031/862 271/1011/842
f 61/838/694 3714/866/714 1369/1032/863 3749/1021/852
f 3714/866/714 685/864/712 2541/1033/864 1369/1032/863
f 1369/1032/863 2541/1033/864 921/1034/865 2544/1035/866
f 3749/1021/852 1369/1032/863 2544/1035/866 703/1022/853
f 685/864/712 3713/863/711 1370/1036/867 2541/1033/864
f 3713/863/711 62/862/710 3753/1037/868 1370/1036/867
f 1370/1036/867 3753/1037/868 705/1038/869 2542/1039/870
f 2541/1033/864 1370/1036/867 2542/1039/870 921/1034/865
f 921/1034/865 2542/1039/870 1371/1040/871 2543/1041/872
f 2542/1039/870 705/1038/869 3754/1042/873 1371/1040/871
f 1371/1040/871 3754/1042/873 269/1043/874 3755/1044/875
f 2543/1041/872 1371/1040/871 3755/1044/875 706/1045/876
f 703/1022/853 2544/1035/866 1372/1046/877 3750/1026/857
f 2544/1035/866 921/1034/865 2543/1041/872 1372/1046/877
f 1372/1046/877 2543/1041/872 706/1045/876 3756/1047/878
f 3750/1026/857 1372/1046/877 3756/1047/878 270/1027/858
f 62/862/710 3718/886/730 1373/1048/879 3753/1037/868
f 3718/886/730 687/884/728 2545/1049/880 1373/1048/879
f 1373/1048/879 2545/1049/880 922/1050/881 2548/1051/882
f 3753/1037/868 1373/1048/879 2548/1051/882 705/1038/869
f 687/884/728 3717/883/727 1374/1052/883 2545/1049/880
f 3717/883/727 63/882/726 3757/1053/884 1374/1052/883
f 1374/1052/883 3757/1053/884 707/1054/885 2546/1055/886
f 2545/1049/880 1374/1052/883 2546/1055/886 922/1050/881
f 922/1050/881 2546/1055/886 1375/1056/887 2547/1057/888
f 2546/1055/886 707/1054/885 3758/1058/889 1375/1056/887
f 1375/1056/887 3758/1058/889 268/1059/890 3759/1060/891
f 2547/1057/888 1375/1056/887 3759/1060/891 708/1061/892
f 705/1038/869 2548/1051/882 1376/1062/893 3754/1042/873
f 2548/1051/882 922/1050/881 2547/1057/888 1376/1062/893
f 1376/1062/893 2547/1057/888 708/1061/892 3760/1063/894
f 3754/1042/873 1376/1062/893 3760/1063/894 269/1043/874
f 63/882/726 3722/908/746 1377/1064/895 3757/1053/884
f 3722/908/746 689/906/744 2549/1065/896 1377/1064/895
f 1377/1064/895 2549/1065/896 923/1066/897 2552/1067/898
f 3757/1053/884 1377/1064/895 2552/1067/898 707/1054/885
f 689/906/744 3721/905/743 1378/1068/899 2549/1065/896
f 3721/905/743 64/904/742 3761/1069/900 1378/1068/899
f 1378/1068/899 3761/1069/900 709/1070/901 2550/1071/902
f 2549/1065/896 1378/1068/899 2550/1071/902 923/1066/897
f 923/1066/897 2550/1071/902 1379/1072/903 2551/1073/904
f 2550/1071/902 709/1070/901 3762/1074/905 1379/1072/903
f 1379/1072/903 3762/1074/905 267/1075/906 3763/1076/907
f 2551/1073/904 1379/1072/903 3763/1076/907 710/1077/908
f 707/1054/885 2552/1067/898 1380/1078/909 3758/1058/889
f 2552/1067/898 923/1066/897 2551/1073/904 1380/1078/909
f 1380/1078/909 2551/1073/904 710/1077/908 3764/1079/910
f 3758/1058/889 1380/1078/909 3764/1079/910 268/1059/890
f 64/904/742 3726/929/762 1381/1080/911 3761/1069/900
f 3726/929/762 691/925/760 2553/1081/912 1381/1080/911
f 1381/1080/911 2553/1081/912 924/1082/913 2556/1083/914
f 3761/1069/900 1381/1080/911 2556/1083/914 709/1070/901
f 691/925/760 3725/923/759 1382/1084/915 2553/1081/912
f 3725/923/759 65/922/758 3765/1085/916 1382/1084/915
f 1382/1084/915 3765/1085/916 711/1086/917 2554/1087/918
f 2553/1081/912 1382/1084/915 2554/1087/918 924/1082/913
f 924/1082/913 2554/1087/918 1383/1088/919 2555/1089/920
f 2554/1087/918 711/1086/917 3766/1090/921 1383/1088/919
f 1383/1088/919 3766/1090/921 266/1091/922 3767/1092/923
f 2555/1089/920 1383/1088/919 3767/1092/923 712/1093/924
f 709/1070/901 2556/1083/914 1384/1094/925 3762/1074/905
f 2556/1083/914 924/1082/913 2555/1089/920 1384/1094/925
f 1384/1094/925 2555/1089/920 712/1093/924 3768/1095/926
f 3762/1074/905 1384/1094/925 3768/1095/926 267/1075/906
f 66/1096/927 3769/1097/928 1385/1098/929 3776/1099/930
f 3769/1097/928 713/1100/931 2557/1101/932 1385/1098/929
f 1385/1098/929 2557/1101/932 925/1102/933 2560/1103/934
f 3776/1099/930 1385/1098/929 2560/1103/934 716/1104/935
f 713/1100/931 3770/1105/936 1386/1106/937 2557/1101/932
f 3770/1105/936 67/1107/938 3771/1108/939 1386/1106/937
f 1386/1106/937 3771/1108/939 714/1109/940 2558/1110/941
f 2557/1101/932 1386/1106/937 2558/1110/941 925/1102/933
f 925/1102/933 2558/1110/941 1387/1111/942 2559/1112/943
f 2558/1110/941 714/1109/940 3772/1113/944 1387/1111/942
f 1387/1114/942 3772/1115/944 78/1116/945 3773/1117/946
f 2559/1118/943 1387/1114/942 3773/1117/946 715/1119/947
f 716/1120/935 2560/1121/934 1388/1122/948 3775/1123/949
f 2560/1103/934 925/1102/933 2559/1112/943 1388/1124/948
f 1388/1122/948 2559/1118/943 715/1119/947 3774/1125/950
f 3775/1123/949 1388/1122/948 3774/1125/950 77/1126/951
f 67/1107/938 3777/1127/952 1389/1128/953 3771/1108/939
f 3777/1127/952 717/1129/954 2561/1130/955 1389/1128/953
f 1389/1128/953 2561/1130/955 926/1131/956 2564/1132/957
f 3771/1108/939 1389/1128/953 2564/1132/957 714/1109/940
f 717/1129/954 3778/1133/958 1390/1134/959 2561/1130/955
f 3778/1133/958 68/1135/960 3779/1136/961 1390/1134/959
f 1390/1134/959 3779/1136/961 718/1137/962 2562/1138/963
f 2561/1130/955 1390/1134/959 2562/1138/963 926/1131/956
f 926/1139/956 2562/1140/963 1391/1141/964 2563/1142/965
f 2562/1140/963 718/1143/962 3780/1144/966 1391/1141/964
f 1391/1141/964 3780/1144/966 79/1145/967 3781/1146/968
f 2563/1142/965 1391/1141/964 3781/1146/968 719/1147/969
f 714/1109/940 2564/1132/957 1392/1148/970 3772/1113/944
f 2564/1149/957 926/1139/956 2563/1142/965 1392/1150/970
f 1392/1150/970 2563/1142/965 719/1147/969 3782/1151/971
f 3772/1115/944 1392/1150/970 3782/1151/971 78/1116/945
f 68/1135/960 3783/1152/972 1393/1153/973 3779/1136/961
f 3783/1152/972 720/1154/974 2565/1155/975 1393/1153/973
f 1393/1156/973 2565/1157/975 927/1158/976 2568/1159/977
f 3779/1160/961 1393/1156/973 2568/1159/977 718/1143/962
f 720/1154/974 3784/1161/978 1394/1162/979 2565/1155/975
f 3784/1161/978 69/1163/980 3785/1164/981 1394/1162/979
f 1394/1162/979 3785/1164/981 721/1165/982 2566/1166/983
f 2565/1155/975 1394/1162/979 2566/1166/983 927/1167/976
f 927/1158/976 2566/1168/983 1395/1169/984 2567/1170/985
f 2566/1168/983 721/1171/982 3786/1172/986 1395/1169/984
f 1395/1169/984 3786/1172/986 80/1173/987 3787/1174/988
f 2567/1170/985 1395/1169/984 3787/1174/988 722/1175/989
f 718/1143/962 2568/1159/977 1396/1176/990 3780/1144/966
f 2568/1159/977 927/1158/976 2567/1170/985 1396/1176/990
f 1396/1176/990 2567/1170/985 722/1175/989 3788/1177/991
f 3780/1144/966 1396/1176/990 3788/1177/991 79/1145/967
f 69/1163/980 3789/1178/992 1397/1179/993 3785/1164/981
f 3789/1178/992 723/1180/994 2569/1181/995 1397/1179/993
f 1397/1179/993 2569/1181/995 928/1182/996 2572/1183/997
f 3785/1164/981 1397/1179/993 2572/1183/997 721/1165/982
f 723/1180/994 3790/1184/998 1398/1185/999 2569/1181/995
f 3790/1184/998 70/1186/1000 3791/1187/1001 1398/1185/999
f 1398/1185/999 3791/1187/1001 724/1188/1002 2570/1189/1003
f 2569/1181/995 1398/1185/999 2570/1189/1003 928/1182/996
f 928/1190/996 2570/1191/1003 1399/1192/1004 2571/1193/1005
f 2570/1191/1003 724/1194/1002 3792/1195/1006 1399/1192/1004
f 1399/1196/1004 3792/1197/1006 81/1198/1007 3793/1199/1008
f 2571/1200/1005 1399/1196/1004 3793/1199/1008 725/1201/1009
f 721/1171/982 2572/1202/997 1400/1203/1010 3786/1172/986
f 2572/1202/997 928/1190/996 2571/1193/1005 1400/1203/1010
f 1400/1204/1010 2571/1200/1005 725/1201/1009 3794/1205/1011
f 3786/1206/986 1400/1204/1010 3794/1205/1011 80/1207/987
f 70/1186/1000 3795/1208/1012 1401/1209/1013 3791/1187/1001
f 3795/1208/1012 726/1210/1014 2573/1211/1015 1401/1209/1013
f 1401/1209/1013 2573/1211/1015 929/1212/1016 2576/1213/1017
f 3791/1187/1001 1401/1209/1013 2576/1213/1017 724/1188/1002
f 726/1210/1014 3796/1214/1018 1402/1215/1019 2573/1211/1015
f 3796/1214/1018 71/1216/1020 3797/1217/1021 1402/1215/1019
f 1402/1215/1019 3797/1217/1021 727/1218/1022 2574/1219/1023
f 2573/1211/1015 1402/1215/1019 2574/1219/1023 929/1212/1016
f 929/1220/1016 2574/1221/1023 1403/1222/1024 2575/1223/1025
f 2574/1221/1023 727/1224/1022 3798/1225/1026 1403/1222/1024
f 1403/1226/1024 3798/1227/1026 82/1228/1027 3799/1229/1028
f 2575/1230/1025 1403/1226/1024 3799/1229/1028 728/1231/1029
f 724/1194/1002 2576/1232/1017 1404/1233/1030 3792/1195/1006
f 2576/1232/1017 929/1220/1016 2575/1223/1025 1404/1233/1030
f 1404/1234/1030 2575/1230/1025 728/1231/1029 3800/1235/1031
f 3792/1197/1006 1404/1234/1030 3800/1235/1031 81/1198/1007
f 71/1216/1020 3801/1236/1032 1405/1237/1033 3797/1217/1021
f 3801/1236/1032 729/1238/1034 2577/1239/1035 1405/1237/1033
f 1405/1237/1033 2577/1239/1035 930/1240/1036 2580/1241/1037
f 3797/1217/1021 1405/1237/1033 2580/1241/1037 727/1218/1022
f 729/1238/1034 3802/1242/1038 1406/1243/1039 2577/1239/1035
f 3802/1242/1038 72/1244/1040 3803/1245/1041 1406/1243/1039
f 1406/1243/1039 3803/1245/1041 730/1246/1042 2578/1247/1043
f 2577/1239/1035 1406/1243/1039 2578/1247/1043 930/1240/1036
f 930/1240/1036 2578/1247/1043 1407/1248/1044 2579/1249/1045
f 2578/1247/1043 730/1246/1042 3804/1250/1046 1407/1248/1044
f 1407/1251/1044 3804/1252/1046 83/1253/1047 3805/1254/1048
f 2579/1255/1045 1407/1251/1044 3805/1254/1048 731/1256/1049
f 727/1224/1022 2580/1257/1037 1408/1258/1050 3798/1225/1026
f 2580/1257/1037 930/1259/1036 2579/1255/1045 1408/1258/1050
f 1408/1258/1050 2579/1255/1045 731/1256/1049 3806/1260/1051
f 3798/1225/1026 1408/1258/1050 3806/1260/1051 82/1261/1027
f 72/1244/1040 3807/1262/1052 1409/1263/1053 3803/1245/1041
f 3807/1262/1052 732/1264/1054 2581/1265/1055 1409/1263/1053
f 1409/1263/1053 2581/1265/1055 931/1266/1056 2584/1267/1057
f 3803/1245/1041 1409/1263/1053 2584/1267/1057 730/1246/1042
f 732/1264/1054 3808/1268/1058 1410/1269/1059 2581/1265/1055
f 3808/1268/1058 73/1270/1060 3809/1271/1061 1410/1269/1059
f 1410/1269/1059 3809/1271/1061 733/1272/1062 2582/1273/1063
f 2581/1265/1055 1410/1269/1059 2582/1273/1063 931/1266/1056
f 931/1266/1056 2582/1273/1063 1411/1274/1064 2583/1275/1065
f 2582/1273/1063 733/1272/1062 3810/1276/1066 1411/1274/1064
f 1411/1274/1064 3810/1276/1066 84/1277/1067 3811/1278/1068
f 2583/1275/1065 1411/1274/1064 3811/1278/1068 734/1279/1069
f 730/1246/1042 2584/1267/1057 1412/1280/1070 3804/1250/1046
f 2584/1267/1057 931/1266/1056 2583/1275/1065 1412/1280/1070
f 1412/1280/1070 2583/1275/1065 734/1279/1069 3812/1281/1071
f 3804/1252/1046 1412/1282/1070 3812/1283/1071 83/1253/1047
f 73/1270/1060 3813/1284/1072 1413/1285/1073 3809/1271/1061
f 3813/1284/1072 735/1286/1074 2585/1287/1075 1413/1285/1073
f 1413/1285/1073 2585/1287/1075 932/1288/1076 2588/1289/1077
f 3809/1271/1061 1413/1285/1073 2588/1289/1077 733/1272/1062
f 735/1286/1074 3814/1290/1078 1414/1291/1079 2585/1287/1075
f 3814/1290/1078 74/1292/1080 3815/1293/1081 1414/1291/1079
f 1414/1291/1079 3815/1293/1081 736/1294/1082 2586/1295/1083
f 2585/1287/1075 1414/1291/1079 2586/1295/1083 932/1288/1076
f 932/1288/1076 2586/1295/1083 1415/1296/1084 2587/1297/1085
f 2586/1295/1083 736/1294/1082 3816/1298/1086 1415/1296/1084
f 1415/1296/1084 3816/1298/1086 85/1299/1087 3817/1300/1088
f 2587/1297/1085 1415/1296/1084 3817/1300/1088 737/1301/1089
f 733/1272/1062 2588/1289/1077 1416/1302/1090 3810/1276/1066
f 2588/1289/1077 932/1288/1076 2587/1297/1085 1416/1302/1090
f 1416/1302/1090 2587/1297/1085 737/1301/1089 3818/1303/1091
f 3810/1276/1066 1416/1302/1090 3818/1303/1091 84/1277/1067
f 74/1292/1080 3819/1304/1092 1417/1305/1093 3815/1293/1081
f 3819/1304/1092 738/1306/1094 2589/1307/1095 1417/1305/1093
f 1417/1305/1093 2589/1307/1095 933/1308/1096 2592/1309/1097
f 3815/1293/1081 1417/1305/1093 2592/1309/1097 736/1294/1082
f 738/1306/1094 3820/1310/1098 1418/1311/1099 2589/1307/1095
f 3820/1310/1098 75/1312/1100 3821/1313/1101 1418/1311/1099
f 1418/1311/1099 3821/1313/1101 739/1314/1102 2590/1315/1103
f 2589/1307/1095 1418/1311/1099 2590/1315/1103 933/1308/1096
f 933/1308/1096 2590/1315/1103 1419/1316/1104 2591/1317/1105
f 2590/1318/1103 739/1319/1102 3822/1320/1106 1419/1321/1104
f 1419/1321/1104 3822/1320/1106 86/1322/1107 3823/1323/1108
f 2591/1324/1105 1419/1321/1104 3823/1323/1108 740/1325/1109
f 736/1294/1082 2592/1309/1097 1420/1326/1110 3816/1298/1086
f 2592/1309/1097 933/1308/1096 2591/1317/1105 1420/1326/1110
f 1420/1327/1110 2591/1324/1105 740/1325/1109 3824/1328/1111
f 3816/1329/1086 1420/1327/1110 3824/1328/1111 85/1330/1087
f 75/1312/1100 3825/1331/1112 1421/1332/1113 3821/1313/1101
f 3825/1331/1112 741/1333/1114 2593/1334/1115 1421/1332/1113
f 1421/1335/1113 2593/1336/1115 934/1337/1116 2596/1338/1117
f 3821/1313/1101 1421/1332/1113 2596/1339/1117 739/1314/1102
f 741/1333/1114 3826/1340/1118 1422/1341/1119 2593/1334/1115
f 3826/1340/1118 76/1342/1120 3827/1343/1121 1422/1341/1119
f 1422/1344/1119 3827/1345/1121 742/1346/1122 2594/1347/1123
f 2593/1336/1115 1422/1344/1119 2594/1347/1123 934/1337/1116
f 934/1337/1116 2594/1347/1123 1423/1348/1124 2595/1349/1125
f 2594/1347/1123 742/1346/1122 3828/1350/1126 1423/1348/1124
f 1423/1348/1124 3828/1350/1126 87/1351/1127 3829/1352/1128
f 2595/1349/1125 1423/1348/1124 3829/1352/1128 743/1353/1129
f 739/1319/1102 2596/1338/1117 1424/1354/1130 3822/1320/1106
f 2596/1338/1117 934/1337/1116 2595/1349/1125 1424/1354/1130
f 1424/1354/1130 2595/1349/1125 743/1353/1129 3830/1355/1131
f 3822/1320/1106 1424/1354/1130 3830/1355/1131 86/1322/1107
f 77/1126/951 3774/1125/950 1425/1356/1132 3836/1357/1133
f 3774/1125/950 715/1119/947 2597/1358/1134 1425/1356/1132
f 1425/1356/1132 2597/1358/1134 935/1359/1135 2600/1360/1136
f 3836/1357/1133 1425/1356/1132 2600/1360/1136 746/1361/1137
f 715/1119/947 3773/1117/946 1426/1362/1138 2597/1358/1134
f 3773/1117/946 78/1116/945 3831/1363/1139 1426/1362/1138
f 1426/1362/1138 3831/1363/1139 744/1364/1140 2598/1365/1141
f 2597/1358/1134 1426/1362/1138 2598/1365/1141 935/1359/1135
f 935/1359/1135 2598/1365/1141 1427/1366/1142 2599/1367/1143
f 2598/1365/1141 744/1364/1140 3832/1368/1144 1427/1366/1142
f 1427/1366/1142 3832/1368/1144 89/1369/1145 3833/1370/1145
f 2599/1367/1143 1427/1366/1142 3833/1370/1145 745/1371/1145
f 746/1361/1137 2600/1360/1136 1428/1372/1146 3835/1373/1147
f 2600/1360/1136 935/1359/1135 2599/1367/1143 1428/1372/1146
f 1428/1372/1146 2599/1367/1143 745/1371/1145 3834/1374/1145
f 3835/1373/1147 1428/1372/1146 3834/1374/1145 88/1375/1145
f 78/1116/945 3782/1151/971 1429/1376/1148 3831/1363/1139
f 3782/1151/971 719/1147/969 2601/1377/1149 1429/1376/1148
f 1429/1376/1148 2601/1377/1149 936/1378/1150 2604/1379/1151
f 3831/1363/1139 1429/1376/1148 2604/1379/1151 744/1364/1140
f 719/1147/969 3781/1146/968 1430/1380/1152 2601/1377/1149
f 3781/1146/968 79/1145/967 3837/1381/1153 1430/1380/1152
f 1430/1380/1152 3837/1381/1153 747/1382/1154 2602/1383/1155
f 2601/1377/1149 1430/1380/1152 2602/1383/1155 936/1378/1150
f 936/1378/1150 2602/1383/1155 1431/1384/1156 2603/1385/1157
f 2602/1383/1155 747/1382/1154 3838/1386/1158 1431/1384/1156
f 1431/1384/1156 3838/1386/1158 90/1387/1145 3839/1388/1145
f 2603/1385/1157 1431/1384/1156 3839/1388/1145 748/1389/1145
f 744/1364/1140 2604/1379/1151 1432/1390/1159 3832/1368/1144
f 2604/1379/1151 936/1378/1150 2603/1385/1157 1432/1390/1159
f 1432/1390/1159 2603/1385/1157 748/1389/1145 3840/1391/1145
f 3832/1368/1144 1432/1390/1159 3840/1391/1145 89/1369/1145
f 79/1145/967 3788/1177/991 1433/1392/1160 3837/1381/1153
f 3788/1177/991 722/1175/989 2605/1393/1161 1433/1392/1160
f 1433/1392/1160 2605/1393/1161 937/1394/1162 2608/1395/1163
f 3837/1381/1153 1433/1392/1160 2608/1395/1163 747/1382/1154
f 722/1175/989 3787/1174/988 1434/1396/1164 2605/1393/1161
f 3787/1397/988 80/1207/987 3841/1398/1165 1434/1399/1164
f 1434/1400/1164 3841/1401/1165 749/1402/1166 2606/1403/1167
f 2605/1393/1161 1434/1396/1164 2606/1404/1167 937/1394/1162
f 937/1394/1162 2606/1404/1167 1435/1405/1168 2607/1406/1169
f 2606/1403/1167 749/1402/1166 3842/1407/1170 1435/1408/1168
f 1435/1408/1168 3842/1407/1170 91/1409/1171 3843/1410/1172
f 2607/1406/1169 1435/1405/1168 3843/1411/1172 750/1412/1173
f 747/1382/1154 2608/1395/1163 1436/1413/1174 3838/1386/1158
f 2608/1395/1163 937/1394/1162 2607/1406/1169 1436/1413/1174
f 1436/1413/1174 2607/1406/1169 750/1412/1173 3844/1414/1175
f 3838/1386/1158 1436/1413/1174 3844/1414/1175 90/1387/1145
f 82/1228/1027 3806/1415/1051 1437/1416/1176 3850/1417/1177
f 3806/1260/1051 731/1256/1049 2609/1418/1178 1437/1419/1176
f 1437/1419/1176 2609/1418/1178 938/1420/1179 2612/1421/1180
f 3850/1422/1177 1437/1423/1176 2612/1424/1180 753/1425/1181
f 731/1256/1049 3805/1254/1048 1438/1426/1182 2609/1418/1178
f 3805/1254/1048 83/1253/1047 3845/1427/1183 1438/1426/1182
f 1438/1426/1182 3845/1427/1183 751/1428/1184 2610/1429/1185
f 2609/1418/1178 1438/1426/1182 2610/1429/1185 938/1420/1179
f 938/1420/1179 2610/1429/1185 1439/1430/1186 2611/1431/1187
f 2610/1429/1185 751/1428/1184 3846/1432/1188 1439/1430/1186
f 1439/1430/1186 3846/1432/1188 93/1433/1145 3847/1434/1189
f 2611/1431/1187 1439/1430/1186 3847/1434/1189 752/1435/1190
f 753/1425/1181 2612/1424/1180 1440/1436/1191 3849/1437/1192
f 2612/1421/1180 938/1420/1179 2611/1431/1187 1440/1438/1191
f 1440/1438/1191 2611/1431/1187 752/1435/1190 3848/1439/1193
f 3849/1437/1192 1440/1436/1191 3848/1440/1193 92/1441/1194
f 83/1253/1047 3812/1283/1071 1441/1442/1195 3845/1427/1183
f 3812/1283/1071 734/1443/1069 2613/1444/1196 1441/1442/1195
f 1441/1442/1195 2613/1444/1196 939/1445/1197 2616/1446/1198
f 3845/1427/1183 1441/1442/1195 2616/1446/1198 751/1428/1184
f 734/1443/1069 3811/1447/1068 1442/1448/1199 2613/1444/1196
f 3811/1447/1068 84/1449/1067 3851/1450/1200 1442/1448/1199
f 1442/1448/1199 3851/1450/1200 754/1451/1201 2614/1452/1202
f 2613/1444/1196 1442/1448/1199 2614/1452/1202 939/1445/1197
f 939/1445/1197 2614/1452/1202 1443/1453/1203 2615/1454/1204
f 2614/1452/1202 754/1451/1201 3852/1455/1205 1443/1453/1203
f 1443/1453/1203 3852/1455/1205 94/1456/1145 3853/1457/1145
f 2615/1454/1204 1443/1453/1203 3853/1457/1145 755/1458/1145
f 751/1428/1184 2616/1446/1198 1444/1459/1206 3846/1432/1188
f 2616/1446/1198 939/1445/1197 2615/1454/1204 1444/1459/1206
f 1444/1459/1206 2615/1454/1204 755/1458/1145 3854/1460/1145
f 3846/1432/1188 1444/1459/1206 3854/1460/1145 93/1433/1145
f 84/1449/1067 3818/1461/1091 1445/1462/1207 3851/1450/1200
f 3818/1461/1091 737/1463/1089 2617/1464/1208 1445/1462/1207
f 1445/1462/1207 2617/1464/1208 940/1465/1209 2620/1466/1210
f 3851/1450/1200 1445/1462/1207 2620/1466/1210 754/1451/1201
f 737/1463/1089 3817/1467/1088 1446/1468/1211 2617/1464/1208
f 3817/1467/1088 85/1330/1087 3855/1469/1212 1446/1468/1211
f 1446/1468/1211 3855/1469/1212 756/1470/1213 2618/1471/1214
f 2617/1464/1208 1446/1468/1211 2618/1471/1214 940/1465/1209
f 940/1465/1209 2618/1471/1214 1447/1472/1215 2619/1473/1216
f 2618/1471/1214 756/1470/1213 3856/1474/1217 1447/1472/1215
f 1447/1472/1215 3856/1474/1217 95/1475/1145 3857/1476/1145
f 2619/1473/1216 1447/1472/1215 3857/1476/1145 757/1477/1145
f 754/1451/1201 2620/1466/1210 1448/1478/1218 3852/1455/1205
f 2620/1466/1210 940/1465/1209 2619/1473/1216 1448/1478/1218
f 1448/1478/1218 2619/1473/1216 757/1477/1145 3858/1479/1145
f 3852/1455/1205 1448/1478/1218 3858/1479/1145 94/1456/1145
f 85/1330/1087 3824/1328/1111 1449/1480/1219 3855/1469/1212
f 3824/1328/1111 740/1325/1109 2621/1481/1220 1449/1480/1219
f 1449/1480/1219 2621/1481/1220 941/1482/1221 2624/1483/1222
f 3855/1469/1212 1449/1480/1219 2624/1483/1222 756/1470/1213
f 740/1325/1109 3823/1323/1108 1450/1484/1223 2621/1481/1220
f 3823/1323/1108 86/1322/1107 3859/1485/1224 1450/1484/1223
f 1450/1484/1223 3859/1485/1224 758/1486/1225 2622/1487/1226
f 2621/1481/1220 1450/1484/1223 2622/1487/1226 941/1482/1221
f 941/1482/1221 2622/1487/1226 1451/1488/1227 2623/1489/1228
f 2622/1487/1226 758/1486/1225 3860/1490/1229 1451/1488/1227
f 1451/1488/1227 3860/1490/1229 96/1491/1230 3861/1492/1231
f 2623/1489/1228 1451/1488/1227 3861/1492/1231 759/1493/1232
f 756/1470/1213 2624/1483/1222 1452/1494/1233 3856/1474/1217
f 2624/1483/1222 941/1482/1221 2623/1489/1228 1452/1494/1233
f 1452/1494/1233 2623/1489/1228 759/1493/1232 3862/1495/1234
f 3856/1474/1217 1452/1494/1233 3862/1495/1234 95/1475/1145
f 86/1322/1107 3830/1355/1131 1453/1496/1235 3859/1485/1224
f 3830/1355/1131 743/1353/1129 2625/1497/1236 1453/1496/1235
f 1453/1496/1235 2625/1497/1236 942/1498/1237 2628/1499/1238
f 3859/1485/1224 1453/1496/1235 2628/1499/1238 758/1486/1225
f 743/1353/1129 3829/1352/1128 1454/1500/1239 2625/1497/1236
f 3829/1352/1128 87/1351/1127 3863/1501/1240 1454/1500/1239
f 1454/1500/1239 3863/1501/1240 760/1502/1241 2626/1503/1242
f 2625/1497/1236 1454/1500/1239 2626/1503/1242 942/1498/1237
f 942/1498/1237 2626/1503/1242 1455/1504/1243 2627/1505/1244
f 2626/1503/1242 760/1502/1241 3864/1506/1245 1455/1504/1243
f 1455/1504/1243 3864/1506/1245 97/1507/1246 3865/1508/1247
f 2627/1505/1244 1455/1504/1243 3865/1508/1247 761/1509/1248
f 758/1486/1225 2628/1499/1238 1456/1510/1249 3860/1490/1229
f 2628/1499/1238 942/1498/1237 2627/1505/1244 1456/1510/1249
f 1456/1510/1249 2627/1505/1244 761/1509/1248 3866/1511/1250
f 3860/1490/1229 1456/1510/1249 3866/1511/1250 96/1491/1230
f 88/1375/1145 3834/1374/1145 1457/1512/1145 3872/1513/1145
f 3834/1374/1145 745/1371/1145 2629/1514/1145 1457/1512/1145
f 1457/1512/1145 2629/1514/1145 943/1515/1145 2632/1516/1145
f 3872/1513/1145 1457/1512/1145 2632/1516/1145 764/1517/1145
f 745/1371/1145 3833/1370/1145 1458/1518/1145 2629/1514/1145
f 3833/1370/1145 89/1369/1145 3867/1519/1145 1458/1518/1145
f 1458/1518/1145 3867/1519/1145 762/1520/1145 2630/1521/1145
f 2629/1514/1145 1458/1518/1145 2630/1521/1145 943/1515/1145
f 943/1515/1145 2630/1521/1145 1459/1522/1145 2631/1523/1145
f 2630/1521/1145 762/1520/1145 3868/1524/1145 1459/1522/1145
f 1459/1522/1145 3868/1524/1145 99/1525/1145 3869/1526/1145
f 2631/1523/1145 1459/1522/1145 3869/1526/1145 763/1527/1145
f 764/1517/1145 2632/1516/1145 1460/1528/1145 3871/1529/1145
f 2632/1516/1145 943/1515/1145 2631/1523/1145 1460/1528/1145
f 1460/1528/1145 2631/1523/1145 763/1527/1145 3870/1530/1145
f 3871/1529/1145 1460/1528/1145 3870/1530/1145 98/1531/1145
f 89/1369/1145 3840/1391/1145 1461/1532/1145 3867/1519/1145
f 3840/1391/1145 748/1389/1145 2633/1533/1145 1461/1532/1145
f 1461/1532/1145 2633/1533/1145 944/1534/1145 2636/1535/1145
f 3867/1519/1145 1461/1532/1145 2636/1535/1145 762/1520/1145
f 748/1389/1145 3839/1388/1145 1462/1536/1145 2633/1533/1145
f 3839/1388/1145 90/1387/1145 3873/1537/1145 1462/1536/1145
f 1462/1536/1145 3873/1537/1145 765/1538/1145 2634/1539/1145
f 2633/1533/1145 1462/1536/1145 2634/1539/1145 944/1534/1145
f 944/1534/1145 2634/1539/1145 1463/1540/1145 2635/1541/1145
f 2634/1539/1145 765/1538/1145 3874/1542/1145 1463/1540/1145
f 1463/1540/1145 3874/1542/1145 100/1543/1145 3875/1544/1145
f 2635/1541/1145 1463/1540/1145 3875/1544/1145 766/1545/1145
f 762/1520/1145 2636/1535/1145 1464/1546/1145 3868/1524/1145
f 2636/1535/1145 944/1534/1145 2635/1541/1145 1464/1546/1145
f 1464/1546/1145 2635/1541/1145 766/1545/1145 3876/1547/1145
f 3868/1524/1145 1464/1546/1145 3876/1547/1145 99/1525/1145
f 90/1387/1145 3844/1414/1175 1465/1548/1251 3873/1537/1145
f 3844/1414/1175 750/1412/1173 2637/1549/1252 1465/1548/1251
f 1465/1548/1251 2637/1549/1252 945/1550/1253 2640/1551/1254
f 3873/1537/1145 1465/1548/1251 2640/1551/1254 765/1538/1145
f 750/1412/1173 3843/1411/1172 1466/1552/1255 2637/1549/1252
f 3843/1410/1172 91/1409/1171 3877/1553/1256 1466/1554/1255
f 1466/1554/1255 3877/1553/1256 767/1555/1257 2638/1556/1258
f 2637/1549/1252 1466/1552/1255 2638/1557/1258 945/1550/1253
f 945/1550/1253 2638/1557/1258 1467/1558/1259 2639/1559/1260
f 2638/1560/1258 767/1561/1257 3878/1562/1261 1467/1563/1259
f 1467/1563/1259 3878/1562/1261 101/1564/1262 3879/1565/1263
f 2639/1559/1260 1467/1558/1259 3879/1566/1263 768/1567/1264
f 765/1538/1145 2640/1551/1254 1468/1568/1265 3874/1542/1145
f 2640/1551/1254 945/1550/1253 2639/1559/1260 1468/1568/1265
f 1468/1568/1265 2639/1559/1260 768/1567/1264 3880/1569/1266
f 3874/1542/1145 1468/1568/1265 3880/1569/1266 100/1543/1145
f 92/1441/1194 3848/1440/1193 1469/1570/1267 3886/1571/1268
f 3848/1439/1193 752/1435/1190 2641/1572/1269 1469/1573/1267
f 1469/1573/1267 2641/1572/1269 946/1574/1270 2644/1575/1271
f 3886/1571/1268 1469/1570/1267 2644/1576/1271 771/1577/1272
f 752/1435/1190 3847/1434/1189 1470/1578/1273 2641/1572/1269
f 3847/1434/1189 93/1433/1145 3881/1579/1145 1470/1578/1273
f 1470/1578/1273 3881/1579/1145 769/1580/1145 2642/1581/1274
f 2641/1572/1269 1470/1578/1273 2642/1581/1274 946/1574/1270
f 946/1574/1270 2642/1581/1274 1471/1582/1275 2643/1583/1276
f 2642/1581/1274 769/1580/1145 3882/1584/1145 1471/1582/1275
f 1471/1582/1275 3882/1584/1145 104/1585/1145 3883/1586/1277
f 2643/1583/1276 1471/1582/1275 3883/1586/1277 770/1587/1278
f 771/1577/1272 2644/1576/1271 1472/1588/1279 3885/1589/1280
f 2644/1575/1271 946/1574/1270 2643/1583/1276 1472/1590/1279
f 1472/1590/1279 2643/1583/1276 770/1587/1278 3884/1591/1281
f 3885/1592/1280 1472/1593/1279 3884/1594/1281 103/1595/1282
f 93/1433/1145 3854/1460/1145 1473/1596/1145 3881/1579/1145
f 3854/1460/1145 755/1458/1145 2645/1597/1145 1473/1596/1145
f 1473/1596/1145 2645/1597/1145 947/1598/1145 2648/1599/1145
f 3881/1579/1145 1473/1596/1145 2648/1599/1145 769/1580/1145
f 755/1458/1145 3853/1457/1145 1474/1600/1145 2645/1597/1145
f 3853/1457/1145 94/1456/1145 3887/1601/1145 1474/1600/1145
f 1474/1600/1145 3887/1601/1145 772/1602/1145 2646/1603/1145
f 2645/1597/1145 1474/1600/1145 2646/1603/1145 947/1598/1145
f 947/1598/1145 2646/1603/1145 1475/1604/1145 2647/1605/1145
f 2646/1603/1145 772/1602/1145 3888/1606/1145 1475/1604/1145
f 1475/1604/1145 3888/1606/1145 105/1607/1145 3889/1608/1145
f 2647/1605/1145 1475/1604/1145 3889/1608/1145 773/1609/1145
f 769/1580/1145 2648/1599/1145 1476/1610/1145 3882/1584/1145
f 2648/1599/1145 947/1598/1145 2647/1605/1145 1476/1610/1145
f 1476/1610/1145 2647/1605/1145 773/1609/1145 3890/1611/1145
f 3882/1584/1145 1476/1610/1145 3890/1611/1145 104/1585/1145
f 94/1456/1145 3858/1479/1145 1477/1612/1145 3887/1601/1145
f 3858/1479/1145 757/1477/1145 2649/1613/1145 1477/1612/1145
f 1477/1612/1145 2649/1613/1145 948/1614/1145 2652/1615/1145
f 3887/1601/1145 1477/1612/1145 2652/1615/1145 772/1602/1145
f 757/1477/1145 3857/1476/1145 1478/1616/1145 2649/1613/1145
f 3857/1476/1145 95/1475/1145 3891/1617/1145 1478/1616/1145
f 1478/1616/1145 3891/1617/1145 774/1618/1145 2650/1619/1145
f 2649/1613/1145 1478/1616/1145 2650/1619/1145 948/1614/1145
f 948/1614/1145 2650/1619/1145 1479/1620/1145 2651/1621/1145
f 2650/1619/1145 774/1618/1145 3892/1622/1145 1479/1620/1145
f 1479/1620/1145 3892/1622/1145 106/1623/1145 3893/1624/1145
f 2651/1621/1145 1479/1620/1145 3893/1624/1145 775/1625/1145
f 772/1602/1145 2652/1615/1145 1480/1626/1145 3888/1606/1145
f 2652/1615/1145 948/1614/1145 2651/1621/1145 1480/1626/1145
f 1480/1626/1145 2651/1621/1145 775/1625/1145 3894/1627/1145
f 3888/1606/1145 1480/1626/1145 3894/1627/1145 105/1607/1145
f 95/1475/1145 3862/1495/1234 1481/1628/1283 3891/1617/1145
f 3862/1495/1234 759/1493/1232 2653/1629/1284 1481/1628/1283
f 1481/1628/1283 2653/1629/1284 949/1630/1285 2656/1631/1286
f 3891/1617/1145 1481/1628/1283 2656/1631/1286 774/1618/1145
f 759/1493/1232 3861/1492/1231 1482/1632/1287 2653/1629/1284
f 3861/1492/1231 96/1491/1230 3895/1633/1288 1482/1632/1287
f 1482/1632/1287 3895/1633/1288 776/1634/1289 2654/1635/1290
f 2653/1629/1284 1482/1632/1287 2654/1635/1290 949/1630/1285
f 949/1630/1285 2654/1635/1290 1483/1636/1291 2655/1637/1292
f 2654/1635/1290 776/1634/1289 3896/1638/1293 1483/1636/1291
f 1483/1636/1291 3896/1638/1293 107/1639/1294 3897/1640/1295
f 2655/1637/1292 1483/1636/1291 3897/1640/1295 777/1641/1296
f 774/1618/1145 2656/1631/1286 1484/1642/1297 3892/1622/1145
f 2656/1631/1286 949/1630/1285 2655/1637/1292 1484/1642/1297
f 1484/1642/1297 2655/1637/1292 777/1641/1296 3898/1643/1298
f 3892/1622/1145 1484/1642/1297 3898/1643/1298 106/1623/1145
f 96/1491/1230 3866/1511/1250 1485/1644/1299 3895/1633/1288
f 3866/1511/1250 761/1509/1248 2657/1645/1300 1485/1644/1299
f 1485/1644/1299 2657/1645/1300 950/1646/1301 2660/1647/1302
f 3895/1633/1288 1485/1644/1299 2660/1647/1302 776/1634/1289
f 761/1509/1248 3865/1508/1247 1486/1648/1303 2657/1645/1300
f 3865/1508/1247 97/1507/1246 3899/1649/1304 1486/1648/1303
f 1486/1648/1303 3899/1649/1304 778/1650/1305 2658/1651/1306
f 2657/1645/1300 1486/1648/1303 2658/1651/1306 950/1646/1301
f 950/1646/1301 2658/1651/1306 1487/1652/1307 2659/1653/1308
f 2658/1651/1306 778/1650/1305 3900/1654/1309 1487/1652/1307
f 1487/1652/1307 3900/1654/1309 108/1655/1310 3901/1656/1311
f 2659/1653/1308 1487/1652/1307 3901/1656/1311 779/1657/1312
f 776/1634/1289 2660/1647/1302 1488/1658/1313 3896/1638/1293
f 2660/1647/1302 950/1646/1301 2659/1653/1308 1488/1658/1313
f 1488/1658/1313 2659/1653/1308 779/1657/1312 3902/1659/1314
f 3896/1638/1293 1488/1658/1313 3902/1659/1314 107/1639/1294
f 98/1531/1145 3870/1530/1145 1489/1660/1315 3908/1661/1316
f 3870/1530/1145 763/1527/1145 2661/1662/1317 1489/1660/1315
f 1489/1660/1315 2661/1662/1317 951/1663/1318 2664/1664/1319
f 3908/1661/1316 1489/1660/1315 2664/1664/1319 782/1665/1320
f 763/1527/1145 3869/1526/1145 1490/1666/1321 2661/1662/1317
f 3869/1526/1145 99/1525/1145 3903/1667/1322 1490/1666/1321
f 1490/1666/1321 3903/1667/1322 780/1668/1323 2662/1669/1324
f 2661/1662/1317 1490/1666/1321 2662/1669/1324 951/1663/1318
f 951/1663/1318 2662/1669/1324 1491/1670/1325 2663/1671/1326
f 2662/1669/1324 780/1668/1323 3904/1672/1327 1491/1670/1325
f 1491/1670/1325 3904/1672/1327 110/1673/1328 3905/1674/1329
f 2663/1671/1326 1491/1670/1325 3905/1674/1329 781/1675/1330
f 782/1665/1320 2664/1664/1319 1492/1676/1331 3907/1677/1332
f 2664/1664/1319 951/1663/1318 2663/1671/1326 1492/1676/1331
f 1492/1676/1331 2663/1671/1326 781/1675/1330 3906/1678/1333
f 3907/1677/1332 1492/1676/1331 3906/1678/1333 109/1679/1334
f 99/1525/1145 3876/1547/1145 1493/1680/1335 3903/1667/1322
f 3876/1547/1145 766/1545/1145 2665/1681/1336 1493/1680/1335
f 1493/1680/1335 2665/1681/1336 952/1682/1337 2668/1683/1338
f 3903/1667/1322 1493/1680/1335 2668/1683/1338 780/1668/1323
f 766/1545/1145 3875/1544/1145 1494/1684/1339 2665/1681/1336
f 3875/1544/1145 100/1543/1145 3909/1685/1145 1494/1684/1339
f 1494/1684/1339 3909/1685/1145 783/1686/1145 2666/1687/1340
f 2665/1681/1336 1494/1684/1339 2666/1687/1340 952/1682/1337
f 952/1682/1337 2666/1687/1340 1495/1688/1341 2667/1689/1342
f 2666/1687/1340 783/1686/1145 3910/1690/1145 1495/1688/1341
f 1495/1688/1341 3910/1690/1145 111/1691/1145 3911/1692/1343
f 2667/1689/1342 1495/1688/1341 3911/1692/1343 784/1693/1344
f 780/1668/1323 2668/1683/1338 1496/1694/1345 3904/1672/1327
f 2668/1683/1338 952/1682/1337 2667/1689/1342 1496/1694/1345
f 1496/1694/1345 2667/1689/1342 784/1693/1344 3912/1695/1346
f 3904/1672/1327 1496/1694/1345 3912/1695/1346 110/1673/1328
f 100/1543/1145 3880/1569/1266 1497/1696/1347 3909/1685/1145
f 3880/1569/1266 768/1567/1264 2669/1697/1348 1497/1696/1347
f 1497/1696/1347 2669/1697/1348 953/1698/1349 2672/1699/1350
f 3909/1685/1145 1497/1696/1347 2672/1699/1350 783/1686/1145
f 768/1567/1264 3879/1566/1263 1498/1700/1351 2669/1697/1348
f 3879/1565/1263 101/1564/1262 3913/1701/1352 1498/1702/1351
f 1498/1700/1351 3913/1703/1352 785/1704/1353 2670/1705/1354
f 2669/1697/1348 1498/1700/1351 2670/1705/1354 953/1698/1349
f 953/1698/1349 2670/1705/1354 1499/1706/1355 2671/1707/1356
f 2670/1705/1354 785/1704/1353 3914/1708/1357 1499/1706/1355
f 1499/1706/1355 3914/1708/1357 112/1709/1145 3915/1710/1145
f 2671/1707/1356 1499/1706/1355 3915/1710/1145 786/1711/1145
f 783/1686/1145 2672/1699/1350 1500/1712/1358 3910/1690/1145
f 2672/1699/1350 953/1698/1349 2671/1707/1356 1500/1712/1358
f 1500/1712/1358 2671/1707/1356 786/1711/1145 3916/1713/1145
f 3910/1690/1145 1500/1712/1358 3916/1713/1145 111/1691/1145
f 101/1564/1262 3917/1714/1359 1501/1715/1360 3913/1701/1352
f 3917/1714/1359 787/1716/1361 2673/1717/1362 1501/1715/1360
f 1501/1718/1360 2673/1719/1362 954/1720/1363 2676/1721/1364
f 3913/1703/1352 1501/1718/1360 2676/1721/1364 785/1704/1353
f 787/1716/1361 3918/1722/1365 1502/1723/1366 2673/1717/1362
f 3918/1722/1365 102/1724/1367 3919/1725/1368 1502/1723/1366
f 1502/1723/1366 3919/1725/1368 788/1726/1369 2674/1727/1370
f 2673/1717/1362 1502/1723/1366 2674/1727/1370 954/1728/1363
f 954/1720/1363 2674/1729/1370 1503/1730/1371 2675/1731/1372
f 2674/1729/1370 788/1732/1369 3920/1733/1373 1503/1730/1371
f 1503/1730/1371 3920/1733/1373 113/1734/1145 3921/1735/1145
f 2675/1731/1372 1503/1730/1371 3921/1735/1145 789/1736/1145
f 785/1704/1353 2676/1721/1364 1504/1737/1374 3914/1708/1357
f 2676/1721/1364 954/1720/1363 2675/1731/1372 1504/1737/1374
f 1504/1737/1374 2675/1731/1372 789/1736/1145 3922/1738/1145
f 3914/1708/1357 1504/1737/1374 3922/1738/1145 112/1709/1145
f 102/1724/1367 3923/1739/1375 1505/1740/1376 3919/1725/1368
f 3923/1739/1375 790/1741/1377 2677/1742/1378 1505/1740/1376
f 1505/1740/1376 2677/1742/1378 955/1743/1379 2680/1744/1380
f 3919/1725/1368 1505/1740/1376 2680/1744/1380 788/1726/1369
f 790/1741/1377 3924/1745/1381 1506/1746/1382 2677/1742/1378
f 3924/1745/1381 103/1595/1282 3925/1747/1383 1506/1746/1382
f 1506/1748/1382 3925/1749/1383 791/1750/1384 2678/1751/1385
f 2677/1742/1378 1506/1746/1382 2678/1752/1385 955/1743/1379
f 955/1753/1379 2678/1751/1385 1507/1754/1386 2679/1755/1387
f 2678/1751/1385 791/1750/1384 3926/1756/1388 1507/1754/1386
f 1507/1754/1386 3926/1756/1388 114/1757/1145 3927/1758/1145
f 2679/1755/1387 1507/1754/1386 3927/1758/1145 792/1759/1145
f 788/1732/1369 2680/1760/1380 1508/1761/1389 3920/1733/1373
f 2680/1760/1380 955/1753/1379 2679/1755/1387 1508/1761/1389
f 1508/1761/1389 2679/1755/1387 792/1759/1145 3928/1762/1145
f 3920/1733/1373 1508/1761/1389 3928/1762/1145 113/1734/1145
f 103/1595/1282 3884/1594/1281 1509/1763/1390 3925/1747/1383
f 3884/1591/1281 770/1587/1278 2681/1764/1391 1509/1765/1390
f 1509/1765/1390 2681/1764/1391 956/1766/1392 2684/1767/1393
f 3925/1749/1383 1509/1765/1390 2684/1767/1393 791/1750/1384
f 770/1587/1278 3883/1586/1277 1510/1768/1394 2681/1764/1391
f 3883/1586/1277 104/1585/1145 3929/1769/1145 1510/1768/1394
f 1510/1768/1394 3929/1769/1145 793/1770/1145 2682/1771/1395
f 2681/1764/1391 1510/1768/1394 2682/1771/1395 956/1766/1392
f 956/1766/1392 2682/1771/1395 1511/1772/1396 2683/1773/1397
f 2682/1771/1395 793/1770/1145 3930/1774/1145 1511/1772/1396
f 1511/1772/1396 3930/1774/1145 115/1775/1145 3931/1776/1145
f 2683/1773/1397 1511/1772/1396 3931/1776/1145 794/1777/1145
f 791/1750/1384 2684/1767/1393 1512/1778/1398 3926/1756/1388
f 2684/1767/1393 956/1766/1392 2683/1773/1397 1512/1778/1398
f 1512/1778/1398 2683/1773/1397 794/1777/1145 3932/1779/1145
f 3926/1756/1388 1512/1778/1398 3932/1779/1145 114/1757/1145
f 104/1585/1145 3890/1611/1145 1513/1780/1339 3929/1769/1145
f 3890/1611/1145 773/1609/1145 2685/1781/1399 1513/1780/1339
f 1513/1780/1339 2685/1781/1399 957/1782/1400 2688/1783/1401
f 3929/1769/1145 1513/1780/1339 2688/1783/1401 793/1770/1145
f 773/1609/1145 3889/1608/1145 1514/1784/1402 2685/1781/1399
f 3889/1608/1145 105/1607/1145 3933/1785/1403 1514/1784/1402
f 1514/1784/1402 3933/1785/1403 795/1786/1404 2686/1787/1405
f 2685/1781/1399 1514/1784/1402 2686/1787/1405 957/1782/1400
f 957/1782/1400 2686/1787/1405 1515/1788/1406 2687/1789/1407
f 2686/1787/1405 795/1786/1404 3934/1790/1408 1515/1788/1406
f 1515/1788/1406 3934/1790/1408 116/1791/1409 3935/1792/1410
f 2687/1789/1407 1515/1788/1406 3935/1792/1410 796/1793/1411
f 793/1770/1145 2688/1783/1401 1516/1794/1412 3930/1774/1145
f 2688/1783/1401 957/1782/1400 2687/1789/1407 1516/1794/1412
f 1516/1794/1412 2687/1789/1407 796/1793/1411 3936/1795/1413
f 3930/1774/1145 1516/1794/1412 3936/1795/1413 115/1775/1145
f 105/1607/1145 3894/1627/1145 1517/1796/1414 3933/1785/1403
f 3894/1627/1145 775/1625/1145 2689/1797/1415 1517/1796/1414
f 1517/1796/1414 2689/1797/1415 958/1798/1416 2692/1799/1417
f 3933/1785/1403 1517/1796/1414 2692/1799/1417 795/1786/1404
f 775/1625/1145 3893/1624/1145 1518/1800/1418 2689/1797/1415
f 3893/1624/1145 106/1623/1145 3937/1801/1419 1518/1800/1418
f 1518/1800/1418 3937/1801/1419 797/1802/1420 2690/1803/1421
f 2689/1797/1415 1518/1800/1418 2690/1803/1421 958/1798/1416
f 958/1798/1416 2690/1803/1421 1519/1804/1422 2691/1805/1423
f 2690/1803/1421 797/1802/1420 3938/1806/1424 1519/1804/1422
f 1519/1804/1422 3938/1806/1424 117/1807/1425 3939/1808/1426
f 2691/1805/1423 1519/1804/1422 3939/1808/1426 798/1809/1427
f 795/1786/1404 2692/1799/1417 1520/1810/1428 3934/1790/1408
f 2692/1799/1417 958/1798/1416 2691/1805/1423 1520/1810/1428
f 1520/1810/1428 2691/1805/1423 798/1809/1427 3940/1811/1429
f 3934/1790/1408 1520/1810/1428 3940/1811/1429 116/1791/1409
f 106/1623/1145 3898/1643/1298 1521/1812/1430 3937/1801/1419
f 3898/1643/1298 777/1641/1296 2693/1813/1431 1521/1812/1430
f 1521/1812/1430 2693/1813/1431 959/1814/1432 2696/1815/1433
f 3937/1801/1419 1521/1812/1430 2696/1815/1433 797/1802/1420
f 777/1641/1296 3897/1640/1295 1522/1816/1434 2693/1813/1431
f 3897/1640/1295 107/1639/1294 3941/1817/1435 1522/1816/1434
f 1522/1816/1434 3941/1817/1435 799/1818/1436 2694/1819/1437
f 2693/1813/1431 1522/1816/1434 2694/1819/1437 959/1814/1432
f 959/1814/1432 2694/1819/1437 1523/1820/1438 2695/1821/1439
f 2694/1819/1437 799/1818/1436 3942/1822/1440 1523/1820/1438
f 1523/1820/1438 3942/1822/1440 118/1823/1441 3943/1824/1442
f 2695/1821/1439 1523/1820/1438 3943/1824/1442 800/1825/1443
f 797/1802/1420 2696/1815/1433 1524/1826/1444 3938/1806/1424
f 2696/1815/1433 959/1814/1432 2695/1821/1439 1524/1826/1444
f 1524/1826/1444 2695/1821/1439 800/1825/1443 3944/1827/1445
f 3938/1806/1424 1524/1826/1444 3944/1827/1445 117/1807/1425
f 107/1639/1294 3902/1659/1314 1525/1828/1446 3941/1817/1435
f 3902/1659/1314 779/1657/1312 2697/1829/1447 1525/1828/1446
f 1525/1828/1446 2697/1829/1447 960/1830/1448 2700/1831/1449
f 3941/1817/1435 1525/1828/1446 2700/1831/1449 799/1818/1436
f 779/1657/1312 3901/1656/1311 1526/1832/1450 2697/1829/1447
f 3901/1656/1311 108/1655/1310 3945/1833/1451 1526/1832/1450
f 1526/1832/1450 3945/1833/1451 801/1834/1452 2698/1835/1453
f 2697/1829/1447 1526/1832/1450 2698/1835/1453 960/1830/1448
f 960/1830/1448 2698/1835/1453 1527/1836/1454 2699/1837/1455
f 2698/1835/1453 801/1834/1452 3946/1838/1456 1527/1836/1454
f 1527/1836/1454 3946/1838/1456 119/1839/1457 3947/1840/1458
f 2699/1837/1455 1527/1836/1454 3947/1840/1458 802/1841/1459
f 799/1818/1436 2700/1831/1449 1528/1842/1460 3942/1822/1440
f 2700/1831/1449 960/1830/1448 2699/1837/1455 1528/1842/1460
f 1528/1842/1460 2699/1837/1455 802/1841/1459 3948/1843/1461
f 3942/1822/1440 1528/1842/1460 3948/1843/1461 118/1823/1441
f 109/1679/1334 3906/1678/1333 1529/1844/1462 3954/1845/1463
f 3906/1678/1333 781/1675/1330 2701/1846/1464 1529/1844/1462
f 1529/1844/1462 2701/1846/1464 961/1847/1465 2704/1848/1466
f 3954/1845/1463 1529/1844/1462 2704/1848/1466 805/1849/1467
f 781/1675/1330 3905/1674/1329 1530/1850/1468 2701/1846/1464
f 3905/1674/1329 110/1673/1328 3949/1851/1469 1530/1850/1468
f 1530/1850/1468 3949/1851/1469 803/1852/1470 2702/1853/1471
f 2701/1846/1464 1530/1850/1468 2702/1853/1471 961/1847/1465
f 961/1847/1465 2702/1853/1471 1531/1854/1472 2703/1855/1473
f 2702/1853/1471 803/1852/1470 3950/1856/1474 1531/1854/1472
f 1531/1854/1472 3950/1856/1474 121/1857/1475 3951/1858/1476
f 2703/1855/1473 1531/1854/1472 3951/1858/1476 804/1859/1477
f 805/1849/1467 2704/1848/1466 1532/1860/1478 3953/1861/1479
f 2704/1848/1466 961/1847/1465 2703/1855/1473 1532/1860/1478
f 1532/1860/1478 2703/1855/1473 804/1859/1477 3952/1862/1480
f 3953/1861/1479 1532/1860/1478 3952/1862/1480 120/1863/1481
f 110/1673/1328 3912/1695/1346 1533/1864/1482 3949/1851/1469
f 3912/1695/1346 784/1693/1344 2705/1865/1483 1533/1864/1482
f 1533/1864/1482 2705/1865/1483 962/1866/1484 2708/1867/1485
f 3949/1851/1469 1533/1864/1482 2708/1867/1485 803/1852/1470
f 784/1693/1344 3911/1692/1343 1534/1868/1486 2705/1865/1483
f 3911/1692/1343 111/1691/1145 3955/1869/1487 1534/1868/1486
f 1534/1868/1486 3955/1869/1487 806/1870/1488 2706/1871/1489
f 2705/1865/1483 1534/1868/1486 2706/1871/1489 962/1866/1484
f 962/1866/1484 2706/1871/1489 1535/1872/1490 2707/1873/1491
f 2706/1871/1489 806/1870/1488 3956/1874/1492 1535/1872/1490
f 1535/1872/1490 3956/1874/1492 122/1875/1493 3957/1876/1494
f 2707/1873/1491 1535/1872/1490 3957/1876/1494 807/1877/1495
f 803/1852/1470 2708/1867/1485 1536/1878/1496 3950/1856/1474
f 2708/1867/1485 962/1866/1484 2707/1873/1491 1536/1878/1496
f 1536/1878/1496 2707/1873/1491 807/1877/1495 3958/1879/1497
f 3950/1856/1474 1536/1878/1496 3958/1879/1497 121/1857/1475
f 111/1691/1145 3916/1713/1145 1537/1880/1498 3955/1869/1487
f 3916/1713/1145 786/1711/1145 2709/1881/1499 1537/1880/1498
f 1537/1880/1498 2709/1881/1499 963/1882/1500 2712/1883/1501
f 3955/1869/1487 1537/1880/1498 2712/1883/1501 806/1870/1488
f 786/1711/1145 3915/1710/1145 1538/1884/1502 2709/1881/1499
f 3915/1710/1145 112/1709/1145 3959/1885/1503 1538/1884/1502
f 1538/1884/1502 3959/1885/1503 808/1886/1504 2710/1887/1505
f 2709/1881/1499 1538/1884/1502 2710/1887/1505 963/1882/1500
f 963/1882/1500 2710/1887/1505 1539/1888/1506 2711/1889/1507
f 2710/1887/1505 808/1886/1504 3960/1890/1508 1539/1888/1506
f 1539/1888/1506 3960/1890/1508 123/1891/1509 3961/1892/1510
f 2711/1889/1507 1539/1888/1506 3961/1892/1510 809/1893/1511
f 806/1870/1488 2712/1883/1501 1540/1894/1512 3956/1874/1492
f 2712/1883/1501 963/1882/1500 2711/1889/1507 1540/1894/1512
f 1540/1894/1512 2711/1889/1507 809/1893/1511 3962/1895/1513
f 3956/1874/1492 1540/1894/1512 3962/1895/1513 122/1875/1493
f 112/1709/1145 3922/1738/1145 1541/1896/1514 3959/1885/1503
f 3922/1738/1145 789/1736/1145 2713/1897/1515 1541/1896/1514
f 1541/1896/1514 2713/1897/1515 964/1898/1516 2716/1899/1517
f 3959/1885/1503 1541/1896/1514 2716/1899/1517 808/1886/1504
f 789/1736/1145 3921/1735/1145 1542/1900/1518 2713/1897/1515
f 3921/1735/1145 113/1734/1145 3963/1901/1519 1542/1900/1518
f 1542/1900/1518 3963/1901/1519 810/1902/1520 2714/1903/1521
f 2713/1897/1515 1542/1900/1518 2714/1903/1521 964/1898/1516
f 964/1898/1516 2714/1903/1521 1543/1904/1522 2715/1905/1523
f 2714/1903/1521 810/1902/1520 3964/1906/1524 1543/1904/1522
f 1543/1904/1522 3964/1906/1524 124/1907/1525 3965/1908/1526
f 2715/1905/1523 1543/1904/1522 3965/1908/1526 811/1909/1527
f 808/1886/1504 2716/1899/1517 1544/1910/1528 3960/1890/1508
f 2716/1899/1517 964/1898/1516 2715/1905/1523 1544/1910/1528
f 1544/1910/1528 2715/1905/1523 811/1909/1527 3966/1911/1529
f 3960/1890/1508 1544/1910/1528 3966/1911/1529 123/1891/1509
f 113/1734/1145 3928/1762/1145 1545/1912/1530 3963/1901/1519
f 3928/1762/1145 792/1759/1145 2717/1913/1399 1545/1912/1530
f 1545/1912/1530 2717/1913/1399 965/1914/1531 2720/1915/1532
f 3963/1901/1519 1545/1912/1530 2720/1915/1532 810/1902/1520
f 792/1759/1145 3927/1758/1145 1546/1916/1533 2717/1913/1399
f 3927/1758/1145 114/1757/1145 3967/1917/1534 1546/1916/1533
f 1546/1916/1533 3967/1917/1534 812/1918/1535 2718/1919/1536
f 2717/1913/1399 1546/1916/1533 2718/1919/1536 965/1914/1531
f 965/1914/1531 2718/1919/1536 1547/1920/1537 2719/1921/1538
f 2718/1919/1536 812/1918/1535 3968/1922/1539 1547/1920/1537
f 1547/1920/1537 3968/1922/1539 125/1923/1540 3969/1924/1541
f 2719/1921/1538 1547/1920/1537 3969/1924/1541 813/1925/1542
f 810/1902/1520 2720/1915/1532 1548/1926/1543 3964/1906/1524
f 2720/1915/1532 965/1914/1531 2719/1921/1538 1548/1926/1543
f 1548/1926/1543 2719/1921/1538 813/1925/1542 3970/1927/1544
f 3964/1906/1524 1548/1926/1543 3970/1927/1544 124/1907/1525
f 114/1757/1145 3932/1779/1145 1549/1928/1545 3967/1917/1534
f 3932/1779/1145 794/1777/1145 2721/1929/1546 1549/1928/1545
f 1549/1928/1545 2721/1929/1546 966/1930/1547 2724/1931/1548
f 3967/1917/1534 1549/1928/1545 2724/1931/1548 812/1918/1535
f 794/1777/1145 3931/1776/1145 1550/1932/1549 2721/1929/1546
f 3931/1776/1145 115/1775/1145 3971/1933/1550 1550/1932/1549
f 1550/1932/1549 3971/1933/1550 814/1934/1551 2722/1935/1552
f 2721/1929/1546 1550/1932/1549 2722/1935/1552 966/1930/1547
f 966/1930/1547 2722/1935/1552 1551/1936/1553 2723/1937/1554
f 2722/1935/1552 814/1934/1551 3972/1938/1555 1551/1936/1553
f 1551/1936/1553 3972/1938/1555 126/1939/1556 3973/1940/1557
f 2723/1937/1554 1551/1936/1553 3973/1940/1557 815/1941/1558
f 812/1918/1535 2724/1931/1548 1552/1942/1559 3968/1922/1539
f 2724/1931/1548 966/1930/1547 2723/1937/1554 1552/1942/1559
f 1552/1942/1559 2723/1937/1554 815/1941/1558 3974/1943/1560
f 3968/1922/1539 1552/1942/1559 3974/1943/1560 125/1923/1540
f 115/1775/1145 3936/1795/1413 1553/1944/1561 3971/1933/1550
f 3936/1795/1413 796/1793/1411 2725/1945/1562 1553/1944/1561
f 1553/1944/1561 2725/1945/1562 967/1946/1563 2728/1947/1564
f 3971/1933/1550 1553/1944/1561 2728/1947/1564 814/1934/1551
f 796/1793/1411 3935/1792/1410 1554/1948/1565 2725/1945/1562
f 3935/1792/1410 116/1791/1409 3975/1949/1566 1554/1948/1565
f 1554/1948/1565 3975/1949/1566 816/1950/1567 2726/1951/1568
f 2725/1945/1562 1554/1948/1565 2726/1951/1568 967/1946/1563
f 967/1946/1563 2726/1951/1568 1555/1952/1569 2727/1953/1570
f 2726/1951/1568 816/1950/1567 3976/1954/1571 1555/1952/1569
f 1555/1952/1569 3976/1954/1571 127/1955/1572 3977/1956/1573
f 2727/1953/1570 1555/1952/1569 3977/1956/1573 817/1957/1574
f 814/1934/1551 2728/1947/1564 1556/1958/1575 3972/1938/1555
f 2728/1947/1564 967/1946/1563 2727/1953/1570 1556/1958/1575
f 1556/1958/1575 2727/1953/1570 817/1957/1574 3978/1959/1576
f 3972/1938/1555 1556/1958/1575 3978/1959/1576 126/1939/1556
f 116/1791/1409 3940/1811/1429 1557/1960/1577 3975/1949/1566
f 3940/1811/1429 798/1809/1427 2729/1961/1578 1557/1960/1577
f 1557/1960/1577 2729/1961/1578 968/1962/1579 2732/1963/1580
f 3975/1949/1566 1557/1960/1577 2732/1963/1580 816/1950/1567
f 798/1809/1427 3939/1808/1426 1558/1964/1581 2729/1961/1578
f 3939/1808/1426 117/1807/1425 3979/1965/1582 1558/1964/1581
f 1558/1964/1581 3979/1965/1582 818/1966/1583 2730/1967/1584
f 2729/1961/1578 1558/1964/1581 2730/1967/1584 968/1962/1579
f 968/1962/1579 2730/1967/1584 1559/1968/1585 2731/1969/1586
f 2730/1967/1584 818/1966/1583 3980/1970/1587 1559/1968/1585
f 1559/1968/1585 3980/1970/1587 128/1971/1588 3981/1972/1589
f 2731/1969/1586 1559/1968/1585 3981/1972/1589 819/1973/1590
f 816/1950/1567 2732/1963/1580 1560/1974/1591 3976/1954/1571
f 2732/1963/1580 968/1962/1579 2731/1969/1586 1560/1974/1591
f 1560/1974/1591 2731/1969/1586 819/1973/1590 3982/1975/1592
f 3976/1954/1571 1560/1974/1591 3982/1975/1592 127/1955/1572
f 117/1807/1425 3944/1827/1445 1561/1976/1593 3979/1965/1582
f 3944/1827/1445 800/1825/1443 2733/1977/1594 1561/1976/1593
f 1561/1976/1593 2733/1977/1594 969/1978/1595 2736/1979/1596
f 3979/1965/1582 1561/1976/1593 2736/1979/1596 818/1966/1583
f 800/1825/1443 3943/1824/1442 1562/1980/1597 2733/1977/1594
f 3943/1824/1442 118/1823/1441 3983/1981/1598 1562/1980/1597
f 1562/1980/1597 3983/1981/1598 820/1982/1599 2734/1983/1600
f 2733/1977/1594 1562/1980/1597 2734/1983/1600 969/1978/1595
f 969/1978/1595 2734/1983/1600 1563/1984/1601 2735/1985/1602
f 2734/1983/1600 820/1982/1599 3984/1986/1603 1563/1984/1601
f 1563/1984/1601 3984/1986/1603 129/1987/1604 3985/1988/1605
f 2735/1985/1602 1563/1984/1601 3985/1988/1605 821/1989/1606
f 818/1966/1583 2736/1979/1596 1564/1990/1607 3980/1970/1587
f 2736/1979/1596 969/1978/1595 2735/1985/1602 1564/1990/1607
f 1564/1990/1607 2735/1985/1602 821/1989/1606 3986/1991/1608
f 3980/1970/1587 1564/1990/1607 3986/1991/1608 128/1971/1588
f 118/1823/1441 3948/1843/1461 1565/1992/1609 3983/1981/1598
f 3948/1843/1461 802/1841/1459 2737/1993/1610 1565/1992/1609
f 1565/1992/1609 2737/1993/1610 970/1994/1611 2740/1995/1612
f 3983/1981/1598 1565/1992/1609 2740/1995/1612 820/1982/1599
f 802/1841/1459 3947/1840/1458 1566/1996/1613 2737/1993/1610
f 3947/1840/1458 119/1839/1457 3987/1997/1614 1566/1996/1613
f 1566/1998/1613 3987/1999/1614 822/2000/1615 2738/2001/1616
f 2737/1993/1610 1566/1996/1613 2738/2002/1616 970/1994/1611
f 970/1994/1611 2738/2002/1616 1567/2003/1617 2739/2004/1618
f 2738/2001/1616 822/2000/1615 3988/2005/1619 1567/2006/1617
f 1567/2007/1617 3988/2008/1619 130/2009/1620 3989/2010/1621
f 2739/2011/1618 1567/2007/1617 3989/2010/1621 823/2012/1622
f 820/1982/1599 2740/1995/1612 1568/2013/1623 3984/1986/1603
f 2740/1995/1612 970/1994/1611 2739/2004/1618 1568/2013/1623
f 1568/2014/1623 2739/2011/1618 823/2012/1622 3990/2015/1624
f 3984/1986/1603 1568/2013/1623 3990/2016/1624 129/1987/1604
f 242/2017/1625 3991/2018/1626 1569/2019/1627 3998/2020/1628
f 3991/2018/1626 824/2021/1629 2741/2022/1630 1569/2019/1627
f 1569/2019/1627 2741/2022/1630 971/2023/1631 2744/2024/1632
f 3998/2020/1628 1569/2019/1627 2744/2024/1632 827/2025/1633
f 824/2021/1629 3992/2026/1634 1570/2027/1635 2741/2022/1630
f 3992/2026/1634 243/2028/1636 3993/2029/1637 1570/2027/1635
f 1570/2027/1635 3993/2029/1637 825/2030/1638 2742/2031/1639
f 2741/2022/1630 1570/2027/1635 2742/2031/1639 971/2023/1631
f 971/2023/1631 2742/2031/1639 1571/2032/1640 2743/2033/1641
f 2742/2031/1639 825/2030/1638 3994/2034/1642 1571/2032/1640
f 1571/2032/1640 3994/2034/1642 169/2035/1643 3995/2036/1644
f 2743/2033/1641 1571/2032/1640 3995/2036/1644 826/2037/1645
f 827/2025/1633 2744/2024/1632 1572/2038/1646 3997/2039/1647
f 2744/2024/1632 971/2023/1631 2743/2033/1641 1572/2038/1646
f 1572/2038/1646 2743/2033/1641 826/2037/1645 3996/2040/1648
f 3997/2039/1647 1572/2038/1646 3996/2040/1648 170/2041/1649
f 243/2028/1636 3999/2042/1650 1573/2043/1651 3993/2029/1637
f 3999/2042/1650 828/2044/1652 2745/2045/1653 1573/2043/1651
f 1573/2043/1651 2745/2045/1653 972/2046/1654 2748/2047/1655
f 3993/2029/1637 1573/2043/1651 2748/2047/1655 825/2030/1638
f 828/2044/1652 4000/2048/1656 1574/2049/1657 2745/2045/1653
f 4000/2048/1656 244/2050/1658 4001/2051/1659 1574/2049/1657
f 1574/2049/1657 4001/2051/1659 829/2052/1660 2746/2053/1661
f 2745/2045/1653 1574/2049/1657 2746/2053/1661 972/2046/1654
f 972/2046/1654 2746/2053/1661 1575/2054/1662 2747/2055/1663
f 2746/2053/1661 829/2052/1660 4002/2056/1664 1575/2054/1662
f 1575/2054/1662 4002/2056/1664 172/2057/1665 4003/2058/1666
f 2747/2055/1663 1575/2054/1662 4003/2058/1666 830/2059/1667
f 825/2030/1638 2748/2047/1655 1576/2060/1668 3994/2034/1642
f 2748/2047/1655 972/2046/1654 2747/2055/1663 1576/2060/1668
f 1576/2060/1668 2747/2055/1663 830/2059/1667 4004/2061/1669
f 3994/2034/1642 1576/2060/1668 4004/2061/1669 169/2035/1643
f 185/2062/1670 4005/2063/1671 1577/2064/1672 4016/2065/1673
f 4005/2063/1671 831/2066/1674 2749/2067/1675 1577/2064/1672
f 1577/2064/1672 2749/2067/1675 973/2068/1676 2754/2069/1677
f 4016/2065/1673 1577/2064/1672 2754/2069/1677 836/2070/1678
f 181/2071/1679 4007/2072/1680 1578/2073/1681 4006/2074/1682
f 4007/2072/1680 832/2075/1683 2750/2076/1684 1578/2073/1681
f 1578/2073/1681 2750/2076/1684 973/2068/1676 2749/2067/1675
f 4006/2074/1682 1578/2073/1681 2749/2067/1675 831/2066/1674
f 275/2077/1685 4009/2078/1686 1579/2079/1687 4008/2080/1688
f 4009/2078/1686 833/2081/1689 2751/2082/1690 1579/2079/1687
f 1579/2079/1687 2751/2082/1690 973/2068/1676 2750/2076/1684
f 4008/2080/1688 1579/2079/1687 2750/2076/1684 832/2075/1683
f 182/2083/1691 4011/2084/1692 1580/2085/1693 4010/2086/1694
f 4011/2084/1692 834/2087/1695 2752/2088/1696 1580/2085/1693
f 1580/2085/1693 2752/2088/1696 973/2068/1676 2751/2082/1690
f 4010/2086/1694 1580/2085/1693 2751/2082/1690 833/2081/1689
f 188/2089/1697 4013/2090/1698 1581/2091/1699 4012/2092/1700
f 4013/2090/1698 835/2093/1701 2753/2094/1702 1581/2091/1699
f 1581/2091/1699 2753/2094/1702 973/2068/1676 2752/2088/1696
f 4012/2092/1700 1581/2091/1699 2752/2088/1696 834/2087/1695
f 248/2095/1703 4015/2096/1704 1582/2097/1705 4014/2098/1706
f 4015/2096/1704 836/2070/1678 2754/2069/1677 1582/2097/1705
f 1582/2097/1705 2754/2069/1677 973/2068/1676 2753/2094/1702
f 4014/2098/1706 1582/2097/1705 2753/2094/1702 835/2093/1701
f 173/2099/1707 4017/2100/1708 1583/2101/1709 4024/2102/1710
f 4017/2100/1708 837/2103/1711 2755/2104/1712 1583/2101/1709
f 1583/2101/1709 2755/2104/1712 974/2105/1713 2758/2106/1714
f 4024/2102/1710 1583/2101/1709 2758/2106/1714 840/2107/1715
f 837/2103/1711 4018/2108/1716 1584/2109/1717 2755/2104/1712
f 4018/2108/1716 175/2110/1718 4019/2111/1719 1584/2109/1717
f 1584/2109/1717 4019/2111/1719 838/2112/1720 2756/2113/1721
f 2755/2104/1712 1584/2109/1717 2756/2113/1721 974/2105/1713
f 974/2105/1713 2756/2113/1721 1585/2114/1722 2757/2115/1723
f 2756/2113/1721 838/2112/1720 4020/2116/1724 1585/2114/1722
f 1585/2114/1722 4020/2116/1724 284/2117/1725 4021/2118/1726
f 2757/2115/1723 1585/2114/1722 4021/2118/1726 839/2119/1727
f 840/2107/1715 2758/2106/1714 1586/2120/1728 4023/2121/1729
f 2758/2106/1714 974/2105/1713 2757/2115/1723 1586/2120/1728
f 1586/2120/1728 2757/2115/1723 839/2119/1727 4022/2122/1730
f 4023/2121/1729 1586/2120/1728 4022/2122/1730 285/2123/1731
f 175/2110/1718 4025/2124/1732 1587/2125/1733 4019/2111/1719
f 4025/2124/1732 841/2126/1734 2759/2127/1735 1587/2125/1733
f 1587/2125/1733 2759/2127/1735 975/2128/1736 2762/2129/1737
f 4019/2111/1719 1587/2125/1733 2762/2129/1737 838/2112/1720
f 841/2126/1734 4026/2130/1738 1588/2131/1739 2759/2127/1735
f 4026/2130/1738 177/2132/1740 4027/2133/1741 1588/2131/1739
f 1588/2131/1739 4027/2133/1741 842/2134/1742 2760/2135/1743
f 2759/2127/1735 1588/2131/1739 2760/2135/1743 975/2128/1736
f 975/2128/1736 2760/2135/1743 1589/2136/1744 2761/2137/1745
f 2760/2135/1743 842/2134/1742 4028/2138/1746 1589/2136/1744
f 1589/2136/1744 4028/2138/1746 283/2139/1747 4029/2140/1748
f 2761/2137/1745 1589/2136/1744 4029/2140/1748 843/2141/1749
f 838/2112/1720 2762/2129/1737 1590/2142/1750 4020/2116/1724
f 2762/2129/1737 975/2128/1736 2761/2137/1745 1590/2142/1750
f 1590/2142/1750 2761/2137/1745 843/2141/1749 4030/2143/1751
f 4020/2116/1724 1590/2142/1750 4030/2143/1751 284/2117/1725
f 177/2132/1740 4031/2144/1752 1591/2145/1753 4027/2133/1741
f 4031/2144/1752 844/2146/1754 2763/2147/1755 1591/2145/1753
f 1591/2145/1753 2763/2147/1755 976/2148/1756 2766/2149/1757
f 4027/2133/1741 1591/2145/1753 2766/2149/1757 842/2134/1742
f 844/2146/1754 4032/2150/1758 1592/2151/1759 2763/2147/1755
f 4032/2152/1758 179/2153/1760 4033/2154/1761 1592/2155/1759
f 1592/2155/1759 4033/2154/1761 845/2156/1762 2764/2157/1763
f 2763/2158/1755 1592/2155/1759 2764/2157/1763 976/2159/1756
f 976/2148/1756 2764/2160/1763 1593/2161/1764 2765/2162/1765
f 2764/2157/1763 845/2156/1762 4034/2163/1766 1593/2164/1764
f 1593/2164/1764 4034/2163/1766 282/2165/1767 4035/2166/1768
f 2765/2162/1765 1593/2161/1764 4035/2167/1768 846/2168/1769
f 842/2134/1742 2766/2149/1757 1594/2169/1770 4028/2138/1746
f 2766/2149/1757 976/2148/1756 2765/2162/1765 1594/2169/1770
f 1594/2169/1770 2765/2162/1765 846/2168/1769 4036/2170/1771
f 4028/2138/1746 1594/2169/1770 4036/2170/1771 283/2139/1747
f 209/2171/1772 4037/2172/1773 1595/2173/1774 4044/2174/1775
f 4037/2172/1773 847/2175/1776 2767/2176/1777 1595/2173/1774
f 1595/2173/1774 2767/2176/1777 977/2177/1778 2770/2178/1779
f 4044/2174/1775 1595/2173/1774 2770/2178/1779 850/2179/1780
f 847/2175/1776 4038/2180/1781 1596/2181/1782 2767/2176/1777
f 4038/2180/1781 210/2182/1783 4039/2183/1784 1596/2181/1782
f 1596/2181/1782 4039/2183/1784 848/2184/1785 2768/2185/1786
f 2767/2176/1777 1596/2181/1782 2768/2185/1786 977/2177/1778
f 977/2177/1778 2768/2185/1786 1597/2186/1787 2769/2187/1788
f 2768/2185/1786 848/2184/1785 4040/2188/1789 1597/2186/1787
f 1597/2186/1787 4040/2188/1789 278/2189/1790 4041/2190/1791
f 2769/2187/1788 1597/2186/1787 4041/2190/1791 849/2191/1792
f 850/2179/1780 2770/2178/1779 1598/2192/1793 4043/2193/1794
f 2770/2178/1779 977/2177/1778 2769/2187/1788 1598/2192/1793
f 1598/2192/1793 2769/2187/1788 849/2191/1792 4042/2194/1795
f 4043/2193/1794 1598/2192/1793 4042/2194/1795 279/2195/1796
f 252/2196/1797 4045/2197/1798 1599/2198/1799 4052/2199/1800
f 4045/2197/1798 851/2200/1801 2771/2201/1802 1599/2198/1799
f 1599/2198/1799 2771/2201/1802 978/2202/1803 2774/2203/1804
f 4052/2199/1800 1599/2198/1799 2774/2203/1804 854/2204/1805
f 851/2200/1801 4046/2205/1806 1600/2206/1807 2771/2201/1802
f 4046/2205/1806 253/2207/1808 4047/2208/1809 1600/2206/1807
f 1600/2206/1807 4047/2208/1809 852/2209/1810 2772/2210/1811
f 2771/2201/1802 1600/2206/1807 2772/2210/1811 978/2202/1803
f 978/2202/1803 2772/2210/1811 1601/2211/1812 2773/2212/1813
f 2772/2210/1811 852/2209/1810 4048/2213/1814 1601/2211/1812
f 1601/2211/1812 4048/2213/1814 199/2214/1815 4049/2215/1816
f 2773/2212/1813 1601/2211/1812 4049/2215/1816 853/2216/1817
f 854/2204/1805 2774/2203/1804 1602/2217/1818 4051/2218/1819
f 2774/2203/1804 978/2202/1803 2773/2212/1813 1602/2217/1818
f 1602/2217/1818 2773/2212/1813 853/2216/1817 4050/2219/1820
f 4051/2218/1819 1602/2217/1818 4050/2219/1820 200/2220/1821
f 259/2221/1822 4053/2222/1823 1603/2223/1824 4058/2224/1825
f 4053/2222/1823 855/2225/1826 2775/2226/1827 1603/2223/1824
f 1603/2223/1824 2775/2226/1827 979/2227/1828 2778/2228/1829
f 4058/2224/1825 1603/2223/1824 2778/2228/1829 857/2229/1830
f 855/2225/1826 4054/2230/1831 1604/2231/1832 2775/2226/1827
f 4054/2230/1831 260/2232/1833 4055/2233/1834 1604/2231/1832
f 1604/2231/1832 4055/2233/1834 856/2234/1835 2776/2235/1836
f 2775/2226/1827 1604/2231/1832 2776/2235/1836 979/2227/1828
f 979/2227/1828 2776/2235/1836 1605/2236/1837 2777/2237/1838
f 2776/2235/1836 856/2234/1835 4056/2238/1839 1605/2236/1837
f 1605/2236/1837 4056/2238/1839 10/175/173 3556/174/171
f 2777/2237/1838 1605/2236/1837 3556/174/171 606/2239/167
f 857/2229/1830 2778/2228/1829 1606/2240/1840 4057/2241/1841
f 2778/2228/1829 979/2227/1828 2777/2237/1838 1606/2240/1840
f 1606/2240/1840 2777/2237/1838 606/2239/167 3555/2242/165
f 4057/2241/1841 1606/2240/1840 3555/2242/165 9/2243/153
f 260/2232/1833 4059/2244/1842 1607/2245/1843 4055/2233/1834
f 4059/2244/1842 858/2246/1844 2779/2247/1845 1607/2245/1843
f 1607/2245/1843 2779/2247/1845 980/2248/1846 2782/2249/1847
f 4055/2233/1834 1607/2245/1843 2782/2249/1847 856/2234/1835
f 858/2246/1844 4060/2250/1848 1608/2251/1849 2779/2247/1845
f 4060/2250/1848 261/2252/1850 4061/2253/1851 1608/2251/1849
f 1608/2251/1849 4061/2253/1851 859/2254/1852 2780/2255/1853
f 2779/2247/1845 1608/2251/1849 2780/2255/1853 980/2248/1846
f 980/2248/1846 2780/2255/1853 1609/2256/1854 2781/2257/1855
f 2780/2255/1853 859/2254/1852 4062/2258/1856 1609/2256/1854
f 1609/2256/1854 4062/2258/1856 11/199/193 3562/197/191
f 2781/2257/1855 1609/2256/1854 3562/197/191 609/191/187
f 856/2234/1835 2782/2249/1847 1610/2259/1857 4056/2238/1839
f 2782/2249/1847 980/2248/1846 2781/2257/1855 1610/2259/1857
f 1610/2259/1857 2781/2257/1855 609/191/187 3561/189/185
f 4056/2238/1839 1610/2259/1857 3561/189/185 10/175/173
f 11/199/193 4062/2258/1856 1611/2260/1858 3563/200/194
f 4062/2258/1856 859/2254/1852 2783/2261/1859 1611/2260/1858
f 1611/2262/1858 2783/2263/1859 981/2264/1860 2786/2265/1861
f 3563/2266/194 1611/2262/1858 2786/2265/1861 610/2267/195
f 859/2254/1852 4061/2253/1851 1612/2268/1862 2783/2261/1859
f 4061/2253/1851 261/2252/1850 4063/2269/1863 1612/2268/1862
f 1612/2270/1862 4063/2271/1863 860/2272/1864 2784/2273/1865
f 2783/2263/1859 1612/2270/1862 2784/2273/1865 981/2264/1860
f 981/2264/1860 2784/2273/1865 1613/2274/1866 2785/2275/1867
f 2784/2273/1865 860/2272/1864 4064/2276/1868 1613/2274/1866
f 1613/2274/1866 4064/2276/1868 262/2277/1869 4065/2278/1870
f 2785/2275/1867 1613/2274/1866 4065/2278/1870 861/2279/1871
f 610/2267/195 2786/2265/1861 1614/2280/1872 3564/2281/199
f 2786/2265/1861 981/2264/1860 2785/2275/1867 1614/2280/1872
f 1614/2280/1872 2785/2275/1867 861/2279/1871 4066/2282/1873
f 3564/2281/199 1614/2280/1872 4066/2282/1873 22/2283/200
f 22/2283/200 4066/2282/1873 1615/2284/1874 3605/2285/349
f 4066/2282/1873 861/2279/1871 2787/2286/1875 1615/2284/1874
f 1615/2284/1874 2787/2286/1875 982/2287/1876 2790/2288/1877
f 3605/2285/349 1615/2284/1874 2790/2288/1877 631/2289/350
f 861/2279/1871 4065/2278/1870 1616/2290/1878 2787/2286/1875
f 4065/2278/1870 262/2277/1869 4067/2291/1879 1616/2290/1878
f 1616/2290/1878 4067/2291/1879 862/2292/1880 2788/2293/1881
f 2787/2286/1875 1616/2290/1878 2788/2293/1881 982/2287/1876
f 982/2287/1876 2788/2293/1881 1617/2294/1882 2789/2295/1883
f 2788/2293/1881 862/2292/1880 4068/2296/1884 1617/2294/1882
f 1617/2294/1882 4068/2296/1884 263/2297/1885 4069/2298/1886
f 2789/2295/1883 1617/2294/1882 4069/2298/1886 863/2299/1887
f 631/2289/350 2790/2288/1877 1618/2300/1888 3606/2301/354
f 2790/2288/1877 982/2287/1876 2789/2295/1883 1618/2300/1888
f 1618/2300/1888 2789/2295/1883 863/2299/1887 4070/2302/1889
f 3606/2301/354 1618/2300/1888 4070/2302/1889 33/2303/355
f 33/2303/355 4070/2302/1889 1619/2304/1890 3641/2305/445
f 4070/2302/1889 863/2299/1887 2791/2306/1891 1619/2304/1890
f 1619/2304/1890 2791/2306/1891 983/2307/1892 2794/2308/1893
f 3641/2305/445 1619/2304/1890 2794/2308/1893 649/2309/446
f 863/2299/1887 4069/2298/1886 1620/2310/1894 2791/2306/1891
f 4069/2298/1886 263/2297/1885 4071/2311/1895 1620/2310/1894
f 1620/2310/1894 4071/2311/1895 864/2312/1896 2792/2313/1897
f 2791/2306/1891 1620/2310/1894 2792/2313/1897 983/2307/1892
f 983/2307/1892 2792/2313/1897 1621/2314/1898 2793/2315/1899
f 2792/2313/1897 864/2312/1896 4072/2316/1900 1621/2314/1898
f 1621/2314/1898 4072/2316/1900 264/2317/1901 4073/2318/1902
f 2793/2315/1899 1621/2314/1898 4073/2318/1902 865/2319/1903
f 649/2309/446 2794/2308/1893 1622/2320/1904 3642/2321/450
f 2794/2308/1893 983/2307/1892 2793/2315/1899 1622/2320/1904
f 1622/2320/1904 2793/2315/1899 865/2319/1903 4074/2322/1905
f 3642/2321/450 1622/2320/1904 4074/2322/1905 43/2323/451
f 43/2323/451 4074/2322/1905 1623/2324/1906 3677/2325/581
f 4074/2322/1905 865/2319/1903 2795/2326/1907 1623/2324/1906
f 1623/2324/1906 2795/2326/1907 984/2327/1908 2798/2328/1909
f 3677/2325/581 1623/2324/1906 2798/2328/1909 667/2329/582
f 865/2319/1903 4073/2318/1902 1624/2330/1910 2795/2326/1907
f 4073/2318/1902 264/2317/1901 4075/2331/1911 1624/2330/1910
f 1624/2330/1910 4075/2331/1911 866/2332/1912 2796/2333/1913
f 2795/2326/1907 1624/2330/1910 2796/2333/1913 984/2327/1908
f 984/2327/1908 2796/2333/1913 1625/2334/1914 2797/2335/1915
f 2796/2333/1913 866/2332/1912 4076/2336/1916 1625/2334/1914
f 1625/2334/1914 4076/2336/1916 265/2337/1917 4077/2338/1918
f 2797/2335/1915 1625/2334/1914 4077/2338/1918 867/2339/1919
f 667/2329/582 2798/2328/1909 1626/2340/1920 3678/2341/586
f 2798/2328/1909 984/2327/1908 2797/2335/1915 1626/2340/1920
f 1626/2340/1920 2797/2335/1915 867/2339/1919 4078/2342/1921
f 3678/2341/586 1626/2340/1920 4078/2342/1921 54/2343/587
f 54/2343/587 4078/2342/1921 1627/2344/1922 3723/2345/752
f 4078/2342/1921 867/2339/1919 2799/2346/1923 1627/2344/1922
f 1627/2344/1922 2799/2346/1923 985/2347/1924 2802/2348/1925
f 3723/2345/752 1627/2344/1922 2802/2348/1925 690/2349/753
f 867/2339/1919 4077/2338/1918 1628/2350/1926 2799/2346/1923
f 4077/2338/1918 265/2337/1917 4079/2351/1927 1628/2350/1926
f 1628/2350/1926 4079/2351/1927 868/2352/1928 2800/2353/1929
f 2799/2346/1923 1628/2350/1926 2800/2353/1929 985/2347/1924
f 985/2347/1924 2800/2353/1929 1629/2354/1930 2801/2355/1931
f 2800/2353/1929 868/2352/1928 4080/2356/1932 1629/2354/1930
f 1629/2354/1930 4080/2356/1932 266/2357/922 3766/2358/921
f 2801/2355/1931 1629/2354/1930 3766/2358/921 711/2359/917
f 690/2349/753 2802/2348/1925 1630/2360/1933 3724/2361/757
f 2802/2348/1925 985/2347/1924 2801/2355/1931 1630/2360/1933
f 1630/2360/1933 2801/2355/1931 711/2359/917 3765/2362/916
f 3724/921/757 1630/2363/1933 3765/1085/916 65/922/758
f 240/2364/1934 4081/2365/1935 1631/2366/1936 4088/2367/1937
f 4081/2365/1935 289/2368/1938 2803/2369/1939 1631/2366/1936
f 1631/2366/1936 2803/2369/1939 986/2370/1940 2806/2371/1941
f 4088/2367/1937 1631/2366/1936 2806/2371/1941 292/2372/1942
f 289/2368/1938 4082/2373/1943 1632/2374/1944 2803/2369/1939
f 4082/2373/1943 241/2375/1945 4083/2376/1946 1632/2374/1944
f 1632/2374/1944 4083/2376/1946 290/2377/1947 2804/2378/1948
f 2803/2369/1939 1632/2374/1944 2804/2378/1948 986/2370/1940
f 986/2370/1940 2804/2378/1948 1633/2379/1949 2805/2380/1950
f 2804/2378/1948 290/2377/1947 4084/2381/1951 1633/2379/1949
f 1633/2379/1949 4084/2381/1951 1/2382/1 4085/2383/1952
f 2805/2380/1950 1633/2379/1949 4085/2383/1952 291/2384/1953
f 292/2372/1942 2806/2371/1941 1634/2385/1954 4087/2386/1955
f 2806/2371/1941 986/2370/1940 2805/2380/1950 1634/2385/1954
f 1634/2385/1954 2805/2380/1950 291/2384/1953 4086/2387/1956
f 4087/2386/1955 1634/2385/1954 4086/2387/1956 132/2388/1957
f 1/2382/1 3512/2389/4 1635/2390/1958 4085/2383/1952
f 3512/2389/4 584/2391/9 2807/2392/1959 1635/2390/1958
f 1635/2390/1958 2807/2392/1959 987/2393/1960 2810/2394/1961
f 4085/2383/1952 1635/2390/1958 2810/2394/1961 291/2384/1953
f 584/9/9 3511/23/23 1636/2395/1962 2807/2396/1959
f 3511/23/23 12/25/25 4089/2397/1963 1636/2395/1962
f 1636/2395/1962 4089/2397/1963 293/2398/1964 2808/2399/1965
f 2807/2392/1959 1636/2400/1962 2808/2401/1965 987/2393/1960
f 987/2393/1960 2808/2401/1965 1637/2402/1966 2809/2403/1967
f 2808/2399/1965 293/2398/1964 4090/2404/1968 1637/2405/1966
f 1637/2405/1966 4090/2404/1968 133/2406/1969 4091/2407/1970
f 2809/2403/1967 1637/2402/1966 4091/2408/1970 294/2409/1971
f 291/2384/1953 2810/2394/1961 1638/2410/1972 4086/2387/1956
f 2810/2394/1961 987/2393/1960 2809/2403/1967 1638/2410/1972
f 1638/2410/1972 2809/2403/1967 294/2409/1971 4092/2411/1973
f 4086/2387/1956 1638/2410/1972 4092/2411/1973 132/2388/1957
f 109/1679/1334 3954/1845/1463 1639/2412/1974 4098/2413/1975
f 3954/1845/1463 805/1849/1467 2811/2414/1976 1639/2412/1974
f 1639/2415/1974 2811/2416/1976 988/2417/1977 2814/2418/1978
f 4098/2413/1975 1639/2412/1974 2814/2419/1978 297/2420/1979
f 805/2421/1467 3953/2422/1479 1640/2423/1980 2811/2416/1976
f 3953/2422/1479 120/2424/1481 4093/2425/1981 1640/2423/1980
f 1640/2423/1980 4093/2425/1981 295/2426/1982 2812/2427/1983
f 2811/2416/1976 1640/2423/1980 2812/2427/1983 988/2417/1977
f 988/2417/1977 2812/2427/1983 1641/2428/1984 2813/2429/1985
f 2812/2427/1983 295/2426/1982 4094/2430/1986 1641/2428/1984
f 1641/2428/1984 4094/2430/1986 131/2431/1987 4095/2432/1988
f 2813/2429/1985 1641/2428/1984 4095/2432/1988 296/2433/1989
f 297/2420/1979 2814/2419/1978 1642/2434/1990 4097/2435/1991
f 2814/2418/1978 988/2417/1977 2813/2429/1985 1642/2436/1990
f 1642/2436/1990 2813/2429/1985 296/2433/1989 4096/2437/1992
f 4097/2435/1991 1642/2434/1990 4096/2438/1992 134/2439/1993
f 12/25/25 3572/215/206 1643/2440/1994 4089/2397/1963
f 3572/215/206 614/219/210 2815/2441/1995 1643/2440/1994
f 1643/2440/1994 2815/2441/1995 989/2442/1996 2818/2443/1997
f 4089/2397/1963 1643/2440/1994 2818/2443/1997 293/2398/1964
f 614/219/210 3571/231/220 1644/2444/1998 2815/2441/1995
f 3571/231/220 23/233/218 4099/2445/218 1644/2444/1998
f 1644/2444/1998 4099/2445/218 298/2446/218 2816/2447/1999
f 2815/2441/1995 1644/2444/1998 2816/2447/1999 989/2442/1996
f 989/2442/1996 2816/2447/1999 1645/2448/2000 2817/2449/2001
f 2816/2447/1999 298/2446/218 4100/2450/218 1645/2448/2000
f 1645/2448/2000 4100/2450/218 135/2451/218 4101/2452/2002
f 2817/2449/2001 1645/2448/2000 4101/2452/2002 299/2453/2003
f 293/2398/1964 2818/2443/1997 1646/2454/2004 4090/2404/1968
f 2818/2443/1997 989/2442/1996 2817/2449/2001 1646/2454/2004
f 1646/2454/2004 2817/2449/2001 299/2453/2003 4102/2455/2005
f 4090/2404/1968 1646/2454/2004 4102/2455/2005 133/2406/1969
f 98/1531/1145 3908/1661/1316 1647/2456/2006 4106/2457/1145
f 3908/1661/1316 782/1665/1320 2819/2458/2007 1647/2456/2006
f 1647/2456/2006 2819/2458/2007 990/2459/2008 2822/2460/2009
f 4106/2457/1145 1647/2456/2006 2822/2460/2009 301/2461/1145
f 782/1665/1320 3907/1677/1332 1648/2462/2010 2819/2458/2007
f 3907/1677/1332 109/1679/1334 4098/2413/1975 1648/2462/2010
f 1648/2462/2010 4098/2413/1975 297/2420/1979 2820/2463/2011
f 2819/2458/2007 1648/2462/2010 2820/2463/2011 990/2459/2008
f 990/2459/2008 2820/2463/2011 1649/2464/2012 2821/2465/2013
f 2820/2463/2011 297/2420/1979 4097/2435/1991 1649/2464/2012
f 1649/2464/2012 4097/2435/1991 134/2439/1993 4103/2466/2014
f 2821/2465/2013 1649/2464/2012 4103/2466/2014 300/2467/2015
f 301/2461/1145 2822/2460/2009 1650/2468/2016 4105/2469/1145
f 2822/2460/2009 990/2459/2008 2821/2465/2013 1650/2468/2016
f 1650/2468/2016 2821/2465/2013 300/2467/2015 4104/2470/2017
f 4105/2469/1145 1650/2468/2016 4104/2470/2017 136/2471/1145
f 23/233/218 3614/397/218 1651/2472/218 4099/2445/218
f 3614/397/218 635/401/218 2823/2473/218 1651/2472/218
f 1651/2472/218 2823/2473/218 991/2474/218 2826/2475/218
f 4099/2445/218 1651/2472/218 2826/2475/218 298/2446/218
f 635/401/218 3613/413/218 1652/2476/218 2823/2473/218
f 3613/413/218 34/415/218 4107/2477/218 1652/2476/218
f 1652/2476/218 4107/2477/218 302/2478/218 2824/2479/218
f 2823/2473/218 1652/2476/218 2824/2479/218 991/2474/218
f 991/2474/218 2824/2479/218 1653/2480/218 2825/2481/218
f 2824/2479/218 302/2478/218 4108/2482/218 1653/2480/218
f 1653/2480/218 4108/2482/218 137/2483/218 4109/2484/218
f 2825/2481/218 1653/2480/218 4109/2484/218 303/2485/218
f 298/2446/218 2826/2475/218 1654/2486/218 4100/2450/218
f 2826/2475/218 991/2474/218 2825/2481/218 1654/2486/218
f 1654/2486/218 2825/2481/218 303/2485/218 4110/2487/218
f 4100/2450/218 1654/2486/218 4110/2487/218 135/2451/218
f 88/1375/1145 3872/1513/1145 1655/2488/1145 4114/2489/1145
f 3872/1513/1145 764/1517/1145 2827/2490/1145 1655/2488/1145
f 1655/2488/1145 2827/2490/1145 992/2491/1145 2830/2492/1145
f 4114/2489/1145 1655/2488/1145 2830/2492/1145 305/2493/1145
f 764/1517/1145 3871/1529/1145 1656/2494/1145 2827/2490/1145
f 3871/1529/1145 98/1531/1145 4106/2457/1145 1656/2494/1145
f 1656/2494/1145 4106/2457/1145 301/2461/1145 2828/2495/1145
f 2827/2490/1145 1656/2494/1145 2828/2495/1145 992/2491/1145
f 992/2491/1145 2828/2495/1145 1657/2496/1145 2829/2497/1145
f 2828/2495/1145 301/2461/1145 4105/2469/1145 1657/2496/1145
f 1657/2496/1145 4105/2469/1145 136/2471/1145 4111/2498/1145
f 2829/2497/1145 1657/2496/1145 4111/2498/1145 304/2499/1145
f 305/2493/1145 2830/2492/1145 1658/2500/1145 4113/2501/1145
f 2830/2492/1145 992/2491/1145 2829/2497/1145 1658/2500/1145
f 1658/2500/1145 2829/2497/1145 304/2499/1145 4112/2502/1145
f 4113/2501/1145 1658/2500/1145 4112/2502/1145 138/2503/1145
f 34/415/218 3650/547/457 1659/2504/2018 4107/2477/218
f 3650/547/457 653/551/461 2831/2505/2019 1659/2504/2018
f 1659/2504/2018 2831/2505/2019 993/2506/2020 2834/2507/2021
f 4107/2477/218 1659/2504/2018 2834/2507/2021 302/2478/218
f 653/551/461 3649/563/473 1660/2508/2022 2831/2505/2019
f 3649/563/473 44/565/475 4115/2509/2023 1660/2508/2022
f 1660/2508/2022 4115/2509/2023 306/2510/2024 2832/2511/2025
f 2831/2505/2019 1660/2508/2022 2832/2511/2025 993/2506/2020
f 993/2506/2020 2832/2511/2025 1661/2512/2026 2833/2513/2027
f 2832/2511/2025 306/2510/2024 4116/2514/2028 1661/2512/2026
f 1661/2512/2026 4116/2514/2028 139/2515/2029 4117/2516/2030
f 2833/2513/2027 1661/2512/2026 4117/2516/2030 307/2517/2031
f 302/2478/218 2834/2507/2021 1662/2518/2032 4108/2482/218
f 2834/2507/2021 993/2506/2020 2833/2513/2027 1662/2518/2032
f 1662/2518/2032 2833/2513/2027 307/2517/2031 4118/2519/2033
f 4108/2482/218 1662/2518/2032 4118/2519/2033 137/2483/218
f 77/1126/951 3836/1357/1133 1663/2520/2034 4122/2521/2035
f 3836/1357/1133 746/1361/1137 2835/2522/2036 1663/2520/2034
f 1663/2520/2034 2835/2522/2036 994/2523/2037 2838/2524/2038
f 4122/2521/2035 1663/2520/2034 2838/2524/2038 309/2525/2039
f 746/1361/1137 3835/1373/1147 1664/2526/2040 2835/2522/2036
f 3835/1373/1147 88/1375/1145 4114/2489/1145 1664/2526/2040
f 1664/2526/2040 4114/2489/1145 305/2493/1145 2836/2527/2041
f 2835/2522/2036 1664/2526/2040 2836/2527/2041 994/2523/2037
f 994/2523/2037 2836/2527/2041 1665/2528/2042 2837/2529/2043
f 2836/2527/2041 305/2493/1145 4113/2501/1145 1665/2528/2042
f 1665/2528/2042 4113/2501/1145 138/2503/1145 4119/2530/2044
f 2837/2529/2043 1665/2528/2042 4119/2530/2044 308/2531/2045
f 309/2525/2039 2838/2524/2038 1666/2532/2046 4121/2533/2047
f 2838/2524/2038 994/2523/2037 2837/2529/2043 1666/2532/2046
f 1666/2532/2046 2837/2529/2043 308/2531/2045 4120/2534/2048
f 4121/2533/2047 1666/2532/2046 4120/2534/2048 140/2535/2049
f 44/565/475 3686/697/593 1667/2536/2050 4115/2509/2023
f 3686/697/593 671/704/597 2839/2537/2051 1667/2536/2050
f 1667/2536/2050 2839/2537/2051 995/2538/2052 2842/2539/2053
f 4115/2509/2023 1667/2536/2050 2842/2539/2053 306/2510/2024
f 671/717/597 3685/719/609 1668/2540/2054 2839/2541/2051
f 3685/719/609 55/721/611 4123/2542/2055 1668/2540/2054
f 1668/2543/2054 4123/2544/2055 310/2545/2056 2840/2546/2057
f 2839/2547/2051 1668/2543/2054 2840/2546/2057 995/2548/2052
f 995/2548/2052 2840/2546/2057 1669/2549/2058 2841/2550/2059
f 2840/2546/2057 310/2545/2056 4124/2551/2060 1669/2549/2058
f 1669/2549/2058 4124/2551/2060 141/2552/2061 4125/2553/2062
f 2841/2554/2059 1669/2555/2058 4125/2556/2062 311/2557/2063
f 306/2510/2024 2842/2539/2053 1670/2558/2064 4116/2514/2028
f 2842/2539/2053 995/2538/2052 2841/2559/2059 1670/2558/2064
f 1670/2560/2064 2841/2554/2059 311/2557/2063 4126/2561/2065
f 4116/2514/2028 1670/2558/2064 4126/2562/2065 139/2515/2029
f 55/2563/611 3732/2564/764 1671/2565/2066 4123/2544/2055
f 3732/2564/764 694/2566/768 2843/2567/2067 1671/2565/2066
f 1671/2565/2066 2843/2567/2067 996/2568/2068 2846/2569/2069
f 4123/2544/2055 1671/2565/2066 2846/2569/2069 310/2545/2056
f 694/2566/768 3731/2570/780 1672/2571/2070 2843/2567/2067
f 3731/2570/780 230/2572/782 4127/2573/2071 1672/2571/2070
f 1672/2571/2070 4127/2573/2071 312/2574/2072 2844/2575/2073
f 2843/2567/2067 1672/2571/2070 2844/2575/2073 996/2568/2068
f 996/2568/2068 2844/2575/2073 1673/2576/2074 2845/2577/2075
f 2844/2575/2073 312/2574/2072 4128/2578/2076 1673/2576/2074
f 1673/2576/2074 4128/2578/2076 231/2579/2077 4129/2580/2078
f 2845/2577/2075 1673/2576/2074 4129/2580/2078 313/2581/2079
f 310/2545/2056 2846/2569/2069 1674/2582/2080 4124/2551/2060
f 2846/2569/2069 996/2568/2068 2845/2577/2075 1674/2582/2080
f 1674/2582/2080 2845/2577/2075 313/2581/2079 4130/2583/2081
f 4124/2551/2060 1674/2582/2080 4130/2583/2081 141/2552/2061
f 66/1096/927 3776/1099/930 1675/2584/2082 4134/2585/2083
f 3776/1099/930 716/1104/935 2847/2586/2084 1675/2584/2082
f 1675/2587/2082 2847/2588/2084 997/2589/2085 2850/2590/2086
f 4134/2591/2083 1675/2587/2082 2850/2590/2086 315/2592/2087
f 716/1120/935 3775/1123/949 1676/2593/2088 2847/2594/2084
f 3775/1123/949 77/1126/951 4122/2521/2035 1676/2593/2088
f 1676/2593/2088 4122/2521/2035 309/2525/2039 2848/2595/2089
f 2847/2594/2084 1676/2593/2088 2848/2595/2089 997/2596/2085
f 997/2596/2085 2848/2595/2089 1677/2597/2090 2849/2598/2091
f 2848/2595/2089 309/2525/2039 4121/2533/2047 1677/2597/2090
f 1677/2597/2090 4121/2533/2047 140/2535/2049 4131/2599/2092
f 2849/2600/2091 1677/2601/2090 4131/2602/2092 314/2603/2093
f 315/2592/2087 2850/2590/2086 1678/2604/2094 4133/2605/2095
f 2850/2590/2086 997/2589/2085 2849/2606/2091 1678/2604/2094
f 1678/2607/2094 2849/2600/2091 314/2603/2093 4132/2608/2096
f 4133/2605/2095 1678/2604/2094 4132/2609/2096 142/2610/2097
f 239/2611/2098 4135/2612/2099 1679/2613/2100 4140/2614/2101
f 4135/2612/2099 316/2615/2102 2851/2616/2103 1679/2613/2100
f 1679/2613/2100 2851/2616/2103 998/2617/2104 2854/2618/2105
f 4140/2614/2101 1679/2613/2100 2854/2618/2105 318/2619/2106
f 316/2615/2102 4136/2620/2107 1680/2621/2108 2851/2616/2103
f 4136/2620/2107 240/2364/1934 4088/2367/1937 1680/2621/2108
f 1680/2621/2108 4088/2367/1937 292/2372/1942 2852/2622/2109
f 2851/2616/2103 1680/2621/2108 2852/2622/2109 998/2617/2104
f 998/2617/2104 2852/2622/2109 1681/2623/2110 2853/2624/2111
f 2852/2622/2109 292/2372/1942 4087/2386/1955 1681/2623/2110
f 1681/2623/2110 4087/2386/1955 132/2388/1957 4137/2625/2112
f 2853/2624/2111 1681/2623/2110 4137/2625/2112 317/2626/2113
f 318/2619/2106 2854/2618/2105 1682/2627/2114 4139/2628/2115
f 2854/2618/2105 998/2617/2104 2853/2624/2111 1682/2627/2114
f 1682/2627/2114 2853/2624/2111 317/2626/2113 4138/2629/2116
f 4139/2628/2115 1682/2627/2114 4138/2629/2116 144/2630/2117
f 132/2388/1957 4092/2411/1973 1683/2631/2118 4137/2625/2112
f 4092/2411/1973 294/2409/1971 2855/2632/2119 1683/2631/2118
f 1683/2631/2118 2855/2632/2119 999/2633/2120 2858/2634/2121
f 4137/2625/2112 1683/2631/2118 2858/2634/2121 317/2626/2113
f 294/2409/1971 4091/2408/1970 1684/2635/2122 2855/2632/2119
f 4091/2407/1970 133/2406/1969 4141/2636/2123 1684/2637/2122
f 1684/2637/2122 4141/2636/2123 319/2638/2124 2856/2639/2125
f 2855/2632/2119 1684/2635/2122 2856/2640/2125 999/2633/2120
f 999/2633/2120 2856/2640/2125 1685/2641/2126 2857/2642/2127
f 2856/2639/2125 319/2638/2124 4142/2643/2128 1685/2644/2126
f 1685/2644/2126 4142/2643/2128 145/2645/2129 4143/2646/2130
f 2857/2642/2127 1685/2641/2126 4143/2647/2130 320/2648/2131
f 317/2626/2113 2858/2634/2121 1686/2649/2132 4138/2629/2116
f 2858/2634/2121 999/2633/2120 2857/2642/2127 1686/2649/2132
f 1686/2649/2132 2857/2642/2127 320/2648/2131 4144/2650/2133
f 4138/2629/2116 1686/2649/2132 4144/2650/2133 144/2630/2117
f 134/2439/1993 4096/2438/1992 1687/2651/2134 4150/2652/2135
f 4096/2437/1992 296/2433/1989 2859/2653/2136 1687/2654/2134
f 1687/2654/2134 2859/2653/2136 1000/2655/2137 2862/2656/2138
f 4150/2652/2135 1687/2651/2134 2862/2657/2138 323/2658/2139
f 296/2433/1989 4095/2432/1988 1688/2659/2140 2859/2653/2136
f 4095/2432/1988 131/2431/1987 4145/2660/2141 1688/2659/2140
f 1688/2659/2140 4145/2660/2141 321/2661/2142 2860/2662/2143
f 2859/2653/2136 1688/2659/2140 2860/2662/2143 1000/2655/2137
f 1000/2655/2137 2860/2662/2143 1689/2663/2144 2861/2664/2145
f 2860/2662/2143 321/2661/2142 4146/2665/2146 1689/2663/2144
f 1689/2663/2144 4146/2665/2146 143/2666/2147 4147/2667/2148
f 2861/2664/2145 1689/2663/2144 4147/2667/2148 322/2668/2149
f 323/2658/2139 2862/2657/2138 1690/2669/2150 4149/2670/2151
f 2862/2656/2138 1000/2655/2137 2861/2664/2145 1690/2671/2150
f 1690/2671/2150 2861/2664/2145 322/2668/2149 4148/2672/2152
f 4149/2670/2151 1690/2669/2150 4148/2673/2152 146/2674/2153
f 133/2406/1969 4102/2455/2005 1691/2675/2154 4141/2636/2123
f 4102/2455/2005 299/2453/2003 2863/2676/2155 1691/2675/2154
f 1691/2675/2154 2863/2676/2155 1001/2677/2156 2866/2678/2157
f 4141/2636/2123 1691/2675/2154 2866/2678/2157 319/2638/2124
f 299/2453/2003 4101/2452/2002 1692/2679/2158 2863/2676/2155
f 4101/2452/2002 135/2451/218 4151/2680/2159 1692/2679/2158
f 1692/2679/2158 4151/2680/2159 324/2681/2160 2864/2682/2161
f 2863/2676/2155 1692/2679/2158 2864/2682/2161 1001/2677/2156
f 1001/2677/2156 2864/2682/2161 1693/2683/2162 2865/2684/2163
f 2864/2682/2161 324/2681/2160 4152/2685/2164 1693/2683/2162
f 1693/2683/2162 4152/2685/2164 147/2686/2165 4153/2687/2166
f 2865/2684/2163 1693/2683/2162 4153/2687/2166 325/2688/2167
f 319/2638/2124 2866/2678/2157 1694/2689/2168 4142/2643/2128
f 2866/2678/2157 1001/2677/2156 2865/2684/2163 1694/2689/2168
f 1694/2689/2168 2865/2684/2163 325/2688/2167 4154/2690/2169
f 4142/2643/2128 1694/2689/2168 4154/2690/2169 145/2645/2129
f 136/2471/1145 4104/2470/2017 1695/2691/2170 4158/2692/2171
f 4104/2470/2017 300/2467/2015 2867/2693/2172 1695/2691/2170
f 1695/2691/2170 2867/2693/2172 1002/2694/2173 2870/2695/2174
f 4158/2692/2171 1695/2691/2170 2870/2695/2174 327/2696/2175
f 300/2467/2015 4103/2466/2014 1696/2697/2176 2867/2693/2172
f 4103/2466/2014 134/2439/1993 4150/2652/2135 1696/2697/2176
f 1696/2697/2176 4150/2652/2135 323/2658/2139 2868/2698/2177
f 2867/2693/2172 1696/2697/2176 2868/2698/2177 1002/2694/2173
f 1002/2694/2173 2868/2698/2177 1697/2699/2178 2869/2700/2179
f 2868/2698/2177 323/2658/2139 4149/2670/2151 1697/2699/2178
f 1697/2699/2178 4149/2670/2151 146/2674/2153 4155/2701/2180
f 2869/2700/2179 1697/2699/2178 4155/2701/2180 326/2702/2181
f 327/2696/2175 2870/2695/2174 1698/2703/2182 4157/2704/2183
f 2870/2695/2174 1002/2694/2173 2869/2700/2179 1698/2703/2182
f 1698/2703/2182 2869/2700/2179 326/2702/2181 4156/2705/2184
f 4157/2704/2183 1698/2703/2182 4156/2705/2184 148/2706/2185
f 135/2451/218 4110/2487/218 1699/2707/2186 4151/2680/2159
f 4110/2487/218 303/2485/218 2871/2708/2187 1699/2707/2186
f 1699/2707/2186 2871/2708/2187 1003/2709/2188 2874/2710/2189
f 4151/2680/2159 1699/2707/2186 2874/2710/2189 324/2681/2160
f 303/2485/218 4109/2484/218 1700/2711/2190 2871/2708/2187
f 4109/2484/218 137/2483/218 4159/2712/2191 1700/2711/2190
f 1700/2711/2190 4159/2712/2191 328/2713/2192 2872/2714/2193
f 2871/2708/2187 1700/2711/2190 2872/2714/2193 1003/2709/2188
f 1003/2709/2188 2872/2714/2193 1701/2715/2194 2873/2716/2195
f 2872/2714/2193 328/2713/2192 4160/2717/2196 1701/2715/2194
f 1701/2715/2194 4160/2717/2196 149/2718/2197 4161/2719/2198
f 2873/2716/2195 1701/2715/2194 4161/2719/2198 329/2720/2199
f 324/2681/2160 2874/2710/2189 1702/2721/2200 4152/2685/2164
f 2874/2710/2189 1003/2709/2188 2873/2716/2195 1702/2721/2200
f 1702/2721/2200 2873/2716/2195 329/2720/2199 4162/2722/2201
f 4152/2685/2164 1702/2721/2200 4162/2722/2201 147/2686/2165
f 138/2503/1145 4112/2502/1145 1703/2723/2202 4166/2724/2203
f 4112/2502/1145 304/2499/1145 2875/2725/2204 1703/2723/2202
f 1703/2723/2202 2875/2725/2204 1004/2726/2205 2878/2727/2206
f 4166/2724/2203 1703/2723/2202 2878/2727/2206 331/2728/2207
f 304/2499/1145 4111/2498/1145 1704/2729/2208 2875/2725/2204
f 4111/2498/1145 136/2471/1145 4158/2692/2171 1704/2729/2208
f 1704/2729/2208 4158/2692/2171 327/2696/2175 2876/2730/2209
f 2875/2725/2204 1704/2729/2208 2876/2730/2209 1004/2726/2205
f 1004/2726/2205 2876/2730/2209 1705/2731/2210 2877/2732/2211
f 2876/2730/2209 327/2696/2175 4157/2704/2183 1705/2731/2210
f 1705/2731/2210 4157/2704/2183 148/2706/2185 4163/2733/2212
f 2877/2732/2211 1705/2731/2210 4163/2733/2212 330/2734/2213
f 331/2728/2207 2878/2727/2206 1706/2735/2214 4165/2736/2215
f 2878/2727/2206 1004/2726/2205 2877/2732/2211 1706/2735/2214
f 1706/2735/2214 2877/2732/2211 330/2734/2213 4164/2737/2216
f 4165/2736/2215 1706/2735/2214 4164/2737/2216 150/2738/2217
f 137/2483/218 4118/2519/2033 1707/2739/2218 4159/2712/2191
f 4118/2519/2033 307/2517/2031 2879/2740/2219 1707/2739/2218
f 1707/2739/2218 2879/2740/2219 1005/2741/2220 2882/2742/2221
f 4159/2712/2191 1707/2739/2218 2882/2742/2221 328/2713/2192
f 307/2517/2031 4117/2516/2030 1708/2743/2222 2879/2740/2219
f 4117/2516/2030 139/2515/2029 4167/2744/2223 1708/2743/2222
f 1708/2743/2222 4167/2744/2223 332/2745/2224 2880/2746/2225
f 2879/2740/2219 1708/2743/2222 2880/2746/2225 1005/2741/2220
f 1005/2741/2220 2880/2746/2225 1709/2747/2226 2881/2748/2227
f 2880/2746/2225 332/2745/2224 4168/2749/2228 1709/2747/2226
f 1709/2747/2226 4168/2749/2228 151/2750/2229 4169/2751/2230
f 2881/2748/2227 1709/2747/2226 4169/2751/2230 333/2752/2231
f 328/2713/2192 2882/2742/2221 1710/2753/2232 4160/2717/2196
f 2882/2742/2221 1005/2741/2220 2881/2748/2227 1710/2753/2232
f 1710/2753/2232 2881/2748/2227 333/2752/2231 4170/2754/2233
f 4160/2717/2196 1710/2753/2232 4170/2754/2233 149/2718/2197
f 140/2535/2049 4120/2534/2048 1711/2755/2234 4174/2756/2235
f 4120/2534/2048 308/2531/2045 2883/2757/2236 1711/2755/2234
f 1711/2755/2234 2883/2757/2236 1006/2758/2237 2886/2759/2238
f 4174/2756/2235 1711/2755/2234 2886/2759/2238 335/2760/2239
f 308/2531/2045 4119/2530/2044 1712/2761/2240 2883/2757/2236
f 4119/2530/2044 138/2503/1145 4166/2724/2203 1712/2761/2240
f 1712/2761/2240 4166/2724/2203 331/2728/2207 2884/2762/2241
f 2883/2757/2236 1712/2761/2240 2884/2762/2241 1006/2758/2237
f 1006/2758/2237 2884/2762/2241 1713/2763/2242 2885/2764/2243
f 2884/2762/2241 331/2728/2207 4165/2736/2215 1713/2763/2242
f 1713/2763/2242 4165/2736/2215 150/2738/2217 4171/2765/2244
f 2885/2764/2243 1713/2763/2242 4171/2765/2244 334/2766/2245
f 335/2760/2239 2886/2759/2238 1714/2767/2246 4173/2768/2247
f 2886/2759/2238 1006/2758/2237 2885/2764/2243 1714/2767/2246
f 1714/2767/2246 2885/2764/2243 334/2766/2245 4172/2769/2248
f 4173/2768/2247 1714/2767/2246 4172/2769/2248 152/2770/2249
f 139/2771/2029 4126/2561/2065 1715/2772/2250 4167/2773/2223
f 4126/2561/2065 311/2557/2063 2887/2774/2251 1715/2772/2250
f 1715/2772/2250 2887/2774/2251 1007/2775/2252 2890/2776/2253
f 4167/2773/2223 1715/2772/2250 2890/2776/2253 332/2777/2224
f 311/2557/2063 4125/2556/2062 1716/2778/2254 2887/2774/2251
f 4125/2556/2062 141/2779/2061 4175/2780/2255 1716/2778/2254
f 1716/2778/2254 4175/2780/2255 336/2781/2256 2888/2782/2257
f 2887/2774/2251 1716/2778/2254 2888/2782/2257 1007/2775/2252
f 1007/2775/2252 2888/2782/2257 1717/2783/2258 2889/2784/2259
f 2888/2782/2257 336/2781/2256 4176/2785/2260 1717/2783/2258
f 1717/2783/2258 4176/2785/2260 153/2786/2261 4177/2787/2262
f 2889/2784/2259 1717/2783/2258 4177/2787/2262 337/2788/2263
f 332/2777/2224 2890/2776/2253 1718/2789/2264 4168/2790/2228
f 2890/2776/2253 1007/2775/2252 2889/2784/2259 1718/2789/2264
f 1718/2789/2264 2889/2784/2259 337/2788/2263 4178/2791/2265
f 4168/2790/2228 1718/2789/2264 4178/2791/2265 151/2792/2229
f 141/2779/2061 4130/2793/2081 1719/2794/2266 4175/2780/2255
f 4130/2793/2081 313/2795/2079 2891/2796/2267 1719/2794/2266
f 1719/2794/2266 2891/2796/2267 1008/2797/2268 2894/2798/2269
f 4175/2780/2255 1719/2794/2266 2894/2798/2269 336/2781/2256
f 313/2795/2079 4129/2799/2078 1720/2800/2270 2891/2796/2267
f 4129/2799/2078 231/2801/2077 4179/2802/2271 1720/2800/2270
f 1720/2800/2270 4179/2802/2271 338/2803/2272 2892/2804/2273
f 2891/2796/2267 1720/2800/2270 2892/2804/2273 1008/2797/2268
f 1008/2797/2268 2892/2804/2273 1721/2805/2274 2893/2806/2275
f 2892/2804/2273 338/2803/2272 4180/2807/2276 1721/2805/2274
f 1721/2805/2274 4180/2807/2276 232/2808/2277 4181/2809/2278
f 2893/2806/2275 1721/2805/2274 4181/2809/2278 339/2810/2279
f 336/2781/2256 2894/2798/2269 1722/2811/2280 4176/2785/2260
f 2894/2798/2269 1008/2797/2268 2893/2806/2275 1722/2811/2280
f 1722/2811/2280 2893/2806/2275 339/2810/2279 4182/2812/2281
f 4176/2785/2260 1722/2811/2280 4182/2812/2281 153/2786/2261
f 142/2813/2097 4132/2608/2096 1723/2814/2282 4186/2815/2283
f 4132/2608/2096 314/2603/2093 2895/2816/2284 1723/2814/2282
f 1723/2814/2282 2895/2816/2284 1009/2817/2285 2898/2818/2286
f 4186/2815/2283 1723/2814/2282 2898/2818/2286 341/2819/2287
f 314/2603/2093 4131/2602/2092 1724/2820/2288 2895/2816/2284
f 4131/2602/2092 140/2821/2049 4174/2822/2235 1724/2820/2288
f 1724/2820/2288 4174/2822/2235 335/2823/2239 2896/2824/2289
f 2895/2816/2284 1724/2820/2288 2896/2824/2289 1009/2817/2285
f 1009/2817/2285 2896/2824/2289 1725/2825/2290 2897/2826/2291
f 2896/2824/2289 335/2823/2239 4173/2827/2247 1725/2825/2290
f 1725/2825/2290 4173/2827/2247 152/2828/2249 4183/2829/2292
f 2897/2826/2291 1725/2825/2290 4183/2829/2292 340/2830/2293
f 341/2819/2287 2898/2818/2286 1726/2831/2294 4185/2832/2295
f 2898/2818/2286 1009/2817/2285 2897/2826/2291 1726/2831/2294
f 1726/2831/2294 2897/2826/2291 340/2830/2293 4184/2833/2296
f 4185/2832/2295 1726/2831/2294 4184/2833/2296 154/2834/2297
f 238/2835/2298 4187/2836/2299 1727/2837/2300 4192/2838/2301
f 4187/2836/2299 342/2839/2302 2899/2840/2303 1727/2837/2300
f 1727/2837/2300 2899/2840/2303 1010/2841/2304 2902/2842/2305
f 4192/2838/2301 1727/2837/2300 2902/2842/2305 344/2843/2306
f 342/2839/2302 4188/2844/2307 1728/2845/2308 2899/2840/2303
f 4188/2846/2307 239/2611/2098 4140/2614/2101 1728/2847/2308
f 1728/2847/2308 4140/2614/2101 318/2619/2106 2900/2848/2309
f 2899/2849/2303 1728/2847/2308 2900/2848/2309 1010/2850/2304
f 1010/2850/2304 2900/2848/2309 1729/2851/2310 2901/2852/2311
f 2900/2848/2309 318/2619/2106 4139/2628/2115 1729/2851/2310
f 1729/2851/2310 4139/2628/2115 144/2630/2117 4189/2853/2312
f 2901/2852/2311 1729/2851/2310 4189/2853/2312 343/2854/2313
f 344/2843/2306 2902/2842/2305 1730/2855/2314 4191/2856/2315
f 2902/2842/2305 1010/2841/2304 2901/2857/2311 1730/2855/2314
f 1730/2855/2314 2901/2857/2311 343/2858/2313 4190/2859/2316
f 4191/2856/2315 1730/2855/2314 4190/2859/2316 156/2860/2317
f 144/2630/2117 4144/2650/2133 1731/2861/2318 4189/2853/2312
f 4144/2650/2133 320/2648/2131 2903/2862/2319 1731/2861/2318
f 1731/2861/2318 2903/2862/2319 1011/2863/2320 2906/2864/2321
f 4189/2853/2312 1731/2861/2318 2906/2864/2321 343/2854/2313
f 320/2648/2131 4143/2647/2130 1732/2865/2322 2903/2862/2319
f 4143/2646/2130 145/2645/2129 4193/2866/2323 1732/2867/2322
f 1732/2867/2322 4193/2866/2323 345/2868/2324 2904/2869/2325
f 2903/2870/2319 1732/2867/2322 2904/2869/2325 1011/2871/2320
f 1011/2872/2320 2904/2873/2325 1733/2874/2326 2905/2875/2327
f 2904/2873/2325 345/2876/2324 4194/2877/2328 1733/2874/2326
f 1733/2874/2326 4194/2877/2328 157/2878/2329 4195/2879/2330
f 2905/2875/2327 1733/2874/2326 4195/2879/2330 346/2880/2331
f 343/2858/2313 2906/2881/2321 1734/2882/2332 4190/2859/2316
f 2906/2881/2321 1011/2872/2320 2905/2875/2327 1734/2882/2332
f 1734/2882/2332 2905/2875/2327 346/2880/2331 4196/2883/2333
f 4190/2859/2316 1734/2882/2332 4196/2883/2333 156/2860/2317
f 146/2674/2153 4148/2673/2152 1735/2884/2334 4202/2885/2335
f 4148/2672/2152 322/2668/2149 2907/2886/2336 1735/2887/2334
f 1735/2884/2334 2907/2888/2336 1012/2889/2337 2910/2890/2338
f 4202/2885/2335 1735/2884/2334 2910/2890/2338 349/2891/2339
f 322/2668/2149 4147/2667/2148 1736/2892/2340 2907/2886/2336
f 4147/2667/2148 143/2666/2147 4197/2893/2341 1736/2892/2340
f 1736/2892/2340 4197/2893/2341 347/2894/2342 2908/2895/2343
f 2907/2886/2336 1736/2892/2340 2908/2895/2343 1012/2896/2337
f 1012/2897/2337 2908/2898/2343 1737/2899/2344 2909/2900/2345
f 2908/2898/2343 347/2901/2342 4198/2902/2346 1737/2899/2344
f 1737/2899/2344 4198/2902/2346 155/2903/2347 4199/2904/2348
f 2909/2900/2345 1737/2899/2344 4199/2904/2348 348/2905/2349
f 349/2906/2339 2910/2907/2338 1738/2908/2350 4201/2909/2351
f 2910/2907/2338 1012/2897/2337 2909/2900/2345 1738/2908/2350
f 1738/2908/2350 2909/2900/2345 348/2905/2349 4200/2910/2352
f 4201/2909/2351 1738/2908/2350 4200/2910/2352 158/2911/2353
f 145/2645/2129 4154/2690/2169 1739/2912/2354 4193/2866/2323
f 4154/2690/2169 325/2688/2167 2911/2913/2355 1739/2912/2354
f 1739/2914/2354 2911/2915/2355 1013/2916/2356 2914/2917/2357
f 4193/2918/2323 1739/2914/2354 2914/2917/2357 345/2876/2324
f 325/2688/2167 4153/2687/2166 1740/2919/2358 2911/2913/2355
f 4153/2687/2166 147/2686/2165 4203/2920/2359 1740/2919/2358
f 1740/2921/2358 4203/2922/2359 350/2923/2360 2912/2924/2361
f 2911/2915/2355 1740/2921/2358 2912/2924/2361 1013/2916/2356
f 1013/2916/2356 2912/2924/2361 1741/2925/2362 2913/2926/2363
f 2912/2924/2361 350/2923/2360 4204/2927/2364 1741/2925/2362
f 1741/2925/2362 4204/2927/2364 159/2928/2365 4205/2929/2366
f 2913/2926/2363 1741/2925/2362 4205/2929/2366 351/2930/2367
f 345/2876/2324 2914/2917/2357 1742/2931/2368 4194/2877/2328
f 2914/2917/2357 1013/2916/2356 2913/2926/2363 1742/2931/2368
f 1742/2931/2368 2913/2926/2363 351/2930/2367 4206/2932/2369
f 4194/2877/2328 1742/2931/2368 4206/2932/2369 157/2878/2329
f 148/2706/2185 4156/2705/2184 1743/2933/2370 4210/2934/2371
f 4156/2705/2184 326/2702/2181 2915/2935/2372 1743/2933/2370
f 1743/2936/2370 2915/2937/2372 1014/2938/2373 2918/2939/2374
f 4210/2940/2371 1743/2936/2370 2918/2939/2374 353/2941/2375
f 326/2702/2181 4155/2701/2180 1744/2942/2376 2915/2935/2372
f 4155/2701/2180 146/2674/2153 4202/2885/2335 1744/2942/2376
f 1744/2943/2376 4202/2944/2335 349/2906/2339 2916/2945/2377
f 2915/2937/2372 1744/2943/2376 2916/2945/2377 1014/2938/2373
f 1014/2938/2373 2916/2945/2377 1745/2946/2378 2917/2947/2379
f 2916/2945/2377 349/2906/2339 4201/2909/2351 1745/2946/2378
f 1745/2946/2378 4201/2909/2351 158/2911/2353 4207/2948/2380
f 2917/2947/2379 1745/2946/2378 4207/2948/2380 352/2949/2381
f 353/2941/2375 2918/2939/2374 1746/2950/2382 4209/2951/2383
f 2918/2939/2374 1014/2938/2373 2917/2947/2379 1746/2950/2382
f 1746/2950/2382 2917/2947/2379 352/2949/2381 4208/2952/2384
f 4209/2951/2383 1746/2950/2382 4208/2952/2384 160/2953/2385
f 147/2686/2165 4162/2722/2201 1747/2954/2386 4203/2920/2359
f 4162/2722/2201 329/2720/2199 2919/2955/2387 1747/2954/2386
f 1747/2956/2386 2919/2957/2387 1015/2958/2388 2922/2959/2389
f 4203/2922/2359 1747/2956/2386 2922/2959/2389 350/2923/2360
f 329/2720/2199 4161/2719/2198 1748/2960/2390 2919/2955/2387
f 4161/2719/2198 149/2718/2197 4211/2961/2391 1748/2960/2390
f 1748/2960/2390 4211/2961/2391 354/2962/2392 2920/2963/2393
f 2919/2955/2387 1748/2960/2390 2920/2963/2393 1015/2964/2388
f 1015/2958/2388 2920/2965/2393 1749/2966/2394 2921/2967/2395
f 2920/2965/2393 354/2968/2392 4212/2969/2396 1749/2966/2394
f 1749/2966/2394 4212/2969/2396 161/2970/2397 4213/2971/2398
f 2921/2967/2395 1749/2966/2394 4213/2971/2398 355/2972/2399
f 350/2923/2360 2922/2959/2389 1750/2973/2400 4204/2927/2364
f 2922/2959/2389 1015/2958/2388 2921/2967/2395 1750/2973/2400
f 1750/2973/2400 2921/2967/2395 355/2972/2399 4214/2974/2401
f 4204/2927/2364 1750/2973/2400 4214/2974/2401 159/2928/2365
f 150/2738/2217 4164/2737/2216 1751/2975/2402 4218/2976/2403
f 4164/2737/2216 330/2734/2213 2923/2977/2404 1751/2975/2402
f 1751/2975/2402 2923/2977/2404 1016/2978/2405 2926/2979/2406
f 4218/2976/2403 1751/2975/2402 2926/2979/2406 357/2980/2407
f 330/2734/2213 4163/2733/2212 1752/2981/2408 2923/2977/2404
f 4163/2733/2212 148/2706/2185 4210/2934/2371 1752/2981/2408
f 1752/2982/2408 4210/2940/2371 353/2941/2375 2924/2983/2409
f 2923/2984/2404 1752/2982/2408 2924/2983/2409 1016/2985/2405
f 1016/2985/2405 2924/2983/2409 1753/2986/2410 2925/2987/2411
f 2924/2983/2409 353/2941/2375 4209/2951/2383 1753/2986/2410
f 1753/2986/2410 4209/2951/2383 160/2953/2385 4215/2988/2412
f 2925/2987/2411 1753/2986/2410 4215/2988/2412 356/2989/2413
f 357/2990/2407 2926/2991/2406 1754/2992/2414 4217/2993/2415
f 2926/2991/2406 1016/2985/2405 2925/2987/2411 1754/2992/2414
f 1754/2992/2414 2925/2987/2411 356/2989/2413 4216/2994/2416
f 4217/2993/2415 1754/2992/2414 4216/2994/2416 162/2995/2417
f 149/2718/2197 4170/2754/2233 1755/2996/2418 4211/2961/2391
f 4170/2754/2233 333/2752/2231 2927/2997/2419 1755/2996/2418
f 1755/2996/2418 2927/2997/2419 1017/2998/2420 2930/2999/2421
f 4211/2961/2391 1755/2996/2418 2930/2999/2421 354/2962/2392
f 333/2752/2231 4169/2751/2230 1756/3000/2422 2927/2997/2419
f 4169/2751/2230 151/2750/2229 4219/3001/2423 1756/3000/2422
f 1756/3000/2422 4219/3001/2423 358/3002/2424 2928/3003/2425
f 2927/2997/2419 1756/3000/2422 2928/3003/2425 1017/2998/2420
f 1017/3004/2420 2928/3005/2425 1757/3006/2426 2929/3007/2427
f 2928/3005/2425 358/3008/2424 4220/3009/2428 1757/3006/2426
f 1757/3006/2426 4220/3009/2428 163/3010/2429 4221/3011/2430
f 2929/3007/2427 1757/3006/2426 4221/3011/2430 359/3012/2431
f 354/2968/2392 2930/3013/2421 1758/3014/2432 4212/2969/2396
f 2930/3013/2421 1017/3004/2420 2929/3007/2427 1758/3014/2432
f 1758/3014/2432 2929/3007/2427 359/3012/2431 4222/3015/2433
f 4212/2969/2396 1758/3014/2432 4222/3015/2433 161/2970/2397
f 152/2770/2249 4172/2769/2248 1759/3016/2434 4226/3017/2435
f 4172/2769/2248 334/2766/2245 2931/3018/2436 1759/3016/2434
f 1759/3016/2434 2931/3018/2436 1018/3019/2437 2934/3020/2438
f 4226/3017/2435 1759/3016/2434 2934/3020/2438 361/3021/2439
f 334/2766/2245 4171/2765/2244 1760/3022/2440 2931/3018/2436
f 4171/2765/2244 150/2738/2217 4218/2976/2403 1760/3022/2440
f 1760/3022/2440 4218/2976/2403 357/2980/2407 2932/3023/2441
f 2931/3018/2436 1760/3022/2440 2932/3023/2441 1018/3019/2437
f 1018/3024/2437 2932/3025/2441 1761/3026/2442 2933/3027/2443
f 2932/3025/2441 357/2990/2407 4217/2993/2415 1761/3026/2442
f 1761/3026/2442 4217/2993/2415 162/2995/2417 4223/3028/2444
f 2933/3027/2443 1761/3026/2442 4223/3028/2444 360/3029/2445
f 361/3030/2439 2934/3031/2438 1762/3032/2446 4225/3033/2447
f 2934/3031/2438 1018/3024/2437 2933/3027/2443 1762/3032/2446
f 1762/3032/2446 2933/3027/2443 360/3029/2445 4224/3034/2448
f 4225/3033/2447 1762/3032/2446 4224/3034/2448 164/3035/2449
f 151/2792/2229 4178/2791/2265 1763/3036/2450 4219/3037/2423
f 4178/2791/2265 337/2788/2263 2935/3038/2451 1763/3036/2450
f 1763/3036/2450 2935/3038/2451 1019/3039/2452 2938/3040/2453
f 4219/3037/2423 1763/3036/2450 2938/3040/2453 358/3041/2424
f 337/2788/2263 4177/2787/2262 1764/3042/2454 2935/3038/2451
f 4177/2787/2262 153/2786/2261 4227/3043/2455 1764/3042/2454
f 1764/3042/2454 4227/3043/2455 362/3044/2456 2936/3045/2457
f 2935/3038/2451 1764/3042/2454 2936/3045/2457 1019/3039/2452
f 1019/3039/2452 2936/3045/2457 1765/3046/2458 2937/3047/2459
f 2936/3045/2457 362/3044/2456 4228/3048/2460 1765/3046/2458
f 1765/3049/2458 4228/3050/2460 165/3051/2461 4229/3052/2462
f 2937/3053/2459 1765/3049/2458 4229/3052/2462 363/3054/2463
f 358/3008/2424 2938/3055/2453 1766/3056/2464 4220/3009/2428
f 2938/3055/2453 1019/3057/2452 2937/3053/2459 1766/3056/2464
f 1766/3056/2464 2937/3053/2459 363/3054/2463 4230/3058/2465
f 4220/3009/2428 1766/3056/2464 4230/3058/2465 163/3010/2429
f 153/2786/2261 4182/2812/2281 1767/3059/2466 4227/3043/2455
f 4182/2812/2281 339/2810/2279 2939/3060/2467 1767/3059/2466
f 1767/3059/2466 2939/3060/2467 1020/3061/2468 2942/3062/2469
f 4227/3043/2455 1767/3059/2466 2942/3062/2469 362/3044/2456
f 339/2810/2279 4181/2809/2278 1768/3063/2470 2939/3060/2467
f 4181/2809/2278 232/2808/2277 4231/3064/2471 1768/3063/2470
f 1768/3063/2470 4231/3064/2471 364/3065/2472 2940/3066/2473
f 2939/3060/2467 1768/3063/2470 2940/3066/2473 1020/3061/2468
f 1020/3061/2468 2940/3066/2473 1769/3067/2474 2941/3068/2475
f 2940/3066/2473 364/3065/2472 4232/3069/2476 1769/3067/2474
f 1769/3067/2474 4232/3069/2476 233/3070/2477 4233/3071/2478
f 2941/3068/2475 1769/3067/2474 4233/3071/2478 365/3072/2479
f 362/3044/2456 2942/3062/2469 1770/3073/2480 4228/3048/2460
f 2942/3062/2469 1020/3061/2468 2941/3068/2475 1770/3073/2480
f 1770/3073/2480 2941/3068/2475 365/3072/2479 4234/3074/2481
f 4228/3050/2460 1770/3075/2480 4234/3076/2481 165/3051/2461
f 154/2834/2297 4184/2833/2296 1771/3077/2482 4238/3078/2483
f 4184/2833/2296 340/2830/2293 2943/3079/2484 1771/3077/2482
f 1771/3077/2482 2943/3079/2484 1021/3080/2485 2946/3081/2486
f 4238/3078/2483 1771/3077/2482 2946/3081/2486 367/3082/2487
f 340/2830/2293 4183/2829/2292 1772/3083/2488 2943/3079/2484
f 4183/2829/2292 152/2828/2249 4226/3084/2435 1772/3083/2488
f 1772/3083/2488 4226/3084/2435 361/3085/2439 2944/3086/2489
f 2943/3079/2484 1772/3083/2488 2944/3086/2489 1021/3080/2485
f 1021/3087/2485 2944/3088/2489 1773/3089/2490 2945/3090/2491
f 2944/3088/2489 361/3030/2439 4225/3033/2447 1773/3089/2490
f 1773/3089/2490 4225/3033/2447 164/3035/2449 4235/3091/2492
f 2945/3090/2491 1773/3089/2490 4235/3091/2492 366/3092/2493
f 367/3082/2487 2946/3081/2486 1774/3093/2494 4237/3094/2495
f 2946/3081/2486 1021/3080/2485 2945/3095/2491 1774/3093/2494
f 1774/3096/2494 2945/3090/2491 366/3092/2493 4236/3097/2496
f 4237/3098/2495 1774/3096/2494 4236/3097/2496 166/3099/2497
f 120/1863/1481 3952/1862/1480 1775/3100/2498 4244/3101/2499
f 3952/1862/1480 804/1859/1477 2947/3102/2500 1775/3100/2498
f 1775/3100/2498 2947/3102/2500 1022/3103/2501 2950/3104/2502
f 4244/3101/2499 1775/3100/2498 2950/3104/2502 370/3105/2503
f 804/1859/1477 3951/1858/1476 1776/3106/2504 2947/3102/2500
f 3951/1858/1476 121/1857/1475 4239/3107/2505 1776/3106/2504
f 1776/3106/2504 4239/3107/2505 368/3108/2506 2948/3109/2507
f 2947/3102/2500 1776/3106/2504 2948/3109/2507 1022/3103/2501
f 1022/3103/2501 2948/3109/2507 1777/3110/2508 2949/3111/2509
f 2948/3109/2507 368/3108/2506 4240/3112/2510 1777/3110/2508
f 1777/3110/2508 4240/3112/2510 168/3113/2511 4241/3114/2512
f 2949/3111/2509 1777/3110/2508 4241/3114/2512 369/3115/2513
f 370/3116/2503 2950/3117/2502 1778/3118/2514 4243/3119/2515
f 2950/3104/2502 1022/3103/2501 2949/3111/2509 1778/3120/2514
f 1778/3118/2514 2949/3121/2509 369/3122/2513 4242/3123/2516
f 4243/3119/2515 1778/3118/2514 4242/3123/2516 167/3124/2517
f 2/12/12 3506/10/10 1779/3125/2518 4248/3126/2519
f 3506/10/10 581/5/5 2951/3127/2520 1779/3125/2518
f 1779/3125/2518 2951/3127/2520 1023/3128/2521 2954/3129/2522
f 4248/3126/2519 1779/3125/2518 2954/3129/2522 372/3130/2523
f 581/5/5 3505/2/2 1780/3131/2524 2951/3127/2520
f 3505/2/2 1/1/1 4245/3132/2525 1780/3131/2524
f 1780/3131/2524 4245/3132/2525 371/3133/2526 2952/3134/2527
f 2951/3127/2520 1780/3131/2524 2952/3134/2527 1023/3128/2521
f 1023/3128/2521 2952/3134/2527 1781/3135/2528 2953/3136/2529
f 2952/3137/2527 371/3138/2526 4246/3139/2530 1781/3140/2528
f 1781/3140/2528 4246/3139/2530 170/2041/1649 3996/2040/1648
f 2953/3141/2529 1781/3140/2528 3996/2040/1648 826/2037/1645
f 372/3130/2523 2954/3129/2522 1782/3142/2531 4247/3143/2532
f 2954/3129/2522 1023/3128/2521 2953/3136/2529 1782/3142/2531
f 1782/3142/2531 2953/3136/2529 826/3144/1645 3995/3145/1644
f 4247/3143/2532 1782/3142/2531 3995/3145/1644 169/3146/1643
f 1/2382/1 4084/2381/1951 1783/3147/2533 4245/3148/2525
f 4084/2381/1951 290/2377/1947 2955/3149/2534 1783/3147/2533
f 1783/3147/2533 2955/3149/2534 1024/3150/2535 2958/3151/2536
f 4245/3148/2525 1783/3147/2533 2958/3151/2536 371/3138/2526
f 290/2377/1947 4083/2376/1946 1784/3152/2537 2955/3149/2534
f 4083/2376/1946 241/2375/1945 4249/3153/2538 1784/3152/2537
f 1784/3152/2537 4249/3153/2538 373/3154/2539 2956/3155/2540
f 2955/3149/2534 1784/3152/2537 2956/3155/2540 1024/3150/2535
f 1024/3150/2535 2956/3155/2540 1785/3156/2541 2957/3157/2542
f 2956/3155/2540 373/3154/2539 4250/3158/2543 1785/3156/2541
f 1785/3156/2541 4250/3158/2543 242/2017/1625 3998/2020/1628
f 2957/3157/2542 1785/3156/2541 3998/2020/1628 827/2025/1633
f 371/3138/2526 2958/3151/2536 1786/3159/2544 4246/3139/2530
f 2958/3151/2536 1024/3150/2535 2957/3157/2542 1786/3159/2544
f 1786/3159/2544 2957/3157/2542 827/2025/1633 3997/2039/1647
f 4246/3139/2530 1786/3159/2544 3997/2039/1647 170/2041/1649
f 121/1857/1475 3958/1879/1497 1787/3160/2545 4239/3107/2505
f 3958/1879/1497 807/1877/1495 2959/3161/2546 1787/3160/2545
f 1787/3160/2545 2959/3161/2546 1025/3162/2547 2962/3163/2548
f 4239/3107/2505 1787/3160/2545 2962/3163/2548 368/3108/2506
f 807/1877/1495 3957/1876/1494 1788/3164/2549 2959/3161/2546
f 3957/1876/1494 122/1875/1493 4251/3165/2550 1788/3164/2549
f 1788/3164/2549 4251/3165/2550 374/3166/2551 2960/3167/2552
f 2959/3161/2546 1788/3164/2549 2960/3167/2552 1025/3162/2547
f 1025/3162/2547 2960/3167/2552 1789/3168/2553 2961/3169/2554
f 2960/3167/2552 374/3166/2551 4252/3170/2555 1789/3168/2553
f 1789/3168/2553 4252/3170/2555 171/3171/2556 4253/3172/2557
f 2961/3169/2554 1789/3168/2553 4253/3172/2557 375/3173/2558
f 368/3108/2506 2962/3163/2548 1790/3174/2559 4240/3112/2510
f 2962/3163/2548 1025/3162/2547 2961/3169/2554 1790/3174/2559
f 1790/3174/2559 2961/3169/2554 375/3173/2558 4254/3175/2560
f 4240/3112/2510 1790/3174/2559 4254/3175/2560 168/3113/2511
f 3/34/34 3514/32/32 1791/3176/2561 4256/3177/2562
f 3514/32/32 585/28/28 2963/3178/2563 1791/3176/2561
f 1791/3176/2561 2963/3178/2563 1026/3179/2564 2966/3180/2565
f 4256/3177/2562 1791/3176/2561 2966/3180/2565 376/3181/2566
f 585/28/28 3513/26/26 1792/3182/2567 2963/3178/2563
f 3513/26/26 2/12/12 4248/3126/2519 1792/3182/2567
f 1792/3182/2567 4248/3126/2519 372/3130/2523 2964/3183/2568
f 2963/3178/2563 1792/3182/2567 2964/3183/2568 1026/3179/2564
f 1026/3179/2564 2964/3183/2568 1793/3184/2569 2965/3185/2570
f 2964/3183/2568 372/3130/2523 4247/3143/2532 1793/3184/2569
f 1793/3184/2569 4247/3143/2532 169/3146/1643 4004/3186/1669
f 2965/3185/2570 1793/3184/2569 4004/3186/1669 830/3187/1667
f 376/3181/2566 2966/3180/2565 1794/3188/2571 4255/3189/2572
f 2966/3180/2565 1026/3179/2564 2965/3185/2570 1794/3188/2571
f 1794/3188/2571 2965/3185/2570 830/3187/1667 4003/3190/1666
f 4255/3189/2572 1794/3188/2571 4003/3190/1666 172/3191/1665
f 122/1875/1493 3962/1895/1513 1795/3192/2573 4251/3165/2550
f 3962/1895/1513 809/1893/1511 2967/3193/2574 1795/3192/2573
f 1795/3192/2573 2967/3193/2574 1027/3194/2575 2970/3195/2576
f 4251/3165/2550 1795/3192/2573 2970/3195/2576 374/3166/2551
f 809/1893/1511 3961/1892/1510 1796/3196/2577 2967/3193/2574
f 3961/1892/1510 123/1891/1509 4257/3197/2578 1796/3196/2577
f 1796/3196/2577 4257/3197/2578 377/3198/2579 2968/3199/2580
f 2967/3193/2574 1796/3196/2577 2968/3199/2580 1027/3194/2575
f 1027/3194/2575 2968/3199/2580 1797/3200/2581 2969/3201/2582
f 2968/3199/2580 377/3198/2579 4258/3202/2583 1797/3200/2581
f 1797/3203/2581 4258/3204/2583 173/2099/1707 4259/3205/2584
f 2969/3201/2582 1797/3200/2581 4259/3206/2584 378/3207/2585
f 374/3166/2551 2970/3195/2576 1798/3208/2586 4252/3170/2555
f 2970/3195/2576 1027/3194/2575 2969/3201/2582 1798/3208/2586
f 1798/3208/2586 2969/3201/2582 378/3207/2585 4260/3209/2587
f 4252/3170/2555 1798/3208/2586 4260/3209/2587 171/3171/2556
f 4/54/54 3520/52/52 1799/3210/2588 4264/3211/2589
f 3520/52/52 588/48/48 2971/3212/2590 1799/3210/2588
f 1799/3210/2588 2971/3212/2590 1028/3213/2591 2974/3214/2592
f 4264/3211/2589 1799/3210/2588 2974/3214/2592 380/3215/2593
f 588/48/48 3519/46/46 1800/3216/2594 2971/3212/2590
f 3519/46/46 3/34/34 4256/3177/2562 1800/3216/2594
f 1800/3216/2594 4256/3177/2562 376/3181/2566 2972/3217/2595
f 2971/3212/2590 1800/3216/2594 2972/3217/2595 1028/3213/2591
f 1028/3213/2591 2972/3217/2595 1801/3218/2596 2973/3219/2597
f 2972/3217/2595 376/3181/2566 4255/3189/2572 1801/3218/2596
f 1801/3218/2596 4255/3189/2572 172/3191/1665 4261/3220/2598
f 2973/3219/2597 1801/3218/2596 4261/3220/2598 379/3221/2599
f 380/3215/2593 2974/3214/2592 1802/3222/2600 4263/3223/2601
f 2974/3214/2592 1028/3213/2591 2973/3219/2597 1802/3222/2600
f 1802/3222/2600 2973/3219/2597 379/3221/2599 4262/3224/2602
f 4263/3225/2601 1802/3226/2600 4262/3227/2602 174/3228/2603
f 123/1891/1509 3966/1911/1529 1803/3229/2604 4257/3197/2578
f 3966/1911/1529 811/1909/1527 2975/3230/2605 1803/3229/2604
f 1803/3229/2604 2975/3230/2605 1029/3231/2606 2978/3232/2607
f 4257/3197/2578 1803/3229/2604 2978/3232/2607 377/3198/2579
f 811/1909/1527 3965/1908/1526 1804/3233/2608 2975/3230/2605
f 3965/1908/1526 124/1907/1525 4265/3234/2609 1804/3233/2608
f 1804/3233/2608 4265/3234/2609 381/3235/2610 2976/3236/2611
f 2975/3230/2605 1804/3233/2608 2976/3236/2611 1029/3231/2606
f 1029/3231/2606 2976/3236/2611 1805/3237/2612 2977/3238/2613
f 2976/3236/2611 381/3235/2610 4266/3239/2614 1805/3237/2612
f 1805/3237/2612 4266/3239/2614 175/3240/1718 4018/3241/1716
f 2977/3242/2613 1805/3243/2612 4018/2108/1716 837/2103/1711
f 377/3198/2579 2978/3232/2607 1806/3244/2615 4258/3202/2583
f 2978/3232/2607 1029/3231/2606 2977/3238/2613 1806/3244/2615
f 1806/3245/2615 2977/3242/2613 837/2103/1711 4017/2100/1708
f 4258/3204/2583 1806/3245/2615 4017/2100/1708 173/2099/1707
f 5/74/74 3526/72/72 1807/3246/2616 4270/3247/2617
f 3526/72/72 591/68/68 2979/3248/2618 1807/3246/2616
f 1807/3246/2616 2979/3248/2618 1030/3249/2619 2982/3250/2620
f 4270/3247/2617 1807/3246/2616 2982/3250/2620 383/3251/2621
f 591/68/68 3525/66/66 1808/3252/2622 2979/3248/2618
f 3525/66/66 4/54/54 4264/3211/2589 1808/3252/2622
f 1808/3252/2622 4264/3211/2589 380/3215/2593 2980/3253/2623
f 2979/3248/2618 1808/3252/2622 2980/3253/2623 1030/3249/2619
f 1030/3249/2619 2980/3253/2623 1809/3254/2624 2981/3255/2625
f 2980/3253/2623 380/3215/2593 4263/3223/2601 1809/3254/2624
f 1809/3256/2624 4263/3225/2601 174/3228/2603 4267/3257/2626
f 2981/3258/2625 1809/3256/2624 4267/3257/2626 382/3259/2627
f 383/3260/2621 2982/3261/2620 1810/3262/2628 4269/3263/2629
f 2982/3261/2620 1030/3264/2619 2981/3258/2625 1810/3262/2628
f 1810/3262/2628 2981/3258/2625 382/3259/2627 4268/3265/2630
f 4269/3263/2629 1810/3262/2628 4268/3265/2630 176/3266/2631
f 124/1907/1525 3970/1927/1544 1811/3267/2632 4265/3234/2609
f 3970/1927/1544 813/1925/1542 2983/3268/2633 1811/3267/2632
f 1811/3267/2632 2983/3268/2633 1031/3269/2634 2986/3270/2635
f 4265/3234/2609 1811/3267/2632 2986/3270/2635 381/3235/2610
f 813/1925/1542 3969/1924/1541 1812/3271/2636 2983/3268/2633
f 3969/1924/1541 125/1923/1540 4271/3272/2637 1812/3271/2636
f 1812/3271/2636 4271/3272/2637 384/3273/2638 2984/3274/2639
f 2983/3268/2633 1812/3271/2636 2984/3274/2639 1031/3269/2634
f 1031/3269/2634 2984/3274/2639 1813/3275/2640 2985/3276/2641
f 2984/3274/2639 384/3273/2638 4272/3277/2642 1813/3275/2640
f 1813/3275/2640 4272/3277/2642 177/3278/1740 4026/3279/1738
f 2985/3276/2641 1813/3275/2640 4026/3279/1738 841/3280/1734
f 381/3235/2610 2986/3270/2635 1814/3281/2643 4266/3239/2614
f 2986/3270/2635 1031/3269/2634 2985/3276/2641 1814/3281/2643
f 1814/3281/2643 2985/3276/2641 841/3280/1734 4025/3282/1732
f 4266/3239/2614 1814/3281/2643 4025/3282/1732 175/3240/1718
f 6/94/93 3532/92/91 1815/3283/2644 4276/3284/2645
f 3532/92/91 594/88/87 2987/3285/2646 1815/3283/2644
f 1815/3283/2644 2987/3285/2646 1032/3286/2647 2990/3287/2648
f 4276/3284/2645 1815/3283/2644 2990/3287/2648 386/3288/2649
f 594/88/87 3531/86/85 1816/3289/2650 2987/3285/2646
f 3531/86/85 5/74/74 4270/3247/2617 1816/3289/2650
f 1816/3289/2650 4270/3247/2617 383/3251/2621 2988/3290/2651
f 2987/3285/2646 1816/3289/2650 2988/3290/2651 1032/3286/2647
f 1032/3286/2647 2988/3290/2651 1817/3291/2652 2989/3292/2653
f 2988/3293/2651 383/3260/2621 4269/3263/2629 1817/3294/2652
f 1817/3294/2652 4269/3263/2629 176/3266/2631 4273/3295/2654
f 2989/3296/2653 1817/3294/2652 4273/3295/2654 385/3297/2655
f 386/3288/2649 2990/3287/2648 1818/3298/2656 4275/3299/2657
f 2990/3287/2648 1032/3286/2647 2989/3292/2653 1818/3298/2656
f 1818/3300/2656 2989/3296/2653 385/3297/2655 4274/3301/2658
f 4275/3302/2657 1818/3300/2656 4274/3301/2658 178/3303/2659
f 125/1923/1540 3974/1943/1560 1819/3304/2660 4271/3272/2637
f 3974/1943/1560 815/1941/1558 2991/3305/2661 1819/3304/2660
f 1819/3304/2660 2991/3305/2661 1033/3306/2662 2994/3307/2663
f 4271/3272/2637 1819/3304/2660 2994/3307/2663 384/3273/2638
f 815/1941/1558 3973/1940/1557 1820/3308/2664 2991/3305/2661
f 3973/1940/1557 126/1939/1556 4277/3309/2665 1820/3308/2664
f 1820/3308/2664 4277/3309/2665 387/3310/2666 2992/3311/2667
f 2991/3305/2661 1820/3308/2664 2992/3311/2667 1033/3306/2662
f 1033/3306/2662 2992/3311/2667 1821/3312/2668 2993/3313/2669
f 2992/3311/2667 387/3310/2666 4278/3314/2670 1821/3312/2668
f 1821/3312/2668 4278/3314/2670 179/3315/1760 4032/3316/1758
f 2993/3313/2669 1821/3312/2668 4032/3316/1758 844/3317/1754
f 384/3273/2638 2994/3307/2663 1822/3318/2671 4272/3277/2642
f 2994/3307/2663 1033/3306/2662 2993/3313/2669 1822/3318/2671
f 1822/3318/2671 2993/3313/2669 844/3317/1754 4031/3319/1752
f 4272/3277/2642 1822/3318/2671 4031/3319/1752 177/3278/1740
f 7/114/113 3538/112/111 1823/3320/2672 4282/3321/2673
f 3538/112/111 597/108/107 2995/3322/2674 1823/3320/2672
f 1823/3320/2672 2995/3322/2674 1034/3323/2675 2998/3324/2676
f 4282/3321/2673 1823/3320/2672 2998/3324/2676 389/3325/2677
f 597/108/107 3537/106/105 1824/3326/2678 2995/3322/2674
f 3537/106/105 6/94/93 4276/3284/2645 1824/3326/2678
f 1824/3326/2678 4276/3284/2645 386/3288/2649 2996/3327/2679
f 2995/3322/2674 1824/3326/2678 2996/3327/2679 1034/3323/2675
f 1034/3323/2675 2996/3327/2679 1825/3328/2680 2997/3329/2681
f 2996/3327/2679 386/3288/2649 4275/3299/2657 1825/3328/2680
f 1825/3330/2680 4275/3302/2657 178/3303/2659 4279/3331/2682
f 2997/3332/2681 1825/3330/2680 4279/3331/2682 388/3333/2683
f 389/3325/2677 2998/3324/2676 1826/3334/2684 4281/3335/2685
f 2998/3324/2676 1034/3323/2675 2997/3329/2681 1826/3334/2684
f 1826/3336/2684 2997/3332/2681 388/3333/2683 4280/3337/2686
f 4281/3335/2685 1826/3334/2684 4280/3338/2686 180/3339/2687
f 126/1939/1556 3978/1959/1576 1827/3340/2688 4277/3309/2665
f 3978/1959/1576 817/1957/1574 2999/3341/2689 1827/3340/2688
f 1827/3340/2688 2999/3341/2689 1035/3342/2690 3002/3343/2691
f 4277/3309/2665 1827/3340/2688 3002/3343/2691 387/3310/2666
f 817/1957/1574 3977/1956/1573 1828/3344/2692 2999/3341/2689
f 3977/1956/1573 127/1955/1572 4283/3345/2693 1828/3344/2692
f 1828/3344/2692 4283/3345/2693 390/3346/2694 3000/3347/2695
f 2999/3341/2689 1828/3344/2692 3000/3347/2695 1035/3342/2690
f 1035/3342/2690 3000/3347/2695 1829/3348/2696 3001/3349/2697
f 3000/3347/2695 390/3346/2694 4284/3350/2698 1829/3348/2696
f 1829/3348/2696 4284/3350/2698 181/3351/1679 4285/3352/2699
f 3001/3349/2697 1829/3348/2696 4285/3352/2699 391/3353/2700
f 387/3310/2666 3002/3343/2691 1830/3354/2701 4278/3314/2670
f 3002/3343/2691 1035/3342/2690 3001/3349/2697 1830/3354/2701
f 1830/3354/2701 3001/3349/2697 391/3353/2700 4286/3355/2702
f 4278/3314/2670 1830/3354/2701 4286/3355/2702 179/3315/1760
f 8/134/133 3544/132/131 1831/3356/2703 4290/3357/2704
f 3544/132/131 600/128/127 3003/3358/2705 1831/3356/2703
f 1831/3356/2703 3003/3358/2705 1036/3359/2706 3006/3360/2707
f 4290/3357/2704 1831/3356/2703 3006/3360/2707 393/3361/2708
f 600/128/127 3543/126/125 1832/3362/2709 3003/3358/2705
f 3543/126/125 7/114/113 4282/3321/2673 1832/3362/2709
f 1832/3362/2709 4282/3321/2673 389/3325/2677 3004/3363/2710
f 3003/3358/2705 1832/3362/2709 3004/3363/2710 1036/3359/2706
f 1036/3359/2706 3004/3363/2710 1833/3364/2711 3005/3365/2712
f 3004/3363/2710 389/3325/2677 4281/3335/2685 1833/3364/2711
f 1833/3364/2711 4281/3335/2685 180/3339/2687 4287/3366/2713
f 3005/3365/2712 1833/3364/2711 4287/3366/2713 392/3367/2714
f 393/3361/2708 3006/3360/2707 1834/3368/2715 4289/3369/2716
f 3006/3360/2707 1036/3359/2706 3005/3365/2712 1834/3368/2715
f 1834/3368/2715 3005/3365/2712 392/3367/2714 4288/3370/2717
f 4289/3369/2716 1834/3368/2715 4288/3370/2717 182/3371/1691
f 127/1955/1572 3982/1975/1592 1835/3372/2718 4283/3345/2693
f 3982/1975/1592 819/1973/1590 3007/3373/2719 1835/3372/2718
f 1835/3372/2718 3007/3373/2719 1037/3374/2720 3010/3375/2721
f 4283/3345/2693 1835/3372/2718 3010/3375/2721 390/3346/2694
f 819/1973/1590 3981/1972/1589 1836/3376/2722 3007/3373/2719
f 3981/1972/1589 128/1971/1588 4291/3377/2723 1836/3376/2722
f 1836/3376/2722 4291/3377/2723 394/3378/2724 3008/3379/2725
f 3007/3373/2719 1836/3376/2722 3008/3379/2725 1037/3374/2720
f 1037/3374/2720 3008/3379/2725 1837/3380/2726 3009/3381/2727
f 3008/3379/2725 394/3378/2724 4292/3382/2728 1837/3380/2726
f 1837/3380/2726 4292/3382/2728 183/3383/2729 4293/3384/2730
f 3009/3381/2727 1837/3380/2726 4293/3384/2730 395/3385/2731
f 390/3346/2694 3010/3375/2721 1838/3386/2732 4284/3350/2698
f 3010/3375/2721 1037/3374/2720 3009/3381/2727 1838/3386/2732
f 1838/3386/2732 3009/3381/2727 395/3385/2731 4294/3387/2733
f 4284/3350/2698 1838/3386/2732 4294/3387/2733 181/3351/1679
f 258/3388/2734 4295/3389/2735 1839/3390/2736 4300/3391/2737
f 4295/3389/2735 396/3392/2738 3011/3393/2739 1839/3390/2736
f 1839/3390/2736 3011/3393/2739 1038/3394/2740 3014/3395/2741
f 4300/3391/2737 1839/3390/2736 3014/3395/2741 398/3396/2742
f 396/3392/2738 4296/3397/2743 1840/3398/2744 3011/3393/2739
f 4296/3397/2743 259/3399/1822 4058/3400/1825 1840/3398/2744
f 1840/3398/2744 4058/3400/1825 857/3401/1830 3012/3402/2745
f 3011/3393/2739 1840/3398/2744 3012/3402/2745 1038/3394/2740
f 1038/3394/2740 3012/3402/2745 1841/3403/2746 3013/3404/2747
f 3012/3405/2745 857/2229/1830 4057/2241/1841 1841/3406/2746
f 1841/3406/2746 4057/2241/1841 9/2243/153 4297/3407/2748
f 3013/3408/2747 1841/3409/2746 4297/3410/2748 397/3411/2749
f 398/3396/2742 3014/3395/2741 1842/3412/2750 4299/3413/2751
f 3014/3395/2741 1038/3394/2740 3013/3404/2747 1842/3412/2750
f 1842/3414/2750 3013/3408/2747 397/3411/2749 4298/3415/2752
f 4299/3416/2751 1842/3414/2750 4298/3415/2752 184/3417/2753
f 9/154/153 3550/152/151 1843/3418/2754 4297/3410/2748
f 3550/152/151 603/148/147 3015/3419/2755 1843/3418/2754
f 1843/3418/2754 3015/3419/2755 1039/3420/2756 3018/3421/2757
f 4297/3410/2748 1843/3418/2754 3018/3421/2757 397/3411/2749
f 603/148/147 3549/146/145 1844/3422/2758 3015/3419/2755
f 3549/146/145 8/134/133 4290/3357/2704 1844/3422/2758
f 1844/3422/2758 4290/3357/2704 393/3361/2708 3016/3423/2759
f 3015/3419/2755 1844/3422/2758 3016/3423/2759 1039/3420/2756
f 1039/3420/2756 3016/3423/2759 1845/3424/2760 3017/3425/2761
f 3016/3423/2759 393/3361/2708 4289/3369/2716 1845/3424/2760
f 1845/3424/2760 4289/3369/2716 182/3371/1691 4301/3426/2762
f 3017/3425/2761 1845/3424/2760 4301/3426/2762 399/3427/2763
f 397/3411/2749 3018/3421/2757 1846/3428/2764 4298/3415/2752
f 3018/3421/2757 1039/3420/2756 3017/3425/2761 1846/3428/2764
f 1846/3428/2764 3017/3425/2761 399/3427/2763 4302/3429/2765
f 4298/3415/2752 1846/3428/2764 4302/3429/2765 184/3417/2753
f 181/3351/1679 4294/3387/2733 1847/3430/2766 4006/3431/2767
f 4294/3387/2733 395/3385/2731 3019/3432/2768 1847/3430/2766
f 1847/3430/2766 3019/3432/2768 1040/3433/2769 3022/3434/2770
f 4006/3431/2767 1847/3430/2766 3022/3434/2770 831/3435/2771
f 395/3385/2731 4293/3384/2730 1848/3436/2772 3019/3432/2768
f 4293/3384/2730 183/3383/2729 4303/3437/2773 1848/3436/2772
f 1848/3436/2772 4303/3437/2773 400/3438/2774 3020/3439/2775
f 3019/3432/2768 1848/3436/2772 3020/3439/2775 1040/3433/2769
f 1040/3433/2769 3020/3439/2775 1849/3440/2776 3021/3441/2777
f 3020/3439/2775 400/3438/2774 4304/3442/2778 1849/3440/2776
f 1849/3440/2776 4304/3442/2778 186/3443/2779 4305/3444/2780
f 3021/3441/2777 1849/3440/2776 4305/3444/2780 401/3445/2781
f 831/3435/2771 3022/3434/2770 1850/3446/2782 4005/3447/2783
f 3022/3434/2770 1040/3433/2769 3021/3441/2777 1850/3446/2782
f 1850/3446/2782 3021/3441/2777 401/3445/2781 4306/3448/2784
f 4005/3447/2783 1850/3446/2782 4306/3448/2784 185/3449/1670
f 257/3450/2785 4307/3451/2786 1851/3452/2787 4312/3453/2788
f 4307/3451/2786 402/3454/2789 3023/3455/2790 1851/3452/2787
f 1851/3452/2787 3023/3455/2790 1041/3456/2791 3026/3457/2792
f 4312/3453/2788 1851/3452/2787 3026/3457/2792 404/3458/2793
f 402/3454/2789 4308/3459/2794 1852/3460/2795 3023/3455/2790
f 4308/3459/2794 258/3388/2734 4300/3391/2737 1852/3460/2795
f 1852/3460/2795 4300/3391/2737 398/3396/2742 3024/3461/2796
f 3023/3455/2790 1852/3460/2795 3024/3461/2796 1041/3456/2791
f 1041/3456/2791 3024/3461/2796 1853/3462/2797 3025/3463/2798
f 3024/3461/2796 398/3396/2742 4299/3413/2751 1853/3462/2797
f 1853/3464/2797 4299/3416/2751 184/3417/2753 4309/3465/2799
f 3025/3466/2798 1853/3464/2797 4309/3465/2799 403/3467/2800
f 404/3458/2793 3026/3457/2792 1854/3468/2801 4311/3469/2802
f 3026/3457/2792 1041/3456/2791 3025/3463/2798 1854/3468/2801
f 1854/3470/2801 3025/3466/2798 403/3467/2800 4310/3471/2803
f 4311/3472/2802 1854/3470/2801 4310/3471/2803 187/3473/2804
f 184/3417/2753 4302/3429/2765 1855/3474/2805 4309/3465/2799
f 4302/3429/2765 399/3427/2763 3027/3475/2806 1855/3474/2805
f 1855/3474/2805 3027/3475/2806 1042/3476/2807 3030/3477/2808
f 4309/3465/2799 1855/3474/2805 3030/3477/2808 403/3467/2800
f 399/3427/2763 4301/3426/2762 1856/3478/2809 3027/3475/2806
f 4301/3426/2762 182/3371/1691 4011/3479/2810 1856/3478/2809
f 1856/3478/2809 4011/3479/2810 834/3480/2811 3028/3481/2812
f 3027/3475/2806 1856/3478/2809 3028/3481/2812 1042/3476/2807
f 1042/3476/2807 3028/3481/2812 1857/3482/2813 3029/3483/2814
f 3028/3481/2812 834/3480/2811 4012/3484/2815 1857/3482/2813
f 1857/3482/2813 4012/3484/2815 188/3485/1697 4313/3486/2816
f 3029/3483/2814 1857/3482/2813 4313/3486/2816 405/3487/2817
f 403/3467/2800 3030/3477/2808 1858/3488/2818 4310/3471/2803
f 3030/3477/2808 1042/3476/2807 3029/3483/2814 1858/3488/2818
f 1858/3488/2818 3029/3483/2814 405/3487/2817 4314/3489/2819
f 4310/3471/2803 1858/3488/2818 4314/3489/2819 187/3473/2804
f 182/3490/2820 4010/3491/2821 1859/3492/2822 4011/3493/2823
f 4010/3491/2821 833/3494/1689 3031/3495/2824 1859/3492/2822
f 1859/3492/2822 3031/3495/2824 1043/3496/2825 3036/3497/2826
f 4011/3493/2823 1859/3492/2822 3036/3497/2826 834/3498/1695
f 275/3499/2827 4008/3500/2828 1860/3501/2829 4009/3502/1686
f 4008/3500/2828 832/3503/2830 3032/3504/2831 1860/3501/2829
f 1860/3501/2829 3032/3504/2831 1043/3496/2825 3031/3495/2824
f 4009/3502/1686 1860/3501/2829 3031/3495/2824 833/3494/1689
f 181/3505/2832 4006/3506/2767 1861/3507/2833 4007/3508/1680
f 4006/3506/2767 831/3509/1674 3033/3510/2834 1861/3507/2833
f 1861/3507/2833 3033/3510/2834 1043/3496/2825 3032/3504/2831
f 4007/3508/1680 1861/3507/2833 3032/3504/2831 832/3503/2830
f 185/3511/1670 4016/3512/2835 1862/3513/2836 4005/3514/2837
f 4016/3512/2835 836/3515/2838 3034/3516/2839 1862/3513/2836
f 1862/3513/2836 3034/3516/2839 1043/3496/2825 3033/3510/2834
f 4005/3514/2837 1862/3513/2836 3033/3510/2834 831/3509/1674
f 248/3517/1703 4014/3518/1706 1863/3519/2840 4015/3520/1704
f 4014/3518/1706 835/3521/2841 3035/3522/2842 1863/3519/2840
f 1863/3519/2840 3035/3522/2842 1043/3496/2825 3034/3516/2839
f 4015/3520/1704 1863/3519/2840 3034/3516/2839 836/3515/2838
f 188/3523/1697 4012/3524/2843 1864/3525/2844 4013/3526/2845
f 4012/3524/2843 834/3498/1695 3036/3497/2826 1864/3525/2844
f 1864/3525/2844 3036/3497/2826 1043/3496/2825 3035/3522/2842
f 4013/3526/2845 1864/3525/2844 3035/3522/2842 835/3521/2841
f 185/3449/1670 4306/3448/2784 1865/3527/2846 4320/3528/2847
f 4306/3448/2784 401/3445/2781 3037/3529/2848 1865/3527/2846
f 1865/3527/2846 3037/3529/2848 1044/3530/2849 3040/3531/2850
f 4320/3528/2847 1865/3527/2846 3040/3531/2850 408/3532/2851
f 401/3445/2781 4305/3444/2780 1866/3533/2852 3037/3529/2848
f 4305/3444/2780 186/3443/2779 4315/3534/2853 1866/3533/2852
f 1866/3533/2852 4315/3534/2853 406/3535/2854 3038/3536/2855
f 3037/3529/2848 1866/3533/2852 3038/3536/2855 1044/3530/2849
f 1044/3530/2849 3038/3536/2855 1867/3537/2856 3039/3538/2857
f 3038/3536/2855 406/3535/2854 4316/3539/2858 1867/3537/2856
f 1867/3537/2856 4316/3539/2858 228/3540/2859 4317/3541/2860
f 3039/3538/2857 1867/3537/2856 4317/3541/2860 407/3542/2861
f 408/3532/2851 3040/3531/2850 1868/3543/2862 4319/3544/2863
f 3040/3531/2850 1044/3530/2849 3039/3538/2857 1868/3543/2862
f 1868/3543/2862 3039/3538/2857 407/3542/2861 4318/3545/2864
f 4319/3544/2863 1868/3543/2862 4318/3545/2864 225/3546/2865
f 256/3547/2866 4321/3548/2867 1869/3549/2868 4326/3550/2869
f 4321/3548/2867 409/3551/2870 3041/3552/2871 1869/3549/2868
f 1869/3549/2868 3041/3552/2871 1045/3553/2872 3044/3554/2873
f 4326/3550/2869 1869/3549/2868 3044/3554/2873 411/3555/2874
f 409/3551/2870 4322/3556/2875 1870/3557/2876 3041/3552/2871
f 4322/3556/2875 257/3450/2785 4312/3453/2788 1870/3557/2876
f 1870/3557/2876 4312/3453/2788 404/3458/2793 3042/3558/2877
f 3041/3552/2871 1870/3557/2876 3042/3558/2877 1045/3553/2872
f 1045/3553/2872 3042/3558/2877 1871/3559/2878 3043/3560/2879
f 3042/3558/2877 404/3458/2793 4311/3469/2802 1871/3559/2878
f 1871/3561/2878 4311/3472/2802 187/3473/2804 4323/3562/2880
f 3043/3563/2879 1871/3561/2878 4323/3562/2880 410/3564/2881
f 411/3555/2874 3044/3554/2873 1872/3565/2882 4325/3566/2883
f 3044/3554/2873 1045/3553/2872 3043/3560/2879 1872/3565/2882
f 1872/3567/2882 3043/3563/2879 410/3564/2881 4324/3568/2884
f 4325/3569/2883 1872/3567/2882 4324/3568/2884 227/3570/2885
f 187/3473/2804 4314/3489/2819 1873/3571/2886 4323/3562/2880
f 4314/3489/2819 405/3487/2817 3045/3572/2887 1873/3571/2886
f 1873/3571/2886 3045/3572/2887 1046/3573/2888 3048/3574/2889
f 4323/3562/2880 1873/3571/2886 3048/3574/2889 410/3564/2881
f 405/3487/2817 4313/3486/2816 1874/3575/2890 3045/3572/2887
f 4313/3486/2816 188/3485/1697 4327/3576/2891 1874/3575/2890
f 1874/3575/2890 4327/3576/2891 412/3577/2892 3046/3578/2893
f 3045/3572/2887 1874/3575/2890 3046/3578/2893 1046/3573/2888
f 1046/3573/2888 3046/3578/2893 1875/3579/2894 3047/3580/2895
f 3046/3578/2893 412/3577/2892 4328/3581/2896 1875/3579/2894
f 1875/3579/2894 4328/3581/2896 226/3582/2897 4329/3583/2898
f 3047/3580/2895 1875/3579/2894 4329/3583/2898 413/3584/2899
f 410/3564/2881 3048/3574/2889 1876/3585/2900 4324/3568/2884
f 3048/3574/2889 1046/3573/2888 3047/3580/2895 1876/3585/2900
f 1876/3585/2900 3047/3580/2895 413/3584/2899 4330/3586/2901
f 4324/3568/2884 1876/3585/2900 4330/3586/2901 227/3570/2885
f 188/3485/1697 4013/3587/2902 1877/3588/2903 4327/3576/2891
f 4013/3589/2902 835/3590/2904 3049/3591/2905 1877/3592/2903
f 1877/3592/2903 3049/3591/2905 1047/3593/2906 3052/3594/2907
f 4327/3576/2891 1877/3588/2903 3052/3595/2907 412/3577/2892
f 835/3590/2904 4014/3596/1706 1878/3597/2908 3049/3591/2905
f 4014/3596/1706 248/3598/1703 4331/3599/2909 1878/3597/2908
f 1878/3597/2908 4331/3599/2909 414/3600/2910 3050/3601/2911
f 3049/3591/2905 1878/3597/2908 3050/3601/2911 1047/3593/2906
f 1047/3593/2906 3050/3601/2911 1879/3602/2912 3051/3603/2913
f 3050/3601/2911 414/3600/2910 4332/3604/2914 1879/3602/2912
f 1879/3602/2912 4332/3604/2914 249/3605/2915 4333/3606/2916
f 3051/3603/2913 1879/3602/2912 4333/3606/2916 415/3607/2917
f 412/3577/2892 3052/3595/2907 1880/3608/2918 4328/3581/2896
f 3052/3594/2907 1047/3593/2906 3051/3603/2913 1880/3609/2918
f 1880/3609/2918 3051/3603/2913 415/3607/2917 4334/3610/2919
f 4328/3581/2896 1880/3608/2918 4334/3611/2919 226/3582/2897
f 189/3612/2920 4335/3613/2921 1881/3614/2922 4342/3615/2923
f 4335/3613/2921 416/3616/2924 3053/3617/2925 1881/3614/2922
f 1881/3614/2922 3053/3617/2925 1048/3618/2926 3056/3619/2927
f 4342/3615/2923 1881/3614/2922 3056/3619/2927 419/3620/2928
f 416/3616/2924 4336/3621/2929 1882/3622/2930 3053/3617/2925
f 4336/3621/2929 190/3623/2931 4337/3624/2932 1882/3622/2930
f 1882/3622/2930 4337/3624/2932 417/3625/2933 3054/3626/2934
f 3053/3617/2925 1882/3622/2930 3054/3626/2934 1048/3618/2926
f 1048/3618/2926 3054/3626/2934 1883/3627/2935 3055/3628/2936
f 3054/3626/2934 417/3625/2933 4338/3629/2937 1883/3627/2935
f 1883/3627/2935 4338/3629/2937 194/3630/2938 4339/3631/2939
f 3055/3628/2936 1883/3627/2935 4339/3631/2939 418/3632/2940
f 419/3620/2928 3056/3619/2927 1884/3633/2941 4341/3634/2942
f 3056/3619/2927 1048/3618/2926 3055/3628/2936 1884/3633/2941
f 1884/3633/2941 3055/3628/2936 418/3632/2940 4340/3635/2943
f 4341/3634/2942 1884/3633/2941 4340/3635/2943 193/3636/2944
f 254/3637/2945 4343/3638/2946 1885/3639/2947 4350/3640/2948
f 4343/3638/2946 420/3641/2949 3057/3642/2950 1885/3639/2947
f 1885/3639/2947 3057/3642/2950 1049/3643/2951 3060/3644/2952
f 4350/3640/2948 1885/3639/2947 3060/3644/2952 423/3645/2953
f 420/3641/2949 4344/3646/2954 1886/3647/2955 3057/3642/2950
f 4344/3646/2954 255/3648/2956 4345/3649/2957 1886/3647/2955
f 1886/3647/2955 4345/3649/2957 421/3650/2958 3058/3651/2959
f 3057/3642/2950 1886/3647/2955 3058/3651/2959 1049/3643/2951
f 1049/3643/2951 3058/3651/2959 1887/3652/2960 3059/3653/2961
f 3058/3651/2959 421/3650/2958 4346/3654/2962 1887/3652/2960
f 1887/3655/2960 4346/3656/2962 191/3657/2963 4347/3658/2964
f 3059/3659/2961 1887/3655/2960 4347/3658/2964 422/3660/2965
f 423/3645/2953 3060/3644/2952 1888/3661/2966 4349/3662/2967
f 3060/3644/2952 1049/3643/2951 3059/3653/2961 1888/3661/2966
f 1888/3663/2966 3059/3659/2961 422/3660/2965 4348/3664/2968
f 4349/3665/2967 1888/3663/2966 4348/3664/2968 195/3666/2969
f 191/3657/2963 4351/3667/2970 1889/3668/2971 4347/3658/2964
f 4351/3667/2970 424/3669/2972 3061/3670/2973 1889/3668/2971
f 1889/3668/2971 3061/3670/2973 1050/3671/2974 3064/3672/2975
f 4347/3658/2964 1889/3668/2971 3064/3672/2975 422/3660/2965
f 424/3669/2972 4352/3673/2976 1890/3674/2977 3061/3670/2973
f 4352/3673/2976 192/3675/2978 4353/3676/2979 1890/3674/2977
f 1890/3674/2977 4353/3676/2979 425/3677/2980 3062/3678/2981
f 3061/3670/2973 1890/3674/2977 3062/3678/2981 1050/3671/2974
f 1050/3671/2974 3062/3678/2981 1891/3679/2982 3063/3680/2983
f 3062/3678/2981 425/3677/2980 4354/3681/2984 1891/3679/2982
f 1891/3679/2982 4354/3681/2984 196/3682/2985 4355/3683/2986
f 3063/3680/2983 1891/3679/2982 4355/3683/2986 426/3684/2987
f 422/3660/2965 3064/3672/2975 1892/3685/2988 4348/3664/2968
f 3064/3672/2975 1050/3671/2974 3063/3680/2983 1892/3685/2988
f 1892/3685/2988 3063/3680/2983 426/3684/2987 4356/3686/2989
f 4348/3664/2968 1892/3685/2988 4356/3686/2989 195/3666/2969
f 192/3675/2978 4357/3687/2990 1893/3688/2991 4353/3676/2979
f 4357/3689/2990 427/3690/2992 3065/3691/2993 1893/3692/2991
f 1893/3692/2991 3065/3691/2993 1051/3693/2994 3068/3694/2995
f 4353/3676/2979 1893/3688/2991 3068/3695/2995 425/3677/2980
f 427/3690/2992 4358/3696/2996 1894/3697/2997 3065/3691/2993
f 4358/3696/2996 250/3698/2998 4359/3699/2999 1894/3697/2997
f 1894/3697/2997 4359/3699/2999 428/3700/3000 3066/3701/3001
f 3065/3691/2993 1894/3697/2997 3066/3701/3001 1051/3693/2994
f 1051/3693/2994 3066/3701/3001 1895/3702/3002 3067/3703/3003
f 3066/3701/3001 428/3700/3000 4360/3704/3004 1895/3702/3002
f 1895/3702/3002 4360/3704/3004 251/3705/3005 4361/3706/3006
f 3067/3703/3003 1895/3702/3002 4361/3706/3006 429/3707/3007
f 425/3677/2980 3068/3695/2995 1896/3708/3008 4354/3681/2984
f 3068/3694/2995 1051/3693/2994 3067/3703/3003 1896/3709/3008
f 1896/3709/3008 3067/3703/3003 429/3707/3007 4362/3710/3009
f 4354/3681/2984 1896/3708/3008 4362/3711/3009 196/3682/2985
f 193/3636/2944 4340/3635/2943 1897/3712/3010 4368/3713/3011
f 4340/3635/2943 418/3632/2940 3069/3714/3012 1897/3712/3010
f 1897/3712/3010 3069/3714/3012 1052/3715/3013 3072/3716/3014
f 4368/3713/3011 1897/3712/3010 3072/3716/3014 432/3717/3015
f 418/3632/2940 4339/3631/2939 1898/3718/3016 3069/3714/3012
f 4339/3631/2939 194/3630/2938 4363/3719/3017 1898/3718/3016
f 1898/3718/3016 4363/3719/3017 430/3720/3018 3070/3721/3019
f 3069/3714/3012 1898/3718/3016 3070/3721/3019 1052/3715/3013
f 1052/3715/3013 3070/3721/3019 1899/3722/3020 3071/3723/3021
f 3070/3721/3019 430/3720/3018 4364/3724/3022 1899/3722/3020
f 1899/3722/3020 4364/3724/3022 198/3725/3023 4365/3726/3024
f 3071/3723/3021 1899/3722/3020 4365/3726/3024 431/3727/3025
f 432/3717/3015 3072/3716/3014 1900/3728/3026 4367/3729/3027
f 3072/3716/3014 1052/3715/3013 3071/3723/3021 1900/3728/3026
f 1900/3728/3026 3071/3723/3021 431/3727/3025 4366/3730/3028
f 4367/3731/3027 1900/3732/3026 4366/3733/3028 197/3734/3029
f 253/3735/1808 4369/3736/3030 1901/3737/3031 4047/3738/1809
f 4369/3736/3030 433/3739/3032 3073/3740/3033 1901/3737/3031
f 1901/3737/3031 3073/3740/3033 1053/3741/3034 3076/3742/3035
f 4047/3738/1809 1901/3737/3031 3076/3742/3035 852/3743/1810
f 433/3739/3032 4370/3744/3036 1902/3745/3037 3073/3740/3033
f 4370/3744/3036 254/3637/2945 4350/3640/2948 1902/3745/3037
f 1902/3745/3037 4350/3640/2948 423/3645/2953 3074/3746/3038
f 3073/3740/3033 1902/3745/3037 3074/3746/3038 1053/3741/3034
f 1053/3741/3034 3074/3746/3038 1903/3747/3039 3075/3748/3040
f 3074/3746/3038 423/3645/2953 4349/3662/2967 1903/3747/3039
f 1903/3749/3039 4349/3665/2967 195/3666/2969 4371/3750/3041
f 3075/3751/3040 1903/3749/3039 4371/3750/3041 434/3752/3042
f 852/2209/1810 3076/3753/3035 1904/3754/3043 4048/2213/1814
f 3076/3742/3035 1053/3741/3034 3075/3748/3040 1904/3755/3043
f 1904/3756/3043 3075/3751/3040 434/3752/3042 4372/3757/3044
f 4048/2213/1814 1904/3754/3043 4372/3758/3044 199/2214/1815
f 195/3666/2969 4356/3686/2989 1905/3759/3045 4371/3750/3041
f 4356/3686/2989 426/3684/2987 3077/3760/3046 1905/3759/3045
f 1905/3759/3045 3077/3760/3046 1054/3761/3047 3080/3762/3048
f 4371/3750/3041 1905/3759/3045 3080/3762/3048 434/3752/3042
f 426/3684/2987 4355/3683/2986 1906/3763/3049 3077/3760/3046
f 4355/3683/2986 196/3682/2985 4373/3764/3050 1906/3763/3049
f 1906/3763/3049 4373/3764/3050 435/3765/3051 3078/3766/3052
f 3077/3760/3046 1906/3763/3049 3078/3766/3052 1054/3761/3047
f 1054/3761/3047 3078/3766/3052 1907/3767/3053 3079/3768/3054
f 3078/3766/3052 435/3765/3051 4374/3769/3055 1907/3767/3053
f 1907/3770/3053 4374/3771/3055 200/2220/1821 4050/2219/1820
f 3079/3768/3054 1907/3767/3053 4050/3772/1820 853/3773/1817
f 434/3752/3042 3080/3762/3048 1908/3774/3056 4372/3757/3044
f 3080/3762/3048 1054/3761/3047 3079/3768/3054 1908/3774/3056
f 1908/3774/3056 3079/3768/3054 853/3773/1817 4049/3775/1816
f 4372/3757/3044 1908/3774/3056 4049/3775/1816 199/3776/1815
f 196/3682/2985 4362/3711/3009 1909/3777/3057 4373/3764/3050
f 4362/3710/3009 429/3707/3007 3081/3778/3058 1909/3779/3057
f 1909/3779/3057 3081/3778/3058 1055/3780/3059 3084/3781/3060
f 4373/3764/3050 1909/3777/3057 3084/3782/3060 435/3765/3051
f 429/3707/3007 4361/3706/3006 1910/3783/3061 3081/3778/3058
f 4361/3706/3006 251/3705/3005 4375/3784/3062 1910/3783/3061
f 1910/3783/3061 4375/3784/3062 436/3785/3063 3082/3786/3064
f 3081/3778/3058 1910/3783/3061 3082/3786/3064 1055/3780/3059
f 1055/3787/3059 3082/3788/3064 1911/3789/3065 3083/3790/3066
f 3082/3788/3064 436/3791/3063 4376/3792/3067 1911/3789/3065
f 1911/3789/3065 4376/3792/3067 252/2196/1797 4052/2199/1800
f 3083/3790/3066 1911/3789/3065 4052/2199/1800 854/2204/1805
f 435/3765/3051 3084/3782/3060 1912/3793/3068 4374/3769/3055
f 3084/3794/3060 1055/3787/3059 3083/3790/3066 1912/3795/3068
f 1912/3795/3068 3083/3790/3066 854/2204/1805 4051/2218/1819
f 4374/3771/3055 1912/3795/3068 4051/2218/1819 200/2220/1821
f 179/2153/1760 4286/3796/2702 1913/3797/3069 4382/3798/3070
f 4286/3355/2702 391/3353/2700 3085/3799/3071 1913/3800/3069
f 1913/3800/3069 3085/3799/3071 1056/3801/3072 3088/3802/3073
f 4382/3798/3070 1913/3797/3069 3088/3803/3073 439/3804/3074
f 391/3353/2700 4285/3352/2699 1914/3805/3075 3085/3799/3071
f 4285/3352/2699 181/3351/1679 4377/3806/3076 1914/3805/3075
f 1914/3805/3075 4377/3806/3076 437/3807/3077 3086/3808/3078
f 3085/3799/3071 1914/3805/3075 3086/3808/3078 1056/3801/3072
f 1056/3801/3072 3086/3808/3078 1915/3809/3079 3087/3810/3080
f 3086/3808/3078 437/3807/3077 4378/3811/3081 1915/3809/3079
f 1915/3809/3079 4378/3811/3081 202/3812/3082 4379/3813/3083
f 3087/3810/3080 1915/3809/3079 4379/3813/3083 438/3814/3084
f 439/3815/3074 3088/3802/3073 1916/3816/3085 4381/3817/3086
f 3088/3802/3073 1056/3801/3072 3087/3810/3080 1916/3816/3085
f 1916/3816/3085 3087/3810/3080 438/3814/3084 4380/3818/3087
f 4381/3817/3086 1916/3816/3085 4380/3818/3087 201/3819/3088
f 181/3820/1679 4007/3821/3089 1917/3822/3090 4377/3823/3076
f 4007/3821/3089 832/3824/3091 3089/3825/3092 1917/3822/3090
f 1917/3822/3090 3089/3825/3092 1057/3826/3093 3092/3827/3094
f 4377/3823/3076 1917/3822/3090 3092/3827/3094 437/3828/3077
f 832/3824/3091 4008/3829/1688 1918/3830/3095 3089/3825/3092
f 4008/3829/1688 275/3831/3096 4383/3832/3097 1918/3830/3095
f 1918/3830/3095 4383/3832/3097 440/3833/3098 3090/3834/3099
f 3089/3825/3092 1918/3830/3095 3090/3834/3099 1057/3826/3093
f 1057/3826/3093 3090/3834/3099 1919/3835/3100 3091/3836/3101
f 3090/3834/3099 440/3833/3098 4384/3837/3102 1919/3835/3100
f 1919/3835/3100 4384/3837/3102 276/3838/3103 4385/3839/3104
f 3091/3836/3101 1919/3835/3100 4385/3839/3104 441/3840/3105
f 437/3828/3077 3092/3827/3094 1920/3841/3106 4378/3842/3081
f 3092/3827/3094 1057/3826/3093 3091/3836/3101 1920/3841/3106
f 1920/3843/3106 3091/3844/3101 441/3845/3105 4386/3846/3107
f 4378/3847/3081 1920/3843/3106 4386/3846/3107 202/3848/3082
f 182/3371/1691 4288/3370/2717 1921/3849/3108 4392/3850/3109
f 4288/3370/2717 392/3367/2714 3093/3851/3110 1921/3849/3108
f 1921/3849/3108 3093/3851/3110 1058/3852/3111 3096/3853/3112
f 4392/3850/3109 1921/3849/3108 3096/3853/3112 444/3854/3113
f 392/3367/2714 4287/3366/2713 1922/3855/3114 3093/3851/3110
f 4287/3856/2713 180/3857/2687 4387/3858/3115 1922/3859/3114
f 1922/3859/3114 4387/3858/3115 442/3860/3116 3094/3861/3117
f 3093/3851/3110 1922/3855/3114 3094/3862/3117 1058/3852/3111
f 1058/3852/3111 3094/3862/3117 1923/3863/3118 3095/3864/3119
f 3094/3862/3117 442/3865/3116 4388/3866/3120 1923/3863/3118
f 1923/3863/3118 4388/3866/3120 204/3867/3121 4389/3868/3122
f 3095/3864/3119 1923/3863/3118 4389/3868/3122 443/3869/3123
f 444/3854/3113 3096/3853/3112 1924/3870/3124 4391/3871/3125
f 3096/3853/3112 1058/3852/3111 3095/3864/3119 1924/3870/3124
f 1924/3870/3124 3095/3864/3119 443/3869/3123 4390/3872/3126
f 4391/3871/3125 1924/3870/3124 4390/3872/3126 203/3873/3127
f 281/3874/3128 4393/3875/3129 1925/3876/3130 4396/3877/3131
f 4393/3878/3129 445/3879/3132 3097/3880/3133 1925/3881/3130
f 1925/3881/3130 3097/3880/3133 1059/3882/3134 3100/3883/3135
f 4396/3877/3131 1925/3876/3130 3100/3884/3135 446/3885/3136
f 445/3879/3132 4394/3886/3137 1926/3887/3138 3097/3880/3133
f 4394/3886/3137 282/2165/1767 4034/2163/1766 1926/3887/3138
f 1926/3887/3138 4034/2163/1766 845/2156/1762 3098/3888/3139
f 3097/3880/3133 1926/3887/3138 3098/3888/3139 1059/3882/3134
f 1059/3882/3134 3098/3888/3139 1927/3889/3140 3099/3890/3141
f 3098/3888/3139 845/2156/1762 4033/2154/1761 1927/3889/3140
f 1927/3889/3140 4033/2154/1761 179/2153/1760 4382/3798/3070
f 3099/3890/3141 1927/3889/3140 4382/3798/3070 439/3804/3074
f 446/3885/3136 3100/3884/3135 1928/3891/3142 4395/3892/3143
f 3100/3883/3135 1059/3882/3134 3099/3890/3141 1928/3893/3142
f 1928/3893/3142 3099/3890/3141 439/3804/3074 4381/3894/3086
f 4395/3892/3143 1928/3891/3142 4381/3895/3086 201/3896/3088
f 201/3819/3088 4380/3818/3087 1929/3897/3144 4402/3898/3145
f 4380/3818/3087 438/3814/3084 3101/3899/3146 1929/3897/3144
f 1929/3897/3144 3101/3899/3146 1060/3900/3147 3104/3901/3148
f 4402/3898/3145 1929/3897/3144 3104/3901/3148 449/3902/3149
f 438/3814/3084 4379/3813/3083 1930/3903/3150 3101/3899/3146
f 4379/3813/3083 202/3812/3082 4397/3904/3151 1930/3903/3150
f 1930/3903/3150 4397/3904/3151 447/3905/3152 3102/3906/3153
f 3101/3899/3146 1930/3903/3150 3102/3906/3153 1060/3900/3147
f 1060/3900/3147 3102/3906/3153 1931/3907/3154 3103/3908/3155
f 3102/3909/3153 447/3910/3152 4398/3911/3156 1931/3912/3154
f 1931/3912/3154 4398/3911/3156 206/3913/3157 4399/3914/3158
f 3103/3908/3155 1931/3907/3154 4399/3915/3158 448/3916/3159
f 449/3917/3149 3104/3918/3148 1932/3919/3160 4401/3920/3161
f 3104/3901/3148 1060/3900/3147 3103/3908/3155 1932/3921/3160
f 1932/3921/3160 3103/3908/3155 448/3916/3159 4400/3922/3162
f 4401/3920/3161 1932/3919/3160 4400/3923/3162 205/3924/3163
f 202/3848/3082 4386/3846/3107 1933/3925/3164 4397/3926/3151
f 4386/3846/3107 441/3845/3105 3105/3927/3165 1933/3925/3164
f 1933/3925/3164 3105/3927/3165 1061/3928/3166 3108/3929/3167
f 4397/3926/3151 1933/3925/3164 3108/3929/3167 447/3910/3152
f 441/3845/3105 4385/3930/3104 1934/3931/3168 3105/3927/3165
f 4385/3930/3104 276/3932/3103 4403/3933/3169 1934/3931/3168
f 1934/3931/3168 4403/3933/3169 450/3934/3170 3106/3935/3171
f 3105/3927/3165 1934/3931/3168 3106/3935/3171 1061/3928/3166
f 1061/3928/3166 3106/3935/3171 1935/3936/3172 3107/3937/3173
f 3106/3935/3171 450/3934/3170 4404/3938/3174 1935/3936/3172
f 1935/3936/3172 4404/3938/3174 277/3939/3175 4405/3940/3176
f 3107/3937/3173 1935/3936/3172 4405/3940/3176 451/3941/3177
f 447/3910/3152 3108/3929/3167 1936/3942/3178 4398/3911/3156
f 3108/3929/3167 1061/3928/3166 3107/3937/3173 1936/3942/3178
f 1936/3942/3178 3107/3937/3173 451/3941/3177 4406/3943/3179
f 4398/3911/3156 1936/3942/3178 4406/3943/3179 206/3913/3157
f 203/3873/3127 4390/3872/3126 1937/3944/3180 4412/3945/3181
f 4390/3872/3126 443/3869/3123 3109/3946/3182 1937/3944/3180
f 1937/3944/3180 3109/3946/3182 1062/3947/3183 3112/3948/3184
f 4412/3949/3181 1937/3950/3180 3112/3951/3184 454/3952/3185
f 443/3869/3123 4389/3868/3122 1938/3953/3186 3109/3946/3182
f 4389/3868/3122 204/3867/3121 4407/3954/3187 1938/3953/3186
f 1938/3953/3186 4407/3954/3187 452/3955/3188 3110/3956/3189
f 3109/3946/3182 1938/3953/3186 3110/3956/3189 1062/3947/3183
f 1062/3947/3183 3110/3956/3189 1939/3957/3190 3111/3958/3191
f 3110/3956/3189 452/3955/3188 4408/3959/3192 1939/3957/3190
f 1939/3960/3190 4408/3961/3192 208/3962/3193 4409/3963/3194
f 3111/3958/3191 1939/3957/3190 4409/3964/3194 453/3965/3195
f 454/3952/3185 3112/3951/3184 1940/3966/3196 4411/3967/3197
f 3112/3948/3184 1062/3947/3183 3111/3958/3191 1940/3968/3196
f 1940/3968/3196 3111/3958/3191 453/3965/3195 4410/3969/3198
f 4411/3967/3197 1940/3966/3196 4410/3970/3198 207/3971/3199
f 280/3972/3200 4413/3973/3201 1941/3974/3202 4416/3975/3203
f 4413/3973/3201 455/3976/3204 3113/3977/3205 1941/3974/3202
f 1941/3974/3202 3113/3977/3205 1063/3978/3206 3116/3979/3207
f 4416/3975/3203 1941/3974/3202 3116/3979/3207 456/3980/3208
f 455/3976/3204 4414/3981/3209 1942/3982/3210 3113/3977/3205
f 4414/3981/3209 281/3874/3128 4396/3877/3131 1942/3982/3210
f 1942/3982/3210 4396/3877/3131 446/3885/3136 3114/3983/3211
f 3113/3977/3205 1942/3982/3210 3114/3983/3211 1063/3978/3206
f 1063/3978/3206 3114/3983/3211 1943/3984/3212 3115/3985/3213
f 3114/3983/3211 446/3885/3136 4395/3892/3143 1943/3984/3212
f 1943/3984/3212 4395/3892/3143 201/3896/3088 4402/3986/3145
f 3115/3985/3213 1943/3984/3212 4402/3986/3145 449/3917/3149
f 456/3980/3208 3116/3979/3207 1944/3987/3214 4415/3988/3215
f 3116/3979/3207 1063/3978/3206 3115/3985/3213 1944/3987/3214
f 1944/3987/3214 3115/3985/3213 449/3917/3149 4401/3920/3161
f 4415/3988/3215 1944/3987/3214 4401/3920/3161 205/3924/3163
f 205/3924/3163 4400/3923/3162 1945/3989/3216 4420/3990/3217
f 4400/3922/3162 448/3916/3159 3117/3991/3218 1945/3992/3216
f 1945/3992/3216 3117/3991/3218 1064/3993/3219 3120/3994/3220
f 4420/3995/3217 1945/3992/3216 3120/3994/3220 458/3996/3221
f 448/3916/3159 4399/3915/3158 1946/3997/3222 3117/3991/3218
f 4399/3914/3158 206/3913/3157 4417/3998/3223 1946/3999/3222
f 1946/3997/3222 4417/4000/3223 457/4001/3224 3118/4002/3225
f 3117/3991/3218 1946/3997/3222 3118/4002/3225 1064/3993/3219
f 1064/3993/3219 3118/4002/3225 1947/4003/3226 3119/4004/3227
f 3118/4002/3225 457/4001/3224 4418/4005/3228 1947/4003/3226
f 1947/4006/3226 4418/4007/3228 210/2182/1783 4038/2180/1781
f 3119/4008/3227 1947/4006/3226 4038/2180/1781 847/2175/1776
f 458/3996/3221 3120/3994/3220 1948/4009/3229 4419/4010/3230
f 3120/3994/3220 1064/3993/3219 3119/4004/3227 1948/4009/3229
f 1948/4011/3229 3119/4008/3227 847/2175/1776 4037/2172/1773
f 4419/4012/3230 1948/4011/3229 4037/2172/1773 209/2171/1772
f 206/3913/3157 4406/3943/3179 1949/4013/3231 4417/3998/3223
f 4406/3943/3179 451/3941/3177 3121/4014/3232 1949/4013/3231
f 1949/4013/3231 3121/4014/3232 1065/4015/3233 3124/4016/3234
f 4417/3998/3223 1949/4013/3231 3124/4016/3234 457/4017/3224
f 451/3941/3177 4405/3940/3176 1950/4018/3235 3121/4014/3232
f 4405/3940/3176 277/3939/3175 4421/4019/3236 1950/4018/3235
f 1950/4018/3235 4421/4019/3236 459/4020/3237 3122/4021/3238
f 3121/4014/3232 1950/4018/3235 3122/4021/3238 1065/4015/3233
f 1065/4015/3233 3122/4021/3238 1951/4022/3239 3123/4023/3240
f 3122/4021/3238 459/4020/3237 4422/4024/3241 1951/4022/3239
f 1951/4025/3239 4422/4026/3241 278/2189/1790 4040/2188/1789
f 3123/4027/3240 1951/4025/3239 4040/2188/1789 848/2184/1785
f 457/4017/3224 3124/4016/3234 1952/4028/3242 4418/4029/3228
f 3124/4016/3234 1065/4015/3233 3123/4023/3240 1952/4028/3242
f 1952/4030/3242 3123/4027/3240 848/2184/1785 4039/2183/1784
f 4418/4007/3228 1952/4030/3242 4039/2183/1784 210/2182/1783
f 207/3971/3199 4410/3970/3198 1953/4031/3243 4428/4032/3244
f 4410/3969/3198 453/3965/3195 3125/4033/3245 1953/4034/3243
f 1953/4034/3243 3125/4033/3245 1066/4035/3246 3128/4036/3247
f 4428/4037/3244 1953/4034/3243 3128/4036/3247 462/4038/3248
f 453/3965/3195 4409/3964/3194 1954/4039/3249 3125/4033/3245
f 4409/3964/3194 208/4040/3193 4423/4041/3250 1954/4039/3249
f 1954/4039/3249 4423/4041/3250 460/4042/3251 3126/4043/3252
f 3125/4033/3245 1954/4039/3249 3126/4043/3252 1066/4035/3246
f 1066/4035/3246 3126/4043/3252 1955/4044/3253 3127/4045/3254
f 3126/4043/3252 460/4042/3251 4424/4046/3255 1955/4044/3253
f 1955/4047/3253 4424/4048/3255 212/4049/3256 4425/4050/3257
f 3127/4051/3254 1955/4047/3253 4425/4050/3257 461/4052/3258
f 462/4038/3248 3128/4036/3247 1956/4053/3259 4427/4054/3260
f 3128/4036/3247 1066/4035/3246 3127/4045/3254 1956/4053/3259
f 1956/4055/3259 3127/4051/3254 461/4052/3258 4426/4056/3261
f 4427/4057/3260 1956/4055/3259 4426/4056/3261 211/4058/3262
f 279/2195/1796 4429/4059/3263 1957/4060/3264 4043/2193/1794
f 4429/4061/3263 463/4062/3265 3129/4063/3266 1957/4064/3264
f 1957/4064/3264 3129/4063/3266 1067/4065/3267 3132/4066/3268
f 4043/2193/1794 1957/4060/3264 3132/4067/3268 850/2179/1780
f 463/4062/3265 4430/4068/3269 1958/4069/3270 3129/4063/3266
f 4430/4068/3269 280/3972/3200 4416/3975/3203 1958/4069/3270
f 1958/4069/3270 4416/3975/3203 456/3980/3208 3130/4070/3271
f 3129/4063/3266 1958/4069/3270 3130/4070/3271 1067/4065/3267
f 1067/4065/3267 3130/4070/3271 1959/4071/3272 3131/4072/3273
f 3130/4070/3271 456/3980/3208 4415/3988/3215 1959/4071/3272
f 1959/4071/3272 4415/3988/3215 205/3924/3163 4420/3990/3217
f 3131/4072/3273 1959/4071/3272 4420/3990/3217 458/4073/3221
f 850/2179/1780 3132/4067/3268 1960/4074/3274 4044/2174/1775
f 3132/4066/3268 1067/4065/3267 3131/4072/3273 1960/4075/3274
f 1960/4075/3274 3131/4072/3273 458/4073/3221 4419/4076/3230
f 4044/2174/1775 1960/4074/3274 4419/4012/3230 209/2171/1772
f 171/3171/2556 4260/3209/2587 1961/4077/3275 4436/4078/3276
f 4260/3209/2587 378/3207/2585 3133/4079/3277 1961/4077/3275
f 1961/4077/3275 3133/4079/3277 1068/4080/3278 3136/4081/3279
f 4436/4078/3276 1961/4077/3275 3136/4081/3279 466/4082/3280
f 378/3207/2585 4259/3206/2584 1962/4083/3281 3133/4079/3277
f 4259/3205/2584 173/2099/1707 4431/4084/3282 1962/4085/3281
f 1962/4083/3281 4431/4086/3282 464/4087/3283 3134/4088/3284
f 3133/4079/3277 1962/4083/3281 3134/4088/3284 1068/4080/3278
f 1068/4080/3278 3134/4088/3284 1963/4089/3285 3135/4090/3286
f 3134/4088/3284 464/4087/3283 4432/4091/3287 1963/4089/3285
f 1963/4089/3285 4432/4091/3287 214/4092/3288 4433/4093/3289
f 3135/4090/3286 1963/4089/3285 4433/4093/3289 465/4094/3290
f 466/4082/3280 3136/4081/3279 1964/4095/3291 4435/4096/3292
f 3136/4081/3279 1068/4080/3278 3135/4090/3286 1964/4095/3291
f 1964/4095/3291 3135/4090/3286 465/4094/3290 4434/4097/3293
f 4435/4096/3292 1964/4095/3291 4434/4097/3293 213/4098/3294
f 173/2099/1707 4024/2102/1710 1965/4099/3295 4431/4084/3282
f 4024/2102/1710 840/2107/1715 3137/4100/3296 1965/4099/3295
f 1965/4101/3295 3137/4102/3296 1069/4103/3297 3140/4104/3298
f 4431/4105/3282 1965/4101/3295 3140/4104/3298 464/4106/3283
f 840/2107/1715 4023/2121/1729 1966/4107/3299 3137/4100/3296
f 4023/2121/1729 285/2123/1731 4437/4108/3300 1966/4107/3299
f 1966/4109/3299 4437/4110/3300 467/4111/3301 3138/4112/3302
f 3137/4102/3296 1966/4109/3299 3138/4112/3302 1069/4103/3297
f 1069/4103/3297 3138/4112/3302 1967/4113/3303 3139/4114/3304
f 3138/4112/3302 467/4111/3301 4438/4115/3305 1967/4113/3303
f 1967/4113/3303 4438/4115/3305 286/4116/3306 4439/4117/3307
f 3139/4114/3304 1967/4113/3303 4439/4117/3307 468/4118/3308
f 464/4106/3283 3140/4104/3298 1968/4119/3309 4432/4120/3287
f 3140/4104/3298 1069/4103/3297 3139/4114/3304 1968/4119/3309
f 1968/4119/3309 3139/4114/3304 468/4118/3308 4440/4121/3310
f 4432/4120/3287 1968/4119/3309 4440/4121/3310 214/4122/3288
f 174/3228/2603 4262/3227/2602 1969/4123/3311 4446/4124/3312
f 4262/3224/2602 379/3221/2599 3141/4125/3313 1969/4126/3311
f 1969/4126/3311 3141/4125/3313 1070/4127/3314 3144/4128/3315
f 4446/4129/3312 1969/4126/3311 3144/4128/3315 471/4130/3316
f 379/3221/2599 4261/3220/2598 1970/4131/3317 3141/4125/3313
f 4261/3220/2598 172/3191/1665 4441/4132/3318 1970/4131/3317
f 1970/4131/3317 4441/4132/3318 469/4133/3319 3142/4134/3320
f 3141/4125/3313 1970/4131/3317 3142/4134/3320 1070/4127/3314
f 1070/4127/3314 3142/4134/3320 1971/4135/3321 3143/4136/3322
f 3142/4134/3320 469/4133/3319 4442/4137/3323 1971/4135/3321
f 1971/4135/3321 4442/4137/3323 216/4138/3324 4443/4139/3325
f 3143/4136/3322 1971/4135/3321 4443/4139/3325 470/4140/3326
f 471/4130/3316 3144/4128/3315 1972/4141/3327 4445/4142/3328
f 3144/4128/3315 1070/4127/3314 3143/4136/3322 1972/4141/3327
f 1972/4141/3327 3143/4136/3322 470/4140/3326 4444/4143/3329
f 4445/4142/3328 1972/4141/3327 4444/4143/3329 215/4144/3330
f 172/2057/1665 4002/2056/1664 1973/4145/3331 4441/4146/3318
f 4002/2056/1664 829/2052/1660 3145/4147/3332 1973/4145/3331
f 1973/4145/3331 3145/4147/3332 1071/4148/3333 3148/4149/3334
f 4441/4132/3318 1973/4150/3331 3148/4151/3334 469/4133/3319
f 829/2052/1660 4001/2051/1659 1974/4152/3335 3145/4147/3332
f 4001/2051/1659 244/2050/1658 4447/4153/3336 1974/4152/3335
f 1974/4152/3335 4447/4153/3336 472/4154/3337 3146/4155/3338
f 3145/4147/3332 1974/4152/3335 3146/4155/3338 1071/4148/3333
f 1071/4148/3333 3146/4155/3338 1975/4156/3339 3147/4157/3340
f 3146/4155/3338 472/4154/3337 4448/4158/3341 1975/4156/3339
f 1975/4156/3339 4448/4158/3341 245/4159/3342 4449/4160/3343
f 3147/4157/3340 1975/4156/3339 4449/4160/3343 473/4161/3344
f 469/4133/3319 3148/4151/3334 1976/4162/3345 4442/4137/3323
f 3148/4149/3334 1071/4148/3333 3147/4157/3340 1976/4163/3345
f 1976/4163/3345 3147/4157/3340 473/4161/3344 4450/4164/3346
f 4442/4137/3323 1976/4162/3345 4450/4165/3346 216/4138/3324
f 213/4098/3294 4434/4097/3293 1977/4166/3347 4456/4167/3348
f 4434/4097/3293 465/4094/3290 3149/4168/3349 1977/4166/3347
f 1977/4166/3347 3149/4168/3349 1072/4169/3350 3152/4170/3351
f 4456/4167/3348 1977/4166/3347 3152/4170/3351 476/4171/3352
f 465/4094/3290 4433/4093/3289 1978/4172/3353 3149/4168/3349
f 4433/4093/3289 214/4092/3288 4451/4173/3354 1978/4172/3353
f 1978/4174/3353 4451/4175/3354 474/4176/3355 3150/4177/3356
f 3149/4168/3349 1978/4172/3353 3150/4178/3356 1072/4169/3350
f 1072/4169/3350 3150/4178/3356 1979/4179/3357 3151/4180/3358
f 3150/4177/3356 474/4176/3355 4452/4181/3359 1979/4182/3357
f 1979/4182/3357 4452/4181/3359 218/4183/3360 4453/4184/3361
f 3151/4180/3358 1979/4179/3357 4453/4185/3361 475/4186/3362
f 476/4171/3352 3152/4170/3351 1980/4187/3363 4455/4188/3364
f 3152/4170/3351 1072/4169/3350 3151/4180/3358 1980/4187/3363
f 1980/4187/3363 3151/4180/3358 475/4186/3362 4454/4189/3365
f 4455/4188/3364 1980/4187/3363 4454/4189/3365 217/4190/3366
f 214/4122/3288 4440/4121/3310 1981/4191/3367 4451/4175/3354
f 4440/4121/3310 468/4118/3308 3153/4192/3368 1981/4191/3367
f 1981/4191/3367 3153/4192/3368 1073/4193/3369 3156/4194/3370
f 4451/4175/3354 1981/4191/3367 3156/4194/3370 474/4176/3355
f 468/4118/3308 4439/4117/3307 1982/4195/3371 3153/4192/3368
f 4439/4117/3307 286/4116/3306 4457/4196/3372 1982/4195/3371
f 1982/4195/3371 4457/4196/3372 477/4197/3373 3154/4198/3374
f 3153/4192/3368 1982/4195/3371 3154/4198/3374 1073/4193/3369
f 1073/4193/3369 3154/4198/3374 1983/4199/3375 3155/4200/3376
f 3154/4198/3374 477/4197/3373 4458/4201/3377 1983/4199/3375
f 1983/4199/3375 4458/4201/3377 287/4202/3378 4459/4203/3379
f 3155/4200/3376 1983/4199/3375 4459/4203/3379 478/4204/3380
f 474/4176/3355 3156/4194/3370 1984/4205/3381 4452/4181/3359
f 3156/4194/3370 1073/4193/3369 3155/4200/3376 1984/4205/3381
f 1984/4205/3381 3155/4200/3376 478/4204/3380 4460/4206/3382
f 4452/4181/3359 1984/4205/3381 4460/4206/3382 218/4183/3360
f 215/4144/3330 4444/4143/3329 1985/4207/3383 4466/4208/3384
f 4444/4143/3329 470/4140/3326 3157/4209/3385 1985/4207/3383
f 1985/4207/3383 3157/4209/3385 1074/4210/3386 3160/4211/3387
f 4466/4212/3384 1985/4213/3383 3160/4214/3387 481/4215/3388
f 470/4140/3326 4443/4139/3325 1986/4216/3389 3157/4209/3385
f 4443/4139/3325 216/4138/3324 4461/4217/3390 1986/4216/3389
f 1986/4216/3389 4461/4217/3390 479/4218/3391 3158/4219/3392
f 3157/4209/3385 1986/4216/3389 3158/4219/3392 1074/4210/3386
f 1074/4210/3386 3158/4219/3392 1987/4220/3393 3159/4221/3394
f 3158/4219/3392 479/4218/3391 4462/4222/3395 1987/4220/3393
f 1987/4220/3393 4462/4222/3395 220/4223/3396 4463/4224/3397
f 3159/4221/3394 1987/4220/3393 4463/4224/3397 480/4225/3398
f 481/4215/3388 3160/4214/3387 1988/4226/3399 4465/4227/3400
f 3160/4211/3387 1074/4210/3386 3159/4221/3394 1988/4228/3399
f 1988/4228/3399 3159/4221/3394 480/4225/3398 4464/4229/3401
f 4465/4227/3400 1988/4226/3399 4464/4230/3401 219/4231/3402
f 216/4138/3324 4450/4165/3346 1989/4232/3403 4461/4217/3390
f 4450/4164/3346 473/4161/3344 3161/4233/3404 1989/4234/3403
f 1989/4234/3403 3161/4233/3404 1075/4235/3405 3164/4236/3406
f 4461/4237/3390 1989/4234/3403 3164/4236/3406 479/4238/3391
f 473/4161/3344 4449/4160/3343 1990/4239/3407 3161/4233/3404
f 4449/4160/3343 245/4159/3342 4467/4240/3408 1990/4239/3407
f 1990/4239/3407 4467/4240/3408 482/4241/3409 3162/4242/3410
f 3161/4233/3404 1990/4239/3407 3162/4242/3410 1075/4235/3405
f 1075/4235/3405 3162/4242/3410 1991/4243/3411 3163/4244/3412
f 3162/4242/3410 482/4241/3409 4468/4245/3413 1991/4243/3411
f 1991/4243/3411 4468/4245/3413 246/4246/3414 4469/4247/3415
f 3163/4244/3412 1991/4243/3411 4469/4247/3415 483/4248/3416
f 479/4238/3391 3164/4236/3406 1992/4249/3417 4462/4250/3395
f 3164/4236/3406 1075/4235/3405 3163/4244/3412 1992/4249/3417
f 1992/4249/3417 3163/4244/3412 483/4248/3416 4470/4251/3418
f 4462/4250/3395 1992/4249/3417 4470/4251/3418 220/4252/3396
f 217/4190/3366 4454/4189/3365 1993/4253/3419 4476/4254/3420
f 4454/4189/3365 475/4186/3362 3165/4255/3421 1993/4253/3419
f 1993/4253/3419 3165/4255/3421 1076/4256/3422 3168/4257/3423
f 4476/4258/3420 1993/4259/3419 3168/4260/3423 486/4261/3424
f 475/4186/3362 4453/4185/3361 1994/4262/3425 3165/4255/3421
f 4453/4184/3361 218/4183/3360 4471/4263/3426 1994/4264/3425
f 1994/4264/3425 4471/4263/3426 484/4265/3427 3166/4266/3428
f 3165/4255/3421 1994/4262/3425 3166/4267/3428 1076/4256/3422
f 1076/4256/3422 3166/4267/3428 1995/4268/3429 3167/4269/3430
f 3166/4270/3428 484/4271/3427 4472/4272/3431 1995/4273/3429
f 1995/4273/3429 4472/4272/3431 222/4274/3432 4473/4275/3433
f 3167/4269/3430 1995/4268/3429 4473/4276/3433 485/4277/3434
f 486/4261/3424 3168/4260/3423 1996/4278/3435 4475/4279/3436
f 3168/4257/3423 1076/4256/3422 3167/4269/3430 1996/4280/3435
f 1996/4280/3435 3167/4269/3430 485/4277/3434 4474/4281/3437
f 4475/4279/3436 1996/4278/3435 4474/4282/3437 221/4283/3438
f 218/4183/3360 4460/4206/3382 1997/4284/3439 4471/4263/3426
f 4460/4206/3382 478/4204/3380 3169/4285/3440 1997/4284/3439
f 1997/4284/3439 3169/4285/3440 1077/4286/3441 3172/4287/3442
f 4471/4263/3426 1997/4284/3439 3172/4287/3442 484/4265/3427
f 478/4204/3380 4459/4203/3379 1998/4288/3443 3169/4285/3440
f 4459/4203/3379 287/4202/3378 4477/4289/3444 1998/4288/3443
f 1998/4288/3443 4477/4289/3444 487/4290/3445 3170/4291/3446
f 3169/4285/3440 1998/4288/3443 3170/4291/3446 1077/4286/3441
f 1077/4286/3441 3170/4291/3446 1999/4292/3447 3171/4293/3448
f 3170/4291/3446 487/4290/3445 4478/4294/3449 1999/4292/3447
f 1999/4295/3447 4478/4296/3449 288/4297/3450 4479/4298/3451
f 3171/4299/3448 1999/4295/3447 4479/4298/3451 488/4300/3452
f 484/4271/3427 3172/4301/3442 2000/4302/3453 4472/4272/3431
f 3172/4287/3442 1077/4286/3441 3171/4293/3448 2000/4303/3453
f 2000/4302/3453 3171/4299/3448 488/4300/3452 4480/4304/3454
f 4472/4272/3431 2000/4302/3453 4480/4304/3454 222/4274/3432
f 219/4231/3402 4464/4230/3401 2001/4305/3455 4486/4306/3456
f 4464/4229/3401 480/4225/3398 3173/4307/3457 2001/4308/3455
f 2001/4308/3455 3173/4307/3457 1078/4309/3458 3176/4310/3459
f 4486/4306/3456 2001/4305/3455 3176/4311/3459 491/4312/3460
f 480/4225/3398 4463/4224/3397 2002/4313/3461 3173/4307/3457
f 4463/4224/3397 220/4223/3396 4481/4314/3462 2002/4313/3461
f 2002/4315/3461 4481/4316/3462 489/4317/3463 3174/4318/3464
f 3173/4307/3457 2002/4313/3461 3174/4319/3464 1078/4309/3458
f 1078/4309/3458 3174/4319/3464 2003/4320/3465 3175/4321/3466
f 3174/4318/3464 489/4317/3463 4482/4322/3467 2003/4323/3465
f 2003/4323/3465 4482/4322/3467 224/4324/3468 4483/4325/3469
f 3175/4321/3466 2003/4320/3465 4483/4326/3469 490/4327/3470
f 491/4328/3460 3176/4329/3459 2004/4330/3471 4485/4331/3472
f 3176/4310/3459 1078/4309/3458 3175/4321/3466 2004/4332/3471
f 2004/4332/3471 3175/4321/3466 490/4327/3470 4484/4333/3473
f 4485/4331/3472 2004/4330/3471 4484/4334/3473 223/4335/3474
f 220/4252/3396 4470/4251/3418 2005/4336/3475 4481/4316/3462
f 4470/4251/3418 483/4248/3416 3177/4337/3476 2005/4336/3475
f 2005/4336/3475 3177/4337/3476 1079/4338/3477 3180/4339/3478
f 4481/4316/3462 2005/4336/3475 3180/4339/3478 489/4317/3463
f 483/4248/3416 4469/4247/3415 2006/4340/3479 3177/4337/3476
f 4469/4247/3415 246/4246/3414 4487/4341/3480 2006/4340/3479
f 2006/4340/3479 4487/4341/3480 492/4342/3481 3178/4343/3482
f 3177/4337/3476 2006/4340/3479 3178/4343/3482 1079/4338/3477
f 1079/4338/3477 3178/4343/3482 2007/4344/3483 3179/4345/3484
f 3178/4343/3482 492/4342/3481 4488/4346/3485 2007/4344/3483
f 2007/4344/3483 4488/4346/3485 247/4347/3486 4489/4348/3487
f 3179/4345/3484 2007/4344/3483 4489/4348/3487 493/4349/3488
f 489/4317/3463 3180/4339/3478 2008/4350/3489 4482/4322/3467
f 3180/4339/3478 1079/4338/3477 3179/4345/3484 2008/4350/3489
f 2008/4350/3489 3179/4345/3484 493/4349/3488 4490/4351/3490
f 4482/4322/3467 2008/4350/3489 4490/4351/3490 224/4324/3468
f 221/4283/3438 4474/4282/3437 2009/4352/3491 4494/4353/3492
f 4474/4281/3437 485/4277/3434 3181/4354/3493 2009/4355/3491
f 2009/4355/3491 3181/4354/3493 1080/4356/3494 3184/4357/3495
f 4494/4353/3492 2009/4352/3491 3184/4358/3495 495/4359/3496
f 485/4277/3434 4473/4276/3433 2010/4360/3497 3181/4354/3493
f 4473/4275/3433 222/4274/3432 4491/4361/3498 2010/4362/3497
f 2010/4362/3497 4491/4361/3498 494/4363/3499 3182/4364/3500
f 3181/4354/3493 2010/4360/3497 3182/4365/3500 1080/4356/3494
f 1080/4356/3494 3182/4365/3500 2011/4366/3501 3183/4367/3502
f 3182/4364/3500 494/4363/3499 4492/4368/3503 2011/4369/3501
f 2011/4369/3501 4492/4368/3503 181/4370/3504 4006/4371/3505
f 3183/4372/3502 2011/4369/3501 4006/4371/3505 831/4373/2771
f 495/4359/3496 3184/4358/3495 2012/4374/3506 4493/4375/3507
f 3184/4357/3495 1080/4356/3494 3183/4367/3502 2012/4376/3506
f 2012/4376/3506 3183/4367/3502 831/3435/2771 4005/3447/3508
f 4493/4375/3507 2012/4374/3506 4005/4377/3508 185/4378/1670
f 222/4274/3432 4480/4304/3454 2013/4379/3509 4491/4361/3498
f 4480/4304/3454 488/4300/3452 3185/4380/3510 2013/4379/3509
f 2013/4379/3509 3185/4380/3510 1081/4381/3511 3188/4382/3512
f 4491/4361/3498 2013/4379/3509 3188/4382/3512 494/4363/3499
f 488/4300/3452 4479/4298/3451 2014/4383/3513 3185/4380/3510
f 4479/4298/3451 288/4297/3450 4495/4384/3514 2014/4383/3513
f 2014/4383/3513 4495/4384/3514 496/4385/3515 3186/4386/3516
f 3185/4380/3510 2014/4383/3513 3186/4386/3516 1081/4381/3511
f 1081/4381/3511 3186/4386/3516 2015/4387/3517 3187/4388/3518
f 3186/4386/3516 496/4385/3515 4496/4389/3519 2015/4387/3517
f 2015/4387/3517 4496/4389/3519 275/4390/1685 4008/4391/3520
f 3187/4388/3518 2015/4387/3517 4008/4391/3520 832/4392/3091
f 494/4363/3499 3188/4382/3512 2016/4393/3521 4492/4368/3503
f 3188/4382/3512 1081/4381/3511 3187/4388/3518 2016/4393/3521
f 2016/4393/3521 3187/4388/3518 832/4392/3091 4007/4394/3089
f 4492/4368/3503 2016/4393/3521 4007/4394/3089 181/4370/3504
f 223/4335/3474 4484/4334/3473 2017/4395/3522 4500/4396/3523
f 4484/4333/3473 490/4327/3470 3189/4397/3524 2017/4398/3522
f 2017/4398/3522 3189/4397/3524 1082/4399/3525 3192/4400/3526
f 4500/4396/3523 2017/4395/3522 3192/4401/3526 498/4402/3527
f 490/4327/3470 4483/4326/3469 2018/4403/3528 3189/4397/3524
f 4483/4325/3469 224/4324/3468 4497/4404/3529 2018/4405/3528
f 2018/4405/3528 4497/4404/3529 497/4406/3530 3190/4407/3531
f 3189/4397/3524 2018/4403/3528 3190/4408/3531 1082/4399/3525
f 1082/4399/3525 3190/4408/3531 2019/4409/3532 3191/4410/3533
f 3190/4407/3531 497/4406/3530 4498/4411/3534 2019/4412/3532
f 2019/4412/3532 4498/4411/3534 188/4413/1697 4012/4414/3535
f 3191/4410/3533 2019/4409/3532 4012/3484/3535 834/3480/2811
f 498/4402/3527 3192/4401/3526 2020/4415/3536 4499/4416/3537
f 3192/4400/3526 1082/4399/3525 3191/4410/3533 2020/4417/3536
f 2020/4415/3536 3191/4418/3533 834/4419/2811 4011/4420/1692
f 4499/4416/3537 2020/4415/3536 4011/4420/1692 182/4421/3538
f 224/4324/3468 4490/4351/3490 2021/4422/3539 4497/4404/3529
f 4490/4351/3490 493/4349/3488 3193/4423/3540 2021/4422/3539
f 2021/4422/3539 3193/4423/3540 1083/4424/3541 3196/4425/3542
f 4497/4404/3529 2021/4422/3539 3196/4425/3542 497/4406/3530
f 493/4349/3488 4489/4348/3487 2022/4426/3543 3193/4423/3540
f 4489/4348/3487 247/4347/3486 4501/4427/3544 2022/4426/3543
f 2022/4426/3543 4501/4427/3544 499/4428/3545 3194/4429/3546
f 3193/4423/3540 2022/4426/3543 3194/4429/3546 1083/4424/3541
f 1083/4424/3541 3194/4429/3546 2023/4430/3547 3195/4431/3548
f 3194/4429/3546 499/4428/3545 4502/4432/3549 2023/4430/3547
f 2023/4430/3547 4502/4432/3549 248/4433/3550 4014/4434/1706
f 3195/4431/3548 2023/4430/3547 4014/4434/1706 835/4435/1701
f 497/4406/3530 3196/4425/3542 2024/4436/3551 4498/4411/3534
f 3196/4425/3542 1083/4424/3541 3195/4431/3548 2024/4436/3551
f 2024/4436/3551 3195/4431/3548 835/4435/1701 4013/4437/1698
f 4498/4411/3534 2024/4436/3551 4013/4437/1698 188/4413/1697
f 226/3582/2897 4334/3611/2919 2025/4438/3552 4506/4439/3553
f 4334/3610/2919 415/3607/2917 3197/4440/3554 2025/4441/3552
f 2025/4441/3552 3197/4440/3554 1084/4442/3555 3200/4443/3556
f 4506/4439/3553 2025/4438/3552 3200/4444/3556 501/4445/3557
f 415/3607/2917 4333/3606/2916 2026/4446/3558 3197/4440/3554
f 4333/3606/2916 249/3605/2915 4503/4447/3559 2026/4446/3558
f 2026/4446/3558 4503/4447/3559 500/4448/3560 3198/4449/3561
f 3197/4440/3554 2026/4446/3558 3198/4449/3561 1084/4442/3555
f 1084/4442/3555 3198/4449/3561 2027/4450/3562 3199/4451/3563
f 3198/4449/3561 500/4448/3560 4504/4452/3564 2027/4450/3562
f 2027/4450/3562 4504/4452/3564 250/3698/2998 4358/3696/2996
f 3199/4451/3563 2027/4450/3562 4358/3696/2996 427/3690/2992
f 501/4445/3557 3200/4444/3556 2028/4453/3565 4505/4454/3566
f 3200/4443/3556 1084/4442/3555 3199/4451/3563 2028/4455/3565
f 2028/4455/3565 3199/4451/3563 427/3690/2992 4357/3689/2990
f 4505/4454/3566 2028/4453/3565 4357/3687/2990 192/3675/2978
f 227/3570/2885 4330/3586/2901 2029/4456/3567 4508/4457/3568
f 4330/3586/2901 413/3584/2899 3201/4458/3569 2029/4456/3567
f 2029/4456/3567 3201/4458/3569 1085/4459/3570 3204/4460/3571
f 4508/4457/3568 2029/4456/3567 3204/4460/3571 502/4461/3572
f 413/3584/2899 4329/3583/2898 2030/4462/3573 3201/4458/3569
f 4329/3583/2898 226/3582/2897 4506/4439/3553 2030/4462/3573
f 2030/4462/3573 4506/4439/3553 501/4445/3557 3202/4463/3574
f 3201/4458/3569 2030/4462/3573 3202/4463/3574 1085/4459/3570
f 1085/4459/3570 3202/4463/3574 2031/4464/3575 3203/4465/3576
f 3202/4463/3574 501/4445/3557 4505/4454/3566 2031/4464/3575
f 2031/4464/3575 4505/4454/3566 192/3675/2978 4352/3673/2976
f 3203/4465/3576 2031/4464/3575 4352/3673/2976 424/3669/2972
f 502/4461/3572 3204/4460/3571 2032/4466/3577 4507/4467/3578
f 3204/4460/3571 1085/4459/3570 3203/4465/3576 2032/4466/3577
f 2032/4466/3577 3203/4465/3576 424/3669/2972 4351/3667/2970
f 4507/4467/3578 2032/4466/3577 4351/3667/2970 191/3657/2963
f 255/3648/2956 4509/4468/3579 2033/4469/3580 4345/3649/2957
f 4509/4468/3579 503/4470/3581 3205/4471/3582 2033/4469/3580
f 2033/4469/3580 3205/4471/3582 1086/4472/3583 3208/4473/3584
f 4345/3649/2957 2033/4469/3580 3208/4473/3584 421/3650/2958
f 503/4470/3581 4510/4474/3585 2034/4475/3586 3205/4471/3582
f 4510/4474/3585 256/3547/2866 4326/3550/2869 2034/4475/3586
f 2034/4475/3586 4326/3550/2869 411/3555/2874 3206/4476/3587
f 3205/4471/3582 2034/4475/3586 3206/4476/3587 1086/4472/3583
f 1086/4472/3583 3206/4476/3587 2035/4477/3588 3207/4478/3589
f 3206/4476/3587 411/3555/2874 4325/3566/2883 2035/4477/3588
f 2035/4479/3588 4325/3569/2883 227/3570/2885 4508/4457/3568
f 3207/4480/3589 2035/4479/3588 4508/4457/3568 502/4461/3572
f 421/3650/2958 3208/4473/3584 2036/4481/3590 4346/3654/2962
f 3208/4473/3584 1086/4472/3583 3207/4478/3589 2036/4481/3590
f 2036/4482/3590 3207/4480/3589 502/4461/3572 4507/4467/3578
f 4346/3656/2962 2036/4482/3590 4507/4467/3578 191/3657/2963
f 225/3546/2865 4318/3545/2864 2037/4483/3591 4514/4484/3592
f 4318/3545/2864 407/3542/2861 3209/4485/3593 2037/4483/3591
f 2037/4483/3591 3209/4485/3593 1087/4486/3594 3212/4487/3595
f 4514/4484/3592 2037/4483/3591 3212/4487/3595 505/4488/3596
f 407/3542/2861 4317/3541/2860 2038/4489/3597 3209/4485/3593
f 4317/3541/2860 228/3540/2859 4511/4490/3598 2038/4489/3597
f 2038/4489/3597 4511/4490/3598 504/4491/3599 3210/4492/3600
f 3209/4485/3593 2038/4489/3597 3210/4492/3600 1087/4486/3594
f 1087/4486/3594 3210/4492/3600 2039/4493/3601 3211/4494/3602
f 3210/4492/3600 504/4491/3599 4512/4495/3603 2039/4493/3601
f 2039/4493/3601 4512/4495/3603 190/3623/2931 4336/3621/2929
f 3211/4494/3602 2039/4493/3601 4336/3621/2929 416/3616/2924
f 505/4488/3596 3212/4487/3595 2040/4496/3604 4513/4497/3605
f 3212/4487/3595 1087/4486/3594 3211/4494/3602 2040/4496/3604
f 2040/4496/3604 3211/4494/3602 416/3616/2924 4335/3613/2921
f 4513/4497/3605 2040/4496/3604 4335/3613/2921 189/3612/2920
f 80/1207/987 3794/1205/1011 2041/4498/3606 4518/4499/3607
f 3794/1205/1011 725/1201/1009 3213/4500/3608 2041/4498/3606
f 2041/4498/3606 3213/4500/3608 1088/4501/3609 3216/4502/3610
f 4518/4499/3607 2041/4498/3606 3216/4502/3610 507/4503/3611
f 725/1201/1009 3793/1199/1008 2042/4504/3612 3213/4500/3608
f 3793/1199/1008 81/1198/1007 4515/4505/3613 2042/4504/3612
f 2042/4504/3612 4515/4505/3613 506/4506/3614 3214/4507/3615
f 3213/4500/3608 2042/4504/3612 3214/4507/3615 1088/4501/3609
f 1088/4501/3609 3214/4507/3615 2043/4508/3616 3215/4509/3617
f 3214/4507/3615 506/4506/3614 4516/4510/3618 2043/4508/3616
f 2043/4508/3616 4516/4510/3618 48/776/652 3696/774/650
f 3215/4509/3617 2043/4508/3616 3696/774/650 676/768/646
f 507/4503/3611 3216/4502/3610 2044/4511/3619 4517/4512/3620
f 3216/4502/3610 1088/4501/3609 3215/4509/3617 2044/4511/3619
f 2044/4511/3619 3215/4509/3617 676/768/646 3695/766/644
f 4517/4512/3620 2044/4511/3619 3695/766/644 47/597/503
f 81/1198/1007 3800/1235/1031 2045/4513/3621 4515/4505/3613
f 3800/1235/1031 728/1231/1029 3217/4514/3622 2045/4513/3621
f 2045/4513/3621 3217/4514/3622 1089/4515/3623 3220/4516/3624
f 4515/4505/3613 2045/4513/3621 3220/4516/3624 506/4506/3614
f 728/1231/1029 3799/1229/1028 2046/4517/3625 3217/4514/3622
f 3799/1229/1028 82/1228/1027 4519/4518/3626 2046/4517/3625
f 2046/4517/3625 4519/4518/3626 508/4519/3627 3218/4520/3628
f 3217/4514/3622 2046/4517/3625 3218/4520/3628 1089/4515/3623
f 1089/4515/3623 3218/4520/3628 2047/4521/3629 3219/4522/3630
f 3218/4520/3628 508/4519/3627 4520/4523/3631 2047/4521/3629
f 2047/4521/3629 4520/4523/3631 49/631/527 3702/801/670
f 3219/4522/3630 2047/4521/3629 3702/801/670 679/797/666
f 506/4506/3614 3220/4516/3624 2048/4524/3632 4516/4510/3618
f 3220/4516/3624 1089/4515/3623 3219/4522/3630 2048/4524/3632
f 2048/4524/3632 3219/4522/3630 679/797/666 3701/795/664
f 4516/4510/3618 2048/4524/3632 3701/795/664 48/776/652
f 102/1724/1367 3918/1722/1365 2049/4525/3633 4524/4526/3634
f 3918/1722/1365 787/1716/1361 3221/4527/3635 2049/4525/3633
f 2049/4525/3633 3221/4527/3635 1090/4528/3636 3224/4529/3637
f 4524/4526/3634 2049/4525/3633 3224/4529/3637 510/4530/3638
f 787/1716/1361 3917/1714/1359 2050/4531/3639 3221/4527/3635
f 3917/1714/1359 101/1564/1262 4521/4532/3640 2050/4531/3639
f 2050/4531/3639 4521/4532/3640 509/4533/3641 3222/4534/3642
f 3221/4527/3635 2050/4531/3639 3222/4534/3642 1090/4528/3636
f 1090/4528/3636 3222/4534/3642 2051/4535/3643 3223/4536/3644
f 3222/4534/3642 509/4533/3641 4522/4537/3645 2051/4535/3643
f 2051/4535/3643 4522/4537/3645 26/264/248 3584/289/268
f 3223/4536/3644 2051/4535/3643 3584/289/268 620/286/266
f 510/4530/3638 3224/4529/3637 2052/4538/3646 4523/4539/3647
f 3224/4529/3637 1090/4528/3636 3223/4536/3644 2052/4538/3646
f 2052/4538/3646 3223/4536/3644 620/286/266 3583/285/265
f 4523/4539/3647 2052/4538/3646 3583/285/265 27/284/264
f 103/1595/1282 3924/1745/1381 2053/4540/3648 4526/4541/3649
f 3924/1745/1381 790/1741/1377 3225/4542/3650 2053/4540/3648
f 2053/4540/3648 3225/4542/3650 1091/4543/3651 3228/4544/3652
f 4526/4541/3649 2053/4540/3648 3228/4544/3652 511/4545/3653
f 790/1741/1377 3923/1739/1375 2054/4546/3654 3225/4542/3650
f 3923/1739/1375 102/1724/1367 4524/4526/3634 2054/4546/3654
f 2054/4546/3654 4524/4526/3634 510/4530/3638 3226/4547/3655
f 3225/4542/3650 2054/4546/3654 3226/4547/3655 1091/4543/3651
f 1091/4543/3651 3226/4547/3655 2055/4548/3656 3227/4549/3657
f 3226/4547/3655 510/4530/3638 4523/4539/3647 2055/4548/3656
f 2055/4548/3656 4523/4539/3647 27/284/264 3588/311/284
f 3227/4549/3657 2055/4548/3656 3588/311/284 622/309/282
f 511/4545/3653 3228/4544/3652 2056/4550/3658 4525/4551/3659
f 3228/4544/3652 1091/4543/3651 3227/4549/3657 2056/4550/3658
f 2056/4550/3658 3227/4549/3657 622/309/282 3587/308/281
f 4525/4551/3659 2056/4550/3658 3587/308/281 28/307/280
f 91/1409/1171 4527/4552/3660 2057/4553/3661 3877/1553/1256
f 4527/4552/3660 512/4554/3662 3229/4555/3663 2057/4553/3661
f 2057/4553/3661 3229/4555/3663 1092/4556/3664 3232/4557/3665
f 3877/1553/1256 2057/4553/3661 3232/4557/3665 767/1555/1257
f 512/4554/3662 4528/4558/3666 2058/4559/3667 3229/4555/3663
f 4528/4558/3666 37/448/387 3620/447/386 2058/4559/3667
f 2058/4559/3667 3620/447/386 638/441/382 3230/4560/3668
f 3229/4555/3663 2058/4559/3667 3230/4560/3668 1092/4556/3664
f 1092/4556/3664 3230/4560/3668 2059/4561/3669 3231/4562/3670
f 3230/4560/3668 638/441/382 3619/440/381 2059/4561/3669
f 2059/4563/3669 3619/437/381 26/264/248 4522/4537/3645
f 3231/4564/3670 2059/4563/3669 4522/4537/3645 509/4533/3641
f 767/1555/1257 3232/4557/3665 2060/4565/3671 3878/4566/1261
f 3232/4557/3665 1092/4556/3664 3231/4562/3670 2060/4565/3671
f 2060/4567/3671 3231/4564/3670 509/4533/3641 4521/4532/3640
f 3878/1562/1261 2060/4567/3671 4521/4532/3640 101/1564/1262
f 80/1207/987 4518/4499/3607 2061/4568/3672 3841/1398/1165
f 4518/4499/3607 507/4503/3611 3233/4569/3673 2061/4568/3672
f 2061/4570/3672 3233/4571/3673 1093/4572/3674 3236/4573/3675
f 3841/1401/1165 2061/4570/3672 3236/4573/3675 749/1402/1166
f 507/4503/3611 4517/4512/3620 2062/4574/3676 3233/4569/3673
f 4517/4512/3620 47/597/503 3656/596/502 2062/4574/3676
f 2062/4575/3676 3656/594/502 656/589/498 3234/4576/3677
f 3233/4571/3673 2062/4575/3676 3234/4576/3677 1093/4572/3674
f 1093/4572/3674 3234/4576/3677 2063/4577/3678 3235/4578/3679
f 3234/4576/3677 656/589/498 3655/588/497 2063/4577/3678
f 2063/4577/3678 3655/588/497 37/448/387 4528/4558/3666
f 3235/4578/3679 2063/4577/3678 4528/4558/3666 512/4554/3662
f 749/1402/1166 3236/4573/3675 2064/4579/3680 3842/1407/1170
f 3236/4573/3675 1093/4572/3674 3235/4578/3679 2064/4579/3680
f 2064/4579/3680 3235/4578/3679 512/4554/3662 4527/4552/3660
f 3842/1407/1170 2064/4579/3680 4527/4552/3660 91/1409/1171
f 49/631/527 4520/4523/3631 2065/4580/3681 3663/628/525
f 4520/4523/3631 508/4519/3627 3237/4581/3682 2065/4580/3681
f 2065/4582/3681 3237/4583/3682 1094/4584/3683 3240/4585/3684
f 3663/624/525 2065/4582/3681 3240/4585/3684 660/610/513
f 508/4519/3627 4519/4518/3626 2066/4586/3685 3237/4581/3682
f 4519/4518/3626 82/1228/1027 3850/1417/1177 2066/4586/3685
f 2066/4587/3685 3850/1422/1177 753/1425/1181 3238/4588/3686
f 3237/4583/3682 2066/4587/3685 3238/4588/3686 1094/4584/3683
f 1094/4584/3683 3238/4588/3686 2067/4589/3687 3239/4590/3688
f 3238/4588/3686 753/1425/1181 3849/1437/1192 2067/4589/3687
f 2067/4589/3687 3849/1437/1192 92/1441/1194 4529/4591/3689
f 3239/4590/3688 2067/4589/3687 4529/4591/3689 513/4592/3690
f 660/610/513 3240/4585/3684 2068/4593/3691 3664/606/509
f 3240/4585/3684 1094/4584/3683 3239/4590/3688 2068/4593/3691
f 2068/4593/3691 3239/4590/3688 513/4592/3690 4530/4594/3692
f 3664/606/509 2068/4593/3691 4530/4594/3692 38/481/411
f 38/481/411 4530/4594/3692 2069/4595/3693 3627/477/409
f 4530/4594/3692 513/4592/3690 3241/4596/3694 2069/4595/3693
f 2069/4595/3693 3241/4596/3694 1095/4597/3695 3244/4598/3696
f 3627/477/409 2069/4595/3693 3244/4598/3696 642/463/397
f 513/4592/3690 4529/4591/3689 2070/4599/3697 3241/4596/3694
f 4529/4591/3689 92/1441/1194 3886/1571/1268 2070/4599/3697
f 2070/4599/3697 3886/1571/1268 771/1577/1272 3242/4600/3698
f 3241/4596/3694 2070/4599/3697 3242/4600/3698 1095/4597/3695
f 1095/4597/3695 3242/4600/3698 2071/4601/3699 3243/4602/3700
f 3242/4600/3698 771/1577/1272 3885/1589/1280 2071/4601/3699
f 2071/4603/3699 3885/1592/1280 103/1595/1282 4526/4541/3649
f 3243/4604/3700 2071/4603/3699 4526/4541/3649 511/4545/3653
f 642/463/397 3244/4598/3696 2072/4605/3701 3628/462/393
f 3244/4598/3696 1095/4597/3695 3243/4602/3700 2072/4605/3701
f 2072/4606/3701 3243/4604/3700 511/4545/3653 4525/4551/3659
f 3628/456/393 2072/4606/3701 4525/4551/3659 28/307/280
f 165/3051/2461 4234/3076/2481 2073/4607/3702 4229/3052/2462
f 4234/3076/2481 365/4608/2479 3245/4609/3703 2073/4607/3702
f 2073/4607/3702 3245/4609/3703 1096/4610/3704 3248/4611/3705
f 4229/3052/2462 2073/4607/3702 3248/4611/3705 363/3054/2463
f 365/4608/2479 4233/4612/2478 2074/4613/3706 3245/4609/3703
f 4233/4612/2478 233/4614/2477 4531/4615/3707 2074/4613/3706
f 2074/4613/3706 4531/4615/3707 514/4616/3708 3246/4617/3709
f 3245/4609/3703 2074/4613/3706 3246/4617/3709 1096/4610/3704
f 1096/4610/3704 3246/4617/3709 2075/4618/3710 3247/4619/3711
f 3246/4617/3709 514/4616/3708 4532/4620/3712 2075/4618/3710
f 2075/4618/3710 4532/4620/3712 234/4621/3713 4533/4622/3714
f 3247/4619/3711 2075/4618/3710 4533/4622/3714 515/4623/3715
f 363/3054/2463 3248/4611/3705 2076/4624/3716 4230/3058/2465
f 3248/4611/3705 1096/4610/3704 3247/4619/3711 2076/4624/3716
f 2076/4624/3716 3247/4619/3711 515/4623/3715 4534/4625/3717
f 4230/3058/2465 2076/4624/3716 4534/4625/3717 163/3010/2429
f 163/3010/2429 4534/4625/3717 2077/4626/3718 4221/3011/2430
f 4534/4625/3717 515/4623/3715 3249/4627/3719 2077/4626/3718
f 2077/4626/3718 3249/4627/3719 1097/4628/3720 3252/4629/3721
f 4221/3011/2430 2077/4626/3718 3252/4629/3721 359/3012/2431
f 515/4623/3715 4533/4622/3714 2078/4630/3722 3249/4627/3719
f 4533/4622/3714 234/4621/3713 4535/4631/3723 2078/4630/3722
f 2078/4630/3722 4535/4631/3723 516/4632/3724 3250/4633/3725
f 3249/4627/3719 2078/4630/3722 3250/4633/3725 1097/4628/3720
f 1097/4628/3720 3250/4633/3725 2079/4634/3726 3251/4635/3727
f 3250/4633/3725 516/4632/3724 4536/4636/3728 2079/4634/3726
f 2079/4634/3726 4536/4636/3728 235/4637/3729 4537/4638/3730
f 3251/4635/3727 2079/4634/3726 4537/4638/3730 517/4639/3731
f 359/3012/2431 3252/4629/3721 2080/4640/3732 4222/3015/2433
f 3252/4629/3721 1097/4628/3720 3251/4635/3727 2080/4640/3732
f 2080/4640/3732 3251/4635/3727 517/4639/3731 4538/4641/3733
f 4222/3015/2433 2080/4640/3732 4538/4641/3733 161/2970/2397
f 161/2970/2397 4538/4641/3733 2081/4642/3734 4213/2971/2398
f 4538/4641/3733 517/4639/3731 3253/4643/3735 2081/4642/3734
f 2081/4642/3734 3253/4643/3735 1098/4644/3736 3256/4645/3737
f 4213/2971/2398 2081/4642/3734 3256/4645/3737 355/2972/2399
f 517/4639/3731 4537/4638/3730 2082/4646/3738 3253/4643/3735
f 4537/4638/3730 235/4637/3729 4539/4647/3739 2082/4646/3738
f 2082/4646/3738 4539/4647/3739 518/4648/3740 3254/4649/3741
f 3253/4643/3735 2082/4646/3738 3254/4649/3741 1098/4644/3736
f 1098/4644/3736 3254/4649/3741 2083/4650/3742 3255/4651/3743
f 3254/4649/3741 518/4648/3740 4540/4652/3744 2083/4650/3742
f 2083/4650/3742 4540/4652/3744 236/4653/3745 4541/4654/3746
f 3255/4651/3743 2083/4650/3742 4541/4654/3746 519/4655/3747
f 355/2972/2399 3256/4645/3737 2084/4656/3748 4214/2974/2401
f 3256/4645/3737 1098/4644/3736 3255/4651/3743 2084/4656/3748
f 2084/4656/3748 3255/4651/3743 519/4655/3747 4542/4657/3749
f 4214/2974/2401 2084/4656/3748 4542/4657/3749 159/2928/2365
f 159/2928/2365 4542/4657/3749 2085/4658/3750 4205/2929/2366
f 4542/4657/3749 519/4655/3747 3257/4659/3751 2085/4658/3750
f 2085/4658/3750 3257/4659/3751 1099/4660/3752 3260/4661/3753
f 4205/2929/2366 2085/4658/3750 3260/4661/3753 351/2930/2367
f 519/4655/3747 4541/4654/3746 2086/4662/3754 3257/4659/3751
f 4541/4654/3746 236/4653/3745 4543/4663/3755 2086/4662/3754
f 2086/4662/3754 4543/4663/3755 520/4664/3756 3258/4665/3757
f 3257/4659/3751 2086/4662/3754 3258/4665/3757 1099/4660/3752
f 1099/4660/3752 3258/4665/3757 2087/4666/3758 3259/4667/3759
f 3258/4665/3757 520/4664/3756 4544/4668/3760 2087/4666/3758
f 2087/4666/3758 4544/4668/3760 237/4669/3761 4545/4670/3762
f 3259/4667/3759 2087/4666/3758 4545/4670/3762 521/4671/3763
f 351/2930/2367 3260/4661/3753 2088/4672/3764 4206/2932/2369
f 3260/4661/3753 1099/4660/3752 3259/4667/3759 2088/4672/3764
f 2088/4672/3764 3259/4667/3759 521/4671/3763 4546/4673/3765
f 4206/2932/2369 2088/4672/3764 4546/4673/3765 157/2878/2329
f 157/2878/2329 4546/4673/3765 2089/4674/3766 4195/2879/2330
f 4546/4673/3765 521/4671/3763 3261/4675/3767 2089/4674/3766
f 2089/4674/3766 3261/4675/3767 1100/4676/3768 3264/4677/3769
f 4195/2879/2330 2089/4674/3766 3264/4677/3769 346/2880/2331
f 521/4671/3763 4545/4670/3762 2090/4678/3770 3261/4675/3767
f 4545/4670/3762 237/4669/3761 4547/4679/3771 2090/4678/3770
f 2090/4678/3770 4547/4679/3771 522/4680/3772 3262/4681/3773
f 3261/4675/3767 2090/4678/3770 3262/4681/3773 1100/4676/3768
f 1100/4676/3768 3262/4681/3773 2091/4682/3774 3263/4683/3775
f 3262/4681/3773 522/4680/3772 4548/4684/3776 2091/4682/3774
f 2091/4682/3774 4548/4684/3776 238/2835/2298 4192/2838/2301
f 3263/4683/3775 2091/4682/3774 4192/2838/2301 344/2843/2306
f 346/2880/2331 3264/4677/3769 2092/4685/3777 4196/2883/2333
f 3264/4677/3769 1100/4676/3768 3263/4683/3775 2092/4685/3777
f 2092/4685/3777 3263/4683/3775 344/2843/2306 4191/2856/2315
f 4196/2883/2333 2092/4685/3777 4191/2856/2315 156/2860/2317
f 230/949/782 3730/948/781 2093/4686/3778 4552/4687/3779
f 3730/948/781 693/945/778 3265/4688/3780 2093/4686/3778
f 2093/4686/3778 3265/4688/3780 1101/4689/3781 3268/4690/3782
f 4552/4687/3779 2093/4686/3778 3268/4690/3782 524/4691/3783
f 693/945/778 3729/944/777 2094/4692/3784 3265/4688/3780
f 3729/944/777 229/943/776 4549/4693/3785 2094/4692/3784
f 2094/4692/3784 4549/4693/3785 523/4694/3786 3266/4695/3787
f 3265/4688/3780 2094/4692/3784 3266/4695/3787 1101/4689/3781
f 1101/4689/3781 3266/4695/3787 2095/4696/3788 3267/4697/3789
f 3266/4695/3787 523/4694/3786 4550/4698/3790 2095/4696/3788
f 2095/4696/3788 4550/4698/3790 67/1107/938 3770/1105/936
f 3267/4697/3789 2095/4696/3788 3770/1105/936 713/1100/931
f 524/4691/3783 3268/4690/3782 2096/4699/3791 4551/4700/3792
f 3268/4690/3782 1101/4689/3781 3267/4697/3789 2096/4699/3791
f 2096/4699/3791 3267/4697/3789 713/1100/931 3769/1097/928
f 4551/4700/3792 2096/4699/3791 3769/1097/928 66/1096/927
f 231/2579/2077 4128/2578/2076 2097/4701/3793 4554/4702/3794
f 4128/2578/2076 312/2574/2072 3269/4703/3795 2097/4701/3793
f 2097/4701/3793 3269/4703/3795 1102/4704/3796 3272/4705/3797
f 4554/4702/3794 2097/4701/3793 3272/4705/3797 525/4706/3798
f 312/2574/2072 4127/2573/2071 2098/4707/3799 3269/4703/3795
f 4127/2573/2071 230/2572/782 4552/4708/3779 2098/4707/3799
f 2098/4707/3799 4552/4708/3779 524/4709/3783 3270/4710/3800
f 3269/4703/3795 2098/4707/3799 3270/4710/3800 1102/4704/3796
f 1102/4704/3796 3270/4710/3800 2099/4711/3801 3271/4712/3802
f 3270/4710/3800 524/4709/3783 4551/4713/3792 2099/4711/3801
f 2099/4711/3801 4551/4713/3792 66/4714/927 4134/2591/2083
f 3271/4712/3802 2099/4711/3801 4134/2591/2083 315/2592/2087
f 525/4706/3798 3272/4705/3797 2100/4715/3803 4553/4716/3804
f 3272/4705/3797 1102/4704/3796 3271/4712/3802 2100/4715/3803
f 2100/4715/3803 3271/4712/3802 315/2592/2087 4133/2605/2095
f 4553/4716/3804 2100/4715/3803 4133/2605/2095 142/2610/2097
f 232/2808/2277 4180/2807/2276 2101/4717/3805 4556/4718/3806
f 4180/2807/2276 338/2803/2272 3273/4719/3807 2101/4717/3805
f 2101/4717/3805 3273/4719/3807 1103/4720/3808 3276/4721/3809
f 4556/4718/3806 2101/4717/3805 3276/4721/3809 526/4722/3810
f 338/2803/2272 4179/2802/2271 2102/4723/3811 3273/4719/3807
f 4179/2802/2271 231/2801/2077 4554/4724/3794 2102/4723/3811
f 2102/4723/3811 4554/4724/3794 525/4725/3798 3274/4726/3812
f 3273/4719/3807 2102/4723/3811 3274/4726/3812 1103/4720/3808
f 1103/4720/3808 3274/4726/3812 2103/4727/3813 3275/4728/3814
f 3274/4726/3812 525/4725/3798 4553/4729/3804 2103/4727/3813
f 2103/4727/3813 4553/4729/3804 142/2813/2097 4186/2815/2283
f 3275/4728/3814 2103/4727/3813 4186/2815/2283 341/2819/2287
f 526/4722/3810 3276/4721/3809 2104/4730/3815 4555/4731/3816
f 3276/4721/3809 1103/4720/3808 3275/4728/3814 2104/4730/3815
f 2104/4730/3815 3275/4728/3814 341/2819/2287 4185/2832/2295
f 4555/4731/3816 2104/4730/3815 4185/2832/2295 154/2834/2297
f 233/3070/2477 4232/3069/2476 2105/4732/3817 4558/4733/3818
f 4232/3069/2476 364/3065/2472 3277/4734/3819 2105/4732/3817
f 2105/4732/3817 3277/4734/3819 1104/4735/3820 3280/4736/3821
f 4558/4733/3818 2105/4732/3817 3280/4736/3821 527/4737/3822
f 364/3065/2472 4231/3064/2471 2106/4738/3823 3277/4734/3819
f 4231/3064/2471 232/2808/2277 4556/4718/3806 2106/4738/3823
f 2106/4738/3823 4556/4718/3806 526/4722/3810 3278/4739/3824
f 3277/4734/3819 2106/4738/3823 3278/4739/3824 1104/4735/3820
f 1104/4735/3820 3278/4739/3824 2107/4740/3825 3279/4741/3826
f 3278/4739/3824 526/4722/3810 4555/4731/3816 2107/4740/3825
f 2107/4740/3825 4555/4731/3816 154/2834/2297 4238/3078/2483
f 3279/4741/3826 2107/4740/3825 4238/3078/2483 367/3082/2487
f 527/4737/3822 3280/4736/3821 2108/4742/3827 4557/4743/3828
f 3280/4736/3821 1104/4735/3820 3279/4741/3826 2108/4742/3827
f 2108/4742/3827 3279/4741/3826 367/3082/2487 4237/3094/2495
f 4557/4744/3828 2108/4745/3827 4237/3098/2495 166/3099/2497
f 234/4621/3713 4532/4620/3712 2109/4746/3829 4560/4747/3830
f 4532/4620/3712 514/4616/3708 3281/4748/3831 2109/4746/3829
f 2109/4746/3829 3281/4748/3831 1105/4749/3832 3284/4750/3833
f 4560/4747/3830 2109/4746/3829 3284/4750/3833 528/4751/3834
f 514/4616/3708 4531/4615/3707 2110/4752/3835 3281/4748/3831
f 4531/4615/3707 233/4614/2477 4558/4753/3818 2110/4752/3835
f 2110/4752/3835 4558/4753/3818 527/4754/3822 3282/4755/3836
f 3281/4748/3831 2110/4752/3835 3282/4755/3836 1105/4749/3832
f 1105/4749/3832 3282/4755/3836 2111/4756/3837 3283/4757/3838
f 3282/4755/3836 527/4754/3822 4557/4744/3828 2111/4756/3837
f 2111/4756/3837 4557/4744/3828 166/3099/2497 4236/3097/2496
f 3283/4757/3838 2111/4756/3837 4236/3097/2496 366/3092/2493
f 528/4751/3834 3284/4750/3833 2112/4758/3839 4559/4759/3840
f 3284/4750/3833 1105/4749/3832 3283/4757/3838 2112/4758/3839
f 2112/4758/3839 3283/4757/3838 366/3092/2493 4235/3091/2492
f 4559/4759/3840 2112/4758/3839 4235/3091/2492 164/3035/2449
f 235/4637/3729 4536/4636/3728 2113/4760/3841 4562/4761/3842
f 4536/4636/3728 516/4632/3724 3285/4762/3843 2113/4760/3841
f 2113/4760/3841 3285/4762/3843 1106/4763/3844 3288/4764/3845
f 4562/4761/3842 2113/4760/3841 3288/4764/3845 529/4765/3846
f 516/4632/3724 4535/4631/3723 2114/4766/3847 3285/4762/3843
f 4535/4631/3723 234/4621/3713 4560/4747/3830 2114/4766/3847
f 2114/4766/3847 4560/4747/3830 528/4751/3834 3286/4767/3848
f 3285/4762/3843 2114/4766/3847 3286/4767/3848 1106/4763/3844
f 1106/4763/3844 3286/4767/3848 2115/4768/3849 3287/4769/3850
f 3286/4767/3848 528/4751/3834 4559/4759/3840 2115/4768/3849
f 2115/4768/3849 4559/4759/3840 164/3035/2449 4224/3034/2448
f 3287/4769/3850 2115/4768/3849 4224/3034/2448 360/3029/2445
f 529/4765/3846 3288/4764/3845 2116/4770/3851 4561/4771/3852
f 3288/4764/3845 1106/4763/3844 3287/4769/3850 2116/4770/3851
f 2116/4770/3851 3287/4769/3850 360/3029/2445 4223/3028/2444
f 4561/4771/3852 2116/4770/3851 4223/3028/2444 162/2995/2417
f 236/4653/3745 4540/4652/3744 2117/4772/3853 4564/4773/3854
f 4540/4652/3744 518/4648/3740 3289/4774/3855 2117/4772/3853
f 2117/4772/3853 3289/4774/3855 1107/4775/3856 3292/4776/3857
f 4564/4773/3854 2117/4772/3853 3292/4776/3857 530/4777/3858
f 518/4648/3740 4539/4647/3739 2118/4778/3859 3289/4774/3855
f 4539/4647/3739 235/4637/3729 4562/4761/3842 2118/4778/3859
f 2118/4778/3859 4562/4761/3842 529/4765/3846 3290/4779/3860
f 3289/4774/3855 2118/4778/3859 3290/4779/3860 1107/4775/3856
f 1107/4775/3856 3290/4779/3860 2119/4780/3861 3291/4781/3862
f 3290/4779/3860 529/4765/3846 4561/4771/3852 2119/4780/3861
f 2119/4780/3861 4561/4771/3852 162/2995/2417 4216/2994/2416
f 3291/4781/3862 2119/4780/3861 4216/2994/2416 356/2989/2413
f 530/4777/3858 3292/4776/3857 2120/4782/3863 4563/4783/3864
f 3292/4776/3857 1107/4775/3856 3291/4781/3862 2120/4782/3863
f 2120/4782/3863 3291/4781/3862 356/2989/2413 4215/2988/2412
f 4563/4783/3864 2120/4782/3863 4215/2988/2412 160/2953/2385
f 237/4669/3761 4544/4668/3760 2121/4784/3865 4566/4785/3866
f 4544/4668/3760 520/4664/3756 3293/4786/3867 2121/4784/3865
f 2121/4784/3865 3293/4786/3867 1108/4787/3868 3296/4788/3869
f 4566/4785/3866 2121/4784/3865 3296/4788/3869 531/4789/3870
f 520/4664/3756 4543/4663/3755 2122/4790/3871 3293/4786/3867
f 4543/4663/3755 236/4653/3745 4564/4773/3854 2122/4790/3871
f 2122/4790/3871 4564/4773/3854 530/4777/3858 3294/4791/3872
f 3293/4786/3867 2122/4790/3871 3294/4791/3872 1108/4787/3868
f 1108/4787/3868 3294/4791/3872 2123/4792/3873 3295/4793/3874
f 3294/4791/3872 530/4777/3858 4563/4783/3864 2123/4792/3873
f 2123/4792/3873 4563/4783/3864 160/2953/2385 4208/2952/2384
f 3295/4793/3874 2123/4792/3873 4208/2952/2384 352/2949/2381
f 531/4789/3870 3296/4788/3869 2124/4794/3875 4565/4795/3876
f 3296/4788/3869 1108/4787/3868 3295/4793/3874 2124/4794/3875
f 2124/4794/3875 3295/4793/3874 352/2949/2381 4207/2948/2380
f 4565/4795/3876 2124/4794/3875 4207/2948/2380 158/2911/2353
f 238/2835/2298 4548/4684/3776 2125/4796/3877 4568/4797/3878
f 4548/4684/3776 522/4680/3772 3297/4798/3879 2125/4796/3877
f 2125/4796/3877 3297/4798/3879 1109/4799/3880 3300/4800/3881
f 4568/4797/3878 2125/4796/3877 3300/4800/3881 532/4801/3882
f 522/4680/3772 4547/4679/3771 2126/4802/3883 3297/4798/3879
f 4547/4679/3771 237/4669/3761 4566/4785/3866 2126/4802/3883
f 2126/4802/3883 4566/4785/3866 531/4789/3870 3298/4803/3884
f 3297/4798/3879 2126/4802/3883 3298/4803/3884 1109/4799/3880
f 1109/4799/3880 3298/4803/3884 2127/4804/3885 3299/4805/3886
f 3298/4803/3884 531/4789/3870 4565/4795/3876 2127/4804/3885
f 2127/4804/3885 4565/4795/3876 158/2911/2353 4200/2910/2352
f 3299/4805/3886 2127/4804/3885 4200/2910/2352 348/2905/2349
f 532/4801/3882 3300/4800/3881 2128/4806/3887 4567/4807/3888
f 3300/4800/3881 1109/4799/3880 3299/4805/3886 2128/4806/3887
f 2128/4806/3887 3299/4805/3886 348/2905/2349 4199/2904/2348
f 4567/4807/3888 2128/4806/3887 4199/2904/2348 155/2903/2347
f 143/2666/2147 4569/4808/3889 2129/4809/3890 4197/2893/2341
f 4569/4808/3889 533/4810/3891 3301/4811/3892 2129/4809/3890
f 2129/4809/3890 3301/4811/3892 1110/4812/3893 3304/4813/3894
f 4197/2893/2341 2129/4809/3890 3304/4813/3894 347/2894/2342
f 533/4810/3891 4570/4814/3895 2130/4815/3896 3301/4811/3892
f 4570/4814/3895 239/2611/2098 4188/2846/2307 2130/4815/3896
f 2130/4816/3896 4188/2844/2307 342/2839/2302 3302/4817/3897
f 3301/4811/3892 2130/4815/3896 3302/4818/3897 1110/4812/3893
f 1110/4819/3893 3302/4817/3897 2131/4820/3898 3303/4821/3899
f 3302/4817/3897 342/2839/2302 4187/2836/2299 2131/4820/3898
f 2131/4820/3898 4187/2836/2299 238/2835/2298 4568/4797/3878
f 3303/4821/3899 2131/4820/3898 4568/4797/3878 532/4801/3882
f 347/2901/2342 3304/4822/3894 2132/4823/3900 4198/2902/2346
f 3304/4822/3894 1110/4819/3893 3303/4821/3899 2132/4823/3900
f 2132/4823/3900 3303/4821/3899 532/4801/3882 4567/4807/3888
f 4198/2902/2346 2132/4823/3900 4567/4807/3888 155/2903/2347
f 131/2431/1987 4571/4824/3901 2133/4825/3902 4145/2660/2141
f 4571/4824/3901 534/4826/3903 3305/4827/3904 2133/4825/3902
f 2133/4825/3902 3305/4827/3904 1111/4828/3905 3308/4829/3906
f 4145/2660/2141 2133/4825/3902 3308/4829/3906 321/2661/2142
f 534/4826/3903 4572/4830/3907 2134/4831/3908 3305/4827/3904
f 4572/4830/3907 240/2364/1934 4136/2620/2107 2134/4831/3908
f 2134/4831/3908 4136/2620/2107 316/2615/2102 3306/4832/3909
f 3305/4827/3904 2134/4831/3908 3306/4832/3909 1111/4828/3905
f 1111/4828/3905 3306/4832/3909 2135/4833/3910 3307/4834/3911
f 3306/4832/3909 316/2615/2102 4135/2612/2099 2135/4833/3910
f 2135/4833/3910 4135/2612/2099 239/2611/2098 4570/4814/3895
f 3307/4834/3911 2135/4833/3910 4570/4814/3895 533/4810/3891
f 321/2661/2142 3308/4829/3906 2136/4835/3912 4146/2665/2146
f 3308/4829/3906 1111/4828/3905 3307/4834/3911 2136/4835/3912
f 2136/4835/3912 3307/4834/3911 533/4810/3891 4569/4808/3889
f 4146/2665/2146 2136/4835/3912 4569/4808/3889 143/2666/2147
f 120/2424/1481 4573/4836/3913 2137/4837/3914 4093/2425/1981
f 4573/4836/3913 535/4838/3915 3309/4839/3916 2137/4837/3914
f 2137/4837/3914 3309/4839/3916 1112/4840/3917 3312/4841/3918
f 4093/2425/1981 2137/4837/3914 3312/4841/3918 295/2426/1982
f 535/4838/3915 4574/4842/3919 2138/4843/3920 3309/4839/3916
f 4574/4842/3919 241/2375/1945 4082/2373/1943 2138/4843/3920
f 2138/4843/3920 4082/2373/1943 289/2368/1938 3310/4844/3921
f 3309/4839/3916 2138/4843/3920 3310/4844/3921 1112/4840/3917
f 1112/4840/3917 3310/4844/3921 2139/4845/3922 3311/4846/3923
f 3310/4844/3921 289/2368/1938 4081/2365/1935 2139/4845/3922
f 2139/4845/3922 4081/2365/1935 240/2364/1934 4572/4830/3907
f 3311/4846/3923 2139/4845/3922 4572/4830/3907 534/4826/3903
f 295/2426/1982 3312/4841/3918 2140/4847/3924 4094/2430/1986
f 3312/4841/3918 1112/4840/3917 3311/4846/3923 2140/4847/3924
f 2140/4847/3924 3311/4846/3923 534/4826/3903 4571/4824/3901
f 4094/2430/1986 2140/4847/3924 4571/4824/3901 131/2431/1987
f 242/2017/1625 4250/3158/2543 2141/4848/3925 4576/4849/3926
f 4250/3158/2543 373/3154/2539 3313/4850/3927 2141/4848/3925
f 2141/4848/3925 3313/4850/3927 1113/4851/3928 3316/4852/3929
f 4576/4849/3926 2141/4848/3925 3316/4852/3929 536/4853/3930
f 373/3154/2539 4249/3153/2538 2142/4854/3931 3313/4850/3927
f 4249/3153/2538 241/2375/1945 4574/4842/3919 2142/4854/3931
f 2142/4854/3931 4574/4842/3919 535/4838/3915 3314/4855/3932
f 3313/4850/3927 2142/4854/3931 3314/4855/3932 1113/4851/3928
f 1113/4851/3928 3314/4855/3932 2143/4856/3933 3315/4857/3934
f 3314/4855/3932 535/4838/3915 4573/4836/3913 2143/4856/3933
f 2143/4856/3933 4573/4836/3913 120/2424/1481 4244/4858/2499
f 3315/4857/3934 2143/4856/3933 4244/4858/2499 370/3116/2503
f 536/4853/3930 3316/4852/3929 2144/4859/3935 4575/4860/3936
f 3316/4852/3929 1113/4851/3928 3315/4857/3934 2144/4859/3935
f 2144/4859/3935 3315/4857/3934 370/3116/2503 4243/3119/2515
f 4575/4860/3936 2144/4859/3935 4243/3119/2515 167/3124/2517
f 167/3124/2517 4242/3123/2516 2145/4861/3937 4575/4860/3936
f 4242/3123/2516 369/3122/2513 3317/4862/3938 2145/4861/3937
f 2145/4861/3937 3317/4862/3938 1114/4863/3939 3320/4864/3940
f 4575/4860/3936 2145/4861/3937 3320/4864/3940 536/4853/3930
f 369/3122/2513 4241/4865/2512 2146/4866/3941 3317/4862/3938
f 4241/4865/2512 168/4867/2511 4577/4868/3942 2146/4866/3941
f 2146/4866/3941 4577/4868/3942 537/4869/3943 3318/4870/3944
f 3317/4862/3938 2146/4866/3941 3318/4870/3944 1114/4863/3939
f 1114/4863/3939 3318/4870/3944 2147/4871/3945 3319/4872/3946
f 3318/4870/3944 537/4869/3943 4578/4873/3947 2147/4871/3945
f 2147/4871/3945 4578/4873/3947 243/2028/1636 3992/2026/1634
f 3319/4872/3946 2147/4871/3945 3992/2026/1634 824/2021/1629
f 536/4853/3930 3320/4864/3940 2148/4874/3948 4576/4849/3926
f 3320/4864/3940 1114/4863/3939 3319/4872/3946 2148/4874/3948
f 2148/4874/3948 3319/4872/3946 824/2021/1629 3991/2018/1626
f 4576/4849/3926 2148/4874/3948 3991/2018/1626 242/2017/1625
f 168/4867/2511 4254/4875/2560 2149/4876/3949 4577/4868/3942
f 4254/4875/2560 375/4877/2558 3321/4878/3950 2149/4876/3949
f 2149/4876/3949 3321/4878/3950 1115/4879/3951 3324/4880/3952
f 4577/4868/3942 2149/4876/3949 3324/4880/3952 537/4869/3943
f 375/4877/2558 4253/4881/2557 2150/4882/3953 3321/4878/3950
f 4253/4881/2557 171/4883/2556 4579/4884/3954 2150/4882/3953
f 2150/4882/3953 4579/4884/3954 538/4885/3955 3322/4886/3956
f 3321/4878/3950 2150/4882/3953 3322/4886/3956 1115/4879/3951
f 1115/4879/3951 3322/4886/3956 2151/4887/3957 3323/4888/3958
f 3322/4886/3956 538/4885/3955 4580/4889/3959 2151/4887/3957
f 2151/4887/3957 4580/4889/3959 244/2050/1658 4000/2048/1656
f 3323/4888/3958 2151/4887/3957 4000/2048/1656 828/2044/1652
f 537/4869/3943 3324/4880/3952 2152/4890/3960 4578/4873/3947
f 3324/4880/3952 1115/4879/3951 3323/4888/3958 2152/4890/3960
f 2152/4890/3960 3323/4888/3958 828/2044/1652 3999/2042/1650
f 4578/4873/3947 2152/4890/3960 3999/2042/1650 243/2028/1636
f 245/4159/3342 4448/4158/3341 2153/4891/3961 4582/4892/3962
f 4448/4158/3341 472/4154/3337 3325/4893/3963 2153/4891/3961
f 2153/4891/3961 3325/4893/3963 1116/4894/3964 3328/4895/3965
f 4582/4892/3962 2153/4891/3961 3328/4895/3965 539/4896/3966
f 472/4154/3337 4447/4153/3336 2154/4897/3967 3325/4893/3963
f 4447/4153/3336 244/2050/1658 4580/4889/3959 2154/4897/3967
f 2154/4897/3967 4580/4889/3959 538/4885/3955 3326/4898/3968
f 3325/4893/3963 2154/4897/3967 3326/4898/3968 1116/4894/3964
f 1116/4894/3964 3326/4898/3968 2155/4899/3969 3327/4900/3970
f 3326/4898/3968 538/4885/3955 4579/4884/3954 2155/4899/3969
f 2155/4899/3969 4579/4884/3954 171/4883/2556 4436/4901/3276
f 3327/4902/3970 2155/4903/3969 4436/4078/3276 466/4082/3280
f 539/4896/3966 3328/4895/3965 2156/4904/3971 4581/4905/3972
f 3328/4895/3965 1116/4894/3964 3327/4900/3970 2156/4904/3971
f 2156/4906/3971 3327/4902/3970 466/4082/3280 4435/4096/3292
f 4581/4907/3972 2156/4906/3971 4435/4096/3292 213/4098/3294
f 246/4246/3414 4468/4245/3413 2157/4908/3973 4584/4909/3974
f 4468/4245/3413 482/4241/3409 3329/4910/3975 2157/4908/3973
f 2157/4908/3973 3329/4910/3975 1117/4911/3976 3332/4912/3977
f 4584/4909/3974 2157/4908/3973 3332/4912/3977 540/4913/3978
f 482/4241/3409 4467/4240/3408 2158/4914/3979 3329/4910/3975
f 4467/4240/3408 245/4159/3342 4582/4892/3962 2158/4914/3979
f 2158/4914/3979 4582/4892/3962 539/4896/3966 3330/4915/3980
f 3329/4910/3975 2158/4914/3979 3330/4915/3980 1117/4911/3976
f 1117/4911/3976 3330/4915/3980 2159/4916/3981 3331/4917/3982
f 3330/4915/3980 539/4896/3966 4581/4905/3972 2159/4916/3981
f 2159/4918/3981 4581/4907/3972 213/4098/3294 4456/4167/3348
f 3331/4917/3982 2159/4916/3981 4456/4919/3348 476/4920/3352
f 540/4913/3978 3332/4912/3977 2160/4921/3983 4583/4922/3984
f 3332/4912/3977 1117/4911/3976 3331/4917/3982 2160/4921/3983
f 2160/4921/3983 3331/4917/3982 476/4920/3352 4455/4923/3364
f 4583/4922/3984 2160/4921/3983 4455/4923/3364 217/4924/3366
f 247/4347/3486 4488/4346/3485 2161/4925/3985 4586/4926/3986
f 4488/4346/3485 492/4342/3481 3333/4927/3987 2161/4925/3985
f 2161/4925/3985 3333/4927/3987 1118/4928/3988 3336/4929/3989
f 4586/4926/3986 2161/4925/3985 3336/4929/3989 541/4930/3990
f 492/4342/3481 4487/4341/3480 2162/4931/3991 3333/4927/3987
f 4487/4341/3480 246/4246/3414 4584/4909/3974 2162/4931/3991
f 2162/4931/3991 4584/4909/3974 540/4913/3978 3334/4932/3992
f 3333/4927/3987 2162/4931/3991 3334/4932/3992 1118/4928/3988
f 1118/4928/3988 3334/4932/3992 2163/4933/3993 3335/4934/3994
f 3334/4932/3992 540/4913/3978 4583/4922/3984 2163/4933/3993
f 2163/4933/3993 4583/4922/3984 217/4924/3366 4476/4258/3420
f 3335/4934/3994 2163/4933/3993 4476/4258/3420 486/4261/3424
f 541/4930/3990 3336/4929/3989 2164/4935/3995 4585/4936/3996
f 3336/4929/3989 1118/4928/3988 3335/4934/3994 2164/4935/3995
f 2164/4935/3995 3335/4934/3994 486/4261/3424 4475/4279/3436
f 4585/4936/3996 2164/4935/3995 4475/4279/3436 221/4283/3438
f 248/4433/3550 4502/4432/3549 2165/4937/3997 4015/4938/1704
f 4502/4432/3549 499/4428/3545 3337/4939/3998 2165/4937/3997
f 2165/4937/3997 3337/4939/3998 1119/4940/3999 3340/4941/4000
f 4015/4938/1704 2165/4937/3997 3340/4941/4000 836/4942/4001
f 499/4428/3545 4501/4427/3544 2166/4943/4002 3337/4939/3998
f 4501/4427/3544 247/4347/3486 4586/4926/3986 2166/4943/4002
f 2166/4943/4002 4586/4926/3986 541/4930/3990 3338/4944/4003
f 3337/4939/3998 2166/4943/4002 3338/4944/4003 1119/4940/3999
f 1119/4940/3999 3338/4944/4003 2167/4945/4004 3339/4946/4005
f 3338/4944/4003 541/4930/3990 4585/4936/3996 2167/4945/4004
f 2167/4945/4004 4585/4936/3996 221/4283/3438 4494/4353/3492
f 3339/4946/4005 2167/4945/4004 4494/4353/3492 495/4359/3496
f 836/4942/4001 3340/4941/4000 2168/4947/4006 4016/4948/2835
f 3340/4941/4000 1119/4940/3999 3339/4946/4005 2168/4947/4006
f 2168/4947/4006 3339/4946/4005 495/4359/3496 4493/4375/3507
f 4016/4948/2835 2168/4947/4006 4493/4375/3507 185/4378/1670
f 249/3605/2915 4332/3604/2914 2169/4949/4007 4588/4950/4008
f 4332/3604/2914 414/3600/2910 3341/4951/4009 2169/4949/4007
f 2169/4949/4007 3341/4951/4009 1120/4952/4010 3344/4953/4011
f 4588/4950/4008 2169/4949/4007 3344/4953/4011 542/4954/4012
f 414/3600/2910 4331/3599/2909 2170/4955/4013 3341/4951/4009
f 4331/3599/2909 248/3598/1703 4015/4956/1704 2170/4955/4013
f 2170/4955/4013 4015/4956/1704 836/4957/2838 3342/4958/4014
f 3341/4951/4009 2170/4955/4013 3342/4958/4014 1120/4952/4010
f 1120/4952/4010 3342/4958/4014 2171/4959/4015 3343/4960/4016
f 3342/4958/4014 836/4957/2838 4016/4961/4017 2171/4959/4015
f 2171/4962/4015 4016/4963/4017 185/3449/1670 4320/3528/2847
f 3343/4964/4016 2171/4962/4015 4320/3528/2847 408/3532/2851
f 542/4954/4012 3344/4953/4011 2172/4965/4018 4587/4966/4019
f 3344/4953/4011 1120/4952/4010 3343/4960/4016 2172/4965/4018
f 2172/4967/4018 3343/4964/4016 408/3532/2851 4319/3544/2863
f 4587/4968/4019 2172/4967/4018 4319/3544/2863 225/3546/2865
f 250/3698/2998 4504/4452/3564 2173/4969/4020 4590/4970/4021
f 4504/4452/3564 500/4448/3560 3345/4971/4022 2173/4969/4020
f 2173/4969/4020 3345/4971/4022 1121/4972/4023 3348/4973/4024
f 4590/4970/4021 2173/4969/4020 3348/4973/4024 543/4974/4025
f 500/4448/3560 4503/4447/3559 2174/4975/4026 3345/4971/4022
f 4503/4447/3559 249/3605/2915 4588/4950/4008 2174/4975/4026
f 2174/4975/4026 4588/4950/4008 542/4954/4012 3346/4976/4027
f 3345/4971/4022 2174/4975/4026 3346/4976/4027 1121/4972/4023
f 1121/4972/4023 3346/4976/4027 2175/4977/4028 3347/4978/4029
f 3346/4976/4027 542/4954/4012 4587/4966/4019 2175/4977/4028
f 2175/4979/4028 4587/4968/4019 225/3546/2865 4514/4484/3592
f 3347/4980/4029 2175/4979/4028 4514/4484/3592 505/4488/3596
f 543/4974/4025 3348/4973/4024 2176/4981/4030 4589/4982/4031
f 3348/4973/4024 1121/4972/4023 3347/4978/4029 2176/4981/4030
f 2176/4983/4030 3347/4980/4029 505/4488/3596 4513/4497/3605
f 4589/4984/4031 2176/4983/4030 4513/4497/3605 189/3612/2920
f 251/3705/3005 4360/3704/3004 2177/4985/4032 4592/4986/4033
f 4360/3704/3004 428/3700/3000 3349/4987/4034 2177/4985/4032
f 2177/4985/4032 3349/4987/4034 1122/4988/4035 3352/4989/4036
f 4592/4986/4033 2177/4985/4032 3352/4989/4036 544/4990/4037
f 428/3700/3000 4359/3699/2999 2178/4991/4038 3349/4987/4034
f 4359/3699/2999 250/3698/2998 4590/4970/4021 2178/4991/4038
f 2178/4991/4038 4590/4970/4021 543/4974/4025 3350/4992/4039
f 3349/4987/4034 2178/4991/4038 3350/4992/4039 1122/4988/4035
f 1122/4988/4035 3350/4992/4039 2179/4993/4040 3351/4994/4041
f 3350/4992/4039 543/4974/4025 4589/4982/4031 2179/4993/4040
f 2179/4995/4040 4589/4984/4031 189/3612/2920 4342/3615/2923
f 3351/4996/4041 2179/4995/4040 4342/3615/2923 419/3620/2928
f 544/4990/4037 3352/4989/4036 2180/4997/4042 4591/4998/4043
f 3352/4989/4036 1122/4988/4035 3351/4994/4041 2180/4997/4042
f 2180/4999/4042 3351/4996/4041 419/3620/2928 4341/3634/2942
f 4591/5000/4043 2180/4999/4042 4341/3634/2942 193/3636/2944
f 252/2196/1797 4376/3792/3067 2181/5001/4044 4594/5002/4045
f 4376/3792/3067 436/3791/3063 3353/5003/4046 2181/5001/4044
f 2181/5001/4044 3353/5003/4046 1123/5004/4047 3356/5005/4048
f 4594/5002/4045 2181/5001/4044 3356/5005/4048 545/5006/4049
f 436/3785/3063 4375/3784/3062 2182/5007/4050 3353/5008/4046
f 4375/3784/3062 251/3705/3005 4592/4986/4033 2182/5007/4050
f 2182/5007/4050 4592/4986/4033 544/4990/4037 3354/5009/4051
f 3353/5008/4046 2182/5007/4050 3354/5009/4051 1123/5010/4047
f 1123/5010/4047 3354/5009/4051 2183/5011/4052 3355/5012/4053
f 3354/5009/4051 544/4990/4037 4591/4998/4043 2183/5011/4052
f 2183/5013/4052 4591/5000/4043 193/3636/2944 4368/3713/3011
f 3355/5014/4053 2183/5013/4052 4368/3713/3011 432/3717/3015
f 545/5006/4049 3356/5005/4048 2184/5015/4054 4593/5016/4055
f 3356/5005/4048 1123/5004/4047 3355/5017/4053 2184/5015/4054
f 2184/5018/4054 3355/5014/4053 432/3717/3015 4367/3729/3027
f 4593/5016/4055 2184/5015/4054 4367/3731/3027 197/3734/3029
f 197/3734/3029 4366/3733/3028 2185/5019/4056 4593/5016/4055
f 4366/3733/3028 431/5020/3025 3357/5021/4057 2185/5019/4056
f 2185/5019/4056 3357/5021/4057 1124/5022/4058 3360/5023/4059
f 4593/5016/4055 2185/5019/4056 3360/5023/4059 545/5006/4049
f 431/5020/3025 4365/5024/3024 2186/5025/4060 3357/5021/4057
f 4365/5024/3024 198/5026/3023 4595/5027/4061 2186/5025/4060
f 2186/5025/4060 4595/5027/4061 546/5028/4062 3358/5029/4063
f 3357/5021/4057 2186/5025/4060 3358/5029/4063 1124/5022/4058
f 1124/5022/4058 3358/5029/4063 2187/5030/4064 3359/5031/4065
f 3358/5029/4063 546/5028/4062 4596/5032/4066 2187/5030/4064
f 2187/5030/4064 4596/5032/4066 253/2207/1808 4046/2205/1806
f 3359/5031/4065 2187/5030/4064 4046/2205/1806 851/2200/1801
f 545/5006/4049 3360/5023/4059 2188/5033/4067 4594/5002/4045
f 3360/5023/4059 1124/5022/4058 3359/5031/4065 2188/5033/4067
f 2188/5033/4067 3359/5031/4065 851/2200/1801 4045/2197/1798
f 4594/5002/4045 2188/5033/4067 4045/2197/1798 252/2196/1797
f 194/3630/2938 4597/5034/4068 2189/5035/4069 4363/3719/3017
f 4597/5036/4068 547/5037/4070 3361/5038/4071 2189/5039/4069
f 2189/5039/4069 3361/5038/4071 1125/5040/4072 3364/5041/4073
f 4363/3719/3017 2189/5035/4069 3364/5042/4073 430/3720/3018
f 547/5037/4070 4598/5043/4074 2190/5044/4075 3361/5038/4071
f 4598/5043/4074 254/3637/2945 4370/3744/3036 2190/5044/4075
f 2190/5044/4075 4370/3744/3036 433/3739/3032 3362/5045/4076
f 3361/5038/4071 2190/5044/4075 3362/5045/4076 1125/5040/4072
f 1125/5040/4072 3362/5045/4076 2191/5046/4077 3363/5047/4078
f 3362/5045/4076 433/3739/3032 4369/3736/3030 2191/5046/4077
f 2191/5046/4077 4369/3736/3030 253/3735/1808 4596/5048/4066
f 3363/5047/4078 2191/5046/4077 4596/5048/4066 546/5049/4062
f 430/3720/3018 3364/5042/4073 2192/5050/4079 4364/3724/3022
f 3364/5041/4073 1125/5040/4072 3363/5047/4078 2192/5051/4079
f 2192/5052/4079 3363/5053/4078 546/5028/4062 4595/5027/4061
f 4364/5054/3022 2192/5052/4079 4595/5027/4061 198/5026/3023
f 190/3623/2931 4599/5055/4080 2193/5056/4081 4337/3624/2932
f 4599/5057/4080 548/5058/4082 3365/5059/4083 2193/5060/4081
f 2193/5060/4081 3365/5059/4083 1126/5061/4084 3368/5062/4085
f 4337/3624/2932 2193/5056/4081 3368/5063/4085 417/3625/2933
f 548/5058/4082 4600/5064/4086 2194/5065/4087 3365/5059/4083
f 4600/5064/4086 255/3648/2956 4344/3646/2954 2194/5065/4087
f 2194/5065/4087 4344/3646/2954 420/3641/2949 3366/5066/4088
f 3365/5059/4083 2194/5065/4087 3366/5066/4088 1126/5061/4084
f 1126/5061/4084 3366/5066/4088 2195/5067/4089 3367/5068/4090
f 3366/5066/4088 420/3641/2949 4343/3638/2946 2195/5067/4089
f 2195/5067/4089 4343/3638/2946 254/3637/2945 4598/5043/4074
f 3367/5068/4090 2195/5067/4089 4598/5043/4074 547/5037/4070
f 417/3625/2933 3368/5063/4085 2196/5069/4091 4338/3629/2937
f 3368/5062/4085 1126/5061/4084 3367/5068/4090 2196/5070/4091
f 2196/5070/4091 3367/5068/4090 547/5037/4070 4597/5036/4068
f 4338/3629/2937 2196/5069/4091 4597/5034/4068 194/3630/2938
f 228/3540/2859 4601/5071/4092 2197/5072/4093 4511/4490/3598
f 4601/5073/4092 549/5074/4094 3369/5075/4095 2197/5076/4093
f 2197/5076/4093 3369/5075/4095 1127/5077/4096 3372/5078/4097
f 4511/4490/3598 2197/5072/4093 3372/5079/4097 504/4491/3599
f 549/5074/4094 4602/5080/4098 2198/5081/4099 3369/5075/4095
f 4602/5080/4098 256/3547/2866 4510/4474/3585 2198/5081/4099
f 2198/5081/4099 4510/4474/3585 503/4470/3581 3370/5082/4100
f 3369/5075/4095 2198/5081/4099 3370/5082/4100 1127/5077/4096
f 1127/5077/4096 3370/5082/4100 2199/5083/4101 3371/5084/4102
f 3370/5082/4100 503/4470/3581 4509/4468/3579 2199/5083/4101
f 2199/5083/4101 4509/4468/3579 255/3648/2956 4600/5064/4086
f 3371/5084/4102 2199/5083/4101 4600/5064/4086 548/5058/4082
f 504/4491/3599 3372/5079/4097 2200/5085/4103 4512/4495/3603
f 3372/5078/4097 1127/5077/4096 3371/5084/4102 2200/5086/4103
f 2200/5086/4103 3371/5084/4102 548/5058/4082 4599/5057/4080
f 4512/4495/3603 2200/5085/4103 4599/5055/4080 190/3623/2931
f 186/3443/2779 4603/5087/4104 2201/5088/4105 4315/3534/2853
f 4603/5089/4104 550/5090/4106 3373/5091/4107 2201/5092/4105
f 2201/5092/4105 3373/5091/4107 1128/5093/4108 3376/5094/4109
f 4315/3534/2853 2201/5088/4105 3376/5095/4109 406/3535/2854
f 550/5090/4106 4604/5096/4110 2202/5097/4111 3373/5091/4107
f 4604/5096/4110 257/3450/2785 4322/3556/2875 2202/5097/4111
f 2202/5097/4111 4322/3556/2875 409/3551/2870 3374/5098/4112
f 3373/5091/4107 2202/5097/4111 3374/5098/4112 1128/5093/4108
f 1128/5093/4108 3374/5098/4112 2203/5099/4113 3375/5100/4114
f 3374/5098/4112 409/3551/2870 4321/3548/2867 2203/5099/4113
f 2203/5099/4113 4321/3548/2867 256/3547/2866 4602/5080/4098
f 3375/5100/4114 2203/5099/4113 4602/5080/4098 549/5074/4094
f 406/3535/2854 3376/5095/4109 2204/5101/4115 4316/3539/2858
f 3376/5094/4109 1128/5093/4108 3375/5100/4114 2204/5102/4115
f 2204/5102/4115 3375/5100/4114 549/5074/4094 4601/5073/4092
f 4316/3539/2858 2204/5101/4115 4601/5071/4092 228/3540/2859
f 183/3383/2729 4605/5103/4116 2205/5104/4117 4303/3437/2773
f 4605/5105/4116 551/5106/4118 3377/5107/4119 2205/5108/4117
f 2205/5108/4117 3377/5107/4119 1129/5109/4120 3380/5110/4121
f 4303/3437/2773 2205/5104/4117 3380/5111/4121 400/3438/2774
f 551/5106/4118 4606/5112/4122 2206/5113/4123 3377/5107/4119
f 4606/5112/4122 258/3388/2734 4308/3459/2794 2206/5113/4123
f 2206/5113/4123 4308/3459/2794 402/3454/2789 3378/5114/4124
f 3377/5107/4119 2206/5113/4123 3378/5114/4124 1129/5109/4120
f 1129/5109/4120 3378/5114/4124 2207/5115/4125 3379/5116/4126
f 3378/5114/4124 402/3454/2789 4307/3451/2786 2207/5115/4125
f 2207/5115/4125 4307/3451/2786 257/3450/2785 4604/5096/4110
f 3379/5116/4126 2207/5115/4125 4604/5096/4110 550/5090/4106
f 400/3438/2774 3380/5111/4121 2208/5117/4127 4304/3442/2778
f 3380/5110/4121 1129/5109/4120 3379/5116/4126 2208/5118/4127
f 2208/5118/4127 3379/5116/4126 550/5090/4106 4603/5089/4104
f 4304/3442/2778 2208/5117/4127 4603/5087/4104 186/3443/2779
f 128/5119/1588 4607/5120/4128 2209/5121/4129 4291/5122/2723
f 4607/5120/4128 552/5123/4130 3381/5124/4131 2209/5121/4129
f 2209/5125/4129 3381/5126/4131 1130/5127/4132 3384/5128/4133
f 4291/3377/2723 2209/5129/4129 3384/5130/4133 394/3378/2724
f 552/5123/4130 4608/5131/4134 2210/5132/4135 3381/5124/4131
f 4608/5133/4134 259/3399/1822 4296/3397/2743 2210/5134/4135
f 2210/5134/4135 4296/3397/2743 396/3392/2738 3382/5135/4136
f 3381/5126/4131 2210/5134/4135 3382/5135/4136 1130/5127/4132
f 1130/5127/4132 3382/5135/4136 2211/5136/4137 3383/5137/4138
f 3382/5135/4136 396/3392/2738 4295/3389/2735 2211/5136/4137
f 2211/5136/4137 4295/3389/2735 258/3388/2734 4606/5112/4122
f 3383/5137/4138 2211/5136/4137 4606/5112/4122 551/5106/4118
f 394/3378/2724 3384/5130/4133 2212/5138/4139 4292/3382/2728
f 3384/5128/4133 1130/5127/4132 3383/5137/4138 2212/5139/4139
f 2212/5139/4139 3383/5137/4138 551/5106/4118 4605/5105/4116
f 4292/3382/2728 2212/5138/4139 4605/5103/4116 183/3383/2729
f 128/5119/1588 3986/5140/1608 2213/5141/4140 4607/5120/4128
f 3986/5140/1608 821/5142/1606 3385/5143/4141 2213/5141/4140
f 2213/5141/4140 3385/5143/4141 1131/5144/4142 3388/5145/4143
f 4607/5120/4128 2213/5141/4140 3388/5145/4143 552/5123/4130
f 821/5142/1606 3985/5146/1605 2214/5147/4144 3385/5143/4141
f 3985/5146/1605 129/5148/1604 4609/5149/4145 2214/5147/4144
f 2214/5147/4144 4609/5149/4145 553/5150/4146 3386/5151/4147
f 3385/5143/4141 2214/5147/4144 3386/5151/4147 1131/5144/4142
f 1131/5144/4142 3386/5151/4147 2215/5152/4148 3387/5153/4149
f 3386/5151/4147 553/5150/4146 4610/5154/4150 2215/5152/4148
f 2215/5152/4148 4610/5154/4150 260/2232/1833 4054/2230/1831
f 3387/5153/4149 2215/5152/4148 4054/2230/1831 855/2225/1826
f 552/5123/4130 3388/5145/4143 2216/5155/4151 4608/5131/4134
f 3388/5145/4143 1131/5144/4142 3387/5153/4149 2216/5155/4151
f 2216/5155/4151 3387/5153/4149 855/2225/1826 4053/2222/1823
f 4608/5131/4134 2216/5155/4151 4053/2222/1823 259/2221/1822
f 129/5148/1604 3990/2015/1624 2217/5156/4152 4609/5149/4145
f 3990/2015/1624 823/2012/1622 3389/5157/4153 2217/5156/4152
f 2217/5156/4152 3389/5157/4153 1132/5158/4154 3392/5159/4155
f 4609/5149/4145 2217/5156/4152 3392/5159/4155 553/5150/4146
f 823/2012/1622 3989/2010/1621 2218/5160/4156 3389/5157/4153
f 3989/2010/1621 130/2009/1620 4611/5161/4157 2218/5160/4156
f 2218/5160/4156 4611/5161/4157 554/5162/4158 3390/5163/4159
f 3389/5157/4153 2218/5160/4156 3390/5163/4159 1132/5158/4154
f 1132/5158/4154 3390/5163/4159 2219/5164/4160 3391/5165/4161
f 3390/5163/4159 554/5162/4158 4612/5166/4162 2219/5164/4160
f 2219/5164/4160 4612/5166/4162 261/2252/1850 4060/2250/1848
f 3391/5165/4161 2219/5164/4160 4060/2250/1848 858/2246/1844
f 553/5150/4146 3392/5159/4155 2220/5167/4163 4610/5154/4150
f 3392/5159/4155 1132/5158/4154 3391/5165/4161 2220/5167/4163
f 2220/5167/4163 3391/5165/4161 858/2246/1844 4059/2244/1842
f 4610/5154/4150 2220/5167/4163 4059/2244/1842 260/2232/1833
f 262/2277/1869 4064/2276/1868 2221/5168/4164 4614/5169/4165
f 4064/2276/1868 860/2272/1864 3393/5170/4166 2221/5168/4164
f 2221/5168/4164 3393/5170/4166 1133/5171/4167 3396/5172/4168
f 4614/5169/4165 2221/5168/4164 3396/5172/4168 555/5173/4169
f 860/2272/1864 4063/2271/1863 2222/5174/4170 3393/5170/4166
f 4063/2269/1863 261/2252/1850 4612/5166/4162 2222/5175/4170
f 2222/5175/4170 4612/5166/4162 554/5162/4158 3394/5176/4171
f 3393/5170/4166 2222/5174/4170 3394/5177/4171 1133/5171/4167
f 1133/5171/4167 3394/5177/4171 2223/5178/4172 3395/5179/4173
f 3394/5176/4171 554/5162/4158 4611/5161/4157 2223/5180/4172
f 2223/5180/4172 4611/5161/4157 130/2009/1620 3988/2008/1619
f 3395/5179/4173 2223/5178/4172 3988/2005/1619 822/2000/1615
f 555/5173/4169 3396/5172/4168 2224/5181/4174 4613/5182/4175
f 3396/5172/4168 1133/5171/4167 3395/5179/4173 2224/5181/4174
f 2224/5181/4174 3395/5179/4173 822/2000/1615 3987/1999/1614
f 4613/5182/4175 2224/5181/4174 3987/1999/1614 119/5183/1457
f 263/2297/1885 4068/2296/1884 2225/5184/4176 4616/5185/4177
f 4068/2296/1884 862/2292/1880 3397/5186/4178 2225/5184/4176
f 2225/5184/4176 3397/5186/4178 1134/5187/4179 3400/5188/4180
f 4616/5185/4177 2225/5184/4176 3400/5188/4180 556/5189/4181
f 862/2292/1880 4067/2291/1879 2226/5190/4182 3397/5186/4178
f 4067/2291/1879 262/2277/1869 4614/5169/4165 2226/5190/4182
f 2226/5190/4182 4614/5169/4165 555/5173/4169 3398/5191/4183
f 3397/5186/4178 2226/5190/4182 3398/5191/4183 1134/5187/4179
f 1134/5187/4179 3398/5191/4183 2227/5192/4184 3399/5193/4185
f 3398/5191/4183 555/5173/4169 4613/5182/4175 2227/5192/4184
f 2227/5192/4184 4613/5182/4175 119/5183/1457 3946/5194/1456
f 3399/5193/4185 2227/5192/4184 3946/5194/1456 801/5195/1452
f 556/5189/4181 3400/5188/4180 2228/5196/4186 4615/5197/4187
f 3400/5188/4180 1134/5187/4179 3399/5193/4185 2228/5196/4186
f 2228/5196/4186 3399/5193/4185 801/5195/1452 3945/5198/1451
f 4615/5197/4187 2228/5196/4186 3945/5198/1451 108/5199/1310
f 264/2317/1901 4072/2316/1900 2229/5200/4188 4618/5201/4189
f 4072/2316/1900 864/2312/1896 3401/5202/4190 2229/5200/4188
f 2229/5200/4188 3401/5202/4190 1135/5203/4191 3404/5204/4192
f 4618/5201/4189 2229/5200/4188 3404/5204/4192 557/5205/4193
f 864/2312/1896 4071/2311/1895 2230/5206/4194 3401/5202/4190
f 4071/2311/1895 263/2297/1885 4616/5185/4177 2230/5206/4194
f 2230/5206/4194 4616/5185/4177 556/5189/4181 3402/5207/4195
f 3401/5202/4190 2230/5206/4194 3402/5207/4195 1135/5203/4191
f 1135/5203/4191 3402/5207/4195 2231/5208/4196 3403/5209/4197
f 3402/5207/4195 556/5189/4181 4615/5197/4187 2231/5208/4196
f 2231/5208/4196 4615/5197/4187 108/5199/1310 3900/5210/1309
f 3403/5209/4197 2231/5208/4196 3900/5210/1309 778/5211/1305
f 557/5205/4193 3404/5204/4192 2232/5212/4198 4617/5213/4199
f 3404/5204/4192 1135/5203/4191 3403/5209/4197 2232/5212/4198
f 2232/5212/4198 3403/5209/4197 778/5211/1305 3899/5214/1304
f 4617/5213/4199 2232/5212/4198 3899/5214/1304 97/5215/1246
f 265/2337/1917 4076/2336/1916 2233/5216/4200 4620/5217/4201
f 4076/2336/1916 866/2332/1912 3405/5218/4202 2233/5216/4200
f 2233/5216/4200 3405/5218/4202 1136/5219/4203 3408/5220/4204
f 4620/5217/4201 2233/5216/4200 3408/5220/4204 558/5221/4205
f 866/2332/1912 4075/2331/1911 2234/5222/4206 3405/5218/4202
f 4075/2331/1911 264/2317/1901 4618/5201/4189 2234/5222/4206
f 2234/5222/4206 4618/5201/4189 557/5205/4193 3406/5223/4207
f 3405/5218/4202 2234/5222/4206 3406/5223/4207 1136/5219/4203
f 1136/5219/4203 3406/5223/4207 2235/5224/4208 3407/5225/4209
f 3406/5223/4207 557/5205/4193 4617/5213/4199 2235/5224/4208
f 2235/5224/4208 4617/5213/4199 97/5215/1246 3864/5226/1245
f 3407/5225/4209 2235/5224/4208 3864/5226/1245 760/5227/1241
f 558/5221/4205 3408/5220/4204 2236/5228/4210 4619/5229/4211
f 3408/5220/4204 1136/5219/4203 3407/5225/4209 2236/5228/4210
f 2236/5228/4210 3407/5225/4209 760/5227/1241 3863/5230/1240
f 4619/5229/4211 2236/5228/4210 3863/5230/1240 87/5231/1127
f 266/2357/922 4080/2356/1932 2237/5232/4212 4622/5233/4213
f 4080/2356/1932 868/2352/1928 3409/5234/4214 2237/5232/4212
f 2237/5232/4212 3409/5234/4214 1137/5235/4215 3412/5236/4216
f 4622/5233/4213 2237/5232/4212 3412/5236/4216 559/5237/4217
f 868/2352/1928 4079/2351/1927 2238/5238/4218 3409/5234/4214
f 4079/2351/1927 265/2337/1917 4620/5217/4201 2238/5238/4218
f 2238/5238/4218 4620/5217/4201 558/5221/4205 3410/5239/4219
f 3409/5234/4214 2238/5238/4218 3410/5239/4219 1137/5235/4215
f 1137/5235/4215 3410/5239/4219 2239/5240/4220 3411/5241/4221
f 3410/5239/4219 558/5221/4205 4619/5229/4211 2239/5240/4220
f 2239/5240/4220 4619/5229/4211 87/5231/1127 3828/5242/1126
f 3411/5241/4221 2239/5240/4220 3828/5242/1126 742/5243/1122
f 559/5237/4217 3412/5236/4216 2240/5244/4222 4621/5245/4223
f 3412/5236/4216 1137/5235/4215 3411/5241/4221 2240/5244/4222
f 2240/5244/4222 3411/5241/4221 742/5243/1122 3827/5246/1121
f 4621/5247/4223 2240/5248/4222 3827/1343/1121 76/1342/1120
f 267/1075/906 3768/1095/926 2241/5249/4224 4624/5250/4225
f 3768/1095/926 712/1093/924 3413/5251/4226 2241/5249/4224
f 2241/5249/4224 3413/5251/4226 1138/5252/4227 3416/5253/4228
f 4624/5250/4225 2241/5249/4224 3416/5253/4228 560/5254/4229
f 712/1093/924 3767/1092/923 2242/5255/4230 3413/5251/4226
f 3767/1092/923 266/1091/922 4622/5256/4213 2242/5255/4230
f 2242/5255/4230 4622/5256/4213 559/5257/4217 3414/5258/4231
f 3413/5251/4226 2242/5255/4230 3414/5258/4231 1138/5252/4227
f 1138/5252/4227 3414/5258/4231 2243/5259/4232 3415/5260/4233
f 3414/5258/4231 559/5257/4217 4621/5247/4223 2243/5259/4232
f 2243/5259/4232 4621/5247/4223 76/1342/1120 3826/1340/1118
f 3415/5260/4233 2243/5259/4232 3826/1340/1118 741/1333/1114
f 560/5254/4229 3416/5253/4228 2244/5261/4234 4623/5262/4235
f 3416/5253/4228 1138/5252/4227 3415/5260/4233 2244/5261/4234
f 2244/5261/4234 3415/5260/4233 741/1333/1114 3825/1331/1112
f 4623/5262/4235 2244/5261/4234 3825/1331/1112 75/1312/1100
f 268/1059/890 3764/1079/910 2245/5263/4236 4626/5264/4237
f 3764/1079/910 710/1077/908 3417/5265/4238 2245/5263/4236
f 2245/5263/4236 3417/5265/4238 1139/5266/4239 3420/5267/4240
f 4626/5264/4237 2245/5263/4236 3420/5267/4240 561/5268/4241
f 710/1077/908 3763/1076/907 2246/5269/4242 3417/5265/4238
f 3763/1076/907 267/1075/906 4624/5250/4225 2246/5269/4242
f 2246/5269/4242 4624/5250/4225 560/5254/4229 3418/5270/4243
f 3417/5265/4238 2246/5269/4242 3418/5270/4243 1139/5266/4239
f 1139/5266/4239 3418/5270/4243 2247/5271/4244 3419/5272/4245
f 3418/5270/4243 560/5254/4229 4623/5262/4235 2247/5271/4244
f 2247/5271/4244 4623/5262/4235 75/1312/1100 3820/1310/1098
f 3419/5272/4245 2247/5271/4244 3820/1310/1098 738/1306/1094
f 561/5268/4241 3420/5267/4240 2248/5273/4246 4625/5274/4247
f 3420/5267/4240 1139/5266/4239 3419/5272/4245 2248/5273/4246
f 2248/5273/4246 3419/5272/4245 738/1306/1094 3819/1304/1092
f 4625/5274/4247 2248/5273/4246 3819/1304/1092 74/1292/1080
f 269/1043/874 3760/1063/894 2249/5275/4248 4628/5276/4249
f 3760/1063/894 708/1061/892 3421/5277/4250 2249/5275/4248
f 2249/5275/4248 3421/5277/4250 1140/5278/4251 3424/5279/4252
f 4628/5276/4249 2249/5275/4248 3424/5279/4252 562/5280/4253
f 708/1061/892 3759/1060/891 2250/5281/4254 3421/5277/4250
f 3759/1060/891 268/1059/890 4626/5264/4237 2250/5281/4254
f 2250/5281/4254 4626/5264/4237 561/5268/4241 3422/5282/4255
f 3421/5277/4250 2250/5281/4254 3422/5282/4255 1140/5278/4251
f 1140/5278/4251 3422/5282/4255 2251/5283/4256 3423/5284/4257
f 3422/5282/4255 561/5268/4241 4625/5274/4247 2251/5283/4256
f 2251/5283/4256 4625/5274/4247 74/1292/1080 3814/1290/1078
f 3423/5284/4257 2251/5283/4256 3814/1290/1078 735/1286/1074
f 562/5280/4253 3424/5279/4252 2252/5285/4258 4627/5286/4259
f 3424/5279/4252 1140/5278/4251 3423/5284/4257 2252/5285/4258
f 2252/5285/4258 3423/5284/4257 735/1286/1074 3813/1284/1072
f 4627/5286/4259 2252/5285/4258 3813/1284/1072 73/1270/1060
f 270/1027/858 3756/1047/878 2253/5287/4260 4630/5288/4261
f 3756/1047/878 706/1045/876 3425/5289/4262 2253/5287/4260
f 2253/5287/4260 3425/5289/4262 1141/5290/4263 3428/5291/4264
f 4630/5288/4261 2253/5287/4260 3428/5291/4264 563/5292/4265
f 706/1045/876 3755/1044/875 2254/5293/4266 3425/5289/4262
f 3755/1044/875 269/1043/874 4628/5276/4249 2254/5293/4266
f 2254/5293/4266 4628/5276/4249 562/5280/4253 3426/5294/4267
f 3425/5289/4262 2254/5293/4266 3426/5294/4267 1141/5290/4263
f 1141/5290/4263 3426/5294/4267 2255/5295/4268 3427/5296/4269
f 3426/5294/4267 562/5280/4253 4627/5286/4259 2255/5295/4268
f 2255/5295/4268 4627/5286/4259 73/1270/1060 3808/1268/1058
f 3427/5296/4269 2255/5295/4268 3808/1268/1058 732/1264/1054
f 563/5292/4265 3428/5291/4264 2256/5297/4270 4629/5298/4271
f 3428/5291/4264 1141/5290/4263 3427/5296/4269 2256/5297/4270
f 2256/5297/4270 3427/5296/4269 732/1264/1054 3807/1262/1052
f 4629/5298/4271 2256/5297/4270 3807/1262/1052 72/1244/1040
f 271/1011/842 3752/1031/862 2257/5299/4272 4632/5300/4273
f 3752/1031/862 704/1029/860 3429/5301/4274 2257/5299/4272
f 2257/5299/4272 3429/5301/4274 1142/5302/4275 3432/5303/4276
f 4632/5300/4273 2257/5299/4272 3432/5303/4276 564/5304/4277
f 704/1029/860 3751/1028/859 2258/5305/4278 3429/5301/4274
f 3751/1028/859 270/1027/858 4630/5288/4261 2258/5305/4278
f 2258/5305/4278 4630/5288/4261 563/5292/4265 3430/5306/4279
f 3429/5301/4274 2258/5305/4278 3430/5306/4279 1142/5302/4275
f 1142/5302/4275 3430/5306/4279 2259/5307/4280 3431/5308/4281
f 3430/5306/4279 563/5292/4265 4629/5298/4271 2259/5307/4280
f 2259/5307/4280 4629/5298/4271 72/1244/1040 3802/1242/1038
f 3431/5308/4281 2259/5307/4280 3802/1242/1038 729/1238/1034
f 564/5304/4277 3432/5303/4276 2260/5309/4282 4631/5310/4283
f 3432/5303/4276 1142/5302/4275 3431/5308/4281 2260/5309/4282
f 2260/5309/4282 3431/5308/4281 729/1238/1034 3801/1236/1032
f 4631/5310/4283 2260/5309/4282 3801/1236/1032 71/1216/1020
f 272/995/826 3748/1015/846 2261/5311/4284 4634/5312/4285
f 3748/1015/846 702/1013/844 3433/5313/4286 2261/5311/4284
f 2261/5311/4284 3433/5313/4286 1143/5314/4287 3436/5315/4288
f 4634/5312/4285 2261/5311/4284 3436/5315/4288 565/5316/4289
f 702/1013/844 3747/1012/843 2262/5317/4290 3433/5313/4286
f 3747/1012/843 271/1011/842 4632/5300/4273 2262/5317/4290
f 2262/5317/4290 4632/5300/4273 564/5304/4277 3434/5318/4291
f 3433/5313/4286 2262/5317/4290 3434/5318/4291 1143/5314/4287
f 1143/5314/4287 3434/5318/4291 2263/5319/4292 3435/5320/4293
f 3434/5318/4291 564/5304/4277 4631/5310/4283 2263/5319/4292
f 2263/5319/4292 4631/5310/4283 71/1216/1020 3796/1214/1018
f 3435/5320/4293 2263/5319/4292 3796/1214/1018 726/1210/1014
f 565/5316/4289 3436/5315/4288 2264/5321/4294 4633/5322/4295
f 3436/5315/4288 1143/5314/4287 3435/5320/4293 2264/5321/4294
f 2264/5321/4294 3435/5320/4293 726/1210/1014 3795/1208/1012
f 4633/5322/4295 2264/5321/4294 3795/1208/1012 70/1186/1000
f 273/979/810 3744/999/830 2265/5323/4296 4636/5324/4297
f 3744/999/830 700/997/828 3437/5325/4298 2265/5323/4296
f 2265/5323/4296 3437/5325/4298 1144/5326/4299 3440/5327/4300
f 4636/5324/4297 2265/5323/4296 3440/5327/4300 566/5328/4301
f 700/997/828 3743/996/827 2266/5329/4302 3437/5325/4298
f 3743/996/827 272/995/826 4634/5312/4285 2266/5329/4302
f 2266/5329/4302 4634/5312/4285 565/5316/4289 3438/5330/4303
f 3437/5325/4298 2266/5329/4302 3438/5330/4303 1144/5326/4299
f 1144/5326/4299 3438/5330/4303 2267/5331/4304 3439/5332/4305
f 3438/5330/4303 565/5316/4289 4633/5322/4295 2267/5331/4304
f 2267/5331/4304 4633/5322/4295 70/1186/1000 3790/1184/998
f 3439/5332/4305 2267/5331/4304 3790/1184/998 723/1180/994
f 566/5328/4301 3440/5327/4300 2268/5333/4306 4635/5334/4307
f 3440/5327/4300 1144/5326/4299 3439/5332/4305 2268/5333/4306
f 2268/5333/4306 3439/5332/4305 723/1180/994 3789/1178/992
f 4635/5334/4307 2268/5333/4306 3789/1178/992 69/1163/980
f 274/961/794 3740/983/814 2269/5335/4308 4638/5336/4309
f 3740/983/814 698/981/812 3441/5337/4310 2269/5335/4308
f 2269/5335/4308 3441/5337/4310 1145/5338/4311 3444/5339/4312
f 4638/5336/4309 2269/5335/4308 3444/5339/4312 567/5340/4313
f 698/981/812 3739/980/811 2270/5341/4314 3441/5337/4310
f 3739/980/811 273/979/810 4636/5324/4297 2270/5341/4314
f 2270/5341/4314 4636/5324/4297 566/5328/4301 3442/5342/4315
f 3441/5337/4310 2270/5341/4314 3442/5342/4315 1145/5338/4311
f 1145/5338/4311 3442/5342/4315 2271/5343/4316 3443/5344/4317
f 3442/5342/4315 566/5328/4301 4635/5334/4307 2271/5343/4316
f 2271/5343/4316 4635/5334/4307 69/1163/980 3784/1161/978
f 3443/5344/4317 2271/5343/4316 3784/1161/978 720/1154/974
f 567/5340/4313 3444/5339/4312 2272/5345/4318 4637/5346/4319
f 3444/5339/4312 1145/5338/4311 3443/5344/4317 2272/5345/4318
f 2272/5345/4318 3443/5344/4317 720/1154/974 3783/1152/972
f 4637/5346/4319 2272/5345/4318 3783/1152/972 68/1135/960
f 229/943/776 3736/965/798 2273/5347/4320 4549/4693/3785
f 3736/965/798 696/963/796 3445/5348/4321 2273/5347/4320
f 2273/5347/4320 3445/5348/4321 1146/5349/4322 3448/5350/4323
f 4549/4693/3785 2273/5347/4320 3448/5350/4323 523/4694/3786
f 696/963/796 3735/962/795 2274/5351/4324 3445/5348/4321
f 3735/962/795 274/961/794 4638/5336/4309 2274/5351/4324
f 2274/5351/4324 4638/5336/4309 567/5340/4313 3446/5352/4325
f 3445/5348/4321 2274/5351/4324 3446/5352/4325 1146/5349/4322
f 1146/5349/4322 3446/5352/4325 2275/5353/4326 3447/5354/4327
f 3446/5352/4325 567/5340/4313 4637/5346/4319 2275/5353/4326
f 2275/5353/4326 4637/5346/4319 68/1135/960 3778/1133/958
f 3447/5354/4327 2275/5353/4326 3778/1133/958 717/1129/954
f 523/4694/3786 3448/5350/4323 2276/5355/4328 4550/4698/3790
f 3448/5350/4323 1146/5349/4322 3447/5354/4327 2276/5355/4328
f 2276/5355/4328 3447/5354/4327 717/1129/954 3777/1127/952
f 4550/4698/3790 2276/5355/4328 3777/1127/952 67/1107/938
f 276/3838/3103 4384/3837/3102 2277/5356/4329 4640/5357/4330
f 4384/3837/3102 440/3833/3098 3449/5358/4331 2277/5356/4329
f 2277/5356/4329 3449/5358/4331 1147/5359/4332 3452/5360/4333
f 4640/5357/4330 2277/5356/4329 3452/5360/4333 568/5361/4334
f 440/3833/3098 4383/3832/3097 2278/5362/4335 3449/5358/4331
f 4383/3832/3097 275/3831/3096 4009/5363/4336 2278/5362/4335
f 2278/5362/4335 4009/5363/4336 833/5364/4337 3450/5365/4338
f 3449/5358/4331 2278/5362/4335 3450/5365/4338 1147/5359/4332
f 1147/5359/4332 3450/5365/4338 2279/5366/4339 3451/5367/4340
f 3450/5365/4338 833/5364/4337 4010/5368/1694 2279/5366/4339
f 2279/5366/4339 4010/5368/1694 182/5369/1691 4392/5370/3109
f 3451/5367/4340 2279/5366/4339 4392/5370/3109 444/5371/3113
f 568/5372/4334 3452/5373/4333 2280/5374/4341 4639/5375/4342
f 3452/5360/4333 1147/5359/4332 3451/5367/4340 2280/5376/4341
f 2280/5376/4341 3451/5367/4340 444/5371/3113 4391/5377/3125
f 4639/5375/4342 2280/5374/4341 4391/5378/3125 203/5379/3127
f 277/3939/3175 4404/3938/3174 2281/5380/4343 4642/5381/4344
f 4404/3938/3174 450/3934/3170 3453/5382/4345 2281/5380/4343
f 2281/5380/4343 3453/5382/4345 1148/5383/4346 3456/5384/4347
f 4642/5381/4344 2281/5380/4343 3456/5384/4347 569/5385/4348
f 450/3934/3170 4403/3933/3169 2282/5386/4349 3453/5382/4345
f 4403/3933/3169 276/3932/3103 4640/5387/4330 2282/5386/4349
f 2282/5386/4349 4640/5387/4330 568/5372/4334 3454/5388/4350
f 3453/5382/4345 2282/5386/4349 3454/5388/4350 1148/5383/4346
f 1148/5383/4346 3454/5388/4350 2283/5389/4351 3455/5390/4352
f 3454/5388/4350 568/5372/4334 4639/5375/4342 2283/5389/4351
f 2283/5389/4351 4639/5375/4342 203/5379/3127 4412/3949/3181
f 3455/5390/4352 2283/5389/4351 4412/3949/3181 454/3952/3185
f 569/5385/4348 3456/5384/4347 2284/5391/4353 4641/5392/4354
f 3456/5384/4347 1148/5383/4346 3455/5390/4352 2284/5391/4353
f 2284/5391/4353 3455/5390/4352 454/3952/3185 4411/3967/3197
f 4641/5392/4354 2284/5391/4353 4411/3967/3197 207/3971/3199
f 278/2189/1790 4422/4026/3241 2285/5393/4355 4644/5394/4356
f 4422/4024/3241 459/4020/3237 3457/5395/4357 2285/5396/4355
f 2285/5396/4355 3457/5395/4357 1149/5397/4358 3460/5398/4359
f 4644/5394/4356 2285/5393/4355 3460/5399/4359 570/5400/4360
f 459/4020/3237 4421/4019/3236 2286/5401/4361 3457/5395/4357
f 4421/4019/3236 277/3939/3175 4642/5381/4344 2286/5401/4361
f 2286/5401/4361 4642/5381/4344 569/5385/4348 3458/5402/4362
f 3457/5395/4357 2286/5401/4361 3458/5402/4362 1149/5397/4358
f 1149/5397/4358 3458/5402/4362 2287/5403/4363 3459/5404/4364
f 3458/5402/4362 569/5385/4348 4641/5392/4354 2287/5403/4363
f 2287/5403/4363 4641/5392/4354 207/3971/3199 4428/4032/3244
f 3459/5404/4364 2287/5403/4363 4428/4032/3244 462/5405/3248
f 570/5400/4360 3460/5399/4359 2288/5406/4365 4643/5407/4366
f 3460/5398/4359 1149/5397/4358 3459/5404/4364 2288/5408/4365
f 2288/5408/4365 3459/5404/4364 462/5405/3248 4427/5409/3260
f 4643/5407/4366 2288/5406/4365 4427/4057/3260 211/4058/3262
f 279/2195/1796 4042/2194/1795 2289/5410/4367 4646/5411/4368
f 4042/2194/1795 849/2191/1792 3461/5412/4369 2289/5410/4367
f 2289/5410/4367 3461/5412/4369 1150/5413/4370 3464/5414/4371
f 4646/5411/4368 2289/5410/4367 3464/5414/4371 571/5415/4372
f 849/2191/1792 4041/2190/1791 2290/5416/4373 3461/5412/4369
f 4041/2190/1791 278/2189/1790 4644/5394/4356 2290/5416/4373
f 2290/5416/4373 4644/5394/4356 570/5400/4360 3462/5417/4374
f 3461/5412/4369 2290/5416/4373 3462/5417/4374 1150/5413/4370
f 1150/5413/4370 3462/5417/4374 2291/5418/4375 3463/5419/4376
f 3462/5417/4374 570/5400/4360 4643/5407/4366 2291/5418/4375
f 2291/5418/4375 4643/5407/4366 211/4058/3262 4426/4056/3261
f 3463/5419/4376 2291/5418/4375 4426/4056/3261 461/4052/3258
f 571/5415/4372 3464/5414/4371 2292/5420/4377 4645/5421/4378
f 3464/5414/4371 1150/5413/4370 3463/5419/4376 2292/5420/4377
f 2292/5420/4377 3463/5419/4376 461/4052/3258 4425/4050/3257
f 4645/5421/4378 2292/5420/4377 4425/4050/3257 212/4049/3256
f 208/3962/3193 4647/5422/4379 2293/5423/4380 4423/5424/3250
f 4647/5422/4379 572/5425/4381 3465/5426/4382 2293/5423/4380
f 2293/5423/4380 3465/5426/4382 1151/5427/4383 3468/5428/4384
f 4423/5424/3250 2293/5423/4380 3468/5428/4384 460/5429/3251
f 572/5425/4381 4648/5430/4385 2294/5431/4386 3465/5426/4382
f 4648/5430/4385 280/3972/3200 4430/4068/3269 2294/5431/4386
f 2294/5431/4386 4430/4068/3269 463/4062/3265 3466/5432/4387
f 3465/5426/4382 2294/5431/4386 3466/5432/4387 1151/5427/4383
f 1151/5427/4383 3466/5432/4387 2295/5433/4388 3467/5434/4389
f 3466/5432/4387 463/4062/3265 4429/4061/3263 2295/5433/4388
f 2295/5435/4388 4429/4059/3263 279/2195/1796 4646/5411/4368
f 3467/5436/4389 2295/5435/4388 4646/5411/4368 571/5415/4372
f 460/5429/3251 3468/5428/4384 2296/5437/4390 4424/5438/3255
f 3468/5428/4384 1151/5427/4383 3467/5434/4389 2296/5437/4390
f 2296/5439/4390 3467/5436/4389 571/5415/4372 4645/5421/4378
f 4424/4048/3255 2296/5439/4390 4645/5421/4378 212/4049/3256
f 204/5440/3121 4649/5441/4391 2297/5442/4392 4407/5443/3187
f 4649/5441/4391 573/5444/4393 3469/5445/4394 2297/5442/4392
f 2297/5442/4392 3469/5445/4394 1152/5446/4395 3472/5447/4396
f 4407/5443/3187 2297/5442/4392 3472/5447/4396 452/5448/3188
f 573/5444/4393 4650/5449/4397 2298/5450/4398 3469/5445/4394
f 4650/5449/4397 281/3874/3128 4414/3981/3209 2298/5450/4398
f 2298/5450/4398 4414/3981/3209 455/3976/3204 3470/5451/4399
f 3469/5445/4394 2298/5450/4398 3470/5451/4399 1152/5446/4395
f 1152/5446/4395 3470/5451/4399 2299/5452/4400 3471/5453/4401
f 3470/5451/4399 455/3976/3204 4413/3973/3201 2299/5452/4400
f 2299/5452/4400 4413/3973/3201 280/3972/3200 4648/5430/4385
f 3471/5453/4401 2299/5452/4400 4648/5430/4385 572/5425/4381
f 452/5448/3188 3472/5447/4396 2300/5454/4402 4408/3961/3192
f 3472/5447/4396 1152/5446/4395 3471/5453/4401 2300/5454/4402
f 2300/5454/4402 3471/5453/4401 572/5425/4381 4647/5422/4379
f 4408/3961/3192 2300/5454/4402 4647/5422/4379 208/3962/3193
f 180/3857/2687 4651/5455/4403 2301/5456/4404 4387/3858/3115
f 4651/5455/4403 574/5457/4405 3473/5458/4406 2301/5456/4404
f 2301/5456/4404 3473/5458/4406 1153/5459/4407 3476/5460/4408
f 4387/3858/3115 2301/5456/4404 3476/5460/4408 442/3860/3116
f 574/5457/4405 4652/5461/4409 2302/5462/4410 3473/5458/4406
f 4652/5461/4409 282/2165/1767 4394/3886/3137 2302/5462/4410
f 2302/5462/4410 4394/3886/3137 445/3879/3132 3474/5463/4411
f 3473/5458/4406 2302/5462/4410 3474/5463/4411 1153/5459/4407
f 1153/5459/4407 3474/5463/4411 2303/5464/4412 3475/5465/4413
f 3474/5463/4411 445/3879/3132 4393/3878/3129 2303/5464/4412
f 2303/5466/4412 4393/3875/3129 281/3874/3128 4650/5449/4397
f 3475/5467/4413 2303/5466/4412 4650/5449/4397 573/5444/4393
f 442/3860/3116 3476/5460/4408 2304/5468/4414 4388/5469/3120
f 3476/5460/4408 1153/5459/4407 3475/5465/4413 2304/5468/4414
f 2304/5470/4414 3475/5467/4413 573/5444/4393 4649/5441/4391
f 4388/5471/3120 2304/5470/4414 4649/5441/4391 204/5440/3121
f 283/2139/1747 4036/2170/1771 2305/5472/4415 4654/5473/4416
f 4036/2170/1771 846/2168/1769 3477/5474/4417 2305/5472/4415
f 2305/5472/4415 3477/5474/4417 1154/5475/4418 3480/5476/4419
f 4654/5473/4416 2305/5472/4415 3480/5476/4419 575/5477/4420
f 846/2168/1769 4035/2167/1768 2306/5478/4421 3477/5474/4417
f 4035/2166/1768 282/2165/1767 4652/5461/4409 2306/5479/4421
f 2306/5479/4421 4652/5461/4409 574/5457/4405 3478/5480/4422
f 3477/5474/4417 2306/5478/4421 3478/5481/4422 1154/5475/4418
f 1154/5482/4418 3478/5480/4422 2307/5483/4423 3479/5484/4424
f 3478/5480/4422 574/5457/4405 4651/5455/4403 2307/5483/4423
f 2307/5483/4423 4651/5455/4403 180/3857/2687 4280/5485/2686
f 3479/5484/4424 2307/5483/4423 4280/5485/2686 388/5486/2683
f 575/5477/4420 3480/5476/4419 2308/5487/4425 4653/5488/4426
f 3480/5476/4419 1154/5475/4418 3479/5489/4424 2308/5487/4425
f 2308/5487/4425 3479/5489/4424 388/3333/2683 4279/3331/2682
f 4653/5488/4426 2308/5487/4425 4279/3331/2682 178/3303/2659
f 284/2117/1725 4030/2143/1751 2309/5490/4427 4656/5491/4428
f 4030/2143/1751 843/2141/1749 3481/5492/4429 2309/5490/4427
f 2309/5490/4427 3481/5492/4429 1155/5493/4430 3484/5494/4431
f 4656/5491/4428 2309/5490/4427 3484/5494/4431 576/5495/4432
f 843/2141/1749 4029/2140/1748 2310/5496/4433 3481/5492/4429
f 4029/2140/1748 283/2139/1747 4654/5473/4416 2310/5496/4433
f 2310/5496/4433 4654/5473/4416 575/5477/4420 3482/5497/4434
f 3481/5492/4429 2310/5496/4433 3482/5497/4434 1155/5493/4430
f 1155/5493/4430 3482/5497/4434 2311/5498/4435 3483/5499/4436
f 3482/5497/4434 575/5477/4420 4653/5488/4426 2311/5498/4435
f 2311/5498/4435 4653/5488/4426 178/3303/2659 4274/3301/2658
f 3483/5499/4436 2311/5498/4435 4274/3301/2658 385/3297/2655
f 576/5495/4432 3484/5494/4431 2312/5500/4437 4655/5501/4438
f 3484/5494/4431 1155/5493/4430 3483/5499/4436 2312/5500/4437
f 2312/5500/4437 3483/5499/4436 385/3297/2655 4273/3295/2654
f 4655/5501/4438 2312/5500/4437 4273/3295/2654 176/3266/2631
f 285/2123/1731 4022/2122/1730 2313/5502/4439 4658/5503/4440
f 4022/2122/1730 839/2119/1727 3485/5504/4441 2313/5502/4439
f 2313/5502/4439 3485/5504/4441 1156/5505/4442 3488/5506/4443
f 4658/5503/4440 2313/5502/4439 3488/5506/4443 577/5507/4444
f 839/2119/1727 4021/2118/1726 2314/5508/4445 3485/5504/4441
f 4021/2118/1726 284/2117/1725 4656/5491/4428 2314/5508/4445
f 2314/5508/4445 4656/5491/4428 576/5495/4432 3486/5509/4446
f 3485/5504/4441 2314/5508/4445 3486/5509/4446 1156/5505/4442
f 1156/5505/4442 3486/5509/4446 2315/5510/4447 3487/5511/4448
f 3486/5509/4446 576/5495/4432 4655/5501/4438 2315/5510/4447
f 2315/5510/4447 4655/5501/4438 176/3266/2631 4268/3265/2630
f 3487/5511/4448 2315/5510/4447 4268/3265/2630 382/3259/2627
f 577/5507/4444 3488/5506/4443 2316/5512/4449 4657/5513/4450
f 3488/5506/4443 1156/5505/4442 3487/5511/4448 2316/5512/4449
f 2316/5512/4449 3487/5511/4448 382/3259/2627 4267/3257/2626
f 4657/5513/4450 2316/5512/4449 4267/3257/2626 174/3228/2603
f 286/4116/3306 4438/4115/3305 2317/5514/4451 4660/5515/4452
f 4438/4115/3305 467/4111/3301 3489/5516/4453 2317/5514/4451
f 2317/5514/4451 3489/5516/4453 1157/5517/4454 3492/5518/4455
f 4660/5515/4452 2317/5514/4451 3492/5518/4455 578/5519/4456
f 467/4111/3301 4437/4110/3300 2318/5520/4457 3489/5516/4453
f 4437/4108/3300 285/2123/1731 4658/5503/4440 2318/5521/4457
f 2318/5521/4457 4658/5503/4440 577/5507/4444 3490/5522/4458
f 3489/5516/4453 2318/5520/4457 3490/5523/4458 1157/5517/4454
f 1157/5517/4454 3490/5523/4458 2319/5524/4459 3491/5525/4460
f 3490/5522/4458 577/5507/4444 4657/5513/4450 2319/5526/4459
f 2319/5526/4459 4657/5513/4450 174/3228/2603 4446/4124/3312
f 3491/5525/4460 2319/5524/4459 4446/5527/3312 471/5528/3316
f 578/5519/4456 3492/5518/4455 2320/5529/4461 4659/5530/4462
f 3492/5518/4455 1157/5517/4454 3491/5525/4460 2320/5529/4461
f 2320/5529/4461 3491/5525/4460 471/5528/3316 4445/5531/3328
f 4659/5530/4462 2320/5529/4461 4445/5531/3328 215/5532/3330
f 287/4202/3378 4458/4201/3377 2321/5533/4463 4662/5534/4464
f 4458/4201/3377 477/4197/3373 3493/5535/4465 2321/5533/4463
f 2321/5533/4463 3493/5535/4465 1158/5536/4466 3496/5537/4467
f 4662/5534/4464 2321/5533/4463 3496/5537/4467 579/5538/4468
f 477/4197/3373 4457/4196/3372 2322/5539/4469 3493/5535/4465
f 4457/4196/3372 286/4116/3306 4660/5515/4452 2322/5539/4469
f 2322/5539/4469 4660/5515/4452 578/5519/4456 3494/5540/4470
f 3493/5535/4465 2322/5539/4469 3494/5540/4470 1158/5536/4466
f 1158/5536/4466 3494/5540/4470 2323/5541/4471 3495/5542/4472
f 3494/5540/4470 578/5519/4456 4659/5530/4462 2323/5541/4471
f 2323/5541/4471 4659/5530/4462 215/5532/3330 4466/4212/3384
f 3495/5542/4472 2323/5541/4471 4466/4212/3384 481/4215/3388
f 579/5538/4468 3496/5537/4467 2324/5543/4473 4661/5544/4474
f 3496/5537/4467 1158/5536/4466 3495/5542/4472 2324/5543/4473
f 2324/5543/4473 3495/5542/4472 481/4215/3388 4465/4227/3400
f 4661/5544/4474 2324/5543/4473 4465/4227/3400 219/4231/3402
f 288/4297/3450 4478/4296/3449 2325/5545/4475 4664/5546/4476
f 4478/4294/3449 487/4290/3445 3497/5547/4477 2325/5548/4475
f 2325/5548/4475 3497/5547/4477 1159/5549/4478 3500/5550/4479
f 4664/5546/4476 2325/5545/4475 3500/5551/4479 580/5552/4480
f 487/4290/3445 4477/4289/3444 2326/5553/4481 3497/5547/4477
f 4477/4289/3444 287/4202/3378 4662/5534/4464 2326/5553/4481
f 2326/5553/4481 4662/5534/4464 579/5538/4468 3498/5554/4482
f 3497/5547/4477 2326/5553/4481 3498/5554/4482 1159/5549/4478
f 1159/5549/4478 3498/5554/4482 2327/5555/4483 3499/5556/4484
f 3498/5554/4482 579/5538/4468 4661/5544/4474 2327/5555/4483
f 2327/5555/4483 4661/5544/4474 219/4231/3402 4486/4306/3456
f 3499/5556/4484 2327/5555/4483 4486/4306/3456 491/4312/3460
f 580/5552/4480 3500/5551/4479 2328/5557/4485 4663/5558/4486
f 3500/5550/4479 1159/5549/4478 3499/5556/4484 2328/5559/4485
f 2328/5557/4485 3499/5560/4484 491/4328/3460 4485/4331/3472
f 4663/5558/4486 2328/5557/4485 4485/4331/3472 223/4335/3474
f 275/4390/1685 4496/4389/3519 2329/5561/4487 4009/5562/4488
f 4496/4389/3519 496/4385/3515 3501/5563/4489 2329/5561/4487
f 2329/5561/4487 3501/5563/4489 1160/5564/4490 3504/5565/4491
f 4009/5562/4488 2329/5561/4487 3504/5565/4491 833/5566/4337
f 496/4385/3515 4495/4384/3514 2330/5567/4492 3501/5563/4489
f 4495/4384/3514 288/4297/3450 4664/5546/4476 2330/5567/4492
f 2330/5567/4492 4664/5546/4476 580/5552/4480 3502/5568/4493
f 3501/5563/4489 2330/5567/4492 3502/5568/4493 1160/5564/4490
f 1160/5564/4490 3502/5568/4493 2331/5569/4494 3503/5570/4495
f 3502/5568/4493 580/5552/4480 4663/5558/4486 2331/5569/4494
f 2331/5569/4494 4663/5558/4486 223/4335/3474 4500/4396/3523
f 3503/5570/4495 2331/5569/4494 4500/4396/3523 498/4402/3527
f 833/5566/4337 3504/5565/4491 2332/5571/4496 4010/5572/1694
f 3504/5565/4491 1160/5564/4490 3503/5570/4495 2332/5571/4496
f 2332/5571/4496 3503/5570/4495 498/4402/3527 4499/4416/3537
f 4010/5572/1694 2332/5571/4496 4499/4416/3537 182/4421/3538
